%time,field.header.seq,field.header.stamp,field.header.frame_id,field.x,field.y,field.z,field.r,field.buttons
14887000000,422,14887000000,,0.0,0.0,0.5,0.0,0
14920000000,423,14920000000,,0.0,0.0,0.5,0.0,0
14961000000,424,14961000000,,0.0,0.0,0.5,0.0,0
15003000000,425,15003000000,,0.0,0.0,0.5,0.0,0
15040000000,426,15039000000,,0.0,0.0,0.5,0.0,0
15104000000,427,15104000000,,0.0,0.0,0.5,0.0,0
15120000000,428,15120000000,,0.0,0.0,0.5,0.0,0
15172000000,429,15172000000,,0.0,0.0,0.5,0.0,0
15239000000,430,15239000000,,0.0,0.0,0.5,0.0,0
15304000000,431,15304000000,,0.0,0.0,0.5,0.0,0
15321000000,432,15321000000,,0.0,0.0,0.5,0.0,0
15371000000,433,15371000000,,0.0,0.0,0.5,0.0,0
15404000000,434,15404000000,,0.0,0.0,0.5,0.0,0
15438000000,435,15438000000,,0.0,0.0,0.5,0.0,0
15488000000,436,15488000000,,0.0,0.0,0.5,0.0,0
15521000000,437,15521000000,,0.0,0.0,0.5,0.0,0
15572000000,438,15572000000,,0.0,0.0,0.5,0.0,0
15605000000,439,15605000000,,0.0,0.0,0.5,0.0,0
15655000000,440,15655000000,,0.0,0.0,0.5,0.0,0
15688000000,441,15688000000,,0.0,0.0,0.5,0.0,0
15721000000,442,15721000000,,0.0,0.0,0.5,0.0,0
15771000000,443,15771000000,,0.0,0.0,0.5,0.0,0
15804000000,444,15804000000,,0.0,0.0,0.5,0.0,0
15854000000,445,15854000000,,0.0,0.0,0.5,0.0,0
15889000000,446,15889000000,,0.0,0.0,0.5,0.0,0
15920000000,447,15920000000,,0.0,0.0,0.5,0.0,0
15958000000,448,15958000000,,0.0,0.0,0.5,0.0,0
16005000000,449,16005000000,,0.0,0.0,0.5,0.0,0
16037000000,450,16037000000,,0.0,0.0,0.5,0.0,0
16087000000,451,16087000000,,0.0,0.0,0.5,0.0,0
16120000000,452,16120000000,,0.0,0.0,0.5,0.0,0
16159000000,453,16159000000,,0.0,0.0,0.5,0.0,0
16239000000,454,16239000000,,0.0,0.0,0.5,0.0,0
16288000000,455,16288000000,,0.0,0.0,0.5,0.0,0
16321000000,456,16321000000,,0.0,0.0,0.5,0.0,0
16371000000,457,16371000000,,0.0,0.0,0.5,0.0,0
16404000000,458,16404000000,,0.0,0.0,0.5,0.0,0
16438000000,459,16438000000,,0.0,0.0,0.5,0.0,0
16487000000,460,16487000000,,0.0,0.0,0.5,0.0,0
16521000000,461,16521000000,,0.0,0.0,0.5,0.0,0
16558000000,462,16558000000,,0.0,0.0,0.5,0.0,0
16605000000,463,16605000000,,0.0,0.0,0.5,0.0,0
16638000000,464,16638000000,,0.0,0.0,0.5,0.0,0
16687000000,465,16686000000,,0.0,0.0,0.5,0.0,0
16721000000,466,16721000000,,0.0,0.0,0.5,0.0,0
16759000000,467,16759000000,,0.0,0.0,0.5,0.0,0
16804000000,468,16804000000,,0.0,0.0,0.5,0.0,0
16838000000,469,16838000000,,0.0,0.0,0.5,0.0,0
16889000000,470,16889000000,,0.0,0.0,0.5,0.0,0
16922000000,471,16922000000,,0.0,0.0,0.5,0.0,0
16958000000,472,16958000000,,0.0,0.0,0.5,0.0,0
16997000000,473,16997000000,,0.0,0.0,0.5,0.0,0
17039000000,474,17038000000,,0.0,0.0,0.5,0.0,0
17088000000,475,17087000000,,0.0,0.0,0.5,0.0,0
17121000000,476,17120000000,,0.0,0.0,0.5,0.0,0
17171000000,477,17171000000,,0.0,0.0,0.5,0.0,0
17204000000,478,17204000000,,0.0,0.0,0.5,0.0,0
17237000000,479,17237000000,,0.0,0.0,0.5,0.0,0
17288000000,480,17288000000,,0.0,0.0,0.5,0.0,0
17321000000,481,17321000000,,0.0,0.0,0.5,0.0,0
17371000000,482,17371000000,,0.0,0.0,0.5,0.0,0
17405000000,483,17404000000,,0.0,0.0,0.5,0.0,0
17437000000,484,17437000000,,0.0,0.0,0.5,0.0,0
17472000000,485,17472000000,,0.0,0.0,0.5,0.0,0
17494000000,486,17494000000,,0.0,0.0,0.5,0.0,0
17538000000,487,17538000000,,0.0,0.0,0.5,0.0,0
17555000000,488,17555000000,,0.0,0.0,0.5,0.0,0
17588000000,489,17588000000,,0.0,0.0,0.5,0.0,0
17638000000,490,17638000000,,0.0,0.0,0.5,0.0,0
17671000000,491,17671000000,,0.0,0.0,0.5,0.0,0
17722000000,492,17722000000,,0.0,0.0,0.5,0.0,0
17755000000,493,17755000000,,0.0,0.0,0.5,0.0,0
17788000000,494,17788000000,,0.0,0.0,0.5,0.0,0
17838000000,495,17838000000,,0.0,0.0,0.5,0.0,0
17871000000,496,17871000000,,0.0,0.0,0.5,0.0,0
17921000000,497,17921000000,,0.0,0.0,0.5,0.0,0
17956000000,498,17956000000,,0.0,0.0,0.5,0.0,0
17987000000,499,17987000000,,0.0,0.0,0.5,0.0,0
18049000000,500,18049000000,,0.0,0.0,0.5,0.0,0
18071000000,501,18071000000,,0.0,0.0,0.5,0.0,0
18121000000,502,18121000000,,0.0,0.0,0.5,0.0,0
18154000000,503,18154000000,,0.0,0.0,0.5,0.0,0
18189000000,504,18189000000,,0.0,0.0,0.5,0.0,0
18239000000,505,18239000000,,0.0,0.0,0.5,0.0,0
18270000000,506,18270000000,,0.0,0.0,0.5,0.0,0
18320000000,507,18320000000,,0.0,0.0,0.5,0.0,0
18355000000,508,18355000000,,0.0,0.0,0.5,0.0,0
18388000000,509,18387000000,,0.0,0.0,0.5,0.0,0
18437000000,510,18437000000,,0.0,0.0,0.5,0.0,0
18472000000,511,18472000000,,0.0,0.0,0.5,0.0,0
18522000000,512,18522000000,,0.0,0.0,0.5,0.0,0
18555000000,513,18554000000,,0.0,0.0,0.5,0.0,0
18589000000,514,18589000000,,0.0,0.0,0.5,0.0,0
18638000000,515,18638000000,,0.0,0.0,0.5,0.0,0
18671000000,516,18671000000,,0.0,0.0,0.5,0.0,0
18721000000,517,18721000000,,0.0,0.0,0.5,0.0,0
18754000000,518,18754000000,,0.0,0.0,0.5,0.0,0
18789000000,519,18789000000,,0.0,0.0,0.5,0.0,0
18837000000,520,18837000000,,0.0,0.0,0.5,0.0,0
18872000000,521,18872000000,,0.0,0.0,0.5,0.0,0
18922000000,522,18922000000,,0.0,0.0,0.5,0.0,0
18955000000,523,18955000000,,0.0,0.0,0.5,0.0,0
18988000000,524,18988000000,,0.0,0.0,0.5,0.0,0
19040000000,525,19040000000,,0.0,0.0,0.5,0.0,0
19071000000,526,19071000000,,0.0,0.0,0.5,0.0,0
19121000000,527,19121000000,,0.0,0.0,0.5,0.0,0
19156000000,528,19156000000,,0.0,0.0,0.5,0.0,0
19188000000,529,19187000000,,0.0,0.0,0.5,0.0,0
19238000000,530,19238000000,,0.0,0.0,0.5,0.0,0
19270000000,531,19270000000,,0.0,0.0,0.5,0.0,0
19321000000,532,19321000000,,0.0,0.0,0.5,0.0,0
19356000000,533,19356000000,,0.0,0.0,0.5,0.0,0
19389000000,534,19388000000,,0.0,0.0,0.5,0.0,0
19439000000,535,19439000000,,0.0,0.0,0.5,0.0,0
19472000000,536,19471000000,,0.0,0.0,0.5,0.0,0
19520000000,537,19520000000,,0.0,0.0,0.5,0.0,0
19555000000,538,19555000000,,0.0,0.0,0.5,0.0,0
19588000000,539,19588000000,,0.0,0.0,0.5,0.0,0
19640000000,540,19640000000,,0.0,0.0,0.5,0.0,0
19672000000,541,19672000000,,0.0,0.0,0.5,0.0,0
19723000000,542,19723000000,,0.0,0.0,0.5,0.0,0
19754000000,543,19754000000,,0.0,0.0,0.5,0.0,0
19789000000,544,19789000000,,0.0,0.0,0.5,0.0,0
19839000000,545,19839000000,,0.0,0.0,0.5,0.0,0
19873000000,546,19872000000,,0.0,0.0,0.5,0.0,0
19923000000,547,19923000000,,0.0,0.0,0.5,0.0,0
19956000000,548,19956000000,,0.0,0.0,0.5,0.0,0
19990000000,549,19990000000,,0.0,0.0,0.5,0.0,0
20039000000,550,20039000000,,0.0,0.0,0.5,0.0,0
20124000000,551,20124000000,,0.0,0.0,0.5,0.0,0
20155000000,552,20155000000,,0.0,0.0,0.5,0.0,0
20189000000,553,20189000000,,0.0,0.0,0.5,0.0,0
20227000000,554,20227000000,,0.0,0.0,0.5,0.0,0
20273000000,555,20273000000,,0.0,0.0,0.5,0.0,0
20323000000,556,20323000000,,0.0,0.0,0.5,0.0,0
20372000000,557,20371000000,,0.0,0.0,0.5,0.0,0
20389000000,558,20389000000,,0.0,0.0,0.5,0.0,0
20423000000,559,20423000000,,0.0,0.0,0.5,0.0,0
20472000000,560,20472000000,,0.0,0.0,0.5,0.0,0
20506000000,561,20506000000,,0.0,0.0,0.5,0.0,0
20539000000,562,20539000000,,0.0,0.0,0.5,0.0,0
20605000000,563,20605000000,,0.0,0.0,0.5,0.0,0
20639000000,564,20639000000,,0.0,0.0,0.5,0.0,0
20672000000,565,20672000000,,0.0,0.0,0.5,0.0,0
20705000000,566,20705000000,,0.0,0.0,0.5,0.0,0
20772000000,567,20772000000,,0.0,0.0,0.5,0.0,0
20805000000,568,20805000000,,0.0,0.0,0.5,0.0,0
20838000000,569,20838000000,,0.0,0.0,0.5,0.0,0
20871000000,570,20871000000,,0.0,0.0,0.5,0.0,0
20907000000,571,20907000000,,0.0,0.0,0.5,0.0,0
20940000000,572,20940000000,,0.0,0.0,0.5,0.0,0
21004000000,573,21004000000,,0.0,0.0,0.5,0.0,0
21039000000,574,21038000000,,0.0,0.0,0.5,0.0,0
21072000000,575,21071000000,,0.0,0.0,0.5,0.0,0
21104000000,576,21104000000,,0.0,0.0,0.5,0.0,0
21156000000,577,21156000000,,0.0,0.0,0.5,0.0,0
21204000000,578,21204000000,,0.0,0.0,0.5,0.0,0
21225000000,579,21225000000,,0.0,0.0,0.5,0.0,0
21288000000,580,21288000000,,0.0,0.0,0.5,0.0,0
21305000000,581,21305000000,,0.0,0.0,0.5,0.0,0
21340000000,582,21340000000,,0.0,0.0,0.5,0.0,0
21404000000,583,21404000000,,0.0,0.0,0.5,0.0,0
21439000000,584,21439000000,,0.0,0.0,0.5,0.0,0
21472000000,585,21472000000,,0.0,0.0,0.5,0.0,0
21505000000,586,21505000000,,0.0,0.0,0.5,0.0,0
21538000000,587,21538000000,,0.0,0.0,0.5,0.0,0
21606000000,588,21605000000,,0.0,0.0,0.5,0.0,0
21638000000,589,21638000000,,0.0,0.0,0.5,0.0,0
21672000000,590,21672000000,,0.0,0.0,0.5,0.0,0
21706000000,591,21706000000,,0.0,0.0,0.5,0.0,0
21739000000,592,21739000000,,0.0,0.0,0.5,0.0,0
21788000000,593,21788000000,,0.0,0.0,0.5,0.0,0
21822000000,594,21822000000,,0.0,0.0,0.5,0.0,0
21871000000,595,21871000000,,0.0,0.0,0.5,0.0,0
21904000000,596,21904000000,,0.0,0.0,0.5,0.0,0
21956000000,597,21956000000,,0.0,0.0,0.5,0.0,0
22004000000,598,22004000000,,0.0,0.0,0.5,0.0,0
22037000000,599,22037000000,,0.0,0.0,0.5,0.0,0
22070000000,600,22070000000,,0.0,0.0,0.5,0.0,0
22105000000,601,22105000000,,0.0,0.0,0.5,0.0,0
22155000000,602,22155000000,,0.0,0.0,0.5,0.0,0
22204000000,603,22204000000,,0.0,0.0,0.5,0.0,0
22219000000,604,22219000000,,0.0,0.0,0.5,0.0,0
22287000000,605,22287000000,,0.0,0.0,0.5,0.0,0
22304000000,606,22304000000,,0.0,0.0,0.5,0.0,0
22354000000,607,22354000000,,0.0,0.0,0.5,0.0,0
22406000000,608,22406000000,,0.0,0.0,0.5,0.0,0
22437000000,609,22437000000,,0.0,0.0,0.5,0.0,0
22489000000,610,22489000000,,0.0,0.0,0.5,0.0,0
22504000000,611,22504000000,,0.0,0.0,0.5,0.0,0
22537000000,612,22537000000,,0.0,0.0,0.5,0.0,0
22605000000,613,22605000000,,0.0,0.0,0.5,0.0,0
22638000000,614,22638000000,,0.0,0.0,0.5,0.0,0
22671000000,615,22671000000,,0.0,0.0,0.5,0.0,0
22707000000,616,22707000000,,0.0,0.0,0.5,0.0,0
22737000000,617,22737000000,,0.0,0.0,0.5,0.0,0
22804000000,618,22804000000,,0.0,0.0,0.5,0.0,0
22837000000,619,22837000000,,0.0,0.0,0.5,0.0,0
22887000000,620,22887000000,,0.0,0.0,0.5,0.0,0
22904000000,621,22904000000,,0.0,0.0,0.5,0.0,0
22939000000,622,22939000000,,0.0,0.0,0.5,0.0,0
23003000000,623,23003000000,,0.0,0.0,0.5,0.0,0
23038000000,624,23038000000,,0.0,0.0,0.5,0.0,0
23071000000,625,23071000000,,0.0,0.0,0.5,0.0,0
23104000000,626,23104000000,,0.0,0.0,0.5,0.0,0
23136000000,627,23136000000,,0.0,0.0,0.5,0.0,0
23188000000,628,23188000000,,0.0,0.0,0.5,0.0,0
23239000000,629,23239000000,,0.0,0.0,0.5,0.0,0
23288000000,630,23288000000,,0.0,0.0,0.5,0.0,0
23305000000,631,23305000000,,0.0,0.0,0.5,0.0,0
23354000000,632,23354000000,,0.0,0.0,0.5,0.0,0
23404000000,633,23404000000,,0.0,0.0,0.5,0.0,0
23439000000,634,23439000000,,0.0,0.0,0.5,0.0,0
23470000000,635,23470000000,,0.0,0.0,0.5,0.0,0
23505000000,636,23504000000,,0.0,0.0,0.5,0.0,0
23537000000,637,23537000000,,0.0,0.0,0.5,0.0,0
23606000000,638,23606000000,,0.0,0.0,0.5,0.0,0
23638000000,639,23638000000,,0.0,0.0,0.5,0.0,0
23658000000,640,23658000000,,0.0,0.0,0.5,0.0,0
23722000000,641,23722000000,,0.0,0.0,0.5,0.0,0
23754000000,642,23754000000,,0.0,0.0,0.5,0.0,0
23804000000,643,23804000000,,0.0,0.0,0.5,0.0,0
23837000000,644,23837000000,,0.0,0.0,0.5,0.0,0
23888000000,645,23887000000,,0.0,0.0,0.5,0.0,0
23906000000,646,23906000000,,0.0,0.0,0.5,0.0,0
23938000000,647,23938000000,,0.0,0.0,0.5,0.0,0
24005000000,648,24005000000,,0.0,0.0,0.5,0.0,0
24038000000,649,24038000000,,0.0,0.0,0.5,0.0,0
24088000000,650,24088000000,,0.0,0.0,0.5,0.0,0
24105000000,651,24105000000,,0.0,0.0,0.5,0.0,0
24138000000,652,24138000000,,0.0,0.0,0.5,0.0,0
24176000000,653,24176000000,,0.0,0.0,0.5,0.0,0
24222000000,654,24221000000,,0.0,0.0,0.5,0.0,0
24272000000,655,24272000000,,0.0,0.0,0.5,0.0,0
24305000000,656,24305000000,,0.0,0.0,0.5,0.0,0
24338000000,657,24338000000,,0.0,0.0,0.5,0.0,0
24405000000,658,24405000000,,0.0,0.0,0.5,0.0,0
24422000000,659,24422000000,,0.0,0.0,0.5,0.0,0
24471000000,660,24471000000,,0.0,0.0,0.5,0.0,0
24504000000,661,24504000000,,0.0,0.0,0.5,0.0,0
24538000000,662,24538000000,,0.0,0.0,0.5,0.0,0
24576000000,663,24576000000,,0.0,0.0,0.5,0.0,0
24637000000,664,24637000000,,0.0,0.0,0.5,0.0,0
24687000000,665,24687000000,,0.0,0.0,0.5,0.0,0
24706000000,666,24706000000,,0.0,0.0,0.5,0.0,0
24739000000,667,24739000000,,0.0,0.0,0.5,0.0,0
24806000000,668,24806000000,,0.0,0.0,0.5,0.0,0
24839000000,669,24839000000,,0.0,0.0,0.5,0.0,0
24887000000,670,24887000000,,0.0,0.0,0.5,0.0,0
24904000000,671,24904000000,,0.0,0.0,0.5,0.0,0
24937000000,672,24937000000,,0.0,0.0,0.5,0.0,0
25005000000,673,25005000000,,0.0,0.0,0.5,0.0,0
25038000000,674,25038000000,,0.0,0.0,0.5,0.0,0
25090000000,675,25090000000,,0.0,0.0,0.5,0.0,0
25121000000,676,25121000000,,0.0,0.0,0.5,0.0,0
25154000000,677,25154000000,,0.0,0.0,0.5,0.0,0
25204000000,678,25204000000,,0.0,0.0,0.5,0.0,0
25221000000,679,25221000000,,0.0,0.0,0.5,0.0,0
25271000000,680,25271000000,,0.0,0.0,0.5,0.0,0
25304000000,681,25304000000,,0.0,0.0,0.5,0.0,0
25338000000,682,25338000000,,0.0,0.0,0.5,0.0,0
25406000000,683,25406000000,,0.0,0.0,0.5,0.0,0
25421000000,684,25421000000,,0.0,0.0,0.5,0.0,0
25472000000,685,25472000000,,0.0,0.0,0.5,0.0,0
25520000000,686,25520000000,,0.0,0.0,0.5,0.0,0
25555000000,687,25555000000,,0.0,0.0,0.5,0.0,0
25604000000,688,25604000000,,0.0,0.0,0.5,0.0,0
25623000000,689,25623000000,,0.0,0.0,0.5,0.0,0
25656000000,690,25656000000,,0.0,0.0,0.5,0.0,0
25704000000,691,25704000000,,0.0,0.0,0.5,0.0,0
25738000000,692,25738000000,,0.0,0.0,0.5,0.0,0
25804000000,693,25804000000,,0.0,0.0,0.5,0.0,0
25821000000,694,25821000000,,0.0,0.0,0.5,0.0,0
25873000000,695,25873000000,,0.0,0.0,0.5,0.0,0
25921000000,696,25921000000,,0.0,0.0,0.5,0.0,0
25954000000,697,25954000000,,0.0,0.0,0.5,0.0,0
26005000000,698,26004000000,,0.0,0.0,0.5,0.0,0
26022000000,699,26022000000,,0.0,0.0,0.5,0.0,0
26072000000,700,26072000000,,0.0,0.0,0.5,0.0,0
26122000000,701,26122000000,,0.0,0.0,0.5,0.0,0
26155000000,702,26155000000,,0.0,0.0,0.5,0.0,0
26174000000,703,26174000000,,0.0,0.0,0.5,0.0,0
26237000000,704,26237000000,,0.0,0.0,0.5,0.0,0
26272000000,705,26272000000,,0.0,0.0,0.5,0.0,0
26322000000,706,26322000000,,0.0,0.0,0.5,0.0,0
26355000000,707,26355000000,,0.0,0.0,0.5,0.0,0
26376000000,708,26376000000,,0.0,0.0,0.5,0.0,0
26439000000,709,26439000000,,0.0,0.0,0.5,0.0,0
26456000000,710,26456000000,,0.0,0.0,0.5,0.0,0
26520000000,711,26520000000,,0.0,0.0,0.5,0.0,0
26555000000,712,26555000000,,0.0,0.0,0.5,0.0,0
26575000000,713,26575000000,,0.0,0.0,0.5,0.0,0
26622000000,714,26622000000,,0.0,0.0,0.5,0.0,0
26655000000,715,26655000000,,0.0,0.0,0.5,0.0,0
26705000000,716,26705000000,,0.0,0.0,0.5,0.0,0
26755000000,717,26755000000,,0.0,0.0,0.5,0.0,0
26805000000,718,26805000000,,0.0,0.0,0.5,0.0,0
26823000000,719,26823000000,,0.0,0.0,0.5,0.0,0
26856000000,720,26856000000,,0.0,0.0,0.5,0.0,0
26921000000,721,26921000000,,0.0,0.0,0.5,0.0,0
26954000000,722,26954000000,,0.0,0.0,0.5,0.0,0
26975000000,723,26975000000,,0.0,0.0,0.5,0.0,0
27038000000,724,27038000000,,0.0,0.0,0.5,0.0,0
27055000000,725,27055000000,,0.0,0.0,0.5,0.0,0
27123000000,726,27123000000,,0.0,0.0,0.5,0.0,0
27155000000,727,27154000000,,0.0,0.0,0.5,0.0,0
27207000000,728,27207000000,,0.0,0.0,0.5,0.0,0
27223000000,729,27223000000,,0.0,0.0,0.5,0.0,0
27256000000,730,27256000000,,0.0,0.0,0.5,0.0,0
27321000000,731,27320000000,,0.0,0.0,0.5,0.0,0
27353000000,732,27353000000,,0.0,0.0,0.5,0.0,0
27374000000,733,27374000000,,0.0,0.0,0.5,0.0,0
27438000000,734,27438000000,,0.0,0.0,0.5,0.0,0
27455000000,735,27455000000,,0.0,0.0,0.5,0.0,0
27521000000,736,27521000000,,0.0,0.0,0.5,0.0,0
27554000000,737,27554000000,,0.0,0.0,0.5,0.0,0
27574000000,738,27574000000,,0.0,0.0,0.5,0.0,0
27639000000,739,27639000000,,0.0,0.0,0.5,0.0,0
27673000000,740,27673000000,,0.0,0.0,0.5,0.0,0
27722000000,741,27722000000,,0.0,0.0,0.5,0.0,0
27755000000,742,27755000000,,0.0,0.0,0.5,0.0,0
27804000000,743,27804000000,,0.0,0.0,0.5,0.0,0
27821000000,744,27821000000,,0.0,0.0,0.5,0.0,0
27854000000,745,27854000000,,0.0,0.0,0.5,0.0,0
27904000000,746,27904000000,,0.0,0.0,0.5,0.0,0
27939000000,747,27939000000,,0.0,0.0,0.5,0.0,0
28005000000,748,28005000000,,0.0,0.0,0.5,0.0,0
28021000000,749,28021000000,,0.0,0.0,0.5,0.0,0
28071000000,750,28071000000,,0.0,0.0,0.5,0.0,0
28122000000,751,28121000000,,0.0,0.0,0.5,0.0,0
28154000000,752,28154000000,,0.0,0.0,0.5,0.0,0
28204000000,753,28204000000,,0.0,0.0,0.5,0.0,0
28222000000,754,28222000000,,0.0,0.0,0.5,0.0,0
28254000000,755,28254000000,,0.0,0.0,0.5,0.0,0
28322000000,756,28322000000,,0.0,0.0,0.5,0.0,0
28357000000,757,28356000000,,0.0,0.0,0.5,0.0,0
28406000000,758,28406000000,,0.0,0.0,0.5,0.0,0
28440000000,759,28440000000,,0.0,0.0,0.5,0.0,0
28471000000,760,28471000000,,0.0,0.0,0.5,0.0,0
28521000000,761,28521000000,,0.0,0.0,0.5,0.0,0
28554000000,762,28554000000,,0.0,0.0,0.5,0.0,0
28604000000,763,28604000000,,0.0,0.0,0.5,0.0,0
28622000000,764,28622000000,,0.0,0.0,0.5,0.0,0
28655000000,765,28655000000,,0.0,0.0,0.5,0.0,0
28703000000,766,28703000000,,0.0,0.0,0.5,0.0,0
28738000000,767,28738000000,,0.0,0.0,0.5,0.0,0
28805000000,768,28805000000,,0.0,0.0,0.5,0.0,0
28838000000,769,28838000000,,0.0,0.0,0.5,0.0,0
28871000000,770,28871000000,,0.0,0.0,0.5,0.0,0
28921000000,771,28921000000,,0.0,0.0,0.5,0.0,0
28954000000,772,28954000000,,0.0,0.0,0.5,0.0,0
29006000000,773,29005000000,,0.0,0.0,0.5,0.0,0
29040000000,774,29040000000,,0.0,0.0,0.5,0.0,0
29071000000,775,29071000000,,0.0,0.0,0.5,0.0,0
29122000000,776,29122000000,,0.0,0.0,0.5,0.0,0
29155000000,777,29155000000,,0.0,0.0,0.5,0.0,0
29221000000,778,29221000000,,0.0,0.0,0.5,0.0,0
29271000000,779,29271000000,,0.0,0.0,0.5,0.0,0
29320000000,780,29320000000,,0.0,0.0,0.5,0.0,0
29354000000,781,29354000000,,0.0,0.0,0.5,0.0,0
29404000000,782,29404000000,,0.0,0.0,0.5,0.0,0
29421000000,783,29421000000,,0.0,0.0,0.5,0.0,0
29453000000,784,29453000000,,0.0,0.0,0.5,0.0,0
29521000000,785,29521000000,,0.0,0.0,0.5,0.0,0
29556000000,786,29555000000,,0.0,0.0,0.5,0.0,0
29606000000,787,29606000000,,0.0,0.0,0.5,0.0,0
29637000000,788,29637000000,,0.0,0.0,0.5,0.0,0
29670000000,789,29670000000,,0.0,0.0,0.5,0.0,0
29720000000,790,29720000000,,0.0,0.0,0.5,0.0,0
29753000000,791,29753000000,,0.0,0.0,0.5,0.0,0
29804000000,792,29804000000,,0.0,0.0,0.5,0.0,0
29837000000,793,29837000000,,0.0,0.0,0.5,0.0,0
29872000000,794,29872000000,,0.0,0.0,0.5,0.0,0
29920000000,795,29920000000,,0.0,0.0,0.5,0.0,0
29955000000,796,29955000000,,0.0,0.0,0.5,0.0,0
30004000000,797,30004000000,,0.0,0.0,0.5,0.0,0
30021000000,798,30021000000,,0.0,0.0,0.5,0.0,0
30054000000,799,30054000000,,0.0,0.0,0.5,0.0,0
30122000000,800,30121000000,,0.0,0.0,0.5,0.0,0
30154000000,801,30154000000,,0.0,0.0,0.5,0.0,0
30187000000,802,30187000000,,0.0,0.0,0.5,0.0,0
30220000000,803,30220000000,,0.0,0.0,0.5,0.0,0
30254000000,804,30254000000,,0.0,0.0,0.5,0.0,0
30320000000,805,30320000000,,0.0,0.0,0.5,0.0,0
30355000000,806,30355000000,,0.0,0.0,0.5,0.0,0
30388000000,807,30388000000,,0.0,0.0,0.5,0.0,0
30438000000,808,30438000000,,0.0,0.0,0.5,0.0,0
30471000000,809,30471000000,,0.0,0.0,0.5,0.0,0
30522000000,810,30522000000,,0.0,0.0,0.5,0.0,0
30555000000,811,30554000000,,0.0,0.0,0.5,0.0,0
30605000000,812,30605000000,,0.0,0.0,0.5,0.0,0
30638000000,813,30638000000,,0.0,0.0,0.5,0.0,0
30671000000,814,30671000000,,0.0,0.0,0.5,0.0,0
30691000000,815,30691000000,,0.0,0.0,0.5,0.0,0
30737000000,816,30737000000,,0.0,0.0,0.5,0.0,0
30789000000,817,30789000000,,0.0,0.0,0.5,0.0,0
30838000000,818,30838000000,,0.0,0.0,0.5,0.0,0
30870000000,819,30870000000,,0.0,0.0,0.5,0.0,0
30921000000,820,30921000000,,0.0,0.0,0.5,0.0,0
30955000000,821,30955000000,,0.0,0.0,0.5,0.0,0
31004000000,822,31004000000,,0.0,0.0,0.5,0.0,0
31039000000,823,31039000000,,0.0,0.0,0.5,0.0,0
31070000000,824,31070000000,,0.0,0.0,0.5,0.0,0
31122000000,825,31122000000,,0.0,0.0,0.5,0.0,0
31155000000,826,31155000000,,0.0,0.0,0.5,0.0,0
31188000000,827,31188000000,,0.0,0.0,0.5,0.0,0
31221000000,828,31221000000,,0.0,0.0,0.5,0.0,0
31254000000,829,31254000000,,0.0,0.0,0.5,0.0,0
31321000000,830,31321000000,,0.0,0.0,0.5,0.0,0
31354000000,831,31354000000,,0.0,0.0,0.5,0.0,0
31388000000,832,31388000000,,0.0,0.0,0.5,0.0,0
31438000000,833,31438000000,,0.0,0.0,0.5,0.0,0
31472000000,834,31471000000,,0.0,0.0,0.5,0.0,0
31520000000,835,31520000000,,0.0,0.0,0.5,0.0,0
31555000000,836,31555000000,,0.0,0.0,0.5,0.0,0
31588000000,837,31588000000,,0.0,0.0,0.5,0.0,0
31638000000,838,31638000000,,0.0,0.0,0.5,0.0,0
31671000000,839,31671000000,,0.0,0.0,0.5,0.0,0
31721000000,840,31721000000,,0.0,0.0,0.5,0.0,0
31755000000,841,31754000000,,0.0,0.0,0.5,0.0,0
31787000000,842,31787000000,,0.0,0.0,0.5,0.0,0
31839000000,843,31839000000,,0.0,0.0,0.5,0.0,0
31872000000,844,31872000000,,0.0,0.0,0.5,0.0,0
31923000000,845,31923000000,,0.0,0.0,0.5,0.0,0
31954000000,846,31954000000,,0.0,0.0,0.5,0.0,0
31987000000,847,31987000000,,0.0,0.0,0.5,0.0,0
32039000000,848,32039000000,,0.0,0.0,0.5,0.0,0
32071000000,849,32071000000,,0.0,0.0,0.5,0.0,0
32122000000,850,32122000000,,0.0,0.0,0.5,0.0,0
32155000000,851,32155000000,,0.0,0.0,0.5,0.0,0
32188000000,852,32188000000,,0.0,0.0,0.5,0.0,0
32223000000,853,32223000000,,0.0,0.0,0.5,0.0,0
32271000000,854,32271000000,,0.0,0.0,0.5,0.0,0
32322000000,855,32321000000,,0.0,0.0,0.5,0.0,0
32356000000,856,32356000000,,0.0,0.0,0.5,0.0,0
32389000000,857,32389000000,,0.0,0.0,0.5,0.0,0
32438000000,858,32437000000,,0.0,0.0,0.5,0.0,0
32472000000,859,32472000000,,0.0,0.0,0.5,0.0,0
32490000000,860,32490000000,,0.0,0.0,0.5,0.0,0
32554000000,861,32554000000,,0.0,0.0,0.5,0.0,0
32587000000,862,32587000000,,0.0,0.0,0.5,0.0,0
32639000000,863,32639000000,,0.0,0.0,0.5,0.0,0
32670000000,864,32670000000,,0.0,0.0,0.5,0.0,0
32689000000,865,32689000000,,0.0,0.0,0.5,0.0,0
32755000000,866,32755000000,,0.0,0.0,0.5,0.0,0
32788000000,867,32788000000,,0.0,0.0,0.5,0.0,0
32838000000,868,32838000000,,0.0,0.0,0.5,0.0,0
32871000000,869,32871000000,,0.0,0.0,0.5,0.0,0
32921000000,870,32921000000,,0.0,0.0,0.5,0.0,0
32956000000,871,32955000000,,0.0,0.0,0.5,0.0,0
32989000000,872,32989000000,,0.0,0.0,0.5,0.0,0
33039000000,873,33039000000,,0.0,0.0,0.5,0.0,0
33070000000,874,33070000000,,0.0,0.0,0.5,0.0,0
33122000000,875,33122000000,,0.0,0.0,0.5,0.0,0
33155000000,876,33155000000,,0.0,0.0,0.5,0.0,0
33188000000,877,33188000000,,0.0,0.0,0.5,0.0,0
33221000000,878,33221000000,,0.0,0.0,0.5,0.0,0
33271000000,879,33271000000,,0.0,0.0,0.5,0.0,0
33290000000,880,33290000000,,0.0,0.0,0.5,0.0,0
33354000000,881,33354000000,,0.0,0.0,0.5,0.0,0
33387000000,882,33387000000,,0.0,0.0,0.5,0.0,0
33438000000,883,33437000000,,0.0,0.0,0.5,0.0,0
33470000000,884,33470000000,,0.0,0.0,0.5,0.0,0
33489000000,885,33489000000,,0.0,0.0,0.5,0.0,0
33554000000,886,33554000000,,0.0,0.0,0.5,0.0,0
33589000000,887,33589000000,,0.0,0.0,0.5,0.0,0
33637000000,888,33637000000,,0.0,0.0,0.5,0.0,0
33655000000,889,33655000000,,0.0,0.0,0.5,0.0,0
33722000000,890,33722000000,,0.0,0.0,0.5,0.0,0
33755000000,891,33755000000,,0.0,0.0,0.5,0.0,0
33788000000,892,33788000000,,0.0,0.0,0.5,0.0,0
33838000000,893,33838000000,,0.0,0.0,0.5,0.0,0
33856000000,894,33856000000,,0.0,0.0,0.5,0.0,0
33906000000,895,33906000000,,0.0,0.0,0.5,0.0,0
33954000000,896,33954000000,,0.0,0.0,0.5,0.0,0
33987000000,897,33987000000,,0.0,0.0,0.5,0.0,0
34037000000,898,34037000000,,0.0,0.0,0.5,0.0,0
34055000000,899,34054000000,,0.0,0.0,0.5,0.0,0
34104000000,900,34104000000,,0.0,0.0,0.5,0.0,0
34139000000,901,34139000000,,0.0,0.0,0.5,0.0,0
34172000000,902,34172000000,,0.0,0.0,0.5,0.0,0
34219000000,903,34219000000,,0.0,0.0,0.5,0.0,0
34255000000,904,34255000000,,0.0,0.0,0.5,0.0,0
34305000000,905,34305000000,,0.0,0.0,0.5,0.0,0
34338000000,906,34338000000,,0.0,0.0,0.5,0.0,0
34371000000,907,34371000000,,0.0,0.0,0.5,0.0,0
34437000000,908,34437000000,,0.0,0.0,0.5,0.0,0
34455000000,909,34455000000,,0.0,0.0,0.5,0.0,0
34505000000,910,34505000000,,0.0,0.0,0.5,0.0,0
34554000000,911,34554000000,,0.0,0.0,0.5,0.0,0
34589000000,912,34589000000,,0.0,0.0,0.5,0.0,0
34638000000,913,34637000000,,0.0,0.0,0.5,0.0,0
34656000000,914,34656000000,,0.0,0.0,0.5,0.0,0
34688000000,915,34688000000,,0.0,0.0,0.5,0.0,0
34755000000,916,34755000000,,0.0,0.0,0.5,0.0,0
34788000000,917,34788000000,,0.0,0.0,0.5,0.0,0
34838000000,918,34838000000,,0.0,0.0,0.5,0.0,0
34856000000,919,34856000000,,0.0,0.0,0.5,0.0,0
34908000000,920,34907000000,,0.0,0.0,0.5,0.0,0
34955000000,921,34955000000,,0.0,0.0,0.5,0.0,0
34988000000,922,34988000000,,0.0,0.0,0.5,0.0,0
35038000000,923,35038000000,,0.0,0.0,0.5,0.0,0
35055000000,924,35055000000,,0.0,0.0,0.5,0.0,0
35105000000,925,35105000000,,0.0,0.0,0.5,0.0,0
35138000000,926,35138000000,,0.0,0.0,0.5,0.0,0
35171000000,927,35171000000,,0.0,0.0,0.5,0.0,0
35254000000,928,35254000000,,0.0,0.0,0.5,0.0,0
35306000000,929,35306000000,,0.0,0.0,0.5,0.0,0
35354000000,930,35354000000,,0.0,0.0,0.5,0.0,0
35387000000,931,35387000000,,0.0,0.0,0.5,0.0,0
35439000000,932,35439000000,,0.0,0.0,0.5,0.0,0
35455000000,933,35455000000,,0.0,0.0,0.5,0.0,0
35505000000,934,35505000000,,0.0,0.0,0.5,0.0,0
35555000000,935,35555000000,,0.0,0.0,0.5,0.0,0
35588000000,936,35588000000,,0.0,0.0,0.5,0.0,0
35638000000,937,35638000000,,0.0,0.0,0.5,0.0,0
35654000000,938,35654000000,,0.0,0.0,0.5,0.0,0
35706000000,939,35706000000,,0.0,0.0,0.5,0.0,0
35755000000,940,35755000000,,0.0,0.0,0.5,0.0,0
35789000000,941,35789000000,,0.0,0.0,0.5,0.0,0
35840000000,942,35840000000,,0.0,0.0,0.5,0.0,0
35857000000,943,35857000000,,0.0,0.0,0.5,0.0,0
35888000000,944,35888000000,,0.0,0.0,0.5,0.0,0
35939000000,945,35939000000,,0.0,0.0,0.5,0.0,0
35973000000,946,35973000000,,0.0,0.0,0.5,0.0,0
36038000000,947,36038000000,,0.0,0.0,0.5,0.0,0
36055000000,948,36055000000,,0.0,0.0,0.5,0.0,0
36088000000,949,36088000000,,0.0,0.0,0.5,0.0,0
36154000000,950,36154000000,,0.0,0.0,0.5,0.0,0
36187000000,951,36187000000,,0.0,0.0,0.5,0.0,0
36209000000,952,36209000000,,0.0,0.0,0.5,0.0,0
36255000000,953,36255000000,,0.0,0.0,0.5,0.0,0
36290000000,954,36290000000,,0.0,0.0,0.5,0.0,0
36354000000,955,36354000000,,0.0,0.0,0.5,0.0,0
36389000000,956,36388000000,,0.0,0.0,0.5,0.0,0
36407000000,957,36407000000,,0.0,0.0,0.5,0.0,0
36471000000,958,36471000000,,0.0,0.0,0.5,0.0,0
36504000000,959,36504000000,,0.0,0.0,0.5,0.0,0
36555000000,960,36554000000,,0.0,0.0,0.5,0.0,0
36587000000,961,36587000000,,0.0,0.0,0.5,0.0,0
36606000000,962,36606000000,,0.0,0.0,0.5,0.0,0
36672000000,963,36672000000,,0.0,0.0,0.5,0.0,0
36705000000,964,36705000000,,0.0,0.0,0.5,0.0,0
36754000000,965,36754000000,,0.0,0.0,0.5,0.0,0
36773000000,966,36772000000,,0.0,0.0,0.5,0.0,0
36839000000,967,36838000000,,0.0,0.0,0.5,0.0,0
36854000000,968,36854000000,,0.0,0.0,0.5,0.0,0
36887000000,969,36887000000,,0.0,0.0,0.5,0.0,0
36956000000,970,36955000000,,0.0,0.0,0.5,0.0,0
36988000000,971,36988000000,,0.0,0.0,0.5,0.0,0
37039000000,972,37039000000,,0.0,0.0,0.5,0.0,0
37054000000,973,37054000000,,0.0,0.0,0.5,0.0,0
37089000000,974,37089000000,,0.0,0.0,0.5,0.0,0
37137000000,975,37137000000,,0.0,0.0,0.5,0.0,0
37170000000,976,37170000000,,0.0,0.0,0.5,0.0,0
37238000000,977,37238000000,,0.0,0.0,0.5,0.0,0
37255000000,978,37255000000,,0.0,0.0,0.5,0.0,0
37288000000,979,37288000000,,0.0,0.0,0.5,0.0,0
37337000000,980,37337000000,,0.0,0.0,0.5,0.0,0
37371000000,981,37371000000,,0.0,0.0,0.5,0.0,0
37439000000,982,37439000000,,0.0,0.0,0.5,0.0,0
37456000000,983,37456000000,,0.0,0.0,0.5,0.0,0
37505000000,984,37505000000,,0.0,0.0,0.5,0.0,0
37555000000,985,37555000000,,0.0,0.0,0.5,0.0,0
37588000000,986,37588000000,,0.0,0.0,0.5,0.0,0
37637000000,987,37637000000,,0.0,0.0,0.5,0.0,0
37655000000,988,37655000000,,0.0,0.0,0.5,0.0,0
37688000000,989,37688000000,,0.0,0.0,0.5,0.0,0
37754000000,990,37754000000,,0.0,0.0,0.5,0.0,0
37788000000,991,37788000000,,0.0,0.0,0.5,0.0,0
37807000000,992,37807000000,,0.0,0.0,0.5,0.0,0
37854000000,993,37854000000,,0.0,0.0,0.5,0.0,0
37889000000,994,37889000000,,0.0,0.0,0.5,0.0,0
37955000000,995,37955000000,,0.0,0.0,0.5,0.0,0
37971000000,996,37971000000,,0.0,0.0,0.5,0.0,0
38038000000,997,38038000000,,0.0,0.0,0.5,0.0,0
38055000000,998,38055000000,,0.0,0.0,0.5,0.0,0
38104000000,999,38104000000,,0.0,0.0,0.5,0.0,0
38156000000,1000,38156000000,,0.0,0.0,0.5,0.0,0
38172000000,1001,38172000000,,0.0,0.0,0.5,0.0,0
38238000000,1002,38237000000,,0.0,0.0,0.5,0.0,0
38255000000,1003,38255000000,,0.0,0.0,0.5,0.0,0
38305000000,1004,38305000000,,0.0,0.0,0.5,0.0,0
38354000000,1005,38354000000,,0.0,0.0,0.5,0.0,0
38388000000,1006,38388000000,,0.0,0.0,0.5,0.0,0
38438000000,1007,38438000000,,0.0,0.0,0.5,0.0,0
38454000000,1008,38454000000,,0.0,0.0,0.5,0.0,0
38506000000,1009,38506000000,,0.0,0.0,0.5,0.0,0
38554000000,1010,38554000000,,0.0,0.0,0.5,0.0,0
38587000000,1011,38587000000,,0.0,0.0,0.5,0.0,0
38622000000,1012,38622000000,,0.0,0.0,0.5,0.0,0
38655000000,1013,38655000000,,0.0,0.0,0.5,0.0,0
38688000000,1014,38688000000,,0.0,0.0,0.5,0.0,0
38754000000,1015,38754000000,,0.0,0.0,0.5,0.0,0
38789000000,1016,38788000000,,0.0,0.0,0.5,0.0,0
38837000000,1017,38837000000,,0.0,0.0,0.5,0.0,0
38854000000,1018,38854000000,,0.0,0.0,0.5,0.0,0
38887000000,1019,38887000000,,0.0,0.0,0.5,0.0,0
38925000000,1020,38925000000,,0.0,0.0,0.5,0.0,0
38974000000,1021,38973000000,,0.0,0.0,0.5,0.0,0
39005000000,1022,39005000000,,0.0,0.0,0.5,0.0,0
39056000000,1023,39055000000,,0.0,0.0,0.5,0.0,0
39104000000,1024,39104000000,,0.0,0.0,0.5,0.0,0
39139000000,1025,39138000000,,0.0,0.0,0.5,0.0,0
39189000000,1026,39189000000,,0.0,0.0,0.5,0.0,0
39255000000,1027,39255000000,,0.0,0.0,0.5,0.0,0
39290000000,1028,39290000000,,0.0,0.0,0.5,0.0,0
39356000000,1029,39356000000,,0.0,0.0,0.5,0.0,0
39372000000,1030,39371000000,,0.0,0.0,0.5,0.0,0
39405000000,1031,39405000000,,0.0,0.0,0.5,0.0,0
39455000000,1032,39455000000,,0.0,0.0,0.5,0.0,0
39505000000,1033,39505000000,,0.0,0.0,0.5,0.0,0
39554000000,1034,39554000000,,0.0,0.0,0.5,0.0,0
39587000000,1035,39587000000,,0.0,0.0,0.5,0.0,0
39622000000,1036,39622000000,,0.0,0.0,0.5,0.0,0
39655000000,1037,39655000000,,0.0,0.0,0.5,0.0,0
39705000000,1038,39705000000,,0.0,0.0,0.5,0.0,0
39726000000,1039,39726000000,,0.0,0.0,0.5,0.0,0
39787000000,1040,39787000000,,0.0,0.0,0.5,0.0,0
39822000000,1041,39821000000,,0.0,0.0,0.5,0.0,0
39856000000,1042,39856000000,,0.0,0.0,0.5,0.0,0
39904000000,1043,39904000000,,0.0,0.0,0.5,0.0,0
39956000000,1044,39956000000,,0.0,0.0,0.5,0.0,0
39988000000,1045,39987000000,,0.0,0.0,0.5,0.0,0
40022000000,1046,40022000000,,0.0,0.0,0.5,0.0,0
40057000000,1047,40057000000,,0.0,0.0,0.5,0.0,0
40105000000,1048,40105000000,,0.0,0.0,0.5,0.0,0
40126000000,1049,40126000000,,0.0,0.0,0.5,0.0,0
40189000000,1050,40188000000,,0.0,0.0,0.5,0.0,0
40206000000,1051,40206000000,,0.0,0.0,0.5,0.0,0
40256000000,1052,40256000000,,0.0,0.0,0.5,0.0,0
40306000000,1053,40306000000,,0.0,0.0,0.5,0.0,0
40325000000,1054,40325000000,,0.0,0.0,0.5,0.0,0
40390000000,1055,40390000000,,0.0,0.0,0.5,0.0,0
40423000000,1056,40423000000,,0.0,0.0,0.5,0.0,0
40456000000,1057,40456000000,,0.0,0.0,0.5,0.0,0
40506000000,1058,40506000000,,0.0,0.0,0.5,0.0,0
40557000000,1059,40556000000,,0.0,0.0,0.5,0.0,0
40572000000,1060,40572000000,,0.0,0.0,0.5,0.0,0
40605000000,1061,40605000000,,0.0,0.0,0.5,0.0,0
40655000000,1062,40655000000,,0.0,0.0,0.5,0.0,0
40707000000,1063,40707000000,,0.0,0.0,0.5,0.0,0
40726000000,1064,40726000000,,0.0,0.0,0.5,0.0,0
40771000000,1065,40771000000,,0.0,0.0,0.5,0.0,0
40806000000,1066,40806000000,,0.0,0.0,0.5,0.0,0
40855000000,1067,40855000000,,0.0,0.0,0.5,0.0,0
40905000000,1068,40905000000,,0.0,0.0,0.5,0.0,0
40924000000,1069,40924000000,,0.0,0.0,0.5,0.0,0
40990000000,1070,40990000000,,0.0,0.0,0.5,0.0,0
41023000000,1071,41023000000,,0.0,0.0,0.5,0.0,0
41056000000,1072,41056000000,,0.0,0.0,0.5,0.0,0
41106000000,1073,41106000000,,0.0,0.0,0.5,0.0,0
41155000000,1074,41155000000,,0.0,0.0,0.5,0.0,0
41172000000,1075,41172000000,,0.0,0.0,0.5,0.0,0
41205000000,1076,41205000000,,0.0,0.0,0.5,0.0,0
41257000000,1077,41257000000,,0.0,0.0,0.5,0.0,0
41289000000,1078,41289000000,,0.0,0.0,0.5,0.0,0
41339000000,1079,41339000000,,0.0,0.0,0.5,0.0,0
41372000000,1080,41372000000,,0.0,0.0,0.5,0.0,0
41405000000,1081,41405000000,,0.0,0.0,0.5,0.0,0
41471000000,1082,41471000000,,0.0,0.0,0.5,0.0,0
41506000000,1083,41506000000,,0.0,0.0,0.5,0.0,0
41523000000,1084,41523000000,,0.0,0.0,0.5,0.0,0
41589000000,1085,41589000000,,0.0,0.0,0.5,0.0,0
41607000000,1086,41607000000,,0.0,0.0,0.5,0.0,0
41657000000,1087,41657000000,,0.0,0.0,0.5,0.0,0
41688000000,1088,41688000000,,0.0,0.0,0.5,0.0,0
41739000000,1089,41739000000,,0.0,0.0,0.5,0.0,0
41775000000,1090,41775000000,,0.0,0.0,0.5,0.0,0
41809000000,1091,41809000000,,0.0,0.0,0.5,0.0,0
41856000000,1092,41856000000,,0.0,0.0,0.5,0.0,0
41889000000,1093,41889000000,,0.0,0.0,0.5,0.0,0
41939000000,1094,41939000000,,0.0,0.0,0.5,0.0,0
41972000000,1095,41972000000,,0.0,0.0,0.5,0.0,0
42005000000,1096,42005000000,,0.0,0.0,0.5,0.0,0
42057000000,1097,42057000000,,0.0,0.0,0.5,0.0,0
42088000000,1098,42088000000,,0.0,0.0,0.5,0.0,0
42123000000,1099,42123000000,,0.0,0.0,0.5,0.0,0
42173000000,1100,42173000000,,0.0,0.0,0.5,0.0,0
42222000000,1101,42222000000,,0.0,0.0,0.5,0.0,0
42244000000,1102,42244000000,,0.0,0.0,0.5,0.0,0
42305000000,1103,42305000000,,0.0,0.0,0.5,0.0,0
42322000000,1104,42322000000,,0.0,0.0,0.5,0.0,0
42372000000,1105,42372000000,,0.0,0.0,0.5,0.0,0
42405000000,1106,42405000000,,0.0,0.0,0.5,0.0,0
42457000000,1107,42457000000,,0.0,0.0,0.5,0.0,0
42490000000,1108,42490000000,,0.0,0.0,0.5,0.0,0
42539000000,1109,42539000000,,0.0,0.0,0.5,0.0,0
42591000000,1110,42591000000,,0.0,0.0,0.5,0.0,0
42622000000,1111,42622000000,,0.0,0.0,0.5,0.0,0
42671000000,1112,42671000000,,0.0,0.0,0.5,0.0,0
42689000000,1113,42689000000,,0.0,0.0,0.5,0.0,0
42755000000,1114,42755000000,,0.0,0.0,0.5,0.0,0
42772000000,1115,42772000000,,0.0,0.0,0.5,0.0,0
42805000000,1116,42805000000,,0.0,0.0,0.5,0.0,0
42843000000,1117,42843000000,,0.0,0.0,0.5,0.0,0
42907000000,1118,42907000000,,0.0,0.0,0.5,0.0,0
42939000000,1119,42939000000,,0.0,0.0,0.5,0.0,0
42989000000,1120,42989000000,,0.0,0.0,0.5,0.0,0
43022000000,1121,43022000000,,0.0,0.0,0.5,0.0,0
43055000000,1122,43055000000,,0.0,0.0,0.5,0.0,0
43106000000,1123,43106000000,,0.0,0.0,0.5,0.0,0
43155000000,1124,43155000000,,0.0,0.0,0.5,0.0,0
43188000000,1125,43188000000,,0.0,0.0,0.5,0.0,0
43221000000,1126,43221000000,,0.0,0.0,0.5,0.0,0
43243000000,1127,43243000000,,0.0,0.0,0.5,0.0,0
43287000000,1128,43287000000,,0.0,0.0,0.5,0.0,0
43323000000,1129,43323000000,,0.0,0.0,0.5,0.0,0
43391000000,1130,43391000000,,0.0,0.0,0.5,0.0,0
43423000000,1131,43423000000,,0.0,0.0,0.5,0.0,0
43441000000,1132,43441000000,,0.0,0.0,0.5,0.0,0
43489000000,1133,43489000000,,0.0,0.0,0.5,0.0,0
43539000000,1134,43539000000,,0.0,0.0,0.5,0.0,0
43590000000,1135,43589000000,,0.0,0.0,0.5,0.0,0
43621000000,1136,43621000000,,0.0,0.0,0.5,0.0,0
43643000000,1137,43643000000,,0.0,0.0,0.5,0.0,0
43690000000,1138,43690000000,,0.0,0.0,0.5,0.0,0
43722000000,1139,43722000000,,0.0,0.0,0.5,0.0,0
43789000000,1140,43789000000,,0.0,0.0,0.5,0.0,0
43824000000,1141,43824000000,,0.0,0.0,0.5,0.0,0
43871000000,1142,43871000000,,0.0,0.0,0.5,0.0,0
43905000000,1143,43905000000,,0.0,0.0,0.5,0.0,0
43938000000,1144,43938000000,,0.0,0.0,0.5,0.0,0
43988000000,1145,43988000000,,0.0,0.0,0.5,0.0,0
44021000000,1146,44021000000,,0.0,0.0,0.5,0.0,0
44056000000,1147,44056000000,,0.0,0.0,0.5,0.0,0
44090000000,1148,44090000000,,0.0,0.0,0.5,0.0,0
44139000000,1149,44139000000,,0.0,0.0,0.5,0.0,0
44188000000,1150,44188000000,,0.0,0.0,0.5,0.0,0
44206000000,1151,44205000000,,0.0,0.0,0.5,0.0,0
44272000000,1152,44272000000,,0.0,0.0,0.5,0.0,0
44289000000,1153,44289000000,,0.0,0.0,0.5,0.0,0
44323000000,1154,44323000000,,0.0,0.0,0.5,0.0,0
44372000000,1155,44372000000,,0.0,0.0,0.5,0.0,0
44408000000,1156,44408000000,,0.0,0.0,0.5,0.0,0
44442000000,1157,44442000000,,0.0,0.0,0.5,0.0,0
44491000000,1158,44491000000,,0.0,0.0,0.5,0.0,0
44523000000,1159,44523000000,,0.0,0.0,0.5,0.0,0
44589000000,1160,44589000000,,0.0,0.0,0.5,0.0,0
44622000000,1161,44622000000,,0.0,0.0,0.5,0.0,0
44641000000,1162,44641000000,,0.0,0.0,0.5,0.0,0
44705000000,1163,44705000000,,0.0,0.0,0.5,0.0,0
44739000000,1164,44739000000,,0.0,0.0,0.5,0.0,0
44788000000,1165,44788000000,,0.0,0.0,0.5,0.0,0
44823000000,1166,44823000000,,0.0,0.0,0.5,0.0,0
44841000000,1167,44841000000,,0.0,0.0,0.5,0.0,0
44912000000,1168,44912000000,,0.0,0.0,0.5,0.0,0
44940000000,1169,44940000000,,0.0,0.0,0.5,0.0,0
44971000000,1170,44971000000,,0.0,0.0,0.5,0.0,0
45004000000,1171,45004000000,,0.0,0.0,0.5,0.0,0
45054000000,1172,45054000000,,0.0,0.0,0.5,0.0,0
45089000000,1173,45089000000,,0.0,0.0,0.5,0.0,0
45123000000,1174,45123000000,,0.0,0.0,0.5,0.0,0
45172000000,1175,45172000000,,0.0,0.0,0.5,0.0,0
45223000000,1176,45223000000,,0.0,0.0,0.5,0.0,0
45241000000,1177,45241000000,,0.0,0.0,0.5,0.0,0
45304000000,1178,45304000000,,0.0,0.0,0.5,0.0,0
45339000000,1179,45339000000,,0.0,0.0,0.5,0.0,0
45388000000,1180,45388000000,,0.0,0.0,0.5,0.0,0
45422000000,1181,45422000000,,0.0,0.0,0.5,0.0,0
45473000000,1182,45473000000,,0.0,0.0,0.5,0.0,0
45506000000,1183,45506000000,,0.0,0.0,0.5,0.0,0
45539000000,1184,45539000000,,0.0,0.0,0.5,0.0,0
45590000000,1185,45589000000,,0.0,0.0,0.5,0.0,0
45623000000,1186,45622000000,,0.0,0.0,0.5,0.0,0
45641000000,1187,45641000000,,0.0,0.0,0.5,0.0,0
45689000000,1188,45689000000,,0.0,0.0,0.5,0.0,0
45739000000,1189,45739000000,,0.0,0.0,0.5,0.0,0
45788000000,1190,45788000000,,0.0,0.0,0.5,0.0,0
45823000000,1191,45822000000,,0.0,0.0,0.5,0.0,0
45841000000,1192,45841000000,,0.0,0.0,0.5,0.0,0
45906000000,1193,45906000000,,0.0,0.0,0.5,0.0,0
45937000000,1194,45937000000,,0.0,0.0,0.5,0.0,0
45987000000,1195,45987000000,,0.0,0.0,0.5,0.0,0
46020000000,1196,46020000000,,0.0,0.0,0.5,0.0,0
46071000000,1197,46071000000,,0.0,0.0,0.5,0.0,0
46087000000,1198,46087000000,,0.0,0.0,0.5,0.0,0
46121000000,1199,46121000000,,0.0,0.0,0.5,0.0,0
46170000000,1200,46170000000,,0.0,0.0,0.5,0.0,0
46220000000,1201,46220000000,,0.0,0.0,0.5,0.0,0
46272000000,1202,46272000000,,0.0,0.0,0.5,0.0,0
46305000000,1203,46305000000,,0.0,0.0,0.5,0.0,0
46338000000,1204,46338000000,,0.0,0.0,0.5,0.0,0
46387000000,1205,46386000000,,0.0,0.0,0.5,0.0,0
46421000000,1206,46421000000,,0.0,0.0,0.5,0.0,0
46440000000,1207,46440000000,,0.0,0.0,0.5,0.0,0
46504000000,1208,46504000000,,0.0,0.0,0.5,0.0,0
46537000000,1209,46537000000,,0.0,0.0,0.5,0.0,0
46587000000,1210,46587000000,,0.0,0.0,0.5,0.0,0
46620000000,1211,46620000000,,0.0,0.0,0.5,0.0,0
46637000000,1212,46637000000,,0.0,0.0,0.5,0.0,0
46687000000,1213,46687000000,,0.0,0.0,0.5,0.0,0
46720000000,1214,46720000000,,0.0,0.0,0.5,0.0,0
46758000000,1215,46758000000,,0.0,0.0,0.5,0.0,0
46805000000,1216,46805000000,,0.0,0.0,0.5,0.0,0
46854000000,1217,46854000000,,0.0,0.0,0.5,0.0,0
46904000000,1218,46904000000,,0.0,0.0,0.5,0.0,0
46939000000,1219,46939000000,,0.0,0.0,0.5,0.0,0
46988000000,1220,46987000000,,0.0,0.0,0.5,0.0,0
47003000000,1221,47003000000,,0.0,0.0,0.5,0.0,0
47054000000,1222,47054000000,,0.0,0.0,0.5,0.0,0
47087000000,1223,47087000000,,0.0,0.0,0.5,0.0,0
47120000000,1224,47120000000,,0.0,0.0,0.5,0.0,0
47171000000,1225,47171000000,,0.0,0.0,0.5,0.0,0
47204000000,1226,47204000000,,0.0,0.0,0.5,0.0,0
47254000000,1227,47254000000,,0.0,0.0,0.5,0.0,0
47288000000,1228,47288000000,,0.0,0.0,0.5,0.0,0
47320000000,1229,47320000000,,0.0,0.0,0.5,0.0,0
47371000000,1230,47371000000,,0.0,0.0,0.5,0.0,0
47404000000,1231,47404000000,,0.0,0.0,0.5,0.0,0
47437000000,1232,47437000000,,0.0,0.0,0.5,0.0,0
47488000000,1233,47488000000,,0.0,0.0,0.5,0.0,0
47521000000,1234,47521000000,,0.0,0.0,0.5,0.0,0
47571000000,1235,47571000000,,0.0,0.0,0.5,0.0,0
47606000000,1236,47606000000,,0.0,0.0,0.5,0.0,0
47637000000,1237,47637000000,,0.0,0.0,0.5,0.0,0
47671000000,1238,47670000000,,0.0,0.0,0.5,0.0,0
47705000000,1239,47705000000,,0.0,0.0,0.5,0.0,0
47755000000,1240,47755000000,,0.0,0.0,0.5,0.0,0
47788000000,1241,47788000000,,0.0,0.0,0.5,0.0,0
47821000000,1242,47821000000,,0.0,0.0,0.5,0.0,0
47870000000,1243,47870000000,,0.0,0.0,0.5,0.0,0
47905000000,1244,47905000000,,0.0,0.0,0.5,0.0,0
47955000000,1245,47955000000,,0.0,0.0,0.5,0.0,0
47988000000,1246,47988000000,,0.0,0.0,0.5,0.0,0
48021000000,1247,48021000000,,0.0,0.0,0.5,0.0,0
48056000000,1248,48056000000,,0.0,0.0,0.5,0.0,0
48087000000,1249,48087000000,,0.0,0.0,0.5,0.0,0
48120000000,1250,48120000000,,0.0,0.0,0.5,0.0,0
48155000000,1251,48154000000,,0.0,0.0,0.5,0.0,0
48189000000,1252,48189000000,,0.0,0.0,0.5,0.0,0
48237000000,1253,48237000000,,0.0,0.0,0.5,0.0,0
48255000000,1254,48255000000,,0.0,0.0,0.5,0.0,0
48288000000,1255,48288000000,,0.0,0.0,0.5,0.0,0
48321000000,1256,48321000000,,0.0,0.0,0.5,0.0,0
48356000000,1257,48356000000,,0.0,0.0,0.5,0.0,0
48406000000,1258,48406000000,,0.0,0.0,0.5,0.0,0
48437000000,1259,48437000000,,0.0,0.0,0.5,0.0,0
48470000000,1260,48470000000,,0.0,0.0,0.5,0.0,0
48488000000,1261,48488000000,,0.0,0.0,0.5,0.0,0
48521000000,1262,48521000000,,0.0,0.0,0.5,0.0,0
48571000000,1263,48571000000,,0.0,0.0,0.5,0.0,0
48606000000,1264,48605000000,,0.0,0.0,0.5,0.0,0
48654000000,1265,48654000000,,0.0,0.0,0.5,0.0,0
48671000000,1266,48671000000,,0.0,0.0,0.5,0.0,0
48704000000,1267,48704000000,,0.0,0.0,0.5,0.0,0
48753000000,1268,48753000000,,0.0,0.0,0.5,0.0,0
48771000000,1269,48771000000,,0.0,0.0,0.5,0.0,0
48805000000,1270,48805000000,,0.0,0.0,0.5,0.0,0
48837000000,1271,48837000000,,0.0,0.0,0.5,0.0,0
48906000000,1272,48906000000,,0.0,0.0,0.5,0.0,0
48937000000,1273,48937000000,,0.0,0.0,0.5,0.0,0
48970000000,1274,48970000000,,0.0,0.0,0.5,0.0,0
49008000000,1275,49008000000,,0.0,0.0,0.5,0.0,0
49055000000,1276,49055000000,,0.0,0.0,0.5,0.0,0
49104000000,1277,49104000000,,0.0,0.0,0.5,0.0,0
49137000000,1278,49137000000,,0.0,0.0,0.5,0.0,0
49189000000,1279,49189000000,,0.0,0.0,0.5,0.0,0
49208000000,1280,49208000000,,0.0,0.0,0.5,0.0,0
49255000000,1281,49255000000,,0.0,0.0,0.5,0.0,0
49288000000,1282,49288000000,,0.0,0.0,0.5,0.0,0
49356000000,1283,49356000000,,0.0,0.0,0.5,0.0,0
49389000000,1284,49389000000,,0.0,0.0,0.5,0.0,0
49409000000,1285,49409000000,,0.0,0.0,0.5,0.0,0
49455000000,1286,49455000000,,0.0,0.0,0.5,0.0,0
49488000000,1287,49488000000,,0.0,0.0,0.5,0.0,0
49555000000,1288,49554000000,,0.0,0.0,0.5,0.0,0
49587000000,1289,49587000000,,0.0,0.0,0.5,0.0,0
49608000000,1290,49608000000,,0.0,0.0,0.5,0.0,0
49655000000,1291,49655000000,,0.0,0.0,0.5,0.0,0
49688000000,1292,49688000000,,0.0,0.0,0.5,0.0,0
49738000000,1293,49738000000,,0.0,0.0,0.5,0.0,0
49788000000,1294,49788000000,,0.0,0.0,0.5,0.0,0
49809000000,1295,49809000000,,0.0,0.0,0.5,0.0,0
49854000000,1296,49854000000,,0.0,0.0,0.5,0.0,0
49887000000,1297,49887000000,,0.0,0.0,0.5,0.0,0
49937000000,1298,49937000000,,0.0,0.0,0.5,0.0,0
49989000000,1299,49989000000,,0.0,0.0,0.5,0.0,0
50008000000,1300,50008000000,,0.0,0.0,0.5,0.0,0
50072000000,1301,50072000000,,0.0,0.0,0.5,0.0,0
50105000000,1302,50104000000,,0.0,0.0,0.5,0.0,0
50137000000,1303,50137000000,,0.0,0.0,0.5,0.0,0
50222000000,1304,50222000000,,0.0,0.0,0.5,0.0,0
50271000000,1305,50271000000,,0.0,0.0,0.5,0.0,0
50304000000,1306,50304000000,,0.0,0.0,0.5,0.0,0
50337000000,1307,50337000000,,0.0,0.0,0.5,0.0,0
50370000000,1308,50370000000,,0.0,0.0,0.5,0.0,0
50420000000,1309,50420000000,,0.0,0.0,0.5,0.0,0
50472000000,1310,50472000000,,0.0,0.0,0.5,0.0,0
50504000000,1311,50504000000,,0.0,0.0,0.5,0.0,0
50537000000,1312,50537000000,,0.0,0.0,0.5,0.0,0
50588000000,1313,50587000000,,0.0,0.0,0.5,0.0,0
50607000000,1314,50606000000,,0.0,0.0,0.5,0.0,0
50671000000,1315,50671000000,,0.0,0.0,0.5,0.0,0
50704000000,1316,50704000000,,0.0,0.0,0.5,0.0,0
50737000000,1317,50737000000,,0.0,0.0,0.5,0.0,0
50787000000,1318,50787000000,,0.0,0.0,0.5,0.0,0
50808000000,1319,50808000000,,0.0,0.0,0.5,0.0,0
50871000000,1320,50871000000,,0.0,0.0,0.5,0.0,0
50904000000,1321,50904000000,,0.0,0.0,0.5,0.0,0
50937000000,1322,50937000000,,0.0,0.0,0.5,0.0,0
50971000000,1323,50971000000,,0.0,0.0,0.5,0.0,0
51020000000,1324,51020000000,,0.0,0.0,0.5,0.0,0
51070000000,1325,51070000000,,0.0,0.0,0.5,0.0,0
51103000000,1326,51103000000,,0.0,0.0,0.5,0.0,0
51137000000,1327,51137000000,,0.0,0.0,0.5,0.0,0
51220000000,1328,51220000000,,0.0,0.0,0.5,0.0,0
51272000000,1329,51272000000,,0.0,0.0,0.5,0.0,0
51304000000,1330,51303000000,,0.0,0.0,0.5,0.0,0
51337000000,1331,51337000000,,0.0,0.0,0.5,0.0,0
51387000000,1332,51387000000,,0.0,0.0,0.5,0.0,0
51420000000,1333,51420000000,,0.0,0.0,0.5,0.0,0
51470000000,1334,51470000000,,0.0,0.0,0.5,0.0,0
51503000000,1335,51503000000,,0.0,0.0,0.5,0.0,0
51540000000,1336,51539000000,,0.0,0.0,0.5,0.0,0
51588000000,1337,51588000000,,0.0,0.0,0.5,0.0,0
51607000000,1338,51607000000,,0.0,0.0,0.5,0.0,0
51671000000,1339,51671000000,,0.0,0.0,0.5,0.0,0
51704000000,1340,51704000000,,0.0,0.0,0.5,0.0,0
51739000000,1341,51739000000,,0.0,0.0,0.5,0.0,0
51787000000,1342,51787000000,,0.0,0.0,0.5,0.0,0
51822000000,1343,51822000000,,0.0,0.0,0.5,0.0,0
51871000000,1344,51871000000,,0.0,0.0,0.5,0.0,0
51905000000,1345,51905000000,,0.0,0.0,0.5,0.0,0
51926000000,1346,51925000000,,0.0,0.0,0.5,0.0,0
51971000000,1347,51971000000,,0.0,0.0,0.5,0.0,0
52020000000,1348,52020000000,,0.0,0.0,0.5,0.0,0
52071000000,1349,52071000000,,0.0,0.0,0.5,0.0,0
52104000000,1350,52104000000,,0.0,0.0,0.5,0.0,0
52126000000,1351,52126000000,,0.0,0.0,0.5,0.0,0
52205000000,1352,52205000000,,0.0,0.0,0.5,0.0,0
52271000000,1353,52271000000,,0.0,0.0,0.5,0.0,0
52304000000,1354,52304000000,,0.0,0.0,0.5,0.0,0
52326000000,1355,52326000000,,0.0,0.0,0.5,0.0,0
52373000000,1356,52373000000,,0.0,0.0,0.5,0.0,0
52405000000,1357,52405000000,,0.0,0.0,0.5,0.0,0
52471000000,1358,52471000000,,0.0,0.0,0.5,0.0,0
52504000000,1359,52504000000,,0.0,0.0,0.5,0.0,0
52525000000,1360,52525000000,,0.0,0.0,0.5,0.0,0
52588000000,1361,52588000000,,0.0,0.0,0.5,0.0,0
52621000000,1362,52621000000,,0.0,0.0,0.5,0.0,0
52673000000,1363,52673000000,,0.0,0.0,0.5,0.0,0
52704000000,1364,52704000000,,0.0,0.0,0.5,0.0,0
52725000000,1365,52725000000,,0.0,0.0,0.5,0.0,0
52771000000,1366,52771000000,,0.0,0.0,0.5,0.0,0
52804000000,1367,52804000000,,0.0,0.0,0.5,0.0,0
52870000000,1368,52870000000,,0.0,0.0,0.5,0.0,0
52903000000,1369,52903000000,,0.0,0.0,0.5,0.0,0
52924000000,1370,52924000000,,0.0,0.0,0.5,0.0,0
52971000000,1371,52971000000,,0.0,0.0,0.5,0.0,0
53019000000,1372,53019000000,,0.0,0.0,0.5,0.0,0
53054000000,1373,53054000000,,0.0,0.0,0.5,0.0,0
53087000000,1374,53087000000,,0.0,0.0,0.5,0.0,0
53137000000,1375,53137000000,,0.0,0.0,0.5,0.0,0
53204000000,1376,53204000000,,0.0,0.0,0.5,0.0,0
53270000000,1377,53270000000,,0.0,0.0,0.5,0.0,0
53303000000,1378,53303000000,,0.0,0.0,0.5,0.0,0
53324000000,1379,53324000000,,0.0,0.0,0.5,0.0,0
53370000000,1380,53370000000,,0.0,0.0,0.5,0.0,0
53403000000,1381,53403000000,,0.0,0.0,0.5,0.0,0
53471000000,1382,53471000000,,0.0,0.0,0.5,0.0,0
53505000000,1383,53505000000,,0.0,0.0,0.5,0.0,0
53539000000,1384,53539000000,,0.0,0.0,0.5,0.0,0
53586000000,1385,53586000000,,0.0,0.0,0.5,0.0,0
53619000000,1386,53619000000,,0.0,0.0,0.5,0.0,0
53654000000,1387,53654000000,,0.0,0.0,0.5,0.0,0
53687000000,1388,53687000000,,0.0,0.0,0.5,0.0,0
53737000000,1389,53737000000,,0.0,0.0,0.5,0.0,0
53788000000,1390,53788000000,,0.0,0.0,0.5,0.0,0
53819000000,1391,53819000000,,0.0,0.0,0.5,0.0,0
53870000000,1392,53869000000,,0.0,0.0,0.5,0.0,0
53904000000,1393,53904000000,,0.0,0.0,0.5,0.0,0
53923000000,1394,53923000000,,0.0,0.0,0.5,0.0,0
53987000000,1395,53987000000,,0.0,0.0,0.5,0.0,0
54020000000,1396,54020000000,,0.0,0.0,0.5,0.0,0
54053000000,1397,54053000000,,0.0,0.0,0.5,0.0,0
54086000000,1398,54086000000,,0.0,0.0,0.5,0.0,0
54137000000,1399,54137000000,,0.0,0.0,0.5,0.0,0
54203000000,1400,54203000000,,0.0,0.0,0.5,0.0,0
54271000000,1401,54270000000,,0.0,0.0,0.5,0.0,0
54304000000,1402,54303000000,,0.0,0.0,0.5,0.0,0
54324000000,1403,54324000000,,0.0,0.0,0.5,0.0,0
54372000000,1404,54372000000,,0.0,0.0,0.5,0.0,0
54421000000,1405,54420000000,,0.0,0.0,0.5,0.0,0
54453000000,1406,54453000000,,0.0,0.0,0.5,0.0,0
54503000000,1407,54503000000,,0.0,0.0,0.5,0.0,0
54522000000,1408,54522000000,,0.0,0.0,0.5,0.0,0
54588000000,1409,54588000000,,0.0,0.0,0.5,0.0,0
54621000000,1410,54621000000,,0.0,0.0,0.5,0.0,0
54654000000,1411,54654000000,,0.0,0.0,0.5,0.0,0
54689000000,1412,54689000000,,0.0,0.0,0.5,0.0,0
54738000000,1413,54738000000,,0.0,0.0,0.5,0.0,0
54788000000,1414,54788000000,,0.0,0.0,0.5,0.0,0
54819000000,1415,54819000000,,0.0,0.0,0.5,0.0,0
54869000000,1416,54869000000,,0.0,0.0,0.5,0.0,0
54904000000,1417,54904000000,,0.0,0.0,0.5,0.0,0
54937000000,1418,54937000000,,0.0,0.0,0.5,0.0,0
54987000000,1419,54987000000,,0.0,0.0,0.5,0.0,0
55022000000,1420,55022000000,,0.0,0.0,0.5,0.0,0
55057000000,1421,55056000000,,0.0,0.0,0.5,0.0,0
55104000000,1422,55104000000,,0.0,0.0,0.5,0.0,0
55123000000,1423,55122000000,,0.0,0.0,0.5,0.0,0
55204000000,1424,55204000000,,0.0,0.0,0.5,0.0,0
55254000000,1425,55254000000,,0.0,0.0,0.5,0.0,0
55304000000,1426,55304000000,,0.0,0.0,0.5,0.0,0
55322000000,1427,55322000000,,0.0,0.0,0.5,0.0,0
55387000000,1428,55387000000,,0.0,0.0,0.5,0.0,0
55420000000,1429,55420000000,,0.0,0.0,0.5,0.0,0
55453000000,1430,55453000000,,0.0,0.0,0.5,0.0,0
55487000000,1431,55487000000,,0.0,0.0,0.5,0.0,0
55537000000,1432,55537000000,,0.0,0.0,0.5,0.0,0
55588000000,1433,55588000000,,0.0,0.0,0.5,0.0,0
55620000000,1434,55620000000,,0.0,0.0,0.5,0.0,0
55653000000,1435,55653000000,,0.0,0.0,0.5,0.0,0
55686000000,1436,55686000000,,0.0,0.0,0.5,0.0,0
55738000000,1437,55738000000,,0.0,0.0,0.5,0.0,0
55787000000,1438,55787000000,,0.0,0.0,0.5,0.0,0
55820000000,1439,55820000000,,0.0,0.0,0.5,0.0,0
55855000000,1440,55854000000,,0.0,0.0,0.5,0.0,0
55888000000,1441,55888000000,,0.0,0.0,0.5,0.0,0
55938000000,1442,55938000000,,0.0,0.0,0.5,0.0,0
55988000000,1443,55988000000,,0.0,0.0,0.5,0.0,0
56022000000,1444,56022000000,,0.0,0.0,0.5,0.0,0
56053000000,1445,56053000000,,0.0,0.0,0.5,0.0,0
56087000000,1446,56087000000,,0.0,0.0,0.5,0.0,0
56122000000,1447,56122000000,,0.0,0.0,0.5,0.0,0
56221000000,1448,56220000000,,0.0,0.0,0.5,0.0,0
56241000000,1449,56241000000,,0.0,0.0,0.5,0.0,0
56304000000,1450,56304000000,,0.0,0.0,0.5,0.0,0
56337000000,1451,56337000000,,0.0,0.0,0.5,0.0,0
56387000000,1452,56387000000,,0.0,0.0,0.5,0.0,0
56420000000,1453,56420000000,,0.0,0.0,0.5,0.0,0
56442000000,1454,56442000000,,0.0,0.0,0.5,0.0,0
56489000000,1455,56489000000,,0.0,0.0,0.5,0.0,0
56522000000,1456,56521000000,,0.0,0.0,0.5,0.0,0
56587000000,1457,56587000000,,0.0,0.0,0.5,0.0,0
56620000000,1458,56620000000,,0.0,0.0,0.5,0.0,0
56653000000,1459,56653000000,,0.0,0.0,0.5,0.0,0
56686000000,1460,56686000000,,0.0,0.0,0.5,0.0,0
56737000000,1461,56737000000,,0.0,0.0,0.5,0.0,0
56770000000,1462,56770000000,,0.0,0.0,0.5,0.0,0
56821000000,1463,56821000000,,0.0,0.0,0.5,0.0,0
56841000000,1464,56841000000,,0.0,0.0,0.5,0.0,0
56887000000,1465,56887000000,,0.0,0.0,0.5,0.0,0
56921000000,1466,56921000000,,0.0,0.0,0.5,0.0,0
56987000000,1467,56987000000,,0.0,0.0,0.5,0.0,0
57020000000,1468,57020000000,,0.0,0.0,0.5,0.0,0
57070000000,1469,57070000000,,0.0,0.0,0.5,0.0,0
57087000000,1470,57087000000,,0.0,0.0,0.5,0.0,0
57138000000,1471,57137000000,,0.0,0.0,0.5,0.0,0
57212000000,1472,57211000000,,0.0,0.0,0.5,0.0,0
57254000000,1473,57254000000,,0.0,0.0,0.5,0.0,0
57304000000,1474,57304000000,,0.0,0.0,0.5,0.0,0
57337000000,1475,57337000000,,0.0,0.0,0.5,0.0,0
57372000000,1476,57372000000,,0.0,0.0,0.5,0.0,0
57405000000,1477,57405000000,,0.0,0.0,0.5,0.0,0
57454000000,1478,57453000000,,0.0,0.0,0.5,0.0,0
57486000000,1479,57486000000,,0.0,0.0,0.5,0.0,0
57538000000,1480,57538000000,,0.0,0.0,0.5,0.0,0
57571000000,1481,57571000000,,0.0,0.0,0.5,0.0,0
57603000000,1482,57606000000,,0.0,0.0,0.5,0.0,0
57642000000,1483,57642000000,,0.0,0.0,0.5,0.0,0
57689000000,1484,57689000000,,0.0,0.0,0.5,0.0,0
57737000000,1485,57737000000,,0.0,0.0,0.5,0.0,0
57770000000,1486,57770000000,,0.0,0.0,0.5,0.0,0
57821000000,1487,57821000000,,0.0,0.0,0.5,0.0,0
57841000000,1488,57841000000,,0.0,0.0,0.5,0.0,0
57904000000,1489,57904000000,,0.0,0.0,0.5,0.0,0
57937000000,1490,57937000000,,0.0,0.0,0.5,0.0,0
57971000000,1491,57971000000,,0.0,0.0,0.5,0.0,0
58020000000,1492,58020000000,,0.0,0.0,0.5,0.0,0
58042000000,1493,58042000000,,0.0,0.0,0.5,0.0,0
58103000000,1494,58103000000,,0.0,0.0,0.5,0.0,0
58136000000,1495,58136000000,,0.0,0.0,0.5,0.0,0
58206000000,1496,58205000000,,0.0,0.0,0.5,0.0,0
58254000000,1497,58254000000,,0.0,0.0,0.5,0.0,0
58289000000,1498,58289000000,,0.0,0.0,0.5,0.0,0
58338000000,1499,58337000000,,0.0,0.0,0.5,0.0,0
58370000000,1500,58370000000,,0.0,0.0,0.5,0.0,0
58405000000,1501,58405000000,,0.0,0.0,0.5,0.0,0
58455000000,1502,58455000000,,0.0,0.0,0.5,0.0,0
58488000000,1503,58487000000,,0.0,0.0,0.5,0.0,0
58536000000,1504,58536000000,,0.0,0.0,0.5,0.0,0
58570000000,1505,58570000000,,0.0,0.0,0.5,0.0,0
58605000000,1506,58605000000,,0.0,0.0,0.5,0.0,0
58653000000,1507,58653000000,,0.0,0.0,0.5,0.0,0
58687000000,1508,58687000000,,0.0,0.0,0.5,0.0,0
58737000000,1509,58737000000,,0.0,0.0,0.5,0.0,0
58770000000,1510,58770000000,,0.0,0.0,0.5,0.0,0
58820000000,1511,58820000000,,0.0,0.0,0.5,0.0,0
58870000000,1512,58870000000,,0.0,0.0,0.5,0.0,0
58888000000,1513,58888000000,,0.0,0.0,0.5,0.0,0
58937000000,1514,58937000000,,0.0,0.0,0.5,0.0,0
58971000000,1515,58971000000,,0.0,0.0,0.5,0.0,0
59020000000,1516,59020000000,,0.0,0.0,0.5,0.0,0
59041000000,1517,59041000000,,0.0,0.0,0.5,0.0,0
59104000000,1518,59103000000,,0.0,0.0,0.5,0.0,0
59137000000,1519,59137000000,,0.0,0.0,0.5,0.0,0
59204000000,1520,59204000000,,0.0,0.0,0.5,0.0,0
59255000000,1521,59255000000,,0.0,0.0,0.5,0.0,0
59287000000,1522,59287000000,,0.0,0.0,0.5,0.0,0
59338000000,1523,59338000000,,0.0,0.0,0.5,0.0,0
59371000000,1524,59371000000,,0.0,0.0,0.5,0.0,0
59421000000,1525,59421000000,,0.0,0.0,0.5,0.0,0
59454000000,1526,59454000000,,0.0,0.0,0.5,0.0,0
59488000000,1527,59488000000,,0.0,0.0,0.5,0.0,0
59539000000,1528,59539000000,,0.0,0.0,0.5,0.0,0
59570000000,1529,59570000000,,0.0,0.0,0.5,0.0,0
59605000000,1530,59605000000,,0.0,0.0,0.5,0.0,0
59655000000,1531,59655000000,,0.0,0.0,0.5,0.0,0
59688000000,1532,59688000000,,0.0,0.0,0.5,0.0,0
59736000000,1533,59736000000,,0.0,0.0,0.5,0.0,0
59787000000,1534,59787000000,,0.0,0.0,0.5,0.0,0
59821000000,1535,59821000000,,0.0,0.0,0.5,0.0,0
59840000000,1536,59840000000,,0.0,0.0,0.5,0.0,0
59906000000,1537,59906000000,,0.0,0.0,0.5,0.0,0
59937000000,1538,59937000000,,0.0,0.0,0.5,0.0,0
59986000000,1539,59986000000,,0.0,0.0,0.5,0.0,0
60021000000,1540,60021000000,,0.0,0.0,0.5,0.0,0
60054000000,1541,60054000000,,0.0,0.0,0.5,0.0,0
60087000000,1542,60087000000,,0.0,0.0,0.5,0.0,0
60139000000,1543,60139000000,,0.0,0.0,0.5,0.0,0
60203000000,1544,60203000000,,0.0,0.0,0.5,0.0,0
60206000000,1545,60206000000,,0.0,0.0,0.5,0.0,0
60255000000,1546,60255000000,,0.0,0.0,0.5,0.0,0
60288000000,1547,60288000000,,0.0,0.0,0.5,0.0,0
60323000000,1548,60323000000,,0.0,0.0,0.5,0.0,0
60372000000,1549,60371000000,,0.0,0.0,0.5,0.0,0
60423000000,1550,60423000000,,0.0,0.0,0.5,0.0,0
60455000000,1551,60455000000,,0.0,0.0,0.5,0.0,0
60489000000,1552,60489000000,,0.0,0.0,0.5,0.0,0
60537000000,1553,60537000000,,0.0,0.0,0.5,0.0,0
60587000000,1554,60587000000,,0.0,0.0,0.5,0.0,0
60623000000,1555,60623000000,,0.0,0.0,0.5,0.0,0
60654000000,1556,60654000000,,0.0,0.0,0.5,0.0,0
60687000000,1557,60687000000,,0.0,0.0,0.5,0.0,0
60737000000,1558,60737000000,,0.0,0.0,0.5,0.0,0
60787000000,1559,60787000000,,0.0,0.0,0.5,0.0,0
60821000000,1560,60821000000,,0.0,0.0,0.5,0.0,0
60856000000,1561,60856000000,,0.0,0.0,0.5,0.0,0
60888000000,1562,60888000000,,0.0,0.0,0.5,0.0,0
60924000000,1563,60924000000,,0.0,0.0,0.5,0.0,0
60959000000,1564,60959000000,,0.0,0.0,0.5,0.0,0
61021000000,1565,61021000000,,0.0,0.0,0.5,0.0,0
61054000000,1566,61054000000,,0.0,0.0,0.5,0.0,0
61089000000,1567,61089000000,,0.0,0.0,0.5,0.0,0
61137000000,1568,61137000000,,0.0,0.0,0.5,0.0,0
61220000000,1569,61220000000,,0.0,0.0,0.5,0.0,0
61237000000,1570,61237000000,,0.0,0.0,0.5,0.0,0
61287000000,1571,61287000000,,0.0,0.0,0.5,0.0,0
61338000000,1572,61338000000,,0.0,0.0,0.5,0.0,0
61387000000,1573,61387000000,,0.0,0.0,0.5,0.0,0
61421000000,1574,61421000000,,0.0,0.0,0.5,0.0,0
61455000000,1575,61454000000,,0.0,0.0,0.5,0.0,0
61488000000,1576,61488000000,,0.0,0.0,0.5,0.0,0
61539000000,1577,61539000000,,0.0,0.0,0.5,0.0,0
61572000000,1578,61572000000,,0.0,0.0,0.5,0.0,0
61623000000,1579,61623000000,,0.0,0.0,0.5,0.0,0
61656000000,1580,61656000000,,0.0,0.0,0.5,0.0,0
61689000000,1581,61689000000,,0.0,0.0,0.5,0.0,0
61738000000,1582,61737000000,,0.0,0.0,0.5,0.0,0
61789000000,1583,61789000000,,0.0,0.0,0.5,0.0,0
61822000000,1584,61822000000,,0.0,0.0,0.5,0.0,0
61857000000,1585,61857000000,,0.0,0.0,0.5,0.0,0
61888000000,1586,61888000000,,0.0,0.0,0.5,0.0,0
61921000000,1587,61921000000,,0.0,0.0,0.5,0.0,0
61971000000,1588,61971000000,,0.0,0.0,0.5,0.0,0
62023000000,1589,62023000000,,0.0,0.0,0.5,0.0,0
62054000000,1590,62054000000,,0.0,0.0,0.5,0.0,0
62089000000,1591,62088000000,,0.0,0.0,0.5,0.0,0
62137000000,1592,62137000000,,0.0,0.0,0.5,0.0,0
62220000000,1593,62220000000,,0.0,0.0,0.5,0.0,0
62237000000,1594,62237000000,,0.0,0.0,0.5,0.0,0
62304000000,1595,62304000000,,0.0,0.0,0.5,0.0,0
62339000000,1596,62339000000,,0.0,0.0,0.5,0.0,0
62389000000,1597,62389000000,,0.0,0.0,0.5,0.0,0
62420000000,1598,62420000000,,0.0,0.0,0.5,0.0,0
62453000000,1599,62453000000,,0.0,0.0,0.5,0.0,0
62487000000,1600,62487000000,,0.0,0.0,0.5,0.0,0
62539000000,1601,62539000000,,0.0,0.0,0.5,0.0,0
62570000000,1602,62570000000,,0.0,0.0,0.5,0.0,0
62621000000,1603,62621000000,,0.0,0.0,0.5,0.0,0
62654000000,1604,62654000000,,0.0,0.0,0.5,0.0,0
62687000000,1605,62687000000,,0.0,0.0,0.5,0.0,0
62739000000,1606,62739000000,,0.0,0.0,0.5,0.0,0
62787000000,1607,62787000000,,0.0,0.0,0.5,0.0,0
62820000000,1608,62820000000,,0.0,0.0,0.5,0.0,0
62855000000,1609,62855000000,,0.0,0.0,0.5,0.0,0
62888000000,1610,62888000000,,0.0,0.0,0.5,0.0,0
62938000000,1611,62938000000,,0.0,0.0,0.5,0.0,0
62973000000,1612,62973000000,,0.0,0.0,0.5,0.0,0
63021000000,1613,63021000000,,0.0,0.0,0.5,0.0,0
63054000000,1614,63054000000,,0.0,0.0,0.5,0.0,0
63087000000,1615,63087000000,,0.0,0.0,0.5,0.0,0
63137000000,1616,63137000000,,0.0,0.0,0.5,0.0,0
63188000000,1617,63188000000,,0.0,0.0,0.5,0.0,0
63221000000,1618,63221000000,,0.0,0.0,0.5,0.0,0
63254000000,1619,63254000000,,0.0,0.0,0.5,0.0,0
63287000000,1620,63287000000,,0.0,0.0,0.5,0.0,0
63322000000,1621,63322000000,,0.0,0.0,0.5,0.0,0
63371000000,1622,63371000000,,0.0,0.0,0.5,0.0,0
63421000000,1623,63421000000,,0.0,0.0,0.5,0.0,0
63455000000,1624,63454000000,,0.0,0.0,0.5,0.0,0
63487000000,1625,63487000000,,0.0,0.0,0.5,0.0,0
63538000000,1626,63538000000,,0.0,0.0,0.5,0.0,0
63571000000,1627,63571000000,,0.0,0.0,0.5,0.0,0
63622000000,1628,63622000000,,0.0,0.0,0.5,0.0,0
63654000000,1629,63654000000,,0.0,0.0,0.5,0.0,0
63688000000,1630,63688000000,,0.0,0.0,0.5,0.0,0
63737000000,1631,63737000000,,0.0,0.0,0.5,0.0,0
63787000000,1632,63787000000,,0.0,0.0,0.5,0.0,0
63820000000,1633,63820000000,,0.0,0.0,0.5,0.0,0
63855000000,1634,63855000000,,0.0,0.0,0.5,0.0,0
63888000000,1635,63887000000,,0.0,0.0,0.5,0.0,0
63938000000,1636,63938000000,,0.0,0.0,0.5,0.0,0
63988000000,1637,63988000000,,0.0,0.0,0.5,0.0,0
64022000000,1638,64022000000,,0.0,0.0,0.5,0.0,0
64055000000,1639,64055000000,,0.0,0.0,0.5,0.0,0
64088000000,1640,64088000000,,0.0,0.0,0.5,0.0,0
64138000000,1641,64138000000,,0.0,0.0,0.5,0.0,0
64198000000,1642,64198000000,,0.0,0.0,0.5,0.0,0
64204000000,1643,64204000000,,0.0,0.0,0.5,0.0,0
64238000000,1644,64238000000,,0.0,0.0,0.5,0.0,0
64288000000,1645,64288000000,,0.0,0.0,0.5,0.0,0
64337000000,1646,64337000000,,0.0,0.0,0.5,0.0,0
64371000000,1647,64371000000,,0.0,0.0,0.5,0.0,0
64421000000,1648,64421000000,,0.0,0.0,0.5,0.0,0
64454000000,1649,64454000000,,0.0,0.0,0.5,0.0,0
64488000000,1650,64488000000,,0.0,0.0,0.5,0.0,0
64537000000,1651,64537000000,,0.0,0.0,0.5,0.0,0
64572000000,1652,64571000000,,0.0,0.0,0.5,0.0,0
64622000000,1653,64622000000,,0.0,0.0,0.5,0.0,0
64655000000,1654,64655000000,,0.0,0.0,0.5,0.0,0
64688000000,1655,64687000000,,0.0,0.0,0.5,0.0,0
64738000000,1656,64738000000,,0.0,0.0,0.5,0.0,0
64771000000,1657,64771000000,,0.0,0.0,0.5,0.0,0
64821000000,1658,64821000000,,0.0,0.0,0.5,0.0,0
64856000000,1659,64856000000,,0.0,0.0,0.5,0.0,0
64876000000,1660,64876000000,,0.0,0.0,0.5,0.0,0
64920000000,1661,64920000000,,0.0,0.0,0.5,0.0,0
64957000000,1662,64957000000,,0.0,0.0,0.5,0.0,0
65021000000,1663,65021000000,,0.0,0.0,0.5,0.0,0
65038000000,1664,65038000000,,0.0,0.0,0.5,0.0,0
65087000000,1665,65087000000,,0.0,0.0,0.5,0.0,0
65138000000,1666,65138000000,,0.0,0.0,0.5,0.0,0
65182000000,1667,65182000000,,0.0,0.0,0.5,0.0,0
65205000000,1668,65205000000,,0.0,0.0,0.5,0.0,0
65238000000,1669,65238000000,,0.0,0.0,0.5,0.0,0
65288000000,1670,65288000000,,0.0,0.0,0.5,0.0,0
65338000000,1671,65338000000,,0.0,0.0,0.5,0.0,0
65371000000,1672,65371000000,,0.0,0.0,0.5,0.0,0
65421000000,1673,65421000000,,0.0,0.0,0.5,0.0,0
65454000000,1674,65454000000,,0.0,0.0,0.5,0.0,0
65476000000,1675,65476000000,,0.0,0.0,0.5,0.0,0
65537000000,1676,65537000000,,0.0,0.0,0.5,0.0,0
65572000000,1677,65572000000,,0.0,0.0,0.5,0.0,0
65621000000,1678,65621000000,,0.0,0.0,0.5,0.0,0
65655000000,1679,65655000000,,0.0,0.0,0.5,0.0,0
65688000000,1680,65688000000,,0.0,0.0,0.5,0.0,0
65737000000,1681,65737000000,,0.0,0.0,0.5,0.0,0
65771000000,1682,65771000000,,0.0,0.0,0.5,0.0,0
65806000000,1683,65806000000,,0.0,0.0,0.5,0.0,0
65837000000,1684,65837000000,,0.0,0.0,0.5,0.0,0
65887000000,1685,65887000000,,0.0,0.0,0.5,0.0,0
65938000000,1686,65938000000,,0.0,0.0,0.5,0.0,0
65971000000,1687,65971000000,,0.0,0.0,0.5,0.0,0
66021000000,1688,66021000000,,0.0,0.0,0.5,0.0,0
66054000000,1689,66054000000,,0.0,0.0,0.5,0.0,0
66076000000,1690,66076000000,,0.0,0.0,0.5,0.0,0
66123000000,1691,66123000000,,0.0,0.0,0.5,0.0,0
66155000000,1692,66155000000,,0.0,0.0,0.5,0.0,0
66221000000,1693,66221000000,,0.0,0.0,0.5,0.0,0
66238000000,1694,66238000000,,0.0,0.0,0.5,0.0,0
66274000000,1695,66274000000,,0.0,0.0,0.5,0.0,0
66338000000,1696,66338000000,,0.0,0.0,0.5,0.0,0
66371000000,1697,66371000000,,0.0,0.0,0.5,0.0,0
66404000000,1698,66404000000,,0.0,0.0,0.5,0.0,0
66455000000,1699,66455000000,,0.0,0.0,0.5,0.0,0
66475000000,1700,66475000000,,0.0,0.0,0.5,0.0,0
66524000000,1701,66524000000,,0.0,0.0,0.5,0.0,0
66571000000,1702,66571000000,,0.0,0.0,0.5,0.0,0
66605000000,1703,66605000000,,0.0,0.0,0.5,0.0,0
66638000000,1704,66638000000,,0.0,0.0,0.5,0.0,0
66674000000,1705,66674000000,,0.0,0.0,0.5,0.0,0
66738000000,1706,66738000000,,0.0,0.0,0.5,0.0,0
66772000000,1707,66772000000,,0.0,0.0,0.5,0.0,0
66805000000,1708,66805000000,,0.0,0.0,0.5,0.0,0
66854000000,1709,66854000000,,0.0,0.0,0.5,0.0,0
66875000000,1710,66874000000,,0.0,0.0,0.5,0.0,0
66938000000,1711,66938000000,,0.0,0.0,0.5,0.0,0
66971000000,1712,66971000000,,0.0,0.0,0.5,0.0,0
67004000000,1713,67004000000,,0.0,0.0,0.5,0.0,0
67038000000,1714,67038000000,,0.0,0.0,0.5,0.0,0
67087000000,1715,67087000000,,0.0,0.0,0.5,0.0,0
67137000000,1716,67137000000,,0.0,0.0,0.5,0.0,0
67170000000,1717,67170000000,,0.0,0.0,0.5,0.0,0
67205000000,1718,67205000000,,0.0,0.0,0.5,0.0,0
67255000000,1719,67255000000,,0.0,0.0,0.5,0.0,0
67274000000,1720,67274000000,,0.0,0.0,0.5,0.0,0
67321000000,1721,67321000000,,0.0,0.0,0.5,0.0,0
67355000000,1722,67355000000,,0.0,0.0,0.5,0.0,0
67421000000,1723,67421000000,,0.0,0.0,0.5,0.0,0
67438000000,1724,67438000000,,0.0,0.0,0.5,0.0,0
67473000000,1725,67473000000,,0.0,0.0,0.5,0.0,0
67539000000,1726,67538000000,,0.0,0.0,0.5,0.0,0
67571000000,1727,67571000000,,0.0,0.0,0.5,0.0,0
67606000000,1728,67606000000,,0.0,0.0,0.5,0.0,0
67639000000,1729,67639000000,,0.0,0.0,0.5,0.0,0
67673000000,1730,67673000000,,0.0,0.0,0.5,0.0,0
67723000000,1731,67723000000,,0.0,0.0,0.5,0.0,0
67771000000,1732,67771000000,,0.0,0.0,0.5,0.0,0
67804000000,1733,67804000000,,0.0,0.0,0.5,0.0,0
67837000000,1734,67837000000,,0.0,0.0,0.5,0.0,0
67887000000,1735,67887000000,,0.0,0.0,0.5,0.0,0
67938000000,1736,67937000000,,0.0,0.0,0.5,0.0,0
67971000000,1737,67970000000,,0.0,0.0,0.5,0.0,0
68005000000,1738,68005000000,,0.0,0.0,0.5,0.0,0
68038000000,1739,68038000000,,0.0,0.0,0.5,0.0,0
68074000000,1740,68074000000,,0.0,0.0,0.5,0.0,0
68140000000,1741,68140000000,,0.0,0.0,0.5,0.0,0
68156000000,1742,68156000000,,0.0,0.0,0.5,0.0,0
68204000000,1743,68204000000,,0.0,0.0,0.5,0.0,0
68255000000,1744,68255000000,,0.0,0.0,0.5,0.0,0
68274000000,1745,68274000000,,0.0,0.0,0.5,0.0,0
68339000000,1746,68338000000,,0.0,0.0,0.5,0.0,0
68371000000,1747,68371000000,,0.0,0.0,0.5,0.0,0
68406000000,1748,68406000000,,0.0,0.0,0.5,0.0,0
68439000000,1749,68439000000,,0.0,0.0,0.5,0.0,0
68488000000,1750,68488000000,,0.0,0.0,0.5,0.0,0
68538000000,1751,68538000000,,0.0,0.0,0.5,0.0,0
68572000000,1752,68572000000,,0.0,0.0,0.5,0.0,0
68605000000,1753,68605000000,,0.0,0.0,0.5,0.0,0
68655000000,1754,68655000000,,0.0,0.0,0.5,0.0,0
68688000000,1755,68688000000,,0.0,0.0,0.5,0.0,0
68738000000,1756,68738000000,,0.0,0.0,0.5,0.0,0
68771000000,1757,68771000000,,0.0,0.0,0.5,0.0,0
68805000000,1758,68805000000,,0.0,0.0,0.5,0.0,0
68855000000,1759,68855000000,,0.0,0.0,0.5,0.0,0
68873000000,1760,68872000000,,0.0,0.0,0.5,0.0,0
68938000000,1761,68938000000,,0.0,0.0,0.5,0.0,0
68971000000,1762,68971000000,,0.0,0.0,0.5,0.0,0
69004000000,1763,69004000000,,0.0,0.0,0.5,0.0,0
69039000000,1764,69038000000,,0.0,0.0,0.5,0.0,0
69090000000,1765,69090000000,,0.0,0.0,0.5,0.0,0
69122000000,1766,69121000000,,0.0,0.0,0.5,0.0,0
69172000000,1767,69172000000,,0.0,0.0,0.5,0.0,0
69205000000,1768,69205000000,,0.0,0.0,0.5,0.0,0
69239000000,1769,69239000000,,0.0,0.0,0.5,0.0,0
69288000000,1770,69288000000,,0.0,0.0,0.5,0.0,0
69339000000,1771,69339000000,,0.0,0.0,0.5,0.0,0
69372000000,1772,69372000000,,0.0,0.0,0.5,0.0,0
69405000000,1773,69404000000,,0.0,0.0,0.5,0.0,0
69455000000,1774,69455000000,,0.0,0.0,0.5,0.0,0
69489000000,1775,69489000000,,0.0,0.0,0.5,0.0,0
69538000000,1776,69538000000,,0.0,0.0,0.5,0.0,0
69573000000,1777,69572000000,,0.0,0.0,0.5,0.0,0
69593000000,1778,69593000000,,0.0,0.0,0.5,0.0,0
69656000000,1779,69656000000,,0.0,0.0,0.5,0.0,0
69689000000,1780,69689000000,,0.0,0.0,0.5,0.0,0
69738000000,1781,69738000000,,0.0,0.0,0.5,0.0,0
69772000000,1782,69772000000,,0.0,0.0,0.5,0.0,0
69794000000,1783,69794000000,,0.0,0.0,0.5,0.0,0
69855000000,1784,69855000000,,0.0,0.0,0.5,0.0,0
69888000000,1785,69888000000,,0.0,0.0,0.5,0.0,0
69939000000,1786,69938000000,,0.0,0.0,0.5,0.0,0
69973000000,1787,69973000000,,0.0,0.0,0.5,0.0,0
69993000000,1788,69993000000,,0.0,0.0,0.5,0.0,0
70054000000,1789,70054000000,,0.0,0.0,0.5,0.0,0
70089000000,1790,70089000000,,0.0,0.0,0.5,0.0,0
70122000000,1791,70122000000,,0.0,0.0,0.5,0.0,0
70172000000,1792,70172000000,,0.0,0.0,0.5,0.0,0
70205000000,1793,70205000000,,0.0,0.0,0.5,0.0,0
70238000000,1794,70237000000,,0.0,0.0,0.5,0.0,0
70288000000,1795,70288000000,,0.0,0.0,0.5,0.0,0
70338000000,1796,70337000000,,0.0,0.0,0.5,0.0,0
70372000000,1797,70372000000,,0.0,0.0,0.5,0.0,0
70392000000,1798,70392000000,,0.0,0.0,0.5,0.0,0
70455000000,1799,70455000000,,0.0,0.0,0.5,0.0,0
70488000000,1800,70488000000,,0.0,0.0,0.5,0.0,0
70538000000,1801,70538000000,,0.0,0.0,0.5,0.0,0
70571000000,1802,70571000000,,0.0,0.0,0.5,0.0,0
70592000000,1803,70591000000,,0.0,0.0,0.5,0.0,0
70639000000,1804,70639000000,,0.0,0.0,0.5,0.0,0
70672000000,1805,70672000000,,0.0,0.0,0.5,0.0,0
70737000000,1806,70737000000,,0.0,0.0,0.5,0.0,0
70772000000,1807,70772000000,,0.0,0.0,0.5,0.0,0
70792000000,1808,70792000000,,0.0,0.0,0.5,0.0,0
70855000000,1809,70855000000,,0.0,0.0,0.5,0.0,0
70888000000,1810,70888000000,,0.0,0.0,0.5,0.0,0
70923000000,1811,70923000000,,0.0,0.0,0.5,0.0,0
70972000000,1812,70972000000,,0.0,0.0,0.5,0.0,0
70992000000,1813,70992000000,,0.0,0.0,0.5,0.0,0
71039000000,1814,71039000000,,0.0,0.0,0.5,0.0,0
71072000000,1815,71072000000,,0.0,0.0,0.5,0.0,0
71122000000,1816,71122000000,,0.0,0.0,0.5,0.0,0
71184000000,1817,71184000000,,0.0,0.0,0.5,0.0,0
71205000000,1818,71205000000,,0.0,0.0,0.5,0.0,0
71255000000,1819,71254000000,,0.0,0.0,0.5,0.0,0
71287000000,1820,71287000000,,0.0,0.0,0.5,0.0,0
71322000000,1821,71322000000,,0.0,0.0,0.5,0.0,0
71372000000,1822,71372000000,,0.0,0.0,0.5,0.0,0
71392000000,1823,71392000000,,0.0,0.0,0.5,0.0,0
71439000000,1824,71439000000,,0.0,0.0,0.5,0.0,0
71474000000,1825,71474000000,,0.0,0.0,0.5,0.0,0
71523000000,1826,71523000000,,0.0,0.0,0.5,0.0,0
71571000000,1827,71571000000,,0.0,0.0,0.5,0.0,0
71590000000,1828,71590000000,,0.0,0.0,0.5,0.0,0
71655000000,1829,71655000000,,0.0,0.0,0.5,0.0,0
71689000000,1830,71689000000,,0.0,0.0,0.5,0.0,0
71721000000,1831,71721000000,,0.0,0.0,0.5,0.0,0
71756000000,1832,71756000000,,0.0,0.0,0.5,0.0,0
71792000000,1833,71792000000,,0.0,0.0,0.5,0.0,0
71831000000,1834,71831000000,,0.0,0.0,0.5,0.0,0
71889000000,1835,71889000000,,0.0,0.0,0.5,0.0,0
71922000000,1836,71922000000,,0.0,0.0,0.5,0.0,0
71972000000,1837,71972000000,,0.0,0.0,0.5,0.0,0
71991000000,1838,71991000000,,0.0,0.0,0.5,0.0,0
72056000000,1839,72056000000,,0.0,0.0,0.5,0.0,0
72088000000,1840,72088000000,,0.0,0.0,0.5,0.0,0
72123000000,1841,72123000000,,0.0,0.0,0.5,0.0,0
72161000000,1842,72161000000,,0.0,0.0,0.5,0.0,0
72204000000,1843,72204000000,,0.0,0.0,0.5,0.0,0
72254000000,1844,72254000000,,0.0,0.0,0.5,0.0,0
72289000000,1845,72289000000,,0.0,0.0,0.5,0.0,0
72323000000,1846,72323000000,,0.0,0.0,0.5,0.0,0
72372000000,1847,72372000000,,0.0,0.0,0.5,0.0,0
72391000000,1848,72391000000,,0.0,0.0,0.5,0.0,0
72455000000,1849,72455000000,,0.0,0.0,0.5,0.0,0
72489000000,1850,72489000000,,0.0,0.0,0.5,0.0,0
72538000000,1851,72538000000,,0.0,0.0,0.5,0.0,0
72572000000,1852,72572000000,,0.0,0.0,0.5,0.0,0
72591000000,1853,72591000000,,0.0,0.0,0.5,0.0,0
72656000000,1854,72655000000,,0.0,0.0,0.5,0.0,0
72688000000,1855,72688000000,,0.0,0.0,0.5,0.0,0
72722000000,1856,72722000000,,0.0,0.0,0.5,0.0,0
72773000000,1857,72773000000,,0.0,0.0,0.5,0.0,0
72808000000,1858,72808000000,,0.0,0.0,0.5,0.0,0
72855000000,1859,72855000000,,0.0,0.0,0.5,0.0,0
72888000000,1860,72888000000,,0.0,0.0,0.5,0.0,0
72922000000,1861,72922000000,,0.0,0.0,0.5,0.0,0
72971000000,1862,72971000000,,0.0,0.0,0.5,0.0,0
72991000000,1863,72991000000,,0.0,0.0,0.5,0.0,0
73054000000,1864,73054000000,,0.0,0.0,0.5,0.0,0
73089000000,1865,73089000000,,0.0,0.0,0.5,0.0,0
73109000000,1866,73109000000,,0.0,0.0,0.5,0.0,0
73191000000,1867,73191000000,,0.0,0.0,0.5,0.0,0
73255000000,1868,73255000000,,0.0,0.0,0.5,0.0,0
73288000000,1869,73288000000,,0.0,0.0,0.5,0.0,0
73338000000,1870,73338000000,,0.0,0.0,0.5,0.0,0
73372000000,1871,73371000000,,0.0,0.0,0.5,0.0,0
73406000000,1872,73406000000,,0.0,0.0,0.5,0.0,0
73439000000,1873,73439000000,,0.0,0.0,0.5,0.0,0
73488000000,1874,73488000000,,0.0,0.0,0.5,0.0,0
73510000000,1875,73510000000,,0.0,0.0,0.5,0.0,0
73573000000,1876,73573000000,,0.0,0.0,0.5,0.0,0
73606000000,1877,73605000000,,0.0,0.0,0.5,0.0,0
73638000000,1878,73638000000,,0.0,0.0,0.5,0.0,0
73690000000,1879,73690000000,,0.0,0.0,0.5,0.0,0
73709000000,1880,73709000000,,0.0,0.0,0.5,0.0,0
73758000000,1881,73758000000,,0.0,0.0,0.5,0.0,0
73805000000,1882,73805000000,,0.0,0.0,0.5,0.0,0
73855000000,1883,73855000000,,0.0,0.0,0.5,0.0,0
73888000000,1884,73888000000,,0.0,0.0,0.5,0.0,0
73908000000,1885,73908000000,,0.0,0.0,0.5,0.0,0
73974000000,1886,73974000000,,0.0,0.0,0.5,0.0,0
74005000000,1887,74005000000,,0.0,0.0,0.5,0.0,0
74038000000,1888,74038000000,,0.0,0.0,0.5,0.0,0
74089000000,1889,74089000000,,0.0,0.0,0.5,0.0,0
74109000000,1890,74109000000,,0.0,0.0,0.5,0.0,0
74205000000,1891,74205000000,,0.0,0.0,0.5,0.0,0
74255000000,1892,74255000000,,0.0,0.0,0.5,0.0,0
74290000000,1893,74290000000,,0.0,0.0,0.5,0.0,0
74309000000,1894,74309000000,,0.0,0.0,0.5,0.0,0
74356000000,1895,74356000000,,0.0,0.0,0.5,0.0,0
74390000000,1896,74390000000,,0.0,0.0,0.5,0.0,0
74454000000,1897,74454000000,,0.0,0.0,0.5,0.0,0
74489000000,1898,74489000000,,0.0,0.0,0.5,0.0,0
74509000000,1899,74509000000,,0.0,0.0,0.5,0.0,0
74573000000,1900,74573000000,,0.0,0.0,0.5,0.0,0
74605000000,1901,74605000000,,0.0,0.0,0.5,0.0,0
74639000000,1902,74639000000,,0.0,0.0,0.5,0.0,0
74690000000,1903,74690000000,,0.0,0.0,0.5,0.0,0
74708000000,1904,74708000000,,0.0,0.0,0.5,0.0,0
74771000000,1905,74771000000,,0.0,0.0,0.5,0.0,0
74806000000,1906,74806000000,,0.0,0.0,0.5,0.0,0
74839000000,1907,74839000000,,0.0,0.0,0.5,0.0,0
74889000000,1908,74889000000,,0.0,0.0,0.5,0.0,0
74922000000,1909,74922000000,,0.0,0.0,0.5,0.0,0
74971000000,1910,74971000000,,0.0,0.0,0.5,0.0,0
75005000000,1911,75005000000,,0.0,0.0,0.5,0.0,0
75056000000,1912,75056000000,,0.0,0.0,0.5,0.0,0
75089000000,1913,75089000000,,0.0,0.0,0.5,0.0,0
75109000000,1914,75109000000,,0.0,0.0,0.5,0.0,0
75205000000,1915,75205000000,,0.0,0.0,0.5,0.0,0
75239000000,1916,75239000000,,0.0,0.0,0.5,0.0,0
75274000000,1917,75274000000,,0.0,0.0,0.5,0.0,0
75322000000,1918,75322000000,,0.0,0.0,0.5,0.0,0
75372000000,1919,75372000000,,0.0,0.0,0.5,0.0,0
75405000000,1920,75405000000,,0.0,0.0,0.5,0.0,0
75438000000,1921,75438000000,,0.0,0.0,0.5,0.0,0
75489000000,1922,75488000000,,0.0,0.0,0.5,0.0,0
75507000000,1923,75507000000,,0.0,0.0,0.5,0.0,0
75572000000,1924,75572000000,,0.0,0.0,0.5,0.0,0
75606000000,1925,75606000000,,0.0,0.0,0.5,0.0,0
75639000000,1926,75639000000,,0.0,0.0,0.5,0.0,0
75690000000,1927,75689000000,,0.0,0.0,0.5,0.0,0
75708000000,1928,75708000000,,0.0,0.0,0.5,0.0,0
75755000000,1929,75755000000,,0.0,0.0,0.5,0.0,0
75805000000,1930,75805000000,,0.0,0.0,0.5,0.0,0
75855000000,1931,75855000000,,0.0,0.0,0.5,0.0,0
75889000000,1932,75888000000,,0.0,0.0,0.5,0.0,0
75907000000,1933,75907000000,,0.0,0.0,0.5,0.0,0
75958000000,1934,75958000000,,0.0,0.0,0.5,0.0,0
76004000000,1935,76004000000,,0.0,0.0,0.5,0.0,0
76039000000,1936,76039000000,,0.0,0.0,0.5,0.0,0
76072000000,1937,76072000000,,0.0,0.0,0.5,0.0,0
76123000000,1938,76123000000,,0.0,0.0,0.5,0.0,0
76182000000,1939,76182000000,,0.0,0.0,0.5,0.0,0
76206000000,1940,76206000000,,0.0,0.0,0.5,0.0,0
76241000000,1941,76241000000,,0.0,0.0,0.5,0.0,0
76289000000,1942,76289000000,,0.0,0.0,0.5,0.0,0
76308000000,1943,76308000000,,0.0,0.0,0.5,0.0,0
76356000000,1944,76356000000,,0.0,0.0,0.5,0.0,0
76391000000,1945,76391000000,,0.0,0.0,0.5,0.0,0
76455000000,1946,76455000000,,0.0,0.0,0.5,0.0,0
76488000000,1947,76488000000,,0.0,0.0,0.5,0.0,0
76507000000,1948,76507000000,,0.0,0.0,0.5,0.0,0
76573000000,1949,76573000000,,0.0,0.0,0.5,0.0,0
76606000000,1950,76606000000,,0.0,0.0,0.5,0.0,0
76656000000,1951,76656000000,,0.0,0.0,0.5,0.0,0
76689000000,1952,76689000000,,0.0,0.0,0.5,0.0,0
76722000000,1953,76722000000,,0.0,0.0,0.5,0.0,0
76772000000,1954,76772000000,,0.0,0.0,0.5,0.0,0
76805000000,1955,76805000000,,0.0,0.0,0.5,0.0,0
76839000000,1956,76839000000,,0.0,0.0,0.5,0.0,0
76889000000,1957,76889000000,,0.0,0.0,0.5,0.0,0
76922000000,1958,76922000000,,0.0,0.0,0.5,0.0,0
76973000000,1959,76972000000,,0.0,0.0,0.5,0.0,0
77007000000,1960,77007000000,,0.0,0.0,0.5,0.0,0
77056000000,1961,77056000000,,0.0,0.0,0.5,0.0,0
77089000000,1962,77089000000,,0.0,0.0,0.5,0.0,0
77122000000,1963,77122000000,,0.0,0.0,0.5,0.0,0
77189000000,1964,77189000000,,0.0,0.0,0.5,0.0,0
77239000000,1965,77239000000,,0.0,0.0,0.5,0.0,0
77289000000,1966,77289000000,,0.0,0.0,0.5,0.0,0
77323000000,1967,77323000000,,0.0,0.0,0.5,0.0,0
77372000000,1968,77372000000,,0.0,0.0,0.5,0.0,0
77405000000,1969,77405000000,,0.0,0.0,0.5,0.0,0
77440000000,1970,77440000000,,0.0,0.0,0.5,0.0,0
77488000000,1971,77488000000,,0.0,0.0,0.5,0.0,0
77523000000,1972,77523000000,,0.0,0.0,0.5,0.0,0
77556000000,1973,77556000000,,0.0,0.0,0.5,0.0,0
77589000000,1974,77589000000,,0.0,0.0,0.5,0.0,0
77627000000,1975,77627000000,,0.0,0.0,0.5,0.0,0
77689000000,1976,77689000000,,0.0,0.0,0.5,0.0,0
77722000000,1977,77722000000,,0.0,0.0,0.5,0.0,0
77772000000,1978,77772000000,,0.0,0.0,0.5,0.0,0
77807000000,1979,77806000000,,0.0,0.0,0.5,0.0,0
77839000000,1980,77839000000,,0.0,0.0,0.5,0.0,0
77872000000,1981,77872000000,,0.0,0.0,0.5,0.0,0
77907000000,1982,77907000000,,0.0,0.0,0.5,0.0,0
77973000000,1983,77973000000,,0.0,0.0,0.5,0.0,0
78006000000,1984,78006000000,,0.0,0.0,0.5,0.0,0
78028000000,1985,78028000000,,0.0,0.0,0.5,0.0,0
78073000000,1986,78073000000,,0.0,0.0,0.5,0.0,0
78108000000,1987,78108000000,,0.0,0.0,0.5,0.0,0
78207000000,1988,78207000000,,0.0,0.0,0.5,0.0,0
78227000000,1989,78227000000,,0.0,0.0,0.5,0.0,0
78289000000,1990,78289000000,,0.0,0.0,0.5,0.0,0
78323000000,1991,78323000000,,0.0,0.0,0.5,0.0,0
78355000000,1992,78355000000,,0.0,0.0,0.5,0.0,0
78388000000,1993,78388000000,,0.0,0.0,0.5,0.0,0
78438000000,1994,78438000000,,0.0,0.0,0.5,0.0,0
78488000000,1995,78488000000,,0.0,0.0,0.5,0.0,0
78522000000,1996,78522000000,,0.0,0.0,0.5,0.0,0
78555000000,1997,78555000000,,0.0,0.0,0.5,0.0,0
78605000000,1998,78605000000,,0.0,0.0,0.5,0.0,0
78627000000,1999,78627000000,,0.0,0.0,0.5,0.0,0
78673000000,2000,78672000000,,0.0,0.0,0.5,0.0,0
78723000000,2001,78723000000,,0.0,0.0,0.5,0.0,0
78756000000,2002,78756000000,,0.0,0.0,0.5,0.0,0
78789000000,2003,78789000000,,0.0,0.0,0.5,0.0,0
78827000000,2004,78826000000,,0.0,0.0,0.5,0.0,0
78874000000,2005,78873000000,,0.0,0.0,0.5,0.0,0
78908000000,2006,78908000000,,0.0,0.0,0.5,0.0,0
78973000000,2007,78973000000,,0.0,0.0,0.5,0.0,0
79006000000,2008,79006000000,,0.0,0.0,0.5,0.0,0
79025000000,2009,79025000000,,0.0,0.0,0.5,0.0,0
79072000000,2010,79072000000,,0.0,0.0,0.5,0.0,0
79107000000,2011,79106000000,,0.0,0.0,0.5,0.0,0
79181000000,2012,79181000000,,0.0,0.0,0.5,0.0,0
79206000000,2013,79206000000,,0.0,0.0,0.5,0.0,0
79226000000,2014,79226000000,,0.0,0.0,0.5,0.0,0
79272000000,2015,79271000000,,0.0,0.0,0.5,0.0,0
79306000000,2016,79306000000,,0.0,0.0,0.5,0.0,0
79373000000,2017,79373000000,,0.0,0.0,0.5,0.0,0
79406000000,2018,79406000000,,0.0,0.0,0.5,0.0,0
79426000000,2019,79426000000,,0.0,0.0,0.5,0.0,0
79471000000,2020,79471000000,,0.0,0.0,0.5,0.0,0
79521000000,2021,79521000000,,0.0,0.0,0.5,0.0,0
79556000000,2022,79556000000,,0.0,0.0,0.5,0.0,0
79606000000,2023,79606000000,,0.0,0.0,0.5,0.0,0
79639000000,2024,79639000000,,0.0,0.0,0.5,0.0,0
79672000000,2025,79672000000,,0.0,0.0,0.5,0.0,0
79721000000,2026,79721000000,,0.0,0.0,0.5,0.0,0
79756000000,2027,79756000000,,0.0,0.0,0.5,0.0,0
79806000000,2028,79806000000,,0.0,0.0,0.5,0.0,0
79826000000,2029,79826000000,,0.0,0.0,0.5,0.0,0
79889000000,2030,79889000000,,0.0,0.0,0.5,0.0,0
79922000000,2031,79922000000,,0.0,0.0,0.5,0.0,0
79955000000,2032,79955000000,,0.0,0.0,0.5,0.0,0
79988000000,2033,79988000000,,0.0,0.0,0.5,0.0,0
80039000000,2034,80038000000,,0.0,0.0,0.5,0.0,0
80071000000,2035,80071000000,,0.0,0.0,0.5,0.0,0
80123000000,2036,80123000000,,0.0,0.0,0.5,0.0,0
80169000000,2037,80169000000,,0.0,0.0,0.5,0.0,0
80189000000,2038,80189000000,,0.0,0.0,0.5,0.0,0
80225000000,2039,80225000000,,0.0,0.0,0.5,0.0,0
80288000000,2040,80288000000,,0.0,0.0,0.5,0.0,0
80323000000,2041,80322000000,,0.0,0.0,0.5,0.0,0
80357000000,2042,80357000000,,0.0,0.0,0.5,0.0,0
80391000000,2043,80391000000,,0.0,0.0,0.5,0.0,0
80440000000,2044,80440000000,,0.0,0.0,0.5,0.0,0
80473000000,2045,80473000000,,0.0,0.0,0.5,0.0,0
80523000000,2046,80523000000,,0.0,0.0,0.5,0.0,0
80574000000,2047,80574000000,,0.0,0.0,0.5,0.0,0
80608000000,2048,80608000000,,0.0,0.0,0.5,0.0,0
80640000000,2049,80640000000,,0.0,0.0,0.5,0.0,0
80674000000,2050,80674000000,,0.0,0.0,0.5,0.0,0
80724000000,2051,80724000000,,0.0,0.0,0.5,0.0,0
80772000000,2052,80772000000,,0.0,0.0,0.5,0.0,0
80807000000,2053,80807000000,,0.0,0.0,0.5,0.0,0
80840000000,2054,80840000000,,0.0,0.0,0.5,0.0,0
80872000000,2055,80872000000,,0.0,0.0,0.5,0.0,0
80923000000,2056,80922000000,,0.0,0.0,0.5,0.0,0
80974000000,2057,80974000000,,0.0,0.0,0.5,0.0,0
81005000000,2058,81005000000,,0.0,0.0,0.5,0.0,0
81024000000,2059,81024000000,,0.0,0.0,0.5,0.0,0
81090000000,2060,81090000000,,0.0,0.0,0.5,0.0,0
81124000000,2061,81124000000,,0.0,0.0,0.5,0.0,0
81188000000,2062,81188000000,,0.0,0.0,0.5,0.0,0
81224000000,2063,81224000000,,0.0,0.0,0.5,0.0,0
81289000000,2064,81289000000,,0.0,0.0,0.5,0.0,0
81305000000,2065,81305000000,,0.0,0.0,0.5,0.0,0
81344000000,2066,81344000000,,0.0,0.0,0.5,0.0,0
81406000000,2067,81406000000,,0.0,0.0,0.5,0.0,0
81439000000,2068,81439000000,,0.0,0.0,0.5,0.0,0
81472000000,2069,81472000000,,0.0,0.0,0.5,0.0,0
81524000000,2070,81524000000,,0.0,0.0,0.5,0.0,0
81572000000,2071,81572000000,,0.0,0.0,0.5,0.0,0
81605000000,2072,81605000000,,0.0,0.0,0.5,0.0,0
81639000000,2073,81639000000,,0.0,0.0,0.5,0.0,0
81673000000,2074,81673000000,,0.0,0.0,0.5,0.0,0
81721000000,2075,81721000000,,0.0,0.0,0.5,0.0,0
81757000000,2076,81757000000,,0.0,0.0,0.5,0.0,0
81806000000,2077,81806000000,,0.0,0.0,0.5,0.0,0
81824000000,2078,81823000000,,0.0,0.0,0.5,0.0,0
81873000000,2079,81873000000,,0.0,0.0,0.5,0.0,0
81923000000,2080,81923000000,,0.0,0.0,0.5,0.0,0
81974000000,2081,81973000000,,0.0,0.0,0.5,0.0,0
82006000000,2082,82006000000,,0.0,0.0,0.5,0.0,0
82039000000,2083,82039000000,,0.0,0.0,0.5,0.0,0
82072000000,2084,82072000000,,0.0,0.0,0.5,0.0,0
82122000000,2085,82122000000,,0.0,0.0,0.5,0.0,0
82188000000,2086,82188000000,,0.0,0.0,0.5,0.0,0
82224000000,2087,82224000000,,0.0,0.0,0.5,0.0,0
82272000000,2088,82272000000,,0.0,0.0,0.5,0.0,0
82322000000,2089,82322000000,,0.0,0.0,0.5,0.0,0
82355000000,2090,82355000000,,0.0,0.0,0.5,0.0,0
82407000000,2091,82407000000,,0.0,0.0,0.5,0.0,0
82440000000,2092,82440000000,,0.0,0.0,0.5,0.0,0
82473000000,2093,82473000000,,0.0,0.0,0.5,0.0,0
82525000000,2094,82525000000,,0.0,0.0,0.5,0.0,0
82557000000,2095,82556000000,,0.0,0.0,0.5,0.0,0
82607000000,2096,82607000000,,0.0,0.0,0.5,0.0,0
82640000000,2097,82640000000,,0.0,0.0,0.5,0.0,0
82673000000,2098,82673000000,,0.0,0.0,0.5,0.0,0
82724000000,2099,82724000000,,0.0,0.0,0.5,0.0,0
82772000000,2100,82772000000,,0.0,0.0,0.5,0.0,0
82805000000,2101,82805000000,,0.0,0.0,0.5,0.0,0
82839000000,2102,82839000000,,0.0,0.0,0.5,0.0,0
82872000000,2103,82872000000,,0.0,0.0,0.5,0.0,0
82923000000,2104,82922000000,,0.0,0.0,0.5,0.0,0
82974000000,2105,82974000000,,0.0,0.0,0.5,0.0,0
83007000000,2106,83007000000,,0.0,0.0,0.5,0.0,0
83040000000,2107,83040000000,,0.0,0.0,0.5,0.0,0
83073000000,2108,83073000000,,0.0,0.0,0.5,0.0,0
83106000000,2109,83106000000,,0.0,0.0,0.5,0.0,0
83142000000,2110,83142000000,,0.0,0.0,0.5,0.0,0
83205000000,2111,83205000000,,0.0,0.0,0.5,0.0,0
83223000000,2112,83223000000,,0.0,0.0,0.5,0.0,0
83273000000,2113,83273000000,,0.0,0.0,0.5,0.0,0
83307000000,2114,83307000000,,0.0,0.0,0.5,0.0,0
83356000000,2115,83356000000,,0.0,0.0,0.5,0.0,0
83408000000,2116,83408000000,,0.0,0.0,0.5,0.0,0
83440000000,2117,83440000000,,0.0,0.0,0.5,0.0,0
83473000000,2118,83473000000,,0.0,0.0,0.5,0.0,0
83524000000,2119,83523000000,,0.0,0.0,0.5,0.0,0
83571000000,2120,83571000000,,0.0,0.0,0.5,0.0,0
83606000000,2121,83606000000,,0.0,0.0,0.5,0.0,0
83623000000,2122,83623000000,,0.0,0.0,0.5,0.0,0
83673000000,2123,83673000000,,0.0,0.0,0.5,0.0,0
83707000000,2124,83707000000,,0.0,0.0,0.5,0.0,0
83743000000,2125,83743000000,,0.0,0.0,0.5,0.0,0
83788000000,2126,83788000000,,0.0,0.0,0.5,0.0,0
83823000000,2127,83823000000,,0.0,0.0,0.5,0.0,0
83889000000,2128,83889000000,,0.0,0.0,0.5,0.0,0
83906000000,2129,83906000000,,0.0,0.0,0.5,0.0,0
83942000000,2130,83942000000,,0.0,0.0,0.5,0.0,0
84005000000,2131,84005000000,,0.0,0.0,0.5,0.0,0
84040000000,2132,84040000000,,0.0,0.0,0.5,0.0,0
84073000000,2133,84073000000,,0.0,0.0,0.5,0.0,0
84123000000,2134,84123000000,,0.0,0.0,0.5,0.0,0
84189000000,2135,84189000000,,0.0,0.0,0.5,0.0,0
84223000000,2136,84223000000,,0.0,0.0,0.5,0.0,0
84274000000,2137,84274000000,,0.0,0.0,0.5,0.0,0
84305000000,2138,84305000000,,0.0,0.0,0.5,0.0,0
84343000000,2139,84343000000,,0.0,0.0,0.5,0.0,0
84406000000,2140,84406000000,,0.0,0.0,0.5,0.0,0
84422000000,2141,84422000000,,0.0,0.0,0.5,0.0,0
84472000000,2142,84472000000,,0.0,0.0,0.5,0.0,0
84524000000,2143,84524000000,,0.0,0.0,0.5,0.0,0
84555000000,2144,84555000000,,0.0,0.0,0.5,0.0,0
84606000000,2145,84606000000,,0.0,0.0,0.5,0.0,0
84639000000,2146,84639000000,,0.0,0.0,0.5,0.0,0
84689000000,2147,84689000000,,0.0,0.0,0.5,0.0,0
84724000000,2148,84724000000,,0.0,0.0,0.5,0.0,0
84755000000,2149,84755000000,,0.0,0.0,0.5,0.0,0
84806000000,2150,84805000000,,0.0,0.0,0.5,0.0,0
84838000000,2151,84838000000,,0.0,0.0,0.5,0.0,0
84875000000,2152,84875000000,,0.0,0.0,0.5,0.0,0
84906000000,2153,84906000000,,0.0,0.0,0.5,0.0,0
84956000000,2154,84956000000,,0.0,0.0,0.5,0.0,0
85006000000,2155,85006000000,,0.0,0.0,0.5,0.0,0
85039000000,2156,85039000000,,0.0,0.0,0.5,0.0,0
85072000000,2157,85072000000,,0.0,0.0,0.5,0.0,0
85122000000,2158,85122000000,,0.0,0.0,0.5,0.0,0
85188000000,2159,85188000000,,0.0,0.0,0.5,0.0,0
85224000000,2160,85224000000,,0.0,0.0,0.5,0.0,0
85272000000,2161,85271000000,,0.0,0.0,0.5,0.0,0
85322000000,2162,85322000000,,0.0,0.0,0.5,0.0,0
85372000000,2163,85372000000,,0.0,0.0,0.5,0.0,0
85405000000,2164,85405000000,,0.0,0.0,0.5,0.0,0
85424000000,2165,85424000000,,0.0,0.0,0.5,0.0,0
85473000000,2166,85473000000,,0.0,0.0,0.5,0.0,0
85523000000,2167,85523000000,,0.0,0.0,0.5,0.0,0
85556000000,2168,85556000000,,0.0,0.0,0.5,0.0,0
85607000000,2169,85607000000,,0.0,0.0,0.5,0.0,0
85642000000,2170,85641000000,,0.0,0.0,0.5,0.0,0
85673000000,2171,85673000000,,0.0,0.0,0.5,0.0,0
85723000000,2172,85723000000,,0.0,0.0,0.5,0.0,0
85772000000,2173,85772000000,,0.0,0.0,0.5,0.0,0
85807000000,2174,85806000000,,0.0,0.0,0.5,0.0,0
85839000000,2175,85839000000,,0.0,0.0,0.5,0.0,0
85872000000,2176,85872000000,,0.0,0.0,0.5,0.0,0
85923000000,2177,85922000000,,0.0,0.0,0.5,0.0,0
85973000000,2178,85973000000,,0.0,0.0,0.5,0.0,0
86006000000,2179,86006000000,,0.0,0.0,0.5,0.0,0
86040000000,2180,86040000000,,0.0,0.0,0.5,0.0,0
86061000000,2181,86061000000,,0.0,0.0,0.5,0.0,0
86123000000,2182,86123000000,,0.0,0.0,0.5,0.0,0
86191000000,2183,86191000000,,0.0,0.0,0.5,0.0,0
86239000000,2184,86239000000,,0.0,0.0,0.5,0.0,0
86273000000,2185,86272000000,,0.0,0.0,0.5,0.0,0
86323000000,2186,86323000000,,0.0,0.0,0.5,0.0,0
86356000000,2187,86356000000,,0.0,0.0,0.5,0.0,0
86406000000,2188,86406000000,,0.0,0.0,0.5,0.0,0
86439000000,2189,86439000000,,0.0,0.0,0.5,0.0,0
86461000000,2190,86461000000,,0.0,0.0,0.5,0.0,0
86522000000,2191,86522000000,,0.0,0.0,0.5,0.0,0
86556000000,2192,86556000000,,0.0,0.0,0.5,0.0,0
86589000000,2193,86589000000,,0.0,0.0,0.5,0.0,0
86622000000,2194,86622000000,,0.0,0.0,0.5,0.0,0
86672000000,2195,86672000000,,0.0,0.0,0.5,0.0,0
86723000000,2196,86723000000,,0.0,0.0,0.5,0.0,0
86756000000,2197,86756000000,,0.0,0.0,0.5,0.0,0
86789000000,2198,86789000000,,0.0,0.0,0.5,0.0,0
86822000000,2199,86822000000,,0.0,0.0,0.5,0.0,0
86872000000,2200,86872000000,,0.0,0.0,0.5,0.0,0
86923000000,2201,86923000000,,0.0,0.0,0.5,0.0,0
86956000000,2202,86956000000,,0.0,0.0,0.5,0.0,0
87006000000,2203,87006000000,,0.0,0.0,0.5,0.0,0
87039000000,2204,87039000000,,0.0,0.0,0.5,0.0,0
87061000000,2205,87061000000,,0.0,0.0,0.5,0.0,0
87106000000,2206,87106000000,,0.0,0.0,0.5,0.0,0
87141000000,2207,87141000000,,0.0,0.0,0.5,0.0,0
87205000000,2208,87205000000,,0.0,0.0,0.5,0.0,0
87223000000,2209,87222000000,,0.0,0.0,0.5,0.0,0
87260000000,2210,87260000000,,0.0,0.0,0.5,0.0,0
87306000000,2211,87306000000,,0.0,0.0,0.5,0.0,0
87342000000,2212,87342000000,,0.0,0.0,0.5,0.0,0
87405000000,2213,87405000000,,0.0,0.0,0.5,0.0,0
87423000000,2214,87423000000,,0.0,0.0,0.5,0.0,0
87461000000,2215,87460000000,,0.0,0.0,0.5,0.0,0
87506000000,2216,87506000000,,0.0,0.0,0.5,0.0,0
87556000000,2217,87556000000,,0.0,0.0,0.5,0.0,0
87589000000,2218,87589000000,,0.0,0.0,0.5,0.0,0
87624000000,2219,87623000000,,0.0,0.0,0.5,0.0,0
87672000000,2220,87672000000,,0.0,0.0,0.5,0.0,0
87723000000,2221,87723000000,,0.0,0.0,0.5,0.0,0
87756000000,2222,87756000000,,0.0,0.0,0.5,0.0,0
87789000000,2223,87789000000,,0.0,0.0,0.5,0.0,0
87823000000,2224,87823000000,,0.0,0.0,0.5,0.0,0
87873000000,2225,87873000000,,0.0,0.0,0.5,0.0,0
87922000000,2226,87922000000,,0.0,0.0,0.5,0.0,0
87956000000,2227,87956000000,,0.0,0.0,0.5,0.0,0
88006000000,2228,88006000000,,0.0,0.0,0.5,0.0,0
88023000000,2229,88023000000,,0.0,0.0,0.5,0.0,0
88059000000,2230,88059000000,,0.0,0.0,0.5,0.0,0
88122000000,2231,88122000000,,0.0,0.0,0.5,0.0,0
88156000000,2232,88156000000,,0.0,0.0,0.5,0.0,0
88190000000,2233,88190000000,,0.0,0.0,0.5,0.0,0
88222000000,2234,88222000000,,0.0,0.0,0.5,0.0,0
88274000000,2235,88274000000,,0.0,0.0,0.5,0.0,0
88322000000,2236,88322000000,,0.0,0.0,0.5,0.0,0
88357000000,2237,88357000000,,0.0,0.0,0.5,0.0,0
88391000000,2238,88391000000,,0.0,0.0,0.5,0.0,0
88440000000,2239,88440000000,,0.0,0.0,0.5,0.0,0
88459000000,2240,88459000000,,0.0,0.0,0.5,0.0,0
88522000000,2241,88522000000,,0.0,0.0,0.5,0.0,0
88556000000,2242,88556000000,,0.0,0.0,0.5,0.0,0
88606000000,2243,88606000000,,0.0,0.0,0.5,0.0,0
88623000000,2244,88623000000,,0.0,0.0,0.5,0.0,0
88659000000,2245,88659000000,,0.0,0.0,0.5,0.0,0
88723000000,2246,88723000000,,0.0,0.0,0.5,0.0,0
88756000000,2247,88756000000,,0.0,0.0,0.5,0.0,0
88790000000,2248,88790000000,,0.0,0.0,0.5,0.0,0
88840000000,2249,88840000000,,0.0,0.0,0.5,0.0,0
88875000000,2250,88875000000,,0.0,0.0,0.5,0.0,0
88924000000,2251,88924000000,,0.0,0.0,0.5,0.0,0
88957000000,2252,88957000000,,0.0,0.0,0.5,0.0,0
88991000000,2253,88991000000,,0.0,0.0,0.5,0.0,0
89039000000,2254,89038000000,,0.0,0.0,0.5,0.0,0
89059000000,2255,89059000000,,0.0,0.0,0.5,0.0,0
89122000000,2256,89122000000,,0.0,0.0,0.5,0.0,0
89155000000,2257,89155000000,,0.0,0.0,0.5,0.0,0
89190000000,2258,89190000000,,0.0,0.0,0.5,0.0,0
89223000000,2259,89223000000,,0.0,0.0,0.5,0.0,0
89273000000,2260,89273000000,,0.0,0.0,0.5,0.0,0
89323000000,2261,89323000000,,0.0,0.0,0.5,0.0,0
89356000000,2262,89356000000,,0.0,0.0,0.5,0.0,0
89389000000,2263,89389000000,,0.0,0.0,0.5,0.0,0
89423000000,2264,89422000000,,0.0,0.0,0.5,0.0,0
89473000000,2265,89473000000,,0.0,0.0,0.5,0.0,0
89523000000,2266,89523000000,,0.0,0.0,0.5,0.0,0
89556000000,2267,89556000000,,0.0,0.0,0.5,0.0,0
89589000000,2268,89589000000,,0.0,0.0,0.5,0.0,0
89624000000,2269,89624000000,,0.0,0.0,0.5,0.0,0
89673000000,2270,89673000000,,0.0,0.0,0.5,0.0,0
89723000000,2271,89723000000,,0.0,0.0,0.5,0.0,0
89756000000,2272,89756000000,,0.0,0.0,0.5,0.0,0
89789000000,2273,89789000000,,0.0,0.0,0.5,0.0,0
89823000000,2274,89823000000,,0.0,0.0,0.5,0.0,0
89872000000,2275,89872000000,,0.0,0.0,0.5,0.0,0
89924000000,2276,89924000000,,0.0,0.0,0.5,0.0,0
89957000000,2277,89957000000,,0.0,0.0,0.5,0.0,0
89990000000,2278,89990000000,,0.0,0.0,0.5,0.0,0
90023000000,2279,90023000000,,0.0,0.0,0.5,0.0,0
90074000000,2280,90074000000,,0.0,0.0,0.5,0.0,0
90122000000,2281,90122000000,,0.0,0.0,0.5,0.0,0
90157000000,2282,90157000000,,0.0,0.0,0.5,0.0,0
90190000000,2283,90190000000,,0.0,0.0,0.5,0.0,0
90223000000,2284,90223000000,,0.0,0.0,0.5,0.0,0
90273000000,2285,90273000000,,0.0,0.0,0.5,0.0,0
90323000000,2286,90323000000,,0.0,0.0,0.5,0.0,0
90357000000,2287,90357000000,,0.0,0.0,0.5,0.0,0
90377000000,2288,90377000000,,0.0,0.0,0.5,0.0,0
90423000000,2289,90423000000,,0.0,0.0,0.5,0.0,0
90473000000,2290,90473000000,,0.0,0.0,0.5,0.0,0
90506000000,2291,90506000000,,0.0,0.0,0.5,0.0,0
90556000000,2292,90556000000,,0.0,0.0,0.5,0.0,0
90577000000,2293,90576000000,,0.0,0.0,0.5,0.0,0
90639000000,2294,90639000000,,0.0,0.0,0.5,0.0,0
90672000000,2295,90672000000,,0.0,0.0,0.5,0.0,0
90723000000,2296,90722000000,,0.0,0.0,0.5,0.0,0
90757000000,2297,90757000000,,0.0,0.0,0.5,0.0,0
90778000000,2298,90778000000,,0.0,0.0,0.5,0.0,0
90840000000,2299,90840000000,,0.0,0.0,0.5,0.0,0
90873000000,2300,90873000000,,0.0,0.0,0.5,0.0,0
90906000000,2301,90906000000,,0.0,0.0,0.5,0.0,0
90939000000,2302,90939000000,,0.0,0.0,0.5,0.0,0
90977000000,2303,90977000000,,0.0,0.0,0.5,0.0,0
91040000000,2304,91040000000,,0.0,0.0,0.5,0.0,0
91074000000,2305,91074000000,,0.0,0.0,0.5,0.0,0
91107000000,2306,91107000000,,0.0,0.0,0.5,0.0,0
91139000000,2307,91139000000,,0.0,0.0,0.5,0.0,0
91178000000,2308,91178000000,,0.0,0.0,0.5,0.0,0
91239000000,2309,91239000000,,0.0,0.0,0.5,0.0,0
91274000000,2310,91274000000,,0.0,0.0,0.5,0.0,0
91324000000,2311,91324000000,,0.0,0.0,0.5,0.0,0
91357000000,2312,91357000000,,0.0,0.0,0.5,0.0,0
91377000000,2313,91377000000,,0.0,0.0,0.5,0.0,0
91423000000,2314,91423000000,,0.0,0.0,0.5,0.0,0
91458000000,2315,91457000000,,0.0,0.0,0.5,0.0,0
91523000000,2316,91523000000,,0.0,0.0,0.5,0.0,0
91558000000,2317,91558000000,,0.0,0.0,0.5,0.0,0
91577000000,2318,91577000000,,0.0,0.0,0.5,0.0,0
91624000000,2319,91624000000,,0.0,0.0,0.5,0.0,0
91658000000,2320,91658000000,,0.0,0.0,0.5,0.0,0
91724000000,2321,91724000000,,0.0,0.0,0.5,0.0,0
91757000000,2322,91757000000,,0.0,0.0,0.5,0.0,0
91777000000,2323,91777000000,,0.0,0.0,0.5,0.0,0
91840000000,2324,91840000000,,0.0,0.0,0.5,0.0,0
91873000000,2325,91873000000,,0.0,0.0,0.5,0.0,0
91906000000,2326,91906000000,,0.0,0.0,0.5,0.0,0
91942000000,2327,91942000000,,0.0,0.0,0.5,0.0,0
91989000000,2328,91989000000,,0.0,0.0,0.5,0.0,0
92039000000,2329,92039000000,,0.0,0.0,0.5,0.0,0
92072000000,2330,92072000000,,0.0,0.0,0.5,0.0,0
92107000000,2331,92107000000,,0.0,0.0,0.5,0.0,0
92157000000,2332,92157000000,,0.0,0.0,0.5,0.0,0
92176000000,2333,92176000000,,0.0,0.0,0.5,0.0,0
92239000000,2334,92239000000,,0.0,0.0,0.5,0.0,0
92273000000,2335,92273000000,,0.0,0.0,0.5,0.0,0
92308000000,2336,92308000000,,0.0,0.0,0.5,0.0,0
92342000000,2337,92342000000,,0.0,0.0,0.5,0.0,0
92389000000,2338,92389000000,,0.0,0.0,0.5,0.0,0
92439000000,2339,92439000000,,0.0,0.0,0.5,0.0,0
92472000000,2340,92472000000,,0.0,0.0,0.5,0.0,0
92507000000,2341,92507000000,,0.0,0.0,0.5,0.0,0
92557000000,2342,92557000000,,0.0,0.0,0.5,0.0,0
92576000000,2343,92576000000,,0.0,0.0,0.5,0.0,0
92639000000,2344,92639000000,,0.0,0.0,0.5,0.0,0
92673000000,2345,92673000000,,0.0,0.0,0.5,0.0,0
92706000000,2346,92706000000,,0.0,0.0,0.5,0.0,0
92741000000,2347,92741000000,,0.0,0.0,0.5,0.0,0
92775000000,2348,92775000000,,0.0,0.0,0.5,0.0,0
92840000000,2349,92840000000,,0.0,0.0,0.5,0.0,0
92873000000,2350,92873000000,,0.0,0.0,0.5,0.0,0
92906000000,2351,92906000000,,0.0,0.0,0.5,0.0,0
92940000000,2352,92940000000,,0.0,0.0,0.5,0.0,0
92990000000,2353,92990000000,,0.0,0.0,0.5,0.0,0
93039000000,2354,93039000000,,0.0,0.0,0.5,0.0,0
93072000000,2355,93072000000,,0.0,0.0,0.5,0.0,0
93108000000,2356,93108000000,,0.0,0.0,0.5,0.0,0
93190000000,2357,93190000000,,0.0,0.0,0.5,0.0,0
93240000000,2358,93240000000,,0.0,0.0,0.5,0.0,0
93272000000,2359,93272000000,,0.0,0.0,0.5,0.0,0
93305000000,2360,93305000000,,0.0,0.0,0.5,0.0,0
93340000000,2361,93340000000,,0.0,0.0,0.5,0.0,0
93392000000,2362,93392000000,,0.0,0.0,0.5,0.0,0
93423000000,2363,93423000000,,0.0,0.0,0.5,0.0,0
93473000000,2364,93473000000,,0.0,0.0,0.5,0.0,0
93495000000,2365,93495000000,,0.0,0.0,0.5,0.0,0
93556000000,2366,93556000000,,0.0,0.0,0.5,0.0,0
93575000000,2367,93575000000,,0.0,0.0,0.5,0.0,0
93640000000,2368,93640000000,,0.0,0.0,0.5,0.0,0
93673000000,2369,93673000000,,0.0,0.0,0.5,0.0,0
93707000000,2370,93707000000,,0.0,0.0,0.5,0.0,0
93740000000,2371,93740000000,,0.0,0.0,0.5,0.0,0
93789000000,2372,93789000000,,0.0,0.0,0.5,0.0,0
93841000000,2373,93840000000,,0.0,0.0,0.5,0.0,0
93872000000,2374,93872000000,,0.0,0.0,0.5,0.0,0
93907000000,2375,93907000000,,0.0,0.0,0.5,0.0,0
93959000000,2376,93959000000,,0.0,0.0,0.5,0.0,0
93990000000,2377,93990000000,,0.0,0.0,0.5,0.0,0
94040000000,2378,94040000000,,0.0,0.0,0.5,0.0,0
94073000000,2379,94073000000,,0.0,0.0,0.5,0.0,0
94108000000,2380,94108000000,,0.0,0.0,0.5,0.0,0
94190000000,2381,94190000000,,0.0,0.0,0.5,0.0,0
94239000000,2382,94239000000,,0.0,0.0,0.5,0.0,0
94272000000,2383,94272000000,,0.0,0.0,0.5,0.0,0
94307000000,2384,94307000000,,0.0,0.0,0.5,0.0,0
94356000000,2385,94356000000,,0.0,0.0,0.5,0.0,0
94374000000,2386,94374000000,,0.0,0.0,0.5,0.0,0
94439000000,2387,94439000000,,0.0,0.0,0.5,0.0,0
94473000000,2388,94473000000,,0.0,0.0,0.5,0.0,0
94494000000,2389,94494000000,,0.0,0.0,0.5,0.0,0
94558000000,2390,94558000000,,0.0,0.0,0.5,0.0,0
94589000000,2391,94589000000,,0.0,0.0,0.5,0.0,0
94640000000,2392,94640000000,,0.0,0.0,0.5,0.0,0
94672000000,2393,94672000000,,0.0,0.0,0.5,0.0,0
94694000000,2394,94694000000,,0.0,0.0,0.5,0.0,0
94740000000,2395,94740000000,,0.0,0.0,0.5,0.0,0
94790000000,2396,94790000000,,0.0,0.0,0.5,0.0,0
94840000000,2397,94840000000,,0.0,0.0,0.5,0.0,0
94873000000,2398,94873000000,,0.0,0.0,0.5,0.0,0
94893000000,2399,94893000000,,0.0,0.0,0.5,0.0,0
94956000000,2400,94956000000,,0.0,0.0,0.5,0.0,0
94990000000,2401,94990000000,,0.0,0.0,0.5,0.0,0
95039000000,2402,95039000000,,0.0,0.0,0.5,0.0,0
95073000000,2403,95073000000,,0.0,0.0,0.5,0.0,0
95107000000,2404,95107000000,,0.0,0.0,0.5,0.0,0
95189000000,2405,95189000000,,0.0,0.0,0.5,0.0,0
95239000000,2406,95239000000,,0.0,0.0,0.5,0.0,0
95272000000,2407,95272000000,,0.0,0.0,0.5,0.0,0
95294000000,2408,95294000000,,0.0,0.0,0.5,0.0,0
95357000000,2409,95357000000,,0.0,0.0,0.5,0.0,0
95392000000,2410,95392000000,,0.0,0.0,0.5,0.0,0
95423000000,2411,95423000000,,0.0,0.0,0.5,0.0,0
95457000000,2412,95457000000,,0.0,0.0,0.5,0.0,0
95507000000,2413,95507000000,,0.0,0.0,0.5,0.0,0
95556000000,2414,95556000000,,0.0,0.0,0.5,0.0,0
95606000000,2415,95606000000,,0.0,0.0,0.5,0.0,0
95640000000,2416,95640000000,,0.0,0.0,0.5,0.0,0
95673000000,2417,95673000000,,0.0,0.0,0.5,0.0,0
95694000000,2418,95694000000,,0.0,0.0,0.5,0.0,0
95757000000,2419,95756000000,,0.0,0.0,0.5,0.0,0
95789000000,2420,95789000000,,0.0,0.0,0.5,0.0,0
95824000000,2421,95824000000,,0.0,0.0,0.5,0.0,0
95856000000,2422,95856000000,,0.0,0.0,0.5,0.0,0
95892000000,2423,95892000000,,0.0,0.0,0.5,0.0,0
95939000000,2424,95939000000,,0.0,0.0,0.5,0.0,0
95991000000,2425,95991000000,,0.0,0.0,0.5,0.0,0
96041000000,2426,96040000000,,0.0,0.0,0.5,0.0,0
96073000000,2427,96073000000,,0.0,0.0,0.5,0.0,0
96094000000,2428,96094000000,,0.0,0.0,0.5,0.0,0
96191000000,2429,96190000000,,0.0,0.0,0.5,0.0,0
96223000000,2430,96223000000,,0.0,0.0,0.5,0.0,0
96258000000,2431,96258000000,,0.0,0.0,0.5,0.0,0
96306000000,2432,96306000000,,0.0,0.0,0.5,0.0,0
96357000000,2433,96357000000,,0.0,0.0,0.5,0.0,0
96390000000,2434,96390000000,,0.0,0.0,0.5,0.0,0
96423000000,2435,96423000000,,0.0,0.0,0.5,0.0,0
96457000000,2436,96457000000,,0.0,0.0,0.5,0.0,0
96506000000,2437,96506000000,,0.0,0.0,0.5,0.0,0
96556000000,2438,96556000000,,0.0,0.0,0.5,0.0,0
96590000000,2439,96590000000,,0.0,0.0,0.5,0.0,0
96623000000,2440,96623000000,,0.0,0.0,0.5,0.0,0
96658000000,2441,96658000000,,0.0,0.0,0.5,0.0,0
96693000000,2442,96693000000,,0.0,0.0,0.5,0.0,0
96742000000,2443,96742000000,,0.0,0.0,0.5,0.0,0
96773000000,2444,96773000000,,0.0,0.0,0.5,0.0,0
96841000000,2445,96841000000,,0.0,0.0,0.5,0.0,0
96872000000,2446,96872000000,,0.0,0.0,0.5,0.0,0
96893000000,2447,96893000000,,0.0,0.0,0.5,0.0,0
96940000000,2448,96940000000,,0.0,0.0,0.5,0.0,0
96990000000,2449,96990000000,,0.0,0.0,0.5,0.0,0
97023000000,2450,97023000000,,0.0,0.0,0.5,0.0,0
97074000000,2451,97073000000,,0.0,0.0,0.5,0.0,0
97093000000,2452,97092000000,,0.0,0.0,0.5,0.0,0
97190000000,2453,97190000000,,0.0,0.0,0.5,0.0,0
97223000000,2454,97223000000,,0.0,0.0,0.5,0.0,0
97275000000,2455,97274000000,,0.0,0.0,0.5,0.0,0
97306000000,2456,97306000000,,0.0,0.0,0.5,0.0,0
97356000000,2457,97356000000,,0.0,0.0,0.5,0.0,0
97374000000,2458,97373000000,,0.0,0.0,0.5,0.0,0
97440000000,2459,97440000000,,0.0,0.0,0.5,0.0,0
97474000000,2460,97474000000,,0.0,0.0,0.5,0.0,0
97491000000,2461,97491000000,,0.0,0.0,0.5,0.0,0
97557000000,2462,97557000000,,0.0,0.0,0.5,0.0,0
97590000000,2463,97590000000,,0.0,0.0,0.5,0.0,0
97625000000,2464,97624000000,,0.0,0.0,0.5,0.0,0
97673000000,2465,97673000000,,0.0,0.0,0.5,0.0,0
97692000000,2466,97692000000,,0.0,0.0,0.5,0.0,0
97756000000,2467,97756000000,,0.0,0.0,0.5,0.0,0
97790000000,2468,97790000000,,0.0,0.0,0.5,0.0,0
97823000000,2469,97823000000,,0.0,0.0,0.5,0.0,0
97873000000,2470,97873000000,,0.0,0.0,0.5,0.0,0
97908000000,2471,97908000000,,0.0,0.0,0.5,0.0,0
97941000000,2472,97941000000,,0.0,0.0,0.5,0.0,0
97989000000,2473,97989000000,,0.0,0.0,0.5,0.0,0
98023000000,2474,98023000000,,0.0,0.0,0.5,0.0,0
98058000000,2475,98058000000,,0.0,0.0,0.5,0.0,0
98093000000,2476,98093000000,,0.0,0.0,0.5,0.0,0
98173000000,2477,98173000000,,0.0,0.0,0.5,0.0,0
98225000000,2478,98225000000,,0.0,0.0,0.5,0.0,0
98275000000,2479,98275000000,,0.0,0.0,0.5,0.0,0
98306000000,2480,98306000000,,0.0,0.0,0.5,0.0,0
98356000000,2481,98356000000,,0.0,0.0,0.5,0.0,0
98389000000,2482,98389000000,,0.0,0.0,0.5,0.0,0
98424000000,2483,98424000000,,0.0,0.0,0.5,0.0,0
98474000000,2484,98474000000,,0.0,0.0,0.5,0.0,0
98508000000,2485,98508000000,,0.0,0.0,0.5,0.0,0
98557000000,2486,98557000000,,0.0,0.0,0.5,0.0,0
98592000000,2487,98592000000,,0.0,0.0,0.5,0.0,0
98624000000,2488,98624000000,,0.0,0.0,0.5,0.0,0
98673000000,2489,98673000000,,0.0,0.0,0.5,0.0,0
98707000000,2490,98707000000,,0.0,0.0,0.5,0.0,0
98757000000,2491,98757000000,,0.0,0.0,0.5,0.0,0
98790000000,2492,98790000000,,0.0,0.0,0.5,0.0,0
98812000000,2493,98812000000,,0.0,0.0,0.5,0.0,0
98858000000,2494,98858000000,,0.0,0.0,0.5,0.0,0
98891000000,2495,98891000000,,0.0,0.0,0.5,0.0,0
98958000000,2496,98958000000,,0.0,0.0,0.5,0.0,0
98992000000,2497,98992000000,,0.0,0.0,0.5,0.0,0
99024000000,2498,99024000000,,0.0,0.0,0.5,0.0,0
99074000000,2499,99074000000,,0.0,0.0,0.5,0.0,0
99108000000,2500,99108000000,,0.0,0.0,0.5,0.0,0
99174000000,2501,99174000000,,0.0,0.0,0.5,0.0,0
99224000000,2502,99224000000,,0.0,0.0,0.5,0.0,0
99272000000,2503,99272000000,,0.0,0.0,0.5,0.0,0
99308000000,2504,99308000000,,0.0,0.0,0.5,0.0,0
99357000000,2505,99357000000,,0.0,0.0,0.5,0.0,0
99392000000,2506,99392000000,,0.0,0.0,0.5,0.0,0
99423000000,2507,99423000000,,0.0,0.0,0.5,0.0,0
99458000000,2508,99458000000,,0.0,0.0,0.5,0.0,0
99508000000,2509,99508000000,,0.0,0.0,0.5,0.0,0
99559000000,2510,99559000000,,0.0,0.0,0.5,0.0,0
99590000000,2511,99590000000,,0.0,0.0,0.5,0.0,0
99611000000,2512,99611000000,,0.0,0.0,0.5,0.0,0
99673000000,2513,99673000000,,0.0,0.0,0.5,0.0,0
99708000000,2514,99708000000,,0.0,0.0,0.5,0.0,0
99741000000,2515,99741000000,,0.0,0.0,0.5,0.0,0
99773000000,2516,99773000000,,0.0,0.0,0.5,0.0,0
99824000000,2517,99823000000,,0.0,0.0,0.5,0.0,0
99856000000,2518,99856000000,,0.0,0.0,0.5,0.0,0
99907000000,2519,99907000000,,0.0,0.0,0.5,0.0,0
99958000000,2520,99958000000,,0.0,0.0,0.5,0.0,0
99990000000,2521,99990000000,,0.0,0.0,0.5,0.0,0
100010000000,2522,100010000000,,0.0,0.0,0.5,0.0,0
100075000000,2523,100075000000,,0.0,0.0,0.5,0.0,0
100107000000,2524,100107000000,,0.0,0.0,0.5,0.0,0
100192000000,2525,100192000000,,0.0,0.0,0.5,0.0,0
100211000000,2526,100211000000,,0.0,0.0,0.5,0.0,0
100261000000,2527,100261000000,,0.0,0.0,0.5,0.0,0
100292000000,2528,100292000000,,0.0,0.0,0.5,0.0,0
100357000000,2529,100357000000,,0.0,0.0,0.5,0.0,0
100390000000,2530,100390000000,,0.0,0.0,0.5,0.0,0
100410000000,2531,100410000000,,0.0,0.0,0.5,0.0,0
100473000000,2532,100473000000,,0.0,0.0,0.5,0.0,0
100508000000,2533,100507000000,,0.0,0.0,0.5,0.0,0
100541000000,2534,100541000000,,0.0,0.0,0.5,0.0,0
100591000000,2535,100590000000,,0.0,0.0,0.5,0.0,0
100611000000,2536,100611000000,,0.0,0.0,0.5,0.0,0
100676000000,2537,100676000000,,0.0,0.0,0.5,0.0,0
100708000000,2538,100708000000,,0.0,0.0,0.5,0.0,0
100758000000,2539,100758000000,,0.0,0.0,0.5,0.0,0
100793000000,2540,100793000000,,0.0,0.0,0.5,0.0,0
100826000000,2541,100826000000,,0.0,0.0,0.5,0.0,0
100859000000,2542,100859000000,,0.0,0.0,0.5,0.0,0
100909000000,2543,100909000000,,0.0,0.0,0.5,0.0,0
100959000000,2544,100959000000,,0.0,0.0,0.5,0.0,0
100992000000,2545,100992000000,,0.0,0.0,0.5,0.0,0
101024000000,2546,101024000000,,0.0,0.0,0.5,0.0,0
101059000000,2547,101058000000,,0.0,0.0,0.5,0.0,0
101109000000,2548,101109000000,,0.0,0.0,0.5,0.0,0
101192000000,2549,101192000000,,0.0,0.0,0.5,0.0,0
101224000000,2550,101224000000,,0.0,0.0,0.5,0.0,0
101259000000,2551,101259000000,,0.0,0.0,0.5,0.0,0
101309000000,2552,101309000000,,0.0,0.0,0.5,0.0,0
101342000000,2553,101341000000,,0.0,0.0,0.5,0.0,0
101391000000,2554,101391000000,,0.0,0.0,0.5,0.0,0
101426000000,2555,101426000000,,0.0,0.0,0.5,0.0,0
101459000000,2556,101459000000,,0.0,0.0,0.5,0.0,0
101507000000,2557,101507000000,,0.0,0.0,0.5,0.0,0
101543000000,2558,101543000000,,0.0,0.0,0.5,0.0,0
101592000000,2559,101592000000,,0.0,0.0,0.5,0.0,0
101642000000,2560,101642000000,,0.0,0.0,0.5,0.0,0
101658000000,2561,101658000000,,0.0,0.0,0.5,0.0,0
101708000000,2562,101708000000,,0.0,0.0,0.5,0.0,0
101743000000,2563,101743000000,,0.0,0.0,0.5,0.0,0
101792000000,2564,101792000000,,0.0,0.0,0.5,0.0,0
101811000000,2565,101811000000,,0.0,0.0,0.5,0.0,0
101875000000,2566,101875000000,,0.0,0.0,0.5,0.0,0
101907000000,2567,101907000000,,0.0,0.0,0.5,0.0,0
101942000000,2568,101942000000,,0.0,0.0,0.5,0.0,0
101992000000,2569,101992000000,,0.0,0.0,0.5,0.0,0
102025000000,2570,102025000000,,0.0,0.0,0.5,0.0,0
102057000000,2571,102057000000,,0.0,0.0,0.5,0.0,0
102107000000,2572,102107000000,,0.0,0.0,0.5,0.0,0
102191000000,2573,102191000000,,0.0,0.0,0.5,0.0,0
102225000000,2574,102225000000,,0.0,0.0,0.5,0.0,0
102259000000,2575,102259000000,,0.0,0.0,0.5,0.0,0
102308000000,2576,102308000000,,0.0,0.0,0.5,0.0,0
102358000000,2577,102358000000,,0.0,0.0,0.5,0.0,0
102391000000,2578,102391000000,,0.0,0.0,0.5,0.0,0
102424000000,2579,102424000000,,0.0,0.0,0.5,0.0,0
102457000000,2580,102457000000,,0.0,0.0,0.5,0.0,0
102509000000,2581,102509000000,,0.0,0.0,0.5,0.0,0
102558000000,2582,102558000000,,0.0,0.0,0.5,0.0,0
102592000000,2583,102592000000,,0.0,0.0,0.5,0.0,0
102625000000,2584,102625000000,,0.0,0.0,0.5,0.0,0
102658000000,2585,102658000000,,0.0,0.0,0.5,0.0,0
102693000000,2586,102693000000,,0.0,0.0,0.5,0.0,0
102741000000,2587,102741000000,,0.0,0.0,0.5,0.0,0
102791000000,2588,102791000000,,0.0,0.0,0.5,0.0,0
102825000000,2589,102825000000,,0.0,0.0,0.5,0.0,0
102858000000,2590,102858000000,,0.0,0.0,0.5,0.0,0
102891000000,2591,102891000000,,0.0,0.0,0.5,0.0,0
102943000000,2592,102942000000,,0.0,0.0,0.5,0.0,0
102992000000,2593,102992000000,,0.0,0.0,0.5,0.0,0
103024000000,2594,103024000000,,0.0,0.0,0.5,0.0,0
103056000000,2595,103056000000,,0.0,0.0,0.5,0.0,0
103107000000,2596,103106000000,,0.0,0.0,0.5,0.0,0
103174000000,2597,103174000000,,0.0,0.0,0.5,0.0,0
103241000000,2598,103241000000,,0.0,0.0,0.5,0.0,0
103260000000,2599,103260000000,,0.0,0.0,0.5,0.0,0
103307000000,2600,103307000000,,0.0,0.0,0.5,0.0,0
103360000000,2601,103360000000,,0.0,0.0,0.5,0.0,0
103393000000,2602,103393000000,,0.0,0.0,0.5,0.0,0
103424000000,2603,103424000000,,0.0,0.0,0.5,0.0,0
103457000000,2604,103457000000,,0.0,0.0,0.5,0.0,0
103508000000,2605,103508000000,,0.0,0.0,0.5,0.0,0
103557000000,2606,103557000000,,0.0,0.0,0.5,0.0,0
103591000000,2607,103591000000,,0.0,0.0,0.5,0.0,0
103624000000,2608,103624000000,,0.0,0.0,0.5,0.0,0
103658000000,2609,103657000000,,0.0,0.0,0.5,0.0,0
103708000000,2610,103708000000,,0.0,0.0,0.5,0.0,0
103756000000,2611,103756000000,,0.0,0.0,0.5,0.0,0
103793000000,2612,103793000000,,0.0,0.0,0.5,0.0,0
103826000000,2613,103826000000,,0.0,0.0,0.5,0.0,0
103859000000,2614,103859000000,,0.0,0.0,0.5,0.0,0
103909000000,2615,103909000000,,0.0,0.0,0.5,0.0,0
103958000000,2616,103958000000,,0.0,0.0,0.5,0.0,0
103991000000,2617,103991000000,,0.0,0.0,0.5,0.0,0
104026000000,2618,104025000000,,0.0,0.0,0.5,0.0,0
104057000000,2619,104057000000,,0.0,0.0,0.5,0.0,0
104109000000,2620,104109000000,,0.0,0.0,0.5,0.0,0
104192000000,2621,104192000000,,0.0,0.0,0.5,0.0,0
104224000000,2622,104224000000,,0.0,0.0,0.5,0.0,0
104259000000,2623,104259000000,,0.0,0.0,0.5,0.0,0
104290000000,2624,104290000000,,0.0,0.0,0.5,0.0,0
104340000000,2625,104340000000,,0.0,0.0,0.5,0.0,0
104391000000,2626,104391000000,,0.0,0.0,0.5,0.0,0
104424000000,2627,104424000000,,0.0,0.0,0.5,0.0,0
104457000000,2628,104457000000,,0.0,0.0,0.5,0.0,0
104509000000,2629,104509000000,,0.0,0.0,0.5,0.0,0
104558000000,2630,104558000000,,0.0,0.0,0.5,0.0,0
104590000000,2631,104590000000,,0.0,0.0,0.5,0.0,0
104625000000,2632,104625000000,,0.0,0.0,0.5,0.0,0
104657000000,2633,104657000000,,0.0,0.0,0.5,0.0,0
104708000000,2634,104708000000,,0.0,0.0,0.5,0.0,0
104760000000,2635,104760000000,,0.0,0.0,0.5,0.0,0
104792000000,2636,104792000000,,0.0,0.0,0.5,0.0,0
104825000000,2637,104825000000,,0.0,0.0,0.5,0.0,0
104858000000,2638,104858000000,,0.0,0.0,0.5,0.0,0
104892000000,2639,104892000000,,0.0,0.0,0.5,0.0,0
104941000000,2640,104941000000,,0.0,0.0,0.5,0.0,0
104991000000,2641,104991000000,,0.0,0.0,0.5,0.0,0
105025000000,2642,105025000000,,0.0,0.0,0.5,0.0,0
105075000000,2643,105075000000,,0.0,0.0,0.5,0.0,0
105107000000,2644,105107000000,,0.0,0.0,0.5,0.0,0
105174000000,2645,105174000000,,0.0,0.0,0.5,0.0,0
105209000000,2646,105208000000,,0.0,0.0,0.5,0.0,0
105257000000,2647,105257000000,,0.0,0.0,0.5,0.0,0
105307000000,2648,105307000000,,0.0,0.0,0.5,0.0,0
105359000000,2649,105359000000,,0.0,0.0,0.5,0.0,0
105391000000,2650,105391000000,,0.0,0.0,0.5,0.0,0
105425000000,2651,105425000000,,0.0,0.0,0.5,0.0,0
105474000000,2652,105474000000,,0.0,0.0,0.5,0.0,0
105508000000,2653,105508000000,,0.0,0.0,0.5,0.0,0
105558000000,2654,105558000000,,0.0,0.0,0.5,0.0,0
105591000000,2655,105591000000,,0.0,0.0,0.5,0.0,0
105627000000,2656,105627000000,,0.0,0.0,0.5,0.0,0
105659000000,2657,105659000000,,0.0,0.0,0.5,0.0,0
105708000000,2658,105708000000,,0.0,0.0,0.5,0.0,0
105758000000,2659,105758000000,,0.0,0.0,0.5,0.0,0
105790000000,2660,105790000000,,0.0,0.0,0.5,0.0,0
105824000000,2661,105824000000,,0.0,0.0,0.5,0.0,0
105857000000,2662,105857000000,,0.0,0.0,0.5,0.0,0
105907000000,2663,105907000000,,0.0,0.0,0.5,0.0,0
105957000000,2664,105957000000,,0.0,0.0,0.5,0.0,0
105990000000,2665,105990000000,,0.0,0.0,0.5,0.0,0
106025000000,2666,106025000000,,0.0,0.0,0.5,0.0,0
106058000000,2667,106058000000,,0.0,0.0,0.5,0.0,0
106109000000,2668,106109000000,,0.0,0.0,0.5,0.0,0
106166000000,2669,106166000000,,0.0,0.0,0.5,0.0,0
106208000000,2670,106208000000,,0.0,0.0,0.5,0.0,0
106255000000,2671,106255000000,,0.0,0.0,0.5,0.0,0
106290000000,2672,106290000000,,0.0,0.0,0.5,0.0,0
106326000000,2673,106326000000,,0.0,0.0,0.5,0.0,0
106389000000,2674,106389000000,,0.0,0.0,0.5,0.0,0
106406000000,2675,106406000000,,0.0,0.0,0.5,0.0,0
106474000000,2676,106474000000,,0.0,0.0,0.5,0.0,0
106508000000,2677,106508000000,,0.0,0.0,0.5,0.0,0
106540000000,2678,106540000000,,0.0,0.0,0.5,0.0,0
106591000000,2679,106591000000,,0.0,0.0,0.5,0.0,0
106625000000,2680,106624000000,,0.0,0.0,0.5,0.0,0
106657000000,2681,106657000000,,0.0,0.0,0.5,0.0,0
106706000000,2682,106706000000,,0.0,0.0,0.5,0.0,0
106756000000,2683,106756000000,,0.0,0.0,0.5,0.0,0
106790000000,2684,106790000000,,0.0,0.0,0.5,0.0,0
106823000000,2685,106823000000,,0.0,0.0,0.5,0.0,0
106846000000,2686,106846000000,,0.0,0.0,0.5,0.0,0
106891000000,2687,106891000000,,0.0,0.0,0.5,0.0,0
106924000000,2688,106924000000,,0.0,0.0,0.5,0.0,0
106989000000,2689,106989000000,,0.0,0.0,0.5,0.0,0
107006000000,2690,107006000000,,0.0,0.0,0.5,0.0,0
107056000000,2691,107056000000,,0.0,0.0,0.5,0.0,0
107107000000,2692,107107000000,,0.0,0.0,0.5,0.0,0
107190000000,2693,107190000000,,0.0,0.0,0.5,0.0,0
107223000000,2694,107223000000,,0.0,0.0,0.5,0.0,0
107246000000,2695,107246000000,,0.0,0.0,0.5,0.0,0
107290000000,2696,107290000000,,0.0,0.0,0.5,0.0,0
107325000000,2697,107325000000,,0.0,0.0,0.5,0.0,0
107389000000,2698,107389000000,,0.0,0.0,0.5,0.0,0
107406000000,2699,107406000000,,0.0,0.0,0.5,0.0,0
107444000000,2700,107444000000,,0.0,0.0,0.5,0.0,0
107507000000,2701,107507000000,,0.0,0.0,0.5,0.0,0
107540000000,2702,107540000000,,0.0,0.0,0.5,0.0,0
107590000000,2703,107590000000,,0.0,0.0,0.5,0.0,0
107625000000,2704,107625000000,,0.0,0.0,0.5,0.0,0
107658000000,2705,107657000000,,0.0,0.0,0.5,0.0,0
107708000000,2706,107707000000,,0.0,0.0,0.5,0.0,0
107741000000,2707,107741000000,,0.0,0.0,0.5,0.0,0
107791000000,2708,107791000000,,0.0,0.0,0.5,0.0,0
107824000000,2709,107824000000,,0.0,0.0,0.5,0.0,0
107844000000,2710,107844000000,,0.0,0.0,0.5,0.0,0
107907000000,2711,107907000000,,0.0,0.0,0.5,0.0,0
107957000000,2712,107957000000,,0.0,0.0,0.5,0.0,0
107989000000,2713,107989000000,,0.0,0.0,0.5,0.0,0
108024000000,2714,108024000000,,0.0,0.0,0.5,0.0,0
108044000000,2715,108044000000,,0.0,0.0,0.5,0.0,0
108090000000,2716,108090000000,,0.0,0.0,0.5,0.0,0
108124000000,2717,108124000000,,0.0,0.0,0.5,0.0,0
108190000000,2718,108190000000,,0.0,0.0,0.5,0.0,0
108207000000,2719,108207000000,,0.0,0.0,0.5,0.0,0
108245000000,2720,108245000000,,0.0,0.0,0.5,0.0,0
108291000000,2721,108291000000,,0.0,0.0,0.5,0.0,0
108326000000,2722,108325000000,,0.0,0.0,0.5,0.0,0
108390000000,2723,108390000000,,0.0,0.0,0.5,0.0,0
108407000000,2724,108407000000,,0.0,0.0,0.5,0.0,0
108456000000,2725,108456000000,,0.0,0.0,0.5,0.0,0
108508000000,2726,108508000000,,0.0,0.0,0.5,0.0,0
108541000000,2727,108541000000,,0.0,0.0,0.5,0.0,0
108574000000,2728,108574000000,,0.0,0.0,0.5,0.0,0
108624000000,2729,108624000000,,0.0,0.0,0.5,0.0,0
108657000000,2730,108657000000,,0.0,0.0,0.5,0.0,0
108707000000,2731,108707000000,,0.0,0.0,0.5,0.0,0
108741000000,2732,108740000000,,0.0,0.0,0.5,0.0,0
108790000000,2733,108790000000,,0.0,0.0,0.5,0.0,0
108823000000,2734,108823000000,,0.0,0.0,0.5,0.0,0
108856000000,2735,108856000000,,0.0,0.0,0.5,0.0,0
108906000000,2736,108906000000,,0.0,0.0,0.5,0.0,0
108941000000,2737,108941000000,,0.0,0.0,0.5,0.0,0
108991000000,2738,108991000000,,0.0,0.0,0.5,0.0,0
109007000000,2739,109007000000,,0.0,0.0,0.5,0.0,0
109043000000,2740,109043000000,,0.0,0.0,0.5,0.0,0
109108000000,2741,109108000000,,0.0,0.0,0.5,0.0,0
109141000000,2742,109141000000,,0.0,0.0,0.5,0.0,0
109175000000,2743,109175000000,,0.0,0.0,0.5,0.0,0
109208000000,2744,109208000000,,0.0,0.0,0.5,0.0,0
109243000000,2745,109243000000,,0.0,0.0,0.5,0.0,0
109308000000,2746,109307000000,,0.0,0.0,0.5,0.0,0
109340000000,2747,109340000000,,0.0,0.0,0.5,0.0,0
109373000000,2748,109373000000,,0.0,0.0,0.5,0.0,0
109408000000,2749,109408000000,,0.0,0.0,0.5,0.0,0
109444000000,2750,109444000000,,0.0,0.0,0.5,0.0,0
109508000000,2751,109507000000,,0.0,0.0,0.5,0.0,0
109540000000,2752,109540000000,,0.0,0.0,0.5,0.0,0
109575000000,2753,109574000000,,0.0,0.0,0.5,0.0,0
109607000000,2754,109607000000,,0.0,0.0,0.5,0.0,0
109658000000,2755,109658000000,,0.0,0.0,0.5,0.0,0
109707000000,2756,109707000000,,0.0,0.0,0.5,0.0,0
109741000000,2757,109741000000,,0.0,0.0,0.5,0.0,0
109771000000,2758,109771000000,,0.0,0.0,0.5,0.0,0
109823000000,2759,109823000000,,0.0,0.0,0.5,0.0,0
109842000000,2760,109842000000,,0.0,0.0,0.5,0.0,0
109906000000,2761,109906000000,,0.0,0.0,0.5,0.0,0
109939000000,2762,109939000000,,0.0,0.0,0.5,0.0,0
109972000000,2763,109972000000,,0.0,0.0,0.5,0.0,0
110022000000,2764,110022000000,,0.0,0.0,0.5,0.0,0
110041000000,2765,110041000000,,0.0,0.0,0.5,0.0,0
110107000000,2766,110107000000,,0.0,0.0,0.5,0.0,0
110139000000,2767,110139000000,,0.0,0.0,0.5,0.0,0
110172000000,2768,110171000000,,0.0,0.0,0.5,0.0,0
110222000000,2769,110222000000,,0.0,0.0,0.5,0.0,0
110240000000,2770,110240000000,,0.0,0.0,0.5,0.0,0
110306000000,2771,110306000000,,0.0,0.0,0.5,0.0,0
110339000000,2772,110339000000,,0.0,0.0,0.5,0.0,0
110388000000,2773,110388000000,,0.0,0.0,0.5,0.0,0
110405000000,2774,110405000000,,0.0,0.0,0.5,0.0,0
110441000000,2775,110441000000,,0.0,0.0,0.5,0.0,0
110505000000,2776,110505000000,,0.0,0.0,0.5,0.0,0
110538000000,2777,110538000000,,0.0,0.0,0.5,0.0,0
110571000000,2778,110571000000,,0.0,0.0,0.5,0.0,0
110622000000,2779,110621000000,,0.0,0.0,0.5,0.0,0
110640000000,2780,110640000000,,0.0,0.0,0.5,0.0,0
110689000000,2781,110689000000,,0.0,0.0,0.5,0.0,0
110739000000,2782,110739000000,,0.0,0.0,0.5,0.0,0
110789000000,2783,110789000000,,0.0,0.0,0.5,0.0,0
110822000000,2784,110822000000,,0.0,0.0,0.5,0.0,0
110856000000,2785,110856000000,,0.0,0.0,0.5,0.0,0
110907000000,2786,110907000000,,0.0,0.0,0.5,0.0,0
110938000000,2787,110938000000,,0.0,0.0,0.5,0.0,0
110973000000,2788,110973000000,,0.0,0.0,0.5,0.0,0
111023000000,2789,111023000000,,0.0,0.0,0.5,0.0,0
111055000000,2790,111055000000,,0.0,0.0,0.5,0.0,0
111105000000,2791,111105000000,,0.0,0.0,0.5,0.0,0
111138000000,2792,111138000000,,0.0,0.0,0.5,0.0,0
111190000000,2793,111190000000,,0.0,0.0,0.5,0.0,0
111205000000,2794,111205000000,,0.0,0.0,0.5,0.0,0
111241000000,2795,111241000000,,0.0,0.0,0.5,0.0,0
111305000000,2796,111305000000,,0.0,0.0,0.5,0.0,0
111338000000,2797,111338000000,,0.0,0.0,0.5,0.0,0
111388000000,2798,111388000000,,0.0,0.0,0.5,0.0,0
111405000000,2799,111405000000,,0.0,0.0,0.5,0.0,0
111457000000,2800,111457000000,,0.0,0.0,0.5,0.0,0
111506000000,2801,111506000000,,0.0,0.0,0.5,0.0,0
111541000000,2802,111541000000,,0.0,0.0,0.5,0.0,0
111561000000,2803,111561000000,,0.0,0.0,0.5,0.0,0
111606000000,2804,111606000000,,0.0,0.0,0.5,0.0,0
111642000000,2805,111641000000,,0.0,0.0,0.5,0.0,0
111707000000,2806,111707000000,,0.0,0.0,0.5,0.0,0
111739000000,2807,111739000000,,0.0,0.0,0.5,0.0,0
111773000000,2808,111773000000,,0.0,0.0,0.5,0.0,0
111806000000,2809,111806000000,,0.0,0.0,0.5,0.0,0
111858000000,2810,111857000000,,0.0,0.0,0.5,0.0,0
111906000000,2811,111906000000,,0.0,0.0,0.5,0.0,0
111941000000,2812,111941000000,,0.0,0.0,0.5,0.0,0
111961000000,2813,111961000000,,0.0,0.0,0.5,0.0,0
112022000000,2814,112022000000,,0.0,0.0,0.5,0.0,0
112056000000,2815,112056000000,,0.0,0.0,0.5,0.0,0
112105000000,2816,112105000000,,0.0,0.0,0.5,0.0,0
112138000000,2817,112138000000,,0.0,0.0,0.5,0.0,0
112160000000,2818,112160000000,,0.0,0.0,0.5,0.0,0
112206000000,2819,112206000000,,0.0,0.0,0.5,0.0,0
112256000000,2820,112256000000,,0.0,0.0,0.5,0.0,0
112306000000,2821,112306000000,,0.0,0.0,0.5,0.0,0
112341000000,2822,112341000000,,0.0,0.0,0.5,0.0,0
112359000000,2823,112359000000,,0.0,0.0,0.5,0.0,0
112422000000,2824,112422000000,,0.0,0.0,0.5,0.0,0
112456000000,2825,112456000000,,0.0,0.0,0.5,0.0,0
112489000000,2826,112489000000,,0.0,0.0,0.5,0.0,0
112522000000,2827,112522000000,,0.0,0.0,0.5,0.0,0
112573000000,2828,112573000000,,0.0,0.0,0.5,0.0,0
112622000000,2829,112622000000,,0.0,0.0,0.5,0.0,0
112656000000,2830,112656000000,,0.0,0.0,0.5,0.0,0
112707000000,2831,112707000000,,0.0,0.0,0.5,0.0,0
112740000000,2832,112740000000,,0.0,0.0,0.5,0.0,0
112760000000,2833,112760000000,,0.0,0.0,0.5,0.0,0
112806000000,2834,112806000000,,0.0,0.0,0.5,0.0,0
112856000000,2835,112856000000,,0.0,0.0,0.5,0.0,0
112889000000,2836,112889000000,,0.0,0.0,0.5,0.0,0
112923000000,2837,112923000000,,0.0,0.0,0.5,0.0,0
112973000000,2838,112973000000,,0.0,0.0,0.5,0.0,0
113022000000,2839,113022000000,,0.0,0.0,0.5,0.0,0
113056000000,2840,113056000000,,0.0,0.0,0.5,0.0,0
113106000000,2841,113106000000,,0.0,0.0,0.5,0.0,0
113141000000,2842,113141000000,,0.0,0.0,0.5,0.0,0
113161000000,2843,113161000000,,0.0,0.0,0.5,0.0,0
113222000000,2844,113222000000,,0.0,0.0,0.5,0.0,0
113257000000,2845,113257000000,,0.0,0.0,0.5,0.0,0
113290000000,2846,113290000000,,0.0,0.0,0.5,0.0,0
113323000000,2847,113322000000,,0.0,0.0,0.5,0.0,0
113373000000,2848,113373000000,,0.0,0.0,0.5,0.0,0
113423000000,2849,113423000000,,0.0,0.0,0.5,0.0,0
113459000000,2850,113458000000,,0.0,0.0,0.5,0.0,0
113490000000,2851,113490000000,,0.0,0.0,0.5,0.0,0
113523000000,2852,113523000000,,0.0,0.0,0.5,0.0,0
113572000000,2853,113572000000,,0.0,0.0,0.5,0.0,0
113622000000,2854,113622000000,,0.0,0.0,0.5,0.0,0
113655000000,2855,113655000000,,0.0,0.0,0.5,0.0,0
113690000000,2856,113690000000,,0.0,0.0,0.5,0.0,0
113723000000,2857,113723000000,,0.0,0.0,0.5,0.0,0
113773000000,2858,113773000000,,0.0,0.0,0.5,0.0,0
113823000000,2859,113823000000,,0.0,0.0,0.5,0.0,0
113856000000,2860,113856000000,,0.0,0.0,0.5,0.0,0
113889000000,2861,113889000000,,0.0,0.0,0.5,0.0,0
113939000000,2862,113939000000,,0.0,0.0,0.5,0.0,0
113959000000,2863,113959000000,,0.0,0.0,0.5,0.0,0
114008000000,2864,114008000000,,0.0,0.0,0.5,0.0,0
114039000000,2865,114039000000,,0.0,0.0,0.5,0.0,0
114107000000,2866,114107000000,,0.0,0.0,0.5,0.0,0
114172000000,2867,114172000000,,0.0,0.0,0.5,0.0,0
114223000000,2868,114223000000,,0.0,0.0,0.5,0.0,0
114256000000,2869,114256000000,,0.0,0.0,0.5,0.0,0
114306000000,2870,114306000000,,0.0,0.0,0.5,0.0,0
114340000000,2871,114340000000,,0.0,0.0,0.5,0.0,0
114373000000,2872,114373000000,,0.0,0.0,0.5,0.0,0
114423000000,2873,114423000000,,0.0,0.0,0.5,0.0,0
114456000000,2874,114456000000,,0.0,0.0,0.5,0.0,0
114490000000,2875,114490000000,,0.0,0.0,0.5,0.0,0
114541000000,2876,114540000000,,0.0,0.0,0.5,0.0,0
114559000000,2877,114559000000,,0.0,0.0,0.5,0.0,0
114606000000,2878,114606000000,,0.0,0.0,0.5,0.0,0
114639000000,2879,114639000000,,0.0,0.0,0.5,0.0,0
114706000000,2880,114706000000,,0.0,0.0,0.5,0.0,0
114739000000,2881,114739000000,,0.0,0.0,0.5,0.0,0
114789000000,2882,114789000000,,0.0,0.0,0.5,0.0,0
114823000000,2883,114823000000,,0.0,0.0,0.5,0.0,0
114855000000,2884,114855000000,,0.0,0.0,0.5,0.0,0
114889000000,2885,114889000000,,0.0,0.0,0.5,0.0,0
114939000000,2886,114939000000,,0.0,0.0,0.5,0.0,0
114958000000,2887,114958000000,,0.0,0.0,0.5,0.0,0
115022000000,2888,115022000000,,0.0,0.0,0.5,0.0,0
115057000000,2889,115057000000,,0.0,0.0,0.5,0.0,0
115090000000,2890,115090000000,,0.0,0.0,0.5,0.0,0
115173000000,2891,115173000000,,0.0,0.0,0.5,0.0,0
115225000000,2892,115225000000,,0.0,0.0,0.5,0.0,0
115256000000,2893,115256000000,,0.0,0.0,0.5,0.0,0
115289000000,2894,115289000000,,0.0,0.0,0.5,0.0,0
115339000000,2895,115339000000,,0.0,0.0,0.5,0.0,0
115358000000,2896,115358000000,,0.0,0.0,0.5,0.0,0
115423000000,2897,115422000000,,0.0,0.0,0.5,0.0,0
115456000000,2898,115456000000,,0.0,0.0,0.5,0.0,0
115490000000,2899,115490000000,,0.0,0.0,0.5,0.0,0
115539000000,2900,115539000000,,0.0,0.0,0.5,0.0,0
115573000000,2901,115573000000,,0.0,0.0,0.5,0.0,0
115607000000,2902,115606000000,,0.0,0.0,0.5,0.0,0
115657000000,2903,115657000000,,0.0,0.0,0.5,0.0,0
115690000000,2904,115689000000,,0.0,0.0,0.5,0.0,0
115740000000,2905,115740000000,,0.0,0.0,0.5,0.0,0
115774000000,2906,115774000000,,0.0,0.0,0.5,0.0,0
115806000000,2907,115805000000,,0.0,0.0,0.5,0.0,0
115842000000,2908,115842000000,,0.0,0.0,0.5,0.0,0
115890000000,2909,115890000000,,0.0,0.0,0.5,0.0,0
115941000000,2910,115940000000,,0.0,0.0,0.5,0.0,0
115973000000,2911,115973000000,,0.0,0.0,0.5,0.0,0
116006000000,2912,116006000000,,0.0,0.0,0.5,0.0,0
116057000000,2913,116057000000,,0.0,0.0,0.5,0.0,0
116077000000,2914,116077000000,,0.0,0.0,0.5,0.0,0
116221000000,2915,116221000000,,0.0,0.0,0.5,0.0,0
116256000000,2916,116256000000,,0.0,0.0,0.5,0.0,0
116276000000,2917,116276000000,,0.0,0.0,0.5,0.0,0
116323000000,2918,116323000000,,0.0,0.0,0.5,0.0,0
116358000000,2919,116358000000,,0.0,0.0,0.5,0.0,0
116423000000,2920,116423000000,,0.0,0.0,0.5,0.0,0
116456000000,2921,116456000000,,0.0,0.0,0.5,0.0,0
116477000000,2922,116477000000,,0.0,0.0,0.5,0.0,0
116540000000,2923,116540000000,,0.0,0.0,0.5,0.0,0
116573000000,2924,116573000000,,0.0,0.0,0.5,0.0,0
116606000000,2925,116606000000,,0.0,0.0,0.5,0.0,0
116639000000,2926,116639000000,,0.0,0.0,0.5,0.0,0
116689000000,2927,116689000000,,0.0,0.0,0.5,0.0,0
116739000000,2928,116739000000,,0.0,0.0,0.5,0.0,0
116772000000,2929,116772000000,,0.0,0.0,0.5,0.0,0
116807000000,2930,116807000000,,0.0,0.0,0.5,0.0,0
116839000000,2931,116839000000,,0.0,0.0,0.5,0.0,0
116890000000,2932,116890000000,,0.0,0.0,0.5,0.0,0
116940000000,2933,116939000000,,0.0,0.0,0.5,0.0,0
116972000000,2934,116972000000,,0.0,0.0,0.5,0.0,0
117007000000,2935,117007000000,,0.0,0.0,0.5,0.0,0
117041000000,2936,117041000000,,0.0,0.0,0.5,0.0,0
117089000000,2937,117089000000,,0.0,0.0,0.5,0.0,0
117174000000,2938,117174000000,,0.0,0.0,0.5,0.0,0
117205000000,2939,117205000000,,0.0,0.0,0.5,0.0,0
117239000000,2940,117239000000,,0.0,0.0,0.5,0.0,0
117277000000,2941,117277000000,,0.0,0.0,0.5,0.0,0
117323000000,2942,117323000000,,0.0,0.0,0.5,0.0,0
117372000000,2943,117372000000,,0.0,0.0,0.5,0.0,0
117422000000,2944,117422000000,,0.0,0.0,0.5,0.0,0
117456000000,2945,117456000000,,0.0,0.0,0.5,0.0,0
117475000000,2946,117475000000,,0.0,0.0,0.5,0.0,0
117539000000,2947,117539000000,,0.0,0.0,0.5,0.0,0
117574000000,2948,117574000000,,0.0,0.0,0.5,0.0,0
117622000000,2949,117622000000,,0.0,0.0,0.5,0.0,0
117657000000,2950,117657000000,,0.0,0.0,0.5,0.0,0
117689000000,2951,117689000000,,0.0,0.0,0.5,0.0,0
117740000000,2952,117740000000,,0.0,0.0,0.5,0.0,0
117774000000,2953,117774000000,,0.0,0.0,0.5,0.0,0
117805000000,2954,117805000000,,0.0,0.0,0.5,0.0,0
117841000000,2955,117841000000,,0.0,0.0,0.5,0.0,0
117889000000,2956,117889000000,,0.0,0.0,0.5,0.0,0
117939000000,2957,117939000000,,0.0,0.0,0.5,0.0,0
117972000000,2958,117972000000,,0.0,0.0,0.5,0.0,0
118007000000,2959,118007000000,,0.0,0.0,0.5,0.0,0
118040000000,2960,118040000000,,0.0,0.0,0.5,0.0,0
118076000000,2961,118076000000,,0.0,0.0,0.5,0.0,0
118174000000,2962,118174000000,,0.0,0.0,0.5,0.0,0
118206000000,2963,118206000000,,0.0,0.0,0.5,0.0,0
118239000000,2964,118239000000,,0.0,0.0,0.5,0.0,0
118291000000,2965,118291000000,,0.0,0.0,0.5,0.0,0
118339000000,2966,118339000000,,0.0,0.0,0.5,0.0,0
118372000000,2967,118372000000,,0.0,0.0,0.5,0.0,0
118407000000,2968,118407000000,,0.0,0.0,0.5,0.0,0
118456000000,2969,118455000000,,0.0,0.0,0.5,0.0,0
118476000000,2970,118476000000,,0.0,0.0,0.5,0.0,0
118539000000,2971,118538000000,,0.0,0.0,0.5,0.0,0
118573000000,2972,118573000000,,0.0,0.0,0.5,0.0,0
118607000000,2973,118607000000,,0.0,0.0,0.5,0.0,0
118638000000,2974,118638000000,,0.0,0.0,0.5,0.0,0
118689000000,2975,118689000000,,0.0,0.0,0.5,0.0,0
118739000000,2976,118739000000,,0.0,0.0,0.5,0.0,0
118774000000,2977,118774000000,,0.0,0.0,0.5,0.0,0
118807000000,2978,118806000000,,0.0,0.0,0.5,0.0,0
118857000000,2979,118857000000,,0.0,0.0,0.5,0.0,0
118876000000,2980,118876000000,,0.0,0.0,0.5,0.0,0
118940000000,2981,118940000000,,0.0,0.0,0.5,0.0,0
118973000000,2982,118973000000,,0.0,0.0,0.5,0.0,0
119007000000,2983,119007000000,,0.0,0.0,0.5,0.0,0
119057000000,2984,119057000000,,0.0,0.0,0.5,0.0,0
119090000000,2985,119090000000,,0.0,0.0,0.5,0.0,0
119174000000,2986,119174000000,,0.0,0.0,0.5,0.0,0
119207000000,2987,119207000000,,0.0,0.0,0.5,0.0,0
119257000000,2988,119257000000,,0.0,0.0,0.5,0.0,0
119290000000,2989,119290000000,,0.0,0.0,0.5,0.0,0
119340000000,2990,119340000000,,0.0,0.0,0.5,0.0,0
119371000000,2991,119371000000,,0.0,0.0,0.5,0.0,0
119407000000,2992,119407000000,,0.0,0.0,0.5,0.0,0
119455000000,2993,119455000000,,0.0,0.0,0.5,0.0,0
119488000000,2994,119488000000,,0.0,0.0,0.5,0.0,0
119539000000,2995,119538000000,,0.0,0.0,0.5,0.0,0
119571000000,2996,119571000000,,0.0,0.0,0.5,0.0,0
119606000000,2997,119606000000,,0.0,0.0,0.5,0.0,0
119640000000,2998,119640000000,,0.0,0.0,0.5,0.0,0
119673000000,2999,119673000000,,0.0,0.0,0.5,0.0,0
119738000000,3000,119738000000,,0.0,0.0,0.5,0.0,0
119773000000,3001,119773000000,,0.0,0.0,0.5,0.0,0
119806000000,3002,119806000000,,0.0,0.0,0.5,0.0,0
119856000000,3003,119856000000,,0.0,0.0,0.5,0.0,0
119888000000,3004,119888000000,,0.0,0.0,0.5,0.0,0
119941000000,3005,119941000000,,0.0,0.0,0.5,0.0,0
119972000000,3006,119972000000,,0.0,0.0,0.5,0.0,0
120005000000,3007,120005000000,,0.0,0.0,0.5,0.0,0
120055000000,3008,120055000000,,0.0,0.0,0.5,0.0,0
120088000000,3009,120088000000,,0.0,0.0,0.5,0.0,0
120157000000,3010,120157000000,,0.0,0.0,0.5,0.0,0
120193000000,3011,120193000000,,0.0,0.0,0.5,0.0,0
120256000000,3012,120256000000,,0.0,0.0,0.5,0.0,0
120290000000,3013,120290000000,,0.0,0.0,0.5,0.0,0
120339000000,3014,120339000000,,0.0,0.0,0.5,0.0,0
120372000000,3015,120372000000,,0.0,0.0,0.5,0.0,0
120394000000,3016,120394000000,,0.0,0.0,0.5,0.0,0
120439000000,3017,120439000000,,0.0,0.0,0.5,0.0,0
120489000000,3018,120489000000,,0.0,0.0,0.5,0.0,0
120538000000,3019,120538000000,,0.0,0.0,0.5,0.0,0
120572000000,3020,120572000000,,0.0,0.0,0.5,0.0,0
120605000000,3021,120605000000,,0.0,0.0,0.5,0.0,0
120640000000,3022,120640000000,,0.0,0.0,0.5,0.0,0
120688000000,3023,120688000000,,0.0,0.0,0.5,0.0,0
120738000000,3024,120738000000,,0.0,0.0,0.5,0.0,0
120773000000,3025,120773000000,,0.0,0.0,0.5,0.0,0
120806000000,3026,120806000000,,0.0,0.0,0.5,0.0,0
120839000000,3027,120839000000,,0.0,0.0,0.5,0.0,0
120889000000,3028,120889000000,,0.0,0.0,0.5,0.0,0
120923000000,3029,120923000000,,0.0,0.0,0.5,0.0,0
120973000000,3030,120973000000,,0.0,0.0,0.5,0.0,0
121006000000,3031,121006000000,,0.0,0.0,0.5,0.0,0
121039000000,3032,121039000000,,0.0,0.0,0.5,0.0,0
121089000000,3033,121089000000,,0.0,0.0,0.5,0.0,0
121172000000,3034,121172000000,,0.0,0.0,0.5,0.0,0
121194000000,3035,121194000000,,0.0,0.0,0.5,0.0,0
121241000000,3036,121240000000,,0.0,0.0,0.5,0.0,0
121273000000,3037,121273000000,,0.0,0.0,0.5,0.0,0
121339000000,3038,121339000000,,0.0,0.0,0.5,0.0,0
121372000000,3039,121372000000,,0.0,0.0,0.5,0.0,0
121392000000,3040,121392000000,,0.0,0.0,0.5,0.0,0
121441000000,3041,121441000000,,0.0,0.0,0.5,0.0,0
121472000000,3042,121472000000,,0.0,0.0,0.5,0.0,0
121538000000,3043,121538000000,,0.0,0.0,0.5,0.0,0
121573000000,3044,121573000000,,0.0,0.0,0.5,0.0,0
121593000000,3045,121593000000,,0.0,0.0,0.5,0.0,0
121639000000,3046,121639000000,,0.0,0.0,0.5,0.0,0
121675000000,3047,121675000000,,0.0,0.0,0.5,0.0,0
121739000000,3048,121739000000,,0.0,0.0,0.5,0.0,0
121772000000,3049,121772000000,,0.0,0.0,0.5,0.0,0
121792000000,3050,121792000000,,0.0,0.0,0.5,0.0,0
121840000000,3051,121840000000,,0.0,0.0,0.5,0.0,0
121889000000,3052,121889000000,,0.0,0.0,0.5,0.0,0
121923000000,3053,121923000000,,0.0,0.0,0.5,0.0,0
121954000000,3054,121954000000,,0.0,0.0,0.5,0.0,0
