%time,field.header.seq,field.header.stamp,field.header.frame_id,field.pose.position.x,field.pose.position.y,field.pose.position.z,field.pose.orientation.x,field.pose.orientation.y,field.pose.orientation.z,field.pose.orientation.w
48922000000,1971,48922000000,map,0.1281208735616124,0.2985146253830515,-0.1177735845268611,0.0,0.0,0.0,0.0
48924000000,1972,48924000000,map,-0.014087060927299333,0.27466620721225077,-0.09142998011177011,0.0,0.0,0.0,0.0
48926000000,1973,48926000000,map,-0.16731905314897155,-0.10187943391858933,-0.36041380641855886,0.0,0.0,0.0,0.0
48928000000,1974,48928000000,map,-0.020785402103109196,0.0791204855230877,-0.06911542041746832,0.0,0.0,0.0,0.0
48930000000,1975,48930000000,map,-0.024790280998118752,-0.26992474350589757,-0.31604460409844526,0.0,0.0,0.0,0.0
48932000000,1976,48932000000,map,0.20822159140455088,0.11139185989241807,0.33025491568560106,0.0,0.0,0.0,0.0
48934000000,1977,48934000000,map,-0.3201840614025995,-0.31519207424008233,0.19147433730621655,0.0,0.0,0.0,0.0
48936000000,1978,48936000000,map,0.2435881524328778,0.10713408672431646,0.07982646302833069,0.0,0.0,0.0,0.0
48938000000,1979,48938000000,map,0.3584884272289569,-0.3986663521471504,0.04996686478055834,0.0,0.0,0.0,0.0
48940000000,1980,48940000000,map,0.20717961048593125,-0.3166175068849173,-0.04349425565322307,0.0,0.0,0.0,0.0
48942000000,1981,48942000000,map,0.15994936647479618,-0.3210423082523831,-0.21355167678362086,0.0,0.0,0.0,0.0
48944000000,1982,48944000000,map,-0.2970672263409231,0.22261181293494914,0.01691396122155825,0.0,0.0,0.0,0.0
48946000000,1983,48946000000,map,-0.034934113255933874,0.3526933997583488,-0.28305284542974035,0.0,0.0,0.0,0.0
48948000000,1984,48948000000,map,-0.3772098139935014,-0.26161183087326506,0.3387958487395494,0.0,0.0,0.0,0.0
48950000000,1985,48950000000,map,0.17472853311795444,0.38816755775975087,0.1018330115959698,0.0,0.0,0.0,0.0
48952000000,1986,48952000000,map,0.16042299517750847,-0.35407502050714823,-0.08917336848316515,0.0,0.0,0.0,0.0
48954000000,1987,48954000000,map,0.3976822458712339,-0.1451407265588029,-0.30608926906755507,0.0,0.0,0.0,0.0
48956000000,1988,48956000000,map,-0.3082754301230622,0.26022905321889966,-0.05945375635658434,0.0,0.0,0.0,0.0
48958000000,1989,48958000000,map,0.318334577493976,0.3381988815733983,0.34697893987336026,0.0,0.0,0.0,0.0
48960000000,1990,48960000000,map,-0.27052394556392334,-0.03851322236955046,0.02633240823282712,0.0,0.0,0.0,0.0
48962000000,1991,48962000000,map,-0.38867304084416315,0.08213396045080934,-0.17507283934970863,0.0,0.0,0.0,0.0
48964000000,1992,48964000000,map,-0.37492925100055746,0.17130779800154095,0.1318245080313193,0.0,0.0,0.0,0.0
48966000000,1993,48966000000,map,0.3420151834566736,-0.13793151254670466,-0.03769633324344568,0.0,0.0,0.0,0.0
48968000000,1994,48968000000,map,0.15406996771964487,0.21128480051671172,-0.17234975897967741,0.0,0.0,0.0,0.0
48970000000,1995,48970000000,map,-0.20664386101092538,0.3063699433140987,-0.33800970323670454,0.0,0.0,0.0,0.0
48972000000,1996,48972000000,map,0.23556444490403716,-0.33032399254441475,-0.27363662370377295,0.0,0.0,0.0,0.0
48974000000,1997,48974000000,map,-0.16639117746964172,0.11830492601928522,0.05624875500904125,0.0,0.0,0.0,0.0
48976000000,1998,48976000000,map,0.15223503220104795,-0.3154554565716433,0.12330692208217275,0.0,0.0,0.0,0.0
48978000000,1999,48978000000,map,-0.04554878418528796,-0.2788822306253765,-0.26983938564819504,0.0,0.0,0.0,0.0
48980000000,2000,48980000000,map,0.1520806645010302,-0.3650386320445715,-0.3301968398231061,0.0,0.0,0.0,0.0
48982000000,2001,48982000000,map,-0.38939511221416034,-0.289805168032828,-0.30150436980326517,0.0,0.0,0.0,0.0
48984000000,2002,48984000000,map,-0.39655391448258365,0.11803029118720287,-0.09757546895454922,0.0,0.0,0.0,0.0
48986000000,2003,48986000000,map,-0.22481183256160958,-0.056223845703712416,-0.005114318592493061,0.0,0.0,0.0,0.0
48988000000,2004,48988000000,map,0.12619120498751624,0.2243608493072048,-0.09089920813351865,0.0,0.0,0.0,0.0
48990000000,2005,48990000000,map,0.33033367403070113,-0.272452844452051,0.2671643797542206,0.0,0.0,0.0,0.0
48992000000,2006,48992000000,map,-0.2857649877482521,-0.09643716399272251,-0.13060520673803472,0.0,0.0,0.0,0.0
48994000000,2007,48994000000,map,0.18744102166172805,-0.01701310146674556,-0.20784817891674554,0.0,0.0,0.0,0.0
48996000000,2008,48996000000,map,0.04556498839267781,-0.15641734981833433,-0.25714149869082603,0.0,0.0,0.0,0.0
48998000000,2009,48998000000,map,0.0076712535726250475,-0.2196444462870379,0.17498354803580107,0.0,0.0,0.0,0.0
49000000000,2010,49000000000,map,-0.007341294570026857,-0.25698422133265375,0.02408508110954166,0.0,0.0,0.0,0.0
49002000000,2011,49002000000,map,-0.2898767859586054,0.19649799322703487,0.03926499890827928,0.0,0.0,0.0,0.0
49004000000,2012,49004000000,map,0.3647386927938703,-0.2508256797406543,0.07422068940820692,0.0,0.0,0.0,0.0
49006000000,2013,49006000000,map,0.09241980741809697,-0.1332686396128459,-0.030965224092136867,0.0,0.0,0.0,0.0
49008000000,2014,49008000000,map,0.28844716269610726,-0.16987210646129625,0.36687903454761783,0.0,0.0,0.0,0.0
49010000000,2015,49010000000,map,-0.007844496382040378,-0.04498033082813224,-0.35300786851519306,0.0,0.0,0.0,0.0
49012000000,2016,49012000000,map,-0.07146121208994327,0.32583044952456575,-0.34279067751315645,0.0,0.0,0.0,0.0
49014000000,2017,49014000000,map,-0.28022017994104176,-0.3591481647811579,0.08957071001058353,0.0,0.0,0.0,0.0
49016000000,2018,49016000000,map,0.1733210879583751,-0.38463825514677064,0.3492500649653033,0.0,0.0,0.0,0.0
49018000000,2019,49018000000,map,0.10445514373910014,0.04745249964935977,0.3528566727059722,0.0,0.0,0.0,0.0
49020000000,2020,49020000000,map,-0.3952689586341176,0.012949579652180798,-0.3361841298005354,0.0,0.0,0.0,0.0
49022000000,2021,49022000000,map,0.3929265021084132,0.29990434798794974,0.03984448427255999,0.0,0.0,0.0,0.0
49024000000,2022,49024000000,map,-0.35373842099884495,0.29852959103214827,-0.1934842999171755,0.0,0.0,0.0,0.0
49026000000,2023,49026000000,map,-0.2686362735281135,-0.27912141575039984,-0.3647127514102454,0.0,0.0,0.0,0.0
49028000000,2024,49028000000,map,-0.15101465215734766,0.27247754779016475,0.03188462327799291,0.0,0.0,0.0,0.0
49030000000,2025,49030000000,map,0.15838544262330223,-0.33949444810388757,-0.2922320815362829,0.0,0.0,0.0,0.0
49032000000,2026,49032000000,map,0.026878667293733283,0.3601673706529658,0.012437254722207136,0.0,0.0,0.0,0.0
49034000000,2027,49034000000,map,-0.27271832060111195,-0.10964597506684248,-0.31129583242729975,0.0,0.0,0.0,0.0
49036000000,2028,49036000000,map,0.34669337115666066,0.20359669060667152,-0.2846265691373346,0.0,0.0,0.0,0.0
49038000000,2029,49038000000,map,0.0549862464121354,0.3831454676184003,-0.3101457281976168,0.0,0.0,0.0,0.0
49040000000,2030,49040000000,map,-0.1245288212716546,0.09673447179401673,-0.11208256469648525,0.0,0.0,0.0,0.0
49042000000,2031,49042000000,map,0.006076590128718973,0.2033641589609928,-0.34569013360363277,0.0,0.0,0.0,0.0
49044000000,2032,49044000000,map,0.2826350612826437,0.035743594679609525,-0.14489135927062785,0.0,0.0,0.0,0.0
49046000000,2033,49046000000,map,0.32728249541128107,-0.17491989238096714,0.021013535889271462,0.0,0.0,0.0,0.0
49048000000,2034,49048000000,map,-0.3835041702471653,-0.1924126222053408,-0.1308661133892428,0.0,0.0,0.0,0.0
49050000000,2035,49050000000,map,-0.10292323122247926,-0.39724566263788863,-0.2888103809230465,0.0,0.0,0.0,0.0
49052000000,2036,49052000000,map,-0.05442013842139809,0.2832124250046214,0.06266858889829396,0.0,0.0,0.0,0.0
49054000000,2037,49054000000,map,0.24015686771946898,-0.32506576657281755,0.31406696638609244,0.0,0.0,0.0,0.0
49056000000,2038,49056000000,map,-0.3982609083551664,-0.3788364005886817,0.3387451162909817,0.0,0.0,0.0,0.0
49058000000,2039,49058000000,map,-0.15652095965023022,0.24722232189946636,0.044410174847997363,0.0,0.0,0.0,0.0
49060000000,2040,49060000000,map,0.3243713778312417,0.3529253096053028,0.013379526490081228,0.0,0.0,0.0,0.0
49062000000,2041,49062000000,map,0.3493635436184057,-0.27362311549398793,0.0392866114817606,0.0,0.0,0.0,0.0
49064000000,2042,49064000000,map,-0.3561931632541841,-0.16772406430275946,0.11359781667358781,0.0,0.0,0.0,0.0
49066000000,2043,49066000000,map,-0.00030588868874381614,0.3616027636043354,0.10662568813759965,0.0,0.0,0.0,0.0
49068000000,2044,49068000000,map,0.3162164033945547,-0.27840150725938256,-0.305174373462478,0.0,0.0,0.0,0.0
49070000000,2045,49070000000,map,0.18075486200654445,-0.2517516911192661,-0.3424274124410961,0.0,0.0,0.0,0.0
49072000000,2046,49072000000,map,-0.10121491172121744,0.28919051673886587,0.20080743138384305,0.0,0.0,0.0,0.0
49074000000,2047,49074000000,map,-0.16301819567884226,-0.07275539084474436,0.35999175142426,0.0,0.0,0.0,0.0
49076000000,2048,49076000000,map,-0.3779524478286002,0.17971036120616868,-0.11667691525075824,0.0,0.0,0.0,0.0
49078000000,2049,49078000000,map,0.2563585033663014,-0.38101962651594085,-0.062323774242021845,0.0,0.0,0.0,0.0
49080000000,2050,49080000000,map,0.07131658088949511,0.19412121159769247,-0.007830337965156031,0.0,0.0,0.0,0.0
49082000000,2051,49082000000,map,0.28773079308697247,-0.2869084521711359,0.25525345777877895,0.0,0.0,0.0,0.0
49084000000,2052,49084000000,map,-0.0858988389408365,0.02574396711564131,0.3864773748488094,0.0,0.0,0.0,0.0
49086000000,2053,49086000000,map,-0.11281441113470142,-0.3125738750939097,-0.04993527496063177,0.0,0.0,0.0,0.0
49088000000,2054,49088000000,map,0.14139523583840774,0.1474745533981946,-0.11187330796209499,0.0,0.0,0.0,0.0
49090000000,2055,49090000000,map,0.07495576935386722,0.14501370646252165,-0.08017966682923566,0.0,0.0,0.0,0.0
49092000000,2056,49092000000,map,0.373448722746894,-0.14994482860106184,0.3775697694728245,0.0,0.0,0.0,0.0
49094000000,2057,49094000000,map,0.2613695405630442,0.0027689926235714424,0.09613259007099745,0.0,0.0,0.0,0.0
49096000000,2058,49096000000,map,0.15100802974375394,-0.2667806434478551,0.20398569742257355,0.0,0.0,0.0,0.0
49098000000,2059,49098000000,map,0.06999041548657015,-0.013987376099365012,-0.05420570264294644,0.0,0.0,0.0,0.0
49100000000,2060,49100000000,map,0.3017723363666087,-0.2924992528593418,-0.35300368959818884,0.0,0.0,0.0,0.0
49102000000,2061,49102000000,map,0.18771323606782742,0.37771556288437147,0.10119433272563916,0.0,0.0,0.0,0.0
49104000000,2062,49104000000,map,0.06132978098992253,-0.20264150824002625,0.20671288279606992,0.0,0.0,0.0,0.0
49106000000,2063,49106000000,map,0.009285457635218375,0.14900198556464395,0.19175441117214143,0.0,0.0,0.0,0.0
49108000000,2064,49108000000,map,0.22062280733012662,-0.054983045766400174,-0.3737396352083816,0.0,0.0,0.0,0.0
49110000000,2065,49110000000,map,0.10128941582356099,-0.2341485465367888,0.21818323246631643,0.0,0.0,0.0,0.0
49112000000,2066,49112000000,map,-0.0795377265210675,-0.17194001571913026,-0.06635559858885998,0.0,0.0,0.0,0.0
49114000000,2067,49114000000,map,-0.24732520878396022,0.393472470732925,-0.04325424872277467,0.0,0.0,0.0,0.0
49116000000,2068,49116000000,map,0.37824673508702833,0.05111193782428325,0.273304866759849,0.0,0.0,0.0,0.0
49118000000,2069,49118000000,map,0.34578077492710657,-0.1104256857632595,-0.10174589423328223,0.0,0.0,0.0,0.0
49120000000,2070,49120000000,map,0.021458366985279587,-0.2175869197528124,0.1581186566835091,0.0,0.0,0.0,0.0
49122000000,2071,49122000000,map,-0.008544499813291084,0.052581629781370265,0.11443106387643875,0.0,0.0,0.0,0.0
49124000000,2072,49124000000,map,-0.2639689166434057,0.33810961643599113,0.3871437489077919,0.0,0.0,0.0,0.0
49126000000,2073,49126000000,map,0.17496479523765784,-0.24817658406562357,0.21319620988760712,0.0,0.0,0.0,0.0
49128000000,2074,49128000000,map,0.2254355388837873,-0.2284442013369441,0.18940550661943767,0.0,0.0,0.0,0.0
49130000000,2075,49130000000,map,0.24377313114682198,-0.017388158516907226,0.07469113235462832,0.0,0.0,0.0,0.0
49132000000,2076,49132000000,map,-0.09412981000743204,0.11747088474423961,-0.21572803673400065,0.0,0.0,0.0,0.0
49134000000,2077,49134000000,map,-0.017869981192450868,0.26234636005869594,0.2980526445182414,0.0,0.0,0.0,0.0
49136000000,2078,49136000000,map,0.37155882599388934,0.0993466259553416,0.2869493562761528,0.0,0.0,0.0,0.0
49138000000,2079,49138000000,map,0.08289932294267838,0.2652218784396423,0.3840281105155826,0.0,0.0,0.0,0.0
49140000000,2080,49140000000,map,0.09134189237728085,-0.04948568089290484,-0.021171839255119285,0.0,0.0,0.0,0.0
49142000000,2081,49142000000,map,-0.16655332966844597,0.049073346078573166,0.038280791220822175,0.0,0.0,0.0,0.0
49144000000,2082,49144000000,map,-0.19709450909720339,-0.022347643963417874,0.38092143023844915,0.0,0.0,0.0,0.0
49146000000,2083,49146000000,map,-0.10795984022901844,0.052974573284470694,0.3543452125549319,0.0,0.0,0.0,0.0
49148000000,2084,49148000000,map,-0.053331043262512035,-0.019013801222557747,-0.024521888584197682,0.0,0.0,0.0,0.0
49150000000,2085,49150000000,map,-0.06977277329504156,0.28084132893448277,-0.004517060930025685,0.0,0.0,0.0,0.0
49152000000,2086,49152000000,map,0.2956353341205924,-0.27390536474579696,0.19002745519568698,0.0,0.0,0.0,0.0
49154000000,2087,49154000000,map,-0.3444222917310793,-0.006460717224407331,-0.23574177303482477,0.0,0.0,0.0,0.0
49156000000,2088,49156000000,map,0.21012806547972662,0.017054602360995985,-0.10292238798255565,0.0,0.0,0.0,0.0
49158000000,2089,49158000000,map,0.06999704052293138,-0.13864570247066615,0.09478591556663718,0.0,0.0,0.0,0.0
49160000000,2090,49160000000,map,-0.2833403348594232,-0.3315732387145963,-0.26075936989255544,0.0,0.0,0.0,0.0
49162000000,2091,49162000000,map,-0.2778878823734433,0.17974667539091027,-0.061434465574076946,0.0,0.0,0.0,0.0
49164000000,2092,49164000000,map,-0.244999372229227,-0.31234748610700036,0.27074951108859335,0.0,0.0,0.0,0.0
49166000000,2093,49166000000,map,-0.16872112889993943,-0.1943760654788445,-0.25958976938680084,0.0,0.0,0.0,0.0
49168000000,2094,49168000000,map,-0.3111018654932762,0.27322266492141256,0.06799431122205946,0.0,0.0,0.0,0.0
49170000000,2095,49170000000,map,0.15620488447026226,0.37293849105907817,0.39494832919959477,0.0,0.0,0.0,0.0
49172000000,2096,49172000000,map,0.3790695773281896,-0.147251587588844,0.023951933854862606,0.0,0.0,0.0,0.0
49174000000,2097,49174000000,map,-0.04390539955010675,0.06521458188316415,0.03905562510444299,0.0,0.0,0.0,0.0
49176000000,2098,49176000000,map,0.28950113842328096,-0.18677252980478767,-0.1469191798838232,0.0,0.0,0.0,0.0
49178000000,2099,49178000000,map,-0.23434245067961754,0.34169347843315456,0.039462224948695224,0.0,0.0,0.0,0.0
49180000000,2100,49180000000,map,-0.351151397058861,-0.3636506337708957,0.26671357470711377,0.0,0.0,0.0,0.0
49182000000,2101,49182000000,map,0.17476544404871097,0.007773493658861763,-0.010047844238644965,0.0,0.0,0.0,0.0
49184000000,2102,49184000000,map,0.08260976501208861,-0.19186823282610616,-0.01271756540419805,0.0,0.0,0.0,0.0
49186000000,2103,49186000000,map,-0.3830308856764023,0.2529451199944097,0.26782063337851014,0.0,0.0,0.0,0.0
49188000000,2104,49188000000,map,0.12529565868351056,0.05366082986663773,-0.024328814883822658,0.0,0.0,0.0,0.0
49190000000,2105,49190000000,map,0.17908519813993162,-0.14226785545236476,-0.34576330413913237,0.0,0.0,0.0,0.0
49192000000,2106,49192000000,map,0.16821615799576295,0.2625330911672993,0.0670214390492263,0.0,0.0,0.0,0.0
49194000000,2107,49194000000,map,-0.2540557540363857,-0.09530037001723157,0.13388069936027525,0.0,0.0,0.0,0.0
49196000000,2108,49196000000,map,0.0999330637265663,0.1655714718704332,0.12145207495101884,0.0,0.0,0.0,0.0
49198000000,2109,49198000000,map,-0.2430743549898555,0.39247486416074284,-0.29725955447419816,0.0,0.0,0.0,0.0
49200000000,2110,49200000000,map,0.11104404075645502,0.13349696528411314,-0.118448359793416,0.0,0.0,0.0,0.0
49202000000,2111,49202000000,map,0.09138402115185607,0.13612785719188647,0.22752931003460775,0.0,0.0,0.0,0.0
49204000000,2112,49204000000,map,-0.2769916750709364,-0.2098364506736845,0.2232766322515194,0.0,0.0,0.0,0.0
49206000000,2113,49206000000,map,0.07173632981948874,0.33212640790431514,0.09621375403673182,0.0,0.0,0.0,0.0
49208000000,2114,49208000000,map,0.1725167443624358,-0.08909653903566961,0.13784745513875785,0.0,0.0,0.0,0.0
49210000000,2115,49210000000,map,0.15845865709445972,-0.11285106843707754,-0.14743826177060476,0.0,0.0,0.0,0.0
49212000000,2116,49212000000,map,-0.06660457321060825,0.29129920739062454,-0.3755300873583407,0.0,0.0,0.0,0.0
49214000000,2117,49214000000,map,-0.23129574270704584,0.23245181754011757,0.08167624564521925,0.0,0.0,0.0,0.0
49216000000,2118,49216000000,map,0.28656665317024477,-0.2553144912818528,-0.33410994012847683,0.0,0.0,0.0,0.0
49218000000,2119,49218000000,map,0.1901948020898977,-0.1135219312382802,-0.3317501400176287,0.0,0.0,0.0,0.0
49220000000,2120,49220000000,map,-0.06786250106943992,-0.09774431845336584,-0.14793409244495465,0.0,0.0,0.0,0.0
49222000000,2121,49222000000,map,-0.11511286960060929,0.09163632632616692,-0.2751244506527934,0.0,0.0,0.0,0.0
49224000000,2122,49224000000,map,0.1321212896347882,-0.34593203183499516,-0.2768066155728429,0.0,0.0,0.0,0.0
49226000000,2123,49226000000,map,-0.24757141388641932,0.35760129487381165,0.135033627224448,0.0,0.0,0.0,0.0
49228000000,2124,49228000000,map,0.22801399202215789,0.31312799260611357,0.3657900904928342,0.0,0.0,0.0,0.0
49230000000,2125,49230000000,map,-0.3172654677105207,0.14269610983461145,-0.24313999933529246,0.0,0.0,0.0,0.0
49232000000,2126,49232000000,map,0.07296196182593756,0.1873478228598423,0.20746891070103668,0.0,0.0,0.0,0.0
49234000000,2127,49234000000,map,-0.37265039181363036,-0.05453513524251968,-0.10421629022370399,0.0,0.0,0.0,0.0
49236000000,2128,49236000000,map,-0.07370475265629078,0.08222677920317878,0.21913696391410376,0.0,0.0,0.0,0.0
49238000000,2129,49238000000,map,0.27666112600695747,-0.041518618527047246,-0.28242610726680684,0.0,0.0,0.0,0.0
49240000000,2130,49240000000,map,0.01793057561099981,0.11894907455671988,-0.193433455471454,0.0,0.0,0.0,0.0
49242000000,2131,49242000000,map,0.23851603903944507,0.07956284639680211,-0.1376806201468322,0.0,0.0,0.0,0.0
49244000000,2132,49244000000,map,-0.3515796317993065,0.014023915258693287,-0.07310119561651385,0.0,0.0,0.0,0.0
49246000000,2133,49246000000,map,-0.27273562210633384,-0.20040592325307394,0.13498299088868115,0.0,0.0,0.0,0.0
49248000000,2134,49248000000,map,0.057258631242753655,0.15123492880739953,-0.1627683433615079,0.0,0.0,0.0,0.0
49250000000,2135,49250000000,map,0.18070436871728912,0.07407890246108834,-0.39081161370149864,0.0,0.0,0.0,0.0
49252000000,2136,49252000000,map,-0.16877852357512416,-0.14946395611203533,0.16739762184936957,0.0,0.0,0.0,0.0
49254000000,2137,49254000000,map,-0.35326971742021995,0.06267755721641344,-0.3974792245639065,0.0,0.0,0.0,0.0
49256000000,2138,49256000000,map,-0.34608891499818994,0.30410039234592057,0.2076338908189852,0.0,0.0,0.0,0.0
49258000000,2139,49258000000,map,-0.08839819728715198,0.2335876202771744,-0.33058452278992867,0.0,0.0,0.0,0.0
49260000000,2140,49260000000,map,-0.006143341754606069,-0.17559360153695136,0.27978692683621254,0.0,0.0,0.0,0.0
49262000000,2141,49262000000,map,0.20177106698745695,-0.10817168505188224,-0.14381461672891177,0.0,0.0,0.0,0.0
49264000000,2142,49264000000,map,-0.1849274057243564,-0.20896905988671688,0.011766403646663814,0.0,0.0,0.0,0.0
49266000000,2143,49266000000,map,0.38325000423897027,-0.2407616736168033,-0.0607214324110496,0.0,0.0,0.0,0.0
49268000000,2144,49268000000,map,0.26403599051015647,-0.23255371181071327,-0.17891218351387708,0.0,0.0,0.0,0.0
49270000000,2145,49270000000,map,0.3728560582272554,0.15113053506290508,-0.3246094396660073,0.0,0.0,0.0,0.0
49272000000,2146,49272000000,map,0.20423408334144388,0.10245807496448833,-0.3401523253771393,0.0,0.0,0.0,0.0
49274000000,2147,49274000000,map,-0.08003842921945303,-0.1949625659253139,-0.11414492854163366,0.0,0.0,0.0,0.0
49276000000,2148,49276000000,map,-0.09912616419663961,0.34486281744442726,-0.12151750759059438,0.0,0.0,0.0,0.0
49278000000,2149,49278000000,map,0.37181212197886093,0.32778960212125874,-0.262232515816916,0.0,0.0,0.0,0.0
49280000000,2150,49280000000,map,0.14873546194174603,-0.3846772867317203,0.3739907572855725,0.0,0.0,0.0,0.0
49282000000,2151,49282000000,map,0.16168006063814944,0.15463974463678531,0.04790289010090498,0.0,0.0,0.0,0.0
49284000000,2152,49284000000,map,0.1778981236615358,-0.21144632669583108,0.2524084482729164,0.0,0.0,0.0,0.0
49286000000,2153,49286000000,map,-0.08164614146324756,0.32296856946077634,0.25405258874683045,0.0,0.0,0.0,0.0
49288000000,2154,49288000000,map,-0.05651273257231021,0.38788729258425425,-0.05529874810254437,0.0,0.0,0.0,0.0
49290000000,2155,49290000000,map,0.37643166158001296,0.13485443681809495,-0.290524028054764,0.0,0.0,0.0,0.0
49292000000,2156,49292000000,map,-0.3443301026497598,0.11077433516722646,0.21062957263331683,0.0,0.0,0.0,0.0
49294000000,2157,49294000000,map,-0.3251815613629851,-0.34730630024790093,-0.344795432115808,0.0,0.0,0.0,0.0
49296000000,2158,49296000000,map,-0.3926498332973301,-0.3755412107246722,0.3028958889832237,0.0,0.0,0.0,0.0
49298000000,2159,49298000000,map,-0.24552148554979203,0.15409129571948177,-0.14242434714422914,0.0,0.0,0.0,0.0
49300000000,2160,49300000000,map,-0.24395980582131915,-0.33412597745326,-0.26600497471881146,0.0,0.0,0.0,0.0
49302000000,2161,49302000000,map,-0.2582061181736025,0.14642015197191682,-0.3315223762457268,0.0,0.0,0.0,0.0
49304000000,2162,49304000000,map,-0.25955719914300324,-0.12888741395506476,0.08946726918682907,0.0,0.0,0.0,0.0
49306000000,2163,49306000000,map,-0.3033410551195528,0.18059907361608274,-0.1945654147644151,0.0,0.0,0.0,0.0
49308000000,2164,49308000000,map,0.15758946513992567,0.3296080368657991,0.2736341162768343,0.0,0.0,0.0,0.0
49310000000,2165,49310000000,map,0.15451582048239,-0.061592371300912274,-0.110716000544893,0.0,0.0,0.0,0.0
49312000000,2166,49312000000,map,0.3459250940330041,-0.35769441738910646,0.30498947576507784,0.0,0.0,0.0,0.0
49314000000,2167,49314000000,map,-0.004762656453580871,0.3961352795572013,0.3844212012575241,0.0,0.0,0.0,0.0
49316000000,2168,49316000000,map,0.23264167033100436,0.34550094345580273,-0.33876771110134324,0.0,0.0,0.0,0.0
49318000000,2169,49318000000,map,0.15845414715025097,0.31425538841365763,-0.0795641159164529,0.0,0.0,0.0,0.0
49320000000,2170,49320000000,map,-0.37980842361924144,-0.07844708787104188,-0.17344149042122958,0.0,0.0,0.0,0.0
49322000000,2171,49322000000,map,-0.2059972525259557,-0.14687637739799586,-0.13694452138859775,0.0,0.0,0.0,0.0
49324000000,2172,49324000000,map,0.3986004651691636,0.1128953289184983,-0.10263157049217247,0.0,0.0,0.0,0.0
49326000000,2173,49326000000,map,-0.27245701452339155,0.37158576674495625,-0.34594892666647137,0.0,0.0,0.0,0.0
49328000000,2174,49328000000,map,0.1301877621780705,-0.30215509544897823,-0.3677216780610102,0.0,0.0,0.0,0.0
49330000000,2175,49330000000,map,0.18647988933546,0.2131292251023187,0.318079576474971,0.0,0.0,0.0,0.0
49332000000,2176,49332000000,map,-0.3816382235809938,-0.3819028507336989,-0.1290211099556559,0.0,0.0,0.0,0.0
49334000000,2177,49334000000,map,-0.09371222390994344,-0.23016702807489553,0.09623815460241875,0.0,0.0,0.0,0.0
49336000000,2178,49336000000,map,-0.23183291375388315,0.1028023754869214,0.15503620225446713,0.0,0.0,0.0,0.0
49338000000,2179,49338000000,map,-0.2969096821994465,-0.10263842430947206,0.23843083774590468,0.0,0.0,0.0,0.0
49340000000,2180,49340000000,map,0.274009689329211,-0.11662982816107575,-0.08922004155088692,0.0,0.0,0.0,0.0
49342000000,2181,49342000000,map,-0.00141698437043003,0.26787219145359364,-0.07084062287725884,0.0,0.0,0.0,0.0
49344000000,2182,49344000000,map,-0.10046143524180362,0.21528611197110814,-0.02862116154966554,0.0,0.0,0.0,0.0
49346000000,2183,49346000000,map,-0.1557883891267492,-0.1653769466113711,-0.3718870324449071,0.0,0.0,0.0,0.0
49349000000,2184,49348000000,map,-0.23109797186334902,0.33192851381684074,0.2279086174103916,0.0,0.0,0.0,0.0
49350000000,2185,49350000000,map,-0.20874121054329486,-0.20377398555008294,-0.3587567699395991,0.0,0.0,0.0,0.0
49352000000,2186,49352000000,map,0.05027467250294421,0.05873125471826823,-0.16702561487880005,0.0,0.0,0.0,0.0
49355000000,2187,49354000000,map,0.23711014660619467,0.19150335837511545,0.008094826259891108,0.0,0.0,0.0,0.0
49356000000,2188,49356000000,map,-0.2520617717202375,-0.16696030542978677,0.3788500840619835,0.0,0.0,0.0,0.0
49358000000,2189,49358000000,map,-0.36949175049353233,-0.2480398949286208,-0.36016900584557526,0.0,0.0,0.0,0.0
49360000000,2190,49360000000,map,0.3279246538932592,-0.05012518413586686,-0.27435605337151814,0.0,0.0,0.0,0.0
49362000000,2191,49362000000,map,-0.11503490503763697,-0.22076028091107308,0.275572094455966,0.0,0.0,0.0,0.0
49364000000,2192,49364000000,map,0.20144365700915767,-0.37849914433153176,0.2021254958809422,0.0,0.0,0.0,0.0
49366000000,2193,49366000000,map,0.2346137238902284,-0.06292907045463397,0.38218277921048815,0.0,0.0,0.0,0.0
49368000000,2194,49368000000,map,-0.33685412504899725,-0.140124353196576,0.09348760982571902,0.0,0.0,0.0,0.0
49370000000,2195,49370000000,map,0.11432345012300171,0.19196670646691705,-0.16791710620263098,0.0,0.0,0.0,0.0
49372000000,2196,49372000000,map,0.3254059952661982,0.05137568455965014,0.39721227418492255,0.0,0.0,0.0,0.0
49374000000,2197,49374000000,map,-0.1797181755822476,-0.1574264325588494,-0.11844519927585889,0.0,0.0,0.0,0.0
49376000000,2198,49376000000,map,-0.36661611248855625,-0.0008043733291455135,-0.3074455668052488,0.0,0.0,0.0,0.0
49378000000,2199,49378000000,map,-0.07473111440449232,-0.3075437415070985,-0.28029828194063605,0.0,0.0,0.0,0.0
49380000000,2200,49380000000,map,0.16958995447897118,0.3698525701805092,-0.14845054560966714,0.0,0.0,0.0,0.0
49382000000,2201,49382000000,map,-0.3600680356939408,-0.08896433306670404,-0.3247474771282395,0.0,0.0,0.0,0.0
49384000000,2202,49384000000,map,-0.10447466160115343,0.06966005161802669,0.21915220588007445,0.0,0.0,0.0,0.0
49386000000,2203,49386000000,map,0.002422306098915583,-0.20612053630762756,-0.09612392240624945,0.0,0.0,0.0,0.0
49388000000,2204,49388000000,map,0.21922183040550725,-0.14680615811466313,0.20618090873065043,0.0,0.0,0.0,0.0
49390000000,2205,49390000000,map,0.09873717100400536,-0.02542905571953702,-0.08144539678228074,0.0,0.0,0.0,0.0
49392000000,2206,49392000000,map,0.31740595412221495,0.2814681929310897,-0.3154789694131508,0.0,0.0,0.0,0.0
49394000000,2207,49394000000,map,-0.2903370728817687,0.20518962912161431,0.19541475242211281,0.0,0.0,0.0,0.0
49396000000,2208,49396000000,map,-0.31244262505227627,0.3141014891813032,0.24786344555792328,0.0,0.0,0.0,0.0
49398000000,2209,49398000000,map,0.09042745211619402,-0.29521332723247595,0.326259491270112,0.0,0.0,0.0,0.0
49400000000,2210,49400000000,map,-0.02445929195974106,0.013776810776592985,0.3383766014727837,0.0,0.0,0.0,0.0
49402000000,2211,49402000000,map,0.05471832117813191,-0.07963636888136982,-0.35156181660365915,0.0,0.0,0.0,0.0
49404000000,2212,49404000000,map,-0.2315728934941781,-0.30707426469921667,-0.3093188187637146,0.0,0.0,0.0,0.0
49406000000,2213,49406000000,map,-0.33838748224986703,-0.1126218357752013,-0.19887223985464408,0.0,0.0,0.0,0.0
49408000000,2214,49408000000,map,0.3570223076724902,0.10928612746659883,-0.05352276016885876,0.0,0.0,0.0,0.0
49410000000,2215,49410000000,map,0.22091965237133093,-0.3873190965573876,0.029787423038907967,0.0,0.0,0.0,0.0
49412000000,2216,49412000000,map,-0.09718869832774585,0.19089173745917054,0.10300350013743442,0.0,0.0,0.0,0.0
49414000000,2217,49414000000,map,0.23590804356040962,0.19175884849276925,-0.0696623970590643,0.0,0.0,0.0,0.0
49416000000,2218,49416000000,map,-0.24525904007103894,0.3153376100877415,-0.12799515145155094,0.0,0.0,0.0,0.0
49418000000,2219,49418000000,map,-0.3858479350813419,0.23157200435162284,-0.1791200624419531,0.0,0.0,0.0,0.0
49420000000,2220,49420000000,map,-0.26799103655911616,-0.3666343325522512,-0.15420985274074558,0.0,0.0,0.0,0.0
49422000000,2221,49422000000,map,0.046526923947117105,0.10585741843034024,0.3659661077205927,0.0,0.0,0.0,0.0
49424000000,2222,49424000000,map,-0.10124053628949331,-0.15894046832102063,0.13478302416328636,0.0,0.0,0.0,0.0
49426000000,2223,49426000000,map,-0.1544539522491474,0.26372048646253465,0.025125316191255742,0.0,0.0,0.0,0.0
49428000000,2224,49428000000,map,-0.3171100814505257,-0.35665623539270447,-0.216086940521926,0.0,0.0,0.0,0.0
49430000000,2225,49430000000,map,-0.17978976743223157,0.1932735993900241,-0.07512687569111881,0.0,0.0,0.0,0.0
49432000000,2226,49432000000,map,-0.10639149832949346,0.2646691173733141,0.1739530442610373,0.0,0.0,0.0,0.0
49434000000,2227,49434000000,map,-0.10387007589192515,0.39218951712281525,0.06982806820680904,0.0,0.0,0.0,0.0
49436000000,2228,49436000000,map,-0.006785353961563156,-0.19683208718504994,-0.1662029495095214,0.0,0.0,0.0,0.0
49438000000,2229,49438000000,map,-0.04311604130915997,-0.2523920785078083,0.28090740868069075,0.0,0.0,0.0,0.0
49440000000,2230,49440000000,map,0.2800479946277642,-0.018169764698812485,-0.036823623200671896,0.0,0.0,0.0,0.0
49442000000,2231,49442000000,map,0.3393626513669189,-0.19562748486958173,0.3651177897348362,0.0,0.0,0.0,0.0
49444000000,2232,49444000000,map,0.0698818951656544,-0.26680831573513575,-0.1932521932902761,0.0,0.0,0.0,0.0
49446000000,2233,49446000000,map,-0.32743457270636234,0.16700646508025707,-0.34542415656815745,0.0,0.0,0.0,0.0
49448000000,2234,49448000000,map,-0.3998159888763747,-0.30938455181899643,0.024528586284269516,0.0,0.0,0.0,0.0
49450000000,2235,49450000000,map,0.3374673057021602,0.3738958552035506,0.382037347128495,0.0,0.0,0.0,0.0
49452000000,2236,49452000000,map,-0.3686148179625969,0.33538768087585447,-0.2680597148751498,0.0,0.0,0.0,0.0
49454000000,2237,49454000000,map,0.12183808461948031,-0.09201216679202096,0.2835153879139818,0.0,0.0,0.0,0.0
49457000000,2238,49457000000,map,-0.3001636817283224,-0.08174686915229423,0.08295304262373626,0.0,0.0,0.0,0.0
49458000000,2239,49458000000,map,0.08948068963592332,-0.33799178703047683,0.16502987405110336,0.0,0.0,0.0,0.0
49460000000,2240,49460000000,map,-0.25358781829733323,0.05270720322904443,-0.22385376624508557,0.0,0.0,0.0,0.0
49462000000,2241,49462000000,map,-0.16008636757010325,-0.33197703139385676,-0.39404805144591837,0.0,0.0,0.0,0.0
49464000000,2242,49464000000,map,0.08205421872156593,-0.3910630703413713,0.3614967657629614,0.0,0.0,0.0,0.0
49466000000,2243,49466000000,map,0.31757043768229454,-0.23114590361136578,0.30663714951585386,0.0,0.0,0.0,0.0
49468000000,2244,49468000000,map,0.00038190461307890944,-0.1678274989744483,0.17493198698284806,0.0,0.0,0.0,0.0
49470000000,2245,49470000000,map,-0.21690216624323458,-0.32412931001824324,0.3202544149254657,0.0,0.0,0.0,0.0
49472000000,2246,49472000000,map,0.2869246133396245,0.31036337080574716,0.1583853853848055,0.0,0.0,0.0,0.0
49474000000,2247,49474000000,map,-0.21318791647703322,-0.19638894025186465,-0.09560700093310848,0.0,0.0,0.0,0.0
49476000000,2248,49476000000,map,-0.03415321419072692,0.37137233170067263,0.23447621049232026,0.0,0.0,0.0,0.0
49478000000,2249,49478000000,map,-0.139894981949306,-0.04279678715513169,-0.11516203932423502,0.0,0.0,0.0,0.0
49480000000,2250,49480000000,map,-0.20497468546293354,0.012828688190527626,-0.29603950431107673,0.0,0.0,0.0,0.0
49482000000,2251,49482000000,map,-0.09917914841974873,-0.3816801639610795,0.21985556055043298,0.0,0.0,0.0,0.0
49484000000,2252,49484000000,map,-0.27855162194186167,-0.19772932661825304,-0.37063164781060703,0.0,0.0,0.0,0.0
49486000000,2253,49486000000,map,0.38664427584539574,0.2730447313410691,0.31987446017124865,0.0,0.0,0.0,0.0
49488000000,2254,49488000000,map,-0.0987377347808715,-0.07931594903162381,0.3775223712574308,0.0,0.0,0.0,0.0
49490000000,2255,49490000000,map,-0.13458598912129432,0.35548660792112774,-0.2196943999363446,0.0,0.0,0.0,0.0
49493000000,2256,49492000000,map,-0.014180493137269212,-0.01864660690163067,0.18800624910150554,0.0,0.0,0.0,0.0
49494000000,2257,49494000000,map,0.15075595951080678,0.30336709681929974,-0.030045125632686742,0.0,0.0,0.0,0.0
49496000000,2258,49496000000,map,-0.29337143269948673,-0.38738150907425184,-0.28373489312651207,0.0,0.0,0.0,0.0
49498000000,2259,49498000000,map,0.3258501983230242,0.013829156175641066,-0.007275427159886272,0.0,0.0,0.0,0.0
49500000000,2260,49500000000,map,0.3051691469081099,0.26073927978385647,-0.2951696913053921,0.0,0.0,0.0,0.0
49502000000,2261,49502000000,map,-0.17145716858442162,-0.001169178472608945,-0.3788768816150228,0.0,0.0,0.0,0.0
49504000000,2262,49504000000,map,0.11286373276566763,0.27891097230318196,-0.24343630210024966,0.0,0.0,0.0,0.0
49506000000,2263,49506000000,map,0.2681523675471643,0.15602842277294415,-0.3151808706743875,0.0,0.0,0.0,0.0
49508000000,2264,49508000000,map,0.013801487449348393,-0.13644133487167964,0.2612401775743427,0.0,0.0,0.0,0.0
49510000000,2265,49510000000,map,0.28625918975692966,-0.2900678597690821,-0.011794276566301387,0.0,0.0,0.0,0.0
49512000000,2266,49512000000,map,0.3101149786315668,-0.3134159267084089,0.06308013902797283,0.0,0.0,0.0,0.0
49514000000,2267,49514000000,map,-0.14390522978987857,-0.35328163950825847,0.38121150321354624,0.0,0.0,0.0,0.0
49516000000,2268,49516000000,map,-0.15233079473138586,0.33617783762490927,0.25300044696488877,0.0,0.0,0.0,0.0
49518000000,2269,49518000000,map,0.39780193782380635,0.37833371425971496,-0.3941567383114737,0.0,0.0,0.0,0.0
49520000000,2270,49520000000,map,0.1741981942591495,-0.015999163638921676,-0.2891982092797336,0.0,0.0,0.0,0.0
49522000000,2271,49522000000,map,-0.2009209416521132,0.014476618896545557,-0.16834108972704828,0.0,0.0,0.0,0.0
49524000000,2272,49524000000,map,-0.12733200691145463,0.04138084594934377,0.39217407118500325,0.0,0.0,0.0,0.0
49526000000,2273,49526000000,map,-0.2584221356350104,0.24676679016345848,-0.16174172037987217,0.0,0.0,0.0,0.0
49528000000,2274,49528000000,map,-0.2676893761049589,0.07482775409475834,0.0992399549354892,0.0,0.0,0.0,0.0
49530000000,2275,49530000000,map,0.15684701931504874,-0.2663838471085057,-0.35381335086018606,0.0,0.0,0.0,0.0
49532000000,2276,49532000000,map,0.3701242420428684,-0.1607496646353754,0.28351514161120317,0.0,0.0,0.0,0.0
49534000000,2277,49534000000,map,0.022345148071564402,-0.134697116518865,0.19404182104978163,0.0,0.0,0.0,0.0
49536000000,2278,49536000000,map,0.19234027048311808,0.38758443559623623,0.1473159988227828,0.0,0.0,0.0,0.0
49538000000,2279,49538000000,map,-0.2419145875708396,-0.1137597717548271,0.14350089695837664,0.0,0.0,0.0,0.0
49540000000,2280,49540000000,map,0.0015165695674325685,0.15901997209266827,-0.037640897267389894,0.0,0.0,0.0,0.0
49542000000,2281,49542000000,map,-0.15595025229580115,0.16838770351514543,-0.3183117150096503,0.0,0.0,0.0,0.0
49544000000,2282,49544000000,map,-0.38330648112468474,0.01953150997420766,-0.26004362380343526,0.0,0.0,0.0,0.0
49546000000,2283,49546000000,map,0.13884330683476043,0.22030031087277502,-0.005086103882343429,0.0,0.0,0.0,0.0
49548000000,2284,49548000000,map,0.08685807029445602,-0.04062556136609463,-0.1578563380628778,0.0,0.0,0.0,0.0
49550000000,2285,49550000000,map,0.2039763077476796,-0.12090722456326825,0.36816259481746083,0.0,0.0,0.0,0.0
49553000000,2286,49552000000,map,0.3839516893669783,-0.37596322707894053,0.3781202413293947,0.0,0.0,0.0,0.0
49554000000,2287,49554000000,map,-0.35285846223278083,-0.0017159991666969021,-0.16733739949220575,0.0,0.0,0.0,0.0
49556000000,2288,49556000000,map,-0.09461167855496394,-0.03198577086086668,0.029092721652703546,0.0,0.0,0.0,0.0
49558000000,2289,49558000000,map,-0.1011923603283924,-0.004271378801239456,-0.0701423168685062,0.0,0.0,0.0,0.0
49560000000,2290,49560000000,map,0.018376550044176654,-0.18089722844680117,0.31821326767726676,0.0,0.0,0.0,0.0
49562000000,2291,49562000000,map,-0.31654104499888036,-0.13552621073237597,0.26943332104262807,0.0,0.0,0.0,0.0
49564000000,2292,49564000000,map,-0.02254178368851245,-0.05945165371274119,0.059635886759193124,0.0,0.0,0.0,0.0
49566000000,2293,49566000000,map,-0.31063361015257046,0.036752332586647896,-0.27190328146384246,0.0,0.0,0.0,0.0
49568000000,2294,49568000000,map,0.1654793061129688,0.12173780234990061,-0.19100417963420618,0.0,0.0,0.0,0.0
49570000000,2295,49570000000,map,-0.2859966119183146,0.0030341549523117406,0.24017892704520216,0.0,0.0,0.0,0.0
49572000000,2296,49572000000,map,-0.17622979594796184,0.020269179295194673,0.19420971685508825,0.0,0.0,0.0,0.0
49574000000,2297,49574000000,map,0.30605831126345506,0.30929713074687315,0.14735382248966455,0.0,0.0,0.0,0.0
49576000000,2298,49576000000,map,-0.0841746717302222,0.028751778935745265,0.0687053015344758,0.0,0.0,0.0,0.0
49578000000,2299,49578000000,map,0.3693462199046136,0.23541631502600902,-0.2877442877646695,0.0,0.0,0.0,0.0
49580000000,2300,49580000000,map,-0.2831850180411333,0.38500854475027746,-0.2593343063126485,0.0,0.0,0.0,0.0
49582000000,2301,49582000000,map,0.20604627348723137,-0.3902027333187922,-0.21852882434967832,0.0,0.0,0.0,0.0
49584000000,2302,49584000000,map,0.31038193449011553,-0.09395030871097715,-0.3552131821103044,0.0,0.0,0.0,0.0
49586000000,2303,49586000000,map,-0.29125910125755583,0.1370677535310536,0.10150503740325523,0.0,0.0,0.0,0.0
49588000000,2304,49588000000,map,0.12960417841120453,-0.21218046079520003,-0.018057691683543486,0.0,0.0,0.0,0.0
49590000000,2305,49590000000,map,0.32612242998164864,0.18829213042044424,0.3591120100121027,0.0,0.0,0.0,0.0
49592000000,2306,49592000000,map,-0.2690979027682189,-0.26399874699657405,0.3254820512240968,0.0,0.0,0.0,0.0
49594000000,2307,49594000000,map,0.12869246251445177,-0.14810280165888057,-0.19104379393995183,0.0,0.0,0.0,0.0
49596000000,2308,49596000000,map,0.2508831270054691,0.09098463652512684,-0.28186738395214184,0.0,0.0,0.0,0.0
49598000000,2309,49598000000,map,-0.2970491959838533,-0.2764108990322364,0.39171388552199804,0.0,0.0,0.0,0.0
49600000000,2310,49600000000,map,-0.3353738198928995,-0.09170100597415132,0.13121690856746393,0.0,0.0,0.0,0.0
49602000000,2311,49602000000,map,-0.10440151610757753,-0.3941561668959014,0.009951016262379042,0.0,0.0,0.0,0.0
49604000000,2312,49604000000,map,0.04802380468350326,0.3974561467384935,-0.10912188094081271,0.0,0.0,0.0,0.0
49606000000,2313,49606000000,map,-0.08001289954998458,0.040919441972359194,-0.3488636889915924,0.0,0.0,0.0,0.0
49608000000,2314,49608000000,map,-0.3596019531034554,-0.23338652972016272,-0.11802297359619862,0.0,0.0,0.0,0.0
49610000000,2315,49610000000,map,-0.16328306789742722,0.21708126048186827,-0.21449010702133167,0.0,0.0,0.0,0.0
49612000000,2316,49612000000,map,-0.14210088098187978,-0.11440566065397156,-0.09567679193600864,0.0,0.0,0.0,0.0
49614000000,2317,49614000000,map,0.12067857164870421,0.016780924678622244,0.2823004718660157,0.0,0.0,0.0,0.0
49616000000,2318,49616000000,map,0.37189581226031587,-0.1113827816004872,0.14158083688413303,0.0,0.0,0.0,0.0
49618000000,2319,49618000000,map,-0.3442153739750303,0.09066102146661814,0.039443010109319054,0.0,0.0,0.0,0.0
49620000000,2320,49620000000,map,-0.07967427747814237,-0.01428022972898979,-0.26720980901244007,0.0,0.0,0.0,0.0
49622000000,2321,49622000000,map,-0.1625716699759947,-0.30723085233126135,0.3767564151710291,0.0,0.0,0.0,0.0
49624000000,2322,49624000000,map,-0.17924790210724095,0.31046353881224764,0.33589123137170485,0.0,0.0,0.0,0.0
49627000000,2323,49626000000,map,0.10511389230366441,-0.19205131938409586,-0.05436585229239277,0.0,0.0,0.0,0.0
49628000000,2324,49628000000,map,0.27506505458297414,0.1302240634082169,0.3201068804556867,0.0,0.0,0.0,0.0
49630000000,2325,49630000000,map,-0.18967566987386766,-0.15148549083566737,0.0762502034181704,0.0,0.0,0.0,0.0
49632000000,2326,49632000000,map,0.18158929672393087,0.2341918663372785,0.1465176074656488,0.0,0.0,0.0,0.0
49634000000,2327,49634000000,map,-0.27663126620328415,0.3116006884012018,0.15868639074402835,0.0,0.0,0.0,0.0
49636000000,2328,49636000000,map,-0.3642101874115067,-0.30738461368731307,0.2471164616803515,0.0,0.0,0.0,0.0
49638000000,2329,49638000000,map,0.06661273679769686,-0.30989335784658506,0.33678082892209915,0.0,0.0,0.0,0.0
49640000000,2330,49640000000,map,0.3946444515393752,-0.359023710538771,0.01285572075049296,0.0,0.0,0.0,0.0
49643000000,2331,49642000000,map,0.2682661557365299,0.14065480123864627,-0.28660007949047467,0.0,0.0,0.0,0.0
49644000000,2332,49644000000,map,-0.3589943676937839,0.38430866330033586,0.04064671087086469,0.0,0.0,0.0,0.0
49646000000,2333,49646000000,map,-0.0956144701771347,0.33847573062251923,-0.18292158213091106,0.0,0.0,0.0,0.0
49648000000,2334,49648000000,map,0.3143450470484014,-0.08371265616668894,-0.09504589719525053,0.0,0.0,0.0,0.0
49650000000,2335,49650000000,map,0.2213856157544133,0.16745881003105667,0.2232989243825445,0.0,0.0,0.0,0.0
49652000000,2336,49652000000,map,0.21459465519951715,0.24909567440792013,-0.055362234972290925,0.0,0.0,0.0,0.0
49654000000,2337,49654000000,map,0.2904895096204012,0.07129202443135807,-0.10661198765564767,0.0,0.0,0.0,0.0
49656000000,2338,49656000000,map,0.19255888056781,-0.27784391394893526,0.1955368031042788,0.0,0.0,0.0,0.0
49658000000,2339,49658000000,map,0.34400002962715104,-0.17658803635550036,-0.34100557022160477,0.0,0.0,0.0,0.0
49660000000,2340,49660000000,map,-0.3714626688385689,-0.10628966937666595,0.32780902753332664,0.0,0.0,0.0,0.0
49662000000,2341,49662000000,map,-0.0534605704743783,0.05851894435137367,-0.279860245341642,0.0,0.0,0.0,0.0
49664000000,2342,49664000000,map,-0.2868595478342698,0.2618843183660665,0.15592888421323303,0.0,0.0,0.0,0.0
49667000000,2343,49667000000,map,-0.2841883525951785,-0.28382798940731974,-0.35623269410655467,0.0,0.0,0.0,0.0
49669000000,2344,49668000000,map,-0.028439912924285438,0.2723337239933665,0.03126389704718424,0.0,0.0,0.0,0.0
49670000000,2345,49670000000,map,0.200063938416141,-0.3376572182120227,-0.36710635247611073,0.0,0.0,0.0,0.0
49672000000,2346,49672000000,map,-0.0665628960313851,0.13135754983048142,-0.12974402733255103,0.0,0.0,0.0,0.0
49674000000,2347,49674000000,map,-0.30746028213450055,-0.0938898058956602,0.17221565478942202,0.0,0.0,0.0,0.0
49676000000,2348,49676000000,map,0.14374630463803384,0.15086662535949458,0.12777941026344442,0.0,0.0,0.0,0.0
49679000000,2349,49679000000,map,-0.200858517412946,0.28199206096495977,0.15365217827785926,0.0,0.0,0.0,0.0
49680000000,2350,49680000000,map,0.2239553272034296,0.2364605550868627,-0.04907056790772535,0.0,0.0,0.0,0.0
49683000000,2351,49682000000,map,-0.2196352162747508,-0.07269744437784448,0.059303569502414166,0.0,0.0,0.0,0.0
49684000000,2352,49684000000,map,0.24320796090843178,0.37423916654637635,-0.02623361462031626,0.0,0.0,0.0,0.0
49686000000,2353,49686000000,map,0.2716893011049353,-0.18893144615653248,0.31129414065685224,0.0,0.0,0.0,0.0
49688000000,2354,49688000000,map,0.15550834599114038,0.19510841505309784,0.0978961129181603,0.0,0.0,0.0,0.0
49690000000,2355,49690000000,map,0.38311490237431245,-0.058152125022583545,0.3097908535056647,0.0,0.0,0.0,0.0
49692000000,2356,49692000000,map,0.33166674545489294,0.2609319661415038,0.15538067733425476,0.0,0.0,0.0,0.0
49694000000,2357,49694000000,map,0.30853209642212387,0.33632671495879596,-0.06992485190409081,0.0,0.0,0.0,0.0
49696000000,2358,49696000000,map,0.07957581219691817,0.06251640107872519,-0.22241189568276848,0.0,0.0,0.0,0.0
49698000000,2359,49698000000,map,0.21290657510870792,0.15329142165753928,-0.060683859710364385,0.0,0.0,0.0,0.0
49700000000,2360,49700000000,map,-0.24099189330263393,0.1295417659664171,0.27672208079935456,0.0,0.0,0.0,0.0
49702000000,2361,49702000000,map,0.20135649305057168,-0.23743011830237723,-0.06936120013366542,0.0,0.0,0.0,0.0
49704000000,2362,49704000000,map,-0.014234405897168734,-0.26205009671637525,-0.1151994170641456,0.0,0.0,0.0,0.0
49706000000,2363,49706000000,map,-0.23415049158383375,-0.14348544876350672,-0.10421587162672807,0.0,0.0,0.0,0.0
49708000000,2364,49708000000,map,0.2320613251887399,0.027523487167156913,-0.29133868955050995,0.0,0.0,0.0,0.0
49710000000,2365,49710000000,map,-0.3785343429680561,-0.18143664258937192,0.12204215513330707,0.0,0.0,0.0,0.0
49712000000,2366,49712000000,map,0.14027926300645244,0.06422732325920794,0.1969408062555199,0.0,0.0,0.0,0.0
49714000000,2367,49714000000,map,0.312452041847325,0.20334864126071828,-0.0071645359778446105,0.0,0.0,0.0,0.0
49716000000,2368,49716000000,map,0.28698794664766614,-0.3405930032741155,-0.16081426974999982,0.0,0.0,0.0,0.0
49718000000,2369,49718000000,map,0.22128517124199998,0.13028126935062834,-0.38191971333402813,0.0,0.0,0.0,0.0
49720000000,2370,49720000000,map,0.03951380581387509,-0.37083892649655864,0.3519195647735368,0.0,0.0,0.0,0.0
49722000000,2371,49722000000,map,0.2582120284777434,-0.03901320009311304,-0.36878193646497165,0.0,0.0,0.0,0.0
49724000000,2372,49724000000,map,-0.14998957656738865,-0.24615057240143398,0.34917567334610267,0.0,0.0,0.0,0.0
49726000000,2373,49726000000,map,0.3029002080354587,0.3636134964241785,-0.0988046455328282,0.0,0.0,0.0,0.0
49728000000,2374,49728000000,map,-0.18419999319305624,-0.10954540585888356,0.0618589782500244,0.0,0.0,0.0,0.0
49730000000,2375,49730000000,map,-0.19309784388960116,0.15847376483161868,-0.19790086911974494,0.0,0.0,0.0,0.0
49732000000,2376,49732000000,map,0.3329160008715595,0.2427147672987532,-0.08922034071341145,0.0,0.0,0.0,0.0
49734000000,2377,49734000000,map,-0.29861192454434166,0.17139463985047898,-0.24459476240486505,0.0,0.0,0.0,0.0
49736000000,2378,49736000000,map,0.020191749392497127,-0.120094523929481,0.009366231576778627,0.0,0.0,0.0,0.0
49738000000,2379,49738000000,map,-0.18661442190010313,-0.09885111266436447,-0.019454256396735148,0.0,0.0,0.0,0.0
49740000000,2380,49740000000,map,0.3580171103499449,0.3382362096413033,-0.11084818850602235,0.0,0.0,0.0,0.0
49742000000,2381,49742000000,map,-0.2967850432543859,-0.281574945303793,-0.34013347419756684,0.0,0.0,0.0,0.0
49744000000,2382,49744000000,map,0.1773590947595508,-0.21980757037237147,-0.3401262826130541,0.0,0.0,0.0,0.0
49746000000,2383,49746000000,map,-0.11278346510646159,-0.17233013559153854,-0.2933513890621171,0.0,0.0,0.0,0.0
49748000000,2384,49748000000,map,-0.060608956795559055,0.38661768981845435,0.36381636646363513,0.0,0.0,0.0,0.0
49750000000,2385,49750000000,map,0.14733469109961495,0.253617248754998,0.0064883803509993565,0.0,0.0,0.0,0.0
49752000000,2386,49752000000,map,-0.20856106391168489,0.15529702721364946,-0.29420202034202464,0.0,0.0,0.0,0.0
49754000000,2387,49754000000,map,-0.18171622072653604,0.1219111339912895,0.013085224122932726,0.0,0.0,0.0,0.0
49756000000,2388,49756000000,map,-0.34807376574182836,-0.32255694862959083,-0.38012407121149083,0.0,0.0,0.0,0.0
49758000000,2389,49758000000,map,-0.15284437087575814,0.2685281834102755,-0.14188377352008946,0.0,0.0,0.0,0.0
49760000000,2390,49760000000,map,-0.2918737514865661,0.04154262086710753,-0.30747497592738793,0.0,0.0,0.0,0.0
49762000000,2391,49762000000,map,-0.3884186705472103,0.21525958433628145,-0.011630116960316794,0.0,0.0,0.0,0.0
49764000000,2392,49764000000,map,-0.23552831979828004,0.2501380464586519,-0.057032655325303994,0.0,0.0,0.0,0.0
49766000000,2393,49766000000,map,-0.22399729803241944,-0.16267581932433087,0.2960613977389016,0.0,0.0,0.0,0.0
49768000000,2394,49768000000,map,-0.16837667227009054,0.2662145551569849,-0.3421946416532653,0.0,0.0,0.0,0.0
49770000000,2395,49770000000,map,0.2300479811164703,0.10090582492258082,0.37817666878347156,0.0,0.0,0.0,0.0
49772000000,2396,49772000000,map,-0.05621585440539001,-0.12712519873202222,-0.14763248091077835,0.0,0.0,0.0,0.0
49774000000,2397,49774000000,map,-0.34680463944745255,0.22749106713067158,0.047016381795941975,0.0,0.0,0.0,0.0
49776000000,2398,49776000000,map,0.27795865549669385,0.19622843966006132,0.3622973609488106,0.0,0.0,0.0,0.0
49778000000,2399,49778000000,map,0.2699136786901444,0.051733678570951125,-0.39967102153101547,0.0,0.0,0.0,0.0
49780000000,2400,49780000000,map,-0.3655026613974421,-0.15433619786912522,0.34408695033549386,0.0,0.0,0.0,0.0
49782000000,2401,49782000000,map,-0.3555699517517205,-0.1826767713218072,0.05469526326884022,0.0,0.0,0.0,0.0
49784000000,2402,49784000000,map,-0.07602753780168003,0.012812471052518315,-0.20361497022562056,0.0,0.0,0.0,0.0
49786000000,2403,49786000000,map,-0.21057651445467743,-0.2649942095796852,-0.16275461432318392,0.0,0.0,0.0,0.0
49788000000,2404,49788000000,map,-0.2918794250739803,0.3458057417236703,0.18684962937225336,0.0,0.0,0.0,0.0
49790000000,2405,49790000000,map,-0.3884983816553524,-0.10772292257068028,0.27515432438255294,0.0,0.0,0.0,0.0
49792000000,2406,49792000000,map,-0.36077729816153764,-0.2678740421516729,-0.013348572698605399,0.0,0.0,0.0,0.0
49794000000,2407,49794000000,map,-0.23913764335466997,-0.08336686205706889,-0.36625655018499226,0.0,0.0,0.0,0.0
49796000000,2408,49796000000,map,-0.3754104107020553,-0.3109125622271133,-0.12851556324168817,0.0,0.0,0.0,0.0
49798000000,2409,49798000000,map,-0.08736797319325534,0.0722302796691019,0.11820879183696176,0.0,0.0,0.0,0.0
49800000000,2410,49800000000,map,0.05189576051604605,0.36703190736931457,-0.3438567498504532,0.0,0.0,0.0,0.0
49802000000,2411,49802000000,map,0.3811890299919819,0.12271536115954984,-0.32682356216950464,0.0,0.0,0.0,0.0
49804000000,2412,49804000000,map,-0.3720687544825903,-0.13322234429915364,-0.07383753732844789,0.0,0.0,0.0,0.0
49806000000,2413,49806000000,map,-0.18771714538862422,0.211395716122612,0.020242952311984308,0.0,0.0,0.0,0.0
49808000000,2414,49808000000,map,-0.3690890058087194,0.00526958626346119,-0.10852765128125197,0.0,0.0,0.0,0.0
49810000000,2415,49810000000,map,0.30891567972989886,-0.05610572800625513,0.3871958510326122,0.0,0.0,0.0,0.0
49812000000,2416,49812000000,map,0.29316072321998765,-0.05997520584737942,-0.2143036333341618,0.0,0.0,0.0,0.0
49814000000,2417,49814000000,map,-0.36023363089124144,-0.0853845102427398,-0.048813127470606066,0.0,0.0,0.0,0.0
49816000000,2418,49816000000,map,0.062215256208935366,0.09649499004961737,-0.2137431202496899,0.0,0.0,0.0,0.0
49818000000,2419,49818000000,map,0.15503822410772727,0.18133944494160492,0.28845740755206684,0.0,0.0,0.0,0.0
49820000000,2420,49820000000,map,0.05441082046752621,-0.12900216962746675,-0.09825350129265431,0.0,0.0,0.0,0.0
49822000000,2421,49822000000,map,0.18712961679119122,-0.2774110510666724,0.29300356046190335,0.0,0.0,0.0,0.0
49824000000,2422,49824000000,map,0.20554706722488525,0.05471683822056106,0.11573602313311748,0.0,0.0,0.0,0.0
49826000000,2423,49826000000,map,-0.1910218541383912,-0.2914123262670953,0.3763420871256159,0.0,0.0,0.0,0.0
49828000000,2424,49828000000,map,-0.08563632780062613,-0.37562520351142803,-0.0016291009276246382,0.0,0.0,0.0,0.0
49830000000,2425,49830000000,map,0.02748081777716055,0.08535039877184908,0.15465965624926503,0.0,0.0,0.0,0.0
49832000000,2426,49832000000,map,0.2716436986057722,0.30782456242968026,-0.0796273251925061,0.0,0.0,0.0,0.0
49834000000,2427,49834000000,map,-0.17563543985346686,0.06714683716502401,-0.004569505510382932,0.0,0.0,0.0,0.0
49836000000,2428,49836000000,map,0.08545493467155191,-0.3011176745710208,0.03413123116545702,0.0,0.0,0.0,0.0
49838000000,2429,49838000000,map,0.3717087370066582,0.09589917569567658,-0.12655270557988152,0.0,0.0,0.0,0.0
49840000000,2430,49840000000,map,-0.08292407357667192,0.032189752662735494,-0.11420626816819807,0.0,0.0,0.0,0.0
49842000000,2431,49842000000,map,-0.01794969605843788,-0.28624290204930514,-0.15735643402189067,0.0,0.0,0.0,0.0
49844000000,2432,49844000000,map,0.10998207116500525,0.24281647388885108,-0.18126060816881504,0.0,0.0,0.0,0.0
49846000000,2433,49846000000,map,-0.262870513164102,0.33913370063474646,-0.2595286356818832,0.0,0.0,0.0,0.0
49848000000,2434,49848000000,map,-0.3649257195497745,0.18528349491709073,-0.032622147126294965,0.0,0.0,0.0,0.0
49850000000,2435,49850000000,map,0.25620355149276275,-0.13124317182761308,-0.06287340055443752,0.0,0.0,0.0,0.0
49852000000,2436,49852000000,map,0.24715573288313697,0.26595757890743965,-0.16902354525620542,0.0,0.0,0.0,0.0
49854000000,2437,49854000000,map,-0.2978210974408325,-0.007250538779462856,-0.0494254112878828,0.0,0.0,0.0,0.0
49856000000,2438,49856000000,map,-0.2536194794419357,0.17810333440013237,0.1551538826220794,0.0,0.0,0.0,0.0
49858000000,2439,49858000000,map,0.2638920178128553,-0.2928500537208457,0.34627145912949187,0.0,0.0,0.0,0.0
49860000000,2440,49860000000,map,-0.3103362004615986,0.04248773168485531,-0.37981746436123476,0.0,0.0,0.0,0.0
49862000000,2441,49862000000,map,0.10760599917388036,0.01223160135592083,-0.2833522473697475,0.0,0.0,0.0,0.0
49864000000,2442,49864000000,map,0.31492093479046324,-0.0026087412827380807,0.13314212159411531,0.0,0.0,0.0,0.0
49866000000,2443,49866000000,map,0.3853606356040099,-0.29576378846458107,-0.12084426649572083,0.0,0.0,0.0,0.0
49868000000,2444,49868000000,map,0.2363934941978434,0.08892613615503481,0.21857431253970694,0.0,0.0,0.0,0.0
49870000000,2445,49870000000,map,-0.20809248667982863,-0.34513170611608035,0.1619540297928117,0.0,0.0,0.0,0.0
49872000000,2446,49872000000,map,-0.0789188586231585,0.03687655656663996,-0.24866827630516608,0.0,0.0,0.0,0.0
49874000000,2447,49874000000,map,-0.03693850468765686,-0.18103666462861157,-0.20619773744977118,0.0,0.0,0.0,0.0
49876000000,2448,49876000000,map,-0.19862771532068413,0.19625038296373476,-0.15953054318027957,0.0,0.0,0.0,0.0
49878000000,2449,49878000000,map,-0.325569205034832,0.22441366319886968,0.2653814415829452,0.0,0.0,0.0,0.0
49880000000,2450,49880000000,map,-0.0788694957702818,0.2443273190694708,0.33341454628112543,0.0,0.0,0.0,0.0
49882000000,2451,49882000000,map,-0.31063327204746216,0.37483486075080874,0.2120909170805365,0.0,0.0,0.0,0.0
49884000000,2452,49884000000,map,0.23244073487793648,-0.34522250300875895,0.25709588987306375,0.0,0.0,0.0,0.0
49886000000,2453,49886000000,map,0.1938798924914561,-0.32118794596147054,0.21973770496211154,0.0,0.0,0.0,0.0
49888000000,2454,49888000000,map,-0.16323295698703763,0.30878150675385363,-0.19696100858682164,0.0,0.0,0.0,0.0
49890000000,2455,49890000000,map,-0.348950880197581,0.08421974436442659,-0.17203701813920264,0.0,0.0,0.0,0.0
49892000000,2456,49892000000,map,-0.010516029954638406,0.23363544275661174,0.22966148308341805,0.0,0.0,0.0,0.0
49894000000,2457,49894000000,map,-0.30879298344673667,0.34983864375289764,-0.3428319522465596,0.0,0.0,0.0,0.0
49896000000,2458,49896000000,map,-0.25033065912042274,0.2530698281168353,-0.31882229381518656,0.0,0.0,0.0,0.0
49898000000,2459,49898000000,map,-0.3125086310253769,-0.3943558478886343,-0.36123063147611956,0.0,0.0,0.0,0.0
49900000000,2460,49900000000,map,0.13971765201662545,-0.28042808929669366,-0.10517917821289186,0.0,0.0,0.0,0.0
49902000000,2461,49902000000,map,0.17265854364488775,-0.04629010775337772,0.3495492616438395,0.0,0.0,0.0,0.0
49904000000,2462,49904000000,map,0.00391737615623694,0.2645346376008051,0.2902679584442799,0.0,0.0,0.0,0.0
49906000000,2463,49906000000,map,-0.26787385831297306,0.028275842676685703,0.235757370821423,0.0,0.0,0.0,0.0
49908000000,2464,49908000000,map,-0.16680075993815607,0.25352200226590593,0.358013407156896,0.0,0.0,0.0,0.0
49910000000,2465,49910000000,map,0.16632243060382235,-0.36308568556542176,-0.05431864688940069,0.0,0.0,0.0,0.0
49912000000,2466,49912000000,map,0.19393759456616133,0.22460733700558877,0.3087027608014584,0.0,0.0,0.0,0.0
49914000000,2467,49914000000,map,-0.33122236110612,0.22397522615969545,0.2628688289989327,0.0,0.0,0.0,0.0
49916000000,2468,49916000000,map,-0.30055125886767614,0.3410574440490086,0.3247651676765114,0.0,0.0,0.0,0.0
49918000000,2469,49918000000,map,0.034044842481880166,-0.00787175613675245,-0.21388982193367173,0.0,0.0,0.0,0.0
49920000000,2470,49920000000,map,0.21778669465945388,0.2404317830177921,-0.3905675800913254,0.0,0.0,0.0,0.0
49922000000,2471,49922000000,map,0.26477459829492767,0.12859468494687576,0.31123773965434065,0.0,0.0,0.0,0.0
49924000000,2472,49924000000,map,-0.2526139333318951,-0.23826492899982085,-0.009442054532459943,0.0,0.0,0.0,0.0
49926000000,2473,49926000000,map,-0.21961340352694175,0.12842373069370594,0.30617900024596145,0.0,0.0,0.0,0.0
49928000000,2474,49928000000,map,0.2549801066388766,0.14048829333120116,-0.03132394995782284,0.0,0.0,0.0,0.0
49930000000,2475,49930000000,map,0.1857822717519293,-0.12124791995310391,0.23597703412513482,0.0,0.0,0.0,0.0
49932000000,2476,49932000000,map,0.28601396805957235,0.24125591563948046,0.3187486032468895,0.0,0.0,0.0,0.0
49934000000,2477,49934000000,map,0.028932455084408226,0.2824188897642721,0.05918452858974382,0.0,0.0,0.0,0.0
49936000000,2478,49936000000,map,0.08341744928357542,-0.0777649338157636,0.340033207984606,0.0,0.0,0.0,0.0
49938000000,2479,49938000000,map,0.2575496834910028,0.31394456662527426,-0.337938655048051,0.0,0.0,0.0,0.0
49940000000,2480,49940000000,map,0.017948029053236336,0.05082438536454725,0.08368971498088945,0.0,0.0,0.0,0.0
49942000000,2481,49942000000,map,-0.11277751223476135,-0.1766988487210627,0.3117466531442721,0.0,0.0,0.0,0.0
49944000000,2482,49944000000,map,-0.3030740969653824,-0.11487897178715062,-0.38316775604872594,0.0,0.0,0.0,0.0
49946000000,2483,49946000000,map,0.02949598843061746,0.2233491677407885,-0.19551692546150853,0.0,0.0,0.0,0.0
49948000000,2484,49948000000,map,0.11355207023139158,-0.18352367330022912,-0.04564639068386189,0.0,0.0,0.0,0.0
49950000000,2485,49950000000,map,-0.27291859885021746,0.37715217636413445,-0.02727017910681201,0.0,0.0,0.0,0.0
49952000000,2486,49952000000,map,-0.18826774970498375,-0.18776178953757774,0.30029742594963404,0.0,0.0,0.0,0.0
49954000000,2487,49954000000,map,-0.3268518391457056,0.3073945471742797,-0.3641218020226852,0.0,0.0,0.0,0.0
49956000000,2488,49956000000,map,0.05469921490548035,-0.3304882254026988,-0.29996194970117385,0.0,0.0,0.0,0.0
49958000000,2489,49958000000,map,-0.2886937417069544,0.2958064686334042,-0.21131587470548197,0.0,0.0,0.0,0.0
49960000000,2490,49960000000,map,0.18552127833663412,-0.07598938965489749,-0.28395088684006037,0.0,0.0,0.0,0.0
49962000000,2491,49962000000,map,-0.3391167542248015,-0.09842308994660437,-0.15957216211865843,0.0,0.0,0.0,0.0
49964000000,2492,49964000000,map,0.2402230995999417,0.015949635836908282,0.24439618729938262,0.0,0.0,0.0,0.0
49966000000,2493,49966000000,map,0.19174659322950016,-0.399666867187153,-0.23949553456476325,0.0,0.0,0.0,0.0
49968000000,2494,49968000000,map,0.16902307214994317,0.33516485478015157,-0.013663700888467911,0.0,0.0,0.0,0.0
49970000000,2495,49970000000,map,0.29477640098185665,-0.37512338415710533,-0.3646980588481934,0.0,0.0,0.0,0.0
49972000000,2496,49972000000,map,-0.36581915240565754,-0.17565490672969727,0.17780667707313458,0.0,0.0,0.0,0.0
49974000000,2497,49974000000,map,-0.12049701578971589,0.0524523577300654,0.22537090954882477,0.0,0.0,0.0,0.0
49976000000,2498,49976000000,map,0.1370429453481431,0.14883530135681855,-0.19884236039371497,0.0,0.0,0.0,0.0
49978000000,2499,49978000000,map,-0.22813498393042408,-0.27753349578114794,-0.23631690960886131,0.0,0.0,0.0,0.0
49980000000,2500,49980000000,map,-0.18881327345237417,-0.2047903683267138,-0.22586090057908956,0.0,0.0,0.0,0.0
49982000000,2501,49982000000,map,0.29150802794856223,-0.3095462191657273,0.0775303969360448,0.0,0.0,0.0,0.0
49984000000,2502,49984000000,map,-0.3553873388789097,0.12957689458458055,0.262843148994631,0.0,0.0,0.0,0.0
49986000000,2503,49986000000,map,-0.33802642577906805,0.3410684240630575,0.3338430403149143,0.0,0.0,0.0,0.0
49988000000,2504,49988000000,map,0.2754282927280718,-0.09595617080809199,-0.36030257807974914,0.0,0.0,0.0,0.0
49990000000,2505,49990000000,map,-0.17094073544889823,-0.008400319091757646,0.2983419774486512,0.0,0.0,0.0,0.0
49992000000,2506,49992000000,map,-0.07708729586782243,0.12206824363618618,0.05330881766944734,0.0,0.0,0.0,0.0
49994000000,2507,49994000000,map,-0.030845388399321383,-0.22714908306151083,0.16492267705765606,0.0,0.0,0.0,0.0
49996000000,2508,49996000000,map,-0.04078283331785554,-0.13393570936999205,-0.38220844212694144,0.0,0.0,0.0,0.0
49998000000,2509,49998000000,map,-0.32749212426839835,0.2716891212073007,0.20809804019461653,0.0,0.0,0.0,0.0
50000000000,2510,50000000000,map,-0.10430388949165359,-0.03905667155687309,-0.1354879962801977,0.0,0.0,0.0,0.0
50002000000,2511,50002000000,map,-0.24651265567824943,-0.28574369585125875,-0.3892479993124916,0.0,0.0,0.0,0.0
50004000000,2512,50004000000,map,0.021489635806296203,0.185114555132749,0.3646176161087683,0.0,0.0,0.0,0.0
50006000000,2513,50006000000,map,0.20042534160689507,0.15544626061191946,-0.21561390885758483,0.0,0.0,0.0,0.0
50008000000,2514,50008000000,map,0.17945723711992745,0.08449971591232808,-0.17070970871261903,0.0,0.0,0.0,0.0
50010000000,2515,50010000000,map,0.1672772368772546,-0.27137349528125765,-0.07462021101563548,0.0,0.0,0.0,0.0
50012000000,2516,50012000000,map,-0.008362426503305986,-0.3551420677818475,-0.24160115219248943,0.0,0.0,0.0,0.0
50014000000,2517,50014000000,map,0.17257143225533977,0.10839228853125149,0.0443491694953021,0.0,0.0,0.0,0.0
50016000000,2518,50016000000,map,0.3759806340148384,-0.31666348650856574,-0.2998564031564662,0.0,0.0,0.0,0.0
50018000000,2519,50018000000,map,-0.3489084900111869,0.059036947156939856,-0.09663801825065466,0.0,0.0,0.0,0.0
50020000000,2520,50020000000,map,0.17220415886413865,-0.048924393872553984,0.027291461633776326,0.0,0.0,0.0,0.0
50022000000,2521,50022000000,map,-0.026494270148517074,-0.08959988683746395,-0.12981338523610159,0.0,0.0,0.0,0.0
50024000000,2522,50024000000,map,0.24762344284600168,-0.3320043035597073,-0.3661465411493709,0.0,0.0,0.0,0.0
50026000000,2523,50026000000,map,0.3490001845837487,0.28818672497945497,0.013129895748308473,0.0,0.0,0.0,0.0
50028000000,2524,50028000000,map,-0.07011874099617638,0.07901161133529444,0.06645552181135422,0.0,0.0,0.0,0.0
50030000000,2525,50030000000,map,0.1099245189988648,-0.19362549189894016,0.3399088589903243,0.0,0.0,0.0,0.0
50032000000,2526,50032000000,map,-0.055447105121711915,0.04110796831695912,-0.2433224526986697,0.0,0.0,0.0,0.0
50034000000,2527,50034000000,map,0.20067144582100194,-0.39472647625059193,0.033059848478871945,0.0,0.0,0.0,0.0
50036000000,2528,50036000000,map,0.17094385556190228,0.28446671482065866,-0.22781905329537744,0.0,0.0,0.0,0.0
50038000000,2529,50038000000,map,-0.06848468737227587,-0.3548537706462903,0.22369430641622323,0.0,0.0,0.0,0.0
50040000000,2530,50040000000,map,0.07636690179535793,-0.1137524586515381,0.19200637157504086,0.0,0.0,0.0,0.0
50042000000,2531,50042000000,map,0.1500623307524187,-0.027454718418610136,0.15177579110182116,0.0,0.0,0.0,0.0
50044000000,2532,50044000000,map,-0.07309315458500643,0.3124159273555195,0.35451332252235923,0.0,0.0,0.0,0.0
50046000000,2533,50046000000,map,0.12123726490922526,-0.3466840254336915,0.3909748981890727,0.0,0.0,0.0,0.0
50048000000,2534,50048000000,map,0.044541335186209785,-0.2643771318559114,-0.22025997560660318,0.0,0.0,0.0,0.0
50050000000,2535,50050000000,map,0.20858414495753919,-0.24335285001954976,-0.33278198779644186,0.0,0.0,0.0,0.0
50052000000,2536,50052000000,map,-0.3637966076408648,0.18540211976355803,-0.277280791495203,0.0,0.0,0.0,0.0
50054000000,2537,50054000000,map,0.38978175891052325,0.20843222214795787,-0.14770742017912325,0.0,0.0,0.0,0.0
50056000000,2538,50056000000,map,-0.0004488367461363829,-0.16355720309834265,0.1817649024252248,0.0,0.0,0.0,0.0
50058000000,2539,50058000000,map,0.38665247653955814,-0.2763067245711464,0.31335873992761776,0.0,0.0,0.0,0.0
50060000000,2540,50060000000,map,0.21551745383717358,-0.18493070536804068,0.24915156951306483,0.0,0.0,0.0,0.0
50062000000,2541,50062000000,map,-0.050708036919985267,-0.1150089798720792,-0.1499099456847356,0.0,0.0,0.0,0.0
50064000000,2542,50064000000,map,0.03848006742820698,-0.23916021499641976,-0.21069161403042114,0.0,0.0,0.0,0.0
50066000000,2543,50066000000,map,0.046234891601537875,-0.29700157908246844,-0.005191157269365143,0.0,0.0,0.0,0.0
50069000000,2544,50068000000,map,-0.173413751392704,0.10031908656399946,-0.236081285572592,0.0,0.0,0.0,0.0
50070000000,2545,50070000000,map,-0.017194973495878008,-0.24195401553897541,0.27191528820068267,0.0,0.0,0.0,0.0
50073000000,2546,50072000000,map,0.05661794831644151,-0.08220024745232118,0.26879629686363893,0.0,0.0,0.0,0.0
50074000000,2547,50074000000,map,-0.2844854610675169,-0.3313016378502818,0.3694769163471884,0.0,0.0,0.0,0.0
50076000000,2548,50076000000,map,-0.21767726687083128,0.10684197457799871,-0.08682096042878351,0.0,0.0,0.0,0.0
50079000000,2549,50079000000,map,0.33971562732326477,0.11646253285326769,-0.3133812619441396,0.0,0.0,0.0,0.0
50081000000,2550,50080000000,map,-0.07564885666315618,0.12913056937252199,0.38950027754201855,0.0,0.0,0.0,0.0
50082000000,2551,50082000000,map,0.23949943439751042,0.3910912038816393,-0.08654583603967098,0.0,0.0,0.0,0.0
50084000000,2552,50084000000,map,-0.04523372914451579,-0.3175339195669472,0.14380039787548216,0.0,0.0,0.0,0.0
50087000000,2553,50087000000,map,0.08187386796759666,0.29430289911336704,0.32981037608925134,0.0,0.0,0.0,0.0
50088000000,2554,50088000000,map,0.20056670609991778,0.3910964032332247,0.33732301210086413,0.0,0.0,0.0,0.0
50090000000,2555,50090000000,map,-0.02801107731112601,0.3366646517479981,-0.37567606115440255,0.0,0.0,0.0,0.0
50092000000,2556,50092000000,map,0.20622494483525322,0.3097890346537553,0.2696483418088661,0.0,0.0,0.0,0.0
50094000000,2557,50094000000,map,-0.24384602019324117,0.13018297556016178,0.20467366757804129,0.0,0.0,0.0,0.0
50096000000,2558,50096000000,map,-0.16344948548497162,-0.35693772614128544,0.170301182862852,0.0,0.0,0.0,0.0
50098000000,2559,50098000000,map,0.39758581878043653,0.15241334227872716,0.38573335978826506,0.0,0.0,0.0,0.0
50100000000,2560,50100000000,map,0.3285271619524436,0.2886807063729733,-0.37016142944641084,0.0,0.0,0.0,0.0
50102000000,2561,50102000000,map,-0.11499928739293946,0.28711216135547646,-0.07419118529901947,0.0,0.0,0.0,0.0
50104000000,2562,50104000000,map,0.023305674088312744,0.31361689834232276,0.3174470813046685,0.0,0.0,0.0,0.0
50106000000,2563,50106000000,map,0.180465766382097,-0.14820944727912083,-0.20186346097530694,0.0,0.0,0.0,0.0
50109000000,2564,50109000000,map,-0.1577328942839069,-0.20732169784506985,-0.08694697938233198,0.0,0.0,0.0,0.0
50110000000,2565,50110000000,map,-0.14948165142723935,0.02361524837714646,0.018393041992465275,0.0,0.0,0.0,0.0
50112000000,2566,50112000000,map,0.2645057284576281,-0.3316992816468738,0.16006449930977196,0.0,0.0,0.0,0.0
50114000000,2567,50114000000,map,-0.010115656100110448,-0.14997357540633222,-0.2923033161366748,0.0,0.0,0.0,0.0
50116000000,2568,50116000000,map,0.118772418881128,-0.015812731064931085,0.21109164793242396,0.0,0.0,0.0,0.0
50118000000,2569,50118000000,map,0.16680651059799645,-0.10054980505380018,-0.041014736596738044,0.0,0.0,0.0,0.0
50120000000,2570,50120000000,map,0.13153707452030106,-0.39893162764705015,-0.28647565419261384,0.0,0.0,0.0,0.0
50122000000,2571,50122000000,map,0.2592552953413051,-0.32943643459273875,0.3665060677683759,0.0,0.0,0.0,0.0
50125000000,2572,50124000000,map,-0.3101691069213204,-0.321976973484449,0.035920029114410224,0.0,0.0,0.0,0.0
50126000000,2573,50126000000,map,0.2936620483933514,0.3879857376520388,-0.25879725836242423,0.0,0.0,0.0,0.0
50128000000,2574,50128000000,map,-0.1402983130037373,0.2381764446718102,0.3203921006428979,0.0,0.0,0.0,0.0
50130000000,2575,50130000000,map,0.15301870557637187,0.08166874652432021,-0.1277999260983208,0.0,0.0,0.0,0.0
50132000000,2576,50132000000,map,0.1436141575207892,-0.314289516958726,0.3935331129067443,0.0,0.0,0.0,0.0
50134000000,2577,50134000000,map,-0.3658346666749585,-0.18169299479658588,0.3525620034572995,0.0,0.0,0.0,0.0
50136000000,2578,50136000000,map,0.23618301991832935,0.305631697760702,0.22373268584795358,0.0,0.0,0.0,0.0
50138000000,2579,50138000000,map,-0.23661829967932496,-0.06229518811358903,-0.34461254110593037,0.0,0.0,0.0,0.0
50140000000,2580,50140000000,map,-0.3332885410339998,-0.23599397383397064,-0.0003981343868916798,0.0,0.0,0.0,0.0
50142000000,2581,50142000000,map,-0.08811305037593203,0.0981456877169819,-0.07790183049445132,0.0,0.0,0.0,0.0
50144000000,2582,50144000000,map,0.3838290067778215,0.03866103670347265,-0.09669815509008073,0.0,0.0,0.0,0.0
50146000000,2583,50146000000,map,-0.12139354092981142,0.0796298028343454,-0.20828780671091243,0.0,0.0,0.0,0.0
50148000000,2584,50148000000,map,-0.0035286812171481663,0.09011032988860512,-0.09397646590779835,0.0,0.0,0.0,0.0
50150000000,2585,50150000000,map,-0.062169533425979306,-0.23085650002491861,-0.13660112096933674,0.0,0.0,0.0,0.0
50152000000,2586,50152000000,map,-0.061346427573152895,-0.3220238413157224,0.05505234437189327,0.0,0.0,0.0,0.0
50154000000,2587,50154000000,map,0.06785102615028815,0.37476693718096454,0.280615481533222,0.0,0.0,0.0,0.0
50156000000,2588,50156000000,map,-0.3806194417745337,0.24986264211219245,0.29728726505443015,0.0,0.0,0.0,0.0
50158000000,2589,50158000000,map,-0.39636700160477367,0.36199697183287505,-0.07477899788069203,0.0,0.0,0.0,0.0
50160000000,2590,50160000000,map,-0.34472961398274243,-0.3886643657828454,-0.04355934186325333,0.0,0.0,0.0,0.0
50162000000,2591,50162000000,map,0.1060622714578009,-0.12742081944162947,-0.3685726701028935,0.0,0.0,0.0,0.0
50164000000,2592,50164000000,map,-0.13799476732674687,0.08036560300980494,0.1532924055084195,0.0,0.0,0.0,0.0
50166000000,2593,50166000000,map,0.09242245296608126,0.30081786728521454,-0.14765808613860365,0.0,0.0,0.0,0.0
50168000000,2594,50168000000,map,0.10627133504040198,-0.009327334275912313,0.22893249996591758,0.0,0.0,0.0,0.0
50170000000,2595,50170000000,map,0.2438654589539515,0.25504356505053927,0.23407998953842402,0.0,0.0,0.0,0.0
50172000000,2596,50172000000,map,0.2809315238403558,-0.3145829773668152,0.18187293791600212,0.0,0.0,0.0,0.0
50174000000,2597,50174000000,map,0.36365862274253946,-0.055321493341733696,-0.047704069926197634,0.0,0.0,0.0,0.0
50176000000,2598,50176000000,map,-0.258606797373658,0.30439765966749543,-0.11783996383832529,0.0,0.0,0.0,0.0
50178000000,2599,50178000000,map,-0.2397155942819846,-0.1458988978303174,0.08301190274302417,0.0,0.0,0.0,0.0
50180000000,2600,50180000000,map,-0.02021454480372764,0.3531242061984057,0.3923533240251448,0.0,0.0,0.0,0.0
50182000000,2601,50182000000,map,0.0021414145606413193,-0.2694763888463131,-0.3741767319144211,0.0,0.0,0.0,0.0
50184000000,2602,50184000000,map,0.26082585533102953,-0.15590097342091838,0.24143586986295518,0.0,0.0,0.0,0.0
50186000000,2603,50186000000,map,0.32916127290537356,-0.256598958493967,0.2001412435307326,0.0,0.0,0.0,0.0
50189000000,2604,50188000000,map,-0.11200718606822485,-0.33413136834620993,-0.09168590348963845,0.0,0.0,0.0,0.0
50190000000,2605,50190000000,map,-0.3369880954730185,-0.0042477337905071355,-0.07495090594982784,0.0,0.0,0.0,0.0
50192000000,2606,50192000000,map,0.0242042386683593,0.1328608303656147,0.3381787673963861,0.0,0.0,0.0,0.0
50195000000,2607,50195000000,map,0.09769302996030138,0.1407568054186521,0.1019906961033874,0.0,0.0,0.0,0.0
50196000000,2608,50196000000,map,0.1183097368949646,-0.31772283732832046,-0.3259856503134587,0.0,0.0,0.0,0.0
50199000000,2609,50198000000,map,0.21530545352748764,-0.049112653748145496,-0.1905909090073874,0.0,0.0,0.0,0.0
50200000000,2610,50200000000,map,-0.30183656108788176,-0.27351088165842397,0.11803419401276816,0.0,0.0,0.0,0.0
50203000000,2611,50202000000,map,-0.16792000126126375,0.026374565551723794,-0.33258649384492406,0.0,0.0,0.0,0.0
50204000000,2612,50204000000,map,-0.3624559228165676,-0.10107690850641632,-0.014071270901975574,0.0,0.0,0.0,0.0
50207000000,2613,50207000000,map,-0.07505569446336952,0.22902538959078222,-0.20447425568441643,0.0,0.0,0.0,0.0
50208000000,2614,50208000000,map,0.2648522399925891,0.10441582317130638,-0.18300087806279353,0.0,0.0,0.0,0.0
50211000000,2615,50211000000,map,-0.2350640682149363,-0.22354798873112958,-0.2407493631221773,0.0,0.0,0.0,0.0
50212000000,2616,50212000000,map,0.23719804225447239,-0.3486816235627759,0.11577077773381084,0.0,0.0,0.0,0.0
50214000000,2617,50214000000,map,0.2291141206963927,0.39226567767549303,-0.2582070474239717,0.0,0.0,0.0,0.0
50216000000,2618,50216000000,map,-0.31999883876005153,-0.36062677036365454,0.097114494097777,0.0,0.0,0.0,0.0
50218000000,2619,50218000000,map,0.2547940477360999,-0.34758498783399694,0.22246465884160482,0.0,0.0,0.0,0.0
50220000000,2620,50220000000,map,-0.31240093805554314,0.027613762420655608,0.3854924075248032,0.0,0.0,0.0,0.0
50222000000,2621,50222000000,map,0.31782743393710033,0.2668646640268756,0.09975577734194951,0.0,0.0,0.0,0.0
50225000000,2622,50224000000,map,-0.3627585316283284,-0.02275214931701186,-0.015424790828505064,0.0,0.0,0.0,0.0
50226000000,2623,50226000000,map,0.20291817150575042,-0.3987226950406614,-0.36918569943540086,0.0,0.0,0.0,0.0
50229000000,2624,50229000000,map,0.36027930192138435,0.10249373767076508,-0.12722426527370645,0.0,0.0,0.0,0.0
50231000000,2625,50231000000,map,-0.07417020219288917,0.2911191026822316,0.3231579938613186,0.0,0.0,0.0,0.0
50233000000,2626,50232000000,map,-0.26884833648571843,0.24685119452246262,0.1420334705198094,0.0,0.0,0.0,0.0
50234000000,2627,50234000000,map,0.10793926063312553,0.2554915421507421,0.29722983520865154,0.0,0.0,0.0,0.0
50236000000,2628,50236000000,map,-0.30263026872139437,0.2665822427989658,0.10657311912613421,0.0,0.0,0.0,0.0
50238000000,2629,50238000000,map,0.2823822085063997,0.07699253550932161,0.33814587397442675,0.0,0.0,0.0,0.0
50241000000,2630,50240000000,map,0.12489381997170157,-0.025879997262651833,-0.11849614660594099,0.0,0.0,0.0,0.0
50242000000,2631,50242000000,map,0.3022057812792036,0.27545180466473407,0.1369826577040315,0.0,0.0,0.0,0.0
50245000000,2632,50245000000,map,-0.399820853770246,-0.397292262795027,0.3217416527047757,0.0,0.0,0.0,0.0
50246000000,2633,50246000000,map,-0.2884000261967156,-0.13083768911706117,0.25357099369754044,0.0,0.0,0.0,0.0
50248000000,2634,50248000000,map,-0.16463601972433295,-0.25445806846118735,-0.07655338295056635,0.0,0.0,0.0,0.0
50250000000,2635,50250000000,map,0.14880176675511647,0.1517330854808676,-0.13337652447852916,0.0,0.0,0.0,0.0
50252000000,2636,50252000000,map,-0.09727152446473725,0.1074158497518829,-0.03210119007232165,0.0,0.0,0.0,0.0
50254000000,2637,50254000000,map,-0.3111383340202498,0.15036739721319536,0.24674210465589652,0.0,0.0,0.0,0.0
50256000000,2638,50256000000,map,-0.15698296296465145,-0.1914741939986375,0.3686357183923711,0.0,0.0,0.0,0.0
50259000000,2639,50259000000,map,0.005102521675297289,0.07410808778347777,-0.16496306556225726,0.0,0.0,0.0,0.0
50260000000,2640,50260000000,map,0.2651872564816382,0.2881649911253541,-0.0903006289213591,0.0,0.0,0.0,0.0
50262000000,2641,50262000000,map,-0.29000150447492207,-0.3175361126808273,0.35321764534227584,0.0,0.0,0.0,0.0
50264000000,2642,50264000000,map,-0.2253821792302977,0.02476917717764132,0.2345152266566063,0.0,0.0,0.0,0.0
50266000000,2643,50266000000,map,-0.29371913443200864,-0.3204706257132565,0.1531824842238565,0.0,0.0,0.0,0.0
50268000000,2644,50268000000,map,-0.3685509351990134,0.16145980881679622,-0.29222824503757644,0.0,0.0,0.0,0.0
50270000000,2645,50270000000,map,-0.1506380150182457,0.2749783804836706,-0.024518070466128195,0.0,0.0,0.0,0.0
50272000000,2646,50272000000,map,0.2602829958794336,0.05329411910735171,-0.154161533889357,0.0,0.0,0.0,0.0
50275000000,2647,50275000000,map,-0.3947331395317546,0.038434369458312634,-0.18972617766788594,0.0,0.0,0.0,0.0
50276000000,2648,50276000000,map,0.04084120516117373,-0.17725549879340974,0.21444512788786552,0.0,0.0,0.0,0.0
50279000000,2649,50278000000,map,-0.08094900743707811,0.37772052616375296,-0.03435029540573742,0.0,0.0,0.0,0.0
50280000000,2650,50280000000,map,-0.012353323045558418,-0.0017645706362168223,-0.18859246347996306,0.0,0.0,0.0,0.0
50282000000,2651,50282000000,map,-0.0017348717338169228,-0.05379688557432838,-0.14562156728266656,0.0,0.0,0.0,0.0
50284000000,2652,50284000000,map,-0.242772591822087,-0.0549687879431659,0.20824210130327525,0.0,0.0,0.0,0.0
50286000000,2653,50286000000,map,0.3798298040040272,0.231847235806111,-0.25386568999126347,0.0,0.0,0.0,0.0
50288000000,2654,50288000000,map,-0.3409112664017678,0.3785022925089435,-0.20819090413769867,0.0,0.0,0.0,0.0
50290000000,2655,50290000000,map,-0.20393621307984,-0.2929102872614507,0.22147721297273437,0.0,0.0,0.0,0.0
50292000000,2656,50292000000,map,-0.19293946115361404,-0.19007898157369696,-0.14286421260784427,0.0,0.0,0.0,0.0
50295000000,2657,50294000000,map,-0.07507830549390992,0.28368721060284796,-0.3492408936708622,0.0,0.0,0.0,0.0
50296000000,2658,50296000000,map,0.27120742346705495,-0.12369789724679392,0.1725452331374423,0.0,0.0,0.0,0.0
50298000000,2659,50298000000,map,-0.15186911045321638,0.12920124867898453,-0.015648748998939643,0.0,0.0,0.0,0.0
50300000000,2660,50300000000,map,-0.20979987447310622,0.3704836960706135,-0.25465717873735927,0.0,0.0,0.0,0.0
50302000000,2661,50302000000,map,0.08241105805905968,-0.10508321085006006,-0.1716655915274159,0.0,0.0,0.0,0.0
50304000000,2662,50304000000,map,0.22976300753513867,0.349284183098835,-0.028248758016931608,0.0,0.0,0.0,0.0
50306000000,2663,50306000000,map,-0.2808438452347548,0.28282625400601724,-0.21651488120204976,0.0,0.0,0.0,0.0
50308000000,2664,50308000000,map,0.22533203386495304,-0.2267350650796897,0.10089167603283733,0.0,0.0,0.0,0.0
50310000000,2665,50310000000,map,-0.2963097826169015,-0.0033199780654315503,0.1601324012800831,0.0,0.0,0.0,0.0
50312000000,2666,50312000000,map,0.3015829988520159,-0.23081875813920716,-0.21076728857265123,0.0,0.0,0.0,0.0
50314000000,2667,50314000000,map,0.05147735495333616,0.25964485037726603,0.37037347098789153,0.0,0.0,0.0,0.0
50316000000,2668,50316000000,map,-0.22711183340229552,0.25907631471371995,-0.08441127032332518,0.0,0.0,0.0,0.0
50318000000,2669,50318000000,map,0.05879909200348071,-0.10979563404992326,-0.2630376047520079,0.0,0.0,0.0,0.0
50320000000,2670,50320000000,map,-0.32932015588421676,0.292322207846367,-0.06607499607511175,0.0,0.0,0.0,0.0
50322000000,2671,50322000000,map,-0.02138623216722546,-0.09938730682280561,-0.32581935424782194,0.0,0.0,0.0,0.0
50324000000,2672,50324000000,map,0.19053107266398572,0.17262885611350298,-0.13628471227608568,0.0,0.0,0.0,0.0
50326000000,2673,50326000000,map,0.3557907316708514,-0.3452236485367214,0.1958720590458145,0.0,0.0,0.0,0.0
50328000000,2674,50328000000,map,0.22772518808999243,0.21184715495892348,0.36058372714757103,0.0,0.0,0.0,0.0
50330000000,2675,50330000000,map,0.21602205755372317,0.23302986968035,0.11897010852012457,0.0,0.0,0.0,0.0
50332000000,2676,50332000000,map,-0.3645963127632539,0.1165484881015626,0.21217742147527885,0.0,0.0,0.0,0.0
50334000000,2677,50334000000,map,-0.22465301989940456,-0.05549036976866184,0.30456868310224894,0.0,0.0,0.0,0.0
50336000000,2678,50336000000,map,-0.15598400624674819,-0.36311770122273773,0.2235251125859804,0.0,0.0,0.0,0.0
50338000000,2679,50338000000,map,-0.10641834436215059,-0.06975678492344778,0.22117072078912015,0.0,0.0,0.0,0.0
50340000000,2680,50340000000,map,-0.12538457231514427,-0.08556025503679648,-0.3210084532354397,0.0,0.0,0.0,0.0
50342000000,2681,50342000000,map,0.2816148755013893,-0.19719815994410497,-0.05378068162276345,0.0,0.0,0.0,0.0
50345000000,2682,50344000000,map,-0.244398141492048,0.2817160772325672,-0.31306295181600824,0.0,0.0,0.0,0.0
50346000000,2683,50346000000,map,0.1326054393754703,-0.1994366766516798,0.02633012276010438,0.0,0.0,0.0,0.0
50348000000,2684,50348000000,map,0.20242281624950775,0.023420572580554855,-0.07355095126323163,0.0,0.0,0.0,0.0
50350000000,2685,50350000000,map,-0.18280017645568314,-0.03931150262717131,-0.10150836172910233,0.0,0.0,0.0,0.0
50352000000,2686,50352000000,map,0.3166474598703096,0.2749933595183477,-0.3837654070056108,0.0,0.0,0.0,0.0
50354000000,2687,50354000000,map,-0.19116588733471096,0.05460757916962822,0.3844896071298701,0.0,0.0,0.0,0.0
50356000000,2688,50356000000,map,0.34696968724030597,0.3556555705669039,-0.09659133993305274,0.0,0.0,0.0,0.0
50358000000,2689,50358000000,map,0.3399257219588686,-0.322111443711585,-0.3284780769884633,0.0,0.0,0.0,0.0
50361000000,2690,50361000000,map,0.07359906873853045,0.2681804049398516,0.20564198148882074,0.0,0.0,0.0,0.0
50362000000,2691,50362000000,map,0.15903849371575995,0.21051200302576667,-0.11411506092392731,0.0,0.0,0.0,0.0
50365000000,2692,50365000000,map,0.04596874488822644,-0.1789435954506945,0.024895851210027575,0.0,0.0,0.0,0.0
50366000000,2693,50366000000,map,-0.2315364101209804,0.3259034606810237,-0.3571842606958378,0.0,0.0,0.0,0.0
50368000000,2694,50368000000,map,0.10488259686855372,0.2659643454853112,-0.39437527881053036,0.0,0.0,0.0,0.0
50370000000,2695,50370000000,map,0.3705357410448026,0.27892863723291916,0.3812990611698256,0.0,0.0,0.0,0.0
50372000000,2696,50372000000,map,0.2551069626729364,0.048141869536034054,0.09005984467707762,0.0,0.0,0.0,0.0
50375000000,2697,50374000000,map,-0.29839227037082444,0.2831864020541247,0.22317291706133213,0.0,0.0,0.0,0.0
50376000000,2698,50376000000,map,0.36391902245876684,-0.02970847297524687,-0.2696796303566791,0.0,0.0,0.0,0.0
50379000000,2699,50378000000,map,-0.37334954781386037,-0.2428808276285007,0.24164759925124724,0.0,0.0,0.0,0.0
50381000000,2700,50381000000,map,0.30666755227323805,-0.2586098215324509,-0.03707825784368346,0.0,0.0,0.0,0.0
50382000000,2701,50382000000,map,-0.3833857088859808,-0.34533060746212735,-0.2423498944570741,0.0,0.0,0.0,0.0
50384000000,2702,50384000000,map,0.2175075217331679,0.043922358418784835,0.2707815756892179,0.0,0.0,0.0,0.0
50386000000,2703,50386000000,map,0.3220086532466834,0.19168947909256517,-0.05342681823485229,0.0,0.0,0.0,0.0
50388000000,2704,50388000000,map,-0.17927510744952593,0.20331202547965244,0.33890061535245186,0.0,0.0,0.0,0.0
50390000000,2705,50390000000,map,0.15725460803480962,0.3369256739656097,-0.3227231363970078,0.0,0.0,0.0,0.0
50392000000,2706,50392000000,map,-0.11769711703104674,0.0011877216480856712,-0.09161986172493036,0.0,0.0,0.0,0.0
50394000000,2707,50394000000,map,-0.20719716191670007,0.39967851208952776,0.10670298612236861,0.0,0.0,0.0,0.0
50396000000,2708,50396000000,map,-0.20196315067219386,-0.32009079429446907,-0.2588163317963359,0.0,0.0,0.0,0.0
50398000000,2709,50398000000,map,-0.003955819902623003,0.06451817135709481,-0.2106725911000219,0.0,0.0,0.0,0.0
50400000000,2710,50400000000,map,-0.1841315920626436,0.00169473957691757,-0.359451014347766,0.0,0.0,0.0,0.0
50402000000,2711,50402000000,map,0.15493122394455783,0.09447801880522322,0.05500366722212424,0.0,0.0,0.0,0.0
50404000000,2712,50404000000,map,-0.012177030869771177,0.08290609659370018,-0.01833557198186636,0.0,0.0,0.0,0.0
50406000000,2713,50406000000,map,-0.16424493620280842,-0.07849221770687065,0.29294857651310213,0.0,0.0,0.0,0.0
50408000000,2714,50408000000,map,-0.13629743670899186,-0.07626833047807452,0.35149174444414244,0.0,0.0,0.0,0.0
50410000000,2715,50410000000,map,0.01542059929099232,-0.39465697214636014,-0.32268033708589255,0.0,0.0,0.0,0.0
50412000000,2716,50412000000,map,0.1986827757010683,0.09431032887579177,-0.04103101712999957,0.0,0.0,0.0,0.0
50415000000,2717,50414000000,map,-0.01828481379891639,-0.2991012111504159,-0.2078566186024731,0.0,0.0,0.0,0.0
50416000000,2718,50416000000,map,-0.09196221773294566,0.20895759653883228,-0.050754440793192135,0.0,0.0,0.0,0.0
50418000000,2719,50418000000,map,-0.2021981049450631,-0.08617683056872416,0.24709688040663258,0.0,0.0,0.0,0.0
50421000000,2720,50421000000,map,0.301899953990573,-0.18770895489465178,0.1666157761424557,0.0,0.0,0.0,0.0
50422000000,2721,50422000000,map,0.2695608469118266,0.2877002175826622,0.3127707747030033,0.0,0.0,0.0,0.0
50424000000,2722,50424000000,map,-0.035501777390846034,0.3679011903767806,0.36818913384307406,0.0,0.0,0.0,0.0
50427000000,2723,50427000000,map,0.36998346096987256,0.14351877473504426,-0.24196817430240855,0.0,0.0,0.0,0.0
50429000000,2724,50428000000,map,0.1575217918214723,0.00601040443834594,-0.09671052246472611,0.0,0.0,0.0,0.0
50431000000,2725,50430000000,map,0.2105106927966086,-0.22388305197961703,-0.18776519815406822,0.0,0.0,0.0,0.0
50433000000,2726,50432000000,map,-0.3969197576956884,0.05154801054808411,-0.31914204583654304,0.0,0.0,0.0,0.0
50434000000,2727,50434000000,map,0.027357198551527795,0.15967805350331443,0.3784948958153056,0.0,0.0,0.0,0.0
50436000000,2728,50436000000,map,-0.3252515567907584,-0.061423742046488594,-0.2656687199739569,0.0,0.0,0.0,0.0
50439000000,2729,50438000000,map,0.015884615256176793,0.10181604992942095,0.3787157461539843,0.0,0.0,0.0,0.0
50440000000,2730,50440000000,map,0.10214172362819984,0.17498357711905532,-0.23952571885204416,0.0,0.0,0.0,0.0
50442000000,2731,50442000000,map,-0.08615677288450252,0.12444850048213518,0.3403899108558851,0.0,0.0,0.0,0.0
50444000000,2732,50444000000,map,-0.2013450024592504,-0.014931830566594084,-0.009951046362590033,0.0,0.0,0.0,0.0
50447000000,2733,50446000000,map,-0.3706389239114546,0.15900725076848887,0.036912713264262986,0.0,0.0,0.0,0.0
50449000000,2734,50449000000,map,-0.1290676377850385,-0.3712399263928772,-0.028919000366694925,0.0,0.0,0.0,0.0
50451000000,2735,50450000000,map,-0.2905513618614348,-0.3425651762890838,0.13674821480706867,0.0,0.0,0.0,0.0
50452000000,2736,50452000000,map,-0.37393699844332,-0.19048825746649803,0.21314956918635708,0.0,0.0,0.0,0.0
50455000000,2737,50454000000,map,0.2059711255023624,0.24792839030115055,-0.2388366807210678,0.0,0.0,0.0,0.0
50456000000,2738,50456000000,map,0.2120457723230642,0.1264482551385303,-0.30428126963440427,0.0,0.0,0.0,0.0
50459000000,2739,50459000000,map,-0.3967413871700979,0.334801791134672,0.3541956379065928,0.0,0.0,0.0,0.0
50461000000,2740,50461000000,map,-0.3535908810929984,0.3399435217254231,0.19688560725498894,0.0,0.0,0.0,0.0
50462000000,2741,50462000000,map,0.19790678008453633,0.37361935292333615,-0.20016790162926942,0.0,0.0,0.0,0.0
50465000000,2742,50464000000,map,0.31855697746799094,0.2000188418298311,-0.05658346404715109,0.0,0.0,0.0,0.0
50466000000,2743,50466000000,map,0.06491992591818674,-0.15521750616296004,-0.28677638756763557,0.0,0.0,0.0,0.0
50468000000,2744,50468000000,map,0.18298989660147136,0.11219996025655599,0.207515737246882,0.0,0.0,0.0,0.0
50470000000,2745,50470000000,map,0.26719491406872276,0.16654842076004184,0.10482361298435539,0.0,0.0,0.0,0.0
50472000000,2746,50472000000,map,-0.1178806558051872,-0.22936550744973216,-0.14244511800214776,0.0,0.0,0.0,0.0
50474000000,2747,50474000000,map,0.23663313893424032,-0.3916779753331906,0.13469899327431667,0.0,0.0,0.0,0.0
50477000000,2748,50476000000,map,0.3572818563909689,0.1114309872847199,0.2472300001620088,0.0,0.0,0.0,0.0
50479000000,2749,50478000000,map,0.08539932641059567,0.08945688149929076,-0.025332280979666943,0.0,0.0,0.0,0.0
50481000000,2750,50480000000,map,0.13259221891702777,0.13992716443099906,0.14604144415779174,0.0,0.0,0.0,0.0
50483000000,2751,50482000000,map,0.18882410491313162,0.3768540050329663,0.3880933384041295,0.0,0.0,0.0,0.0
50485000000,2752,50484000000,map,-0.22820415757702725,-0.11085845521084309,0.3368202852736236,0.0,0.0,0.0,0.0
50486000000,2753,50486000000,map,-0.34664970668699346,-0.09780911761037109,0.017759870560190794,0.0,0.0,0.0,0.0
50488000000,2754,50488000000,map,-0.2622408265027626,0.13031957827255058,0.28728567396393145,0.0,0.0,0.0,0.0
50490000000,2755,50490000000,map,-0.1798738009905433,-0.008468028222102741,-0.023031609960773025,0.0,0.0,0.0,0.0
50493000000,2756,50493000000,map,0.050415146595128746,0.12162654964618802,-0.2786841686278731,0.0,0.0,0.0,0.0
50494000000,2757,50494000000,map,-0.01477431789432132,-0.06559486019297339,-0.20817795061108835,0.0,0.0,0.0,0.0
50496000000,2758,50496000000,map,0.21571600995576123,0.08752612586584291,0.09184849194475592,0.0,0.0,0.0,0.0
50498000000,2759,50498000000,map,0.10263141369355888,-0.22890612373651287,-0.3443287129407295,0.0,0.0,0.0,0.0
50500000000,2760,50500000000,map,0.20332270175489753,0.058426823997510424,-0.1086386255760679,0.0,0.0,0.0,0.0
50502000000,2761,50502000000,map,-0.34012967379386816,0.32034932095721425,0.1793683735235183,0.0,0.0,0.0,0.0
50504000000,2762,50504000000,map,0.3739576081080155,-0.12268009305591004,0.3260562809958749,0.0,0.0,0.0,0.0
50506000000,2763,50506000000,map,-0.048338155249218695,-0.35963526667999723,-0.3775326489427128,0.0,0.0,0.0,0.0
50508000000,2764,50508000000,map,-0.12338819679284557,-0.15964512409059753,0.20246248563657554,0.0,0.0,0.0,0.0
50510000000,2765,50510000000,map,-0.28575033658907834,-0.3862920593792773,0.2900718935595781,0.0,0.0,0.0,0.0
50512000000,2766,50512000000,map,0.2981523681516197,-0.03957130794018732,0.006243132017266895,0.0,0.0,0.0,0.0
50514000000,2767,50514000000,map,-0.028754192637458154,-0.273777307976001,-0.18795978726111495,0.0,0.0,0.0,0.0
50516000000,2768,50516000000,map,-0.07341599183790637,-0.1458269156164239,0.37071699173578754,0.0,0.0,0.0,0.0
50518000000,2769,50518000000,map,0.04968081107539424,0.3996199471139502,0.2097674125521477,0.0,0.0,0.0,0.0
50521000000,2770,50521000000,map,-0.32306962654738647,0.30690576522987834,-0.15201078011989155,0.0,0.0,0.0,0.0
50522000000,2771,50522000000,map,0.0755003817074022,0.20514860764549037,0.17847233559149578,0.0,0.0,0.0,0.0
50525000000,2772,50524000000,map,0.12956911468734322,-0.15725009369906764,0.1247285064970225,0.0,0.0,0.0,0.0
50526000000,2773,50526000000,map,0.28309403593078064,-0.3161405508646323,-0.046600295767274535,0.0,0.0,0.0,0.0
50528000000,2774,50528000000,map,-0.09424018235253828,0.2623403393971492,-0.26297685166930057,0.0,0.0,0.0,0.0
50530000000,2775,50530000000,map,0.20790716557546673,0.009276882154927779,-0.2198496837123564,0.0,0.0,0.0,0.0
50533000000,2776,50532000000,map,-0.09068819424815128,0.017252680357169425,-0.100535050352142,0.0,0.0,0.0,0.0
50535000000,2777,50534000000,map,-0.3281867736930646,-0.24175528863600806,0.35361717983825514,0.0,0.0,0.0,0.0
50537000000,2778,50536000000,map,0.3167956930910687,-0.254606419816029,-0.38966522927131747,0.0,0.0,0.0,0.0
50538000000,2779,50538000000,map,0.02616689025747504,0.1141601260687104,0.1300294580247897,0.0,0.0,0.0,0.0
50541000000,2780,50540000000,map,-0.3893540338324313,-0.10004946770083673,-0.29142665603648615,0.0,0.0,0.0,0.0
50543000000,2781,50542000000,map,-0.08092074655473047,-0.07816394887593414,0.20441363289343317,0.0,0.0,0.0,0.0
50544000000,2782,50544000000,map,-0.3172892094220086,-0.3400065120420342,-0.2224914565123164,0.0,0.0,0.0,0.0
50546000000,2783,50546000000,map,0.33880521016601695,-0.23770108408142665,0.11355570639049595,0.0,0.0,0.0,0.0
50549000000,2784,50548000000,map,0.05549958588412557,0.020815612204385048,-0.25354590080834993,0.0,0.0,0.0,0.0
50551000000,2785,50550000000,map,-0.12463376258961739,-0.0014335747682345246,0.3144169165313503,0.0,0.0,0.0,0.0
50552000000,2786,50552000000,map,0.3628666309176275,0.13809186235450077,-0.12928051247054323,0.0,0.0,0.0,0.0
50554000000,2787,50554000000,map,0.03949315152966326,0.07443437589942592,0.13475044357716537,0.0,0.0,0.0,0.0
50556000000,2788,50556000000,map,-0.255615039861843,-0.0641761358665654,-0.2241186954288421,0.0,0.0,0.0,0.0
50558000000,2789,50558000000,map,0.06689453162555148,0.08407314432805019,-0.09611459851270654,0.0,0.0,0.0,0.0
50561000000,2790,50560000000,map,0.3713708261877833,-0.18382251581479508,-0.314066803194387,0.0,0.0,0.0,0.0
50562000000,2791,50562000000,map,0.042615585798056355,0.374037862266001,0.2419582663775518,0.0,0.0,0.0,0.0
50565000000,2792,50565000000,map,0.2344306857879751,0.3157877500021419,0.12611554902090583,0.0,0.0,0.0,0.0
50567000000,2793,50567000000,map,0.06279427840125296,0.2692185239430054,0.2743274152223445,0.0,0.0,0.0,0.0
50569000000,2794,50568000000,map,-0.37597241426420874,-0.09303170409717287,0.05766367018713969,0.0,0.0,0.0,0.0
50570000000,2795,50570000000,map,0.17404408661309478,-0.0685135443995229,-0.2302076799988539,0.0,0.0,0.0,0.0
50572000000,2796,50572000000,map,-0.3425499311920731,-0.274066288712185,0.3308114742167625,0.0,0.0,0.0,0.0
50574000000,2797,50574000000,map,-0.06822853650758132,0.3358170886560833,0.2460049671621619,0.0,0.0,0.0,0.0
50577000000,2798,50576000000,map,-0.3736886387967945,-0.23306438925119952,0.18207058711764756,0.0,0.0,0.0,0.0
50579000000,2799,50578000000,map,-0.3658744149484917,0.39726764831852246,-0.029546214131772663,0.0,0.0,0.0,0.0
50581000000,2800,50581000000,map,0.12715137809234212,0.06480262501853123,-0.1737014603185072,0.0,0.0,0.0,0.0
50583000000,2801,50583000000,map,0.21349902772077423,-0.09825745636943728,-0.11808536117412621,0.0,0.0,0.0,0.0
50585000000,2802,50585000000,map,-0.16891379441228152,-0.2365633407658713,0.2387670993267753,0.0,0.0,0.0,0.0
50587000000,2803,50586000000,map,0.2868561835728597,0.2855303269685753,0.19055035765546624,0.0,0.0,0.0,0.0
50588000000,2804,50588000000,map,-0.18507463223040396,-0.27254727517789284,-0.17193187089529371,0.0,0.0,0.0,0.0
50591000000,2805,50590000000,map,0.03501651052920429,0.3910730344130069,0.2395085689816403,0.0,0.0,0.0,0.0
50593000000,2806,50593000000,map,0.3987752854753328,0.38804331132688974,0.048136961349234675,0.0,0.0,0.0,0.0
50595000000,2807,50594000000,map,0.05609985972442599,-0.2576257901436256,0.34612334704898495,0.0,0.0,0.0,0.0
50597000000,2808,50596000000,map,-0.10928088879732517,0.13488201677496092,-0.05493627617447383,0.0,0.0,0.0,0.0
50599000000,2809,50599000000,map,0.27297118438338186,-0.36512661280779934,-0.22416083428695288,0.0,0.0,0.0,0.0
50601000000,2810,50601000000,map,-0.04281668066643818,-0.061170640345137306,-0.21936434828756335,0.0,0.0,0.0,0.0
50603000000,2811,50603000000,map,0.34315109539435107,-0.03244040232376866,-0.09872344104095826,0.0,0.0,0.0,0.0
50605000000,2812,50604000000,map,-0.05586807730985682,0.050481811504913154,0.15360850635908818,0.0,0.0,0.0,0.0
50606000000,2813,50606000000,map,-0.14578352586278653,0.03200383196633527,-0.3860839611383317,0.0,0.0,0.0,0.0
50608000000,2814,50608000000,map,0.33985703361117214,0.366204869617649,0.3215669055436111,0.0,0.0,0.0,0.0
50610000000,2815,50610000000,map,-0.01849366807921443,0.1374417283629341,0.2266551929451155,0.0,0.0,0.0,0.0
50612000000,2816,50612000000,map,-0.019866804590262854,0.08765654436609333,-0.11797770034785632,0.0,0.0,0.0,0.0
50614000000,2817,50614000000,map,0.11823494422772063,-0.28421004883997336,-0.23558759552875408,0.0,0.0,0.0,0.0
50616000000,2818,50616000000,map,-0.1974567436272981,-0.17123258983951906,0.1574592230434445,0.0,0.0,0.0,0.0
50618000000,2819,50618000000,map,0.09988805402656825,-0.34742752793845083,-0.01246504445147062,0.0,0.0,0.0,0.0
50620000000,2820,50620000000,map,-0.14485625131774088,0.30429660605484476,0.36438932113014055,0.0,0.0,0.0,0.0
50622000000,2821,50622000000,map,-0.25668091341578486,-0.38337968445646187,-0.026745409140408682,0.0,0.0,0.0,0.0
50624000000,2822,50624000000,map,-0.24489352176767812,0.29332877964832527,-0.2655915108485001,0.0,0.0,0.0,0.0
50626000000,2823,50626000000,map,0.21778741199812401,0.007649578066071139,-0.19589624472327807,0.0,0.0,0.0,0.0
50628000000,2824,50628000000,map,0.1523822447026817,-0.17012567695224565,0.26104392899041595,0.0,0.0,0.0,0.0
50630000000,2825,50630000000,map,-0.09668946913980114,0.032083905224061016,-0.3568737397116206,0.0,0.0,0.0,0.0
50632000000,2826,50632000000,map,0.1605134934130097,0.14490674109030788,0.17458565198838882,0.0,0.0,0.0,0.0
50634000000,2827,50634000000,map,-0.3516400080539587,-0.15902110210177411,0.046992861950345965,0.0,0.0,0.0,0.0
50636000000,2828,50636000000,map,0.2269784778397449,-0.19681690466929602,-0.2544838373220883,0.0,0.0,0.0,0.0
50638000000,2829,50638000000,map,-0.394536317269058,-0.23824483458304238,0.3444915287192919,0.0,0.0,0.0,0.0
50640000000,2830,50640000000,map,-0.07247947335401089,0.3783436921233009,-0.04703161625833935,0.0,0.0,0.0,0.0
50642000000,2831,50642000000,map,0.25410569723531284,0.02508154435175952,0.1160018852146768,0.0,0.0,0.0,0.0
50644000000,2832,50644000000,map,0.29041095454498855,-0.1469445876248407,-0.17681486731894622,0.0,0.0,0.0,0.0
50646000000,2833,50646000000,map,0.042755976191470535,0.35134226418211234,-0.17580262822163417,0.0,0.0,0.0,0.0
50648000000,2834,50648000000,map,0.212783490921164,0.33353240505136605,0.03591759851055798,0.0,0.0,0.0,0.0
50650000000,2835,50650000000,map,0.14097674425768691,-0.0710557981282901,0.29975959729513657,0.0,0.0,0.0,0.0
50652000000,2836,50652000000,map,0.36204055942082325,0.0003142927548134833,-0.15750178355392364,0.0,0.0,0.0,0.0
50654000000,2837,50654000000,map,0.14718962526702695,0.13808837566207832,0.36053528596570794,0.0,0.0,0.0,0.0
50656000000,2838,50656000000,map,-0.2682872646879432,0.076122497592708,-0.2911279401672281,0.0,0.0,0.0,0.0
50658000000,2839,50658000000,map,-0.1352064695238705,-0.008368221879781368,-0.21555569727780957,0.0,0.0,0.0,0.0
50660000000,2840,50660000000,map,-0.0384247065560549,0.20811095428020243,-0.00921600778167736,0.0,0.0,0.0,0.0
50662000000,2841,50662000000,map,-0.2543393261886869,-0.2727705528639298,0.03638825469672763,0.0,0.0,0.0,0.0
50665000000,2842,50664000000,map,0.09803773322398052,-0.3672191115890472,0.1427697058695151,0.0,0.0,0.0,0.0
50667000000,2843,50667000000,map,0.03153534891993626,-0.0973883095264762,0.00403791229056949,0.0,0.0,0.0,0.0
50669000000,2844,50668000000,map,-0.3393466034548672,-0.18047989309920368,0.20506823332594715,0.0,0.0,0.0,0.0
50671000000,2845,50671000000,map,-0.3894472706472133,-0.28668202218295336,-0.3153837651544166,0.0,0.0,0.0,0.0
50673000000,2846,50672000000,map,0.3109337127008587,0.07781474731788701,0.21517162566017956,0.0,0.0,0.0,0.0
50675000000,2847,50674000000,map,0.2637632566706938,-0.022289016486328306,-0.3516665115849781,0.0,0.0,0.0,0.0
50677000000,2848,50677000000,map,0.13573226001938732,-0.12674825132157302,-0.30019640515880774,0.0,0.0,0.0,0.0
50679000000,2849,50678000000,map,-0.07272807824378807,-0.26490589978350965,0.07204918930090692,0.0,0.0,0.0,0.0
50680000000,2850,50680000000,map,0.39262975987443105,-0.022312064693551847,0.08789221422493176,0.0,0.0,0.0,0.0
50683000000,2851,50682000000,map,-0.2736597540005218,0.10672187388778265,-0.007314251328626509,0.0,0.0,0.0,0.0
50685000000,2852,50685000000,map,0.3758691197409,-0.3085047644952202,-0.16901796812403572,0.0,0.0,0.0,0.0
50686000000,2853,50686000000,map,0.07461661726648428,0.02107009663979964,-0.2644463771017399,0.0,0.0,0.0,0.0
50689000000,2854,50688000000,map,0.056951417762710954,-0.29246504296707576,-0.10674760138557965,0.0,0.0,0.0,0.0
50690000000,2855,50690000000,map,0.38380130638025356,-0.16759635683091628,0.21914415908770213,0.0,0.0,0.0,0.0
50692000000,2856,50692000000,map,-0.2393386143730583,0.24501017589888752,-0.0650267298362529,0.0,0.0,0.0,0.0
50695000000,2857,50695000000,map,0.03425048695211225,-0.23867809353882286,-0.13684824520068556,0.0,0.0,0.0,0.0
50696000000,2858,50696000000,map,-0.38105506212382695,-0.1336870663209867,0.2960121433130828,0.0,0.0,0.0,0.0
50698000000,2859,50698000000,map,0.10066224527094714,-0.027069484583753467,0.3793617022901675,0.0,0.0,0.0,0.0
50701000000,2860,50701000000,map,0.06828045859198423,0.2424920615936902,0.11038025915844196,0.0,0.0,0.0,0.0
50703000000,2861,50703000000,map,0.38374148248481676,-0.12038393654725149,0.29352887857448584,0.0,0.0,0.0,0.0
50705000000,2862,50704000000,map,-0.3042915273876525,0.015507624373937712,0.29567548838946955,0.0,0.0,0.0,0.0
50706000000,2863,50706000000,map,0.033143566172426475,0.016444353497845676,-0.31379017477488014,0.0,0.0,0.0,0.0
50709000000,2864,50709000000,map,0.33270535573983484,-0.2218528660062013,-0.32217616378823016,0.0,0.0,0.0,0.0
50711000000,2865,50711000000,map,-0.0589127606372114,-0.005340290214084775,-0.08284886926642748,0.0,0.0,0.0,0.0
50713000000,2866,50713000000,map,0.2870824606468727,0.08247844848348385,0.07578915455578483,0.0,0.0,0.0,0.0
50716000000,2867,50716000000,map,-0.013283648972236883,-0.18771002186244756,0.2253702575810551,0.0,0.0,0.0,0.0
50718000000,2868,50718000000,map,-0.13400321034533585,-0.15891023783524916,-0.0023013999689448505,0.0,0.0,0.0,0.0
50719000000,2869,50719000000,map,-0.33820875279464513,0.2816122049295693,0.29258914043597295,0.0,0.0,0.0,0.0
50721000000,2870,50721000000,map,-0.38817129021969543,-0.165722318278106,0.016044666582210376,0.0,0.0,0.0,0.0
50722000000,2871,50722000000,map,0.3172787972899527,0.1838911148329505,0.3284209382821226,0.0,0.0,0.0,0.0
50725000000,2872,50724000000,map,0.22563353669846897,0.24806664720167193,-0.22562318599959116,0.0,0.0,0.0,0.0
50727000000,2873,50727000000,map,0.20958165459176914,-0.05065551872149393,-0.15636883700292714,0.0,0.0,0.0,0.0
50728000000,2874,50728000000,map,0.09115877642179432,0.20795965836078778,0.11597219145639426,0.0,0.0,0.0,0.0
50730000000,2875,50730000000,map,-0.054937205613896256,0.10573437919689821,-0.08331604538301246,0.0,0.0,0.0,0.0
50732000000,2876,50732000000,map,0.31820107063601166,-0.24473357331250087,-0.37790524704126194,0.0,0.0,0.0,0.0
50734000000,2877,50734000000,map,-0.11564024172013126,0.33143161104685703,-0.29762728678372025,0.0,0.0,0.0,0.0
50736000000,2878,50736000000,map,0.14238317868911632,-0.17397789316976456,-0.11619333621033578,0.0,0.0,0.0,0.0
50738000000,2879,50738000000,map,0.15153762606533372,-0.14648185382737777,0.11598275671213787,0.0,0.0,0.0,0.0
50741000000,2880,50741000000,map,-0.037850873328099444,0.1528815053656405,-0.16046822918059522,0.0,0.0,0.0,0.0
50743000000,2881,50742000000,map,0.006639611660487765,0.058224177861292414,0.21890850781345728,0.0,0.0,0.0,0.0
50745000000,2882,50745000000,map,0.3855880924660443,0.004095172207357833,0.3601352992393517,0.0,0.0,0.0,0.0
50747000000,2883,50746000000,map,-0.3900305462149852,-0.3935752721643503,0.24142573166102843,0.0,0.0,0.0,0.0
50749000000,2884,50748000000,map,-0.3208461666167505,0.353433543615543,0.2747778302199775,0.0,0.0,0.0,0.0
50751000000,2885,50750000000,map,0.12345821870190066,-0.26260377654824785,0.15468940312736512,0.0,0.0,0.0,0.0
50753000000,2886,50752000000,map,-0.12142960923902468,0.04661609029597774,-0.16203833542720397,0.0,0.0,0.0,0.0
50755000000,2887,50754000000,map,0.2650254427894827,-0.24914844369349728,-0.1269132074652401,0.0,0.0,0.0,0.0
50756000000,2888,50756000000,map,0.13534589926046103,0.022036031989141502,-0.19464714551176582,0.0,0.0,0.0,0.0
50758000000,2889,50758000000,map,0.09955420593090275,0.33548803564282226,-0.39217817601144755,0.0,0.0,0.0,0.0
50761000000,2890,50761000000,map,-0.036267778144314144,-0.18124036631757529,0.3292973196858261,0.0,0.0,0.0,0.0
50763000000,2891,50763000000,map,-0.29006584719363354,-0.39543618208347636,0.36521535882915934,0.0,0.0,0.0,0.0
50765000000,2892,50765000000,map,-0.04609631611048476,-0.07260513744205643,-0.24889568753318714,0.0,0.0,0.0,0.0
50767000000,2893,50766000000,map,-0.3710608888883186,-0.2022346926084272,0.39394557856869405,0.0,0.0,0.0,0.0
50769000000,2894,50769000000,map,-0.02684452776402302,0.05392925229493589,-0.1995356749008458,0.0,0.0,0.0,0.0
50771000000,2895,50771000000,map,-0.1801575692108185,-0.0027552734354266972,0.399294572581264,0.0,0.0,0.0,0.0
50772000000,2896,50772000000,map,0.2904439123432546,0.3075534971026799,-0.2992947490088107,0.0,0.0,0.0,0.0
50774000000,2897,50774000000,map,-0.017956663820120178,0.21936860018421,0.2908560689463239,0.0,0.0,0.0,0.0
50777000000,2898,50776000000,map,0.1532342474692029,0.0340189483994634,0.03424267758298516,0.0,0.0,0.0,0.0
50778000000,2899,50778000000,map,-0.10924269412444093,0.2914750104860344,0.14177254403034678,0.0,0.0,0.0,0.0
50780000000,2900,50780000000,map,0.05177720195472918,-0.0377896894812918,0.2564629874504789,0.0,0.0,0.0,0.0
50782000000,2901,50782000000,map,0.13300796265210724,-0.29189273307658553,-0.26532855093620267,0.0,0.0,0.0,0.0
50784000000,2902,50784000000,map,-0.16487692607947246,-0.17130636360583004,-0.3951022045502444,0.0,0.0,0.0,0.0
50786000000,2903,50786000000,map,0.270077143188438,0.0512506531662103,0.29741225038308516,0.0,0.0,0.0,0.0
50788000000,2904,50788000000,map,-0.22070990298385443,-0.16734266998556638,-0.3125896317442382,0.0,0.0,0.0,0.0
50790000000,2905,50790000000,map,0.0020109236834801036,0.017971095019237382,0.31346204493070595,0.0,0.0,0.0,0.0
50792000000,2906,50792000000,map,0.3573137860859389,0.30790967951414916,-0.2910627003125111,0.0,0.0,0.0,0.0
50794000000,2907,50794000000,map,-0.012184247387062141,-0.1744830491690356,-0.28743190969304205,0.0,0.0,0.0,0.0
50797000000,2908,50796000000,map,-0.1661229534675458,-0.04236584947997585,0.2057746690131136,0.0,0.0,0.0,0.0
50798000000,2909,50798000000,map,-0.05095589135507217,-0.30643579151104927,-0.008427647587396558,0.0,0.0,0.0,0.0
50800000000,2910,50800000000,map,-0.11062505551902357,0.307535268199017,-0.05420194535138789,0.0,0.0,0.0,0.0
50802000000,2911,50802000000,map,-0.3047719260176831,0.31532054864126424,0.013570919420542338,0.0,0.0,0.0,0.0
50804000000,2912,50804000000,map,-0.045473005413854684,0.35921896712822887,-0.20459689308275444,0.0,0.0,0.0,0.0
50806000000,2913,50806000000,map,-0.15734886650864488,-0.10687471601634363,0.06085284693174975,0.0,0.0,0.0,0.0
50808000000,2914,50808000000,map,-0.03545735638869213,-0.042051392369999385,0.2637554276354702,0.0,0.0,0.0,0.0
50810000000,2915,50810000000,map,0.23612612360713858,0.3067114470901803,-0.22681592878646023,0.0,0.0,0.0,0.0
50812000000,2916,50812000000,map,0.34727675195948815,-0.24088752145816575,-0.052301406860511324,0.0,0.0,0.0,0.0
50814000000,2917,50814000000,map,0.12883940025122675,-0.34676313116331237,-0.19400837554403794,0.0,0.0,0.0,0.0
50816000000,2918,50816000000,map,0.11645126727738009,0.12905406830463062,-0.2449507242740634,0.0,0.0,0.0,0.0
50818000000,2919,50818000000,map,0.04377013142324343,-0.24436336284849297,-0.04776997614514861,0.0,0.0,0.0,0.0
50820000000,2920,50820000000,map,0.11628488043034857,0.07088646582966102,-0.0739478901815519,0.0,0.0,0.0,0.0
50822000000,2921,50822000000,map,0.1970499314857016,0.29215578917845597,0.07626188984008786,0.0,0.0,0.0,0.0
50824000000,2922,50824000000,map,0.19523963755624085,0.24242601848210998,-0.06183432165988423,0.0,0.0,0.0,0.0
50826000000,2923,50826000000,map,-0.34524324314098676,0.04131277712358444,0.36222744013174824,0.0,0.0,0.0,0.0
50829000000,2924,50828000000,map,0.031283714641282434,0.1650383698263942,-0.19260757751151952,0.0,0.0,0.0,0.0
50830000000,2925,50830000000,map,0.34297668669606385,0.23724720419487777,0.2715935651658312,0.0,0.0,0.0,0.0
50832000000,2926,50832000000,map,-0.16377247213660626,-0.0787712826928384,-0.3773390954733373,0.0,0.0,0.0,0.0
50834000000,2927,50834000000,map,0.3507097099504142,0.20336162336112096,0.2625493362899006,0.0,0.0,0.0,0.0
50836000000,2928,50836000000,map,-0.06438716434585368,-0.30198350763316745,0.3999329290160182,0.0,0.0,0.0,0.0
50838000000,2929,50838000000,map,-0.36856405561676014,0.25636760335161224,0.21889725782973546,0.0,0.0,0.0,0.0
50841000000,2930,50841000000,map,-0.14308153800116324,0.2427674746016203,0.33685693200644307,0.0,0.0,0.0,0.0
50842000000,2931,50842000000,map,0.01509254737648924,-0.2904222987291994,0.0636336830348056,0.0,0.0,0.0,0.0
50845000000,2932,50845000000,map,0.27548474638177345,0.3797021279805912,0.1381780231912738,0.0,0.0,0.0,0.0
50847000000,2933,50846000000,map,0.2212246187522513,-0.2631625964720505,0.3578493695967755,0.0,0.0,0.0,0.0
50849000000,2934,50849000000,map,0.3457036872969962,-0.040553662360178766,0.08222165670594056,0.0,0.0,0.0,0.0
50851000000,2935,50851000000,map,0.13342176024198382,-0.24608605816083576,-0.26600742791811316,0.0,0.0,0.0,0.0
50853000000,2936,50853000000,map,-0.20451287560012196,0.23736583493511632,0.2174963312246504,0.0,0.0,0.0,0.0
50855000000,2937,50855000000,map,-0.22091621742667003,0.37001541588254294,0.17085366338147379,0.0,0.0,0.0,0.0
50857000000,2938,50857000000,map,-0.11020543864941595,0.27376331481156146,0.039920666287590056,0.0,0.0,0.0,0.0
50859000000,2939,50859000000,map,0.09625125622976577,0.1977818047566131,0.03141233739540861,0.0,0.0,0.0,0.0
50861000000,2940,50861000000,map,0.0483156549264786,-0.26955616332808474,-0.21241989390164012,0.0,0.0,0.0,0.0
50863000000,2941,50863000000,map,-0.1495159244867727,0.3158416934823589,0.08583037331978982,0.0,0.0,0.0,0.0
50865000000,2942,50865000000,map,0.31639914500309063,-0.2739606432515088,-0.18559813657103696,0.0,0.0,0.0,0.0
50867000000,2943,50867000000,map,0.39944756236740264,0.3675581489533557,-0.3522532313549036,0.0,0.0,0.0,0.0
50869000000,2944,50869000000,map,-0.060442329237098025,-0.37906288889317563,-0.023942472790616898,0.0,0.0,0.0,0.0
50871000000,2945,50871000000,map,-0.03356878844720301,-0.06968061778906331,-0.24879214899842067,0.0,0.0,0.0,0.0
50873000000,2946,50872000000,map,0.11817096798266147,-0.08425867114312457,0.15158164236477767,0.0,0.0,0.0,0.0
50875000000,2947,50874000000,map,-0.21118662537355448,0.07901066909282595,-0.10487206604223459,0.0,0.0,0.0,0.0
50877000000,2948,50877000000,map,0.30671101893716557,0.06634388687403281,0.2571228987673987,0.0,0.0,0.0,0.0
50878000000,2949,50878000000,map,0.22677763315702537,0.2604785684061818,-0.0625057724508048,0.0,0.0,0.0,0.0
50881000000,2950,50881000000,map,-0.24015777598002006,-0.14787379827733643,-0.01780041166886248,0.0,0.0,0.0,0.0
50882000000,2951,50882000000,map,0.09229996479916769,-0.35279021130745436,-0.17687944591826288,0.0,0.0,0.0,0.0
50885000000,2952,50885000000,map,-0.1666086066364708,-0.37891679493783414,-0.3560456383123724,0.0,0.0,0.0,0.0
50887000000,2953,50886000000,map,0.22575514233356597,0.32370583347038584,-0.1480133968392131,0.0,0.0,0.0,0.0
50889000000,2954,50889000000,map,-0.190738240279553,-0.14607542875744028,0.30574128854374993,0.0,0.0,0.0,0.0
50891000000,2955,50890000000,map,0.18630015023412239,0.020817651288348116,0.0964917498355688,0.0,0.0,0.0,0.0
50893000000,2956,50893000000,map,0.33414454840604413,0.33921863223256965,-0.03255983395636042,0.0,0.0,0.0,0.0
50895000000,2957,50895000000,map,-0.18106573235941728,0.1580328166117686,0.08457463390546582,0.0,0.0,0.0,0.0
50897000000,2958,50897000000,map,0.3194778310911607,-0.16149841097374695,-0.36610182166961375,0.0,0.0,0.0,0.0
50899000000,2959,50899000000,map,-0.23257270489127957,0.013027673873825585,0.3046735360118641,0.0,0.0,0.0,0.0
50901000000,2960,50901000000,map,-0.2046849178343504,-0.3573531338594673,0.23117278901298444,0.0,0.0,0.0,0.0
50903000000,2961,50902000000,map,0.20456678985340593,0.14763219568407193,0.35092596098177875,0.0,0.0,0.0,0.0
50905000000,2962,50904000000,map,-0.11769995230915342,-0.002696996598157919,0.04836272800517555,0.0,0.0,0.0,0.0
50907000000,2963,50907000000,map,0.20021233683005646,-0.20657610255396072,-0.03454314248760748,0.0,0.0,0.0,0.0
50909000000,2964,50908000000,map,-0.37948978034393105,0.09668428862586165,0.25530100111423004,0.0,0.0,0.0,0.0
50911000000,2965,50910000000,map,-0.38024775614347006,-0.2596578601778166,-0.30833266684497995,0.0,0.0,0.0,0.0
50913000000,2966,50912000000,map,-0.030044149506272377,-0.33843486705905274,-0.3391361194345134,0.0,0.0,0.0,0.0
50915000000,2967,50915000000,map,0.2838641439656291,-0.008457904629599888,-0.3770531224365876,0.0,0.0,0.0,0.0
50917000000,2968,50917000000,map,0.024894104945773043,-0.19001852176751408,-0.24221432230118825,0.0,0.0,0.0,0.0
50919000000,2969,50919000000,map,0.34480652785085664,-0.20923413052509765,0.009740586664623962,0.0,0.0,0.0,0.0
50920000000,2970,50920000000,map,-0.3613830402630188,-0.18920700204952923,0.18380185360185042,0.0,0.0,0.0,0.0
50923000000,2971,50923000000,map,0.19132464807148608,-0.37987680832754434,0.37770887057777114,0.0,0.0,0.0,0.0
50925000000,2972,50925000000,map,0.08030265219175386,0.380606466372568,-0.20642742052056273,0.0,0.0,0.0,0.0
50927000000,2973,50927000000,map,0.1353032505174977,-0.1757569409083089,-0.278507134436743,0.0,0.0,0.0,0.0
50929000000,2974,50928000000,map,-0.14330759528868403,-0.027602635363492223,-0.3288966045006433,0.0,0.0,0.0,0.0
50931000000,2975,50931000000,map,-0.17608579096398536,0.12771338988817849,0.015319138579162839,0.0,0.0,0.0,0.0
50933000000,2976,50933000000,map,0.31305322552388815,0.34412997178352156,-0.3097773476553946,0.0,0.0,0.0,0.0
50935000000,2977,50935000000,map,-0.15368916514424558,0.010171479605690315,0.17227057861281803,0.0,0.0,0.0,0.0
50938000000,2978,50938000000,map,-0.14517634788875733,0.2269839202856192,-0.07611483483466264,0.0,0.0,0.0,0.0
50940000000,2979,50940000000,map,-0.10058341406472204,0.1252200154801668,-0.2262463092105194,0.0,0.0,0.0,0.0
50941000000,2980,50941000000,map,-0.14984946988532027,-0.08829544373041176,-0.039332622929881156,0.0,0.0,0.0,0.0
50943000000,2981,50943000000,map,-0.2944560276743548,0.2931114941511256,0.1027783116266705,0.0,0.0,0.0,0.0
50944000000,2982,50944000000,map,0.17350787470410667,0.14124382829719972,-0.24595451230772125,0.0,0.0,0.0,0.0
50947000000,2983,50946000000,map,0.06467055881023442,0.241022024047035,0.2763200297917787,0.0,0.0,0.0,0.0
50949000000,2984,50949000000,map,-0.013089129134864097,-0.015185906146856776,0.2677353579525782,0.0,0.0,0.0,0.0
50951000000,2985,50951000000,map,-0.33990739233536954,0.3223687576209556,0.1026778896135343,0.0,0.0,0.0,0.0
50953000000,2986,50953000000,map,0.1514216660461123,0.1876679391850702,0.22721066325685135,0.0,0.0,0.0,0.0
50955000000,2987,50955000000,map,0.15921294139089648,-0.2696929420614297,-0.050225184733357575,0.0,0.0,0.0,0.0
50956000000,2988,50956000000,map,-0.018194995551404525,-0.16096307096356233,-0.24101541904343182,0.0,0.0,0.0,0.0
50959000000,2989,50959000000,map,-0.2121100133998071,0.03963556159352305,-0.17400276906477152,0.0,0.0,0.0,0.0
50961000000,2990,50961000000,map,0.19481099390474788,0.11795457316556268,0.3772130308478935,0.0,0.0,0.0,0.0
50963000000,2991,50963000000,map,0.21114788459561895,-0.20999204231752666,0.36357505207286356,0.0,0.0,0.0,0.0
50965000000,2992,50965000000,map,-0.14630776840219512,0.010695921250697182,-0.3640899975562698,0.0,0.0,0.0,0.0
50967000000,2993,50967000000,map,0.15068907782662733,0.3599631924625809,-0.17901588760571696,0.0,0.0,0.0,0.0
50969000000,2994,50969000000,map,-0.3354049527917217,0.21986826791948877,-0.020980695356806855,0.0,0.0,0.0,0.0
50971000000,2995,50971000000,map,0.30790477140456574,-0.011122942292547011,0.265414853094206,0.0,0.0,0.0,0.0
50973000000,2996,50973000000,map,-0.07326214807029474,-0.36826486114695284,0.3189553442834484,0.0,0.0,0.0,0.0
50975000000,2997,50974000000,map,0.3564448719899235,-0.1488229055057429,0.19266227519685541,0.0,0.0,0.0,0.0
50976000000,2998,50976000000,map,0.029538973634526233,0.38162277527128385,-0.2681095662267945,0.0,0.0,0.0,0.0
50978000000,2999,50978000000,map,-0.3609081612210179,0.25318587705745554,0.09344385002806482,0.0,0.0,0.0,0.0
50981000000,3000,50981000000,map,-0.27019248684616143,0.36265737309576684,0.03688899544815494,0.0,0.0,0.0,0.0
50983000000,3001,50983000000,map,0.21677948617286724,-0.31250651850439937,-0.35830668673990385,0.0,0.0,0.0,0.0
50985000000,3002,50984000000,map,-0.322105264263919,0.37954280425714293,-0.1597669484031858,0.0,0.0,0.0,0.0
50988000000,3003,50988000000,map,0.1235095689569965,-0.017431940882165764,-0.013660792716608805,0.0,0.0,0.0,0.0
50990000000,3004,50990000000,map,0.3734154416471398,0.1643565415554793,-0.05316936851618348,0.0,0.0,0.0,0.0
50992000000,3005,50992000000,map,0.2894734591645045,-0.13581844605409604,0.370952083683755,0.0,0.0,0.0,0.0
50994000000,3006,50994000000,map,0.2275584944365846,0.12957787295894918,0.1698768720408549,0.0,0.0,0.0,0.0
50995000000,3007,50995000000,map,0.19946551357474074,-0.17724587018001495,-0.11107096462454086,0.0,0.0,0.0,0.0
50998000000,3008,50998000000,map,0.3422436358270923,0.06996274147482284,-0.24329016889068272,0.0,0.0,0.0,0.0
51000000000,3009,51000000000,map,-0.23626590287433075,-0.34446469790016904,0.2053763450243159,0.0,0.0,0.0,0.0
51002000000,3010,51002000000,map,-0.0887976397727594,0.056929556411720816,-0.04166453438802026,0.0,0.0,0.0,0.0
51003000000,3011,51003000000,map,-0.006746351184617361,0.3295946500605068,-0.13679598520178227,0.0,0.0,0.0,0.0
51005000000,3012,51005000000,map,0.2899309951604353,-0.18089658029382477,-0.1533579144281192,0.0,0.0,0.0,0.0
51007000000,3013,51007000000,map,0.14856035266294898,-0.076504390172417,-0.38333040441576716,0.0,0.0,0.0,0.0
51008000000,3014,51008000000,map,0.06135678093731878,-0.16517122751501626,-0.003061476269324903,0.0,0.0,0.0,0.0
51010000000,3015,51010000000,map,0.14098356258187594,-0.1897888874481017,-0.3141964589501704,0.0,0.0,0.0,0.0
51012000000,3016,51012000000,map,-0.37458978185587183,-0.05358313595835262,0.13463743185866206,0.0,0.0,0.0,0.0
51014000000,3017,51014000000,map,0.0072841272861388084,-0.3974192901618601,0.2687825779108256,0.0,0.0,0.0,0.0
51016000000,3018,51016000000,map,-0.16090945772805548,-0.3076063016318319,0.011209347186288798,0.0,0.0,0.0,0.0
51018000000,3019,51018000000,map,-0.2974611134785907,-0.10280125774949062,-0.07611948633789589,0.0,0.0,0.0,0.0
51020000000,3020,51020000000,map,-0.39148688404820414,-0.2092788989166215,0.1611131926902034,0.0,0.0,0.0,0.0
51022000000,3021,51022000000,map,0.01846930133733249,0.24792241110098756,0.08422643269948071,0.0,0.0,0.0,0.0
51024000000,3022,51024000000,map,-0.15065359713715556,-0.332069485214022,-0.3168615921089555,0.0,0.0,0.0,0.0
51026000000,3023,51026000000,map,-0.39363549111334495,-0.1625455911154306,0.26367106338985846,0.0,0.0,0.0,0.0
51029000000,3024,51028000000,map,0.003107476992619429,-0.35392905821439846,0.3829857368810401,0.0,0.0,0.0,0.0
51031000000,3025,51031000000,map,-0.05487468650411853,0.14503226688861226,0.21422656674816032,0.0,0.0,0.0,0.0
51033000000,3026,51033000000,map,-0.2508144072361731,-0.123921231423047,0.028644778101698964,0.0,0.0,0.0,0.0
51035000000,3027,51035000000,map,-0.3574541377317223,-0.02588945319146252,0.031318365784291646,0.0,0.0,0.0,0.0
51037000000,3028,51037000000,map,-0.1044151196429049,-0.2793423006848253,0.16201447610222997,0.0,0.0,0.0,0.0
51039000000,3029,51039000000,map,0.18756215436793822,0.2828399677253749,0.12849441229811742,0.0,0.0,0.0,0.0
51041000000,3030,51041000000,map,-0.25830885431951334,0.04020016251159264,-0.3220519386295011,0.0,0.0,0.0,0.0
51043000000,3031,51043000000,map,-0.20396868186609785,0.19354280908056376,0.33459008730644835,0.0,0.0,0.0,0.0
51045000000,3032,51045000000,map,0.2564580356061029,-0.14743841332782165,-0.3580860897802409,0.0,0.0,0.0,0.0
51048000000,3033,51047000000,map,0.24510509245216583,-0.06731512496337516,0.1543526947567575,0.0,0.0,0.0,0.0
51050000000,3034,51050000000,map,0.327417205960171,-0.10412124962134611,-0.3093381136696418,0.0,0.0,0.0,0.0
51053000000,3035,51052000000,map,-0.23113848071314147,-0.2694992842561645,0.18173617203879455,0.0,0.0,0.0,0.0
51054000000,3036,51054000000,map,-0.05773521329197895,-0.1568767652967524,0.2996417378450347,0.0,0.0,0.0,0.0
51056000000,3037,51056000000,map,0.1950590688007886,0.12700422574976133,-0.12545731973561902,0.0,0.0,0.0,0.0
51057000000,3038,51057000000,map,-0.3256789278511351,-0.2480652336036176,-0.14268678726263756,0.0,0.0,0.0,0.0
51059000000,3039,51059000000,map,0.1492839470855699,-0.288189302847787,-0.06205463681009543,0.0,0.0,0.0,0.0
51061000000,3040,51061000000,map,0.2904479617009813,-0.20182310972925185,-0.3600746877600615,0.0,0.0,0.0,0.0
51062000000,3041,51062000000,map,0.17645900408158133,-0.3995516339000916,0.19405436470486337,0.0,0.0,0.0,0.0
51065000000,3042,51064000000,map,0.2990528408141794,0.0041114356817877895,0.28689889435265836,0.0,0.0,0.0,0.0
51066000000,3043,51066000000,map,-0.14137075268480742,-0.34703004102228513,-0.3130343762116752,0.0,0.0,0.0,0.0
51068000000,3044,51068000000,map,-0.3824249134817701,-0.1801141911428779,0.16311567154888063,0.0,0.0,0.0,0.0
51070000000,3045,51070000000,map,-0.035066251526385706,-0.3490539161587399,0.19853591727033093,0.0,0.0,0.0,0.0
51072000000,3046,51072000000,map,-0.0007406702729880754,0.18807051931973973,0.041015205114223297,0.0,0.0,0.0,0.0
51074000000,3047,51074000000,map,0.3835125163098868,-0.09822756340283673,0.23611603435029338,0.0,0.0,0.0,0.0
51076000000,3048,51076000000,map,0.20773076945406366,0.3576753487723948,-0.17883244411437668,0.0,0.0,0.0,0.0
51078000000,3049,51078000000,map,0.18012371940032623,0.011860952258496482,-0.009129178470394683,0.0,0.0,0.0,0.0
51080000000,3050,51080000000,map,0.18810069787078887,0.331363131444257,-0.14562883959765005,0.0,0.0,0.0,0.0
51082000000,3051,51082000000,map,-0.13411803903355585,0.07426267880958565,0.13813421525714442,0.0,0.0,0.0,0.0
51084000000,3052,51084000000,map,0.0005264306202560354,-0.03027565055815512,-0.07571566782427525,0.0,0.0,0.0,0.0
51086000000,3053,51086000000,map,-0.1285731408661343,-0.30242015295360714,0.1749541222113573,0.0,0.0,0.0,0.0
51088000000,3054,51088000000,map,-0.19468549777079236,-0.04362342045298573,0.2734957997310363,0.0,0.0,0.0,0.0
51091000000,3055,51090000000,map,-0.27934636072225616,0.14900234052800854,0.19148834464256315,0.0,0.0,0.0,0.0
51092000000,3056,51092000000,map,-0.011257973204962357,-0.34444389772160644,-0.046508910837735784,0.0,0.0,0.0,0.0
51095000000,3057,51095000000,map,-0.20245074449596281,-0.031244120065263337,0.19701957609326504,0.0,0.0,0.0,0.0
51097000000,3058,51097000000,map,-0.12975103506484043,-0.33895406093754715,0.04765491266069599,0.0,0.0,0.0,0.0
51099000000,3059,51098000000,map,0.2959739034822426,0.20916504176864614,-0.29600904526729976,0.0,0.0,0.0,0.0
51100000000,3060,51100000000,map,-0.0945534440832192,-0.2822559637192169,0.29784650390903467,0.0,0.0,0.0,0.0
51103000000,3061,51103000000,map,-0.2472310378036306,-0.17607401609179374,0.19302591378096579,0.0,0.0,0.0,0.0
51105000000,3062,51105000000,map,0.22843997236887392,0.18862667427800828,-0.04216164833093006,0.0,0.0,0.0,0.0
51107000000,3063,51107000000,map,0.23389637126560714,-0.3113249771676124,0.19162079410748878,0.0,0.0,0.0,0.0
51109000000,3064,51109000000,map,-0.12881007058638783,-0.3650989598207123,0.3658077371474737,0.0,0.0,0.0,0.0
51111000000,3065,51111000000,map,0.1889577921790997,0.24709534414302192,-0.17269711608738947,0.0,0.0,0.0,0.0
51113000000,3066,51113000000,map,-0.14315825101547314,0.062134029135660296,0.15955425691596448,0.0,0.0,0.0,0.0
51115000000,3067,51115000000,map,0.351715729279652,0.18201939227161845,-0.3948959464373799,0.0,0.0,0.0,0.0
51116000000,3068,51116000000,map,0.3734754376342212,0.10936922319219067,-0.2995993288945117,0.0,0.0,0.0,0.0
51119000000,3069,51118000000,map,-0.040681786054598934,0.18439159066385935,-0.39560639060696035,0.0,0.0,0.0,0.0
51121000000,3070,51120000000,map,-0.2577705019691996,-0.33673428239641406,-0.3566934241111065,0.0,0.0,0.0,0.0
51123000000,3071,51122000000,map,-0.04683217044012894,0.10706533147309072,0.39789038852959147,0.0,0.0,0.0,0.0
51125000000,3072,51125000000,map,-0.14554726099442122,0.37558405631356384,0.3631838222992497,0.0,0.0,0.0,0.0
51127000000,3073,51127000000,map,0.03762447716567896,0.35564453981527866,-0.1869291351938275,0.0,0.0,0.0,0.0
51129000000,3074,51129000000,map,0.37088805243043865,0.22731277009421047,-0.11693980229211459,0.0,0.0,0.0,0.0
51131000000,3075,51131000000,map,0.12126473398520199,0.3182825946109098,0.02250233801067053,0.0,0.0,0.0,0.0
51133000000,3076,51133000000,map,0.00433869582459856,0.10324263620421681,0.0997034705823937,0.0,0.0,0.0,0.0
51135000000,3077,51135000000,map,0.3342551918467409,-0.21642166231172189,-0.17050829546928,0.0,0.0,0.0,0.0
51137000000,3078,51137000000,map,0.3296771009588838,-0.061854228042803716,0.17168826647028268,0.0,0.0,0.0,0.0
51139000000,3079,51139000000,map,0.3107037336962941,0.12479088201597288,-0.05996142333778304,0.0,0.0,0.0,0.0
51141000000,3080,51141000000,map,0.1355851699285643,0.2856299953841215,0.1647680099812816,0.0,0.0,0.0,0.0
51143000000,3081,51143000000,map,-0.20896593543066466,0.34345371708204064,-0.34475044567915974,0.0,0.0,0.0,0.0
51145000000,3082,51145000000,map,-0.21651457971960916,0.1898085828283449,0.1651524161358917,0.0,0.0,0.0,0.0
51147000000,3083,51146000000,map,-0.05657137425118253,0.35688558631563494,0.1819001120784599,0.0,0.0,0.0,0.0
51149000000,3084,51148000000,map,0.32337185332706186,0.10277807639085901,0.08229768733354603,0.0,0.0,0.0,0.0
51151000000,3085,51151000000,map,-0.38416345637149063,-0.28554379576860855,0.2610602595999948,0.0,0.0,0.0,0.0
51153000000,3086,51153000000,map,0.2553378434837994,-0.1772948271529678,-0.34628381074553155,0.0,0.0,0.0,0.0
51155000000,3087,51155000000,map,-0.3656584072459954,-0.20827473210647562,0.15863523238347332,0.0,0.0,0.0,0.0
51157000000,3088,51157000000,map,0.05043047981166221,0.14354948789861544,-0.12180144159444739,0.0,0.0,0.0,0.0
51159000000,3089,51159000000,map,-0.34283278072832957,-0.2754742372656609,-0.33837414055206866,0.0,0.0,0.0,0.0
51161000000,3090,51161000000,map,0.19973174120842452,-0.0005280811219535719,0.298418775774854,0.0,0.0,0.0,0.0
51163000000,3091,51163000000,map,0.25561344407214925,-0.05634828311337842,-0.29927961922260576,0.0,0.0,0.0,0.0
51165000000,3092,51165000000,map,-0.19225497662935231,0.22304810498750238,-0.28508339351913325,0.0,0.0,0.0,0.0
51167000000,3093,51167000000,map,-0.09994859995070532,-0.05734206668809422,-0.23086199707936148,0.0,0.0,0.0,0.0
51169000000,3094,51169000000,map,-0.2636893944406059,-0.32973300547284684,-0.34319403138491855,0.0,0.0,0.0,0.0
51171000000,3095,51171000000,map,0.2549694979543752,-0.07202368722512903,-0.272829841927219,0.0,0.0,0.0,0.0
51173000000,3096,51173000000,map,-0.16640572326532635,0.24989711597436692,0.3544041362309279,0.0,0.0,0.0,0.0
51175000000,3097,51174000000,map,-0.3298066282119672,-0.35274533550868825,0.10717107977820939,0.0,0.0,0.0,0.0
51177000000,3098,51177000000,map,0.03924024267382825,0.20925428730673024,0.2387416003210895,0.0,0.0,0.0,0.0
51179000000,3099,51178000000,map,0.06457635922881017,0.14373125322297264,0.03394964121120181,0.0,0.0,0.0,0.0
51181000000,3100,51181000000,map,-0.23489096071093757,0.37159693695271445,0.28629744753420394,0.0,0.0,0.0,0.0
51182000000,3101,51182000000,map,0.36496268717160907,-0.3064994567228359,0.39232238200495606,0.0,0.0,0.0,0.0
51185000000,3102,51185000000,map,-0.1857520479353454,-0.39465751385374404,0.3571856634140741,0.0,0.0,0.0,0.0
51187000000,3103,51187000000,map,-0.035846182923408354,-0.13548013956109511,-0.12477301105149624,0.0,0.0,0.0,0.0
51189000000,3104,51189000000,map,0.3338108769563328,-0.12686891000284378,0.02187783794682535,0.0,0.0,0.0,0.0
51191000000,3105,51191000000,map,0.1422654366221302,0.20118666257522777,0.09652227829242976,0.0,0.0,0.0,0.0
51193000000,3106,51193000000,map,-0.08202045559746168,0.21369270816731778,0.10564828842500606,0.0,0.0,0.0,0.0
51195000000,3107,51195000000,map,0.20734733229126823,0.37504294553462536,-0.27749535623684213,0.0,0.0,0.0,0.0
51197000000,3108,51197000000,map,-0.05442746613471866,-0.2986082955871642,-0.1488039516868362,0.0,0.0,0.0,0.0
51199000000,3109,51199000000,map,-0.0017660660567945796,-0.22456190603146314,0.16623572003949771,0.0,0.0,0.0,0.0
51201000000,3110,51201000000,map,0.32675397127829997,-0.34729161152845833,-0.29214634465432343,0.0,0.0,0.0,0.0
51203000000,3111,51203000000,map,0.11399783276085862,0.1875867849817887,-0.34595846505269884,0.0,0.0,0.0,0.0
51204000000,3112,51204000000,map,0.3816842735641406,-0.38492523531552614,-0.30390381188315974,0.0,0.0,0.0,0.0
51206000000,3113,51206000000,map,-0.2371360927497843,-0.0826699158869229,0.09063134850088017,0.0,0.0,0.0,0.0
51208000000,3114,51208000000,map,-0.002434482882300526,0.29640791954665235,-0.2673549787052689,0.0,0.0,0.0,0.0
51210000000,3115,51210000000,map,-0.30125922213707435,-0.023894008414056256,0.05839127329950211,0.0,0.0,0.0,0.0
51213000000,3116,51212000000,map,0.28769661412200287,0.11823446351410971,-0.3954925323344646,0.0,0.0,0.0,0.0
51215000000,3117,51215000000,map,0.2859154473119695,0.19063829512617692,-0.018549955718161815,0.0,0.0,0.0,0.0
51217000000,3118,51217000000,map,0.19331690347334318,-0.25369532953609286,-0.23107384973733686,0.0,0.0,0.0,0.0
51219000000,3119,51219000000,map,-0.25525512501366676,0.12351564654334946,-0.18666764078984857,0.0,0.0,0.0,0.0
51221000000,3120,51221000000,map,0.14983698694867154,0.34327647100417014,0.08114412331763488,0.0,0.0,0.0,0.0
51223000000,3121,51223000000,map,-0.04371742323105132,0.3336895496735761,0.37072728411016265,0.0,0.0,0.0,0.0
51224000000,3122,51224000000,map,0.17801757730229362,-0.1362612650381682,0.05940266069460043,0.0,0.0,0.0,0.0
51227000000,3123,51227000000,map,0.2443715021824474,-0.19094775852797433,-0.20558084806034382,0.0,0.0,0.0,0.0
51229000000,3124,51229000000,map,-0.29166932576737553,0.24614850658886112,-0.08227385946850807,0.0,0.0,0.0,0.0
51231000000,3125,51231000000,map,0.31071112913750243,-0.3472524834187005,0.3794678946641974,0.0,0.0,0.0,0.0
51233000000,3126,51233000000,map,-0.03462608533890921,0.03060631171837136,-0.09744316654420587,0.0,0.0,0.0,0.0
51235000000,3127,51235000000,map,-0.11600023362791195,0.20071174765481148,-0.2615621322285371,0.0,0.0,0.0,0.0
51237000000,3128,51237000000,map,0.1622181264318402,-0.05934742927253256,0.37078439852415634,0.0,0.0,0.0,0.0
51239000000,3129,51239000000,map,0.2818615253088379,-0.004536519983077969,0.39521696891336544,0.0,0.0,0.0,0.0
51241000000,3130,51240000000,map,-0.25761511250060665,-0.2667497049541815,-0.10890157424102903,0.0,0.0,0.0,0.0
51243000000,3131,51243000000,map,0.024201227994310404,0.09843261753695315,-0.33838771519066774,0.0,0.0,0.0,0.0
51244000000,3132,51244000000,map,-0.05457633130272116,-0.3725762737561279,0.3922813896073899,0.0,0.0,0.0,0.0
51246000000,3133,51246000000,map,0.366050684923936,0.1214535470053677,0.06505750281665523,0.0,0.0,0.0,0.0
51249000000,3134,51249000000,map,-0.2534983854940468,0.29177712540305356,-0.3761988969968073,0.0,0.0,0.0,0.0
51250000000,3135,51250000000,map,-0.13471507524244236,-0.35903094499951815,0.048655057914858246,0.0,0.0,0.0,0.0
51252000000,3136,51252000000,map,0.026499819172269068,-0.07611587813725273,0.31026249314030274,0.0,0.0,0.0,0.0
51255000000,3137,51255000000,map,0.13742075051588343,0.1356623358418626,0.04520816306276548,0.0,0.0,0.0,0.0
51257000000,3138,51257000000,map,0.22648215668119964,0.20390215174687076,0.3808295875416602,0.0,0.0,0.0,0.0
51258000000,3139,51258000000,map,-0.27614543452265106,0.21915792490070785,0.33076992441727826,0.0,0.0,0.0,0.0
51260000000,3140,51260000000,map,0.16954289117632704,0.05936112318761044,-0.1471164962067567,0.0,0.0,0.0,0.0
51262000000,3141,51262000000,map,0.016762723553804926,0.0906448340620522,0.39248495450261167,0.0,0.0,0.0,0.0
51265000000,3142,51264000000,map,-0.3306023279812571,0.0533176916093514,0.2865158197857739,0.0,0.0,0.0,0.0
51267000000,3143,51267000000,map,-0.39705132639404966,-0.06130091919033037,-0.3527224314731628,0.0,0.0,0.0,0.0
51269000000,3144,51269000000,map,-0.021845078088033598,-0.3846186453181885,-0.16451257437997882,0.0,0.0,0.0,0.0
51271000000,3145,51270000000,map,-0.38435212188274626,-0.3644470904631477,-0.1600519831803116,0.0,0.0,0.0,0.0
51272000000,3146,51272000000,map,0.07090118760226882,-0.23927328092491953,0.07463730239991256,0.0,0.0,0.0,0.0
51274000000,3147,51274000000,map,0.2305180513709928,0.3539847735125833,0.07480103385929804,0.0,0.0,0.0,0.0
51276000000,3148,51276000000,map,-0.059902797569565736,-0.3924120302952692,0.06271174815133096,0.0,0.0,0.0,0.0
51278000000,3149,51278000000,map,0.2356024061208356,0.34910547854814833,0.3666158085167066,0.0,0.0,0.0,0.0
51281000000,3150,51280000000,map,-0.003045298456746115,-0.1468242740396652,-0.07945162588313537,0.0,0.0,0.0,0.0
51282000000,3151,51282000000,map,0.25252290243402464,-0.06825788234494856,0.13571813043765757,0.0,0.0,0.0,0.0
51284000000,3152,51284000000,map,-0.21414385074943293,-0.11015749835269317,-0.19389551511313663,0.0,0.0,0.0,0.0
51286000000,3153,51286000000,map,-0.21281961505942526,-0.008617814639594323,-0.2297487075162327,0.0,0.0,0.0,0.0
51288000000,3154,51288000000,map,-0.15658484313957322,0.35393191441877225,-0.34732959750692255,0.0,0.0,0.0,0.0
51290000000,3155,51290000000,map,0.2847472577343212,-0.15857543419304282,0.04686348625887121,0.0,0.0,0.0,0.0
51292000000,3156,51292000000,map,0.3774348549042771,0.15415521910020535,-0.03673551900752464,0.0,0.0,0.0,0.0
51295000000,3157,51294000000,map,-0.12331139584011308,0.39810504220850884,-0.3860362300255079,0.0,0.0,0.0,0.0
51296000000,3158,51296000000,map,0.10408695424788317,-0.19643444050741407,0.2786901324956562,0.0,0.0,0.0,0.0
51299000000,3159,51299000000,map,0.31562198287578813,0.15551189080206007,0.12663921319858795,0.0,0.0,0.0,0.0
51301000000,3160,51301000000,map,-0.022323708447976764,0.15198941678733446,-0.2949677350594413,0.0,0.0,0.0,0.0
51303000000,3161,51303000000,map,-0.22831461245764376,-0.07566451733249385,-0.15933197349690206,0.0,0.0,0.0,0.0
51305000000,3162,51304000000,map,0.3365394106666941,-0.1369817758900807,-0.002224974603245722,0.0,0.0,0.0,0.0
51307000000,3163,51307000000,map,0.32766452770439736,-0.3571534306340813,0.3538526744401319,0.0,0.0,0.0,0.0
51308000000,3164,51308000000,map,0.007202030223255662,-0.2816163541938969,0.21501173464279566,0.0,0.0,0.0,0.0
51311000000,3165,51311000000,map,0.34442494714979366,-0.37414599765469986,-0.06801646918542065,0.0,0.0,0.0,0.0
51313000000,3166,51313000000,map,0.20315989212416385,0.2827553003270771,-0.2891227858799275,0.0,0.0,0.0,0.0
51315000000,3167,51315000000,map,0.08106132711764164,-0.17200101714702176,-0.18235208988193122,0.0,0.0,0.0,0.0
51317000000,3168,51317000000,map,0.3400712726821409,-0.36726573606869395,0.040873143902442344,0.0,0.0,0.0,0.0
51320000000,3169,51319000000,map,0.18457911656607118,-0.1850723001035422,0.0524530493844505,0.0,0.0,0.0,0.0
51321000000,3170,51321000000,map,-0.030788076102118922,-0.05444137409391492,0.04070504933081526,0.0,0.0,0.0,0.0
51323000000,3171,51323000000,map,0.2942618753602825,0.02331836429545342,0.014278759225962223,0.0,0.0,0.0,0.0
51325000000,3172,51325000000,map,0.16533241929768672,-0.04175192101917363,0.1255194726536918,0.0,0.0,0.0,0.0
51327000000,3173,51327000000,map,-0.0034039971233316146,0.23548196994947257,-0.3757375385845416,0.0,0.0,0.0,0.0
51329000000,3174,51329000000,map,0.37552840389098197,0.09973478530484747,-0.22461588741723001,0.0,0.0,0.0,0.0
51331000000,3175,51331000000,map,-0.19355038821775428,0.2176528577590292,0.08884900047189992,0.0,0.0,0.0,0.0
51333000000,3176,51333000000,map,-0.25599416261536057,-0.16752437679756027,-0.18220830270111876,0.0,0.0,0.0,0.0
51335000000,3177,51335000000,map,-0.17396353512093407,0.24470744447625448,0.36028335066210126,0.0,0.0,0.0,0.0
51337000000,3178,51337000000,map,-0.35495612952008676,-0.1336207518005032,0.29774910508324726,0.0,0.0,0.0,0.0
51339000000,3179,51339000000,map,-0.29719987818847293,-0.08761348261674384,-0.17345104038905468,0.0,0.0,0.0,0.0
51341000000,3180,51341000000,map,0.13484272952763732,0.36908845064771945,0.2505521156974412,0.0,0.0,0.0,0.0
51343000000,3181,51343000000,map,-0.12346610596454122,0.0897874805083731,-0.3024794131836917,0.0,0.0,0.0,0.0
51345000000,3182,51345000000,map,0.10767622825886325,0.05321087205661862,0.33634873283409517,0.0,0.0,0.0,0.0
51347000000,3183,51347000000,map,0.2513341983015379,-0.1935183541153705,0.08531125785648186,0.0,0.0,0.0,0.0
51349000000,3184,51349000000,map,0.12918998023116113,0.0912515232010615,-0.15815552840364686,0.0,0.0,0.0,0.0
51351000000,3185,51351000000,map,-0.1565309640171002,-0.37802471755072964,0.3759368556905509,0.0,0.0,0.0,0.0
51353000000,3186,51353000000,map,-0.015897294476450274,-0.12248861314765441,-0.29063964574671936,0.0,0.0,0.0,0.0
51354000000,3187,51354000000,map,0.23232874869747133,-0.2615575044726339,0.39111733396641135,0.0,0.0,0.0,0.0
51357000000,3188,51356000000,map,0.029625426093249974,0.019615456804486897,-0.09329987489504427,0.0,0.0,0.0,0.0
51358000000,3189,51358000000,map,-0.061810235278726255,-0.028025896728940236,-0.27410641622749377,0.0,0.0,0.0,0.0
51361000000,3190,51361000000,map,0.3457617710487251,0.3515398763899066,0.05250250522451322,0.0,0.0,0.0,0.0
51363000000,3191,51363000000,map,-0.1540316719123867,0.11931061960866729,-0.14148482717079952,0.0,0.0,0.0,0.0
51364000000,3192,51364000000,map,0.12085868038468195,0.23295377601061362,-0.3669723122617194,0.0,0.0,0.0,0.0
51367000000,3193,51367000000,map,0.06850948609429797,-0.12406389132544482,0.31663898164477355,0.0,0.0,0.0,0.0
51369000000,3194,51369000000,map,-0.2887793446459033,-0.0012517003347000122,-0.13338657663177678,0.0,0.0,0.0,0.0
51371000000,3195,51371000000,map,0.3162845620387674,0.2706686431012839,0.04190633455690085,0.0,0.0,0.0,0.0
51373000000,3196,51373000000,map,0.028342234897113017,0.018278100204287107,-0.039956009270925685,0.0,0.0,0.0,0.0
51375000000,3197,51375000000,map,-0.2833065679474695,0.3346260055210768,0.381018579183776,0.0,0.0,0.0,0.0
51377000000,3198,51376000000,map,0.39314132772500876,-0.34344199365545824,-0.016897094074035557,0.0,0.0,0.0,0.0
51379000000,3199,51379000000,map,0.21047957662451144,-0.041915530538136514,0.04609188894216859,0.0,0.0,0.0,0.0
51381000000,3200,51381000000,map,0.041444695072070714,0.31263375046565267,-0.2907517610428174,0.0,0.0,0.0,0.0
51383000000,3201,51383000000,map,-0.3258294918587738,-0.25059583638044447,0.10604455475396457,0.0,0.0,0.0,0.0
51385000000,3202,51385000000,map,0.18836281791397858,0.3058848211543419,-0.3827003671165175,0.0,0.0,0.0,0.0
51387000000,3203,51387000000,map,-0.009102374781491673,-0.14271993116999038,-0.23920840893548834,0.0,0.0,0.0,0.0
51389000000,3204,51389000000,map,0.1261876594860838,0.09415622804067547,0.24268647547173838,0.0,0.0,0.0,0.0
51391000000,3205,51391000000,map,-0.12632972600938458,-0.3391089700969251,0.28151229935778777,0.0,0.0,0.0,0.0
51393000000,3206,51393000000,map,0.3704806793900388,-0.23551258439194553,-0.04531941930803168,0.0,0.0,0.0,0.0
51395000000,3207,51395000000,map,-0.1377886999594754,-0.2519444522248602,0.13977687483744472,0.0,0.0,0.0,0.0
51397000000,3208,51397000000,map,0.35133697498714456,0.1856512698713405,0.21448892564447541,0.0,0.0,0.0,0.0
51399000000,3209,51399000000,map,-0.3794056997134835,0.3787064074171904,0.1992288065154797,0.0,0.0,0.0,0.0
51401000000,3210,51400000000,map,0.13257048142783734,-0.15152600118653414,0.14974652263349397,0.0,0.0,0.0,0.0
51402000000,3211,51402000000,map,-0.0034323910973942384,-0.2080137382388516,0.173666777509913,0.0,0.0,0.0,0.0
51404000000,3212,51404000000,map,0.3741353479731344,-0.08922392337529922,0.12732526799845156,0.0,0.0,0.0,0.0
51406000000,3213,51406000000,map,-0.2797671010983732,0.05922762759462541,0.27425321933335656,0.0,0.0,0.0,0.0
51409000000,3214,51409000000,map,0.2594719530008647,0.10857276253115289,0.08407420948062033,0.0,0.0,0.0,0.0
51410000000,3215,51410000000,map,0.06458991047414964,-0.24906296409061057,-0.3301760133332561,0.0,0.0,0.0,0.0
51412000000,3216,51412000000,map,-0.33768637315230765,0.24379218059257268,0.07636910568006794,0.0,0.0,0.0,0.0
51415000000,3217,51414000000,map,0.006479372594727306,0.18397539643908112,-0.2265211130069662,0.0,0.0,0.0,0.0
51416000000,3218,51416000000,map,-0.013283844347157459,0.3874708101947052,0.27687571008955736,0.0,0.0,0.0,0.0
51418000000,3219,51418000000,map,0.0498322793724314,-0.08872062410653364,-0.01314751690866045,0.0,0.0,0.0,0.0
51421000000,3220,51421000000,map,-0.22356359903430684,-0.11955747952298029,-0.3809440170277417,0.0,0.0,0.0,0.0
51422000000,3221,51422000000,map,0.20906954365455543,0.14625648388110846,0.31196865196299106,0.0,0.0,0.0,0.0
51425000000,3222,51425000000,map,0.32577935072047437,-0.26794272816355524,0.1747236835809285,0.0,0.0,0.0,0.0
51427000000,3223,51427000000,map,0.22609825460677013,-0.11267887951906558,0.1292004879273171,0.0,0.0,0.0,0.0
51429000000,3224,51429000000,map,0.3938983200702666,-0.32991171265064684,-0.35962508355631834,0.0,0.0,0.0,0.0
51431000000,3225,51431000000,map,-0.09999378979366524,-0.29142508025094743,-0.3597402261966236,0.0,0.0,0.0,0.0
51433000000,3226,51433000000,map,0.09990092331957195,-0.13098051221956236,0.16480793921789139,0.0,0.0,0.0,0.0
51434000000,3227,51434000000,map,-0.28047309081882427,-0.029182202037386196,-0.35832091988116116,0.0,0.0,0.0,0.0
51437000000,3228,51437000000,map,0.02013843927267417,-0.20681646463258566,-0.22093700724486687,0.0,0.0,0.0,0.0
51438000000,3229,51438000000,map,0.04952173937043325,-0.23871944454666924,0.06626214187756602,0.0,0.0,0.0,0.0
51441000000,3230,51441000000,map,0.07534956116747182,-0.13454897555747602,0.10820785758882934,0.0,0.0,0.0,0.0
51443000000,3231,51443000000,map,0.23369921752590095,-0.1751999682154846,-0.18642916139222968,0.0,0.0,0.0,0.0
51445000000,3232,51445000000,map,-0.29780837389643694,0.12344725541105972,0.20132583918386115,0.0,0.0,0.0,0.0
51447000000,3233,51447000000,map,0.16841748306158322,-0.02246527309003582,-0.35689174765207776,0.0,0.0,0.0,0.0
51449000000,3234,51449000000,map,0.14007554374945275,0.12249420742360562,0.36796354224535754,0.0,0.0,0.0,0.0
51451000000,3235,51451000000,map,-0.05111142159045767,-0.24586991780668008,-0.005237017076979045,0.0,0.0,0.0,0.0
51453000000,3236,51453000000,map,-0.007408646739766822,0.10945872988363625,0.2761108931040607,0.0,0.0,0.0,0.0
51455000000,3237,51455000000,map,0.2711448332994768,0.1316365435207244,0.259244916525331,0.0,0.0,0.0,0.0
51457000000,3238,51457000000,map,0.2508768328161738,-0.2884484701545856,0.34381311728991115,0.0,0.0,0.0,0.0
51459000000,3239,51459000000,map,0.09305447284175006,0.09131425183355146,-0.26615802726550875,0.0,0.0,0.0,0.0
51461000000,3240,51461000000,map,-0.09985580074171152,0.35588261161313095,-0.1267884363843177,0.0,0.0,0.0,0.0
51463000000,3241,51463000000,map,-0.37643411619052536,-0.225007024555934,0.2793795823121521,0.0,0.0,0.0,0.0
51465000000,3242,51465000000,map,0.06533532401958758,0.0690150364831747,0.2829450852179137,0.0,0.0,0.0,0.0
51467000000,3243,51467000000,map,0.15464749317520565,0.34900682250854553,0.200997017781268,0.0,0.0,0.0,0.0
51469000000,3244,51469000000,map,-0.07886094750975847,-0.2204153024173635,-0.04971208361539553,0.0,0.0,0.0,0.0
51471000000,3245,51470000000,map,0.2802189395166014,0.2889109741432365,0.3681058241290083,0.0,0.0,0.0,0.0
51473000000,3246,51473000000,map,0.28912660863219475,0.3489843788517044,0.284196793455909,0.0,0.0,0.0,0.0
51475000000,3247,51475000000,map,0.04593648148404783,-0.13776839731316437,0.11067555154282083,0.0,0.0,0.0,0.0
51477000000,3248,51477000000,map,0.23675839914287578,0.029455252589067116,-0.15785425140185183,0.0,0.0,0.0,0.0
51479000000,3249,51479000000,map,0.13072574231838407,0.1438853906986175,0.27498174333920544,0.0,0.0,0.0,0.0
51481000000,3250,51481000000,map,-0.2496571958025106,-0.05820882012231482,0.3714791196635371,0.0,0.0,0.0,0.0
51483000000,3251,51482000000,map,-0.028419322023034987,-0.3762891684658915,0.22396135980120213,0.0,0.0,0.0,0.0
51485000000,3252,51485000000,map,0.05181375142773692,-0.19005828811164382,-0.2273447579729529,0.0,0.0,0.0,0.0
51487000000,3253,51487000000,map,-0.00152928394310059,0.07064158964492445,-0.013076898402863413,0.0,0.0,0.0,0.0
51489000000,3254,51489000000,map,0.05705703129072848,0.26788919649015963,0.08248909494940015,0.0,0.0,0.0,0.0
51490000000,3255,51490000000,map,0.38191602311098893,0.15877982187495343,-0.09466261802383785,0.0,0.0,0.0,0.0
51493000000,3256,51493000000,map,-0.001227761855534748,0.30822444007497063,-0.03793503435975576,0.0,0.0,0.0,0.0
51495000000,3257,51494000000,map,0.00837481274852514,-0.11042593109588122,-0.11923545923677126,0.0,0.0,0.0,0.0
51497000000,3258,51497000000,map,-0.3526465438029357,-0.0329424151161129,0.2056184131596398,0.0,0.0,0.0,0.0
51498000000,3259,51498000000,map,-0.22486728648478854,-0.2591553269348339,0.37479232086383096,0.0,0.0,0.0,0.0
51501000000,3260,51501000000,map,-0.08758468129878572,0.2960208522492187,-0.008838336418556192,0.0,0.0,0.0,0.0
51502000000,3261,51502000000,map,0.2377979227992204,0.14477787685225096,0.27016321694070766,0.0,0.0,0.0,0.0
51504000000,3262,51504000000,map,-0.30133449958818276,0.1884014211352787,-0.28794441399597903,0.0,0.0,0.0,0.0
51506000000,3263,51506000000,map,-0.0719584802484749,-0.3920307909171029,-0.3488838142028924,0.0,0.0,0.0,0.0
51508000000,3264,51508000000,map,0.2767603961773777,0.20736093846568127,0.275127910750555,0.0,0.0,0.0,0.0
51510000000,3265,51510000000,map,0.377520010533656,0.2409389600501609,-0.20255001526424252,0.0,0.0,0.0,0.0
51512000000,3266,51512000000,map,-0.21088337249713085,-0.21367688147950217,-0.30094096282968363,0.0,0.0,0.0,0.0
51514000000,3267,51514000000,map,-0.38671036934088476,-0.2087294234057342,-0.20624386041725734,0.0,0.0,0.0,0.0
51516000000,3268,51516000000,map,-0.29335834770805286,0.08710177544871911,0.20534588108788532,0.0,0.0,0.0,0.0
51518000000,3269,51518000000,map,-0.18442124165699833,0.2995604249190449,-0.3749381805695663,0.0,0.0,0.0,0.0
51521000000,3270,51520000000,map,-0.23606974415435403,-0.26688650778772083,0.14536069460647982,0.0,0.0,0.0,0.0
51522000000,3271,51522000000,map,0.13801422553114828,-0.17889713447631844,0.39251602611074277,0.0,0.0,0.0,0.0
51524000000,3272,51524000000,map,-0.07337957309003312,-0.06335294722239898,-0.237474724330236,0.0,0.0,0.0,0.0
51526000000,3273,51526000000,map,-0.26250371318433985,0.10465589572230427,0.3151451356795075,0.0,0.0,0.0,0.0
51528000000,3274,51528000000,map,-0.35929700470952425,-0.1993293577095698,0.35242363748130334,0.0,0.0,0.0,0.0
51530000000,3275,51530000000,map,-0.021623551376445505,0.38980521479489805,-0.2843472094059604,0.0,0.0,0.0,0.0
51532000000,3276,51532000000,map,0.2751131600635959,0.0382792446990024,-0.0708403302287487,0.0,0.0,0.0,0.0
51534000000,3277,51534000000,map,0.05549944330622808,0.05248865295705196,0.083015585611809,0.0,0.0,0.0,0.0
51536000000,3278,51536000000,map,-0.22120042169804321,-0.33280203096640143,0.3457275997357343,0.0,0.0,0.0,0.0
51538000000,3279,51538000000,map,0.0775968718532975,0.09871180487895781,0.22817671903885894,0.0,0.0,0.0,0.0
51540000000,3280,51540000000,map,-0.09206748711990309,-0.13225976308836745,0.3938836654500618,0.0,0.0,0.0,0.0
51542000000,3281,51542000000,map,-0.3027570273445829,0.24061295918107717,-0.2789219346258792,0.0,0.0,0.0,0.0
51544000000,3282,51544000000,map,-0.16806236073723554,0.33299910987256653,0.023778034734245335,0.0,0.0,0.0,0.0
51546000000,3283,51546000000,map,0.36329926916160327,-0.3594553226728413,0.2564216682488183,0.0,0.0,0.0,0.0
51548000000,3284,51548000000,map,0.3586932684624763,-0.17614232876327418,-0.21417522274780623,0.0,0.0,0.0,0.0
51550000000,3285,51550000000,map,0.34949481832236484,-0.02777955651671815,-0.21958499218778607,0.0,0.0,0.0,0.0
51552000000,3286,51552000000,map,-0.0016717363578910849,0.369955458472099,0.33311528709832794,0.0,0.0,0.0,0.0
51554000000,3287,51554000000,map,0.0031469116856513435,-0.1424588141999833,0.15708877082007855,0.0,0.0,0.0,0.0
51556000000,3288,51556000000,map,-0.046095049556114265,0.2631293060653611,0.20280625760225612,0.0,0.0,0.0,0.0
51558000000,3289,51558000000,map,-0.14866450386305824,-0.23968310089388045,0.09072857713144639,0.0,0.0,0.0,0.0
51560000000,3290,51560000000,map,0.03306901503074766,-0.16139613437076994,-0.13994520482270212,0.0,0.0,0.0,0.0
51562000000,3291,51562000000,map,-0.14196429017157663,-0.25199062413531037,-0.30863554807100374,0.0,0.0,0.0,0.0
51564000000,3292,51564000000,map,-0.25604994247784535,-0.049576649462898525,0.036880885981740164,0.0,0.0,0.0,0.0
51566000000,3293,51566000000,map,-0.19610425536694118,0.11537622297373817,0.36307630028440707,0.0,0.0,0.0,0.0
51568000000,3294,51568000000,map,-0.17849799601901806,0.18153283101890116,-0.13234363607285887,0.0,0.0,0.0,0.0
51570000000,3295,51570000000,map,-0.35630458608901905,0.01763668446083322,-0.3990521611907322,0.0,0.0,0.0,0.0
51572000000,3296,51572000000,map,0.319736925851575,0.3233506739913491,-0.25675017111886533,0.0,0.0,0.0,0.0
51574000000,3297,51574000000,map,0.2708201547025406,-0.1961143293747596,0.2206299822030896,0.0,0.0,0.0,0.0
51576000000,3298,51576000000,map,-0.1428856919808758,0.10824018870970997,-0.049820827388902145,0.0,0.0,0.0,0.0
51578000000,3299,51578000000,map,0.27069404379473316,0.3286990136667014,0.18416904644874355,0.0,0.0,0.0,0.0
51580000000,3300,51580000000,map,-0.06458528540146014,-0.11534549103448749,-0.20497386081372534,0.0,0.0,0.0,0.0
51582000000,3301,51582000000,map,0.1559225374998865,0.2979622500689483,-0.22596786629995302,0.0,0.0,0.0,0.0
51584000000,3302,51584000000,map,0.019126938003284966,-0.06310680849043715,-0.08757093364197172,0.0,0.0,0.0,0.0
51586000000,3303,51586000000,map,-0.2832142969426359,-0.19105569468239048,0.33711503996355463,0.0,0.0,0.0,0.0
51588000000,3304,51588000000,map,-0.19094569446299836,-0.057426083116583704,0.09485225826428378,0.0,0.0,0.0,0.0
51590000000,3305,51590000000,map,0.2671223715876462,0.010158829620160681,0.06892784805860569,0.0,0.0,0.0,0.0
51592000000,3306,51592000000,map,-0.36003155086485544,0.12314560065099467,-0.14690830110264574,0.0,0.0,0.0,0.0
51594000000,3307,51594000000,map,0.0333249219398305,0.027866142135896943,0.1505779015580806,0.0,0.0,0.0,0.0
51596000000,3308,51596000000,map,-0.17103301259517392,0.3870948339486745,-0.36318227621127647,0.0,0.0,0.0,0.0
51598000000,3309,51598000000,map,0.15335073912331243,0.18698229862004578,0.04136226993186787,0.0,0.0,0.0,0.0
51600000000,3310,51600000000,map,-0.00025401117678691687,0.08970857218688322,0.12423112880121168,0.0,0.0,0.0,0.0
51602000000,3311,51602000000,map,-0.11974113395639507,0.083082594177122,-0.06642289982839944,0.0,0.0,0.0,0.0
51604000000,3312,51604000000,map,-0.34084723091191454,-0.024228408737448137,-0.22132424991152014,0.0,0.0,0.0,0.0
51606000000,3313,51606000000,map,-0.23905222905478007,-0.37507470039366775,-0.15452448207389224,0.0,0.0,0.0,0.0
51608000000,3314,51608000000,map,-0.12943836122766628,-0.3059852126304058,-0.05879703062974273,0.0,0.0,0.0,0.0
51610000000,3315,51610000000,map,-0.39421184326874925,-0.29615279091304386,0.015917864223816025,0.0,0.0,0.0,0.0
51612000000,3316,51612000000,map,0.1388567881941627,-0.23814246823855123,0.19848243610933092,0.0,0.0,0.0,0.0
51614000000,3317,51614000000,map,-0.09255876604573926,0.38510467215892064,-0.0013721226619616833,0.0,0.0,0.0,0.0
51616000000,3318,51616000000,map,-0.3382999969773143,-0.19487949354644285,0.05561641712313897,0.0,0.0,0.0,0.0
51618000000,3319,51618000000,map,0.045201227422262125,-0.02098060837987803,-0.1481772481556325,0.0,0.0,0.0,0.0
51620000000,3320,51620000000,map,0.34707341437625894,-0.3193383775143376,0.049516965746377484,0.0,0.0,0.0,0.0
51622000000,3321,51622000000,map,-0.04978244152040634,0.3811660167337648,0.024752503246800395,0.0,0.0,0.0,0.0
51624000000,3322,51624000000,map,0.02056834198566443,-0.06435230588020352,0.22728790819913935,0.0,0.0,0.0,0.0
51626000000,3323,51626000000,map,0.16235782991947212,0.18905109026200428,0.31625297134880226,0.0,0.0,0.0,0.0
51628000000,3324,51628000000,map,0.38184543842480567,-0.11021353020553748,-0.013699892724719331,0.0,0.0,0.0,0.0
51630000000,3325,51630000000,map,0.3223392001443651,-0.15644282095629528,0.33616970791840584,0.0,0.0,0.0,0.0
51632000000,3326,51632000000,map,0.15458632840059472,0.3885011761917614,-0.18167414167692608,0.0,0.0,0.0,0.0
51634000000,3327,51634000000,map,-0.3636753199085734,-0.3408652837072388,-0.10995029170129683,0.0,0.0,0.0,0.0
51636000000,3328,51636000000,map,-0.3898957580701438,-0.029034566193265277,0.13671423564043306,0.0,0.0,0.0,0.0
51638000000,3329,51638000000,map,-0.0075326239005025775,0.06038731175277867,0.22595829497638753,0.0,0.0,0.0,0.0
51640000000,3330,51640000000,map,-0.275008645066066,-0.3301222601231398,-0.3145007282778287,0.0,0.0,0.0,0.0
51642000000,3331,51642000000,map,-0.231108039979104,-0.33340395341003737,0.28993011086112364,0.0,0.0,0.0,0.0
51644000000,3332,51644000000,map,0.3498166453229705,-0.1460046184872757,-0.3621071934964176,0.0,0.0,0.0,0.0
51646000000,3333,51646000000,map,-0.3875279515961083,-0.011652656498327973,-0.005106290778723099,0.0,0.0,0.0,0.0
51648000000,3334,51648000000,map,0.22023830944022693,-0.26794279582978237,0.1605153975320024,0.0,0.0,0.0,0.0
51650000000,3335,51650000000,map,0.00041835791433397773,0.20850580837723898,-0.07614169166803264,0.0,0.0,0.0,0.0
51652000000,3336,51652000000,map,-0.14817272160084283,-0.22086066342903404,0.1932580089796485,0.0,0.0,0.0,0.0
51654000000,3337,51654000000,map,-0.22379936217259414,-0.2700480406318926,-0.1450076302675808,0.0,0.0,0.0,0.0
51656000000,3338,51656000000,map,-0.3350458974065154,-0.24727491796499354,-0.39485425688877734,0.0,0.0,0.0,0.0
51658000000,3339,51658000000,map,0.10604574337493333,0.31676421672156285,0.3139430306778741,0.0,0.0,0.0,0.0
51660000000,3340,51660000000,map,0.28914677580404347,-0.011074861646962253,-0.2629344708824196,0.0,0.0,0.0,0.0
51662000000,3341,51662000000,map,0.23908959128590646,-0.060023196052598204,-0.2684028550805223,0.0,0.0,0.0,0.0
51664000000,3342,51664000000,map,0.34762178898075924,0.3487782584661312,0.12429647479991435,0.0,0.0,0.0,0.0
51666000000,3343,51666000000,map,-0.178839305302881,0.1643135878905999,0.3449200295189935,0.0,0.0,0.0,0.0
51668000000,3344,51668000000,map,0.10227666421372361,0.14015568759709696,-0.27395177833524,0.0,0.0,0.0,0.0
51670000000,3345,51670000000,map,-0.006151365721672297,0.2970671182557193,-0.2798013612307988,0.0,0.0,0.0,0.0
51672000000,3346,51672000000,map,0.16182132559585471,-0.24990282268765984,0.05756759857406263,0.0,0.0,0.0,0.0
51674000000,3347,51674000000,map,0.22164092447216,-0.36908335270802056,0.38544778322964357,0.0,0.0,0.0,0.0
51676000000,3348,51676000000,map,0.0158007551219434,-0.17125099098783458,-0.06031500987831423,0.0,0.0,0.0,0.0
51678000000,3349,51678000000,map,0.3841496098190039,0.11960064005621585,-0.38633468895977296,0.0,0.0,0.0,0.0
51680000000,3350,51680000000,map,0.19923679264263106,-0.21540612048440538,-0.24282941512293957,0.0,0.0,0.0,0.0
51682000000,3351,51682000000,map,0.32516240402039587,-0.2559706386098881,0.2943954402006169,0.0,0.0,0.0,0.0
51684000000,3352,51684000000,map,0.014533520221412854,0.3296534870246365,0.14329990436739437,0.0,0.0,0.0,0.0
51686000000,3353,51686000000,map,0.38356340410247447,0.09209120145410299,-0.13163979227231953,0.0,0.0,0.0,0.0
51688000000,3354,51688000000,map,0.2663699303420416,-0.3427074704652507,0.15555336840264844,0.0,0.0,0.0,0.0
51690000000,3355,51690000000,map,-0.21244718452549394,0.02774737992353743,-0.22634667019240018,0.0,0.0,0.0,0.0
51692000000,3356,51692000000,map,-0.13546895096835532,0.21756151426104875,0.044349749116487314,0.0,0.0,0.0,0.0
51694000000,3357,51694000000,map,0.18288196128259282,0.35665972733458207,0.3281434507355121,0.0,0.0,0.0,0.0
51696000000,3358,51696000000,map,-0.0805919849337714,0.2083184904866171,0.10641014337951438,0.0,0.0,0.0,0.0
51698000000,3359,51698000000,map,0.1864726978537108,0.3702823267095925,-0.28987586501357215,0.0,0.0,0.0,0.0
51700000000,3360,51700000000,map,-0.38669074552798677,-0.349419203106666,0.14699974004749872,0.0,0.0,0.0,0.0
51702000000,3361,51702000000,map,-0.15551005262431544,-0.15931168033799153,-0.23850172953836737,0.0,0.0,0.0,0.0
51704000000,3362,51704000000,map,-0.39029925250385494,0.21269145959506397,-0.167356588262829,0.0,0.0,0.0,0.0
51706000000,3363,51706000000,map,0.1704386425290927,-0.10276953810105666,-0.005912078819326871,0.0,0.0,0.0,0.0
51708000000,3364,51708000000,map,-0.21111868150244392,0.3144235307917661,-0.10472194322225109,0.0,0.0,0.0,0.0
51710000000,3365,51710000000,map,0.3372489769225594,-0.29308576633252714,0.218969016175234,0.0,0.0,0.0,0.0
51712000000,3366,51712000000,map,-0.02756400260913694,0.02453686553471296,-0.27883120382905413,0.0,0.0,0.0,0.0
51714000000,3367,51714000000,map,0.22452695463103078,-0.045879905131907595,0.27325244810428106,0.0,0.0,0.0,0.0
51717000000,3368,51716000000,map,-0.07065280360368276,0.13553776801640882,-0.23067359283025124,0.0,0.0,0.0,0.0
51718000000,3369,51718000000,map,-0.3425930263001688,0.3201060386660055,-0.06701052518604333,0.0,0.0,0.0,0.0
51720000000,3370,51720000000,map,-0.2900964050885561,0.28838721848320525,0.11080506225830722,0.0,0.0,0.0,0.0
51722000000,3371,51722000000,map,0.3700833379340902,0.3489588455706998,0.16598727894918153,0.0,0.0,0.0,0.0
51725000000,3372,51725000000,map,0.18225445965086817,-0.2412513687403343,0.31348615603250485,0.0,0.0,0.0,0.0
51727000000,3373,51726000000,map,-0.21012895332856985,-0.19084618180166313,-0.14762291725318394,0.0,0.0,0.0,0.0
51729000000,3374,51728000000,map,-0.02922071495351497,0.09183777146396982,-0.13635715751297867,0.0,0.0,0.0,0.0
51730000000,3375,51730000000,map,0.29425852243939576,0.13414074535991238,-0.30219665954243546,0.0,0.0,0.0,0.0
51733000000,3376,51732000000,map,-0.312572803358809,-0.13062064380085275,-0.33766532983121655,0.0,0.0,0.0,0.0
51734000000,3377,51734000000,map,0.18194492952306895,-0.10106498111916745,-0.09094040890933036,0.0,0.0,0.0,0.0
51736000000,3378,51736000000,map,-0.28820428650579727,0.3573414877163452,-0.17483607052779915,0.0,0.0,0.0,0.0
51738000000,3379,51738000000,map,0.13760724313026163,-0.24142526228637406,0.20777057640296392,0.0,0.0,0.0,0.0
51740000000,3380,51740000000,map,-0.06482091633975523,-0.0002981216784258556,-0.10172704966757684,0.0,0.0,0.0,0.0
51742000000,3381,51742000000,map,-0.15553929748169046,-0.03394044396763324,-0.12397868198652595,0.0,0.0,0.0,0.0
51744000000,3382,51744000000,map,0.11256208680591961,0.33811902577332675,-0.24652262810764103,0.0,0.0,0.0,0.0
51747000000,3383,51747000000,map,-0.12540419289486698,-0.2715478839668859,0.09282419893882399,0.0,0.0,0.0,0.0
51748000000,3384,51748000000,map,-0.38982687995144977,-0.13331846545085396,-0.22367281798948238,0.0,0.0,0.0,0.0
51751000000,3385,51751000000,map,0.13785428737492533,-0.31322320849118584,0.090004715269491,0.0,0.0,0.0,0.0
51752000000,3386,51752000000,map,-0.2296332038884386,0.31330116873053226,0.0032925656132672954,0.0,0.0,0.0,0.0
51754000000,3387,51754000000,map,0.30142011211878217,0.19015995911652783,-0.32255479796971986,0.0,0.0,0.0,0.0
51756000000,3388,51756000000,map,-0.2566003503490658,-0.013592454594427927,0.3839150171620962,0.0,0.0,0.0,0.0
51758000000,3389,51758000000,map,0.29820276974360027,-0.34387658148813705,0.14084681199539129,0.0,0.0,0.0,0.0
51760000000,3390,51760000000,map,0.36876335608952004,0.29473935652318417,-0.08874352568079547,0.0,0.0,0.0,0.0
51762000000,3391,51762000000,map,-0.0617023599059795,-0.21639456168850027,-0.059405127864882556,0.0,0.0,0.0,0.0
51764000000,3392,51764000000,map,-0.1424975381835652,0.1131109814802368,0.03154619433816308,0.0,0.0,0.0,0.0
51766000000,3393,51766000000,map,0.029666142433593834,0.16020237366607548,-0.15286109721703298,0.0,0.0,0.0,0.0
51768000000,3394,51768000000,map,-0.11110408334051702,-0.26243853345710705,0.07360099875179127,0.0,0.0,0.0,0.0
51770000000,3395,51770000000,map,-0.3425620297963668,-0.03972953583384031,0.057464197203944856,0.0,0.0,0.0,0.0
51772000000,3396,51772000000,map,-0.293751089913004,-0.07414962308933204,-0.19328350094979002,0.0,0.0,0.0,0.0
51774000000,3397,51774000000,map,-0.37831815633247756,-0.3120474709155215,0.09363170545427157,0.0,0.0,0.0,0.0
51776000000,3398,51776000000,map,-0.30438164960017927,0.1822408861102408,-0.3750565112861618,0.0,0.0,0.0,0.0
51778000000,3399,51778000000,map,-0.3415524707507262,0.10567990433990027,-0.15234263471277934,0.0,0.0,0.0,0.0
51780000000,3400,51780000000,map,0.24942439652128623,0.19484174257480347,-0.15357140945961884,0.0,0.0,0.0,0.0
51782000000,3401,51782000000,map,-0.39876060861328944,-0.10178622446393537,-0.3897424353041205,0.0,0.0,0.0,0.0
51784000000,3402,51784000000,map,0.3490184770461834,0.3694743978746702,-0.20217932860744842,0.0,0.0,0.0,0.0
51786000000,3403,51786000000,map,0.09476184735136961,0.033042807660127405,0.35146702095436655,0.0,0.0,0.0,0.0
51788000000,3404,51788000000,map,-0.09429642538765576,-0.1541304182478263,0.17371207200050365,0.0,0.0,0.0,0.0
51790000000,3405,51790000000,map,-0.25407802996627815,-0.009537677014987644,-0.398254180180467,0.0,0.0,0.0,0.0
51792000000,3406,51792000000,map,-0.22556516082308642,-0.14576513799084556,0.1595674534402549,0.0,0.0,0.0,0.0
51794000000,3407,51794000000,map,-0.35624544919659057,0.038738811622883396,0.26252048502276093,0.0,0.0,0.0,0.0
51796000000,3408,51796000000,map,0.19458656476413494,-0.08199134283269899,0.3718582005370489,0.0,0.0,0.0,0.0
51798000000,3409,51798000000,map,0.2728099270034111,-0.06074859698147367,-0.22835393729021636,0.0,0.0,0.0,0.0
51800000000,3410,51800000000,map,0.3609420023676062,-0.1465263974764872,-0.08806289164002434,0.0,0.0,0.0,0.0
51802000000,3411,51802000000,map,-0.13454043670508903,-0.26979168427813766,0.07576093939322998,0.0,0.0,0.0,0.0
51804000000,3412,51804000000,map,0.3564076517873155,-0.10512394405359288,-0.11391472479995135,0.0,0.0,0.0,0.0
51806000000,3413,51806000000,map,-0.28382949495791243,0.013990609612501814,-0.3798596226272453,0.0,0.0,0.0,0.0
51808000000,3414,51808000000,map,0.011391689189653775,-0.3127619763903564,-0.1890394619532775,0.0,0.0,0.0,0.0
51811000000,3415,51810000000,map,0.02655541007572315,0.217270868587926,0.024618979433244426,0.0,0.0,0.0,0.0
51812000000,3416,51812000000,map,-0.25815975757674625,-0.38937914705377835,0.1977036381801326,0.0,0.0,0.0,0.0
51815000000,3417,51815000000,map,-0.06344594281960081,-0.2109187702504628,0.2710779555016066,0.0,0.0,0.0,0.0
51817000000,3418,51817000000,map,0.24877429442168297,0.07372557724013057,-0.23181093266206393,0.0,0.0,0.0,0.0
51819000000,3419,51819000000,map,-0.3337944241854647,0.389648413406839,0.3055329229010274,0.0,0.0,0.0,0.0
51820000000,3420,51820000000,map,-0.05389042752332429,-0.14769189853289472,0.27306436218849106,0.0,0.0,0.0,0.0
51823000000,3421,51823000000,map,-0.23947788223609534,0.04733574835465448,0.2679974857638524,0.0,0.0,0.0,0.0
51825000000,3422,51824000000,map,0.39933013826215713,-0.2240140515374952,-0.13745247520898157,0.0,0.0,0.0,0.0
51827000000,3423,51827000000,map,-0.06920343170518434,-0.2268740568698784,0.25754723671834334,0.0,0.0,0.0,0.0
51828000000,3424,51828000000,map,0.26485773892612086,0.10289678847802108,0.395000022880137,0.0,0.0,0.0,0.0
51831000000,3425,51831000000,map,-0.27708974040836115,0.3114819313414878,-0.04089355669106737,0.0,0.0,0.0,0.0
51832000000,3426,51832000000,map,0.19888183932871173,-0.20836676770928053,0.08562650586094167,0.0,0.0,0.0,0.0
51834000000,3427,51834000000,map,-0.13726523804691565,0.027513932417176867,0.06899982773024782,0.0,0.0,0.0,0.0
51836000000,3428,51836000000,map,-0.10125743693583628,-0.2948237886789308,0.36684557986120925,0.0,0.0,0.0,0.0
51838000000,3429,51838000000,map,-0.3970134120321411,0.14311724260888448,0.02348324014901859,0.0,0.0,0.0,0.0
51840000000,3430,51840000000,map,-0.08430277316712298,0.3309722149004831,-0.14501797032501157,0.0,0.0,0.0,0.0
51842000000,3431,51842000000,map,0.21832936567321004,0.3004986328423509,0.3382856430311302,0.0,0.0,0.0,0.0
51845000000,3432,51845000000,map,-0.1224797708717631,-0.10525541102712888,-0.2742737664915525,0.0,0.0,0.0,0.0
51846000000,3433,51846000000,map,-0.36506161732679066,-0.3515534535635264,-0.14069213456726076,0.0,0.0,0.0,0.0
51849000000,3434,51848000000,map,0.26301828737054744,-0.2817272084639204,-0.3543412522510653,0.0,0.0,0.0,0.0
51850000000,3435,51850000000,map,-0.23730475604139978,0.18923509146163564,-0.3862429128659504,0.0,0.0,0.0,0.0
51852000000,3436,51852000000,map,0.3060648634000328,-0.3575476761009415,0.004771412471097025,0.0,0.0,0.0,0.0
51854000000,3437,51854000000,map,-0.2831586254926278,0.2893352139166,0.11431202105188165,0.0,0.0,0.0,0.0
51856000000,3438,51856000000,map,0.11537871736159588,0.3321536946280065,0.08115081884131337,0.0,0.0,0.0,0.0
51858000000,3439,51858000000,map,-0.003253692357404303,0.04563246202096316,0.06822458439313495,0.0,0.0,0.0,0.0
51860000000,3440,51860000000,map,-0.30641114128398655,0.21450449278711103,0.07204978743051776,0.0,0.0,0.0,0.0
51862000000,3441,51862000000,map,-0.19915925680858299,-0.13407829988392428,-0.16091179917568163,0.0,0.0,0.0,0.0
51864000000,3442,51864000000,map,-0.20917625672829618,-0.1946979579223966,-0.010987316674457959,0.0,0.0,0.0,0.0
51867000000,3443,51866000000,map,0.35757032613224005,-0.22968675465577004,0.19161870184679153,0.0,0.0,0.0,0.0
51868000000,3444,51868000000,map,0.1763114116595833,-0.18630995261346903,0.3406487814194582,0.0,0.0,0.0,0.0
51870000000,3445,51870000000,map,0.06075981446325107,0.35333379486345595,0.2794924881664982,0.0,0.0,0.0,0.0
51873000000,3446,51872000000,map,0.31418635767821035,0.19295649099648204,0.3975420332184113,0.0,0.0,0.0,0.0
51875000000,3447,51874000000,map,0.14336233996579884,-0.36294242265950627,-0.32739780136943974,0.0,0.0,0.0,0.0
51877000000,3448,51876000000,map,0.24195167805037976,-0.19064117269270944,-0.19653004302238328,0.0,0.0,0.0,0.0
51879000000,3449,51879000000,map,0.28491606460185015,-0.10170450040841578,-0.14903278665435743,0.0,0.0,0.0,0.0
51881000000,3450,51880000000,map,0.03911383480977254,-0.19154814652111038,0.2971040051886866,0.0,0.0,0.0,0.0
51882000000,3451,51882000000,map,0.24864985898935932,-0.3115821519510261,0.3619428617162509,0.0,0.0,0.0,0.0
51884000000,3452,51884000000,map,0.3087007589184111,0.07725446168781175,0.29056106552218963,0.0,0.0,0.0,0.0
51887000000,3453,51887000000,map,0.19351535227347605,-0.38127151223455646,-0.1366199984906013,0.0,0.0,0.0,0.0
51888000000,3454,51888000000,map,-0.10916456114782558,0.19974725491298706,0.3758583367311482,0.0,0.0,0.0,0.0
51891000000,3455,51891000000,map,-0.3064739122964525,-0.3731930107217247,-0.05503179907135841,0.0,0.0,0.0,0.0
51893000000,3456,51893000000,map,0.3437510526503711,0.19319816398058864,0.2805269139859602,0.0,0.0,0.0,0.0
51895000000,3457,51895000000,map,-0.26204773369353873,-0.14797268715349404,0.19511523193569835,0.0,0.0,0.0,0.0
51897000000,3458,51897000000,map,-0.23568735321396894,-0.007517066285265883,-0.12125469254078186,0.0,0.0,0.0,0.0
51899000000,3459,51899000000,map,0.2796649859423246,-0.3680275046269037,0.2447345989205444,0.0,0.0,0.0,0.0
51901000000,3460,51900000000,map,-0.3985184884788076,0.24240036909018392,0.2925963309712284,0.0,0.0,0.0,0.0
51903000000,3461,51903000000,map,0.021841775121108686,0.2803228760134724,0.2862551161975396,0.0,0.0,0.0,0.0
51905000000,3462,51905000000,map,-0.35132398614645377,-0.3520087530526962,-0.18942108712741637,0.0,0.0,0.0,0.0
51907000000,3463,51907000000,map,0.08368525752115169,0.21995775323798983,0.28151712018935937,0.0,0.0,0.0,0.0
51908000000,3464,51908000000,map,-0.2971927630177881,0.28765951166108583,0.3367616883538762,0.0,0.0,0.0,0.0
51911000000,3465,51911000000,map,-0.3588642513421451,0.3525171573375323,-0.1527439897788622,0.0,0.0,0.0,0.0
51913000000,3466,51912000000,map,-0.3308761372026964,0.3903265118621274,0.3105591887368444,0.0,0.0,0.0,0.0
51915000000,3467,51914000000,map,-0.30556813783618253,-0.025565237353401937,-0.2761805092760282,0.0,0.0,0.0,0.0
51916000000,3468,51916000000,map,0.35658588168383876,0.18052311709788582,-0.232716322858757,0.0,0.0,0.0,0.0
51919000000,3469,51919000000,map,0.2650522672805088,-0.06892805164338917,0.009455219506783297,0.0,0.0,0.0,0.0
51920000000,3470,51920000000,map,-0.049951664053559885,-0.31353505517957314,0.3762929186558365,0.0,0.0,0.0,0.0
51922000000,3471,51922000000,map,0.38391528381690543,-0.28775900555271583,0.29417230424955665,0.0,0.0,0.0,0.0
51925000000,3472,51924000000,map,-0.19509730724057528,-0.16421584720208127,0.38160499742599463,0.0,0.0,0.0,0.0
51927000000,3473,51927000000,map,0.3290079283103551,-0.35072077966991627,-0.31625553419030283,0.0,0.0,0.0,0.0
51929000000,3474,51928000000,map,-0.23680435239141714,-0.3310001316216004,0.1209869897834821,0.0,0.0,0.0,0.0
51931000000,3475,51930000000,map,-0.2169694850734789,-0.1172528944468666,0.2433598572621677,0.0,0.0,0.0,0.0
51933000000,3476,51932000000,map,0.223487961755496,-0.2610534493400841,-0.004378726920227449,0.0,0.0,0.0,0.0
51935000000,3477,51934000000,map,-0.25426316958163353,-0.38275369068222576,-0.250088868383602,0.0,0.0,0.0,0.0
51936000000,3478,51936000000,map,0.37119136443546397,-0.00444241974499987,0.3825827768230775,0.0,0.0,0.0,0.0
51939000000,3479,51939000000,map,0.2181263555136198,0.0831766988695608,-0.1284411221281307,0.0,0.0,0.0,0.0
51940000000,3480,51940000000,map,0.03307325637019315,0.23739799520978444,0.0793605878960082,0.0,0.0,0.0,0.0
51943000000,3481,51943000000,map,0.3367341087383612,0.2560592591787113,-0.01235388025482037,0.0,0.0,0.0,0.0
51945000000,3482,51945000000,map,0.27442263505357556,0.3737301751826658,0.34166917617724557,0.0,0.0,0.0,0.0
51947000000,3483,51946000000,map,0.07528719354926344,0.3828855196364276,0.18018875106441323,0.0,0.0,0.0,0.0
51949000000,3484,51948000000,map,-0.20792024809324255,0.3988151668721066,0.0231957876349832,0.0,0.0,0.0,0.0
51951000000,3485,51951000000,map,0.026565459210855846,0.04443291014898493,0.33987756342455766,0.0,0.0,0.0,0.0
51953000000,3486,51953000000,map,0.2915955459147578,0.015799690426465507,0.32050994643689823,0.0,0.0,0.0,0.0
51955000000,3487,51955000000,map,0.14003620988881726,-0.08887092502098659,-0.1359498923375715,0.0,0.0,0.0,0.0
51957000000,3488,51957000000,map,-0.057917271256931524,0.30721826582191614,-0.05405389243018732,0.0,0.0,0.0,0.0
51959000000,3489,51959000000,map,-0.32597494971714447,-0.2990629457105339,0.14331224197673065,0.0,0.0,0.0,0.0
51961000000,3490,51961000000,map,0.35716824573647077,0.38585756121800185,0.24735594823561635,0.0,0.0,0.0,0.0
51963000000,3491,51963000000,map,0.04443436576541926,-0.30173767682670727,0.33350734926250925,0.0,0.0,0.0,0.0
51965000000,3492,51965000000,map,0.10709193143193774,-0.39206551707538445,-0.297431371321133,0.0,0.0,0.0,0.0
51967000000,3493,51967000000,map,-0.08196991199287196,0.043579953674892036,-0.33846246537593405,0.0,0.0,0.0,0.0
51969000000,3494,51969000000,map,-0.24397159049648554,0.277170571584873,0.2900618442028492,0.0,0.0,0.0,0.0
51971000000,3495,51970000000,map,-0.27791540794405706,0.20653352280031978,-0.3563270984251022,0.0,0.0,0.0,0.0
51972000000,3496,51972000000,map,-0.0034098581171521647,-0.09519792909813152,-0.18649674782434064,0.0,0.0,0.0,0.0
51975000000,3497,51975000000,map,0.07430000833742267,0.37729279037124375,0.3010116505187772,0.0,0.0,0.0,0.0
51976000000,3498,51976000000,map,-0.2406029818538794,0.3052607801945325,0.26096659402916134,0.0,0.0,0.0,0.0
51979000000,3499,51979000000,map,0.10841249974111622,-0.21141261772922376,0.37782510262215663,0.0,0.0,0.0,0.0
51981000000,3500,51981000000,map,0.22813578266325352,-0.06121092109777321,0.027111200502492494,0.0,0.0,0.0,0.0
51982000000,3501,51982000000,map,0.31755541410956734,0.3754464119989168,-0.12785188189245916,0.0,0.0,0.0,0.0
51985000000,3502,51985000000,map,-0.12825870115603671,-0.38870056118476165,0.3112565420023302,0.0,0.0,0.0,0.0
51987000000,3503,51987000000,map,-0.2911625246268508,0.2725748852593154,0.1355556073760591,0.0,0.0,0.0,0.0
51989000000,3504,51988000000,map,-0.1552827048422683,-0.18805213661614242,-0.07286370988370333,0.0,0.0,0.0,0.0
51991000000,3505,51991000000,map,0.30340253933341443,-0.2757745428038758,-0.2106223453615295,0.0,0.0,0.0,0.0
51993000000,3506,51993000000,map,0.0280817369095141,-0.29903820523095753,0.12069465869611495,0.0,0.0,0.0,0.0
51995000000,3507,51995000000,map,-0.22259310219772455,0.38238655256999865,0.0035803257220543006,0.0,0.0,0.0,0.0
51997000000,3508,51997000000,map,-0.049182040202979616,0.06324457369742492,-0.24006763604370357,0.0,0.0,0.0,0.0
51999000000,3509,51999000000,map,-0.017786376218679345,-0.39450211812224656,0.2427924606806754,0.0,0.0,0.0,0.0
52001000000,3510,52001000000,map,0.1460524441584219,0.3171043238205479,-0.01632456809850552,0.0,0.0,0.0,0.0
52003000000,3511,52002000000,map,0.17018819411508934,0.08949297497315312,0.22290629411914653,0.0,0.0,0.0,0.0
52004000000,3512,52004000000,map,0.09080170746856614,-0.3501349530966662,-0.10289771686716137,0.0,0.0,0.0,0.0
52006000000,3513,52006000000,map,-0.12111014615181509,0.34975907981374765,0.3000316746304176,0.0,0.0,0.0,0.0
52008000000,3514,52008000000,map,0.17152849406935577,0.06681193311062505,-0.23535382504367114,0.0,0.0,0.0,0.0
52010000000,3515,52010000000,map,-0.34648201954824254,0.1746116042324063,-0.2515730746083577,0.0,0.0,0.0,0.0
52012000000,3516,52012000000,map,0.2600507054091099,0.3238894695609392,0.1505917872004674,0.0,0.0,0.0,0.0
52014000000,3517,52014000000,map,-0.05828291004681008,0.3140165147981989,-0.032527846215747225,0.0,0.0,0.0,0.0
52016000000,3518,52016000000,map,0.19651294132409103,-0.2258526131591632,-0.19911253016893127,0.0,0.0,0.0,0.0
52018000000,3519,52018000000,map,0.06804697033849855,0.11742662099097267,0.22750557411977113,0.0,0.0,0.0,0.0
52020000000,3520,52020000000,map,0.22501894120621657,0.3091761750334958,0.3063630017093736,0.0,0.0,0.0,0.0
52023000000,3521,52022000000,map,-0.029710601881842713,0.0505010104978581,0.0288168384186952,0.0,0.0,0.0,0.0
52025000000,3522,52025000000,map,-0.1788497258849054,0.19074092862504632,-0.17207935421367793,0.0,0.0,0.0,0.0
52027000000,3523,52027000000,map,0.18102401329818774,-0.037546400106399536,0.0763971870019784,0.0,0.0,0.0,0.0
52029000000,3524,52029000000,map,-0.31807945843836205,0.243173920342158,-0.15005089661647975,0.0,0.0,0.0,0.0
52031000000,3525,52031000000,map,0.10389190619281075,-0.18570782887696288,0.00031007342707178864,0.0,0.0,0.0,0.0
52033000000,3526,52033000000,map,0.0674682786292008,-0.34448916313869254,0.34608289246963797,0.0,0.0,0.0,0.0
52035000000,3527,52035000000,map,-0.3113718197127478,-0.16977671514299983,0.25767886536142526,0.0,0.0,0.0,0.0
52037000000,3528,52037000000,map,0.013758065315771062,0.3779797760100422,-0.11528262870887696,0.0,0.0,0.0,0.0
52039000000,3529,52038000000,map,-0.22759184403951777,-0.27832776209411714,0.23069317749515628,0.0,0.0,0.0,0.0
52041000000,3530,52041000000,map,-0.1169443909302818,-0.1321690243409936,0.2083690906078839,0.0,0.0,0.0,0.0
52043000000,3531,52043000000,map,0.36746176601360603,0.08901972599968777,0.114886057856743,0.0,0.0,0.0,0.0
52045000000,3532,52045000000,map,0.21336192743878335,-0.12847270082773815,-5.368574346709121e-05,0.0,0.0,0.0,0.0
52047000000,3533,52047000000,map,-0.269334524420595,0.281088995716822,0.02228949645950873,0.0,0.0,0.0,0.0
52049000000,3534,52048000000,map,-0.18102116269328927,0.2381800639906232,-0.34049161574697046,0.0,0.0,0.0,0.0
52050000000,3535,52050000000,map,-0.14051286408910357,-0.37272050842467813,-0.04505762555567833,0.0,0.0,0.0,0.0
52052000000,3536,52052000000,map,-0.05263236438682528,-0.130396482058521,0.18539685315573418,0.0,0.0,0.0,0.0
52055000000,3537,52055000000,map,0.05908463148583437,0.024651469845339058,-0.12629997724288228,0.0,0.0,0.0,0.0
52056000000,3538,52056000000,map,0.17873258609073694,-0.39838721516561476,-0.26577781894608027,0.0,0.0,0.0,0.0
52058000000,3539,52058000000,map,0.0456494720771321,-0.35288039279216227,0.09932456875456586,0.0,0.0,0.0,0.0
52060000000,3540,52060000000,map,-0.3687115365268573,0.39651217830259566,-0.07015728222917783,0.0,0.0,0.0,0.0
52062000000,3541,52062000000,map,-0.12630004093243724,0.20925286838894253,-0.18607972136884154,0.0,0.0,0.0,0.0
52064000000,3542,52064000000,map,-0.06066979052065502,0.03633869424864533,0.38074552320358357,0.0,0.0,0.0,0.0
52066000000,3543,52066000000,map,0.34548329832130975,0.3005057708943297,0.06906927232363252,0.0,0.0,0.0,0.0
52068000000,3544,52068000000,map,-0.22343964702604527,0.10300154503409864,-0.3932530775614887,0.0,0.0,0.0,0.0
52071000000,3545,52070000000,map,0.10069811643586202,0.12599649333794116,-0.07911202542176388,0.0,0.0,0.0,0.0
52072000000,3546,52072000000,map,-0.18825400305528267,0.20975692594755824,0.3484655079784593,0.0,0.0,0.0,0.0
52075000000,3547,52075000000,map,-0.34896091253120165,0.048300278399272034,0.33055045047370324,0.0,0.0,0.0,0.0
52077000000,3548,52076000000,map,0.3557613381170235,-0.3092867262587912,-0.01785342830805836,0.0,0.0,0.0,0.0
52079000000,3549,52079000000,map,-0.138527493007837,-0.11425410550161769,-0.2819581407520685,0.0,0.0,0.0,0.0
52080000000,3550,52080000000,map,-0.04243973071725893,0.2318911462010499,0.042900456899909734,0.0,0.0,0.0,0.0
52083000000,3551,52083000000,map,0.17512746710061733,-0.09874267316924684,-0.2809002399223712,0.0,0.0,0.0,0.0
52085000000,3552,52084000000,map,-0.08440281132229399,-0.21973906710921867,0.3027607646315855,0.0,0.0,0.0,0.0
52087000000,3553,52087000000,map,0.3319126156829435,0.2818070348533255,0.31552609360840056,0.0,0.0,0.0,0.0
52089000000,3554,52089000000,map,-0.01745966917888231,-0.2674259313742281,0.3540012104751823,0.0,0.0,0.0,0.0
52092000000,3555,52092000000,map,-0.2169125800867569,-0.3190013307660534,0.11891810099930922,0.0,0.0,0.0,0.0
52095000000,3556,52095000000,map,-0.29725557922749823,0.2878880495806245,-0.1955533349238206,0.0,0.0,0.0,0.0
52096000000,3557,52096000000,map,-0.27471312564683525,-0.30927230698050573,-0.32242061350584317,0.0,0.0,0.0,0.0
52098000000,3558,52098000000,map,-0.19051260154803412,0.19742209948296718,0.21559755872484754,0.0,0.0,0.0,0.0
52099000000,3559,52099000000,map,0.03027690503833319,0.178603740078789,-0.2707474053361366,0.0,0.0,0.0,0.0
52100000000,3560,52100000000,map,-0.11991506163886628,-0.3457853364563483,-0.3983011415941025,0.0,0.0,0.0,0.0
52103000000,3561,52103000000,map,0.22646644094462165,0.1939375884183685,-0.18519096893308246,0.0,0.0,0.0,0.0
52105000000,3562,52105000000,map,-0.33112255446629024,-0.03710719992455941,0.054325147739440194,0.0,0.0,0.0,0.0
52107000000,3563,52107000000,map,-0.33630094507898495,-0.17640608970464133,0.38901764348673173,0.0,0.0,0.0,0.0
52109000000,3564,52109000000,map,-0.21067982244396136,0.34878876056252095,-0.3904717048608158,0.0,0.0,0.0,0.0
52111000000,3565,52111000000,map,0.32504894766337833,0.13338997304075528,0.22302891867254881,0.0,0.0,0.0,0.0
52113000000,3566,52113000000,map,0.2101858295044423,0.2683853431351574,0.15192727922570604,0.0,0.0,0.0,0.0
52115000000,3567,52115000000,map,-0.05619497984627991,0.15700236177332738,-0.3641894558632482,0.0,0.0,0.0,0.0
52118000000,3568,52118000000,map,-0.2688625956416101,-0.24987824620860108,-0.0953044892801288,0.0,0.0,0.0,0.0
52119000000,3569,52119000000,map,-0.17032311658150667,0.22560387800583537,0.0029000191957930244,0.0,0.0,0.0,0.0
52122000000,3570,52122000000,map,-0.2224450297700838,-0.25043475914413854,0.258304222246738,0.0,0.0,0.0,0.0
52124000000,3571,52124000000,map,0.010891106032540343,0.16870948942385078,-0.23384225966420316,0.0,0.0,0.0,0.0
52126000000,3572,52126000000,map,-0.30334710588310815,-0.20925714232015594,-0.38247369613523186,0.0,0.0,0.0,0.0
52128000000,3573,52128000000,map,0.21052588990013943,-0.16319746984926706,0.3640386098670785,0.0,0.0,0.0,0.0
52130000000,3574,52130000000,map,-0.07463631005437882,-0.2930653895902761,0.14230644683377847,0.0,0.0,0.0,0.0
52132000000,3575,52131000000,map,0.07131044670348763,0.38177589131633527,-0.23306846300905673,0.0,0.0,0.0,0.0
52133000000,3576,52133000000,map,0.36336049642609447,-0.18933291899858373,0.3248391550799291,0.0,0.0,0.0,0.0
52135000000,3577,52135000000,map,0.15164279165829364,0.20317546817949284,-0.18113705509461592,0.0,0.0,0.0,0.0
52137000000,3578,52137000000,map,-0.22100733314853702,0.18319671552601968,-0.34516681642910474,0.0,0.0,0.0,0.0
52139000000,3579,52139000000,map,0.20174197660748994,0.07766241362314563,0.325296084845493,0.0,0.0,0.0,0.0
52141000000,3580,52141000000,map,0.1499733855935106,0.15175194370474931,0.10708467065299176,0.0,0.0,0.0,0.0
52142000000,3581,52142000000,map,-0.10632042298476224,0.2519847991054598,0.341912654428952,0.0,0.0,0.0,0.0
52144000000,3582,52144000000,map,0.3074390105567236,0.2619291366730121,-0.3081962898940045,0.0,0.0,0.0,0.0
52146000000,3583,52146000000,map,-0.1945484410117088,-0.18732709785149596,-0.03734120784466105,0.0,0.0,0.0,0.0
52148000000,3584,52148000000,map,-0.3934948218966877,0.041360648267321054,-0.13852195394594785,0.0,0.0,0.0,0.0
52150000000,3585,52150000000,map,0.17236599289681265,0.1443121032143504,0.35766308487106657,0.0,0.0,0.0,0.0
52152000000,3586,52152000000,map,-0.39839986790156107,0.2493936545617118,0.23859771820367626,0.0,0.0,0.0,0.0
52155000000,3587,52154000000,map,-0.21300431074605197,-0.3301429301110144,0.3060151818683041,0.0,0.0,0.0,0.0
52156000000,3588,52156000000,map,-0.22135174741304567,-0.3153148283508992,-0.07949860617568127,0.0,0.0,0.0,0.0
52158000000,3589,52158000000,map,-0.09213553313452028,-0.18621376269525808,-0.04458354662890829,0.0,0.0,0.0,0.0
52161000000,3590,52160000000,map,-0.13249881086138232,0.1589693697657284,0.1877709749152341,0.0,0.0,0.0,0.0
52162000000,3591,52162000000,map,0.24494334274324614,0.02003839016858039,-0.14662556902023044,0.0,0.0,0.0,0.0
52164000000,3592,52164000000,map,-0.37479537549554776,0.2618505814994764,-0.3712933343569603,0.0,0.0,0.0,0.0
52167000000,3593,52167000000,map,0.1261999193084299,0.20846441172034047,-0.15866545271451915,0.0,0.0,0.0,0.0
52169000000,3594,52168000000,map,-0.30588025958754467,0.1509300657011038,0.19573649818959615,0.0,0.0,0.0,0.0
52171000000,3595,52170000000,map,-0.014529212252179513,0.04896058547157328,0.21074057141055957,0.0,0.0,0.0,0.0
52172000000,3596,52172000000,map,0.3706066236489576,0.2136386331100827,-0.03218498986125551,0.0,0.0,0.0,0.0
52174000000,3597,52174000000,map,0.24960286171285784,0.33831388413902397,0.2101112652099184,0.0,0.0,0.0,0.0
52177000000,3598,52177000000,map,0.023665287079400188,-0.005541910766651559,0.17755106603831927,0.0,0.0,0.0,0.0
52179000000,3599,52178000000,map,-0.1275962180042503,0.07594393665154203,0.18386822884651488,0.0,0.0,0.0,0.0
52181000000,3600,52181000000,map,0.30931194931681816,0.29590388549844815,-0.16085919523620623,0.0,0.0,0.0,0.0
52183000000,3601,52182000000,map,-0.37348782020559884,-0.21091418304371096,-0.09229146469782656,0.0,0.0,0.0,0.0
52185000000,3602,52185000000,map,-0.0845125603608427,0.144731055745295,-0.2869670818789113,0.0,0.0,0.0,0.0
52186000000,3603,52186000000,map,0.30515283374898095,0.2670722526469328,0.2289575095894264,0.0,0.0,0.0,0.0
52188000000,3604,52188000000,map,-0.12029641438570571,0.34097465427187534,-0.3999064031982957,0.0,0.0,0.0,0.0
52191000000,3605,52190000000,map,0.13276152122306706,0.1456137118436981,0.2587776627440419,0.0,0.0,0.0,0.0
52192000000,3606,52192000000,map,0.3099131702162876,0.06999921704086243,-0.22631501912631313,0.0,0.0,0.0,0.0
52194000000,3607,52194000000,map,-0.03250030547767935,0.02957995212051634,0.12912881294858936,0.0,0.0,0.0,0.0
52196000000,3608,52196000000,map,0.36236140946857065,-0.03737087858911475,0.2696634742032461,0.0,0.0,0.0,0.0
52198000000,3609,52198000000,map,-0.06490711863946691,-0.13738261402782176,0.17693374598169753,0.0,0.0,0.0,0.0
52200000000,3610,52200000000,map,-0.2419332987054192,0.13946869771883685,0.0668228874822524,0.0,0.0,0.0,0.0
52202000000,3611,52202000000,map,0.021889493669282778,0.38417995849456466,0.2172592184961205,0.0,0.0,0.0,0.0
52204000000,3612,52204000000,map,-0.06734163588839431,0.07633290551830224,0.3821326674434701,0.0,0.0,0.0,0.0
52206000000,3613,52206000000,map,0.28914820773446104,-0.3751702647406029,-0.20296235758495557,0.0,0.0,0.0,0.0
52208000000,3614,52208000000,map,0.20206322756129913,0.31778546730304147,-0.38695123136133897,0.0,0.0,0.0,0.0
52210000000,3615,52210000000,map,-0.028844587680118494,-0.12669696063226343,-0.0944482594521261,0.0,0.0,0.0,0.0
52212000000,3616,52212000000,map,0.09020226370476464,-0.016520963200818417,-0.15076045497545987,0.0,0.0,0.0,0.0
52214000000,3617,52214000000,map,-0.3843620773278301,-0.19679461690868144,0.24029082523374823,0.0,0.0,0.0,0.0
52216000000,3618,52216000000,map,0.18323521934970888,0.07288899152035516,0.3891343372166852,0.0,0.0,0.0,0.0
52218000000,3619,52218000000,map,-0.2474254744571774,0.17407422359156333,-0.11910719525024926,0.0,0.0,0.0,0.0
52220000000,3620,52220000000,map,0.16794646515261924,-0.012143657149712939,0.2412794295270959,0.0,0.0,0.0,0.0
52222000000,3621,52222000000,map,0.05790380729553535,-0.20441256099472924,0.15081850835349708,0.0,0.0,0.0,0.0
52224000000,3622,52224000000,map,-0.2880551262792744,0.3088278828558847,0.07415018591791095,0.0,0.0,0.0,0.0
52227000000,3623,52226000000,map,-0.24629808331257058,-0.15881803693282756,0.22154943348267253,0.0,0.0,0.0,0.0
52229000000,3624,52228000000,map,0.2577253534536724,-0.03965686788491618,-0.17620306773307273,0.0,0.0,0.0,0.0
52231000000,3625,52230000000,map,0.07420739411626764,-0.22394646402462995,0.3341993057255799,0.0,0.0,0.0,0.0
52233000000,3626,52232000000,map,-0.08578975082248902,0.2671863004383741,-0.006147119130232914,0.0,0.0,0.0,0.0
52234000000,3627,52234000000,map,-0.30144390372564667,-0.2975652476994117,0.0877638486918162,0.0,0.0,0.0,0.0
52236000000,3628,52236000000,map,0.2849182338714151,-0.3304284297115885,0.21939023245196343,0.0,0.0,0.0,0.0
52238000000,3629,52238000000,map,-0.3068398196373159,-0.046922630394918285,-0.3760593814472169,0.0,0.0,0.0,0.0
52240000000,3630,52240000000,map,0.27361605597296246,0.26228623889587455,-0.18886180753973028,0.0,0.0,0.0,0.0
52242000000,3631,52242000000,map,0.186322551874757,-0.09010412785131816,-0.04295593760588201,0.0,0.0,0.0,0.0
52244000000,3632,52244000000,map,-0.058444308426431335,-0.20766475268216544,-0.16865903869466023,0.0,0.0,0.0,0.0
52246000000,3633,52246000000,map,0.0673051762752982,0.11947396534597565,-0.2041081587277369,0.0,0.0,0.0,0.0
52248000000,3634,52248000000,map,-0.1834947260738311,-0.14743842302922966,-0.38467493846103096,0.0,0.0,0.0,0.0
52250000000,3635,52250000000,map,0.18636488831648879,-0.21146412997530084,0.33086559914412417,0.0,0.0,0.0,0.0
52252000000,3636,52252000000,map,0.3807216938779254,-0.300640018835039,0.23862951545668343,0.0,0.0,0.0,0.0
52254000000,3637,52254000000,map,-0.1908210848576399,0.17369614021974455,0.37659151838248595,0.0,0.0,0.0,0.0
52256000000,3638,52256000000,map,0.12588911943197645,0.3857772221553243,0.258616947769973,0.0,0.0,0.0,0.0
52258000000,3639,52258000000,map,0.10306129358045046,0.003763984420534716,-0.21177293450320345,0.0,0.0,0.0,0.0
52260000000,3640,52260000000,map,0.1521243306939727,-0.3351653341558383,-0.2631900078514006,0.0,0.0,0.0,0.0
52262000000,3641,52262000000,map,-0.24183270689550446,-0.26349119203310756,-0.2413451609076901,0.0,0.0,0.0,0.0
52264000000,3642,52264000000,map,0.18057004817216415,0.37107470114925256,0.2523531868254101,0.0,0.0,0.0,0.0
52266000000,3643,52266000000,map,-0.31290444391140315,-0.22528480688631156,-0.05059253001844677,0.0,0.0,0.0,0.0
52268000000,3644,52268000000,map,-0.10903250857490304,0.29317278912489375,0.021474308447724133,0.0,0.0,0.0,0.0
52270000000,3645,52270000000,map,0.2563591475832091,0.3217725852649438,0.19154145540140277,0.0,0.0,0.0,0.0
52272000000,3646,52272000000,map,-0.27407879758808923,-0.08661381550795771,0.2552266819361443,0.0,0.0,0.0,0.0
52274000000,3647,52274000000,map,0.07851725024650824,-0.21604525743538616,-0.2502662414282376,0.0,0.0,0.0,0.0
52276000000,3648,52276000000,map,0.29145533629559817,-0.3962887393532537,-0.2702238983774864,0.0,0.0,0.0,0.0
52278000000,3649,52278000000,map,-0.27176778740148755,0.24663415844121495,-0.3623534186002532,0.0,0.0,0.0,0.0
52280000000,3650,52280000000,map,0.2903470109913424,0.3563243938039763,-0.10056545273622641,0.0,0.0,0.0,0.0
52282000000,3651,52282000000,map,0.3074314555847425,0.04628151510718537,-0.3399098395780592,0.0,0.0,0.0,0.0
52284000000,3652,52284000000,map,-0.18496898264716366,0.16490696098818636,0.16372423741849373,0.0,0.0,0.0,0.0
52287000000,3653,52286000000,map,0.24220449159177104,0.20040438239034708,-0.2322561610109771,0.0,0.0,0.0,0.0
52288000000,3654,52288000000,map,0.14929239796609894,0.15801608571547532,0.1933855187520137,0.0,0.0,0.0,0.0
52291000000,3655,52291000000,map,-0.31808324499304663,-0.2812276806947983,0.04763718484552443,0.0,0.0,0.0,0.0
52292000000,3656,52292000000,map,-0.15331929155324486,-0.2499381840919677,0.047895026075020386,0.0,0.0,0.0,0.0
52295000000,3657,52294000000,map,-0.13149473624202485,0.26126046116624,0.059551394303748784,0.0,0.0,0.0,0.0
52297000000,3658,52297000000,map,0.10779924485691228,0.3729965098225686,0.04340452767895969,0.0,0.0,0.0,0.0
52298000000,3659,52298000000,map,-0.027585463237249086,0.3233691166278513,-0.013332934975179067,0.0,0.0,0.0,0.0
52301000000,3660,52301000000,map,0.008382675069316559,-0.24558853846021153,0.25466616538582176,0.0,0.0,0.0,0.0
52302000000,3661,52302000000,map,-0.23105264247452714,-0.05842962460389001,-0.34452809831601994,0.0,0.0,0.0,0.0
52305000000,3662,52305000000,map,0.010980672476818498,-0.17018120870692188,-0.38355629898294746,0.0,0.0,0.0,0.0
52307000000,3663,52306000000,map,0.07139361097088148,-0.010527206879509365,0.10285329812090882,0.0,0.0,0.0,0.0
52309000000,3664,52309000000,map,0.2814174866987925,-0.3960770133533541,0.13363515232174028,0.0,0.0,0.0,0.0
52311000000,3665,52311000000,map,-0.37692141276845037,0.25670938434268264,0.377695095805493,0.0,0.0,0.0,0.0
52313000000,3666,52313000000,map,0.24257031559789677,-0.044803861586505955,0.03724431713644749,0.0,0.0,0.0,0.0
52315000000,3667,52315000000,map,-0.36876881796490807,0.1689543473126316,0.2843288635420772,0.0,0.0,0.0,0.0
52316000000,3668,52316000000,map,-0.07538817312151058,0.28959450289707545,-0.10105397957891293,0.0,0.0,0.0,0.0
52318000000,3669,52318000000,map,0.03489540211280584,0.3594859148284969,-0.10594503216472545,0.0,0.0,0.0,0.0
52320000000,3670,52320000000,map,-0.23423967997435047,-0.10935408821966486,-0.3780944106205001,0.0,0.0,0.0,0.0
52322000000,3671,52322000000,map,-0.016677278730292677,0.23851807158152527,0.2728355114799036,0.0,0.0,0.0,0.0
52324000000,3672,52324000000,map,-0.05969609193532427,0.05368829881745257,-0.27995389295756595,0.0,0.0,0.0,0.0
52326000000,3673,52326000000,map,-0.18427276632097028,0.26353533422316766,0.25999771138634475,0.0,0.0,0.0,0.0
52328000000,3674,52328000000,map,0.18985132983094244,0.2845383808877813,0.022412523873860224,0.0,0.0,0.0,0.0
52330000000,3675,52330000000,map,0.1302810737998994,-0.16426978840291026,0.3121634141626851,0.0,0.0,0.0,0.0
52332000000,3676,52332000000,map,-0.35848297326361855,-0.3791707248322074,-0.2161052981018916,0.0,0.0,0.0,0.0
52334000000,3677,52334000000,map,-0.10478239467838851,-0.18561005561704116,-0.06539553522635744,0.0,0.0,0.0,0.0
52336000000,3678,52336000000,map,-0.312522419085276,-0.08766679452120324,-0.2222571436125265,0.0,0.0,0.0,0.0
52339000000,3679,52338000000,map,-0.3114128850491786,0.04190517861380938,0.09234734160391145,0.0,0.0,0.0,0.0
52341000000,3680,52340000000,map,0.28938502634341456,0.18842886615291932,-0.00842097130822611,0.0,0.0,0.0,0.0
52342000000,3681,52342000000,map,-0.12464377692682249,-0.14319519472127146,0.08372961859757788,0.0,0.0,0.0,0.0
52345000000,3682,52344000000,map,-0.05721522915483063,0.08465124563173126,0.23659690469902006,0.0,0.0,0.0,0.0
52346000000,3683,52346000000,map,-0.005094174441884536,-0.17109972460678102,-0.04772849800426565,0.0,0.0,0.0,0.0
52348000000,3684,52348000000,map,0.14972623564465637,0.2609356131065046,-0.2546492786805208,0.0,0.0,0.0,0.0
52351000000,3685,52350000000,map,-0.2528444995922855,0.3856273668033935,0.35314059169673173,0.0,0.0,0.0,0.0
52353000000,3686,52353000000,map,-0.21683695468307473,0.366707274848478,-0.2952576260476579,0.0,0.0,0.0,0.0
52355000000,3687,52355000000,map,0.2509509836024937,-0.03510672873908349,-0.025301869154401413,0.0,0.0,0.0,0.0
52357000000,3688,52357000000,map,0.10025646551762835,-0.2552954702554904,0.3723729310132695,0.0,0.0,0.0,0.0
52359000000,3689,52359000000,map,0.046886884441442234,-0.1021100366253675,-0.39752788662939414,0.0,0.0,0.0,0.0
52361000000,3690,52361000000,map,0.005209495845193923,0.3271298317504667,-0.36564663929522145,0.0,0.0,0.0,0.0
52363000000,3691,52362000000,map,0.16693025714453813,0.10930743110910401,0.27182977042285306,0.0,0.0,0.0,0.0
52365000000,3692,52365000000,map,-0.3042547356796314,0.36074361128293675,0.27463367305725317,0.0,0.0,0.0,0.0
52366000000,3693,52366000000,map,-0.14785284351877714,0.2854082463934241,-0.3237702004365273,0.0,0.0,0.0,0.0
52368000000,3694,52368000000,map,-0.2829418055091151,-0.377281516715269,0.37798424687638255,0.0,0.0,0.0,0.0
52371000000,3695,52370000000,map,-0.3991092312502065,0.22055819314903313,-0.3189074602331729,0.0,0.0,0.0,0.0
52373000000,3696,52372000000,map,0.20036756059109917,0.2518919900258355,0.09449952589683452,0.0,0.0,0.0,0.0
52374000000,3697,52374000000,map,0.1957378011972456,0.15698058978792717,-0.1357720460379609,0.0,0.0,0.0,0.0
52376000000,3698,52376000000,map,0.12165472523032594,-0.07934534542646249,0.16931931139392664,0.0,0.0,0.0,0.0
52379000000,3699,52379000000,map,-0.15816902339361458,0.32671199943177676,-0.32435533472132005,0.0,0.0,0.0,0.0
52381000000,3700,52381000000,map,0.18539140652802988,-0.16537288001578593,-0.09294231309326201,0.0,0.0,0.0,0.0
52382000000,3701,52382000000,map,0.24212339578324915,0.04125755046296903,-0.03954176333199205,0.0,0.0,0.0,0.0
52384000000,3702,52384000000,map,0.38134284094203375,-0.14534829301225521,-0.19372686012691887,0.0,0.0,0.0,0.0
52387000000,3703,52386000000,map,0.3247816567938969,-0.14832732711479563,-0.06529466585261684,0.0,0.0,0.0,0.0
52388000000,3704,52388000000,map,-0.22970261905732445,0.16787570958206066,0.15648433881355506,0.0,0.0,0.0,0.0
52391000000,3705,52391000000,map,-0.2753696359384653,-0.2096727464702638,-0.31668122508599184,0.0,0.0,0.0,0.0
52392000000,3706,52392000000,map,-0.32209225035046996,0.3480750318986878,-0.29777886255099,0.0,0.0,0.0,0.0
52394000000,3707,52394000000,map,-0.26009584453725415,-0.3206500236055272,-0.26562368576666157,0.0,0.0,0.0,0.0
52397000000,3708,52396000000,map,-0.27088081908180195,-0.38959637677738995,0.16161417419667057,0.0,0.0,0.0,0.0
52399000000,3709,52399000000,map,-0.2657434985813385,0.17225384538775024,0.3408843276867516,0.0,0.0,0.0,0.0
52401000000,3710,52400000000,map,0.3837292754639199,0.16287322223639977,0.31683289113574786,0.0,0.0,0.0,0.0
52402000000,3711,52402000000,map,0.34990802821026734,0.08781046544289817,-0.37962245872021333,0.0,0.0,0.0,0.0
52404000000,3712,52404000000,map,0.017904824530221408,0.22544956403076222,0.32555720634766505,0.0,0.0,0.0,0.0
52407000000,3713,52406000000,map,0.17717734091674875,0.05484988479944991,-0.17979219944495306,0.0,0.0,0.0,0.0
52408000000,3714,52408000000,map,0.16393029788534175,-0.036076925926084025,0.23034378872642802,0.0,0.0,0.0,0.0
52411000000,3715,52411000000,map,-0.2598189510125608,-0.16373452255164486,0.22290431586270776,0.0,0.0,0.0,0.0
52412000000,3716,52412000000,map,0.3938483309089944,-0.13122154281529186,-0.05125832385451973,0.0,0.0,0.0,0.0
52414000000,3717,52414000000,map,0.21589333823709111,-0.3012422164509614,0.23699588497368607,0.0,0.0,0.0,0.0
52417000000,3718,52416000000,map,0.06214456033451288,0.39225672050137417,-0.282431583399148,0.0,0.0,0.0,0.0
52418000000,3719,52418000000,map,-0.1311047150942541,-0.3359420745733171,0.35914812323865253,0.0,0.0,0.0,0.0
52420000000,3720,52420000000,map,0.04447074441951315,-0.38165117470085497,0.17315205848937798,0.0,0.0,0.0,0.0
52422000000,3721,52422000000,map,-0.3874545775273534,-0.1347643001654566,0.39793375373468065,0.0,0.0,0.0,0.0
52424000000,3722,52424000000,map,-0.31447995030855147,0.2939183590732204,0.23874978049844786,0.0,0.0,0.0,0.0
52427000000,3723,52427000000,map,-0.0019121726595294763,0.32808982567317846,0.3542858761612093,0.0,0.0,0.0,0.0
52429000000,3724,52428000000,map,-0.365245204907535,-0.2512318573902692,0.004693319755216696,0.0,0.0,0.0,0.0
52431000000,3725,52430000000,map,-0.1669016309033161,0.3500271074662681,-0.09317854133380565,0.0,0.0,0.0,0.0
52433000000,3726,52432000000,map,0.30272588543736156,-0.25516949311981874,-0.3505710589071648,0.0,0.0,0.0,0.0
52434000000,3727,52434000000,map,-0.3772048645023875,-0.08442316848363801,-0.35670487178789584,0.0,0.0,0.0,0.0
52436000000,3728,52436000000,map,0.22739640366817337,-0.17674561018454338,-0.18346779123663534,0.0,0.0,0.0,0.0
52439000000,3729,52438000000,map,0.026521345780521455,-0.3731153298275886,-0.20259082093718675,0.0,0.0,0.0,0.0
52440000000,3730,52440000000,map,0.010946289748074212,-0.13804539587779446,-0.39777461014728543,0.0,0.0,0.0,0.0
52442000000,3731,52442000000,map,0.08489568679773907,-0.16878538151275976,0.27282805150688394,0.0,0.0,0.0,0.0
52444000000,3732,52444000000,map,0.15488044886492136,0.3094329519133495,0.09388411146209769,0.0,0.0,0.0,0.0
52446000000,3733,52446000000,map,0.22146099485756776,-0.019143641542216094,0.28714225912574287,0.0,0.0,0.0,0.0
52448000000,3734,52448000000,map,-0.19273160942358333,0.2232226427192232,0.07125899034813193,0.0,0.0,0.0,0.0
52450000000,3735,52450000000,map,-0.33247699482933896,0.1795346732681844,-0.011330127480724594,0.0,0.0,0.0,0.0
52452000000,3736,52452000000,map,0.2636025171531359,-0.13754640544895963,0.3074854331259943,0.0,0.0,0.0,0.0
52454000000,3737,52454000000,map,-0.2757576225638953,0.36263988441534756,0.29759486622342946,0.0,0.0,0.0,0.0
52456000000,3738,52456000000,map,-0.019004338224932138,-0.24872833474088174,0.36252137721243516,0.0,0.0,0.0,0.0
52458000000,3739,52458000000,map,0.07374747490645522,-0.04767930681077115,-0.2018164423280503,0.0,0.0,0.0,0.0
52460000000,3740,52460000000,map,-0.10442958400364521,0.2757026562994098,0.24494842159127683,0.0,0.0,0.0,0.0
52462000000,3741,52462000000,map,-0.31803981147066146,-0.3912648750818501,-0.09047402284834621,0.0,0.0,0.0,0.0
52464000000,3742,52464000000,map,-0.32354384556753524,-0.31118021072732105,-0.3696230559142721,0.0,0.0,0.0,0.0
52466000000,3743,52466000000,map,-0.04066911037186738,-0.05029010751971591,-0.2650525049624842,0.0,0.0,0.0,0.0
52468000000,3744,52468000000,map,0.13606433444647603,0.09827873813695176,-0.060000109633663035,0.0,0.0,0.0,0.0
52470000000,3745,52470000000,map,0.38222772841604713,0.3265004111251282,0.2588848390927838,0.0,0.0,0.0,0.0
52472000000,3746,52472000000,map,0.312738258859823,-0.3465932399429186,0.2642958953169615,0.0,0.0,0.0,0.0
52474000000,3747,52474000000,map,-0.3583638485524432,0.1640844946123008,0.3546274103514815,0.0,0.0,0.0,0.0
52476000000,3748,52476000000,map,0.28211254697870813,-0.12777605261941283,-0.3680309113387859,0.0,0.0,0.0,0.0
52479000000,3749,52479000000,map,0.16623181675608678,0.3714640073972615,-0.3373739548903021,0.0,0.0,0.0,0.0
52480000000,3750,52480000000,map,0.04067121297450438,0.2744167874742657,0.2737406244297199,0.0,0.0,0.0,0.0
52482000000,3751,52482000000,map,-0.39947146991787436,-0.08627566664652175,0.25161788591325374,0.0,0.0,0.0,0.0
52484000000,3752,52484000000,map,-0.36206794986464086,0.025255351023961925,0.2798170659261625,0.0,0.0,0.0,0.0
52486000000,3753,52486000000,map,0.03036619827007614,-0.2748123590428747,0.16724262295580794,0.0,0.0,0.0,0.0
52488000000,3754,52488000000,map,-0.2817412778075207,-0.2940472071634522,-0.20707634443798728,0.0,0.0,0.0,0.0
52490000000,3755,52490000000,map,0.0744380850710783,0.19839375673197357,0.2485303949339286,0.0,0.0,0.0,0.0
52492000000,3756,52492000000,map,-0.30416015484038433,0.18776868281482573,-0.19330689658607844,0.0,0.0,0.0,0.0
52495000000,3757,52495000000,map,0.0975042475406272,0.10409277815419737,-0.26593168253382204,0.0,0.0,0.0,0.0
52496000000,3758,52496000000,map,-0.1463602370262253,-0.15710164322902603,-0.09696358859557996,0.0,0.0,0.0,0.0
52498000000,3759,52498000000,map,-0.28906461359062774,-0.29214853298007787,-0.3842397939710459,0.0,0.0,0.0,0.0
52500000000,3760,52500000000,map,-0.0815303321835954,0.0029176675174987787,-0.2007185844231185,0.0,0.0,0.0,0.0
52502000000,3761,52502000000,map,-0.025572801379818932,-0.14506156247742824,-0.1458604434711347,0.0,0.0,0.0,0.0
52504000000,3762,52504000000,map,-0.020394802849899696,0.2683134596142426,0.015992126029715947,0.0,0.0,0.0,0.0
52506000000,3763,52506000000,map,-0.2181362198384989,-0.10781079568410257,-0.2436905883111049,0.0,0.0,0.0,0.0
52509000000,3764,52508000000,map,0.17549427116702088,0.30200902571174515,-0.26021250657719874,0.0,0.0,0.0,0.0
52511000000,3765,52511000000,map,0.262577640687635,0.085093714378781,-0.3419937093824123,0.0,0.0,0.0,0.0
52513000000,3766,52512000000,map,-0.37305369447815667,-0.37462740399403777,-0.22887572365489495,0.0,0.0,0.0,0.0
52515000000,3767,52514000000,map,0.3532378514331026,0.37959115376645225,0.18362621273393454,0.0,0.0,0.0,0.0
52517000000,3768,52517000000,map,0.10075811836038717,0.20402105222278588,-0.10788305196301468,0.0,0.0,0.0,0.0
52518000000,3769,52518000000,map,0.36246630401953117,-0.2581614318381825,0.23247691454656239,0.0,0.0,0.0,0.0
52520000000,3770,52520000000,map,0.24221424415593718,0.1928004408312074,0.22422229938364036,0.0,0.0,0.0,0.0
52522000000,3771,52522000000,map,-0.06819304379812446,0.27148115676380524,0.05197866996293088,0.0,0.0,0.0,0.0
52524000000,3772,52524000000,map,-0.26602576584644666,-0.35514555971495826,-0.34317438667419764,0.0,0.0,0.0,0.0
52526000000,3773,52526000000,map,0.2052107999582533,0.12522626266294057,-0.029951876111975084,0.0,0.0,0.0,0.0
52528000000,3774,52528000000,map,0.058433733207263916,0.3852152451497818,-0.21210950369148898,0.0,0.0,0.0,0.0
52531000000,3775,52531000000,map,0.20282000305505798,0.15092294553962682,0.2740498896572595,0.0,0.0,0.0,0.0
52532000000,3776,52532000000,map,-0.11170913627687107,-0.22301179197132984,-0.09638861024702072,0.0,0.0,0.0,0.0
52535000000,3777,52534000000,map,0.3079231025121385,-0.19305270991890564,0.1299324762773526,0.0,0.0,0.0,0.0
52536000000,3778,52536000000,map,-0.28002912642228944,0.3479406339988008,0.06844318817906486,0.0,0.0,0.0,0.0
52538000000,3779,52538000000,map,0.008939364417757112,0.280589199754934,0.08531869121024388,0.0,0.0,0.0,0.0
52541000000,3780,52541000000,map,0.2105749858055791,0.25372941115867853,0.17463137180665,0.0,0.0,0.0,0.0
52543000000,3781,52543000000,map,-0.09181219030958987,0.1335307679894513,-0.3854797026017348,0.0,0.0,0.0,0.0
52545000000,3782,52545000000,map,-0.1247966845247197,0.11413148088522296,0.0002555375798468096,0.0,0.0,0.0,0.0
52547000000,3783,52546000000,map,-0.17882047426539827,0.39565346746383234,-0.03254444840746945,0.0,0.0,0.0,0.0
52549000000,3784,52548000000,map,-0.0515447995604047,-0.24797716498991862,-0.11870260777853675,0.0,0.0,0.0,0.0
52551000000,3785,52550000000,map,-0.023694601836266926,0.3392995043111401,-0.39356774858774807,0.0,0.0,0.0,0.0
52553000000,3786,52553000000,map,-0.2767949431824974,0.06836000702630407,-0.09373863384759262,0.0,0.0,0.0,0.0
52555000000,3787,52555000000,map,0.3610803897103664,-0.33144415020174806,0.00556212375608911,0.0,0.0,0.0,0.0
52557000000,3788,52557000000,map,-0.23809135878703871,-0.19826943620992626,-0.05312885636664555,0.0,0.0,0.0,0.0
52559000000,3789,52559000000,map,0.20439393299464104,-0.09917068763585629,0.3075437835133409,0.0,0.0,0.0,0.0
52560000000,3790,52560000000,map,0.06910048982207251,-0.02560324541652259,-0.13463345020920603,0.0,0.0,0.0,0.0
52563000000,3791,52562000000,map,0.0479673017617383,0.05327560476749016,-0.06869056376250104,0.0,0.0,0.0,0.0
52564000000,3792,52564000000,map,-0.19873319716370375,-0.39054571001430133,-0.10713986901775296,0.0,0.0,0.0,0.0
52566000000,3793,52566000000,map,0.2592782521346598,0.12978878759359735,-0.36877061466312466,0.0,0.0,0.0,0.0
52568000000,3794,52568000000,map,-0.24500016680664793,-0.055407522552219146,-0.37934138373623116,0.0,0.0,0.0,0.0
52570000000,3795,52570000000,map,-0.08533178134137281,0.19618673864581937,-0.1053726422293576,0.0,0.0,0.0,0.0
52572000000,3796,52572000000,map,-0.013477148773107461,0.2729098797370718,-0.0904006768951442,0.0,0.0,0.0,0.0
52574000000,3797,52574000000,map,-0.37964691868319417,0.25104070965450853,-0.14711650129741427,0.0,0.0,0.0,0.0
52576000000,3798,52576000000,map,-0.30017323100664794,-0.3082998773014774,-0.16207373459387245,0.0,0.0,0.0,0.0
52578000000,3799,52578000000,map,0.03226290701306195,0.3365002400406383,-0.05598839726805538,0.0,0.0,0.0,0.0
52580000000,3800,52580000000,map,0.23121971239173622,-0.12605406966226207,0.07447908726069885,0.0,0.0,0.0,0.0
52583000000,3801,52583000000,map,0.3886277275026605,-0.006676569630935658,-0.3926554808867082,0.0,0.0,0.0,0.0
52584000000,3802,52584000000,map,0.09237973661267657,-0.2056973870219917,-0.05109500420641622,0.0,0.0,0.0,0.0
52586000000,3803,52586000000,map,0.09067198047671016,-0.3436485624013833,0.3858160178221516,0.0,0.0,0.0,0.0
52588000000,3804,52588000000,map,-0.11739267800809144,-0.010442456541316703,0.17276547136743425,0.0,0.0,0.0,0.0
52590000000,3805,52590000000,map,0.19649267329167341,0.3569579401498938,0.15753185104146827,0.0,0.0,0.0,0.0
52592000000,3806,52592000000,map,-0.334322241949313,-0.27800293864847714,-0.08060221343902285,0.0,0.0,0.0,0.0
52595000000,3807,52595000000,map,0.2027916207416467,-0.2650760511764848,-0.27376876619026813,0.0,0.0,0.0,0.0
52596000000,3808,52596000000,map,0.29918188597258966,0.37105971723543585,-0.2585467609537122,0.0,0.0,0.0,0.0
52598000000,3809,52598000000,map,-0.3650860387178909,0.2752373907738317,0.05274897682891383,0.0,0.0,0.0,0.0
52601000000,3810,52600000000,map,0.293844422042874,-0.09967594463013779,0.2447974193753487,0.0,0.0,0.0,0.0
52603000000,3811,52602000000,map,0.02989305744272669,-0.1490382478775354,-0.38912699502969633,0.0,0.0,0.0,0.0
52604000000,3812,52604000000,map,-0.0885008338969554,-0.01799461602012231,0.3729337929395874,0.0,0.0,0.0,0.0
52607000000,3813,52607000000,map,-0.12944437728303954,0.027309521982396334,-0.328339525684751,0.0,0.0,0.0,0.0
52609000000,3814,52609000000,map,0.022342318698680308,-0.24153782072109675,0.33003666728558445,0.0,0.0,0.0,0.0
52611000000,3815,52611000000,map,-0.2534208846352814,0.33620920877738114,-0.3888180391039862,0.0,0.0,0.0,0.0
52612000000,3816,52612000000,map,-0.08796625002648722,0.22814027400216585,-0.3541166279837641,0.0,0.0,0.0,0.0
52615000000,3817,52615000000,map,-0.13592925238964065,-0.1758774702573415,0.2604743824268053,0.0,0.0,0.0,0.0
52617000000,3818,52616000000,map,-0.21417128720830514,-0.13106227379548058,0.36164673732732655,0.0,0.0,0.0,0.0
52618000000,3819,52618000000,map,0.3951822582652156,-0.13636046187058798,-0.24829697513621674,0.0,0.0,0.0,0.0
52621000000,3820,52621000000,map,-0.19944998176965167,-0.30391450436846745,-0.1781074529597118,0.0,0.0,0.0,0.0
52623000000,3821,52623000000,map,-0.0016590148567613427,-0.13787979136939005,-0.26748131641704664,0.0,0.0,0.0,0.0
52625000000,3822,52624000000,map,0.014234425454641209,-0.39268375154320173,-0.11552030534631402,0.0,0.0,0.0,0.0
52626000000,3823,52626000000,map,-0.17793797345031154,0.10401244016274491,-0.19887239163175954,0.0,0.0,0.0,0.0
52628000000,3824,52628000000,map,0.2788086975482703,0.04177099517033572,0.05540950459363969,0.0,0.0,0.0,0.0
52631000000,3825,52630000000,map,0.13442955888464492,0.00981891309505123,-0.3133228933156234,0.0,0.0,0.0,0.0
52632000000,3826,52632000000,map,0.05805589361804958,-0.04944403216455728,0.29849986952404106,0.0,0.0,0.0,0.0
52634000000,3827,52634000000,map,-0.3422755012555194,0.18157315165347732,-0.24758733033568742,0.0,0.0,0.0,0.0
52636000000,3828,52636000000,map,-0.1489709169750999,0.2734037359966911,0.07802780725953146,0.0,0.0,0.0,0.0
52639000000,3829,52638000000,map,-0.3160736761061702,0.19856389651577167,-0.364472158052679,0.0,0.0,0.0,0.0
52640000000,3830,52640000000,map,0.0526642065023446,-0.3687802416821574,0.14062180189047857,0.0,0.0,0.0,0.0
52642000000,3831,52642000000,map,-0.16064289292273265,-0.39739103129430103,-0.08995666309720785,0.0,0.0,0.0,0.0
52644000000,3832,52644000000,map,-0.35617143621369807,-0.29713067072333543,-0.16891217338626727,0.0,0.0,0.0,0.0
52646000000,3833,52646000000,map,-0.09897281139486658,-0.18978803263247115,0.3965860927046111,0.0,0.0,0.0,0.0
52649000000,3834,52649000000,map,0.2944661493587528,0.0031566319806084486,-0.2717174578988164,0.0,0.0,0.0,0.0
52650000000,3835,52650000000,map,-0.3690744655030451,-0.3353976900554654,-0.3495277541670604,0.0,0.0,0.0,0.0
52652000000,3836,52652000000,map,0.2279461472550136,-0.30957664514746985,-0.013263431803497816,0.0,0.0,0.0,0.0
52654000000,3837,52654000000,map,-0.10910217553491214,-0.03099604804002598,0.2929206653937184,0.0,0.0,0.0,0.0
52656000000,3838,52656000000,map,0.39926073615179314,0.3228673655641612,0.0340711252081502,0.0,0.0,0.0,0.0
52658000000,3839,52658000000,map,-0.34175968467874446,0.2229399823694942,-0.005938367667451039,0.0,0.0,0.0,0.0
52660000000,3840,52660000000,map,-0.24587202562003443,0.24401994334532284,-0.3804367348533026,0.0,0.0,0.0,0.0
52662000000,3841,52662000000,map,0.0970607165598289,-0.3584048618725012,-0.2398200107618213,0.0,0.0,0.0,0.0
52664000000,3842,52664000000,map,-0.14331390055610743,-0.024343585148833724,0.24549524476961293,0.0,0.0,0.0,0.0
52666000000,3843,52666000000,map,0.20179104576087548,-0.08310002088809054,0.3914058614545609,0.0,0.0,0.0,0.0
52668000000,3844,52668000000,map,0.03309406295377276,0.2796290530865252,-0.08483047374716518,0.0,0.0,0.0,0.0
52670000000,3845,52670000000,map,-0.23474851564795093,-0.3260629612870646,0.30364420215164223,0.0,0.0,0.0,0.0
52672000000,3846,52672000000,map,-0.1810028523041444,-0.15912742014997983,0.14803339092757395,0.0,0.0,0.0,0.0
52674000000,3847,52674000000,map,-0.2542350179882791,0.3844966942838165,0.025958528277219173,0.0,0.0,0.0,0.0
52677000000,3848,52676000000,map,0.18788482243617433,-0.007238972980410263,-0.0010044190159758104,0.0,0.0,0.0,0.0
52679000000,3849,52678000000,map,-0.20309610352247176,0.3147520953046977,-0.01646980655337793,0.0,0.0,0.0,0.0
52681000000,3850,52681000000,map,-0.19998276007211857,0.20678039641994006,-0.18745933014549038,0.0,0.0,0.0,0.0
52683000000,3851,52682000000,map,-0.08066325456413892,-0.3467913017109658,0.0675005604965645,0.0,0.0,0.0,0.0
52685000000,3852,52684000000,map,0.017059717040601607,0.23622988092308939,-0.2227231684004288,0.0,0.0,0.0,0.0
52686000000,3853,52686000000,map,0.14167234937570228,0.24666782935065867,-0.05537703881815642,0.0,0.0,0.0,0.0
52688000000,3854,52689000000,map,-0.33909499341862676,-0.20319028610115497,-0.30566431710587966,0.0,0.0,0.0,0.0
52690000000,3855,52690000000,map,0.10760690834928754,-0.28073865596015357,0.022311708559405397,0.0,0.0,0.0,0.0
52693000000,3856,52693000000,map,0.2937909546465214,-0.3620978114459445,0.009811054212721715,0.0,0.0,0.0,0.0
52695000000,3857,52694000000,map,0.23854147008359827,-0.0609884117333207,-0.39053136935200294,0.0,0.0,0.0,0.0
52697000000,3858,52696000000,map,0.16277978711586394,-0.37627009437935627,0.28050281636571717,0.0,0.0,0.0,0.0
52699000000,3859,52698000000,map,0.018132110831703685,0.15215674123964018,-0.12218766860226171,0.0,0.0,0.0,0.0
52701000000,3860,52700000000,map,0.2568982194526611,-0.26408212829288047,-0.24736478247896682,0.0,0.0,0.0,0.0
52702000000,3861,52702000000,map,0.050392936460261606,0.2660022826777084,0.20621366664051988,0.0,0.0,0.0,0.0
52705000000,3862,52704000000,map,0.25543410007737055,0.10254970314031542,-0.3885166934271344,0.0,0.0,0.0,0.0
52706000000,3863,52706000000,map,-0.2684914856852342,-0.023482679031724962,-0.12872855674471861,0.0,0.0,0.0,0.0
52709000000,3864,52708000000,map,0.056594637597995046,0.3994797410291788,0.26841187069276795,0.0,0.0,0.0,0.0
52711000000,3865,52710000000,map,-0.37687505491540607,0.185054291963061,0.3273407235508924,0.0,0.0,0.0,0.0
52713000000,3866,52713000000,map,0.36437481401652494,-0.007099135658173661,-0.021868715783609105,0.0,0.0,0.0,0.0
52715000000,3867,52714000000,map,0.3218661009283109,0.017230481189038027,-0.221173154082548,0.0,0.0,0.0,0.0
52716000000,3868,52716000000,map,0.24199042740546262,-0.03662396148078578,-0.35950662750354995,0.0,0.0,0.0,0.0
52719000000,3869,52719000000,map,0.14322320006275646,-0.3672202836083845,-0.07069500575370313,0.0,0.0,0.0,0.0
52720000000,3870,52720000000,map,-0.07404855288569379,-0.04846705013777691,0.21753041715152432,0.0,0.0,0.0,0.0
52723000000,3871,52723000000,map,-0.3471485488586055,0.11177822710572483,-0.1546626070972854,0.0,0.0,0.0,0.0
52724000000,3872,52724000000,map,0.2690373955474956,0.37684436322234005,0.04006046150075593,0.0,0.0,0.0,0.0
52727000000,3873,52727000000,map,0.21403168750397694,-0.11594515227165164,0.1468155572112919,0.0,0.0,0.0,0.0
52728000000,3874,52728000000,map,-0.3593721681073788,0.21244929407524804,0.07965910958907357,0.0,0.0,0.0,0.0
52731000000,3875,52730000000,map,0.19367575821606697,-0.34725159046548776,-0.1840950286161377,0.0,0.0,0.0,0.0
52732000000,3876,52732000000,map,0.17881694998785458,-0.3774834520365992,0.19477285038453251,0.0,0.0,0.0,0.0
52735000000,3877,52734000000,map,0.33760352985452025,-0.2092342349251476,0.11887184194744538,0.0,0.0,0.0,0.0
52736000000,3878,52736000000,map,0.3973515261903703,0.00413323496134399,-0.35362495323009474,0.0,0.0,0.0,0.0
52739000000,3879,52739000000,map,0.3394006142184004,-0.3001608862556541,-0.3235221816306684,0.0,0.0,0.0,0.0
52740000000,3880,52740000000,map,0.12972692366027094,0.2863797794519718,-0.32219532115223026,0.0,0.0,0.0,0.0
52742000000,3881,52742000000,map,0.2038156017425491,0.07682022904758812,0.1488408308759981,0.0,0.0,0.0,0.0
52744000000,3882,52744000000,map,-0.01108707952303345,-0.23831063329482527,0.1706922477065631,0.0,0.0,0.0,0.0
52747000000,3883,52746000000,map,0.06749659924072171,0.04648044547574798,0.16457814432984041,0.0,0.0,0.0,0.0
52748000000,3884,52748000000,map,-0.09066330897077723,-0.03746154723384604,-0.3581972327251516,0.0,0.0,0.0,0.0
52750000000,3885,52750000000,map,0.34639690180959126,-0.13210191997252368,-0.3376724541634107,0.0,0.0,0.0,0.0
52752000000,3886,52752000000,map,-0.13431569363448392,-0.03130082797346834,-0.2508154621233056,0.0,0.0,0.0,0.0
52754000000,3887,52754000000,map,-0.34841074461221067,-0.21670863822451114,-0.23196611099369616,0.0,0.0,0.0,0.0
52757000000,3888,52757000000,map,0.24821579949125094,0.1968710228007161,0.24846005516846248,0.0,0.0,0.0,0.0
52758000000,3889,52758000000,map,0.01690571893358772,-0.2677128052083707,0.05732653981728558,0.0,0.0,0.0,0.0
52761000000,3890,52761000000,map,-0.3038931314254288,0.3593977060924949,-0.09082341705750485,0.0,0.0,0.0,0.0
52763000000,3891,52763000000,map,0.17721427569224235,0.003918313226359493,-0.2531292754290335,0.0,0.0,0.0,0.0
52765000000,3892,52765000000,map,-0.044240145860725444,-0.05235278385052161,0.07855395374138752,0.0,0.0,0.0,0.0
52767000000,3893,52767000000,map,0.32577964228145684,0.22269963406036042,-0.24845059240451794,0.0,0.0,0.0,0.0
52769000000,3894,52769000000,map,0.16155288975263216,0.3228302239886277,-0.03437437662973114,0.0,0.0,0.0,0.0
52771000000,3895,52771000000,map,0.32772450864671676,0.11118948519771821,-0.14571427753990296,0.0,0.0,0.0,0.0
52773000000,3896,52772000000,map,-0.010862817186807538,0.02753507031492264,-0.38307205064079997,0.0,0.0,0.0,0.0
52775000000,3897,52774000000,map,-0.32037416831097676,0.39779816945732105,-0.3456869634112969,0.0,0.0,0.0,0.0
52776000000,3898,52776000000,map,-0.33239940521579847,0.36789715238370113,0.156492579770089,0.0,0.0,0.0,0.0
52778000000,3899,52778000000,map,0.27492336129886485,0.38756569043645095,0.25166706011415874,0.0,0.0,0.0,0.0
52781000000,3900,52781000000,map,0.1372207907680083,-0.3388034067313574,-0.2685638467744853,0.0,0.0,0.0,0.0
52783000000,3901,52782000000,map,-0.054448241803818076,-0.22843448416125428,0.09636828521138102,0.0,0.0,0.0,0.0
52784000000,3902,52784000000,map,-0.04746325737508256,-0.11681895946854026,0.12139289441734569,0.0,0.0,0.0,0.0
52786000000,3903,52786000000,map,0.161006671111375,0.350461753258699,-0.38910783162245616,0.0,0.0,0.0,0.0
52788000000,3904,52788000000,map,-0.27660361227974123,-0.22564703408841102,-0.07987624103541024,0.0,0.0,0.0,0.0
52790000000,3905,52790000000,map,0.13225654424680322,-0.24172971858643386,-0.3842706897730779,0.0,0.0,0.0,0.0
52792000000,3906,52792000000,map,0.20663073519542408,0.37702986264265703,0.39370067470341175,0.0,0.0,0.0,0.0
52794000000,3907,52794000000,map,0.11296229306786032,-0.3502021021841925,-0.004398683017360461,0.0,0.0,0.0,0.0
52796000000,3908,52796000000,map,0.12350873426786935,0.15304598951034332,0.09391705767393976,0.0,0.0,0.0,0.0
52798000000,3909,52798000000,map,-0.0054823059906666805,-0.2184009473685931,0.2693888051092178,0.0,0.0,0.0,0.0
52800000000,3910,52800000000,map,0.0505080211575038,-0.15227554151159378,0.3835885083164512,0.0,0.0,0.0,0.0
52802000000,3911,52802000000,map,0.2544898161928876,0.2065652317879869,0.15463834346393968,0.0,0.0,0.0,0.0
52804000000,3912,52804000000,map,0.1148686349271768,-0.11105680540086077,0.2974244224276581,0.0,0.0,0.0,0.0
52806000000,3913,52806000000,map,0.020410326410584045,-0.13118665108905353,0.09120776828347549,0.0,0.0,0.0,0.0
52809000000,3914,52809000000,map,-0.36033721047047057,-0.3272851201147612,-0.1569856788786353,0.0,0.0,0.0,0.0
52811000000,3915,52811000000,map,0.14392072076230644,0.10573649480762559,-0.3027598876881546,0.0,0.0,0.0,0.0
52813000000,3916,52813000000,map,0.06607171086552849,-0.08917731423560415,0.35314874539009267,0.0,0.0,0.0,0.0
52815000000,3917,52815000000,map,-0.3602906237383876,0.09509287329757499,-0.12140267832404578,0.0,0.0,0.0,0.0
52817000000,3918,52817000000,map,0.17749743843411825,0.23469288503019825,0.1253315939116233,0.0,0.0,0.0,0.0
52819000000,3919,52818000000,map,-0.021922010048748497,-0.04568961822664036,0.3623032736862545,0.0,0.0,0.0,0.0
52820000000,3920,52820000000,map,0.38317708870098577,-0.0953063536510429,0.05816684275241324,0.0,0.0,0.0,0.0
52823000000,3921,52822000000,map,0.2377880017622418,0.20714145827294617,0.03972240056592791,0.0,0.0,0.0,0.0
52825000000,3922,52825000000,map,0.0025767137564015608,0.15207871481294943,0.39084185847929165,0.0,0.0,0.0,0.0
52826000000,3923,52826000000,map,-0.3786995118002012,-0.03299602639970195,-0.20611647219755214,0.0,0.0,0.0,0.0
52828000000,3924,52828000000,map,-0.010114541207333738,0.345586328808701,-0.010914395673361055,0.0,0.0,0.0,0.0
52830000000,3925,52830000000,map,-0.11667118123534737,0.340963797853417,-0.2765491835776665,0.0,0.0,0.0,0.0
52833000000,3926,52832000000,map,0.15611628841819847,0.26777852427935367,0.22778710638351096,0.0,0.0,0.0,0.0
52834000000,3927,52834000000,map,-0.31688300306935596,0.3223160664567031,0.2584576805089642,0.0,0.0,0.0,0.0
52837000000,3928,52836000000,map,0.031160442957897605,-0.23753055814849475,0.0039174979409741795,0.0,0.0,0.0,0.0
52838000000,3929,52838000000,map,0.2677985951110209,0.05249993949460274,-0.23048791607561211,0.0,0.0,0.0,0.0
52840000000,3930,52840000000,map,0.056749191127920706,0.3386970784968206,-0.013600387002792536,0.0,0.0,0.0,0.0
52842000000,3931,52842000000,map,-0.30695901410465665,-0.10097749322204541,-0.11549497575379497,0.0,0.0,0.0,0.0
52844000000,3932,52844000000,map,-0.2386020867264789,0.37002757003099374,0.3323582809277029,0.0,0.0,0.0,0.0
52846000000,3933,52846000000,map,0.3356126243237231,-0.2786245906144872,0.13618983540706886,0.0,0.0,0.0,0.0
52848000000,3934,52848000000,map,0.031075821480894383,0.08987184552200922,-0.20835467730499097,0.0,0.0,0.0,0.0
52850000000,3935,52850000000,map,0.3971035939413593,0.040304281162939215,0.38907814814062625,0.0,0.0,0.0,0.0
52852000000,3936,52852000000,map,0.016042674435734816,0.29729040903971604,0.202500735614909,0.0,0.0,0.0,0.0
52854000000,3937,52854000000,map,-0.3061486765626289,0.16653327232156978,-0.018975941269274044,0.0,0.0,0.0,0.0
52856000000,3938,52856000000,map,0.27502769984205944,-0.029608542519460324,0.12680608077701616,0.0,0.0,0.0,0.0
52858000000,3939,52858000000,map,-0.0747278994391471,0.30601497110839426,0.19748323542707324,0.0,0.0,0.0,0.0
52860000000,3940,52860000000,map,-0.3550415619266034,0.22771797410185735,0.1734507758120556,0.0,0.0,0.0,0.0
52862000000,3941,52862000000,map,-0.19260598340704999,-0.08857418514173371,0.029356099755808773,0.0,0.0,0.0,0.0
52864000000,3942,52864000000,map,0.32124739588454265,-0.18837385468721257,0.38684425968796554,0.0,0.0,0.0,0.0
52867000000,3943,52866000000,map,0.15882654501118187,0.32853367434775116,-0.14312257894809605,0.0,0.0,0.0,0.0
52868000000,3944,52868000000,map,0.186581208426303,0.21209182986084263,0.07017378467922802,0.0,0.0,0.0,0.0
52870000000,3945,52870000000,map,-0.3053189599503475,0.3777971325963331,-0.15471896124690032,0.0,0.0,0.0,0.0
52872000000,3946,52872000000,map,0.023138043355306614,0.021547954086967303,0.37158681584026454,0.0,0.0,0.0,0.0
52874000000,3947,52874000000,map,0.043112803060760374,0.06729671998708708,-0.3751410144711279,0.0,0.0,0.0,0.0
52876000000,3948,52876000000,map,0.21841954958065934,0.08046680092112446,0.3681944531488267,0.0,0.0,0.0,0.0
52878000000,3949,52878000000,map,-0.16935526910644938,0.19894369517845334,0.1786634672830032,0.0,0.0,0.0,0.0
52880000000,3950,52880000000,map,0.2817206013303599,0.3948820670186233,-0.01743322705251693,0.0,0.0,0.0,0.0
52882000000,3951,52882000000,map,-0.13176029073116985,0.16962487993502262,-0.2572534469934325,0.0,0.0,0.0,0.0
52884000000,3952,52884000000,map,0.36396828672114745,0.055388541626236076,-0.15089616952596346,0.0,0.0,0.0,0.0
52886000000,3953,52886000000,map,0.2952828594292306,0.21146654354484506,-0.16095224529939012,0.0,0.0,0.0,0.0
52888000000,3954,52888000000,map,-0.35622691467938394,-0.23670550703675206,-0.34758632215509855,0.0,0.0,0.0,0.0
52890000000,3955,52890000000,map,0.22626081934703157,-0.27016786712153507,-0.3241802510654017,0.0,0.0,0.0,0.0
52892000000,3956,52892000000,map,0.019082721316644347,0.18605492360433817,0.2727288864813556,0.0,0.0,0.0,0.0
52894000000,3957,52894000000,map,-0.03529113979924303,-0.05452316113158273,-0.2554865369965962,0.0,0.0,0.0,0.0
52896000000,3958,52896000000,map,-0.35071656504050475,-0.34820818189359265,-0.24420234172580577,0.0,0.0,0.0,0.0
52898000000,3959,52898000000,map,0.13611032551567304,0.09093332761567574,0.22030616968892092,0.0,0.0,0.0,0.0
52900000000,3960,52900000000,map,0.15014022744458355,-0.2469935756892412,0.012587611620034245,0.0,0.0,0.0,0.0
52902000000,3961,52902000000,map,0.3645003664899995,0.25560961455354514,-0.04301177786548871,0.0,0.0,0.0,0.0
52904000000,3962,52904000000,map,0.09714747157165615,-0.07822033827196478,-0.1941209130273827,0.0,0.0,0.0,0.0
52906000000,3963,52906000000,map,0.2559767403572044,-0.21810006542333557,-0.15371749482702846,0.0,0.0,0.0,0.0
52908000000,3964,52908000000,map,-0.03257134267490269,-0.10419079439856593,0.07202198087184603,0.0,0.0,0.0,0.0
52910000000,3965,52910000000,map,0.37176531034204785,0.09202933021682635,0.08210015848971858,0.0,0.0,0.0,0.0
52912000000,3966,52912000000,map,-0.3161138216003099,0.1674698172992024,0.21359256810455785,0.0,0.0,0.0,0.0
52914000000,3967,52914000000,map,-0.08529005600897249,-0.3508093215027855,-0.3471543639328343,0.0,0.0,0.0,0.0
52916000000,3968,52916000000,map,0.2499722739243181,0.1428608996849775,-0.27934009313382363,0.0,0.0,0.0,0.0
52918000000,3969,52918000000,map,0.3079397470294678,-0.17969459632399945,0.31609490171604004,0.0,0.0,0.0,0.0
52920000000,3970,52920000000,map,-0.04172733646520982,-0.3417174989892491,-0.06833078369927315,0.0,0.0,0.0,0.0
52922000000,3971,52922000000,map,-0.17146834247673948,-0.3208568319982503,-0.048428130286084003,0.0,0.0,0.0,0.0
52924000000,3972,52924000000,map,0.237320041530241,0.37170826662894674,0.22275739066380973,0.0,0.0,0.0,0.0
52927000000,3973,52927000000,map,0.3534457699474407,-0.3090095414951125,0.17149301586981702,0.0,0.0,0.0,0.0
52928000000,3974,52928000000,map,-0.2914095920665507,-0.0483599217146663,0.10912165042575794,0.0,0.0,0.0,0.0
52930000000,3975,52930000000,map,-0.27926887698758673,-0.34347114155980185,0.06133071471583129,0.0,0.0,0.0,0.0
52932000000,3976,52932000000,map,-0.2605295113907473,0.37822634798491583,0.047832395209436385,0.0,0.0,0.0,0.0
52934000000,3977,52934000000,map,0.09627496070848951,-0.006806439790336238,-0.04837523450103853,0.0,0.0,0.0,0.0
52936000000,3978,52936000000,map,0.07367582046843169,-0.1411116948958086,-0.24701652881813682,0.0,0.0,0.0,0.0
52938000000,3979,52938000000,map,-0.014107706197852177,-0.15340166366913552,0.05274714281717224,0.0,0.0,0.0,0.0
52940000000,3980,52940000000,map,0.2165410415883927,-0.3954094158902208,0.1959996868285233,0.0,0.0,0.0,0.0
52942000000,3981,52942000000,map,-0.11391979126853535,-0.2681870338768767,0.12674579583500245,0.0,0.0,0.0,0.0
52944000000,3982,52944000000,map,-0.2752030132136184,-0.19976313210218902,0.13348527743124827,0.0,0.0,0.0,0.0
52946000000,3983,52946000000,map,-0.388624599653247,0.05783096967439494,0.38394324647424327,0.0,0.0,0.0,0.0
52948000000,3984,52948000000,map,-0.2231736741510526,0.3622500915255288,-0.21236363775918077,0.0,0.0,0.0,0.0
52950000000,3985,52950000000,map,-0.26641758029410434,0.16103028780088002,0.24886612008981068,0.0,0.0,0.0,0.0
52953000000,3986,52953000000,map,0.001363218600559879,0.18462206909359125,0.2900882385799014,0.0,0.0,0.0,0.0
52954000000,3987,52954000000,map,0.006872056430135831,0.0002742801155722896,-0.2402142893980599,0.0,0.0,0.0,0.0
52957000000,3988,52957000000,map,-0.24669795512858766,-0.07126155604724022,0.2774492905321778,0.0,0.0,0.0,0.0
52959000000,3989,52958000000,map,0.22333915169748353,-0.11673123212422154,0.06720146608208594,0.0,0.0,0.0,0.0
52960000000,3990,52960000000,map,0.2236725150470953,0.33651284146944027,-0.026595360036487825,0.0,0.0,0.0,0.0
52962000000,3991,52962000000,map,-0.029533286576591322,-0.017394733157669873,0.22867137393914705,0.0,0.0,0.0,0.0
52965000000,3992,52964000000,map,0.2591736302351577,0.18971027189764267,0.3446826005704182,0.0,0.0,0.0,0.0
52966000000,3993,52966000000,map,0.12474674609384329,-0.11319847752922674,-0.38279389044893414,0.0,0.0,0.0,0.0
52968000000,3994,52968000000,map,-0.3731141605044823,-0.33797077359640837,-0.21506640264501853,0.0,0.0,0.0,0.0
52971000000,3995,52970000000,map,-0.09558037276145048,0.10431528161168202,0.22714831025572046,0.0,0.0,0.0,0.0
52973000000,3996,52972000000,map,0.3068158880142917,0.13589770801264078,-0.3475852469814239,0.0,0.0,0.0,0.0
52975000000,3997,52975000000,map,-0.28571366151814115,-0.17499622928363717,0.13140717655909462,0.0,0.0,0.0,0.0
52977000000,3998,52976000000,map,0.03838076192278955,0.029604218203479138,0.37663615321710964,0.0,0.0,0.0,0.0
52979000000,3999,52978000000,map,-0.3651687393352122,-0.09160938282660414,0.2919336526151147,0.0,0.0,0.0,0.0
52981000000,4000,52981000000,map,-0.33196293651699366,-0.1423067566529856,-0.35888567248980396,0.0,0.0,0.0,0.0
52983000000,4001,52983000000,map,0.35896939026394525,0.023171468426040953,-0.013741767904085211,0.0,0.0,0.0,0.0
52985000000,4002,52985000000,map,0.39908928477523453,0.036029776002157565,0.3880605072409321,0.0,0.0,0.0,0.0
52987000000,4003,52987000000,map,-0.37665428443148624,-0.11902682839876094,0.2875771336008428,0.0,0.0,0.0,0.0
52989000000,4004,52988000000,map,-0.03565318341123758,0.03961454566909817,-0.03050958089783734,0.0,0.0,0.0,0.0
52990000000,4005,52990000000,map,-0.21720101345811677,0.15419047503920003,-0.22691962654284115,0.0,0.0,0.0,0.0
52992000000,4006,52992000000,map,0.10776719686691016,-0.02105410350706366,0.07460227675060471,0.0,0.0,0.0,0.0
52994000000,4007,52994000000,map,0.3975201037648207,0.21569878019702182,-0.27879921716435985,0.0,0.0,0.0,0.0
52996000000,4008,52996000000,map,0.2618444987608859,-0.14475551339317722,0.265392636642096,0.0,0.0,0.0,0.0
52998000000,4009,52998000000,map,-0.32564987416019264,-0.2944319710889468,-0.164859836811543,0.0,0.0,0.0,0.0
53000000000,4010,53000000000,map,0.3815535509149076,-0.26322899786609966,-0.2692058026123919,0.0,0.0,0.0,0.0
53002000000,4011,53002000000,map,0.06444320166088524,0.1939972111235969,-0.28107849740059476,0.0,0.0,0.0,0.0
53004000000,4012,53004000000,map,-0.12833186934049573,-0.28328803523303636,0.29748307541682695,0.0,0.0,0.0,0.0
53006000000,4013,53006000000,map,-0.08456165935288901,-0.1513496911407354,-0.22931651906519135,0.0,0.0,0.0,0.0
53008000000,4014,53008000000,map,0.3320826852544202,-0.015865994527849314,-0.17683754463868884,0.0,0.0,0.0,0.0
53010000000,4015,53010000000,map,0.3427500634872961,-0.39739899282112584,-0.04900375982226912,0.0,0.0,0.0,0.0
53012000000,4016,53012000000,map,0.3171442910043094,-0.18572045443995325,0.39425188672360445,0.0,0.0,0.0,0.0
53014000000,4017,53014000000,map,0.3704127731361828,-0.26857028015883,0.008296360869044173,0.0,0.0,0.0,0.0
53016000000,4018,53016000000,map,0.3495171776149937,-0.04155784156234088,-0.09974865249597403,0.0,0.0,0.0,0.0
53019000000,4019,53019000000,map,-0.15450499153115477,-0.2490195492448769,0.36168479475009097,0.0,0.0,0.0,0.0
53021000000,4020,53020000000,map,0.3055840553819805,-0.038111132202569675,-0.007227979002022711,0.0,0.0,0.0,0.0
