%time,field.header.seq,field.header.stamp,field.header.frame_id,field.group_mix,field.controls0,field.controls1,field.controls2,field.controls3,field.controls4,field.controls5,field.controls6,field.controls7
11820000000,2986,0,,0,0.18713031709194183,0.25292789936065674,-0.05509763956069946,1.0,0.0,0.0,0.0,0.0
11821000000,2987,0,,0,0.25239771604537964,0.20513015985488892,0.02712813951075077,1.0,0.0,0.0,0.0,0.0
11823000000,2988,0,,0,-0.3890460431575775,0.14330045878887177,-0.2722693979740143,1.0,0.0,0.0,0.0,0.0
11825000000,2989,0,,0,-0.09978071600198746,0.015085986815392971,-0.008728381246328354,1.0,0.0,0.0,0.0,0.0
11827000000,2990,0,,0,-0.06033584102988243,-0.19719962775707245,0.3069874048233032,1.0,0.0,0.0,0.0,0.0
11829000000,2991,0,,0,-0.1382099688053131,0.1903229057788849,-0.04486173018813133,1.0,0.0,0.0,0.0,0.0
11831000000,2992,0,,0,-0.34812769293785095,0.12241759151220322,0.013486226089298725,1.0,0.0,0.0,0.0,0.0
11833000000,2993,0,,0,0.2598549723625183,-0.2709333598613739,0.02453206107020378,1.0,0.0,0.0,0.0,0.0
11836000000,2994,0,,0,0.28557708859443665,0.18213102221488953,0.08274801820516586,1.0,0.0,0.0,0.0,0.0
11837000000,2995,0,,0,-0.1433442234992981,-0.2986976206302643,0.037302516400814056,1.0,0.0,0.0,0.0,0.0
11839000000,2996,0,,0,-0.18777643144130707,0.04264334589242935,0.035429880023002625,1.0,0.0,0.0,0.0,0.0
11841000000,2997,0,,0,-0.07022172212600708,-0.25826704502105713,-0.3555433452129364,1.0,0.0,0.0,0.0,0.0
11843000000,2998,0,,0,0.1165076419711113,-0.3442193567752838,0.2837986648082733,1.0,0.0,0.0,0.0,0.0
11845000000,2999,0,,0,0.15817221999168396,-0.0743471160531044,-0.12997397780418396,1.0,0.0,0.0,0.0,0.0
11847000000,3000,0,,0,0.36491659283638,-0.3488805890083313,-0.1147230938076973,1.0,0.0,0.0,0.0,0.0
11849000000,3001,0,,0,0.22574856877326965,-0.2545520067214966,-0.35361215472221375,1.0,0.0,0.0,0.0,0.0
11851000000,3002,0,,0,-0.26731571555137634,0.03895200416445732,0.341003954410553,1.0,0.0,0.0,0.0,0.0
11853000000,3003,0,,0,-0.3232309818267822,-0.006987598724663258,0.30860960483551025,1.0,0.0,0.0,0.0,0.0
11855000000,3004,0,,0,0.3110884130001068,-0.05434802174568176,-0.3542916476726532,1.0,0.0,0.0,0.0,0.0
11857000000,3005,0,,0,0.08776530623435974,-0.17541293799877167,-0.22820869088172913,1.0,0.0,0.0,0.0,0.0
11859000000,3006,0,,0,-0.09026362746953964,0.1972961127758026,-0.1962757259607315,1.0,0.0,0.0,0.0,0.0
11861000000,3007,0,,0,-0.3744215965270996,-0.36032167077064514,0.007693765684962273,1.0,0.0,0.0,0.0,0.0
11863000000,3008,0,,0,0.04415269196033478,-0.22098670899868011,0.19923068583011627,1.0,0.0,0.0,0.0,0.0
11865000000,3009,0,,0,-0.3722335696220398,-0.10608676075935364,-0.3078760504722595,1.0,0.0,0.0,0.0,0.0
11867000000,3010,0,,0,-0.1768225133419037,-0.27269184589385986,-0.28356558084487915,1.0,0.0,0.0,0.0,0.0
11869000000,3011,0,,0,-0.3656275272369385,0.23444348573684692,-0.2802194356918335,1.0,0.0,0.0,0.0,0.0
11871000000,3012,0,,0,-0.25748905539512634,0.21205224096775055,0.12999241054058075,1.0,0.0,0.0,0.0,0.0
11873000000,3013,0,,0,-0.07699098438024521,-0.31917455792427063,0.14451120793819427,1.0,0.0,0.0,0.0,0.0
11875000000,3014,0,,0,0.23995526134967804,-0.15690134465694427,0.3318803906440735,1.0,0.0,0.0,0.0,0.0
11877000000,3015,0,,0,-0.14804603159427643,-0.39656826853752136,0.3064790964126587,1.0,0.0,0.0,0.0,0.0
11880000000,3016,0,,0,0.04293093457818031,0.2310819774866104,-0.35598522424697876,1.0,0.0,0.0,0.0,0.0
11881000000,3017,0,,0,-0.038577280938625336,0.07125464826822281,0.196306973695755,1.0,0.0,0.0,0.0,0.0
11883000000,3018,0,,0,-0.06916400790214539,-0.2972203493118286,-0.38324716687202454,1.0,0.0,0.0,0.0,0.0
11885000000,3019,0,,0,-0.1370190531015396,-0.19647668302059174,0.3910328149795532,1.0,0.0,0.0,0.0,0.0
11887000000,3020,0,,0,0.09574298560619354,0.02581624500453472,0.3508518934249878,1.0,0.0,0.0,0.0,0.0
11889000000,3021,0,,0,-0.08845124393701553,-0.22706052660942078,-0.2372494488954544,1.0,0.0,0.0,0.0,0.0
11891000000,3022,0,,0,-0.0575098879635334,0.34394019842147827,-0.20156258344650269,1.0,0.0,0.0,0.0,0.0
11893000000,3023,0,,0,0.003977620508521795,-0.3963789641857147,0.16916847229003906,1.0,0.0,0.0,0.0,0.0
11895000000,3024,0,,0,-0.011125544086098671,0.25544264912605286,0.06225953251123428,1.0,0.0,0.0,0.0,0.0
11897000000,3025,0,,0,0.20923134684562683,0.19644327461719513,-0.08697988092899323,1.0,0.0,0.0,0.0,0.0
11899000000,3026,0,,0,0.19390523433685303,-0.1803610771894455,0.27538737654685974,1.0,0.0,0.0,0.0,0.0
11901000000,3027,0,,0,0.3483755886554718,-0.014595088548958302,0.3222561478614807,1.0,0.0,0.0,0.0,0.0
11903000000,3028,0,,0,0.14078623056411743,0.002609211253002286,0.1367163062095642,1.0,0.0,0.0,0.0,0.0
11905000000,3029,0,,0,-0.20975519716739655,0.3178168535232544,-0.022583777084946632,1.0,0.0,0.0,0.0,0.0
11907000000,3030,0,,0,-0.11837475746870041,-0.11696606874465942,0.3767983913421631,1.0,0.0,0.0,0.0,0.0
11909000000,3031,0,,0,-0.23414716124534607,-0.3354007303714752,0.2966252267360687,1.0,0.0,0.0,0.0,0.0
11911000000,3032,0,,0,0.18602736294269562,-0.013397298753261566,0.3749436140060425,1.0,0.0,0.0,0.0,0.0
11913000000,3033,0,,0,0.028089163824915886,-0.18802019953727722,0.16356301307678223,1.0,0.0,0.0,0.0,0.0
11915000000,3034,0,,0,-0.1414261907339096,0.2816959023475647,-0.1011742353439331,1.0,0.0,0.0,0.0,0.0
11917000000,3035,0,,0,-0.31954455375671387,0.1665533035993576,0.15378661453723907,1.0,0.0,0.0,0.0,0.0
11919000000,3036,0,,0,0.0740986093878746,0.3616773188114166,0.3237501382827759,1.0,0.0,0.0,0.0,0.0
11921000000,3037,0,,0,0.25863373279571533,0.03804076462984085,-0.1466982662677765,1.0,0.0,0.0,0.0,0.0
11923000000,3038,0,,0,0.10350426286458969,-0.15135449171066284,-0.15037702023983002,1.0,0.0,0.0,0.0,0.0
11925000000,3039,0,,0,0.1573479175567627,0.01182466559112072,0.2153266966342926,1.0,0.0,0.0,0.0,0.0
11927000000,3040,0,,0,-0.39506590366363525,0.0931018814444542,0.34630459547042847,1.0,0.0,0.0,0.0,0.0
11929000000,3041,0,,0,-0.0644819512963295,-0.012872599996626377,0.061201173812150955,1.0,0.0,0.0,0.0,0.0
11931000000,3042,0,,0,-0.1466362625360489,0.2802688181400299,-0.30252471566200256,1.0,0.0,0.0,0.0,0.0
11933000000,3043,0,,0,0.28816452622413635,-0.0744766816496849,-0.10583492368459702,1.0,0.0,0.0,0.0,0.0
11935000000,3044,0,,0,-0.20556576550006866,-0.1987006813287735,0.14688241481781006,1.0,0.0,0.0,0.0,0.0
11937000000,3045,0,,0,0.2500346601009369,-0.1400926411151886,0.07708997279405594,1.0,0.0,0.0,0.0,0.0
11939000000,3046,0,,0,-0.17156779766082764,0.21276026964187622,0.31430861353874207,1.0,0.0,0.0,0.0,0.0
11941000000,3047,0,,0,-0.19468306005001068,0.3803376257419586,-0.33866360783576965,1.0,0.0,0.0,0.0,0.0
11943000000,3048,0,,0,-0.11195246130228043,-0.3081424832344055,0.15181884169578552,1.0,0.0,0.0,0.0,0.0
11945000000,3049,0,,0,0.13538146018981934,0.17718331515789032,0.3760213553905487,1.0,0.0,0.0,0.0,0.0
11947000000,3050,0,,0,-0.17487838864326477,0.02102620154619217,-0.262926310300827,1.0,0.0,0.0,0.0,0.0
11949000000,3051,0,,0,0.2352253496646881,0.3547147512435913,-0.34172511100769043,1.0,0.0,0.0,0.0,0.0
11951000000,3052,0,,0,-0.19473981857299805,0.16621924936771393,-0.026014400646090508,1.0,0.0,0.0,0.0,0.0
11953000000,3053,0,,0,0.3151901662349701,-0.27116355299949646,0.020029988139867783,1.0,0.0,0.0,0.0,0.0
11955000000,3054,0,,0,0.020525936037302017,0.005886505823582411,-0.19552987813949585,1.0,0.0,0.0,0.0,0.0
11957000000,3055,0,,0,-0.3398243486881256,0.1378875970840454,0.31887316703796387,1.0,0.0,0.0,0.0,0.0
11959000000,3056,0,,0,0.3036465644836426,0.004947711247950792,0.1922852098941803,1.0,0.0,0.0,0.0,0.0
11961000000,3057,0,,0,0.3940047025680542,0.03936811164021492,-0.03437706083059311,1.0,0.0,0.0,0.0,0.0
11963000000,3058,0,,0,0.05356511473655701,-0.2049584686756134,-0.12237930297851562,1.0,0.0,0.0,0.0,0.0
11965000000,3059,0,,0,0.16357265412807465,-0.25818291306495667,0.1429964303970337,1.0,0.0,0.0,0.0,0.0
11967000000,3060,0,,0,-0.2210160791873932,0.344557523727417,0.1920444369316101,1.0,0.0,0.0,0.0,0.0
11969000000,3061,0,,0,0.38971686363220215,-0.36726114153862,-0.03131967782974243,1.0,0.0,0.0,0.0,0.0
11971000000,3062,0,,0,0.024057622998952866,-0.1484457105398178,0.36472949385643005,1.0,0.0,0.0,0.0,0.0
11973000000,3063,0,,0,0.3319009840488434,-0.09173417836427689,0.018273869529366493,1.0,0.0,0.0,0.0,0.0
11975000000,3064,0,,0,-0.2786842882633209,0.16747350990772247,0.33727145195007324,1.0,0.0,0.0,0.0,0.0
11977000000,3065,0,,0,-0.26501035690307617,0.3755963444709778,-0.22145183384418488,1.0,0.0,0.0,0.0,0.0
11979000000,3066,0,,0,-0.2333088219165802,0.07213613390922546,-0.07714243978261948,1.0,0.0,0.0,0.0,0.0
11981000000,3067,0,,0,-0.38909226655960083,-0.04190417379140854,0.3151169717311859,1.0,0.0,0.0,0.0,0.0
11983000000,3068,0,,0,0.19711928069591522,0.01839936338365078,-0.25626784563064575,1.0,0.0,0.0,0.0,0.0
11986000000,3069,0,,0,-0.15355651080608368,0.2721978724002838,0.18334157764911652,1.0,0.0,0.0,0.0,0.0
11987000000,3070,0,,0,0.1374875158071518,0.17665104568004608,-0.37059369683265686,1.0,0.0,0.0,0.0,0.0
11989000000,3071,0,,0,-0.1795845925807953,-0.18300408124923706,0.08415203541517258,1.0,0.0,0.0,0.0,0.0
11991000000,3072,0,,0,0.35496923327445984,-0.3237113356590271,-0.004504066426306963,1.0,0.0,0.0,0.0,0.0
11993000000,3073,0,,0,0.16541354358196259,0.31862524151802063,0.26184025406837463,1.0,0.0,0.0,0.0,0.0
11995000000,3074,0,,0,-0.03398443013429642,-0.24407432973384857,-0.06479687988758087,1.0,0.0,0.0,0.0,0.0
11997000000,3075,0,,0,0.33075156807899475,-0.1483372300863266,0.29127413034439087,1.0,0.0,0.0,0.0,0.0
11999000000,3076,0,,0,-0.1713126301765442,0.38099583983421326,0.22234593331813812,1.0,0.0,0.0,0.0,0.0
12001000000,3077,0,,0,-0.26234695315361023,0.3420383334159851,0.03806523606181145,1.0,0.0,0.0,0.0,0.0
12003000000,3078,0,,0,0.2268970012664795,-0.014983341097831726,-0.3314113914966583,1.0,0.0,0.0,0.0,0.0
12005000000,3079,0,,0,0.09209555387496948,-0.11350522935390472,-0.17289870977401733,1.0,0.0,0.0,0.0,0.0
12007000000,3080,0,,0,-0.22291839122772217,0.38460400700569153,0.37459686398506165,1.0,0.0,0.0,0.0,0.0
12010000000,3081,0,,0,0.38813915848731995,0.3817899823188782,-0.17369866371154785,1.0,0.0,0.0,0.0,0.0
12011000000,3082,0,,0,-0.1016814336180687,0.3550843298435211,0.15432076156139374,1.0,0.0,0.0,0.0,0.0
12013000000,3083,0,,0,0.07118592411279678,0.10854919254779816,-0.1478072851896286,1.0,0.0,0.0,0.0,0.0
12016000000,3084,0,,0,0.12141965329647064,0.1775684505701065,-0.35068053007125854,1.0,0.0,0.0,0.0,0.0
12017000000,3085,0,,0,-0.01833738386631012,-0.37610089778900146,-0.1386493444442749,1.0,0.0,0.0,0.0,0.0
12020000000,3086,0,,0,-0.1730034500360489,-0.11135882884263992,-0.28755393624305725,1.0,0.0,0.0,0.0,0.0
12022000000,3087,0,,0,0.30150899291038513,0.30931293964385986,-0.24360062181949615,1.0,0.0,0.0,0.0,0.0
12023000000,3088,0,,0,0.34378930926322937,0.13882678747177124,0.11408743262290955,1.0,0.0,0.0,0.0,0.0
12025000000,3089,0,,0,0.12452816218137741,-0.3592878580093384,0.04710724577307701,1.0,0.0,0.0,0.0,0.0
12027000000,3090,0,,0,0.22734326124191284,0.37584027647972107,0.13680993020534515,1.0,0.0,0.0,0.0,0.0
12029000000,3091,0,,0,0.36860042810440063,0.0410022959113121,-0.1506509929895401,1.0,0.0,0.0,0.0,0.0
12032000000,3092,0,,0,-0.08722926676273346,0.3456030488014221,0.3308306336402893,1.0,0.0,0.0,0.0,0.0
12033000000,3093,0,,0,0.2166556566953659,0.34000352025032043,0.040922604501247406,1.0,0.0,0.0,0.0,0.0
12035000000,3094,0,,0,-0.005201357416808605,-0.08130533248186111,-0.21576513350009918,1.0,0.0,0.0,0.0,0.0
12037000000,3095,0,,0,0.3810511529445648,-0.23356913030147552,-0.24528832733631134,1.0,0.0,0.0,0.0,0.0
12039000000,3096,0,,0,-0.06088251248002052,-0.29461145401000977,0.2347143441438675,1.0,0.0,0.0,0.0,0.0
12041000000,3097,0,,0,-0.13456806540489197,0.320197731256485,-0.03794988617300987,1.0,0.0,0.0,0.0,0.0
12043000000,3098,0,,0,0.3250162601470947,0.2657795548439026,0.14453305304050446,1.0,0.0,0.0,0.0,0.0
12045000000,3099,0,,0,0.043552082031965256,-0.144574835896492,-0.043762195855379105,1.0,0.0,0.0,0.0,0.0
12047000000,3100,0,,0,0.18899045884609222,0.12366893887519836,-0.1100069135427475,1.0,0.0,0.0,0.0,0.0
12049000000,3101,0,,0,-0.08650127053260803,-0.3960045278072357,0.1568896472454071,1.0,0.0,0.0,0.0,0.0
12051000000,3102,0,,0,0.31994715332984924,-0.18147321045398712,0.1184331625699997,1.0,0.0,0.0,0.0,0.0
12053000000,3103,0,,0,0.17854516208171844,-0.23360998928546906,-0.3726937472820282,1.0,0.0,0.0,0.0,0.0
12055000000,3104,0,,0,0.2012919783592224,0.3957376182079315,-0.13670185208320618,1.0,0.0,0.0,0.0,0.0
12057000000,3105,0,,0,0.02969011478126049,-0.3070009648799896,-0.17333188652992249,1.0,0.0,0.0,0.0,0.0
12059000000,3106,0,,0,-0.12228093296289444,-0.10400482267141342,0.03833521530032158,1.0,0.0,0.0,0.0,0.0
12061000000,3107,0,,0,0.020571060478687286,0.01125620398670435,0.13439121842384338,1.0,0.0,0.0,0.0,0.0
12063000000,3108,0,,0,0.05217037722468376,-0.12776879966259003,0.026924125850200653,1.0,0.0,0.0,0.0,0.0
12065000000,3109,0,,0,-0.16569015383720398,-0.07442377507686615,-0.3279665410518646,1.0,0.0,0.0,0.0,0.0
12067000000,3110,0,,0,-0.3235512971878052,0.32236742973327637,-0.3202480971813202,1.0,0.0,0.0,0.0,0.0
12069000000,3111,0,,0,0.3784821629524231,0.21091072261333466,-0.3049616813659668,1.0,0.0,0.0,0.0,0.0
12071000000,3112,0,,0,-0.1318744421005249,0.12452884763479233,0.015174130909144878,1.0,0.0,0.0,0.0,0.0
12073000000,3113,0,,0,-0.21935206651687622,0.08498024940490723,-0.04853655770421028,1.0,0.0,0.0,0.0,0.0
12075000000,3114,0,,0,0.37928804755210876,0.11917899549007416,-0.1603635847568512,1.0,0.0,0.0,0.0,0.0
12077000000,3115,0,,0,0.16894030570983887,0.1774512678384781,-0.15922017395496368,1.0,0.0,0.0,0.0,0.0
12079000000,3116,0,,0,0.13571715354919434,0.20461133122444153,0.21486198902130127,1.0,0.0,0.0,0.0,0.0
12081000000,3117,0,,0,-0.17474213242530823,0.24414880573749542,0.08814303576946259,1.0,0.0,0.0,0.0,0.0
12083000000,3118,0,,0,0.14031654596328735,0.12359217554330826,-0.1287640929222107,1.0,0.0,0.0,0.0,0.0
12085000000,3119,0,,0,0.16324378550052643,0.23784464597702026,0.3802908658981323,1.0,0.0,0.0,0.0,0.0
12087000000,3120,0,,0,0.027284516021609306,0.19680896401405334,-0.27623969316482544,1.0,0.0,0.0,0.0,0.0
12089000000,3121,0,,0,0.32017186284065247,-0.29401692748069763,0.10728533565998077,1.0,0.0,0.0,0.0,0.0
12091000000,3122,0,,0,0.35696327686309814,0.2540278732776642,0.32913368940353394,1.0,0.0,0.0,0.0,0.0
12093000000,3123,0,,0,-0.35405784845352173,0.14769157767295837,0.3532463312149048,1.0,0.0,0.0,0.0,0.0
12095000000,3124,0,,0,-0.18818660080432892,0.030498342588543892,0.18950892984867096,1.0,0.0,0.0,0.0,0.0
12097000000,3125,0,,0,-0.20260044932365417,-0.08114166557788849,-0.25060123205184937,1.0,0.0,0.0,0.0,0.0
12099000000,3126,0,,0,-0.2866143584251404,-0.030733993276953697,-0.22115248441696167,1.0,0.0,0.0,0.0,0.0
12101000000,3127,0,,0,-0.23555032908916473,0.21411891281604767,0.042746081948280334,1.0,0.0,0.0,0.0,0.0
12103000000,3128,0,,0,0.19780109822750092,-0.3383312523365021,-0.13392101228237152,1.0,0.0,0.0,0.0,0.0
12106000000,3129,0,,0,0.2763940989971161,0.19607418775558472,0.15734344720840454,1.0,0.0,0.0,0.0,0.0
12107000000,3130,0,,0,-0.12002355605363846,-0.03314273804426193,-0.15446576476097107,1.0,0.0,0.0,0.0,0.0
12109000000,3131,0,,0,0.08702479302883148,-0.31328412890434265,-0.2923598289489746,1.0,0.0,0.0,0.0,0.0
12112000000,3132,0,,0,-0.1784416139125824,0.35399889945983887,0.06537841260433197,1.0,0.0,0.0,0.0,0.0
12113000000,3133,0,,0,0.3282906413078308,-0.1821390688419342,-0.17199444770812988,1.0,0.0,0.0,0.0,0.0
12115000000,3134,0,,0,-0.1535024791955948,0.36347800493240356,0.2387770712375641,1.0,0.0,0.0,0.0,0.0
12117000000,3135,0,,0,0.03779062628746033,0.35104885697364807,-0.04001570865511894,1.0,0.0,0.0,0.0,0.0
12119000000,3136,0,,0,0.3230557143688202,-0.20956562459468842,-0.19850561022758484,1.0,0.0,0.0,0.0,0.0
12121000000,3137,0,,0,0.21229040622711182,-0.055435750633478165,-0.0888172835111618,1.0,0.0,0.0,0.0,0.0
12123000000,3138,0,,0,0.2692253887653351,0.055155832320451736,-0.2356741577386856,1.0,0.0,0.0,0.0,0.0
12125000000,3139,0,,0,-0.3124530613422394,0.04798110947012901,0.3961004912853241,1.0,0.0,0.0,0.0,0.0
12127000000,3140,0,,0,-0.08934309333562851,0.1652994155883789,-0.3533731698989868,1.0,0.0,0.0,0.0,0.0
12129000000,3141,0,,0,-0.2800411880016327,0.26999130845069885,-0.08087490499019623,1.0,0.0,0.0,0.0,0.0
12131000000,3142,0,,0,-0.3709324300289154,0.39107856154441833,-0.38055220246315,1.0,0.0,0.0,0.0,0.0
12133000000,3143,0,,0,0.21666263043880463,0.1637946218252182,-0.11049459129571915,1.0,0.0,0.0,0.0,0.0
12135000000,3144,0,,0,0.39582064747810364,0.05229054018855095,0.18244825303554535,1.0,0.0,0.0,0.0,0.0
12137000000,3145,0,,0,0.2844761312007904,-0.3650905191898346,-0.3944357633590698,1.0,0.0,0.0,0.0,0.0
12139000000,3146,0,,0,-0.11528877168893814,0.07370256632566452,0.08844403922557831,1.0,0.0,0.0,0.0,0.0
12141000000,3147,0,,0,0.018109416589140892,0.24482367932796478,-0.3990437984466553,1.0,0.0,0.0,0.0,0.0
12143000000,3148,0,,0,-0.043463341891765594,0.29547473788261414,-0.1500163972377777,1.0,0.0,0.0,0.0,0.0
12145000000,3149,0,,0,0.26667118072509766,0.01362875197082758,0.15726083517074585,1.0,0.0,0.0,0.0,0.0
12148000000,3150,0,,0,-0.13103783130645752,-0.13443554937839508,-0.3477102518081665,1.0,0.0,0.0,0.0,0.0
12150000000,3151,0,,0,-0.07916979491710663,-0.20247365534305573,0.24670210480690002,1.0,0.0,0.0,0.0,0.0
12152000000,3152,0,,0,0.07591739296913147,-0.07903389632701874,0.2765650451183319,1.0,0.0,0.0,0.0,0.0
12154000000,3153,0,,0,0.37866726517677307,0.2800128757953644,-0.36041826009750366,1.0,0.0,0.0,0.0,0.0
12156000000,3154,0,,0,-0.34299716353416443,-0.014969825744628906,-0.1067369356751442,1.0,0.0,0.0,0.0,0.0
12158000000,3155,0,,0,-0.33942678570747375,0.0526963546872139,0.36283770203590393,1.0,0.0,0.0,0.0,0.0
12160000000,3156,0,,0,-0.19231100380420685,0.13340581953525543,-0.1199132576584816,1.0,0.0,0.0,0.0,0.0
12162000000,3157,0,,0,0.3986760675907135,0.08889871090650558,0.0793902575969696,1.0,0.0,0.0,0.0,0.0
12164000000,3158,0,,0,0.2855348587036133,-0.2771556079387665,0.1295432150363922,1.0,0.0,0.0,0.0,0.0
12166000000,3159,0,,0,-0.3885500133037567,0.11032433807849884,0.23040233552455902,1.0,0.0,0.0,0.0,0.0
12167000000,3160,0,,0,0.19844210147857666,0.038464777171611786,-0.04914781451225281,1.0,0.0,0.0,0.0,0.0
12169000000,3161,0,,0,-0.16778966784477234,-0.3285350501537323,0.2892898619174957,1.0,0.0,0.0,0.0,0.0
12171000000,3162,0,,0,-0.2454054206609726,0.16487924754619598,0.39978814125061035,1.0,0.0,0.0,0.0,0.0
12173000000,3163,0,,0,0.1702052801847458,-0.1976403295993805,-0.34260839223861694,1.0,0.0,0.0,0.0,0.0
12175000000,3164,0,,0,-0.3638438880443573,-0.26827436685562134,0.1108330711722374,1.0,0.0,0.0,0.0,0.0
12178000000,3165,0,,0,-0.20016489923000336,-0.3529658019542694,-0.13215234875679016,1.0,0.0,0.0,0.0,0.0
12179000000,3166,0,,0,-0.06509121507406235,-0.0014255836140364408,-0.09313401579856873,1.0,0.0,0.0,0.0,0.0
12181000000,3167,0,,0,-0.09177527576684952,0.27887779474258423,0.17220747470855713,1.0,0.0,0.0,0.0,0.0
12183000000,3168,0,,0,0.07141675800085068,-0.14314305782318115,0.0813506618142128,1.0,0.0,0.0,0.0,0.0
12185000000,3169,0,,0,0.02494211308658123,0.3624136745929718,0.3721104860305786,1.0,0.0,0.0,0.0,0.0
12187000000,3170,0,,0,-0.10634174942970276,-0.31498557329177856,0.3898102641105652,1.0,0.0,0.0,0.0,0.0
12189000000,3171,0,,0,-0.369341105222702,0.04747901111841202,-0.361441045999527,1.0,0.0,0.0,0.0,0.0
12191000000,3172,0,,0,0.002730858512222767,-0.19030697643756866,0.19301524758338928,1.0,0.0,0.0,0.0,0.0
12193000000,3173,0,,0,0.24855747818946838,-0.0609540157020092,0.02483396604657173,1.0,0.0,0.0,0.0,0.0
12195000000,3174,0,,0,-0.38452863693237305,-0.19982025027275085,-0.17378316819667816,1.0,0.0,0.0,0.0,0.0
12197000000,3175,0,,0,-0.33795344829559326,-0.13793113827705383,-0.32387810945510864,1.0,0.0,0.0,0.0,0.0
12199000000,3176,0,,0,0.2738155722618103,-0.1890309602022171,0.07325687259435654,1.0,0.0,0.0,0.0,0.0
12201000000,3177,0,,0,0.3831339478492737,0.3316592872142792,0.17186832427978516,1.0,0.0,0.0,0.0,0.0
12203000000,3178,0,,0,-0.27388349175453186,-0.17285563051700592,-0.0439932756125927,1.0,0.0,0.0,0.0,0.0
12205000000,3179,0,,0,-0.2318815439939499,-0.367961049079895,0.16011834144592285,1.0,0.0,0.0,0.0,0.0
12207000000,3180,0,,0,0.256945937871933,-0.10385393351316452,-0.22367887198925018,1.0,0.0,0.0,0.0,0.0
12209000000,3181,0,,0,0.21681764721870422,-0.30499595403671265,-0.25934821367263794,1.0,0.0,0.0,0.0,0.0
12211000000,3182,0,,0,0.2324843406677246,0.25265032052993774,-0.17735518515110016,1.0,0.0,0.0,0.0,0.0
12213000000,3183,0,,0,-0.07098187506198883,0.1829189509153366,-0.027403222396969795,1.0,0.0,0.0,0.0,0.0
12215000000,3184,0,,0,0.031817205250263214,-0.2577642500400543,0.1937241107225418,1.0,0.0,0.0,0.0,0.0
12217000000,3185,0,,0,-0.249362513422966,-0.12930868566036224,0.37143000960350037,1.0,0.0,0.0,0.0,0.0
12219000000,3186,0,,0,-0.29471713304519653,-0.29792410135269165,0.18993966281414032,1.0,0.0,0.0,0.0,0.0
12221000000,3187,0,,0,0.31526580452919006,0.19553951919078827,-0.06706725060939789,1.0,0.0,0.0,0.0,0.0
12223000000,3188,0,,0,0.33437415957450867,0.09888918697834015,0.3707905411720276,1.0,0.0,0.0,0.0,0.0
12225000000,3189,0,,0,-0.20137427747249603,0.3226674199104309,-0.20798780024051666,1.0,0.0,0.0,0.0,0.0
12227000000,3190,0,,0,-0.3131559193134308,0.09811927378177643,-0.001382391550578177,1.0,0.0,0.0,0.0,0.0
12229000000,3191,0,,0,0.2794801592826843,0.3532378077507019,0.024181507527828217,1.0,0.0,0.0,0.0,0.0
12232000000,3192,0,,0,-0.3247087299823761,-0.22456564009189606,-0.14970256388187408,1.0,0.0,0.0,0.0,0.0
12233000000,3193,0,,0,0.201243594288826,-0.133388489484787,0.33780637383461,1.0,0.0,0.0,0.0,0.0
12235000000,3194,0,,0,0.21851220726966858,0.06977014243602753,0.09468987584114075,1.0,0.0,0.0,0.0,0.0
12237000000,3195,0,,0,-0.1776728481054306,-0.13391609489917755,0.004396537318825722,1.0,0.0,0.0,0.0,0.0
12240000000,3196,0,,0,0.20229829847812653,0.14635005593299866,-0.10245207697153091,1.0,0.0,0.0,0.0,0.0
12242000000,3197,0,,0,0.18310515582561493,0.025652579963207245,0.057453956454992294,1.0,0.0,0.0,0.0,0.0
12243000000,3198,0,,0,0.28152650594711304,-0.07222773879766464,0.34051865339279175,1.0,0.0,0.0,0.0,0.0
12245000000,3199,0,,0,0.3059043288230896,0.02130158431828022,0.013390474952757359,1.0,0.0,0.0,0.0,0.0
12247000000,3200,0,,0,-0.03780164197087288,-0.08373630791902542,0.28690800070762634,1.0,0.0,0.0,0.0,0.0
12249000000,3201,0,,0,-0.10777166485786438,-0.04777166619896889,0.35246458649635315,1.0,0.0,0.0,0.0,0.0
12251000000,3202,0,,0,0.07907280325889587,-0.13624469935894012,0.054224707186222076,1.0,0.0,0.0,0.0,0.0
12253000000,3203,0,,0,-0.1017974317073822,-0.0652339980006218,-0.07496120780706406,1.0,0.0,0.0,0.0,0.0
12255000000,3204,0,,0,-0.3399697244167328,0.16294679045677185,0.24696265161037445,1.0,0.0,0.0,0.0,0.0
12257000000,3205,0,,0,-0.1663886457681656,0.28925472497940063,-0.16978509724140167,1.0,0.0,0.0,0.0,0.0
12259000000,3206,0,,0,0.06058854982256889,-0.06295625120401382,-0.16583366692066193,1.0,0.0,0.0,0.0,0.0
12261000000,3207,0,,0,0.11203862726688385,-0.3480984568595886,0.2942599952220917,1.0,0.0,0.0,0.0,0.0
12263000000,3208,0,,0,0.17476436495780945,-0.2571524977684021,-0.3639954626560211,1.0,0.0,0.0,0.0,0.0
12266000000,3209,0,,0,-0.2001379132270813,0.033167459070682526,-0.2350156158208847,1.0,0.0,0.0,0.0,0.0
12267000000,3210,0,,0,-0.2662985026836395,-0.14988140761852264,0.008641209453344345,1.0,0.0,0.0,0.0,0.0
12269000000,3211,0,,0,0.3811463415622711,-0.1956460326910019,-0.1537197083234787,1.0,0.0,0.0,0.0,0.0
12271000000,3212,0,,0,-0.2716943919658661,0.22664815187454224,0.29991376399993896,1.0,0.0,0.0,0.0,0.0
12277000000,3213,0,,0,0.18217474222183228,0.08733470737934113,-0.2468787580728531,1.0,0.0,0.0,0.0,0.0
12278000000,3214,0,,0,-0.3616621196269989,0.08639084547758102,-0.20649687945842743,1.0,0.0,0.0,0.0,0.0
12279000000,3215,0,,0,-0.3909456729888916,0.18171164393424988,0.1199897825717926,1.0,0.0,0.0,0.0,0.0
12280000000,3216,0,,0,0.15346267819404602,-0.3634242117404938,0.2731642425060272,1.0,0.0,0.0,0.0,0.0
12282000000,3217,0,,0,0.3307366371154785,-0.17405907809734344,-0.06832493096590042,1.0,0.0,0.0,0.0,0.0
12283000000,3218,0,,0,-0.15244746208190918,0.08306713402271271,-0.36589550971984863,1.0,0.0,0.0,0.0,0.0
12285000000,3219,0,,0,0.3162078559398651,0.2648973762989044,-0.2916586995124817,1.0,0.0,0.0,0.0,0.0
12287000000,3220,0,,0,-0.048498060554265976,-0.269534707069397,-0.1865566223859787,1.0,0.0,0.0,0.0,0.0
12289000000,3221,0,,0,-0.25731372833251953,-0.1274556666612625,0.17397628724575043,1.0,0.0,0.0,0.0,0.0
12291000000,3222,0,,0,-0.3108218312263489,-0.13280506432056427,-0.17845173180103302,1.0,0.0,0.0,0.0,0.0
12293000000,3223,0,,0,0.1575404852628708,0.135983407497406,0.0671752318739891,1.0,0.0,0.0,0.0,0.0
12295000000,3224,0,,0,0.17252889275550842,0.32601895928382874,0.3238283097743988,1.0,0.0,0.0,0.0,0.0
12297000000,3225,0,,0,0.0840410515666008,0.18903912603855133,-0.2369968593120575,1.0,0.0,0.0,0.0,0.0
12299000000,3226,0,,0,-0.2582126259803772,0.1550135612487793,-0.3803867697715759,1.0,0.0,0.0,0.0,0.0
12301000000,3227,0,,0,-0.2326614409685135,-0.2856977880001068,-0.24382811784744263,1.0,0.0,0.0,0.0,0.0
12303000000,3228,0,,0,-0.2158333659172058,-0.3826234042644501,0.1712341010570526,1.0,0.0,0.0,0.0,0.0
12305000000,3229,0,,0,0.2826038599014282,0.26307767629623413,0.09550943225622177,1.0,0.0,0.0,0.0,0.0
12307000000,3230,0,,0,-0.0957963839173317,0.3511205315589905,0.3767789900302887,1.0,0.0,0.0,0.0,0.0
12309000000,3231,0,,0,0.38441503047943115,-0.3242209255695343,0.3613550662994385,1.0,0.0,0.0,0.0,0.0
12311000000,3232,0,,0,0.33464041352272034,-0.11050506681203842,-0.38503167033195496,1.0,0.0,0.0,0.0,0.0
12313000000,3233,0,,0,0.3002832233905792,0.12356910109519958,-0.36076852679252625,1.0,0.0,0.0,0.0,0.0
12315000000,3234,0,,0,-0.2331686168909073,0.352918803691864,-0.3336930274963379,1.0,0.0,0.0,0.0,0.0
12317000000,3235,0,,0,-0.07328864187002182,-0.10584472864866257,-0.36384251713752747,1.0,0.0,0.0,0.0,0.0
12319000000,3236,0,,0,-0.32856059074401855,0.2758711278438568,0.24834223091602325,1.0,0.0,0.0,0.0,0.0
12321000000,3237,0,,0,0.1653434783220291,-0.03792325407266617,-0.13995219767093658,1.0,0.0,0.0,0.0,0.0
12323000000,3238,0,,0,-0.10553193837404251,-0.30752474069595337,0.3212660551071167,1.0,0.0,0.0,0.0,0.0
12325000000,3239,0,,0,-0.27567258477211,0.06477402150630951,0.23140348494052887,1.0,0.0,0.0,0.0,0.0
12327000000,3240,0,,0,-0.26254934072494507,0.32838356494903564,-0.22393807768821716,1.0,0.0,0.0,0.0,0.0
12329000000,3241,0,,0,0.19432930648326874,-0.1276458352804184,0.2759566307067871,1.0,0.0,0.0,0.0,0.0
12331000000,3242,0,,0,0.18322740495204926,-0.17708396911621094,-0.3684552311897278,1.0,0.0,0.0,0.0,0.0
12333000000,3243,0,,0,0.1718408614397049,-0.07281725108623505,-0.04860129579901695,1.0,0.0,0.0,0.0,0.0
12335000000,3244,0,,0,0.3354424238204956,-0.15089762210845947,-0.13685016334056854,1.0,0.0,0.0,0.0,0.0
12337000000,3245,0,,0,0.061919789761304855,0.11090226471424103,0.24966512620449066,1.0,0.0,0.0,0.0,0.0
12339000000,3246,0,,0,0.022419456392526627,0.18741849064826965,0.3189222812652588,1.0,0.0,0.0,0.0,0.0
12341000000,3247,0,,0,-0.1976209580898285,-0.11378408223390579,0.045808449387550354,1.0,0.0,0.0,0.0,0.0
12343000000,3248,0,,0,0.09539826214313507,-0.009402836672961712,0.05951448902487755,1.0,0.0,0.0,0.0,0.0
12345000000,3249,0,,0,-0.37667056918144226,-0.055344898253679276,-0.16327063739299774,1.0,0.0,0.0,0.0,0.0
12347000000,3250,0,,0,-0.10236741602420807,-0.27580052614212036,-0.3414178788661957,1.0,0.0,0.0,0.0,0.0
12349000000,3251,0,,0,-0.05285924673080444,0.3173530697822571,-0.18161839246749878,1.0,0.0,0.0,0.0,0.0
12351000000,3252,0,,0,0.24280259013175964,0.3039870858192444,-0.03893672674894333,1.0,0.0,0.0,0.0,0.0
12353000000,3253,0,,0,-0.2907860577106476,-0.089864581823349,-0.16490517556667328,1.0,0.0,0.0,0.0,0.0
12355000000,3254,0,,0,-0.14694049954414368,-0.17256106436252594,-0.22206805646419525,1.0,0.0,0.0,0.0,0.0
12357000000,3255,0,,0,-0.3834601044654846,-0.3485328257083893,0.17185546457767487,1.0,0.0,0.0,0.0,0.0
12359000000,3256,0,,0,-0.33872440457344055,0.15525493025779724,-0.3996148109436035,1.0,0.0,0.0,0.0,0.0
12361000000,3257,0,,0,0.31178757548332214,-0.033858075737953186,-0.0597645565867424,1.0,0.0,0.0,0.0,0.0
12363000000,3258,0,,0,0.35264351963996887,0.3753470778465271,0.11481552571058273,1.0,0.0,0.0,0.0,0.0
12365000000,3259,0,,0,-0.06416209787130356,0.3593350648880005,0.38566961884498596,1.0,0.0,0.0,0.0,0.0
12367000000,3260,0,,0,-0.21176137030124664,0.30653098225593567,0.24913407862186432,1.0,0.0,0.0,0.0,0.0
12369000000,3261,0,,0,-0.2928085923194885,-0.12055259197950363,-0.05413997918367386,1.0,0.0,0.0,0.0,0.0
12371000000,3262,0,,0,-0.13308033347129822,-0.034131065011024475,-0.29562661051750183,1.0,0.0,0.0,0.0,0.0
12373000000,3263,0,,0,-0.10411986708641052,0.18497008085250854,-0.21638821065425873,1.0,0.0,0.0,0.0,0.0
12375000000,3264,0,,0,0.3754867613315582,-0.15215148031711578,0.005653906147927046,1.0,0.0,0.0,0.0,0.0
12377000000,3265,0,,0,0.3606169819831848,-0.14305326342582703,-0.07582617551088333,1.0,0.0,0.0,0.0,0.0
12379000000,3266,0,,0,0.3001464903354645,0.3076910376548767,-0.25362226366996765,1.0,0.0,0.0,0.0,0.0
12381000000,3267,0,,0,0.05137457326054573,-0.06144356355071068,-0.06236869469285011,1.0,0.0,0.0,0.0,0.0
12383000000,3268,0,,0,0.39409029483795166,0.22347982227802277,0.32414042949676514,1.0,0.0,0.0,0.0,0.0
12385000000,3269,0,,0,-0.10780717432498932,-0.35658299922943115,-0.1433366984128952,1.0,0.0,0.0,0.0,0.0
12387000000,3270,0,,0,0.1367565244436264,-0.2280670702457428,-0.12713830173015594,1.0,0.0,0.0,0.0,0.0
12389000000,3271,0,,0,-0.1085447445511818,-0.23891393840312958,-0.37994706630706787,1.0,0.0,0.0,0.0,0.0
12391000000,3272,0,,0,-0.10585609823465347,0.19628378748893738,0.11438902467489243,1.0,0.0,0.0,0.0,0.0
12393000000,3273,0,,0,0.017035571858286858,0.39738792181015015,-0.17813719809055328,1.0,0.0,0.0,0.0,0.0
12395000000,3274,0,,0,-0.13753023743629456,-0.0037239703815430403,-0.03150949627161026,1.0,0.0,0.0,0.0,0.0
12397000000,3275,0,,0,-0.09095608443021774,-0.06757064163684845,-0.2660057246685028,1.0,0.0,0.0,0.0,0.0
12399000000,3276,0,,0,0.21784330904483795,-0.016546154394745827,-0.26316529512405396,1.0,0.0,0.0,0.0,0.0
12402000000,3277,0,,0,-0.2511315941810608,-0.11439435184001923,0.3523964583873749,1.0,0.0,0.0,0.0,0.0
12403000000,3278,0,,0,-0.30766817927360535,-0.3237759470939636,-0.3023095428943634,1.0,0.0,0.0,0.0,0.0
12405000000,3279,0,,0,-0.3864343762397766,-0.3549494445323944,0.2520059645175934,1.0,0.0,0.0,0.0,0.0
12407000000,3280,0,,0,0.1979265660047531,0.36542847752571106,-0.23392201960086823,1.0,0.0,0.0,0.0,0.0
12409000000,3281,0,,0,0.28116515278816223,0.009358302690088749,-0.08400309085845947,1.0,0.0,0.0,0.0,0.0
12411000000,3282,0,,0,0.29504626989364624,-0.1699848622083664,0.15197426080703735,1.0,0.0,0.0,0.0,0.0
12414000000,3283,0,,0,-0.008952779695391655,-0.25372323393821716,-0.3122972846031189,1.0,0.0,0.0,0.0,0.0
12415000000,3284,0,,0,0.03807617723941803,0.26946887373924255,-0.2399563193321228,1.0,0.0,0.0,0.0,0.0
12417000000,3285,0,,0,0.38052645325660706,0.3052722215652466,0.014806832186877728,1.0,0.0,0.0,0.0,0.0
12419000000,3286,0,,0,-0.08010195195674896,-0.2972506880760193,-0.17772917449474335,1.0,0.0,0.0,0.0,0.0
12421000000,3287,0,,0,-0.3735746443271637,-0.2230377048254013,0.13432970643043518,1.0,0.0,0.0,0.0,0.0
12424000000,3288,0,,0,0.15988971292972565,0.27031028270721436,-0.05354088917374611,1.0,0.0,0.0,0.0,0.0
12425000000,3289,0,,0,0.04195788502693176,-0.372554749250412,0.26782041788101196,1.0,0.0,0.0,0.0,0.0
12428000000,3290,0,,0,0.31809836626052856,0.18202051520347595,0.1102035790681839,1.0,0.0,0.0,0.0,0.0
12429000000,3291,0,,0,0.2638317048549652,0.26423612236976624,0.37958770990371704,1.0,0.0,0.0,0.0,0.0
12432000000,3292,0,,0,0.1029571071267128,-0.11890657246112823,-0.10372427850961685,1.0,0.0,0.0,0.0,0.0
12433000000,3293,0,,0,0.3333815634250641,-0.3175203204154968,-0.05253322422504425,1.0,0.0,0.0,0.0,0.0
12435000000,3294,0,,0,-0.17227916419506073,0.16345366835594177,-0.38923993706703186,1.0,0.0,0.0,0.0,0.0
12437000000,3295,0,,0,0.022203052416443825,-0.25192123651504517,-0.3582415282726288,1.0,0.0,0.0,0.0,0.0
12439000000,3296,0,,0,0.38750237226486206,0.01824272610247135,0.05236194655299187,1.0,0.0,0.0,0.0,0.0
12442000000,3297,0,,0,-0.1222103163599968,-0.32084283232688904,-0.16560575366020203,1.0,0.0,0.0,0.0,0.0
12443000000,3298,0,,0,-0.3430185914039612,0.27787521481513977,-0.2969215214252472,1.0,0.0,0.0,0.0,0.0
12445000000,3299,0,,0,-0.20779293775558472,0.2321566790342331,-0.28145474195480347,1.0,0.0,0.0,0.0,0.0
12447000000,3300,0,,0,0.3068516254425049,-0.39069488644599915,-0.03367231413722038,1.0,0.0,0.0,0.0,0.0
12450000000,3301,0,,0,0.01939447782933712,-0.331882119178772,-0.15725572407245636,1.0,0.0,0.0,0.0,0.0
12451000000,3302,0,,0,-0.30056437849998474,0.3813619613647461,-0.20458240807056427,1.0,0.0,0.0,0.0,0.0
12453000000,3303,0,,0,0.26854079961776733,0.15483233332633972,-0.30554431676864624,1.0,0.0,0.0,0.0,0.0
12456000000,3304,0,,0,0.1806582808494568,0.09989975392818451,0.0502864234149456,1.0,0.0,0.0,0.0,0.0
12457000000,3305,0,,0,-0.3077775537967682,-0.20333467423915863,0.15901413559913635,1.0,0.0,0.0,0.0,0.0
12459000000,3306,0,,0,-0.34305405616760254,-0.015179376117885113,0.2333800345659256,1.0,0.0,0.0,0.0,0.0
12461000000,3307,0,,0,-0.30589228868484497,-0.044643253087997437,-0.24893106520175934,1.0,0.0,0.0,0.0,0.0
12463000000,3308,0,,0,-0.3586638271808624,0.2928480803966522,0.11720608919858932,1.0,0.0,0.0,0.0,0.0
12465000000,3309,0,,0,-0.28163790702819824,0.03304013982415199,0.003072585677728057,1.0,0.0,0.0,0.0,0.0
12467000000,3310,0,,0,0.33543860912323,-0.2990863621234894,0.26104536652565,1.0,0.0,0.0,0.0,0.0
12469000000,3311,0,,0,-0.25703394412994385,-0.382779985666275,0.3430035412311554,1.0,0.0,0.0,0.0,0.0
12471000000,3312,0,,0,-0.03576343134045601,-0.38114604353904724,0.2361690104007721,1.0,0.0,0.0,0.0,0.0
12473000000,3313,0,,0,-0.127034991979599,-0.07051201909780502,-0.14554497599601746,1.0,0.0,0.0,0.0,0.0
12475000000,3314,0,,0,0.20638838410377502,-0.0818825215101242,0.029972286894917488,1.0,0.0,0.0,0.0,0.0
12477000000,3315,0,,0,-0.36905863881111145,0.06914745271205902,0.25835758447647095,1.0,0.0,0.0,0.0,0.0
12479000000,3316,0,,0,0.3193204700946808,0.31412652134895325,0.2588726580142975,1.0,0.0,0.0,0.0,0.0
12481000000,3317,0,,0,-0.15813502669334412,0.27862703800201416,-0.343371719121933,1.0,0.0,0.0,0.0,0.0
12483000000,3318,0,,0,0.3649712800979614,0.10987626761198044,0.03223443776369095,1.0,0.0,0.0,0.0,0.0
12485000000,3319,0,,0,0.20942501723766327,0.13405580818653107,-0.2495608627796173,1.0,0.0,0.0,0.0,0.0
12487000000,3320,0,,0,0.36823809146881104,-0.12976479530334473,0.12677441537380219,1.0,0.0,0.0,0.0,0.0
12489000000,3321,0,,0,-0.1663871556520462,0.39828404784202576,0.38407906889915466,1.0,0.0,0.0,0.0,0.0
12491000000,3322,0,,0,0.2930392622947693,-0.03788524121046066,-0.33833223581314087,1.0,0.0,0.0,0.0,0.0
12493000000,3323,0,,0,0.24615003168582916,-0.34730634093284607,-0.16760779917240143,1.0,0.0,0.0,0.0,0.0
12495000000,3324,0,,0,0.20361506938934326,0.28114601969718933,0.15028096735477448,1.0,0.0,0.0,0.0,0.0
12497000000,3325,0,,0,0.32518166303634644,0.2993726432323456,-0.019401494413614273,1.0,0.0,0.0,0.0,0.0
12499000000,3326,0,,0,-0.33473455905914307,0.22363635897636414,0.014716246165335178,1.0,0.0,0.0,0.0,0.0
12501000000,3327,0,,0,0.17992588877677917,0.0895223319530487,-0.28616321086883545,1.0,0.0,0.0,0.0,0.0
12503000000,3328,0,,0,-0.36011257767677307,0.24033495783805847,0.02808753214776516,1.0,0.0,0.0,0.0,0.0
12505000000,3329,0,,0,0.1323658525943756,0.19190926849842072,-0.22402183711528778,1.0,0.0,0.0,0.0,0.0
12507000000,3330,0,,0,0.20420247316360474,-0.014326861128211021,0.031880270689725876,1.0,0.0,0.0,0.0,0.0
12509000000,3331,0,,0,-0.35209208726882935,-0.3830265402793884,-0.3486323654651642,1.0,0.0,0.0,0.0,0.0
12511000000,3332,0,,0,0.11922565847635269,-0.38470542430877686,-0.03839811682701111,1.0,0.0,0.0,0.0,0.0
12513000000,3333,0,,0,-0.07744164764881134,-0.3543410897254944,-0.08586081117391586,1.0,0.0,0.0,0.0,0.0
12515000000,3334,0,,0,-0.23998381197452545,-0.16189740598201752,-0.03793710470199585,1.0,0.0,0.0,0.0,0.0
12517000000,3335,0,,0,-0.001782835926860571,-0.1693774312734604,0.1332794576883316,1.0,0.0,0.0,0.0,0.0
12519000000,3336,0,,0,0.2469753921031952,-0.02008995972573757,0.026832658797502518,1.0,0.0,0.0,0.0,0.0
12521000000,3337,0,,0,0.3979702293872833,0.29711103439331055,-0.30664122104644775,1.0,0.0,0.0,0.0,0.0
12523000000,3338,0,,0,-0.3160877823829651,0.07729361951351166,0.35541924834251404,1.0,0.0,0.0,0.0,0.0
12525000000,3339,0,,0,-0.053965747356414795,0.22229540348052979,0.061972472816705704,1.0,0.0,0.0,0.0,0.0
12527000000,3340,0,,0,-0.08066851645708084,-0.2528631091117859,-0.3171127140522003,1.0,0.0,0.0,0.0,0.0
12529000000,3341,0,,0,-0.2624572217464447,-0.12169484049081802,0.03423773869872093,1.0,0.0,0.0,0.0,0.0
12531000000,3342,0,,0,-0.19601531326770782,0.0672714114189148,0.07822543382644653,1.0,0.0,0.0,0.0,0.0
12533000000,3343,0,,0,-0.3461674749851227,-0.3704935312271118,-0.2573031485080719,1.0,0.0,0.0,0.0,0.0
12535000000,3344,0,,0,0.17871080338954926,-0.21317557990550995,0.3737846910953522,1.0,0.0,0.0,0.0,0.0
12537000000,3345,0,,0,-0.27233508229255676,-0.32024797797203064,-0.05454590544104576,1.0,0.0,0.0,0.0,0.0
12539000000,3346,0,,0,-0.10081318020820618,-0.30010727047920227,0.18599314987659454,1.0,0.0,0.0,0.0,0.0
12541000000,3347,0,,0,0.09527812153100967,-0.39149633049964905,-0.10315845906734467,1.0,0.0,0.0,0.0,0.0
12543000000,3348,0,,0,-0.21530196070671082,0.02340109832584858,0.18901067972183228,1.0,0.0,0.0,0.0,0.0
12545000000,3349,0,,0,-0.07488008588552475,-0.24824264645576477,0.2740996181964874,1.0,0.0,0.0,0.0,0.0
12547000000,3350,0,,0,-0.36019638180732727,0.0712500587105751,-0.18545344471931458,1.0,0.0,0.0,0.0,0.0
12549000000,3351,0,,0,-0.2164659947156906,-0.10879798978567123,-0.02283642627298832,1.0,0.0,0.0,0.0,0.0
12551000000,3352,0,,0,-0.2904883921146393,0.06491751968860626,0.22064703702926636,1.0,0.0,0.0,0.0,0.0
12553000000,3353,0,,0,0.22672753036022186,-0.262975811958313,-0.39692801237106323,1.0,0.0,0.0,0.0,0.0
12555000000,3354,0,,0,0.3333621025085449,0.18830111622810364,0.3174848258495331,1.0,0.0,0.0,0.0,0.0
12557000000,3355,0,,0,-0.06941606104373932,0.34018319845199585,0.14941008388996124,1.0,0.0,0.0,0.0,0.0
12559000000,3356,0,,0,0.14563505351543427,0.2334609478712082,-0.003926184959709644,1.0,0.0,0.0,0.0,0.0
12561000000,3357,0,,0,-0.301420658826828,-0.37463971972465515,-0.21425971388816833,1.0,0.0,0.0,0.0,0.0
12563000000,3358,0,,0,0.16992713510990143,-0.07721976935863495,-0.310344934463501,1.0,0.0,0.0,0.0,0.0
12565000000,3359,0,,0,0.38928303122520447,-0.2199377715587616,-0.06078454852104187,1.0,0.0,0.0,0.0,0.0
12567000000,3360,0,,0,0.1814492642879486,0.3859524428844452,-0.2917051315307617,1.0,0.0,0.0,0.0,0.0
12569000000,3361,0,,0,0.07234548777341843,0.39654576778411865,-0.21048961579799652,1.0,0.0,0.0,0.0,0.0
12571000000,3362,0,,0,0.07869225740432739,-0.1007944718003273,-0.37462347745895386,1.0,0.0,0.0,0.0,0.0
12573000000,3363,0,,0,0.19688202440738678,0.05852273851633072,0.037695471197366714,1.0,0.0,0.0,0.0,0.0
12575000000,3364,0,,0,0.28223875164985657,-0.1327657848596573,-0.2881655991077423,1.0,0.0,0.0,0.0,0.0
12577000000,3365,0,,0,0.05261650308966637,0.2353515625,0.14946959912776947,1.0,0.0,0.0,0.0,0.0
12579000000,3366,0,,0,0.21275711059570312,0.11358562111854553,-0.2873891592025757,1.0,0.0,0.0,0.0,0.0
12581000000,3367,0,,0,-0.29316166043281555,-0.0924249216914177,-0.031466055661439896,1.0,0.0,0.0,0.0,0.0
12583000000,3368,0,,0,0.1323975920677185,0.10634932667016983,0.15185432136058807,1.0,0.0,0.0,0.0,0.0
12585000000,3369,0,,0,-0.06816499680280685,0.061037272214889526,-0.30100515484809875,1.0,0.0,0.0,0.0,0.0
12587000000,3370,0,,0,0.04068148136138916,-0.075764499604702,0.37351125478744507,1.0,0.0,0.0,0.0,0.0
12589000000,3371,0,,0,0.016787216067314148,-0.36410045623779297,-0.2328321635723114,1.0,0.0,0.0,0.0,0.0
12591000000,3372,0,,0,-0.10052218288183212,-0.11231018602848053,0.27318063378334045,1.0,0.0,0.0,0.0,0.0
12593000000,3373,0,,0,-0.03704395517706871,0.25371620059013367,0.052117716521024704,1.0,0.0,0.0,0.0,0.0
12595000000,3374,0,,0,-0.08614832907915115,-0.16930237412452698,0.19294187426567078,1.0,0.0,0.0,0.0,0.0
12598000000,3375,0,,0,-0.3003472089767456,0.29727795720100403,0.106890968978405,1.0,0.0,0.0,0.0,0.0
12600000000,3376,0,,0,0.02899233251810074,0.05414706841111183,0.01278461329638958,1.0,0.0,0.0,0.0,0.0
12601000000,3377,0,,0,0.027071096003055573,0.35324254631996155,-0.10515939444303513,1.0,0.0,0.0,0.0,0.0
12604000000,3378,0,,0,-0.3333034813404083,-0.11686252057552338,0.021230245009064674,1.0,0.0,0.0,0.0,0.0
12605000000,3379,0,,0,-0.19165486097335815,0.0665748193860054,0.3301602602005005,1.0,0.0,0.0,0.0,0.0
12607000000,3380,0,,0,-0.2626228630542755,0.0277175884693861,0.13910551369190216,1.0,0.0,0.0,0.0,0.0
12609000000,3381,0,,0,0.1570497751235962,0.06641777604818344,-0.39687657356262207,1.0,0.0,0.0,0.0,0.0
12611000000,3382,0,,0,-0.22182390093803406,-0.028955820947885513,0.010178565979003906,1.0,0.0,0.0,0.0,0.0
12613000000,3383,0,,0,0.10848482698202133,0.08086975663900375,-0.3676586151123047,1.0,0.0,0.0,0.0,0.0
12615000000,3384,0,,0,0.24800974130630493,-0.03891338035464287,0.05036113038659096,1.0,0.0,0.0,0.0,0.0
12617000000,3385,0,,0,0.02363426797091961,-0.14566519856452942,0.3033222258090973,1.0,0.0,0.0,0.0,0.0
12619000000,3386,0,,0,0.28390854597091675,-0.15843212604522705,-0.23216509819030762,1.0,0.0,0.0,0.0,0.0
12621000000,3387,0,,0,0.3896869719028473,-0.36213353276252747,0.22190208733081818,1.0,0.0,0.0,0.0,0.0
12623000000,3388,0,,0,0.016860298812389374,-0.07331768423318863,-0.24144954979419708,1.0,0.0,0.0,0.0,0.0
12625000000,3389,0,,0,0.38555827736854553,0.03284364566206932,-0.33311864733695984,1.0,0.0,0.0,0.0,0.0
12627000000,3390,0,,0,0.10248849540948868,0.27878493070602417,-0.10484063625335693,1.0,0.0,0.0,0.0,0.0
12629000000,3391,0,,0,0.1667618453502655,-0.18098437786102295,0.2204980105161667,1.0,0.0,0.0,0.0,0.0
12631000000,3392,0,,0,-0.09275960922241211,0.05365212634205818,-0.347151517868042,1.0,0.0,0.0,0.0,0.0
12633000000,3393,0,,0,-0.0927150622010231,-0.1878562569618225,0.19773602485656738,1.0,0.0,0.0,0.0,0.0
12635000000,3394,0,,0,-0.33015143871307373,0.03959977254271507,-0.1396050602197647,1.0,0.0,0.0,0.0,0.0
12637000000,3395,0,,0,0.1460256725549698,-0.013219009153544903,-0.1404651403427124,1.0,0.0,0.0,0.0,0.0
12639000000,3396,0,,0,-0.15572308003902435,0.1411621868610382,-0.01096043549478054,1.0,0.0,0.0,0.0,0.0
12641000000,3397,0,,0,-0.1790597289800644,-0.12006425112485886,-0.08841586112976074,1.0,0.0,0.0,0.0,0.0
12643000000,3398,0,,0,0.2642267048358917,-0.10249359160661697,0.23048488795757294,1.0,0.0,0.0,0.0,0.0
12645000000,3399,0,,0,-0.16839401423931122,-0.32243403792381287,0.05315283685922623,1.0,0.0,0.0,0.0,0.0
12647000000,3400,0,,0,-0.25734612345695496,0.19847789406776428,-0.297065407037735,1.0,0.0,0.0,0.0,0.0
12649000000,3401,0,,0,-0.1285306215286255,-0.2125435173511505,0.17276133596897125,1.0,0.0,0.0,0.0,0.0
12651000000,3402,0,,0,-0.2900325655937195,0.14973346889019012,0.0326782651245594,1.0,0.0,0.0,0.0,0.0
12654000000,3403,0,,0,0.2685638666152954,0.3416554033756256,-0.3759514391422272,1.0,0.0,0.0,0.0,0.0
12656000000,3404,0,,0,-0.204095721244812,-0.1858057826757431,0.20576821267604828,1.0,0.0,0.0,0.0,0.0
12658000000,3405,0,,0,0.3014673888683319,0.3854694366455078,0.11791538447141647,1.0,0.0,0.0,0.0,0.0
12659000000,3406,0,,0,0.09015145152807236,-0.2793756127357483,-0.0005963793955743313,1.0,0.0,0.0,0.0,0.0
12662000000,3407,0,,0,0.23161068558692932,-0.05349212884902954,-0.24894961714744568,1.0,0.0,0.0,0.0,0.0
12664000000,3408,0,,0,-0.365940660238266,0.14610446989536285,0.06835435330867767,1.0,0.0,0.0,0.0,0.0
12666000000,3409,0,,0,0.33922719955444336,0.14889848232269287,-0.20489297807216644,1.0,0.0,0.0,0.0,0.0
12668000000,3410,0,,0,0.0408480167388916,-0.04501661658287048,0.2782221734523773,1.0,0.0,0.0,0.0,0.0
12670000000,3411,0,,0,0.022020960226655006,0.026486432179808617,0.057294610887765884,1.0,0.0,0.0,0.0,0.0
12672000000,3412,0,,0,-0.35740581154823303,0.21134857833385468,-0.16068004071712494,1.0,0.0,0.0,0.0,0.0
12674000000,3413,0,,0,0.26959699392318726,0.28421711921691895,-0.19208891689777374,1.0,0.0,0.0,0.0,0.0
12675000000,3414,0,,0,0.29181626439094543,-0.19390003383159637,0.06634226441383362,1.0,0.0,0.0,0.0,0.0
12678000000,3415,0,,0,0.3835674226284027,-0.24852772057056427,0.1848413050174713,1.0,0.0,0.0,0.0,0.0
12679000000,3416,0,,0,-0.07092376798391342,0.00848450418561697,-0.06023569777607918,1.0,0.0,0.0,0.0,0.0
12682000000,3417,0,,0,0.3013974726200104,-0.23324890434741974,0.015452784486114979,1.0,0.0,0.0,0.0,0.0
12683000000,3418,0,,0,-0.31457817554473877,-0.1693493276834488,-0.11135822534561157,1.0,0.0,0.0,0.0,0.0
12685000000,3419,0,,0,-0.23542089760303497,-0.004914752207696438,0.30359911918640137,1.0,0.0,0.0,0.0,0.0
12687000000,3420,0,,0,0.38804084062576294,-0.04691532254219055,-0.2794315814971924,1.0,0.0,0.0,0.0,0.0
12689000000,3421,0,,0,0.0548919215798378,0.323621928691864,0.38616853952407837,1.0,0.0,0.0,0.0,0.0
12691000000,3422,0,,0,0.15048862993717194,0.029897116124629974,-0.05470709502696991,1.0,0.0,0.0,0.0,0.0
12693000000,3423,0,,0,0.00359513983130455,-0.17055675387382507,0.34889137744903564,1.0,0.0,0.0,0.0,0.0
12696000000,3424,0,,0,-0.19628088176250458,0.32006776332855225,-0.3068024218082428,1.0,0.0,0.0,0.0,0.0
12697000000,3425,0,,0,-0.007465600036084652,0.24556612968444824,0.3013390898704529,1.0,0.0,0.0,0.0,0.0
12699000000,3426,0,,0,-0.38664430379867554,0.36024463176727295,-0.3278113901615143,1.0,0.0,0.0,0.0,0.0
12701000000,3427,0,,0,0.28327199816703796,0.3538125455379486,0.12907518446445465,1.0,0.0,0.0,0.0,0.0
12703000000,3428,0,,0,0.025575367733836174,0.14980098605155945,0.03496557101607323,1.0,0.0,0.0,0.0,0.0
12705000000,3429,0,,0,0.19121487438678741,-0.05040410906076431,0.3519077003002167,1.0,0.0,0.0,0.0,0.0
12707000000,3430,0,,0,-0.3182588219642639,-0.17027010023593903,-0.061446648091077805,1.0,0.0,0.0,0.0,0.0
12709000000,3431,0,,0,0.30657920241355896,-0.3255128860473633,0.29736724495887756,1.0,0.0,0.0,0.0,0.0
12711000000,3432,0,,0,-0.3325200080871582,-0.02933567576110363,0.3644484579563141,1.0,0.0,0.0,0.0,0.0
12713000000,3433,0,,0,-0.016228927299380302,0.38147157430648804,0.22414854168891907,1.0,0.0,0.0,0.0,0.0
12715000000,3434,0,,0,-0.3609093427658081,0.17425236105918884,-0.06556116044521332,1.0,0.0,0.0,0.0,0.0
12717000000,3435,0,,0,-0.36285290122032166,0.0300607793033123,0.03642505407333374,1.0,0.0,0.0,0.0,0.0
12719000000,3436,0,,0,0.06599324196577072,-0.29546186327934265,0.20899344980716705,1.0,0.0,0.0,0.0,0.0
12721000000,3437,0,,0,0.3611910343170166,0.3721446990966797,0.06461779028177261,1.0,0.0,0.0,0.0,0.0
12723000000,3438,0,,0,0.3257949948310852,0.37329861521720886,0.044901564717292786,1.0,0.0,0.0,0.0,0.0
12725000000,3439,0,,0,-0.16665706038475037,0.20192621648311615,-0.31444793939590454,1.0,0.0,0.0,0.0,0.0
12727000000,3440,0,,0,-0.13591305911540985,0.3441256880760193,0.3404605984687805,1.0,0.0,0.0,0.0,0.0
12729000000,3441,0,,0,-0.2799653112888336,-0.11260627210140228,-0.020750844851136208,1.0,0.0,0.0,0.0,0.0
12732000000,3442,0,,0,0.3074876368045807,0.39990338683128357,-0.23742501437664032,1.0,0.0,0.0,0.0,0.0
12733000000,3443,0,,0,-0.3196989595890045,-0.14562349021434784,-0.38892287015914917,1.0,0.0,0.0,0.0,0.0
12736000000,3444,0,,0,0.23927472531795502,0.35229742527008057,0.3118225038051605,1.0,0.0,0.0,0.0,0.0
12737000000,3445,0,,0,-0.012721972540020943,0.3197889029979706,-0.19078414142131805,1.0,0.0,0.0,0.0,0.0
12739000000,3446,0,,0,0.30324503779411316,-0.038423072546720505,-0.15123699605464935,1.0,0.0,0.0,0.0,0.0
12742000000,3447,0,,0,-0.0346069410443306,0.3388265073299408,0.3934995234012604,1.0,0.0,0.0,0.0,0.0
12744000000,3448,0,,0,-0.13887305557727814,0.10727308690547943,-0.13286055624485016,1.0,0.0,0.0,0.0,0.0
12746000000,3449,0,,0,0.23339127004146576,0.26578056812286377,0.3407193720340729,1.0,0.0,0.0,0.0,0.0
12748000000,3450,0,,0,0.15135012567043304,-0.2714889347553253,0.2334068864583969,1.0,0.0,0.0,0.0,0.0
12750000000,3451,0,,0,-0.004369866102933884,-0.3586207330226898,-0.20168158411979675,1.0,0.0,0.0,0.0,0.0
12751000000,3452,0,,0,-0.008431884460151196,-0.2225325107574463,0.11355450004339218,1.0,0.0,0.0,0.0,0.0
12753000000,3453,0,,0,-0.06396432220935822,-0.07282482832670212,0.20723652839660645,1.0,0.0,0.0,0.0,0.0
12756000000,3454,0,,0,0.3558379113674164,0.23841112852096558,-0.2994349002838135,1.0,0.0,0.0,0.0,0.0
12758000000,3455,0,,0,0.11640843749046326,0.19850564002990723,0.0691470131278038,1.0,0.0,0.0,0.0,0.0
12760000000,3456,0,,0,-0.34105077385902405,0.26554954051971436,0.34792283177375793,1.0,0.0,0.0,0.0,0.0
12762000000,3457,0,,0,0.1438988447189331,-0.2135288119316101,0.2705111801624298,1.0,0.0,0.0,0.0,0.0
12764000000,3458,0,,0,-0.042402349412441254,-0.11764942109584808,-0.30717432498931885,1.0,0.0,0.0,0.0,0.0
12766000000,3459,0,,0,0.34996193647384644,-0.278386652469635,-0.05599591135978699,1.0,0.0,0.0,0.0,0.0
12768000000,3460,0,,0,-0.38964414596557617,0.24256688356399536,-0.30287453532218933,1.0,0.0,0.0,0.0,0.0
12770000000,3461,0,,0,0.12623898684978485,0.14851146936416626,0.30086299777030945,1.0,0.0,0.0,0.0,0.0
12772000000,3462,0,,0,0.158843532204628,0.04870159178972244,0.18029308319091797,1.0,0.0,0.0,0.0,0.0
12774000000,3463,0,,0,-0.17159929871559143,-0.1415221095085144,-0.24921587109565735,1.0,0.0,0.0,0.0,0.0
12776000000,3464,0,,0,-0.06145299971103668,-0.11286289244890213,-0.1847575306892395,1.0,0.0,0.0,0.0,0.0
12777000000,3465,0,,0,0.16680940985679626,-0.2931012511253357,0.2581444978713989,1.0,0.0,0.0,0.0,0.0
12779000000,3466,0,,0,0.357292115688324,-0.2939412593841553,0.06173171103000641,1.0,0.0,0.0,0.0,0.0
12782000000,3467,0,,0,0.14759893715381622,0.2202875167131424,-0.36305829882621765,1.0,0.0,0.0,0.0,0.0
12784000000,3468,0,,0,-0.2789875268936157,-0.142131507396698,-0.0764484778046608,1.0,0.0,0.0,0.0,0.0
12786000000,3469,0,,0,0.2645709812641144,-0.27881720662117004,0.16707293689250946,1.0,0.0,0.0,0.0,0.0
12787000000,3470,0,,0,0.35601693391799927,-0.20251940190792084,0.08158928155899048,1.0,0.0,0.0,0.0,0.0
12789000000,3471,0,,0,-0.1409551501274109,0.3612026870250702,0.12477107346057892,1.0,0.0,0.0,0.0,0.0
12791000000,3472,0,,0,-0.08373641222715378,0.25391486287117004,0.16658513247966766,1.0,0.0,0.0,0.0,0.0
12793000000,3473,0,,0,-0.18589439988136292,-0.24211521446704865,0.271403968334198,1.0,0.0,0.0,0.0,0.0
12795000000,3474,0,,0,0.274960458278656,0.1890260875225067,0.010671796277165413,1.0,0.0,0.0,0.0,0.0
12797000000,3475,0,,0,-0.28061413764953613,-0.24193914234638214,-0.35366174578666687,1.0,0.0,0.0,0.0,0.0
12799000000,3476,0,,0,-0.3584485948085785,0.08423920720815659,0.0801258236169815,1.0,0.0,0.0,0.0,0.0
12802000000,3477,0,,0,0.08231684565544128,0.32007935643196106,0.09324582666158676,1.0,0.0,0.0,0.0,0.0
12803000000,3478,0,,0,0.07810096442699432,0.35051825642585754,-0.32369521260261536,1.0,0.0,0.0,0.0,0.0
12806000000,3479,0,,0,-0.014794147573411465,-0.15116991102695465,0.10984517633914948,1.0,0.0,0.0,0.0,0.0
12807000000,3480,0,,0,-0.154545396566391,-0.31967097520828247,-0.36121320724487305,1.0,0.0,0.0,0.0,0.0
12810000000,3481,0,,0,0.05143370106816292,0.2570175528526306,0.2708161771297455,1.0,0.0,0.0,0.0,0.0
12812000000,3482,0,,0,-0.20605312287807465,0.22195099294185638,0.2953605055809021,1.0,0.0,0.0,0.0,0.0
12814000000,3483,0,,0,-0.15208342671394348,-0.10822799056768417,0.0903153344988823,1.0,0.0,0.0,0.0,0.0
12815000000,3484,0,,0,0.2889780104160309,-0.12923622131347656,-0.3074662685394287,1.0,0.0,0.0,0.0,0.0
12818000000,3485,0,,0,-0.28727975487709045,0.14992785453796387,-0.342549592256546,1.0,0.0,0.0,0.0,0.0
12820000000,3486,0,,0,-0.10467353463172913,0.14851193130016327,0.003921328578144312,1.0,0.0,0.0,0.0,0.0
12822000000,3487,0,,0,0.16719655692577362,0.2728607952594757,0.39637309312820435,1.0,0.0,0.0,0.0,0.0
12824000000,3488,0,,0,0.15029390156269073,-0.271684855222702,0.018398597836494446,1.0,0.0,0.0,0.0,0.0
12826000000,3489,0,,0,-0.09594700485467911,0.32013773918151855,-0.24027787148952484,1.0,0.0,0.0,0.0,0.0
12827000000,3490,0,,0,-0.01351174246519804,0.14056946337223053,-0.36090975999832153,1.0,0.0,0.0,0.0,0.0
12830000000,3491,0,,0,-0.1673707515001297,0.0353456474840641,-0.14540784060955048,1.0,0.0,0.0,0.0,0.0
12832000000,3492,0,,0,-0.08320801705121994,-0.13723959028720856,-0.3389355540275574,1.0,0.0,0.0,0.0,0.0
12834000000,3493,0,,0,-0.37076452374458313,-0.23452825844287872,-0.2356434464454651,1.0,0.0,0.0,0.0,0.0
12836000000,3494,0,,0,0.06213729456067085,-0.3028891384601593,-0.32600101828575134,1.0,0.0,0.0,0.0,0.0
12838000000,3495,0,,0,-0.3517515957355499,0.28760695457458496,0.2897525429725647,1.0,0.0,0.0,0.0,0.0
12839000000,3496,0,,0,0.36910900473594666,-0.36540713906288147,-0.09146580845117569,1.0,0.0,0.0,0.0,0.0
12841000000,3497,0,,0,-0.1556311398744583,0.3412632346153259,0.2453307956457138,1.0,0.0,0.0,0.0,0.0
12844000000,3498,0,,0,0.19304102659225464,-0.2949759066104889,-0.234689399600029,1.0,0.0,0.0,0.0,0.0
12846000000,3499,0,,0,0.27172955870628357,-0.21456941962242126,-0.3853614032268524,1.0,0.0,0.0,0.0,0.0
12848000000,3500,0,,0,0.3339007496833801,0.08353540301322937,0.3549887537956238,1.0,0.0,0.0,0.0,0.0
12849000000,3501,0,,0,-0.1765214502811432,0.01859333924949169,-0.09012242406606674,1.0,0.0,0.0,0.0,0.0
12851000000,3502,0,,0,0.38365715742111206,-0.1751534789800644,0.22669705748558044,1.0,0.0,0.0,0.0,0.0
12853000000,3503,0,,0,-0.3288048505783081,-0.027404718101024628,0.3153250515460968,1.0,0.0,0.0,0.0,0.0
12855000000,3504,0,,0,-0.11005732417106628,-0.2353932410478592,0.3874590992927551,1.0,0.0,0.0,0.0,0.0
12857000000,3505,0,,0,-0.27043941617012024,-0.2681819796562195,-0.37182310223579407,1.0,0.0,0.0,0.0,0.0
12859000000,3506,0,,0,-0.3371880054473877,0.043139003217220306,-0.20905472338199615,1.0,0.0,0.0,0.0,0.0
12861000000,3507,0,,0,0.0010437560267746449,0.3145063519477844,-0.04878361523151398,1.0,0.0,0.0,0.0,0.0
12863000000,3508,0,,0,0.061199385672807693,-0.24520452320575714,0.3565036952495575,1.0,0.0,0.0,0.0,0.0
12865000000,3509,0,,0,0.23544004559516907,0.09895352274179459,-0.22109171748161316,1.0,0.0,0.0,0.0,0.0
12867000000,3510,0,,0,-0.12182015925645828,-0.08240821957588196,-0.16272284090518951,1.0,0.0,0.0,0.0,0.0
12869000000,3511,0,,0,0.17597649991512299,-0.06131637096405029,0.08617869019508362,1.0,0.0,0.0,0.0,0.0
12871000000,3512,0,,0,-0.27285489439964294,-0.33826860785484314,0.27140116691589355,1.0,0.0,0.0,0.0,0.0
12873000000,3513,0,,0,-0.31455931067466736,-0.04102751612663269,-0.2529963254928589,1.0,0.0,0.0,0.0,0.0
12875000000,3514,0,,0,0.004017847590148449,-0.30830830335617065,0.15503603219985962,1.0,0.0,0.0,0.0,0.0
12877000000,3515,0,,0,0.06612107902765274,-0.02033296786248684,0.31499210000038147,1.0,0.0,0.0,0.0,0.0
12879000000,3516,0,,0,0.06772191822528839,-0.2588766813278198,0.2592356503009796,1.0,0.0,0.0,0.0,0.0
12881000000,3517,0,,0,0.146830216050148,-0.1975107640028,-0.37894147634506226,1.0,0.0,0.0,0.0,0.0
12883000000,3518,0,,0,0.056185077875852585,0.25564154982566833,-0.031784769147634506,1.0,0.0,0.0,0.0,0.0
12885000000,3519,0,,0,-0.3242475390434265,-0.0778549537062645,0.22285626828670502,1.0,0.0,0.0,0.0,0.0
12887000000,3520,0,,0,0.2068675458431244,-0.06646164506673813,-0.2698298990726471,1.0,0.0,0.0,0.0,0.0
12889000000,3521,0,,0,-0.2807185649871826,0.22486786544322968,-0.1189039871096611,1.0,0.0,0.0,0.0,0.0
12891000000,3522,0,,0,-0.17160388827323914,0.2855081558227539,0.1444658786058426,1.0,0.0,0.0,0.0,0.0
12893000000,3523,0,,0,-0.2485235184431076,-0.15108461678028107,0.3255130350589752,1.0,0.0,0.0,0.0,0.0
12895000000,3524,0,,0,0.2610020935535431,0.06583625078201294,-0.33601701259613037,1.0,0.0,0.0,0.0,0.0
12898000000,3525,0,,0,-0.331550657749176,-0.19547563791275024,0.0616769902408123,1.0,0.0,0.0,0.0,0.0
12900000000,3526,0,,0,0.257316529750824,0.052899688482284546,-0.052895687520504,1.0,0.0,0.0,0.0,0.0
12901000000,3527,0,,0,0.07705415785312653,0.3309800624847412,-0.08979738503694534,1.0,0.0,0.0,0.0,0.0
12903000000,3528,0,,0,-0.20295917987823486,0.2799760699272156,-0.02487580105662346,1.0,0.0,0.0,0.0,0.0
12906000000,3529,0,,0,-0.10226265341043472,0.0048357099294662476,-0.25919225811958313,1.0,0.0,0.0,0.0,0.0
12908000000,3530,0,,0,0.2409043312072754,-0.18083620071411133,-0.3929024338722229,1.0,0.0,0.0,0.0,0.0
12909000000,3531,0,,0,0.15270264446735382,0.1657731682062149,-0.12744101881980896,1.0,0.0,0.0,0.0,0.0
12912000000,3532,0,,0,0.270148366689682,0.21507017314434052,0.3067474365234375,1.0,0.0,0.0,0.0,0.0
12914000000,3533,0,,0,-0.056951627135276794,0.35207489132881165,-0.0016952829901129007,1.0,0.0,0.0,0.0,0.0
12915000000,3534,0,,0,0.0016267115715891123,0.24558527767658234,0.3592204749584198,1.0,0.0,0.0,0.0,0.0
12918000000,3535,0,,0,0.09708943963050842,-0.35219526290893555,0.09852668642997742,1.0,0.0,0.0,0.0,0.0
12919000000,3536,0,,0,0.08863597363233566,0.0704810693860054,0.34374263882637024,1.0,0.0,0.0,0.0,0.0
12922000000,3537,0,,0,-0.2276340126991272,0.13604307174682617,-0.028221534565091133,1.0,0.0,0.0,0.0,0.0
12923000000,3538,0,,0,-0.3574088215827942,-0.3242451250553131,-0.14875873923301697,1.0,0.0,0.0,0.0,0.0
12926000000,3539,0,,0,-0.39848193526268005,0.05331233888864517,0.27657613158226013,1.0,0.0,0.0,0.0,0.0
12927000000,3540,0,,0,-0.264366090297699,0.060055650770664215,0.16718031466007233,1.0,0.0,0.0,0.0,0.0
12929000000,3541,0,,0,-0.32107850909233093,-0.15486012399196625,0.27188581228256226,1.0,0.0,0.0,0.0,0.0
12931000000,3542,0,,0,-0.25297459959983826,-0.02906860038638115,0.3027240037918091,1.0,0.0,0.0,0.0,0.0
12933000000,3543,0,,0,-0.004636215977370739,0.348919153213501,-0.206868976354599,1.0,0.0,0.0,0.0,0.0
12935000000,3544,0,,0,-0.23646147549152374,-0.33355262875556946,0.19466644525527954,1.0,0.0,0.0,0.0,0.0
12938000000,3545,0,,0,-0.3512897193431854,-0.19307509064674377,-0.33695873618125916,1.0,0.0,0.0,0.0,0.0
12939000000,3546,0,,0,-0.24203236401081085,-0.20661836862564087,0.179480642080307,1.0,0.0,0.0,0.0,0.0
12941000000,3547,0,,0,0.12659546732902527,0.3746870160102844,-0.3760627806186676,1.0,0.0,0.0,0.0,0.0
12943000000,3548,0,,0,0.386776328086853,0.054881785064935684,0.21899141371250153,1.0,0.0,0.0,0.0,0.0
12945000000,3549,0,,0,0.13185979425907135,-0.11203008890151978,-0.1767154186964035,1.0,0.0,0.0,0.0,0.0
12947000000,3550,0,,0,0.3551567792892456,-0.2869739830493927,0.35105133056640625,1.0,0.0,0.0,0.0,0.0
12949000000,3551,0,,0,-0.048866692930459976,0.25726374983787537,-0.3885767161846161,1.0,0.0,0.0,0.0,0.0
12951000000,3552,0,,0,-0.06471386551856995,0.0799402967095375,-0.1281936764717102,1.0,0.0,0.0,0.0,0.0
12953000000,3553,0,,0,0.22128532826900482,0.3628767132759094,-0.304819256067276,1.0,0.0,0.0,0.0,0.0
12956000000,3554,0,,0,-0.16725040972232819,-0.15900833904743195,-0.19930069148540497,1.0,0.0,0.0,0.0,0.0
12957000000,3555,0,,0,-0.3383687436580658,0.17244334518909454,-0.0068221320398151875,1.0,0.0,0.0,0.0,0.0
12959000000,3556,0,,0,0.22203867137432098,0.18046435713768005,0.0617799386382103,1.0,0.0,0.0,0.0,0.0
12962000000,3557,0,,0,-0.19955526292324066,-0.16409093141555786,0.35436344146728516,1.0,0.0,0.0,0.0,0.0
12963000000,3558,0,,0,0.27344080805778503,0.0648207888007164,0.334149032831192,1.0,0.0,0.0,0.0,0.0
12966000000,3559,0,,0,0.0740208700299263,-0.38303422927856445,-0.15810559689998627,1.0,0.0,0.0,0.0,0.0
12968000000,3560,0,,0,0.23747925460338593,0.39803406596183777,0.09935051947832108,1.0,0.0,0.0,0.0,0.0
12969000000,3561,0,,0,0.2214697003364563,-0.2113381326198578,-0.20593573153018951,1.0,0.0,0.0,0.0,0.0
12971000000,3562,0,,0,-0.09412138909101486,0.10928560793399811,-0.15340745449066162,1.0,0.0,0.0,0.0,0.0
12973000000,3563,0,,0,-0.22992226481437683,-0.2717536985874176,-0.05547202005982399,1.0,0.0,0.0,0.0,0.0
12975000000,3564,0,,0,0.32983285188674927,0.2580462694168091,0.14051537215709686,1.0,0.0,0.0,0.0,0.0
12977000000,3565,0,,0,-0.03164799511432648,-0.0738484188914299,0.2806938588619232,1.0,0.0,0.0,0.0,0.0
12979000000,3566,0,,0,0.018587378785014153,0.14301563799381256,-0.19231346249580383,1.0,0.0,0.0,0.0,0.0
12981000000,3567,0,,0,0.2657649517059326,-0.309405118227005,0.24021826684474945,1.0,0.0,0.0,0.0,0.0
12984000000,3568,0,,0,-0.18111835420131683,0.35270315408706665,-0.1589893102645874,1.0,0.0,0.0,0.0,0.0
12985000000,3569,0,,0,-0.026456080377101898,-0.0067078047432005405,0.23512713611125946,1.0,0.0,0.0,0.0,0.0
12987000000,3570,0,,0,-0.205174058675766,0.3133743405342102,0.2770702540874481,1.0,0.0,0.0,0.0,0.0
12989000000,3571,0,,0,-0.2457432895898819,-0.07840919494628906,0.18051789700984955,1.0,0.0,0.0,0.0,0.0
12991000000,3572,0,,0,-0.06889349222183228,-0.18903151154518127,-0.35315313935279846,1.0,0.0,0.0,0.0,0.0
12993000000,3573,0,,0,0.3564441204071045,0.20442619919776917,0.12420809268951416,1.0,0.0,0.0,0.0,0.0
12995000000,3574,0,,0,-0.2404676079750061,-0.32665231823921204,-0.05121786147356033,1.0,0.0,0.0,0.0,0.0
12997000000,3575,0,,0,-0.21743129193782806,0.0953165590763092,0.047435689717531204,1.0,0.0,0.0,0.0,0.0
12999000000,3576,0,,0,0.0732511356472969,0.17850655317306519,0.00423018354922533,1.0,0.0,0.0,0.0,0.0
13001000000,3577,0,,0,0.3896413743495941,0.2763728201389313,-0.3371679484844208,1.0,0.0,0.0,0.0,0.0
13003000000,3578,0,,0,-0.16411449015140533,0.35602256655693054,-0.17729400098323822,1.0,0.0,0.0,0.0,0.0
13005000000,3579,0,,0,0.18173296749591827,0.2340545505285263,-0.17944636940956116,1.0,0.0,0.0,0.0,0.0
13007000000,3580,0,,0,-0.05244259163737297,-0.31640705466270447,0.1884116530418396,1.0,0.0,0.0,0.0,0.0
13009000000,3581,0,,0,-0.01202339492738247,-0.0843803882598877,-0.14126010239124298,1.0,0.0,0.0,0.0,0.0
13011000000,3582,0,,0,-0.35852694511413574,0.08134003728628159,0.2982111871242523,1.0,0.0,0.0,0.0,0.0
13013000000,3583,0,,0,-0.09366858750581741,0.27982988953590393,0.06988419592380524,1.0,0.0,0.0,0.0,0.0
13016000000,3584,0,,0,0.3641083240509033,0.07452201843261719,0.3292277157306671,1.0,0.0,0.0,0.0,0.0
13018000000,3585,0,,0,-0.2224423885345459,-0.0026185871101915836,-0.17863379418849945,1.0,0.0,0.0,0.0,0.0
13019000000,3586,0,,0,-0.03855377063155174,-0.14897233247756958,0.015475688502192497,1.0,0.0,0.0,0.0,0.0
13022000000,3587,0,,0,0.33400437235832214,-0.22897189855575562,-0.3685196042060852,1.0,0.0,0.0,0.0,0.0
13023000000,3588,0,,0,0.3235059082508087,-0.15080340206623077,-0.35413962602615356,1.0,0.0,0.0,0.0,0.0
13026000000,3589,0,,0,0.21906879544258118,0.26818060874938965,0.27054914832115173,1.0,0.0,0.0,0.0,0.0
13027000000,3590,0,,0,-0.2033652514219284,-0.27825799584388733,-0.10574314743280411,1.0,0.0,0.0,0.0,0.0
13030000000,3591,0,,0,0.26797232031822205,-0.30161336064338684,-0.33462414145469666,1.0,0.0,0.0,0.0,0.0
13031000000,3592,0,,0,-0.30665525794029236,-0.04899244382977486,-0.15872633457183838,1.0,0.0,0.0,0.0,0.0
13034000000,3593,0,,0,0.171616792678833,0.3102622628211975,0.1206609308719635,1.0,0.0,0.0,0.0,0.0
13036000000,3594,0,,0,-0.3478664457798004,0.34943336248397827,-0.38413205742836,1.0,0.0,0.0,0.0,0.0
13037000000,3595,0,,0,-0.15266957879066467,-0.3332720398902893,0.18647830188274384,1.0,0.0,0.0,0.0,0.0
13039000000,3596,0,,0,0.22023288905620575,0.01109183207154274,0.18090520799160004,1.0,0.0,0.0,0.0,0.0
13041000000,3597,0,,0,0.10659561306238174,-0.3691670000553131,-0.2671646475791931,1.0,0.0,0.0,0.0,0.0
13043000000,3598,0,,0,-0.34099823236465454,-0.06531274318695068,0.35825029015541077,1.0,0.0,0.0,0.0,0.0
13046000000,3599,0,,0,0.3790850043296814,0.16621133685112,-0.07372242212295532,1.0,0.0,0.0,0.0,0.0
13047000000,3600,0,,0,-0.3911907374858856,0.37663352489471436,-0.0015147790545597672,1.0,0.0,0.0,0.0,0.0
13049000000,3601,0,,0,0.1875724047422409,-0.0421534888446331,-0.32298845052719116,1.0,0.0,0.0,0.0,0.0
13051000000,3602,0,,0,-0.32005974650382996,0.13157698512077332,0.3207717835903168,1.0,0.0,0.0,0.0,0.0
13053000000,3603,0,,0,0.0732225775718689,-0.21490971744060516,-0.3670378625392914,1.0,0.0,0.0,0.0,0.0
13056000000,3604,0,,0,0.11277937889099121,-0.27311423420906067,-0.24967798590660095,1.0,0.0,0.0,0.0,0.0
13058000000,3605,0,,0,-0.08230222761631012,0.07086395472288132,-0.3822679817676544,1.0,0.0,0.0,0.0,0.0
13060000000,3606,0,,0,-0.09017200022935867,0.38185450434684753,-0.05267256870865822,1.0,0.0,0.0,0.0,0.0
13061000000,3607,0,,0,-0.3540795147418976,0.3360106945037842,-0.16345882415771484,1.0,0.0,0.0,0.0,0.0
13064000000,3608,0,,0,-0.37317579984664917,-0.022552676498889923,0.04147063568234444,1.0,0.0,0.0,0.0,0.0
13066000000,3609,0,,0,-0.2782592177391052,0.34571945667266846,-0.12512142956256866,1.0,0.0,0.0,0.0,0.0
13067000000,3610,0,,0,0.08417375385761261,-0.08452191203832626,0.1479426473379135,1.0,0.0,0.0,0.0,0.0
13070000000,3611,0,,0,0.08423782140016556,-0.19266745448112488,-0.37660253047943115,1.0,0.0,0.0,0.0,0.0
13071000000,3612,0,,0,-0.0599021390080452,0.17227807641029358,0.2933667004108429,1.0,0.0,0.0,0.0,0.0
13074000000,3613,0,,0,0.01683681271970272,0.296015202999115,0.26202642917633057,1.0,0.0,0.0,0.0,0.0
13075000000,3614,0,,0,0.009699258953332901,0.1958232969045639,0.2736366391181946,1.0,0.0,0.0,0.0,0.0
13077000000,3615,0,,0,-0.2422296106815338,-0.22163492441177368,0.18015849590301514,1.0,0.0,0.0,0.0,0.0
13079000000,3616,0,,0,-0.30055102705955505,0.22029422223567963,-0.016556626185774803,1.0,0.0,0.0,0.0,0.0
13081000000,3617,0,,0,-0.20258288085460663,0.29850155115127563,0.16246870160102844,1.0,0.0,0.0,0.0,0.0
13083000000,3618,0,,0,-0.15987643599510193,-0.09696982055902481,0.017888858914375305,1.0,0.0,0.0,0.0,0.0
13085000000,3619,0,,0,-0.1050661951303482,0.19620691239833832,0.013110212050378323,1.0,0.0,0.0,0.0,0.0
13087000000,3620,0,,0,-0.10014161467552185,0.2867833375930786,-0.3366531729698181,1.0,0.0,0.0,0.0,0.0
13090000000,3621,0,,0,0.1485275775194168,0.14139683544635773,0.2951588034629822,1.0,0.0,0.0,0.0,0.0
13091000000,3622,0,,0,-0.01587592251598835,0.31584420800209045,0.07531159371137619,1.0,0.0,0.0,0.0,0.0
13093000000,3623,0,,0,-0.3860683739185333,0.26520389318466187,-0.23196867108345032,1.0,0.0,0.0,0.0,0.0
13095000000,3624,0,,0,-0.2893148362636566,-0.1935792863368988,-0.35853198170661926,1.0,0.0,0.0,0.0,0.0
13097000000,3625,0,,0,-0.06616957485675812,0.2097075879573822,-0.11111555993556976,1.0,0.0,0.0,0.0,0.0
13099000000,3626,0,,0,-0.34448349475860596,0.09857438504695892,0.28614380955696106,1.0,0.0,0.0,0.0,0.0
13101000000,3627,0,,0,-0.2751966416835785,0.12140516936779022,0.22801010310649872,1.0,0.0,0.0,0.0,0.0
13103000000,3628,0,,0,0.33684515953063965,0.17162853479385376,0.1640966385602951,1.0,0.0,0.0,0.0,0.0
13105000000,3629,0,,0,0.02278277650475502,0.3237455487251282,-0.22663770616054535,1.0,0.0,0.0,0.0,0.0
13107000000,3630,0,,0,0.21809320151805878,-0.09139322489500046,0.3029944598674774,1.0,0.0,0.0,0.0,0.0
13110000000,3631,0,,0,0.09399037063121796,-0.351822167634964,-0.022031662985682487,1.0,0.0,0.0,0.0,0.0
13111000000,3632,0,,0,0.2472689002752304,-0.20797079801559448,0.26942262053489685,1.0,0.0,0.0,0.0,0.0
13113000000,3633,0,,0,-0.07463935017585754,-0.16755446791648865,-0.13812407851219177,1.0,0.0,0.0,0.0,0.0
13115000000,3634,0,,0,0.1456586867570877,0.2595895826816559,-0.06180637702345848,1.0,0.0,0.0,0.0,0.0
13118000000,3635,0,,0,-0.3426505923271179,-0.06111116707324982,-0.36134642362594604,1.0,0.0,0.0,0.0,0.0
13120000000,3636,0,,0,0.3954143524169922,0.19237211346626282,0.2707987427711487,1.0,0.0,0.0,0.0,0.0
13122000000,3637,0,,0,0.38559824228286743,-0.0981815829873085,-0.10705835372209549,1.0,0.0,0.0,0.0,0.0
13123000000,3638,0,,0,0.05415307730436325,0.14756053686141968,0.028543202206492424,1.0,0.0,0.0,0.0,0.0
13125000000,3639,0,,0,0.37663501501083374,-0.230676531791687,-0.2859686613082886,1.0,0.0,0.0,0.0,0.0
13127000000,3640,0,,0,-0.15396742522716522,-0.02107485570013523,0.20719553530216217,1.0,0.0,0.0,0.0,0.0
13129000000,3641,0,,0,-0.2627007067203522,0.20353560149669647,-0.2332475483417511,1.0,0.0,0.0,0.0,0.0
13131000000,3642,0,,0,-0.00674614030867815,0.010986361652612686,-0.3444874584674835,1.0,0.0,0.0,0.0,0.0
13134000000,3643,0,,0,0.21172505617141724,-0.16409450769424438,-0.10760091990232468,1.0,0.0,0.0,0.0,0.0
13135000000,3644,0,,0,0.20484435558319092,0.28120261430740356,0.26130276918411255,1.0,0.0,0.0,0.0,0.0
13137000000,3645,0,,0,-0.3201448619365692,-0.29959535598754883,0.0732894241809845,1.0,0.0,0.0,0.0,0.0
13139000000,3646,0,,0,-0.03534683957695961,-0.3733893036842346,-0.2166692018508911,1.0,0.0,0.0,0.0,0.0
13141000000,3647,0,,0,0.36058515310287476,0.3514324426651001,-0.25547489523887634,1.0,0.0,0.0,0.0,0.0
13143000000,3648,0,,0,0.10221076756715775,0.1658324897289276,-0.1351647675037384,1.0,0.0,0.0,0.0,0.0
13145000000,3649,0,,0,-0.34941548109054565,0.17639978229999542,-0.10138047486543655,1.0,0.0,0.0,0.0,0.0
13147000000,3650,0,,0,-0.33118975162506104,0.2824415862560272,0.18087425827980042,1.0,0.0,0.0,0.0,0.0
13149000000,3651,0,,0,-0.26314353942871094,0.04078057035803795,-0.2360071837902069,1.0,0.0,0.0,0.0,0.0
13151000000,3652,0,,0,0.2187046855688095,-0.33350542187690735,0.3660314381122589,1.0,0.0,0.0,0.0,0.0
13153000000,3653,0,,0,-0.23681585490703583,-0.31009188294410706,0.3426419496536255,1.0,0.0,0.0,0.0,0.0
13155000000,3654,0,,0,-0.2560647130012512,-0.3539646863937378,-0.07646644860506058,1.0,0.0,0.0,0.0,0.0
13157000000,3655,0,,0,0.2657148838043213,0.01840481534600258,-0.11302986741065979,1.0,0.0,0.0,0.0,0.0
13159000000,3656,0,,0,0.09077057987451553,-0.25854766368865967,0.2356313169002533,1.0,0.0,0.0,0.0,0.0
13161000000,3657,0,,0,0.14547163248062134,-0.31088176369667053,-0.0188834797590971,1.0,0.0,0.0,0.0,0.0
13163000000,3658,0,,0,0.35082539916038513,-0.05806976929306984,0.3073497414588928,1.0,0.0,0.0,0.0,0.0
13165000000,3659,0,,0,0.0037390540819615126,0.3226822316646576,-0.3183567523956299,1.0,0.0,0.0,0.0,0.0
13167000000,3660,0,,0,0.17464977502822876,0.3178873062133789,0.15806859731674194,1.0,0.0,0.0,0.0,0.0
13169000000,3661,0,,0,0.09603367745876312,-0.14266696572303772,-0.05690064653754234,1.0,0.0,0.0,0.0,0.0
13171000000,3662,0,,0,0.07028968632221222,-0.27846139669418335,0.19124005734920502,1.0,0.0,0.0,0.0,0.0
13173000000,3663,0,,0,0.26611676812171936,-0.3818496763706207,0.29826077818870544,1.0,0.0,0.0,0.0,0.0
13175000000,3664,0,,0,-0.35157084465026855,-0.23808835446834564,0.32793939113616943,1.0,0.0,0.0,0.0,0.0
13177000000,3665,0,,0,0.3397303819656372,0.07141383737325668,-0.007064406294375658,1.0,0.0,0.0,0.0,0.0
13179000000,3666,0,,0,0.28375792503356934,-0.26363444328308105,-0.31699812412261963,1.0,0.0,0.0,0.0,0.0
13181000000,3667,0,,0,0.1449904441833496,0.05695246160030365,-0.2990294098854065,1.0,0.0,0.0,0.0,0.0
13183000000,3668,0,,0,0.1018638014793396,0.16957592964172363,-0.3844771683216095,1.0,0.0,0.0,0.0,0.0
13185000000,3669,0,,0,0.2663196921348572,-0.023067736998200417,0.033660564571619034,1.0,0.0,0.0,0.0,0.0
13187000000,3670,0,,0,0.3409727215766907,-0.07361398637294769,0.1356944590806961,1.0,0.0,0.0,0.0,0.0
13189000000,3671,0,,0,-0.25299179553985596,-0.31644997000694275,0.176536425948143,1.0,0.0,0.0,0.0,0.0
13192000000,3672,0,,0,0.02477101981639862,0.33960434794425964,0.11406613141298294,1.0,0.0,0.0,0.0,0.0
13193000000,3673,0,,0,0.11712928116321564,-0.18183258175849915,-0.2856235206127167,1.0,0.0,0.0,0.0,0.0
13196000000,3674,0,,0,-0.26003941893577576,-0.3153541684150696,0.14205561578273773,1.0,0.0,0.0,0.0,0.0
13198000000,3675,0,,0,-0.018700692802667618,0.18359994888305664,0.08777263760566711,1.0,0.0,0.0,0.0,0.0
13199000000,3676,0,,0,0.10231505334377289,-0.3141269087791443,0.00031466857763007283,1.0,0.0,0.0,0.0,0.0
13201000000,3677,0,,0,-0.06553193926811218,0.333561509847641,-0.16193430125713348,1.0,0.0,0.0,0.0,0.0
13203000000,3678,0,,0,0.26322922110557556,-0.06255774199962616,0.07682234048843384,1.0,0.0,0.0,0.0,0.0
13205000000,3679,0,,0,0.3805638253688812,0.17246022820472717,-0.3331294357776642,1.0,0.0,0.0,0.0,0.0
13207000000,3680,0,,0,-0.2385489046573639,0.394387811422348,-0.090847909450531,1.0,0.0,0.0,0.0,0.0
13209000000,3681,0,,0,-0.15061186254024506,0.07838615775108337,0.3396790623664856,1.0,0.0,0.0,0.0,0.0
13211000000,3682,0,,0,-0.06705392152070999,0.22870425879955292,-0.3631272315979004,1.0,0.0,0.0,0.0,0.0
13213000000,3683,0,,0,0.03656189888715744,-0.186640664935112,-0.29361873865127563,1.0,0.0,0.0,0.0,0.0
13215000000,3684,0,,0,0.08095964789390564,-0.13523496687412262,-0.02545017935335636,1.0,0.0,0.0,0.0,0.0
13217000000,3685,0,,0,0.3869493901729584,-0.18845902383327484,0.30075377225875854,1.0,0.0,0.0,0.0,0.0
13219000000,3686,0,,0,0.2556496858596802,-0.18223929405212402,-0.0006351730553433299,1.0,0.0,0.0,0.0,0.0
13221000000,3687,0,,0,-0.07249214500188828,0.3396514654159546,0.07530280947685242,1.0,0.0,0.0,0.0,0.0
13223000000,3688,0,,0,-0.15331599116325378,-0.319898784160614,0.22469598054885864,1.0,0.0,0.0,0.0,0.0
13225000000,3689,0,,0,0.3799281418323517,-0.38451460003852844,-0.10284776240587234,1.0,0.0,0.0,0.0,0.0
13227000000,3690,0,,0,-0.1353427916765213,-0.33212482929229736,-0.10922764241695404,1.0,0.0,0.0,0.0,0.0
13229000000,3691,0,,0,0.07188639789819717,-0.0006435524555854499,-0.3567868173122406,1.0,0.0,0.0,0.0,0.0
13231000000,3692,0,,0,0.16596582531929016,-0.028491521254181862,0.13239748775959015,1.0,0.0,0.0,0.0,0.0
13233000000,3693,0,,0,0.11692968010902405,-0.14069516956806183,0.2831466495990753,1.0,0.0,0.0,0.0,0.0
13235000000,3694,0,,0,-0.1626100242137909,-0.2584827244281769,-0.2939996123313904,1.0,0.0,0.0,0.0,0.0
13237000000,3695,0,,0,0.05104607343673706,0.37037473917007446,0.027503883466124535,1.0,0.0,0.0,0.0,0.0
13239000000,3696,0,,0,0.06771422922611237,0.1626392900943756,-0.3066677749156952,1.0,0.0,0.0,0.0,0.0
13242000000,3697,0,,0,0.2930796444416046,-0.11748820543289185,-0.18945112824440002,1.0,0.0,0.0,0.0,0.0
13243000000,3698,0,,0,0.25550752878189087,-0.11022408306598663,-0.03995102271437645,1.0,0.0,0.0,0.0,0.0
13246000000,3699,0,,0,-0.3027007281780243,-0.19330528378486633,0.1813296377658844,1.0,0.0,0.0,0.0,0.0
13248000000,3700,0,,0,0.036661297082901,0.031005095690488815,-0.005603015888482332,1.0,0.0,0.0,0.0,0.0
13249000000,3701,0,,0,0.39023357629776,-0.11442649364471436,-0.10715364664793015,1.0,0.0,0.0,0.0,0.0
13252000000,3702,0,,0,0.08807900547981262,0.3439977765083313,-0.18895424902439117,1.0,0.0,0.0,0.0,0.0
13254000000,3703,0,,0,-0.18063274025917053,-0.07601489126682281,-0.08301436901092529,1.0,0.0,0.0,0.0,0.0
13255000000,3704,0,,0,-0.30235815048217773,0.11468519270420074,-0.2054949551820755,1.0,0.0,0.0,0.0,0.0
13257000000,3705,0,,0,-0.20794060826301575,0.26435720920562744,-0.1682344377040863,1.0,0.0,0.0,0.0,0.0
13260000000,3706,0,,0,0.004144873470067978,0.16135573387145996,0.15273979306221008,1.0,0.0,0.0,0.0,0.0
13261000000,3707,0,,0,-0.2524086534976959,-0.08151694387197495,0.011438779532909393,1.0,0.0,0.0,0.0,0.0
13263000000,3708,0,,0,-0.19833014905452728,0.036284081637859344,0.38082149624824524,1.0,0.0,0.0,0.0,0.0
13266000000,3709,0,,0,-0.040424685925245285,-0.1974121332168579,0.11666107177734375,1.0,0.0,0.0,0.0,0.0
13268000000,3710,0,,0,0.14891187846660614,-0.1610003411769867,-0.013215987011790276,1.0,0.0,0.0,0.0,0.0
13270000000,3711,0,,0,0.082585409283638,0.08284111320972443,-0.3408058285713196,1.0,0.0,0.0,0.0,0.0
13272000000,3712,0,,0,-0.28464627265930176,-0.06629804521799088,0.032737281173467636,1.0,0.0,0.0,0.0,0.0
13273000000,3713,0,,0,-0.03043118678033352,0.14246705174446106,-0.2771066427230835,1.0,0.0,0.0,0.0,0.0
13276000000,3714,0,,0,0.12429855763912201,0.3755956292152405,-0.15923604369163513,1.0,0.0,0.0,0.0,0.0
13278000000,3715,0,,0,-0.16795162856578827,0.24608702957630157,0.0361919030547142,1.0,0.0,0.0,0.0,0.0
13279000000,3716,0,,0,0.23733524978160858,0.10031212866306305,0.39078620076179504,1.0,0.0,0.0,0.0,0.0
13281000000,3717,0,,0,0.37190496921539307,-0.30592814087867737,-0.3637040853500366,1.0,0.0,0.0,0.0,0.0
13284000000,3718,0,,0,0.2006227821111679,-0.036258913576602936,-0.21897511184215546,1.0,0.0,0.0,0.0,0.0
13286000000,3719,0,,0,0.2638689875602722,0.2680213451385498,0.34688717126846313,1.0,0.0,0.0,0.0,0.0
13287000000,3720,0,,0,0.01500018686056137,0.14497947692871094,-0.36506378650665283,1.0,0.0,0.0,0.0,0.0
13290000000,3721,0,,0,-0.10965079814195633,-0.28107568621635437,-0.38916391134262085,1.0,0.0,0.0,0.0,0.0
13292000000,3722,0,,0,0.1484721153974533,-0.39434775710105896,-0.34476715326309204,1.0,0.0,0.0,0.0,0.0
13294000000,3723,0,,0,-0.04130367934703827,0.14432692527770996,0.03758479654788971,1.0,0.0,0.0,0.0,0.0
13295000000,3724,0,,0,-0.2035803198814392,0.005340923555195332,-0.06399930268526077,1.0,0.0,0.0,0.0,0.0
13298000000,3725,0,,0,0.2513621747493744,-0.2116432636976242,0.2757720351219177,1.0,0.0,0.0,0.0,0.0
13300000000,3726,0,,0,0.3457224369049072,-0.00435777148231864,0.19699490070343018,1.0,0.0,0.0,0.0,0.0
13302000000,3727,0,,0,0.018373999744653702,-0.21632233262062073,0.22101610898971558,1.0,0.0,0.0,0.0,0.0
13304000000,3728,0,,0,-0.2438175529241562,0.053097374737262726,-0.18199506402015686,1.0,0.0,0.0,0.0,0.0
13306000000,3729,0,,0,0.10303207486867905,0.27135804295539856,-0.11003780364990234,1.0,0.0,0.0,0.0,0.0
13307000000,3730,0,,0,-0.37268969416618347,-0.3399569094181061,-0.22019588947296143,1.0,0.0,0.0,0.0,0.0
13309000000,3731,0,,0,0.1851181983947754,-0.13637077808380127,-0.07900990545749664,1.0,0.0,0.0,0.0,0.0
13311000000,3732,0,,0,0.09383469820022583,-0.29353317618370056,0.34467872977256775,1.0,0.0,0.0,0.0,0.0
13313000000,3733,0,,0,0.10145414620637894,0.16882388293743134,-0.13746783137321472,1.0,0.0,0.0,0.0,0.0
13315000000,3734,0,,0,0.06907608360052109,0.20833055675029755,0.2128732055425644,1.0,0.0,0.0,0.0,0.0
13317000000,3735,0,,0,0.2045852243900299,0.2743188440799713,-0.1026628389954567,1.0,0.0,0.0,0.0,0.0
13319000000,3736,0,,0,-0.26007962226867676,0.3823479413986206,0.20432695746421814,1.0,0.0,0.0,0.0,0.0
13322000000,3737,0,,0,-0.11120995879173279,0.0087545495480299,-0.27781403064727783,1.0,0.0,0.0,0.0,0.0
13324000000,3738,0,,0,-0.00012989304377697408,-0.24523496627807617,0.05100122466683388,1.0,0.0,0.0,0.0,0.0
13326000000,3739,0,,0,0.23103082180023193,-0.13313937187194824,0.024347474798560143,1.0,0.0,0.0,0.0,0.0
13328000000,3740,0,,0,-0.11063872277736664,-0.33912211656570435,0.07409777492284775,1.0,0.0,0.0,0.0,0.0
13330000000,3741,0,,0,-0.12723220884799957,-0.08361104130744934,-0.3778122663497925,1.0,0.0,0.0,0.0,0.0
13332000000,3742,0,,0,-0.23101402819156647,-0.216804638504982,0.2713066041469574,1.0,0.0,0.0,0.0,0.0
13334000000,3743,0,,0,-0.09588946402072906,0.06690220534801483,0.02713531255722046,1.0,0.0,0.0,0.0,0.0
13335000000,3744,0,,0,0.3827497363090515,0.29790711402893066,0.14277802407741547,1.0,0.0,0.0,0.0,0.0
13338000000,3745,0,,0,-0.275509774684906,0.1271965056657791,0.1606469750404358,1.0,0.0,0.0,0.0,0.0
13340000000,3746,0,,0,-0.35245779156684875,0.3414141535758972,-0.013998504728078842,1.0,0.0,0.0,0.0,0.0
13341000000,3747,0,,0,0.2711459696292877,0.18826425075531006,0.3774285316467285,1.0,0.0,0.0,0.0,0.0
13344000000,3748,0,,0,0.12737876176834106,-0.3194580078125,0.03913506120443344,1.0,0.0,0.0,0.0,0.0
13346000000,3749,0,,0,-0.041477352380752563,-0.20775969326496124,0.2984311878681183,1.0,0.0,0.0,0.0,0.0
13347000000,3750,0,,0,0.32628142833709717,-0.2202623337507248,0.0677030012011528,1.0,0.0,0.0,0.0,0.0
13350000000,3751,0,,0,0.20742815732955933,-0.03143680840730667,0.04409985989332199,1.0,0.0,0.0,0.0,0.0
13352000000,3752,0,,0,-0.19333529472351074,0.13508014380931854,-0.17736698687076569,1.0,0.0,0.0,0.0,0.0
13354000000,3753,0,,0,0.16221068799495697,0.16054007411003113,0.19677257537841797,1.0,0.0,0.0,0.0,0.0
13355000000,3754,0,,0,-0.23490121960639954,0.08960329741239548,0.00629205908626318,1.0,0.0,0.0,0.0,0.0
13358000000,3755,0,,0,-0.022630730643868446,-0.14251472055912018,-0.2554111182689667,1.0,0.0,0.0,0.0,0.0
13360000000,3756,0,,0,-0.09399734437465668,-0.05331932380795479,0.38668498396873474,1.0,0.0,0.0,0.0,0.0
13362000000,3757,0,,0,0.04014240577816963,-0.07961272448301315,-0.15825821459293365,1.0,0.0,0.0,0.0,0.0
13363000000,3758,0,,0,0.3133910596370697,-0.015395833179354668,-0.3876802623271942,1.0,0.0,0.0,0.0,0.0
13366000000,3759,0,,0,-0.2560431957244873,-0.3603188693523407,-0.23278012871742249,1.0,0.0,0.0,0.0,0.0
13367000000,3760,0,,0,0.027052247896790504,-0.2754932940006256,0.09011276811361313,1.0,0.0,0.0,0.0,0.0
13370000000,3761,0,,0,-0.3188646733760834,-0.289112389087677,0.20716793835163116,1.0,0.0,0.0,0.0,0.0
13372000000,3762,0,,0,0.23628684878349304,0.15576870739459991,-0.24186617136001587,1.0,0.0,0.0,0.0,0.0
13374000000,3763,0,,0,-0.2969910204410553,-0.065140500664711,0.05158338323235512,1.0,0.0,0.0,0.0,0.0
13375000000,3764,0,,0,0.14984740316867828,-0.31100574135780334,-0.09409989416599274,1.0,0.0,0.0,0.0,0.0
13378000000,3765,0,,0,0.28750696778297424,0.029730472713708878,-0.19347265362739563,1.0,0.0,0.0,0.0,0.0
13379000000,3766,0,,0,0.14079570770263672,0.2204039841890335,0.03497700020670891,1.0,0.0,0.0,0.0,0.0
13381000000,3767,0,,0,0.3674880862236023,-0.2082611471414566,0.2996995747089386,1.0,0.0,0.0,0.0,0.0
13383000000,3768,0,,0,-0.260518878698349,-0.3437395393848419,0.3095591068267822,1.0,0.0,0.0,0.0,0.0
13385000000,3769,0,,0,0.009507977403700352,-0.2375907450914383,0.13532902300357819,1.0,0.0,0.0,0.0,0.0
13387000000,3770,0,,0,-0.26963552832603455,0.3212108314037323,-0.2648593783378601,1.0,0.0,0.0,0.0,0.0
13389000000,3771,0,,0,-0.3666861057281494,0.07322871685028076,-0.052604034543037415,1.0,0.0,0.0,0.0,0.0
13391000000,3772,0,,0,0.17424237728118896,-0.3486015796661377,-0.09904550015926361,1.0,0.0,0.0,0.0,0.0
13393000000,3773,0,,0,-0.1327848583459854,0.01384427584707737,-0.1300087571144104,1.0,0.0,0.0,0.0,0.0
13395000000,3774,0,,0,-0.2950303852558136,0.28762441873550415,0.17416344583034515,1.0,0.0,0.0,0.0,0.0
13397000000,3775,0,,0,0.39603540301322937,-0.027385912835597992,-0.00253469729796052,1.0,0.0,0.0,0.0,0.0
13399000000,3776,0,,0,-0.31654036045074463,-0.07851066440343857,-0.31508293747901917,1.0,0.0,0.0,0.0,0.0
13401000000,3777,0,,0,-0.28702521324157715,-0.0843350812792778,-0.21603871881961823,1.0,0.0,0.0,0.0,0.0
13403000000,3778,0,,0,0.202968567609787,0.01879977248609066,-0.12874221801757812,1.0,0.0,0.0,0.0,0.0
13405000000,3779,0,,0,0.33020147681236267,-0.0953223705291748,-0.15973803400993347,1.0,0.0,0.0,0.0,0.0
13407000000,3780,0,,0,0.29699963331222534,-0.12753994762897491,0.04732169210910797,1.0,0.0,0.0,0.0,0.0
13410000000,3781,0,,0,-0.18097537755966187,-0.09726062417030334,-0.17611035704612732,1.0,0.0,0.0,0.0,0.0
13411000000,3782,0,,0,0.14450837671756744,0.3751392960548401,-0.14389443397521973,1.0,0.0,0.0,0.0,0.0
13413000000,3783,0,,0,0.20048950612545013,-0.10210135579109192,-0.39765113592147827,1.0,0.0,0.0,0.0,0.0
13415000000,3784,0,,0,0.31870925426483154,-0.029565822333097458,-0.32999032735824585,1.0,0.0,0.0,0.0,0.0
13418000000,3785,0,,0,0.08762328326702118,0.25412601232528687,-0.2726306617259979,1.0,0.0,0.0,0.0,0.0
13419000000,3786,0,,0,-0.3829214572906494,0.33132612705230713,0.30165809392929077,1.0,0.0,0.0,0.0,0.0
13421000000,3787,0,,0,0.33249756693840027,-0.044719137251377106,-0.3946453034877777,1.0,0.0,0.0,0.0,0.0
13423000000,3788,0,,0,0.061536889523267746,-0.21700985729694366,0.1302230954170227,1.0,0.0,0.0,0.0,0.0
13425000000,3789,0,,0,-0.11396805197000504,0.18604357540607452,-0.2361917793750763,1.0,0.0,0.0,0.0,0.0
13428000000,3790,0,,0,-0.2716006636619568,0.13869169354438782,-0.00014321424532681704,1.0,0.0,0.0,0.0,0.0
13429000000,3791,0,,0,-0.023443950340151787,-0.13664455711841583,0.1745603233575821,1.0,0.0,0.0,0.0,0.0
13432000000,3792,0,,0,0.24345971643924713,0.2792052924633026,0.38170236349105835,1.0,0.0,0.0,0.0,0.0
13434000000,3793,0,,0,0.024962546303868294,0.11525756865739822,0.2912923991680145,1.0,0.0,0.0,0.0,0.0
13435000000,3794,0,,0,0.061827052384614944,0.04611331596970558,0.18225522339344025,1.0,0.0,0.0,0.0,0.0
13437000000,3795,0,,0,-0.361537903547287,-0.23636551201343536,-0.0396297425031662,1.0,0.0,0.0,0.0,0.0
13439000000,3796,0,,0,0.28050529956817627,0.17257235944271088,-0.2685956358909607,1.0,0.0,0.0,0.0,0.0
13441000000,3797,0,,0,0.3295802175998688,0.23789167404174805,0.3223910331726074,1.0,0.0,0.0,0.0,0.0
13444000000,3798,0,,0,0.009267284534871578,0.21811114251613617,0.2195414900779724,1.0,0.0,0.0,0.0,0.0
13446000000,3799,0,,0,-0.0965079665184021,0.28713148832321167,0.14019672572612762,1.0,0.0,0.0,0.0,0.0
13447000000,3800,0,,0,0.21811406314373016,-0.17291881144046783,-0.21660427749156952,1.0,0.0,0.0,0.0,0.0
13450000000,3801,0,,0,-0.31581616401672363,-0.29769402742385864,-0.237157940864563,1.0,0.0,0.0,0.0,0.0
13451000000,3802,0,,0,-0.1147402971982956,-0.1517932415008545,0.3964200019836426,1.0,0.0,0.0,0.0,0.0
13453000000,3803,0,,0,-0.36903053522109985,-0.0847189649939537,0.30498194694519043,1.0,0.0,0.0,0.0,0.0
13455000000,3804,0,,0,-0.24650003015995026,0.06159330904483795,-0.1807553917169571,1.0,0.0,0.0,0.0,0.0
13457000000,3805,0,,0,-0.3615974187850952,0.33655011653900146,0.16540482640266418,1.0,0.0,0.0,0.0,0.0
13459000000,3806,0,,0,-0.16960737109184265,0.39292627573013306,-0.054593056440353394,1.0,0.0,0.0,0.0,0.0
13461000000,3807,0,,0,-0.05560891702771187,-0.0715000256896019,0.00021395174553617835,1.0,0.0,0.0,0.0,0.0
13463000000,3808,0,,0,-0.3850047290325165,0.016915278509259224,-0.02241404727101326,1.0,0.0,0.0,0.0,0.0
13466000000,3809,0,,0,0.03984846919775009,-0.3090321719646454,0.0018625186057761312,1.0,0.0,0.0,0.0,0.0
13468000000,3810,0,,0,-0.2217208743095398,-0.3102070391178131,-0.08911550045013428,1.0,0.0,0.0,0.0,0.0
13470000000,3811,0,,0,0.18102119863033295,-0.28496015071868896,0.07274606078863144,1.0,0.0,0.0,0.0,0.0
13471000000,3812,0,,0,-0.11364595592021942,-0.1984679102897644,-0.21383903920650482,1.0,0.0,0.0,0.0,0.0
13473000000,3813,0,,0,0.22194704413414001,0.02168228290975094,0.3355547785758972,1.0,0.0,0.0,0.0,0.0
13475000000,3814,0,,0,0.39549028873443604,-0.029218781739473343,0.25143012404441833,1.0,0.0,0.0,0.0,0.0
13477000000,3815,0,,0,0.2321528047323227,-0.057600125670433044,0.1602330207824707,1.0,0.0,0.0,0.0,0.0
13479000000,3816,0,,0,0.2679987847805023,0.3748963177204132,-0.04194962978363037,1.0,0.0,0.0,0.0,0.0
13481000000,3817,0,,0,0.09410332888364792,-0.32905539870262146,0.02742670103907585,1.0,0.0,0.0,0.0,0.0
13484000000,3818,0,,0,-0.06870440393686295,0.24752385914325714,0.34902244806289673,1.0,0.0,0.0,0.0,0.0
13486000000,3819,0,,0,0.18272437155246735,-0.1557811200618744,-0.33322417736053467,1.0,0.0,0.0,0.0,0.0
13487000000,3820,0,,0,-0.20020461082458496,0.19642408192157745,0.2891673743724823,1.0,0.0,0.0,0.0,0.0
13489000000,3821,0,,0,-0.08585309982299805,0.32424524426460266,-0.24607449769973755,1.0,0.0,0.0,0.0,0.0
13492000000,3822,0,,0,-0.3011932671070099,0.19964107871055603,0.29548874497413635,1.0,0.0,0.0,0.0,0.0
13494000000,3823,0,,0,-0.23993080854415894,0.24520614743232727,-0.27580225467681885,1.0,0.0,0.0,0.0,0.0
13495000000,3824,0,,0,0.2194627821445465,0.22463998198509216,0.14372682571411133,1.0,0.0,0.0,0.0,0.0
13498000000,3825,0,,0,-0.33094656467437744,-0.3763117790222168,-0.18166857957839966,1.0,0.0,0.0,0.0,0.0
13499000000,3826,0,,0,-0.29137495160102844,-0.09912683069705963,0.3369799852371216,1.0,0.0,0.0,0.0,0.0
13501000000,3827,0,,0,0.1641702651977539,0.19086356461048126,-0.17245596647262573,1.0,0.0,0.0,0.0,0.0
13503000000,3828,0,,0,0.32731086015701294,0.14579375088214874,0.1065283939242363,1.0,0.0,0.0,0.0,0.0
13505000000,3829,0,,0,0.10783006995916367,-0.14161130785942078,0.3927808105945587,1.0,0.0,0.0,0.0,0.0
13507000000,3830,0,,0,0.26015836000442505,-0.396314412355423,-0.06946337968111038,1.0,0.0,0.0,0.0,0.0
13509000000,3831,0,,0,-0.2536672353744507,-0.04994606226682663,-0.3722269535064697,1.0,0.0,0.0,0.0,0.0
13511000000,3832,0,,0,0.1885078102350235,0.1648610681295395,0.04428090900182724,1.0,0.0,0.0,0.0,0.0
13513000000,3833,0,,0,-0.3323884606361389,-0.3909466862678528,0.06339424103498459,1.0,0.0,0.0,0.0,0.0
13515000000,3834,0,,0,-0.28108394145965576,-0.38246026635169983,-0.16158007085323334,1.0,0.0,0.0,0.0,0.0
13517000000,3835,0,,0,-0.005715905223041773,-0.07392261177301407,0.23776979744434357,1.0,0.0,0.0,0.0,0.0
13519000000,3836,0,,0,-0.04598177596926689,-0.12364491820335388,0.3082785904407501,1.0,0.0,0.0,0.0,0.0
13521000000,3837,0,,0,-0.23320047557353973,0.20148462057113647,-0.3653142750263214,1.0,0.0,0.0,0.0,0.0
13523000000,3838,0,,0,0.058622293174266815,-0.28981494903564453,0.3970261216163635,1.0,0.0,0.0,0.0,0.0
13525000000,3839,0,,0,0.2415521889925003,0.09301116317510605,-0.059166692197322845,1.0,0.0,0.0,0.0,0.0
13527000000,3840,0,,0,-0.16038522124290466,-0.1571277230978012,0.21451012790203094,1.0,0.0,0.0,0.0,0.0
13529000000,3841,0,,0,-0.13335230946540833,0.058095213025808334,-0.13785600662231445,1.0,0.0,0.0,0.0,0.0
13531000000,3842,0,,0,0.03731434419751167,-0.24146632850170135,-0.06987985223531723,1.0,0.0,0.0,0.0,0.0
13533000000,3843,0,,0,0.3658280074596405,0.11390341818332672,-0.18618015944957733,1.0,0.0,0.0,0.0,0.0
13535000000,3844,0,,0,0.18728570640087128,0.3020584285259247,0.37415385246276855,1.0,0.0,0.0,0.0,0.0
13537000000,3845,0,,0,0.08670107275247574,-0.14300285279750824,-0.09126913547515869,1.0,0.0,0.0,0.0,0.0
13539000000,3846,0,,0,-0.21860677003860474,-0.17076867818832397,0.152363121509552,1.0,0.0,0.0,0.0,0.0
13541000000,3847,0,,0,0.293750524520874,0.1370580643415451,0.22874167561531067,1.0,0.0,0.0,0.0,0.0
13543000000,3848,0,,0,-0.27396613359451294,0.3940713405609131,-0.23684783279895782,1.0,0.0,0.0,0.0,0.0
13545000000,3849,0,,0,-0.2739158570766449,-0.1993299126625061,0.3156493902206421,1.0,0.0,0.0,0.0,0.0
13547000000,3850,0,,0,0.22595694661140442,-0.23947270214557648,-0.16293662786483765,1.0,0.0,0.0,0.0,0.0
13549000000,3851,0,,0,-0.04378531873226166,-0.10592219233512878,0.14328134059906006,1.0,0.0,0.0,0.0,0.0
13551000000,3852,0,,0,-0.13233725726604462,0.018655097112059593,0.10470875352621078,1.0,0.0,0.0,0.0,0.0
13553000000,3853,0,,0,0.04705660790205002,-0.16608361899852753,-0.2350267469882965,1.0,0.0,0.0,0.0,0.0
13555000000,3854,0,,0,-0.2716794013977051,-0.055338505655527115,-0.39093124866485596,1.0,0.0,0.0,0.0,0.0
13557000000,3855,0,,0,0.32809779047966003,0.05827821046113968,0.03592798113822937,1.0,0.0,0.0,0.0,0.0
13559000000,3856,0,,0,0.23906436562538147,0.05651908740401268,0.16393086314201355,1.0,0.0,0.0,0.0,0.0
13561000000,3857,0,,0,0.274498850107193,0.29166343808174133,-0.014997169375419617,1.0,0.0,0.0,0.0,0.0
13563000000,3858,0,,0,0.3111362159252167,-0.2905832529067993,0.022852716967463493,1.0,0.0,0.0,0.0,0.0
13565000000,3859,0,,0,-0.0486423559486866,-0.2992993891239166,-0.08886012434959412,1.0,0.0,0.0,0.0,0.0
13568000000,3860,0,,0,-0.3187568783760071,-0.024441873654723167,-0.34059470891952515,1.0,0.0,0.0,0.0,0.0
13570000000,3861,0,,0,0.07895298302173615,0.26919424533843994,-0.2657466232776642,1.0,0.0,0.0,0.0,0.0
13572000000,3862,0,,0,-0.04384748637676239,-0.10580307990312576,-0.3825954496860504,1.0,0.0,0.0,0.0,0.0
13574000000,3863,0,,0,-0.3037909269332886,0.17025698721408844,0.21076257526874542,1.0,0.0,0.0,0.0,0.0
13575000000,3864,0,,0,0.3200199007987976,-0.37936824560165405,0.22651410102844238,1.0,0.0,0.0,0.0,0.0
13577000000,3865,0,,0,0.303718239068985,-0.11947434395551682,-0.15306872129440308,1.0,0.0,0.0,0.0,0.0
13579000000,3866,0,,0,0.22917096316814423,0.23414213955402374,0.2760024666786194,1.0,0.0,0.0,0.0,0.0
13582000000,3867,0,,0,0.3390805125236511,-0.07092776149511337,-0.1539357602596283,1.0,0.0,0.0,0.0,0.0
13583000000,3868,0,,0,-0.2863853871822357,-0.05234600976109505,0.23415420949459076,1.0,0.0,0.0,0.0,0.0
13585000000,3869,0,,0,-0.04407732933759689,-0.06085633113980293,-0.20675396919250488,1.0,0.0,0.0,0.0,0.0
13587000000,3870,0,,0,-0.22769269347190857,-0.24377146363258362,-0.30930429697036743,1.0,0.0,0.0,0.0,0.0
13589000000,3871,0,,0,-0.3581894040107727,-0.0798281654715538,-0.2773771286010742,1.0,0.0,0.0,0.0,0.0
13591000000,3872,0,,0,0.36659950017929077,0.3685287535190582,0.11351469159126282,1.0,0.0,0.0,0.0,0.0
13593000000,3873,0,,0,-0.17541606724262238,0.26913589239120483,0.33097410202026367,1.0,0.0,0.0,0.0,0.0
13595000000,3874,0,,0,-0.21706770360469818,0.3779781460762024,-0.16562579572200775,1.0,0.0,0.0,0.0,0.0
13597000000,3875,0,,0,-0.12212182581424713,0.2679239511489868,0.3898807168006897,1.0,0.0,0.0,0.0,0.0
13599000000,3876,0,,0,0.23073597252368927,0.2685556709766388,0.08433914184570312,1.0,0.0,0.0,0.0,0.0
13601000000,3877,0,,0,-0.1716470867395401,-0.25778070092201233,0.06729190051555634,1.0,0.0,0.0,0.0,0.0
13604000000,3878,0,,0,0.010682209394872189,-0.21427525579929352,-0.3828040063381195,1.0,0.0,0.0,0.0,0.0
13605000000,3879,0,,0,0.1260697841644287,-0.21290278434753418,-0.2572702467441559,1.0,0.0,0.0,0.0,0.0
13608000000,3880,0,,0,0.23543310165405273,0.253740519285202,0.24786515533924103,1.0,0.0,0.0,0.0,0.0
13609000000,3881,0,,0,-0.3533130884170532,-0.193403422832489,0.17619381844997406,1.0,0.0,0.0,0.0,0.0
13611000000,3882,0,,0,0.2405712902545929,0.1976359486579895,0.010485298000276089,1.0,0.0,0.0,0.0,0.0
13613000000,3883,0,,0,0.38179484009742737,0.07133219391107559,0.3541458249092102,1.0,0.0,0.0,0.0,0.0
13615000000,3884,0,,0,0.34360501170158386,0.08705846220254898,0.374299556016922,1.0,0.0,0.0,0.0,0.0
13617000000,3885,0,,0,0.1845325529575348,0.29705601930618286,0.22446894645690918,1.0,0.0,0.0,0.0,0.0
13620000000,3886,0,,0,-0.3769771456718445,0.010096108540892601,0.05953633785247803,1.0,0.0,0.0,0.0,0.0
13621000000,3887,0,,0,-0.1661200225353241,0.08625606447458267,0.18771018087863922,1.0,0.0,0.0,0.0,0.0
13623000000,3888,0,,0,-0.18859143555164337,0.3434329926967621,0.11657220125198364,1.0,0.0,0.0,0.0,0.0
13625000000,3889,0,,0,-0.25063711404800415,0.2803811728954315,0.17650312185287476,1.0,0.0,0.0,0.0,0.0
13627000000,3890,0,,0,0.07797005027532578,0.33444923162460327,0.3134877681732178,1.0,0.0,0.0,0.0,0.0
13629000000,3891,0,,0,0.2315889447927475,0.08910095691680908,-0.09044168144464493,1.0,0.0,0.0,0.0,0.0
13631000000,3892,0,,0,0.19627037644386292,-0.07528433203697205,0.13092371821403503,1.0,0.0,0.0,0.0,0.0
13633000000,3893,0,,0,-0.017140498384833336,-0.11034446209669113,0.05647135525941849,1.0,0.0,0.0,0.0,0.0
13636000000,3894,0,,0,0.3118782043457031,0.2347240298986435,0.2689553201198578,1.0,0.0,0.0,0.0,0.0
13637000000,3895,0,,0,0.1505230814218521,-0.11738429218530655,0.12174119800329208,1.0,0.0,0.0,0.0,0.0
13639000000,3896,0,,0,0.34490007162094116,-0.26160913705825806,-0.2754998505115509,1.0,0.0,0.0,0.0,0.0
13641000000,3897,0,,0,-0.024381212890148163,0.02565712295472622,-0.1847594678401947,1.0,0.0,0.0,0.0,0.0
13643000000,3898,0,,0,0.21588827669620514,0.11004005372524261,-0.2518230080604553,1.0,0.0,0.0,0.0,0.0
13645000000,3899,0,,0,-0.360788494348526,-0.033785752952098846,0.14526979625225067,1.0,0.0,0.0,0.0,0.0
13648000000,3900,0,,0,-0.36089447140693665,0.3611486256122589,0.021543489769101143,1.0,0.0,0.0,0.0,0.0
13650000000,3901,0,,0,0.2958647608757019,-0.03285353258252144,-0.014956671744585037,1.0,0.0,0.0,0.0,0.0
13652000000,3902,0,,0,-0.1018422469496727,0.28299638628959656,0.12876245379447937,1.0,0.0,0.0,0.0,0.0
13654000000,3903,0,,0,0.3111574053764343,-0.17127181589603424,0.07239215821027756,1.0,0.0,0.0,0.0,0.0
13655000000,3904,0,,0,-0.32430577278137207,0.07442529499530792,-0.24279119074344635,1.0,0.0,0.0,0.0,0.0
13657000000,3905,0,,0,0.3189179301261902,-0.3452095687389374,0.16807250678539276,1.0,0.0,0.0,0.0,0.0
13660000000,3906,0,,0,0.19988499581813812,0.18590323626995087,-0.010733669623732567,1.0,0.0,0.0,0.0,0.0
13661000000,3907,0,,0,0.24250611662864685,-0.10314531624317169,-0.13741493225097656,1.0,0.0,0.0,0.0,0.0
13663000000,3908,0,,0,0.07648038864135742,0.06798331439495087,0.09497985243797302,1.0,0.0,0.0,0.0,0.0
13666000000,3909,0,,0,-0.1795720010995865,0.19445796310901642,0.1200183629989624,1.0,0.0,0.0,0.0,0.0
13667000000,3910,0,,0,0.1834287792444229,-0.35351356863975525,-0.24313673377037048,1.0,0.0,0.0,0.0,0.0
13669000000,3911,0,,0,-0.05841429531574249,-0.27016937732696533,-0.28667232394218445,1.0,0.0,0.0,0.0,0.0
13672000000,3912,0,,0,-0.0020964988507330418,-0.023664291948080063,-0.29766497015953064,1.0,0.0,0.0,0.0,0.0
13673000000,3913,0,,0,0.18558982014656067,-0.02565401792526245,-0.05800164118409157,1.0,0.0,0.0,0.0,0.0
13676000000,3914,0,,0,-0.2166837751865387,-0.11533969640731812,-0.20248456299304962,1.0,0.0,0.0,0.0,0.0
13678000000,3915,0,,0,0.1652953028678894,0.09010481089353561,-0.13951408863067627,1.0,0.0,0.0,0.0,0.0
13679000000,3916,0,,0,-0.3476273715496063,0.23962552845478058,-0.04717269912362099,1.0,0.0,0.0,0.0,0.0
13681000000,3917,0,,0,0.18062449991703033,0.15959611535072327,0.17933626472949982,1.0,0.0,0.0,0.0,0.0
13683000000,3918,0,,0,-0.24498657882213593,-0.05325458571314812,0.34930989146232605,1.0,0.0,0.0,0.0,0.0
13685000000,3919,0,,0,0.00023136974778026342,-0.13186311721801758,-0.022738680243492126,1.0,0.0,0.0,0.0,0.0
13687000000,3920,0,,0,0.048898760229349136,0.06272108852863312,0.04583221301436424,1.0,0.0,0.0,0.0,0.0
13690000000,3921,0,,0,-0.17967717349529266,0.1522253155708313,0.2040695995092392,1.0,0.0,0.0,0.0,0.0
13691000000,3922,0,,0,0.3545007109642029,0.3746460974216461,0.11206509172916412,1.0,0.0,0.0,0.0,0.0
13693000000,3923,0,,0,-0.12157025188207626,-0.03624774515628815,-0.14804060757160187,1.0,0.0,0.0,0.0,0.0
13695000000,3924,0,,0,0.18798169493675232,0.2952311635017395,0.39970263838768005,1.0,0.0,0.0,0.0,0.0
13698000000,3925,0,,0,-0.39809903502464294,0.15566393733024597,-0.27069664001464844,1.0,0.0,0.0,0.0,0.0
13699000000,3926,0,,0,0.2432003915309906,0.19509471952915192,-0.1802210658788681,1.0,0.0,0.0,0.0,0.0
13702000000,3927,0,,0,-0.1580037772655487,-0.25101542472839355,0.39788469672203064,1.0,0.0,0.0,0.0,0.0
13704000000,3928,0,,0,-0.2464447021484375,-0.22306278347969055,-0.363225519657135,1.0,0.0,0.0,0.0,0.0
13705000000,3929,0,,0,-0.09223420917987823,0.07163122296333313,-0.28634417057037354,1.0,0.0,0.0,0.0,0.0
13708000000,3930,0,,0,0.33948999643325806,0.33706337213516235,-0.35221949219703674,1.0,0.0,0.0,0.0,0.0
13710000000,3931,0,,0,-0.25580310821533203,-0.029943905770778656,0.2125130593776703,1.0,0.0,0.0,0.0,0.0
13711000000,3932,0,,0,-0.09425941109657288,0.075778067111969,-0.059724319726228714,1.0,0.0,0.0,0.0,0.0
13714000000,3933,0,,0,0.016357464715838432,0.3897066116333008,0.04828150197863579,1.0,0.0,0.0,0.0,0.0
13715000000,3934,0,,0,-0.39581096172332764,0.3597773015499115,-0.036136921495199203,1.0,0.0,0.0,0.0,0.0
13718000000,3935,0,,0,-0.3260727524757385,-0.3337772786617279,-0.28144025802612305,1.0,0.0,0.0,0.0,0.0
13720000000,3936,0,,0,-0.21349118649959564,0.1463526338338852,-0.004798657260835171,1.0,0.0,0.0,0.0,0.0
13722000000,3937,0,,0,-0.06800683587789536,0.28352442383766174,0.36244693398475647,1.0,0.0,0.0,0.0,0.0
13724000000,3938,0,,0,-0.3351779878139496,0.017649225890636444,-0.24022173881530762,1.0,0.0,0.0,0.0,0.0
13726000000,3939,0,,0,0.15577466785907745,-0.303204745054245,0.34085625410079956,1.0,0.0,0.0,0.0,0.0
13728000000,3940,0,,0,-0.21451354026794434,0.23837648332118988,-0.1991003453731537,1.0,0.0,0.0,0.0,0.0
13730000000,3941,0,,0,-0.08076614886522293,-0.04264948517084122,0.29374203085899353,1.0,0.0,0.0,0.0,0.0
13732000000,3942,0,,0,0.10688779503107071,-0.07851429283618927,-0.053116973489522934,1.0,0.0,0.0,0.0,0.0
13733000000,3943,0,,0,0.327360600233078,-0.14568327367305756,0.031542401760816574,1.0,0.0,0.0,0.0,0.0
13735000000,3944,0,,0,0.17058786749839783,0.29509565234184265,0.33280518651008606,1.0,0.0,0.0,0.0,0.0
13737000000,3945,0,,0,-0.02411956526339054,-0.36129212379455566,0.25702837109565735,1.0,0.0,0.0,0.0,0.0
13739000000,3946,0,,0,0.12756100296974182,-0.00997516606003046,-0.32828882336616516,1.0,0.0,0.0,0.0,0.0
13741000000,3947,0,,0,0.31471696496009827,-0.16543343663215637,-0.20868536829948425,1.0,0.0,0.0,0.0,0.0
13743000000,3948,0,,0,0.24490295350551605,0.20997706055641174,-0.37287437915802,1.0,0.0,0.0,0.0,0.0
13745000000,3949,0,,0,-0.37640541791915894,0.11089566349983215,0.11733248829841614,1.0,0.0,0.0,0.0,0.0
13747000000,3950,0,,0,-0.09315452724695206,0.38511666655540466,0.18346968293190002,1.0,0.0,0.0,0.0,0.0
13749000000,3951,0,,0,0.3541930615901947,0.1695178598165512,-0.012091721408069134,1.0,0.0,0.0,0.0,0.0
13751000000,3952,0,,0,-0.22508487105369568,-0.17216187715530396,0.36005914211273193,1.0,0.0,0.0,0.0,0.0
13753000000,3953,0,,0,-0.0834442526102066,-0.030230816453695297,0.2083429992198944,1.0,0.0,0.0,0.0,0.0
13755000000,3954,0,,0,-0.04551824554800987,0.3773690164089203,0.0382227748632431,1.0,0.0,0.0,0.0,0.0
13757000000,3955,0,,0,-0.11162564158439636,-0.002868150593712926,0.22829945385456085,1.0,0.0,0.0,0.0,0.0
13759000000,3956,0,,0,0.3805884122848511,0.11449792981147766,0.1949765533208847,1.0,0.0,0.0,0.0,0.0
13761000000,3957,0,,0,0.05553127080202103,0.2701970338821411,0.03050757385790348,1.0,0.0,0.0,0.0,0.0
13763000000,3958,0,,0,-0.3057195246219635,-0.13482876121997833,-0.1778334230184555,1.0,0.0,0.0,0.0,0.0
13765000000,3959,0,,0,0.13433398306369781,0.3261793255805969,-0.3447679877281189,1.0,0.0,0.0,0.0,0.0
13767000000,3960,0,,0,0.2265799343585968,0.03508402779698372,-0.04983462020754814,1.0,0.0,0.0,0.0,0.0
13769000000,3961,0,,0,0.08192886412143707,-0.30399298667907715,-0.23349319398403168,1.0,0.0,0.0,0.0,0.0
13771000000,3962,0,,0,-0.33438771963119507,0.21268273890018463,0.29141950607299805,1.0,0.0,0.0,0.0,0.0
13773000000,3963,0,,0,-0.12917211651802063,0.27067995071411133,0.20387621223926544,1.0,0.0,0.0,0.0,0.0
13775000000,3964,0,,0,0.10908826440572739,-0.12376531213521957,-0.33843886852264404,1.0,0.0,0.0,0.0,0.0
13777000000,3965,0,,0,0.37246400117874146,-0.07534963637590408,-0.3088272213935852,1.0,0.0,0.0,0.0,0.0
13779000000,3966,0,,0,-0.030028974637389183,-0.05231494829058647,-0.2977287471294403,1.0,0.0,0.0,0.0,0.0
13782000000,3967,0,,0,0.37629202008247375,0.15696430206298828,0.18526577949523926,1.0,0.0,0.0,0.0,0.0
13784000000,3968,0,,0,0.3620327413082123,0.18094563484191895,-0.31638187170028687,1.0,0.0,0.0,0.0,0.0
13786000000,3969,0,,0,0.1297103613615036,0.2810351550579071,0.20603300631046295,1.0,0.0,0.0,0.0,0.0
13787000000,3970,0,,0,0.09622056782245636,0.2711368799209595,0.26362043619155884,1.0,0.0,0.0,0.0,0.0
13790000000,3971,0,,0,-0.2451712191104889,0.3950456380844116,0.29533907771110535,1.0,0.0,0.0,0.0,0.0
13792000000,3972,0,,0,0.30925318598747253,-0.07993371784687042,0.22725991904735565,1.0,0.0,0.0,0.0,0.0
13793000000,3973,0,,0,0.18509721755981445,0.06485994160175323,0.37428832054138184,1.0,0.0,0.0,0.0,0.0
13795000000,3974,0,,0,0.36040037870407104,-0.3318275809288025,0.21445885300636292,1.0,0.0,0.0,0.0,0.0
13798000000,3975,0,,0,0.045622386038303375,-0.338901162147522,-0.13865044713020325,1.0,0.0,0.0,0.0,0.0
13800000000,3976,0,,0,-0.2977798581123352,-0.07585565745830536,-0.1480695754289627,1.0,0.0,0.0,0.0,0.0
13801000000,3977,0,,0,0.15597695112228394,-0.11783277988433838,-0.043297093361616135,1.0,0.0,0.0,0.0,0.0
13803000000,3978,0,,0,0.2559748589992523,0.12482623755931854,0.06274834275245667,1.0,0.0,0.0,0.0,0.0
13806000000,3979,0,,0,0.04909965395927429,-0.03282110393047333,-0.14897885918617249,1.0,0.0,0.0,0.0,0.0
13808000000,3980,0,,0,0.112390898168087,-0.3713763654232025,0.23588712513446808,1.0,0.0,0.0,0.0,0.0
13810000000,3981,0,,0,-0.05048328638076782,-0.22677011787891388,-0.2274121195077896,1.0,0.0,0.0,0.0,0.0
13812000000,3982,0,,0,-0.22845731675624847,-0.09429720789194107,-0.193058043718338,1.0,0.0,0.0,0.0,0.0
13814000000,3983,0,,0,-0.3454115092754364,-0.36125898361206055,0.3074656128883362,1.0,0.0,0.0,0.0,0.0
13816000000,3984,0,,0,0.16311830282211304,0.3318258225917816,-0.008202031254768372,1.0,0.0,0.0,0.0,0.0
13818000000,3985,0,,0,-0.22445648908615112,0.08791165798902512,0.018428782001137733,1.0,0.0,0.0,0.0,0.0
13819000000,3986,0,,0,-0.048068683594465256,0.1038796454668045,0.34528931975364685,1.0,0.0,0.0,0.0,0.0
13822000000,3987,0,,0,0.030292507261037827,-0.14292572438716888,0.0571952685713768,1.0,0.0,0.0,0.0,0.0
13824000000,3988,0,,0,-0.3076501488685608,0.3257916569709778,0.08482058346271515,1.0,0.0,0.0,0.0,0.0
13825000000,3989,0,,0,0.3062317669391632,0.2626667320728302,-0.1374322474002838,1.0,0.0,0.0,0.0,0.0
13827000000,3990,0,,0,-0.3686549961566925,0.09059196710586548,-0.1802964061498642,1.0,0.0,0.0,0.0,0.0
13829000000,3991,0,,0,-0.2113417685031891,0.13755430281162262,-0.26668140292167664,1.0,0.0,0.0,0.0,0.0
13831000000,3992,0,,0,0.3490352928638458,-0.26542267203330994,-0.3868080973625183,1.0,0.0,0.0,0.0,0.0
13834000000,3993,0,,0,-0.19502346217632294,0.2228410243988037,-0.07817716896533966,1.0,0.0,0.0,0.0,0.0
13835000000,3994,0,,0,-0.308926522731781,-0.0054815891198813915,0.13473999500274658,1.0,0.0,0.0,0.0,0.0
13837000000,3995,0,,0,0.04070151597261429,0.10588286817073822,-0.13521485030651093,1.0,0.0,0.0,0.0,0.0
13839000000,3996,0,,0,0.26251187920570374,-0.10080854594707489,0.1544291079044342,1.0,0.0,0.0,0.0,0.0
13841000000,3997,0,,0,-0.29956960678100586,-0.09743228554725647,0.38266468048095703,1.0,0.0,0.0,0.0,0.0
13844000000,3998,0,,0,0.27069640159606934,-0.056329887360334396,-0.3939395844936371,1.0,0.0,0.0,0.0,0.0
13845000000,3999,0,,0,-0.002520628273487091,0.21357862651348114,0.11990252882242203,1.0,0.0,0.0,0.0,0.0
13847000000,4000,0,,0,-0.3423958718776703,-0.19840073585510254,0.39625200629234314,1.0,0.0,0.0,0.0,0.0
13849000000,4001,0,,0,-0.013931848108768463,-0.05073662847280502,-0.3079935610294342,1.0,0.0,0.0,0.0,0.0
13851000000,4002,0,,0,-0.07292591035366058,0.2815662622451782,-0.12323682755231857,1.0,0.0,0.0,0.0,0.0
13854000000,4003,0,,0,0.3564337491989136,0.0632786750793457,0.30754560232162476,1.0,0.0,0.0,0.0,0.0
13855000000,4004,0,,0,-0.310031920671463,0.24281060695648193,0.22731366753578186,1.0,0.0,0.0,0.0,0.0
13858000000,4005,0,,0,0.36691051721572876,0.19170032441616058,-0.2318340688943863,1.0,0.0,0.0,0.0,0.0
13859000000,4006,0,,0,0.32157739996910095,0.029365666210651398,0.3826953172683716,1.0,0.0,0.0,0.0,0.0
13861000000,4007,0,,0,-0.30638420581817627,-0.27860039472579956,-0.11113706231117249,1.0,0.0,0.0,0.0,0.0
13863000000,4008,0,,0,-0.2792049050331116,0.09983169287443161,0.28413188457489014,1.0,0.0,0.0,0.0,0.0
13865000000,4009,0,,0,0.2549101412296295,0.2612840533256531,-0.15296350419521332,1.0,0.0,0.0,0.0,0.0
13867000000,4010,0,,0,0.39088666439056396,-0.11210928857326508,-0.11768174916505814,1.0,0.0,0.0,0.0,0.0
13869000000,4011,0,,0,0.37684014439582825,-0.10589105635881424,0.3082837462425232,1.0,0.0,0.0,0.0,0.0
13871000000,4012,0,,0,-0.33354610204696655,0.23463353514671326,-0.029671285301446915,1.0,0.0,0.0,0.0,0.0
13873000000,4013,0,,0,-0.32012438774108887,0.3504256308078766,0.37788307666778564,1.0,0.0,0.0,0.0,0.0
13875000000,4014,0,,0,-0.22184669971466064,-0.17504636943340302,-0.3044182360172272,1.0,0.0,0.0,0.0,0.0
13877000000,4015,0,,0,0.2675533592700958,0.1586344689130783,0.1648525893688202,1.0,0.0,0.0,0.0,0.0
13879000000,4016,0,,0,-0.05620962381362915,0.10411237925291061,-0.1858779340982437,1.0,0.0,0.0,0.0,0.0
13881000000,4017,0,,0,-0.17216625809669495,-0.275765061378479,0.192526713013649,1.0,0.0,0.0,0.0,0.0
13883000000,4018,0,,0,0.3827798068523407,-0.3256092071533203,-0.11965938657522202,1.0,0.0,0.0,0.0,0.0
13886000000,4019,0,,0,-0.31828057765960693,0.27574044466018677,-0.38571619987487793,1.0,0.0,0.0,0.0,0.0
13887000000,4020,0,,0,-0.23410797119140625,-0.18530802428722382,-0.35740578174591064,1.0,0.0,0.0,0.0,0.0
13890000000,4021,0,,0,-0.24454745650291443,-0.0761612206697464,0.14585554599761963,1.0,0.0,0.0,0.0,0.0
13892000000,4022,0,,0,-0.35398557782173157,-0.14653189480304718,0.07446494698524475,1.0,0.0,0.0,0.0,0.0
13894000000,4023,0,,0,0.24800482392311096,0.17329758405685425,0.2634328007698059,1.0,0.0,0.0,0.0,0.0
13895000000,4024,0,,0,-0.33317509293556213,0.05158175155520439,0.04371070861816406,1.0,0.0,0.0,0.0,0.0
13898000000,4025,0,,0,-0.008983774110674858,0.04059901833534241,0.20094336569309235,1.0,0.0,0.0,0.0,0.0
13900000000,4026,0,,0,-0.09251736104488373,0.23836232721805573,-0.26807379722595215,1.0,0.0,0.0,0.0,0.0
13901000000,4027,0,,0,0.237264022231102,-0.13569948077201843,0.134267196059227,1.0,0.0,0.0,0.0,0.0
13903000000,4028,0,,0,-0.05588141456246376,0.18557734787464142,0.23559260368347168,1.0,0.0,0.0,0.0,0.0
13905000000,4029,0,,0,0.3382389545440674,-0.04501714929938316,-0.1417732983827591,1.0,0.0,0.0,0.0,0.0
13907000000,4030,0,,0,-0.35605451464653015,0.17110219597816467,-0.1548793613910675,1.0,0.0,0.0,0.0,0.0
13909000000,4031,0,,0,0.31954243779182434,-0.26111194491386414,-0.06201585754752159,1.0,0.0,0.0,0.0,0.0
13911000000,4032,0,,0,-0.09178806841373444,-0.21524286270141602,0.054705798625946045,1.0,0.0,0.0,0.0,0.0
13913000000,4033,0,,0,-0.06635048240423203,-0.28713715076446533,0.06219080463051796,1.0,0.0,0.0,0.0,0.0
13915000000,4034,0,,0,0.22988669574260712,0.1775800883769989,-0.2623663544654846,1.0,0.0,0.0,0.0,0.0
13917000000,4035,0,,0,-0.3544023633003235,0.18787755072116852,-0.09449648857116699,1.0,0.0,0.0,0.0,0.0
13919000000,4036,0,,0,-0.2950754165649414,-0.07734476029872894,0.34391552209854126,1.0,0.0,0.0,0.0,0.0
13921000000,4037,0,,0,-0.1668369024991989,0.2635367512702942,-0.12582756578922272,1.0,0.0,0.0,0.0,0.0
13923000000,4038,0,,0,0.022706419229507446,-0.0873434767127037,-0.22444097697734833,1.0,0.0,0.0,0.0,0.0
13925000000,4039,0,,0,0.28541100025177,0.256076455116272,-0.258815199136734,1.0,0.0,0.0,0.0,0.0
13927000000,4040,0,,0,0.12926413118839264,-0.06445233523845673,0.21986675262451172,1.0,0.0,0.0,0.0,0.0
13930000000,4041,0,,0,0.00041830557165667415,-0.1770687997341156,-0.17143285274505615,1.0,0.0,0.0,0.0,0.0
13931000000,4042,0,,0,-0.03802017495036125,0.2530207633972168,0.1878661811351776,1.0,0.0,0.0,0.0,0.0
13933000000,4043,0,,0,-0.2243727147579193,-0.1159479171037674,-0.2897418141365051,1.0,0.0,0.0,0.0,0.0
13935000000,4044,0,,0,-0.1911601573228836,-0.10524053126573563,-0.3260626792907715,1.0,0.0,0.0,0.0,0.0
13937000000,4045,0,,0,0.39964741468429565,0.28274449706077576,0.12300007790327072,1.0,0.0,0.0,0.0,0.0
13939000000,4046,0,,0,0.09771792590618134,-0.28119349479675293,-0.1361759901046753,1.0,0.0,0.0,0.0,0.0
13941000000,4047,0,,0,-0.35928869247436523,-0.11648456007242203,0.048829272389411926,1.0,0.0,0.0,0.0,0.0
13943000000,4048,0,,0,-0.28346195816993713,-0.2235487699508667,-0.34641188383102417,1.0,0.0,0.0,0.0,0.0
13945000000,4049,0,,0,-0.31221434473991394,0.20796909928321838,0.31590941548347473,1.0,0.0,0.0,0.0,0.0
13947000000,4050,0,,0,-0.27767041325569153,0.0022399132139980793,0.0127382418140769,1.0,0.0,0.0,0.0,0.0
13949000000,4051,0,,0,0.16979046165943146,-0.12530401349067688,-0.08977647125720978,1.0,0.0,0.0,0.0,0.0
13951000000,4052,0,,0,0.20080561935901642,-0.10787580907344818,-0.029218394309282303,1.0,0.0,0.0,0.0,0.0
13953000000,4053,0,,0,0.058548636734485626,0.33727946877479553,-0.2019117772579193,1.0,0.0,0.0,0.0,0.0
13955000000,4054,0,,0,-0.18260478973388672,0.06251786649227142,-0.3475029766559601,1.0,0.0,0.0,0.0,0.0
13957000000,4055,0,,0,0.007447467185556889,0.28047382831573486,0.06695556640625,1.0,0.0,0.0,0.0,0.0
13959000000,4056,0,,0,0.29918479919433594,-0.32494914531707764,-0.29729175567626953,1.0,0.0,0.0,0.0,0.0
13962000000,4057,0,,0,-0.3224509060382843,0.04318457469344139,0.1831023097038269,1.0,0.0,0.0,0.0,0.0
13963000000,4058,0,,0,-0.11699054390192032,0.12628526985645294,0.19126304984092712,1.0,0.0,0.0,0.0,0.0
13965000000,4059,0,,0,-0.29108864068984985,0.14462211728096008,-0.18065553903579712,1.0,0.0,0.0,0.0,0.0
13968000000,4060,0,,0,-0.2930378019809723,0.2693217694759369,0.017942244186997414,1.0,0.0,0.0,0.0,0.0
13970000000,4061,0,,0,0.021761182695627213,0.3250526487827301,-0.12193115800619125,1.0,0.0,0.0,0.0,0.0
13972000000,4062,0,,0,-0.26425325870513916,-0.08588805794715881,0.06938749551773071,1.0,0.0,0.0,0.0,0.0
13973000000,4063,0,,0,0.27725449204444885,-0.1263761818408966,0.09697513282299042,1.0,0.0,0.0,0.0,0.0
13976000000,4064,0,,0,0.04023587703704834,0.08779944479465485,-0.012069537304341793,1.0,0.0,0.0,0.0,0.0
13977000000,4065,0,,0,0.14131465554237366,0.06249348074197769,-0.12070919573307037,1.0,0.0,0.0,0.0,0.0
13979000000,4066,0,,0,0.16155771911144257,-0.15165981650352478,0.335184246301651,1.0,0.0,0.0,0.0,0.0
13981000000,4067,0,,0,-0.14243698120117188,-0.09372174739837646,-0.2439654916524887,1.0,0.0,0.0,0.0,0.0
13983000000,4068,0,,0,0.05965696647763252,0.11980344355106354,0.19973061978816986,1.0,0.0,0.0,0.0,0.0
13986000000,4069,0,,0,-0.26851096749305725,-0.03344490006566048,-0.3075108528137207,1.0,0.0,0.0,0.0,0.0
13987000000,4070,0,,0,0.15909333527088165,-0.11654476821422577,-0.36317577958106995,1.0,0.0,0.0,0.0,0.0
13990000000,4071,0,,0,-0.21977749466896057,0.0545525923371315,-0.22782768309116364,1.0,0.0,0.0,0.0,0.0
13991000000,4072,0,,0,-0.18628744781017303,-0.08978905528783798,-0.11601351201534271,1.0,0.0,0.0,0.0,0.0
13993000000,4073,0,,0,-0.053796928375959396,-0.21294383704662323,0.2639232873916626,1.0,0.0,0.0,0.0,0.0
13995000000,4074,0,,0,0.36107051372528076,-0.20462438464164734,0.19188693165779114,1.0,0.0,0.0,0.0,0.0
13997000000,4075,0,,0,0.32962915301322937,0.10494834929704666,0.02903752028942108,1.0,0.0,0.0,0.0,0.0
13999000000,4076,0,,0,-0.019041089341044426,0.24817019701004028,0.33536091446876526,1.0,0.0,0.0,0.0,0.0
14001000000,4077,0,,0,0.11535204201936722,-0.11364123970270157,-0.080814890563488,1.0,0.0,0.0,0.0,0.0
14003000000,4078,0,,0,0.2337336242198944,0.24830511212348938,0.2527496814727783,1.0,0.0,0.0,0.0,0.0
14005000000,4079,0,,0,-0.3099518120288849,0.3601040244102478,-0.30906611680984497,1.0,0.0,0.0,0.0,0.0
14007000000,4080,0,,0,0.2695094347000122,0.3210153877735138,0.039793577045202255,1.0,0.0,0.0,0.0,0.0
14009000000,4081,0,,0,-0.39057835936546326,0.13575240969657898,0.11675882339477539,1.0,0.0,0.0,0.0,0.0
14011000000,4082,0,,0,0.2775954008102417,0.001340273767709732,0.09436721354722977,1.0,0.0,0.0,0.0,0.0
14013000000,4083,0,,0,0.23127414286136627,0.11766986548900604,0.3161328434944153,1.0,0.0,0.0,0.0,0.0
14015000000,4084,0,,0,-0.02732798643410206,-0.1258556842803955,0.06943760812282562,1.0,0.0,0.0,0.0,0.0
14017000000,4085,0,,0,-0.20515243709087372,0.04545556753873825,0.3192651569843292,1.0,0.0,0.0,0.0,0.0
14019000000,4086,0,,0,-0.10744432359933853,0.22759728133678436,0.11896204203367233,1.0,0.0,0.0,0.0,0.0
14021000000,4087,0,,0,0.14037840068340302,0.2250284105539322,0.1656818985939026,1.0,0.0,0.0,0.0,0.0
14023000000,4088,0,,0,0.0791068747639656,0.09318742156028748,-0.09219633787870407,1.0,0.0,0.0,0.0,0.0
14025000000,4089,0,,0,-0.23614633083343506,0.06688861548900604,-0.3695196211338043,1.0,0.0,0.0,0.0,0.0
14027000000,4090,0,,0,0.1406141072511673,0.39450758695602417,0.15743853151798248,1.0,0.0,0.0,0.0,0.0
14029000000,4091,0,,0,0.13787703216075897,0.269126832485199,0.052043888717889786,1.0,0.0,0.0,0.0,0.0
14031000000,4092,0,,0,-0.19701853394508362,-0.1265716254711151,0.29764965176582336,1.0,0.0,0.0,0.0,0.0
14033000000,4093,0,,0,0.28041186928749084,-0.3231365978717804,0.17363086342811584,1.0,0.0,0.0,0.0,0.0
14035000000,4094,0,,0,0.2512531578540802,-0.025252018123865128,-0.33750396966934204,1.0,0.0,0.0,0.0,0.0
14037000000,4095,0,,0,0.3617856800556183,0.3874182105064392,0.10183711349964142,1.0,0.0,0.0,0.0,0.0
14039000000,4096,0,,0,-0.23302845656871796,-0.04206012189388275,0.3079761862754822,1.0,0.0,0.0,0.0,0.0
14041000000,4097,0,,0,-0.25121545791625977,0.021605506539344788,0.3731372356414795,1.0,0.0,0.0,0.0,0.0
14043000000,4098,0,,0,0.3885732591152191,0.23120471835136414,0.37754449248313904,1.0,0.0,0.0,0.0,0.0
14045000000,4099,0,,0,-0.046214111149311066,0.3289547264575958,0.29814985394477844,1.0,0.0,0.0,0.0,0.0
14047000000,4100,0,,0,0.3308795690536499,-0.33494967222213745,0.026477744802832603,1.0,0.0,0.0,0.0,0.0
14049000000,4101,0,,0,0.1823759526014328,-0.13154390454292297,0.07014553248882294,1.0,0.0,0.0,0.0,0.0
14051000000,4102,0,,0,0.39034733176231384,0.03194253891706467,0.066861592233181,1.0,0.0,0.0,0.0,0.0
14053000000,4103,0,,0,-0.28339454531669617,-0.11944546550512314,0.35578733682632446,1.0,0.0,0.0,0.0,0.0
14055000000,4104,0,,0,0.3374004364013672,-0.25441840291023254,0.2619492709636688,1.0,0.0,0.0,0.0,0.0
14057000000,4105,0,,0,-0.06048540025949478,0.1512541025876999,0.25643402338027954,1.0,0.0,0.0,0.0,0.0
14059000000,4106,0,,0,0.10574010759592056,0.12629108130931854,-0.3582078218460083,1.0,0.0,0.0,0.0,0.0
14061000000,4107,0,,0,-0.34300926327705383,0.2866136431694031,0.09101139008998871,1.0,0.0,0.0,0.0,0.0
14063000000,4108,0,,0,0.0015196867752820253,-0.07726515084505081,0.34153681993484497,1.0,0.0,0.0,0.0,0.0
14065000000,4109,0,,0,0.23397131264209747,-0.0336734876036644,-0.2827741503715515,1.0,0.0,0.0,0.0,0.0
14067000000,4110,0,,0,0.22571127116680145,0.07470809668302536,-0.3561980724334717,1.0,0.0,0.0,0.0,0.0
14069000000,4111,0,,0,-0.3472350835800171,0.08268993347883224,-0.07672085613012314,1.0,0.0,0.0,0.0,0.0
14071000000,4112,0,,0,0.1255517154932022,-0.06683548539876938,-0.20967042446136475,1.0,0.0,0.0,0.0,0.0
14074000000,4113,0,,0,0.04031221568584442,0.25552481412887573,0.18522943556308746,1.0,0.0,0.0,0.0,0.0
14076000000,4114,0,,0,0.21245665848255157,0.3796394467353821,0.1696208268404007,1.0,0.0,0.0,0.0,0.0
14077000000,4115,0,,0,-0.024530993774533272,0.21869038045406342,-0.38694000244140625,1.0,0.0,0.0,0.0,0.0
14080000000,4116,0,,0,-0.22985215485095978,0.32408562302589417,0.02046559564769268,1.0,0.0,0.0,0.0,0.0
14081000000,4117,0,,0,0.05951374024152756,0.022436048835515976,0.3113839328289032,1.0,0.0,0.0,0.0,0.0
14084000000,4118,0,,0,-0.08995620906352997,0.15452460944652557,-0.3022540509700775,1.0,0.0,0.0,0.0,0.0
14085000000,4119,0,,0,0.3689221143722534,0.11636196076869965,-0.10563794523477554,1.0,0.0,0.0,0.0,0.0
14087000000,4120,0,,0,-0.23561759293079376,0.32455796003341675,0.2027817964553833,1.0,0.0,0.0,0.0,0.0
14089000000,4121,0,,0,-0.277864545583725,-0.3239322900772095,-0.14789199829101562,1.0,0.0,0.0,0.0,0.0
14091000000,4122,0,,0,-0.2559394836425781,0.241077721118927,0.1865706890821457,1.0,0.0,0.0,0.0,0.0
14093000000,4123,0,,0,-0.3947952389717102,0.00454248720780015,-0.32603922486305237,1.0,0.0,0.0,0.0,0.0
14096000000,4124,0,,0,0.1436157524585724,-0.2623949348926544,0.2988608479499817,1.0,0.0,0.0,0.0,0.0
14097000000,4125,0,,0,-0.33610010147094727,-0.012518772855401039,-0.2151569128036499,1.0,0.0,0.0,0.0,0.0
14099000000,4126,0,,0,-0.222014382481575,0.036707185208797455,-0.08568436652421951,1.0,0.0,0.0,0.0,0.0
14101000000,4127,0,,0,0.0869978740811348,0.38411781191825867,-0.33161938190460205,1.0,0.0,0.0,0.0,0.0
14104000000,4128,0,,0,0.18933959305286407,-0.22195394337177277,-0.2832626402378082,1.0,0.0,0.0,0.0,0.0
14105000000,4129,0,,0,-0.33301010727882385,-0.09509677439928055,0.3091317415237427,1.0,0.0,0.0,0.0,0.0
14108000000,4130,0,,0,0.12543894350528717,0.3832848370075226,0.35446977615356445,1.0,0.0,0.0,0.0,0.0
14110000000,4131,0,,0,0.15086762607097626,-0.26454809308052063,-0.09148196130990982,1.0,0.0,0.0,0.0,0.0
14112000000,4132,0,,0,0.13483667373657227,-0.35864895582199097,-0.20943444967269897,1.0,0.0,0.0,0.0,0.0
14113000000,4133,0,,0,-0.08756458759307861,0.03403657674789429,-0.2653737962245941,1.0,0.0,0.0,0.0,0.0
14116000000,4134,0,,0,-0.08694808930158615,-0.18500709533691406,-0.08921489119529724,1.0,0.0,0.0,0.0,0.0
14118000000,4135,0,,0,-0.25088298320770264,0.1597956418991089,-0.37347692251205444,1.0,0.0,0.0,0.0,0.0
14119000000,4136,0,,0,0.3131130635738373,0.1538688689470291,0.32011014223098755,1.0,0.0,0.0,0.0,0.0
14122000000,4137,0,,0,-0.14613991975784302,0.35038048028945923,0.2132558673620224,1.0,0.0,0.0,0.0,0.0
14124000000,4138,0,,0,0.09106030315160751,0.28995952010154724,-0.18175163865089417,1.0,0.0,0.0,0.0,0.0
14126000000,4139,0,,0,0.28091201186180115,0.22091582417488098,-0.39130038022994995,1.0,0.0,0.0,0.0,0.0
14128000000,4140,0,,0,0.22229577600955963,0.24948352575302124,-0.12880513072013855,1.0,0.0,0.0,0.0,0.0
14129000000,4141,0,,0,0.3772597908973694,-0.3621603846549988,0.30765530467033386,1.0,0.0,0.0,0.0,0.0
14131000000,4142,0,,0,-0.2104736566543579,0.21031759679317474,0.07306180894374847,1.0,0.0,0.0,0.0,0.0
14134000000,4143,0,,0,0.1716528981924057,-0.16991232335567474,0.01693672500550747,1.0,0.0,0.0,0.0,0.0
14135000000,4144,0,,0,0.11698949337005615,-0.05596752092242241,-0.39847469329833984,1.0,0.0,0.0,0.0,0.0
14137000000,4145,0,,0,0.12048434466123581,0.04108738526701927,0.06458015739917755,1.0,0.0,0.0,0.0,0.0
14140000000,4146,0,,0,-0.21577751636505127,0.018757347017526627,0.073500856757164,1.0,0.0,0.0,0.0,0.0
14141000000,4147,0,,0,0.3434167802333832,0.31726428866386414,-0.013481618836522102,1.0,0.0,0.0,0.0,0.0
14144000000,4148,0,,0,-0.12834638357162476,0.11240504682064056,-0.2532038986682892,1.0,0.0,0.0,0.0,0.0
14146000000,4149,0,,0,0.13557560741901398,0.28533726930618286,0.1841631531715393,1.0,0.0,0.0,0.0,0.0
14147000000,4150,0,,0,0.11571962386369705,0.04679686948657036,-0.20074337720870972,1.0,0.0,0.0,0.0,0.0
14149000000,4151,0,,0,0.32869723439216614,0.24814996123313904,0.22351965308189392,1.0,0.0,0.0,0.0,0.0
14151000000,4152,0,,0,0.32623642683029175,0.3826150894165039,0.05801355466246605,1.0,0.0,0.0,0.0,0.0
14153000000,4153,0,,0,0.09193523228168488,-0.29363685846328735,0.23349404335021973,1.0,0.0,0.0,0.0,0.0
14155000000,4154,0,,0,0.04462667182087898,-0.27800896763801575,0.08686136454343796,1.0,0.0,0.0,0.0,0.0
14157000000,4155,0,,0,0.05889013409614563,0.17459668219089508,-0.08056290447711945,1.0,0.0,0.0,0.0,0.0
14159000000,4156,0,,0,-0.02264810912311077,0.25094836950302124,-0.016563333570957184,1.0,0.0,0.0,0.0,0.0
14161000000,4157,0,,0,-0.3806241452693939,-0.06797828525304794,-0.22030504047870636,1.0,0.0,0.0,0.0,0.0
14163000000,4158,0,,0,0.20779916644096375,-0.3045589327812195,0.17089810967445374,1.0,0.0,0.0,0.0,0.0
14165000000,4159,0,,0,0.1419878602027893,-0.34463903307914734,0.1092672273516655,1.0,0.0,0.0,0.0,0.0
14167000000,4160,0,,0,-0.3159061074256897,-0.04713775962591171,-0.352338582277298,1.0,0.0,0.0,0.0,0.0
14169000000,4161,0,,0,-0.08042193204164505,-0.08231747895479202,0.28876179456710815,1.0,0.0,0.0,0.0,0.0
14172000000,4162,0,,0,-0.22696591913700104,-0.34379711747169495,0.08596446365118027,1.0,0.0,0.0,0.0,0.0
14173000000,4163,0,,0,-0.2943704128265381,0.378816694021225,-0.18726906180381775,1.0,0.0,0.0,0.0,0.0
14175000000,4164,0,,0,0.3895878195762634,0.33301275968551636,0.18070116639137268,1.0,0.0,0.0,0.0,0.0
14177000000,4165,0,,0,-0.18944379687309265,0.15648016333580017,-0.1924663931131363,1.0,0.0,0.0,0.0,0.0
14179000000,4166,0,,0,-0.26877960562705994,-0.2130822092294693,-0.09199031442403793,1.0,0.0,0.0,0.0,0.0
14181000000,4167,0,,0,0.15279799699783325,-0.09921357780694962,-0.1989136040210724,1.0,0.0,0.0,0.0,0.0
14183000000,4168,0,,0,0.14855286478996277,0.13048216700553894,0.1587183177471161,1.0,0.0,0.0,0.0,0.0
14185000000,4169,0,,0,-0.05447627604007721,-0.34962472319602966,-0.09718675166368484,1.0,0.0,0.0,0.0,0.0
14187000000,4170,0,,0,0.0777316689491272,0.07515405863523483,-0.15284588932991028,1.0,0.0,0.0,0.0,0.0
14189000000,4171,0,,0,-0.3051031231880188,-0.3085212707519531,-0.14628122746944427,1.0,0.0,0.0,0.0,0.0
14191000000,4172,0,,0,0.22266052663326263,-0.050429146736860275,-0.3399972915649414,1.0,0.0,0.0,0.0,0.0
14193000000,4173,0,,0,0.3101031184196472,0.37126606702804565,-0.1077989935874939,1.0,0.0,0.0,0.0,0.0
14195000000,4174,0,,0,-0.20926891267299652,0.3179227411746979,0.33350202441215515,1.0,0.0,0.0,0.0,0.0
14197000000,4175,0,,0,-0.02044515497982502,0.3696700632572174,-0.10705073177814484,1.0,0.0,0.0,0.0,0.0
14199000000,4176,0,,0,-0.15641307830810547,0.3815878629684448,0.28176945447921753,1.0,0.0,0.0,0.0,0.0
14201000000,4177,0,,0,0.3831612169742584,-0.03143007308244705,-0.3751164376735687,1.0,0.0,0.0,0.0,0.0
14203000000,4178,0,,0,-0.3548317551612854,0.3842919170856476,0.2991029918193817,1.0,0.0,0.0,0.0,0.0
14205000000,4179,0,,0,-0.3222959041595459,-0.06164909899234772,-0.31951966881752014,1.0,0.0,0.0,0.0,0.0
14207000000,4180,0,,0,-0.27208903431892395,0.3573690950870514,0.27240490913391113,1.0,0.0,0.0,0.0,0.0
14209000000,4181,0,,0,0.19555573165416718,-0.2659260928630829,-0.07275433838367462,1.0,0.0,0.0,0.0,0.0
14211000000,4182,0,,0,0.1830074042081833,-0.009151364676654339,0.1612895131111145,1.0,0.0,0.0,0.0,0.0
14213000000,4183,0,,0,0.3857940137386322,-0.13341405987739563,0.04086145758628845,1.0,0.0,0.0,0.0,0.0
14215000000,4184,0,,0,-0.006939160171896219,0.13914455473423004,0.15694057941436768,1.0,0.0,0.0,0.0,0.0
14218000000,4185,0,,0,0.10069087147712708,0.2561749219894409,-0.179947167634964,1.0,0.0,0.0,0.0,0.0
14220000000,4186,0,,0,-0.355040043592453,0.08102696388959885,-0.018785260617733,1.0,0.0,0.0,0.0,0.0
14221000000,4187,0,,0,0.3037707805633545,0.294648140668869,-0.15711577236652374,1.0,0.0,0.0,0.0,0.0
14223000000,4188,0,,0,-0.03080202266573906,0.042984090745449066,0.11149759590625763,1.0,0.0,0.0,0.0,0.0
14225000000,4189,0,,0,-0.18847231566905975,0.3736141622066498,-0.3292241394519806,1.0,0.0,0.0,0.0,0.0
14228000000,4190,0,,0,-0.39928027987480164,0.3834502696990967,0.1814420521259308,1.0,0.0,0.0,0.0,0.0
14229000000,4191,0,,0,0.3646659851074219,0.3912104666233063,-0.26613232493400574,1.0,0.0,0.0,0.0,0.0
14231000000,4192,0,,0,0.264587938785553,0.3265751302242279,-0.3574218451976776,1.0,0.0,0.0,0.0,0.0
14244000000,4193,0,,0,-0.2517492175102234,-0.30981430411338806,-0.004876183811575174,1.0,0.0,0.0,0.0,0.0
14244000000,4194,0,,0,0.3652804493904114,-0.035002175718545914,-0.2478962540626526,1.0,0.0,0.0,0.0,0.0
14249000000,4195,0,,0,0.2061612755060196,-0.09055915474891663,-0.21315325796604156,1.0,0.0,0.0,0.0,0.0
14249000000,4196,0,,0,-0.007161347195506096,-0.15821652114391327,0.3389076888561249,1.0,0.0,0.0,0.0,0.0
14249000000,4197,0,,0,-0.08427965641021729,-0.22884981334209442,0.2211359739303589,1.0,0.0,0.0,0.0,0.0
14251000000,4198,0,,0,0.3321659564971924,0.11802730709314346,0.30579674243927,1.0,0.0,0.0,0.0,0.0
14252000000,4199,0,,0,0.3613959848880768,0.22210857272148132,0.20220232009887695,1.0,0.0,0.0,0.0,0.0
14253000000,4200,0,,0,-0.17355169355869293,0.21003782749176025,0.09819620102643967,1.0,0.0,0.0,0.0,0.0
14255000000,4201,0,,0,0.14251145720481873,-0.15486595034599304,-0.1513092815876007,1.0,0.0,0.0,0.0,0.0
14257000000,4202,0,,0,0.3603718876838684,0.2318718135356903,0.39800509810447693,1.0,0.0,0.0,0.0,0.0
14259000000,4203,0,,0,0.2269057333469391,0.17005449533462524,0.08901456743478775,1.0,0.0,0.0,0.0,0.0
14261000000,4204,0,,0,0.12927553057670593,-0.1890176236629486,0.27785545587539673,1.0,0.0,0.0,0.0,0.0
14263000000,4205,0,,0,-0.13668519258499146,-0.12870708107948303,-0.07824300229549408,1.0,0.0,0.0,0.0,0.0
14265000000,4206,0,,0,0.01924056187272072,0.1366269290447235,0.17410852015018463,1.0,0.0,0.0,0.0,0.0
14267000000,4207,0,,0,0.38276079297065735,-0.19215069711208344,-0.38329392671585083,1.0,0.0,0.0,0.0,0.0
14269000000,4208,0,,0,-0.02159254439175129,-0.0844138115644455,0.16024968028068542,1.0,0.0,0.0,0.0,0.0
14271000000,4209,0,,0,0.020858649164438248,-0.18459127843379974,0.33834710717201233,1.0,0.0,0.0,0.0,0.0
14273000000,4210,0,,0,-0.12919776141643524,0.3108110725879669,-0.17714667320251465,1.0,0.0,0.0,0.0,0.0
14275000000,4211,0,,0,0.14681532979011536,-0.2241382747888565,0.014027656055986881,1.0,0.0,0.0,0.0,0.0
14277000000,4212,0,,0,-0.0895841121673584,-0.09135272353887558,-0.2800673246383667,1.0,0.0,0.0,0.0,0.0
14279000000,4213,0,,0,0.348794162273407,-0.06999971717596054,0.019675610587000847,1.0,0.0,0.0,0.0,0.0
14281000000,4214,0,,0,-0.16428235173225403,0.3338537812232971,-0.02791847474873066,1.0,0.0,0.0,0.0,0.0
14283000000,4215,0,,0,-0.16187648475170135,0.2347000390291214,-0.32699358463287354,1.0,0.0,0.0,0.0,0.0
14285000000,4216,0,,0,-0.04991383105516434,-0.39558953046798706,-0.07427722960710526,1.0,0.0,0.0,0.0,0.0
14287000000,4217,0,,0,-0.08660542219877243,-0.2818116545677185,-0.3140968680381775,1.0,0.0,0.0,0.0,0.0
14289000000,4218,0,,0,0.3109915554523468,0.38621556758880615,-0.1450621783733368,1.0,0.0,0.0,0.0,0.0
14291000000,4219,0,,0,-0.10998152941465378,-0.23209334909915924,0.11922848224639893,1.0,0.0,0.0,0.0,0.0
14293000000,4220,0,,0,-0.03501047566533089,-0.2505190968513489,0.09637200832366943,1.0,0.0,0.0,0.0,0.0
14295000000,4221,0,,0,0.023878030478954315,0.08132851123809814,0.1623166799545288,1.0,0.0,0.0,0.0,0.0
14297000000,4222,0,,0,0.03117453306913376,0.14647085964679718,-0.2663794755935669,1.0,0.0,0.0,0.0,0.0
14300000000,4223,0,,0,-0.20373323559761047,-0.059101760387420654,0.11935894191265106,1.0,0.0,0.0,0.0,0.0
14301000000,4224,0,,0,-0.12040148675441742,0.20046082139015198,-0.18907810747623444,1.0,0.0,0.0,0.0,0.0
14303000000,4225,0,,0,-0.322000116109848,0.20594283938407898,0.29002833366394043,1.0,0.0,0.0,0.0,0.0
14305000000,4226,0,,0,-0.13966776430606842,-0.3771003484725952,-0.25257813930511475,1.0,0.0,0.0,0.0,0.0
14307000000,4227,0,,0,0.24705275893211365,0.13391895592212677,-0.17680849134922028,1.0,0.0,0.0,0.0,0.0
14309000000,4228,0,,0,-0.06778556108474731,-0.10527913272380829,0.3436697721481323,1.0,0.0,0.0,0.0,0.0
14311000000,4229,0,,0,0.2398621141910553,0.09547249227762222,-0.2434781938791275,1.0,0.0,0.0,0.0,0.0
14313000000,4230,0,,0,-0.14055699110031128,0.12582361698150635,-0.18334916234016418,1.0,0.0,0.0,0.0,0.0
14316000000,4231,0,,0,-0.2974826693534851,-0.149795264005661,-0.21120363473892212,1.0,0.0,0.0,0.0,0.0
14317000000,4232,0,,0,0.0727662667632103,0.198741614818573,-0.11849358677864075,1.0,0.0,0.0,0.0,0.0
14319000000,4233,0,,0,0.29135367274284363,-0.09190358966588974,-0.23576807975769043,1.0,0.0,0.0,0.0,0.0
14322000000,4234,0,,0,0.21401788294315338,-0.005715493578463793,-0.15389250218868256,1.0,0.0,0.0,0.0,0.0
14323000000,4235,0,,0,-0.31831732392311096,0.26501327753067017,0.222436785697937,1.0,0.0,0.0,0.0,0.0
14325000000,4236,0,,0,-0.3266972303390503,0.2049212008714676,0.3720705211162567,1.0,0.0,0.0,0.0,0.0
14327000000,4237,0,,0,-0.37409573793411255,0.0013849767856299877,0.22901740670204163,1.0,0.0,0.0,0.0,0.0
14329000000,4238,0,,0,0.37638431787490845,0.1155819520354271,0.26550769805908203,1.0,0.0,0.0,0.0,0.0
14331000000,4239,0,,0,-0.18526677787303925,-0.1520616114139557,-0.20128443837165833,1.0,0.0,0.0,0.0,0.0
14334000000,4240,0,,0,0.26560884714126587,-0.25236910581588745,-0.07412178069353104,1.0,0.0,0.0,0.0,0.0
14335000000,4241,0,,0,-0.07151061296463013,0.38705679774284363,0.2226896733045578,1.0,0.0,0.0,0.0,0.0
14338000000,4242,0,,0,-0.15491536259651184,0.11489197611808777,-0.19835783541202545,1.0,0.0,0.0,0.0,0.0
14339000000,4243,0,,0,-0.1360468715429306,0.29320311546325684,-0.2512040138244629,1.0,0.0,0.0,0.0,0.0
14341000000,4244,0,,0,0.3727867305278778,0.34378668665885925,-0.29399245977401733,1.0,0.0,0.0,0.0,0.0
14343000000,4245,0,,0,-0.34238189458847046,0.14096377789974213,-0.04167300835251808,1.0,0.0,0.0,0.0,0.0
14346000000,4246,0,,0,-0.06190399080514908,0.36991673707962036,-0.31457462906837463,1.0,0.0,0.0,0.0,0.0
14348000000,4247,0,,0,0.16786089539527893,-0.38466405868530273,-0.27251681685447693,1.0,0.0,0.0,0.0,0.0
14350000000,4248,0,,0,-0.22175832092761993,0.0612647570669651,-0.3482140004634857,1.0,0.0,0.0,0.0,0.0
14351000000,4249,0,,0,0.20552583038806915,0.008544825948774815,0.09363190829753876,1.0,0.0,0.0,0.0,0.0
14354000000,4250,0,,0,0.34665122628211975,0.19933916628360748,0.29697710275650024,1.0,0.0,0.0,0.0,0.0
14356000000,4251,0,,0,-0.17807181179523468,-0.23097535967826843,0.02322724275290966,1.0,0.0,0.0,0.0,0.0
14358000000,4252,0,,0,-0.1505439430475235,-0.2861205041408539,0.10856329649686813,1.0,0.0,0.0,0.0,0.0
14360000000,4253,0,,0,-0.32447919249534607,-0.14942041039466858,0.031233103945851326,1.0,0.0,0.0,0.0,0.0
14361000000,4254,0,,0,-0.1364288628101349,0.2172735333442688,-0.030836815014481544,1.0,0.0,0.0,0.0,0.0
14364000000,4255,0,,0,0.12709222733974457,0.17226049304008484,-0.06301143020391464,1.0,0.0,0.0,0.0,0.0
14366000000,4256,0,,0,0.09004025161266327,0.09714166820049286,-0.2776423394680023,1.0,0.0,0.0,0.0,0.0
14367000000,4257,0,,0,-0.27453455328941345,-0.34580719470977783,0.1386009305715561,1.0,0.0,0.0,0.0,0.0
14369000000,4258,0,,0,-0.034291837364435196,-0.0312703475356102,0.20231571793556213,1.0,0.0,0.0,0.0,0.0
14371000000,4259,0,,0,0.20472131669521332,-0.25536462664604187,0.09433359652757645,1.0,0.0,0.0,0.0,0.0
14373000000,4260,0,,0,0.25542405247688293,-0.014204168692231178,0.3092568516731262,1.0,0.0,0.0,0.0,0.0
14375000000,4261,0,,0,-0.3874962031841278,-0.3265994191169739,-0.20145747065544128,1.0,0.0,0.0,0.0,0.0
14377000000,4262,0,,0,-0.3946375846862793,0.24950598180294037,-0.2714281976222992,1.0,0.0,0.0,0.0,0.0
14379000000,4263,0,,0,0.04581631347537041,0.3091016113758087,0.3338937759399414,1.0,0.0,0.0,0.0,0.0
14381000000,4264,0,,0,0.23724378645420074,0.3790161609649658,0.1496436595916748,1.0,0.0,0.0,0.0,0.0
14384000000,4265,0,,0,0.35363832116127014,0.034456826746463776,-0.02776860073208809,1.0,0.0,0.0,0.0,0.0
14385000000,4266,0,,0,0.2880275547504425,0.15559615194797516,-0.30982649326324463,1.0,0.0,0.0,0.0,0.0
14387000000,4267,0,,0,0.31761670112609863,-0.11212621629238129,-0.05149909481406212,1.0,0.0,0.0,0.0,0.0
14389000000,4268,0,,0,-0.09157992899417877,0.3814026415348053,-0.13926663994789124,1.0,0.0,0.0,0.0,0.0
14391000000,4269,0,,0,-0.3922238051891327,-0.22955180704593658,-0.2977692484855652,1.0,0.0,0.0,0.0,0.0
14394000000,4270,0,,0,-0.09820111095905304,0.016121329739689827,0.35188087821006775,1.0,0.0,0.0,0.0,0.0
14396000000,4271,0,,0,-0.1768873780965805,0.19237497448921204,0.28859126567840576,1.0,0.0,0.0,0.0,0.0
14398000000,4272,0,,0,0.3681626319885254,-0.03913305699825287,-0.2390960454940796,1.0,0.0,0.0,0.0,0.0
14400000000,4273,0,,0,0.23384670913219452,-0.32039564847946167,0.30638307332992554,1.0,0.0,0.0,0.0,0.0
14401000000,4274,0,,0,0.05590052530169487,-0.2650306522846222,0.13307669758796692,1.0,0.0,0.0,0.0,0.0
14403000000,4275,0,,0,0.196297287940979,0.2231041043996811,0.05743855610489845,1.0,0.0,0.0,0.0,0.0
14405000000,4276,0,,0,0.011033031158149242,0.23981966078281403,-0.2710808217525482,1.0,0.0,0.0,0.0,0.0
14407000000,4277,0,,0,0.35739585757255554,0.10433536767959595,0.37283650040626526,1.0,0.0,0.0,0.0,0.0
14410000000,4278,0,,0,-0.3188477158546448,-0.18161560595035553,-0.2178674191236496,1.0,0.0,0.0,0.0,0.0
14411000000,4279,0,,0,-0.197655588388443,-0.21666960418224335,-0.053614210337400436,1.0,0.0,0.0,0.0,0.0
14414000000,4280,0,,0,-0.129801407456398,-0.19572344422340393,0.2422114461660385,1.0,0.0,0.0,0.0,0.0
14415000000,4281,0,,0,0.3824196457862854,0.0912090390920639,-0.23518823087215424,1.0,0.0,0.0,0.0,0.0
14417000000,4282,0,,0,0.24738751351833344,-0.04334031790494919,0.25503379106521606,1.0,0.0,0.0,0.0,0.0
14420000000,4283,0,,0,0.30653244256973267,-0.24032312631607056,0.2643929421901703,1.0,0.0,0.0,0.0,0.0
14422000000,4284,0,,0,0.37983906269073486,-0.37783294916152954,0.0674937441945076,1.0,0.0,0.0,0.0,0.0
14423000000,4285,0,,0,-0.016583528369665146,0.04804113507270813,0.29395416378974915,1.0,0.0,0.0,0.0,0.0
14425000000,4286,0,,0,-0.08485313504934311,0.10304674506187439,0.23578429222106934,1.0,0.0,0.0,0.0,0.0
14427000000,4287,0,,0,-0.3622654378414154,-0.15733197331428528,-0.09779638051986694,1.0,0.0,0.0,0.0,0.0
14430000000,4288,0,,0,-0.1398795247077942,0.06333550810813904,-0.06695699691772461,1.0,0.0,0.0,0.0,0.0
14432000000,4289,0,,0,-0.23412516713142395,-0.18284523487091064,-0.26391491293907166,1.0,0.0,0.0,0.0,0.0
14434000000,4290,0,,0,-0.3559257686138153,0.2910418212413788,0.289387047290802,1.0,0.0,0.0,0.0,0.0
14436000000,4291,0,,0,-0.13130630552768707,0.26606717705726624,0.36660435795783997,1.0,0.0,0.0,0.0,0.0
14438000000,4292,0,,0,-0.31105682253837585,-0.15635466575622559,0.14687573909759521,1.0,0.0,0.0,0.0,0.0
14440000000,4293,0,,0,0.08644367754459381,-0.2556900084018707,-0.1791193187236786,1.0,0.0,0.0,0.0,0.0
14441000000,4294,0,,0,-0.06415558606386185,-0.05287390574812889,-0.37991654872894287,1.0,0.0,0.0,0.0,0.0
14444000000,4295,0,,0,-0.3166884481906891,0.19545362889766693,-0.23072324693202972,1.0,0.0,0.0,0.0,0.0
14445000000,4296,0,,0,-0.0657377764582634,0.2693677246570587,-0.049220386892557144,1.0,0.0,0.0,0.0,0.0
14447000000,4297,0,,0,0.13725635409355164,-0.27936452627182007,0.168243870139122,1.0,0.0,0.0,0.0,0.0
14449000000,4298,0,,0,0.3380855321884155,0.13980713486671448,0.2160334438085556,1.0,0.0,0.0,0.0,0.0
14451000000,4299,0,,0,-0.2984280586242676,-0.12063289433717728,-0.3373183012008667,1.0,0.0,0.0,0.0,0.0
14453000000,4300,0,,0,-0.05508250370621681,-0.23869675397872925,-0.168760284781456,1.0,0.0,0.0,0.0,0.0
14455000000,4301,0,,0,0.00048165195039473474,-0.12240588665008545,0.3386591076850891,1.0,0.0,0.0,0.0,0.0
14457000000,4302,0,,0,0.040207576006650925,-0.10253986716270447,-0.026129908859729767,1.0,0.0,0.0,0.0,0.0
14459000000,4303,0,,0,-0.33174437284469604,-0.225906103849411,0.254326730966568,1.0,0.0,0.0,0.0,0.0
14461000000,4304,0,,0,0.16725735366344452,-0.18639791011810303,-0.054847411811351776,1.0,0.0,0.0,0.0,0.0
14463000000,4305,0,,0,-0.14659622311592102,-0.15276388823986053,-0.07789412140846252,1.0,0.0,0.0,0.0,0.0
14465000000,4306,0,,0,0.1826106309890747,-0.18268421292304993,-0.3066383898258209,1.0,0.0,0.0,0.0,0.0
14467000000,4307,0,,0,-0.1827637255191803,-0.02249172143638134,0.3782244920730591,1.0,0.0,0.0,0.0,0.0
14469000000,4308,0,,0,0.11260778456926346,0.08496666699647903,-0.12170962989330292,1.0,0.0,0.0,0.0,0.0
14471000000,4309,0,,0,0.2077188789844513,0.12189331650733948,-0.178510844707489,1.0,0.0,0.0,0.0,0.0
14473000000,4310,0,,0,0.1006021499633789,-0.1880141794681549,0.25320813059806824,1.0,0.0,0.0,0.0,0.0
14475000000,4311,0,,0,0.1661762297153473,-0.37380197644233704,-0.14605922996997833,1.0,0.0,0.0,0.0,0.0
14478000000,4312,0,,0,0.1626725047826767,-0.11273430287837982,-0.2071491777896881,1.0,0.0,0.0,0.0,0.0
14479000000,4313,0,,0,0.14672622084617615,-0.19733339548110962,0.12420877814292908,1.0,0.0,0.0,0.0,0.0
14481000000,4314,0,,0,0.14412350952625275,-0.30533266067504883,-0.39458784461021423,1.0,0.0,0.0,0.0,0.0
14483000000,4315,0,,0,-0.21760797500610352,0.346454381942749,0.09531792253255844,1.0,0.0,0.0,0.0,0.0
14485000000,4316,0,,0,0.21978211402893066,-0.19790884852409363,-0.07522310316562653,1.0,0.0,0.0,0.0,0.0
14487000000,4317,0,,0,-0.12983904778957367,0.15117071568965912,0.18636125326156616,1.0,0.0,0.0,0.0,0.0
14489000000,4318,0,,0,0.10593443363904953,0.05562702938914299,0.16550350189208984,1.0,0.0,0.0,0.0,0.0
14491000000,4319,0,,0,-0.05592972785234451,-0.2683587670326233,-0.21244663000106812,1.0,0.0,0.0,0.0,0.0
14494000000,4320,0,,0,0.08200906217098236,0.028179075568914413,0.0925888791680336,1.0,0.0,0.0,0.0,0.0
14495000000,4321,0,,0,-0.07241696864366531,-0.11708608269691467,-0.2823299467563629,1.0,0.0,0.0,0.0,0.0
14497000000,4322,0,,0,0.13200154900550842,0.3755020797252655,-0.3280107080936432,1.0,0.0,0.0,0.0,0.0
14499000000,4323,0,,0,-0.37723681330680847,-0.15896520018577576,-0.28263986110687256,1.0,0.0,0.0,0.0,0.0
14501000000,4324,0,,0,-0.005521754734218121,-0.0005961128626950085,0.244795560836792,1.0,0.0,0.0,0.0,0.0
14504000000,4325,0,,0,0.36355409026145935,0.31272152066230774,-0.020724833011627197,1.0,0.0,0.0,0.0,0.0
14506000000,4326,0,,0,-0.15598997473716736,0.38906991481781006,-0.17106902599334717,1.0,0.0,0.0,0.0,0.0
14507000000,4327,0,,0,0.2885632812976837,0.3382020890712738,-0.3411744236946106,1.0,0.0,0.0,0.0,0.0
14510000000,4328,0,,0,-0.03823614493012428,0.11392674595117569,-0.34758055210113525,1.0,0.0,0.0,0.0,0.0
14511000000,4329,0,,0,0.19758963584899902,-0.29760119318962097,0.0967542976140976,1.0,0.0,0.0,0.0,0.0
14513000000,4330,0,,0,0.1771983951330185,-0.2876504957675934,0.31718000769615173,1.0,0.0,0.0,0.0,0.0
14515000000,4331,0,,0,-0.15075451135635376,0.36295923590660095,0.1481572836637497,1.0,0.0,0.0,0.0,0.0
14517000000,4332,0,,0,0.2054527848958969,-0.13900457322597504,-0.1938932240009308,1.0,0.0,0.0,0.0,0.0
14519000000,4333,0,,0,0.22355477511882782,0.21239805221557617,0.021061573177576065,1.0,0.0,0.0,0.0,0.0
14521000000,4334,0,,0,-0.3809957504272461,-0.07952960580587387,-0.21970991790294647,1.0,0.0,0.0,0.0,0.0
14523000000,4335,0,,0,0.14709001779556274,0.36249667406082153,-0.0777151882648468,1.0,0.0,0.0,0.0,0.0
14525000000,4336,0,,0,-0.02970866858959198,-0.3621681332588196,-0.3425544202327728,1.0,0.0,0.0,0.0,0.0
14527000000,4337,0,,0,-0.07350725680589676,0.15672537684440613,-0.3315408229827881,1.0,0.0,0.0,0.0,0.0
14529000000,4338,0,,0,0.18594571948051453,-0.2113555371761322,-0.2843422591686249,1.0,0.0,0.0,0.0,0.0
14531000000,4339,0,,0,0.23367023468017578,-0.19262544810771942,0.18852095305919647,1.0,0.0,0.0,0.0,0.0
14533000000,4340,0,,0,-0.030921518802642822,-0.0039619081653654575,0.07053091377019882,1.0,0.0,0.0,0.0,0.0
14535000000,4341,0,,0,0.24650469422340393,-0.07874355465173721,0.3448180854320526,1.0,0.0,0.0,0.0,0.0
14537000000,4342,0,,0,0.2622918486595154,-0.26912543177604675,0.023420250043272972,1.0,0.0,0.0,0.0,0.0
14539000000,4343,0,,0,-0.16036316752433777,0.36584368348121643,0.11725712567567825,1.0,0.0,0.0,0.0,0.0
14541000000,4344,0,,0,-0.30437496304512024,-0.11633260548114777,-0.02905426360666752,1.0,0.0,0.0,0.0,0.0
14543000000,4345,0,,0,-0.09270818531513214,-0.14432981610298157,0.33022502064704895,1.0,0.0,0.0,0.0,0.0
14545000000,4346,0,,0,-0.11059259623289108,-0.22364747524261475,-0.24678684771060944,1.0,0.0,0.0,0.0,0.0
14547000000,4347,0,,0,-0.0523359477519989,-0.21699053049087524,-0.21953733265399933,1.0,0.0,0.0,0.0,0.0
14549000000,4348,0,,0,0.39650431275367737,-0.3506346046924591,0.15702131390571594,1.0,0.0,0.0,0.0,0.0
14551000000,4349,0,,0,-0.3238358795642853,-0.14117932319641113,-0.0584036186337471,1.0,0.0,0.0,0.0,0.0
14553000000,4350,0,,0,-0.37802571058273315,-0.1327933967113495,0.008451488800346851,1.0,0.0,0.0,0.0,0.0
14555000000,4351,0,,0,-0.05409688502550125,-0.3768838047981262,0.3938499093055725,1.0,0.0,0.0,0.0,0.0
14557000000,4352,0,,0,-0.14000575244426727,0.24259376525878906,-0.06852512061595917,1.0,0.0,0.0,0.0,0.0
14559000000,4353,0,,0,-0.15289956331253052,0.0716651976108551,0.3577655851840973,1.0,0.0,0.0,0.0,0.0
14561000000,4354,0,,0,-0.33002951741218567,-0.3010619580745697,-0.10500586777925491,1.0,0.0,0.0,0.0,0.0
14563000000,4355,0,,0,0.18894685804843903,-0.2025720328092575,-0.20998172461986542,1.0,0.0,0.0,0.0,0.0
14565000000,4356,0,,0,-0.029936248436570168,-0.30011382699012756,0.2103586345911026,1.0,0.0,0.0,0.0,0.0
14567000000,4357,0,,0,-0.2992938756942749,-0.36339953541755676,-0.020857032388448715,1.0,0.0,0.0,0.0,0.0
14569000000,4358,0,,0,-0.05869809538125992,0.38147926330566406,0.22608791291713715,1.0,0.0,0.0,0.0,0.0
14571000000,4359,0,,0,0.3748575448989868,0.16596581041812897,0.24289503693580627,1.0,0.0,0.0,0.0,0.0
14573000000,4360,0,,0,-0.3644927144050598,-0.2550179660320282,0.04795907437801361,1.0,0.0,0.0,0.0,0.0
14575000000,4361,0,,0,-0.020930210128426552,0.16183169186115265,-0.1608041226863861,1.0,0.0,0.0,0.0,0.0
14577000000,4362,0,,0,-0.13276630640029907,0.014854108914732933,0.37719568610191345,1.0,0.0,0.0,0.0,0.0
14579000000,4363,0,,0,-0.045560646802186966,-0.19837532937526703,-0.04171476140618324,1.0,0.0,0.0,0.0,0.0
14581000000,4364,0,,0,-0.03306680917739868,0.1690155416727066,-0.17543064057826996,1.0,0.0,0.0,0.0,0.0
14584000000,4365,0,,0,0.06112223491072655,0.27230653166770935,-0.025236116722226143,1.0,0.0,0.0,0.0,0.0
14586000000,4366,0,,0,0.37980347871780396,-0.20724163949489594,-0.11062208563089371,1.0,0.0,0.0,0.0,0.0
14587000000,4367,0,,0,-0.16107355058193207,-0.23075515031814575,0.04202785715460777,1.0,0.0,0.0,0.0,0.0
14589000000,4368,0,,0,-0.344293475151062,0.2903721034526825,-0.2184518724679947,1.0,0.0,0.0,0.0,0.0
14592000000,4369,0,,0,-0.3578948974609375,-0.13740432262420654,0.20654022693634033,1.0,0.0,0.0,0.0,0.0
14593000000,4370,0,,0,-0.2277158945798874,-0.1276003122329712,-0.20635417103767395,1.0,0.0,0.0,0.0,0.0
14595000000,4371,0,,0,0.13427653908729553,-0.06772153079509735,-0.32331153750419617,1.0,0.0,0.0,0.0,0.0
14597000000,4372,0,,0,0.1316014677286148,0.3827042877674103,0.08438046276569366,1.0,0.0,0.0,0.0,0.0
14599000000,4373,0,,0,0.018831871449947357,-0.15333004295825958,-0.27645623683929443,1.0,0.0,0.0,0.0,0.0
14601000000,4374,0,,0,0.3522781431674957,0.13059601187705994,0.25024402141571045,1.0,0.0,0.0,0.0,0.0
14603000000,4375,0,,0,0.1427750438451767,-0.3318744897842407,0.27773764729499817,1.0,0.0,0.0,0.0,0.0
14606000000,4376,0,,0,-0.2349654734134674,0.24657905101776123,-0.371873676776886,1.0,0.0,0.0,0.0,0.0
14607000000,4377,0,,0,-0.03277960792183876,0.06166873127222061,-0.0528869591653347,1.0,0.0,0.0,0.0,0.0
14609000000,4378,0,,0,-0.11312805861234665,0.20358239114284515,0.22588594257831573,1.0,0.0,0.0,0.0,0.0
14612000000,4379,0,,0,0.3088409900665283,0.12794606387615204,0.2437487691640854,1.0,0.0,0.0,0.0,0.0
14614000000,4380,0,,0,0.04367157071828842,-0.008997936733067036,-0.14446842670440674,1.0,0.0,0.0,0.0,0.0
14616000000,4381,0,,0,0.050772082060575485,-0.3997381627559662,0.3205059766769409,1.0,0.0,0.0,0.0,0.0
14617000000,4382,0,,0,0.13531053066253662,-0.12205559760332108,0.34768182039260864,1.0,0.0,0.0,0.0,0.0
14620000000,4383,0,,0,-0.1806715577840805,-0.12221282720565796,-0.3326287865638733,1.0,0.0,0.0,0.0,0.0
14621000000,4384,0,,0,-0.1685614287853241,-0.04927368462085724,-0.19239357113838196,1.0,0.0,0.0,0.0,0.0
14624000000,4385,0,,0,0.025088662281632423,-0.3971598148345947,-0.09938450157642365,1.0,0.0,0.0,0.0,0.0
14626000000,4386,0,,0,0.10129459947347641,0.3189328908920288,0.1432350128889084,1.0,0.0,0.0,0.0,0.0
14628000000,4387,0,,0,-0.2731776535511017,-0.2661230266094208,0.05805007740855217,1.0,0.0,0.0,0.0,0.0
14630000000,4388,0,,0,-0.28383535146713257,-0.2824113070964813,-0.3277915418148041,1.0,0.0,0.0,0.0,0.0
14632000000,4389,0,,0,0.047952909022569656,0.37238773703575134,0.37596598267555237,1.0,0.0,0.0,0.0,0.0
14633000000,4390,0,,0,-0.24994009733200073,-0.10820462554693222,-0.06661663949489594,1.0,0.0,0.0,0.0,0.0
14636000000,4391,0,,0,-0.3951496183872223,0.11951876431703568,0.3351462781429291,1.0,0.0,0.0,0.0,0.0
14638000000,4392,0,,0,-0.05653737485408783,0.25344711542129517,0.10330961644649506,1.0,0.0,0.0,0.0,0.0
14640000000,4393,0,,0,0.1418280303478241,0.1489839404821396,0.3947440981864929,1.0,0.0,0.0,0.0,0.0
14642000000,4394,0,,0,0.17076122760772705,0.2761539816856384,-0.2556847035884857,1.0,0.0,0.0,0.0,0.0
14644000000,4395,0,,0,0.015167812816798687,0.12487437576055527,0.12183617055416107,1.0,0.0,0.0,0.0,0.0
14646000000,4396,0,,0,0.18612943589687347,-0.21099883317947388,-0.046850498765707016,1.0,0.0,0.0,0.0,0.0
14648000000,4397,0,,0,0.1908349096775055,-0.1137033998966217,0.305232435464859,1.0,0.0,0.0,0.0,0.0
14650000000,4398,0,,0,0.23541539907455444,0.1481580138206482,0.10137511044740677,1.0,0.0,0.0,0.0,0.0
14652000000,4399,0,,0,0.02841639332473278,0.3925909996032715,-0.13116808235645294,1.0,0.0,0.0,0.0,0.0
14654000000,4400,0,,0,-0.12079855054616928,-0.012591182254254818,0.12242376059293747,1.0,0.0,0.0,0.0,0.0
14656000000,4401,0,,0,0.0912015363574028,0.03251560404896736,0.10686086863279343,1.0,0.0,0.0,0.0,0.0
14657000000,4402,0,,0,-0.3574264943599701,0.21112357079982758,-0.039370328187942505,1.0,0.0,0.0,0.0,0.0
14660000000,4403,0,,0,-0.15454216301441193,-0.04286246374249458,0.3725658357143402,1.0,0.0,0.0,0.0,0.0
14661000000,4404,0,,0,-0.1379525512456894,0.3041510283946991,-0.19883932173252106,1.0,0.0,0.0,0.0,0.0
14664000000,4405,0,,0,-0.2965637445449829,-0.298371285200119,-0.3721754848957062,1.0,0.0,0.0,0.0,0.0
14665000000,4406,0,,0,0.27468785643577576,-0.10370223224163055,-0.12604661285877228,1.0,0.0,0.0,0.0,0.0
14668000000,4407,0,,0,-0.30130037665367126,-0.37485700845718384,-0.1077180877327919,1.0,0.0,0.0,0.0,0.0
14669000000,4408,0,,0,0.16067296266555786,-0.2502245008945465,-0.37670284509658813,1.0,0.0,0.0,0.0,0.0
14672000000,4409,0,,0,-0.3872849941253662,-0.2454887479543686,0.37306034564971924,1.0,0.0,0.0,0.0,0.0
14673000000,4410,0,,0,-0.251729279756546,-0.02030044049024582,-0.35469380021095276,1.0,0.0,0.0,0.0,0.0
14675000000,4411,0,,0,-0.04437977448105812,-0.07384602725505829,-0.34087494015693665,1.0,0.0,0.0,0.0,0.0
14678000000,4412,0,,0,0.3168606460094452,0.17837445437908173,0.1696760058403015,1.0,0.0,0.0,0.0,0.0
14679000000,4413,0,,0,0.36140307784080505,-0.016267145052552223,0.30419841408729553,1.0,0.0,0.0,0.0,0.0
14681000000,4414,0,,0,-0.26202619075775146,-0.32635393738746643,0.17468561232089996,1.0,0.0,0.0,0.0,0.0
14683000000,4415,0,,0,-0.030959391966462135,-0.04487917572259903,0.12767358124256134,1.0,0.0,0.0,0.0,0.0
14685000000,4416,0,,0,-0.22332419455051422,0.10247032344341278,0.3462466299533844,1.0,0.0,0.0,0.0,0.0
14688000000,4417,0,,0,-0.19837521016597748,0.20958471298217773,-0.36605381965637207,1.0,0.0,0.0,0.0,0.0
14689000000,4418,0,,0,0.27795615792274475,-0.349295049905777,-0.05670737102627754,1.0,0.0,0.0,0.0,0.0
14692000000,4419,0,,0,-0.2823678255081177,-0.0447499118745327,0.26477542519569397,1.0,0.0,0.0,0.0,0.0
14693000000,4420,0,,0,-0.013747954741120338,-0.2570648491382599,-0.13314999639987946,1.0,0.0,0.0,0.0,0.0
14695000000,4421,0,,0,-0.2235690802335739,0.01973246969282627,0.1448764055967331,1.0,0.0,0.0,0.0,0.0
14698000000,4422,0,,0,-0.19918449223041534,-0.32743117213249207,-0.2541819214820862,1.0,0.0,0.0,0.0,0.0
14700000000,4423,0,,0,-0.20391082763671875,0.25471946597099304,0.34285831451416016,1.0,0.0,0.0,0.0,0.0
14702000000,4424,0,,0,-0.27746450901031494,-0.26018568873405457,0.34625107049942017,1.0,0.0,0.0,0.0,0.0
14703000000,4425,0,,0,0.045282911509275436,-0.301845520734787,-0.03925234451889992,1.0,0.0,0.0,0.0,0.0
14705000000,4426,0,,0,0.33447062969207764,0.04032585024833679,0.04754175245761871,1.0,0.0,0.0,0.0,0.0
14707000000,4427,0,,0,-0.3958362936973572,0.3559345304965973,0.2916983366012573,1.0,0.0,0.0,0.0,0.0
14709000000,4428,0,,0,-0.08932311087846756,0.3243735134601593,0.06377564370632172,1.0,0.0,0.0,0.0,0.0
14711000000,4429,0,,0,0.152488112449646,0.20446252822875977,-0.35366207361221313,1.0,0.0,0.0,0.0,0.0
14713000000,4430,0,,0,-0.29097917675971985,0.3641887307167053,-0.37142685055732727,1.0,0.0,0.0,0.0,0.0
14716000000,4431,0,,0,0.240608349442482,0.39593300223350525,0.12421879172325134,1.0,0.0,0.0,0.0,0.0
14717000000,4432,0,,0,-0.19521698355674744,-0.2569333016872406,-0.03406212106347084,1.0,0.0,0.0,0.0,0.0
14719000000,4433,0,,0,-0.15718789398670197,-0.3498385548591614,-0.13511687517166138,1.0,0.0,0.0,0.0,0.0
14722000000,4434,0,,0,-0.04637077823281288,-0.06556248664855957,0.26358234882354736,1.0,0.0,0.0,0.0,0.0
14723000000,4435,0,,0,0.2230927050113678,-0.35871049761772156,-0.02858513593673706,1.0,0.0,0.0,0.0,0.0
14725000000,4436,0,,0,0.3476954698562622,-0.37905722856521606,0.2755758762359619,1.0,0.0,0.0,0.0,0.0
14727000000,4437,0,,0,0.0276611540466547,0.2319674789905548,0.12154553830623627,1.0,0.0,0.0,0.0,0.0
14729000000,4438,0,,0,-0.1890655755996704,-0.1443420946598053,-0.21742579340934753,1.0,0.0,0.0,0.0,0.0
14731000000,4439,0,,0,0.018107470124959946,-0.04308490827679634,0.25243884325027466,1.0,0.0,0.0,0.0,0.0
14734000000,4440,0,,0,0.3033069670200348,-0.047067347913980484,-0.3732280433177948,1.0,0.0,0.0,0.0,0.0
14735000000,4441,0,,0,0.16161935031414032,-0.11126302182674408,0.3705291748046875,1.0,0.0,0.0,0.0,0.0
14737000000,4442,0,,0,-0.0839332565665245,0.25040507316589355,0.08774292469024658,1.0,0.0,0.0,0.0,0.0
14739000000,4443,0,,0,0.051956307142972946,0.15364594757556915,0.3376306891441345,1.0,0.0,0.0,0.0,0.0
14741000000,4444,0,,0,0.03638930991292,-0.34729981422424316,0.11839154362678528,1.0,0.0,0.0,0.0,0.0
14743000000,4445,0,,0,-0.3535604476928711,0.14227695763111115,0.12541677057743073,1.0,0.0,0.0,0.0,0.0
14745000000,4446,0,,0,-0.2864355444908142,-0.178877055644989,-0.04565460979938507,1.0,0.0,0.0,0.0,0.0
14747000000,4447,0,,0,-0.2909846007823944,-0.021982163190841675,0.06607222557067871,1.0,0.0,0.0,0.0,0.0
14749000000,4448,0,,0,0.10031145066022873,-0.204346165060997,0.056607116013765335,1.0,0.0,0.0,0.0,0.0
14751000000,4449,0,,0,0.2067892700433731,0.3140707015991211,0.0210789255797863,1.0,0.0,0.0,0.0,0.0
14753000000,4450,0,,0,-0.33978405594825745,0.25850898027420044,0.17994292080402374,1.0,0.0,0.0,0.0,0.0
14755000000,4451,0,,0,0.10058566927909851,0.39215704798698425,0.02510639652609825,1.0,0.0,0.0,0.0,0.0
14757000000,4452,0,,0,-0.25364530086517334,0.11340906471014023,0.02038050815463066,1.0,0.0,0.0,0.0,0.0
14759000000,4453,0,,0,0.23972924053668976,-0.07252379506826401,0.272026002407074,1.0,0.0,0.0,0.0,0.0
14761000000,4454,0,,0,0.3962617814540863,-0.15623179078102112,0.33748847246170044,1.0,0.0,0.0,0.0,0.0
14763000000,4455,0,,0,-0.29099205136299133,0.020199129357933998,0.3758133053779602,1.0,0.0,0.0,0.0,0.0
14765000000,4456,0,,0,0.17615048587322235,0.06619966775178909,0.2755589783191681,1.0,0.0,0.0,0.0,0.0
14767000000,4457,0,,0,-0.1375662386417389,-0.30092188715934753,0.35196879506111145,1.0,0.0,0.0,0.0,0.0
14769000000,4458,0,,0,0.0375695526599884,0.24429671466350555,0.11567708104848862,1.0,0.0,0.0,0.0,0.0
14771000000,4459,0,,0,0.1304004043340683,0.09099792689085007,0.14108915627002716,1.0,0.0,0.0,0.0,0.0
14773000000,4460,0,,0,-0.01852734573185444,0.16430099308490753,-0.29180780053138733,1.0,0.0,0.0,0.0,0.0
14775000000,4461,0,,0,-0.220463365316391,0.2537192106246948,0.3551177978515625,1.0,0.0,0.0,0.0,0.0
14777000000,4462,0,,0,-0.12962327897548676,0.3282373547554016,-0.20964300632476807,1.0,0.0,0.0,0.0,0.0
14779000000,4463,0,,0,0.2693564295768738,-0.13901840150356293,-0.1865236461162567,1.0,0.0,0.0,0.0,0.0
14781000000,4464,0,,0,0.07433169335126877,0.17001043260097504,-0.06355687230825424,1.0,0.0,0.0,0.0,0.0
14783000000,4465,0,,0,0.16875307261943817,-0.042937759310007095,-0.24349573254585266,1.0,0.0,0.0,0.0,0.0
14785000000,4466,0,,0,-0.3178805112838745,0.18765638768672943,0.38393259048461914,1.0,0.0,0.0,0.0,0.0
14787000000,4467,0,,0,-0.06646440923213959,-0.35868921875953674,0.16399331390857697,1.0,0.0,0.0,0.0,0.0
14789000000,4468,0,,0,0.1979241669178009,0.032529301941394806,0.3871351480484009,1.0,0.0,0.0,0.0,0.0
14791000000,4469,0,,0,0.06547791510820389,-0.3939218521118164,0.1020304411649704,1.0,0.0,0.0,0.0,0.0
14793000000,4470,0,,0,-0.29960015416145325,0.0334758423268795,-0.07176844030618668,1.0,0.0,0.0,0.0,0.0
14795000000,4471,0,,0,-0.28691810369491577,-0.39723971486091614,0.23364859819412231,1.0,0.0,0.0,0.0,0.0
14797000000,4472,0,,0,0.0836215540766716,-0.2159617394208908,-0.25350886583328247,1.0,0.0,0.0,0.0,0.0
14799000000,4473,0,,0,0.11844673752784729,-0.022570544853806496,0.24981597065925598,1.0,0.0,0.0,0.0,0.0
14801000000,4474,0,,0,0.10835010558366776,0.1360340714454651,-0.3938155174255371,1.0,0.0,0.0,0.0,0.0
14803000000,4475,0,,0,-0.30107608437538147,0.02020293101668358,0.23954367637634277,1.0,0.0,0.0,0.0,0.0
14805000000,4476,0,,0,-0.374506413936615,-0.11811497807502747,0.24348615109920502,1.0,0.0,0.0,0.0,0.0
14807000000,4477,0,,0,0.07467874884605408,-0.2605954110622406,-0.26090046763420105,1.0,0.0,0.0,0.0,0.0
14810000000,4478,0,,0,-0.048682890832424164,0.25412189960479736,-0.3801157474517822,1.0,0.0,0.0,0.0,0.0
14812000000,4479,0,,0,-0.21794825792312622,-0.09305496513843536,-0.35951417684555054,1.0,0.0,0.0,0.0,0.0
14814000000,4480,0,,0,-0.20405079424381256,0.18860118091106415,-0.22448615729808807,1.0,0.0,0.0,0.0,0.0
14816000000,4481,0,,0,-0.3606695234775543,-0.31761640310287476,0.3796164393424988,1.0,0.0,0.0,0.0,0.0
14817000000,4482,0,,0,0.03261055052280426,0.3989415466785431,-0.07624487578868866,1.0,0.0,0.0,0.0,0.0
14819000000,4483,0,,0,-0.29064586758613586,0.39414381980895996,-0.2528313398361206,1.0,0.0,0.0,0.0,0.0
14821000000,4484,0,,0,0.15768970549106598,0.24529904127120972,0.3463382422924042,1.0,0.0,0.0,0.0,0.0
14823000000,4485,0,,0,0.2976091206073761,0.029757168143987656,0.06413309276103973,1.0,0.0,0.0,0.0,0.0
14825000000,4486,0,,0,0.24222815036773682,-0.24537993967533112,0.38698241114616394,1.0,0.0,0.0,0.0,0.0
14827000000,4487,0,,0,-0.339998722076416,0.28250211477279663,-0.18859875202178955,1.0,0.0,0.0,0.0,0.0
14829000000,4488,0,,0,-0.21768470108509064,0.04907769337296486,0.2466500997543335,1.0,0.0,0.0,0.0,0.0
14831000000,4489,0,,0,0.020531635731458664,-0.19406649470329285,0.16156025230884552,1.0,0.0,0.0,0.0,0.0
14833000000,4490,0,,0,-0.34677863121032715,0.35212624073028564,0.14525079727172852,1.0,0.0,0.0,0.0,0.0
14835000000,4491,0,,0,0.25429341197013855,-0.11097719520330429,0.1728166788816452,1.0,0.0,0.0,0.0,0.0
14837000000,4492,0,,0,0.10743401199579239,-0.17100544273853302,-0.1860613077878952,1.0,0.0,0.0,0.0,0.0
14839000000,4493,0,,0,-0.016663679853081703,-0.03430524468421936,0.3722478449344635,1.0,0.0,0.0,0.0,0.0
14841000000,4494,0,,0,-0.315682053565979,-0.17072366178035736,-0.1012859120965004,1.0,0.0,0.0,0.0,0.0
14844000000,4495,0,,0,0.17119359970092773,-0.09918051213026047,0.20829954743385315,1.0,0.0,0.0,0.0,0.0
14845000000,4496,0,,0,-0.3742293417453766,-0.009192364290356636,-0.0721387192606926,1.0,0.0,0.0,0.0,0.0
14847000000,4497,0,,0,-0.02302134968340397,0.2748298943042755,-0.24684520065784454,1.0,0.0,0.0,0.0,0.0
14849000000,4498,0,,0,0.20184935629367828,0.0489400289952755,-0.16464444994926453,1.0,0.0,0.0,0.0,0.0
14851000000,4499,0,,0,-0.27926385402679443,-0.28010833263397217,0.06587786972522736,1.0,0.0,0.0,0.0,0.0
14853000000,4500,0,,0,-0.11682610213756561,-0.04374869167804718,0.31306788325309753,1.0,0.0,0.0,0.0,0.0
14855000000,4501,0,,0,-0.021274521946907043,-0.29144468903541565,-0.047202080488204956,1.0,0.0,0.0,0.0,0.0
14857000000,4502,0,,0,-0.31574487686157227,0.28701627254486084,0.24037867784500122,1.0,0.0,0.0,0.0,0.0
14859000000,4503,0,,0,-0.017889929935336113,-0.20108869671821594,-0.16896554827690125,1.0,0.0,0.0,0.0,0.0
14862000000,4504,0,,0,-0.31878992915153503,-0.19349230825901031,0.2652045786380768,1.0,0.0,0.0,0.0,0.0
14863000000,4505,0,,0,-0.07487859576940536,0.09385696053504944,0.24302923679351807,1.0,0.0,0.0,0.0,0.0
14865000000,4506,0,,0,-0.22065818309783936,0.36663636565208435,-0.0863894373178482,1.0,0.0,0.0,0.0,0.0
14867000000,4507,0,,0,-0.19255053997039795,-0.020843498408794403,0.38791248202323914,1.0,0.0,0.0,0.0,0.0
14870000000,4508,0,,0,0.25524333119392395,-0.01951993815600872,0.29907944798469543,1.0,0.0,0.0,0.0,0.0
14871000000,4509,0,,0,-0.33971768617630005,0.3813285529613495,-0.17080111801624298,1.0,0.0,0.0,0.0,0.0
14873000000,4510,0,,0,-0.08412200957536697,0.01800825260579586,-0.3781247138977051,1.0,0.0,0.0,0.0,0.0
14875000000,4511,0,,0,-0.28059282898902893,-0.34382277727127075,0.017258066684007645,1.0,0.0,0.0,0.0,0.0
14877000000,4512,0,,0,-0.3724827468395233,-0.19395846128463745,-0.26456475257873535,1.0,0.0,0.0,0.0,0.0
14879000000,4513,0,,0,-0.29161038994789124,0.36943039298057556,-0.1948097199201584,1.0,0.0,0.0,0.0,0.0
14882000000,4514,0,,0,-0.23437194526195526,-0.30653417110443115,0.3428496718406677,1.0,0.0,0.0,0.0,0.0
14883000000,4515,0,,0,-0.36409708857536316,0.235290989279747,-0.26988646388053894,1.0,0.0,0.0,0.0,0.0
14886000000,4516,0,,0,-0.29302170872688293,-0.046086184680461884,0.030908862128853798,1.0,0.0,0.0,0.0,0.0
14887000000,4517,0,,0,0.08785810321569443,-0.32060950994491577,-0.34699538350105286,1.0,0.0,0.0,0.0,0.0
14890000000,4518,0,,0,-0.06683480739593506,-0.13068853318691254,-0.2615910470485687,1.0,0.0,0.0,0.0,0.0
14891000000,4519,0,,0,0.31380194425582886,-0.22170200943946838,0.3363161087036133,1.0,0.0,0.0,0.0,0.0
14894000000,4520,0,,0,0.21128441393375397,-0.38141942024230957,0.033609747886657715,1.0,0.0,0.0,0.0,0.0
14895000000,4521,0,,0,-0.24497194588184357,0.008708816021680832,0.344823956489563,1.0,0.0,0.0,0.0,0.0
14898000000,4522,0,,0,-0.1478765904903412,0.2595309615135193,-0.014648489654064178,1.0,0.0,0.0,0.0,0.0
14900000000,4523,0,,0,0.17634578049182892,0.19009898602962494,-0.006963364314287901,1.0,0.0,0.0,0.0,0.0
14901000000,4524,0,,0,0.330274760723114,0.05318892002105713,0.37398138642311096,1.0,0.0,0.0,0.0,0.0
14904000000,4525,0,,0,0.16745735704898834,-0.07159010320901871,0.38958799839019775,1.0,0.0,0.0,0.0,0.0
14905000000,4526,0,,0,-0.1682663857936859,0.3923521041870117,0.06210837885737419,1.0,0.0,0.0,0.0,0.0
14908000000,4527,0,,0,-0.23097647726535797,-0.22383303940296173,-0.05365964397788048,1.0,0.0,0.0,0.0,0.0
14910000000,4528,0,,0,-0.3775867223739624,-0.00044782666373066604,0.1914944052696228,1.0,0.0,0.0,0.0,0.0
14911000000,4529,0,,0,0.054603952914476395,-0.025154881179332733,0.09836012870073318,1.0,0.0,0.0,0.0,0.0
14914000000,4530,0,,0,-0.19829747080802917,0.11134111881256104,-0.3649926483631134,1.0,0.0,0.0,0.0,0.0
14915000000,4531,0,,0,-0.3678377866744995,-0.14560125768184662,0.07089951634407043,1.0,0.0,0.0,0.0,0.0
14917000000,4532,0,,0,0.09186489135026932,0.19585420191287994,0.06331461668014526,1.0,0.0,0.0,0.0,0.0
14919000000,4533,0,,0,-0.030146239325404167,-0.06235357001423836,0.2538415491580963,1.0,0.0,0.0,0.0,0.0
14922000000,4534,0,,0,0.10681705921888351,0.14333295822143555,-0.35995039343833923,1.0,0.0,0.0,0.0,0.0
14923000000,4535,0,,0,0.015165923163294792,-0.3576188087463379,0.18482539057731628,1.0,0.0,0.0,0.0,0.0
14925000000,4536,0,,0,0.12397339940071106,-0.20648959279060364,0.15691198408603668,1.0,0.0,0.0,0.0,0.0
14927000000,4537,0,,0,0.3067663311958313,-0.09060543775558472,0.06161070615053177,1.0,0.0,0.0,0.0,0.0
14930000000,4538,0,,0,-0.2826521694660187,0.3727046847343445,-0.04260240122675896,1.0,0.0,0.0,0.0,0.0
14931000000,4539,0,,0,0.29806309938430786,0.07588855922222137,0.15092669427394867,1.0,0.0,0.0,0.0,0.0
14934000000,4540,0,,0,-0.3086357116699219,-0.3150978982448578,-0.33437082171440125,1.0,0.0,0.0,0.0,0.0
14935000000,4541,0,,0,-0.29135793447494507,-0.26913967728614807,0.15300481021404266,1.0,0.0,0.0,0.0,0.0
14937000000,4542,0,,0,0.23082536458969116,-0.12627381086349487,-0.39531826972961426,1.0,0.0,0.0,0.0,0.0
14940000000,4543,0,,0,-0.3984788954257965,-0.18314768373966217,0.25501883029937744,1.0,0.0,0.0,0.0,0.0
14942000000,4544,0,,0,0.1363811194896698,0.0781790241599083,0.1478545218706131,1.0,0.0,0.0,0.0,0.0
14943000000,4545,0,,0,-0.2179705649614334,-0.19676515460014343,-0.20692820847034454,1.0,0.0,0.0,0.0,0.0
14946000000,4546,0,,0,-0.20623421669006348,-0.10522369295358658,-0.01214039046317339,1.0,0.0,0.0,0.0,0.0
14948000000,4547,0,,0,0.18774907290935516,-0.013309409841895103,0.21650946140289307,1.0,0.0,0.0,0.0,0.0
14949000000,4548,0,,0,0.11923279613256454,-0.031714897602796555,0.21212221682071686,1.0,0.0,0.0,0.0,0.0
14951000000,4549,0,,0,0.07873183488845825,0.2566068172454834,0.09520784020423889,1.0,0.0,0.0,0.0,0.0
14954000000,4550,0,,0,-0.1644984781742096,-0.3091873824596405,0.017967328429222107,1.0,0.0,0.0,0.0,0.0
14955000000,4551,0,,0,0.21225851774215698,-0.03472326695919037,0.15607604384422302,1.0,0.0,0.0,0.0,0.0
14957000000,4552,0,,0,-0.37841376662254333,-0.13072563707828522,-0.13763105869293213,1.0,0.0,0.0,0.0,0.0
14959000000,4553,0,,0,-0.013342710211873055,0.35003963112831116,-0.26449647545814514,1.0,0.0,0.0,0.0,0.0
14961000000,4554,0,,0,-0.011080995202064514,0.278483510017395,0.023951783776283264,1.0,0.0,0.0,0.0,0.0
14963000000,4555,0,,0,-0.10364741832017899,-0.21832111477851868,0.365887314081192,1.0,0.0,0.0,0.0,0.0
14965000000,4556,0,,0,-0.15317635238170624,-0.27962613105773926,-0.011805636808276176,1.0,0.0,0.0,0.0,0.0
14967000000,4557,0,,0,-0.020437711849808693,-0.182856023311615,-0.03878162056207657,1.0,0.0,0.0,0.0,0.0
14969000000,4558,0,,0,0.030169351026415825,-0.03444991633296013,0.23827485740184784,1.0,0.0,0.0,0.0,0.0
14971000000,4559,0,,0,0.20773297548294067,-0.18052232265472412,0.13165321946144104,1.0,0.0,0.0,0.0,0.0
14973000000,4560,0,,0,-0.3013305366039276,-0.002628850284963846,-0.06448911875486374,1.0,0.0,0.0,0.0,0.0
14975000000,4561,0,,0,-0.008976051583886147,-0.36505502462387085,0.21084283292293549,1.0,0.0,0.0,0.0,0.0
14977000000,4562,0,,0,-0.24699190258979797,-0.1897548884153366,0.11538423597812653,1.0,0.0,0.0,0.0,0.0
14979000000,4563,0,,0,-0.39993980526924133,-0.21829649806022644,-0.03768044337630272,1.0,0.0,0.0,0.0,0.0
14981000000,4564,0,,0,-0.12801556289196014,0.23873873054981232,-0.13342086970806122,1.0,0.0,0.0,0.0,0.0
14983000000,4565,0,,0,-0.04059138521552086,0.0075079002417624,-0.09740322828292847,1.0,0.0,0.0,0.0,0.0
14985000000,4566,0,,0,0.23484855890274048,0.022332051768898964,0.29365089535713196,1.0,0.0,0.0,0.0,0.0
14987000000,4567,0,,0,-0.07552481442689896,-0.25748303532600403,0.35246041417121887,1.0,0.0,0.0,0.0,0.0
14989000000,4568,0,,0,0.08575650304555893,-0.36235418915748596,-0.14715591073036194,1.0,0.0,0.0,0.0,0.0
14991000000,4569,0,,0,0.08519301563501358,0.3798425793647766,-0.028333842754364014,1.0,0.0,0.0,0.0,0.0
14993000000,4570,0,,0,0.29947224259376526,-0.37449559569358826,-0.031320225447416306,1.0,0.0,0.0,0.0,0.0
14995000000,4571,0,,0,0.019587146118283272,0.0689556747674942,-0.1828431785106659,1.0,0.0,0.0,0.0,0.0
14997000000,4572,0,,0,-0.03069041483104229,-0.022497287020087242,0.11470493674278259,1.0,0.0,0.0,0.0,0.0
14999000000,4573,0,,0,-0.11938175559043884,0.2902495861053467,-0.2165897786617279,1.0,0.0,0.0,0.0,0.0
15001000000,4574,0,,0,-0.24283885955810547,-0.3780680000782013,-0.03898221626877785,1.0,0.0,0.0,0.0,0.0
15003000000,4575,0,,0,0.11258013546466827,-0.10918974131345749,-0.07387956976890564,1.0,0.0,0.0,0.0,0.0
15005000000,4576,0,,0,0.2594223618507385,0.3029554486274719,0.09644267708063126,1.0,0.0,0.0,0.0,0.0
15007000000,4577,0,,0,0.101472407579422,-0.2280687838792801,0.19261059165000916,1.0,0.0,0.0,0.0,0.0
15009000000,4578,0,,0,-8.74036195455119e-05,-0.20798105001449585,0.18865931034088135,1.0,0.0,0.0,0.0,0.0
15011000000,4579,0,,0,-0.049606166779994965,-0.3190367519855499,0.09922102838754654,1.0,0.0,0.0,0.0,0.0
15013000000,4580,0,,0,-0.11306731402873993,0.371704638004303,0.126359760761261,1.0,0.0,0.0,0.0,0.0
15015000000,4581,0,,0,-0.07109146565198898,0.14863380789756775,-0.08151526749134064,1.0,0.0,0.0,0.0,0.0
15017000000,4582,0,,0,0.1482679843902588,-0.1143358126282692,-0.23947922885417938,1.0,0.0,0.0,0.0,0.0
15019000000,4583,0,,0,0.13151006400585175,-0.2431153804063797,-0.041589029133319855,1.0,0.0,0.0,0.0,0.0
15021000000,4584,0,,0,-0.15028348565101624,-0.38393256068229675,0.31209251284599304,1.0,0.0,0.0,0.0,0.0
15023000000,4585,0,,0,-0.18323466181755066,0.2915463447570801,-0.31827375292778015,1.0,0.0,0.0,0.0,0.0
15025000000,4586,0,,0,-0.34763407707214355,0.3512307107448578,-0.313289999961853,1.0,0.0,0.0,0.0,0.0
15027000000,4587,0,,0,0.23700810968875885,-0.2712511718273163,0.2966568171977997,1.0,0.0,0.0,0.0,0.0
15029000000,4588,0,,0,0.39818936586380005,0.17126668989658356,0.17967404425144196,1.0,0.0,0.0,0.0,0.0
15031000000,4589,0,,0,0.1144033670425415,0.13135679066181183,-0.37336260080337524,1.0,0.0,0.0,0.0,0.0
15033000000,4590,0,,0,-0.3782180845737457,0.11391238868236542,-0.3521340489387512,1.0,0.0,0.0,0.0,0.0
15035000000,4591,0,,0,-0.362797349691391,0.39854466915130615,-0.29221200942993164,1.0,0.0,0.0,0.0,0.0
15037000000,4592,0,,0,-0.3267025947570801,0.07753033936023712,0.24867373704910278,1.0,0.0,0.0,0.0,0.0
15039000000,4593,0,,0,-0.09736912697553635,0.06526543945074081,0.07288859784603119,1.0,0.0,0.0,0.0,0.0
15041000000,4594,0,,0,0.15653905272483826,-0.014635525643825531,0.04229040443897247,1.0,0.0,0.0,0.0,0.0
15043000000,4595,0,,0,-0.23270876705646515,-0.26331883668899536,-0.024763505905866623,1.0,0.0,0.0,0.0,0.0
15045000000,4596,0,,0,0.17075857520103455,-0.28214794397354126,0.3643713891506195,1.0,0.0,0.0,0.0,0.0
15047000000,4597,0,,0,-0.15263590216636658,0.3761959373950958,0.27451956272125244,1.0,0.0,0.0,0.0,0.0
15049000000,4598,0,,0,-0.12238403409719467,-0.26367756724357605,-0.2506335973739624,1.0,0.0,0.0,0.0,0.0
15051000000,4599,0,,0,-0.2151459902524948,0.21776913106441498,-0.36323878169059753,1.0,0.0,0.0,0.0,0.0
15053000000,4600,0,,0,-0.15249599516391754,0.32367390394210815,-0.26564574241638184,1.0,0.0,0.0,0.0,0.0
15055000000,4601,0,,0,0.19259412586688995,-0.08349920809268951,0.38359126448631287,1.0,0.0,0.0,0.0,0.0
15057000000,4602,0,,0,0.021378930658102036,0.2451675832271576,-0.37023860216140747,1.0,0.0,0.0,0.0,0.0
15059000000,4603,0,,0,-0.24003124237060547,0.06122428923845291,0.25034844875335693,1.0,0.0,0.0,0.0,0.0
15061000000,4604,0,,0,-0.287559449672699,-0.08927782624959946,-0.027293842285871506,1.0,0.0,0.0,0.0,0.0
15063000000,4605,0,,0,0.32935959100723267,-0.3076601028442383,-0.19292336702346802,1.0,0.0,0.0,0.0,0.0
15065000000,4606,0,,0,0.036428917199373245,0.17673152685165405,0.05725375562906265,1.0,0.0,0.0,0.0,0.0
15067000000,4607,0,,0,0.15922455489635468,0.33182957768440247,-0.061715900897979736,1.0,0.0,0.0,0.0,0.0
15069000000,4608,0,,0,-0.39551088213920593,0.13416238129138947,-0.12985633313655853,1.0,0.0,0.0,0.0,0.0
15071000000,4609,0,,0,0.2762083411216736,-0.11766339093446732,0.1130141019821167,1.0,0.0,0.0,0.0,0.0
15073000000,4610,0,,0,0.10590889304876328,-0.2818068861961365,-0.36038559675216675,1.0,0.0,0.0,0.0,0.0
15075000000,4611,0,,0,0.2715766727924347,0.32530641555786133,-0.09564622491598129,1.0,0.0,0.0,0.0,0.0
15077000000,4612,0,,0,-0.12613442540168762,0.11013077199459076,0.15415185689926147,1.0,0.0,0.0,0.0,0.0
15079000000,4613,0,,0,-0.042675524950027466,-0.24108457565307617,0.0291628185659647,1.0,0.0,0.0,0.0,0.0
15081000000,4614,0,,0,0.2835119962692261,0.3193775415420532,-0.2038610577583313,1.0,0.0,0.0,0.0,0.0
15083000000,4615,0,,0,-0.27975115180015564,0.05353111773729324,-0.06285285204648972,1.0,0.0,0.0,0.0,0.0
15085000000,4616,0,,0,-0.09317314624786377,-0.3000553250312805,-0.04360879957675934,1.0,0.0,0.0,0.0,0.0
15087000000,4617,0,,0,-0.28069818019866943,0.0314536914229393,-0.3352130949497223,1.0,0.0,0.0,0.0,0.0
15089000000,4618,0,,0,-0.10003621131181717,-0.34611672163009644,0.028511373326182365,1.0,0.0,0.0,0.0,0.0
15091000000,4619,0,,0,0.23876412212848663,0.09341811388731003,0.315036803483963,1.0,0.0,0.0,0.0,0.0
15093000000,4620,0,,0,-0.20009146630764008,-0.19580122828483582,0.09923969954252243,1.0,0.0,0.0,0.0,0.0
15095000000,4621,0,,0,-0.2938516139984131,0.04874465614557266,0.16728545725345612,1.0,0.0,0.0,0.0,0.0
15097000000,4622,0,,0,0.1429223120212555,0.023288117721676826,-0.04538056626915932,1.0,0.0,0.0,0.0,0.0
15099000000,4623,0,,0,-0.01091317180544138,-0.30532804131507874,-0.019528884440660477,1.0,0.0,0.0,0.0,0.0
15101000000,4624,0,,0,-0.18240681290626526,0.04066973179578781,-0.3936387300491333,1.0,0.0,0.0,0.0,0.0
15103000000,4625,0,,0,0.33759355545043945,0.2739236652851105,-0.3307676911354065,1.0,0.0,0.0,0.0,0.0
15105000000,4626,0,,0,0.12898297607898712,-0.10407847166061401,0.19771666824817657,1.0,0.0,0.0,0.0,0.0
15107000000,4627,0,,0,-0.2895694673061371,0.22939738631248474,0.06164897605776787,1.0,0.0,0.0,0.0,0.0
15109000000,4628,0,,0,0.046637557446956635,0.11665317416191101,0.24337895214557648,1.0,0.0,0.0,0.0,0.0
15111000000,4629,0,,0,0.18421481549739838,0.1298098862171173,0.3885185718536377,1.0,0.0,0.0,0.0,0.0
15113000000,4630,0,,0,0.15878190100193024,0.2620542049407959,-0.07420902699232101,1.0,0.0,0.0,0.0,0.0
15115000000,4631,0,,0,0.05149764567613602,0.02390274964272976,-0.10413680970668793,1.0,0.0,0.0,0.0,0.0
15117000000,4632,0,,0,-0.05854188650846481,0.30879145860671997,0.08280517905950546,1.0,0.0,0.0,0.0,0.0
15119000000,4633,0,,0,0.03360487520694733,0.2853839695453644,0.1962931603193283,1.0,0.0,0.0,0.0,0.0
15121000000,4634,0,,0,-0.016609767451882362,-0.36970528960227966,0.024191273376345634,1.0,0.0,0.0,0.0,0.0
15123000000,4635,0,,0,0.39723125100135803,0.2468952089548111,-0.3127751350402832,1.0,0.0,0.0,0.0,0.0
15125000000,4636,0,,0,0.16253240406513214,-0.018835846334695816,0.05820790305733681,1.0,0.0,0.0,0.0,0.0
15127000000,4637,0,,0,-0.007314637769013643,-0.135631263256073,0.33550959825515747,1.0,0.0,0.0,0.0,0.0
15129000000,4638,0,,0,-0.062034837901592255,-0.3389756381511688,0.18306215107440948,1.0,0.0,0.0,0.0,0.0
15131000000,4639,0,,0,0.35754305124282837,0.04335081949830055,-0.17461173236370087,1.0,0.0,0.0,0.0,0.0
15133000000,4640,0,,0,0.27229493856430054,-0.06896519660949707,-0.13662973046302795,1.0,0.0,0.0,0.0,0.0
15135000000,4641,0,,0,-0.2874370813369751,-0.300714373588562,-0.22637777030467987,1.0,0.0,0.0,0.0,0.0
15137000000,4642,0,,0,0.19338871538639069,0.3676362931728363,-0.18869103491306305,1.0,0.0,0.0,0.0,0.0
15139000000,4643,0,,0,0.19711408019065857,0.2654798924922943,-0.3068532347679138,1.0,0.0,0.0,0.0,0.0
15141000000,4644,0,,0,-0.15255652368068695,0.04551144316792488,-0.3771306276321411,1.0,0.0,0.0,0.0,0.0
15143000000,4645,0,,0,0.07673121243715286,0.07140912860631943,0.14284572005271912,1.0,0.0,0.0,0.0,0.0
15145000000,4646,0,,0,-0.32626640796661377,0.22833560407161713,0.21765248477458954,1.0,0.0,0.0,0.0,0.0
15147000000,4647,0,,0,0.11230295896530151,-0.02178240939974785,-0.38729313015937805,1.0,0.0,0.0,0.0,0.0
15149000000,4648,0,,0,0.2975910007953644,-0.18954023718833923,-0.06849261373281479,1.0,0.0,0.0,0.0,0.0
15151000000,4649,0,,0,0.011242308653891087,-0.1221919059753418,0.08918546140193939,1.0,0.0,0.0,0.0,0.0
15153000000,4650,0,,0,-0.024003395810723305,0.31770065426826477,-0.09323517233133316,1.0,0.0,0.0,0.0,0.0
15155000000,4651,0,,0,0.2661338448524475,0.10027576982975006,0.27880147099494934,1.0,0.0,0.0,0.0,0.0
15157000000,4652,0,,0,0.24431775510311127,-0.3092253506183624,0.29509294033050537,1.0,0.0,0.0,0.0,0.0
15159000000,4653,0,,0,-0.07825908064842224,0.24202433228492737,0.1786523312330246,1.0,0.0,0.0,0.0,0.0
15161000000,4654,0,,0,0.3598789572715759,-0.13013996183872223,0.25345805287361145,1.0,0.0,0.0,0.0,0.0
15163000000,4655,0,,0,0.23506976664066315,-0.35546058416366577,0.28989943861961365,1.0,0.0,0.0,0.0,0.0
15165000000,4656,0,,0,0.21145784854888916,-0.15650853514671326,-0.016374018043279648,1.0,0.0,0.0,0.0,0.0
15167000000,4657,0,,0,-0.1962449699640274,0.36727359890937805,-0.20860838890075684,1.0,0.0,0.0,0.0,0.0
15170000000,4658,0,,0,-0.04111260920763016,-0.22755518555641174,-0.23021814227104187,1.0,0.0,0.0,0.0,0.0
15172000000,4659,0,,0,-0.21726633608341217,-0.2662215232849121,-0.14405111968517303,1.0,0.0,0.0,0.0,0.0
15174000000,4660,0,,0,-0.25609493255615234,0.11434249579906464,-0.3154663145542145,1.0,0.0,0.0,0.0,0.0
15176000000,4661,0,,0,0.22882087528705597,0.313509464263916,0.10307718813419342,1.0,0.0,0.0,0.0,0.0
15178000000,4662,0,,0,-0.19200265407562256,-0.1608017534017563,-0.3777649402618408,1.0,0.0,0.0,0.0,0.0
15179000000,4663,0,,0,0.3543369174003601,0.35441967844963074,-0.2664642333984375,1.0,0.0,0.0,0.0,0.0
15181000000,4664,0,,0,0.1827472448348999,0.25671520829200745,0.014682795852422714,1.0,0.0,0.0,0.0,0.0
15184000000,4665,0,,0,-0.11165414750576019,0.05941840261220932,0.32585930824279785,1.0,0.0,0.0,0.0,0.0
15185000000,4666,0,,0,-0.3241403102874756,0.3305695354938507,-0.11256740242242813,1.0,0.0,0.0,0.0,0.0
15188000000,4667,0,,0,-0.2593556046485901,0.1924385279417038,-0.3431996703147888,1.0,0.0,0.0,0.0,0.0
15190000000,4668,0,,0,-0.09800941497087479,0.36582109332084656,-0.35586583614349365,1.0,0.0,0.0,0.0,0.0
15191000000,4669,0,,0,0.13470010459423065,0.07715591788291931,-0.2794094681739807,1.0,0.0,0.0,0.0,0.0
15193000000,4670,0,,0,-0.3973933458328247,-0.038201361894607544,-0.03780766576528549,1.0,0.0,0.0,0.0,0.0
15195000000,4671,0,,0,-0.30163857340812683,-0.01922924444079399,0.19473667442798615,1.0,0.0,0.0,0.0,0.0
15197000000,4672,0,,0,0.17193113267421722,0.34918004274368286,0.19999606907367706,1.0,0.0,0.0,0.0,0.0
15199000000,4673,0,,0,0.36095625162124634,0.19998803734779358,-0.12794360518455505,1.0,0.0,0.0,0.0,0.0
15201000000,4674,0,,0,0.2108369916677475,0.24088190495967865,-0.39751943945884705,1.0,0.0,0.0,0.0,0.0
15203000000,4675,0,,0,0.35554972290992737,-0.36029374599456787,0.16352854669094086,1.0,0.0,0.0,0.0,0.0
15205000000,4676,0,,0,-0.20772619545459747,-0.17219524085521698,-0.15885232388973236,1.0,0.0,0.0,0.0,0.0
15207000000,4677,0,,0,-0.24758568406105042,-0.062374986708164215,0.13653142750263214,1.0,0.0,0.0,0.0,0.0
15209000000,4678,0,,0,-0.08809751272201538,-0.2501164376735687,-0.03662371635437012,1.0,0.0,0.0,0.0,0.0
15212000000,4679,0,,0,0.31640511751174927,-0.15653489530086517,-0.10374867171049118,1.0,0.0,0.0,0.0,0.0
15213000000,4680,0,,0,0.17857566475868225,-0.24743351340293884,0.17198345065116882,1.0,0.0,0.0,0.0,0.0
15215000000,4681,0,,0,-0.24525471031665802,-0.05166836082935333,-0.39561280608177185,1.0,0.0,0.0,0.0,0.0
15218000000,4682,0,,0,-0.34724926948547363,0.007763801142573357,0.2848791480064392,1.0,0.0,0.0,0.0,0.0
15220000000,4683,0,,0,0.21950602531433105,-0.05661656707525253,-0.3284670114517212,1.0,0.0,0.0,0.0,0.0
15222000000,4684,0,,0,-0.1926279217004776,0.005289267748594284,0.09775213152170181,1.0,0.0,0.0,0.0,0.0
15224000000,4685,0,,0,-0.1320759356021881,-0.24884724617004395,0.37985533475875854,1.0,0.0,0.0,0.0,0.0
15226000000,4686,0,,0,0.28947368264198303,-0.297820121049881,-0.05533423647284508,1.0,0.0,0.0,0.0,0.0
15228000000,4687,0,,0,-0.2348632514476776,0.24242132902145386,0.2820908725261688,1.0,0.0,0.0,0.0,0.0
15230000000,4688,0,,0,-0.24598978459835052,0.31250113248825073,-0.09811503440141678,1.0,0.0,0.0,0.0,0.0
15231000000,4689,0,,0,-0.2518255412578583,-0.10031582415103912,0.14909113943576813,1.0,0.0,0.0,0.0,0.0
15233000000,4690,0,,0,-0.1505640149116516,0.09245018661022186,0.07534440606832504,1.0,0.0,0.0,0.0,0.0
15235000000,4691,0,,0,0.2025434374809265,0.15860511362552643,-0.0648176446557045,1.0,0.0,0.0,0.0,0.0
15237000000,4692,0,,0,0.3607236444950104,0.2954581677913666,0.34361380338668823,1.0,0.0,0.0,0.0,0.0
15239000000,4693,0,,0,0.12344739586114883,0.004523531999439001,0.1140800267457962,1.0,0.0,0.0,0.0,0.0
15242000000,4694,0,,0,-0.03668765351176262,-0.38569071888923645,-0.30310124158859253,1.0,0.0,0.0,0.0,0.0
15243000000,4695,0,,0,0.03836885467171669,-0.25901174545288086,0.2097223997116089,1.0,0.0,0.0,0.0,0.0
15245000000,4696,0,,0,0.051160361617803574,-0.20105314254760742,-0.32250845432281494,1.0,0.0,0.0,0.0,0.0
15247000000,4697,0,,0,0.33551526069641113,0.20775499939918518,-0.15253303945064545,1.0,0.0,0.0,0.0,0.0
15249000000,4698,0,,0,-0.16491177678108215,0.22072118520736694,0.09188424050807953,1.0,0.0,0.0,0.0,0.0
15251000000,4699,0,,0,0.3857153058052063,-0.29631051421165466,0.024834230542182922,1.0,0.0,0.0,0.0,0.0
15253000000,4700,0,,0,0.34659281373023987,-0.21843649446964264,-0.25359615683555603,1.0,0.0,0.0,0.0,0.0
15255000000,4701,0,,0,-0.21239551901817322,-0.06756100803613663,0.28258779644966125,1.0,0.0,0.0,0.0,0.0
15257000000,4702,0,,0,-0.14048820734024048,-0.30264055728912354,-0.2563393712043762,1.0,0.0,0.0,0.0,0.0
15259000000,4703,0,,0,0.18234439194202423,0.14188537001609802,0.04389980807900429,1.0,0.0,0.0,0.0,0.0
15261000000,4704,0,,0,0.2819381654262543,0.3986824154853821,-0.09705103188753128,1.0,0.0,0.0,0.0,0.0
15263000000,4705,0,,0,0.15723004937171936,-0.18799936771392822,0.1424761861562729,1.0,0.0,0.0,0.0,0.0
15265000000,4706,0,,0,-0.05507802590727806,0.3156032860279083,0.17440514266490936,1.0,0.0,0.0,0.0,0.0
15267000000,4707,0,,0,0.03907953202724457,0.23907199501991272,0.015164059586822987,1.0,0.0,0.0,0.0,0.0
15269000000,4708,0,,0,0.08936923742294312,0.00333566777408123,-0.10405464470386505,1.0,0.0,0.0,0.0,0.0
15271000000,4709,0,,0,0.18167443573474884,0.1749057024717331,0.344677597284317,1.0,0.0,0.0,0.0,0.0
15273000000,4710,0,,0,-0.09199294447898865,-0.02945023961365223,-0.12787118554115295,1.0,0.0,0.0,0.0,0.0
15275000000,4711,0,,0,0.17885853350162506,-0.35803356766700745,0.15000078082084656,1.0,0.0,0.0,0.0,0.0
15277000000,4712,0,,0,-0.3113466501235962,0.23275233805179596,0.03939632326364517,1.0,0.0,0.0,0.0,0.0
15279000000,4713,0,,0,0.3368012309074402,0.28659680485725403,-0.09785782545804977,1.0,0.0,0.0,0.0,0.0
15281000000,4714,0,,0,-0.20115692913532257,0.029026765376329422,0.1536986529827118,1.0,0.0,0.0,0.0,0.0
15283000000,4715,0,,0,0.038292329758405685,0.06945645064115524,-0.25080612301826477,1.0,0.0,0.0,0.0,0.0
15285000000,4716,0,,0,0.24981439113616943,0.1346866637468338,0.37990257143974304,1.0,0.0,0.0,0.0,0.0
15287000000,4717,0,,0,0.3099367916584015,0.1528315246105194,0.30565300583839417,1.0,0.0,0.0,0.0,0.0
15289000000,4718,0,,0,0.17807073891162872,-0.39468804001808167,0.29351964592933655,1.0,0.0,0.0,0.0,0.0
15292000000,4719,0,,0,0.07096322625875473,-0.3480995297431946,-0.0449850894510746,1.0,0.0,0.0,0.0,0.0
15294000000,4720,0,,0,0.1260218620300293,0.3504384756088257,-0.39638689160346985,1.0,0.0,0.0,0.0,0.0
15296000000,4721,0,,0,0.12601280212402344,-0.14054179191589355,-0.3472469747066498,1.0,0.0,0.0,0.0,0.0
15298000000,4722,0,,0,0.2738732397556305,0.16285184025764465,0.24791616201400757,1.0,0.0,0.0,0.0,0.0
15300000000,4723,0,,0,-0.1717802882194519,0.2335508167743683,-0.18022578954696655,1.0,0.0,0.0,0.0,0.0
15302000000,4724,0,,0,-0.36342814564704895,0.02756842039525509,0.2509855628013611,1.0,0.0,0.0,0.0,0.0
15303000000,4725,0,,0,0.27481386065483093,0.12617620825767517,-0.27411389350891113,1.0,0.0,0.0,0.0,0.0
15306000000,4726,0,,0,0.05366421490907669,-0.2497144192457199,-0.2198035717010498,1.0,0.0,0.0,0.0,0.0
15308000000,4727,0,,0,-0.15678197145462036,-0.20299948751926422,-0.24737919867038727,1.0,0.0,0.0,0.0,0.0
15310000000,4728,0,,0,0.1049620509147644,-0.012467128224670887,0.07281553745269775,1.0,0.0,0.0,0.0,0.0
15312000000,4729,0,,0,0.34049850702285767,-0.29518434405326843,-0.14018552005290985,1.0,0.0,0.0,0.0,0.0
15314000000,4730,0,,0,0.15805256366729736,0.15680748224258423,0.3891434073448181,1.0,0.0,0.0,0.0,0.0
15315000000,4731,0,,0,0.14246709644794464,0.20626141130924225,0.0721331536769867,1.0,0.0,0.0,0.0,0.0
15317000000,4732,0,,0,-0.0033588758669793606,0.39371010661125183,-0.08239942789077759,1.0,0.0,0.0,0.0,0.0
15319000000,4733,0,,0,0.3981541395187378,0.25528818368911743,-0.008875427767634392,1.0,0.0,0.0,0.0,0.0
15322000000,4734,0,,0,0.3635447323322296,0.20101705193519592,-0.27208802103996277,1.0,0.0,0.0,0.0,0.0
15324000000,4735,0,,0,0.25599315762519836,0.33281728625297546,-0.17221081256866455,1.0,0.0,0.0,0.0,0.0
15325000000,4736,0,,0,-0.31927740573883057,-0.19601662456989288,0.10586920380592346,1.0,0.0,0.0,0.0,0.0
15327000000,4737,0,,0,-0.12479109317064285,0.33640941977500916,-0.3500889837741852,1.0,0.0,0.0,0.0,0.0
15329000000,4738,0,,0,-0.03692896291613579,-0.13210047781467438,0.06300238519906998,1.0,0.0,0.0,0.0,0.0
15332000000,4739,0,,0,0.170057475566864,0.12560035288333893,-0.2499060034751892,1.0,0.0,0.0,0.0,0.0
15334000000,4740,0,,0,0.35145890712738037,0.050252195447683334,-0.2641104459762573,1.0,0.0,0.0,0.0,0.0
15336000000,4741,0,,0,-0.38534191250801086,-0.10575669258832932,-0.3091067373752594,1.0,0.0,0.0,0.0,0.0
15338000000,4742,0,,0,0.3223622441291809,-0.27160611748695374,-0.38914385437965393,1.0,0.0,0.0,0.0,0.0
15340000000,4743,0,,0,-0.07083713263273239,-0.1473209708929062,-0.12099093943834305,1.0,0.0,0.0,0.0,0.0
15342000000,4744,0,,0,0.00951547920703888,-0.083676278591156,0.2964901924133301,1.0,0.0,0.0,0.0,0.0
15344000000,4745,0,,0,-0.12458392977714539,0.07789235562086105,-0.02873755805194378,1.0,0.0,0.0,0.0,0.0
15346000000,4746,0,,0,0.11831679195165634,-0.38218915462493896,-0.093333899974823,1.0,0.0,0.0,0.0,0.0
15348000000,4747,0,,0,-0.29161322116851807,-0.13608033955097198,-0.06799212098121643,1.0,0.0,0.0,0.0,0.0
15350000000,4748,0,,0,-0.1962961107492447,-0.2818412780761719,0.3529740273952484,1.0,0.0,0.0,0.0,0.0
15352000000,4749,0,,0,-0.06982196867465973,-0.35425710678100586,0.12416521459817886,1.0,0.0,0.0,0.0,0.0
15354000000,4750,0,,0,0.30797070264816284,0.23965699970722198,0.37387725710868835,1.0,0.0,0.0,0.0,0.0
15355000000,4751,0,,0,0.12466416507959366,-0.005735157057642937,-0.28384679555892944,1.0,0.0,0.0,0.0,0.0
15358000000,4752,0,,0,-0.10265150666236877,0.33355334401130676,-0.11316648870706558,1.0,0.0,0.0,0.0,0.0
15360000000,4753,0,,0,-0.043820083141326904,-0.3855799436569214,-0.024980422109365463,1.0,0.0,0.0,0.0,0.0
15362000000,4754,0,,0,0.39488646388053894,-0.39383774995803833,-0.10045649111270905,1.0,0.0,0.0,0.0,0.0
15363000000,4755,0,,0,0.06139190495014191,0.37418001890182495,-0.026944011449813843,1.0,0.0,0.0,0.0,0.0
15366000000,4756,0,,0,0.02536175027489662,-0.11999683082103729,-0.18733710050582886,1.0,0.0,0.0,0.0,0.0
15368000000,4757,0,,0,0.31033506989479065,0.2043013721704483,0.24438151717185974,1.0,0.0,0.0,0.0,0.0
15369000000,4758,0,,0,0.10732819139957428,-0.03946831077337265,-0.1848386824131012,1.0,0.0,0.0,0.0,0.0
15371000000,4759,0,,0,-0.12010274082422256,0.2572385370731354,-0.3101045489311218,1.0,0.0,0.0,0.0,0.0
15374000000,4760,0,,0,0.26745784282684326,0.32785725593566895,-0.34597909450531006,1.0,0.0,0.0,0.0,0.0
15375000000,4761,0,,0,-0.12360315769910812,0.0811142548918724,0.1665465384721756,1.0,0.0,0.0,0.0,0.0
15377000000,4762,0,,0,0.05458677560091019,0.22743086516857147,-0.2038266956806183,1.0,0.0,0.0,0.0,0.0
15379000000,4763,0,,0,0.15076780319213867,0.018044905737042427,-0.09524667263031006,1.0,0.0,0.0,0.0,0.0
15381000000,4764,0,,0,0.33057257533073425,0.3866423964500427,-0.23265647888183594,1.0,0.0,0.0,0.0,0.0
15383000000,4765,0,,0,0.10155647993087769,-0.14141976833343506,-0.2598496377468109,1.0,0.0,0.0,0.0,0.0
15385000000,4766,0,,0,0.043504659086465836,0.08514027297496796,0.2736400365829468,1.0,0.0,0.0,0.0,0.0
15388000000,4767,0,,0,-0.12873367965221405,0.12599191069602966,-0.3153928816318512,1.0,0.0,0.0,0.0,0.0
15389000000,4768,0,,0,-0.31191200017929077,0.013928703032433987,-0.1557885706424713,1.0,0.0,0.0,0.0,0.0
15391000000,4769,0,,0,-0.3373008966445923,-0.28351008892059326,-0.08881478011608124,1.0,0.0,0.0,0.0,0.0
15393000000,4770,0,,0,0.2619934380054474,0.170008584856987,-0.30763310194015503,1.0,0.0,0.0,0.0,0.0
15395000000,4771,0,,0,-0.3875578045845032,-0.2350451648235321,-0.30027762055397034,1.0,0.0,0.0,0.0,0.0
15398000000,4772,0,,0,-0.03174577280879021,0.35881924629211426,0.08025583624839783,1.0,0.0,0.0,0.0,0.0
15400000000,4773,0,,0,0.1073528379201889,0.206954687833786,0.13583563268184662,1.0,0.0,0.0,0.0,0.0
15401000000,4774,0,,0,-0.0366353802382946,0.22751237452030182,-0.21878086030483246,1.0,0.0,0.0,0.0,0.0
15404000000,4775,0,,0,0.06129419431090355,-0.3613779544830322,0.05269671604037285,1.0,0.0,0.0,0.0,0.0
15406000000,4776,0,,0,-0.013741360045969486,-0.39164048433303833,0.24391458928585052,1.0,0.0,0.0,0.0,0.0
15407000000,4777,0,,0,0.25601431727409363,-0.23034018278121948,0.16996048390865326,1.0,0.0,0.0,0.0,0.0
15409000000,4778,0,,0,-0.0755012184381485,-0.35308006405830383,-0.3016401529312134,1.0,0.0,0.0,0.0,0.0
15411000000,4779,0,,0,-0.339844673871994,-0.27416735887527466,0.28214943408966064,1.0,0.0,0.0,0.0,0.0
15414000000,4780,0,,0,-0.0038516416680067778,-0.03966168686747551,-0.026322681456804276,1.0,0.0,0.0,0.0,0.0
15416000000,4781,0,,0,0.22698891162872314,-0.28061267733573914,0.14904186129570007,1.0,0.0,0.0,0.0,0.0
15418000000,4782,0,,0,-0.2927713394165039,0.29570502042770386,0.32637718319892883,1.0,0.0,0.0,0.0,0.0
15419000000,4783,0,,0,-0.19658325612545013,0.13197091221809387,-0.3043685853481293,1.0,0.0,0.0,0.0,0.0
15422000000,4784,0,,0,-0.00675694365054369,0.29872560501098633,0.10125037282705307,1.0,0.0,0.0,0.0,0.0
15423000000,4785,0,,0,-0.31684523820877075,-0.07889516651630402,-0.3042343854904175,1.0,0.0,0.0,0.0,0.0
15425000000,4786,0,,0,-0.23068949580192566,0.08379309624433517,-0.2484622448682785,1.0,0.0,0.0,0.0,0.0
15427000000,4787,0,,0,-0.31126055121421814,-0.04564249888062477,0.20092666149139404,1.0,0.0,0.0,0.0,0.0
15429000000,4788,0,,0,-0.3564518094062805,0.15572869777679443,-0.2016366720199585,1.0,0.0,0.0,0.0,0.0
15431000000,4789,0,,0,0.27333128452301025,0.07509227097034454,-0.374002605676651,1.0,0.0,0.0,0.0,0.0
15434000000,4790,0,,0,-0.24432839453220367,-0.35528990626335144,-0.25134509801864624,1.0,0.0,0.0,0.0,0.0
15436000000,4791,0,,0,0.22847861051559448,-0.38600802421569824,-0.3133409023284912,1.0,0.0,0.0,0.0,0.0
15437000000,4792,0,,0,-0.3285045027732849,-0.391090989112854,0.2866334021091461,1.0,0.0,0.0,0.0,0.0
15440000000,4793,0,,0,0.08783543109893799,-0.3586379885673523,-0.09281915426254272,1.0,0.0,0.0,0.0,0.0
15441000000,4794,0,,0,-0.27525219321250916,-0.2588707506656647,-0.18758425116539001,1.0,0.0,0.0,0.0,0.0
15443000000,4795,0,,0,-0.031473513692617416,0.21048855781555176,0.1526593416929245,1.0,0.0,0.0,0.0,0.0
15445000000,4796,0,,0,0.3485885560512543,0.3395805060863495,0.3596224784851074,1.0,0.0,0.0,0.0,0.0
15447000000,4797,0,,0,-0.03328376263380051,0.3443775177001953,0.15286192297935486,1.0,0.0,0.0,0.0,0.0
15450000000,4798,0,,0,0.03701339289546013,0.3067052364349365,0.3328644335269928,1.0,0.0,0.0,0.0,0.0
15452000000,4799,0,,0,-0.1469210684299469,0.28270500898361206,0.04217442497611046,1.0,0.0,0.0,0.0,0.0
15454000000,4800,0,,0,0.17968632280826569,-0.1427394449710846,0.33658015727996826,1.0,0.0,0.0,0.0,0.0
15456000000,4801,0,,0,-0.29883643984794617,-0.07261228561401367,-0.186444491147995,1.0,0.0,0.0,0.0,0.0
15458000000,4802,0,,0,0.20245689153671265,-0.28711050748825073,-0.3461042642593384,1.0,0.0,0.0,0.0,0.0
15460000000,4803,0,,0,-0.11144105345010757,0.06489922851324081,0.12008476257324219,1.0,0.0,0.0,0.0,0.0
15462000000,4804,0,,0,0.3854590654373169,-0.3481605350971222,-0.03786598891019821,1.0,0.0,0.0,0.0,0.0
15464000000,4805,0,,0,0.33643171191215515,-0.13469061255455017,0.037600670009851456,1.0,0.0,0.0,0.0,0.0
15466000000,4806,0,,0,0.2022065669298172,0.17230753600597382,0.1414489597082138,1.0,0.0,0.0,0.0,0.0
15468000000,4807,0,,0,-0.2984265387058258,0.15889763832092285,-0.3430090546607971,1.0,0.0,0.0,0.0,0.0
15470000000,4808,0,,0,-0.3426269292831421,0.3438012897968292,-0.04138190671801567,1.0,0.0,0.0,0.0,0.0
15472000000,4809,0,,0,-0.16146069765090942,-0.034364961087703705,0.1166512668132782,1.0,0.0,0.0,0.0,0.0
15474000000,4810,0,,0,0.36949536204338074,-0.3903091549873352,0.288373738527298,1.0,0.0,0.0,0.0,0.0
15476000000,4811,0,,0,0.16621999442577362,0.2061614841222763,-0.33963191509246826,1.0,0.0,0.0,0.0,0.0
15477000000,4812,0,,0,0.010821357369422913,-0.018356718122959137,0.3825337290763855,1.0,0.0,0.0,0.0,0.0
15480000000,4813,0,,0,0.06556328386068344,0.1294938176870346,0.061406150460243225,1.0,0.0,0.0,0.0,0.0
15482000000,4814,0,,0,-0.3272109031677246,-0.3562736213207245,0.25701209902763367,1.0,0.0,0.0,0.0,0.0
15484000000,4815,0,,0,-0.02629338577389717,0.23141518235206604,-0.25190669298171997,1.0,0.0,0.0,0.0,0.0
15486000000,4816,0,,0,-0.36266812682151794,-0.09357590228319168,0.2189522087574005,1.0,0.0,0.0,0.0,0.0
15488000000,4817,0,,0,0.041184213012456894,0.13596564531326294,0.07450859993696213,1.0,0.0,0.0,0.0,0.0
15490000000,4818,0,,0,-0.001116451108828187,0.2206927388906479,0.33735066652297974,1.0,0.0,0.0,0.0,0.0
15492000000,4819,0,,0,-0.0504925511777401,0.27044588327407837,-0.36525410413742065,1.0,0.0,0.0,0.0,0.0
15494000000,4820,0,,0,-0.26606419682502747,-0.06457113474607468,-0.07084918767213821,1.0,0.0,0.0,0.0,0.0
15495000000,4821,0,,0,-0.29519325494766235,0.2421860545873642,-0.04732725769281387,1.0,0.0,0.0,0.0,0.0
15498000000,4822,0,,0,0.16448962688446045,-0.387201189994812,0.29733625054359436,1.0,0.0,0.0,0.0,0.0
15499000000,4823,0,,0,0.1100909635424614,0.30106425285339355,0.39768186211586,1.0,0.0,0.0,0.0,0.0
15502000000,4824,0,,0,0.08773966878652573,0.28465306758880615,-0.12226615846157074,1.0,0.0,0.0,0.0,0.0
15504000000,4825,0,,0,-0.363090455532074,-0.308079332113266,-0.1834431290626526,1.0,0.0,0.0,0.0,0.0
15506000000,4826,0,,0,-0.2520771324634552,-0.23732909560203552,-0.32391178607940674,1.0,0.0,0.0,0.0,0.0
15508000000,4827,0,,0,-0.08009303361177444,-0.06207022815942764,0.3858746290206909,1.0,0.0,0.0,0.0,0.0
15510000000,4828,0,,0,-0.36928772926330566,0.10697867721319199,0.30871036648750305,1.0,0.0,0.0,0.0,0.0
15512000000,4829,0,,0,0.16670401394367218,0.23431941866874695,0.27090224623680115,1.0,0.0,0.0,0.0,0.0
15513000000,4830,0,,0,0.33016374707221985,0.3974289894104004,0.22207659482955933,1.0,0.0,0.0,0.0,0.0
15515000000,4831,0,,0,0.11198312789201736,-0.13955457508563995,-0.0059507847763597965,1.0,0.0,0.0,0.0,0.0
15517000000,4832,0,,0,-0.21804839372634888,0.23703816533088684,0.20767858624458313,1.0,0.0,0.0,0.0,0.0
15519000000,4833,0,,0,0.14919330179691315,-0.23736067116260529,-0.35409289598464966,1.0,0.0,0.0,0.0,0.0
15521000000,4834,0,,0,0.39582663774490356,-0.0773114338517189,-0.24262189865112305,1.0,0.0,0.0,0.0,0.0
15523000000,4835,0,,0,-0.04774395376443863,0.06625458598136902,-0.06389909237623215,1.0,0.0,0.0,0.0,0.0
15526000000,4836,0,,0,-0.31567442417144775,-0.05982217937707901,0.022536050528287888,1.0,0.0,0.0,0.0,0.0
15527000000,4837,0,,0,-0.34426745772361755,0.378645658493042,-0.04597664996981621,1.0,0.0,0.0,0.0,0.0
15530000000,4838,0,,0,-0.10465028882026672,0.10013500601053238,0.04076071456074715,1.0,0.0,0.0,0.0,0.0
15531000000,4839,0,,0,-0.18429869413375854,0.25903984904289246,-0.22833068668842316,1.0,0.0,0.0,0.0,0.0
15533000000,4840,0,,0,-0.2628476917743683,0.2626432180404663,0.17254894971847534,1.0,0.0,0.0,0.0,0.0
15536000000,4841,0,,0,0.3312552571296692,0.12327530235052109,0.07203612476587296,1.0,0.0,0.0,0.0,0.0
15537000000,4842,0,,0,-0.29638800024986267,-0.04972715675830841,0.020902253687381744,1.0,0.0,0.0,0.0,0.0
15540000000,4843,0,,0,-0.35472649335861206,0.37160545587539673,0.24236321449279785,1.0,0.0,0.0,0.0,0.0
15541000000,4844,0,,0,0.36152321100234985,-0.028255699202418327,0.3389715254306793,1.0,0.0,0.0,0.0,0.0
15543000000,4845,0,,0,-0.2606740891933441,0.1420760154724121,0.15977279841899872,1.0,0.0,0.0,0.0,0.0
15545000000,4846,0,,0,-0.06221924349665642,-0.03746648132801056,0.21423687040805817,1.0,0.0,0.0,0.0,0.0
15547000000,4847,0,,0,0.24410337209701538,-0.20340397953987122,-0.3674866855144501,1.0,0.0,0.0,0.0,0.0
15550000000,4848,0,,0,0.3243333399295807,0.07933475077152252,0.23697592318058014,1.0,0.0,0.0,0.0,0.0
15552000000,4849,0,,0,0.05958118662238121,0.12512364983558655,0.007781688589602709,1.0,0.0,0.0,0.0,0.0
15554000000,4850,0,,0,0.019170161336660385,-0.15833215415477753,0.2669258713722229,1.0,0.0,0.0,0.0,0.0
15556000000,4851,0,,0,-0.2920112609863281,-0.3826000988483429,0.22194018959999084,1.0,0.0,0.0,0.0,0.0
15558000000,4852,0,,0,-0.135146364569664,0.1386992186307907,-0.14121438562870026,1.0,0.0,0.0,0.0,0.0
15559000000,4853,0,,0,-0.31101512908935547,-0.06132233142852783,0.35061970353126526,1.0,0.0,0.0,0.0,0.0
15561000000,4854,0,,0,-0.12547622621059418,0.31289181113243103,0.292538046836853,1.0,0.0,0.0,0.0,0.0
15563000000,4855,0,,0,-0.1850176751613617,-0.3072981536388397,-0.2986051142215729,1.0,0.0,0.0,0.0,0.0
15565000000,4856,0,,0,-0.005119870416820049,-0.0008912861230783165,-0.3116793930530548,1.0,0.0,0.0,0.0,0.0
15567000000,4857,0,,0,-0.02580677531659603,-0.1951698660850525,-0.2882770597934723,1.0,0.0,0.0,0.0,0.0
15569000000,4858,0,,0,-0.09445113688707352,-0.05232910066843033,-0.1006922796368599,1.0,0.0,0.0,0.0,0.0
15571000000,4859,0,,0,0.11320167034864426,-0.20875050127506256,-0.06252353638410568,1.0,0.0,0.0,0.0,0.0
15573000000,4860,0,,0,-0.13778695464134216,0.11303965002298355,0.28525635600090027,1.0,0.0,0.0,0.0,0.0
15576000000,4861,0,,0,-0.39826536178588867,0.08934295177459717,0.04458736255764961,1.0,0.0,0.0,0.0,0.0
15578000000,4862,0,,0,0.2098778635263443,-0.23125411570072174,0.2667369544506073,1.0,0.0,0.0,0.0,0.0
15580000000,4863,0,,0,0.07951889932155609,-0.17046882212162018,0.2681993842124939,1.0,0.0,0.0,0.0,0.0
15582000000,4864,0,,0,-0.10273005813360214,-0.38987305760383606,0.31902721524238586,1.0,0.0,0.0,0.0,0.0
15584000000,4865,0,,0,0.12348145246505737,-0.2706506550312042,-0.28501811623573303,1.0,0.0,0.0,0.0,0.0
15586000000,4866,0,,0,0.129113107919693,-0.32143574953079224,0.1787053942680359,1.0,0.0,0.0,0.0,0.0
15588000000,4867,0,,0,0.12383733689785004,0.08864719420671463,0.26523083448410034,1.0,0.0,0.0,0.0,0.0
15590000000,4868,0,,0,0.08229115605354309,0.16299456357955933,0.06264287233352661,1.0,0.0,0.0,0.0,0.0
15592000000,4869,0,,0,-0.30928298830986023,0.08676334470510483,0.18781982362270355,1.0,0.0,0.0,0.0,0.0
15594000000,4870,0,,0,-0.22739176452159882,-0.04861096292734146,-0.37663689255714417,1.0,0.0,0.0,0.0,0.0
15597000000,4871,0,,0,-0.38067594170570374,-0.08619514107704163,-0.10995635390281677,1.0,0.0,0.0,0.0,0.0
15599000000,4872,0,,0,0.23794199526309967,0.2309531420469284,0.272141695022583,1.0,0.0,0.0,0.0,0.0
15602000000,4873,0,,0,-0.15944024920463562,-0.26905760169029236,0.37323808670043945,1.0,0.0,0.0,0.0,0.0
15604000000,4874,0,,0,0.3084595203399658,-0.12257413566112518,-0.3472289443016052,1.0,0.0,0.0,0.0,0.0
15607000000,4875,0,,0,-0.10811252892017365,0.23627880215644836,-0.043398965150117874,1.0,0.0,0.0,0.0,0.0
15609000000,4876,0,,0,0.19248811900615692,0.30391496419906616,-0.33897775411605835,1.0,0.0,0.0,0.0,0.0
15610000000,4877,0,,0,0.10382107645273209,-0.18305927515029907,0.015355103649199009,1.0,0.0,0.0,0.0,0.0
15612000000,4878,0,,0,0.3257495164871216,-0.25468987226486206,0.044109199196100235,1.0,0.0,0.0,0.0,0.0
15613000000,4879,0,,0,-0.17698058485984802,-0.36014699935913086,0.3481016159057617,1.0,0.0,0.0,0.0,0.0
15615000000,4880,0,,0,0.0494290329515934,-0.17056289315223694,0.3642456829547882,1.0,0.0,0.0,0.0,0.0
15616000000,4881,0,,0,-0.16314099729061127,0.15879923105239868,-0.2073417752981186,1.0,0.0,0.0,0.0,0.0
15617000000,4882,0,,0,0.3495386242866516,-0.3131246864795685,-0.33008602261543274,1.0,0.0,0.0,0.0,0.0
15620000000,4883,0,,0,-0.06428348273038864,0.0017066384898498654,-0.2972434163093567,1.0,0.0,0.0,0.0,0.0
15622000000,4884,0,,0,-0.24777328968048096,-0.04516835883259773,0.15060949325561523,1.0,0.0,0.0,0.0,0.0
15624000000,4885,0,,0,-0.12020228058099747,0.2067706286907196,-0.05001869425177574,1.0,0.0,0.0,0.0,0.0
15626000000,4886,0,,0,-0.02768407016992569,-0.3773179054260254,0.3908427953720093,1.0,0.0,0.0,0.0,0.0
15629000000,4887,0,,0,-0.1856061816215515,0.019412832334637642,0.1723608821630478,1.0,0.0,0.0,0.0,0.0
15631000000,4888,0,,0,-0.38814184069633484,0.37356388568878174,0.38629189133644104,1.0,0.0,0.0,0.0,0.0
15632000000,4889,0,,0,-0.09081652015447617,-0.3004501760005951,0.015656856819987297,1.0,0.0,0.0,0.0,0.0
15634000000,4890,0,,0,-0.02311958745121956,0.320964515209198,-0.2214333713054657,1.0,0.0,0.0,0.0,0.0
15636000000,4891,0,,0,0.18580889701843262,-0.18923749029636383,-0.3362639844417572,1.0,0.0,0.0,0.0,0.0
15639000000,4892,0,,0,0.027663979679346085,0.35653942823410034,-0.1282024085521698,1.0,0.0,0.0,0.0,0.0
15641000000,4893,0,,0,-0.39798393845558167,-0.2521028518676758,0.2507644295692444,1.0,0.0,0.0,0.0,0.0
15643000000,4894,0,,0,0.1093970537185669,-0.3568374514579773,-0.28170520067214966,1.0,0.0,0.0,0.0,0.0
15645000000,4895,0,,0,-0.28428032994270325,-0.37042468786239624,0.10619251430034637,1.0,0.0,0.0,0.0,0.0
15647000000,4896,0,,0,-0.022982172667980194,0.1663600504398346,-0.37829840183258057,1.0,0.0,0.0,0.0,0.0
15649000000,4897,0,,0,-0.3697260320186615,0.3796524107456207,-0.3287575840950012,1.0,0.0,0.0,0.0,0.0
15650000000,4898,0,,0,0.277763694524765,-0.06171043589711189,-0.2515096962451935,1.0,0.0,0.0,0.0,0.0
15652000000,4899,0,,0,0.12806765735149384,-0.24567081034183502,0.16317714750766754,1.0,0.0,0.0,0.0,0.0
15653000000,4900,0,,0,-0.009100222028791904,-0.1957968920469284,-0.21187740564346313,1.0,0.0,0.0,0.0,0.0
15656000000,4901,0,,0,0.04148522764444351,-0.36427175998687744,0.01746632158756256,1.0,0.0,0.0,0.0,0.0
15658000000,4902,0,,0,0.35586440563201904,-0.04124142974615097,0.15771977603435516,1.0,0.0,0.0,0.0,0.0
15660000000,4903,0,,0,-0.3854660093784332,0.2931763231754303,0.3533055782318115,1.0,0.0,0.0,0.0,0.0
15662000000,4904,0,,0,-0.05945218354463577,-0.041651759296655655,0.09434422105550766,1.0,0.0,0.0,0.0,0.0
15663000000,4905,0,,0,-0.3234831988811493,0.3938184976577759,-0.2062469720840454,1.0,0.0,0.0,0.0,0.0
15665000000,4906,0,,0,0.2659872770309448,0.22101500630378723,0.12535162270069122,1.0,0.0,0.0,0.0,0.0
15667000000,4907,0,,0,-0.09396983683109283,0.21683035790920258,-0.0458279624581337,1.0,0.0,0.0,0.0,0.0
15669000000,4908,0,,0,-0.02631887048482895,-0.3941074311733246,-0.15449829399585724,1.0,0.0,0.0,0.0,0.0
15672000000,4909,0,,0,0.1182132437825203,-0.14956311881542206,-0.1518263965845108,1.0,0.0,0.0,0.0,0.0
15674000000,4910,0,,0,-0.13541853427886963,-0.08499332517385483,-0.3021271228790283,1.0,0.0,0.0,0.0,0.0
15676000000,4911,0,,0,0.399158775806427,0.06130152568221092,0.0056041995994746685,1.0,0.0,0.0,0.0,0.0
15678000000,4912,0,,0,-0.2112109214067459,0.13428154587745667,0.06259669363498688,1.0,0.0,0.0,0.0,0.0
15681000000,4913,0,,0,-0.1658988893032074,0.2564583718776703,0.35553860664367676,1.0,0.0,0.0,0.0,0.0
15683000000,4914,0,,0,0.286737859249115,0.07305707037448883,0.06956353783607483,1.0,0.0,0.0,0.0,0.0
15686000000,4915,0,,0,-0.3824206292629242,-0.14277729392051697,0.11973457038402557,1.0,0.0,0.0,0.0,0.0
15687000000,4916,0,,0,0.24096578359603882,-0.022589318454265594,-0.07426198571920395,1.0,0.0,0.0,0.0,0.0
15689000000,4917,0,,0,-0.0593857578933239,-0.21786513924598694,0.34822970628738403,1.0,0.0,0.0,0.0,0.0
15691000000,4918,0,,0,-0.08161251246929169,-0.2646869122982025,0.36130353808403015,1.0,0.0,0.0,0.0,0.0
15694000000,4919,0,,0,0.19747380912303925,0.18319863080978394,-0.1598171442747116,1.0,0.0,0.0,0.0,0.0
15695000000,4920,0,,0,0.11013095825910568,-0.2031441181898117,-0.06403236091136932,1.0,0.0,0.0,0.0,0.0
15697000000,4921,0,,0,-0.359024316072464,0.041080694645643234,0.1177801862359047,1.0,0.0,0.0,0.0,0.0
15698000000,4922,0,,0,-0.20045393705368042,0.18995828926563263,0.3970825970172882,1.0,0.0,0.0,0.0,0.0
15700000000,4923,0,,0,-0.30489978194236755,0.17354953289031982,-0.0015780727844685316,1.0,0.0,0.0,0.0,0.0
15702000000,4924,0,,0,-0.23780110478401184,-0.061326682567596436,0.3013351857662201,1.0,0.0,0.0,0.0,0.0
15704000000,4925,0,,0,0.3227574825286865,0.3001220226287842,0.3080689609050751,1.0,0.0,0.0,0.0,0.0
15706000000,4926,0,,0,0.21689508855342865,-0.11494497954845428,-0.3036966621875763,1.0,0.0,0.0,0.0,0.0
15708000000,4927,0,,0,-0.0034324428997933865,-0.21990232169628143,0.01783592253923416,1.0,0.0,0.0,0.0,0.0
15710000000,4928,0,,0,-0.09062247723340988,0.3122241497039795,0.3411307632923126,1.0,0.0,0.0,0.0,0.0
15712000000,4929,0,,0,-0.32908007502555847,-0.338683545589447,0.2034694254398346,1.0,0.0,0.0,0.0,0.0
15714000000,4930,0,,0,-0.012370743788778782,0.16489192843437195,0.21886089444160461,1.0,0.0,0.0,0.0,0.0
15716000000,4931,0,,0,-0.1418984830379486,-0.08911816030740738,0.17960888147354126,1.0,0.0,0.0,0.0,0.0
15718000000,4932,0,,0,-0.3979688286781311,-0.3131945729255676,0.30998414754867554,1.0,0.0,0.0,0.0,0.0
15720000000,4933,0,,0,0.15332461893558502,-0.20578081905841827,0.10471964627504349,1.0,0.0,0.0,0.0,0.0
15722000000,4934,0,,0,0.14764809608459473,-0.378439337015152,-0.19968728721141815,1.0,0.0,0.0,0.0,0.0
15725000000,4935,0,,0,-0.25141602754592896,0.2694990336894989,0.14432084560394287,1.0,0.0,0.0,0.0,0.0
15727000000,4936,0,,0,-0.254584938287735,0.06788201630115509,-0.1706337332725525,1.0,0.0,0.0,0.0,0.0
15729000000,4937,0,,0,-0.13637888431549072,-0.20190222561359406,-0.2698313295841217,1.0,0.0,0.0,0.0,0.0
15731000000,4938,0,,0,-0.13304977118968964,-0.17240284383296967,0.04768451303243637,1.0,0.0,0.0,0.0,0.0
15732000000,4939,0,,0,-0.044066544622182846,0.2383536994457245,-0.31303176283836365,1.0,0.0,0.0,0.0,0.0
15734000000,4940,0,,0,0.372315913438797,-0.2925572395324707,0.028606628999114037,1.0,0.0,0.0,0.0,0.0
15735000000,4941,0,,0,0.13797162473201752,-0.071473129093647,-0.07665207237005234,1.0,0.0,0.0,0.0,0.0
15737000000,4942,0,,0,0.13052383065223694,-0.07195049524307251,-0.34763091802597046,1.0,0.0,0.0,0.0,0.0
15739000000,4943,0,,0,0.34258612990379333,0.011221025139093399,-0.15166208148002625,1.0,0.0,0.0,0.0,0.0
15741000000,4944,0,,0,-0.2788558006286621,0.03681967779994011,0.10858354717493057,1.0,0.0,0.0,0.0,0.0
15744000000,4945,0,,0,0.28422263264656067,0.1618504524230957,0.19839812815189362,1.0,0.0,0.0,0.0,0.0
15746000000,4946,0,,0,0.12296401709318161,0.03716577589511871,-0.2910705506801605,1.0,0.0,0.0,0.0,0.0
15748000000,4947,0,,0,-0.3423314094543457,-0.3545891046524048,-0.24175548553466797,1.0,0.0,0.0,0.0,0.0
15750000000,4948,0,,0,-0.3391512334346771,0.2830214500427246,-0.2125270515680313,1.0,0.0,0.0,0.0,0.0
15752000000,4949,0,,0,0.340410977602005,0.16649872064590454,0.22913758456707,1.0,0.0,0.0,0.0,0.0
15754000000,4950,0,,0,-0.3220160901546478,0.2382773458957672,-0.26341986656188965,1.0,0.0,0.0,0.0,0.0
15755000000,4951,0,,0,-0.04519223794341087,-0.05889877676963806,-0.10199598222970963,1.0,0.0,0.0,0.0,0.0
15757000000,4952,0,,0,-0.21670186519622803,-0.18340815603733063,-0.24859091639518738,1.0,0.0,0.0,0.0,0.0
15760000000,4953,0,,0,0.08304521441459656,-0.1364990621805191,0.027865786105394363,1.0,0.0,0.0,0.0,0.0
15761000000,4954,0,,0,0.11572154611349106,-0.29430755972862244,-0.16487717628479004,1.0,0.0,0.0,0.0,0.0
15763000000,4955,0,,0,0.16788245737552643,0.10746109485626221,-0.20017343759536743,1.0,0.0,0.0,0.0,0.0
15765000000,4956,0,,0,0.02204282209277153,-0.11713463813066483,0.16688038408756256,1.0,0.0,0.0,0.0,0.0
15767000000,4957,0,,0,-0.1139933168888092,0.1059243455529213,0.0662393718957901,1.0,0.0,0.0,0.0,0.0
15769000000,4958,0,,0,0.278266042470932,-0.2540862262248993,0.32882532477378845,1.0,0.0,0.0,0.0,0.0
15771000000,4959,0,,0,0.37105125188827515,-0.22971756756305695,0.13019321858882904,1.0,0.0,0.0,0.0,0.0
15773000000,4960,0,,0,0.284485399723053,0.28602537512779236,0.29481714963912964,1.0,0.0,0.0,0.0,0.0
15775000000,4961,0,,0,0.2004997283220291,-0.1258748322725296,-0.14702972769737244,1.0,0.0,0.0,0.0,0.0
15778000000,4962,0,,0,0.3684910833835602,0.04830506071448326,0.18451018631458282,1.0,0.0,0.0,0.0,0.0
15779000000,4963,0,,0,-0.280373752117157,-0.08726971596479416,0.13106639683246613,1.0,0.0,0.0,0.0,0.0
15782000000,4964,0,,0,-0.28464606404304504,-0.29405349493026733,-0.13201695680618286,1.0,0.0,0.0,0.0,0.0
15784000000,4965,0,,0,-0.1218981221318245,-0.382644385099411,0.22063152492046356,1.0,0.0,0.0,0.0,0.0
15786000000,4966,0,,0,-0.24682724475860596,-0.3021864593029022,-0.042568519711494446,1.0,0.0,0.0,0.0,0.0
15788000000,4967,0,,0,0.24818678200244904,0.21263982355594635,0.09085647016763687,1.0,0.0,0.0,0.0,0.0
15790000000,4968,0,,0,-0.2884843647480011,0.08595895022153854,0.20409899950027466,1.0,0.0,0.0,0.0,0.0
15792000000,4969,0,,0,-0.3420684039592743,0.21958431601524353,0.3059189021587372,1.0,0.0,0.0,0.0,0.0
15794000000,4970,0,,0,-0.268292635679245,0.18548215925693512,-0.3069220781326294,1.0,0.0,0.0,0.0,0.0
15796000000,4971,0,,0,0.34906306862831116,-0.3704468607902527,-0.1995944380760193,1.0,0.0,0.0,0.0,0.0
15798000000,4972,0,,0,0.3951607942581177,-0.29474911093711853,0.17906807363033295,1.0,0.0,0.0,0.0,0.0
15800000000,4973,0,,0,0.22243401408195496,-0.12618553638458252,-0.34704387187957764,1.0,0.0,0.0,0.0,0.0
15802000000,4974,0,,0,-0.006966508459299803,0.123398557305336,0.24007998406887054,1.0,0.0,0.0,0.0,0.0
15805000000,4975,0,,0,0.038376424461603165,0.11600224673748016,0.31920331716537476,1.0,0.0,0.0,0.0,0.0
15807000000,4976,0,,0,0.006126645486801863,-0.24436675012111664,-0.28919246792793274,1.0,0.0,0.0,0.0,0.0
15809000000,4977,0,,0,0.33396103978157043,0.17114926874637604,-0.0535537488758564,1.0,0.0,0.0,0.0,0.0
15811000000,4978,0,,0,-0.36673232913017273,-0.09115707874298096,-0.34945639967918396,1.0,0.0,0.0,0.0,0.0
15813000000,4979,0,,0,0.3258334994316101,-0.1361389458179474,0.14337842166423798,1.0,0.0,0.0,0.0,0.0
15815000000,4980,0,,0,0.35610392689704895,-0.13420146703720093,-0.0740533322095871,1.0,0.0,0.0,0.0,0.0
15816000000,4981,0,,0,0.2663295567035675,0.015316760167479515,0.19451989233493805,1.0,0.0,0.0,0.0,0.0
15818000000,4982,0,,0,0.37984466552734375,-0.24737589061260223,0.003702859627082944,1.0,0.0,0.0,0.0,0.0
15820000000,4983,0,,0,-0.3889082670211792,0.3187045156955719,-0.3134218454360962,1.0,0.0,0.0,0.0,0.0
15822000000,4984,0,,0,-0.05008520558476448,0.09191709756851196,0.285625696182251,1.0,0.0,0.0,0.0,0.0
15824000000,4985,0,,0,-0.09079702943563461,-0.0440322607755661,-0.37186717987060547,1.0,0.0,0.0,0.0,0.0
15826000000,4986,0,,0,0.3889661133289337,0.3062828779220581,-0.09983167797327042,1.0,0.0,0.0,0.0,0.0
15828000000,4987,0,,0,0.1858704835176468,-0.37874728441238403,-0.23901349306106567,1.0,0.0,0.0,0.0,0.0
15830000000,4988,0,,0,0.28047141432762146,-0.20998260378837585,-0.22491174936294556,1.0,0.0,0.0,0.0,0.0
15832000000,4989,0,,0,0.0633886530995369,-0.2154732644557953,-0.24555689096450806,1.0,0.0,0.0,0.0,0.0
15835000000,4990,0,,0,-0.34754714369773865,-0.17985935509204865,-0.009473131038248539,1.0,0.0,0.0,0.0,0.0
15836000000,4991,0,,0,0.10456912964582443,-0.14859479665756226,0.24967637658119202,1.0,0.0,0.0,0.0,0.0
15838000000,4992,0,,0,-0.13485407829284668,0.326980859041214,0.05665847659111023,1.0,0.0,0.0,0.0,0.0
15840000000,4993,0,,0,0.3408859372138977,0.2825591266155243,0.2701605260372162,1.0,0.0,0.0,0.0,0.0
15841000000,4994,0,,0,0.22502374649047852,0.053922686725854874,-0.21848317980766296,1.0,0.0,0.0,0.0,0.0
15844000000,4995,0,,0,0.05621375888586044,-0.3913060128688812,0.054997578263282776,1.0,0.0,0.0,0.0,0.0
15846000000,4996,0,,0,0.2506358027458191,-0.26800796389579773,-0.16251306235790253,1.0,0.0,0.0,0.0,0.0
15848000000,4997,0,,0,0.23293714225292206,0.14496976137161255,-0.3229401111602783,1.0,0.0,0.0,0.0,0.0
15850000000,4998,0,,0,0.3399849832057953,0.21515704691410065,-0.2907930910587311,1.0,0.0,0.0,0.0,0.0
15852000000,4999,0,,0,0.09476495534181595,0.0513528510928154,-0.18348820507526398,1.0,0.0,0.0,0.0,0.0
15855000000,5000,0,,0,0.3265640139579773,-0.2307763546705246,0.09983031451702118,1.0,0.0,0.0,0.0,0.0
15857000000,5001,0,,0,-0.05200155824422836,0.15404431521892548,-0.07740917801856995,1.0,0.0,0.0,0.0,0.0
15859000000,5002,0,,0,0.27063652873039246,0.23899677395820618,0.17279396951198578,1.0,0.0,0.0,0.0,0.0
15861000000,5003,0,,0,-0.29693254828453064,-0.3656523525714874,0.33414068818092346,1.0,0.0,0.0,0.0,0.0
15863000000,5004,0,,0,-0.32711365818977356,-0.3955460488796234,0.3792968690395355,1.0,0.0,0.0,0.0,0.0
15864000000,5005,0,,0,-0.24329765141010284,0.1936400681734085,0.19112835824489594,1.0,0.0,0.0,0.0,0.0
15866000000,5006,0,,0,0.16624093055725098,-0.25415053963661194,0.3812786638736725,1.0,0.0,0.0,0.0,0.0
15868000000,5007,0,,0,-0.04622647166252136,0.17425470054149628,0.316353440284729,1.0,0.0,0.0,0.0,0.0
15870000000,5008,0,,0,0.15381917357444763,0.11956533789634705,0.19204115867614746,1.0,0.0,0.0,0.0,0.0
15872000000,5009,0,,0,-0.02832907624542713,0.2699736952781677,0.3486359119415283,1.0,0.0,0.0,0.0,0.0
15874000000,5010,0,,0,0.3569601774215698,-0.07367780804634094,0.13249723613262177,1.0,0.0,0.0,0.0,0.0
15876000000,5011,0,,0,-0.1941647082567215,-0.32997503876686096,0.06803756207227707,1.0,0.0,0.0,0.0,0.0
15878000000,5012,0,,0,0.09387864917516708,-0.37473171949386597,0.059532832354307175,1.0,0.0,0.0,0.0,0.0
15880000000,5013,0,,0,-0.3748108446598053,0.3546545207500458,-0.1703949123620987,1.0,0.0,0.0,0.0,0.0
15882000000,5014,0,,0,0.06973776966333389,0.3845805823802948,-0.3144177794456482,1.0,0.0,0.0,0.0,0.0
15884000000,5015,0,,0,-0.3319531977176666,0.261334091424942,0.2650091350078583,1.0,0.0,0.0,0.0,0.0
15886000000,5016,0,,0,0.1089244931936264,0.21032804250717163,-0.02103138156235218,1.0,0.0,0.0,0.0,0.0
15888000000,5017,0,,0,-0.28822794556617737,-0.3528299629688263,0.19868244230747223,1.0,0.0,0.0,0.0,0.0
15889000000,5018,0,,0,-0.22239075601100922,0.17360277473926544,0.3807380795478821,1.0,0.0,0.0,0.0,0.0
15892000000,5019,0,,0,-0.10065033286809921,-0.39563849568367004,-0.018399503082036972,1.0,0.0,0.0,0.0,0.0
15893000000,5020,0,,0,0.39947354793548584,-0.022729426622390747,0.38897261023521423,1.0,0.0,0.0,0.0,0.0
15895000000,5021,0,,0,-0.24034523963928223,0.37812232971191406,-0.2825961112976074,1.0,0.0,0.0,0.0,0.0
15897000000,5022,0,,0,0.28087887167930603,0.020229442045092583,-0.22386504709720612,1.0,0.0,0.0,0.0,0.0
15900000000,5023,0,,0,0.22105544805526733,-0.39377129077911377,-0.12022466212511063,1.0,0.0,0.0,0.0,0.0
15902000000,5024,0,,0,0.004239743575453758,0.34292373061180115,-0.1384219080209732,1.0,0.0,0.0,0.0,0.0
15904000000,5025,0,,0,-0.29194697737693787,0.22951063513755798,-0.3868466913700104,1.0,0.0,0.0,0.0,0.0
15905000000,5026,0,,0,-0.04098664969205856,-0.1309158354997635,0.3201296329498291,1.0,0.0,0.0,0.0,0.0
15908000000,5027,0,,0,-0.2627909183502197,-0.02534528821706772,-0.0734918937087059,1.0,0.0,0.0,0.0,0.0
15910000000,5028,0,,0,0.12662693858146667,0.34135890007019043,-0.2826128602027893,1.0,0.0,0.0,0.0,0.0
15912000000,5029,0,,0,-0.1515013724565506,0.18942531943321228,-0.2151925414800644,1.0,0.0,0.0,0.0,0.0
15914000000,5030,0,,0,0.17293031513690948,-0.005612347275018692,-0.13381493091583252,1.0,0.0,0.0,0.0,0.0
15916000000,5031,0,,0,-0.3974485397338867,0.20188772678375244,0.1937117576599121,1.0,0.0,0.0,0.0,0.0
15918000000,5032,0,,0,0.16701380908489227,0.2869167923927307,-0.3648436367511749,1.0,0.0,0.0,0.0,0.0
15920000000,5033,0,,0,-0.09446429461240768,0.15540267527103424,0.30408546328544617,1.0,0.0,0.0,0.0,0.0
15922000000,5034,0,,0,0.14143331348896027,-0.3658145070075989,-0.31970784068107605,1.0,0.0,0.0,0.0,0.0
15924000000,5035,0,,0,-0.3487696647644043,-0.3070693016052246,0.10884340107440948,1.0,0.0,0.0,0.0,0.0
15926000000,5036,0,,0,0.08083214610815048,0.31626126170158386,-0.00026194550446234643,1.0,0.0,0.0,0.0,0.0
15928000000,5037,0,,0,-0.27140432596206665,-0.3298061490058899,0.29028940200805664,1.0,0.0,0.0,0.0,0.0
15930000000,5038,0,,0,0.3426198661327362,0.023278724402189255,-0.1713145673274994,1.0,0.0,0.0,0.0,0.0
15932000000,5039,0,,0,-0.09144029766321182,-0.06204666197299957,-0.07618976384401321,1.0,0.0,0.0,0.0,0.0
15934000000,5040,0,,0,-0.33887040615081787,-0.39682430028915405,0.26974329352378845,1.0,0.0,0.0,0.0,0.0
15936000000,5041,0,,0,0.2888451814651489,-0.2892247140407562,0.11977872252464294,1.0,0.0,0.0,0.0,0.0
15938000000,5042,0,,0,-0.014522192999720573,-0.012352966703474522,0.3203289210796356,1.0,0.0,0.0,0.0,0.0
15940000000,5043,0,,0,0.1425330638885498,0.27338725328445435,0.061402399092912674,1.0,0.0,0.0,0.0,0.0
15941000000,5044,0,,0,-0.33034124970436096,0.2532360255718231,0.09020406007766724,1.0,0.0,0.0,0.0,0.0
15944000000,5045,0,,0,-0.11514177173376083,-0.11047440767288208,-0.2675109803676605,1.0,0.0,0.0,0.0,0.0
15946000000,5046,0,,0,0.07707201689481735,0.2322026640176773,-0.24762532114982605,1.0,0.0,0.0,0.0,0.0
15948000000,5047,0,,0,-0.15837590396404266,-0.23920728266239166,-0.15303555130958557,1.0,0.0,0.0,0.0,0.0
15950000000,5048,0,,0,0.17193251848220825,0.02637171372771263,-0.1371261477470398,1.0,0.0,0.0,0.0,0.0
15952000000,5049,0,,0,0.11931069195270538,-0.3240974545478821,-0.255555123090744,1.0,0.0,0.0,0.0,0.0
15954000000,5050,0,,0,0.20016202330589294,0.38981956243515015,-0.17062030732631683,1.0,0.0,0.0,0.0,0.0
15956000000,5051,0,,0,0.18900510668754578,-0.10514149069786072,0.2889679968357086,1.0,0.0,0.0,0.0,0.0
15957000000,5052,0,,0,0.018281089141964912,0.2656862437725067,-0.15926110744476318,1.0,0.0,0.0,0.0,0.0
15960000000,5053,0,,0,-0.15924972295761108,-0.29785072803497314,-0.35245129466056824,1.0,0.0,0.0,0.0,0.0
15962000000,5054,0,,0,0.32651007175445557,-0.2621270418167114,0.28799697756767273,1.0,0.0,0.0,0.0,0.0
15964000000,5055,0,,0,0.25183236598968506,-0.2608063519001007,0.1791209727525711,1.0,0.0,0.0,0.0,0.0
15966000000,5056,0,,0,0.2184666246175766,0.1770104318857193,0.15177999436855316,1.0,0.0,0.0,0.0,0.0
15968000000,5057,0,,0,0.08012297004461288,0.2005169540643692,-0.33207306265830994,1.0,0.0,0.0,0.0,0.0
15970000000,5058,0,,0,-0.1765628159046173,0.2298915535211563,0.0379398912191391,1.0,0.0,0.0,0.0,0.0
15972000000,5059,0,,0,-0.07978630810976028,-0.010639270767569542,-0.06063961982727051,1.0,0.0,0.0,0.0,0.0
15974000000,5060,0,,0,-0.08696334064006805,-0.02578510344028473,-0.26547497510910034,1.0,0.0,0.0,0.0,0.0
15976000000,5061,0,,0,0.22292247414588928,0.2909330725669861,-0.3437468707561493,1.0,0.0,0.0,0.0,0.0
15978000000,5062,0,,0,0.2990225851535797,0.350004106760025,0.31385892629623413,1.0,0.0,0.0,0.0,0.0
15980000000,5063,0,,0,0.10447987914085388,-0.2813771665096283,0.3747502267360687,1.0,0.0,0.0,0.0,0.0
15982000000,5064,0,,0,0.19245758652687073,0.32939860224723816,0.2992825508117676,1.0,0.0,0.0,0.0,0.0
15983000000,5065,0,,0,-0.21521292626857758,-0.12620681524276733,0.11390983313322067,1.0,0.0,0.0,0.0,0.0
15986000000,5066,0,,0,0.28863850235939026,-0.03035617247223854,-0.3560217618942261,1.0,0.0,0.0,0.0,0.0
15988000000,5067,0,,0,0.2021295577287674,-0.12347004562616348,-0.14886458218097687,1.0,0.0,0.0,0.0,0.0
15989000000,5068,0,,0,-0.10513754934072495,0.26413148641586304,0.02006121538579464,1.0,0.0,0.0,0.0,0.0
15991000000,5069,0,,0,0.22862857580184937,-0.09105104207992554,0.35883066058158875,1.0,0.0,0.0,0.0,0.0
15994000000,5070,0,,0,0.1817399263381958,0.34368473291397095,0.20841984450817108,1.0,0.0,0.0,0.0,0.0
15995000000,5071,0,,0,0.08783627301454544,0.2726391553878784,0.12908697128295898,1.0,0.0,0.0,0.0,0.0
15998000000,5072,0,,0,0.3405837416648865,0.1749926209449768,-0.2187541276216507,1.0,0.0,0.0,0.0,0.0
15999000000,5073,0,,0,0.3583678901195526,0.07441136240959167,0.023070700466632843,1.0,0.0,0.0,0.0,0.0
16002000000,5074,0,,0,0.15183544158935547,0.10010279715061188,-0.2848328649997711,1.0,0.0,0.0,0.0,0.0
16003000000,5075,0,,0,-0.38046807050704956,0.2291923612356186,-0.30107811093330383,1.0,0.0,0.0,0.0,0.0
16005000000,5076,0,,0,-0.20928755402565002,0.016054384410381317,0.34686732292175293,1.0,0.0,0.0,0.0,0.0
16008000000,5077,0,,0,-0.31915244460105896,0.13742776215076447,-0.17083802819252014,1.0,0.0,0.0,0.0,0.0
16009000000,5078,0,,0,0.06701897084712982,-0.23891757428646088,0.3553221821784973,1.0,0.0,0.0,0.0,0.0
16011000000,5079,0,,0,0.3427097797393799,0.041984397917985916,-0.10618142783641815,1.0,0.0,0.0,0.0,0.0
16013000000,5080,0,,0,0.20248450338840485,0.06032736226916313,0.2772807776927948,1.0,0.0,0.0,0.0,0.0
16015000000,5081,0,,0,0.04227406159043312,0.016181407496333122,0.09942208975553513,1.0,0.0,0.0,0.0,0.0
16018000000,5082,0,,0,0.3314264118671417,0.13988043367862701,-0.32496100664138794,1.0,0.0,0.0,0.0,0.0
16020000000,5083,0,,0,0.24335719645023346,0.10236343741416931,0.1866292804479599,1.0,0.0,0.0,0.0,0.0
16022000000,5084,0,,0,0.16596049070358276,-0.39289209246635437,0.08720923960208893,1.0,0.0,0.0,0.0,0.0
16024000000,5085,0,,0,0.3086257576942444,0.25096946954727173,-0.1653767228126526,1.0,0.0,0.0,0.0,0.0
16026000000,5086,0,,0,0.10313470661640167,0.21551449596881866,-0.35770609974861145,1.0,0.0,0.0,0.0,0.0
16028000000,5087,0,,0,-0.02962547168135643,-0.01716834120452404,0.38908088207244873,1.0,0.0,0.0,0.0,0.0
16030000000,5088,0,,0,0.1834142804145813,0.07137616723775864,0.38517165184020996,1.0,0.0,0.0,0.0,0.0
16032000000,5089,0,,0,0.06386397778987885,-0.06277094781398773,-0.33223551511764526,1.0,0.0,0.0,0.0,0.0
16034000000,5090,0,,0,-0.20243379473686218,-0.17089860141277313,0.12448380887508392,1.0,0.0,0.0,0.0,0.0
16036000000,5091,0,,0,0.09633254259824753,0.13064874708652496,0.22873236238956451,1.0,0.0,0.0,0.0,0.0
16038000000,5092,0,,0,-0.26166629791259766,0.22432079911231995,0.0326799713075161,1.0,0.0,0.0,0.0,0.0
16040000000,5093,0,,0,0.3890318274497986,0.21869517862796783,-0.2514958381652832,1.0,0.0,0.0,0.0,0.0
16042000000,5094,0,,0,-0.1943950653076172,0.2201225757598877,-0.030546043068170547,1.0,0.0,0.0,0.0,0.0
16044000000,5095,0,,0,0.03894953802227974,0.178307443857193,0.2405104637145996,1.0,0.0,0.0,0.0,0.0
16046000000,5096,0,,0,-0.1857232302427292,-0.2782769203186035,0.16096550226211548,1.0,0.0,0.0,0.0,0.0
16048000000,5097,0,,0,0.06854619830846786,-0.017083143815398216,-0.10313519835472107,1.0,0.0,0.0,0.0,0.0
16050000000,5098,0,,0,0.126891627907753,0.05190542712807655,-0.2819429039955139,1.0,0.0,0.0,0.0,0.0
16052000000,5099,0,,0,0.07894732803106308,0.252549409866333,0.38166841864585876,1.0,0.0,0.0,0.0,0.0
16054000000,5100,0,,0,0.26973843574523926,-0.21054276823997498,0.3519045114517212,1.0,0.0,0.0,0.0,0.0
16056000000,5101,0,,0,0.0018999372841790318,0.042651500552892685,0.15182514488697052,1.0,0.0,0.0,0.0,0.0
16058000000,5102,0,,0,0.08323991298675537,0.24333038926124573,-0.10601780563592911,1.0,0.0,0.0,0.0,0.0
16060000000,5103,0,,0,0.2125518023967743,0.3159850835800171,0.2683839499950409,1.0,0.0,0.0,0.0,0.0
16062000000,5104,0,,0,0.28099995851516724,0.054215386509895325,0.35345733165740967,1.0,0.0,0.0,0.0,0.0
16064000000,5105,0,,0,-0.3588829040527344,0.31075188517570496,0.3538447618484497,1.0,0.0,0.0,0.0,0.0
16066000000,5106,0,,0,0.2270190566778183,0.34628722071647644,-0.15703681111335754,1.0,0.0,0.0,0.0,0.0
16067000000,5107,0,,0,-0.026099123060703278,-0.1330059915781021,-0.28653228282928467,1.0,0.0,0.0,0.0,0.0
16069000000,5108,0,,0,0.3550797402858734,-0.013008169829845428,0.08737289905548096,1.0,0.0,0.0,0.0,0.0
16072000000,5109,0,,0,-0.339565634727478,-0.19098538160324097,-0.047100093215703964,1.0,0.0,0.0,0.0,0.0
16074000000,5110,0,,0,-0.3050035536289215,0.13247592747211456,-0.2219025194644928,1.0,0.0,0.0,0.0,0.0
16076000000,5111,0,,0,0.15200228989124298,-0.2846742868423462,-0.32663246989250183,1.0,0.0,0.0,0.0,0.0
16078000000,5112,0,,0,-0.313701868057251,-0.14539538323879242,0.2915421724319458,1.0,0.0,0.0,0.0,0.0
16079000000,5113,0,,0,-0.05911973863840103,-0.02694515511393547,0.03445853665471077,1.0,0.0,0.0,0.0,0.0
16082000000,5114,0,,0,0.09855352342128754,0.3263932764530182,0.05552549660205841,1.0,0.0,0.0,0.0,0.0
16084000000,5115,0,,0,0.06636540591716766,-0.12385319173336029,0.0026567219756543636,1.0,0.0,0.0,0.0,0.0
16086000000,5116,0,,0,-0.1720661073923111,0.06357832998037338,-0.13148079812526703,1.0,0.0,0.0,0.0,0.0
16088000000,5117,0,,0,0.17870686948299408,0.2906894087791443,-0.1350346803665161,1.0,0.0,0.0,0.0,0.0
16090000000,5118,0,,0,-0.11259425431489944,0.32527437806129456,-0.007413364946842194,1.0,0.0,0.0,0.0,0.0
16092000000,5119,0,,0,0.2193731665611267,0.006378416437655687,0.039644721895456314,1.0,0.0,0.0,0.0,0.0
16094000000,5120,0,,0,0.22588923573493958,-0.09987401962280273,0.17061778903007507,1.0,0.0,0.0,0.0,0.0
16095000000,5121,0,,0,-0.39464840292930603,-0.03661969304084778,0.2085237205028534,1.0,0.0,0.0,0.0,0.0
16097000000,5122,0,,0,0.02906738594174385,0.31289398670196533,-0.02921004593372345,1.0,0.0,0.0,0.0,0.0
16100000000,5123,0,,0,0.28985562920570374,-0.11221668124198914,-0.1641126275062561,1.0,0.0,0.0,0.0,0.0
16102000000,5124,0,,0,0.03952990472316742,0.3215302526950836,-0.22905802726745605,1.0,0.0,0.0,0.0,0.0
16103000000,5125,0,,0,0.2998272478580475,-0.057409051805734634,-0.258429616689682,1.0,0.0,0.0,0.0,0.0
16105000000,5126,0,,0,-0.36748895049095154,-0.11257952451705933,0.15622398257255554,1.0,0.0,0.0,0.0,0.0
16107000000,5127,0,,0,-0.22301477193832397,0.07072073221206665,0.35042065382003784,1.0,0.0,0.0,0.0,0.0
16109000000,5128,0,,0,0.34270402789115906,-0.15604445338249207,0.07024610787630081,1.0,0.0,0.0,0.0,0.0
16111000000,5129,0,,0,0.0832260400056839,-0.27051642537117004,-0.33594363927841187,1.0,0.0,0.0,0.0,0.0
16113000000,5130,0,,0,-0.26511383056640625,-0.004808047320693731,0.04141118377447128,1.0,0.0,0.0,0.0,0.0
16115000000,5131,0,,0,0.3483918607234955,-0.04847315698862076,-0.2955017387866974,1.0,0.0,0.0,0.0,0.0
16118000000,5132,0,,0,0.28236594796180725,-0.13110113143920898,-0.11881588399410248,1.0,0.0,0.0,0.0,0.0
16119000000,5133,0,,0,0.10620012879371643,-0.3149094581604004,0.1710149198770523,1.0,0.0,0.0,0.0,0.0
16121000000,5134,0,,0,-0.33628296852111816,-0.0213074441999197,0.042076870799064636,1.0,0.0,0.0,0.0,0.0
16123000000,5135,0,,0,0.07490741461515427,-0.2498633712530136,0.38950327038764954,1.0,0.0,0.0,0.0,0.0
16125000000,5136,0,,0,-0.026871079578995705,-0.2720058560371399,0.1522843986749649,1.0,0.0,0.0,0.0,0.0
16127000000,5137,0,,0,0.1256403625011444,0.3653591275215149,-0.15678200125694275,1.0,0.0,0.0,0.0,0.0
16130000000,5138,0,,0,-0.3140064477920532,-0.35477685928344727,-0.34723585844039917,1.0,0.0,0.0,0.0,0.0
16132000000,5139,0,,0,0.07118380814790726,0.03882942721247673,-0.2016320675611496,1.0,0.0,0.0,0.0,0.0
16133000000,5140,0,,0,-0.17626678943634033,0.048316095024347305,0.24668531119823456,1.0,0.0,0.0,0.0,0.0
16136000000,5141,0,,0,0.2544037401676178,-0.17271427810192108,-0.20618951320648193,1.0,0.0,0.0,0.0,0.0
16138000000,5142,0,,0,0.13656921684741974,-0.2291712760925293,0.24470321834087372,1.0,0.0,0.0,0.0,0.0
16140000000,5143,0,,0,-0.2563992440700531,-0.28816652297973633,0.33716556429862976,1.0,0.0,0.0,0.0,0.0
16142000000,5144,0,,0,-0.03777163848280907,0.28982022404670715,0.3091874122619629,1.0,0.0,0.0,0.0,0.0
16144000000,5145,0,,0,-0.12731888890266418,-0.017635729163885117,0.2790015935897827,1.0,0.0,0.0,0.0,0.0
16146000000,5146,0,,0,-0.03149505704641342,0.11080674082040787,-0.08485182374715805,1.0,0.0,0.0,0.0,0.0
16149000000,5147,0,,0,0.11973756551742554,0.10385195910930634,0.1745707392692566,1.0,0.0,0.0,0.0,0.0
16151000000,5148,0,,0,0.16062064468860626,-0.11421525478363037,0.13729582726955414,1.0,0.0,0.0,0.0,0.0
16153000000,5149,0,,0,0.08455146104097366,-0.09380930662155151,0.17521214485168457,1.0,0.0,0.0,0.0,0.0
16154000000,5150,0,,0,0.38800162076950073,-0.06981261819601059,-0.055377356708049774,1.0,0.0,0.0,0.0,0.0
16156000000,5151,0,,0,-0.34867745637893677,0.3820391595363617,-0.06449728459119797,1.0,0.0,0.0,0.0,0.0
16158000000,5152,0,,0,0.0028806484770029783,0.31122225522994995,-0.10483424365520477,1.0,0.0,0.0,0.0,0.0
16160000000,5153,0,,0,-0.3185778558254242,-0.3957366645336151,-0.36412569880485535,1.0,0.0,0.0,0.0,0.0
16162000000,5154,0,,0,0.10939454287290573,0.3964267075061798,-0.16039563715457916,1.0,0.0,0.0,0.0,0.0
16164000000,5155,0,,0,0.043024152517318726,-0.16262079775333405,0.09601626545190811,1.0,0.0,0.0,0.0,0.0
16165000000,5156,0,,0,0.09712585061788559,0.3918936550617218,0.36330676078796387,1.0,0.0,0.0,0.0,0.0
16168000000,5157,0,,0,-0.25545626878738403,-0.17693868279457092,-0.282561331987381,1.0,0.0,0.0,0.0,0.0
16170000000,5158,0,,0,0.3896198868751526,-0.2483668327331543,0.06786710768938065,1.0,0.0,0.0,0.0,0.0
16173000000,5159,0,,0,0.2060984969139099,0.3504268527030945,-0.35993412137031555,1.0,0.0,0.0,0.0,0.0
16175000000,5160,0,,0,-0.06371662765741348,-0.2373581826686859,-0.38159915804862976,1.0,0.0,0.0,0.0,0.0
16177000000,5161,0,,0,-0.21679754555225372,0.006381731480360031,-0.38672736287117004,1.0,0.0,0.0,0.0,0.0
16178000000,5162,0,,0,0.3012528121471405,-0.09234397113323212,0.17295537889003754,1.0,0.0,0.0,0.0,0.0
16180000000,5163,0,,0,0.2714994549751282,-0.14137773215770721,0.3936152756214142,1.0,0.0,0.0,0.0,0.0
16182000000,5164,0,,0,-0.03440801426768303,0.1355428546667099,0.3931826651096344,1.0,0.0,0.0,0.0,0.0
16184000000,5165,0,,0,0.3275602459907532,-0.18775223195552826,-0.1013592779636383,1.0,0.0,0.0,0.0,0.0
16187000000,5166,0,,0,-0.28001129627227783,0.22911036014556885,0.270519882440567,1.0,0.0,0.0,0.0,0.0
16189000000,5167,0,,0,0.10159384459257126,0.3513832688331604,0.29194900393486023,1.0,0.0,0.0,0.0,0.0
16191000000,5168,0,,0,-0.17528800666332245,0.12837134301662445,0.2020948827266693,1.0,0.0,0.0,0.0,0.0
16193000000,5169,0,,0,0.0542183592915535,0.14468121528625488,0.21557171642780304,1.0,0.0,0.0,0.0,0.0
16196000000,5170,0,,0,-0.2993057668209076,-0.09991182386875153,-0.3980564475059509,1.0,0.0,0.0,0.0,0.0
16198000000,5171,0,,0,-0.029666811227798462,0.37898552417755127,0.38279861211776733,1.0,0.0,0.0,0.0,0.0
16200000000,5172,0,,0,-0.1880967915058136,-0.2425752431154251,-0.26178112626075745,1.0,0.0,0.0,0.0,0.0
16202000000,5173,0,,0,0.05701128765940666,-0.3621138632297516,0.2817336618900299,1.0,0.0,0.0,0.0,0.0
16204000000,5174,0,,0,0.38291847705841064,-0.21248072385787964,0.2030162811279297,1.0,0.0,0.0,0.0,0.0
16206000000,5175,0,,0,-0.2666904032230377,-0.09468570351600647,-0.01191044133156538,1.0,0.0,0.0,0.0,0.0
16208000000,5176,0,,0,-0.2666510343551636,0.08800812065601349,0.1659364402294159,1.0,0.0,0.0,0.0,0.0
16209000000,5177,0,,0,0.015159405767917633,0.18739478290081024,-0.3972078561782837,1.0,0.0,0.0,0.0,0.0
16210000000,5178,0,,0,-0.09197714179754257,-0.26302599906921387,0.3049677908420563,1.0,0.0,0.0,0.0,0.0
16212000000,5179,0,,0,-0.08060076087713242,-0.24989114701747894,0.36065009236335754,1.0,0.0,0.0,0.0,0.0
16214000000,5180,0,,0,0.0220402330160141,0.15006278455257416,-0.0018556121503934264,1.0,0.0,0.0,0.0,0.0
16216000000,5181,0,,0,-0.1084185540676117,0.23442324995994568,-0.006292190868407488,1.0,0.0,0.0,0.0,0.0
16218000000,5182,0,,0,-0.2676204741001129,-0.3673120141029358,-0.08305273950099945,1.0,0.0,0.0,0.0,0.0
16220000000,5183,0,,0,-0.3684038519859314,-0.37292706966400146,-0.15284739434719086,1.0,0.0,0.0,0.0,0.0
16222000000,5184,0,,0,-0.041951268911361694,0.3088567554950714,0.1611108034849167,1.0,0.0,0.0,0.0,0.0
16224000000,5185,0,,0,-0.29774942994117737,0.024058209732174873,-0.2902945876121521,1.0,0.0,0.0,0.0,0.0
16227000000,5186,0,,0,-0.15556193888187408,-0.1645863652229309,-0.22062461078166962,1.0,0.0,0.0,0.0,0.0
16228000000,5187,0,,0,0.10947369039058685,0.26732516288757324,-0.38754481077194214,1.0,0.0,0.0,0.0,0.0
16230000000,5188,0,,0,0.29468169808387756,0.35484743118286133,-0.39318758249282837,1.0,0.0,0.0,0.0,0.0
16232000000,5189,0,,0,-0.17157471179962158,0.07562608271837234,0.09720126539468765,1.0,0.0,0.0,0.0,0.0
16234000000,5190,0,,0,-0.39771488308906555,-0.009435901418328285,-0.15219515562057495,1.0,0.0,0.0,0.0,0.0
16236000000,5191,0,,0,-0.3482127785682678,0.3589686453342438,-0.21443675458431244,1.0,0.0,0.0,0.0,0.0
16238000000,5192,0,,0,0.2671072781085968,0.2744128406047821,-0.1900523453950882,1.0,0.0,0.0,0.0,0.0
16240000000,5193,0,,0,0.19559554755687714,0.3004656434059143,0.083214171230793,1.0,0.0,0.0,0.0,0.0
16242000000,5194,0,,0,0.032593805342912674,0.3409024477005005,0.16019439697265625,1.0,0.0,0.0,0.0,0.0
16243000000,5195,0,,0,0.0831756666302681,0.20517738163471222,0.08164776116609573,1.0,0.0,0.0,0.0,0.0
16246000000,5196,0,,0,-0.11706486344337463,-0.14489495754241943,0.12854215502738953,1.0,0.0,0.0,0.0,0.0
16247000000,5197,0,,0,-0.24195456504821777,0.0964619591832161,0.11780720949172974,1.0,0.0,0.0,0.0,0.0
16249000000,5198,0,,0,0.3551017940044403,-0.239984929561615,0.0882616713643074,1.0,0.0,0.0,0.0,0.0
16252000000,5199,0,,0,-0.15783099830150604,-0.1435731053352356,-0.34307849407196045,1.0,0.0,0.0,0.0,0.0
16253000000,5200,0,,0,0.3339848816394806,0.2014155238866806,0.05662250891327858,1.0,0.0,0.0,0.0,0.0
16255000000,5201,0,,0,-0.21313655376434326,0.27056440711021423,-0.3294166624546051,1.0,0.0,0.0,0.0,0.0
16257000000,5202,0,,0,-0.2853918671607971,0.24868126213550568,0.38135188817977905,1.0,0.0,0.0,0.0,0.0
16260000000,5203,0,,0,-0.28903719782829285,0.33467981219291687,-0.11951439082622528,1.0,0.0,0.0,0.0,0.0
16261000000,5204,0,,0,0.03133315220475197,0.320616751909256,-0.27343040704727173,1.0,0.0,0.0,0.0,0.0
16263000000,5205,0,,0,-0.07719177007675171,0.08011960238218307,0.2320110946893692,1.0,0.0,0.0,0.0,0.0
16265000000,5206,0,,0,0.054435502737760544,0.012684968300163746,-0.246393084526062,1.0,0.0,0.0,0.0,0.0
16268000000,5207,0,,0,-0.08757764101028442,0.15885290503501892,-0.14026688039302826,1.0,0.0,0.0,0.0,0.0
16270000000,5208,0,,0,-0.021769879385828972,-0.22772207856178284,0.2720507085323334,1.0,0.0,0.0,0.0,0.0
16272000000,5209,0,,0,-0.10650623589754105,-0.006254967302083969,-0.10906240344047546,1.0,0.0,0.0,0.0,0.0
16274000000,5210,0,,0,0.3875387907028198,0.2554551959037781,0.13153544068336487,1.0,0.0,0.0,0.0,0.0
16276000000,5211,0,,0,-0.2464708387851715,-0.21406757831573486,0.35986605286598206,1.0,0.0,0.0,0.0,0.0
16279000000,5212,0,,0,-0.135895237326622,-0.2700600326061249,0.3716941773891449,1.0,0.0,0.0,0.0,0.0
16281000000,5213,0,,0,0.05776684731245041,-0.030253512784838676,-0.3536491096019745,1.0,0.0,0.0,0.0,0.0
16283000000,5214,0,,0,0.23183195292949677,-0.1566169559955597,0.39618492126464844,1.0,0.0,0.0,0.0,0.0
16285000000,5215,0,,0,0.03041723184287548,0.07103990018367767,0.20211061835289001,1.0,0.0,0.0,0.0,0.0
16287000000,5216,0,,0,-0.34381574392318726,0.17023895680904388,0.042667802423238754,1.0,0.0,0.0,0.0,0.0
16288000000,5217,0,,0,-0.30007147789001465,-0.3023878335952759,0.18571539223194122,1.0,0.0,0.0,0.0,0.0
16290000000,5218,0,,0,-0.20416493713855743,0.2861452102661133,0.17189624905586243,1.0,0.0,0.0,0.0,0.0
16292000000,5219,0,,0,0.04083692654967308,-0.17750759422779083,-0.19709962606430054,1.0,0.0,0.0,0.0,0.0
16294000000,5220,0,,0,0.02922031842172146,0.11132217198610306,0.22037947177886963,1.0,0.0,0.0,0.0,0.0
16296000000,5221,0,,0,0.19690728187561035,0.12015173584222794,-0.20521783828735352,1.0,0.0,0.0,0.0,0.0
16298000000,5222,0,,0,0.2412828803062439,0.011669272556900978,-0.39261066913604736,1.0,0.0,0.0,0.0,0.0
16300000000,5223,0,,0,-0.1953125149011612,-0.006090487819164991,-0.03918598219752312,1.0,0.0,0.0,0.0,0.0
16302000000,5224,0,,0,-0.019260311499238014,-0.3141205608844757,-0.10049663484096527,1.0,0.0,0.0,0.0,0.0
16304000000,5225,0,,0,-0.37145736813545227,0.1441698968410492,0.313014417886734,1.0,0.0,0.0,0.0,0.0
16306000000,5226,0,,0,0.0753314420580864,-0.05097101256251335,0.07562028616666794,1.0,0.0,0.0,0.0,0.0
16308000000,5227,0,,0,-0.35420146584510803,-0.33281436562538147,0.1914801001548767,1.0,0.0,0.0,0.0,0.0
16310000000,5228,0,,0,0.31724250316619873,-0.3783011734485626,-0.196716770529747,1.0,0.0,0.0,0.0,0.0
16312000000,5229,0,,0,0.044388655573129654,0.14271946251392365,0.15445476770401,1.0,0.0,0.0,0.0,0.0
16314000000,5230,0,,0,0.34205469489097595,0.08630360662937164,-0.16513553261756897,1.0,0.0,0.0,0.0,0.0
16316000000,5231,0,,0,0.027708524838089943,0.22347372770309448,-0.07005098462104797,1.0,0.0,0.0,0.0,0.0
16318000000,5232,0,,0,0.32283785939216614,-0.11731378734111786,-0.331235408782959,1.0,0.0,0.0,0.0,0.0
16320000000,5233,0,,0,0.10719873756170273,0.15459716320037842,0.3421325385570526,1.0,0.0,0.0,0.0,0.0
16322000000,5234,0,,0,-0.20708858966827393,0.2704060971736908,-0.15590941905975342,1.0,0.0,0.0,0.0,0.0
16324000000,5235,0,,0,-0.336442232131958,0.009706245735287666,-0.1867794543504715,1.0,0.0,0.0,0.0,0.0
16326000000,5236,0,,0,0.25815096497535706,0.1189972534775734,-0.07879385352134705,1.0,0.0,0.0,0.0,0.0
16328000000,5237,0,,0,-0.3578094244003296,-0.3613450527191162,0.33723700046539307,1.0,0.0,0.0,0.0,0.0
16330000000,5238,0,,0,0.13195565342903137,0.38338539004325867,-0.3523893356323242,1.0,0.0,0.0,0.0,0.0
16332000000,5239,0,,0,0.0951884537935257,0.26938578486442566,0.019602108746767044,1.0,0.0,0.0,0.0,0.0
16334000000,5240,0,,0,0.3900719881057739,0.1862620711326599,0.35727494955062866,1.0,0.0,0.0,0.0,0.0
16336000000,5241,0,,0,-0.25921162962913513,-0.21584764122962952,0.24141375720500946,1.0,0.0,0.0,0.0,0.0
16338000000,5242,0,,0,-0.28427597880363464,0.12539738416671753,0.21533790230751038,1.0,0.0,0.0,0.0,0.0
16340000000,5243,0,,0,0.3899158835411072,0.2164509892463684,0.0916035920381546,1.0,0.0,0.0,0.0,0.0
16342000000,5244,0,,0,0.23911646008491516,0.07584686577320099,-0.3889668583869934,1.0,0.0,0.0,0.0,0.0
16344000000,5245,0,,0,0.01284866500645876,-0.16153286397457123,-0.25435400009155273,1.0,0.0,0.0,0.0,0.0
16346000000,5246,0,,0,0.011510755866765976,0.2740924656391144,0.22984082996845245,1.0,0.0,0.0,0.0,0.0
16349000000,5247,0,,0,0.1908988505601883,0.05270051211118698,-0.124344103038311,1.0,0.0,0.0,0.0,0.0
16350000000,5248,0,,0,0.011823791079223156,0.3247930407524109,-0.23529742658138275,1.0,0.0,0.0,0.0,0.0
16352000000,5249,0,,0,0.256874144077301,0.3219974637031555,0.18736493587493896,1.0,0.0,0.0,0.0,0.0
16354000000,5250,0,,0,0.054875899106264114,-0.03507835417985916,0.2574556767940521,1.0,0.0,0.0,0.0,0.0
16356000000,5251,0,,0,-0.15817946195602417,0.18821977078914642,-0.10424000769853592,1.0,0.0,0.0,0.0,0.0
16358000000,5252,0,,0,-0.0030911611393094063,-0.02827691286802292,0.23399855196475983,1.0,0.0,0.0,0.0,0.0
16359000000,5253,0,,0,-0.3008163273334503,-0.3250137269496918,0.14772188663482666,1.0,0.0,0.0,0.0,0.0
16362000000,5254,0,,0,0.14957673847675323,-0.3731083273887634,0.39649927616119385,1.0,0.0,0.0,0.0,0.0
16364000000,5255,0,,0,-0.38921284675598145,0.2005150020122528,0.19235453009605408,1.0,0.0,0.0,0.0,0.0
16366000000,5256,0,,0,0.1444176584482193,-0.3293503522872925,-0.13356423377990723,1.0,0.0,0.0,0.0,0.0
16367000000,5257,0,,0,-0.26236942410469055,0.14494989812374115,-0.17604544758796692,1.0,0.0,0.0,0.0,0.0
16370000000,5258,0,,0,0.09577811509370804,0.02271452359855175,-0.31515660881996155,1.0,0.0,0.0,0.0,0.0
16372000000,5259,0,,0,-0.058469824492931366,-0.11417853087186813,-0.04352754354476929,1.0,0.0,0.0,0.0,0.0
16373000000,5260,0,,0,-0.05341189727187157,0.14873290061950684,0.2266172468662262,1.0,0.0,0.0,0.0,0.0
16375000000,5261,0,,0,0.014178670942783356,-0.14261166751384735,0.3352762758731842,1.0,0.0,0.0,0.0,0.0
16378000000,5262,0,,0,0.12549138069152832,-0.25221818685531616,-0.15434634685516357,1.0,0.0,0.0,0.0,0.0
16380000000,5263,0,,0,-0.05545933172106743,0.2894471287727356,-0.3124777674674988,1.0,0.0,0.0,0.0,0.0
16382000000,5264,0,,0,0.22246301174163818,0.27629101276397705,0.25200897455215454,1.0,0.0,0.0,0.0,0.0
16384000000,5265,0,,0,0.27832040190696716,0.020786123350262642,0.07501491159200668,1.0,0.0,0.0,0.0,0.0
16386000000,5266,0,,0,-0.12357275187969208,-0.2250981330871582,-0.16110734641551971,1.0,0.0,0.0,0.0,0.0
16388000000,5267,0,,0,-0.34993255138397217,-0.24357251822948456,0.10008023679256439,1.0,0.0,0.0,0.0,0.0
16390000000,5268,0,,0,-0.20378850400447845,0.10037057101726532,-0.12436619400978088,1.0,0.0,0.0,0.0,0.0
16391000000,5269,0,,0,-0.2590875029563904,-0.008461316116154194,0.39779260754585266,1.0,0.0,0.0,0.0,0.0
16393000000,5270,0,,0,-0.25181132555007935,0.08988026529550552,-0.17129407823085785,1.0,0.0,0.0,0.0,0.0
16396000000,5271,0,,0,0.27590087056159973,0.1355215162038803,0.34043779969215393,1.0,0.0,0.0,0.0,0.0
16398000000,5272,0,,0,0.1375766545534134,-0.29663875699043274,0.27602681517601013,1.0,0.0,0.0,0.0,0.0
16400000000,5273,0,,0,0.34629130363464355,0.04130005091428757,-0.07727622985839844,1.0,0.0,0.0,0.0,0.0
16402000000,5274,0,,0,0.27041351795196533,0.2089882344007492,0.03699730709195137,1.0,0.0,0.0,0.0,0.0
16404000000,5275,0,,0,-0.2846651077270508,0.12065001577138901,0.1267242729663849,1.0,0.0,0.0,0.0,0.0
16406000000,5276,0,,0,0.2698487639427185,-0.09114795178174973,-0.09618142247200012,1.0,0.0,0.0,0.0,0.0
16408000000,5277,0,,0,-0.16223612427711487,-0.2499731481075287,0.34699520468711853,1.0,0.0,0.0,0.0,0.0
16410000000,5278,0,,0,0.31668829917907715,-0.15928904712200165,0.08041807264089584,1.0,0.0,0.0,0.0,0.0
16412000000,5279,0,,0,0.3571929931640625,0.37073296308517456,-0.2192276418209076,1.0,0.0,0.0,0.0,0.0
16414000000,5280,0,,0,0.17677202820777893,-0.33710694313049316,0.015448635444045067,1.0,0.0,0.0,0.0,0.0
16416000000,5281,0,,0,-0.12499137967824936,-0.15722648799419403,0.2553388476371765,1.0,0.0,0.0,0.0,0.0
16418000000,5282,0,,0,-0.1497911959886551,0.22507117688655853,0.2577708065509796,1.0,0.0,0.0,0.0,0.0
16420000000,5283,0,,0,0.14785116910934448,0.37406328320503235,0.384337842464447,1.0,0.0,0.0,0.0,0.0
16422000000,5284,0,,0,0.13150310516357422,0.009224369190633297,0.2054126262664795,1.0,0.0,0.0,0.0,0.0
16424000000,5285,0,,0,0.13957475125789642,-0.18983839452266693,0.01364288479089737,1.0,0.0,0.0,0.0,0.0
16426000000,5286,0,,0,0.10282983630895615,-0.269864559173584,0.36470159888267517,1.0,0.0,0.0,0.0,0.0
16428000000,5287,0,,0,0.2697233557701111,-0.1735631823539734,0.045552100986242294,1.0,0.0,0.0,0.0,0.0
16430000000,5288,0,,0,0.19559116661548615,-0.2609231770038605,0.10145878791809082,1.0,0.0,0.0,0.0,0.0
16431000000,5289,0,,0,0.10450080782175064,0.19640637934207916,0.30018261075019836,1.0,0.0,0.0,0.0,0.0
16433000000,5290,0,,0,-0.10549931228160858,-0.10337446630001068,-0.39838725328445435,1.0,0.0,0.0,0.0,0.0
16435000000,5291,0,,0,0.19792990386486053,0.09220323711633682,0.330055296421051,1.0,0.0,0.0,0.0,0.0
16438000000,5292,0,,0,0.11152910441160202,-0.18171700835227966,0.2419302761554718,1.0,0.0,0.0,0.0,0.0
16440000000,5293,0,,0,0.025644294917583466,-0.16780422627925873,-0.0865788459777832,1.0,0.0,0.0,0.0,0.0
16442000000,5294,0,,0,0.1456419974565506,0.15550288558006287,0.03455282002687454,1.0,0.0,0.0,0.0,0.0
16444000000,5295,0,,0,-0.34242039918899536,-0.3434177041053772,0.018978429958224297,1.0,0.0,0.0,0.0,0.0
16446000000,5296,0,,0,-0.025147978216409683,-0.12851779162883759,0.2942231595516205,1.0,0.0,0.0,0.0,0.0
16447000000,5297,0,,0,0.31339341402053833,0.08629055321216583,0.2631351351737976,1.0,0.0,0.0,0.0,0.0
16449000000,5298,0,,0,-0.28599879145622253,0.04487456753849983,-0.25695088505744934,1.0,0.0,0.0,0.0,0.0
16451000000,5299,0,,0,0.2482977956533432,-0.3754595220088959,0.05686664581298828,1.0,0.0,0.0,0.0,0.0
16454000000,5300,0,,0,0.13426251709461212,-0.07111470401287079,-0.1846562922000885,1.0,0.0,0.0,0.0,0.0
16456000000,5301,0,,0,-0.30573222041130066,0.2793941795825958,0.3291158974170685,1.0,0.0,0.0,0.0,0.0
16458000000,5302,0,,0,0.214588463306427,-0.0014799106866121292,0.37457358837127686,1.0,0.0,0.0,0.0,0.0
16460000000,5303,0,,0,-0.05251840129494667,0.36394253373146057,0.3279499113559723,1.0,0.0,0.0,0.0,0.0
16462000000,5304,0,,0,0.10318604111671448,0.1050548329949379,0.3059755861759186,1.0,0.0,0.0,0.0,0.0
16463000000,5305,0,,0,0.35916125774383545,-0.10479320585727692,-0.28409910202026367,1.0,0.0,0.0,0.0,0.0
16466000000,5306,0,,0,-0.3347407877445221,-0.21920326352119446,0.1437130868434906,1.0,0.0,0.0,0.0,0.0
16468000000,5307,0,,0,-0.04557950794696808,-0.3406529426574707,0.1936008334159851,1.0,0.0,0.0,0.0,0.0
16471000000,5308,0,,0,-0.14470891654491425,0.14738501608371735,0.06928529590368271,1.0,0.0,0.0,0.0,0.0
16473000000,5309,0,,0,0.1147950142621994,0.3993935286998749,-0.07121750712394714,1.0,0.0,0.0,0.0,0.0
16475000000,5310,0,,0,0.30355948209762573,0.13068649172782898,0.15342198312282562,1.0,0.0,0.0,0.0,0.0
16477000000,5311,0,,0,-0.30720406770706177,-0.23050116002559662,-0.14588706195354462,1.0,0.0,0.0,0.0,0.0
16479000000,5312,0,,0,0.38794952630996704,-0.12857455015182495,0.10498583316802979,1.0,0.0,0.0,0.0,0.0
16480000000,5313,0,,0,0.08129408210515976,0.26890599727630615,0.21423153579235077,1.0,0.0,0.0,0.0,0.0
16482000000,5314,0,,0,-0.08425403386354446,-0.09724517911672592,-0.31205618381500244,1.0,0.0,0.0,0.0,0.0
16484000000,5315,0,,0,-0.02186649478971958,0.174494206905365,-0.1492813229560852,1.0,0.0,0.0,0.0,0.0
16486000000,5316,0,,0,-0.286044716835022,0.24351628124713898,0.1605251282453537,1.0,0.0,0.0,0.0,0.0
16488000000,5317,0,,0,0.11711960285902023,-0.1311301738023758,-0.15434257686138153,1.0,0.0,0.0,0.0,0.0
16490000000,5318,0,,0,0.2959911525249481,-0.22620370984077454,0.2467423975467682,1.0,0.0,0.0,0.0,0.0
16492000000,5319,0,,0,0.08836521208286285,0.06651870906352997,-0.36348655819892883,1.0,0.0,0.0,0.0,0.0
16494000000,5320,0,,0,-0.08359868079423904,-0.2711394727230072,-0.3571736216545105,1.0,0.0,0.0,0.0,0.0
16495000000,5321,0,,0,-0.01419574860483408,-0.22763369977474213,-0.1417481154203415,1.0,0.0,0.0,0.0,0.0
16497000000,5322,0,,0,-0.1295805275440216,0.00610337546095252,0.16620196402072906,1.0,0.0,0.0,0.0,0.0
16500000000,5323,0,,0,-0.07976493239402771,-0.09215600788593292,-0.06692610681056976,1.0,0.0,0.0,0.0,0.0
16502000000,5324,0,,0,-0.07728727161884308,0.1546424776315689,0.013043789193034172,1.0,0.0,0.0,0.0,0.0
16504000000,5325,0,,0,0.16226501762866974,-0.024295706301927567,0.39604711532592773,1.0,0.0,0.0,0.0,0.0
16506000000,5326,0,,0,-0.37254416942596436,-0.2120380401611328,-0.1367197036743164,1.0,0.0,0.0,0.0,0.0
16508000000,5327,0,,0,-0.13278008997440338,-0.062347255647182465,-0.3891366124153137,1.0,0.0,0.0,0.0,0.0
16510000000,5328,0,,0,0.2649685740470886,0.22797207534313202,-0.09685176610946655,1.0,0.0,0.0,0.0,0.0
16511000000,5329,0,,0,0.21999308466911316,-0.044976238161325455,0.06612860411405563,1.0,0.0,0.0,0.0,0.0
16514000000,5330,0,,0,0.09384775906801224,0.3878439962863922,0.02026909403502941,1.0,0.0,0.0,0.0,0.0
16516000000,5331,0,,0,-0.32078176736831665,-0.050314974039793015,0.2693132162094116,1.0,0.0,0.0,0.0,0.0
16518000000,5332,0,,0,-0.10277500748634338,0.1713312715291977,0.12026547640562057,1.0,0.0,0.0,0.0,0.0
16520000000,5333,0,,0,0.007132867816835642,0.33712121844291687,0.0856979563832283,1.0,0.0,0.0,0.0,0.0
16522000000,5334,0,,0,0.1776583343744278,-0.20758117735385895,-0.24285770952701569,1.0,0.0,0.0,0.0,0.0
16524000000,5335,0,,0,0.32284384965896606,-0.12757109105587006,0.22110596299171448,1.0,0.0,0.0,0.0,0.0
16526000000,5336,0,,0,0.3996039032936096,0.32661789655685425,-0.10913897305727005,1.0,0.0,0.0,0.0,0.0
16528000000,5337,0,,0,-0.3308008015155792,-0.12945669889450073,0.07766980677843094,1.0,0.0,0.0,0.0,0.0
16530000000,5338,0,,0,0.19921524822711945,-0.013720976188778877,-0.05784188210964203,1.0,0.0,0.0,0.0,0.0
16532000000,5339,0,,0,-0.24694904685020447,0.09140290319919586,0.2767297923564911,1.0,0.0,0.0,0.0,0.0
16533000000,5340,0,,0,0.2443329095840454,-0.05787937343120575,0.18448075652122498,1.0,0.0,0.0,0.0,0.0
16535000000,5341,0,,0,-0.297212690114975,0.09022673219442368,-0.11265819519758224,1.0,0.0,0.0,0.0,0.0
16537000000,5342,0,,0,-0.23076815903186798,0.3106732666492462,-0.3583126366138458,1.0,0.0,0.0,0.0,0.0
16539000000,5343,0,,0,0.26789790391921997,-0.00923914834856987,-0.051707834005355835,1.0,0.0,0.0,0.0,0.0
16541000000,5344,0,,0,0.30548718571662903,0.17021533846855164,-0.23711512982845306,1.0,0.0,0.0,0.0,0.0
16543000000,5345,0,,0,0.16958612203598022,0.35533106327056885,-0.3800782263278961,1.0,0.0,0.0,0.0,0.0
16545000000,5346,0,,0,0.27552518248558044,0.16594184935092926,-0.3526856601238251,1.0,0.0,0.0,0.0,0.0
16547000000,5347,0,,0,0.09747952222824097,0.11195966601371765,-0.3880462944507599,1.0,0.0,0.0,0.0,0.0
16549000000,5348,0,,0,-0.37140193581581116,-0.031064601615071297,0.04169026389718056,1.0,0.0,0.0,0.0,0.0
16552000000,5349,0,,0,-0.22152811288833618,0.381723552942276,-0.07090121507644653,1.0,0.0,0.0,0.0,0.0
16554000000,5350,0,,0,-0.19351829588413239,-0.21845734119415283,0.35543689131736755,1.0,0.0,0.0,0.0,0.0
16555000000,5351,0,,0,0.011910195462405682,0.33784428238868713,0.3054981231689453,1.0,0.0,0.0,0.0,0.0
16557000000,5352,0,,0,0.3968936800956726,0.31838205456733704,-0.12240152806043625,1.0,0.0,0.0,0.0,0.0
16559000000,5353,0,,0,0.16431905329227448,-0.14627298712730408,-0.13779155910015106,1.0,0.0,0.0,0.0,0.0
16562000000,5354,0,,0,0.09634266793727875,0.21354639530181885,0.35116469860076904,1.0,0.0,0.0,0.0,0.0
16564000000,5355,0,,0,0.22065550088882446,-0.09699849784374237,-0.10529061406850815,1.0,0.0,0.0,0.0,0.0
16566000000,5356,0,,0,0.3142038583755493,-0.31685900688171387,0.01484198123216629,1.0,0.0,0.0,0.0,0.0
16568000000,5357,0,,0,-0.24817664921283722,0.1732088327407837,0.020327676087617874,1.0,0.0,0.0,0.0,0.0
16570000000,5358,0,,0,0.378478467464447,-0.14803244173526764,-0.12502917647361755,1.0,0.0,0.0,0.0,0.0
16572000000,5359,0,,0,0.20832210779190063,0.3061753511428833,0.19670481979846954,1.0,0.0,0.0,0.0,0.0
16574000000,5360,0,,0,-0.3795650601387024,0.089246466755867,0.27900251746177673,1.0,0.0,0.0,0.0,0.0
16576000000,5361,0,,0,0.3252358138561249,0.08060385286808014,0.3730457127094269,1.0,0.0,0.0,0.0,0.0
16578000000,5362,0,,0,0.22189036011695862,0.38605067133903503,0.23187290132045746,1.0,0.0,0.0,0.0,0.0
16580000000,5363,0,,0,0.285038560628891,0.1936584711074829,0.10158652812242508,1.0,0.0,0.0,0.0,0.0
16582000000,5364,0,,0,-0.10980474948883057,-0.34090375900268555,0.08080364018678665,1.0,0.0,0.0,0.0,0.0
16584000000,5365,0,,0,0.16370272636413574,0.1655922681093216,0.06089465692639351,1.0,0.0,0.0,0.0,0.0
16586000000,5366,0,,0,0.3630313575267792,-0.03827539086341858,-0.3614877462387085,1.0,0.0,0.0,0.0,0.0
16588000000,5367,0,,0,-0.27152037620544434,0.2990836501121521,-0.14172543585300446,1.0,0.0,0.0,0.0,0.0
16590000000,5368,0,,0,0.05829627066850662,0.27500802278518677,-0.054223060607910156,1.0,0.0,0.0,0.0,0.0
16592000000,5369,0,,0,0.005793971009552479,-0.38970455527305603,0.21832041442394257,1.0,0.0,0.0,0.0,0.0
16594000000,5370,0,,0,0.30888405442237854,-0.23584794998168945,0.22233906388282776,1.0,0.0,0.0,0.0,0.0
16596000000,5371,0,,0,0.06275159120559692,0.33154743909835815,0.21886701881885529,1.0,0.0,0.0,0.0,0.0
16598000000,5372,0,,0,-0.3421400487422943,0.1874869018793106,0.333354115486145,1.0,0.0,0.0,0.0,0.0
16600000000,5373,0,,0,-0.2008172869682312,-0.30453723669052124,0.12598299980163574,1.0,0.0,0.0,0.0,0.0
16602000000,5374,0,,0,-0.24871675670146942,0.22550709545612335,0.07031193375587463,1.0,0.0,0.0,0.0,0.0
16604000000,5375,0,,0,-0.012676114216446877,-0.27519291639328003,-0.30121293663978577,1.0,0.0,0.0,0.0,0.0
16606000000,5376,0,,0,0.39585548639297485,0.21064649522304535,0.24848009645938873,1.0,0.0,0.0,0.0,0.0
16608000000,5377,0,,0,-0.0435660257935524,0.1504063755273819,0.14963239431381226,1.0,0.0,0.0,0.0,0.0
16610000000,5378,0,,0,-0.27234116196632385,-0.12410672754049301,-0.24186301231384277,1.0,0.0,0.0,0.0,0.0
16612000000,5379,0,,0,-0.02114824391901493,0.3279000222682953,-0.2956239581108093,1.0,0.0,0.0,0.0,0.0
16614000000,5380,0,,0,-0.24199332296848297,-0.13337969779968262,0.12874369323253632,1.0,0.0,0.0,0.0,0.0
16616000000,5381,0,,0,0.01965387910604477,-0.28529971837997437,0.1658700555562973,1.0,0.0,0.0,0.0,0.0
16618000000,5382,0,,0,-0.371353417634964,-0.20081724226474762,-0.3011375963687897,1.0,0.0,0.0,0.0,0.0
16620000000,5383,0,,0,0.2354598343372345,0.0576665960252285,-0.3947564363479614,1.0,0.0,0.0,0.0,0.0
16622000000,5384,0,,0,0.3725482225418091,0.043163567781448364,-0.32186752557754517,1.0,0.0,0.0,0.0,0.0
16624000000,5385,0,,0,0.13974308967590332,-0.07924313843250275,0.3014259934425354,1.0,0.0,0.0,0.0,0.0
16626000000,5386,0,,0,-0.15536493062973022,-0.050500065088272095,-0.34663012623786926,1.0,0.0,0.0,0.0,0.0
16628000000,5387,0,,0,0.22119775414466858,-0.32733190059661865,-0.20540320873260498,1.0,0.0,0.0,0.0,0.0
16630000000,5388,0,,0,0.12566246092319489,0.027695825323462486,-0.15411463379859924,1.0,0.0,0.0,0.0,0.0
16632000000,5389,0,,0,0.09864439815282822,0.24891258776187897,-0.08407501131296158,1.0,0.0,0.0,0.0,0.0
16634000000,5390,0,,0,0.15168963372707367,-0.30366480350494385,-0.1580882966518402,1.0,0.0,0.0,0.0,0.0
16636000000,5391,0,,0,0.04459824413061142,-0.050726793706417084,-0.08036885410547256,1.0,0.0,0.0,0.0,0.0
16638000000,5392,0,,0,-0.15596826374530792,-0.17722675204277039,-0.08809756487607956,1.0,0.0,0.0,0.0,0.0
16640000000,5393,0,,0,-0.0792638510465622,0.08916866034269333,-0.366947740316391,1.0,0.0,0.0,0.0,0.0
16642000000,5394,0,,0,-0.3002781271934509,-0.11278952658176422,-0.3814569413661957,1.0,0.0,0.0,0.0,0.0
16644000000,5395,0,,0,-0.24915143847465515,-0.32069826126098633,0.3738158643245697,1.0,0.0,0.0,0.0,0.0
16646000000,5396,0,,0,-0.07816673070192337,0.2047634869813919,-0.24596625566482544,1.0,0.0,0.0,0.0,0.0
16648000000,5397,0,,0,0.3669586479663849,0.08398022502660751,0.13781358301639557,1.0,0.0,0.0,0.0,0.0
16650000000,5398,0,,0,0.2807486653327942,0.22566375136375427,-0.008411027491092682,1.0,0.0,0.0,0.0,0.0
16652000000,5399,0,,0,0.3162176012992859,-0.36473456025123596,0.04599730297923088,1.0,0.0,0.0,0.0,0.0
16654000000,5400,0,,0,0.020992815494537354,-0.39280974864959717,-0.047332942485809326,1.0,0.0,0.0,0.0,0.0
16655000000,5401,0,,0,0.1372382640838623,-0.1597941368818283,-0.3595707416534424,1.0,0.0,0.0,0.0,0.0
16657000000,5402,0,,0,-0.07345002144575119,-0.2772321403026581,0.006292615085840225,1.0,0.0,0.0,0.0,0.0
16659000000,5403,0,,0,0.15270620584487915,0.1989000141620636,0.3898220360279083,1.0,0.0,0.0,0.0,0.0
16662000000,5404,0,,0,0.28496983647346497,-0.33641138672828674,0.07547634840011597,1.0,0.0,0.0,0.0,0.0
16663000000,5405,0,,0,-0.037541214376688004,0.26387929916381836,-0.3910149037837982,1.0,0.0,0.0,0.0,0.0
16666000000,5406,0,,0,-0.33555901050567627,-0.12328986823558807,-0.34591004252433777,1.0,0.0,0.0,0.0,0.0
16668000000,5407,0,,0,-0.15543963015079498,0.3083970248699188,0.3197970986366272,1.0,0.0,0.0,0.0,0.0
16670000000,5408,0,,0,-0.29782751202583313,-0.2080516815185547,0.24349279701709747,1.0,0.0,0.0,0.0,0.0
16672000000,5409,0,,0,0.33874037861824036,-0.05974050238728523,0.25467151403427124,1.0,0.0,0.0,0.0,0.0
16674000000,5410,0,,0,0.2354394942522049,-0.1033710464835167,-0.10608919709920883,1.0,0.0,0.0,0.0,0.0
16675000000,5411,0,,0,-0.25932297110557556,-0.3653732240200043,0.28084293007850647,1.0,0.0,0.0,0.0,0.0
16678000000,5412,0,,0,-0.12266701459884644,0.30929601192474365,-0.351070374250412,1.0,0.0,0.0,0.0,0.0
16679000000,5413,0,,0,0.021411200985312462,0.24717967212200165,0.07526464760303497,1.0,0.0,0.0,0.0,0.0
16682000000,5414,0,,0,-0.30598172545433044,0.07497217506170273,-0.1610037088394165,1.0,0.0,0.0,0.0,0.0
16683000000,5415,0,,0,-0.14703857898712158,-0.39111581444740295,-0.059093330055475235,1.0,0.0,0.0,0.0,0.0
16686000000,5416,0,,0,0.19727157056331635,-0.32137927412986755,0.10440978407859802,1.0,0.0,0.0,0.0,0.0
16687000000,5417,0,,0,0.0022110664285719395,-0.2593967020511627,0.15658925473690033,1.0,0.0,0.0,0.0,0.0
16690000000,5418,0,,0,-0.36145251989364624,-0.26127782464027405,-0.002477639354765415,1.0,0.0,0.0,0.0,0.0
16692000000,5419,0,,0,0.021532757207751274,-0.12146490067243576,0.1535406857728958,1.0,0.0,0.0,0.0,0.0
16693000000,5420,0,,0,0.15948639810085297,-0.25989288091659546,0.22076982259750366,1.0,0.0,0.0,0.0,0.0
16696000000,5421,0,,0,0.25978416204452515,0.334066778421402,0.36001214385032654,1.0,0.0,0.0,0.0,0.0
16698000000,5422,0,,0,0.3828158974647522,-0.23345480859279633,0.3099270761013031,1.0,0.0,0.0,0.0,0.0
16700000000,5423,0,,0,-0.247306227684021,-0.19824115931987762,-0.2744174301624298,1.0,0.0,0.0,0.0,0.0
16702000000,5424,0,,0,0.18528112769126892,-0.3772504925727844,0.253537118434906,1.0,0.0,0.0,0.0,0.0
16704000000,5425,0,,0,-0.11311475187540054,-0.25234735012054443,0.12467039376497269,1.0,0.0,0.0,0.0,0.0
16706000000,5426,0,,0,0.33847758173942566,0.14290209114551544,0.24204006791114807,1.0,0.0,0.0,0.0,0.0
16708000000,5427,0,,0,0.33197706937789917,-0.17344804108142853,-0.26311588287353516,1.0,0.0,0.0,0.0,0.0
16709000000,5428,0,,0,0.1706378161907196,-0.13772769272327423,-0.21230380237102509,1.0,0.0,0.0,0.0,0.0
16712000000,5429,0,,0,0.18655163049697876,-0.020138874650001526,-0.024697918444871902,1.0,0.0,0.0,0.0,0.0
16714000000,5430,0,,0,-0.14535333216190338,0.25257420539855957,-0.3493187129497528,1.0,0.0,0.0,0.0,0.0
16716000000,5431,0,,0,0.22681717574596405,0.036600276827812195,-0.1918257474899292,1.0,0.0,0.0,0.0,0.0
16717000000,5432,0,,0,0.31332194805145264,0.07753367722034454,-0.07207600027322769,1.0,0.0,0.0,0.0,0.0
16720000000,5433,0,,0,0.2103731483221054,-0.2679469585418701,0.25081050395965576,1.0,0.0,0.0,0.0,0.0
16722000000,5434,0,,0,-0.28675946593284607,-0.17517520487308502,0.35795027017593384,1.0,0.0,0.0,0.0,0.0
16724000000,5435,0,,0,0.023291759192943573,0.39932870864868164,0.3744176924228668,1.0,0.0,0.0,0.0,0.0
16726000000,5436,0,,0,0.2945757210254669,-0.37974992394447327,0.27192190289497375,1.0,0.0,0.0,0.0,0.0
16728000000,5437,0,,0,0.27560707926750183,-0.27388995885849,-0.027528133243322372,1.0,0.0,0.0,0.0,0.0
16730000000,5438,0,,0,0.34779277443885803,-0.32427138090133667,-0.24755547940731049,1.0,0.0,0.0,0.0,0.0
16732000000,5439,0,,0,-0.07319921255111694,0.17143838107585907,-0.39778241515159607,1.0,0.0,0.0,0.0,0.0
16734000000,5440,0,,0,0.05285264551639557,-0.30753660202026367,-0.07096140831708908,1.0,0.0,0.0,0.0,0.0
16736000000,5441,0,,0,-0.217619389295578,-0.1913134604692459,-0.36991989612579346,1.0,0.0,0.0,0.0,0.0
16738000000,5442,0,,0,-0.3625323474407196,-0.21180076897144318,-0.3300207257270813,1.0,0.0,0.0,0.0,0.0
16740000000,5443,0,,0,-0.2759782373905182,0.30632615089416504,-0.13671323657035828,1.0,0.0,0.0,0.0,0.0
16742000000,5444,0,,0,0.3940151631832123,0.22166357934474945,-0.22304271161556244,1.0,0.0,0.0,0.0,0.0
16744000000,5445,0,,0,0.3951312303543091,-0.24642086029052734,-0.20555084943771362,1.0,0.0,0.0,0.0,0.0
16746000000,5446,0,,0,-0.00887575838714838,0.381452739238739,-0.2910173535346985,1.0,0.0,0.0,0.0,0.0
16748000000,5447,0,,0,0.16298945248126984,0.1929594725370407,0.028951359912753105,1.0,0.0,0.0,0.0,0.0
16750000000,5448,0,,0,-0.126285120844841,0.32600006461143494,0.3151272237300873,1.0,0.0,0.0,0.0,0.0
16752000000,5449,0,,0,-0.32162782549858093,0.07646097987890244,-0.17366179823875427,1.0,0.0,0.0,0.0,0.0
16754000000,5450,0,,0,-0.23659931123256683,0.18607696890830994,-0.052155062556266785,1.0,0.0,0.0,0.0,0.0
16755000000,5451,0,,0,-0.20270606875419617,0.06769510358572006,-0.3523038625717163,1.0,0.0,0.0,0.0,0.0
16758000000,5452,0,,0,0.2743031084537506,0.10418540239334106,-0.13734835386276245,1.0,0.0,0.0,0.0,0.0
16760000000,5453,0,,0,0.0055176145397126675,-0.2552632987499237,-0.0029006863478571177,1.0,0.0,0.0,0.0,0.0
16762000000,5454,0,,0,0.28963199257850647,-0.28984445333480835,0.02618088573217392,1.0,0.0,0.0,0.0,0.0
16764000000,5455,0,,0,-0.23375628888607025,-0.1463281363248825,0.38543620705604553,1.0,0.0,0.0,0.0,0.0
16766000000,5456,0,,0,0.16610901057720184,-0.22519172728061676,0.1691809892654419,1.0,0.0,0.0,0.0,0.0
16768000000,5457,0,,0,0.30832627415657043,-0.08351944386959076,0.1281982809305191,1.0,0.0,0.0,0.0,0.0
16770000000,5458,0,,0,0.2745320498943329,-0.23257535696029663,-0.3531542122364044,1.0,0.0,0.0,0.0,0.0
16772000000,5459,0,,0,-0.22526799142360687,-0.32275155186653137,0.0783882886171341,1.0,0.0,0.0,0.0,0.0
16774000000,5460,0,,0,-0.32228735089302063,0.3628440499305725,0.28234878182411194,1.0,0.0,0.0,0.0,0.0
16776000000,5461,0,,0,-0.16686582565307617,-0.06105995550751686,-0.04161931201815605,1.0,0.0,0.0,0.0,0.0
16779000000,5462,0,,0,0.3908217251300812,0.2920796871185303,-0.20866917073726654,1.0,0.0,0.0,0.0,0.0
16781000000,5463,0,,0,0.3192886412143707,0.32957515120506287,0.23672138154506683,1.0,0.0,0.0,0.0,0.0
16783000000,5464,0,,0,-0.21379368007183075,-0.16515599191188812,0.1477157473564148,1.0,0.0,0.0,0.0,0.0
16785000000,5465,0,,0,-0.0433070994913578,-0.058510150760412216,-0.16966742277145386,1.0,0.0,0.0,0.0,0.0
16786000000,5466,0,,0,-0.2998749315738678,0.06472007185220718,-0.3845968246459961,1.0,0.0,0.0,0.0,0.0
16788000000,5467,0,,0,0.373767614364624,-0.21583686769008636,-0.08651590347290039,1.0,0.0,0.0,0.0,0.0
16790000000,5468,0,,0,-0.3449912965297699,0.21728438138961792,-0.1433405727148056,1.0,0.0,0.0,0.0,0.0
16792000000,5469,0,,0,0.22095875442028046,0.24432235956192017,0.3153812885284424,1.0,0.0,0.0,0.0,0.0
16794000000,5470,0,,0,-0.2555106282234192,0.07043466717004776,0.2698462903499603,1.0,0.0,0.0,0.0,0.0
16796000000,5471,0,,0,0.010936092585325241,-0.3485209047794342,-0.177766814827919,1.0,0.0,0.0,0.0,0.0
16797000000,5472,0,,0,-0.05210002884268761,0.04442711919546127,0.2118174135684967,1.0,0.0,0.0,0.0,0.0
16800000000,5473,0,,0,0.3677065372467041,-0.3932298421859741,0.07276984304189682,1.0,0.0,0.0,0.0,0.0
16802000000,5474,0,,0,-0.33832329511642456,-0.35417789220809937,0.35380783677101135,1.0,0.0,0.0,0.0,0.0
16804000000,5475,0,,0,-0.3815751075744629,-0.09861940890550613,-0.06955969333648682,1.0,0.0,0.0,0.0,0.0
16806000000,5476,0,,0,0.32411137223243713,0.07443450391292572,-0.026515409350395203,1.0,0.0,0.0,0.0,0.0
16807000000,5477,0,,0,-0.16387203335762024,0.1998080313205719,0.03795372322201729,1.0,0.0,0.0,0.0,0.0
16810000000,5478,0,,0,-0.11695241928100586,0.3253524899482727,-0.015440008603036404,1.0,0.0,0.0,0.0,0.0
16811000000,5479,0,,0,0.11149052530527115,0.3242041766643524,-0.33649542927742004,1.0,0.0,0.0,0.0,0.0
16814000000,5480,0,,0,0.2953069508075714,0.078214131295681,-0.31532883644104004,1.0,0.0,0.0,0.0,0.0
16815000000,5481,0,,0,0.14063580334186554,-0.09230144321918488,0.08408434689044952,1.0,0.0,0.0,0.0,0.0
16818000000,5482,0,,0,0.07022086530923843,0.062260307371616364,-0.1488170623779297,1.0,0.0,0.0,0.0,0.0
16819000000,5483,0,,0,0.15420331060886383,0.04513293132185936,-0.365189790725708,1.0,0.0,0.0,0.0,0.0
16822000000,5484,0,,0,-0.003256665775552392,0.22598621249198914,0.11622563749551773,1.0,0.0,0.0,0.0,0.0
16824000000,5485,0,,0,-0.25283172726631165,-0.2711276412010193,0.3759635090827942,1.0,0.0,0.0,0.0,0.0
16826000000,5486,0,,0,-0.25036805868148804,0.15302416682243347,-0.050485193729400635,1.0,0.0,0.0,0.0,0.0
16827000000,5487,0,,0,-0.19034749269485474,-0.13756121695041656,0.018309956416487694,1.0,0.0,0.0,0.0,0.0
16829000000,5488,0,,0,-0.3961823284626007,-0.39781224727630615,0.3304741084575653,1.0,0.0,0.0,0.0,0.0
16832000000,5489,0,,0,-0.01140056923031807,0.22268037497997284,0.19374141097068787,1.0,0.0,0.0,0.0,0.0
16834000000,5490,0,,0,0.08906561136245728,0.2567873001098633,-0.1083407774567604,1.0,0.0,0.0,0.0,0.0
16836000000,5491,0,,0,-0.18232592940330505,-0.010058680549263954,0.055920735001564026,1.0,0.0,0.0,0.0,0.0
16838000000,5492,0,,0,0.06857715547084808,0.3645344078540802,0.0433136485517025,1.0,0.0,0.0,0.0,0.0
16840000000,5493,0,,0,0.17883330583572388,0.09342315793037415,0.2681715786457062,1.0,0.0,0.0,0.0,0.0
16842000000,5494,0,,0,0.39908790588378906,0.14195135235786438,0.39956751465797424,1.0,0.0,0.0,0.0,0.0
16844000000,5495,0,,0,-0.246253103017807,0.21775108575820923,-0.11076729744672775,1.0,0.0,0.0,0.0,0.0
16846000000,5496,0,,0,-0.3337096571922302,-0.20105338096618652,-0.258559912443161,1.0,0.0,0.0,0.0,0.0
16848000000,5497,0,,0,-0.062269825488328934,-0.008368362672626972,-0.2806621491909027,1.0,0.0,0.0,0.0,0.0
16850000000,5498,0,,0,0.027705514803528786,0.3669576942920685,0.3906046152114868,1.0,0.0,0.0,0.0,0.0
16852000000,5499,0,,0,-0.11941199004650116,-0.1256534904241562,0.3859180510044098,1.0,0.0,0.0,0.0,0.0
16854000000,5500,0,,0,-0.2464035600423813,0.24095141887664795,-0.16121481359004974,1.0,0.0,0.0,0.0,0.0
16856000000,5501,0,,0,-0.37684741616249084,-0.3821592628955841,-0.39423513412475586,1.0,0.0,0.0,0.0,0.0
16858000000,5502,0,,0,-0.04699064418673515,0.2920109033584595,-0.37639403343200684,1.0,0.0,0.0,0.0,0.0
16860000000,5503,0,,0,0.3645789325237274,-0.07446932792663574,0.23543758690357208,1.0,0.0,0.0,0.0,0.0
16862000000,5504,0,,0,0.3905927538871765,-0.3642256259918213,0.2057783305644989,1.0,0.0,0.0,0.0,0.0
16864000000,5505,0,,0,-0.05032218620181084,0.10901336371898651,-0.20127852261066437,1.0,0.0,0.0,0.0,0.0
16866000000,5506,0,,0,-0.0934956893324852,0.04091622307896614,-0.21220296621322632,1.0,0.0,0.0,0.0,0.0
16867000000,5507,0,,0,-0.1200358122587204,0.2002435028553009,0.28098419308662415,1.0,0.0,0.0,0.0,0.0
16870000000,5508,0,,0,-0.33893513679504395,0.273416668176651,-0.054553546011447906,1.0,0.0,0.0,0.0,0.0
16872000000,5509,0,,0,0.33844083547592163,0.3269706666469574,-0.2360292226076126,1.0,0.0,0.0,0.0,0.0
16873000000,5510,0,,0,-0.09958979487419128,0.24585284292697906,0.28782838582992554,1.0,0.0,0.0,0.0,0.0
16875000000,5511,0,,0,-0.3067364990711212,0.39048948884010315,0.057437025010585785,1.0,0.0,0.0,0.0,0.0
16878000000,5512,0,,0,-0.08429345488548279,0.14190000295639038,-0.1737907975912094,1.0,0.0,0.0,0.0,0.0
16880000000,5513,0,,0,-0.2803168296813965,0.19127696752548218,-0.23843267560005188,1.0,0.0,0.0,0.0,0.0
16882000000,5514,0,,0,0.32051920890808105,0.10699187219142914,0.08025425672531128,1.0,0.0,0.0,0.0,0.0
16884000000,5515,0,,0,-0.35336047410964966,0.07243210822343826,0.36931997537612915,1.0,0.0,0.0,0.0,0.0
16886000000,5516,0,,0,-0.10685442388057709,0.20740118622779846,0.27261635661125183,1.0,0.0,0.0,0.0,0.0
16888000000,5517,0,,0,-0.029790056869387627,-0.24291066825389862,-0.2737404704093933,1.0,0.0,0.0,0.0,0.0
16890000000,5518,0,,0,-0.3224681317806244,0.11910457909107208,-0.25282973051071167,1.0,0.0,0.0,0.0,0.0
16892000000,5519,0,,0,-0.13361676037311554,-0.1428491175174713,-0.3203035593032837,1.0,0.0,0.0,0.0,0.0
16894000000,5520,0,,0,-0.3338494598865509,0.08811210840940475,-0.33785420656204224,1.0,0.0,0.0,0.0,0.0
16896000000,5521,0,,0,-0.020877059549093246,-0.06022157520055771,0.36927103996276855,1.0,0.0,0.0,0.0,0.0
16898000000,5522,0,,0,-0.3197600841522217,0.31309089064598083,-0.10099133104085922,1.0,0.0,0.0,0.0,0.0
16900000000,5523,0,,0,0.13597169518470764,0.3710859417915344,0.06569352000951767,1.0,0.0,0.0,0.0,0.0
16902000000,5524,0,,0,0.25409913063049316,0.3743729591369629,-0.16703009605407715,1.0,0.0,0.0,0.0,0.0
16904000000,5525,0,,0,-0.27428966760635376,-0.04273592680692673,-0.018827036023139954,1.0,0.0,0.0,0.0,0.0
16906000000,5526,0,,0,-0.0905601978302002,0.1541481912136078,-0.3798200786113739,1.0,0.0,0.0,0.0,0.0
16908000000,5527,0,,0,-0.15795113146305084,-0.353743314743042,0.18292273581027985,1.0,0.0,0.0,0.0,0.0
16910000000,5528,0,,0,-0.3866649866104126,0.2484108954668045,-0.21471896767616272,1.0,0.0,0.0,0.0,0.0
16912000000,5529,0,,0,0.16741232573986053,0.03654167428612709,-0.28414398431777954,1.0,0.0,0.0,0.0,0.0
16914000000,5530,0,,0,0.08095323294401169,-0.22525005042552948,0.35235288739204407,1.0,0.0,0.0,0.0,0.0
16916000000,5531,0,,0,-0.10024559497833252,0.30969756841659546,0.03924897685647011,1.0,0.0,0.0,0.0,0.0
16918000000,5532,0,,0,0.24057269096374512,0.1711260825395584,0.13286127150058746,1.0,0.0,0.0,0.0,0.0
16920000000,5533,0,,0,-0.028263147920370102,-0.20863670110702515,-0.0821981430053711,1.0,0.0,0.0,0.0,0.0
16922000000,5534,0,,0,0.1756460815668106,0.1757604330778122,-0.2673373818397522,1.0,0.0,0.0,0.0,0.0
16924000000,5535,0,,0,0.025021225214004517,-0.14248643815517426,-0.020822376012802124,1.0,0.0,0.0,0.0,0.0
16926000000,5536,0,,0,-0.1632291078567505,-0.07626873254776001,-0.3452304005622864,1.0,0.0,0.0,0.0,0.0
16928000000,5537,0,,0,-0.26441535353660583,-0.3610929548740387,0.022699778899550438,1.0,0.0,0.0,0.0,0.0
16930000000,5538,0,,0,0.16520032286643982,0.3610922694206238,0.026763297617435455,1.0,0.0,0.0,0.0,0.0
16931000000,5539,0,,0,-0.016354532912373543,-0.3014310598373413,0.10444962978363037,1.0,0.0,0.0,0.0,0.0
16934000000,5540,0,,0,0.3660927414894104,-0.14130592346191406,-0.30634456872940063,1.0,0.0,0.0,0.0,0.0
16936000000,5541,0,,0,0.07476001977920532,-0.2339659333229065,0.3352230489253998,1.0,0.0,0.0,0.0,0.0
16938000000,5542,0,,0,0.02127017267048359,0.3966082036495209,0.3858891427516937,1.0,0.0,0.0,0.0,0.0
16940000000,5543,0,,0,0.35726702213287354,-0.3507290482521057,-0.3260686993598938,1.0,0.0,0.0,0.0,0.0
16941000000,5544,0,,0,0.024179566651582718,-0.24873897433280945,0.3518444299697876,1.0,0.0,0.0,0.0,0.0
16943000000,5545,0,,0,0.28410106897354126,-0.06733576953411102,0.1706094741821289,1.0,0.0,0.0,0.0,0.0
16945000000,5546,0,,0,0.2191276252269745,0.29905617237091064,0.36659884452819824,1.0,0.0,0.0,0.0,0.0
16947000000,5547,0,,0,-0.24079537391662598,0.16432233154773712,-0.01027723215520382,1.0,0.0,0.0,0.0,0.0
16949000000,5548,0,,0,-0.020547956228256226,0.12812766432762146,-0.3052979111671448,1.0,0.0,0.0,0.0,0.0
16951000000,5549,0,,0,-0.37128502130508423,0.056314632296562195,0.15668804943561554,1.0,0.0,0.0,0.0,0.0
16954000000,5550,0,,0,-0.21302565932273865,-0.25229412317276,-0.07084910571575165,1.0,0.0,0.0,0.0,0.0
16955000000,5551,0,,0,-0.30396634340286255,0.10061340779066086,-0.205109104514122,1.0,0.0,0.0,0.0,0.0
16958000000,5552,0,,0,0.3618707060813904,0.027798794209957123,-0.11730905622243881,1.0,0.0,0.0,0.0,0.0
16959000000,5553,0,,0,-0.039256639778614044,-0.3732435703277588,-0.34596115350723267,1.0,0.0,0.0,0.0,0.0
16961000000,5554,0,,0,-0.34694704413414,-0.026955144479870796,0.12648822367191315,1.0,0.0,0.0,0.0,0.0
16963000000,5555,0,,0,0.35987523198127747,0.27416032552719116,0.02480333112180233,1.0,0.0,0.0,0.0,0.0
16965000000,5556,0,,0,0.27642586827278137,-0.2230953723192215,-0.37112677097320557,1.0,0.0,0.0,0.0,0.0
16967000000,5557,0,,0,-0.05124802887439728,-0.0008220543968491256,0.24141013622283936,1.0,0.0,0.0,0.0,0.0
16969000000,5558,0,,0,-0.3577112555503845,0.38066163659095764,-0.20811091363430023,1.0,0.0,0.0,0.0,0.0
16971000000,5559,0,,0,-0.27518942952156067,-0.1535293310880661,0.2674737572669983,1.0,0.0,0.0,0.0,0.0
16973000000,5560,0,,0,-0.32142794132232666,-0.18406794965267181,-0.29581505060195923,1.0,0.0,0.0,0.0,0.0
16975000000,5561,0,,0,-0.14919468760490417,-0.1175716370344162,0.045866403728723526,1.0,0.0,0.0,0.0,0.0
16977000000,5562,0,,0,0.39303290843963623,0.0007440835470333695,-0.34312206506729126,1.0,0.0,0.0,0.0,0.0
16979000000,5563,0,,0,-0.31729698181152344,0.3465065658092499,-0.14320008456707,1.0,0.0,0.0,0.0,0.0
16981000000,5564,0,,0,0.12489305436611176,0.06199090927839279,-0.09108874946832657,1.0,0.0,0.0,0.0,0.0
16983000000,5565,0,,0,-0.2384549379348755,-0.35172197222709656,0.12070849537849426,1.0,0.0,0.0,0.0,0.0
16985000000,5566,0,,0,0.004455970134586096,-0.18502727150917053,-0.14278657734394073,1.0,0.0,0.0,0.0,0.0
16987000000,5567,0,,0,0.25095170736312866,0.13401590287685394,0.20116901397705078,1.0,0.0,0.0,0.0,0.0
16989000000,5568,0,,0,-0.25625157356262207,0.2707180678844452,0.3317824602127075,1.0,0.0,0.0,0.0,0.0
16991000000,5569,0,,0,-0.3722275495529175,-0.12564308941364288,0.229295015335083,1.0,0.0,0.0,0.0,0.0
16993000000,5570,0,,0,0.09759434312582016,-0.027561722323298454,0.26988983154296875,1.0,0.0,0.0,0.0,0.0
16995000000,5571,0,,0,0.3096439242362976,-0.35981085896492004,0.3825531005859375,1.0,0.0,0.0,0.0,0.0
16997000000,5572,0,,0,0.16091638803482056,0.10334078222513199,-0.3755738139152527,1.0,0.0,0.0,0.0,0.0
16999000000,5573,0,,0,0.03712533786892891,-0.17702706158161163,0.08376805484294891,1.0,0.0,0.0,0.0,0.0
17001000000,5574,0,,0,-0.2478378564119339,0.16532166302204132,-0.1851561814546585,1.0,0.0,0.0,0.0,0.0
17003000000,5575,0,,0,-0.2622492015361786,0.012259178794920444,0.05912899598479271,1.0,0.0,0.0,0.0,0.0
17005000000,5576,0,,0,0.16455435752868652,0.10085411369800568,-0.3689047396183014,1.0,0.0,0.0,0.0,0.0
17007000000,5577,0,,0,0.24496148526668549,-0.07855357229709625,0.25508448481559753,1.0,0.0,0.0,0.0,0.0
17009000000,5578,0,,0,-0.12783263623714447,-0.0519682914018631,0.23810884356498718,1.0,0.0,0.0,0.0,0.0
17011000000,5579,0,,0,-0.3996047079563141,-0.13149933516979218,-0.07572583109140396,1.0,0.0,0.0,0.0,0.0
17013000000,5580,0,,0,-0.25772589445114136,-0.1517040878534317,0.3500537872314453,1.0,0.0,0.0,0.0,0.0
17016000000,5581,0,,0,0.1452973186969757,0.17710909247398376,-0.22877170145511627,1.0,0.0,0.0,0.0,0.0
17017000000,5582,0,,0,-0.33346104621887207,0.30597057938575745,-0.36042141914367676,1.0,0.0,0.0,0.0,0.0
17019000000,5583,0,,0,0.05249626561999321,-0.03839197754859924,0.2317335307598114,1.0,0.0,0.0,0.0,0.0
17021000000,5584,0,,0,-0.26982423663139343,-0.3127901256084442,-0.1188049390912056,1.0,0.0,0.0,0.0,0.0
17023000000,5585,0,,0,-0.18161892890930176,-0.22048026323318481,-0.07673770189285278,1.0,0.0,0.0,0.0,0.0
17025000000,5586,0,,0,-0.39665353298187256,-0.15647341310977936,-0.21545886993408203,1.0,0.0,0.0,0.0,0.0
17027000000,5587,0,,0,-0.34031715989112854,-0.13300327956676483,0.19822907447814941,1.0,0.0,0.0,0.0,0.0
17029000000,5588,0,,0,-0.006183217745274305,0.007117506582289934,-0.0520944818854332,1.0,0.0,0.0,0.0,0.0
17031000000,5589,0,,0,-0.2313319444656372,-0.3224179744720459,-0.2636232376098633,1.0,0.0,0.0,0.0,0.0
17033000000,5590,0,,0,0.07468012720346451,0.16716016829013824,0.021291563287377357,1.0,0.0,0.0,0.0,0.0
17036000000,5591,0,,0,0.24958433210849762,-0.20710837841033936,0.3865880072116852,1.0,0.0,0.0,0.0,0.0
17038000000,5592,0,,0,-0.10378362238407135,0.23945431411266327,-0.1972140520811081,1.0,0.0,0.0,0.0,0.0
17040000000,5593,0,,0,0.1685570925474167,-0.10278584808111191,0.3022032380104065,1.0,0.0,0.0,0.0,0.0
17041000000,5594,0,,0,-0.23902644217014313,0.0208412017673254,0.39619213342666626,1.0,0.0,0.0,0.0,0.0
17044000000,5595,0,,0,0.3436863124370575,-0.3807898759841919,-0.3681911826133728,1.0,0.0,0.0,0.0,0.0
17045000000,5596,0,,0,-0.2696506679058075,0.09945334494113922,0.33422574400901794,1.0,0.0,0.0,0.0,0.0
17048000000,5597,0,,0,-0.35863620042800903,-0.10997629910707474,-0.38579919934272766,1.0,0.0,0.0,0.0,0.0
17049000000,5598,0,,0,-0.3836494982242584,0.36638474464416504,0.03995722904801369,1.0,0.0,0.0,0.0,0.0
17051000000,5599,0,,0,-0.2610906660556793,-0.036780912429094315,-0.36533600091934204,1.0,0.0,0.0,0.0,0.0
17053000000,5600,0,,0,0.10485057532787323,-0.2067362517118454,0.08557597547769547,1.0,0.0,0.0,0.0,0.0
17055000000,5601,0,,0,0.10428481549024582,0.066200390458107,0.23228740692138672,1.0,0.0,0.0,0.0,0.0
17057000000,5602,0,,0,0.3434145450592041,-0.3309174180030823,-0.30194970965385437,1.0,0.0,0.0,0.0,0.0
17059000000,5603,0,,0,0.11744889616966248,0.2673819363117218,0.27594780921936035,1.0,0.0,0.0,0.0,0.0
17062000000,5604,0,,0,-0.396344393491745,-0.30981290340423584,0.253993958234787,1.0,0.0,0.0,0.0,0.0
17064000000,5605,0,,0,-0.29130032658576965,-0.2688436806201935,0.1159031093120575,1.0,0.0,0.0,0.0,0.0
17066000000,5606,0,,0,0.297960102558136,-0.21753627061843872,0.2982499301433563,1.0,0.0,0.0,0.0,0.0
17068000000,5607,0,,0,0.2415192872285843,0.06404782086610794,0.3771580755710602,1.0,0.0,0.0,0.0,0.0
17069000000,5608,0,,0,0.08662642538547516,-0.3613514006137848,-0.2707727551460266,1.0,0.0,0.0,0.0,0.0
17071000000,5609,0,,0,0.14647391438484192,-0.3562479615211487,-0.12673790752887726,1.0,0.0,0.0,0.0,0.0
17073000000,5610,0,,0,0.03998216614127159,-0.1134711354970932,-0.2956311106681824,1.0,0.0,0.0,0.0,0.0
17075000000,5611,0,,0,0.1766548454761505,0.11281498521566391,0.03322811424732208,1.0,0.0,0.0,0.0,0.0
17077000000,5612,0,,0,-0.014303076080977917,0.2672983705997467,-0.07282208651304245,1.0,0.0,0.0,0.0,0.0
17079000000,5613,0,,0,0.1575716733932495,0.004792759194970131,-0.07674136757850647,1.0,0.0,0.0,0.0,0.0
17081000000,5614,0,,0,0.04794607684016228,-0.04289840906858444,0.033640407025814056,1.0,0.0,0.0,0.0,0.0
17083000000,5615,0,,0,0.17915725708007812,-0.16322611272335052,0.08258002251386642,1.0,0.0,0.0,0.0,0.0
17085000000,5616,0,,0,0.1872711181640625,0.32564541697502136,0.08214040100574493,1.0,0.0,0.0,0.0,0.0
17087000000,5617,0,,0,0.04431043565273285,0.15851444005966187,-0.16345089673995972,1.0,0.0,0.0,0.0,0.0
17089000000,5618,0,,0,-0.10466983169317245,-0.23355190455913544,0.10547857731580734,1.0,0.0,0.0,0.0,0.0
17091000000,5619,0,,0,0.24224604666233063,-0.21721041202545166,-0.009356961585581303,1.0,0.0,0.0,0.0,0.0
17093000000,5620,0,,0,0.204685240983963,0.15702857077121735,0.24193856120109558,1.0,0.0,0.0,0.0,0.0
17095000000,5621,0,,0,0.22440306842327118,0.021716203540563583,-0.16756393015384674,1.0,0.0,0.0,0.0,0.0
17097000000,5622,0,,0,0.14161182940006256,0.009035791270434856,-0.3099703788757324,1.0,0.0,0.0,0.0,0.0
17099000000,5623,0,,0,0.01477942056953907,0.30346614122390747,-0.3078404664993286,1.0,0.0,0.0,0.0,0.0
17101000000,5624,0,,0,0.10801433026790619,-0.1067018210887909,0.25118929147720337,1.0,0.0,0.0,0.0,0.0
17103000000,5625,0,,0,0.32140809297561646,-0.1294011026620865,-0.009935028851032257,1.0,0.0,0.0,0.0,0.0
17105000000,5626,0,,0,0.3626920282840729,0.3257926404476166,-0.12478476762771606,1.0,0.0,0.0,0.0,0.0
17107000000,5627,0,,0,0.0930265337228775,-0.10961666703224182,-0.13803094625473022,1.0,0.0,0.0,0.0,0.0
17109000000,5628,0,,0,-0.28697773814201355,-0.13270203769207,-0.3290257453918457,1.0,0.0,0.0,0.0,0.0
17111000000,5629,0,,0,-0.1436331421136856,0.020958008244633675,-0.21928083896636963,1.0,0.0,0.0,0.0,0.0
17113000000,5630,0,,0,0.3869563639163971,-0.00724466098472476,-0.20930321514606476,1.0,0.0,0.0,0.0,0.0
17115000000,5631,0,,0,-0.17416329681873322,-0.36039507389068604,0.0946168377995491,1.0,0.0,0.0,0.0,0.0
17117000000,5632,0,,0,-0.10284145921468735,0.28468433022499084,0.20007474720478058,1.0,0.0,0.0,0.0,0.0
17119000000,5633,0,,0,0.09820545464754105,0.12992431223392487,-0.07762965559959412,1.0,0.0,0.0,0.0,0.0
17121000000,5634,0,,0,0.1133599728345871,0.10449367016553879,0.10396700352430344,1.0,0.0,0.0,0.0,0.0
17123000000,5635,0,,0,0.39247849583625793,-0.3160719573497772,0.25474855303764343,1.0,0.0,0.0,0.0,0.0
17125000000,5636,0,,0,-0.3493819236755371,-0.3351254165172577,0.3666295111179352,1.0,0.0,0.0,0.0,0.0
17128000000,5637,0,,0,0.11458432674407959,-0.12832146883010864,0.2443253993988037,1.0,0.0,0.0,0.0,0.0
17130000000,5638,0,,0,0.32672494649887085,-0.3108111619949341,-0.22003918886184692,1.0,0.0,0.0,0.0,0.0
17132000000,5639,0,,0,-0.22412167489528656,0.16143560409545898,-0.2393634021282196,1.0,0.0,0.0,0.0,0.0
17134000000,5640,0,,0,-0.056514058262109756,0.20760205388069153,0.1802247166633606,1.0,0.0,0.0,0.0,0.0
17136000000,5641,0,,0,0.10693025588989258,-0.2500901520252228,0.24579980969429016,1.0,0.0,0.0,0.0,0.0
17138000000,5642,0,,0,-0.013770145364105701,-0.321411669254303,-0.3152764141559601,1.0,0.0,0.0,0.0,0.0
17140000000,5643,0,,0,-0.36644911766052246,-0.09485500305891037,-0.27393537759780884,1.0,0.0,0.0,0.0,0.0
17142000000,5644,0,,0,-0.019993051886558533,-0.10725675523281097,-0.3635447025299072,1.0,0.0,0.0,0.0,0.0
17143000000,5645,0,,0,-0.1695113182067871,0.05153493210673332,-0.30070653557777405,1.0,0.0,0.0,0.0,0.0
17146000000,5646,0,,0,0.09211722761392593,0.25916850566864014,0.248433455824852,1.0,0.0,0.0,0.0,0.0
17148000000,5647,0,,0,-0.11393413692712784,0.21387921273708344,-0.29660293459892273,1.0,0.0,0.0,0.0,0.0
17149000000,5648,0,,0,-0.27171385288238525,0.3505212664604187,0.11656402796506882,1.0,0.0,0.0,0.0,0.0
17152000000,5649,0,,0,0.25381946563720703,-0.14812931418418884,-0.11010650545358658,1.0,0.0,0.0,0.0,0.0
17153000000,5650,0,,0,0.353511244058609,-0.2090124934911728,-0.06474439799785614,1.0,0.0,0.0,0.0,0.0
17155000000,5651,0,,0,-0.11002328991889954,-0.12440621107816696,-0.15894368290901184,1.0,0.0,0.0,0.0,0.0
17157000000,5652,0,,0,-0.0004731941153295338,0.30886411666870117,-0.08968453109264374,1.0,0.0,0.0,0.0,0.0
17159000000,5653,0,,0,-0.33151090145111084,0.38214799761772156,0.33194500207901,1.0,0.0,0.0,0.0,0.0
17161000000,5654,0,,0,0.17068201303482056,-0.3150636851787567,-0.35340410470962524,1.0,0.0,0.0,0.0,0.0
17163000000,5655,0,,0,-0.12668760120868683,-0.07801347970962524,-0.0604189969599247,1.0,0.0,0.0,0.0,0.0
17165000000,5656,0,,0,-0.1802450567483902,0.22708629071712494,0.08422064781188965,1.0,0.0,0.0,0.0,0.0
17167000000,5657,0,,0,0.12751621007919312,0.20248237252235413,-0.3911438286304474,1.0,0.0,0.0,0.0,0.0
17169000000,5658,0,,0,-0.004169486463069916,0.2599206566810608,0.0014542787102982402,1.0,0.0,0.0,0.0,0.0
17171000000,5659,0,,0,0.05695154890418053,-0.38026806712150574,-0.2171539068222046,1.0,0.0,0.0,0.0,0.0
17173000000,5660,0,,0,-0.13889649510383606,-0.377238392829895,0.26693660020828247,1.0,0.0,0.0,0.0,0.0
17175000000,5661,0,,0,0.22451019287109375,0.011065743863582611,-0.040368299931287766,1.0,0.0,0.0,0.0,0.0
17177000000,5662,0,,0,-0.2323940545320511,-0.16197825968265533,0.3564355671405792,1.0,0.0,0.0,0.0,0.0
17179000000,5663,0,,0,-0.00662069208920002,0.39295676350593567,-0.39993801712989807,1.0,0.0,0.0,0.0,0.0
17182000000,5664,0,,0,-0.27745679020881653,-0.1977483183145523,-0.21924743056297302,1.0,0.0,0.0,0.0,0.0
17184000000,5665,0,,0,0.11011336743831635,-0.07352423667907715,0.0634542927145958,1.0,0.0,0.0,0.0,0.0
17185000000,5666,0,,0,0.033792782574892044,-0.047342270612716675,-0.3856896758079529,1.0,0.0,0.0,0.0,0.0
17187000000,5667,0,,0,0.16767281293869019,-0.17077922821044922,-0.04457884654402733,1.0,0.0,0.0,0.0,0.0
17189000000,5668,0,,0,0.1838849037885666,-0.2168274074792862,-0.0077566481195390224,1.0,0.0,0.0,0.0,0.0
17191000000,5669,0,,0,0.2730351686477661,0.2691589891910553,-0.3891856074333191,1.0,0.0,0.0,0.0,0.0
17193000000,5670,0,,0,0.18813863396644592,0.32845044136047363,-0.14393702149391174,1.0,0.0,0.0,0.0,0.0
17195000000,5671,0,,0,0.10410398244857788,0.37864044308662415,0.07300525903701782,1.0,0.0,0.0,0.0,0.0
17198000000,5672,0,,0,0.19162563979625702,-0.01202547550201416,-0.2782770097255707,1.0,0.0,0.0,0.0,0.0
17200000000,5673,0,,0,-0.08705989271402359,-0.26346153020858765,0.10485928505659103,1.0,0.0,0.0,0.0,0.0
17202000000,5674,0,,0,-0.2798744738101959,0.27061155438423157,-0.06704768538475037,1.0,0.0,0.0,0.0,0.0
17204000000,5675,0,,0,0.23975074291229248,-0.017828091979026794,-0.26151564717292786,1.0,0.0,0.0,0.0,0.0
17206000000,5676,0,,0,0.3846891522407532,-0.24354645609855652,0.17592622339725494,1.0,0.0,0.0,0.0,0.0
17208000000,5677,0,,0,0.015745367854833603,0.23873892426490784,-0.23693743348121643,1.0,0.0,0.0,0.0,0.0
17210000000,5678,0,,0,0.2962130904197693,-0.094174325466156,-0.03925567492842674,1.0,0.0,0.0,0.0,0.0
17212000000,5679,0,,0,0.3259967863559723,0.14416101574897766,0.04159453138709068,1.0,0.0,0.0,0.0,0.0
17214000000,5680,0,,0,-0.30472445487976074,0.0017235135892406106,0.20762185752391815,1.0,0.0,0.0,0.0,0.0
17216000000,5681,0,,0,-0.35402631759643555,0.048173073679208755,-0.14525161683559418,1.0,0.0,0.0,0.0,0.0
17217000000,5682,0,,0,-0.35542598366737366,0.06779609620571136,-0.10455336421728134,1.0,0.0,0.0,0.0,0.0
17219000000,5683,0,,0,-0.3416574001312256,0.035259149968624115,0.13920442759990692,1.0,0.0,0.0,0.0,0.0
17221000000,5684,0,,0,-0.3401068150997162,-0.3442997932434082,-0.05171540379524231,1.0,0.0,0.0,0.0,0.0
17223000000,5685,0,,0,-0.28029516339302063,0.13371628522872925,0.2080366164445877,1.0,0.0,0.0,0.0,0.0
17226000000,5686,0,,0,0.25609320402145386,-0.2497023195028305,-0.15090468525886536,1.0,0.0,0.0,0.0,0.0
17228000000,5687,0,,0,-0.15316691994667053,0.17101778090000153,0.12705214321613312,1.0,0.0,0.0,0.0,0.0
17230000000,5688,0,,0,0.09084822982549667,0.07396639138460159,0.21041865646839142,1.0,0.0,0.0,0.0,0.0
17232000000,5689,0,,0,0.37504252791404724,-0.31127503514289856,0.3920161724090576,1.0,0.0,0.0,0.0,0.0
17234000000,5690,0,,0,0.33902236819267273,0.014767138287425041,0.011604215018451214,1.0,0.0,0.0,0.0,0.0
17236000000,5691,0,,0,-0.2957632541656494,-0.35932639241218567,-0.06811943650245667,1.0,0.0,0.0,0.0,0.0
17238000000,5692,0,,0,0.10208676010370255,0.00046287168515846133,0.04321588948369026,1.0,0.0,0.0,0.0,0.0
17240000000,5693,0,,0,0.06108732521533966,-0.3297554850578308,0.1188163161277771,1.0,0.0,0.0,0.0,0.0
17242000000,5694,0,,0,0.3888022303581238,-0.15153254568576813,0.30619198083877563,1.0,0.0,0.0,0.0,0.0
17243000000,5695,0,,0,-0.3562749922275543,0.08534190058708191,-0.10151670128107071,1.0,0.0,0.0,0.0,0.0
17246000000,5696,0,,0,0.004590185359120369,0.13189144432544708,0.06674196571111679,1.0,0.0,0.0,0.0,0.0
17247000000,5697,0,,0,0.23291777074337006,-0.1288369596004486,0.2991127371788025,1.0,0.0,0.0,0.0,0.0
17250000000,5698,0,,0,0.20474109053611755,-0.04817768931388855,-0.0857122614979744,1.0,0.0,0.0,0.0,0.0
17252000000,5699,0,,0,0.37873661518096924,-0.34288397431373596,0.27299177646636963,1.0,0.0,0.0,0.0,0.0
17253000000,5700,0,,0,-0.34505268931388855,-0.24216489493846893,0.36619874835014343,1.0,0.0,0.0,0.0,0.0
17255000000,5701,0,,0,0.38250523805618286,-0.13382671773433685,0.3111567199230194,1.0,0.0,0.0,0.0,0.0
17258000000,5702,0,,0,0.3847264051437378,-0.13720346987247467,0.3757089674472809,1.0,0.0,0.0,0.0,0.0
17260000000,5703,0,,0,0.09344010055065155,-0.10584758222103119,0.22851406037807465,1.0,0.0,0.0,0.0,0.0
17262000000,5704,0,,0,-0.25146913528442383,-0.2730521261692047,0.11748096346855164,1.0,0.0,0.0,0.0,0.0
17264000000,5705,0,,0,-0.24952581524848938,-0.23612838983535767,0.19842980802059174,1.0,0.0,0.0,0.0,0.0
17266000000,5706,0,,0,0.24434784054756165,0.1575877070426941,-0.09107454121112823,1.0,0.0,0.0,0.0,0.0
17268000000,5707,0,,0,-0.07261442393064499,0.1094861626625061,-0.2686186730861664,1.0,0.0,0.0,0.0,0.0
17270000000,5708,0,,0,-0.17204755544662476,-0.04646412283182144,-0.15740446746349335,1.0,0.0,0.0,0.0,0.0
17272000000,5709,0,,0,0.18826977908611298,-0.21063148975372314,-0.29697713255882263,1.0,0.0,0.0,0.0,0.0
17274000000,5710,0,,0,-0.2930692434310913,0.030308187007904053,0.17138424515724182,1.0,0.0,0.0,0.0,0.0
17276000000,5711,0,,0,-0.34654563665390015,0.0893416479229927,0.32201287150382996,1.0,0.0,0.0,0.0,0.0
17278000000,5712,0,,0,-0.331940233707428,0.2150883823633194,0.01833932474255562,1.0,0.0,0.0,0.0,0.0
17280000000,5713,0,,0,-0.2596900165081024,-0.3419969081878662,0.11768463253974915,1.0,0.0,0.0,0.0,0.0
17282000000,5714,0,,0,-0.02700265869498253,0.037198927253484726,-0.03909185156226158,1.0,0.0,0.0,0.0,0.0
17284000000,5715,0,,0,0.09316964447498322,0.12601199746131897,-0.11739048361778259,1.0,0.0,0.0,0.0,0.0
17286000000,5716,0,,0,0.3362836241722107,0.3505449891090393,-0.13318690657615662,1.0,0.0,0.0,0.0,0.0
17288000000,5717,0,,0,0.1233813539147377,0.1787438690662384,0.08528382331132889,1.0,0.0,0.0,0.0,0.0
17290000000,5718,0,,0,0.10269559174776077,0.29050132632255554,0.13827303051948547,1.0,0.0,0.0,0.0,0.0
17292000000,5719,0,,0,0.1766507476568222,-0.24486173689365387,0.10100594907999039,1.0,0.0,0.0,0.0,0.0
17294000000,5720,0,,0,0.2768389582633972,-0.11909327656030655,0.236581951379776,1.0,0.0,0.0,0.0,0.0
17296000000,5721,0,,0,-0.28748956322669983,-0.10720883309841156,0.03018002398312092,1.0,0.0,0.0,0.0,0.0
17297000000,5722,0,,0,0.10615774244070053,0.3051110804080963,0.25581464171409607,1.0,0.0,0.0,0.0,0.0
17300000000,5723,0,,0,0.18949700891971588,-0.3160621225833893,-0.2390691339969635,1.0,0.0,0.0,0.0,0.0
17301000000,5724,0,,0,0.3192829489707947,-0.07606334239244461,-0.19404709339141846,1.0,0.0,0.0,0.0,0.0
17304000000,5725,0,,0,-0.34991124272346497,-0.3885517716407776,0.002620554529130459,1.0,0.0,0.0,0.0,0.0
17306000000,5726,0,,0,-0.23325279355049133,0.08461970090866089,-0.13453464210033417,1.0,0.0,0.0,0.0,0.0
17308000000,5727,0,,0,-0.05241308733820915,0.012793341651558876,0.2995428740978241,1.0,0.0,0.0,0.0,0.0
17309000000,5728,0,,0,-0.08291236311197281,0.3201121985912323,-0.2360592931509018,1.0,0.0,0.0,0.0,0.0
17312000000,5729,0,,0,-0.025734063237905502,-0.2344614863395691,0.1736481934785843,1.0,0.0,0.0,0.0,0.0
17313000000,5730,0,,0,0.23112009465694427,0.1135973185300827,-0.1149391233921051,1.0,0.0,0.0,0.0,0.0
17316000000,5731,0,,0,-0.04415719211101532,0.30375927686691284,0.22371938824653625,1.0,0.0,0.0,0.0,0.0
17318000000,5732,0,,0,-0.011001908220350742,0.3513213098049164,-0.35679906606674194,1.0,0.0,0.0,0.0,0.0
17319000000,5733,0,,0,0.24032966792583466,0.040530141443014145,-0.0015689778374508023,1.0,0.0,0.0,0.0,0.0
17322000000,5734,0,,0,-0.3228699564933777,0.16708579659461975,-0.08952440321445465,1.0,0.0,0.0,0.0,0.0
17324000000,5735,0,,0,0.16395342350006104,-0.3346160650253296,-0.2743002474308014,1.0,0.0,0.0,0.0,0.0
17326000000,5736,0,,0,0.04204965755343437,0.36079975962638855,0.10555523633956909,1.0,0.0,0.0,0.0,0.0
17328000000,5737,0,,0,0.38303276896476746,-0.1447911411523819,-0.2012973129749298,1.0,0.0,0.0,0.0,0.0
17330000000,5738,0,,0,0.3443966805934906,-0.19539561867713928,-0.0241018608212471,1.0,0.0,0.0,0.0,0.0
17332000000,5739,0,,0,-0.30143237113952637,0.34517762064933777,0.2112261801958084,1.0,0.0,0.0,0.0,0.0
17334000000,5740,0,,0,-0.19091489911079407,0.15731610357761383,-0.08701016753911972,1.0,0.0,0.0,0.0,0.0
17336000000,5741,0,,0,-0.1832834929227829,0.23453865945339203,0.10844684392213821,1.0,0.0,0.0,0.0,0.0
17338000000,5742,0,,0,0.33113735914230347,0.1637549251317978,-0.059463195502758026,1.0,0.0,0.0,0.0,0.0
17340000000,5743,0,,0,0.3849804103374481,-0.03591823950409889,-0.11291956901550293,1.0,0.0,0.0,0.0,0.0
17342000000,5744,0,,0,-0.39538371562957764,0.16075760126113892,0.3777083456516266,1.0,0.0,0.0,0.0,0.0
17344000000,5745,0,,0,0.1416212022304535,-0.2515431046485901,-0.3915621042251587,1.0,0.0,0.0,0.0,0.0
17346000000,5746,0,,0,0.17743539810180664,0.04813668131828308,-0.12113870680332184,1.0,0.0,0.0,0.0,0.0
17348000000,5747,0,,0,0.35537248849868774,-0.27155303955078125,-0.2943080961704254,1.0,0.0,0.0,0.0,0.0
17350000000,5748,0,,0,-0.014821202494204044,-0.011937118135392666,0.35042643547058105,1.0,0.0,0.0,0.0,0.0
17352000000,5749,0,,0,-0.16795232892036438,-0.05186271294951439,0.10224401205778122,1.0,0.0,0.0,0.0,0.0
17354000000,5750,0,,0,0.20321638882160187,0.1562812328338623,0.16113771498203278,1.0,0.0,0.0,0.0,0.0
17356000000,5751,0,,0,-0.35417452454566956,0.11883938312530518,0.39996716380119324,1.0,0.0,0.0,0.0,0.0
17358000000,5752,0,,0,0.06450319290161133,0.07079439610242844,0.11226175725460052,1.0,0.0,0.0,0.0,0.0
17360000000,5753,0,,0,0.029105957597494125,-0.06874547153711319,-0.13286687433719635,1.0,0.0,0.0,0.0,0.0
17362000000,5754,0,,0,0.39388012886047363,0.07047624886035919,0.2198568731546402,1.0,0.0,0.0,0.0,0.0
17364000000,5755,0,,0,0.03811806067824364,-0.07727345079183578,0.07588402181863785,1.0,0.0,0.0,0.0,0.0
17366000000,5756,0,,0,0.07051599770784378,0.37213584780693054,0.3877570927143097,1.0,0.0,0.0,0.0,0.0
17368000000,5757,0,,0,0.05809105932712555,0.15702369809150696,0.2803114652633667,1.0,0.0,0.0,0.0,0.0
17370000000,5758,0,,0,-0.22316113114356995,0.3648563325405121,0.19251474738121033,1.0,0.0,0.0,0.0,0.0
17372000000,5759,0,,0,0.28426119685173035,-0.03653516247868538,0.23913580179214478,1.0,0.0,0.0,0.0,0.0
17374000000,5760,0,,0,-0.12099111825227737,-0.06889745593070984,-0.23129089176654816,1.0,0.0,0.0,0.0,0.0
17376000000,5761,0,,0,0.32054972648620605,-0.07180062681436539,0.29658666253089905,1.0,0.0,0.0,0.0,0.0
17378000000,5762,0,,0,0.02850581333041191,-0.21834923326969147,-0.09155375510454178,1.0,0.0,0.0,0.0,0.0
17380000000,5763,0,,0,-0.018583515658974648,0.1973082423210144,-0.3924545645713806,1.0,0.0,0.0,0.0,0.0
17382000000,5764,0,,0,-0.08063701540231705,-0.3836478590965271,-0.263763964176178,1.0,0.0,0.0,0.0,0.0
17384000000,5765,0,,0,0.3901561498641968,0.3753068447113037,0.3424614667892456,1.0,0.0,0.0,0.0,0.0
17386000000,5766,0,,0,-0.18785783648490906,0.3878433406352997,0.20352330803871155,1.0,0.0,0.0,0.0,0.0
17388000000,5767,0,,0,0.09612993896007538,0.27438151836395264,-0.30981218814849854,1.0,0.0,0.0,0.0,0.0
17390000000,5768,0,,0,-0.13933660089969635,-0.17338033020496368,-0.11604516208171844,1.0,0.0,0.0,0.0,0.0
17392000000,5769,0,,0,0.04845430329442024,-0.3574456572532654,0.2574765980243683,1.0,0.0,0.0,0.0,0.0
17393000000,5770,0,,0,-0.04896784946322441,-0.37856325507164,-0.16492965817451477,1.0,0.0,0.0,0.0,0.0
17395000000,5771,0,,0,0.3393166661262512,0.16435785591602325,0.0036478640977293253,1.0,0.0,0.0,0.0,0.0
17397000000,5772,0,,0,-0.10525962710380554,-0.12912043929100037,0.2916467487812042,1.0,0.0,0.0,0.0,0.0
17400000000,5773,0,,0,0.17763645946979523,0.1433996558189392,-0.32609787583351135,1.0,0.0,0.0,0.0,0.0
17401000000,5774,0,,0,-0.2542518079280853,-0.1045185923576355,-0.10722217708826065,1.0,0.0,0.0,0.0,0.0
17404000000,5775,0,,0,0.2736569046974182,-0.0014251843094825745,0.23042647540569305,1.0,0.0,0.0,0.0,0.0
17405000000,5776,0,,0,-0.11655455827713013,0.030975142493844032,-0.07095125317573547,1.0,0.0,0.0,0.0,0.0
17408000000,5777,0,,0,0.3326294720172882,-0.08130934089422226,0.25158563256263733,1.0,0.0,0.0,0.0,0.0
17409000000,5778,0,,0,-0.21071143448352814,0.02390514686703682,0.36175888776779175,1.0,0.0,0.0,0.0,0.0
17412000000,5779,0,,0,-0.023771509528160095,0.32335758209228516,-0.35205715894699097,1.0,0.0,0.0,0.0,0.0
17414000000,5780,0,,0,0.3797585666179657,0.25816237926483154,-0.037416137754917145,1.0,0.0,0.0,0.0,0.0
17416000000,5781,0,,0,0.17142058908939362,-0.08084525913000107,-0.07326861470937729,1.0,0.0,0.0,0.0,0.0
17418000000,5782,0,,0,0.35780778527259827,0.27738693356513977,-0.3889616131782532,1.0,0.0,0.0,0.0,0.0
17420000000,5783,0,,0,-0.3346115052700043,-0.2750317454338074,0.02714189887046814,1.0,0.0,0.0,0.0,0.0
17422000000,5784,0,,0,-0.10194575786590576,0.3934977054595947,-0.3292951285839081,1.0,0.0,0.0,0.0,0.0
17424000000,5785,0,,0,0.030158232897520065,-0.17252127826213837,-0.2259160429239273,1.0,0.0,0.0,0.0,0.0
17425000000,5786,0,,0,-0.13024500012397766,0.28099891543388367,-0.03613121807575226,1.0,0.0,0.0,0.0,0.0
17427000000,5787,0,,0,0.31649938225746155,-0.34732940793037415,0.19230422377586365,1.0,0.0,0.0,0.0,0.0
17429000000,5788,0,,0,0.07373730838298798,0.11887594312429428,0.23658636212348938,1.0,0.0,0.0,0.0,0.0
17431000000,5789,0,,0,0.1365157663822174,-0.2465360015630722,0.1593410223722458,1.0,0.0,0.0,0.0,0.0
17433000000,5790,0,,0,0.17357568442821503,0.0217300895601511,-0.11330536007881165,1.0,0.0,0.0,0.0,0.0
17436000000,5791,0,,0,-0.09267078340053558,-0.053372759371995926,0.06786767393350601,1.0,0.0,0.0,0.0,0.0
17437000000,5792,0,,0,0.17005284130573273,-0.20173218846321106,0.18916629254817963,1.0,0.0,0.0,0.0,0.0
17439000000,5793,0,,0,0.3822192847728729,0.1908729076385498,-0.19151635468006134,1.0,0.0,0.0,0.0,0.0
17441000000,5794,0,,0,0.21347233653068542,0.11319854110479355,-0.04499419033527374,1.0,0.0,0.0,0.0,0.0
17443000000,5795,0,,0,-0.04594568535685539,-0.1963266283273697,-0.056976113468408585,1.0,0.0,0.0,0.0,0.0
17446000000,5796,0,,0,0.16628798842430115,-0.005375502165406942,-0.28518345952033997,1.0,0.0,0.0,0.0,0.0
17447000000,5797,0,,0,-0.09362096339464188,0.23235389590263367,0.06171347573399544,1.0,0.0,0.0,0.0,0.0
17449000000,5798,0,,0,-0.0546850748360157,-0.32552024722099304,0.13438689708709717,1.0,0.0,0.0,0.0,0.0
17451000000,5799,0,,0,0.21905772387981415,0.03187397122383118,0.027712536975741386,1.0,0.0,0.0,0.0,0.0
17453000000,5800,0,,0,-0.10982389748096466,-0.12480165809392929,-0.261273056268692,1.0,0.0,0.0,0.0,0.0
17455000000,5801,0,,0,-0.0023866461124271154,0.0824064165353775,-0.04804062843322754,1.0,0.0,0.0,0.0,0.0
17457000000,5802,0,,0,-0.24906694889068604,0.007135481107980013,-0.14845320582389832,1.0,0.0,0.0,0.0,0.0
17459000000,5803,0,,0,-0.22453270852565765,-0.06339582055807114,-0.3874528408050537,1.0,0.0,0.0,0.0,0.0
17461000000,5804,0,,0,-0.09955569356679916,0.03422661870718002,-0.1677069365978241,1.0,0.0,0.0,0.0,0.0
17463000000,5805,0,,0,0.3911101520061493,0.026199977844953537,-0.2567814290523529,1.0,0.0,0.0,0.0,0.0
17465000000,5806,0,,0,-0.1975398063659668,0.13898354768753052,0.10865496844053268,1.0,0.0,0.0,0.0,0.0
17467000000,5807,0,,0,-0.30290883779525757,-0.13769111037254333,-0.2077549397945404,1.0,0.0,0.0,0.0,0.0
17469000000,5808,0,,0,-0.37620213627815247,-0.3330429196357727,-0.20085780322551727,1.0,0.0,0.0,0.0,0.0
17471000000,5809,0,,0,0.16377823054790497,0.09722497314214706,0.3443567752838135,1.0,0.0,0.0,0.0,0.0
17473000000,5810,0,,0,-0.2802050709724426,-0.0308848824352026,-0.3897344172000885,1.0,0.0,0.0,0.0,0.0
17475000000,5811,0,,0,-0.172326922416687,-0.14984454214572906,-0.25000205636024475,1.0,0.0,0.0,0.0,0.0
17477000000,5812,0,,0,-0.3600793182849884,-0.30434975028038025,0.38092556595802307,1.0,0.0,0.0,0.0,0.0
17479000000,5813,0,,0,0.011712790466845036,0.2502610385417938,0.3060060143470764,1.0,0.0,0.0,0.0,0.0
17481000000,5814,0,,0,0.05788303166627884,0.2275269478559494,0.22296245396137238,1.0,0.0,0.0,0.0,0.0
17483000000,5815,0,,0,-0.18186479806900024,-0.0021218827459961176,-0.39363881945610046,1.0,0.0,0.0,0.0,0.0
17485000000,5816,0,,0,0.32706645131111145,0.2915083169937134,0.29635632038116455,1.0,0.0,0.0,0.0,0.0
17487000000,5817,0,,0,-0.08205480128526688,-0.2573714554309845,-0.0516645573079586,1.0,0.0,0.0,0.0,0.0
17489000000,5818,0,,0,0.19713249802589417,0.009357254020869732,0.3800898790359497,1.0,0.0,0.0,0.0,0.0
17492000000,5819,0,,0,-0.3089093267917633,0.0160932969301939,-0.05829581245779991,1.0,0.0,0.0,0.0,0.0
17494000000,5820,0,,0,0.06703249365091324,-0.03491244837641716,-0.26348018646240234,1.0,0.0,0.0,0.0,0.0
17495000000,5821,0,,0,-0.3163700997829437,-0.21263805031776428,-0.17788930237293243,1.0,0.0,0.0,0.0,0.0
17498000000,5822,0,,0,-0.05947866290807724,-0.01416451670229435,0.11139432340860367,1.0,0.0,0.0,0.0,0.0
17499000000,5823,0,,0,-0.202897310256958,-0.11286062747240067,-0.08319873362779617,1.0,0.0,0.0,0.0,0.0
17501000000,5824,0,,0,-0.026887111365795135,0.357531875371933,-0.05098305270075798,1.0,0.0,0.0,0.0,0.0
17503000000,5825,0,,0,-0.3826843202114105,-0.17324917018413544,-0.003520779311656952,1.0,0.0,0.0,0.0,0.0
17505000000,5826,0,,0,0.10422508418560028,0.3707861006259918,0.24978666007518768,1.0,0.0,0.0,0.0,0.0
17507000000,5827,0,,0,0.2407655119895935,-0.1658790558576584,-0.2602141201496124,1.0,0.0,0.0,0.0,0.0
17509000000,5828,0,,0,-0.10960753262042999,0.23892605304718018,0.39680206775665283,1.0,0.0,0.0,0.0,0.0
17511000000,5829,0,,0,-0.00497762206941843,-0.3052758574485779,-0.05560110881924629,1.0,0.0,0.0,0.0,0.0
17513000000,5830,0,,0,-0.0936487466096878,0.12777993083000183,0.058643825352191925,1.0,0.0,0.0,0.0,0.0
17515000000,5831,0,,0,0.2973668575286865,-0.299741268157959,-0.11057234555482864,1.0,0.0,0.0,0.0,0.0
17517000000,5832,0,,0,0.34158575534820557,-0.33238252997398376,-0.19371241331100464,1.0,0.0,0.0,0.0,0.0
17520000000,5833,0,,0,-0.05776297673583031,0.08991147577762604,0.2749475836753845,1.0,0.0,0.0,0.0,0.0
17521000000,5834,0,,0,0.18685470521450043,-0.29763153195381165,-0.1881992220878601,1.0,0.0,0.0,0.0,0.0
17523000000,5835,0,,0,0.13983318209648132,0.343871146440506,0.27801787853240967,1.0,0.0,0.0,0.0,0.0
17526000000,5836,0,,0,0.2524690330028534,-0.09706523269414902,0.20805811882019043,1.0,0.0,0.0,0.0,0.0
17528000000,5837,0,,0,-0.090301513671875,0.008774403482675552,0.3353479504585266,1.0,0.0,0.0,0.0,0.0
17529000000,5838,0,,0,-0.05565255135297775,-0.3243855834007263,-0.09157639741897583,1.0,0.0,0.0,0.0,0.0
17532000000,5839,0,,0,0.10072290897369385,-0.276061475276947,-0.33404025435447693,1.0,0.0,0.0,0.0,0.0
17534000000,5840,0,,0,0.04499993845820427,-0.08864226192235947,0.18810416758060455,1.0,0.0,0.0,0.0,0.0
17536000000,5841,0,,0,0.2939230799674988,0.377033531665802,0.22414980828762054,1.0,0.0,0.0,0.0,0.0
17538000000,5842,0,,0,0.2511586844921112,0.25453880429267883,0.34016868472099304,1.0,0.0,0.0,0.0,0.0
17540000000,5843,0,,0,-0.31030040979385376,0.2917061746120453,0.18665224313735962,1.0,0.0,0.0,0.0,0.0
17542000000,5844,0,,0,-0.045347943902015686,-0.024481067433953285,-0.31069427728652954,1.0,0.0,0.0,0.0,0.0
17543000000,5845,0,,0,0.1341806799173355,0.14955966174602509,-0.22811265289783478,1.0,0.0,0.0,0.0,0.0
17545000000,5846,0,,0,-0.06869684159755707,-0.051498573273420334,-0.30806124210357666,1.0,0.0,0.0,0.0,0.0
17548000000,5847,0,,0,-0.3500280976295471,0.3558291494846344,0.06015387177467346,1.0,0.0,0.0,0.0,0.0
17550000000,5848,0,,0,-0.397164523601532,0.09026792645454407,-0.04509416222572327,1.0,0.0,0.0,0.0,0.0
17552000000,5849,0,,0,-0.2873651683330536,-0.18658804893493652,0.35280993580818176,1.0,0.0,0.0,0.0,0.0
17553000000,5850,0,,0,0.30033406615257263,-0.058609489351511,-0.00801276508718729,1.0,0.0,0.0,0.0,0.0
17556000000,5851,0,,0,-0.17382824420928955,0.383772075176239,-0.12055343389511108,1.0,0.0,0.0,0.0,0.0
17557000000,5852,0,,0,-0.27902311086654663,0.17813831567764282,-0.16269135475158691,1.0,0.0,0.0,0.0,0.0
17559000000,5853,0,,0,-0.3934963643550873,0.013061228208243847,0.3968157470226288,1.0,0.0,0.0,0.0,0.0
17561000000,5854,0,,0,-0.2591586112976074,0.16066578030586243,-0.2138848751783371,1.0,0.0,0.0,0.0,0.0
17563000000,5855,0,,0,-0.10812731832265854,0.1642988920211792,0.21956254541873932,1.0,0.0,0.0,0.0,0.0
17565000000,5856,0,,0,-0.12359936535358429,0.37828776240348816,-0.17221316695213318,1.0,0.0,0.0,0.0,0.0
17567000000,5857,0,,0,0.23421986401081085,0.17707780003547668,0.3191796541213989,1.0,0.0,0.0,0.0,0.0
17569000000,5858,0,,0,0.35197409987449646,0.002181154675781727,0.19489653408527374,1.0,0.0,0.0,0.0,0.0
17571000000,5859,0,,0,-0.04389900714159012,-0.19616273045539856,-0.17650650441646576,1.0,0.0,0.0,0.0,0.0
17573000000,5860,0,,0,0.24958838522434235,-0.01315451692789793,0.01950608193874359,1.0,0.0,0.0,0.0,0.0
17576000000,5861,0,,0,-0.05127301812171936,0.07615956664085388,-0.2827814519405365,1.0,0.0,0.0,0.0,0.0
17578000000,5862,0,,0,0.11625798046588898,-0.23868747055530548,0.2268071472644806,1.0,0.0,0.0,0.0,0.0
17580000000,5863,0,,0,-0.21216116845607758,-0.1855042725801468,-0.21313917636871338,1.0,0.0,0.0,0.0,0.0
17582000000,5864,0,,0,0.20632262527942657,0.22685198485851288,0.2629406154155731,1.0,0.0,0.0,0.0,0.0
17584000000,5865,0,,0,-0.14028270542621613,-0.05424404889345169,0.17909649014472961,1.0,0.0,0.0,0.0,0.0
17586000000,5866,0,,0,-0.004270645789802074,-0.06333277374505997,0.29510220885276794,1.0,0.0,0.0,0.0,0.0
17589000000,5867,0,,0,-0.10930916666984558,0.14165735244750977,0.18316473066806793,1.0,0.0,0.0,0.0,0.0
17590000000,5868,0,,0,0.144843190908432,-0.367438405752182,-0.3832167088985443,1.0,0.0,0.0,0.0,0.0
17593000000,5869,0,,0,-0.39411231875419617,-0.21299530565738678,0.14419522881507874,1.0,0.0,0.0,0.0,0.0
17595000000,5870,0,,0,0.16350524127483368,-0.045693520456552505,0.34181514382362366,1.0,0.0,0.0,0.0,0.0
17597000000,5871,0,,0,-0.08910953253507614,-0.24889427423477173,0.10757017880678177,1.0,0.0,0.0,0.0,0.0
17599000000,5872,0,,0,-0.37333494424819946,-0.3339068591594696,-0.1259060949087143,1.0,0.0,0.0,0.0,0.0
17601000000,5873,0,,0,0.08527059853076935,0.08061255514621735,0.3934083580970764,1.0,0.0,0.0,0.0,0.0
17603000000,5874,0,,0,0.26217901706695557,0.22207632660865784,-0.12284664064645767,1.0,0.0,0.0,0.0,0.0
17605000000,5875,0,,0,-0.276406854391098,0.00412761839106679,-0.06668367981910706,1.0,0.0,0.0,0.0,0.0
17606000000,5876,0,,0,0.231794074177742,-0.22559326887130737,0.3467378318309784,1.0,0.0,0.0,0.0,0.0
17608000000,5877,0,,0,-0.25913429260253906,-0.3897869288921356,0.17617540061473846,1.0,0.0,0.0,0.0,0.0
17610000000,5878,0,,0,0.386830598115921,-0.327373743057251,-0.32599136233329773,1.0,0.0,0.0,0.0,0.0
17612000000,5879,0,,0,0.1289999634027481,0.36182308197021484,-0.14158573746681213,1.0,0.0,0.0,0.0,0.0
17614000000,5880,0,,0,-0.0014789319830015302,-0.2333974838256836,0.1272178292274475,1.0,0.0,0.0,0.0,0.0
17616000000,5881,0,,0,-0.2586249113082886,0.08844979852437973,0.09076657146215439,1.0,0.0,0.0,0.0,0.0
17618000000,5882,0,,0,-0.15520167350769043,0.38206300139427185,0.01564066670835018,1.0,0.0,0.0,0.0,0.0
17620000000,5883,0,,0,0.3861614465713501,0.04015430063009262,0.20515869557857513,1.0,0.0,0.0,0.0,0.0
17622000000,5884,0,,0,-0.254928857088089,0.13876301050186157,0.24560971558094025,1.0,0.0,0.0,0.0,0.0
17624000000,5885,0,,0,0.035362791270017624,0.367186039686203,-0.15449325740337372,1.0,0.0,0.0,0.0,0.0
17626000000,5886,0,,0,0.09959814697504044,0.2644141912460327,0.3489988148212433,1.0,0.0,0.0,0.0,0.0
17628000000,5887,0,,0,-0.34688901901245117,0.17755407094955444,0.32403892278671265,1.0,0.0,0.0,0.0,0.0
17630000000,5888,0,,0,0.12354443967342377,-0.14064902067184448,0.1545877307653427,1.0,0.0,0.0,0.0,0.0
17632000000,5889,0,,0,0.16623780131340027,-0.1756589561700821,-0.383090078830719,1.0,0.0,0.0,0.0,0.0
17634000000,5890,0,,0,-0.1655624657869339,0.019423391669988632,-0.13193674385547638,1.0,0.0,0.0,0.0,0.0
17636000000,5891,0,,0,0.30132579803466797,0.2806133031845093,0.16826483607292175,1.0,0.0,0.0,0.0,0.0
17638000000,5892,0,,0,-0.34355428814888,-0.07550754398107529,0.02081194892525673,1.0,0.0,0.0,0.0,0.0
17640000000,5893,0,,0,-0.23312704265117645,-0.01411814521998167,0.3700390160083771,1.0,0.0,0.0,0.0,0.0
17642000000,5894,0,,0,-0.09943648427724838,0.38139376044273376,-0.17296095192432404,1.0,0.0,0.0,0.0,0.0
17644000000,5895,0,,0,-0.3821314871311188,-0.003018523333594203,0.24504797160625458,1.0,0.0,0.0,0.0,0.0
17645000000,5896,0,,0,0.3013807237148285,0.2600287199020386,-0.30830204486846924,1.0,0.0,0.0,0.0,0.0
17647000000,5897,0,,0,0.05045226216316223,-0.32317620515823364,-0.391022652387619,1.0,0.0,0.0,0.0,0.0
17650000000,5898,0,,0,0.320454865694046,0.2590920031070709,-0.34496521949768066,1.0,0.0,0.0,0.0,0.0
17652000000,5899,0,,0,-0.2569875419139862,-0.21011662483215332,0.16905120015144348,1.0,0.0,0.0,0.0,0.0
17654000000,5900,0,,0,-0.3614805340766907,0.1489686369895935,-0.17926181852817535,1.0,0.0,0.0,0.0,0.0
17656000000,5901,0,,0,-0.09770913422107697,-0.3762528598308563,0.13664105534553528,1.0,0.0,0.0,0.0,0.0
17658000000,5902,0,,0,0.043354202061891556,0.32048454880714417,-0.07222217321395874,1.0,0.0,0.0,0.0,0.0
17660000000,5903,0,,0,-0.2249489575624466,-0.12434820085763931,0.17907202243804932,1.0,0.0,0.0,0.0,0.0
17662000000,5904,0,,0,-0.1179194375872612,0.15316639840602875,-0.19116733968257904,1.0,0.0,0.0,0.0,0.0
17664000000,5905,0,,0,-0.24460576474666595,-0.024618785828351974,0.3075866103172302,1.0,0.0,0.0,0.0,0.0
17665000000,5906,0,,0,-0.0544644333422184,-0.3521890938282013,0.13395102322101593,1.0,0.0,0.0,0.0,0.0
17667000000,5907,0,,0,-0.04067002609372139,0.212995246052742,-0.1611999273300171,1.0,0.0,0.0,0.0,0.0
17670000000,5908,0,,0,0.047697823494672775,0.2660054564476013,0.27767401933670044,1.0,0.0,0.0,0.0,0.0
17671000000,5909,0,,0,-0.05684403330087662,0.14635992050170898,0.04786120355129242,1.0,0.0,0.0,0.0,0.0
17673000000,5910,0,,0,-0.33619940280914307,-0.3914901316165924,-0.09719344228506088,1.0,0.0,0.0,0.0,0.0
17675000000,5911,0,,0,0.20109997689723969,-0.1619122475385666,-0.08920267969369888,1.0,0.0,0.0,0.0,0.0
17677000000,5912,0,,0,-0.3467794954776764,-0.1579202264547348,0.28239625692367554,1.0,0.0,0.0,0.0,0.0
17679000000,5913,0,,0,0.10958996415138245,-0.18665052950382233,0.26602137088775635,1.0,0.0,0.0,0.0,0.0
17681000000,5914,0,,0,-0.17581813037395477,-0.2742423713207245,0.0708518996834755,1.0,0.0,0.0,0.0,0.0
17683000000,5915,0,,0,-0.3694762885570526,0.0826384648680687,0.2221865952014923,1.0,0.0,0.0,0.0,0.0
17685000000,5916,0,,0,0.09191528707742691,0.37561336159706116,-0.2610222399234772,1.0,0.0,0.0,0.0,0.0
17687000000,5917,0,,0,-0.003962415270507336,-0.019701851531863213,-0.18113531172275543,1.0,0.0,0.0,0.0,0.0
17690000000,5918,0,,0,0.22207330167293549,-0.14194244146347046,-0.21837426722049713,1.0,0.0,0.0,0.0,0.0
17691000000,5919,0,,0,-0.13007502257823944,0.3324781656265259,-0.3337613046169281,1.0,0.0,0.0,0.0,0.0
17694000000,5920,0,,0,0.31195613741874695,0.3334845304489136,-0.03672221675515175,1.0,0.0,0.0,0.0,0.0
17695000000,5921,0,,0,0.12953028082847595,0.3722113072872162,0.11847315728664398,1.0,0.0,0.0,0.0,0.0
17698000000,5922,0,,0,-0.007789415307343006,0.04051005840301514,0.37033510208129883,1.0,0.0,0.0,0.0,0.0
17699000000,5923,0,,0,0.36719274520874023,-0.16520695388317108,-0.22783756256103516,1.0,0.0,0.0,0.0,0.0
17702000000,5924,0,,0,-0.1047467365860939,0.39355212450027466,-0.029460998252034187,1.0,0.0,0.0,0.0,0.0
17704000000,5925,0,,0,0.05453478917479515,0.07719666510820389,0.14956864714622498,1.0,0.0,0.0,0.0,0.0
17706000000,5926,0,,0,-0.09909606724977493,0.3327536880970001,-0.18295343220233917,1.0,0.0,0.0,0.0,0.0
17708000000,5927,0,,0,0.20667661726474762,-0.08579926937818527,0.06505319476127625,1.0,0.0,0.0,0.0,0.0
17710000000,5928,0,,0,0.02624133601784706,-0.1223003938794136,0.12159843742847443,1.0,0.0,0.0,0.0,0.0
17712000000,5929,0,,0,0.341253399848938,0.11733932793140411,-0.35223811864852905,1.0,0.0,0.0,0.0,0.0
17714000000,5930,0,,0,-0.31554046273231506,-0.3337143361568451,-0.38114553689956665,1.0,0.0,0.0,0.0,0.0
17716000000,5931,0,,0,-0.030170582234859467,-0.016248485073447227,0.013573692180216312,1.0,0.0,0.0,0.0,0.0
17718000000,5932,0,,0,0.3078182339668274,-0.0010879406472668052,0.07070989906787872,1.0,0.0,0.0,0.0,0.0
17720000000,5933,0,,0,0.2754254937171936,0.1788485050201416,0.13988454639911652,1.0,0.0,0.0,0.0,0.0
17722000000,5934,0,,0,0.36673250794410706,-0.1606755554676056,0.16924114525318146,1.0,0.0,0.0,0.0,0.0
17723000000,5935,0,,0,0.33361369371414185,0.11416991055011749,-0.28456348180770874,1.0,0.0,0.0,0.0,0.0
17726000000,5936,0,,0,-0.22607602179050446,0.040138740092515945,0.11855749040842056,1.0,0.0,0.0,0.0,0.0
17728000000,5937,0,,0,-0.23372942209243774,0.06865747272968292,-0.03610919043421745,1.0,0.0,0.0,0.0,0.0
17730000000,5938,0,,0,0.0684262290596962,-0.2715618312358856,-0.3935397267341614,1.0,0.0,0.0,0.0,0.0
17732000000,5939,0,,0,0.23869292438030243,-0.3076186776161194,0.22328196465969086,1.0,0.0,0.0,0.0,0.0
17734000000,5940,0,,0,-0.09581270068883896,0.13121677935123444,0.04976909980177879,1.0,0.0,0.0,0.0,0.0
17736000000,5941,0,,0,0.13329346477985382,-0.36800020933151245,-0.045483775436878204,1.0,0.0,0.0,0.0,0.0
17738000000,5942,0,,0,-0.07822074741125107,0.16296136379241943,0.01972184330224991,1.0,0.0,0.0,0.0,0.0
17740000000,5943,0,,0,-0.13861152529716492,0.313138484954834,0.13818852603435516,1.0,0.0,0.0,0.0,0.0
17742000000,5944,0,,0,-0.36267855763435364,-0.042959604412317276,0.15294435620307922,1.0,0.0,0.0,0.0,0.0
17744000000,5945,0,,0,-0.07237519323825836,0.13194076716899872,0.08036782592535019,1.0,0.0,0.0,0.0,0.0
17745000000,5946,0,,0,-0.32150501012802124,0.18656963109970093,-0.06716910749673843,1.0,0.0,0.0,0.0,0.0
17748000000,5947,0,,0,-0.02471351996064186,-0.22312942147254944,-0.32714566588401794,1.0,0.0,0.0,0.0,0.0
17750000000,5948,0,,0,-0.1786281168460846,0.05908675864338875,0.17736250162124634,1.0,0.0,0.0,0.0,0.0
17752000000,5949,0,,0,-0.1774914264678955,0.06724223494529724,-0.2996310293674469,1.0,0.0,0.0,0.0,0.0
17753000000,5950,0,,0,-0.21536582708358765,-0.3911738991737366,0.18840640783309937,1.0,0.0,0.0,0.0,0.0
17756000000,5951,0,,0,-0.13396382331848145,-0.259574294090271,-0.171319842338562,1.0,0.0,0.0,0.0,0.0
17758000000,5952,0,,0,-0.23048162460327148,0.18722748756408691,-0.25148212909698486,1.0,0.0,0.0,0.0,0.0
17759000000,5953,0,,0,0.21087528765201569,0.3015211820602417,0.10784924030303955,1.0,0.0,0.0,0.0,0.0
17762000000,5954,0,,0,-0.3658798336982727,0.37480437755584717,0.2688198387622833,1.0,0.0,0.0,0.0,0.0
17763000000,5955,0,,0,0.11896471679210663,0.37599077820777893,0.3203553259372711,1.0,0.0,0.0,0.0,0.0
17766000000,5956,0,,0,0.21851804852485657,0.2616861164569855,0.21329714357852936,1.0,0.0,0.0,0.0,0.0
17767000000,5957,0,,0,0.12538187205791473,-0.26108676195144653,-0.07198568433523178,1.0,0.0,0.0,0.0,0.0
17769000000,5958,0,,0,-0.014189835637807846,-0.38408857583999634,0.0370003916323185,1.0,0.0,0.0,0.0,0.0
17771000000,5959,0,,0,0.05623101070523262,-0.0822242796421051,-0.3699043095111847,1.0,0.0,0.0,0.0,0.0
17773000000,5960,0,,0,0.21510280668735504,-0.3340676724910736,-0.17534030973911285,1.0,0.0,0.0,0.0,0.0
17775000000,5961,0,,0,0.044509001076221466,0.16129136085510254,-0.08452078700065613,1.0,0.0,0.0,0.0,0.0
17778000000,5962,0,,0,-0.20890012383460999,-0.0510840080678463,0.32852810621261597,1.0,0.0,0.0,0.0,0.0
17780000000,5963,0,,0,-0.3034617006778717,0.022089876234531403,0.18505175411701202,1.0,0.0,0.0,0.0,0.0
17782000000,5964,0,,0,-0.15322262048721313,-0.21454566717147827,0.07890670746564865,1.0,0.0,0.0,0.0,0.0
17784000000,5965,0,,0,0.0887753963470459,0.33303090929985046,-0.19478784501552582,1.0,0.0,0.0,0.0,0.0
17786000000,5966,0,,0,0.335061639547348,0.09505289793014526,-0.19632156193256378,1.0,0.0,0.0,0.0,0.0
17788000000,5967,0,,0,0.20796509087085724,0.3713015019893646,-0.26041561365127563,1.0,0.0,0.0,0.0,0.0
17790000000,5968,0,,0,-0.366054505109787,-0.35535678267478943,-0.2745424211025238,1.0,0.0,0.0,0.0,0.0
17792000000,5969,0,,0,-0.12486302107572556,-0.15248185396194458,0.11799468100070953,1.0,0.0,0.0,0.0,0.0
17793000000,5970,0,,0,-0.385103702545166,-0.23032286763191223,0.16181734204292297,1.0,0.0,0.0,0.0,0.0
17795000000,5971,0,,0,-0.3520813584327698,-0.013477847911417484,-0.14328615367412567,1.0,0.0,0.0,0.0,0.0
17797000000,5972,0,,0,-0.10414093732833862,-0.001511423266492784,0.2989211976528168,1.0,0.0,0.0,0.0,0.0
17799000000,5973,0,,0,0.14861886203289032,0.335870623588562,-0.04904215410351753,1.0,0.0,0.0,0.0,0.0
17801000000,5974,0,,0,0.08672508597373962,0.1175156831741333,-0.23214179277420044,1.0,0.0,0.0,0.0,0.0
17803000000,5975,0,,0,0.3328554332256317,0.2771413028240204,-0.36655083298683167,1.0,0.0,0.0,0.0,0.0
17805000000,5976,0,,0,0.2340085655450821,-0.2039199322462082,0.2679060101509094,1.0,0.0,0.0,0.0,0.0
17808000000,5977,0,,0,-0.07207559049129486,-0.20899656414985657,0.2430928498506546,1.0,0.0,0.0,0.0,0.0
17810000000,5978,0,,0,0.06108199432492256,0.0018412083154544234,-0.2439507097005844,1.0,0.0,0.0,0.0,0.0
17811000000,5979,0,,0,-0.07414086908102036,0.18759401142597198,0.12185338139533997,1.0,0.0,0.0,0.0,0.0
17813000000,5980,0,,0,-0.3299640119075775,0.2922985553741455,0.3242511749267578,1.0,0.0,0.0,0.0,0.0
17815000000,5981,0,,0,-0.3259432911872864,-0.3727564811706543,0.23641152679920197,1.0,0.0,0.0,0.0,0.0
17817000000,5982,0,,0,0.08244834840297699,0.010275554843246937,-0.0375712588429451,1.0,0.0,0.0,0.0,0.0
17820000000,5983,0,,0,-0.3529396057128906,-0.19659772515296936,0.26718559861183167,1.0,0.0,0.0,0.0,0.0
17822000000,5984,0,,0,0.06241970881819725,0.10386555641889572,0.03865215927362442,1.0,0.0,0.0,0.0,0.0
17823000000,5985,0,,0,-0.10296126455068588,-0.14671914279460907,-0.22407683730125427,1.0,0.0,0.0,0.0,0.0
17826000000,5986,0,,0,0.38253629207611084,0.04538699984550476,-0.22840501368045807,1.0,0.0,0.0,0.0,0.0
17828000000,5987,0,,0,0.11582162976264954,-0.051141250878572464,0.09064480662345886,1.0,0.0,0.0,0.0,0.0
17830000000,5988,0,,0,0.3927881121635437,0.16469548642635345,-0.023595768958330154,1.0,0.0,0.0,0.0,0.0
17832000000,5989,0,,0,0.38057783246040344,0.04039398580789566,-0.3032160699367523,1.0,0.0,0.0,0.0,0.0
17834000000,5990,0,,0,-0.09277739375829697,-0.17037957906723022,0.2553834915161133,1.0,0.0,0.0,0.0,0.0
17836000000,5991,0,,0,-0.2558102309703827,0.3806318938732147,0.3194560408592224,1.0,0.0,0.0,0.0,0.0
17838000000,5992,0,,0,-0.1206817626953125,0.22767819464206696,0.283955842256546,1.0,0.0,0.0,0.0,0.0
17840000000,5993,0,,0,-0.33784353733062744,-0.18182362616062164,-0.21470798552036285,1.0,0.0,0.0,0.0,0.0
17842000000,5994,0,,0,-0.36316198110580444,-0.24147625267505646,-0.045428697019815445,1.0,0.0,0.0,0.0,0.0
17844000000,5995,0,,0,0.28283336758613586,0.23983217775821686,0.025837501510977745,1.0,0.0,0.0,0.0,0.0
17846000000,5996,0,,0,-0.25070828199386597,0.2965860962867737,-0.0349348746240139,1.0,0.0,0.0,0.0,0.0
17848000000,5997,0,,0,0.17733418941497803,-0.322131872177124,-0.0815960019826889,1.0,0.0,0.0,0.0,0.0
17849000000,5998,0,,0,-0.0023780616465955973,0.1035475879907608,-0.1785203069448471,1.0,0.0,0.0,0.0,0.0
17852000000,5999,0,,0,-0.09569375216960907,0.21349838376045227,0.2974209189414978,1.0,0.0,0.0,0.0,0.0
17854000000,6000,0,,0,0.044421739876270294,0.38737237453460693,0.06953354924917221,1.0,0.0,0.0,0.0,0.0
17856000000,6001,0,,0,-0.33207967877388,-0.10824023187160492,-0.13824571669101715,1.0,0.0,0.0,0.0,0.0
17858000000,6002,0,,0,0.2132321447134018,-0.39753225445747375,0.1802695095539093,1.0,0.0,0.0,0.0,0.0
17860000000,6003,0,,0,0.08631917834281921,-0.03038691356778145,0.2507927715778351,1.0,0.0,0.0,0.0,0.0
17862000000,6004,0,,0,-0.004287553485482931,0.02675454504787922,0.07023094594478607,1.0,0.0,0.0,0.0,0.0
17864000000,6005,0,,0,-0.15011830627918243,0.3553919792175293,0.29529547691345215,1.0,0.0,0.0,0.0,0.0
17866000000,6006,0,,0,0.2356499880552292,0.35775235295295715,-0.3603889048099518,1.0,0.0,0.0,0.0,0.0
17868000000,6007,0,,0,-0.053430236876010895,0.31074821949005127,-0.07677561789751053,1.0,0.0,0.0,0.0,0.0
17870000000,6008,0,,0,-0.057258449494838715,0.07899691164493561,-0.18072611093521118,1.0,0.0,0.0,0.0,0.0
17872000000,6009,0,,0,-0.06844787299633026,0.09560740739107132,0.1575823426246643,1.0,0.0,0.0,0.0,0.0
17874000000,6010,0,,0,-0.31765103340148926,0.3664748966693878,-0.3877794146537781,1.0,0.0,0.0,0.0,0.0
17876000000,6011,0,,0,-0.29462477564811707,0.14780652523040771,-0.02745905891060829,1.0,0.0,0.0,0.0,0.0
17878000000,6012,0,,0,0.16027285158634186,-0.25422292947769165,0.044374674558639526,1.0,0.0,0.0,0.0,0.0
17880000000,6013,0,,0,0.331307053565979,-0.011384110897779465,0.02570319175720215,1.0,0.0,0.0,0.0,0.0
17882000000,6014,0,,0,0.14066985249519348,-0.2765456438064575,-0.26871970295906067,1.0,0.0,0.0,0.0,0.0
17884000000,6015,0,,0,-0.018357444554567337,-0.26497188210487366,-0.07818607240915298,1.0,0.0,0.0,0.0,0.0
17886000000,6016,0,,0,0.15708400309085846,0.2386411875486374,-0.23241376876831055,1.0,0.0,0.0,0.0,0.0
17888000000,6017,0,,0,0.37198373675346375,-0.15586237609386444,0.14590075612068176,1.0,0.0,0.0,0.0,0.0
17890000000,6018,0,,0,0.2717066705226898,-0.1059742420911789,0.36425113677978516,1.0,0.0,0.0,0.0,0.0
17892000000,6019,0,,0,0.1007135882973671,-0.3033335506916046,-0.17842014133930206,1.0,0.0,0.0,0.0,0.0
17894000000,6020,0,,0,-0.019175918772816658,-0.027227208018302917,-0.040922101587057114,1.0,0.0,0.0,0.0,0.0
17896000000,6021,0,,0,0.11029773205518723,0.029753517359495163,-0.2016550451517105,1.0,0.0,0.0,0.0,0.0
17898000000,6022,0,,0,0.030814005061984062,-0.16363728046417236,0.1881183683872223,1.0,0.0,0.0,0.0,0.0
17900000000,6023,0,,0,-0.10702583938837051,-0.1119338721036911,0.19646291434764862,1.0,0.0,0.0,0.0,0.0
17902000000,6024,0,,0,-0.0354570597410202,0.12409624457359314,0.009082041680812836,1.0,0.0,0.0,0.0,0.0
17904000000,6025,0,,0,-0.04819004237651825,0.19526249170303345,0.3316602110862732,1.0,0.0,0.0,0.0,0.0
17906000000,6026,0,,0,0.006605132482945919,0.27653196454048157,0.2180304080247879,1.0,0.0,0.0,0.0,0.0
17908000000,6027,0,,0,0.03181557357311249,0.25835326313972473,0.08874022215604782,1.0,0.0,0.0,0.0,0.0
17910000000,6028,0,,0,-0.36578118801116943,0.3747955560684204,-0.382910817861557,1.0,0.0,0.0,0.0,0.0
17912000000,6029,0,,0,-0.31569209694862366,0.3153456747531891,0.14758948981761932,1.0,0.0,0.0,0.0,0.0
17914000000,6030,0,,0,0.3578009307384491,-0.07545433938503265,0.3718891739845276,1.0,0.0,0.0,0.0,0.0
17916000000,6031,0,,0,-0.3353818655014038,0.02219315618276596,0.3573228120803833,1.0,0.0,0.0,0.0,0.0
17918000000,6032,0,,0,-0.2971500754356384,0.23295095562934875,-0.07722397893667221,1.0,0.0,0.0,0.0,0.0
17920000000,6033,0,,0,-0.11652681976556778,-0.0915302187204361,0.27589336037635803,1.0,0.0,0.0,0.0,0.0
17922000000,6034,0,,0,-0.30443304777145386,-0.24721908569335938,0.35542696714401245,1.0,0.0,0.0,0.0,0.0
17924000000,6035,0,,0,-0.08286833763122559,0.196415513753891,-0.08487976342439651,1.0,0.0,0.0,0.0,0.0
17925000000,6036,0,,0,0.19962352514266968,0.0146540068089962,0.19105422496795654,1.0,0.0,0.0,0.0,0.0
17927000000,6037,0,,0,0.2997010350227356,0.31719639897346497,-0.21225960552692413,1.0,0.0,0.0,0.0,0.0
17930000000,6038,0,,0,-0.1908286064863205,0.09276192635297775,0.010877922177314758,1.0,0.0,0.0,0.0,0.0
17931000000,6039,0,,0,-0.32685983180999756,0.011404557153582573,0.2193550020456314,1.0,0.0,0.0,0.0,0.0
17934000000,6040,0,,0,-0.14556649327278137,0.3818240761756897,-0.04789334163069725,1.0,0.0,0.0,0.0,0.0
17936000000,6041,0,,0,0.23157082498073578,-0.007857031188905239,0.2961658239364624,1.0,0.0,0.0,0.0,0.0
17938000000,6042,0,,0,0.048411931842565536,-0.25285401940345764,-0.06831458956003189,1.0,0.0,0.0,0.0,0.0
17940000000,6043,0,,0,0.24316705763339996,0.14457659423351288,0.39794862270355225,1.0,0.0,0.0,0.0,0.0
17942000000,6044,0,,0,-0.10207618772983551,0.22855038940906525,0.341632217168808,1.0,0.0,0.0,0.0,0.0
17944000000,6045,0,,0,0.3772517442703247,0.23336662352085114,-0.3148205280303955,1.0,0.0,0.0,0.0,0.0
17946000000,6046,0,,0,0.3885174095630646,-0.3722243309020996,-0.3302496373653412,1.0,0.0,0.0,0.0,0.0
17948000000,6047,0,,0,-0.1523539274930954,-0.2866132855415344,-0.17626509070396423,1.0,0.0,0.0,0.0,0.0
17950000000,6048,0,,0,0.23392774164676666,0.01064608059823513,0.32263490557670593,1.0,0.0,0.0,0.0,0.0
17952000000,6049,0,,0,0.04812602698802948,0.14785896241664886,-0.09570515900850296,1.0,0.0,0.0,0.0,0.0
17953000000,6050,0,,0,-0.040689606219530106,0.23237209022045135,0.1789524257183075,1.0,0.0,0.0,0.0,0.0
17956000000,6051,0,,0,-0.17736580967903137,-0.09502770751714706,0.24713651835918427,1.0,0.0,0.0,0.0,0.0
17958000000,6052,0,,0,-0.3229546546936035,0.27403783798217773,0.1105516254901886,1.0,0.0,0.0,0.0,0.0
17960000000,6053,0,,0,0.16401423513889313,0.13967517018318176,0.2274545431137085,1.0,0.0,0.0,0.0,0.0
17962000000,6054,0,,0,0.2008698731660843,-0.28776589035987854,-0.05883384123444557,1.0,0.0,0.0,0.0,0.0
17964000000,6055,0,,0,-0.040906548500061035,0.17903469502925873,0.1638297140598297,1.0,0.0,0.0,0.0,0.0
17966000000,6056,0,,0,0.013180360198020935,0.0686410441994667,0.2149517834186554,1.0,0.0,0.0,0.0,0.0
17968000000,6057,0,,0,0.11923855543136597,-0.08939032256603241,0.3912220895290375,1.0,0.0,0.0,0.0,0.0
17970000000,6058,0,,0,-0.2226216346025467,-0.0974629670381546,-0.21507419645786285,1.0,0.0,0.0,0.0,0.0
17972000000,6059,0,,0,0.08424580842256546,-0.09498009830713272,0.2704247236251831,1.0,0.0,0.0,0.0,0.0
17974000000,6060,0,,0,0.20203760266304016,-0.3012591302394867,0.3293417692184448,1.0,0.0,0.0,0.0,0.0
17975000000,6061,0,,0,-0.3281228840351105,0.31058791279792786,0.3625933825969696,1.0,0.0,0.0,0.0,0.0
17978000000,6062,0,,0,-0.05522126331925392,-0.2833900451660156,0.14186547696590424,1.0,0.0,0.0,0.0,0.0
17979000000,6063,0,,0,0.07727830857038498,0.17175187170505524,0.3827555775642395,1.0,0.0,0.0,0.0,0.0
17981000000,6064,0,,0,-0.09565266221761703,-0.3300156891345978,0.04898226633667946,1.0,0.0,0.0,0.0,0.0
17984000000,6065,0,,0,-0.10196062922477722,-0.29503726959228516,0.012084068730473518,1.0,0.0,0.0,0.0,0.0
17985000000,6066,0,,0,-0.04597814008593559,-0.1357751190662384,0.34010326862335205,1.0,0.0,0.0,0.0,0.0
17988000000,6067,0,,0,0.1375437080860138,0.15150706470012665,-0.36519742012023926,1.0,0.0,0.0,0.0,0.0
17990000000,6068,0,,0,-0.0832485556602478,0.2645662724971771,-0.18286538124084473,1.0,0.0,0.0,0.0,0.0
17991000000,6069,0,,0,0.3132430911064148,0.05682477727532387,0.2435922473669052,1.0,0.0,0.0,0.0,0.0
17994000000,6070,0,,0,-0.31918787956237793,-0.07701850682497025,-0.35053202509880066,1.0,0.0,0.0,0.0,0.0
17996000000,6071,0,,0,-0.1728001981973648,0.21764478087425232,-0.2565029561519623,1.0,0.0,0.0,0.0,0.0
17998000000,6072,0,,0,0.32457435131073,0.1757965087890625,0.3676569163799286,1.0,0.0,0.0,0.0,0.0
18000000000,6073,0,,0,-0.1283242106437683,-0.2651018500328064,0.1749066561460495,1.0,0.0,0.0,0.0,0.0
18002000000,6074,0,,0,0.19860509037971497,-0.2574079930782318,0.13575634360313416,1.0,0.0,0.0,0.0,0.0
18004000000,6075,0,,0,-0.1888876110315323,-0.14136481285095215,-0.3167320191860199,1.0,0.0,0.0,0.0,0.0
18005000000,6076,0,,0,0.11034343391656876,0.1516156941652298,-0.23139245808124542,1.0,0.0,0.0,0.0,0.0
18007000000,6077,0,,0,-0.16910164058208466,-0.2502908706665039,0.3224326968193054,1.0,0.0,0.0,0.0,0.0
18009000000,6078,0,,0,0.15466243028640747,-0.23271742463111877,-0.3781649172306061,1.0,0.0,0.0,0.0,0.0
18011000000,6079,0,,0,-0.07225888967514038,-0.08093820512294769,0.3404102027416229,1.0,0.0,0.0,0.0,0.0
18013000000,6080,0,,0,-0.38651368021965027,0.00021337908401619643,-0.031057316809892654,1.0,0.0,0.0,0.0,0.0
18015000000,6081,0,,0,-0.07947491109371185,-0.22292521595954895,-0.11466453224420547,1.0,0.0,0.0,0.0,0.0
18017000000,6082,0,,0,-0.17548252642154694,-0.006952886935323477,0.08312582969665527,1.0,0.0,0.0,0.0,0.0
18019000000,6083,0,,0,-0.12985506653785706,-0.00819382257759571,0.3080712556838989,1.0,0.0,0.0,0.0,0.0
18022000000,6084,0,,0,0.25393977761268616,0.35651829838752747,0.19703692197799683,1.0,0.0,0.0,0.0,0.0
18024000000,6085,0,,0,-0.01685941033065319,-0.2737913131713867,-0.040312670171260834,1.0,0.0,0.0,0.0,0.0
18026000000,6086,0,,0,0.24785348773002625,-0.17577221989631653,-0.10627458989620209,1.0,0.0,0.0,0.0,0.0
18028000000,6087,0,,0,-0.0389886237680912,-0.20614780485630035,-0.10654158890247345,1.0,0.0,0.0,0.0,0.0
18029000000,6088,0,,0,-0.20706072449684143,0.07224470376968384,0.39684662222862244,1.0,0.0,0.0,0.0,0.0
18031000000,6089,0,,0,0.38149338960647583,-0.21449163556098938,-0.02946571074426174,1.0,0.0,0.0,0.0,0.0
18033000000,6090,0,,0,-0.06123650074005127,0.07013346999883652,-0.09747452288866043,1.0,0.0,0.0,0.0,0.0
18035000000,6091,0,,0,0.2326318919658661,-0.1314384490251541,-0.3734140694141388,1.0,0.0,0.0,0.0,0.0
18037000000,6092,0,,0,-0.050731111317873,0.2764321267604828,-0.25720250606536865,1.0,0.0,0.0,0.0,0.0
18039000000,6093,0,,0,-0.19703415036201477,0.08865783363580704,0.1996701955795288,1.0,0.0,0.0,0.0,0.0
18041000000,6094,0,,0,-0.25643059611320496,0.08051501214504242,0.34963130950927734,1.0,0.0,0.0,0.0,0.0
18043000000,6095,0,,0,0.20677915215492249,-0.13295821845531464,-0.3182012438774109,1.0,0.0,0.0,0.0,0.0
18045000000,6096,0,,0,0.0637810155749321,-0.2880669832229614,-0.2624182105064392,1.0,0.0,0.0,0.0,0.0
18047000000,6097,0,,0,0.04538848623633385,-0.22202838957309723,-0.14567334949970245,1.0,0.0,0.0,0.0,0.0
18049000000,6098,0,,0,0.2332688570022583,0.04202339053153992,0.3055839538574219,1.0,0.0,0.0,0.0,0.0
18051000000,6099,0,,0,0.3282274305820465,0.15774160623550415,0.3865413963794708,1.0,0.0,0.0,0.0,0.0
18053000000,6100,0,,0,-0.2765408754348755,0.012980897910892963,0.024779915809631348,1.0,0.0,0.0,0.0,0.0
18055000000,6101,0,,0,0.22858230769634247,0.30160513520240784,0.393668532371521,1.0,0.0,0.0,0.0,0.0
18058000000,6102,0,,0,-0.06741427630186081,0.2948985993862152,-0.013902753591537476,1.0,0.0,0.0,0.0,0.0
18060000000,6103,0,,0,0.32752880454063416,0.19687849283218384,-0.3977539837360382,1.0,0.0,0.0,0.0,0.0
18062000000,6104,0,,0,0.39913299679756165,-0.3357231020927429,-0.1598871797323227,1.0,0.0,0.0,0.0,0.0
18064000000,6105,0,,0,-0.37398087978363037,-0.04401375353336334,-0.10900503396987915,1.0,0.0,0.0,0.0,0.0
18066000000,6106,0,,0,0.3797582685947418,-0.057955045253038406,-0.35374873876571655,1.0,0.0,0.0,0.0,0.0
18068000000,6107,0,,0,-0.33079928159713745,-0.2897646725177765,0.14761009812355042,1.0,0.0,0.0,0.0,0.0
18070000000,6108,0,,0,0.26805585622787476,0.09752202779054642,-0.24183480441570282,1.0,0.0,0.0,0.0,0.0
18072000000,6109,0,,0,0.29072538018226624,0.3531404733657837,-0.38392648100852966,1.0,0.0,0.0,0.0,0.0
18073000000,6110,0,,0,0.30304792523384094,-0.24101421236991882,-0.05204780772328377,1.0,0.0,0.0,0.0,0.0
18076000000,6111,0,,0,0.28584006428718567,0.3823879063129425,-0.2259753942489624,1.0,0.0,0.0,0.0,0.0
18077000000,6112,0,,0,0.25800052285194397,-0.33402177691459656,0.20121333003044128,1.0,0.0,0.0,0.0,0.0
18079000000,6113,0,,0,-0.25378653407096863,0.29930227994918823,0.041905347257852554,1.0,0.0,0.0,0.0,0.0
18082000000,6114,0,,0,0.25374916195869446,0.3838287591934204,-0.08645370602607727,1.0,0.0,0.0,0.0,0.0
18084000000,6115,0,,0,-0.05991183593869209,-0.03406335785984993,-0.11838209629058838,1.0,0.0,0.0,0.0,0.0
18086000000,6116,0,,0,-0.3542673587799072,0.08974184095859528,-0.18095438182353973,1.0,0.0,0.0,0.0,0.0
18088000000,6117,0,,0,-0.3830028772354126,-0.18142174184322357,0.09882023930549622,1.0,0.0,0.0,0.0,0.0
18090000000,6118,0,,0,-0.20319324731826782,0.18887554109096527,-0.1260279417037964,1.0,0.0,0.0,0.0,0.0
18092000000,6119,0,,0,-0.06396397948265076,0.36319029331207275,-0.09638533741235733,1.0,0.0,0.0,0.0,0.0
18094000000,6120,0,,0,-0.22593079507350922,0.10514095425605774,-0.14926163852214813,1.0,0.0,0.0,0.0,0.0
18096000000,6121,0,,0,0.08726278692483902,0.20070910453796387,0.28196340799331665,1.0,0.0,0.0,0.0,0.0
18098000000,6122,0,,0,0.08381108939647675,-0.018194979056715965,-0.1594596803188324,1.0,0.0,0.0,0.0,0.0
18100000000,6123,0,,0,0.3634358048439026,0.05504791438579559,0.3373430669307709,1.0,0.0,0.0,0.0,0.0
18101000000,6124,0,,0,0.3545280992984772,-0.37568387389183044,0.1036880761384964,1.0,0.0,0.0,0.0,0.0
18103000000,6125,0,,0,-0.39028704166412354,0.19229911267757416,0.14703473448753357,1.0,0.0,0.0,0.0,0.0
