%time,field.header.seq,field.header.stamp,field.header.frame_id,field.pose.position.x,field.pose.position.y,field.pose.position.z,field.pose.orientation.x,field.pose.orientation.y,field.pose.orientation.z,field.pose.orientation.w
31163000000,4390,31163000000,map,0.13703909037032466,-0.2132940709272055,0.09588849955497895,0.0,0.0,0.0,0.0
31165000000,4391,31165000000,map,0.1843093802100544,-0.2392981194189312,0.06710386825875016,0.0,0.0,0.0,0.0
31167000000,4392,31167000000,map,0.22022810224035752,-0.24981419140762054,0.03732343505532395,0.0,0.0,0.0,0.0
31169000000,4393,31169000000,map,0.24258303151481342,-0.24416166024949343,0.006989132920523983,0.0,0.0,0.0,0.0
31171000000,4394,31171000000,map,0.24999733363015064,-0.22270637198619772,-0.023448885915979673,0.0,0.0,0.0,0.0
31173000000,4395,31173000000,map,0.24201436360646858,-0.18683696686820847,-0.053538930098915125,0.0,0.0,0.0,0.0
31175000000,4396,31175000000,map,0.21912579053532807,-0.13887500306320613,-0.08283447211559078,0.0,0.0,0.0,0.0
31177000000,4397,31177000000,map,0.18274131580575426,-0.08192469956905905,-0.11090077463466658,0.0,0.0,0.0,0.0
31179000000,4398,31179000000,map,0.1351018499542898,-0.01967202334836051,-0.13732134188177592,0.0,0.0,0.0,0.0
31181000000,4399,31181000000,map,0.07914149555541972,0.04385387573000261,-0.16170410031579907,0.0,0.0,0.0,0.0
31183000000,4400,31183000000,map,0.01830683659172288,0.10454144160885187,-0.18368721688629167,0.0,0.0,0.0,0.0
31185000000,4401,31185000000,map,-0.04365533577747421,0.15846282229935557,-0.2029444685307848,0.0,0.0,0.0,0.0
31187000000,4402,31187000000,map,-0.10292878712913214,0.2021280903453854,-0.21919008323040942,0.0,0.0,0.0,0.0
31189000000,4403,31189000000,map,-0.1558628806829224,0.23271111971140188,-0.23218298078327027,0.0,0.0,0.0,0.0
31191000000,4404,31191000000,map,-0.19919741909186922,0.24823249977220804,-0.24173035036501386,0.0,0.0,0.0,0.0
31193000000,4405,31193000000,map,-0.23026343916663963,0.24768764774931323,-0.2476905117851356,0.0,0.0,0.0,0.0
31195000000,4406,31195000000,map,-0.24714759263889133,0.2311118278368062,-0.24997501797993757,0.0,0.0,0.0,0.0
31197000000,4407,31197000000,map,-0.24880998879430172,0.19957786881396983,-0.24854996754130385,0.0,0.0,0.0,0.0
31199000000,4408,31199000000,map,-0.2351482410768439,0.15512672786648224,-0.2434365078036698,0.0,0.0,0.0,0.0
31201000000,4409,31201000000,map,-0.20700377305075457,0.10063539470189063,-0.23471052102376194,0.0,0.0,0.0,0.0
31203000000,4410,31203000000,map,-0.16610999533730036,0.039630685534474026,-0.2225014983099492,0.0,0.0,0.0,0.0
31205000000,4411,31205000000,map,-0.11498554529594268,-0.023939021334763715,-0.20699061801185162,0.0,0.0,0.0,0.0
31207000000,4412,31207000000,map,-0.05677916479039016,-0.08595933449860864,-0.18840805708611685,0.0,0.0,0.0,0.0
31209000000,4413,31209000000,map,0.004924230020924539,-0.14241614320964238,-0.16702957533762397,0.0,0.0,0.0,0.0
31211000000,4414,31211000000,map,0.06632434275865061,-0.18965542072959607,-0.14317242322362286,0.0,0.0,0.0,0.0
31213000000,4415,31213000000,map,0.12363955610947908,-0.2246197221358894,-0.11719063394947749,0.0,0.0,0.0,0.0
31215000000,4416,31215000000,map,0.17333984067307104,-0.24504606985059424,-0.0894697697188311,0.0,0.0,0.0,0.0
31217000000,4417,31217000000,map,0.2123641685749571,-0.24961241924509994,-0.06042120010207156,0.0,0.0,0.0,0.0
31219000000,4418,31219000000,map,0.23830904139371806,-0.23802322469489826,-0.030475997431935315,0.0,0.0,0.0,0.0
31221000000,4419,31221000000,map,0.24957652101687272,-0.21102856803658548,-7.853981509269964e-05,0.0,0.0,0.0,0.0
31223000000,4420,31223000000,map,0.24547264624271634,-0.1703756113833617,0.03032008330978516,0.0,0.0,0.0,0.0
31225000000,4421,31225000000,map,0.2262501736738744,-0.11869551639652157,0.06026876520822656,0.0,0.0,0.0,0.0
31227000000,4422,31227000000,map,0.1930930105026704,-0.05933314888101893,0.08932307614282403,0.0,0.0,0.0,0.0
31229000000,4423,31229000000,map,0.1480432979683176,0.0038694093469237812,0.11705185858135263,0.0,0.0,0.0,0.0
31231000000,4424,31231000000,map,0.09387563639785745,0.06682152966445203,0.1430436254495203,0.0,0.0,0.0,0.0
31233000000,4425,31233000000,map,0.03392619827870449,0.12544879241985452,0.16691266647908753,0.0,0.0,0.0,0.0
31235000000,4426,31235000000,map,-0.028112745756188943,0.1759566936270835,0.18830477203663787,0.0,0.0,0.0,0.0
31237000000,4427,31237000000,map,-0.08842023293633255,0.21507623481270707,0.20690248949152176,0.0,0.0,0.0,0.0
31239000000,4428,31239000000,map,-0.1432819404783472,0.24027550082340213,0.22242983412046657,0.0,0.0,0.0,0.0
31241000000,4429,31241000000,map,-0.18931894977990438,0.2499235317468354,0.23465638464084368,0.0,0.0,0.0,0.0
31243000000,4430,31243000000,map,-0.22369585315750395,0.24339588274156831,0.2434007025954954,0.0,0.0,0.0,0.0
31245000000,4431,31245000000,map,-0.2442953858831201,0.2211150396785359,0.24853302484678474,0.0,0.0,0.0,0.0
31247000000,4432,31247000000,map,-0.24984882797991934,0.18452307479251245,0.24997718922372453,0.0,0.0,0.0,0.0
31249000000,4433,31249000000,map,-0.24001414436289342,0.13598831213781887,0.24771176474660167,0.0,0.0,0.0,0.0
31251000000,4434,31251000000,map,-0.21539705069244258,0.07865204369509306,0.2417703696563863,0.0,0.0,0.0,0.0
31253000000,4435,31253000000,map,-0.17751370750121787,0.016225217049994457,0.23224117252991416,0.0,0.0,0.0,0.0
31255000000,4436,31255000000,map,-0.12869734025289792,-0.047251746474842427,0.21926558388367118,0.0,0.0,0.0,0.0
31257000000,4437,31257000000,map,-0.07195453657945736,-0.10767045805474194,0.20303615768292874,0.0,0.0,0.0,0.0
31259000000,4438,31259000000,map,-0.010780071314915176,-0.16112046662736687,0.18379373389694137,0.0,0.0,0.0,0.0
31261000000,4439,31261000000,map,0.051058335797740245,-0.2041423531263515,0.16182386450346636,0.0,0.0,0.0,0.0
31263000000,4440,31263000000,map,0.10975207300611278,-0.23395163278920256,0.1374525759807148,0.0,0.0,0.0,0.0
31265000000,4441,31265000000,map,0.16168620797638908,-0.24861897401852323,0.11104153116898055,0.0,0.0,0.0,0.0
31267000000,4442,31267000000,map,0.20366213055626808,-0.2471950695783427,0.08298266229920917,0.0,0.0,0.0,0.0
31269000000,4443,31269000000,map,0.23309455435928325,-0.22977207814740241,0.053692354832627076,0.0,0.0,0.0,0.0
31271000000,4444,31271000000,map,0.24817074389581809,-0.19747765957755795,0.023605268421206176,0.0,0.0,0.0,0.0
31273000000,4445,31273000000,map,0.24796216049005382,-0.15240198991033255,-0.006832113314666076,0.0,0.0,0.0,0.0
31275000000,4446,31275000000,map,0.23248165074089558,-0.09746247992339013,-0.03716810847416155,0.0,0.0,0.0,0.0
31277000000,4447,31277000000,map,0.20268265530301266,-0.03621495296308946,-0.06695253970361564,0.0,0.0,0.0,0.0
31279000000,4448,31279000000,map,0.16040048671990742,0.027376496891027436,-0.09574341469766008,0.0,0.0,0.0,0.0
31281000000,4449,31281000000,map,0.10823929299113028,0.08919607097094093,-0.12311348523709682,0.0,0.0,0.0,0.0
31283000000,4450,31283000000,map,0.0494116687603738,0.1452426508682336,-0.14865658742778337,0.0,0.0,0.0,0.0
31285000000,4451,31285000000,map,-0.012459207571008999,0.19188876088552748,-0.17199366905507885,0.0,0.0,0.0,0.0
31287000000,4452,31287000000,map,-0.07356272447970626,0.22611534739382563,-0.1927784146085162,0.0,0.0,0.0,0.0
31289000000,4453,31289000000,map,-0.1301355319139051,0.24570717958006863,-0.21070238450335108,0.0,0.0,0.0,0.0
31291000000,4454,31291000000,map,-0.17869332506468785,0.24939622476063145,-0.22549959223437852,0.0,0.0,0.0,0.0
31293000000,4455,31293000000,map,-0.21624544181286673,0.23694371864762848,-0.23695045153836644,0.0,0.0,0.0,0.0
31295000000,4456,31295000000,map,-0.24047905684721033,0.20915561877449632,-0.2448850349904886,0.0,0.0,0.0,0.0
31297000000,4457,31297000000,map,-0.2499016279865718,0.16783044089616828,-0.24918559567774967,0.0,0.0,0.0,0.0
31299000000,4458,31299000000,map,-0.2439328214731081,0.11564285452339633,-0.2497883145291667,0.0,0.0,0.0,0.0
31301000000,4459,31301000000,map,-0.22294025458059655,0.05597057158059256,-0.24668424737210073,0.0,0.0,0.0,0.0
31303000000,4460,31303000000,map,-0.18821685416000933,-0.0073242676096662756,-0.23991945766123698,0.0,0.0,0.0,0.0
31305000000,4461,31305000000,map,-0.1419012256041961,-0.07014506176807789,-0.2295943329102901,0.0,0.0,0.0,0.0
31307000000,4462,31307000000,map,-0.0868459366857626,-0.12842589100277624,-0.21586209497049824,0.0,0.0,0.0,0.0
31309000000,4463,31309000000,map,-0.026441828634220888,-0.17839467337697043,-0.19892652626272822,0.0,0.0,0.0,0.0
31311000000,4464,31311000000,map,0.03559082491188282,-0.2168173035446624,-0.1790389457058469,0.0,0.0,0.0,0.0
31313000000,4465,31313000000,map,0.09543144861154253,-0.24120697218751452,-0.15649447921674792,0.0,0.0,0.0,0.0
31315000000,4466,31315000000,map,0.1493944736843153,-0.24998511857234954,-0.1316276801274195,0.0,0.0,0.0,0.0
31317000000,4467,31317000000,map,0.19415633115258762,-0.24258359897412,-0.1048075645111706,0.0,0.0,0.0,0.0
31319000000,4468,31319000000,map,0.22696014960956146,-0.21948145836778785,-0.07643213509068089,0.0,0.0,0.0,0.0
31321000000,4469,31321000000,map,0.24578555022702478,-0.1821739254318404,-0.046922474993705804,0.0,0.0,0.0,0.0
31323000000,4470,31323000000,map,0.2494730813730691,-0.1330756375857373,-0.01671649900184899,0.0,0.0,0.0,0.0
31325000000,4471,31325000000,map,0.2377956289431191,-0.07536435957871553,0.013737544978062509,0.0,0.0,0.0,0.0
31327000000,4472,31327000000,map,0.21147240425970776,-0.01277531055886404,0.04398772778211567,0.0,0.0,0.0,0.0
31329000000,4473,31329000000,map,0.17212464803034097,0.05064058871052533,0.07358514548706863,0.0,0.0,0.0,0.0
31331000000,4474,31331000000,map,0.12217577854479483,0.11077890163706897,0.10209058101408107,0.0,0.0,0.0,0.0
31333000000,4475,31333000000,map,0.06470213395971186,0.1637473252651354,0.12908102198249552,0.0,0.0,0.0,0.0
31335000000,4476,31335000000,map,0.003243501414496356,0.20611760991787373,0.1541559380908974,0.0,0.0,0.0,0.0
31337000000,4477,31337000000,map,-0.05841489755706322,0.23514744414390296,0.1769432248698841,0.0,0.0,0.0,0.0
31339000000,4478,31339000000,map,-0.11647553785826627,0.2489579440162278,0.1971047256049213,0.0,0.0,0.0,0.0
31341000000,4479,31341000000,map,-0.16736247943273777,0.24665525922773585,0.21434124948326255,0.0,0.0,0.0,0.0
31343000000,4480,31343000000,map,-0.2079416085025992,0.22838842533284268,0.22839701149875433,0.0,0.0,0.0,0.0
31345000000,4481,31345000000,map,-0.2357136668383519,0.19533971779135592,0.23906342822725216,0.0,0.0,0.0,0.0
31347000000,4482,31347000000,map,-0.24896818043675564,0.1496481321250684,0.24618221314373706,0.0,0.0,0.0,0.0
31349000000,4483,31349000000,map,-0.24688880717930242,0.09427094274531714,0.2496477255485008,0.0,0.0,0.0,0.0
31351000000,4484,31351000000,map,-0.22960361513563185,0.032792300710263136,0.2494085382444047,0.0,0.0,0.0,0.0
31353000000,4485,31353000000,map,-0.19817719488352997,-0.030808741551623404,0.24546820070154274,0.0,0.0,0.0,0.0
31355000000,4486,31355000000,map,-0.1545450916464466,-0.09241576452722164,0.23788518638413644,0.0,0.0,0.0,0.0
31357000000,4487,31357000000,map,-0.10139459555588957,-0.148041406650508,0.22677202502134008,0.0,0.0,0.0,0.0
31359000000,4488,31359000000,map,-0.041999232135917317,-0.1940854363764361,0.21229363269863757,0.0,0.0,0.0,0.0
31361000000,4489,31361000000,map,0.019982853299887648,-0.22756776822738145,0.19466486455132637,0.0,0.0,0.0,0.0
31363000000,4490,31363000000,map,0.08073419988778291,-0.24632134142478196,0.17414732637636307,0.0,0.0,0.0,0.0
31365000000,4491,31365000000,map,0.1365131476562683,-0.24913237751633074,0.15104549247866592,0.0,0.0,0.0,0.0
31367000000,4492,31367000000,map,0.18388428541143548,-0.23581893917194088,0.12570218736074895,0.0,0.0,0.0,0.0
31369000000,4493,31369000000,map,0.21993003683761103,-0.2072427056257657,0.0984934983067467,0.0,0.0,0.0,0.0
31371000000,4494,31371000000,map,0.24243035328021886,-0.16525320262735324,0.06982319435644901,0.0,0.0,0.0,0.0
31373000000,4495,31373000000,map,0.24999944597731072,-0.11256809648099567,0.04011673448979875,0.0,0.0,0.0,0.0
31375000000,4496,31375000000,map,0.24217113643643162,-0.05259729984308786,0.009814953939795156,0.0,0.0,0.0,0.0
31377000000,4497,31377000000,map,0.2194275682494595,0.01077772640618156,-0.020632477674760296,0.0,0.0,0.0,0.0
31379000000,4498,31379000000,map,0.18316951199135525,0.0734551910795869,-0.05077372931576011,0.0,0.0,0.0,0.0
31381000000,4499,31381000000,map,0.13563009211734525,0.13137845092989933,-0.08016151356654785,0.0,0.0,0.0,0.0
31383000000,4500,31383000000,map,0.0797372493956841,0.18079856681077455,-0.10835972424799756,0.0,0.0,0.0,0.0
31385000000,4501,31385000000,map,0.01893340978162013,0.21851694445265907,-0.13494990810693272,0.0,0.0,0.0,0.0
31387000000,4502,31387000000,map,-0.0430365337211018,0.24209235553276862,-0.15953747454085557,0.0,0.0,0.0,0.0
31389000000,4503,31389000000,map,-0.10235586806731083,0.2499989401166102,-0.1817575512082555,0.0,0.0,0.0,0.0
31391000000,4504,31391000000,map,-0.15537113055493956,0.241724964152291,-0.20128039862762898,0.0,0.0,0.0,0.0
31393000000,4505,31393000000,map,-0.19881712466299648,0.21780594018630903,-0.2178163034159814,0.0,0.0,0.0,0.0
31395000000,4506,31395000000,map,-0.23001802267381022,0.17978996764410957,-0.23111987755086774,0.0,0.0,0.0,0.0
31397000000,4507,31397000000,map,-0.24705216922147705,0.13013753593915764,-0.24099369985766525,0.0,0.0,0.0,0.0
31399000000,4508,31399000000,map,-0.2488704355563128,0.07206227540572932,-0.2472912456823492,0.0,0.0,0.0,0.0
31401000000,4509,31401000000,map,-0.2353608351175992,0.009322963057336552,-0.24991906127466568,0.0,0.0,0.0,0.0
31403000000,4510,31403000000,map,-0.20735542075739077,-0.05401975492227458,-0.24883815061479445,0.0,0.0,0.0,0.0
31405000000,4511,31405000000,map,-0.16657903881699637,-0.11386617841795496,-0.24406455410283515,0.0,0.0,0.0,0.0
31407000000,4512,31407000000,map,-0.11554309628024707,-0.16634289629239024,-0.23566911052403364,0.0,0.0,0.0,0.0
31409000000,4513,31409000000,map,-0.05739088385622041,-0.2080534833025713,-0.22377640582166108,0.0,0.0,0.0,0.0
31411000000,4514,31411000000,map,0.004296018495214821,-0.23629832528891823,-0.20856292427793838,0.0,0.0,0.0,0.0
31413000000,4515,31413000000,map,0.06571833016112225,-0.24924934499749962,-0.19025442953850638,0.0,0.0,0.0,0.0
31415000000,4516,31415000000,map,0.12309306660153495,-0.24606831984044072,-0.16912261434553533,0.0,0.0,0.0,0.0
31417000000,4517,31417000000,map,0.17288653240458293,-0.22696113377117097,-0.14548106869637475,0.0,0.0,0.0,0.0
31419000000,4518,31419000000,map,0.2120319606866882,-0.19316445195710236,-0.11968062625911041,0.0,0.0,0.0,0.0
31421000000,4519,31421000000,map,0.23811839448490568,-0.14686568069735914,-0.09210415810292179,0.0,0.0,0.0,0.0
31423000000,4520,31423000000,map,0.24953917698216652,-0.0910613929826551,-0.06316089100240001,0.0,0.0,0.0,0.0
31425000000,4521,31425000000,map,0.24559090509169446,-0.02936338275048814,-0.033280334631701415,0.0,0.0,0.0,0.0
31427000000,4522,31427000000,map,0.22651675187413914,0.03423509950887541,-0.002905907765032295,0.0,0.0,0.0,0.0
31429000000,4523,31429000000,map,0.1934914895707272,0.095617799972346,0.027511641928521933,0.0,0.0,0.0,0.0
31431000000,4524,31431000000,map,0.1485491356797102,0.15081187579138902,0.05752092684970975,0.0,0.0,0.0,0.0
31433000000,4525,31433000000,map,0.09445767833688441,0.19624502747797654,0.08667661792987512,0.0,0.0,0.0,0.0
31435000000,4526,31435000000,map,0.03454859663041401,0.22897670711878346,0.1145460531848898,0.0,0.0,0.0,0.0
31437000000,4527,31437000000,map,-0.027488324347954073,0.24688843803529592,0.14071565829353447,0.0,0.0,0.0,0.0
31439000000,4528,31439000000,map,-0.08783224642704036,0.24882092792613272,0.16479708391975315,0.0,0.0,0.0,0.0
31441000000,4529,31441000000,map,-0.14276660280733428,0.23464910118233437,0.18643296870442594,0.0,0.0,0.0,0.0
31443000000,4530,31443000000,map,-0.1889080004633249,0.20529019409536292,0.20530224240403916,0.0,0.0,0.0,0.0
31445000000,4531,31445000000,map,-0.22341460245906156,0.16264438901610292,0.22112489047945533,0.0,0.0,0.0,0.0
31447000000,4532,31447000000,map,-0.2441611559617126,0.10947182977122402,0.23366610943080104,0.0,0.0,0.0,0.0
31449000000,4533,31449000000,map,-0.24986988602228374,0.04921397820807509,0.2427397912128281,0.0,0.0,0.0,0.0
31451000000,4534,31451000000,map,-0.24018919340953665,-0.014229125875808804,0.24821128502432274,0.0,0.0,0.0,0.0
31453000000,4535,31453000000,map,-0.21571530951720003,-0.07675128512408261,0.24999939548697417,0.0,0.0,0.0,0.0
31455000000,4536,31455000000,map,-0.17795557462413683,-0.13430590804802658,0.24807758756106799,0.0,0.0,0.0,0.0
31457000000,4537,31457000000,map,-0.12923560119010707,-0.18316791461072893,0.24247438031779828,0.0,0.0,0.0,0.0
31459000000,4538,31459000000,map,-0.07255603997712215,-0.22017483278200797,0.23327292372459396,0.0,0.0,0.0,0.0
31461000000,4539,31461000000,map,-0.011407770731794518,-0.242931481686698,0.22060976472371918,0.0,0.0,0.0,0.0
31463000000,4540,31463000000,map,0.050443100209056284,-0.24996499373870135,0.2046728209152273,0.0,0.0,0.0,0.0
31465000000,4541,31465000000,map,0.1091871934487013,-0.2408201423375258,0.1856985919146752,0.0,0.0,0.0,0.0
31467000000,4542,31467000000,map,0.16120647523850676,-0.21608880527965527,0.16396864976713324,0.0,0.0,0.0,0.0
31469000000,4543,31469000000,map,0.20329709125512066,-0.17737165693793447,0.13980546050019618,0.0,0.0,0.0,0.0
31471000000,4544,31471000000,map,0.23286669117254524,-0.12717456858830983,0.11356759882166743,0.0,0.0,0.0,0.0
31473000000,4545,31473000000,map,0.248094090859076,-0.06874642211382566,0.08564442697511636,0.0,0.0,0.0,0.0
31475000000,4546,31475000000,map,0.2480414386443547,-0.005868834193848488,0.05645031671731773,0.0,0.0,0.0,0.0
31477000000,4547,31477000000,map,0.2327119773648831,0.057388599444580767,0.026418500161782134,0.0,0.0,0.0,0.0
31479000000,4548,31479000000,map,0.20304984463861384,0.11693169850350804,-0.004005359259870676,0.0,0.0,0.0,0.0
31481000000,4549,31481000000,map,0.16088192366928541,0.1689066837668026,-0.03436978031402724,0.0,0.0,0.0,0.0
31483000000,4550,31483000000,map,0.10880532597529613,0.20994960338840676,-0.06422416381483785,0.0,0.0,0.0,0.0
31485000000,4551,31485000000,map,0.05002743595183484,0.23740405632243652,-0.09312547938572037,0.0,0.0,0.0,0.0
31487000000,4552,31487000000,map,-0.011831631116825435,0.24949312128360587,-0.12064483990135058,0.0,0.0,0.0,0.0
31489000000,4553,31489000000,map,-0.07296199103696636,0.24543436356439408,-0.14637386604771718,0.0,0.0,0.0,0.0
31491000000,4554,31491000000,map,-0.12959864050221404,0.22549047617860155,-0.16993074655269957,0.0,0.0,0.0,0.0
31493000000,4555,31493000000,map,-0.17825334268952936,0.19095227770841872,-0.1909659041543511,0.0,0.0,0.0,0.0
31495000000,4556,31495000000,map,-0.21592946687678233,0.1440551672769686,-0.2091671832258923,0.0,0.0,0.0,0.0
31497000000,4557,31497000000,map,-0.24030655016596816,0.08783444389220343,-0.2242644820745116,0.0,0.0,0.0,0.0
31499000000,4558,31499000000,map,-0.24988321420281365,0.025928854255912584,-0.23603376117198638,0.0,0.0,0.0,0.0
31501000000,4559,31501000000,map,-0.2440696346870633,-0.03765491608023242,-0.24430036783627784,0.0,0.0,0.0,0.0
31503000000,4560,31503000000,map,-0.22322386850124132,-0.09880156548561111,-0.24894162802639824,0.0,0.0,0.0,0.0
31505000000,4561,31505000000,map,-0.18862980107824262,-0.153553528930233,-0.24988866678972307,0.0,0.0,0.0,0.0
31507000000,4562,31507000000,map,-0.14241807222429875,-0.19836712155182284,-0.24712743034617352,0.0,0.0,0.0,0.0
31509000000,4563,31509000000,map,-0.08743485055604544,-0.23034189485864978,-0.24069889464228034,0.0,0.0,0.0,0.0
31511000000,4564,31511000000,map,-0.027066538699440007,-0.2474083610550278,-0.23069845727997199,0.0,0.0,0.0,0.0
31513000000,4565,31513000000,map,0.03496879438572486,-0.24846193549949672,-0.21727452184393295,0.0,0.0,0.0,0.0
31515000000,4566,31515000000,map,0.09485040832631306,-0.2334344282025998,-0.2006262956356251,0.0,0.0,0.0,0.0
31517000000,4567,31517000000,map,0.1488902097630684,-0.20329845725467346,-0.18100083349454466,0.0,0.0,0.0,0.0
31519000000,4568,31519000000,map,0.1937599010819727,-0.1600044985351244,-0.15868937157651303,0.0,0.0,0.0,0.0
31521000000,4569,31521000000,map,0.22669596941676043,-0.10635464600529469,-0.13402300549338733,0.0,0.0,0.0,0.0
31523000000,4570,31523000000,map,0.24566989070277,-0.04582125313538486,-0.10736777695085008,0.0,0.0,0.0,0.0
31525000000,4571,31525000000,map,0.24951306595806483,0.01767780655057307,-0.07911924179547127,0.0,0.0,0.0,0.0
31527000000,4572,31527000000,map,0.2379887949969542,0.08003271410885672,-0.04969660008082934,0.0,0.0,0.0,0.0
31529000000,4573,31529000000,map,0.2118068547342988,0.1372077030008041,-0.019536475261069393,0.0,0.0,0.0,0.0
31531000000,4574,31531000000,map,0.1725797842060952,0.18550226405947318,0.010913565175052448,0.0,0.0,0.0,0.0
31533000000,4575,31533000000,map,0.1227235687004079,0.2217906517559525,0.041201651475049846,0.0,0.0,0.0,0.0
31535000000,4576,31535000000,map,0.06530883983902713,0.24372419031542697,0.07087831723881446,0.0,0.0,0.0,0.0
31537000000,4577,31537000000,map,0.0038717561569633846,0.24988328592484446,0.09950316936933973,0.0,0.0,0.0,0.0
31539000000,4578,31539000000,map,-0.057803788001325025,0.23986930641638488,0.1266514233783187,0.0,0.0,0.0,0.0
31541000000,4579,31541000000,map,-0.11591921157101664,0.21433038174497088,0.15192020706452408,0.0,0.0,0.0,0.0
31543000000,4580,31543000000,map,-0.16689520040850087,0.1749194553861436,0.17493453902017422,0.0,0.0,0.0,0.0
31545000000,4581,31545000000,map,-0.20759215633759057,0.1241873016748655,0.1953528932462715,0.0,0.0,0.0,0.0
31547000000,4582,31547000000,map,-0.23550356420237328,0.06541743327116033,0.21287226729878847,0.0,0.0,0.0,0.0
31549000000,4583,31549000000,map,-0.248910367497663,0.0024135839576599877,0.22723267875727673,0.0,0.0,0.0,0.0
31551000000,4584,31551000000,map,-0.24698684462133547,-0.06074647858368153,0.2382210232883436,0.0,0.0,0.0,0.0
31553000000,4585,31553000000,map,-0.2298514648576475,-0.11997487615734719,0.24567423705191965,0.0,0.0,0.0,0.0
31555000000,4586,31555000000,map,-0.1985595918843287,-0.1714381978190108,0.24948171652137824,0.0,0.0,0.0,0.0
31557000000,4587,31557000000,map,-0.1550384841920473,-0.21180560787885264,0.2495869598077035,0.0,0.0,0.0,0.0
31559000000,4588,31559000000,map,-0.10196859572490258,-0.23846442596973907,0.2459884051311062,0.0,0.0,0.0,0.0
31561000000,4589,31561000000,map,-0.04261848740425171,-0.2496892262956185,0.23873945399738175,0.0,0.0,0.0,0.0
31563000000,4590,31563000000,map,0.019356482706675015,-0.24475351153124736,0.22794767873510424,0.0,0.0,0.0,0.0
31565000000,4591,31565000000,map,0.08013929197518695,-0.2239767335572586,0.21377322615341046,0.0,0.0,0.0,0.0
31567000000,4592,31567000000,map,0.13598634265107282,-0.1887036177308208,0.19642644101011733,0.0,0.0,0.0,0.0
31569000000,4593,31569000000,map,0.1834580290997301,-0.14121712887590365,0.17616474455644215,0.0,0.0,0.0,0.0
31571000000,4594,31571000000,map,0.21963058223722148,-0.08459071205497586,0.15328881448034687,0.0,0.0,0.0,0.0
31573000000,4595,31573000000,map,0.24227614372378187,-0.022489371470251946,0.1281381229374413,0.0,0.0,0.0,0.0
31575000000,4596,31575000000,map,0.24999997919209763,0.04106753783257194,0.10108589888223912,0.0,0.0,0.0,0.0
31577000000,4597,31577000000,map,0.24232637958187925,0.10196645273687935,0.07253358945934674,0.0,0.0,0.0,0.0
31579000000,4598,31579000000,map,0.21972795993975833,0.1562658422127044,0.04290490264453041,0.0,0.0,0.0,0.0
31581000000,4599,31581000000,map,0.1835965511788448,0.20045131312401818,0.012639519540972819,0.0,0.0,0.0,0.0
31583000000,4600,31583000000,map,0.13615747756712054,0.2316630705970579,-0.017813430359945075,0.0,0.0,0.0,0.0
31585000000,4601,31585000000,map,0.0803324995721447,0.24788101114102126,-0.0480020341303497,0.0,0.0,0.0,0.0
31587000000,4602,31587000000,map,0.01955986337792441,0.24805546883001686,-0.07747830166179673,0.0,0.0,0.0,0.0
31589000000,4603,31589000000,map,-0.042417459822480415,0.23217515232341848,-0.10580481370882416,0.0,0.0,0.0,0.0
31591000000,4604,31591000000,map,-0.10178230247030097,0.2012678756697012,-0.13256121306343144,0.0,0.0,0.0,0.0
31593000000,4605,31593000000,map,-0.1548783990185423,0.15733403559471457,-0.15735044253340597,0.0,0.0,0.0,0.0
31595000000,4606,31595000000,map,-0.19843557439704,0.10321714079150393,-0.1798046371563789,0.0,0.0,0.0,0.0
31597000000,4607,31597000000,map,-0.22977115326218128,0.042419772881251136,-0.1995905832084452,0.0,0.0,0.0,0.0
31599000000,4608,31599000000,map,-0.2469551852883257,-0.02112310948278095,-0.21641466299924716,0.0,0.0,0.0,0.0
31601000000,4609,31601000000,map,-0.24892931031740473,-0.08329885104285782,-0.23002721207313687,0.0,0.0,0.0,0.0
31603000000,4610,31603000000,map,-0.23557194249136496,-0.14008328133492265,-0.2402262241571547,0.0,0.0,0.0,0.0
31605000000,4611,31605000000,map,-0.20770575869443006,-0.18780116912717879,-0.24686034887542485,0.0,0.0,0.0,0.0
31607000000,4612,31607000000,map,-0.16704703009303365,-0.2233640926358175,-0.24983113774475432,0.0,0.0,0.0,0.0
31609000000,4613,31609000000,map,-0.11609991743155879,-0.24447032995410867,-0.24909450512152842,0.0,0.0,0.0,0.0
31611000000,4614,31611000000,map,-0.058002240409926104,-0.24975383228715028,-0.24466138241983182,0.0,0.0,0.0,0.0
31613000000,4615,31613000000,map,0.0036677798335174325,-0.2388726380675597,-0.23659755589247863,0.0,0.0,0.0,0.0
31615000000,4616,31615000000,map,0.06511190245079355,-0.21253100556875015,-0.22502269038205877,0.0,0.0,0.0,0.0
31617000000,4617,31617000000,map,0.12254579957098108,-0.1724338315368535,-0.21010855352953606,0.0,0.0,0.0,0.0
31619000000,4618,31619000000,map,0.17243213209071165,-0.12117630598347764,-0.19207646679231233,0.0,0.0,0.0,0.0
31621000000,4619,31621000000,map,0.21169841348925775,-0.062075944956168756,-0.17119402109811885,0.0,0.0,0.0,0.0
31623000000,4620,31623000000,map,0.23792624349093303,0.0010421274481598802,-0.14777110587340075,0.0,0.0,0.0,0.0
31625000000,4621,31625000000,map,0.24950025672238912,0.06409275074144022,-0.12215531037427088,0.0,0.0,0.0,0.0
31627000000,4622,31627000000,map,0.24570761265503915,0.12299512991181276,-0.094726765562998,0.0,0.0,0.0,0.0
31629000000,4623,31629000000,map,0.2267818992714888,0.1739369547464658,-0.06589250307471645,0.0,0.0,0.0,0.0
31631000000,4624,31631000000,map,0.19388874644130288,0.21362114214261538,-0.03608041498675248,0.0,0.0,0.0,0.0
31633000000,4625,31633000000,map,0.14905403507411805,0.23947923162327803,-0.005732904024059363,0.0,0.0,0.0,0.0
31635000000,4626,31635000000,map,0.09503912362977279,0.24983762256325404,0.024699681568696397,0.0,0.0,0.0,0.0
31637000000,4627,31637000000,map,0.03517077675429774,0.244025893833055,0.05476573106366289,0.0,0.0,0.0,0.0
31639000000,4628,31639000000,map,-0.026863729308409953,0.2224201951418269,0.08401907302257172,0.0,0.0,0.0,0.0
31641000000,4629,31641000000,map,-0.08724370512143721,0.18641890168146155,0.11202559635062177,0.0,0.0,0.0,0.0
31643000000,4630,31643000000,map,-0.14225036334486543,0.1383521077650664,0.13836969237927163,0.0,0.0,0.0,0.0
31645000000,4631,31645000000,map,-0.1884958579010701,0.08133081725913312,0.16266042237806388,0.0,0.0,0.0,0.0
31647000000,4632,31647000000,map,-0.22313194055251503,0.019045591584302725,0.18453731897175457,0.0,0.0,0.0,0.0
31649000000,4633,31649000000,map,-0.2440253837857689,-0.04447231270795302,0.2036757353716147,0.0,0.0,0.0,0.0
31651000000,4634,31651000000,map,-0.24988936575064952,-0.1051118570031322,0.21979166303903586,0.0,0.0,0.0,0.0
31653000000,4635,31653000000,map,-0.24036272529072503,-0.15894829739014854,0.23264594629021695,0.0,0.0,0.0,0.0
31655000000,4636,31655000000,map,-0.21603220576676563,-0.20249720396300813,0.24204783129666507,0.0,0.0,0.0,0.0
31657000000,4637,31657000000,map,-0.1783963176827692,-0.23293998189374512,0.24785779681667777,0.0,0.0,0.0,0.0
31659000000,4638,31659000000,map,-0.12977304580511795,-0.24830629798281229,0.24998962465013888,0.0,0.0,0.0,0.0
31661000000,4639,31661000000,map,-0.07315708507129604,-0.2476016055822686,0.24841167909141496,0.0,0.0,0.0,0.0
31663000000,4640,31663000000,map,-0.012035398090880322,-0.23087151415769636,0.2431473763941056,0.0,0.0,0.0,0.0
31665000000,4641,31665000000,map,0.04982754599422465,-0.19919883732887703,0.23427483728062964,0.0,0.0,0.0,0.0
31667000000,4642,31667000000,map,0.10862162420573596,-0.1546335104469866,0.2219257276534035,0.0,0.0,0.0,0.0
31669000000,4643,31669000000,map,0.16072572423299933,-0.10005991362060632,0.20628330471110634,0.0,0.0,0.0,0.0
31671000000,4644,31671000000,map,0.20293076781905436,-0.039010187375229245,0.1875796974651372,0.0,0.0,0.0,0.0
31673000000,4645,31673000000,map,0.23263735707318334,0.024564376369678773,0.1660924620123462,0.0,0.0,0.0,0.0
31675000000,4646,31675000000,map,0.248015870725233,0.08654907185735557,0.14214046268357902,0.0,0.0,0.0,0.0
31677000000,4647,31677000000,map,0.2481191500341349,0.14293209360635142,0.11607914018933331,0.0,0.0,0.0,0.0
31679000000,4648,31679000000,map,0.23294083405358612,0.19006419055615886,0.0882952369828822,0.0,0.0,0.0,0.0
31681000000,4649,31681000000,map,0.2034157514009741,0.22489485478042592,0.05920105811489441,0.0,0.0,0.0,0.0
31683000000,4650,31683000000,map,0.16136234440108252,0.24516975803595564,0.02922835274609205,0.0,0.0,0.0,0.0
31685000000,4651,31685000000,map,0.10937067168588822,0.2495766575606574,-0.0011780928847975865,0.0,0.0,0.0,0.0
31687000000,4652,31687000000,map,0.05064288714282086,0.23783032772686596,-0.0315670559595865,0.0,0.0,0.0,0.0
31689000000,4653,31689000000,map,-0.011203979927742906,0.21069102056217687,-0.061487573096139454,0.0,0.0,0.0,0.0
31691000000,4654,31691000000,map,-0.07236079672652812,0.16991526032458745,-0.0904956325138788,0.0,0.0,0.0,0.0
31693000000,4655,31693000000,map,-0.129060930475171,0.1181421568324186,-0.1181607630398592,0.0,0.0,0.0,0.0
31695000000,4656,31695000000,map,-0.17781223436945898,0.058722595635152953,-0.14407242217536784,0.0,0.0,0.0,0.0
31697000000,4657,31697000000,map,-0.215612128012772,-0.004497639731970553,-0.16784608842780238,0.0,0.0,0.0,0.0
31699000000,4658,31699000000,map,-0.2401325255779819,-0.06742677653716354,-0.18912896749783958,0.0,0.0,0.0,0.0
31701000000,4659,31701000000,map,-0.24986322202086486,-0.12599188267947306,-0.20760522764393027,0.0,0.0,0.0,0.0
31703000000,4660,31703000000,map,-0.24420490622458066,-0.17640247710527338,-0.22300068653412677,0.0,0.0,0.0,0.0
31705000000,4661,31705000000,map,-0.2235060724186635,-0.21539585928090724,-0.23508688003180514,0.0,0.0,0.0,0.0
31707000000,4662,31707000000,map,-0.18904155650805898,-0.24044827938166818,-0.2436844525372551,0.0,0.0,0.0,0.0
31709000000,4663,31709000000,map,-0.14293401925454763,-0.24993828173206425,-0.24866581857262832,0.0,0.0,0.0,0.0
31711000000,4664,31711000000,map,-0.08802321214039854,-0.24325164949759662,-0.24995705611335933,0.0,0.0,0.0,0.0
31713000000,4665,31713000000,map,-0.027691077797577245,-0.22082115834388835,-0.24753900356952588,0.0,0.0,0.0,0.0
31715000000,4666,31715000000,map,0.03434654297765627,-0.18409856610674538,-0.24144754413830075,0.0,0.0,0.0,0.0
31717000000,4667,31717000000,map,0.09426876891424903,-0.1354606513713879,-0.23177307330766964,0.0,0.0,0.0,0.0
31719000000,4668,31719000000,map,0.14838500537042743,-0.07805538238070502,-0.21865915741370057,0.0,0.0,0.0,0.0
31721000000,4669,31721000000,map,0.1933622471185875,-0.015598172609466256,-0.20230040315792944,0.0,0.0,0.0,0.0
31723000000,4670,31723000000,map,0.2264303572889613,0.04786859014730861,-0.18293956970018826,0.0,0.0,0.0,0.0
31725000000,4671,31725000000,map,0.24555267939398712,0.10823717728432393,-0.16086396618348434,0.0,0.0,0.0,0.0
31727000000,4672,31727000000,map,0.24955147448292062,0.1616003819193284,-0.13640118814966185,0.0,0.0,0.0,0.0
31729000000,4673,31729000000,map,0.23818045778421493,0.2045044031552487,-0.10991425611677558,0.0,0.0,0.0,0.0
31731000000,4674,31731000000,map,0.21213996732167983,0.23417238476603516,-0.08179622846008298,0.0,0.0,0.0,0.0
31733000000,4675,31733000000,map,0.1730338302740545,0.2486841403198093,-0.05246436853996356,0.0,0.0,0.0,0.0
31735000000,4676,31735000000,map,0.12327058366736089,0.24710043247706664,-0.02235395263494844,0.0,0.0,0.0,0.0
31737000000,4677,31737000000,map,0.06591513319221526,0.2295237627948759,0.008088189432060203,0.0,0.0,0.0,0.0
31739000000,4678,31739000000,map,0.004499986443200586,0.19709173756839066,0.03841030511796541,0.0,0.0,0.0,0.0
31741000000,4679,31741000000,map,-0.05719231332533533,0.15190343908811865,0.06816242303646156,0.0,0.0,0.0,0.0
31743000000,4680,31743000000,map,-0.1153621530750255,0.09688356775209415,0.0969030304026003,0.0,0.0,0.0,0.0
31745000000,4681,31745000000,map,-0.16642686718347185,0.03559314809511716,0.12420562495395615,0.0,0.0,0.0,0.0
31747000000,4682,31747000000,map,-0.20724139290763458,-0.028000949679690645,0.14966504412049852,0.0,0.0,0.0,0.0
31749000000,4683,31749000000,map,-0.23529197399785082,-0.08978275552432369,0.1729034775193497,0.0,0.0,0.0,0.0
31751000000,4684,31751000000,map,-0.24885098230541913,-0.14575359548559863,0.19357607355108922,0.0,0.0,0.0,0.0
31753000000,4685,31753000000,map,-0.24708332196020502,-0.19229089594540316,0.21137605689728828,0.0,0.0,0.0,0.0
31755000000,4686,31755000000,map,-0.23009786271293342,-0.22638264570312913,0.2260392809770736,0.0,0.0,0.0,0.0
31757000000,4687,31757000000,map,-0.1989407346747605,-0.24582234091954266,0.23734814780575744,0.0,0.0,0.0,0.0
31759000000,4688,31759000000,map,-0.15553089743031956,-0.24935179559857185,0.24513483708546285,0.0,0.0,0.0,0.0
31761000000,4689,31761000000,map,-0.10254195180494971,-0.2367425745512135,0.24928379660981925,0.0,0.0,0.0,0.0
31763000000,4690,31763000000,map,-0.04323747347094486,-0.20881077829584238,0.24973345702503033,0.0,0.0,0.0,0.0
31765000000,4691,31765000000,map,0.018729989847510866,-0.16736422297887463,0.2464771455011855,0.0,0.0,0.0,0.0
31767000000,4692,31767000000,map,0.07954387785916014,-0.11508543396434782,0.23956318475512856,0.0,0.0,0.0,0.0
31769000000,4693,31769000000,map,0.13545867868213435,-0.05535802604116742,0.22909417595539558,0.0,0.0,0.0,0.0
31771000000,4694,31771000000,map,0.18303061396748227,0.007952292640632885,0.21522547615067272,0.0,0.0,0.0,0.0
31773000000,4695,31773000000,map,0.2193297403307069,0.0707479189301028,0.19816289281633723,0.0,0.0,0.0,0.0
31775000000,4696,31775000000,map,0.24212040381951805,0.12896456186319127,0.1781596297313628,0.0,0.0,0.0,0.0
31777000000,4697,31777000000,map,0.24999893327114311,0.17883429380207794,0.15551252950761227,0.0,0.0,0.0,0.0
31779000000,4698,31779000000,map,0.24248009206223903,0.21712942019420683,0.1305576685321744,0.0,0.0,0.0,0.0
31781000000,4699,31781000000,map,0.2200269637088961,0.24137138408646924,0.10366536969084376,0.0,0.0,0.0,0.0
31783000000,4700,31783000000,map,0.18402243067065677,0.24999118456885694,0.07523470688452107,0.0,0.0,0.0,0.0
31785000000,4701,31785000000,map,0.13668400297217173,0.24243092646162107,0.045687582888528026,0.0,0.0,0.0,0.0
31787000000,4702,31787000000,map,0.08092724232487784,0.2191799286955048,0.015462468437515656,0.0,0.0,0.0,0.0
31789000000,4703,31789000000,map,0.020186193423500955,0.18174305435898852,-0.014992104552295177,0.0,0.0,0.0,0.0
31791000000,4704,31791000000,map,-0.0417981179922413,0.13254331217247603,-0.045224199066694094,0.0,0.0,0.0,0.0
31793000000,4705,31793000000,map,-0.10120809396084705,0.07476503326543371,-0.07478517960740191,0.0,0.0,0.0,0.0
31795000000,4706,31795000000,map,-0.15438468918600193,0.012147773252813496,-0.10323636981250844,0.0,0.0,0.0,0.0
31797000000,4707,31797000000,map,-0.19805277070421667,-0.0512557212156454,-0.1301555622862203,0.0,0.0,0.0,0.0
31799000000,4708,31799000000,map,-0.22952283249102481,-0.11134181641749344,-0.15514328403389227,0.0,0.0,0.0,0.0
31801000000,4709,31801000000,map,-0.2468566414519883,-0.16422158905965167,-0.17782872452537818,0.0,0.0,0.0,0.0
31803000000,4710,31803000000,map,-0.2489866127056814,-0.2064725271801748,-0.19787523841531005,0.0,0.0,0.0,0.0
31805000000,4711,31805000000,map,-0.2357815618647486,-0.23536004373559338,-0.21498534126222377,0.0,0.0,0.0,0.0
31807000000,4712,31807000000,map,-0.20805478464907434,-0.24901446595670793,-0.22890512411153,0.0,0.0,0.0,0.0
31809000000,4713,31809000000,map,-0.16751396620915562,-0.2465520452747755,-0.23942802143027792,0.0,0.0,0.0,0.0
31811000000,4714,31811000000,map,-0.11665600523279335,-0.22813215575322424,-0.24639787647981717,0.0,0.0,0.0,0.0
31813000000,4715,31813000000,map,-0.05861323059006822,-0.19494697899719696,-0.24971125863639146,0.0,0.0,0.0,0.0
31815000000,4716,31815000000,map,0.0030395180042428827,-0.14914434315948744,-0.249318998271542,0.0,0.0,0.0,0.0
31817000000,4717,31817000000,map,0.06450506345830112,-0.09368871009799505,-0.24522691641510697,0.0,0.0,0.0,0.0
31819000000,4718,31819000000,map,0.1219977584744554,-0.032169307943373214,-0.2374957383728479,0.0,0.0,0.0,0.0
31821000000,4719,31821000000,map,0.171976642601861,0.031432172778393226,-0.2262401925804681,0.0,0.0,0.0,0.0
31823000000,4720,31823000000,map,0.21136352908965186,0.09299928417595656,-0.21162730806716964,0.0,0.0,0.0,0.0
31825000000,4721,31825000000,map,0.23773258962546068,0.14854724786106444,-0.19387393579310067,0.0,0.0,0.0,0.0
31827000000,4722,31827000000,map,0.2494597604833962,0.19448085983267394,-0.17324353064432646,0.0,0.0,0.0,0.0
31829000000,4723,31829000000,map,0.24582276819554133,0.22782718112809583,-0.15004224183895395,0.0,0.0,0.0,0.0
31831000000,4724,31831000000,map,0.22704561419110836,0.2464279539141846,-0.12461436976130696,0.0,0.0,0.0,0.0
31833000000,4725,31833000000,map,0.19428477860525092,0.24907928936584536,-0.09733725664472367,0.0,0.0,0.0,0.0
31835000000,4726,31835000000,map,0.1495579929621395,0.23560958638024806,-0.06861568692199033,0.0,0.0,0.0,0.0
31837000000,4727,31837000000,map,0.0956199686040085,0.20689063803239863,-0.038875880342536036,0.0,0.0,0.0,0.0
31839000000,4728,31839000000,map,0.035792734720553034,0.1647812069329628,-0.008559166994730283,0.0,0.0,0.0,0.0
31841000000,4729,31841000000,map,-0.026238964583064336,0.11200672143474055,0.021884561904416653,0.0,0.0,0.0,0.0
31843000000,4730,31843000000,map,-0.08665461273728282,0.051982879050710314,0.05200353026362377,0.0,0.0,0.0,0.0
31845000000,4731,31845000000,map,-0.14173322535178964,-0.011405426084756082,0.08135078134405374,0.0,0.0,0.0,0.0
31847000000,4732,31847000000,map,-0.18808252469653067,-0.07405554334150079,0.1094908104668796,0.0,0.0,0.0,0.0
31849000000,4733,31849000000,map,-0.22284786922341293,-0.1319125994659234,0.1360060277762047,0.0,0.0,0.0,0.0
31851000000,4734,31851000000,map,-0.24388807021285078,-0.1812319401834268,0.16050295515164043,0.0,0.0,0.0,0.0
31853000000,4735,31853000000,map,-0.24990726704196506,-0.21882149364663964,0.18261806530877386,0.0,0.0,0.0,0.0
31855000000,4736,31855000000,map,-0.24053473891027408,-0.24224836935781932,0.202023176438696,0.0,0.0,0.0,0.0
31857000000,4737,31857000000,map,-0.21634773743956512,-0.24999632096535132,0.21843032233063736,0.0,0.0,0.0,0.0
31859000000,4738,31859000000,map,-0.17883593389330238,-0.24156388154275432,0.23159602570686375,0.0,0.0,0.0,0.0
31861000000,4739,31861000000,map,-0.13030967070304084,-0.21749681979041813,0.24132491135473225,0.0,0.0,0.0,0.0
31863000000,4740,31863000000,map,-0.07375766806566908,-0.17935281651178556,0.24747260543807031,0.0,0.0,0.0,0.0
31865000000,4741,31865000000,map,-0.0126629494279642,-0.12960064759181314,0.24994787796299378,0.0,0.0,0.0,0.0
31867000000,4742,31867000000,map,0.049211677041643066,-0.0714603986083299,0.2487139966044337,0.0,0.0,0.0,0.0
31869000000,4743,31869000000,map,0.10805536884945477,-0.008695052790884797,0.24378927180324853,0.0,0.0,0.0,0.0
31871000000,4744,31871000000,map,0.1602439579963775,0.054633058725143784,0.2352467850445301,0.0,0.0,0.0,0.0
31873000000,4745,31873000000,map,0.20256316256203374,0.11442518119168812,0.22321330434965678,0.0,0.0,0.0,0.0
31875000000,4746,31875000000,map,0.2324065535098374,0.16681141797069277,0.20786740307566168,0.0,0.0,0.0,0.0
31877000000,4747,31877000000,map,0.2479360839883417,0.20840119998334836,0.18943680993850662,0.0,0.0,0.0,0.0
31879000000,4748,31879000000,map,0.2481952941684989,0.236502731873531,0.16819502958510688,0.0,0.0,0.0,0.0
31881000000,4749,31881000000,map,0.2331682193613386,0.24929721177738515,0.144457283863841,0.0,0.0,0.0,0.0
31883000000,4750,31883000000,map,0.20378037327895981,0.24595654875714426,0.11857583402396266,0.0,0.0,0.0,0.0
31885000000,4751,31885000000,map,0.1618417458805265,0.22669695893048447,0.09093475326076617,0.0,0.0,0.0,0.0
31887000000,4752,31887000000,map,0.10993532655177368,0.19276497141953428,0.0619442271815189,0.0,0.0,0.0,0.0
31889000000,4753,31889000000,map,0.05125801844580764,0.14635674984862773,0.032034466769517614,0.0,0.0,0.0,0.0
31891000000,4754,31891000000,map,-0.010576257968120312,0.09047595110816445,0.001649324178673058,0.0,0.0,0.0,0.0
31893000000,4755,31893000000,map,-0.07175914534607908,0.028739321121465215,-0.028760293903751163,0.0,0.0,0.0,0.0
31895000000,4756,31895000000,map,-0.12852240522905017,-0.03485739005318959,-0.058743117581308076,0.0,0.0,0.0,0.0
31897000000,4757,31897000000,map,-0.17737000289059693,-0.09619804322187582,-0.08785421046245526,0.0,0.0,0.0,0.0
31899000000,4758,31899000000,map,-0.21529342722543526,-0.15131251694279266,-0.11566157238758874,0.0,0.0,0.0,0.0
31901000000,4759,31901000000,map,-0.23995698418242245,-0.19663366377602895,-0.1417525501853587,0.0,0.0,0.0,0.0
31903000000,4760,31903000000,map,-0.24984165156700694,-0.2292281850442378,-0.165739961326318,0.0,0.0,0.0,0.0
31905000000,4761,31905000000,map,-0.24433863523118668,-0.2469864813039507,-0.18726783959910512,0.0,0.0,0.0,0.0
31907000000,4762,31907000000,map,-0.2237868645502077,-0.24875919093090684,-0.20601671754518797,0.0,0.0,0.0,0.0
31909000000,4763,31909000000,map,-0.18945211784873633,-0.23443157969692502,-0.22170836726368084,0.0,0.0,0.0,0.0
31911000000,4764,31911000000,map,-0.14344906343575417,-0.20493096665771732,-0.2341099292321494,0.0,0.0,0.0,0.0
31913000000,4765,31913000000,map,-0.0886110177221975,-0.16216670573001224,-0.2430373678743515,0.0,0.0,0.0,0.0
31915000000,4766,31915000000,map,-0.028315441983930233,-0.10890660750109525,-0.24835820259487573,0.0,0.0,0.0,0.0
31917000000,4767,31917000000,map,0.033724074618267784,-0.048597799561661215,-0.24999347375248493,0.0,0.0,0.0,0.0
31919000000,4768,31919000000,map,0.09368653404940613,0.014856380265731682,-0.24791891439834865,0.0,0.0,0.0,0.0
31921000000,4769,31921000000,map,0.147878863697355,0.07734901777507876,-0.24216531039049308,0.0,0.0,0.0,0.0
31923000000,4770,31923000000,map,0.19296337177415895,0.13483543219866012,-0.23281804354061292,0.0,0.0,0.0,0.0
31925000000,4771,31925000000,map,0.2261633149040107,0.1835949581251925,-0.2200158245727947,0.0,0.0,0.0,0.0
31927000000,4772,31927000000,map,0.245433917041004,0.22047175632944946,-0.2039486346967083,0.0,0.0,0.0,0.0
31929000000,4773,31929000000,map,0.24958830670504129,0.24307906762789366,-0.18485490634153132,0.0,0.0,0.0,0.0
31931000000,4774,31931000000,map,0.23837061609422067,0.24995368994012368,-0.16301798488811603,0.0,0.0,0.0,0.0
31933000000,4775,31933000000,map,0.21247173991773075,0.24065068040946633,-0.1387619239059682,0.0,0.0,0.0,0.0
31935000000,4776,31935000000,map,0.17348678336638138,0.21577215322456322,-0.11244667629203128,0.0,0.0,0.0,0.0
31937000000,4777,31937000000,map,0.12381681999021199,0.17692830927369735,-0.08446275267471373,0.0,0.0,0.0,0.0
31939000000,4778,31939000000,map,0.06652101018970748,0.12663321989148,-0.055225426349416296,0.0,0.0,0.0,0.0
31941000000,4779,31941000000,map,0.005128188305191375,0.06814210983441231,-0.025168570743534277,0.0,0.0,0.0,0.0
31943000000,4780,31943000000,map,-0.056580477391721805,0.005240670943379103,0.005261779139137673,0.0,0.0,0.0,0.0
31945000000,4781,31945000000,map,-0.11480436588907801,-0.05799995735970894,0.03561404574826079,0.0,0.0,0.0,0.0
31947000000,4782,31947000000,map,-0.1659574827158979,-0.11748668246049325,0.06543781026653284,0.0,0.0,0.0,0.0
31949000000,4783,31949000000,map,-0.20688932042840674,-0.16936937380728362,0.09429049669433551,0.0,0.0,0.0,0.0
31951000000,4784,31951000000,map,-0.23507889756137978,-0.2102900530485645,0.12174393954837699,0.0,0.0,0.0,0.0
31953000000,4785,31953000000,map,-0.24879002523511173,-0.237600230843495,0.14739073771380284,0.0,0.0,0.0,0.0
31955000000,4786,31955000000,map,-0.24717823858654267,-0.24953232375687184,0.17085030015778457,0.0,0.0,0.0,0.0
31957000000,4787,31957000000,map,-0.23034280714501779,-0.2453140567071414,0.19177449379012382,0.0,0.0,0.0,0.0
31959000000,4788,31959000000,map,-0.19932062084745836,-0.22521844655339415,0.20985280965710376,0.0,0.0,0.0,0.0
31961000000,4789,31961000000,map,-0.15602232825091372,-0.19054613175718624,0.22481697080411508,0.0,0.0,0.0,0.0
31963000000,4790,31963000000,map,-0.10311466017429843,-0.14354119178777558,0.23644491342783525,0.0,0.0,0.0,0.0
31965000000,4791,31965000000,map,-0.04385618642636832,-0.0872459046521742,0.24456408223829865,0.0,0.0,0.0,0.0
31967000000,4792,31967000000,map,0.01810337867943788,-0.02530384300577151,0.24905399112950435,0.0,0.0,0.0,0.0
31969000000,4793,31969000000,map,0.07894796130087714,0.03827594703948167,0.249848011158121,0.0,0.0,0.0,0.0
31971000000,4794,31971000000,map,0.13493015908265618,0.09937842146740819,0.24693435929763052,0.0,0.0,0.0,0.0
31973000000,4795,31973000000,map,0.1826020427143236,0.15404887436372822,0.24035627329503859,0.0,0.0,0.0,0.0
31975000000,4796,31975000000,map,0.2190275130184031,0.198748896433981,0.230211370035258,0.0,0.0,0.0,0.0
31977000000,4797,31977000000,map,0.24196313455119298,0.23058538975832826,0.21665019693500112,0.0,0.0,0.0,0.0
31979000000,4798,31979000000,map,0.2499963082210534,0.24749781636954354,0.1998739978626405,0.0,0.0,0.0,0.0
31981000000,4799,31981000000,map,0.24263227290652378,0.2483915614557723,0.180131726737897,0.0,0.0,0.0,0.0
31983000000,4800,31983000000,map,0.22032457766809432,0.23320877958584738,0.15771635312789714,0.0,0.0,0.0,0.0
31985000000,4801,31985000000,map,0.1844471477768589,0.2029321386112336,0.13296051466394515,0.0,0.0,0.0,0.0
31987000000,4802,31987000000,map,0.13720966500677367,0.15952121892938517,0.10623158079572653,0.0,0.0,0.0,0.0
31989000000,4803,31989000000,map,0.08152147389705763,0.10578568450972364,0.07792620113541843,0.0,0.0,0.0,0.0
31991000000,4804,31991000000,map,0.020812395962108782,0.04520343436972835,0.048464419292752275,0.0,0.0,0.0,0.0
31993000000,4805,31993000000,map,-0.04117851214225993,-0.01830449580100766,0.018283439549672962,0.0,0.0,0.0,0.0
31995000000,4806,31995000000,map,-0.10063324616616987,-0.08062771293866385,-0.012168861123897442,0.0,0.0,0.0,0.0
31997000000,4807,31997000000,map,-0.15389000417576842,-0.13773250158835287,-0.042440579434091824,0.0,0.0,0.0,0.0
31999000000,4808,31999000000,map,-0.1976687160023842,-0.1859228961194769,-0.07208249187718409,0.0,0.0,0.0,0.0
32001000000,4809,32001000000,map,-0.22927306192891436,-0.2220798929228783,-0.10065472108523962,0.0,0.0,0.0,0.0
32003000000,4810,32003000000,map,-0.24675653833495695,-0.24386332017315268,-0.127733263478986,0.0,0.0,0.0,0.0
32005000000,4811,32005000000,map,-0.24904234235917985,-0.24986329963878956,-0.15291628135715507,0.0,0.0,0.0,0.0
32007000000,4812,32007000000,map,-0.23598969191367947,-0.2396914975493517,-0.17583006605168836,0.0,0.0,0.0,0.0
32009000000,4813,32009000000,map,-0.20840249641655975,-0.21400625853417682,-0.1961345836557273,0.0,0.0,0.0,0.0
32011000000,4814,32011000000,map,-0.16797984421602477,-0.17446999590145815,-0.2135285210276398,0.0,0.0,0.0,0.0
32013000000,4815,32013000000,map,-0.11721135617129717,-0.12364159606549732,-0.22775375719087046,0.0,0.0,0.0,0.0
32015000000,4816,32015000000,map,-0.05922385053707961,-0.06481080097719022,-0.2385991937741308,0.0,0.0,0.0,0.0
32017000000,4817,32017000000,map,0.0024112369757206685,-0.0017852877477811768,-0.24590388764978371,0.0,0.0,0.0,0.0
32019000000,4818,32019000000,map,0.06389781701676986,0.06135577379738428,-0.24955943928315433,0.0,0.0,0.0,0.0
32021000000,4819,32021000000,map,0.12144894677378232,0.12052573525541288,-0.24951160135020048,0.0,0.0,0.0,0.0
32023000000,4820,32023000000,map,0.17152006681506798,0.17189496781441088,-0.2457610837519266,0.0,0.0,0.0,0.0
32025000000,4821,32025000000,map,0.21102730960306124,0.21213872546782403,-0.2383635430797794,0.0,0.0,0.0,0.0
32027000000,4822,32027000000,map,0.23753743411178174,0.23865233094368704,-0.2274287566878029,0.0,0.0,0.0,0.0
32029000000,4823,32029000000,map,0.24941768852097704,0.2497197569717555,-0.21311899362884654,0.0,0.0,0.0,0.0
32031000000,4824,32031000000,map,0.24593637098585766,0.24462469188737057,-0.1956466066289309,0.0,0.0,0.0,0.0
32033000000,4825,32033000000,map,0.2273078949671837,0.2236969011249103,-0.17527088083411907,0.0,0.0,0.0,0.0
32035000000,4826,32035000000,map,0.19467958356101625,0.18829088396932026,-0.1522941860950087,0.0,0.0,0.0,0.0
32037000000,4827,32037000000,map,0.150061006160685,0.14069820695283017,-0.12705748988510557,0.0,0.0,0.0,0.0
32039000000,4828,32039000000,map,0.09620020959044881,0.08399918790317712,-0.09993529744344881,0.0,0.0,0.0,0.0
32041000000,4829,32041000000,map,0.03641446660044273,0.021863530021567254,-0.07133009422534416,0.0,0.0,0.0,0.0
32043000000,4830,32043000000,map,-0.025614034118044696,-0.04168719054481914,-0.04166637313462926,0.0,0.0,0.0,0.0
32045000000,4831,32045000000,map,-0.08606497299549844,-0.1025398112296298,-0.011384335173338617,0.0,0.0,0.0,0.0
32047000000,4832,32047000000,map,-0.14121519209463154,-0.15675579728131275,0.019066643014006228,0.0,0.0,0.0,0.0
32049000000,4833,32049000000,map,-0.1876680034605438,-0.20082615364360165,0.04923467775918816,0.0,0.0,0.0,0.0
32051000000,4834,32051000000,map,-0.22256239026600133,-0.23189853594582432,0.07867208419212063,0.0,0.0,0.0,0.0
32053000000,4835,32053000000,map,-0.24374921611032976,-0.24796186140893273,0.10694201975475212,0.0,0.0,0.0,0.0
32055000000,4836,32055000000,map,-0.24992358978316254,-0.24797647118433855,0.1336249668176231,0.0,0.0,0.0,0.0
32057000000,4837,32057000000,map,-0.24070523318168383,-0.23194141969052584,0.15832495819937578,0.0,0.0,0.0,0.0
32059000000,4838,32059000000,map,-0.2166619025424715,-0.20089453581395308,0.1806754532046661,0.0,0.0,0.0,0.0
32061000000,4839,32061000000,map,-0.1792744204789607,-0.15684525201094354,0.20034477698196373,0.0,0.0,0.0,0.0
32063000000,4840,32063000000,map,-0.1308454724941643,-0.10264454878328168,0.21704104248156672,0.0,0.0,0.0,0.0
32065000000,4841,32065000000,map,-0.0743577851666324,-0.041800432044639346,0.2305164819746642,0.0,0.0,0.0,0.0
32067000000,4842,32067000000,map,-0.013290420778863743,0.021749113850532735,0.24057112385478657,0.0,0.0,0.0,0.0
32069000000,4843,32069000000,map,0.048595497241363216,0.08389100236366995,0.24705576015784134,0.0,0.0,0.0,0.0
32071000000,4844,32071000000,map,0.10748843095673664,0.14060325408481097,0.2498741607653038,0.0,0.0,0.0,0.0
32073000000,4845,32073000000,map,0.159761179571913,0.18821530936150369,0.24898450143108633,0.0,0.0,0.0,0.0
32075000000,4846,32075000000,map,0.20219427780598723,0.22364559615635057,0.2443999844412016,0.0,0.0,0.0,0.0
32077000000,4847,32077000000,map,0.23217428194038828,0.24460097714445136,0.23618864269571097,0.0,0.0,0.0,0.0
32079000000,4848,32079000000,map,0.2478547311523924,0.24972516733245503,0.22447233012017853,0.0,0.0,0.0,0.0
32081000000,4849,32081000000,map,0.2482698705664931,0.23868651623577486,0.20942491338888447,0.0,0.0,0.0,0.0
32083000000,4850,32083000000,map,0.2333941318519336,0.21219947313328613,0.19126969179399805,0.0,0.0,0.0,0.0
32085000000,4851,32085000000,map,0.20414370796928913,0.17197834611122914,0.17027608354866722,0.0,0.0,0.0,0.0
32087000000,4852,32087000000,map,0.16232012507954405,0.12062634773060846,0.14675562769928133,0.0,0.0,0.0,0.0
32089000000,4853,32089000000,map,0.11049928700648981,0.06146710855839019,0.12105736097666875,0.0,0.0,0.0,0.0
32091000000,4854,32091000000,map,0.05187282597518035,-0.0016704365670940063,0.09356263819175326,0.0,0.0,0.0,0.0
32093000000,4855,32093000000,map,-0.009948469203217868,-0.06469986683426834,0.06467947304186579,0.0,0.0,0.0,0.0
32095000000,4856,32095000000,map,-0.07115704069575864,-0.12354175889683579,0.03483648330563501,0.0,0.0,0.0,0.0
32097000000,4857,32097000000,map,-0.1279830681656646,-0.17438771742043527,0.004476530279159413,0.0,0.0,0.0,0.0
32099000000,4858,32099000000,map,-0.17692665104639732,-0.2139468640107313,-0.025949853155777493,0.0,0.0,0.0,0.0
32101000000,4859,32101000000,map,-0.21497336652774424,-0.2396588311466429,-0.05599114831010726,0.0,0.0,0.0,0.0
32103000000,4860,32103000000,map,-0.2397799270881682,-0.2498594756086787,-0.08520155109244282,0.0,0.0,0.0,0.0
32105000000,4861,32105000000,map,-0.2498185029774906,-0.24388858601647007,-0.11314758761278977,0.0,0.0,0.0,0.0
32107000000,4862,32107000000,map,-0.24447082086217634,-0.22213261337061999,-0.1394145468095687,0.0,0.0,0.0,0.0
32109000000,4863,32109000000,map,-0.22406624312233975,-0.18599965897161447,-0.16361263464028925,0.0,0.0,0.0,0.0
32111000000,4864,32111000000,map,-0.1898614825068715,-0.13782833855991564,-0.1853827585126143,0.0,0.0,0.0,0.0
32113000000,4865,32113000000,map,-0.14396320151480582,-0.08073642121956273,-0.20440185611397504,0.0,0.0,0.0,0.0
32115000000,4866,32115000000,map,-0.08919826358864928,-0.018419039517710612,-0.22038768956209098,0.0,0.0,0.0,0.0
32117000000,4867,32117000000,map,-0.028939627314562413,0.04509046877460604,-0.23310303373349422,0.0,0.0,0.0,0.0
32119000000,4868,32119000000,map,0.03310139323918261,0.10568160845400233,-0.24235919661533134,0.0,0.0,0.0,0.0
32121000000,4869,32121000000,map,0.09310370740960174,0.15943276847719565,-0.2480188194399105,0.0,0.0,0.0,0.0
32123000000,4870,32123000000,map,0.14737178794091654,0.20286503849830195,-0.24999791504896804,0.0,0.0,0.0,0.0
32125000000,4871,32125000000,map,0.19256327756812802,0.23316737270060275,-0.24826711423873798,0.0,0.0,0.0,0.0
32127000000,4872,32127000000,map,0.2258948439486456,0.24837852775591185,-0.24285210159031756,0.0,0.0,0.0,0.0
32129000000,4873,32129000000,map,0.2453136043940093,0.24751399942889768,-0.23383323431806985,0.0,0.0,0.0,0.0
32131000000,4874,32131000000,map,0.2496235623917611,0.23062974216862628,-0.22134434979166964,0.0,0.0,0.0,0.0
32133000000,4875,32133000000,map,0.23855926872586297,0.1988185475955269,-0.20557077942876004,0.0,0.0,0.0,0.0
32135000000,4876,32135000000,map,0.21280217042679545,0.1541393162781969,-0.1867465984303355,0.0,0.0,0.0,0.0
32137000000,4877,32137000000,map,0.17393864062189573,0.09948380050631724,-0.1651511521726978,0.0,0.0,0.0,0.0
32139000000,4878,32139000000,map,0.12436227421873476,0.038389442806326946,-0.1411049108035951,0.0,0.0,0.0,0.0
32141000000,4879,32141000000,map,0.06712646700434564,-0.02518957624241587,-0.11496471355802035,0.0,0.0,0.0,0.0
32143000000,4880,32143000000,map,0.005756357774644039,-0.08713826252523249,-0.08711847336763809,0.0,0.0,0.0,0.0
32145000000,4881,32145000000,map,-0.05596828406506212,-0.14344714116646104,-0.05797942034579064,0.0,0.0,0.0,0.0
32147000000,4882,32147000000,map,-0.11424585353625938,-0.19047175983414302,-0.0279799695727697,0.0,0.0,0.0,0.0
32149000000,4883,32149000000,map,-0.16548704997075167,-0.22516856686683112,0.0024346958188351,0.0,0.0,0.0,0.0
32151000000,4884,32151000000,map,-0.20653594112385232,-0.24529189759592143,0.03281323103197617,0.0,0.0,0.0,0.0
32153000000,4885,32153000000,map,-0.23486433623878963,-0.24953931941439592,0.06270482743073193,0.0,0.0,0.0,0.0
32155000000,4886,32155000000,map,-0.2487274966718008,-0.2376359284931896,0.09166590241025582,0.0,0.0,0.0,0.0
32157000000,4887,32157000000,map,-0.24727159390078585,-0.21035214224871207,0.11926668203258498,0.0,0.0,0.0,0.0
32159000000,4888,32159000000,map,-0.230586296606787,-0.16945383598868144,0.14509757874803483,0.0,0.0,0.0,0.0
32161000000,4889,32161000000,map,-0.19969924800271724,-0.11758805101814346,0.16877526955482838,0.0,0.0,0.0,0.0
32163000000,4890,32163000000,map,-0.15651277354968565,-0.05811167146545769,0.18994838440108094,0.0,0.0,0.0,0.0
32165000000,4891,32165000000,map,-0.10368671721541142,0.005125841707707673,0.20830272041482387,0.0,0.0,0.0,0.0
32167000000,4892,32167000000,map,-0.0444746223622828,0.06803159750570854,0.22356590458256909,0.0,0.0,0.0,0.0
32169000000,4893,32169000000,map,0.017476653160586098,0.126534177105787,0.23551143568611893,0.0,0.0,0.0,0.0
32171000000,4894,32171000000,map,0.07835154606425512,0.17684714632962492,0.2439620455149536,0.0,0.0,0.0,0.0
32173000000,4895,32173000000,map,0.13440078719096002,0.21571412319190922,0.24879232947456156,0.0,0.0,0.0,0.0
32175000000,4896,32175000000,map,0.18217231804742023,0.24061953913795084,0.24993060755450228,0.0,0.0,0.0,0.0
32177000000,4897,32177000000,map,0.2187239022092326,0.24995145297126628,0.24735998803880638,0.0,0.0,0.0,0.0
32179000000,4898,32179000000,map,0.24180433691223377,0.2431058797439484,0.24111861817416505,0.0,0.0,0.0,0.0
32181000000,4899,32181000000,map,0.24999210405840888,0.2205258821827902,0.23129911807588147,0.0,0.0,0.0,0.0
32183000000,4900,32183000000,map,0.24278292115353164,0.18367289455430158,0.21804720627219856,0.0,0.0,0.0,0.0
32185000000,4901,32185000000,map,0.22062079993751565,0.134932134961574,0.20155953728375506,0.0,0.0,0.0,0.0
32187000000,4902,32187000000,map,0.18487069981463,0.0774582280262075,0.18208078332777966,0.0,0.0,0.0,0.0
32189000000,4903,32189000000,map,0.1377344603506542,0.014971029642288889,0.15990000345296593,0.0,0.0,0.0,0.0
32191000000,4904,32191000000,map,0.08211519053530215,-0.04848513145596629,0.13534635398785422,0.0,0.0,0.0,0.0
32193000000,4905,32193000000,map,0.021438467038312328,-0.10880321282917052,0.10878420395629071,0.0,0.0,0.0,0.0
32195000000,4906,32195000000,map,-0.04055864618641565,-0.16207927645544926,0.08060772794648223,0.0,0.0,0.0,0.0
32197000000,4907,32197000000,map,-0.1000577627172167,-0.20486516142325426,0.051235056675586206,0.0,0.0,0.0,0.0
32199000000,4908,32199000000,map,-0.15339434711263047,-0.2343916575828148,0.021102072050669878,0.0,0.0,0.0,0.0
32201000000,4909,32201000000,map,-0.19728341271757976,-0.24874773579691864,-0.009344061192118945,0.0,0.0,0.0,0.0
32203000000,4910,32203000000,map,-0.2290218431536277,-0.24700423455510934,-0.03965153128179434,0.0,0.0,0.0,0.0
32205000000,4911,32205000000,map,-0.2466548765695011,-0.2292739976456094,-0.06937058416844337,0.0,0.0,0.0,0.0
32207000000,4912,32207000000,map,-0.2490964989259015,-0.19670457062062094,-0.09806019774258272,0.0,0.0,0.0,0.0
32209000000,4913,32209000000,map,-0.2361963313233452,-0.15140392876104428,-0.12529462647489253,0.0,0.0,0.0,0.0
32211000000,4914,32211000000,map,-0.20874889180067555,-0.09630404361121432,-0.15066971935614357,0.0,0.0,0.0,0.0
32213000000,4915,32213000000,map,-0.16844466117098641,-0.03497111840125177,-0.17380891738117663,0.0,0.0,0.0,0.0
32215000000,4916,32215000000,map,-0.11776596673897133,0.02862522559925033,-0.1943688415746712,0.0,0.0,0.0,0.0
32217000000,4917,32217000000,map,-0.059834096394173794,0.09036887296113237,-0.21204438863540295,0.0,0.0,0.0,0.0
32219000000,4918,32219000000,map,0.0017829407164015475,0.14626361944413088,-0.22657325858103936,0.0,0.0,0.0,0.0
32221000000,4919,32221000000,map,0.06329016696189832,0.19269181639154395,-0.2377398472029894,0.0,0.0,0.0,0.0
32223000000,4920,32223000000,map,0.12089936793555478,0.22664851405660527,-0.24537844557076757,0.0,0.0,0.0,0.0
32225000000,4921,32225000000,map,0.17106240761414762,0.24593594951152942,-0.24937569910406665,0.0,0.0,0.0,0.0
32227000000,4922,32227000000,map,0.21068975715329133,0.24930579139505055,-0.24967228972189556,0.0,0.0,0.0,0.0
32229000000,4923,32229000000,map,0.2373407781825339,0.2365399350599932,-0.24626381610566722,0.0,0.0,0.0,0.0
32231000000,4924,32231000000,map,0.249374041100873,0.2084646188547003,-0.23920085901347626,0.0,0.0,0.0,0.0
32233000000,4925,32233000000,map,0.2460484203083902,0.1668969478982722,-0.2285882306763601,0.0,0.0,0.0,0.0
32235000000,4926,32235000000,map,0.22756873994310184,0.11452728646304935,-0.2145834194151405,0.0,0.0,0.0,0.0
32237000000,4927,32237000000,map,0.1950731588145111,0.05474513083014133,-0.19739425255972895,0.0,0.0,0.0,0.0
32239000000,4928,32239000000,map,0.15056307149244924,-0.008580267440710792,-0.17727581235174864,0.0,0.0,0.0,0.0
32241000000,4929,32241000000,map,0.09677984292418629,-0.0713503292098208,-0.15452665059814577,0.0,0.0,0.0,0.0
32243000000,4930,32243000000,map,0.03703596846654552,-0.12950241811343963,-0.12948435824927557,0.0,0.0,0.0,0.0
32245000000,4931,32245000000,map,-0.024988941860864526,-0.17927278461259083,-0.10252055564738809,0.0,0.0,0.0,0.0
32247000000,4932,32247000000,map,-0.08547478962046229,-0.21744016533638136,-0.0740353777882789,0.0,0.0,0.0,0.0
32249000000,4933,32249000000,map,-0.1406962668457587,-0.24153427135266667,-0.04445153643464395,0.0,0.0,0.0,0.0
32251000000,4934,32251000000,map,-0.18725229681145084,-0.24999567148517376,-0.0142080471964385,0.0,0.0,0.0,0.0
32253000000,4935,32253000000,map,-0.22227550548357178,-0.24227672262360336,0.01624628533400426,0.0,0.0,0.0,0.0
32255000000,4936,32255000000,map,-0.243608822355335,-0.2188770145635597,0.04645952771065161,0.0,0.0,0.0,0.0
32257000000,4937,32257000000,map,-0.24993833387113532,-0.1813110352982294,0.07598332419530673,0.0,0.0,0.0,0.0
32259000000,4938,32259000000,map,-0.24087420702805024,-0.13201014954342583,0.10437955022697538,0.0,0.0,0.0,0.0
32261000000,4939,32261000000,map,-0.21697469909093434,-0.07416523469545905,0.13122681406200992,0.0,0.0,0.0,0.0
32263000000,4940,32263000000,map,-0.17971177466994492,-0.011520159214824872,0.1561267101059177,0.0,0.0,0.0,0.0
32265000000,4941,32265000000,map,-0.13138044779426697,0.05187052996188441,0.17870973113651695,0.0,0.0,0.0,0.0
32267000000,4942,32267000000,map,-0.07495743258308614,0.11190402790279703,0.1986407516833612,0.0,0.0,0.0,0.0
32269000000,4943,32269000000,map,-0.013917808180355942,0.16469481554135834,0.21562400119275918,0.0,0.0,0.0,0.0
32271000000,4944,32271000000,map,0.04797901048540002,0.2068261402497781,0.22940745317675093,0.0,0.0,0.0,0.0
32273000000,4945,32273000000,map,0.10692081410887493,0.23557115666540743,0.23978656521283057,0.0,0.0,0.0,0.0
32275000000,4946,32275000000,map,0.15927739200892196,0.24906941498649354,0.24660731429411592,0.0,0.0,0.0,0.0
32277000000,4947,32277000000,map,0.20182411588092433,0.24644727396505997,0.249768482486143,0.0,0.0,0.0,0.0
32279000000,4948,32279000000,map,0.2319405438320742,0.22787444516687533,0.24922315897143865,0.0,0.0,0.0,0.0
32281000000,4949,32281000000,map,0.24777181273125393,0.19455300881189516,0.2449794361925352,0.0,0.0,0.0,0.0
32283000000,4950,32283000000,map,0.24834287875707867,0.1486396121170849,0.23710028976235745,0.0,0.0,0.0,0.0
32285000000,4951,32285000000,map,0.23361857009834383,0.09310588566186094,0.2257026439246071,0.0,0.0,0.0,0.0
32287000000,4952,32287000000,map,0.20450575317707415,0.031546111977425004,0.2109556364317335,0.0,0.0,0.0,0.0
32289000000,4953,32289000000,map,0.16279747897651844,-0.03205540546247665,0.19307810858998475,0.0,0.0,0.0,0.0
32291000000,4954,32291000000,map,0.11106254948765365,-0.09358221639066826,0.17233535771814124,0.0,0.0,0.0,0.0
32293000000,4955,32293000000,map,0.05248730584770296,-0.14905215076656045,0.1490352002118438,0.0,0.0,0.0,0.0
32295000000,4956,32295000000,map,-0.00932061759826343,-0.19487505484224477,0.12352340363849172,0.0,0.0,0.0,0.0
32297000000,4957,32297000000,map,-0.07055448657878675,-0.22808515494846546,0.09617855564647215,0.0,0.0,0.0,0.0
32299000000,4958,32299000000,map,-0.12744292269156512,-0.246533009830737,0.06740644583444125,0.0,0.0,0.0,0.0
32301000000,4959,32301000000,map,-0.1764821816374724,-0.2490246278951757,0.03763404395206856,0.0,0.0,0.0,0.0
32303000000,4960,32303000000,map,-0.21465194794143375,-0.23539874535035576,0.007303163792547805,0.0,0.0,0.0,0.0
32305000000,4961,32305000000,map,-0.2396013554135439,-0.20653726360519029,-0.023136093195684656,0.0,0.0,0.0,0.0
32307000000,4962,32307000000,map,-0.24979377639854414,-0.16430817039082643,-0.05323201728343095,0.0,0.0,0.0,0.0
32309000000,4963,32309000000,map,-0.24460146228259327,-0.11144463889315812,-0.08253799370181161,0.0,0.0,0.0,0.0
32311000000,4964,32311000000,map,-0.2243442063703019,-0.051368129906105155,-0.11061913027616292,0.0,0.0,0.0,0.0
32313000000,4965,32313000000,map,-0.19026964789654732,0.012033053720801361,-0.1370587110990402,0.0,0.0,0.0,0.0
32315000000,4966,32315000000,map,-0.14447643024403375,0.07465542782846284,-0.16146438047319864,0.0,0.0,0.0,0.0
32317000000,4967,32317000000,map,-0.08978494603049593,0.13244591477027584,-0.1834739653567708,0.0,0.0,0.0,0.0
32319000000,4968,32319000000,map,-0.02956362984655422,0.18166416879680297,-0.20276084990510174,0.0,0.0,0.0,0.0
32321000000,4969,32321000000,map,0.03247850277370737,0.21912466064513864,-0.2190388223554573,0.0,0.0,0.0,0.0
32323000000,4970,32323000000,map,0.09252029267607476,0.2424028530105648,-0.23206632232662452,0.0,0.0,0.0,0.0
32325000000,4971,32325000000,map,0.1468637813044456,0.24999212270145738,-0.2416500255042198,0.0,0.0,0.0,0.0
32327000000,4972,32327000000,map,0.19216196702777924,0.2414012730844828,-0.24764771251777254,0.0,0.0,0.0,0.0
32329000000,4973,32329000000,map,0.2256249461186254,0.21718632556634937,-0.24997037943472805,0.0,0.0,0.0,0.0
32331000000,4974,32331000000,map,0.24519174221300744,0.17891453248943687,-0.24858355855289552,0.0,0.0,0.0,0.0
32333000000,4975,32333000000,map,0.24965724132039877,0.12906294061614684,-0.24350782989122377,0.0,0.0,0.0,0.0
32335000000,4976,32335000000,map,0.23874641448754308,0.07085807042821472,-0.23481851578821641,0.0,0.0,0.0,0.0
32337000000,4977,32337000000,map,0.2131312567615765,0.00806708760152667,-0.22264456314035305,0.0,0.0,0.0,0.0
32339000000,4978,32339000000,map,0.17438939918642152,-0.05524601743603233,-0.2071666298677104,0.0,0.0,0.0,0.0
32341000000,4979,32341000000,map,0.12490694290774083,-0.11498346119398963,-0.18861440400266946,0.0,0.0,0.0,0.0
32343000000,4980,32343000000,map,0.0677314998115166,-0.16727888597750326,-0.16726319518646907,0.0,0.0,0.0,0.0
32345000000,4981,32345000000,map,0.006384490883926123,-0.20874760028888198,-0.14342984915425253,0.0,0.0,0.0,0.0
32347000000,4982,32347000000,map,-0.05535573721219119,-0.23670564457838847,-0.11746804583579508,0.0,0.0,0.0,0.0
32349000000,4983,32349000000,map,-0.11368661954453801,-0.2493435038605901,-0.08976305084904909,0.0,0.0,0.0,0.0
32351000000,4984,32351000000,map,-0.1650155719193718,-0.24584322407856918,-0.06072599826943406,0.0,0.0,0.0,0.0
32353000000,4985,32353000000,map,-0.20618125722597916,-0.22643135214859741,-0.030787789520145187,0.0,0.0,0.0,0.0
32355000000,4986,32355000000,map,-0.23464829138536553,-0.1923642732736405,-0.00039269892032484376,0.0,0.0,0.0,0.0
32357000000,4987,32357000000,map,-0.24866339701042817,-0.14584689453102825,0.030008219217538774,0.0,0.0,0.0,0.0
32359000000,4988,32359000000,map,-0.24736338731321866,-0.08988993773807562,0.059963824101421995,0.0,0.0,0.0,0.0
32361000000,4989,32361000000,map,-0.2308283295601849,-0.028115077959157533,0.08902958325882869,0.0,0.0,0.0,0.0
32363000000,4990,32363000000,map,-0.20007661374905925,0.03547946041928348,0.11677416926944263,0.0,0.0,0.0,0.0
32365000000,4991,32365000000,map,-0.15700223022853935,0.09677767883249146,0.14278586053824543,0.0,0.0,0.0,0.0
32367000000,4992,32367000000,map,-0.1042581193148655,0.15181220232210216,0.16667865112484218,0.0,0.0,0.0,0.0
32369000000,4993,32369000000,map,-0.04509277737231081,0.19702105802913208,0.18809797895936697,0.0,0.0,0.0,0.0
32371000000,4994,32371000000,map,0.01684981724992138,0.2294782150399369,0.20672598744039533,0.0,0.0,0.0,0.0
32373000000,4995,32373000000,map,0.07775463591668468,0.2470829644717371,0.222286242334575,0.0,0.0,0.0,0.0
32375000000,4996,32375000000,map,0.1338705663507504,0.24869588263742085,0.23454783398059914,0.0,0.0,0.0,0.0
32377000000,4997,32377000000,map,0.18174144268130288,0.2342125774141671,0.2433288039211812,0.0,0.0,0.0,0.0
32379000000,4998,32379000000,map,0.2184189098210209,0.20457044476464262,0.2484988451137788,0.0,0.0,0.0,0.0
32381000000,4999,32381000000,map,0.24164401190563514,0.16168799811087187,0.2499812356493716,0.0,0.0,0.0,0.0
32383000000,5000,32383000000,map,0.24998632080976924,0.10834069731743874,0.24775397728309945,0.0,0.0,0.0,0.0
32385000000,5001,32385000000,map,0.24293203585165873,0.0479813139451328,0.24185012188200322,0.0,0.0,0.0,0.0
32387000000,5002,32387000000,map,0.22091562864611253,-0.015483540815022921,0.23235728094473024,0.0,0.0,0.0,0.0
32389000000,5003,32389000000,map,0.18529308410843254,-0.07794626184796413,0.21941632547257614,0.0,0.0,0.0,0.0
32391000000,5004,32391000000,map,0.13825838568882545,-0.13536410465523044,0.20321929548460935,0.0,0.0,0.0,0.0
32393000000,5005,32393000000,map,0.0827083884894817,-0.18402084195419513,0.1840065501995021,0.0,0.0,0.0,0.0
32395000000,5006,32395000000,map,0.02206440269727992,-0.22076728725756006,0.16206320117488,0.0,0.0,0.0,0.0
32397000000,5007,32397000000,map,-0.039938524040118724,-0.24322511814963924,0.1377148813343672,0.0,0.0,0.0,0.0
32399000000,5008,32399000000,map,-0.09948164724884516,-0.24994080729819257,0.11132291266959639,0.0,0.0,0.0,0.0
32401000000,5009,32401000000,map,-0.1528977211276073,-0.24047969840085556,0.08327894432702464,0.0,0.0,0.0,0.0
32403000000,5010,32403000000,map,-0.1968968632834489,-0.21545413823522333,0.05399914064848872,0.0,0.0,0.0,0.0
32405000000,5011,32405000000,map,-0.2287691777518173,-0.17648384403401923,0.0239180054128037,0.0,0.0,0.0,0.0
32407000000,5012,32407000000,map,-0.24655165679778973,-0.12609107131031103,-0.006518066073473841,0.0,0.0,0.0,0.0
32409000000,5013,32409000000,map,-0.24914908206375377,-0.06753736713239857,-0.03685741135318352,0.0,0.0,0.0,0.0
32411000000,5014,32411000000,map,-0.23640147878868636,-0.004612474589870111,-0.0666498033578502,0.0,0.0,0.0,0.0
32413000000,5015,32413000000,map,-0.20909396861339954,0.05861094891558393,-0.0954531316465145,0.0,0.0,0.0,0.0
32415000000,5016,32415000000,map,-0.16890841413791965,0.11804092430793942,-0.12283996319670475,0.0,0.0,0.0,0.0
32417000000,5017,32417000000,map,-0.11831983343299544,0.16983099401874882,-0.1484038853857947,0.0,0.0,0.0,0.0
32419000000,5018,32419000000,map,-0.06044396430659576,0.210629174402395,-0.17176553703623884,0.0,0.0,0.0,0.0
32421000000,5019,32421000000,map,0.0011546331950598463,0.23779490455239674,-0.19257823802582555,0.0,0.0,0.0,0.0
32423000000,5020,32423000000,map,0.0626821171321546,0.2495699500483755,-0.21053313391909176,0.0,0.0,0.0,0.0
32425000000,5021,32425000000,map,0.12034902543121143,0.24519220031295816,-0.2253637792780185,0.0,0.0,0.0,0.0
32427000000,5022,32427000000,map,0.17060366789017234,0.22494499432607395,-0.2368500916347829,0.0,0.0,0.0,0.0
32429000000,5023,32429000000,map,0.21035087387262977,0.19013878221287767,-0.2448216174514293,0.0,0.0,0.0,0.0
32431000000,5024,32431000000,map,0.23714262307993808,0.14302630961440174,-0.24916006160108553,0.0,0.0,0.0,0.0
32433000000,5025,32433000000,map,0.24932881849879238,0.08665681431948712,-0.24980104283317625,0.0,0.0,0.0,0.0
32435000000,5026,32435000000,map,0.24615891545533483,0.02467867192246619,-0.24673504917244168,0.0,0.0,0.0,0.0
32437000000,5027,32437000000,map,0.22782814747117652,-0.03889673622693446,-0.24000757907397158,0.0,0.0,0.0,0.0
32439000000,5028,32439000000,map,0.19546550188005668,-0.0999546497211881,-0.22971846623924896,0.0,0.0,0.0,0.0
32441000000,5029,32441000000,map,0.1510641857857519,-0.15454324674098738,-0.21602039811309082,0.0,0.0,0.0,0.0
32443000000,5030,32443000000,map,0.09735886494383669,-0.19912941591015962,-0.1991166500464635,0.0,0.0,0.0,0.0
32445000000,5031,32445000000,map,0.03765723639356765,-0.23082742815536375,-0.1792580687488916,0.0,0.0,0.0,0.0
32447000000,5032,32447000000,map,-0.024363691760172546,-0.2475857083533538,-0.15673934979675797,0.0,0.0,0.0,0.0
32449000000,5033,32449000000,map,-0.08488406634019996,-0.2483196184359469,-0.13189466443636194,0.0,0.0,0.0,0.0
32451000000,5034,32451000000,map,-0.14017645288260944,-0.23298165789565475,-0.1050927005792403,0.0,0.0,0.0,0.0
32453000000,5035,32453000000,map,-0.18683540737523202,-0.20256453813791445,-0.0767311915815742,0.0,0.0,0.0,0.0
32455000000,5036,32455000000,map,-0.22198721668824445,-0.15903693170110378,-0.047231013996104104,0.0,0.0,0.0,0.0
32457000000,5037,32457000000,map,-0.2434668898345422,-0.10521605481417243,-0.017029941886384924,0.0,0.0,0.0,0.0
32459000000,5038,32459000000,map,-0.2499514992127472,-0.04458533007438894,0.01342384961260903,0.0,0.0,0.0,0.0
32461000000,5039,32461000000,map,-0.24104165938201166,0.018931069430411784,0.04367843508376388,0.0,0.0,0.0,0.0
32463000000,5040,32463000000,map,-0.21728612510938697,0.08122220248023058,0.07328484526964996,0.0,0.0,0.0,0.0
32465000000,5041,32465000000,map,-0.18014799370353066,0.13825643018265985,0.10180372964561793,0.0,0.0,0.0,0.0
32467000000,5042,32467000000,map,-0.13191459322405702,0.18634235378949693,0.12881187625389326,0.0,0.0,0.0,0.0
32469000000,5043,32469000000,map,-0.07555660652787395,0.22236773131265816,0.15390849204652005,0.0,0.0,0.0,0.0
32471000000,5044,32471000000,map,-0.01454510766952094,0.2440009096576352,0.17672115053718035,0.0,0.0,0.0,0.0
32473000000,5045,32473000000,map,0.04736222066793035,0.24984173508034302,0.196911318502462,0.0,0.0,0.0,0.0
32475000000,5046,32475000000,map,0.10635252189083533,0.2395121746604204,0.21417937971625142,0.0,0.0,0.0,0.0
32477000000,5047,32477000000,map,0.15879259836335693,0.21368078354354322,0.2282690811675004,0.0,0.0,0.0,0.0
32479000000,5048,32479000000,map,0.2014526791250556,0.17401943436953676,0.2389713357806995,0.0,0.0,0.0,0.0
32481000000,5049,32481000000,map,0.23170534066114296,0.12309510946821468,0.24612732520704392,0.0,0.0,0.0,0.0
32483000000,5050,32483000000,map,0.24768732924868406,0.06420375930308687,0.24963085664267637,0.0,0.0,0.0,0.0
32485000000,5051,32485000000,map,0.2484143182790561,0.0011569802611683432,0.2494299386991261,0.0,0.0,0.0,0.0
32487000000,5052,32487000000,map,0.2338415326828149,-0.061964681454893644,0.24552755294027698,0.0,0.0,0.0,0.0
32489000000,5053,32489000000,map,0.2048665066153747,-0.12107583304752942,0.23798160963692366,0.0,0.0,0.0,0.0
32491000000,5054,32491000000,map,0.16327380455613635,-0.1723506520277703,0.2269040883950674,0.0,0.0,0.0,0.0
32493000000,5055,32493000000,map,0.11162511043718977,-0.21247050307336962,0.21245937641127646,0.0,0.0,0.0,0.0
32495000000,5056,32495000000,map,0.053101454181875375,-0.2388387284598072,0.1948618290143162,0.0,0.0,0.0,0.0
32497000000,5057,32497000000,map,-0.008692707119222555,-0.24974871028218112,0.1743725886943036,0.0,0.0,0.0,0.0
32499000000,5058,32499000000,map,-0.06995148680165907,-0.2444943270609171,0.1512957098241665,0.0,0.0,0.0,0.0
32501000000,5059,32501000000,map,-0.1269019722187016,-0.22341565570140806,0.12597364658119597,0.0,0.0,0.0,0.0
32503000000,5060,32503000000,map,-0.1760365974710108,-0.18787696086003738,0.09878217102613934,0.0,0.0,0.0,0.0
32505000000,5061,32505000000,map,-0.21432917349687536,-0.14017839630322496,0.07012479675539984,0.0,0.0,0.0,0.0
32507000000,5062,32507000000,map,-0.2394212702865372,-0.08340713316685472,0.040426790876614445,0.0,0.0,0.0,0.0
32509000000,5063,32509000000,map,-0.24976747198633617,-0.021237550470491244,0.010128863167565647,0.0,0.0,0.0,0.0
32511000000,5064,32511000000,map,-0.2447305586671889,0.04230657993822625,-0.020319373927822064,0.0,0.0,0.0,0.0
32513000000,5065,32513000000,map,-0.22462075253832714,0.10311252202520298,-0.050466077418001874,0.0,0.0,0.0,0.0
32515000000,5066,32515000000,map,-0.1906766114399383,0.15724476219537548,-0.0798638789830179,0.0,0.0,0.0,0.0
32517000000,5067,32517000000,map,-0.14498874638142112,0.20119972563625374,-0.10807652378932267,0.0,0.0,0.0,0.0
32519000000,5068,32519000000,map,-0.09037106134182597,0.2321325364973178,-0.13468534438553645,0.0,0.0,0.0,0.0
32521000000,5069,32521000000,map,-0.03018744563881814,0.24804114541499125,-0.15929547360568116,0.0,0.0,0.0,0.0
32523000000,5070,32523000000,map,0.0318554071565823,0.24789590718446558,-0.18154170428276883,0.0,0.0,0.0,0.0
32525000000,5071,32525000000,map,0.09193629353409512,0.2317062219896103,-0.20109390881748715,0.0,0.0,0.0,0.0
32527000000,5072,32527000000,map,0.14635484699632892,0.20051992699886112,-0.21766193817575216,0.0,0.0,0.0,0.0
32529000000,5073,32529000000,map,0.191759442688081,0.15635547770722796,-0.23099992761591873,0.0,0.0,0.0,0.0
32531000000,5074,32531000000,map,0.22535362311882004,0.10207130841640638,-0.24090994525015014,0.0,0.0,0.0,0.0
32533000000,5075,32533000000,map,0.245068331267658,0.041180827173444255,-0.24724492929629927,0.0,0.0,0.0,0.0
32535000000,5076,32535000000,map,0.24968934327821338,-0.022374980839060973,-0.24991087043180718,0.0,0.0,0.0,0.0
32537000000,5077,32537000000,map,0.2389320521971123,-0.08448262378331688,-0.2488682068648555,0.0,0.0,0.0,0.0
32539000000,5078,32539000000,map,0.21345899684362385,-0.14112233870831778,-0.24413241141979813,0.0,0.0,0.0,0.0
32541000000,5079,32541000000,map,0.17483905621272267,-0.18862826072564115,-0.2357737619250504,0.0,0.0,0.0,0.0
32543000000,5080,32543000000,map,0.12545082261651086,-0.2239256870096977,-0.22391629831031085,0.0,0.0,0.0,0.0
32545000000,5081,32545000000,map,0.06833610478994219,-0.24473007930217722,-0.20873598189032475,0.0,0.0,0.0,0.0
32547000000,5082,32547000000,map,0.007012583665293859,-0.24969492497788492,-0.1904580841500445,0.0,0.0,0.0,0.0
32549000000,5083,32549000000,map,-0.054742840702398585,-0.23849888673029693,-0.16935384378086,0.0,0.0,0.0,0.0
32551000000,5084,32551000000,map,-0.11312666744654251,-0.21186660033050045,-0.14573644157788918,0.0,0.0,0.0,0.0
32553000000,5085,32553000000,map,-0.16454305153995488,-0.17152177437690194,-0.1199563529275046,0.0,0.0,0.0,0.0
32555000000,5086,32555000000,map,-0.20582527097522732,-0.12007562753616728,-0.09239614685440076,0.0,0.0,0.0,0.0
32557000000,5087,32557000000,map,-0.23443076436592133,-0.060857883900836816,-0.0634648088088876,0.0,0.0,0.0,0.0
32559000000,5088,32559000000,map,-0.24859772665589322,0.002298735134642906,-0.03359167144120362,0.0,0.0,0.0,0.0
32561000000,5089,32561000000,map,-0.2474536182440905,0.06530657424746379,-0.0032200434297589365,0.0,0.0,0.0,0.0
32563000000,5090,32563000000,map,-0.23106890447631295,0.12408760752536076,0.02719936909061584,0.0,0.0,0.0,0.0
32565000000,5091,32565000000,map,-0.20045271570276862,0.1748373785668845,0.057215150876691774,0.0,0.0,0.0,0.0
32567000000,5092,32567000000,map,-0.15749069519615463,0.21427123447429336,0.08638187644839429,0.0,0.0,0.0,0.0
32569000000,5093,32569000000,map,-0.10482886286316803,0.23983691685464179,0.11426672007299157,0.0,0.0,0.0,0.0
32571000000,5094,32571000000,map,-0.04571064755184932,0.24987975040585883,0.14045587877318794,0.0,0.0,0.0,0.0
32573000000,5095,32573000000,map,0.01622287490631289,0.24374973766692387,0.16456071304375253,0.0,0.0,0.0,0.0
32575000000,5096,32575000000,map,0.07715723462879097,0.22184362848904735,0.1862235141479193,0.0,0.0,0.0,0.0
32577000000,5097,32577000000,map,0.13333949991128602,0.185579241386832,0.20512281241160246,0.0,0.0,0.0,0.0
32579000000,5098,32579000000,map,0.18130941933730269,0.13730369875578521,0.2209781477402075,0.0,0.0,0.0,0.0
32581000000,5099,32581000000,map,0.21811253778037684,0.08014151520466095,0.23355423156428967,0.0,0.0,0.0,0.0
32583000000,5100,32583000000,map,0.24148216054412552,0.01779237110668102,0.2426644384540574,0.0,0.0,0.0,0.0
32585000000,5101,32585000000,map,0.2499789585116598,-0.04570834002535198,0.24817357558638548,0.0,0.0,0.0,0.0
32587000000,5102,32587000000,map,0.24307961605898903,-0.10625069236219008,0.2499998889669587,0.0,0.0,0.0,0.0
32589000000,5103,32589000000,map,0.2212090619315328,-0.1599162325001389,0.24811627663586786,0.0,0.0,0.0,0.0
32591000000,5104,32591000000,map,0.18571429799056346,-0.2032315916278895,0.24255069085279893,0.0,0.0,0.0,0.0
32593000000,5105,32593000000,map,0.13878143771170112,-0.23339329069556858,0.23338572329360152,0.0,0.0,0.0,0.0
32595000000,5106,32595000000,map,0.08330106401252815,-0.24844918863518672,0.22075737941394533,0.0,0.0,0.0,0.0
32597000000,5107,32597000000,map,0.022690198985714775,-0.2474248298426002,0.20485306016754015,0.0,0.0,0.0,0.0
32599000000,5108,32599000000,map,-0.03931814962039766,-0.2303865133967593,0.18590878103094105,0.0,0.0,0.0,0.0
32601000000,5109,32601000000,map,-0.09890490340042624,-0.19843700201631123,0.16420566960193989,0.0,0.0,0.0,0.0
32603000000,5110,32603000000,map,-0.15240012935729916,-0.15364414848171215,0.1400657937480171,0.0,0.0,0.0,0.0
32605000000,5111,32605000000,map,-0.19650907014171753,-0.0989070589986927,0.11384738221289209,0.0,0.0,0.0,0.0
32607000000,5112,32607000000,map,-0.22851506731954582,-0.037768455748951824,0.08593950860536603,0.0,0.0,0.0,0.0
32609000000,5113,32609000000,map,-0.24644687967185316,0.02581461700443839,0.056756317660934426,0.0,0.0,0.0,0.0
32611000000,5114,32611000000,map,-0.24920009144059302,0.08772690278037772,0.026730879453841415,0.0,0.0,0.0,0.0
32613000000,5115,32613000000,map,-0.236605133013805,0.14396128263609223,-0.0036912372375216395,0.0,0.0,0.0,0.0
32615000000,5116,32615000000,map,-0.20943772467479002,0.19087812598882453,-0.03405857704075866,0.0,0.0,0.0,0.0
32617000000,5117,32617000000,map,-0.16937110018759233,0.22544085666619074,-0.0639204974568029,0.0,0.0,0.0,0.0
32619000000,5118,32619000000,map,-0.11887295275464563,0.24541248775890337,-0.09283385626360006,0.0,0.0,0.0,0.0
32622000000,5119,32621000000,map,-0.061053450421867814,0.24950040504217705,-0.12036958761743255,0.0,0.0,0.0,0.0
32623000000,5120,32623000000,map,0.0005263183804273504,0.23744002822194188,-0.14611906926587062,0.0,0.0,0.0,0.0
32625000000,5121,32625000000,map,0.06207367136787185,0.21001193523685335,-0.16970018638318252,0.0,0.0,0.0,0.0
32627000000,5122,32627000000,map,0.1197979227372142,0.16899134129008297,-0.19076300204312377,0.0,0.0,0.0,0.0
32629000000,5123,32629000000,map,0.17014385054070877,0.11703320245393012,-0.2089949501812566,0.0,0.0,0.0,0.0
32631000000,5124,32631000000,map,0.2100106619013406,0.05750038023086223,-0.2241254739848422,0.0,0.0,0.0,0.0
32633000000,5125,32633000000,map,0.23694297005572212,-0.005754011305615377,-0.23593004087698097,0.0,0.0,0.0,0.0
32635000000,5126,32635000000,map,0.24928202100038574,-0.06863598874970907,-0.2442334745148904,0.0,0.0,0.0,0.0
32637000000,5127,32637000000,map,0.24626785572882412,-0.127075672273762,-0.24891255435614312,0.0,0.0,0.0,0.0
32639000000,5128,32639000000,map,0.22808611591275577,-0.177290698491365,-0.24989784421540528,0.0,0.0,0.0,0.0
32641000000,5129,32641000000,map,0.1958566102792583,-0.2160310245350404,-0.24717472267747445,0.0,0.0,0.0,0.0
32643000000,5130,32643000000,map,0.1515643458757364,-0.2407892790104184,-0.24078360007471092,0.0,0.0,0.0,0.0
32645000000,5131,32645000000,map,0.09793727199187768,-0.24996304538124867,-0.23081931880954423,0.0,0.0,0.0,0.0
32647000000,5132,32647000000,map,0.038278266457018276,-0.2429585744014901,-0.21742974592072206,0.0,0.0,0.0,0.0
32649000000,5133,32649000000,map,-0.02373828776493568,-0.2202292130603662,-0.20081357877935613,0.0,0.0,0.0,0.0
32651000000,5134,32651000000,map,-0.0842928068862548,-0.18324606282410796,-0.18121739647777113,0.0,0.0,0.0,0.0
32653000000,5135,32653000000,map,-0.13965575348879886,-0.13440276624753952,-0.15893200066752272,0.0,0.0,0.0,0.0
32655000000,5136,32655000000,map,-0.1864173377848859,-0.07686058440311948,-0.13428810014701664,0.0,0.0,0.0,0.0
32657000000,5137,32657000000,map,-0.22169752570100806,-0.014343792110065135,-0.10765140323947309,0.0,0.0,0.0,0.0
32659000000,5138,32659000000,map,-0.24332341944457628,0.049101366505736314,-0.07941719078727413,0.0,0.0,0.0,0.0
32661000000,5139,32661000000,map,-0.2499630857248502,0.10936856111368873,-0.05000445029939788,0.0,0.0,0.0,0.0
32663000000,5140,32663000000,map,-0.24120758918584806,0.16255714721077122,-0.01984965829860976,0.0,0.0,0.0,0.0
32665000000,5141,32665000000,map,-0.21759617863057995,0.20522462565149233,0.010599696863818071,0.0,0.0,0.0,0.0
32667000000,5142,32667000000,map,-0.18058307482463706,0.23460944985457372,0.04089175560471788,0.0,0.0,0.0,0.0
32669000000,5143,32669000000,map,-0.13244790540958168,0.2488097600481025,0.07057699257389065,0.0,0.0,0.0,0.0
32671000000,5144,32671000000,map,-0.07615530321607047,0.24690647642024927,0.0992148874804622,0.0,0.0,0.0,0.0
32673000000,5145,32673000000,map,-0.015172315283540272,0.229022784277029,0.126380462284949,0.0,0.0,0.0,0.0
32675000000,5146,32675000000,map,0.04674513168482225,0.19631616117994583,0.15167058775041412,0.0,0.0,0.0,0.0
32677000000,5147,32677000000,map,0.10578355789246564,0.15090346208483088,0.1747099657635947,0.0,0.0,0.0,0.0
32679000000,5148,32679000000,map,0.158306801697614,0.09572391116186418,0.1951566986489717,0.0,0.0,0.0,0.0
32681000000,5149,32681000000,map,0.20107996988457744,0.03434886781124631,0.21270736283159625,0.0,0.0,0.0,0.0
32683000000,5150,32683000000,map,0.2314686739133499,-0.02924932070621458,0.22710151155465316,0.0,0.0,0.0,0.0
32685000000,5151,32685000000,map,0.24760128123835778,-0.09095441957913038,0.23812553983340365,0.0,0.0,0.0,0.0
32687000000,5152,32687000000,map,0.2484841886811879,-0.14677271952187324,0.24561585429138014,0.0,0.0,0.0,0.0
32689000000,5153,32689000000,map,0.23406301819719527,-0.1930915196913733,0.24946130083845902,0.0,0.0,0.0,0.0
32691000000,5154,32691000000,map,0.20522596600534615,-0.22691295077498044,0.2496048141652039,0.0,0.0,0.0,0.0
32693000000,5155,32693000000,map,0.16374909880966657,-0.2460480046383742,0.246044264575555,0.0,0.0,0.0,0.0
32695000000,5156,32695000000,map,0.11218696630206465,-0.24925821244065513,0.23883248959085082,0.0,0.0,0.0,0.0
32697000000,5157,32697000000,map,0.05371526709818085,-0.23633580145402208,0.22807650985637257,0.0,0.0,0.0,0.0
32699000000,5158,32699000000,map,-0.00806474173231909,-0.20811714263797768,0.21393594098619387,0.0,0.0,0.0,0.0
32701000000,5159,32701000000,map,-0.06934804517270449,-0.16642861860558558,0.19662062491347113,0.0,0.0,0.0,0.0
32703000000,5160,32703000000,map,-0.12636022016410933,-0.11396841554506348,0.17638751589765223,0.0,0.0,0.0,0.0
32705000000,5161,32705000000,map,-0.175589901361725,-0.05413188981955908,0.15353686739756361,0.0,0.0,0.0,0.0
32707000000,5162,32707000000,map,-0.21400504523265423,0.009208188043042605,0.1284077763972699,0.0,0.0,0.0,0.0
32709000000,5163,32709000000,map,-0.23923967284472966,0.07195228880229898,0.10137315130577668,0.0,0.0,0.0,0.0
32711000000,5164,32711000000,map,-0.24973958990702833,0.13003945635593428,0.07283417810420152,0.0,0.0,0.0,0.0
32713000000,5165,32713000000,map,-0.24485810920061368,0.17971014303892088,0.04321436686239265,0.0,0.0,0.0,0.0
32715000000,5166,32715000000,map,-0.2248958798795003,0.2177495370082383,0.012953266972765764,0.0,0.0,0.0,0.0
32717000000,5167,32717000000,map,-0.19108237056614633,0.24169563295698737,-0.017500055634889978,0.0,0.0,0.0,0.0
32719000000,5168,32719000000,map,-0.14550014669136402,0.24999857929296057,-0.04769368250184153,0.0,0.0,0.0,0.0
32721000000,5169,32721000000,map,-0.09095660582020479,0.24212098843410126,-0.07717954897851786,0.0,0.0,0.0,0.0
32723000000,5170,32723000000,map,-0.03081107075076875,0.21857271788565252,-0.10552009337368076,0.0,0.0,0.0,0.0
32725000000,5171,32725000000,map,0.031232110323167,0.18087787097843028,-0.1322947502435221,0.0,0.0,0.0,0.0
32727000000,5172,32727000000,map,0.0913517136725188,0.13147615306691082,-0.15710619145955393,0.0,0.0,0.0,0.0
32729000000,5173,32729000000,map,0.14584498823145578,0.07356496765766232,-0.17958622244354996,0.0,0.0,0.0,0.0
32731000000,5174,32731000000,map,0.19135570709145017,0.010892472409022375,-0.19940124606754892,0.0,0.0,0.0,0.0
32733000000,5175,32733000000,map,0.2250808766630035,-0.0524850110653314,-0.21625721313834353,0.0,0.0,0.0,0.0
32735000000,5176,32735000000,map,0.24494337233753544,-0.11246553254093303,-0.22990398600250356,0.0,0.0,0.0,0.0
32737000000,5177,32737000000,map,0.24971986806242072,-0.16516700172127044,-0.24013905051586237,0.0,0.0,0.0,0.0
32739000000,5178,32739000000,map,0.23911618068198204,-0.20717844689307124,-0.24681052129494044,0.0,0.0,0.0,0.0
32741000000,5179,32741000000,map,0.2137853886026337,-0.2357807815996883,-0.24981939565193,0.0,0.0,0.0,0.0
32743000000,5180,32743000000,map,0.17528760886035888,-0.24912279075847682,-0.24912102276559675,0.0,0.0,0.0,0.0
32745000000,5181,32745000000,map,0.1259939099097036,-0.24634094596049638,-0.24472576628667353,0.0,0.0,0.0,0.0
32747000000,5182,32747000000,map,0.06894027812049904,-0.22761529520172935,-0.23669885054417594,0.0,0.0,0.0,0.0
32749000000,5183,32749000000,map,0.0076406321511446095,-0.19415780972397967,-0.2251593926354362,0.0,0.0,0.0,0.0
32751000000,5184,32751000000,map,-0.05412959840707176,-0.14813394218638223,-0.21027863476290481,0.0,0.0,0.0,0.0
32753000000,5185,32753000000,map,-0.1125660007788294,-0.09252247311835068,-0.19227740304956373,0.0,0.0,0.0,0.0
32755000000,5186,32755000000,map,-0.16406949181736805,-0.03092271674931397,-0.17142283054353846,0.0,0.0,0.0,0.0
32757000000,5187,32757000000,map,-0.20546798462019947,0.03267843566719732,-0.14802439304138415,0.0,0.0,0.0,0.0
32759000000,5188,32759000000,map,-0.23421175655427953,0.0941645574894507,-0.12242931655679956,0.0,0.0,0.0,0.0
32761000000,5189,32761000000,map,-0.24853048602301797,0.14955611217757217,-0.095017424587834,0.0,0.0,0.0,0.0
32763000000,5190,32763000000,map,-0.2475422861234203,0.19526801891477133,-0.06619550164664946,0.0,0.0,0.0,0.0
32765000000,5191,32765000000,map,-0.23130801983574337,0.22834168805917335,-0.036391256694801054,0.0,0.0,0.0,0.0
32767000000,5192,32767000000,map,-0.20082755148804562,0.2466365085108287,-0.0060469760675929945,0.0,0.0,0.0,0.0
32769000000,5193,32769000000,map,-0.157978165366944,0.24896839344965352,0.024387039927376782,0.0,0.0,0.0,0.0
32771000000,5194,32771000000,map,-0.10539894425560566,0.23518641741405055,0.05445915933589712,0.0,0.0,0.0,0.0
32773000000,5195,32773000000,map,-0.04632822899787107,0.20618258457650132,0.08372312064360843,0.0,0.0,0.0,0.0
32775000000,5196,32775000000,map,0.015595830090322907,0.16383409598907123,0.11174465516772125,0.0,0.0,0.0,0.0
32777000000,5197,32777000000,map,0.07655934597354463,0.1108818524064634,0.1381079314780107,0.0,0.0,0.0,0.0
32779000000,5198,32779000000,map,0.13280759122726377,0.05075305629258455,0.16242172621420256,0.0,0.0,0.0,0.0
32781000000,5199,32781000000,map,0.18087625074446959,-0.012660605348971687,0.18432522972696094,0.0,0.0,0.0,0.0
32783000000,5200,32783000000,map,0.21780478802229092,-0.07525484075105952,0.2034934003886234,0.0,0.0,0.0,0.0
32785000000,5201,32785000000,map,0.2413187838500461,-0.13297839347424728,0.21964178811605306,0.0,0.0,0.0,0.0
32787000000,5202,32787000000,map,0.24997001721058662,-0.18209524992039938,0.23253075552755173,0.0,0.0,0.0,0.0
32789000000,5203,32789000000,map,0.24322566084337913,-0.21942644353318855,0.24196903409176532,0.0,0.0,0.0,0.0
32791000000,5204,32791000000,map,0.22150109794034514,-0.24255580551503544,0.24781656249716855,0.0,0.0,0.0,0.0
32793000000,5205,32793000000,map,0.1861343388002539,-0.24998634535144837,0.24998656512134063,0.0,0.0,0.0,0.0
32795000000,5206,32795000000,map,0.13930361311577896,-0.2412371398045112,0.24844683975583973,0.0,0.0,0.0,0.0
32797000000,5207,32797000000,map,0.08389321336078076,-0.21687445947557848,0.2432202354777354,0.0,0.0,0.0,0.0
32799000000,5208,32799000000,map,0.023315851950520872,-0.17847511834598,0.2343843135758011,0.0,0.0,0.0,0.0
32801000000,5209,32801000000,map,-0.0386975268460991,-0.12852441840899737,0.22207019656369303,0.0,0.0,0.0,0.0
32803000000,5210,32803000000,map,-0.09832753481488334,-0.07025529467001593,0.20646062235994642,0.0,0.0,0.0,0.0
32805000000,5211,32805000000,map,-0.15190157494485534,-0.007439071456286089,0.18778723251001353,0.0,0.0,0.0,0.0
32807000000,5212,32807000000,map,-0.1961200357420389,0.05585862718293805,0.16632713469360141,0.0,0.0,0.0,0.0
32809000000,5213,32809000000,map,-0.22825951346191287,0.11554101489785386,0.14239879052681953,0.0,0.0,0.0,0.0
32811000000,5214,32811000000,map,-0.24634054585344486,0.1677452973598705,0.11635728968428272,0.0,0.0,0.0,0.0
32813000000,5215,32813000000,map,-0.24924952673419867,0.20909268203124418,0.08858908047194876,0.0,0.0,0.0,0.0
32815000000,5216,32815000000,map,-0.23680729271231035,0.23690706212171037,0.0595062350461355,0.0,0.0,0.0,0.0
32817000000,5217,32817000000,map,-0.20978015781380818,0.24938822095470847,0.029540334382467896,0.0,0.0,0.0,0.0
32819000000,5218,32819000000,map,-0.16983271639709357,0.24572834652061776,-0.0008639362601774684,0.0,0.0,0.0,0.0
32821000000,5219,32821000000,map,-0.11942532121011962,0.2261643151032266,-0.03125538633963648,0.0,0.0,0.0,0.0
32823000000,5220,32823000000,map,-0.061662550890585525,0.19196236005030265,-0.061183015567516916,0.0,0.0,0.0,0.0
32825000000,5221,32825000000,map,-0.00010199975849071283,0.1453361179652685,-0.09020270662192148,0.0,0.0,0.0,0.0
32827000000,5222,32827000000,map,0.061464833512544136,0.0893033565747099,-0.11788381571942991,0.0,0.0,0.0,0.0
32829000000,5223,32829000000,map,0.11924606333422837,0.027490657206850077,-0.14381556324443673,0.0,0.0,0.0,0.0
32831000000,5224,32831000000,map,0.16968295847038023,-0.03610130667804756,-0.16761312959826288,0.0,0.0,0.0,0.0
32833000000,5225,32833000000,map,0.209669123388633,-0.09735670314247984,-0.1889233658109121,0.0,0.0,0.0,0.0
32835000000,5226,32835000000,map,0.23674182037082198,-0.1523109287730331,-0.2074300341690564,0.0,0.0,0.0,0.0
32837000000,5227,32837000000,map,0.24923364890126926,-0.19740720779001297,-0.2228585010914945,0.0,0.0,0.0,0.0
32839000000,5228,32839000000,map,0.24637524044069184,-0.22972679552646486,-0.23497981261205,0.0,0.0,0.0,0.0
32841000000,5229,32841000000,map,0.22834264363855733,-0.24717788692928402,-0.2436140919898022,0.0,0.0,0.0,0.0
32843000000,5230,32843000000,map,0.19624648154152188,-0.24863100344556346,-0.24863320902756367,0.0,0.0,0.0,0.0
32845000000,5231,32845000000,map,0.1520635486029382,-0.23399209571763663,-0.24996268148684378,0.0,0.0,0.0,0.0
32847000000,5232,32847000000,map,0.0985150604149853,-0.20420863069352152,-0.24758278038265943,0.0,0.0,0.0,0.0
32849000000,5233,32849000000,map,0.0388990547342463,-0.1612082691824593,-0.24152882275589532,0.0,0.0,0.0,0.0
32851000000,5234,32851000000,map,-0.023112733825771708,-0.10777410279526034,-0.23189064757865668,0.0,0.0,0.0,0.0
32853000000,5235,32853000000,map,-0.08370101499291498,-0.04736452525254806,-0.21881128257006138,0.0,0.0,0.0,0.0
32855000000,5236,32855000000,map,-0.13913417195334737,0.01611060356140132,-0.20248482170654536,0.0,0.0,0.0,0.0
32857000000,5237,32857000000,map,-0.18599809068131787,0.07854301356935633,-0.18315354492338307,0.0,0.0,0.0,0.0
32859000000,5238,32859000000,map,-0.22140643435181395,0.13589192207883308,-0.1611043227510755,0.0,0.0,0.0,0.0
32861000000,5239,32861000000,map,-0.24317841209164864,0.18444556340746898,-0.13666435924015882,0.0,0.0,0.0,0.0
32863000000,5240,32863000000,map,-0.24997309333424844,0.22106142369928575,-0.1101963363475251,0.0,0.0,0.0,0.0
32865000000,5241,32865000000,map,-0.24137199539139736,0.24336963232929457,-0.08209303184241659,0.0,0.0,0.0,0.0
32867000000,5242,32867000000,map,-0.21790485769604678,0.24992634589428175,-0.05277149059808951,0.0,0.0,0.0,0.0
32869000000,5243,32869000000,map,-0.1810170152848973,0.2403071973918325,-0.022666835766541715,0.0,0.0,0.0,0.0
32871000000,5244,32871000000,map,-0.13298038098195875,0.21513476232050618,0.0077741883215923764,0.0,0.0,0.0,0.0
32873000000,5245,32873000000,map,-0.07675351886598202,0.17603826402670644,0.03809984571386585,0.0,0.0,0.0,0.0
32875000000,5246,32875000000,map,-0.015799427061197215,0.12554812626950423,0.06786011246624543,0.0,0.0,0.0,0.0
32877000000,5247,32877000000,map,0.04612774743439187,0.06693219782744894,0.09661335486717713,0.0,0.0,0.0,0.0
32879000000,5248,32879000000,map,0.1052139257076517,0.003984249101578428,0.12393288315405342,0.0,0.0,0.0,0.0
32881000000,5249,32881000000,map,0.1578200050798973,-0.05922157025285099,0.14941328346523064,0.0,0.0,0.0,0.0
32883000000,5250,32883000000,map,0.20070599051385954,-0.11859442054455266,0.1726764340637297,0.0,0.0,0.0,0.0
32885000000,5251,32885000000,map,0.23123054508361088,-0.170291541485354,0.19337711655394663,0.0,0.0,0.0,0.0
32887000000,5252,32887000000,map,0.24751366924373888,-0.21096696530806824,0.21120813882269232,0.0,0.0,0.0,0.0
32889000000,5253,32889000000,map,0.2485524895221102,-0.237988076219476,0.22590489368050923,0.0,0.0,0.0,0.0
32891000000,5254,32891000000,map,0.23428302524230094,-0.24960599992040877,0.23724928555554325,0.0,0.0,0.0,0.0
32893000000,5255,32893000000,map,0.2055841290767725,-0.2450687951515997,0.24507296696875058,0.0,0.0,0.0,0.0
32895000000,5256,32895000000,map,0.1642233587347208,-0.22467012122381408,0.24925983676115018,0.0,0.0,0.0,0.0
32897000000,5257,32897000000,map,0.11274811353308756,-0.18973023164882893,0.24974776300159085,0.0,0.0,0.0,0.0
32899000000,5258,32899000000,map,0.054328740719887664,-0.14251052400912276,0.24652950500642995,0.0,0.0,0.0,0.0
32901000000,5259,32901000000,map,-0.0074367254043509875,-0.08606717661537006,0.23965282078921804,0.0,0.0,0.0,0.0
32903000000,5260,32903000000,map,-0.06874416550380644,-0.024053344955821974,0.22921975834565175,0.0,0.0,0.0,0.0
32905000000,5261,32905000000,map,-0.1258176699495927,0.03951727972179803,0.2153851412908975,0.0,0.0,0.0,0.0
32907000000,5262,32907000000,map,-0.1751420961311092,0.10053024660697153,0.19835427132227704,0.0,0.0,0.0,0.0
32909000000,5263,32909000000,map,-0.21367956519625722,0.15503664293874966,0.17837988160148835,0.0,0.0,0.0,0.0
32911000000,5264,32911000000,map,-0.23905656423505794,0.19950867757665317,0.1557583862682816,0.0,0.0,0.0,0.0
32913000000,5265,32913000000,map,-0.24971013033673897,0.23106800852091017,0.13082548174045602,0.0,0.0,0.0,0.0
32915000000,5266,32915000000,map,-0.24498411307714213,0.24767203645125327,0.10395116507654333,0.0,0.0,0.0,0.0
32917000000,5267,32917000000,map,-0.22516958665616668,0.2482461068944249,0.07553424332715622,0.0,0.0,0.0,0.0
32919000000,5268,32919000000,map,-0.19148692271224999,0.2327530645668112,0.04599641535432412,0.0,0.0,0.0,0.0
32921000000,5269,32921000000,map,-0.14601062794330183,0.20219565815721313,0.015776013942415432,0.0,0.0,0.0,0.0
32923000000,5270,32923000000,map,-0.09154157576743897,0.15855163990886312,-0.01467849893253659,0.0,0.0,0.0,0.0
32925000000,5271,32925000000,map,-0.03143450124347647,0.10464576051693794,-0.044915187148183294,0.0,0.0,0.0,0.0
32927000000,5272,32927000000,map,0.03060861621054281,0.04396694415432046,-0.07448534703739006,0.0,0.0,0.0,0.0
32929000000,5273,32929000000,map,0.09076655678386995,-0.019557523480779125,-0.10295016601921028,0.0,0.0,0.0,0.0
32931000000,5274,32931000000,map,0.14533420823037127,-0.08181617897779277,-0.12988723445061687,0.0,0.0,0.0,0.0
32933000000,5275,32933000000,map,0.19095076278817288,-0.13877948547411767,-0.1548968140632907,0.0,0.0,0.0,0.0
32935000000,5276,32935000000,map,0.22480670847418882,-0.18676063442001,-0.17760776996243016,0.0,0.0,0.0,0.0
32937000000,5277,32937000000,map,0.24481686621192522,-0.22265416510678418,-0.19768307816145905,0.0,0.0,0.0,0.0
32939000000,5278,32939000000,map,0.24974881548023686,-0.24413695789973477,-0.21482482691994043,0.0,0.0,0.0,0.0
32941000000,5279,32941000000,map,0.23929879877906374,-0.2498185923856983,-0.2287786376669448,0.0,0.0,0.0,0.0
32943000000,5280,32943000000,map,0.21411042997699706,-0.23933133888248564,-0.23933743990545983,0.0,0.0,0.0,0.0
32945000000,5281,32945000000,map,0.17573505429643338,-0.213353958828947,-0.24634454407829784,0.0,0.0,0.0,0.0
32947000000,5282,32947000000,map,0.12653620135678656,-0.17356777363628978,-0.24969596679551584,0.0,0.0,0.0,0.0
32949000000,5283,32949000000,map,0.06954401598679057,-0.12254784533581406,-0.249341973917784,0.0,0.0,0.0,0.0
32951000000,5284,32951000000,map,0.008268632375064599,-0.06359631208281585,-0.24528781859654686,0.0,0.0,0.0,0.0
32953000000,5285,32953000000,map,-0.05351601419978236,-0.0005286654662119972,-0.23759366331877768,0.0,0.0,0.0,0.0
32955000000,5286,32955000000,map,-0.11200462308287328,0.06257319770935707,-0.22637368711323794,0.0,0.0,0.0,0.0
32957000000,5287,32957000000,map,-0.1635948957423572,0.1216251660587811,-0.2117943911665882,0.0,0.0,0.0,0.0
32959000000,5288,32959000000,map,-0.2051094004177104,0.17280524758065782,-0.19407212799456897,0.0,0.0,0.0,0.0
32961000000,5289,32961000000,map,-0.23399126933389092,0.21280093859968166,-0.17346989083324382,0.0,0.0,0.0,0.0
32963000000,5290,32963000000,map,-0.24846167553650647,0.2390236173407781,-0.15029341089572607,0.0,0.0,0.0,0.0
32965000000,5291,32965000000,map,-0.24762939039111787,0.24977608604401622,-0.12488662041019352,0.0,0.0,0.0,0.0
32967000000,5292,32967000000,map,-0.23154567412804916,0.2443624178755316,-0.09762654876520105,0.0,0.0,0.0,0.0
32969000000,5293,32969000000,map,-0.20120111873756244,0.2231329990630465,-0.06891772750310278,0.0,0.0,0.0,0.0
32971000000,5294,32971000000,map,-0.15846463766169303,0.18746185101775925,-0.03918618718971305,0.0,0.0,0.0,0.0
32973000000,5295,32973000000,map,-0.10596835989113076,0.13965770021105942,-0.008873135244577923,0.0,0.0,0.0,0.0
32975000000,5296,32975000000,map,-0.04694551780995461,0.08281455158574814,0.021571591449442064,0.0,0.0,0.0,0.0
32977000000,5297,32977000000,map,0.01496868676248037,0.020611436772070377,0.05169620199419336,0.0,0.0,0.0,0.0
32979000000,5298,32979000000,map,0.0759609737278595,-0.042925702100169105,0.08105365592238778,0.0,0.0,0.0,0.0
32981000000,5299,32981000000,map,0.1322748436579301,-0.1036845815062531,0.10920829714790212,0.0,0.0,0.0,0.0
32983000000,5300,32983000000,map,0.18044193963877447,-0.15773273386570538,0.13574231897548147,0.0,0.0,0.0,0.0
32985000000,5301,32985000000,map,0.21749566249067642,-0.20157202674175068,0.1602619642311503,0.0,0.0,0.0,0.0
32987000000,5302,32987000000,map,0.2411538828553729,-0.232365070773675,0.18240336850379288,0.0,0.0,0.0,0.0
32989000000,5303,32989000000,map,0.24995949696302786,-0.2481188626583525,0.20183795978731647,0.0,0.0,0.0,0.0
32991000000,5304,32991000000,map,0.24337016928230396,-0.24781377733934232,0.21827733439425426,0.0,0.0,0.0,0.0
32993000000,5305,32993000000,map,0.22179173482768072,-0.23146956070626626,0.2314775367819668,0.0,0.0,0.0,0.0
32995000000,5306,32995000000,map,0.1865532038843735,-0.20014405159126855,0.24124267978252367,0.0,0.0,0.0,0.0
32997000000,5307,32997000000,map,0.1398249086026201,-0.1558647157774258,0.24742785151122587,0.0,0.0,0.0,0.0
32999000000,5308,32999000000,map,0.08448483279379544,-0.10149742331146441,0.2499412658167543,0.0,0.0,0.0,0.0
33001000000,5309,33001000000,map,0.02394135763984722,-0.04056096218221183,0.24874562436113953,0.0,0.0,0.0,0.0
33003000000,5310,33003000000,map,-0.03807665963685225,0.023000706495049608,0.24385867011616982,0.0,0.0,0.0,0.0
33005000000,5311,33005000000,map,-0.09774954513929487,0.08507371156468926,0.23535292406285424,0.0,0.0,0.0,0.0
33007000000,5312,33007000000,map,-0.1514020610395064,0.14164053192634043,0.22335460900122994,0.0,0.0,0.0,0.0
33009000000,5313,33009000000,map,-0.19572976254134267,0.18904002061131475,0.20804177644049318,0.0,0.0,0.0,0.0
33011000000,5314,33011000000,map,-0.22800251779313552,0.22420436342670388,0.1896416643664917,0.0,0.0,0.0,0.0
33013000000,5315,33013000000,map,-0.24623265601422534,0.244857635611597,0.16842732509617278,0.0,0.0,0.0,0.0
33015000000,5316,33015000000,map,-0.24929738763236337,0.24966310541444436,0.14471357325997944,0.0,0.0,0.0,0.0
33017000000,5317,33017000000,map,-0.23700795660725188,0.23830975073612568,0.11885231404494502,0.0,0.0,0.0,0.0
33019000000,5318,33019000000,map,-0.21012126586733562,0.2115323892632395,0.09122732102366736,0.0,0.0,0.0,0.0
33021000000,5319,33021000000,map,-0.17029325985102245,0.17106411921782708,0.0622485410654865,0.0,0.0,0.0,0.0
33023000000,5320,33023000000,map,-0.11997693531025831,0.11952414887890205,0.03234601084504164,0.0,0.0,0.0,0.0
33025000000,5321,33025000000,map,-0.062271261865228765,0.06024827483192317,0.001963475222252623,0.0,0.0,0.0,0.0
33027000000,5322,33027000000,map,-0.0007303172534639248,-0.0029270191823587096,-0.028448197802435096,0.0,0.0,0.0,0.0
33029000000,5323,33029000000,map,0.06085560741203253,-0.06591286914884271,-0.05843770783765875,0.0,0.0,0.0,0.0
33031000000,5324,33031000000,map,0.11869345070819709,-0.12463267234862237,-0.08756001926832778,0.0,0.0,0.0,0.0
33033000000,5325,33033000000,map,0.16922099459001425,-0.1752859353453465,-0.11538296545477264,0.0,0.0,0.0,0.0
33035000000,5326,33035000000,map,0.20932626049172628,-0.214594251484225,-0.14149366195979057,0.0,0.0,0.0,0.0
33037000000,5327,33037000000,map,0.23653917529591637,-0.2400134876222597,-0.1655046336341776,0.0,0.0,0.0,0.0
33039000000,5328,33039000000,map,0.24918370250693406,-0.24989844682672777,-0.18705956463483514,0.0,0.0,0.0,0.0
33041000000,5329,33041000000,map,0.2464810689126758,-0.2436093496616846,-0.20583858604878372,0.0,0.0,0.0,0.0
33043000000,5330,33043000000,map,0.22859772902821118,-0.2215532423225991,-0.2215630226547907,0.0,0.0,0.0,0.0
33045000000,5331,33045000000,map,0.19663511320463123,-0.18515765158254735,-0.23399952838253762,0.0,0.0,0.0,0.0
33047000000,5332,33047000000,map,0.15256179081412158,-0.13677819166725005,-0.24296354910054788,0.0,0.0,0.0,0.0
33049000000,5333,33049000000,map,0.0990922265634291,-0.07954610297282363,-0.2483220613460346,0.0,0.0,0.0,0.0
33051000000,5334,33051000000,map,0.039519597303566405,-0.01716559030936551,-0.2499955463542374,0.0,0.0,0.0,0.0
33053000000,5335,33053000000,map,-0.02248703389390606,0.0463259225573802,-0.24795917009389493,0.0,0.0,0.0,0.0
33055000000,5336,33055000000,map,-0.08310869439836632,0.10681910513325846,-0.2422431517969933,0.0,0.0,0.0,0.0
33057000000,5337,33057000000,map,-0.13861171157094201,0.1603986864052445,-0.23293231551421967,0.0,0.0,0.0,0.0
33059000000,5338,33059000000,map,-0.18557766871264428,0.20359686103602484,-0.22016483135064974,0.0,0.0,0.0,0.0
33061000000,5339,33061000000,map,-0.22111394447908955,0.23361773445166298,-0.20413016506143772,0.0,0.0,0.0,0.0
33063000000,5340,33063000000,map,-0.24303186869173118,0.2485182801744066,-0.18506626643532237,0.0,0.0,0.0,0.0
33065000000,5341,33065000000,map,-0.249981521977732,0.24733409738660408,-0.16325603818867634,0.0,0.0,0.0,0.0
33067000000,5342,33067000000,map,-0.24153487696035825,0.2301418293784605,-0.13902313777136305,0.0,0.0,0.0,0.0
33069000000,5343,33069000000,map,-0.2182121603560027,0.19805420300114196,-0.11272717438438955,0.0,0.0,0.0,0.0
33072000000,5344,33071000000,map,-0.18144981234346397,0.15314801018528124,-0.08475837248394777,0.0,0.0,0.0,0.0
33073000000,5345,33073000000,map,-0.1335120165783607,0.09832969273991071,-0.05553178096340239,0.0,0.0,0.0,0.0
33075000000,5346,33075000000,map,-0.07735124969895343,0.03714723012548334,-0.025481113948759498,0.0,0.0,0.0,0.0
33077000000,5347,33077000000,map,-0.01642643904108597,-0.026439494706857556,0.004947685392856425,0.0,0.0,0.0,0.0
33079000000,5348,33079000000,map,0.04551007181581525,-0.08831498890472612,0.03530306252102382,0.0,0.0,0.0,0.0
33081000000,5349,33081000000,map,0.10464362893460324,-0.14447451476839232,0.06513455245912517,0.0,0.0,0.0,0.0
33083000000,5350,33083000000,map,0.15733221158516614,-0.19128328645352155,0.09399946456423319,0.0,0.0,0.0,0.0
33085000000,5351,33085000000,map,0.20033074337482018,-0.22571172245857435,0.12146945192809164,0.0,0.0,0.0,0.0
33087000000,5352,33087000000,map,0.2309909556761205,-0.24553152776323295,0.14713686791975836,0.0,0.0,0.0,0.0
33089000000,5353,33089000000,map,0.24742449381824685,-0.24945991468979847,0.17062081554391798,0.0,0.0,0.0,0.0
33091000000,5354,33091000000,map,0.2486192203704591,-0.23724262815028685,0.19157279984150774,0.0,0.0,0.0,0.0
33093000000,5355,33093000000,map,0.2345015524284486,-0.20967040167534806,0.20968189945328938,0.0,0.0,0.0,0.0
33095000000,5356,33095000000,map,0.20594099356710566,-0.1685277791506626,0.22467938060286688,0.0,0.0,0.0,0.0
33097000000,5357,33097000000,map,0.16469658133612994,-0.1164776146444035,0.23634268502774275,0.0,0.0,0.0,0.0
33099000000,5358,33099000000,map,0.11330854858595028,-0.056888725792614246,0.2444987326791285,0.0,0.0,0.0,0.0
33101000000,5359,33101000000,map,0.05494187117196263,0.006382144558060416,0.249026490179755,0.0,0.0,0.0,0.0
33103000000,5360,33103000000,map,-0.006808662101528881,0.06923994645150157,0.2498587669238743,0.0,0.0,0.0,0.0
33105000000,5361,33105000000,map,-0.0681398516093971,0.12761636476233476,0.24698321216645278,0.0,0.0,0.0,0.0
33107000000,5362,33107000000,map,-0.1252743250022917,0.17773313078837674,0.24044249830455136,0.0,0.0,0.0,0.0
33109000000,5363,33109000000,map,-0.17469318460806937,0.21634656130903837,0.23033368763137396,0.0,0.0,0.0,0.0
33111000000,5364,33111000000,map,-0.21335273544353386,0.24095749792693272,0.21680679196013466,0.0,0.0,0.0,0.0
33113000000,5365,33113000000,map,-0.23887194561416747,0.2499730588887757,0.2000625464921194,0.0,0.0,0.0,0.0
33115000000,5366,33115000000,map,-0.24967909346155653,0.2428097344006299,0.18034943096480557,0.0,0.0,0.0,0.0
33117000000,5367,33117000000,map,-0.2451085695008877,0.21993115285053969,0.15795998228488695,0.0,0.0,0.0,0.0
33119000000,5368,33119000000,map,-0.22544187113939484,0.18281807361218883,0.13322645336498917,0.0,0.0,0.0,0.0
33121000000,5369,33121000000,map,-0.19189026532280515,0.13387254857220318,0.10651588258781715,0.0,0.0,0.0,0.0
33123000000,5370,33123000000,map,-0.14652018691266536,0.07626245528723997,0.07822464706262246,0.0,0.0,0.0,0.0
33125000000,5371,33125000000,map,-0.0921259674885398,0.01371646397465468,0.04877258050406428,0.0,0.0,0.0,0.0
33127000000,5372,33127000000,map,-0.03205773317833878,-0.049717291405035176,0.018596743022365175,0.0,0.0,0.0,0.0
33129000000,5373,33129000000,map,0.029984928757488667,-0.10993321856693403,-0.011855064722211955,0.0,0.0,0.0,0.0
33131000000,5374,33131000000,map,0.09018082656431747,-0.16303399116680292,-0.042130946751005996,0.0,0.0,0.0,0.0
33133000000,5375,33133000000,map,0.1448225102194395,-0.20558279356945686,-0.07178161777174491,0.0,0.0,0.0,0.0
33135000000,5376,33135000000,map,0.19054461233609749,-0.23482576020538196,-0.10036707044169302,0.0,0.0,0.0,0.0
33137000000,5377,33137000000,map,0.22453112028392366,-0.24887021268166015,-0.12746310494925286,0.0,0.0,0.0,0.0
33139000000,5378,33139000000,map,0.24468881369000114,-0.24680715868982112,-0.15266762401541573,0.0,0.0,0.0,0.0
33141000000,5379,33141000000,map,0.2497761853487924,-0.2287701242762534,-0.17560659990055427,0.0,0.0,0.0,0.0
33143000000,5380,33143000000,map,0.2394799053349084,-0.19592651169970043,-0.19593962486799554,0.0,0.0,0.0,0.0
33145000000,5381,33145000000,map,0.21443411891334138,-0.1504020422199736,-0.21336496273510216,0.0,0.0,0.0,0.0
33147000000,5382,33147000000,map,0.17618138969431316,-0.09514317406826597,-0.2276240265510054,0.0,0.0,0.0,0.0
33149000000,5383,33149000000,map,0.1270776935325484,-0.03372640025489829,-0.2385052159519858,0.0,0.0,0.0,0.0
33151000000,5384,33151000000,map,0.07014731457495293,0.02987323105857248,-0.2458470572488992,0.0,0.0,0.0,0.0
33153000000,5385,33153000000,map,0.008896580369581297,0.09153939167915774,-0.24954059965018352,0.0,0.0,0.0,0.0
33155000000,5386,33155000000,map,-0.05290209195626171,0.1472808925037174,-0.2495310320598192,0.0,0.0,0.0,0.0
33157000000,5387,33157000000,map,-0.11144253790504709,0.19349000332022062,-0.2458184964580776,0.0,0.0,0.0,0.0
33159000000,5388,33159000000,map,-0.16311926631324378,0.22717595418764228,-0.2384580857945235,0.0,0.0,0.0,0.0
33161000000,5389,33161000000,map,-0.2047495206327728,0.24615850559229657,-0.2275590264247787,0.0,0.0,0.0,0.0
33163000000,5390,33163000000,map,-0.23376930409747265,0.24920905903592014,-0.21328305722305108,0.0,0.0,0.0,0.0
33165000000,5391,33165000000,map,-0.24839129563101517,0.23613017502268235,-0.19584202942414364,0.0,0.0,0.0,0.0
33167000000,5392,33167000000,map,-0.24771493049701682,0.20776835184002027,-0.17549476281297124,0.0,0.0,0.0,0.0
33169000000,5393,33169000000,map,-0.23178186585199062,0.1659592380596306,-0.15254320491390533,0.0,0.0,0.0,0.0
33171000000,5394,33171000000,map,-0.20157341509139426,0.11340882474102885,-0.1273279501772193,0.0,0.0,0.0,0.0
33173000000,5395,33173000000,map,-0.15895010900775428,0.053518306882096536,-0.10022318565658528,0.0,0.0,0.0,0.0
33175000000,5396,33175000000,map,-0.10653710617279867,-0.009836050481454165,-0.0716311381820154,0.0,0.0,0.0,0.0
33177000000,5397,33177000000,map,-0.047562510088521394,-0.07255379390458007,-0.041976105430098574,0.0,0.0,0.0,0.0
33179000000,5398,33179000000,map,0.014341448884617332,-0.1305756731985472,-0.011698159470226569,0.0,0.0,0.0,0.0
33181000000,5399,33181000000,map,0.07536212167148829,-0.18014636631800035,0.01875338377696714,0.0,0.0,0.0,0.0
33183000000,5400,33183000000,map,0.1317412605689861,-0.2180575332556744,0.04892663225811099,0.0,0.0,0.0,0.0
33185000000,5401,33185000000,map,0.1800064887640345,-0.24185546788044696,0.07837382373273487,0.0,0.0,0.0,0.0
33187000000,5402,33187000000,map,0.21718516313836192,-0.24999990797384686,0.10665797043561169,0.0,0.0,0.0,0.0
33189000000,5403,33189000000,map,0.24098745860171017,-0.2419637248769587,0.13335934384813805,0.0,0.0,0.0,0.0
33191000000,5404,33191000000,map,0.24994739783543513,-0.21826704058344593,0.15808170334713778,0.0,0.0,0.0,0.0
33193000000,5405,33193000000,map,0.24351314046296968,-0.1804435641356924,0.18045817630104963,0.0,0.0,0.0,0.0
33195000000,5406,33195000000,map,0.2220809707579824,-0.13094132611517006,0.20015670235308597,0.0,0.0,0.0,0.0
33197000000,5407,33197000000,map,0.18697089059684022,-0.07296423594354792,0.2168849611002728,0.0,0.0,0.0,0.0
33199000000,5408,33199000000,map,0.14034532087925028,-0.010264716800898488,0.23039471004332301,0.0,0.0,0.0,0.0
33201000000,5409,33201000000,map,0.08507591857479639,0.05309916064536793,0.24048546843343324,0.0,0.0,0.0,0.0
33203000000,5410,33203000000,map,0.024566712102207296,0.11302632678604752,0.24700749234807126,0.0,0.0,0.0,0.0
33205000000,5411,33205000000,map,-0.03745555191484107,0.1656381446162914,0.2498639968473717,0.0,0.0,0.0,0.0
33207000000,5412,33207000000,map,-0.09717093802434862,0.207529444884694,0.2490125922345899,0.0,0.0,0.0,0.0
33209000000,5413,33209000000,map,-0.1509015907967256,0.23598891721440762,0.24446591310676707,0.0,0.0,0.0,0.0
33211000000,5414,33211000000,map,-0.19533825300522953,0.24917459293551747,0.23629143086112128,0.0,0.0,0.0,0.0
33213000000,5415,33213000000,map,-0.22774408193653806,0.24623306193255629,0.22461045243888864,0.0,0.0,0.0,0.0
33215000000,5416,33215000000,map,-0.2461232108358034,0.2273547074946718,0.20959632016586746,0.0,0.0,0.0,0.0
33217000000,5417,33217000000,map,-0.24934367383271885,0.19376138423010125,0.19147183940246282,0.0,0.0,0.0,0.0
33219000000,5418,33219000000,map,-0.23720712343112738,0.14762733656082483,0.17050597217679914,0.0,0.0,0.0,0.0
33221000000,5419,33221000000,map,-0.21046104668074844,0.09193847615261501,0.14700984586681048,0.0,0.0,0.0,0.0
33223000000,5420,33223000000,map,-0.17075272764016897,0.030299126196743405,0.12133213615958137,0.0,0.0,0.0,0.0
33225000000,5421,33225000000,map,-0.12052779157096687,-0.033301259457157846,0.09385389280636501,0.0,0.0,0.0,0.0
33227000000,5422,33227000000,map,-0.0628795795006279,-0.0947463037932891,0.06498288495438359,0.0,0.0,0.0,0.0
33229000000,5423,33229000000,map,-0.0013586301352427551,-0.15005912891089682,0.03514754997116298,0.0,0.0,0.0,0.0
33231000000,5424,33231000000,map,0.06024599691431974,-0.1956597495686478,0.00479063555898697,0.0,0.0,0.0,0.0
33233000000,5425,33233000000,map,0.11814008834992203,-0.22859677883949248,-0.02563737049284857,0.0,0.0,0.0,0.0
33235000000,5426,33235000000,map,0.16875796181795955,-0.24673844930061334,-0.05568492541588684,0.0,0.0,0.0,0.0
33237000000,5427,33237000000,map,0.2089820753765777,-0.24891058638440475,-0.0849061322257608,0.0,0.0,0.0,0.0
33239000000,5428,33239000000,map,0.23633503611105877,-0.234972603912511,-0.11286735670384068,0.0,0.0,0.0,0.0
33242000000,5429,33241000000,map,0.24913218213292207,-0.2058266031865496,-0.13915366240351612,0.0,0.0,0.0,0.0
33243000000,5430,33243000000,map,0.2465853404761918,-0.16335898672212326,-0.16337496818600952,0.0,0.0,0.0,0.0
33245000000,5431,33245000000,map,0.22885137047027468,-0.11031836553013306,-0.18517183691114644,0.0,0.0,0.0,0.0
33247000000,5432,33247000000,map,0.19702250281335495,-0.05013766209517653,-0.20422080938064208,0.0,0.0,0.0,0.0
33249000000,5433,33249000000,map,0.15305906936211794,0.013288077006331854,-0.22023920437781014,0.0,0.0,0.0,0.0
33251000000,5434,33251000000,map,0.09966876679151401,0.07585377832296498,-0.2329893135752559,0.0,0.0,0.0,0.0
33253000000,5435,33253000000,map,0.04013989024585594,0.13351003221441288,-0.24228192905725507,0.0,0.0,0.0,0.0
33255000000,5436,33255000000,map,-0.021861191922052502,0.18252518083143005,-0.24797915111007932,0.0,0.0,0.0,0.0
33257000000,5437,33257000000,map,-0.08251584884424201,0.2197268404045646,-0.24999643461388438,0.0,0.0,0.0,0.0
33259000000,5438,33259000000,map,-0.13808837564153748,0.24270722590532146,-0.2483038436676284,0.0,0.0,0.0,0.0
33261000000,5439,33261000000,map,-0.18515607453478372,0.24997898895181656,-0.2429264958291296,0.0,0.0,0.0,0.0
33263000000,5440,33263000000,map,-0.22082005793057077,0.2410714827397735,-0.23394418937789546,0.0,0.0,0.0,0.0
33265000000,5441,33265000000,map,-0.2428837901704186,0.21656122348762585,-0.22149021913170036,0.0,0.0,0.0,0.0
33267000000,5442,33267000000,map,-0.2499883716020557,0.17803457685635746,-0.20574939839032164,0.0,0.0,0.0,0.0
33269000000,5443,33269000000,map,-0.24169623286370462,0.12798508437176925,-0.1869553163600024,0.0,0.0,0.0,0.0
33271000000,5444,33271000000,map,-0.21851808466935704,0.06965207514119283,-0.16538687175700714,0.0,0.0,0.0,0.0
33273000000,5445,33273000000,map,-0.1818814632660864,0.0068110083218271165,-0.14136413403236012,0.0,0.0,0.0,0.0
33275000000,5446,33275000000,map,-0.13404280884011063,-0.05647088409639577,-0.11524359363393978,0.0,0.0,0.0,0.0
33277000000,5447,33277000000,map,-0.07794849193939189,-0.11609783878227566,-0.08741287179131728,0.0,0.0,0.0,0.0
33279000000,5448,33279000000,map,-0.017053347262431243,-0.16821064917177142,-0.05828496833026909,0.0,0.0,0.0,0.0
33281000000,5449,33281000000,map,0.04489210873089064,-0.2094364430303372,-0.02829213287468526,0.0,0.0,0.0,0.0
33283000000,5450,33283000000,map,0.10407267117541825,-0.23710698323127086,0.0021205496122367177,0.0,0.0,0.0,0.0
33285000000,5451,33285000000,map,0.15684342429476586,-0.24943136277728284,0.032501763758896206,0.0,0.0,0.0,0.0
33287000000,5452,33287000000,map,0.19995423083799516,-0.24561191680887834,0.06240066117533779,0.0,0.0,0.0,0.0
33289000000,5453,33289000000,map,0.23074990720416888,-0.22589584948112312,0.09137355091117629,0.0,0.0,0.0,0.0
33291000000,5454,33291000000,map,0.24733375552519443,-0.19155923428866006,0.11899048370117497,0.0,0.0,0.0,0.0
33293000000,5455,33293000000,map,0.24868438080467722,-0.14482442337759868,0.14484163228732594,0.0,0.0,0.0,0.0
33295000000,5456,33295000000,map,0.23471859837538095,-0.08871621132238368,0.16854337313583717,0.0,0.0,0.0,0.0
33297000000,5457,33297000000,map,0.2062965572221313,-0.026866062808610758,0.18974397929936798,0.0,0.0,0.0,0.0
33299000000,5458,33299000000,map,0.16516876362424854,0.03672292490088792,0.20812883994263282,0.0,0.0,0.0,0.0
33301000000,5459,33301000000,map,0.1138682679200324,0.09793511249461859,0.22342512907562112,0.0,0.0,0.0,0.0
33303000000,5460,33303000000,map,0.05555465458109682,0.15280869314535814,0.2354058542120329,0.0,0.0,0.0,0.0
33305000000,5461,33305000000,map,-0.006180555791723756,0.19779211061968024,0.24389322487212708,0.0,0.0,0.0,0.0
33307000000,5462,33307000000,map,-0.06753510730665149,0.22997392493369764,0.248761290941343,0.0,0.0,0.0,0.0
33309000000,5463,33309000000,map,-0.12473018875426825,0.24727124807688977,0.24993781173369467,0.0,0.0,0.0,0.0
33311000000,5464,33311000000,map,-0.1742431696277688,0.24856455376520692,0.24740532802248963,0.0,0.0,0.0,0.0
33313000000,5465,33313000000,map,-0.21302455803915582,0.23377013599969673,0.2412014211301553,0.0,0.0,0.0,0.0
33315000000,5466,33315000000,map,-0.23868581814827658,0.20384552672970324,0.2314181552323712,0.0,0.0,0.0,0.0
33317000000,5467,33317000000,map,-0.24964647947751553,0.1607275219750032,0.21820071115234552,0.0,0.0,0.0,0.0
33319000000,5468,33319000000,map,-0.2452314776856267,0.10720682751327434,0.20174523191979576,0.0,0.0,0.0,0.0
33321000000,5469,33321000000,map,-0.22571273160918948,0.04674743737987959,0.18229591206520437,0.0,0.0,0.0,0.0
33323000000,5470,33323000000,map,-0.19229239585022667,-0.016737564544905444,0.160141373843897,0.0,0.0,0.0,0.0
33325000000,5471,33325000000,map,-0.1470288203807118,-0.07913926917060339,0.13561038416578455,0.0,0.0,0.0,0.0
33327000000,5472,33327000000,map,-0.09270977729174859,-0.136418881134818,0.10906697579004579,0.0,0.0,0.0,0.0
33329000000,5473,33329000000,map,-0.03268076261936075,-0.18486911980231968,0.08090504518431371,0.0,0.0,0.0,0.0
33331000000,5474,33331000000,map,0.029361051903553696,-0.22135416379712664,0.05154250721596711,0.0,0.0,0.0,0.0
33333000000,5475,33333000000,map,0.0895945267136518,-0.2435126092540827,0.021415093417024977,0.0,0.0,0.0,0.0
33335000000,5476,33335000000,map,0.1443098974308232,-0.24991030581973733,-0.009030114145969681,0.0,0.0,0.0,0.0
33337000000,5477,33337000000,map,0.19013725830083858,-0.24013317847194574,-0.03934131743885065,0.0,0.0,0.0,0.0
33339000000,5478,33339000000,map,0.22425411383307176,-0.21481402749770626,-0.06906870701188657,0.0,0.0,0.0,0.0
33341000000,5479,33341000000,map,0.24455921558049717,-0.1755915720657198,-0.09777113704181035,0.0,0.0,0.0,0.0
33343000000,5480,33343000000,map,0.24980197749520067,-0.12500438819830062,-0.12502267180661006,0.0,0.0,0.0,0.0
33345000000,5481,33345000000,map,0.23965949920551535,-0.06632660574279886,-0.15041890644866068,0.0,0.0,0.0,0.0
33347000000,5482,33347000000,map,0.21475645336736462,-0.0033559984466040127,-0.17358296822516356,0.0,0.0,0.0,0.0
33349000000,5483,33349000000,map,0.17662661223478232,0.059831817514493894,-0.19417110918987926,0.0,0.0,0.0,0.0
33351000000,5484,33351000000,map,0.1276183830165321,0.11914716767435066,-0.21187780731314104,0.0,0.0,0.0,0.0
33353000000,5485,33353000000,map,0.07075017007477029,0.1707510132980311,-0.22644030033959617,0.0,0.0,0.0,0.0
33355000000,5486,33355000000,map,0.009524472168461154,0.21130342363148574,-0.23764248510406533,0.0,0.0,0.0,0.0
33357000000,5487,33357000000,map,-0.05228783555437635,0.23817974462438202,-0.24531812443962092,0.0,0.0,0.0,0.0
33359000000,5488,33359000000,map,-0.11087974879578706,0.24964047314531324,-0.24935331408875666,0.0,0.0,0.0,0.0
33361000000,5489,33361000000,map,-0.16264260653419016,0.2449438420025382,-0.24968817300954216,0.0,0.0,0.0,0.0
33363000000,5490,33363000000,map,-0.204388347538583,0.22439382898316163,-0.2463177319929026,0.0,0.0,0.0,0.0
33365000000,5491,33365000000,map,-0.2335458622470778,0.1893204826455203,-0.23929200740418047,0.0,0.0,0.0,0.0
33367000000,5492,33367000000,map,-0.24831934675110176,0.14199383822992082,-0.228715258954932,0.0,0.0,0.0,0.0
33369000000,5493,33369000000,map,-0.24779890590078352,0.08547699526418867,-0.21474444251881938,0.0,0.0,0.0,0.0
33372000000,5494,33372000000,map,-0.21867052934179307,-0.008423278666847767,-0.18789088884980792,0.0,0.0,0.0,0.0
33373000000,5495,33373000000,map,-0.20194443819798266,-0.040137573603596544,-0.17749718748412147,0.0,0.0,0.0,0.0
33375000000,5496,33375000000,map,-0.1594345763385388,-0.10110520848908001,-0.15477348732749122,0.0,0.0,0.0,0.0
33377000000,5497,33377000000,map,-0.1071051795079964,-0.15552905984117074,-0.1297529935903403,0.0,0.0,0.0,0.0
33379000000,5498,33379000000,map,-0.04817920193642458,-0.19988667903790777,-0.10280700312972137,0.0,0.0,0.0,0.0
33381000000,5499,33381000000,map,0.0137141204181417,-0.23130712933533118,-0.07433538661441959,0.0,0.0,0.0,0.0
33383000000,5500,33383000000,map,0.07476279358721478,-0.24775680011796275,-0.04476065456089119,0.0,0.0,0.0,0.0
33385000000,5501,33385000000,map,0.13120684533063995,-0.24817102729562576,-0.014521687399505892,0.0,0.0,0.0,0.0
33387000000,5502,33387000000,map,0.17956990087032187,-0.23252300104294643,0.015932777383485468,0.0,0.0,0.0,0.0
33389000000,5503,33389000000,map,0.2168732919266316,-0.20182550099857577,0.04615080437963021,0.0,0.0,0.0,0.0
33391000000,5504,33391000000,map,0.24081951214028396,-0.15806534661864488,0.07568396684836579,0.0,0.0,0.0,0.0
33393000000,5505,33393000000,map,0.24993371990423305,-0.10407480522020592,0.10409400124005394,0.0,0.0,0.0,0.0
33395000000,5506,33395000000,map,0.24365457348224168,-0.04334828051468937,0.13095931089920665,0.0,0.0,0.0,0.0
33397000000,5507,33397000000,map,0.22236880390417332,0.020183853995198803,0.15588122243634603,0.0,0.0,0.0,0.0
33399000000,5508,33399000000,map,0.18738739629969595,0.08240963868011714,0.1784899019259123,0.0,0.0,0.0,0.0
33401000000,5509,33401000000,map,0.14086484665836926,0.13930166415891973,0.19844984313333477,0.0,0.0,0.0,0.0
33403000000,5510,33403000000,map,0.08566646697005748,0.18717773536855092,0.2154648463307224,0.0,0.0,0.0,0.0
33405000000,5511,33405000000,map,0.02519191138808823,0.22293919249639946,0.22928241381463474,0.0,0.0,0.0,0.0
33407000000,5512,33407000000,map,-0.036834207603207166,0.2442714640401218,0.23969749689835979,0.0,0.0,0.0,0.0
33409000000,5513,33409000000,map,-0.0965917171249461,0.24979387170106707,0.24655553877528402,0.0,0.0,0.0,0.0
33411000000,5514,33411000000,map,-0.15040016737730247,0.23914899135773987,0.2497547680965732,0.0,0.0,0.0,0.0
33413000000,5515,33413000000,map,-0.1949455096065455,0.21302578645479067,0.24924770922869616,0.0,0.0,0.0,0.0
33415000000,5516,33415000000,map,-0.22748420752454182,0.17311501655465183,0.2450418867779067,0.0,0.0,0.0,0.0
33417000000,5517,33417000000,map,-0.2460122110093763,0.12199980712422218,0.23719971392733324,0.0,0.0,0.0,0.0
33419000000,5518,33419000000,map,-0.24938838504291394,0.06298846315411342,0.22583756624345647,0.0,0.0,0.0,0.0
33421000000,5519,33421000000,map,-0.23740479192589092,-9.965266762801372e-05,0.21112405469644818,0.0,0.0,0.0,0.0
33423000000,5520,33423000000,map,-0.21079949810780638,-0.06318131871793603,0.19327752352245245,0.0,0.0,0.0,0.0
33425000000,5521,33425000000,map,-0.17121111686228482,-0.12217373081938165,0.1725628100586654,0.0,0.0,0.0,0.0
33427000000,5522,33427000000,map,-0.12107788651263789,-0.17325875160151946,0.14928731463386194,0.0,0.0,0.0,0.0
33429000000,5523,33429000000,map,-0.06348749995420841,-0.21313002995960992,0.12379643883714554,0.0,0.0,0.0,0.0
33431000000,5524,33431000000,map,-0.0019869344351752453,-0.23920699641854123,0.09646845985884545,0.0,0.0,0.0,0.0
33433000000,5525,33433000000,map,0.059636005870147175,-0.2498018840843406,0.06770891696620839,0.0,0.0,0.0,0.0
33435000000,5526,33435000000,map,0.11758597975484131,-0.24422896516420978,0.03794459341946468,0.0,0.0,0.0,0.0
33437000000,5527,33437000000,map,0.1682938630788993,-0.22284893299559697,0.007617183131822321,0.0,0.0,0.0,0.0
33439000000,5528,33439000000,map,0.2086365702169365,-0.187045557064847,-0.02282326394039709,0.0,0.0,0.0,0.0
33441000000,5529,33441000000,map,0.23612940410574143,-0.13913612196457936,-0.052925020407269985,0.0,0.0,0.0,0.0
33443000000,5530,33443000000,map,0.2490790881046462,-0.08222144690292471,-0.08224138494927424,0.0,0.0,0.0,0.0
33445000000,5531,33445000000,map,0.24668805447271802,-0.01998519288015951,-0.11033731123500444,0.0,0.0,0.0,0.0
33447000000,5532,33447000000,map,0.22910356636261223,0.043544553120047715,-0.13679586388184412,0.0,0.0,0.0,0.0
33449000000,5533,33449000000,map,0.19740864792087062,0.10425598605872094,-0.16122440565638893,0.0,0.0,0.0,0.0
33451000000,5534,33451000000,map,0.15355538110584574,0.15821970921071457,-0.1832604240968151,0.0,0.0,0.0,0.0
33453000000,5535,33453000000,map,0.10024467745729033,0.20194305460904297,-0.20257691109229412,0.0,0.0,0.0,0.0
33455000000,5536,33455000000,map,0.04075992964278293,0.23259613730578885,-0.21888721558836144,0.0,0.0,0.0,0.0
33457000000,5537,33457000000,map,-0.021235211862802913,0.24819501264812663,-0.2319492974055585,0.0,0.0,0.0,0.0
33459000000,5538,33459000000,map,-0.08192248207538444,0.24773008216771658,-0.24156931904505125,0.0,0.0,0.0,0.0
33461000000,5539,33461000000,map,-0.13756416747090236,0.23123143733537496,-0.24760452218087609,0.0,0.0,0.0,0.0
33463000000,5540,33463000000,map,-0.18473331081037309,0.19976691196479693,-0.2499653461521685,0.0,0.0,0.0,0.0
33465000000,5541,33465000000,map,-0.22052477656265912,0.1553729693213676,-0.24861675701712355,0.0,0.0,0.0,0.0
33467000000,5542,33467000000,map,-0.24273417746308176,0.10092289709404935,-0.24357876744667636,0.0,0.0,0.0,0.0
33469000000,5543,33469000000,map,-0.24999364216396028,0.03994084098544898,-0.23492613974216314,0.0,0.0,0.0,0.0
33471000000,5544,33471000000,map,-0.24185606208228405,-0.023626286866075326,-0.22278727638467902,0.0,0.0,0.0,0.0
33473000000,5545,33473000000,map,-0.21882262870372565,-0.08566426197426255,-0.20734231457921495,0.0,0.0,0.0,0.0
33475000000,5546,33475000000,map,-0.182311965326692,-0.14215783046578298,-0.18882045307133297,0.0,0.0,0.0,0.0
33477000000,5547,33477000000,map,-0.13457275441462863,-0.18945058641717888,-0.1674965509040671,0.0,0.0,0.0,0.0
33479000000,5548,33479000000,map,-0.07854524181479083,-0.22448162364709742,-0.14368704858952622,0.0,0.0,0.0,0.0
33481000000,5549,33481000000,map,-0.017680147766020525,-0.24498364526720393,-0.11774527222403432,0.0,0.0,0.0,0.0
33483000000,5550,33483000000,map,0.04427386208300875,-0.24962970884316374,-0.09005619023115745,0.0,0.0,0.0,0.0
33485000000,5551,33485000000,map,0.10350105603667938,-0.23811910944818682,-0.06103070054215641,0.0,0.0,0.0,0.0
33487000000,5552,33487000000,map,0.15635364629623189,-0.21119684204244182,-0.031099532990289402,0.0,0.0,0.0,0.0
33489000000,5553,33489000000,map,0.19957645528157447,-0.17060538352480328,-0.000706857405318104,0.0,0.0,0.0,0.0
33491000000,5554,33491000000,map,0.23050740119039248,-0.11897191524215209,0.029696307738218224,0.0,0.0,0.0,0.0
33493000000,5555,33493000000,map,0.2472414549377517,-0.059638285202161224,0.059658788303609524,0.0,0.0,0.0,0.0
33495000000,5556,33495000000,map,0.24874797041318802,0.0035552847409758316,0.08873594978502225,0.0,0.0,0.0,0.0
33497000000,5557,33497000000,map,0.2349341617120781,0.06651874770871698,0.11649629555512987,0.0,0.0,0.0,0.0
33499000000,5558,33499000000,map,0.2066508177958529,0.1251769499245828,0.14252787014865373,0.0,0.0,0.0,0.0
33501000000,5559,33501000000,map,0.16563990261668804,0.1757333849224127,0.16644437256229797,0.0,0.0,0.0,0.0
33503000000,5560,33503000000,map,0.11442726800045046,0.21491591300023405,0.18789088884975008,0.0,0.0,0.0,0.0
33505000000,5561,33505000000,map,0.056167087076617564,0.24018854233424441,0.20654915894068543,0.0,0.0,0.0,0.0
33507000000,5562,33507000000,map,-0.005552410442169163,0.2499155647531888,0.22214229952836545,0.0,0.0,0.0,0.0
33509000000,5563,33509000000,map,-0.06692993641546328,0.243467422887291,0.23443891293732952,0.0,0.0,0.0,0.0
33511000000,5564,33511000000,map,-0.12418526464278004,0.22126145670546,0.2432565209974461,0.0,0.0,0.0,0.0
33513000000,5565,33513000000,map,-0.173792054032909,0.18473489222220918,0.2484642729671896,0.0,0.0,0.0,0.0
33515000000,5566,33515000000,map,-0.21269503505577336,0.13625182061293784,0.24998488732052604,0.0,0.0,0.0,0.0
33517000000,5567,33517000000,map,-0.23849818301310244,0.07895018828413616,0.2477957985822649,0.0,0.0,0.0,0.0
33519000000,5568,33519000000,map,-0.2496122885906291,0.01653870108485225,0.24192949219323723,0.0,0.0,0.0,0.0
33521000000,5569,33521000000,map,-0.24535283685511586,-0.04694321246970379,0.23247302243570478,0.0,0.0,0.0,0.0
33523000000,5570,33523000000,map,-0.22598216635460078,-0.10738684317680351,0.2195667205731537,0.0,0.0,0.0,0.0
33525000000,5571,33525000000,map,-0.19269331175436646,-0.16088012714507138,0.2034021123752505,0.0,0.0,0.0,0.0
33527000000,5572,33527000000,map,-0.14753652513500384,-0.2039608444159965,0.18421907593064238,0.0,0.0,0.0,0.0
33529000000,5573,33529000000,map,-0.09329300148940597,-0.23384070255117728,0.1623022819264212,0.0,0.0,0.0,0.0
33531000000,5574,33531000000,map,-0.03330358563092427,-0.24858580193705182,0.13797696921742442,0.0,0.0,0.0,0.0
33533000000,5575,33533000000,map,0.028736989589031654,-0.2472418026340248,0.11160411837608708,0.0,0.0,0.0,0.0
33535000000,5576,33535000000,map,0.08900766093526143,-0.22989569165928714,0.08357509484618048,0.0,0.0,0.0,0.0
33537000000,5577,33537000000,map,0.14379637310246332,-0.19767015296798568,0.05430584119239211,0.0,0.0,0.0,0.0
33539000000,5578,33539000000,map,0.18972870325502278,-0.1526509045227833,0.02423070463460595,0.0,0.0,0.0,0.0
33541000000,5579,33541000000,map,0.22397569087135638,-0.09775170537776608,-0.006204008539365583,0.0,0.0,0.0,0.0
33543000000,5580,33543000000,map,0.24442807270207143,-0.03652576985992017,-0.03654665602937829,0.0,0.0,0.0,0.0
33545000000,5581,33545000000,map,0.24982619175656312,0.027064205403510698,-0.0663469617629478,0.0,0.0,0.0,0.0
33547000000,5582,33547000000,map,0.23983757925647212,0.08890251718360612,-0.09516269786184504,0.0,0.0,0.0,0.0
33549000000,5583,33549000000,map,0.21507743130290982,0.14498683432076528,-0.12256624717524356,0.0,0.0,0.0,0.0
33551000000,5584,33551000000,map,0.1770707191054128,0.19168723866902046,-0.14815094899376868,0.0,0.0,0.0,0.0
33553000000,5585,33553000000,map,0.12815826639344902,0.22598116253304645,-0.17153713377625304,0.0,0.0,0.0,0.0
33555000000,5586,33555000000,map,0.07135257867806125,0.24564901685698878,-0.19237775733581078,0.0,0.0,0.0,0.0
33557000000,5587,33557000000,map,0.010152303805371127,0.2494178486130193,-0.2103635508743077,0.0,0.0,0.0,0.0
33559000000,5588,33559000000,map,-0.05167324887410357,0.2370437295253964,-0.22522761044151418,0.0,0.0,0.0,0.0
33561000000,5589,33561000000,map,-0.11031625930956776,0.2093275437218793,-0.23674935771255734,0.0,0.0,0.0,0.0
33563000000,5590,33563000000,map,-0.16216491941621164,0.16806315249785975,-0.24475781330563035,0.0,0.0,0.0,0.0
33565000000,5591,33565000000,map,-0.20402588341650657,0.11592129109895813,-0.24913413406667467,0.0,0.0,0.0,0.0
33567000000,5592,33567000000,map,-0.23332094519408647,0.056276712014255596,-0.24981337666724002,0.0,0.0,0.0,0.0
33569000000,5593,33569000000,map,-0.24824582935123454,-0.007010237497411783,-0.24678546134447077,0.0,0.0,0.0,0.0
33571000000,5594,33571000000,map,-0.2478813160719836,-0.06984346679616092,-0.2400953214819786,0.0,0.0,0.0,0.0
33573000000,5595,33573000000,map,-0.23224985563641243,-0.12815625115698023,-0.22984223681137148,0.0,0.0,0.0,0.0
33575000000,5596,33575000000,map,-0.2023141857136105,-0.17817444042649822,-0.2161783601300461,0.0,0.0,0.0,0.0
33577000000,5597,33577000000,map,-0.15991803659388765,-0.21666073152034465,-0.1993064593977609,0.0,0.0,0.0,0.0
33579000000,5598,33579000000,map,-0.10767257630887517,-0.2411241948249317,-0.17947690871897765,0.0,0.0,0.0,0.0
33581000000,5599,33581000000,map,-0.048795589458080296,-0.24998149343061116,-0.15698397286402896,0.0,0.0,0.0,0.0
33583000000,5600,33583000000,map,0.013086705325827981,-0.24265936068152208,-0.1321614404655295,0.0,0.0,0.0,0.0
33585000000,5601,33585000000,map,0.07416299326028718,-0.21963170343602095,-0.10537767069164261,0.0,0.0,0.0,0.0
33587000000,5602,33587000000,map,0.13067160131874256,-0.1823889296219566,-0.07703012690338841,0.0,0.0,0.0,0.0
33589000000,5603,33589000000,map,0.1791321787155204,-0.13334148528547546,-0.04753947841417279,0.0,0.0,0.0,0.0
33591000000,5604,33591000000,map,0.2165600508252078,-0.0756638444558118,-0.01734335787837481,0.0,0.0,0.0,0.0
33593000000,5605,33593000000,map,0.24065004453199704,-0.013089049198375911,0.013110133049007945,0.0,0.0,0.0,0.0
33595000000,5606,33595000000,map,0.24991846325581887,0.050332902262454925,0.04336907341125712,0.0,0.0,0.0,0.0
33597000000,5607,33597000000,map,0.24379446744690492,0.11049718162222305,0.07298442932551184,0.0,0.0,0.0,0.0
33599000000,5608,33599000000,map,0.22265523244814298,0.16350980531153878,0.10151671751501405,0.0,0.0,0.0,0.0
33601000000,5609,33601000000,map,0.18780271836191298,0.20593966291476465,0.12854252711375608,0.0,0.0,0.0,0.0
33603000000,5610,33603000000,map,0.1413834826587459,0.23504058726914137,0.15366080295967066,0.0,0.0,0.0,0.0
33605000000,5611,33605000000,map,0.08625647424935408,0.2489290933156524,0.1764987971377386,0.0,0.0,0.0,0.0
33607000000,5612,33607000000,map,0.025816951548165216,0.24670628199131348,0.19671760045022324,0.0,0.0,0.0,0.0
33609000000,5613,33609000000,map,-0.03621263062692389,0.2285160192388548,0.21401717173079435,0.0,0.0,0.0,0.0
33611000000,5614,33611000000,map,-0.09601188609976133,0.1955356246411227,0.22814079036820936,0.0,0.0,0.0,0.0
33613000000,5615,33613000000,map,-0.14989779394868077,0.14989967233443866,0.23887886596582242,0.0,0.0,0.0,0.0
33615000000,5616,33615000000,map,-0.1945515348262141,0.0945618359986708,0.24607204860170886,0.0,0.0,0.0,0.0
33617000000,5617,33617000000,map,-0.22722289619865485,0.033103719664276235,0.24961359353566176,0.0,0.0,0.0,0.0
33619000000,5618,33619000000,map,-0.24589965723611865,-0.03049695271536716,0.24945094526992048,0.0,0.0,0.0,0.0
33621000000,5619,33621000000,map,-0.24943152098051297,-0.09212378556705951,0.24558651745747023,0.0,0.0,0.0,0.0
33623000000,5620,33623000000,map,-0.23760096084296087,-0.1477881351790311,0.2380776570842308,0.0,0.0,0.0,0.0
33625000000,5621,33625000000,map,-0.21113661801066624,-0.19388726476104673,0.22703579345629146,0.0,0.0,0.0,0.0
33627000000,5622,33627000000,map,-0.17166842462193457,-0.22743752263369904,0.21262478462150025,0.0,0.0,0.0,0.0
33629000000,5623,33629000000,map,-0.12162721666057273,-0.2462674516753125,0.1950584857638445,0.0,0.0,0.0,0.0
33631000000,5624,33631000000,map,-0.06409501938645427,-0.24915833149132516,0.17459757565408468,0.0,0.0,0.0,0.0
33633000000,5625,33633000000,map,-0.0026152261843225976,-0.2359230570648224,0.15154568825304482,0.0,0.0,0.0,0.0
33635000000,5626,33635000000,map,0.05902563813254979,-0.2074182486644851,0.126244906872011,0.0,0.0,0.0,0.0
33637000000,5627,33637000000,map,0.11703112842260496,-0.16548880922459042,0.09907068775494833,0.0,0.0,0.0,0.0
33639000000,5628,33639000000,map,0.16782870130450184,-0.11284851758481514,0.07042628841772487,0.0,0.0,0.0,0.0
33641000000,5629,33641000000,map,0.2082897471953253,-0.052904385894365163,0.04073678342384095,0.0,0.0,0.0,0.0
33643000000,5630,33643000000,map,0.23592228057869896,0.010463850790025072,0.010442756400421846,0.0,0.0,0.0,0.0
33645000000,5631,33645000000,map,0.24902442075749726,0.07315484071810165,-0.020006238093705577,0.0,0.0,0.0,0.0
33647000000,5632,33647000000,map,0.24678921025341902,0.13111106525424138,-0.050158345827585986,0.0,0.0,0.0,0.0
33649000000,5633,33649000000,map,0.22935431511240004,0.1805814516950374,-0.07956611828352193,0.0,0.0,0.0,0.0
33651000000,5634,33651000000,map,0.19779354608793678,0.21836415213321794,-0.1077931526630647,0.0,0.0,0.0,0.0
33653000000,5635,33653000000,map,0.15405072291033023,0.2420137751132098,-0.134420567977741,0.0,0.0,0.0,0.0
33655000000,5636,33655000000,map,0.10081995492361816,0.24999965751944186,-0.15905322112121076,0.0,0.0,0.0,0.0
33657000000,5637,33657000000,map,0.04137971157784158,0.24180493294536784,-0.18132557067807312,0.0,0.0,0.0,0.0
33659000000,5638,33659000000,map,-0.020609097670414016,0.21795998458820637,-0.20090710145264862,0.0,0.0,0.0,0.0
33661000000,5639,33661000000,map,-0.08132859783939118,0.18000811751333384,-0.21750722921766846,0.0,0.0,0.0,0.0
33663000000,5640,33663000000,map,-0.13703909037022036,0.13040567206723538,-0.23087961290050985,0.0,0.0,0.0,0.0
33665000000,5641,33665000000,map,-0.18430938020997015,0.07236304334766383,-0.24082581021293298,0.0,0.0,0.0,0.0
33667000000,5642,33667000000,map,-0.22022810224029848,0.009636896354790134,-0.2471982224767749,0.0,0.0,0.0,0.0
33669000000,5643,33669000000,map,-0.24258303151475577,-0.0537129748218025,-0.2499022849455739,0.0,0.0,0.0,0.0
33671000000,5644,33671000000,map,-0.24999733363015123,-0.11358640709504753,-0.24889787011804296,0.0,0.0,0.0,0.0
33673000000,5645,33673000000,map,-0.24201436360647133,-0.16610824125110857,-0.24419988321833594,0.0,0.0,0.0,0.0
33675000000,5646,33675000000,map,-0.21912579053544284,-0.20787913200755231,-0.23587804100705817,0.0,0.0,0.0,0.0
33677000000,5647,33677000000,map,-0.18274131580583935,-0.2361955621947933,-0.2240558372045366,0.0,0.0,0.0,0.0
33679000000,5648,33679000000,map,-0.1351018499542991,-0.24922482119040476,-0.2089087098801353,0.0,0.0,0.0,0.0
33681000000,5649,33681000000,map,-0.0791414955557537,-0.24612362256285,-0.19066143800216045,0.0,0.0,0.0,0.0
33683000000,5650,33683000000,map,-0.01830683659196064,-0.22709268369171628,-0.16958480578330734,0.0,0.0,0.0,0.0
33685000000,5651,33685000000,map,0.043655335777351416,-0.19336373483372493,-0.1459915843216237,0.0,0.0,0.0,0.0
33687000000,5652,33687000000,map,0.10292878712901848,-0.14711979844114242,-0.12023189016829432,0.0,0.0,0.0,0.0
33689000000,5653,33689000000,map,0.1558628806829138,-0.09135389845349615,-0.09268798969975214,0.0,0.0,0.0,0.0
33691000000,5654,33691000000,map,0.19919741909193128,-0.02967534425797306,-0.06376862639572439,0.0,0.0,0.0,0.0
33693000000,5655,33693000000,map,0.23026343916659106,0.03392387289826468,-0.03390295520475883,0.0,0.0,0.0,0.0
33695000000,5656,33695000000,map,0.24714759263887254,0.09532745162839974,-0.0035341740094838024,0.0,0.0,0.0,0.0
33697000000,5657,33697000000,map,0.2488099887943028,0.15056119778920735,0.026887053301193353,0.0,0.0,0.0,0.0
33699000000,5658,33699000000,map,0.23514824107692484,0.19605024432892346,0.056909284553140885,0.0,0.0,0.0,0.0
33701000000,5659,33701000000,map,0.20700377305082449,0.22885042567850009,0.08608699855824646,0.0,0.0,0.0,0.0
33703000000,5660,33703000000,map,0.1661099953373086,0.24683883155632508,0.11398720651829486,0.0,0.0,0.0,0.0
33705000000,5661,33705000000,map,0.11498554529605341,0.2488512070646539,0.14019587745393114,0.0,0.0,0.0,0.0
33707000000,5662,33707000000,map,0.056779164790511615,0.2347573061962995,0.16432408230400972,0.0,0.0,0.0,0.0
33709000000,5663,33709000000,map,-0.004924230020799851,0.20546932168390708,0.18601376551902718,0.0,0.0,0.0,0.0
33711000000,5664,33711000000,map,-0.06632434275842075,0.1628828455910309,0.2049430585023114,0.0,0.0,0.0,0.0
33713000000,5665,33713000000,map,-0.12363955610927187,0.10975418182264084,0.2208310560463284,0.0,0.0,0.0,0.0
33715000000,5666,33715000000,map,-0.17333984067314503,0.04952195120104531,0.23344198488378778,0.0,0.0,0.0,0.0
33717000000,5667,33717000000,map,-0.2123641685749513,-0.013915464728521584,0.24258870249504288,0.0,0.0,0.0,0.0
33719000000,5668,33719000000,map,-0.23830904139371473,-0.07645223676161396,0.24813547424850446,0.0,0.0,0.0,0.0
33721000000,5669,33721000000,map,-0.2495765210168787,-0.13404082763284533,0.24999998766299464,0.0,0.0,0.0,0.0
33723000000,5670,33723000000,map,-0.24547264624273996,-0.1829539588142176,0.24815457390120002,0.0,0.0,0.0,0.0
33725000000,5671,33725000000,map,-0.22625017367392747,-0.22002584936179692,0.24262661836713767,0.0,0.0,0.0,0.0
33727000000,5672,33727000000,map,-0.1930930105028218,-0.24285711322475023,0.23349815431471613,0.0,0.0,0.0,0.0
33729000000,5673,33729000000,map,-0.1480432979684181,-0.24997005354902901,0.22090464549808356,0.0,0.0,0.0,0.0
33731000000,5674,33731000000,map,-0.09387563639797304,-0.24090430293641,0.20503297592887673,0.0,0.0,0.0,0.0
33733000000,5675,33733000000,map,-0.03392619827894068,-0.21624661958151362,0.18611867657178988,0.0,0.0,0.0,0.0
33735000000,5676,33735000000,map,0.028112745756065025,-0.17759291080390638,0.1644424301334951,0.0,0.0,0.0,0.0
33737000000,5677,33737000000,map,0.08842023293632224,-0.1274449419111894,0.14032590581283122,0.0,0.0,0.0,0.0
33739000000,5678,33739000000,map,0.14328194047805867,-0.0690484156520078,0.11412698582345925,0.0,0.0,0.0,0.0
33741000000,5679,33741000000,map,0.18931894977974867,-0.006182902165337856,0.08623445452529445,0.0,0.0,0.0,0.0
33743000000,5680,33743000000,map,0.22369585315744828,0.05708278430905808,0.05706222897857853,0.0,0.0,0.0,0.0
33745000000,5681,33745000000,map,0.24429538588309363,0.11665392932924674,0.02704321653408033,0.0,0.0,0.0,0.0
33747000000,5682,33747000000,map,0.24984882797991972,0.16867493847379106,-0.0033771093862620034,0.0,0.0,0.0,0.0
33749000000,5683,33749000000,map,0.2400141443628647,0.2097788811152774,-0.033747319984460705,0.0,0.0,0.0,0.0
33751000000,5684,33751000000,map,0.2153970506925059,0.23730540664425953,-0.06361673015968745,0.0,0.0,0.0,0.0
33753000000,5685,33753000000,map,0.17751370750130568,0.249472929055806,-0.09254208654409647,0.0,0.0,0.0,0.0
33755000000,5686,33755000000,map,0.12869734025290736,0.2454939356787843,-0.12009414525355555,0.0,0.0,0.0,0.0
33757000000,5687,33757000000,map,0.07195453657968567,0.22562595697806176,-0.14586404174211512,0.0,0.0,0.0,0.0
33759000000,5688,33759000000,map,0.010780071315039772,0.19115489853449064,-0.16946935823394946,0.0,0.0,0.0,0.0
33761000000,5689,33761000000,map,-0.051058335797729455,0.14431181400015988,-0.19055979869111458,0.0,0.0,0.0,0.0
33763000000,5690,33763000000,map,-0.10975207300589859,0.08812850569067536,-0.20882238710509873,0.0,0.0,0.0,0.0
33765000000,5691,33765000000,map,-0.16168620797629396,0.02624129870971725,-0.22398611197048227,0.0,0.0,0.0,0.0
33767000000,5692,33767000000,map,-0.20366213055619578,-0.03734431116222579,-0.23582594801623763,0.0,0.0,0.0,0.0
33769000000,5693,33769000000,map,-0.23309455435919707,-0.09851290323535988,-0.24416619551554616,0.0,0.0,0.0,0.0
33771000000,5694,33771000000,map,-0.2481707438957893,-0.15330549229492701,-0.24888308761899433,0.0,0.0,0.0,0.0
33773000000,5695,33773000000,map,-0.24796216049004072,-0.19817576408687845,-0.24990662701828145,0.0,0.0,0.0,0.0
33775000000,5696,33775000000,map,-0.23248165074089963,-0.23021960170063158,-0.2472216246861243,0.0,0.0,0.0,0.0
33777000000,5697,33777000000,map,-0.20268265530301913,-0.24736304732496975,-0.24086792527697096,0.0,0.0,0.0,0.0
33779000000,5698,33779000000,map,-0.16040048671982868,-0.2484965340160122,-0.2309398158439062,0.0,0.0,0.0,0.0
33781000000,5699,33781000000,map,-0.10823929299124269,-0.23354669966268685,-0.21758462664617984,0.0,0.0,0.0,0.0
33783000000,5700,33783000000,map,-0.04941166876049605,-0.20348113516674976,-0.20100054481096835,0.0,0.0,0.0,0.0
33785000000,5701,33785000000,map,0.012459207570770896,-0.1602457595251642,-0.1814336732940713,0.0,0.0,0.0,0.0
33787000000,5702,33787000000,map,0.07356272447958707,-0.10663887505469974,-0.15917437878316595,0.0,0.0,0.0,0.0
33789000000,5703,33789000000,map,0.13013553191379862,-0.046130054224989774,-0.13455298274131014,0.0,0.0,0.0,0.0
33791000000,5704,33791000000,map,0.17869332506452112,0.017364419804401447,-0.10793485953173373,0.0,0.0,0.0,0.0
33793000000,5705,33793000000,map,0.21624544181280414,0.0797350248852148,-0.07971501436843871,0.0,0.0,0.0,0.0
33795000000,5706,33795000000,map,0.24047905684717624,0.13694497849538823,-0.050312221554002605,0.0,0.0,0.0,0.0
33797000000,5707,33797000000,map,0.24990162798656193,0.18529150846333486,-0.020162809990773613,0.0,0.0,0.0,0.0
33799000000,5708,33799000000,map,0.24393282147316028,0.22164550570155342,0.01028581181427232,0.0,0.0,0.0,0.0
33801000000,5709,33801000000,map,0.22294025458065297,0.24365404802088367,0.04058179516077835,0.0,0.0,0.0,0.0
33803000000,5710,33803000000,map,0.1882168541600914,0.24989268717587715,0.07027555645842566,0.0,0.0,0.0,0.0
33805000000,5711,33805000000,map,0.14190122560420518,0.2399576427403933,0.09892644891778705,0.0,0.0,0.0,0.0
33807000000,5712,33807000000,map,0.08684593668566634,0.21449193579275894,0.12610930161952985,0.0,0.0,0.0,0.0
33809000000,5713,33809000000,map,0.0264418286343449,0.1751437709732551,0.1514207289278792,0.0,0.0,0.0,0.0
33811000000,5714,33811000000,map,-0.035590824911759376,0.12445986053183608,0.17448511661613206,0.0,0.0,0.0,0.0
33813000000,5715,33813000000,map,-0.09543144861153233,0.06572059470282049,0.1949601958726421,0.0,0.0,0.0,0.0
33815000000,5716,33815000000,map,-0.14939447368412415,0.0027277265933194506,0.21254212247053397,0.0,0.0,0.0,0.0
33817000000,5717,33817000000,map,-0.19415633115250905,-0.06044168684585927,0.2269699857277444,0.0,0.0,0.0,0.0
33819000000,5718,33819000000,map,-0.22696014960955685,-0.1196991622058821,0.23802968034573316,0.0,0.0,0.0,0.0
33821000000,5719,33821000000,map,-0.2457855502269812,-0.17120940655450645,0.24555708366990234,0.0,0.0,0.0,0.0
33823000000,5720,33823000000,map,-0.24947308137307717,-0.21163854724788095,0.24944049122210277,0.0,0.0,0.0,0.0
33825000000,5721,33825000000,map,-0.2377956289431576,-0.23836990855671042,0.24962227436263265,0.0,0.0,0.0,0.0
33827000000,5722,33827000000,map,-0.21147240425989555,-0.24967336950528737,0.24609973548252587,0.0,0.0,0.0,0.0
33829000000,5723,33829000000,map,-0.17212464803051386,-0.24481734165504557,0.23892514803518558,0.0,0.0,0.0,0.0
33831000000,5724,33831000000,map,-0.12217577854470527,-0.2241161193489286,0.22820498081372365,0.0,0.0,0.0,0.0
33833000000,5725,33833000000,map,-0.0647021339597225,-0.1889095377911491,0.21409831798486612,0.0,0.0,0.0,0.0
33835000000,5726,33835000000,map,-0.0032435014145073796,-0.1414762555404641,0.19681449832595008,0.0,0.0,0.0,0.0
33837000000,5727,33837000000,map,0.05841489755716304,-0.08488627399384915,0.1766100086988583,0.0,0.0,0.0,0.0
33839000000,5728,33839000000,map,0.11647553785815591,-0.022802239170947085,0.15378467785901975,0.0,0.0,0.0,0.0
33841000000,5729,33841000000,map,0.16736247943264512,0.04075761395511457,0.1286772270836437,0.0,0.0,0.0,0.0
33843000000,5730,33843000000,map,0.2079416085025931,0.10167953173594954,0.10166024364721937,0.0,0.0,0.0,0.0
33845000000,5731,33845000000,map,0.23571366683831035,0.15602049433716506,0.07313465173383872,0.0,0.0,0.0,0.0
33847000000,5732,33847000000,map,0.24896818043674432,0.20026341790626082,0.04352376283881502,0.0,0.0,0.0,0.0
33849000000,5733,33849000000,map,0.24688880717933992,0.2315447890882098,0.013266993949638853,0.0,0.0,0.0,0.0
33851000000,5734,33851000000,map,0.2296036151356812,0.24783999881806887,-0.017186653274858348,0.0,0.0,0.0,0.0
33853000000,5735,33853000000,map,0.198177194883606,0.24809438011371243,-0.04738525555855447,0.0,0.0,0.0,0.0
33855000000,5736,33855000000,map,0.15454509164672334,0.2322914687775998,-0.07688067441814236,0.0,0.0,0.0,0.0
33857000000,5737,33857000000,map,0.10139459555610748,0.20145406900065194,-0.10523520640800992,0.0,0.0,0.0,0.0
33859000000,5738,33859000000,map,0.04199923213615233,0.15757805490143786,-0.13202807851219261,0.0,0.0,0.0,0.0
33861000000,5739,33861000000,map,-0.019982853299763334,0.10350319253044031,-0.15686169229358113,0.0,0.0,0.0,0.0
33863000000,5740,33863000000,map,-0.08073419988777247,0.04272934306420697,-0.17936752413964208,0.0,0.0,0.0,0.0
33865000000,5741,33865000000,map,-0.1365131476563543,-0.02081005701742689,-0.1992115940448676,0.0,0.0,0.0,0.0
33867000000,5742,33867000000,map,-0.183884285411351,-0.08300257783837464,-0.21609942177783906,0.0,0.0,0.0,0.0
33869000000,5743,33869000000,map,-0.21993003683755172,-0.13982296293870164,-0.22978039688214008,0.0,0.0,0.0,0.0
33871000000,5744,33871000000,map,-0.24243035328021617,-0.1875936540010871,-0.24005149766223127,0.0,0.0,0.0,0.0
33873000000,5745,33873000000,map,-0.24999944597731122,-0.22322281168070351,-0.2467603039669722,0.0,0.0,0.0,0.0
33875000000,5746,33875000000,map,-0.2421711364364626,-0.2444044272291824,-0.24980725906018286,0.0,0.0,0.0,0.0
33877000000,5747,33877000000,map,-0.21942756824946477,-0.24976757318256276,-0.2491471470135566,0.0,0.0,0.0,0.0
33879000000,5748,33879000000,map,-0.18316951199151751,-0.23896513323798915,-0.24478976369810285,0.0,0.0,0.0,0.0
33881000000,5749,33881000000,map,-0.13563009211745,-0.2126962684939893,-0.23679977141609804,0.0,0.0,0.0,0.0
33883000000,5750,33883000000,map,-0.0797372493958023,-0.17266116598448272,-0.22529573933137467,0.0,0.0,0.0,0.0
33885000000,5751,33885000000,map,-0.018933409781971205,-0.12145099829593953,-0.21044838393757628,0.0,0.0,0.0,0.0
33887000000,5752,33887000000,map,0.04303653372086696,-0.06238021635560392,-0.19247803567451424,0.0,0.0,0.0,0.0
33889000000,5753,33889000000,map,0.1023558680674045,0.0007279701724623614,-0.1716513692888688,0.0,0.0,0.0,0.0
33891000000,5754,33891000000,map,0.15537113055493093,0.06378904063852744,-0.14827744645860033,0.0,0.0,0.0,0.0
33893000000,5755,33893000000,map,0.19881712466298979,0.12272152386429794,-0.1227031294066767,0.0,0.0,0.0,0.0
33895000000,5756,33895000000,map,0.23001802267385044,0.1737111612262691,-0.09530793356718714,0.0,0.0,0.0,0.0
33897000000,5757,33897000000,map,0.24705216922147535,0.2134577750744345,-0.06649839568668549,0.0,0.0,0.0,0.0
33899000000,5758,33899000000,map,0.24887043555632465,0.2393888645350401,-0.03670204093603179,0.0,0.0,0.0,0.0
33901000000,5759,33901000000,map,0.23536083511760292,0.2498261042401998,-0.006361038562126027,0.0,0.0,0.0,0.0
33903000000,5760,33903000000,map,0.20735542075746044,0.24409396977010467,0.024074359775762097,0.0,0.0,0.0,0.0
33905000000,5761,33905000000,map,0.16657903881708935,0.22256345929296398,0.0541525016096853,0.0,0.0,0.0,0.0
33907000000,5762,33907000000,map,0.11554309628045847,0.18662808163038813,0.08342703605430261,0.0,0.0,0.0,0.0
33909000000,5763,33909000000,map,0.057390883856341786,0.13861366485911142,0.11146353752485923,0.0,0.0,0.0,0.0
33911000000,5764,33911000000,map,-0.004296018495090128,0.08162782286475595,0.13784595248556958,0.0,0.0,0.0,0.0
33913000000,5765,33913000000,map,-0.06571833016078255,0.019358822751361915,0.16218277356417912,0.0,0.0,0.0,0.0
33915000000,5766,33915000000,map,-0.12309306660132746,-0.04416312908886271,0.1841128494074315,0.0,0.0,0.0,0.0
33917000000,5767,33917000000,map,-0.17288653240441074,-0.10482673207413185,0.20331074406184294,0.0,0.0,0.0,0.0
33919000000,5768,33919000000,map,-0.2120319606866221,-0.15870568515369715,0.2194915663487337,0.0,0.0,0.0,0.0
33921000000,5769,33921000000,map,-0.23811839448490232,-0.20231280689397985,0.23241519756710483,0.0,0.0,0.0,0.0
33923000000,5770,33923000000,map,-0.24953917698216582,-0.2328257346344521,0.24188985478476152,0.0,0.0,0.0,0.0
33925000000,5771,33925000000,map,-0.2455909050917178,-0.24826959490330888,0.2477749368414886,0.0,0.0,0.0,0.0
33927000000,5772,33927000000,map,-0.2265167518741919,-0.2476448221982526,0.2499831108296344,0.0,0.0,0.0,0.0
33929000000,5773,33929000000,map,-0.19349148957073417,-0.23099185338105305,0.24848160808878628,0.0,0.0,0.0,0.0
33931000000,5774,33931000000,map,-0.14854913567990194,-0.1993885105022111,0.2432927104833753,0.0,0.0,0.0,0.0
33933000000,5775,33933000000,map,-0.09445767833699989,-0.1548802414451912,0.2344934197461291,0.0,0.0,0.0,0.0
33935000000,5776,33935000000,map,-0.03454859663042493,-0.10034773339234944,0.22221431479485657,0.0,0.0,0.0,0.0
33937000000,5777,33937000000,map,0.02748832434771712,-0.03932046750107585,0.2066376139791865,0.0,0.0,0.0,0.0
33939000000,5778,33939000000,map,0.0878322464269236,0.0242517180006325,0.18799447101321753,0.0,0.0,0.0,0.0
33941000000,5779,33941000000,map,0.1427666028072319,0.08625427128179938,0.16656154472156548,0.0,0.0,0.0,0.0
33943000000,5780,33943000000,map,0.18890800046309428,0.14267423105910668,0.14265689350279273,0.0,0.0,0.0,0.0
33945000000,5781,33945000000,map,0.2234146024589546,0.18985995555047105,0.11663525543518939,0.0,0.0,0.0,0.0
33947000000,5782,33947000000,map,0.24416115596173465,0.22475746591955206,0.08888278406676521,0.0,0.0,0.0,0.0
33949000000,5783,33949000000,map,0.24986988602228777,0.24510810747287007,0.059811318008798686,0.0,0.0,0.0,0.0
33951000000,5784,33951000000,map,0.2401891934095397,0.2495947354749456,0.029852269370510727,0.0,0.0,0.0,0.0
33953000000,5785,33953000000,map,0.21571530951714812,0.23792696407039834,-0.0005497782712840716,0.0,0.0,0.0,0.0
33955000000,5786,33955000000,map,0.17795557462414457,0.2108599607877282,-0.03094366736316518,0.0,0.0,0.0,0.0
33957000000,5787,33957000000,map,0.12923560119021382,0.1701455701954545,-0.06087836142267179,0.0,0.0,0.0,0.0
33959000000,5788,33959000000,map,0.0725560399771327,0.1184189301141252,-0.08990963828752513,0.0,0.0,0.0,0.0
33961000000,5789,33961000000,map,0.0114077707319191,0.05902791886457703,-0.11760668224446512,0.0,0.0,0.0,0.0
33963000000,5790,33963000000,map,-0.05044310020893414,-0.004183527842936961,-0.143558477209194,0.0,0.0,0.0,0.0
33965000000,5791,33965000000,map,-0.10918719344869139,-0.06712420610002832,-0.16737990608475548,0.0,0.0,0.0,0.0
33967000000,5792,33967000000,map,-0.16120647523841145,-0.1257204368145012,-0.18871746578827708,0.0,0.0,0.0,0.0
33969000000,5793,33969000000,map,-0.20329709125504808,-0.17617972447223348,-0.20725451313381338,0.0,0.0,0.0,0.0
33971000000,5794,33971000000,map,-0.23286669117249986,-0.21523621699064718,-0.22271596372489555,0.0,0.0,0.0,0.0
33973000000,5795,33973000000,map,-0.24809409085904663,-0.24036207988485525,-0.23487237412711628,0.0,0.0,0.0,0.0
33975000000,5796,33975000000,map,-0.2480414386443845,-0.24993110407711577,-0.24354334674245842,0.0,0.0,0.0,0.0
33977000000,5797,33977000000,map,-0.23271197736492868,-0.24332395824043515,-0.24860020685671858,0.0,0.0,0.0,0.0
33979000000,5798,33979000000,map,-0.20304984463862027,-0.22096827348070652,-0.24996791213513528,0.0,0.0,0.0,0.0
33981000000,5799,33981000000,map,-0.16088192366929385,-0.18431096597558344,-0.24762616622878075,0.0,0.0,0.0,0.0
33983000000,5800,33983000000,map,-0.10880532597540842,-0.13572458891845615,-0.24160971996648167,0.0,0.0,0.0,0.0
33985000000,5801,33985000000,map,-0.05002743595195703,-0.0783537749035822,-0.23200785566261656,0.0,0.0,0.0,0.0
33987000000,5802,33987000000,map,0.011831631116814423,-0.015911707392914285,-0.21896306219351258,0.0,0.0,0.0,0.0
33989000000,5803,33989000000,map,0.07296199103673835,0.047560205863184164,-0.20266892050398935,0.0,0.0,0.0,0.0
33991000000,5804,33991000000,map,0.12959864050210737,0.10795390290668319,-0.18336723092205331,0.0,0.0,0.0,0.0
33993000000,5805,33993000000,map,0.17825334268952164,0.16136055167857818,-0.16134442491295092,0.0,0.0,0.0,0.0
33995000000,5806,33995000000,map,0.21592946687666217,0.20432353946816081,-0.13692731451888315,0.0,0.0,0.0,0.0
33997000000,5807,33997000000,map,0.24030655016593377,0.23406219358572372,-0.11047824256311613,0.0,0.0,0.0,0.0
33999000000,5808,33999000000,map,0.24988321420280982,0.24865175349671595,-0.08238970558864754,0.0,0.0,0.0,0.0
34001000000,5809,34001000000,map,0.24406963468713955,0.24714794616784613,-0.05307852932271756,0.0,0.0,0.0,0.0
34003000000,5810,34003000000,map,0.22322386850134865,0.22964810179397885,-0.02297968310405078,0.0,0.0,0.0,0.0
34005000000,5811,34005000000,map,0.18862980107817526,0.19728485434271112,0.007460174934733678,0.0,0.0,0.0,0.0
34007000000,5812,34007000000,map,0.14241807222440123,0.15215283463420787,0.037789326145021764,0.0,0.0,0.0,0.0
34009000000,5813,34009000000,map,0.08743485055605577,0.09717310056230449,0.06755769473559436,0.0,0.0,0.0,0.0
34011000000,5814,34011000000,map,0.02706653869933795,0.035904078877743106,0.09632352676613178,0.0,0.0,0.0,0.0
34013000000,5815,34013000000,map,-0.034968794385601375,-0.027688745147481264,0.12365994564726117,0.0,0.0,0.0,0.0
34015000000,5816,34015000000,map,-0.09485040832619768,-0.0894894839058698,0.14916128686603938,0.0,0.0,0.0,0.0
34017000000,5817,34017000000,map,-0.14889020976305956,-0.14549823805786394,0.17244911792849188,0.0,0.0,0.0,0.0
34019000000,5818,34019000000,map,-0.1937599010818939,-0.19208998008373945,0.19317785418797775,0.0,0.0,0.0,0.0
34021000000,5819,34021000000,map,-0.22669596941670786,-0.22624917518767707,0.21103988722164646,0.0,0.0,0.0,0.0
34023000000,5820,34023000000,map,-0.24566989070276798,-0.2457649542980459,0.22577014964923392,0.0,0.0,0.0,0.0
34025000000,5821,34025000000,map,-0.2495130659580726,-0.2493742070775517,0.23715004865637732,0.0,0.0,0.0,0.0
34027000000,5822,34027000000,map,-0.23798879499699238,-0.23684333360333445,0.24501070984838316,0.0,0.0,0.0,0.0
34029000000,5823,34029000000,map,-0.21180685473436506,-0.20898336354175276,0.24923548329717587,0.0,0.0,0.0,0.0
34031000000,5824,34031000000,map,-0.17257978420626768,-0.16759746426718145,0.24976167459233628,0.0,0.0,0.0,0.0
34033000000,5825,34033000000,map,-0.1227235687006156,-0.11536423533163592,0.24658147520793572,0.0,0.0,0.0,0.0
34035000000,5826,34035000000,map,-0.06530883983914751,-0.05566434276159793,0.23974207837882408,0.0,0.0,0.0,0.0
34037000000,5827,34037000000,map,-0.003871756156974408,0.007638286156293109,0.22934497876657653,0.0,0.0,0.0,0.0
34039000000,5828,34039000000,map,0.0578037880013143,0.07044654597152462,0.2155444663085273,0.0,0.0,0.0,0.0
34041000000,5829,34041000000,map,0.11591921157090615,0.12869532804670106,0.19854533659967857,0.0,0.0,0.0,0.0
34043000000,5830,34043000000,map,0.16689520040840802,0.1786146246180176,0.1785998517854725,0.0,0.0,0.0,0.0
34045000000,5831,34045000000,map,0.2075921563375211,0.21697353318494417,0.15600399706510967,0.0,0.0,0.0,0.0
34047000000,5832,34047000000,map,0.2355035642022933,0.2412893686514671,0.13109308835739636,0.0,0.0,0.0,0.0
34049000000,5833,34049000000,map,0.24891036749765136,0.24998834895346567,0.10423679630911258,0.0,0.0,0.0,0.0
34051000000,5834,34051000000,map,0.2469868446213372,0.24250745419400885,0.07583366049080267,0.0,0.0,0.0,0.0
34053000000,5835,34053000000,map,0.22985146485774124,0.21933086670829532,0.04630517518544615,0.0,0.0,0.0,0.0
34055000000,5836,34055000000,map,0.19855959188440447,0.18195863356411798,0.016089534534779095,0.0,0.0,0.0,0.0
34057000000,5837,34057000000,map,0.15503848419214514,0.13280957974126464,-0.01436487013348138,0.0,0.0,0.0,0.0
34059000000,5838,34059000000,map,0.10196859572522404,0.07506475569085276,-0.044606104302628985,0.0,0.0,0.0,0.0
34061000000,5839,34061000000,map,0.04261848740448662,0.012461551745002738,-0.07418539684490254,0.0,0.0,0.0,0.0
34063000000,5840,34063000000,map,-0.019356482706777367,-0.05094819519035389,-0.10266379965349587,0.0,0.0,0.0,0.0
34065000000,5841,34065000000,map,-0.0801392919750688,-0.11106044671725862,-0.12961870150548685,0.0,0.0,0.0,0.0
34067000000,5842,34067000000,map,-0.13598634265106357,-0.163984586639478,-0.15465009948947694,0.0,0.0,0.0,0.0
34069000000,5843,34069000000,map,-0.18345802909979986,-0.20629523143323492,-0.17738653493257062,0.0,0.0,0.0,0.0
34071000000,5844,34071000000,map,-0.21963058223716192,-0.23525392968880895,-0.19749060573914903,0.0,0.0,0.0,0.0
34073000000,5845,34073000000,map,-0.24227614372375111,-0.24898640157824237,-0.21466397333993265,0.0,0.0,0.0,0.0
34075000000,5846,34075000000,map,-0.24999997919209763,-0.24660384696177234,-0.22865178994966337,0.0,0.0,0.0,0.0
34077000000,5847,34077000000,map,-0.24232637958193787,-0.22826047077026654,-0.23924648043418842,0.0,0.0,0.0,0.0
34079000000,5848,34079000000,map,-0.2197279599398178,-0.1951435024732677,-0.24629082266513777,0.0,0.0,0.0,0.0
34081000000,5849,34081000000,map,-0.1835965511788523,-0.14939635560074002,-0.24968028065062617,0.0,0.0,0.0,0.0
34083000000,5850,34083000000,map,-0.13615747756722513,-0.09397990062512587,-0.24936455581900663,0.0,0.0,0.0,0.0
34085000000,5851,34085000000,map,-0.0803324995722628,-0.032480829972569174,-0.2453483334350184,0.0,0.0,0.0,0.0
34087000000,5852,34087000000,map,-0.019559863378048742,0.03112048173683364,-0.23769121307190025,0.0,0.0,0.0,0.0
34089000000,5853,34089000000,map,0.04241745982224547,0.09270759755064037,-0.22650682417100837,0.0,0.0,0.0,0.0
34091000000,5854,34091000000,map,0.10178230247008323,0.14829444434452815,-0.21196113981372386,0.0,0.0,0.0,0.0
34093000000,5855,34093000000,map,0.1548783990186229,0.19428330150467557,-0.1942700137296213,0.0,0.0,0.0,0.0
34095000000,5856,34095000000,map,0.19843557439703327,0.2276976544605636,-0.17369597708944365,0.0,0.0,0.0,0.0
34097000000,5857,34097000000,map,0.22977115326217692,0.24637484219925926,-0.15054434261873328,0.0,0.0,0.0,0.0
34099000000,5858,34099000000,map,0.2469551852883063,0.249106030127293,-0.12515867384610915,0.0,0.0,0.0,0.0
34101000000,5859,34101000000,map,0.24892931031741625,0.23571444888871174,-0.0979156867200323,0.0,0.0,0.0,0.0
34103000000,5860,34103000000,map,0.2355719424914067,0.20706683532230738,-0.06921965925366186,0.0,0.0,0.0,0.0
34105000000,5861,34105000000,map,0.20770575869456273,0.16501733507263022,-0.03949643215660786,0.0,0.0,0.0,0.0
34107000000,5862,34107000000,map,0.16704703009312644,0.11228749761643789,-0.009187089482533868,0.0,0.0,0.0,0.0
34109000000,5863,34109000000,map,0.11609991743166923,0.052290130733334925,0.02125858693003677,0.0,0.0,0.0,0.0
34111000000,5864,34111000000,map,0.058002240410157994,-0.011091585003227369,0.051388792089514905,0.0,0.0,0.0,0.0
34113000000,5865,34113000000,map,-0.0036677798333927345,-0.07375542544545535,0.08075640250604316,0.0,0.0,0.0,0.0
34115000000,5866,34115000000,map,-0.06511190245067314,-0.1316456291411896,0.10892561137416805,0.0,0.0,0.0,0.0
34117000000,5867,34117000000,map,-0.1225457995706742,-0.18101539642116649,0.13547839581910823,0.0,0.0,0.0,0.0
34119000000,5868,34119000000,map,-0.17243213209053904,-0.2186693917040975,0.1600207202352308,0.0,0.0,0.0,0.0
34121000000,5869,34121000000,map,-0.21169841348931234,-0.24217055365555054,0.1821883836589957,0.0,0.0,0.0,0.0
34123000000,5870,34123000000,map,-0.23792624349089475,-0.24999782793132796,0.20165242440631537,0.0,0.0,0.0,0.0
34125000000,5871,34125000000,map,-0.24950025672238843,-0.2416446136424015,0.21812400176822155,0.0,0.0,0.0,0.0
34127000000,5872,34127000000,map,-0.24570761265502022,-0.21765155183902193,0.23135868232248652,0.0,0.0,0.0,0.0
34129000000,5873,34129000000,map,-0.2267818992715413,-0.17957153386187213,0.24116006725522474,0.0,0.0,0.0,0.0
34131000000,5874,34131000000,map,-0.19388874644138163,-0.12986919430600782,0.2473827068620392,0.0,0.0,0.0,0.0
34133000000,5875,34133000000,map,-0.1490540350741269,-0.07176139366746923,0.2499342589791414,0.0,0.0,0.0,0.0
34135000000,5876,34135000000,map,-0.09503912362999328,-0.009009015037261236,0.24877685931454022,0.0,0.0,0.0,0.0
34137000000,5877,34137000000,map,-0.035170776754421214,0.05432644971833965,0.24392768334295273,0.0,0.0,0.0,0.0
34139000000,5878,34139000000,map,0.026863729308398993,0.11414576993097214,0.2354586914267675,0.0,0.0,0.0,0.0
34141000000,5879,34141000000,map,0.08724370512132033,0.16657728865565566,0.2234955609453629,0.0,0.0,0.0,0.0
34143000000,5880,34143000000,map,0.14225036334476288,0.20822750605283225,0.20821582127893123,0.0,0.0,0.0,0.0
34145000000,5881,34145000000,map,0.1884958579009882,0.2364007152357868,0.18984621932436643,0.0,0.0,0.0,0.0
34147000000,5882,34147000000,map,0.22313194055240754,0.24927347520586973,0.16865935463737664,0.0,0.0,0.0,0.0
34149000000,5883,34149000000,map,0.2440253837857171,0.24601262854249767,0.14496963413358652,0.0,0.0,0.0,0.0
34151000000,5884,34151000000,map,0.24988936575064646,0.22682922544794754,0.11912860638200067,0.0,0.0,0.0,0.0
34153000000,5885,34153000000,map,0.24036272529072805,0.19296486404719604,0.09151974472601769,0.0,0.0,0.0,0.0
34155000000,5886,34155000000,map,0.21603220576677115,0.14661133103248697,0.06255275665051109,0.0,0.0,0.0,0.0
34157000000,5887,34157000000,map,0.17839631768285655,0.09076874371350455,0.03265750384191216,0.0,0.0,0.0,0.0
34159000000,5888,34159000000,map,0.12977304580522453,0.0290513748740516,0.0022776231651231225,0.0,0.0,0.0,0.0
34161000000,5889,34161000000,map,0.0731570850714153,-0.034546272057752944,-0.028136056777531632,0.0,0.0,0.0,0.0
34163000000,5890,34163000000,map,0.012035398091118444,-0.09590799732309581,-0.058132205812781675,0.0,0.0,0.0,0.0
34165000000,5891,34165000000,map,-0.04982754599410244,-0.15106231564116387,-0.08726568980503155,0.0,0.0,0.0,0.0
34167000000,5892,34167000000,map,-0.10862162420562363,-0.19643950072958638,-0.11510417631660562,0.0,0.0,0.0,0.0
34169000000,5893,34169000000,map,-0.16072572423281672,-0.22910262697365769,-0.14123455029651055,0.0,0.0,0.0,0.0
34171000000,5894,34171000000,map,-0.2029307678189815,-0.2469376546437497,-0.1652690445875874,0.0,0.0,0.0,0.0
34173000000,5895,34173000000,map,-0.23263735707313765,-0.24879025586538708,-0.18685099427805515,0.0,0.0,0.0,0.0
34175000000,5896,34175000000,map,-0.24801587072518874,-0.23454052562535335,-0.20566012950518817,0.0,0.0,0.0,0.0
34177000000,5897,34177000000,map,-0.2481191500341641,-0.20511074232535792,-0.22141732816767157,0.0,0.0,0.0,0.0
34179000000,5898,34179000000,map,-0.23294083405363142,-0.16240567560336025,-0.23388875801577058,0.0,0.0,0.0,0.0
34181000000,5899,34181000000,map,-0.2034157514010466,-0.10918930484849428,-0.24288934665415,0.0,0.0,0.0,0.0
34183000000,5900,34183000000,map,-0.16136234440109096,-0.04890592749935552,-0.24828552796277012,0.0,0.0,0.0,0.0
34185000000,5901,34185000000,map,-0.10937067168579591,0.014542764553527187,-0.24999722417889855,0.0,0.0,0.0,0.0
34187000000,5902,34187000000,map,-0.05064288714294299,0.07705021228595141,-0.2479990342280444,0.0,0.0,0.0,0.0
34189000000,5903,34189000000,map,0.01120397992761832,0.1345707763761765,-0.24232061066847752,0.0,0.0,0.0,0.0
34191000000,5904,34191000000,map,0.07236079672651756,0.18338158116036732,-0.2330462196558852,0.0,0.0,0.0,0.0
34193000000,5905,34193000000,map,0.12906093047496683,0.22032346851618242,-0.2203134904581036,0.0,0.0,0.0,0.0
34195000000,5906,34195000000,map,0.17781223436937132,0.24300546652676894,-0.20431137307677355,0.0,0.0,0.0,0.0
34197000000,5907,34197000000,map,0.2156121280127664,0.24995953919952654,-0.18527733428421791,0.0,0.0,0.0,0.0
34199000000,5908,34199000000,map,0.2401325255779156,0.24073560145066114,-0.16349383368553938,0.0,0.0,0.0,0.0
34201000000,5909,34201000000,map,0.24986322202086073,0.21593064974399562,-0.13928413210015278,0.0,0.0,0.0,0.0
34203000000,5910,34203000000,map,0.24420490622460736,0.17715012297779031,-0.11300749446515267,0.0,0.0,0.0,0.0
34205000000,5911,34205000000,map,0.2235060724187703,0.12690399443928704,-0.08505385844803554,0.0,0.0,0.0,0.0
34207000000,5912,34207000000,map,0.189041556508215,0.06844432001550226,-0.05583804788501563,0.0,0.0,0.0,0.0
34209000000,5913,34209000000,map,0.1429340192544634,0.005554756954278162,-0.025793616915827728,0.0,0.0,0.0,0.0
34211000000,5914,34211000000,map,0.08802321214040887,-0.057694323955830656,0.004633583833618263,0.0,0.0,0.0,0.0
34213000000,5915,34213000000,map,0.027691077797588202,-0.11720928302700193,0.03499202354554495,0.0,0.0,0.0,0.0
34215000000,5916,34215000000,map,-0.03434654297775796,-0.16913816233322582,0.0648311917953137,0.0,0.0,0.0,0.0
34217000000,5917,34217000000,map,-0.09426876891413352,-0.21011999412254398,0.09370828399625106,0.0,0.0,0.0,0.0
34219000000,5918,34219000000,map,-0.14838500537032703,-0.23750233110732627,0.12119477249101132,0.0,0.0,0.0,0.0
34221000000,5919,34221000000,map,-0.1933622471184364,-0.24951291952772273,0.14688276577646986,0.0,0.0,0.0,0.0
34223000000,5920,34223000000,map,-0.22643035728890845,-0.24537440387556855,0.1703910614965361,0.0,0.0,0.0,0.0
34225000000,5921,34225000000,map,-0.2455526793939637,-0.22535463929883026,0.19137080337325524,0.0,0.0,0.0,0.0
34227000000,5922,34227000000,map,-0.2495514744829349,-0.190749355342384,0.20951065813310404,0.0,0.0,0.0,0.0
34229000000,5923,34229000000,map,-0.2381804577842528,-0.14379829307087158,0.22454143560220888,0.0,0.0,0.0,0.0
34231000000,5924,34231000000,map,-0.2121399673217458,-0.08754024339100241,0.23624008341030925,0.0,0.0,0.0,0.0
34233000000,5925,34233000000,map,-0.17303383027430863,-0.025616368856745335,0.24443299702312188,0.0,0.0,0.0,0.0
34235000000,5926,34235000000,map,-0.12327058366756828,0.0379654615361484,0.24899859598318652,0.0,0.0,0.0,0.0
34237000000,5927,34237000000,map,-0.06591513319244521,0.09909007171506339,0.2498691281285279,0.0,0.0,0.0,0.0
34239000000,5928,34239000000,map,-0.004499986443325278,0.15380132308368627,0.2470316750150532,0.0,0.0,0.0,0.0
34241000000,5929,34241000000,map,0.057192313325324595,0.19855816576824376,0.24052834362250874,0.0,0.0,0.0,0.0
34243000000,5930,34243000000,map,0.11536215307511657,0.23046382427543868,0.23045564149913533,0.0,0.0,0.0,0.0
34245000000,5931,34245000000,map,0.1664268671833788,0.24745328409353715,0.21696304461775032,0.0,0.0,0.0,0.0
34247000000,5932,34247000000,map,0.20724139290756483,0.24842694462765283,0.20025077919546147,0.0,0.0,0.0,0.0
34249000000,5933,34249000000,map,0.2352919739978471,0.2333217881176289,0.18056685039534567,0.0,0.0,0.0,0.0
34251000000,5934,34251000000,map,0.24885098230539632,0.20311545830635622,0.15820336200141563,0.0,0.0,0.0,0.0
34253000000,5935,34253000000,map,0.247083321960224,0.1597629848760158,0.13349218168318225,0.0,0.0,0.0,0.0
34255000000,5936,34255000000,map,0.23009786271293775,0.10607024900703292,0.1068000161766873,0.0,0.0,0.0,0.0
34257000000,5937,34257000000,map,0.1989407346749049,0.04551237968760616,0.0785229694623234,0.0,0.0,0.0,0.0
34259000000,5938,34259000000,map,0.1555308974304172,-0.01799116538123819,0.04908066469675866,0.0,0.0,0.0,0.0
34261000000,5939,34261000000,map,0.10254195180506345,-0.08033027695007372,0.018910017128205094,0.0,0.0,0.0,0.0
34263000000,5940,34263000000,map,0.043237473471291636,-0.13747021083666533,-0.011541249599874659,0.0,0.0,0.0,0.0
34265000000,5941,34265000000,map,-0.018729989847273136,-0.18571272672247816,-0.041821247537460554,0.0,0.0,0.0,0.0
34267000000,5942,34267000000,map,-0.07954387785925747,-0.22193544757271402,-0.07148063031338785,0.0,0.0,0.0,0.0
34269000000,5943,34269000000,map,-0.13545867868212508,-0.24379394773629334,-0.10007926130484249,0.0,0.0,0.0,0.0
34271000000,5944,34271000000,map,-0.18303061396747478,-0.24987349007399012,-0.12719274513792767,0.0,0.0,0.0,0.0
34273000000,5945,34273000000,map,-0.21932974033075617,-0.2397805913059543,-0.15241872559070457,0.0,0.0,0.0,0.0
34275000000,5946,34275000000,map,-0.24212040381948696,-0.21416848924017057,-0.17538285644271026,0.0,0.0,0.0,0.0
34277000000,5947,34277000000,map,-0.24999893327114275,-0.1746948635772192,-0.1957443566648864,0.0,0.0,0.0,0.0
34279000000,5948,34279000000,map,-0.24248009206224172,-0.12391454670885513,-0.21320106751013523,0.0,0.0,0.0,0.0
34281000000,5949,34281000000,map,-0.22002696370895533,-0.06511416853628613,-0.22749393646177968,0.0,0.0,0.0,0.0
34283000000,5950,34283000000,map,-0.18402243067074117,-0.0020994375102312284,-0.2384108614975498,0.0,0.0,0.0,0.0
34285000000,5951,34285000000,map,-0.13668400297237132,0.06105117439468096,-0.2457898386219436,0.0,0.0,0.0,0.0
34287000000,5952,34287000000,map,-0.08092724232499585,0.12025040065244953,-0.24952136595855148,0.0,0.0,0.0,0.0
34289000000,5953,34289000000,map,-0.020186193423625258,0.17166671835931904,-0.2495500687258783,0.0,0.0,0.0,0.0
34291000000,5954,34291000000,map,0.04179811799189417,0.21197233403994584,-0.2458755209832382,0.0,0.0,0.0,0.0
34293000000,5955,34293000000,map,0.10120809396062906,0.2385585668150072,-0.23855225195138458,0.0,0.0,0.0,0.0
34295000000,5956,34295000000,map,0.1543846891858144,0.2497046887925875,-0.22768893681494384,0.0,0.0,0.0,0.0
34297000000,5957,34297000000,map,0.19805277070414057,0.24468929490816682,-0.21344678401410683,0.0,0.0,0.0,0.0
34299000000,5958,34299000000,map,0.22952283249102046,0.223836994075682,-0.19603714295809557,0.0,0.0,0.0,0.0
34301000000,5959,34301000000,map,0.24685664145200453,0.18849739968146645,-0.17571836766155763,0.0,0.0,0.0,0.0
34303000000,5960,34303000000,map,0.2489866127056926,0.14095777921008623,-0.15279198284625986,0.0,0.0,0.0,0.0
34305000000,5961,34305000000,map,0.23578156186479005,0.0842950165356681,-0.127598209401071,0.0,0.0,0.0,0.0
34307000000,5962,34307000000,map,0.20805478464908048,0.022176468255606777,-0.10051091560352739,0.0,0.0,0.0,0.0
34309000000,5963,34309000000,map,0.1675139662093326,-0.04137739685894276,-0.07193206902334211,0.0,0.0,0.0,0.0
34311000000,5964,34311000000,map,0.11665600523290365,-0.10225321271921918,-0.042285771439511795,0.0,0.0,0.0,0.0
34313000000,5965,34313000000,map,0.05861323059007893,-0.15651094332327656,-0.012011965294180743,0.0,0.0,0.0,0.0
34315000000,5966,34315000000,map,-0.0030395180040045018,-0.2006388918020248,0.01844009492588867,0.0,0.0,0.0,0.0
34317000000,5967,34317000000,map,-0.06450506345818063,-0.2317809862783578,0.048618509495258914,0.0,0.0,0.0,0.0
34319000000,5968,34319000000,map,-0.12199775847434656,-0.24792163202604345,0.07807543951043766,0.0,0.0,0.0,0.0
34321000000,5969,34321000000,map,-0.17197664260160545,-0.24801616583285702,0.10637375268908038,0.0,0.0,0.0,0.0
34323000000,5970,34323000000,map,-0.21136352908952455,-0.2320584692329197,0.13309351028604607,0.0,0.0,0.0,0.0
34325000000,5971,34325000000,map,-0.23773258962549243,-0.20108136450907038,0.1578381988623567,0.0,0.0,0.0,0.0
34327000000,5972,34327000000,map,-0.249459760483388,-0.15708976783594672,0.18024061442941966,0.0,0.0,0.0,0.0
34329000000,5973,34329000000,map,-0.24582276819554333,-0.10293092605825754,0.19996831164952272,0.0,0.0,0.0,0.0
34331000000,5974,34331000000,map,-0.2270456141910654,-0.042110135711522674,0.2167285372280496,0.0,0.0,0.0,0.0
34333000000,5975,34333000000,map,-0.19428477860532942,0.021436128592024758,0.23027257428726458,0.0,0.0,0.0,0.0
34335000000,5976,34335000000,map,-0.14955799296223943,0.08359499270723929,0.24039943325273103,0.0,0.0,0.0,0.0
34337000000,5977,34337000000,map,-0.09561996860401868,0.14034337852065695,0.24695883447975525,0.0,0.0,0.0,0.0
34339000000,5978,34339000000,map,-0.035792734720676456,0.1880083876898484,0.24985343836008492,0.0,0.0,0.0,0.0
34341000000,5979,34341000000,map,0.026238964582940314,0.22350502086861396,0.24904028981321108,0.0,0.0,0.0,0.0
34343000000,5980,34343000000,map,0.08665461273727249,0.24453584662709607,0.24453145572728716,0.0,0.0,0.0,0.0
34345000000,5981,34345000000,map,0.1417332253516869,0.2497396969963392,0.23639384589009085,0.0,0.0,0.0,0.0
34347000000,5982,34347000000,map,0.1880825246964485,0.23877976568458129,0.22474822006701103,0.0,0.0,0.0,0.0
34349000000,5983,34349000000,map,0.22284786922325336,0.21236540702795742,0.20976739596165175,0.0,0.0,0.0,0.0
34351000000,5984,34351000000,map,0.24388807021279837,0.17220622479254932,0.19167368465072143,0.0,0.0,0.0,0.0
34353000000,5985,34353000000,map,0.24990726704197155,0.12090142231674651,0.17073559155276916,0.0,0.0,0.0,0.0
34355000000,5986,34355000000,map,0.24053473891030805,0.061771575530185134,0.1472638318855428,0.0,0.0,0.0,0.0
34357000000,5987,34357000000,map,0.21634773743957064,-0.0013562830785867099,0.12160671974248964,0.0,0.0,0.0,0.0
34359000000,5988,34359000000,map,0.17883593389331007,-0.06439635963330904,0.09414499921281663,0.0,0.0,0.0,0.0
34361000000,5989,34361000000,map,0.13030967070314725,-0.12326854173337133,0.06528619424983656,0.0,0.0,0.0,0.0
34363000000,5990,34363000000,map,0.07375766806578823,-0.1741624735965868,0.03545856113391204,0.0,0.0,0.0,0.0
34365000000,5991,34365000000,map,0.01266294942797521,-0.21378417187393917,0.005104733273690243,0.0,0.0,0.0,0.0
34367000000,5992,34367000000,map,-0.04921167704140933,-0.2395692205412336,-0.025324847345068794,0.0,0.0,0.0,0.0
34369000000,5993,34369000000,map,-0.10805536884934232,-0.24984874635860618,-0.05537861458767926,0.0,0.0,0.0,0.0
34371000000,5994,34371000000,map,-0.16024395799636904,-0.24395743254572513,-0.08461057928076007,0.0,0.0,0.0,0.0
34373000000,5995,34373000000,map,-0.20256316256189402,-0.22227657975876777,-0.11258694756187866,0.0,0.0,0.0,0.0
34375000000,5996,34375000000,map,-0.23240655350979147,-0.18620942735153484,-0.13889255825493116,0.0,0.0,0.0,0.0
34377000000,5997,34377000000,map,-0.24793608398832567,-0.1380903321940224,-0.163137043740355,0.0,0.0,0.0,0.0
34379000000,5998,34379000000,map,-0.2481952941685411,-0.08103368322089392,-0.18496062289811105,0.0,0.0,0.0,0.0
34381000000,5999,34381000000,map,-0.2331682193614246,-0.01873233034126508,-0.2040394401548414,0.0,0.0,0.0,0.0
34383000000,6000,34383000000,map,-0.20378037327890033,0.04478142609935208,-0.2200903714058176,0.0,0.0,0.0,0.0
34385000000,6001,34385000000,map,-0.16184174588062156,0.10539681594651767,-0.2328752254951099,0.0,0.0,0.0,0.0
34387000000,6002,34387000000,map,-0.10993532655178358,0.15919065862566845,-0.24220427890292823,0.0,0.0,0.0,0.0
34389000000,6003,34389000000,map,-0.05125801844570716,0.20268128126154017,-0.24793909118733481,0.0,0.0,0.0,0.0
34391000000,6004,34391000000,map,0.010576257967995712,0.23305386130907088,-0.2499945594003072,0.0,0.0,0.0,0.0
34393000000,6005,34393000000,map,0.07175914534595962,0.24834260895279725,-0.2483401809908505,0.0,0.0,0.0,0.0
34395000000,6006,34395000000,map,0.12852240522904074,0.24755799796949868,-0.24300050645381938,0.0,0.0,0.0,0.0
34397000000,6007,34397000000,map,0.17737000289050905,0.23075081035664297,-0.2340547750079136,0.0,0.0,0.0,0.0
34399000000,6008,34399000000,map,0.21529342722537187,0.19900884959315254,-0.22163573870841616,0.0,0.0,0.0,0.0
34401000000,6009,34401000000,map,0.23995698418241937,0.1543865352612337,-0.20592769244546696,0.0,0.0,0.0,0.0
34403000000,6010,34403000000,map,0.2498416515670025,0.09977193584024374,-0.18716373906163064,0.0,0.0,0.0,0.0
34405000000,6011,34405000000,map,0.24433863523121307,0.03869984564681055,-0.1656223301728287,0.0,0.0,0.0,0.0
34407000000,6012,34407000000,map,0.22378686455036462,-0.024876995948158172,-0.14162313402800242,0.0,0.0,0.0,0.0
34409000000,6013,34409000000,map,0.18945211784889188,-0.08684373576026708,-0.11552229172439368,0.0,0.0,0.0,0.0
34411000000,6014,34411000000,map,0.14344906343594943,-0.14318973044444472,-0.08770713217814041,0.0,0.0,0.0,0.0
34413000000,6015,34413000000,map,0.08861101772231411,-0.1902681254248008,-0.058590424274882105,0.0,0.0,0.0,0.0
34415000000,6016,34415000000,map,0.02831544198394119,-0.2250318885016981,-0.028604251499348293,0.0,0.0,0.0,0.0
34417000000,6017,34417000000,map,-0.033724074618256855,-0.24523102144260467,0.0018064000570010507,0.0,0.0,0.0,0.0
34419000000,6018,34419000000,map,-0.0936865340492905,-0.24955818553075138,0.03219024516126397,0.0,0.0,0.0,0.0
34421000000,6019,34421000000,map,-0.14787886369725445,-0.23773331581673304,0.062096396380837277,0.0,0.0,0.0,0.0
34423000000,6020,34423000000,map,-0.19296337177407966,-0.21052174762665726,0.09108105512089357,0.0,0.0,0.0,0.0
34425000000,6021,34425000000,map,-0.22616331490390912,-0.16968468213421165,0.11871409746759945,0.0,0.0,0.0,0.0
34427000000,6022,34427000000,map,-0.24543391704098028,-0.11786519698777598,0.14458545710186302,0.0,0.0,0.0,0.0
34429000000,6023,34429000000,map,-0.2495883067050419,-0.05841717967457609,0.16831121056393825,0.0,0.0,0.0,0.0
34431000000,6024,34431000000,map,-0.23837061609429253,0.004811744519007839,0.18953927456601244,0.0,0.0,0.0,0.0
34433000000,6025,34433000000,map,-0.21247173991779644,0.06772924049837246,0.20795463080662618,0.0,0.0,0.0,0.0
34435000000,6026,34435000000,map,-0.1734867833664712,0.12626312958620572,0.22328400074994872,0.0,0.0,0.0,0.0
34437000000,6027,34437000000,map,-0.12381681999051786,0.17662495117483962,0.23529990100000936,0.0,0.0,0.0,0.0
34439000000,6028,34439000000,map,-0.06652101018993728,0.21555516143190337,0.24382401908862045,0.0,0.0,0.0,0.0
34441000000,6029,34441000000,map,-0.005128188305088735,0.24053409917793467,0.2487298595800854,0.0,0.0,0.0,0.0
34443000000,6030,34443000000,map,0.056580477391600326,0.24994506470035385,0.24994462122696431,0.0,0.0,0.0,0.0
34445000000,6031,34445000000,map,0.11480436588906821,0.24317895662711012,0.24745027731938185,0.0,0.0,0.0,0.0
34447000000,6032,34447000000,map,0.1659574827159747,0.22067369450024327,0.24128384319616356,0.0,0.0,0.0,0.0
34449000000,6033,34449000000,map,0.20688932042833674,0.1838858755210323,0.23153682694796315,0.0,0.0,0.0,0.0
34451000000,6034,34451000000,map,0.23507889756133735,0.13519649991332375,0.21835387146378604,0.0,0.0,0.0,0.0
34453000000,6035,34453000000,map,0.24879002523511065,0.07775686659756945,0.20193060797254425,0.0,0.0,0.0,0.0
34455000000,6036,34455000000,map,0.24717823858656138,0.015284613193984543,0.18251075293246244,0.0,0.0,0.0,0.0
34457000000,6037,34457000000,map,0.23034280714506625,-0.048176898840555725,0.16038249134965285,0.0,0.0,0.0,0.0
34459000000,6038,34459000000,map,0.19932062084746502,-0.10852028074104003,0.1358742001963602,0.0,0.0,0.0,0.0
34461000000,6039,34461000000,map,0.15602232825101117,-0.16183995697114242,0.10934957539221003,0.0,0.0,0.0,0.0
34463000000,6040,34463000000,map,0.10311466017441204,-0.20468494390206368,0.08120223466192807,0.0,0.0,0.0,0.0
34465000000,6041,34465000000,map,0.0438561864264911,-0.2342822061562446,0.05184987636369377,0.0,0.0,0.0,0.0
34467000000,6042,34467000000,map,-0.018103378679200106,-0.2487161344367176,0.021728080965967858,0.0,0.0,0.0,0.0
34469000000,6043,34469000000,map,-0.07894796130065093,-0.24705252858091659,-0.008716152840151219,0.0,0.0,0.0,0.0
34471000000,6044,34471000000,map,-0.1349301590825512,-0.22939906134644772,-0.03903104147048451,0.0,0.0,0.0,0.0
34473000000,6045,34473000000,map,-0.18260204271431607,-0.19689830955907384,-0.0687667207864684,0.0,0.0,0.0,0.0
34475000000,6046,34475000000,map,-0.21902751301839776,-0.15165380366563508,-0.09748192194711959,0.0,0.0,0.0,0.0
34477000000,6047,34477000000,map,-0.2419631345511616,-0.09659388194914595,-0.12475051971046362,0.0,0.0,0.0,0.0
34479000000,6048,34479000000,map,-0.24999630822105273,-0.035282161105890275,-0.1501678560092383,0.0,0.0,0.0,0.0
34481000000,6049,34481000000,map,-0.24263227290655384,0.02831310999474082,-0.17335674495799117,0.0,0.0,0.0,0.0
34483000000,6050,34483000000,map,-0.22032457766820698,0.09007588536370421,-0.1939730701825455,0.0,0.0,0.0,0.0
34485000000,6051,34485000000,map,-0.18444714777694307,0.14600872274864415,-0.21171089140690091,0.0,0.0,0.0,0.0
34487000000,6052,34487000000,map,-0.13720966500687792,0.1924915081537449,-0.2263069845180346,0.0,0.0,0.0,0.0
34489000000,6053,34489000000,map,-0.08152147389728301,0.2265157587295526,-0.23754474773525536,0.0,0.0,0.0,0.0
34491000000,6054,34491000000,map,-0.02081239596223306,0.2458793393540804,-0.24525741591769276,0.0,0.0,0.0,0.0
34493000000,6055,34493000000,map,0.04117851214213692,0.24932899035905934,-0.24933053531053204,0.0,0.0,0.0,0.0
34495000000,6056,34495000000,map,0.10063324616584757,0.2366414416502006,-0.24970366200547936,0.0,0.0,0.0,0.0
34497000000,6057,34497000000,map,0.15389000417558055,0.20863786330912132,-0.24637125891079836,0.0,0.0,0.0,0.0
34499000000,6058,34499000000,map,0.19766871600244706,0.16713071739949353,-0.2393827779201426,0.0,0.0,0.0,0.0
34501000000,6059,34501000000,map,0.22927306192890998,0.11480645086110382,-0.22884192606086828,0.0,0.0,0.0,0.0
34503000000,6060,34503000000,map,0.24675653833495517,0.05505162190269826,-0.21490512651165358,0.0,0.0,0.0,0.0
34505000000,6061,34505000000,map,0.24904234235918082,-0.008266286567607726,-0.1977791973284335,0.0,0.0,0.0,0.0
34507000000,6062,34507000000,map,0.2359896919136831,-0.07104918016821686,-0.1777182823241675,0.0,0.0,0.0,0.0
34509000000,6063,34509000000,map,0.2084024964166286,-0.12923359202717496,-0.1550200796483296,0.0,0.0,0.0,0.0
34511000000,6064,34511000000,map,0.16797984421611714,-0.17905368058249232,-0.13002142403362021,0.0,0.0,0.0,0.0
34513000000,6065,34513000000,map,0.11721135617140732,-0.21728496432655886,-0.10309328826571212,0.0,0.0,0.0,0.0
34515000000,6066,34515000000,map,0.05922385053720077,-0.24145301836321134,-0.07463527805489258,0.0,0.0,0.0,0.0
34517000000,6067,34517000000,map,-0.0024112369755959627,-0.24999362541404596,-0.04506970200384339,0.0,0.0,0.0,0.0
34519000000,6068,34519000000,map,-0.06389781701664929,-0.24235401589761407,-0.014835304670846726,0.0,0.0,0.0,0.0
34521000000,6069,34521000000,map,-0.12144894677367331,-0.21902864456761098,0.015619244272993153,0.0,0.0,0.0,0.0
34523000000,6070,34523000000,map,-0.17152006681489454,-0.18152718815665672,0.045842008170301034,0.0,0.0,0.0,0.0
34525000000,6071,34525000000,map,-0.21102730960293342,-0.13227683529956727,0.07538448998611062,0.0,0.0,0.0,0.0
34527000000,6072,34527000000,map,-0.2375374341117074,-0.07446519277566595,0.1038082878745478,0.0,0.0,0.0,0.0
34529000000,6073,34529000000,map,-0.2494176885209763,-0.01183397557724181,0.1306916009338245,0.0,0.0,0.0,0.0
34531000000,6074,34531000000,map,-0.24593637098585963,0.0515631663013169,0.15563548860913584,0.0,0.0,0.0,0.0
34533000000,6075,34533000000,map,-0.2273078949671883,0.11162301029415228,0.1782697908554291,0.0,0.0,0.0,0.0
34535000000,6076,34535000000,map,-0.19467958356102316,0.16445833215164377,0.1982586212038837,0.0,0.0,0.0,0.0
34537000000,6077,34537000000,map,-0.15006100616078472,0.2066494968789037,0.21530535122034086,0.0,0.0,0.0,0.0
34539000000,6078,34539000000,map,-0.09620020959056393,0.23546578611679805,0.229157012384291,0.0,0.0,0.0,0.0
34541000000,6079,34541000000,map,-0.03641446660056612,0.24904213710735698,0.2396080500688719,0.0,0.0,0.0,0.0
34543000000,6080,34543000000,map,0.025614034117920643,0.2464998542483813,0.2465033739116214,0.0,0.0,0.0,0.0
34545000000,6081,34545000000,map,0.08606497299538135,0.2280034804843017,0.24974065931013908,0.0,0.0,0.0,0.0
34547000000,6082,34547000000,map,0.14121519209452862,0.19475014767299217,0.24927186588978603,0.0,0.0,0.0,0.0
34549000000,6083,34549000000,map,0.1876680034604614,0.14889209519882834,0.24510395040868058,0.0,0.0,0.0,0.0
34551000000,6084,34551000000,map,0.22256239026594454,0.0933973716234513,0.23729876352154802,0.0,0.0,0.0,0.0
34553000000,6085,34553000000,map,0.2437492161102768,0.031857735114286946,0.2259721319339384,0.0,0.0,0.0,0.0
34555000000,6086,34555000000,map,0.24992358978316845,-0.03174381418442374,0.21129213956743242,0.0,0.0,0.0,0.0
34557000000,6087,34557000000,map,0.2407052331816868,-0.0932908239430716,0.1934766332432568,0.0,0.0,0.0,0.0
34559000000,6088,34559000000,map,0.216661902542477,-0.1487998168013518,0.1727899898989583,0.0,0.0,0.0,0.0
34561000000,6089,34561000000,map,0.17927442047896838,-0.1946781110490945,0.1495391933107875,0.0,0.0,0.0,0.0
34563000000,6090,34563000000,map,0.1308454724941737,-0.2279563480254785,0.12406927854427537,0.0,0.0,0.0,0.0
34565000000,6091,34565000000,map,0.07435778516664292,-0.2464806764858,0.09675821173424819,0.0,0.0,0.0,0.0
34567000000,6092,34567000000,map,0.013290420778988279,-0.2490521552741874,0.0680112811762989,0.0,0.0,0.0,0.0
34569000000,6093,34569000000,map,-0.04859549724124088,-0.235504351812033,0.03825508296722467,0.0,0.0,0.0,0.0
34571000000,6094,34571000000,map,-0.10748843095662404,-0.20671411403371345,0.007931190442411322,0.0,0.0,0.0,0.0
34573000000,6095,34573000000,map,-0.15976117957181707,-0.16454481858115452,-0.02251039864406048,0.0,0.0,0.0,0.0
34575000000,6096,34575000000,map,-0.20219427780591387,-0.11172576837879206,-0.05261793995533328,0.0,0.0,0.0,0.0
34577000000,6097,34577000000,map,-0.232174281940342,-0.05167554527986441,-0.08194464632647179,0.0,0.0,0.0,0.0
34579000000,6098,34579000000,map,-0.2478547311523761,0.0117192491559506,-0.11005531795617092,0.0,0.0,0.0,0.0
34581000000,6099,34581000000,map,-0.2482698705665211,0.07435554429389096,-0.13653280064535442,0.0,0.0,0.0,0.0
34583000000,6100,34583000000,map,-0.23339413185201904,0.13217936148279585,-0.1609841762442797,0.0,0.0,0.0,0.0
34585000000,6101,34585000000,map,-0.20414370796942674,0.18144819775582863,-0.18304659344371274,0.0,0.0,0.0,0.0
34587000000,6102,34587000000,map,-0.16232012507955243,0.218973250040254,-0.20239265238292622,0.0,0.0,0.0,0.0
34589000000,6103,34589000000,map,-0.1104992870064997,0.24232580251694374,-0.2187352631684474,0.0,0.0,0.0,0.0
34591000000,6104,34591000000,map,-0.051872825975191134,0.24999441922105914,-0.23183190620493416,0.0,0.0,0.0,0.0
34593000000,6105,34593000000,map,0.009948469203206852,0.24148276798066465,-0.24148823111495465,0.0,0.0,0.0,0.0
34595000000,6106,34595000000,map,0.07115704069563908,0.21734174428456798,-0.24756094084264985,0.0,0.0,0.0,0.0
34597000000,6107,34597000000,map,0.1279830681655575,0.17913381593900687,-0.24995991814021004,0.0,0.0,0.0,0.0
34599000000,6108,34599000000,map,0.17692665104630922,0.12933189622036617,-0.24864956288155693,0.0,0.0,0.0,0.0
34601000000,6109,34601000000,map,0.2149733665276806,0.07115929070331048,-0.2436493203579948,0.0,0.0,0.0,0.0
34603000000,6110,34603000000,map,0.2397799270881329,0.008381076813442585,-0.23503339271564935,0.0,0.0,0.0,0.0
34605000000,6111,34605000000,map,0.24981850297748584,-0.054939581459050514,-0.2229296378173827,0.0,0.0,0.0,0.0
34607000000,6112,34607000000,map,0.2444708208622024,-0.11470441175977199,-0.20751767186887157,0.0,0.0,0.0,0.0
34609000000,6113,34609000000,map,0.22406624312239506,-0.1670452838678533,-0.1890262039666905,0.0,0.0,0.0,0.0
34611000000,6114,34611000000,map,0.18986148250702659,-0.20857456482001396,-0.16772964212157976,0.0,0.0,0.0,0.0
34613000000,6115,34613000000,map,0.14396320151500072,-0.23660437504123302,-0.14394402112333746,0.0,0.0,0.0,0.0
34615000000,6116,34615000000,map,0.08919826358865958,-0.24932055467458722,-0.11802231267636679,0.0,0.0,0.0,0.0
34617000000,6117,34617000000,map,0.028939627314573363,-0.24590008057275847,-0.09034918740214307,0.0,0.0,0.0,0.0
34619000000,6118,34619000000,map,-0.03310139323917168,-0.22656433442751103,-0.06133530643896191,0.0,0.0,0.0,0.0
34621000000,6119,34621000000,map,-0.09310370740959151,-0.19256477438942185,-0.03141122734996965,0.0,0.0,0.0,0.0
34623000000,6120,34623000000,map,-0.14737178794090763,-0.146101937547351,-0.001021014774143881,0.0,0.0,0.0,0.0
34625000000,6121,34625000000,map,-0.1925632775680485,-0.09018301562879558,0.029384349364487215,0.0,0.0,0.0,0.0
34627000000,6122,34627000000,map,-0.22589484394859216,-0.02842722198540559,0.05935365829642714,0.0,0.0,0.0,0.0
34629000000,6123,34629000000,map,-0.24531360439398525,0.035168453004211266,0.08844217618509212,0.0,0.0,0.0,0.0
34631000000,6124,34631000000,map,-0.24962356239176794,0.0964879372111755,0.11621823787736574,0.0,0.0,0.0,0.0
34633000000,6125,34633000000,map,-0.23855926872590028,0.15156247930143366,0.14226965468810057,0.0,0.0,0.0,0.0
34635000000,6126,34635000000,map,-0.21280217042686092,0.19682751631131817,0.16620983116141286,0.0,0.0,0.0,0.0
34637000000,6127,34637000000,map,-0.1739386406219853,0.22935338113228992,0.18768350203481088,0.0,0.0,0.0,0.0
34639000000,6128,34639000000,map,-0.12436227421894158,0.24703491793880997,0.2063720042717245,0.0,0.0,0.0,0.0
34641000000,6129,34641000000,map,-0.0671264670045753,0.24872773317169342,0.22199800592916946,0.0,0.0,0.0,0.0
34643000000,6130,34643000000,map,-0.0057563577748823746,0.23432226356897648,0.23432962168299662,0.0,0.0,0.0,0.0
34645000000,6131,34645000000,map,0.055968284065051374,0.2047508673758842,0.24318385393848707,0.0,0.0,0.0,0.0
34647000000,6132,34647000000,map,0.11424585353624957,0.1619274797731763,0.248429308461599,0.0,0.0,0.0,0.0
34649000000,6133,34649000000,map,0.16548704997074343,0.10862373817494574,0.24998814423142074,0.0,0.0,0.0,0.0
34651000000,6134,34651000000,map,0.20653594112384613,0.04828959488124767,0.24783722857802618,0.0,0.0,0.0,0.0
34653000000,6135,34653000000,map,0.23486433623874692,-0.015169972518074022,0.24200848046478066,0.0,0.0,0.0,0.0
34655000000,6136,34655000000,map,0.24872749667178826,-0.07764770111970451,0.2325883968200243,0.0,0.0,0.0,0.0
34657000000,6137,34657000000,map,0.24727159390080422,-0.13509987509753787,0.21971676894793668,0.0,0.0,0.0,0.0
34659000000,6138,34659000000,map,0.2305862966068352,-0.1838080451686299,0.20358460806612652,0.0,0.0,0.0,0.0
34661000000,6139,34661000000,map,0.19969924800279226,-0.22061969598779674,0.1844313107546781,0.0,0.0,0.0,0.0
34663000000,6140,34663000000,map,0.1565127735497829,-0.24315228487408277,0.16254110638054875,0.0,0.0,0.0,0.0
34665000000,6141,34665000000,map,0.1036867172155249,-0.24994744596972351,0.1382388392159191,0.0,0.0,0.0,0.0
34667000000,6142,34667000000,map,0.04447462236240552,-0.24056537934789304,0.11188514784444133,0.0,0.0,0.0,0.0
34669000000,6143,34669000000,map,-0.017476653160348285,-0.21561331597136646,0.08387111338869312,0.0,0.0,0.0,0.0
34671000000,6144,34671000000,map,-0.07835154606402873,-0.17670621617553872,0.05461245597984875,0.0,0.0,0.0,0.0
34673000000,6145,34673000000,map,-0.13440078719095072,-0.1263622453723927,0.02454336559270504,0.0,0.0,0.0,0.0
34675000000,6146,34675000000,map,-0.18217231804741268,-0.06783979204747256,-0.005889941208337843,0.0,0.0,0.0,0.0
34677000000,6147,34677000000,map,-0.21872390220922727,-0.0049265766563545785,-0.03623584299335847,0.0,0.0,0.0,0.0
34679000000,6148,34679000000,map,-0.241804336912231,0.05830549917389674,-0.06604401539724628,0.0,0.0,0.0,0.0
34681000000,6149,34681000000,map,-0.2499921040584088,0.11776389636682155,-0.09487211380233887,0.0,0.0,0.0,0.0
34683000000,6150,34683000000,map,-0.2427829211535614,0.1696003178241021,-0.1222923376049978,0.0,0.0,0.0,0.0
34685000000,6151,34685000000,map,-0.22062079993757433,0.21045977989797557,-0.1478977786512638,0.0,0.0,0.0,0.0
34687000000,6152,34687000000,map,-0.18487069981471393,0.23769775537651872,-0.17130845963571892,0.0,0.0,0.0,0.0
34689000000,6153,34689000000,map,-0.13773446035075826,0.2495513339404315,-0.19217697285509464,0.0,0.0,0.0,0.0
34691000000,6154,34691000000,map,-0.08211519053541995,0.2452533221542589,-0.21019363563679377,0.0,0.0,0.0,0.0
34693000000,6155,34693000000,map,-0.02143846703843658,0.22508189815721852,-0.22509108593991967,0.0,0.0,0.0,0.0
34695000000,6156,34695000000,map,0.04055864618629259,0.19034260727338434,-0.2366482499307988,0.0,0.0,0.0,0.0
34697000000,6157,34697000000,map,0.10005776271699822,0.14328386383341105,-0.24469362265382405,0.0,0.0,0.0,0.0
34699000000,6158,34699000000,map,0.1533943471124422,0.08695142814000076,-0.24910781311546976,0.0,0.0,0.0,0.0
34701000000,6159,34701000000,map,0.19728341271743335,0.024991277196413083,-0.2498253160118835,0.0,0.0,0.0,0.0
34703000000,6160,34703000000,map,0.22902184315362326,-0.0385863721000315,-0.24683548380856202,0.0,0.0,0.0,0.0
34705000000,6161,34705000000,map,0.2466548765694993,-0.09966661428801929,-0.2401826847466693,0.0,0.0,0.0,0.0
34707000000,6162,34707000000,map,0.24909649892590244,-0.15429618237969914,-0.22996564443122955,0.0,0.0,0.0,0.0
34709000000,6163,34709000000,map,0.2361963313233488,-0.19893931324831934,-0.21633598077183464,0.0,0.0,0.0,0.0
34711000000,6164,34711000000,map,0.20874889180074416,-0.23070659111547648,-0.19949595401692014,0.0,0.0,0.0,0.0
34713000000,6165,34713000000,map,0.1684446611710786,-0.2475419578127381,-0.17969546527044783,0.0,0.0,0.0,0.0
34715000000,6166,34715000000,map,0.11776596673908134,-0.24835578603969316,-0.15722834803213484,0.0,0.0,0.0,0.0
34717000000,6167,34717000000,map,0.059834096394294885,-0.23309540278551208,-0.13242800779379127,0.0,0.0,0.0,0.0
34719000000,6168,34719000000,map,-0.0017829407162768393,-0.2027484984583364,-0.10566247439821619,0.0,0.0,0.0,0.0
34721000000,6169,34721000000,map,-0.06329016696199763,-0.15927920107684976,-0.0773289405842261,0.0,0.0,0.0,0.0
34723000000,6170,34723000000,map,-0.12089936793544562,-0.10550095296202507,-0.04784786776097191,0.0,0.0,0.0,0.0
34725000000,6171,34725000000,map,-0.1710624076140567,-0.04489441766929684,-0.017656746482721898,0.0,0.0,0.0,0.0
34727000000,6172,34727000000,map,-0.21068975715316302,0.018617797315642767,0.012796395782717287,0.0,0.0,0.0,0.0
34729000000,6173,34729000000,map,-0.23734077818245902,0.08092502160524455,0.04305964325300775,0.0,0.0,0.0,0.0
34731000000,6174,34731000000,map,-0.24937404110085615,0.13799457484175665,0.07268389812894337,0.0,0.0,0.0,0.0
34733000000,6175,34733000000,map,-0.24604842030839214,0.18613277191910613,0.1012295450758643,0.0,0.0,0.0,0.0
34735000000,6176,34735000000,map,-0.22756873994310642,0.2222239875787583,0.12827297498737428,0.0,0.0,0.0,0.0
34737000000,6177,34737000000,map,-0.19507315881451798,0.2439323075166291,0.1534128712213944,0.0,0.0,0.0,0.0
34739000000,6178,34739000000,map,-0.15056307149245804,0.24985271463533557,0.17627616502252427,0.0,0.0,0.0,0.0
34741000000,6179,34741000000,map,-0.09677984292430127,0.2396020252869818,0.19652357175397206,0.0,0.0,0.0,0.0
34743000000,6180,34743000000,map,-0.03703596846666886,0.2138436898830053,0.21385462578298123,0.0,0.0,0.0,0.0
34745000000,6181,34745000000,map,0.02498894186074044,0.17424485271380502,0.22801213930351652,0.0,0.0,0.0,0.0
34747000000,6182,34747000000,map,0.08547478962034509,0.12336845017464557,0.23878601892857645,0.0,0.0,0.0,0.0
34749000000,6183,34749000000,map,0.14069626684565562,0.06450733107283521,0.24601638341501111,0.0,0.0,0.0,0.0
34751000000,6184,34751000000,map,0.1872522968113682,0.0014711351659546638,0.2495959362547085,0.0,0.0,0.0,0.0
34753000000,6185,34753000000,map,0.22227550548351468,-0.06166027631110436,0.24947155792363074,0.0,0.0,0.0,0.0
34755000000,6186,34755000000,map,0.24360882235528142,-0.12080087953213133,0.2456450941600521,0.0,0.0,0.0,0.0
34757000000,6187,34757000000,map,0.24993833387114062,-0.17212294582383902,0.23817332857443801,0.0,0.0,0.0,0.0
34759000000,6188,34759000000,map,0.24087420702811405,-0.21230478189978477,0.22716713999696056,0.0,0.0,0.0,0.0
34761000000,6189,34761000000,map,0.2169746990909398,-0.23874571820780985,0.21278985706822648,0.0,0.0,0.0,0.0
34763000000,6190,34763000000,map,0.17971177466995258,-0.24973443080933863,0.19525483448943456,0.0,0.0,0.0,0.0
34765000000,6191,34765000000,map,0.13138044779427635,-0.24455970257071483,0.17482228690042131,0.0,0.0,0.0,0.0
34767000000,6192,34767000000,map,0.07495743258309666,-0.2235564549261247,0.15179542737068644,0.0,0.0,0.0,0.0
34769000000,6193,34769000000,map,0.01391780818048046,-0.1880840709197606,0.1265159678049352,0.0,0.0,0.0,0.0
34771000000,6194,34771000000,map,-0.047979010485277626,-0.14043841251376546,0.09935904803767075,0.0,0.0,0.0,0.0
34773000000,6195,34773000000,map,-0.1069208141087622,-0.08370322662434894,0.07072766886743667,0.0,0.0,0.0,0.0
34775000000,6196,34775000000,map,-0.15927739200882585,-0.021550557261640235,0.041046711642238186,0.0,0.0,0.0,0.0
34777000000,6197,34777000000,map,-0.20182411588085072,0.04199691840109259,0.010756633142797086,0.0,0.0,0.0,0.0
34779000000,6198,34779000000,map,-0.23194054383202764,0.10282624781603847,-0.01969307066712169,0.0,0.0,0.0,0.0
34781000000,6199,34781000000,map,-0.2477718127312373,0.15700040370085303,-0.049850535030184245,0.0,0.0,0.0,0.0
34783000000,6200,34783000000,map,-0.24834287875709302,0.2010130983535026,-0.07926823193821082,0.0,0.0,0.0,0.0
34785000000,6201,34785000000,map,-0.2336185700984287,0.2320157194138254,-0.10750961131665403,0.0,0.0,0.0,0.0
34787000000,6202,34787000000,map,-0.20450575317721126,0.24800169922624676,-0.134155579301425,0.0,0.0,0.0,0.0
34789000000,6203,34789000000,map,-0.16279747897669936,0.24793638494710343,-0.15881071746995018,0.0,0.0,0.0,0.0
34791000000,6204,34791000000,map,-0.11106254948766352,0.23182400388099522,-0.18110915073559009,0.0,0.0,0.0,0.0
34793000000,6205,34793000000,map,-0.052487305847713744,0.20070738987857467,-0.20071997682800624,0.0,0.0,0.0,0.0
34795000000,6206,34795000000,map,0.009320617598252413,0.15660048850575117,-0.21735217678592492,0.0,0.0,0.0,0.0
34797000000,6207,34797000000,map,0.07055448657877618,0.10235800941840367,-0.23075893359469965,0.0,0.0,0.0,0.0
34799000000,6208,34799000000,map,0.12744292269145782,0.04149066236878295,-0.24074129487892026,0.0,0.0,0.0,0.0
34801000000,6209,34801000000,map,0.17648218163738405,-0.022062064764384076,-0.24715112529749872,0.0,0.0,0.0,0.0
34803000000,6210,34803000000,map,0.21465194794136983,-0.08418687954469681,-0.24989330482952038,0.0,0.0,0.0,0.0
34805000000,6211,34805000000,map,0.2396013554135083,-0.14086290761755807,-0.2489271403275252,0.0,0.0,0.0,0.0
34807000000,6212,34807000000,map,0.24979377639853906,-0.18842193381575176,-0.2442669693919502,0.0,0.0,0.0,0.0
34809000000,6213,34809000000,map,0.24460146228261906,-0.2237858182771357,-0.23598194760548044,0.0,0.0,0.0,0.0
34811000000,6214,34811000000,map,0.22434420637035693,-0.24466572140360465,-0.22419502228403781,0.0,0.0,0.0,0.0
34813000000,6215,34813000000,map,0.19026964789670198,-0.24971024331843714,-0.20908110797451532,0.0,0.0,0.0,0.0
34815000000,6216,34815000000,map,0.1444764302442283,-0.2385928898683985,-0.19086449077391485,0.0,0.0,0.0,0.0
34817000000,6217,34817000000,map,0.08978494603071842,-0.2120332041465959,-0.16981549998824044,0.0,0.0,0.0,0.0
34819000000,6218,34819000000,map,0.029563629846565166,-0.17175019585250742,-0.1462464965246732,0.0,0.0,0.0,0.0
34821000000,6219,34821000000,map,-0.03247850277369644,-0.12035108265885926,-0.12050723754661796,0.0,0.0,0.0,0.0
34823000000,6220,34823000000,map,-0.09252029267606451,-0.06116254452148231,-0.09297968617816904,0.0,0.0,0.0,0.0
34825000000,6221,34825000000,map,-0.1468637813044367,0.0019845874181447444,-0.06407234328325088,0.0,0.0,0.0,0.0
34827000000,6222,34827000000,map,-0.19216196702769947,0.06500327186524492,-0.0342141854310328,0.0,0.0,0.0,0.0
34829000000,6223,34829000000,map,-0.2256249461185717,0.12381478097133969,-0.0038482990083791822,0.0,0.0,0.0,0.0
34831000000,6224,34831000000,map,-0.2451917422129831,0.1746126858623916,0.026574695053387207,0.0,0.0,0.0,0.0
34833000000,6225,34833000000,map,-0.24965724132040532,0.21410921829642432,0.05660332836217251,0.0,0.0,0.0,0.0
34835000000,6226,34835000000,map,-0.23874641448758008,0.23974806329809176,0.08579198472487065,0.0,0.0,0.0,0.0
34837000000,6227,34837000000,map,-0.21313125676164166,0.2498698102965398,0.11370751296218964,0.0,0.0,0.0,0.0
34839000000,6228,34839000000,map,-0.17438939918651086,0.24381935435371216,0.13993565474629477,0.0,0.0,0.0,0.0
34841000000,6229,34841000000,map,-0.12490694290784886,0.22198829620468014,0.1640871920740257,0.0,0.0,0.0,0.0
34843000000,6230,34843000000,map,-0.06773149981174609,0.18578959687258295,0.18580372314897114,0.0,0.0,0.0,0.0
34845000000,6231,34845000000,map,-0.0063844908841644435,0.13756612727572332,0.20476298095992443,0.0,0.0,0.0,0.0
34847000000,6232,34847000000,map,0.05535573721195871,0.08043903172424753,0.220683615630016,0.0,0.0,0.0,0.0
34849000000,6233,34849000000,map,0.11368661954452819,0.018105719608042407,0.2333293695664464,0.0,0.0,0.0,0.0
34851000000,6234,34851000000,map,0.1650155719193635,-0.04539944024601587,0.24251258345534094,0.0,0.0,0.0,0.0
34853000000,6235,34853000000,map,0.2061812572259729,-0.10596623407574401,0.24809698107084713,0.0,0.0,0.0,0.0
34855000000,6236,34855000000,map,0.23464829138536172,-0.15967462656257037,0.24999969157492583,0.0,0.0,0.0,0.0
34857000000,6237,34857000000,map,0.2486633970104153,-0.2030484753837062,0.24819247929659474,0.0,0.0,0.0,0.0
34859000000,6238,34859000000,map,0.24736338731323673,-0.2332805158890033,0.24270216274094208,0.0,0.0,0.0,0.0
34861000000,6239,34861000000,map,0.23082832956023278,-0.24841405433539526,0.23361021661037337,0.0,0.0,0.0,0.0
34863000000,6240,34863000000,map,0.20007661374913402,-0.24746961002991608,0.22105156274368717,0.0,0.0,0.0,0.0
34865000000,6241,34865000000,map,0.15700223022863638,-0.23050830978470352,0.20521256791519063,0.0,0.0,0.0,0.0
34867000000,6242,34867000000,map,0.10425811931497884,-0.19862793163631554,0.18632827820591985,0.0,0.0,0.0,0.0
34869000000,6243,34869000000,map,0.045092777372433474,-0.15389185388801163,0.16467893098809303,0.0,0.0,0.0,0.0
34871000000,6244,34871000000,map,-0.016849817249683523,-0.09919550807394908,0.1405857962839332,0.0,0.0,0.0,0.0
34873000000,6245,34873000000,map,-0.0777546359164581,-0.03807897934373636,0.11440640921188737,0.0,0.0,0.0,0.0
34875000000,6246,34875000000,map,-0.13387056635054906,0.025502116759056993,0.08652926426935524,0.0,0.0,0.0,0.0
34877000000,6247,34877000000,map,-0.1817414426812953,0.08743265168692729,0.05736805018722964,0.0,0.0,0.0,0.0
34879000000,6248,34879000000,map,-0.21841890982101556,0.14370432536562283,0.02735551090944555,0.0,0.0,0.0,0.0
34881000000,6249,34881000000,map,-0.2416440119056323,0.19067509346253614,-0.0030629762019720084,0.0,0.0,0.0,0.0
34883000000,6250,34883000000,map,-0.24998632080976912,0.22530488966013337,-0.03343600963642548,0.0,0.0,0.0,0.0
34885000000,6251,34885000000,map,-0.24293203585168818,0.24535238639983836,-0.06331286240301666,0.0,0.0,0.0,0.0
34887000000,6252,34887000000,map,-0.2209156286461709,0.24952005924139747,-0.09225017068811221,0.0,0.0,0.0,0.0
34889000000,6253,34889000000,map,-0.18529308410851625,0.23753816591009821,-0.11981851324453112,0.0,0.0,0.0,0.0
34891000000,6254,34891000000,map,-0.13825838568892934,0.21018220469605675,-0.14560878387908163,0.0,0.0,0.0,0.0
34893000000,6255,34893000000,map,-0.0827083884895994,0.1692227222522942,-0.16923826246950968,0.0,0.0,0.0,0.0
34895000000,6256,34895000000,map,-0.02206440269740415,0.11731071936078381,-0.19035629441909907,0.0,0.0,0.0,0.0
34897000000,6257,34897000000,map,0.039938524039995614,0.057806071489919064,-0.20864949426985688,0.0,0.0,0.0,0.0
34899000000,6258,34899000000,map,0.09948164724873075,-0.005439930801939852,-0.22384639625145303,0.0,0.0,0.0,0.0
34901000000,6259,34901000000,map,0.1528977211274187,-0.06833384708202334,-0.23572148275409538,0.0,0.0,0.0,0.0
34903000000,6260,34903000000,map,0.196896863283302,-0.1268050248109683,-0.2440985309444271,0.0,0.0,0.0,0.0
34905000000,6261,34905000000,map,0.22876917775172115,-0.17706906221858176,-0.2488532278614732,0.0,0.0,0.0,0.0
34907000000,6262,34907000000,map,0.2465516567977879,-0.2158727443097231,-0.24991501518448378,0.0,0.0,0.0,0.0
34910000000,6263,34909000000,map,0.2491490820637547,-0.24070459912691536,-0.2472681362981009,0.0,0.0,0.0,0.0
34911000000,6264,34911000000,map,0.23640147878868994,-0.2499574465347202,-0.24095187011591465,0.0,0.0,0.0,0.0
34914000000,6265,34913000000,map,0.2090939686134056,-0.2430324189634347,-0.23105994819279826,0.0,0.0,0.0,0.0
34915000000,6266,34915000000,map,0.1689084141380116,-0.22037772162479122,-0.21773916377586872,0.0,0.0,0.0,0.0
34917000000,6267,34917000000,map,0.1183198334331053,-0.18345962354304285,-0.20118719343535213,0.0,0.0,0.0,0.0
34919000000,6268,34919000000,map,0.060443964306716766,-0.1346675569340022,-0.18164966360179716,0.0,0.0,0.0,0.0
34921000000,6269,34921000000,map,-0.0011546331949351361,-0.07715946713735923,-0.1594165055408261,0.0,0.0,0.0,0.0
34923000000,6270,34923000000,map,-0.06268211713203388,-0.014657422449130805,-0.13481765285817376,0.0,0.0,0.0,0.0
34925000000,6271,34925000000,map,-0.12034902543110212,0.048793287506450456,-0.10821814538016976,0.0,0.0,0.0,0.0
34927000000,6272,34927000000,map,-0.17060366789008116,0.10908597310232383,-0.08001271206866097,0.0,0.0,0.0,0.0
34929000000,6273,34929000000,map,-0.21035087387250095,0.16231833999457973,-0.05061991335885344,0.0,0.0,0.0,0.0
34931000000,6274,34931000000,map,-0.2371426230798626,0.2050450554343552,-0.020475929843164997,0.0,0.0,0.0,0.0
34933000000,6275,34933000000,map,-0.24932881849877492,0.2345007388730209,0.009971910521968946,0.0,0.0,0.0,0.0
34935000000,6276,34935000000,map,-0.24615891545533675,0.248778944350485,0.04027177063253283,0.0,0.0,0.0,0.0
34937000000,6277,34937000000,map,-0.22782814747118108,0.2469555504759809,0.06997400936815559,0.0,0.0,0.0,0.0
34939000000,6278,34939000000,map,-0.19546550188006354,0.22914857188976862,0.09863785413669378,0.0,0.0,0.0,0.0
34941000000,6279,34941000000,map,-0.1510641857857607,0.19651052105870073,0.1258379418104082,0.0,0.0,0.0,0.0
34943000000,6280,34943000000,map,-0.09735886494395156,0.1511538147692157,0.1511706309912545,0.0,0.0,0.0,0.0
34945000000,6281,34945000000,map,-0.03765723639369094,0.09601405319611159,0.174259991932813,0.0,0.0,0.0,0.0
34947000000,6282,34947000000,map,0.024363691760048427,0.03466002047273233,0.1947633852275876,0.0,0.0,0.0,0.0
34949000000,6283,34949000000,map,0.08488406634008265,-0.028937296000557885,0.21237654647638934,0.0,0.0,0.0,0.0
34951000000,6284,34951000000,map,0.14017645288250616,-0.09066171785371537,0.22683810148422381,0.0,0.0,0.0,0.0
34953000000,6285,34953000000,map,0.18683540737514917,-0.14651828516934606,0.23793344497668986,0.0,0.0,0.0,0.0
34955000000,6286,34955000000,map,0.22198721668818708,-0.19289182034276728,0.24549792528025052,0.0,0.0,0.0,0.0
34957000000,6287,34957000000,map,0.24346688983451387,-0.22678091147478652,0.24941928770515567,0.0,0.0,0.0,0.0
34959000000,6288,34959000000,map,0.2499514992127519,-0.24599217130257414,0.2496393403724208,0.0,0.0,0.0,0.0
34961000000,6289,34961000000,map,0.24104165938207492,-0.2492821987431556,0.24615481776440276,0.0,0.0,0.0,0.0
34963000000,6290,34963000000,map,0.21728612510950485,-0.23643805494096193,0.23901742918413274,0.0,0.0,0.0,0.0
34965000000,6291,34965000000,map,0.1801479937035383,-0.20829104520635222,0.22833309140428412,0.0,0.0,0.0,0.0
34967000000,6292,34967000000,map,0.1319145932240664,-0.16666291484369852,0.21426035689304143,0.0,0.0,0.0,0.0
34969000000,6293,34969000000,map,0.07555660652788447,-0.11424794121063171,0.19700806094154186,0.0,0.0,0.0,0.0
34971000000,6294,34971000000,map,0.014545107669304957,-0.05443855330761263,0.17683222260883455,0.0,0.0,0.0,0.0
34973000000,6295,34973000000,map,-0.0473622206678079,0.008894234764563722,0.15403224547352334,0.0,0.0,0.0,0.0
34975000000,6296,34975000000,map,-0.10635252189072246,0.0716513655796725,0.12894647457120947,0.0,0.0,0.0,0.0
34977000000,6297,34977000000,map,-0.15879259836326062,0.12977103969765494,0.10194717545346879,0.0,0.0,0.0,0.0
34979000000,6298,34979000000,map,-0.20145267912498174,0.17949160554660626,0.07343500987393259,0.0,0.0,0.0,0.0
34981000000,6299,34981000000,map,-0.2317053406610961,0.21759502297847116,0.04383309008521909,0.0,0.0,0.0,0.0
34983000000,6300,34983000000,map,-0.24768732924866713,0.2416151429264638,0.013580699976117596,0.0,0.0,0.0,0.0
34985000000,6301,34985000000,map,-0.24841431827907012,0.24999732277901537,-0.016873223774698576,0.0,0.0,0.0,0.0
34987000000,6302,34987000000,map,-0.23384153268289923,0.24219904676153745,-0.04707675378742516,0.0,0.0,0.0,0.0
34989000000,6303,34989000000,map,-0.20486650661551134,0.2187250389229673,-0.07658167845268803,0.0,0.0,0.0,0.0
34991000000,6304,34991000000,map,-0.16327380455631688,0.18109459612481654,-0.10495015326148086,0.0,0.0,0.0,0.0
34993000000,6305,34993000000,map,-0.11162511043719964,0.13174325532548675,-0.13176119829045754,0.0,0.0,0.0,0.0
34995000000,6306,34995000000,map,-0.053101454181886144,0.07386515949828443,-0.15661694542167373,0.0,0.0,0.0,0.0
34997000000,6307,34997000000,map,0.008692707119211536,0.011206324660113702,-0.17914854258985147,0.0,0.0,0.0,0.0
34999000000,6308,34999000000,map,0.06995148680164849,-0.052177811711742364,-0.19902162743985333,0.0,0.0,0.0,0.0
35001000000,6309,35001000000,map,0.12690197221859414,-0.11218486879944672,-0.21594128916687952,0.0,0.0,0.0,0.0
35003000000,6310,35003000000,map,0.17603659747092226,-0.1649310388556019,-0.22965644490712103,0.0,0.0,0.0,0.0
35005000000,6311,35005000000,map,0.21432917349681116,-0.20700245701403783,-0.23996356573450336,0.0,0.0,0.0,0.0
35007000000,6312,35007000000,map,0.23942127028650131,-0.23567615521490828,-0.24670969697079304,0.0,0.0,0.0,0.0
35009000000,6313,35009000000,map,0.24976747198633079,-0.249096299551021,-0.24979472798867153,0.0,0.0,0.0,0.0
35011000000,6314,35011000000,map,0.24473055866721435,-0.2463943045079028,-0.24917287782417313,0.0,0.0,0.0,0.0
35013000000,6315,35013000000,map,0.2246207525383819,-0.22774505000462258,-0.24485337455309394,0.0,0.0,0.0,0.0
35015000000,6316,35015000000,map,0.19067661144001896,-0.19435556272493884,-0.2369003183488224,0.0,0.0,0.0,0.0
35017000000,6317,35017000000,map,0.14498874638161532,-0.14838689431315644,-0.22543173025463806,0.0,0.0,0.0,0.0
35019000000,6318,35019000000,map,0.09037106134204825,-0.09281425267321683,-0.21061780078555478,0.0,0.0,0.0,0.0
35021000000,6319,35021000000,map,0.030187445639054792,-0.031234439025235313,-0.19267836435041016,0.0,0.0,0.0,0.0
35023000000,6320,35023000000,map,-0.03185540715657136,0.03236694612083096,-0.17187963697333994,0.0,0.0,0.0,0.0
35025000000,6321,35025000000,map,-0.09193629353408486,0.0938734610595341,-0.14853026572553502,0.0,0.0,0.0,0.0
35027000000,6322,35027000000,map,-0.14635484699631998,0.14930424935802647,-0.12297674849161351,0.0,0.0,0.0,0.0
35029000000,6323,35029000000,map,-0.19175944268807393,0.1950716909010434,-0.09559829204240915,0.0,0.0,0.0,0.0
35031000000,6324,35031000000,map,-0.22535362311876606,0.2282136016940202,-0.06680118471678756,0.0,0.0,0.0,0.0
35033000000,6325,35033000000,map,-0.24506833126763336,0.2465849538664278,-0.037012767219786434,0.0,0.0,0.0,0.0
35035000000,6326,35035000000,map,-0.2496893432782196,0.2489967072723113,-0.006675091011767738,0.0,0.0,0.0,0.0
35037000000,6327,35037000000,map,-0.238932052197149,0.23529276716187353,0.023761641607334117,0.0,0.0,0.0,0.0
35039000000,6328,35039000000,map,-0.21345899684368877,0.20636008702630043,0.05384575836922634,0.0,0.0,0.0,0.0
35041000000,6329,35041000000,map,-0.1748390562128118,0.16407126273551825,0.08313081972237292,0.0,0.0,0.0,0.0
35043000000,6330,35043000000,map,-0.12545082261661872,0.11116333342087789,0.11118224386575538,0.0,0.0,0.0,0.0
35045000000,6331,35045000000,map,-0.0683361047901715,0.05106063341511974,0.1375837558154592,0.0,0.0,0.0,0.0
35047000000,6332,35047000000,map,-0.007012583665532163,-0.012346839283526846,0.16194356480546204,0.0,0.0,0.0,0.0
35049000000,6333,35049000000,map,0.05474284070216597,-0.07495519347186302,0.18390017834865907,0.0,0.0,0.0,0.0
35051000000,6334,35051000000,map,0.11312666744653269,-0.1327122589077166,0.20312776667958032,0.0,0.0,0.0,0.0
35053000000,6335,35053000000,map,0.16454305153994658,-0.18187985296505813,0.21934099797424408,0.0,0.0,0.0,0.0
35055000000,6336,35055000000,map,0.20582527097522108,-0.21927572522235309,0.23229927259135824,0.0,0.0,0.0,0.0
35057000000,6337,35057000000,map,0.2344307643659175,-0.24247952071697795,0.24181029350063132,0.0,0.0,0.0,0.0
35059000000,6338,35059000000,map,0.24859772665588004,-0.24998943141017163,0.24773291991535548,0.0,0.0,0.0,0.0
35061000000,6339,35061000000,map,0.24745361824410828,-0.24131939698263902,0.24997926178047378,0.0,0.0,0.0,0.0
35063000000,6340,35063000000,map,0.23106890447636055,-0.21703056388130895,0.24851598403536942,0.0,0.0,0.0,0.0
35065000000,6341,35065000000,map,0.20045271570284315,-0.17869496650960237,0.24336480129664304,0.0,0.0,0.0,0.0
35067000000,6342,35067000000,map,0.15749069519625147,-0.12879378120417714,0.23460215561935954,0.0,0.0,0.0,0.0
35069000000,6343,35069000000,map,0.10482886286328125,-0.07055673825839716,0.22235808211923358,0.0,0.0,0.0,0.0
35071000000,6344,35071000000,map,0.045710647551971934,-0.007753085650642225,0.20681427928949292,0.0,0.0,0.0,0.0
35073000000,6345,35073000000,map,-0.016222874906188442,0.0555523661719493,0.18820141264752874,0.0,0.0,0.0,0.0
35075000000,6346,35075000000,map,-0.0771572346285642,0.11526232905357031,0.1667956917261578,0.0,0.0,0.0,0.0
35077000000,6347,35077000000,map,-0.13333949991108435,0.16751222393091195,0.14291477120415236,0.0,0.0,0.0,0.0
35079000000,6348,35079000000,map,-0.18130941933713854,0.20892030611688575,0.11691303700315776,0.0,0.0,0.0,0.0
35081000000,6349,35081000000,map,-0.21811253778037146,0.2368065403250008,0.08917634730358658,0.0,0.0,0.0,0.0
35083000000,6350,35083000000,map,-0.24148216054412266,0.24936605929917768,0.06011630652133711,0.0,0.0,0.0,0.0
35085000000,6351,35085000000,map,-0.24997895851165963,0.24578597936438368,0.03016415721785838,0.0,0.0,0.0,0.0
35087000000,6352,35087000000,map,-0.24307961605899162,0.2262980123036024,-0.00023561941415889865,0.0,0.0,0.0,0.0
35089000000,6353,35089000000,map,-0.2212090619315909,0.19216346838816523,-0.03063189952253224,0.0,0.0,0.0,0.0
35091000000,6354,35091000000,map,-0.18571429799064695,0.14559162120260327,-0.06057361114247407,0.0,0.0,0.0,0.0
35093000000,6355,35093000000,map,-0.13878143771180487,0.08959671789893388,-0.08961642797348454,0.0,0.0,0.0,0.0
35095000000,6356,35095000000,map,-0.08330106401264573,0.02780288953542735,-0.11732936305244604,0.0,0.0,0.0,0.0
35097000000,6357,35097000000,map,-0.02269019898583897,-0.03579041180760665,-0.14330116447542757,0.0,0.0,0.0,0.0
35099000000,6358,35099000000,map,0.0393181496202745,-0.09706726762858386,-0.1671464182553607,0.0,0.0,0.0,0.0
35101000000,6359,35101000000,map,0.0989049034003117,-0.1520616856107112,-0.1885112677549671,0.0,0.0,0.0,0.0
35103000000,6360,35103000000,map,0.15240012935711017,-0.19721428862376314,-0.2070786648154683,0.0,0.0,0.0,0.0
35105000000,6361,35105000000,map,0.19650907014157015,-0.22960268657013427,-0.2225730746592866,0.0,0.0,0.0,0.0
35107000000,6362,35107000000,map,0.22851506731944912,-0.24713062082699724,-0.23476456474662516,0.0,0.0,0.0,0.0
35109000000,6363,35109000000,map,0.2464468796718513,-0.24866363937840974,-0.24347221690694038,0.0,0.0,0.0,0.0
35111000000,6364,35111000000,map,0.24920009144059388,-0.23410252140583068,-0.24856681211221376,0.0,0.0,0.0,0.0
35113000000,6365,35113000000,map,0.23660513301380856,-0.20438969910878263,-0.24997274804997474,0.0,0.0,0.0,0.0
35115000000,6366,35115000000,map,0.20943772467479604,-0.1614482611210239,-0.2476691610393934,0.0,0.0,0.0,0.0
35117000000,6367,35117000000,map,0.16937110018760043,-0.10805748537524032,-0.2416902356423707,0.0,0.0,0.0,0.0
35119000000,6368,35119000000,map,0.11887295275475533,-0.04767295723981355,-0.23212469737454658,0.0,0.0,0.0,0.0
35121000000,6369,35121000000,map,0.061053450421988745,0.015797084661283583,-0.2191144960444284,0.0,0.0,0.0,0.0
35123000000,6370,35123000000,map,-0.0005263183803026392,0.07824469948794419,-0.20285269925947783,0.0,0.0,0.0,0.0
35125000000,6371,35125000000,map,-0.06207367136775104,0.13562812045466247,-0.18358062735891434,0.0,0.0,0.0,0.0
35127000000,6372,35127000000,map,-0.11979792273710474,0.18423334814568923,-0.16158427228999994,0.0,0.0,0.0,0.0
35129000000,6373,35129000000,map,-0.1701438505406174,0.2209145299055062,-0.13719005357064032,0.0,0.0,0.0,0.0
35131000000,6374,35131000000,map,-0.21001066190127293,0.24329756733951974,-0.1107599743185843,0.0,0.0,0.0,0.0
35133000000,6375,35133000000,map,-0.23694297005564607,0.24993377393600733,-0.08268624923034117,0.0,0.0,0.0,0.0
35135000000,6376,35135000000,map,-0.24928202100036767,0.24039363770356742,-0.053385484229158335,0.0,0.0,0.0,0.0
35137000000,6377,35137000000,map,-0.24626785572886517,0.2152946202676194,-0.023292494153616793,0.0,0.0,0.0,0.0
35139000000,6378,35139000000,map,-0.22808611591276026,0.1762611932004657,0.007146149767126837,0.0,0.0,0.0,0.0
35141000000,6379,35141000000,map,-0.19585661027926515,0.12581969813327215,0.037478746901617406,0.0,0.0,0.0,0.0
35143000000,6380,35143000000,map,-0.15156434587574516,0.06723483556644592,0.06725517032223143,0.0,0.0,0.0,0.0
35145000000,6381,35145000000,map,-0.09793727199188783,0.0042983652394952806,0.09603354655698497,0.0,0.0,0.0,0.0
35147000000,6382,35147000000,map,-0.03827826645714152,-0.05891630610274147,0.12338681286448623,0.0,0.0,0.0,0.0
35149000000,6383,35149000000,map,0.023738287764811534,-0.11831776584626913,0.1489090547207706,0.0,0.0,0.0,0.0
35151000000,6384,35151000000,map,0.0842928068861374,-0.17006140202719458,0.1722215294724759,0.0,0.0,0.0,0.0
35153000000,6385,35153000000,map,0.13965575348869544,-0.2107982362948087,0.192978286767773,0.0,0.0,0.0,0.0
35155000000,6386,35155000000,map,0.1864173377848028,-0.23789167821764232,0.21087130235978208,0.0,0.0,0.0,0.0
35157000000,6387,35157000000,map,0.22169752570095042,-0.24958817205128594,0.22563504909607546,0.0,0.0,0.0,0.0
35159000000,6388,35159000000,map,0.24332341944454766,-0.24513069127967338,0.23705043726487854,0.0,0.0,0.0,0.0
35161000000,6389,35161000000,map,0.24996308572485237,-0.22480773527600784,0.24494806582265058,0.0,0.0,0.0,0.0
35163000000,6390,35163000000,map,0.24120758918591073,-0.18993465689732233,0.24921073625634932,0.0,0.0,0.0,0.0
35165000000,6391,35165000000,map,0.21759617863069733,-0.14276852953719293,0.24977519177531107,0.0,0.0,0.0,0.0
35167000000,6392,35167000000,map,0.1805830748246447,-0.08636206365609521,0.24663305602364408,0.0,0.0,0.0,0.0
35169000000,6393,35169000000,map,0.13244790540959103,-0.02436602767804397,0.2398309573829482,0.0,0.0,0.0,0.0
35171000000,6394,35171000000,map,0.07615530321608098,0.03920703893096774,0.22946983702052043,0.0,0.0,0.0,0.0
35173000000,6395,35173000000,map,0.015172315283551275,0.10024252731247135,0.21570345095208143,0.0,0.0,0.0,0.0
35175000000,6396,35175000000,map,-0.04674513168481142,0.1547900670571654,0.19873608834692746,0.0,0.0,0.0,0.0
35177000000,6397,35177000000,map,-0.10578355789235264,0.19931920411957055,0.17881953993583297,0.0,0.0,0.0,0.0
35179000000,6398,35179000000,map,-0.15830680169751746,0.23094790068729762,0.15624936151042135,0.0,0.0,0.0,0.0
35181000000,6399,35181000000,map,-0.20107996988450333,0.24762906792233288,0.13136048796050484,0.0,0.0,0.0,0.0
35183000000,6400,35183000000,map,-0.23146867391330278,0.2482830587016095,0.10452226293750091,0.0,0.0,0.0,0.0
35185000000,6401,35185000000,map,-0.24760128123834055,0.23286754509598137,0.07613295790285655,0.0,0.0,0.0,0.0
35187000000,6402,35187000000,map,-0.24848418868120162,0.20238025794060818,0.046613861894431945,0.0,0.0,0.0,0.0
35189000000,6403,35189000000,map,-0.23406301819723907,0.15879441118403329,0.016403029719628294,0.0,0.0,0.0,0.0
35191000000,6404,35191000000,map,-0.2052259660054823,0.10493099051565938,-0.014051218650221985,0.0,0.0,0.0,0.0
35193000000,6405,35193000000,map,-0.1637490988098467,0.04427617207344576,-0.044296951017835574,0.0,0.0,0.0,0.0
35195000000,6406,35195000000,map,-0.11218696630227769,-0.019244311650374362,-0.07388532950349308,0.0,0.0,0.0,0.0
35197000000,6407,35197000000,map,-0.05371526709819162,-0.08151925509399684,-0.10237727116773228,0.0,0.0,0.0,0.0
35199000000,6408,35199000000,map,0.00806474173230807,-0.13851806719773516,-0.12934996387463749,0.0,0.0,0.0,0.0
35201000000,6409,35201000000,map,0.0693480451726939,-0.18655164139998498,-0.15440314070200228,0.0,0.0,0.0,0.0
35203000000,6410,35203000000,map,0.1263602201640998,-0.22251112389752842,-0.17716501978511978,0.0,0.0,0.0,0.0
35205000000,6411,35205000000,map,0.1755899013616362,-0.24406912648793533,-0.19729782145214617,0.0,0.0,0.0,0.0
35207000000,6412,35207000000,map,0.21400504523258976,-0.24983036099114245,-0.214502780776181,0.0,0.0,0.0,0.0
35209000000,6413,35209000000,map,0.23923967284469347,-0.23942194581139584,-0.22852458115997248,0.0,0.0,0.0,0.0
35211000000,6414,35211000000,map,0.24973958990702264,-0.21351753977287244,-0.23915514316003522,0.0,0.0,0.0,0.0
35213000000,6415,35213000000,map,0.24485810920063883,-0.17379374122487434,-0.24623671232513147,0.0,0.0,0.0,0.0
35215000000,6416,35215000000,map,0.22489587987955476,-0.12282157437805748,-0.24966420022649005,0.0,0.0,0.0,0.0
35217000000,6417,35217000000,map,0.19108237056622676,-0.0639000861464614,-0.2493867439395544,0.0,0.0,0.0,0.0
35219000000,6418,35219000000,map,0.14550014669146544,-0.0008428235291888412,-0.24540846083500426,0.0,0.0,0.0,0.0
35221000000,6419,35221000000,map,0.09095660582063864,0.06226898874771072,-0.23778838747820613,0.0,0.0,0.0,0.0
35223000000,6420,35223000000,map,0.030811070751005327,0.1213505953678037,-0.22663960354361018,0.0,0.0,0.0,0.0
35225000000,6421,35225000000,map,-0.03123211032315606,0.17257808606628577,-0.21212755374534822,0.0,0.0,0.0,0.0
35227000000,6422,35227000000,map,-0.09135171367250855,0.2126358887269952,-0.19446759268594788,0.0,0.0,0.0,0.0
35229000000,6423,35229000000,map,-0.14584498823144681,0.23893136155289996,-0.1739217890560277,0.0,0.0,0.0,0.0
35231000000,6424,35231000000,map,-0.19135570709144306,0.2497625953677171,-0.15079503661158408,0.0,0.0,0.0,0.0
35233000000,6425,35233000000,map,-0.2250808766629987,0.24442856546126515,-0.12543052963939505,0.0,0.0,0.0,0.0
35235000000,6426,35235000000,map,-0.24494337233751048,0.22327450367270052,-0.0982046700526814,0.0,0.0,0.0,0.0
35237000000,6427,35237000000,map,-0.24971986806242663,0.18766955411684064,-0.06952148169687618,0.0,0.0,0.0,0.0
35239000000,6428,35239000000,map,-0.23911618068201843,0.1399181587321041,-0.039806614753245165,0.0,0.0,0.0,0.0
35241000000,6429,35241000000,map,-0.21378538860269836,0.0831109079979584,-0.009501029212878319,0.0,0.0,0.0,0.0
35243000000,6430,35243000000,map,-0.1752876088604478,0.020924510142641475,0.020945548840364356,0.0,0.0,0.0,0.0
35245000000,6431,35245000000,map,-0.12599390990981132,-0.042616174667432526,0.051081301034808124,0.0,0.0,0.0,0.0
35247000000,6432,35247000000,map,-0.06894027812061891,-0.10339863340597684,0.08045902156420848,0.0,0.0,0.0,0.0
35249000000,6433,35249000000,map,-0.007640632151382896,-0.15748887237890516,0.10864275359197452,0.0,0.0,0.0,0.0
35251000000,6434,35251000000,map,0.05412959840683902,-0.20138603519700216,0.1352142587239513,0.0,0.0,0.0,0.0
35253000000,6435,35253000000,map,0.11256600077861653,-0.23224898701191052,0.15977922354466453,0.0,0.0,0.0,0.0
35255000000,6436,35255000000,map,0.16406949181735972,-0.24808019991293084,0.18197311111383377,0.0,0.0,0.0,0.0
35257000000,6437,35257000000,map,0.2054679846201932,-0.2478550379603911,0.20146657058864503,0.0,0.0,0.0,0.0
35259000000,6438,35259000000,map,0.23421175655427567,-0.23158807420249755,0.2179703246945615,0.0,0.0,0.0,0.0
35261000000,6439,35261000000,map,0.24853048602301678,-0.20033214747085057,0.23123946251602423,0.0,0.0,0.0,0.0
35263000000,6440,35263000000,map,0.24754228612343773,-0.15611022000211358,0.24107707390324717,0.0,0.0,0.0,0.0
35265000000,6441,35265000000,map,0.2313080198357907,-0.10178444622973155,0.24733717156177523,0.0,0.0,0.0,0.0
35267000000,6442,35267000000,map,0.2008275514881199,-0.040870926948021434,0.24992685746121596,0.0,0.0,0.0,0.0
35269000000,6443,35269000000,map,0.15797816536704068,0.02268786158075179,0.24880770141532857,0.0,0.0,0.0,0.0
35271000000,6444,35271000000,map,0.10539894425571875,0.08477823461206822,0.24399631137461608,0.0,0.0,0.0,0.0
35273000000,6445,35273000000,map,0.04632822899799362,0.14138154694777685,0.23556408696930603,0.0,0.0,0.0,0.0
35275000000,6446,35275000000,map,-0.015595830090198439,0.1888342897660165,0.22363615995952432,0.0,0.0,0.0,0.0
35277000000,6447,35277000000,map,-0.07655934597342591,0.22406520213300618,0.2083895373161983,0.0,0.0,0.0,0.0
35279000000,6448,35279000000,map,-0.1328075912270618,0.24479405073853647,0.19005047448922158,0.0,0.0,0.0,0.0
35281000000,6449,35281000000,map,-0.18087625074430502,0.2496792123349447,0.16889111784252211,0.0,0.0,0.0,0.0
35283000000,6450,35283000000,map,-0.2178047880222855,0.23840450696985,0.1452254660803998,0.0,0.0,0.0,0.0
35285000000,6451,35285000000,map,-0.24131878385004324,0.21169966194827866,0.11940471059872619,0.0,0.0,0.0,0.0
35287000000,6452,35287000000,map,-0.24997001721058645,0.17129308204488372,0.09181202390630482,0.0,0.0,0.0,0.0
35289000000,6453,35289000000,map,-0.24322566084338168,0.11979998279792506,0.06285687345624974,0.0,0.0,0.0,0.0
35291000000,6454,35291000000,map,-0.22150109794035025,0.060553127177347864,0.03296894526795742,0.0,0.0,0.0,0.0
35293000000,6455,35293000000,map,-0.18613433880033714,-0.002612879221515307,0.0025917675114294396,0.0,0.0,0.0,0.0
35295000000,6456,35295000000,map,-0.13930361311588252,-0.06560977350162603,-0.02782387132189757,0.0,0.0,0.0,0.0
35297000000,6457,35297000000,map,-0.08389321336089824,-0.12436023812785912,-0.057826611989272046,0.0,0.0,0.0,0.0
35299000000,6458,35299000000,map,-0.02331585195064504,-0.17506179517924647,-0.08697122253719318,0.0,0.0,0.0,0.0
35301000000,6459,35301000000,map,0.038697526845975896,-0.2144329122887201,-0.11482520541313203,0.0,0.0,0.0,0.0
35303000000,6460,35303000000,map,0.09832753481476868,-0.23992539167588103,-0.14097521560455073,0.0,0.0,0.0,0.0
35305000000,6461,35305000000,map,0.15190157494475628,-0.24988929592094936,-0.16503319455870252,0.0,0.0,0.0,0.0
35307000000,6462,35307000000,map,0.19612003574189105,-0.24367973606604276,-0.18664212885797526,0.0,0.0,0.0,0.0
35309000000,6463,35309000000,map,0.22825951346181564,-0.221698610452074,-0.205481348196144,0.0,0.0,0.0,0.0
35311000000,6464,35311000000,map,0.24634054585340423,-0.18536859284586635,-0.22127128403239518,0.0,0.0,0.0,0.0
35313000000,6465,35313000000,map,0.24924952673419953,-0.1370410534146186,-0.23377761830668958,0.0,0.0,0.0,0.0
35315000000,6466,35315000000,map,0.23680729271231388,-0.0798438721309588,-0.24281476065230678,0.0,0.0,0.0,0.0
35317000000,6467,35317000000,map,0.20978015781381418,-0.017478994509027644,-0.2482486025027603,0.0,0.0,0.0,0.0
35319000000,6468,35319000000,map,0.16983271639710168,0.04601716762514083,-0.24999850722381967,0.0,0.0,0.0,0.0
35321000000,6469,35321000000,map,0.11942532121022918,0.10653498286423228,-0.24803850673788227,0.0,0.0,0.0,0.0
35323000000,6470,35323000000,map,0.06166255089070638,0.16015758590809898,-0.2423976868826556,0.0,0.0,0.0,0.0
35325000000,6471,35325000000,map,0.00010199975861542426,0.20341438694161182,-0.2331597557857395,0.0,0.0,0.0,0.0
35327000000,6472,35327000000,map,-0.06146483351242325,0.23350569694224782,-0.2204618016605379,0.0,0.0,0.0,0.0
35329000000,6473,35329000000,map,-0.11924606333411876,0.24848393059981508,-0.20449225845659633,0.0,0.0,0.0,0.0
35331000000,6474,35331000000,map,-0.16968295847028864,0.2473796589377143,-0.18548810955495115,0.0,0.0,0.0,0.0
35333000000,6475,35333000000,map,-0.20966912338856508,0.23026435319700006,-0.16373137100340876,0.0,0.0,0.0,0.0
35335000000,6476,35335000000,map,-0.2367418203707819,0.1982457590372335,-0.13954490648038062,0.0,0.0,0.0,0.0
35337000000,6477,35337000000,map,-0.2492336489012506,0.15339620045020144,-0.11328763609170761,0.0,0.0,0.0,0.0
35339000000,6478,35339000000,map,-0.2463752404407323,0.0986184537353309,-0.08534921010057821,0.0,0.0,0.0,0.0
35341000000,6479,35341000000,map,-0.2283426436386544,0.03745787251268357,-0.056144226630840406,0.0,0.0,0.0,0.0
35343000000,6480,35343000000,map,-0.1962464815415287,-0.026127076484952296,-0.026106079151310652,0.0,0.0,0.0,0.0
35345000000,6481,35345000000,map,-0.15206354860294694,-0.08802101534101447,0.004319474957375598,0.0,0.0,0.0,0.0
35347000000,6482,35347000000,map,-0.09851506041499543,-0.14421801257217978,0.03468092931277206,0.0,0.0,0.0,0.0
35349000000,6483,35349000000,map,-0.03889905473425719,-0.1910808570924567,0.06452772875403644,0.0,0.0,0.0,0.0
35351000000,6484,35351000000,map,0.02311273382564753,-0.22557646767043418,0.09341695545004497,0.0,0.0,0.0,0.0
35353000000,6485,35353000000,map,0.08370101499279746,-0.24547220157813981,0.12091990167074322,0.0,0.0,0.0,0.0
35355000000,6486,35355000000,map,0.13913417195324376,-0.24948035684776546,0.1466284316852452,0.0,0.0,0.0,0.0
35357000000,6487,35357000000,map,0.18599809068123452,-0.23734151558344924,0.17016103837836877,0.0,0.0,0.0,0.0
35359000000,6488,35359000000,map,0.22140643435175603,-0.2098413341401728,0.191168504704456,0.0,0.0,0.0,0.0
35361000000,6489,35361000000,map,0.2431784120916197,-0.16875969346769182,0.20933908596699205,0.0,0.0,0.0,0.0
35363000000,6490,35363000000,map,0.24997309333425027,-0.11675550073553073,0.22440313601995002,0.0,0.0,0.0,0.0
35365000000,6491,35365000000,map,0.24137199539145945,-0.05719459817069738,0.2361371087375569,0.0,0.0,0.0,0.0
35367000000,6492,35367000000,map,0.21790485769616363,0.006068082722857725,0.244366875374025,0.0,0.0,0.0,0.0
35369000000,6493,35369000000,map,0.18101701528506173,0.06893802203195715,0.24897030858384256,0.0,0.0,0.0,0.0
35371000000,6494,35371000000,map,0.13298038098196807,0.1273461190666686,0.24987909475572384,0.0,0.0,0.0,0.0
35373000000,6495,35373000000,map,0.0767535188659925,0.1775120547975703,0.2470797477669374,0.0,0.0,0.0,0.0
35375000000,6496,35375000000,map,0.01579942706120822,0.21618896361796472,0.2406138091134114,0.0,0.0,0.0,0.0
35377000000,6497,35377000000,map,-0.04612774743438104,0.24087357865482698,0.23057723144600453,0.0,0.0,0.0,0.0
35379000000,6498,35379000000,map,-0.10521392570753858,0.24996824950200439,0.2171189546610475,0.0,0.0,0.0,0.0
35381000000,6499,35381000000,map,-0.15782000507980057,0.24288434617480836,0.20043869567555783,0.0,0.0,0.0,0.0
35383000000,6500,35383000000,map,-0.20070599051378518,0.22008035672387588,0.18078398468622162,0.0,0.0,0.0,0.0
35385000000,6501,35385000000,map,-0.23123054508356347,0.18303221273467118,0.15844649189328555,0.0,0.0,0.0,0.0
35387000000,6502,35387000000,map,-0.2475136692437213,0.1341377633208172,0.13375769919909541,0.0,0.0,0.0,0.0
35389000000,6503,35389000000,map,-0.24855248952212358,0.0765615802955865,0.10708398111385695,0.0,0.0,0.0,0.0
35391000000,6504,35391000000,map,-0.23428302524234446,0.014030139120257705,0.07882116786359145,0.0,0.0,0.0,0.0
35393000000,6505,35393000000,map,-0.20558412907684345,-0.04940936796742254,0.04938867138449566,0.0,0.0,0.0,0.0
35395000000,6506,35395000000,map,-0.16422335873490054,-0.10965097641731418,0.01922326137266019,0.0,0.0,0.0,0.0
35397000000,6507,35397000000,map,-0.11274811353330033,-0.16279569772716296,-0.011227416252272122,0.0,0.0,0.0,0.0
35399000000,6508,35399000000,map,-0.054328740720120366,-0.2054038717908964,-0.04151148228251288,0.0,0.0,0.0,0.0
35401000000,6509,35401000000,map,0.007436725404339968,-0.23471779035568124,-0.07117952997724976,0.0,0.0,0.0,0.0
35403000000,6510,35403000000,map,0.06874416550379583,-0.24884018284118564,-0.09979129412912582,0.0,0.0,0.0,0.0
35405000000,6511,35405000000,map,0.12581766994958318,-0.24685701246549926,-0.1269221844718476,0.0,0.0,0.0,0.0
35407000000,6512,35407000000,map,0.17514209613110135,-0.22889663500616905,-0.15216958647584086,0.0,0.0,0.0,0.0
35409000000,6513,35409000000,map,0.21367956519619247,-0.19612149129107476,-0.17515883603131588,0.0,0.0,0.0,0.0
35411000000,6514,35411000000,map,0.23905656423502145,-0.15065287110315137,-0.19554877935468434,0.0,0.0,0.0,0.0
35413000000,6515,35413000000,map,0.24971013033673298,-0.09543361796655425,-0.2130368356115815,0.0,0.0,0.0,0.0
35415000000,6516,35415000000,map,0.244984113077167,-0.03403766090804764,-0.22736348712852913,0.0,0.0,0.0,0.0
35417000000,6517,35417000000,map,0.22516958665622086,0.029561299223137914,-0.2383161305598042,0.0,0.0,0.0,0.0
35419000000,6518,35419000000,map,0.19148692271233017,0.09124697767461887,-0.24573223185931461,0.0,0.0,0.0,0.0
35421000000,6519,35421000000,map,0.14601062794331077,0.14702692210055887,-0.2495017382386169,0.0,0.0,0.0,0.0
35423000000,6520,35423000000,map,0.09154157576766081,0.19329091412221724,-0.24956871131831965,0.0,0.0,0.0,0.0
35425000000,6521,35425000000,map,0.03143450124348741,0.22704463174852998,-0.24593215723740033,0.0,0.0,0.0,0.0
35427000000,6522,35427000000,map,-0.030608616210531868,0.2461034494308192,-0.23864604140171242,0.0,0.0,0.0,0.0
35429000000,6523,35429000000,map,-0.09076655678407153,0.24923383252540177,-0.22781848765324608,0.0,0.0,0.0,0.0
35431000000,6524,35431000000,map,-0.1453342082303623,0.23623317476061384,-0.21361017374358554,0.0,0.0,0.0,0.0
35433000000,6525,35433000000,map,-0.19095076278816578,0.20794291142413712,-0.19623194692256993,0.0,0.0,0.0,0.0
35435000000,6526,35435000000,map,-0.22480670847418402,0.16619405955401448,-0.1759416950269375,0.0,0.0,0.0,0.0
35437000000,6527,35437000000,map,-0.24481686621192297,0.1136887099080701,-0.15304051949926292,0.0,0.0,0.0,0.0
35439000000,6528,35439000000,map,-0.24974881548023736,0.05382514084948123,-0.12786826712998228,0.0,0.0,0.0,0.0
35441000000,6529,35441000000,map,-0.23929879877906693,-0.009522126780699,-0.10079848683011852,0.0,0.0,0.0,0.0
35443000000,6530,35443000000,map,-0.21411042997700275,-0.07225309840216121,-0.0722328862741678,0.0,0.0,0.0,0.0
35445000000,6531,35445000000,map,-0.17573505429644123,-0.13030766766410737,-0.042595370673976084,0.0,0.0,0.0,0.0
35447000000,6532,35447000000,map,-0.12653620135679605,-0.17992839674418734,-0.012325752149488578,0.0,0.0,0.0,0.0
35449000000,6533,35449000000,map,-0.06954401598680116,-0.2179037071817333,0.018126776955269937,0.0,0.0,0.0,0.0
35451000000,6534,35451000000,map,-0.008268632375075616,-0.2417757413171577,0.04831030995708835,0.0,0.0,0.0,0.0
35453000000,6535,35453000000,map,0.05351601419977159,-0.2499994410250247,0.07777693199641851,0.0,0.0,0.0,0.0
35455000000,6536,35455000000,map,0.11200462308286342,-0.24204254776464826,0.1060893669637711,0.0,0.0,0.0,0.0
35457000000,6537,35457000000,map,0.16359489574234887,-0.2184200516921025,0.13282746655108646,0.0,0.0,0.0,0.0
35459000000,6538,35459000000,map,0.20510940041783407,-0.18066086020108377,0.1575944451294712,0.0,0.0,0.0,0.0
35461000000,6539,35461000000,map,0.23399126933388706,-0.1312088431894042,0.1800227679331786,0.0,0.0,0.0,0.0
35463000000,6540,35463000000,map,0.24846167553650525,-0.07326465964797597,0.19977960516863227,0.0,0.0,0.0,0.0
35465000000,6541,35465000000,map,0.24762939039111936,-0.010578602957521376,0.21657177111185513,0.0,0.0,0.0,0.0
35467000000,6542,35467000000,map,0.23154567412805332,0.0527921275383061,0.23015007489942435,0.0,0.0,0.0,0.0
35469000000,6543,35469000000,map,0.201201118737569,0.11274601868413826,0.24031301844847897,0.0,0.0,0.0,0.0
35471000000,6544,35471000000,map,0.1584646376618774,0.1654027037654799,0.246909786629704,0.0,0.0,0.0,0.0
35473000000,6545,35473000000,map,0.10596835989114074,0.20735410960914935,0.24984248532011702,0.0,0.0,0.0,0.0
35475000000,6546,35475000000,map,0.04694551780996544,0.23588503565433408,0.24906759412323157,0.0,0.0,0.0,0.0
35477000000,6547,35477000000,map,-0.014968686762469366,0.24914888856703662,0.24459661219929635,0.0,0.0,0.0,0.0
35479000000,6548,35479000000,map,-0.07596097372784899,0.24628719840708377,0.23649588762092935,0.0,0.0,0.0,0.0
35481000000,6549,35481000000,map,-0.13227484365792075,0.2274851809632425,0.2248856327870665,0.0,0.0,0.0,0.0
35483000000,6550,35483000000,map,-0.18044193963876687,0.19395975012152064,0.20993814050608528,0.0,0.0,0.0,0.0
35485000000,6551,35485000000,map,-0.21749566249067098,0.14788075613557897,0.19187522722010572,0.0,0.0,0.0,0.0
35487000000,6552,35487000000,map,-0.24115388285542994,0.09223054745771869,0.17096494131385234,0.0,0.0,0.0,0.0
35489000000,6553,35489000000,map,-0.24995949696302766,0.03061094564249113,0.14751758535467552,0.0,0.0,0.0,0.0
35491000000,6554,35491000000,map,-0.24337016928230648,-0.03298987361001529,0.12188111129183826,0.0,0.0,0.0,0.0
35493000000,6555,35493000000,map,-0.22179173482768583,-0.09445550522040803,0.09443595695151673,0.0,0.0,0.0,0.0
35495000000,6556,35495000000,map,-0.18655320388438082,-0.14980773882755177,0.06558940044958723,0.0,0.0,0.0,0.0
35497000000,6557,35497000000,map,-0.13982490860262925,-0.19546403857388825,0.035769516302809376,0.0,0.0,0.0,0.0
35499000000,6558,35499000000,map,-0.08448483279380581,-0.22846941384160696,0.005418822927379731,0.0,0.0,0.0,0.0
35501000000,6559,35501000000,map,-0.023941357639858194,-0.24668767368247005,-0.025012284205785218,0.0,0.0,0.0,0.0
35503000000,6560,35503000000,map,0.038076659636841356,-0.24893968647190437,-0.05507221630896942,0.0,0.0,0.0,0.0
35505000000,6561,35505000000,map,0.09774954513928473,-0.23507969627471695,-0.08431489272405217,0.0,0.0,0.0,0.0
35507000000,6562,35507000000,map,0.15140206103949763,-0.20600475653642272,-0.11230636062986028,0.0,0.0,0.0,0.0
35509000000,6563,35509000000,map,0.1957297625413358,-0.16359667052627203,-0.1386312347759439,0.0,0.0,0.0,0.0
35511000000,6564,35511000000,map,0.228002517793131,-0.11060019629452617,-0.16289886167899775,0.0,0.0,0.0,0.0
35513000000,6565,35513000000,map,0.24623265601422342,-0.05044539902410854,-0.18474911680696743,0.0,0.0,0.0,0.0
35515000000,6566,35515000000,map,0.2492973876323642,0.012974351421755771,-0.20385774872284845,0.0,0.0,0.0,0.0
35517000000,6567,35517000000,map,0.23700795660718305,0.0755543691925294,-0.21994119088103328,0.0,0.0,0.0,0.0
35519000000,6568,35519000000,map,0.2101212658673416,0.13324431804988202,-0.23276076967317558,0.0,0.0,0.0,0.0
35521000000,6569,35521000000,map,0.17029325985103053,0.1823103593222861,-0.24212624627501328,0.0,0.0,0.0,0.0
35523000000,6570,35523000000,map,0.11997693531026798,0.2195768153397971,-0.24789863973490806,0.0,0.0,0.0,0.0
35525000000,6571,35525000000,map,0.06227126186523944,0.24263170728446296,-0.24999228941119706,0.0,0.0,0.0,0.0
35527000000,6572,35527000000,map,0.0007303172534749494,0.24998286453016394,-0.24837612615102295,0.0,0.0,0.0,0.0
35529000000,6573,35529000000,map,-0.06085560741202184,0.24115450168002814,-0.24307413334756758,0.0,0.0,0.0,0.0
35531000000,6574,35531000000,map,-0.11869345070818738,0.21671801259527979,-0.23416499103351437,0.0,0.0,0.0,0.0
35533000000,6575,35533000000,map,-0.16922099459000614,0.17825498834567013,-0.22178090829207436,0.0,0.0,0.0,0.0
35535000000,6576,35535000000,map,-0.20932626049172026,0.1282548526564677,-0.20610566131280644,0.0,0.0,0.0,0.0
35537000000,6577,35537000000,map,-0.23653917529591278,0.06995374013877799,-0.18737186620624316,0.0,0.0,0.0,0.0
35539000000,6578,35539000000,map,-0.24918370250693317,0.007125045514684628,-0.16585752704842666,0.0,0.0,0.0,0.0
35541000000,6579,35541000000,map,-0.24648106891267765,-0.05616479998546771,-0.14188191038119763,0.0,0.0,0.0,0.0
35543000000,6580,35543000000,map,-0.22859772902821562,-0.11581951828745066,-0.11580080738948145,0.0,0.0,0.0,0.0
35545000000,6581,35545000000,map,-0.1966351132044976,-0.1679781058960603,-0.08800125406348337,0.0,0.0,0.0,0.0
35547000000,6582,35547000000,map,-0.1525617908141303,-0.2092647277595576,-0.058895787697052046,0.0,0.0,0.0,0.0
35549000000,6583,35549000000,map,-0.09909222656343922,-0.23700720980981171,-0.02891632495410678,0.0,0.0,0.0,0.0
35551000000,6584,35551000000,map,-0.03951959730357729,-0.24940998879220921,0.001492247649156285,0.0,0.0,0.0,0.0
35553000000,6585,35553000000,map,0.022487033893895083,-0.2456703256382637,0.0318786757307844,0.0,0.0,0.0,0.0
35555000000,6586,35555000000,map,0.08310869439835593,-0.22603026075845697,0.061792033527540854,0.0,0.0,0.0,0.0
35557000000,6587,35557000000,map,0.13861171157093286,-0.19176094857771211,0.09078841550108672,0.0,0.0,0.0,0.0
35559000000,6588,35559000000,map,0.1855776687126369,-0.1450803852224178,0.11843752376820996,0.0,0.0,0.0,0.0
35561000000,6589,35561000000,map,0.2211139444790844,-0.0890098542279314,0.14432905359632073,0.0,0.0,0.0,0.0
35563000000,6590,35563000000,map,0.2430318686917286,-0.02717838146683623,0.16807878220557998,0.0,0.0,0.0,0.0
35565000000,6591,35565000000,map,0.24998152197773213,0.03641214453930926,0.18933427052423388,0.0,0.0,0.0,0.0
35567000000,6592,35567000000,map,0.2415348769603611,0.09764598491658437,0.20778009328184094,0.0,0.0,0.0,0.0
35569000000,6593,35569000000,map,0.21821216035600807,0.15255993141573815,0.22314251982831068,0.0,0.0,0.0,0.0
35571000000,6594,35571000000,map,0.18144981234347157,0.19759981522329734,0.2351935762172863,0.0,0.0,0.0,0.0
35573000000,6595,35573000000,map,0.13351201657837003,0.22985054171280295,0.2437544282736941,0.0,0.0,0.0,0.0
35575000000,6596,35575000000,map,0.0773512496987477,0.2472247627039386,0.24869803544044033,0.0,0.0,0.0,0.0
35577000000,6597,35577000000,map,0.01642643904109697,0.24859797489048002,0.24995103602356303,0.0,0.0,0.0,0.0
35579000000,6598,35579000000,map,-0.04551007181580441,0.23388130052392686,0.24749483585851825,0.0,0.0,0.0,0.0
35581000000,6599,35581000000,map,-0.10464362893459324,0.20402723980499549,0.2413658842420343,0.0,0.0,0.0,0.0
35583000000,6600,35583000000,map,-0.15733221158515756,0.16096802267390842,0.23165513303534438,0.0,0.0,0.0,0.0
35585000000,6601,35585000000,map,-0.20033074337481357,0.10749055002531885,0.21850668696468672,0.0,0.0,0.0,0.0
35587000000,6602,35587000000,map,-0.23099095567611627,0.04705601847007164,0.20211566514933346,0.0,0.0,0.0,0.0
35589000000,6603,35589000000,map,-0.24742449381824527,-0.016424097021067,0.18272530559040734,0.0,0.0,0.0,0.0
35591000000,6604,35591000000,map,-0.24861922037046028,-0.07884120362056844,0.1606233555896505,0.0,0.0,0.0,0.0
35593000000,6605,35593000000,map,-0.23450155242845244,-0.13615550911105617,0.13613780166307515,0.0,0.0,0.0,0.0
35595000000,6606,35595000000,map,-0.2059409935671119,-0.18465748740448498,0.10963200231636672,0.0,0.0,0.0,0.0
35597000000,6607,35597000000,map,-0.16469658133613824,-0.2212079684069795,0.08149929591023763,0.0,0.0,0.0,0.0
35599000000,6608,35599000000,map,-0.11330854858596011,-0.24344131300518654,0.05215716363355514,0.0,0.0,0.0,0.0
35601000000,6609,35601000000,map,-0.05494187117197338,-0.249918523184738,0.022041034203248478,0.0,0.0,0.0,0.0
35603000000,6610,35603000000,map,0.00680866210174515,-0.2402203776022492,-0.008402177770224086,0.0,0.0,0.0,0.0
35605000000,6611,35605000000,map,0.0681398516093865,-0.214974564646271,-0.038720703866832414,0.0,0.0,0.0,0.0
35607000000,6612,35607000000,map,0.12527432500228214,-0.1758150568642224,-0.06846462596895705,0.0,0.0,0.0,0.0
35609000000,6613,35609000000,map,0.1746931846080615,-0.12527635614816324,-0.0971925529150635,0.0,0.0,0.0,0.0
35611000000,6614,35611000000,map,0.21335273544352812,-0.06662945439365626,-0.12447817061621856,0.0,0.0,0.0,0.0
35613000000,6615,35613000000,map,0.23887194561416422,-0.003670126671825003,-0.14991656843422846,0.0,0.0,0.0,0.0
35615000000,6616,35615000000,map,0.24967909346155598,0.059526740884176324,-0.173130247936897,0.0,0.0,0.0,0.0
35617000000,6617,35617000000,map,0.24510856950088986,0.11887088796600229,-0.19377472486518563,0.0,0.0,0.0,0.0
35619000000,6618,35619000000,map,0.22544187113939962,0.1705214120300449,-0.2115436411802353,0.0,0.0,0.0,0.0
35621000000,6619,35621000000,map,0.19189026532281223,0.21113536117565876,-0.22617331132683027,0.0,0.0,0.0,0.0
35623000000,6620,35623000000,map,0.1465201869126743,0.23808409840549427,-0.23744663525082937,0.0,0.0,0.0,0.0
35625000000,6621,35625000000,map,0.09212596748855005,0.2496234336275966,-0.2451963201008062,0.0,0.0,0.0,0.0
35627000000,6622,35627000000,map,0.03205773317834971,0.24500651202641519,-0.24930736280535531,0.0,0.0,0.0,0.0
35629000000,6623,35629000000,map,-0.02998492875747772,0.22453215238696,-0.24971875668525625,0.0,0.0,0.0,0.0
35631000000,6624,35631000000,map,-0.09018082656430719,0.18952550679044372,-0.24642439677486694,0.0,0.0,0.0,0.0
35633000000,6625,35633000000,map,-0.14482251021961584,0.14225229343734871,-0.23947317041803992,0.0,0.0,0.0,0.0
35635000000,6626,35635000000,map,-0.19054461233609035,0.08577215366288529,-0.22896823179414447,0.0,0.0,0.0,0.0
35637000000,6627,35637000000,map,-0.2245311202839188,0.023740624250148723,-0.21506547114001742,0.0,0.0,0.0,0.0
35639000000,6628,35639000000,map,-0.2446888136899989,-0.039827458109386496,-0.19797120138414442,0.0,0.0,0.0,0.0
35641000000,6629,35641000000,map,-0.24977618534879287,-0.10081780715063993,-0.17793909652282788,0.0,0.0,0.0,0.0
35643000000,6630,35643000000,map,-0.23947990533491156,-0.15528297399644098,-0.1552664271713918,0.0,0.0,0.0,0.0
35645000000,6631,35645000000,map,-0.21443411891334704,-0.19969783598240015,-0.1302896491554213,0.0,0.0,0.0,0.0
35647000000,6632,35647000000,map,-0.17618138969432098,-0.2311877514666597,-0.10337941060338064,0.0,0.0,0.0,0.0
35649000000,6633,35649000000,map,-0.1270776935325579,-0.24771461387221275,-0.0749350516359656,0.0,0.0,0.0,0.0
35651000000,6634,35651000000,map,-0.07014731457496351,-0.24820876307278725,-0.045378678275696104,0.0,0.0,0.0,0.0
35653000000,6635,35653000000,map,-0.008896580369592315,-0.2326382164886397,-0.015148898515273266,0.0,0.0,0.0,0.0
35655000000,6636,35655000000,map,0.05290209195625093,-0.20201073907917877,0.015305686497638903,0.0,0.0,0.0,0.0
35657000000,6637,35657000000,map,0.11144253790503722,-0.15830861825923706,0.04553313956996016,0.0,0.0,0.0,0.0
35659000000,6638,35659000000,map,0.16311926631323542,-0.10436036526812846,0.07508489408140187,0.0,0.0,0.0,0.0
35661000000,6639,35661000000,map,0.20474952063289695,-0.04365764680522813,0.10352241058153393,0.0,0.0,0.0,0.0
35663000000,6640,35663000000,map,0.23376930409746874,0.01987070442712105,0.13042368458837172,0.0,0.0,0.0,0.0
35665000000,6641,35665000000,map,0.24839129563101392,0.08211297366282891,0.15538950901215656,0.0,0.0,0.0,0.0
35667000000,6642,35667000000,map,0.24771493049701832,0.13904068459869637,0.17804939827257313,0.0,0.0,0.0,0.0
35669000000,6643,35669000000,map,0.23178186585199476,0.18696933251915654,0.19806708619711208,0.0,0.0,0.0,0.0
35671000000,6644,35671000000,map,0.20157341509140078,0.22279685471489974,0.21514551611336366,0.0,0.0,0.0,0.0
35673000000,6645,35673000000,map,0.1589501090077628,0.24420440378598907,0.22903124908372294,0.0,0.0,0.0,0.0
35675000000,6646,35675000000,map,0.10653710617280865,0.24980642928260857,0.23951822486558372,0.0,0.0,0.0,0.0
35677000000,6647,35677000000,map,0.04756251008853222,0.23924035401667626,0.24645081978546565,0.0,0.0,0.0,0.0
35679000000,6648,35679000000,map,-0.014341448884606325,0.21319004096991334,0.24972615614911015,0.0,0.0,0.0,0.0
35681000000,6649,35681000000,map,-0.07536212167147777,0.1733415319605455,0.24929562891657933,0.0,0.0,0.0,0.0
35683000000,6650,35683000000,map,-0.13174126056897675,0.12227392277365308,0.24516562698688343,0.0,0.0,0.0,0.0
35685000000,6651,35685000000,map,-0.18000648876402683,0.06329243759197464,0.23739743838866065,0.0,0.0,0.0,0.0
35687000000,6652,35687000000,map,-0.21718516313835645,0.0002145065686915406,0.22610634078360395,0.0,0.0,0.0,0.0
35689000000,6653,35689000000,map,-0.24098745860170723,-0.06287730785954146,0.21145989077925742,0.0,0.0,0.0,0.0
35691000000,6654,35691000000,map,-0.24994739783543957,-0.12189954468716267,0.19367543743812052,0.0,0.0,0.0,0.0
35693000000,6655,35693000000,map,-0.24351314046297218,-0.17303213621174615,0.1730168968803131,0.0,0.0,0.0,0.0
35695000000,6656,35695000000,map,-0.22208097075798744,-0.2129656524306057,0.14979083584496086,0.0,0.0,0.0,0.0
35697000000,6657,35697000000,map,-0.18697089059684752,-0.23911549567765325,0.12434192232917812,0.0,0.0,0.0,0.0
35699000000,6658,35699000000,map,-0.1403453208792594,-0.2497891822897795,0.09704781081533233,0.0,0.0,0.0,0.0
35701000000,6659,35701000000,map,-0.08507591857480676,-0.24429588440815111,0.06831353798734784,0.0,0.0,0.0,0.0
35703000000,6660,35703000000,map,-0.024566712102218266,-0.2229911420959587,0.03856551210487465,0.0,0.0,0.0,0.0
35705000000,6661,35705000000,map,0.03745555191483017,-0.18725385189102,0.008245185228681671,0.0,0.0,0.0,0.0
35707000000,6662,35707000000,map,0.09717093802433846,-0.1393970211513078,-0.022197497800675214,0.0,0.0,0.0,0.0
35709000000,6663,35709000000,map,0.1509015907967168,-0.08251806439790284,-0.052310776412542836,0.0,0.0,0.0,0.0
35711000000,6664,35711000000,map,0.19533825300522267,-0.020298330853064355,-0.08164777830178026,0.0,0.0,0.0,0.0
35713000000,6665,35713000000,map,0.2277440819365335,0.04323516174729981,-0.10977315088491718,0.0,0.0,0.0,0.0
35715000000,6666,35715000000,map,0.24612321083580146,0.10397036587436431,-0.13626952180488866,0.0,0.0,0.0,0.0
35717000000,6667,35717000000,map,0.24934367383271966,0.15797634627129228,-0.16074369261609547,0.0,0.0,0.0,0.0
35719000000,6668,35719000000,map,0.23720712343105904,0.20175769997685178,-0.1828324737349768,0.0,0.0,0.0,0.0
35721000000,6669,35721000000,map,0.21046104668063167,0.23248078759925184,-0.20220807406790103,0.0,0.0,0.0,0.0
35723000000,6670,35723000000,map,0.17075272764017702,0.24815713359024272,-0.21858296533575142,0.0,0.0,0.0,0.0
35725000000,6671,35725000000,map,0.12052779157097653,0.24777212538655183,-0.23171414891004324,0.0,0.0,0.0,0.0
35727000000,6672,35727000000,map,0.06287957950063858,0.23135068168802828,-0.24140676184193466,0.0,0.0,0.0,0.0
35729000000,6673,35729000000,map,0.0013586301352537795,0.19995563965667618,-0.24751696857191496,0.0,0.0,0.0,0.0
35731000000,6674,35731000000,map,-0.06024599691430904,0.15561896542112666,-0.24995409540742028,0.0,0.0,0.0,0.0
35733000000,6675,35733000000,map,-0.11814008834991231,0.10121024011517804,-0.24868197609439072,0.0,0.0,0.0,0.0
35735000000,6676,35735000000,map,-0.1687579618179514,0.04025093336472093,-0.24371948851379188,0.0,0.0,0.0,0.0
35737000000,6677,35737000000,map,-0.20898207537657165,-0.02331351508825509,-0.2351402745393661,0.0,0.0,0.0,0.0
35739000000,6678,35739000000,map,-0.2363350361110552,-0.08536905417403357,-0.22307164721381073,0.0,0.0,0.0,0.0
35741000000,6679,35741000000,map,-0.24913218213292115,-0.14189929323530537,-0.20769270145983065,0.0,0.0,0.0,0.0
35743000000,6680,35743000000,map,-0.24658534047619363,-0.18924545293642658,-0.18923165636383354,0.0,0.0,0.0,0.0
35745000000,6681,35745000000,map,-0.22885137047027912,-0.22434317067108064,-0.1679624684711774,0.0,0.0,0.0,0.0
35747000000,6682,35747000000,map,-0.19702250281336176,-0.2449208338211079,-0.144200766349938,0.0,0.0,0.0,0.0
35749000000,6683,35749000000,map,-0.15305906936194688,-0.2496466042418255,-0.11829916675540805,0.0,0.0,0.0,0.0
35751000000,6684,35751000000,map,-0.09966876679152413,-0.23821461817886458,-0.09064204189953548,0.0,0.0,0.0,0.0
35753000000,6685,35753000000,map,-0.04013989024586682,-0.21136478253983954,-0.06163981547905673,0.0,0.0,0.0,0.0
35755000000,6686,35755000000,map,0.02186119192204152,-0.1708348862570574,-0.0317228721070908,0.0,0.0,0.0,0.0
35757000000,6687,35757000000,map,0.0825158488442316,-0.11924812621518921,-0.0013351705305342796,0.0,0.0,0.0,0.0
35760000000,6688,35760000000,map,0.16288106502951205,-0.028583277195636227,0.04414234811332283,0.0,0.0,0.0,0.0
35761000000,6689,35761000000,map,0.1851560745347763,0.0032411545209753497,0.059048434561661534,0.0,0.0,0.0,0.0
35763000000,6690,35763000000,map,0.2208200579305656,0.06621586071058053,0.08814826292294697,0.0,0.0,0.0,0.0
35765000000,6691,35765000000,map,0.242883790170416,0.12490490975752574,0.11593999667504001,0.0,0.0,0.0,0.0
35767000000,6692,35767000000,map,0.2499883716020558,0.17550979871098296,0.14201121456429666,0.0,0.0,0.0,0.0
35769000000,6693,35769000000,map,0.24169623286370742,0.2147552518061993,0.16597502729247487,0.0,0.0,0.0,0.0
35771000000,6694,35771000000,map,0.2185180846693624,0.24010120455449896,0.18747581884192885,0.0,0.0,0.0,0.0
35773000000,6695,35773000000,map,0.18188146326609397,0.24990720310875308,0.20619452371313574,0.0,0.0,0.0,0.0
35775000000,6696,35775000000,map,0.13404280884011993,0.243538578564824,0.22185336176479406,0.0,0.0,0.0,0.0
35777000000,6697,35777000000,map,0.07794849193918633,0.22140752433034272,0.23421996039024562,0.0,0.0,0.0,0.0
35779000000,6698,35779000000,map,0.01705334726244224,0.18494641793006592,0.2431108028590027,0.0,0.0,0.0,0.0
35781000000,6699,35781000000,map,-0.044892108730879794,0.13651511392812016,0.24839395165221434,0.0,0.0,0.0,0.0
35783000000,6700,35783000000,map,-0.10407267117540824,0.0792482082003792,0.24999100637691385,0.0,0.0,0.0,0.0
35785000000,6701,35785000000,map,-0.15684342429475728,0.016852159003183872,0.24787826720500444,0.0,0.0,0.0,0.0
35787000000,6702,35787000000,map,-0.19995423083798852,-0.04663460433482512,0.24208708657191444,0.0,0.0,0.0,0.0
35789000000,6703,35789000000,map,-0.23074990720416463,-0.10710305872027927,0.23270340391553862,0.0,0.0,0.0,0.0
35791000000,6704,35791000000,map,-0.24733375552519282,-0.16063953361092148,0.21986647035995088,0.0,0.0,0.0,0.0
35793000000,6705,35793000000,map,-0.24868438080467836,-0.20377901362343107,0.20376678226918393,0.0,0.0,0.0,0.0
35795000000,6706,35795000000,map,-0.23471859837538475,-0.23372940304676443,0.18464325433653836,0.0,0.0,0.0,0.0
35797000000,6707,35797000000,map,-0.20629655722213752,-0.24855223730468023,0.16277967415995354,0.0,0.0,0.0,0.0
35799000000,6708,35799000000,map,-0.1651687636242568,-0.24728814526120346,0.13850049091651234,0.0,0.0,0.0,0.0
35801000000,6709,35801000000,map,-0.11386826792004222,-0.230018942134495,0.11216600063092608,0.0,0.0,0.0,0.0
35803000000,6710,35803000000,map,-0.05555465458110757,-0.19786233421046945,0.08416699948732317,0.0,0.0,0.0,0.0
35805000000,6711,35805000000,map,0.006180555791712734,-0.15289957807861965,0.054918984526893956,0.0,0.0,0.0,0.0
35807000000,6712,35807000000,map,0.0675351073068598,-0.09804077646854271,0.024855987793592924,0.0,0.0,0.0,0.0
35809000000,6713,35809000000,map,0.1247301887542587,-0.03683652907779956,-0.005575864576232152,0.0,0.0,0.0,0.0
35811000000,6714,35811000000,map,0.1742431696277609,0.026751871177580412,-0.03592497273610901,0.0,0.0,0.0,0.0
35813000000,6715,35813000000,map,0.21302455803915005,0.08860882300695569,-0.06574096473892006,0.0,0.0,0.0,0.0
35815000000,6716,35815000000,map,0.2386858181482733,0.14473078881938803,-0.09458137992676273,0.0,0.0,0.0,0.0
35817000000,6717,35817000000,map,0.24964647947751495,0.19148541375212622,-0.12201823491850816,0.0,0.0,0.0,0.0
35819000000,6718,35819000000,map,0.24523147768562883,0.2258466208171662,-0.1476443747578873,0.0,0.0,0.0,0.0
35821000000,6719,35821000000,map,0.2257127316091942,0.2455904662205178,-0.17107951497570265,0.0,0.0,0.0,0.0
35823000000,6720,35823000000,map,0.19229239585023372,0.24943907860057973,-0.19197588490067058,0.0,0.0,0.0,0.0
35825000000,6721,35825000000,map,0.1470288203807207,0.23714336607865177,-0.21002338847477706,0.0,0.0,0.0,0.0
35827000000,6722,35827000000,map,0.09270977729175883,0.20949913811262255,-0.22495420598872692,0.0,0.0,0.0,0.0
35829000000,6723,35829000000,map,0.03268076261937168,0.16829559870514596,-0.2365467684491337,0.0,0.0,0.0,0.0
35831000000,6724,35831000000,map,-0.02936105190354275,0.11619954461907935,-0.24462904559741122,0.0,0.0,0.0,0.0
35833000000,6725,35833000000,map,-0.08959452671364151,0.056582763579308845,-0.24908109878901613,0.0,0.0,0.0,0.0
35835000000,6726,35835000000,map,-0.14430989743099987,-0.006696196314921778,-0.24983686084825493,0.0,0.0,0.0,0.0
35837000000,6727,35837000000,map,-0.19013725830083142,-0.06954176153187655,-0.2468851164857412,0.0,0.0,0.0,0.0
35839000000,6728,35839000000,map,-0.22425411383306687,-0.12788640893467795,-0.24026966873014835,0.0,0.0,0.0,0.0
35841000000,6729,35841000000,map,-0.2445592155804949,-0.17795392611426458,-0.23008868890396791,0.0,0.0,0.0,0.0
35843000000,6730,35843000000,map,-0.24980197749520108,-0.2165038173593289,-0.21649325978960898,0.0,0.0,0.0,0.0
35845000000,6731,35845000000,map,-0.2396594992055185,-0.24104103669424265,-0.19968513360480608,0.0,0.0,0.0,0.0
35847000000,6732,35847000000,map,-0.21475645336737026,-0.249977473533969,-0.17991373805832966,0.0,0.0,0.0,0.0
35849000000,6733,35849000000,map,-0.17662661223479012,-0.24273473919675365,-0.15747247491535057,0.0,0.0,0.0,0.0
35851000000,6734,35851000000,map,-0.1276183830165416,-0.2197816016758156,-0.13269436600005644,0.0,0.0,0.0,0.0
35853000000,6735,35853000000,map,-0.07075017007478086,-0.1826036457950576,-0.10594711124942321,0.0,0.0,0.0,0.0
35855000000,6736,35855000000,map,-0.009524472168472171,-0.13360712242100004,-0.07762763215221954,0.0,0.0,0.0,0.0
35857000000,6737,35857000000,map,0.05228783555436557,-0.07596320984969492,-0.048156181549456764,0.0,0.0,0.0,0.0
35859000000,6738,35859000000,map,0.11087974879577718,-0.013402767168946625,-0.017970107204769614,0.0,0.0,0.0,0.0
35861000000,6739,35861000000,map,0.16264260653418178,0.050025136331972954,0.012482638309171026,0.0,0.0,0.0,0.0
35863000000,6740,35863000000,map,0.20438834753857665,0.11021528711714305,0.04275014509770419,0.0,0.0,0.0,0.0
35865000000,6741,35865000000,map,0.23354586224715498,0.1632720271536412,0.07238325215468745,0.0,0.0,0.0,0.0
35867000000,6742,35867000000,map,0.24831934675110048,0.20576139070468882,0.10094221278134152,0.0,0.0,0.0,0.0
35869000000,6743,35869000000,map,0.24779890590078496,0.2349333592332105,0.12800322030045613,0.0,0.0,0.0,0.0
35871000000,6744,35871000000,map,0.23201659351561502,0.2488998495220926,0.15316469722334405,0.0,0.0,0.0,0.0
35873000000,6745,35873000000,map,0.20194443819798916,0.24675691517203405,0.17605325454318432,0.0,0.0,0.0,0.0
35875000000,6746,35875000000,map,0.1594345763385473,0.22864325228701934,0.1963292327201763,0.0,0.0,0.0,0.0
35877000000,6747,35877000000,map,0.10710517950800637,0.19573122271351936,0.21369174212952355,0.0,0.0,0.0,0.0
35879000000,6748,35879000000,map,0.048179201936435406,0.15015097583167455,0.22788312817648637,0.0,0.0,0.0,0.0
35881000000,6749,35881000000,map,-0.013714120418130693,0.09485257992597815,0.23869279481561315,0.0,0.0,0.0,0.0
35883000000,6750,35883000000,map,-0.07476279358720427,0.03341508634299747,0.2459603297348636,0.0,0.0,0.0,0.0
35885000000,6751,35885000000,map,-0.13120684533063057,-0.030185115720034166,0.24957788482770948,0.0,0.0,0.0,0.0
35887000000,6752,35887000000,map,-0.1795699008703142,-0.09183166113044275,0.24949177662769903,0.0,0.0,0.0,0.0
35889000000,6753,35889000000,map,-0.2168732919266261,-0.14753463033019154,0.2457032829555006,0.0,0.0,0.0,0.0
35891000000,6754,35891000000,map,-0.240819512140281,-0.19368878697120157,0.23826862395641515,0.0,0.0,0.0,0.0
35893000000,6755,35893000000,map,-0.24993371990423802,-0.22730691788498245,0.22729812780975572,0.0,0.0,0.0,0.0
35895000000,6756,35895000000,map,-0.24365457348224415,-0.2462131730359224,0.21295459349072332,0.0,0.0,0.0,0.0
35897000000,6757,35897000000,map,-0.22236880390417837,-0.24918389201130514,0.1954508748809894,0.0,0.0,0.0,0.0
35899000000,6758,35899000000,map,-0.18738739629970325,-0.23602680240299434,0.17504672207858565,0.0,0.0,0.0,0.0
35901000000,6759,35901000000,map,-0.14086484665837837,-0.2075934641614782,0.15204492678262868,0.0,0.0,0.0,0.0
35903000000,6760,35903000000,map,-0.08566646697006783,-0.16572415449266487,0.12678682895187726,0.0,0.0,0.0,0.0
35905000000,6761,35905000000,map,-0.0251919113880992,-0.11312876048582782,0.0996472514187899,0.0,0.0,0.0,0.0
35907000000,6762,35907000000,map,0.03683420760319626,-0.05321138840228478,0.07102893762861426,0.0,0.0,0.0,0.0
35909000000,6763,35909000000,map,0.09659171712493593,0.010149958649906334,0.041356575042275016,0.0,0.0,0.0,0.0
35911000000,6764,35911000000,map,0.15040016737729367,0.07285437483481143,0.011070492898980351,0.0,0.0,0.0,0.0
35913000000,6765,35913000000,map,0.1949455096065386,0.13084347253612158,-0.019379872142264522,0.0,0.0,0.0,0.0
35915000000,6766,35915000000,map,0.22748420752453727,0.18036405141622494,-0.04954264551198328,0.0,0.0,0.0,0.0
35917000000,6767,35917000000,map,0.24601221100937437,0.21821101498697487,-0.07897022041754166,0.0,0.0,0.0,0.0
35919000000,6768,35919000000,map,0.2493883850429147,0.241934812520809,-0.10722590019789241,0.0,0.0,0.0,0.0
35921000000,6769,35921000000,map,0.23740479192589437,0.2499999801386909,-0.13389037877513751,0.0,0.0,0.0,0.0
35923000000,6770,35923000000,map,0.21079949810769005,0.24188451989547924,-0.1585679630348896,0.0,0.0,0.0,0.0
35925000000,6771,35925000000,map,0.17121111686229284,0.21811368480148166,-0.18089244479711575,0.0,0.0,0.0,0.0
35927000000,6772,35927000000,map,0.12107788651264753,0.18022598312517027,-0.20053253523912287,0.0,0.0,0.0,0.0
35929000000,6773,35929000000,map,0.06348749995421908,0.13067360226695712,-0.21719678112542642,0.0,0.0,0.0,0.0
35931000000,6774,35931000000,map,0.0019869344351862695,0.0726636970186932,-0.23063788988903555,0.0,0.0,0.0,0.0
35933000000,6775,35933000000,map,-0.05963600587013647,0.009950814434723386,-0.24065639938151207,0.0,0.0,0.0,0.0
35935000000,6776,35935000000,map,-0.11758597975483158,-0.053406109901544714,-0.2471036378328604,0.0,0.0,0.0,0.0
35937000000,6777,35937000000,map,-0.16829386307889113,-0.11330645640369925,-0.24988393009782897,0.0,0.0,0.0,0.0
35939000000,6778,35939000000,map,-0.2086365702169304,-0.16587332390198592,-0.24895601744706478,0.0,0.0,0.0,0.0
35941000000,6779,35941000000,map,-0.2361294041057378,-0.20770445244300928,-0.2443336698346782,0.0,0.0,0.0,0.0
35943000000,6780,35943000000,map,-0.24907908810464524,-0.2360924261156731,-0.23608548155619674,0.0,0.0,0.0,0.0
35945000000,6781,35945000000,map,-0.2466880544727198,-0.24919990382329915,-0.22433385332894684,0.0,0.0,0.0,0.0
35947000000,6782,35947000000,map,-0.22910356636261664,-0.24617853662246447,-0.20925317590134945,0.0,0.0,0.0,0.0
35949000000,6783,35949000000,map,-0.1974086479208774,-0.22722387500201172,-0.19106724214458595,0.0,0.0,0.0,0.0
35951000000,6784,35951000000,map,-0.15355538110585443,-0.19356271236290515,-0.17004592603131982,0.0,0.0,0.0,0.0
35953000000,6785,35953000000,map,-0.10024467745730044,-0.1473736838624071,-0.14650117778463484,0.0,0.0,0.0,0.0
35955000000,6786,35955000000,map,-0.04075992964279381,-0.09164625966395624,-0.1207823946275647,0.0,0.0,0.0,0.0
35957000000,6787,35957000000,map,0.02123521186279193,-0.029987258904377475,-0.09327123582897004,0.0,0.0,0.0,0.0
35959000000,6788,35959000000,map,0.08192248207537403,0.03361259271722818,-0.06437595899169184,0.0,0.0,0.0,0.0
35961000000,6789,35961000000,map,0.13756416747089315,0.09503695274897521,-0.034525361628437855,0.0,0.0,0.0,0.0
35963000000,6790,35963000000,map,0.18473331081036565,0.15031028203034344,-0.004162417930285148,0.0,0.0,0.0,0.0
35965000000,6791,35965000000,map,0.22052477656265393,0.1958551515899159,0.026262294840510216,0.0,0.0,0.0,0.0
35967000000,6792,35967000000,map,0.24273417746307913,0.22872378285202005,0.05629728278671179,0.0,0.0,0.0,0.0
35969000000,6793,35969000000,map,0.24999364216396036,0.24678883528509257,0.08549683541424066,0.0,0.0,0.0,0.0
35971000000,6794,35971000000,map,0.24185606208222926,0.24888109323311952,0.11342763984640078,0.0,0.0,0.0,0.0
35973000000,6795,35973000000,map,0.21882262870373098,0.2348651404964348,0.1396752110610647,0.0,0.0,0.0,0.0
35975000000,6796,35975000000,map,0.18231196532669955,0.20564812480854083,0.16385004272796805,0.0,0.0,0.0,0.0
35977000000,6797,35977000000,map,0.1345727544146379,0.16312104495188517,0.18559338736939857,0.0,0.0,0.0,0.0
35979000000,6798,35979000000,map,0.0785452418148013,0.11003636055763216,0.20458258006890645,0.0,0.0,0.0,0.0
35981000000,6799,35981000000,map,0.01768014776580472,0.049829845992095056,0.22053582672415195,0.0,0.0,0.0,0.0
35983000000,6800,35983000000,map,-0.0442738620829979,-0.013601781606929661,0.23321638579022247,0.0,0.0,0.0,0.0
35985000000,6801,35985000000,map,-0.10350105603666934,-0.07615306767030329,0.2424360814551676,0.0,0.0,0.0,0.0
35987000000,6802,35987000000,map,-0.15635364629622328,-0.13377553554851743,0.24805809611417845,0.0,0.0,0.0,0.0
35989000000,6803,35989000000,map,-0.19957645528156784,-0.18273971410820036,0.24999900070321998,0.0,0.0,0.0,0.0
35991000000,6804,35991000000,map,-0.23050740119038823,-0.21987651849073717,0.24822999276218724,0.0,0.0,0.0,0.0
35993000000,6805,35993000000,map,-0.2472414549377501,-0.242782361258326,0.24277732385487644,0.0,0.0,0.0,0.0
35995000000,6806,35995000000,map,-0.2487479704131891,-0.24997471862252552,0.23372191000361162,0.0,0.0,0.0,0.0
35997000000,6807,35997000000,map,-0.23493416171208187,-0.240988083114639,0.22119813091870047,0.0,0.0,0.0,0.0
35999000000,6808,35999000000,map,-0.2066508177958591,-0.2164040924002719,0.20539183584278414,0.0,0.0,0.0,0.0
36001000000,6809,36001000000,map,-0.1656399026166963,-0.17781388422635136,0.18653758560226535,0.0,0.0,0.0,0.0
36003000000,6810,36003000000,map,-0.11442726800046026,-0.12771511398140337,0.16491517179218082,0.0,0.0,0.0,0.0
36005000000,6811,36005000000,map,-0.056167087076628305,-0.06935030015331681,0.14084546475087334,0.0,0.0,0.0,0.0
36007000000,6812,36007000000,map,0.005552410442158141,-0.0064969603735217174,0.11468565193708043,0.0,0.0,0.0,0.0
36009000000,6813,36009000000,map,0.06692993641545267,0.05677687903202742,0.08682393737189681,0.0,0.0,0.0,0.0
36011000000,6814,36011000000,map,0.12418526464277047,0.11637597594270953,0.057673780803898955,0.0,0.0,0.0,0.0
36013000000,6815,36013000000,map,0.17379205403290107,0.16844292681986026,0.027667762086612122,0.0,0.0,0.0,0.0
36015000000,6816,36015000000,map,0.21269503505576756,0.20960782757247523,-0.0027488381808245047,0.0,0.0,0.0,0.0
36017000000,6817,36017000000,map,0.23849818301309914,0.23720638222841867,-0.03312464648836713,0.0,0.0,0.0,0.0
36019000000,6818,36019000000,map,0.24961228859062848,0.24945234287619922,-0.06300889466680418,0.0,0.0,0.0,0.0
36021000000,6819,36021000000,map,0.24535283685511797,0.24555312012480557,-0.091958109156411,0.0,0.0,0.0,0.0
36023000000,6820,36023000000,map,0.22598216635460547,0.22576108148333895,-0.11954269202571946,0.0,0.0,0.0,0.0
36025000000,6821,36025000000,map,0.1926933117543735,0.19135721750117904,-0.1453532960799033,0.0,0.0,0.0,0.0
36027000000,6822,36027000000,map,0.14753652513501275,0.14456823283529896,-0.16900689945466946,0.0,0.0,0.0,0.0
36029000000,6823,36029000000,map,0.0932930014894162,0.08842242832188853,-0.1901524895485117,0.0,0.0,0.0,0.0
36031000000,6824,36031000000,map,0.03330358563093519,0.026553701725268594,-0.20847627194858365,0.0,0.0,0.0,0.0
36033000000,6825,36033000000,map,-0.028736989589020705,-0.037033647272117255,-0.22370632704846058,0.0,0.0,0.0,0.0
36035000000,6826,36035000000,map,-0.08900766093525113,-0.09822408541947435,-0.23561664525551868,0.0,0.0,0.0,0.0
36037000000,6827,36037000000,map,-0.14379637310245433,-0.15305721356932317,-0.24403048090840906,0.0,0.0,0.0,0.0
36039000000,6828,36039000000,map,-0.18972870325516367,-0.19798409367528327,-0.24882297513073773,0.0,0.0,0.0,0.0
36041000000,6829,36041000000,map,-0.22397569087135147,-0.23009694499434943,-0.2499230087007646,0.0,0.0,0.0,0.0
36043000000,6830,36043000000,map,-0.24442807270206912,-0.24731734297484645,-0.24731425743993907,0.0,0.0,0.0,0.0
36045000000,6831,36045000000,map,-0.24982619175656354,-0.24853074012258183,-0.24103543445896636,0.0,0.0,0.0,0.0
36047000000,6832,36047000000,map,-0.23983757925647523,-0.23365860232061633,-0.23117971566649329,0.0,0.0,0.0,0.0
36049000000,6833,36049000000,map,-0.21507743130291546,-0.20366349175453738,-0.21789335706569735,0.0,0.0,0.0,0.0
36051000000,6834,36051000000,map,-0.17707071910542058,-0.1604867674652769,-0.20137352435769612,0.0,0.0,0.0,0.0
36053000000,6835,36053000000,map,-0.12815826639345848,-0.10692293570707374,-0.1818653670598316,0.0,0.0,0.0,0.0
36055000000,6836,36055000000,map,-0.07135257867807182,-0.04643878246894251,-0.15965838055806417,0.0,0.0,0.0,0.0
36057000000,6837,36057000000,map,-0.010152303805382143,0.01705100563778103,-0.1350821100795614,0.0,0.0,0.0,0.0
36059000000,6838,36059000000,map,0.05167324887409279,0.07943720974886953,-0.10850126033738283,0.0,0.0,0.0,0.0
36061000000,6839,36061000000,map,0.11031625930955788,0.13668203773487353,-0.08031028341799716,0.0,0.0,0.0,0.0
36063000000,6840,36063000000,map,0.16216491941620326,0.185080460266537,-0.050927525227951645,0.0,0.0,0.0,0.0
36065000000,6841,36065000000,map,0.20402588341650021,0.22150000963869965,-0.020789017361268265,0.0,0.0,0.0,0.0
36067000000,6842,36067000000,map,0.2333209451940825,0.2435835209633155,0.009657993482771327,0.0,0.0,0.0,0.0
36069000000,6843,36069000000,map,0.2482458293512601,0.24990169381224756,0.03996168250966452,0.0,0.0,0.0,0.0
36071000000,6844,36071000000,map,0.24788131607198505,0.2400456001385942,0.06967235177937352,0.0,0.0,0.0,0.0
36073000000,6845,36073000000,map,0.2322498556364165,0.21465315112850322,0.09834910359306961,0.0,0.0,0.0,0.0
36075000000,6846,36075000000,map,0.20231418571361698,0.1753678099842026,0.1255663832859018,0.0,0.0,0.0,0.0
36077000000,6847,36077000000,map,0.15991803659389614,0.12473222284989573,0.15092029433556922,0.0,0.0,0.0,0.0
36079000000,6848,36079000000,map,0.10767257630888512,0.06602365235302009,0.1740345920691808,0.0,0.0,0.0,0.0
36081000000,6849,36081000000,map,0.04879558945809111,0.003041864921639982,0.19456626702449212,0.0,0.0,0.0,0.0
36083000000,6850,36083000000,map,-0.013086705325816973,-0.06013679966236346,0.21221063511068913,0.0,0.0,0.0,0.0
36085000000,6851,36085000000,map,-0.07416299326027664,-0.11942325923300175,0.2267058590323784,0.0,0.0,0.0,0.0
36087000000,6852,36087000000,map,-0.13067160131873315,-0.1709803449269798,0.23783683387829488,0.0,0.0,0.0,0.0
36089000000,6853,36089000000,map,-0.1791321787155127,-0.21147115241057377,0.2454383792158651,0.0,0.0,0.0,0.0
36091000000,6854,36091000000,map,-0.21656005082520227,-0.23827501472492266,0.24939769032110842,0.0,0.0,0.0,0.0
36093000000,6855,36093000000,map,-0.24065004453199407,-0.24965711844664407,0.24965601216761563,0.0,0.0,0.0,0.0
36095000000,6856,36095000000,map,-0.2499184632558186,-0.24488078517891376,0.24620951133424315,0.0,0.0,0.0,0.0
36097000000,6857,36097000000,map,-0.243794467446857,-0.22425515123080628,0.23910933289193417,0.0,0.0,0.0,0.0
36099000000,6858,36099000000,map,-0.222655232448148,-0.18911515953775518,0.22846084142577278,0.0,0.0,0.0,0.0
36101000000,6859,36101000000,map,-0.18780271836192025,-0.1417351587947062,0.21442205745492612,0.0,0.0,0.0,0.0
36103000000,6860,36103000000,map,-0.141383482658755,-0.08518170188570923,0.19720131245451453,0.0,0.0,0.0,0.0
36105000000,6861,36105000000,map,-0.08625647424936443,-0.023115070864020565,0.17705415727667456,0.0,0.0,0.0,0.0
36107000000,6862,36107000000,map,-0.025816951548176183,0.040447625715485006,0.15427956984999702,0.0,0.0,0.0,0.0
36109000000,6863,36109000000,map,0.03621263062691298,0.10139245016874486,0.12921551843469117,0.0,0.0,0.0,0.0
36111000000,6864,36111000000,map,0.09601188609975114,0.15577490008405775,0.10223394627110888,0.0,0.0,0.0,0.0
36113000000,6865,36113000000,map,0.14989779394867195,0.20007520644516355,0.07373525205012223,0.0,0.0,0.0,0.0
36115000000,6866,36115000000,map,0.19455153482620718,0.23142614193853486,0.044142348113302796,0.0,0.0,0.0,0.0
36117000000,6867,36117000000,map,0.22722289619865027,0.24779859512189917,0.01389438455681736,0.0,0.0,0.0,0.0
36119000000,6868,36119000000,map,0.24589965723611668,0.248132899622518,-0.016559767629415325,0.0,0.0,0.0,0.0
36121000000,6869,36121000000,map,0.24943152098051372,0.2324074184117192,-0.04676817767578749,0.0,0.0,0.0,0.0
36123000000,6870,36123000000,map,0.2376009608429643,0.20163994420826456,-0.07628256155431028,0.0,0.0,0.0,0.0
36125000000,6871,36125000000,map,0.21113661801067216,0.15782182537116846,-0.10466493438433445,0.0,0.0,0.0,0.0
36127000000,6872,36127000000,map,0.17166842462177728,0.10378908082381151,-0.13149410999990213,0.0,0.0,0.0,0.0
36129000000,6873,36129000000,map,0.12162721666058236,0.043038845771585704,-0.15637195123014333,0.0,0.0,0.0,0.0
36131000000,6874,36131000000,map,0.06409501938646493,-0.020496971690152316,-0.17892927814005893,0.0,0.0,0.0,0.0
36133000000,6875,36133000000,map,0.0026152261843336213,-0.08270617356149158,-0.19883134655252355,0.0,0.0,0.0,0.0
36135000000,6876,36135000000,map,-0.05902563813253908,-0.13956242374274824,-0.215782815555092,0.0,0.0,0.0,0.0
36137000000,6877,36137000000,map,-0.11703112842259522,-0.18738584263870947,-0.22953213027322816,0.0,0.0,0.0,0.0
36139000000,6878,36139000000,map,-0.16782870130449365,-0.22308117822645465,-0.23987525487155095,0.0,0.0,0.0,0.0
36141000000,6879,36141000000,map,-0.2082897471953192,-0.24433813855630543,-0.24665870038634585,0.0,0.0,0.0,0.0
36143000000,6880,36143000000,map,-0.23592228057869533,-0.24978091966089955,-0.2497818024571886,0.0,0.0,0.0,0.0
36145000000,6881,36145000000,map,-0.24902442075749628,-0.23905725104985553,-0.24919821515680432,0.0,0.0,0.0,0.0
36147000000,6882,36147000000,map,-0.24678921025342077,-0.2128611955427884,-0.244916598751185,0.0,0.0,0.0,0.0
36149000000,6883,36149000000,map,-0.22935431511240442,-0.1728882277765634,-0.23700049118364447,0.0,0.0,0.0,0.0
36151000000,6884,36151000000,map,-0.19779354608794353,-0.12172549882069757,-0.22556736519042875,0.0,0.0,0.0,0.0
36153000000,6885,36153000000,map,-0.1540507229103389,-0.06268438924849307,-0.21078688503927723,0.0,0.0,0.0,0.0
36155000000,6886,36155000000,map,-0.10081995492342019,0.00041381174674583047,-0.19287838876079652,0.0,0.0,0.0,0.0
36157000000,6887,36157000000,map,-0.04137971157785245,0.06348522980412245,-0.1721076332364858,0.0,0.0,0.0,0.0
36159000000,6888,36159000000,map,0.020609097670403028,0.12244772402274598,-0.14878285044290626,0.0,0.0,0.0,0.0
36161000000,6889,36161000000,map,0.08132859783938076,0.17348509339219265,-0.12325017337937964,0.0,0.0,0.0,0.0
36163000000,6890,36163000000,map,0.13703909037021114,0.21329407092717217,-0.09588849955498416,0.0,0.0,0.0,0.0
36165000000,6891,36165000000,map,0.18430938020996268,0.2392981194189785,-0.06710386825870084,0.0,0.0,0.0,0.0
36167000000,6892,36167000000,map,0.22022810224029327,0.24981419140762684,-0.03732343505532952,0.0,0.0,0.0,0.0
36169000000,6893,36169000000,map,0.2425830315147531,0.24416166024945832,-0.006989132920529615,0.0,0.0,0.0,0.0
36171000000,6894,36171000000,map,0.24999733363015128,0.22270637198617513,0.023448885916030657,0.0,0.0,0.0,0.0
36173000000,6895,36173000000,map,0.2420143636064741,0.1868369668680999,0.05353893009896515,0.0,0.0,0.0,0.0
36175000000,6896,36175000000,map,0.21912579053544815,0.13887500306316478,0.08283447211563909,0.0,0.0,0.0,0.0
36177000000,6897,36177000000,map,0.18274131580584688,0.08192469956890465,0.11090077463471247,0.0,0.0,0.0,0.0
36179000000,6898,36179000000,map,0.13510184995430838,0.01967202334819759,0.1373213418818187,0.0,0.0,0.0,0.0
36181000000,6899,36181000000,map,0.07914149555576415,-0.04385387572993965,0.16170410031583812,0.0,0.0,0.0,0.0
36183000000,6900,36183000000,map,0.018306836591971635,-0.10454144160900032,0.1836872168863264,0.0,0.0,0.0,0.0
36185000000,6901,36185000000,map,-0.04365533577756444,-0.15846282229956993,0.20294446853084788,0.0,0.0,0.0,0.0
36187000000,6902,36187000000,map,-0.10292878712900845,-0.20212809034541468,0.2191900832303794,0.0,0.0,0.0,0.0
36189000000,6903,36189000000,map,-0.15586288068290516,-0.23271111971142006,0.23218298078331032,0.0,0.0,0.0,0.0
36191000000,6904,36191000000,map,-0.1991974190919246,-0.24823249977222744,0.24173035036504142,0.0,0.0,0.0,0.0
36193000000,6905,36193000000,map,-0.2302634391665868,-0.2476876477493065,0.24769051178512713,0.0,0.0,0.0,0.0
36195000000,6906,36195000000,map,-0.2471475926388709,-0.2311118278367439,0.2499750179799391,0.0,0.0,0.0,0.0
36197000000,6907,36197000000,map,-0.24880998879430385,-0.1995778688138714,0.24854996754129222,0.0,0.0,0.0,0.0
36199000000,6908,36199000000,map,-0.23514824107692858,-0.1551267278665324,0.24343650780367107,0.0,0.0,0.0,0.0
36201000000,6909,36201000000,map,-0.20700377305083068,-0.10063539470174103,0.23471052102376389,0.0,0.0,0.0,0.0
36203000000,6910,36203000000,map,-0.16610999533731685,-0.03963068553420042,0.22250149830989993,0.0,0.0,0.0,0.0
36205000000,6911,36205000000,map,-0.11498554529606321,0.02393902133492639,0.2069906180118229,0.0,0.0,0.0,0.0
36207000000,6912,36207000000,map,-0.056779164790522356,0.08595933449865534,0.18840805708612055,0.0,0.0,0.0,0.0
36209000000,6913,36209000000,map,0.004924230020788829,0.1424161432097767,0.16702957533750126,0.0,0.0,0.0,0.0
36211000000,6914,36211000000,map,0.06632434275841012,0.18965542072970257,0.14317242322358087,0.0,0.0,0.0,0.0
36213000000,6915,36213000000,map,0.12363955610945991,0.22461972213596115,0.11719063394948247,0.0,0.0,0.0,0.0
36215000000,6916,36215000000,map,0.1733398406731371,0.24504606985067168,0.08946976971867712,0.0,0.0,0.0,0.0
36217000000,6917,36217000000,map,0.21236416857494547,0.24961241924509717,0.06042120010202187,0.0,0.0,0.0,0.0
36219000000,6918,36219000000,map,0.2383090413937114,0.23802322469488305,0.030475997431884488,0.0,0.0,0.0,0.0
36221000000,6919,36221000000,map,0.2495765210168648,0.2110285680365588,7.853981515517735e-05,0.0,0.0,0.0,0.0
36223000000,6920,36223000000,map,0.24547264624274204,0.17037561138324211,-0.03032008330983599,0.0,0.0,0.0,0.0
36225000000,6921,36225000000,map,0.22625017367393216,0.1186955163964778,-0.06026876520827626,0.0,0.0,0.0,0.0
36227000000,6922,36227000000,map,0.19309301050282882,0.05933314888108105,-0.08932307614276568,0.0,0.0,0.0,0.0
36229000000,6923,36229000000,map,0.148043297968427,-0.0038694093470871887,-0.1170518585814481,0.0,0.0,0.0,0.0
36231000000,6924,36231000000,map,0.09387563639798326,-0.06682152966460951,-0.14304362544956228,0.0,0.0,0.0,0.0
36233000000,6925,36233000000,map,0.0339261982789516,-0.12544879241989754,-0.16691266647904102,0.0,0.0,0.0,0.0
36235000000,6926,36235000000,map,-0.028112745756054068,-0.17595669362711883,-0.18830477203670895,0.0,0.0,0.0,0.0
36237000000,6927,36237000000,map,-0.08842023293631193,-0.2150762348127904,-0.2069024894915824,0.0,0.0,0.0,0.0
36239000000,6928,36239000000,map,-0.14328194047804962,-0.24027550082341587,-0.222429834120464,0.0,0.0,0.0,0.0
36241000000,6929,36241000000,map,-0.18931894977974148,-0.24992353174683946,-0.23465638464084174,0.0,0.0,0.0,0.0
36243000000,6930,36243000000,map,-0.2236958531575449,-0.24339588274147908,-0.24340070259553304,0.0,0.0,0.0,0.0
36245000000,6931,36245000000,map,-0.24429538588309127,-0.22111503967856574,-0.24853302484678413,0.0,0.0,0.0,0.0
36247000000,6932,36247000000,map,-0.2498488279799201,-0.1845230747924789,-0.2499771892237246,0.0,0.0,0.0,0.0
36249000000,6933,36249000000,map,-0.24001414436286778,-0.13598831213758633,-0.2477117647465794,0.0,0.0,0.0,0.0
36252000000,6934,36251000000,map,-0.2153970506925115,-0.07865204369504585,-0.2417703696563877,0.0,0.0,0.0,0.0
36253000000,6935,36253000000,map,-0.17751370750131343,-0.016225217049944823,-0.2322411725298952,0.0,0.0,0.0,0.0
36255000000,6936,36255000000,map,-0.12869734025291682,0.04725174647500291,-0.2192655838836466,0.0,0.0,0.0,0.0
36257000000,6937,36257000000,map,-0.07195453657969622,0.10767045805478684,-0.203036157682932,0.0,0.0,0.0,0.0
36259000000,6938,36259000000,map,-0.010780071315050786,0.16112046662749185,-0.18379373389690665,0.0,0.0,0.0,0.0
36261000000,6939,36261000000,map,0.05105833579771866,0.20414235312651147,-0.16182386450342734,0.0,0.0,0.0,0.0
36263000000,6940,36263000000,map,0.10975207300588868,0.23395163278918002,-0.13745257598067204,0.0,0.0,0.0,0.0
36265000000,6941,36265000000,map,0.16168620797628558,0.24861897401852845,-0.11104153116893467,0.0,0.0,0.0,0.0
36267000000,6942,36267000000,map,0.20366213055618937,0.24719506957830129,-0.08298266229916086,0.0,0.0,0.0,0.0
36269000000,6943,36269000000,map,0.2330945543591931,0.22977207814733802,-0.05369235483252155,0.0,0.0,0.0,0.0
36271000000,6944,36271000000,map,0.24817074389581542,0.19747765957752744,-0.023605268421155196,0.0,0.0,0.0,0.0
36273000000,6945,36273000000,map,0.24796216049004213,0.152401989910203,0.006832113314774089,0.0,0.0,0.0,0.0
36275000000,6946,36275000000,map,0.23248165074090368,0.09746247992334432,0.03716810847415598,0.0,0.0,0.0,0.0
36277000000,6947,36277000000,map,0.20268265530302557,0.03621495296292775,0.06695253970366498,0.0,0.0,0.0,0.0
36279000000,6948,36279000000,map,0.16040048671983714,-0.027376496891302882,0.09574341469775989,0.0,0.0,0.0,0.0
36281000000,6949,36281000000,map,0.10823929299125262,-0.08919607097098739,0.12311348523709191,0.0,0.0,0.0,0.0
36283000000,6950,36283000000,map,0.04941166876050686,-0.1452426508682741,0.14865658742787025,0.0,0.0,0.0,0.0
36285000000,6951,36285000000,map,-0.012459207570759885,-0.19188876088555937,0.17199366905507477,0.0,0.0,0.0,0.0
36287000000,6952,36287000000,map,-0.07356272447957653,-0.22611534739389533,0.1927784146085126,0.0,0.0,0.0,0.0
36290000000,6953,36289000000,map,-0.1301355319137892,-0.24570717958011976,0.21070238450340922,0.0,0.0,0.0,0.0
36291000000,6954,36291000000,map,-0.1786933250645134,-0.2493962247606359,0.2254995922343761,0.0,0.0,0.0,0.0
36293000000,6955,36293000000,map,-0.21624544181279862,-0.23694371864761263,0.23695045153838276,0.0,0.0,0.0,0.0
36295000000,6956,36295000000,map,-0.24047905684717322,-0.20915561877440678,0.24488503499048747,0.0,0.0,0.0,0.0
36297000000,6957,36297000000,map,-0.24990162798656163,-0.16783044089613142,0.24918559567775378,0.0,0.0,0.0,0.0
36299000000,6958,36299000000,map,-0.2439328214731627,-0.11564285452335223,0.24978831452916458,0.0,0.0,0.0,0.0
36301000000,6959,36301000000,map,-0.22294025458055508,-0.055970571580433275,0.2466842473720924,0.0,0.0,0.0,0.0
36303000000,6960,36303000000,map,-0.18821685416009867,0.0073242676097159945,0.23991945766122258,0.0,0.0,0.0,0.0
36305000000,6961,36305000000,map,-0.14190122560421425,0.07014506176823475,0.22959433291026984,0.0,0.0,0.0,0.0
36307000000,6962,36307000000,map,-0.08684593668567668,0.128425891003014,0.21586209497044373,0.0,0.0,0.0,0.0
36309000000,6963,36309000000,map,-0.026441828634355864,0.17839467337692563,0.19892652626269722,0.0,0.0,0.0,0.0
36311000000,6964,36311000000,map,0.03559082491174847,0.21681730354468715,0.17903894570581116,0.0,0.0,0.0,0.0
36313000000,6965,36313000000,map,0.09543144861152214,0.24120697218758738,0.15649447921666365,0.0,0.0,0.0,0.0
36315000000,6966,36315000000,map,0.1493944736841153,0.24998511857235006,0.1316276801274726,0.0,0.0,0.0,0.0
36317000000,6967,36317000000,map,0.1941563311525021,0.242583598974053,0.1048075645110725,0.0,0.0,0.0,0.0
36319000000,6968,36319000000,map,0.22696014960955221,0.2194814583677096,0.07643213509057802,0.0,0.0,0.0,0.0
36321000000,6969,36321000000,map,0.24578555022697918,0.1821739254318842,0.04692247499376717,0.0,0.0,0.0,0.0
36323000000,6970,36323000000,map,0.2494730813730779,0.13307563758559893,0.01671649900174118,0.0,0.0,0.0,0.0
36325000000,6971,36325000000,map,0.23779562894316097,0.07536435957845129,-0.013737544978170398,0.0,0.0,0.0,0.0
36327000000,6972,36327000000,map,0.21147240425990144,0.012775310558927904,-0.043987727782110124,0.0,0.0,0.0,0.0
36329000000,6973,36329000000,map,0.17212464803035696,-0.05064058871057404,-0.07358514548706324,0.0,0.0,0.0,0.0
36331000000,6974,36331000000,map,0.12217577854471488,-0.11077890163731739,-0.1020905810141797,0.0,0.0,0.0,0.0
36333000000,6975,36333000000,map,0.06470213395973316,-0.1637473252652589,-0.12908102198253937,0.0,0.0,0.0,0.0
36335000000,6976,36335000000,map,0.003243501414518403,-0.2061176099179662,-0.15415593809089295,0.0,0.0,0.0,0.0
36337000000,6977,36337000000,map,-0.05841489755715232,-0.23514744414395847,-0.17694322487000058,0.0,0.0,0.0,0.0
36339000000,6978,36339000000,map,-0.11647553785814616,-0.24895794401623234,-0.1971047256049528,0.0,0.0,0.0,0.0
36341000000,6979,36341000000,map,-0.16736247943263693,-0.2466552592277092,-0.21434124948325964,0.0,0.0,0.0,0.0
36343000000,6980,36343000000,map,-0.20794160850258697,-0.22838842533272996,-0.22839701149882138,0.0,0.0,0.0,0.0
36345000000,6981,36345000000,map,-0.23571366683830666,-0.19533971779118298,-0.23906342822726712,0.0,0.0,0.0,0.0
36347000000,6982,36347000000,map,-0.24896818043674332,-0.14964813212502856,-0.246182213143746,0.0,0.0,0.0,0.0
36349000000,6983,36349000000,map,-0.24688880717934164,-0.09427094274537637,-0.24964772554849746,0.0,0.0,0.0,0.0
36351000000,6984,36351000000,map,-0.22960361513568556,-0.03279230071010112,-0.24940853824440118,0.0,0.0,0.0,0.0
36353000000,6985,36353000000,map,-0.1981771948836127,0.030808741551785587,-0.24546820070153302,0.0,0.0,0.0,0.0
36355000000,6986,36355000000,map,-0.15454509164673202,0.09241576452716221,-0.23788518638415565,0.0,0.0,0.0,0.0
36357000000,6987,36357000000,map,-0.10139459555611756,0.14804140665054807,-0.2267720250212946,0.0,0.0,0.0,0.0
36359000000,6988,36359000000,map,-0.041999232135939056,0.1940854363765391,-0.21229363269861054,0.0,0.0,0.0,0.0
36361000000,6989,36361000000,map,0.019982853299752346,0.22756776822740205,-0.1946648645513299,0.0,0.0,0.0,0.0
36363000000,6990,36363000000,map,0.08073419988776204,0.24632134142480988,-0.17414732637628552,0.0,0.0,0.0,0.0
36365000000,6991,36365000000,map,0.13651314765634506,0.24913237751631714,-0.15104549247857982,0.0,0.0,0.0,0.0
36367000000,6992,36367000000,map,0.18388428541134352,0.23581893917196212,-0.12570218736075384,0.0,0.0,0.0,0.0
36369000000,6993,36369000000,map,0.21993003683754647,0.20724270562567426,-0.09849349830675187,0.0,0.0,0.0,0.0
36371000000,6994,36371000000,map,0.24243035328021348,0.1652532026271453,-0.06982319435629068,0.0,0.0,0.0,0.0
36373000000,6995,36373000000,map,0.24999944597731125,0.11256809648105276,-0.04011673448980431,0.0,0.0,0.0,0.0
36375000000,6996,36375000000,map,0.24217113643646535,0.05259729984303923,-0.009814953939800787,0.0,0.0,0.0,0.0
36377000000,6997,36377000000,map,0.21942756824947007,-0.010777726406458415,0.020632477674924626,0.0,0.0,0.0,0.0
36379000000,6998,36379000000,map,0.183169511991525,-0.07345519107963444,0.050773729315754586,0.0,0.0,0.0,0.0
36381000000,6999,36381000000,map,0.13563009211745927,-0.13137845093003836,0.08016151356659636,0.0,0.0,0.0,0.0
36383000000,7000,36383000000,map,0.07973724939581275,-0.18079856681088743,0.10835972424804372,0.0,0.0,0.0,0.0
36385000000,7001,36385000000,map,0.0189334097819822,-0.21851694445262798,0.13494990810692797,0.0,0.0,0.0,0.0
36387000000,7002,36387000000,map,-0.04303653372108008,-0.2420923555328094,0.15953747454089498,0.0,0.0,0.0,0.0
36389000000,7003,36389000000,map,-0.10235586806739444,-0.2499989401166094,0.18175755120829068,0.0,0.0,0.0,0.0
36391000000,7004,36391000000,map,-0.1553711305549223,-0.2417249641522203,0.20128039862769306,0.0,0.0,0.0,0.0
36393000000,7005,36393000000,map,-0.1988171246629831,-0.2178059401862846,0.21781630341600655,0.0,0.0,0.0,0.0
36395000000,7006,36395000000,map,-0.23001802267384613,-0.17978996764399602,0.23111987755088725,0.0,0.0,0.0,0.0
36398000000,7007,36397000000,map,-0.24705216922147366,-0.1301375359390181,0.24099369985769398,0.0,0.0,0.0,0.0
36399000000,7008,36399000000,map,-0.24887043555632568,-0.07206227540557283,0.24729124568235672,0.0,0.0,0.0,0.0
36402000000,7009,36401000000,map,-0.23536083511760664,-0.00932296305717324,0.24991906127466842,0.0,0.0,0.0,0.0
36403000000,7010,36403000000,map,-0.2073554207574666,0.054019754922323145,0.24883815061479497,0.0,0.0,0.0,0.0
36405000000,7011,36405000000,map,-0.16657903881709757,0.11386617841810046,0.24406455410282404,0.0,0.0,0.0,0.0
36407000000,7012,36407000000,map,-0.11554309628046826,0.16634289629242738,0.2356691105240355,0.0,0.0,0.0,0.0
36409000000,7013,36409000000,map,-0.05739088385635252,0.2080534833026619,0.22377640582166358,0.0,0.0,0.0,0.0
36411000000,7014,36411000000,map,0.004296018495079105,0.2362983252889345,0.20856292427787881,0.0,0.0,0.0,0.0
36413000000,7015,36413000000,map,0.06571833016077192,0.24924934499749465,0.19025442953851004,0.0,0.0,0.0,0.0
36415000000,7016,36415000000,map,0.12309306660131786,0.24606831984041186,0.16912261434553946,0.0,0.0,0.0,0.0
36417000000,7017,36417000000,map,0.172886532404567,0.22696113377110244,0.14548106869628688,0.0,0.0,0.0,0.0
36419000000,7018,36419000000,map,0.21203196068661628,0.1931644519569986,0.11968062625911537,0.0,0.0,0.0,0.0
36421000000,7019,36421000000,map,0.23811839448489897,0.14686568069731887,0.09210415810287417,0.0,0.0,0.0,0.0
36423000000,7020,36423000000,map,0.24953917698216516,0.09106139298260878,0.06316089100240546,0.0,0.0,0.0,0.0
36425000000,7021,36425000000,map,0.24559090509171985,0.029363382750438746,0.033280334631650664,0.0,0.0,0.0,0.0
36427000000,7022,36427000000,map,0.22651675187419656,-0.0342350995090373,0.0029059077649810894,0.0,0.0,0.0,0.0
36429000000,7023,36429000000,map,0.19349148957074117,-0.095617799972497,-0.02751164192857283,0.0,0.0,0.0,0.0
36431000000,7024,36431000000,map,0.14854913567991082,-0.150811875791338,-0.05752092684975958,0.0,0.0,0.0,0.0
36434000000,7025,36434000000,map,0.06500553822586438,-0.2143521156928421,-0.10079848683013715,0.0,0.0,0.0,0.0
36436000000,7026,36435000000,map,0.03454859663043584,-0.2289767071188947,-0.11454605318498585,0.0,0.0,0.0,0.0
36438000000,7027,36438000000,map,-0.058109388660445585,-0.2498845724886425,-0.15304051949927902,0.0,0.0,0.0,0.0
36440000000,7028,36439000000,map,-0.08783224642691329,-0.24882092792612792,-0.16479708391979167,0.0,0.0,0.0,0.0
36441000000,7029,36441000000,map,-0.14276660280722286,-0.234649101182278,-0.1864329687044979,0.0,0.0,0.0,0.0
36443000000,7030,36443000000,map,-0.18890800046308706,-0.20529019409533455,-0.20530224240400352,0.0,0.0,0.0,0.0
36445000000,7031,36445000000,map,-0.22341460245905168,-0.16264438901597883,-0.22112489047950573,0.0,0.0,0.0,0.0
36447000000,7032,36447000000,map,-0.24416115596173227,-0.10947182977087268,-0.23366610943083946,0.0,0.0,0.0,0.0
36449000000,7033,36449000000,map,-0.24986988602228813,-0.04921397820813778,-0.24273979121281317,0.0,0.0,0.0,0.0
36451000000,7034,36451000000,map,-0.24018919340954276,0.014229125875858464,-0.24821128502433565,0.0,0.0,0.0,0.0
36453000000,7035,36453000000,map,-0.2157153095171537,0.07675128512434634,-0.24999939548697392,0.0,0.0,0.0,0.0
36455000000,7036,36455000000,map,-0.17795557462415232,0.13430590804816442,-0.24807758756106166,0.0,0.0,0.0,0.0
36457000000,7037,36457000000,map,-0.12923560119022326,0.1831679146107628,-0.24247438031779966,0.0,0.0,0.0,0.0
36459000000,7038,36459000000,map,-0.07255603997714324,0.22017483278208538,-0.2332729237245551,0.0,0.0,0.0,0.0
36461000000,7039,36461000000,map,-0.011407770731930113,0.24293148168673662,-0.2206097647236951,0.0,0.0,0.0,0.0
36463000000,7040,36463000000,map,0.050443100208923335,0.24996499373869863,-0.20467282091523054,0.0,0.0,0.0,0.0
36465000000,7041,36465000000,map,0.10918719344868147,0.24082014233742088,-0.1856985919145648,0.0,0.0,0.0,0.0
36467000000,7042,36467000000,map,0.161206475238403,0.21608880527963026,-0.16396864976709458,0.0,0.0,0.0,0.0
36469000000,7043,36469000000,map,0.20329709125504167,0.1773716569378994,-0.13980546050015372,0.0,0.0,0.0,0.0
36471000000,7044,36471000000,map,0.23286669117241313,0.127174568588267,-0.11356759882162182,0.0,0.0,0.0,0.0
36473000000,7045,36473000000,map,0.24809409085904527,0.06874642211366853,-0.08564442697506824,0.0,0.0,0.0,0.0
36475000000,7046,36475000000,map,0.24804143864435746,0.005868834193798762,-0.05645031671726784,0.0,0.0,0.0,0.0
36477000000,7047,36477000000,map,0.2327119773649327,-0.05738859944451853,-0.02641850016184426,0.0,0.0,0.0,0.0
36479000000,7048,36479000000,map,0.20304984463862671,-0.11693169850365248,0.004005359259978716,0.0,0.0,0.0,0.0
36481000000,7049,36481000000,map,0.1608819236693023,-0.16890668376692308,0.03436978031407796,0.0,0.0,0.0,0.0
36483000000,7050,36483000000,map,0.10880532597541834,-0.20994960338843374,0.06422416381477747,0.0,0.0,0.0,0.0
36485000000,7051,36485000000,map,0.05002743595196783,-0.23740405632245212,0.09312547938582065,0.0,0.0,0.0,0.0
36487000000,7052,36487000000,map,-0.011831631116803411,-0.24949312128361628,0.12064483990144523,0.0,0.0,0.0,0.0
36489000000,7053,36489000000,map,-0.0729619910367278,-0.2454343635643846,0.14637386604771263,0.0,0.0,0.0,0.0
36491000000,7054,36491000000,map,-0.12959864050209796,-0.22549047617853096,0.16993074655277884,0.0,0.0,0.0,0.0
36493000000,7055,36493000000,map,-0.1782533426895139,-0.1909522777081665,0.19096590415442086,0.0,0.0,0.0,0.0
36495000000,7056,36495000000,map,-0.21592946687665662,-0.14405516727702086,0.20916718322588923,0.0,0.0,0.0,0.0
36497000000,7057,36497000000,map,-0.24030655016593072,-0.08783444389215686,0.2242644820745091,0.0,0.0,0.0,0.0
36499000000,7058,36499000000,map,-0.24988321420280948,-0.025928854255636964,0.23603376117204072,0.0,0.0,0.0,0.0
36501000000,7059,36501000000,map,-0.24406963468714193,0.0376549160802816,0.24430036783627665,0.0,0.0,0.0,0.0
36503000000,7060,36503000000,map,-0.22322386850125123,0.09880156548565681,0.24894162802639774,0.0,0.0,0.0,0.0
36505000000,7061,36505000000,map,-0.18862980107818247,0.15355352893036198,0.24988866678971816,0.0,0.0,0.0,0.0
36507000000,7062,36507000000,map,-0.1424180722244103,0.19836712155185313,0.24712743034617438,0.0,0.0,0.0,0.0
36509000000,7063,36509000000,map,-0.08743485055606609,0.23034189485871331,0.24069889464226651,0.0,0.0,0.0,0.0
36511000000,7064,36511000000,map,-0.02706653869934891,0.24740836105506758,0.23069845727995225,0.0,0.0,0.0,0.0
36513000000,7065,36513000000,map,0.03496879438559045,0.24846193549950382,0.21727452184393575,0.0,0.0,0.0,0.0
36515000000,7066,36515000000,map,0.09485040832618748,0.233434428202582,0.20062629563559453,0.0,0.0,0.0,0.0
36517000000,7067,36517000000,map,0.1488902097630507,0.20329845725451218,0.18100083349450935,0.0,0.0,0.0,0.0
36519000000,7068,36519000000,map,0.19375990108188693,0.16000449853499885,0.15868937157642954,0.0,0.0,0.0,0.0
36521000000,7069,36521000000,map,0.22669596941670322,0.1063546460050439,0.13402300549334412,0.0,0.0,0.0,0.0
36523000000,7070,36523000000,map,0.24566989070276593,0.045821253135224206,0.10736777695080382,0.0,0.0,0.0,0.0
36525000000,7071,36525000000,map,0.2495130659580733,-0.017677806550622684,0.07911924179536876,0.0,0.0,0.0,0.0
36527000000,7072,36527000000,map,0.23798879499699577,-0.08003271410901155,0.049696600080779155,0.0,0.0,0.0,0.0
36529000000,7073,36529000000,map,0.21180685473437091,-0.13720770300103574,0.01953647526096167,0.0,0.0,0.0,0.0
36531000000,7074,36531000000,map,0.17257978420627568,-0.18550226405950654,-0.010913565175046819,0.0,0.0,0.0,0.0
36533000000,7075,36533000000,map,0.12272356870042712,-0.22179065175597545,-0.04120165147515642,0.0,0.0,0.0,0.0
36535000000,7076,36535000000,map,0.06530883983915815,-0.24372419031543804,-0.07087831723880905,0.0,0.0,0.0,0.0
36537000000,7077,36537000000,map,0.0038717561569854312,-0.24988328592483947,-0.09950316936933455,0.0,0.0,0.0,0.0
36539000000,7078,36539000000,map,-0.05780378800130357,-0.23986930641633883,-0.12665142337841187,0.0,0.0,0.0,0.0
36541000000,7079,36541000000,map,-0.11591921157089638,-0.2143303817450038,-0.1519202070645196,0.0,0.0,0.0,0.0
36543000000,7080,36543000000,map,-0.1668952004083998,-0.17491945538610806,-0.1749345390202108,0.0,0.0,0.0,0.0
36545000000,7081,36545000000,map,-0.20759215633751493,-0.12418730167472367,-0.19535289324626798,0.0,0.0,0.0,0.0
36547000000,7082,36547000000,map,-0.2355035642022896,-0.06541743327111232,-0.21287226729878553,0.0,0.0,0.0,0.0
36549000000,7083,36549000000,map,-0.24891036749765033,-0.00241358395761025,-0.22723267875729808,0.0,0.0,0.0,0.0
36551000000,7084,36551000000,map,-0.24698684462133888,0.06074647858384006,-0.23822102328835912,0.0,0.0,0.0,0.0
36553000000,7085,36553000000,map,-0.22985146485774557,0.11997487615739082,-0.24567423705192915,0.0,0.0,0.0,0.0
36555000000,7086,36555000000,map,-0.19855959188441116,0.17143819781912975,-0.24948171652138154,0.0,0.0,0.0,0.0
36557000000,7087,36557000000,map,-0.15503848419215377,0.21180560787899985,-0.24958695980770057,0.0,0.0,0.0,0.0
36559000000,7088,36559000000,map,-0.1019685957252341,0.23846442596971987,-0.24598840513109704,0.0,0.0,0.0,0.0
36561000000,7089,36561000000,map,-0.04261848740449749,0.249689226295621,-0.23873945399736654,0.0,0.0,0.0,0.0
36563000000,7090,36563000000,map,0.019356482706766376,0.24475351153119088,-0.22794767873505986,0.0,0.0,0.0,0.0
36565000000,7091,36565000000,map,0.08013929197505837,0.22397673355723652,-0.21377322615344285,0.0,0.0,0.0,0.0
36567000000,7092,36567000000,map,0.13598634265105433,0.18870361773063904,-0.19642644101008566,0.0,0.0,0.0,0.0
36569000000,7093,36569000000,map,0.18345802909979236,0.14121712887576882,-0.1761647445563655,0.0,0.0,0.0,0.0
36571000000,7094,36571000000,map,0.21963058223715665,0.08459071205503603,-0.15328881448039622,0.0,0.0,0.0,0.0
36573000000,7095,36573000000,map,0.2422761437237484,0.022489371470089184,-0.12813812293734855,0.0,0.0,0.0,0.0
36575000000,7096,36575000000,map,0.24999997919209763,-0.04106753783284529,-0.1010858988821403,0.0,0.0,0.0,0.0
36577000000,7097,36577000000,map,0.2423263795819406,-0.10196645273682096,-0.07253358945940652,0.0,0.0,0.0,0.0
36579000000,7098,36579000000,map,0.21972795993982308,-0.15626584221274323,-0.04290490264442396,0.0,0.0,0.0,0.0
36581000000,7099,36581000000,map,0.18359655117885976,-0.2004513131241838,-0.012639519540864903,0.0,0.0,0.0,0.0
36583000000,7100,36583000000,map,0.13615747756723437,-0.23166307059711932,0.017813430359996153,0.0,0.0,0.0,0.0
36585000000,7101,36585000000,map,0.08033249957227323,-0.2478810111410425,0.04800203413034417,0.0,0.0,0.0,0.0
36587000000,7102,36587000000,map,0.019559863378059733,-0.24805546882999652,0.07747830166189947,0.0,0.0,0.0,0.0
36589000000,7103,36589000000,map,-0.04241745982223461,-0.23217515232340002,0.10580481370887056,0.0,0.0,0.0,0.0
36591000000,7104,36591000000,map,-0.10178230247028083,-0.20126787566960425,0.13256121306342666,0.0,0.0,0.0,0.0
36593000000,7105,36593000000,map,-0.15487839901861425,-0.1573340355944992,0.1573504425335341,0.0,0.0,0.0,0.0
36595000000,7106,36595000000,map,-0.19843557439702655,-0.10321714079125155,0.17980463715641448,0.0,0.0,0.0,0.0
36597000000,7107,36597000000,map,-0.2297711532621726,-0.04241977288120212,0.19959058320847603,0.0,0.0,0.0,0.0
36599000000,7108,36599000000,map,-0.24695518528830457,0.021123109482717235,0.2164146629992728,0.0,0.0,0.0,0.0
36601000000,7109,36601000000,map,-0.24892931031741727,0.0832988510430119,0.2300272120731569,0.0,0.0,0.0,0.0
36603000000,7110,36603000000,map,-0.2355719424914104,0.140083281335058,0.24022622415716888,0.0,0.0,0.0,0.0
36605000000,7111,36605000000,map,-0.20770575869456886,0.18780116912713657,0.246860348875415,0.0,0.0,0.0,0.0
36607000000,7112,36607000000,map,-0.16704703009313462,0.22336409263583984,0.2498311377447583,0.0,0.0,0.0,0.0
36609000000,7113,36609000000,map,-0.116099917431679,0.24447032995414283,0.2490945051215241,0.0,0.0,0.0,0.0
36611000000,7114,36611000000,map,-0.058002240410168715,0.2497538322871481,0.24466138241984464,0.0,0.0,0.0,0.0
36613000000,7115,36613000000,map,0.003667779833381711,0.2388726380675115,0.23659755589244372,0.0,0.0,0.0,0.0
36615000000,7116,36615000000,map,0.06511190245066249,0.21253100556866408,0.22502269038201167,0.0,0.0,0.0,0.0
36617000000,7117,36617000000,map,0.12254579957066458,0.17243383153689978,0.2101085535295391,0.0,0.0,0.0,0.0
36619000000,7118,36619000000,map,0.17243213209053104,0.12117630598333469,0.19207646679231594,0.0,0.0,0.0,0.0
36621000000,7119,36621000000,map,0.2116984134893065,0.062075944955900325,0.1711940210980401,0.0,0.0,0.0,0.0
36623000000,7120,36623000000,map,0.23792624349089136,-0.001042127448323306,0.1477711058734053,0.0,0.0,0.0,0.0
36625000000,7121,36625000000,map,0.24950025672238774,-0.0640927507414883,0.1221553103742758,0.0,0.0,0.0,0.0
36627000000,7122,36627000000,map,0.24570761265502225,-0.12299512991195503,0.0947267655628454,0.0,0.0,0.0,0.0
36629000000,7123,36629000000,map,0.22678189927154593,-0.17393695474650153,0.06589250307472189,0.0,0.0,0.0,0.0
36631000000,7124,36631000000,map,0.19388874644138857,-0.21362114214270028,0.03608041498675806,0.0,0.0,0.0,0.0
36633000000,7125,36633000000,map,0.14905403507413575,-0.23947923162332493,0.00573290402389451,0.0,0.0,0.0,0.0
36635000000,7126,36635000000,map,0.09503912363000348,-0.24983762256325173,-0.02469968156869079,0.0,0.0,0.0,0.0
36637000000,7127,36637000000,map,0.03517077675443213,-0.2440258938330195,-0.05476573106371286,0.0,0.0,0.0,0.0
36639000000,7128,36639000000,map,-0.026863729308388033,-0.22242019514170036,-0.08401907302261995,0.0,0.0,0.0,0.0
36641000000,7129,36641000000,map,-0.08724370512131001,-0.18641890168135267,-0.11202559635066754,0.0,0.0,0.0,0.0
36644000000,7130,36643000000,map,-0.1422503633447538,-0.138352107765025,-0.13836969237931426,0.0,0.0,0.0,0.0
36645000000,7131,36645000000,map,-0.18849585790098095,-0.08133081725897857,-0.16266042237810277,0.0,0.0,0.0,0.0
36648000000,7132,36647000000,map,-0.22313194055240257,-0.019045591584139772,-0.18453731897182749,0.0,0.0,0.0,0.0
36649000000,7133,36649000000,map,-0.2440253837857641,0.044472312708113845,-0.2036757353716444,0.0,0.0,0.0,0.0
36651000000,7134,36651000000,map,-0.2498893657506468,0.10511185700328049,-0.21979166303908734,0.0,0.0,0.0,0.0
36654000000,7135,36654000000,map,-0.22997484536609034,0.18220284058687447,-0.2377883874782124,0.0,0.0,0.0,0.0
36655000000,7136,36655000000,map,-0.2160322057667767,0.20249720396310397,-0.2420478312966779,0.0,0.0,0.0,0.0
36657000000,7137,36657000000,map,-0.1783963176828643,0.2329399818937632,-0.24785779681667702,0.0,0.0,0.0,0.0
36659000000,7138,36659000000,map,-0.12977304580523397,0.24830629798283127,-0.24998962465013883,0.0,0.0,0.0,0.0
36661000000,7139,36661000000,map,-0.07315708507142583,0.24760160558226174,-0.2484116790914028,0.0,0.0,0.0,0.0
36663000000,7140,36663000000,map,-0.012035398091129456,0.2308715141577209,-0.2431473763941069,0.0,0.0,0.0,0.0
36665000000,7141,36665000000,map,0.049827545994091636,0.1991988373287783,-0.23427483728063161,0.0,0.0,0.0,0.0
36667000000,7142,36667000000,map,0.10862162420561369,0.1546335104468582,-0.22192572765335372,0.0,0.0,0.0,0.0
36669000000,7143,36669000000,map,0.1607257242328083,0.10005991362045655,-0.20628330471110953,0.0,0.0,0.0,0.0
36671000000,7144,36671000000,map,0.20293076781897507,0.03901018737518012,-0.18757969746510333,0.0,0.0,0.0,0.0
36673000000,7145,36673000000,map,0.23263735707313363,-0.024564376369728275,-0.16609246201235042,0.0,0.0,0.0,0.0
36675000000,7146,36675000000,map,0.24801587072518735,-0.08654907185740224,-0.14214046268358366,0.0,0.0,0.0,0.0
36677000000,7147,36677000000,map,0.24811915003416543,-0.1429320936064855,-0.11607914018928796,0.0,0.0,0.0,0.0
36680000000,7148,36680000000,map,0.21987763543273717,-0.20917874618561144,-0.07388532950347364,0.0,0.0,0.0,0.0
36682000000,7149,36681000000,map,0.203415751401053,-0.224894854780398,-0.059201058114844655,0.0,0.0,0.0,0.0
36684000000,7150,36684000000,map,0.13642084798328216,-0.24939915410286692,-0.014051218650201666,0.0,0.0,0.0,0.0
36686000000,7151,36685000000,map,0.10937067168580583,-0.2495766575606413,0.001178092884848795,0.0,0.0,0.0,0.0
36688000000,7152,36688000000,map,0.019873044091859273,-0.22609733256063005,0.046613861894451936,0.0,0.0,0.0,0.0
36690000000,7153,36690000000,map,-0.042107822154170395,-0.19186169218607957,0.07613295790287594,0.0,0.0,0.0,0.0
36692000000,7154,36692000000,map,-0.10149527835289911,-0.14520828025664878,0.10452226293751941,0.0,0.0,0.0,0.0
36694000000,7155,36694000000,map,-0.1546316661944639,-0.08915662300005571,0.13136048796052216,0.0,0.0,0.0,0.0
36696000000,7156,36696000000,map,-0.1982443290779386,-0.02733452473260668,0.15624936151043722,0.0,0.0,0.0,0.0
36698000000,7157,36698000000,map,-0.22964717419866645,0.03625673276543872,0.17881953993584718,0.0,0.0,0.0,0.0
36700000000,7158,36700000000,map,-0.24690610831937698,0.09750136327570906,0.19873608834687084,0.0,0.0,0.0,0.0
36702000000,7159,36702000000,map,-0.2489581580810226,0.15243546018382298,0.21570345095209173,0.0,0.0,0.0,0.0
36704000000,7160,36704000000,map,-0.23567693826116728,0.19750355049227247,0.2294698370205285,0.0,0.0,0.0,0.0
36705000000,7161,36705000000,map,-0.22350607241877524,0.2153958592809902,0.23508688003180322,0.0,0.0,0.0,0.0
36707000000,7162,36707000000,map,-0.18904155650807342,0.2404482793816818,0.24368445253727922,0.0,0.0,0.0,0.0
36709000000,7163,36709000000,map,-0.14293401925447244,0.2499382817320679,0.24866581857263945,0.0,0.0,0.0,0.0
36711000000,7164,36711000000,map,-0.0880232121404192,0.24325164949755892,0.2499570561133584,0.0,0.0,0.0,0.0
36713000000,7165,36713000000,map,-0.027691077797599162,0.22082115834381175,0.24753900356952666,0.0,0.0,0.0,0.0
36715000000,7166,36715000000,map,0.03434654297774704,0.18409856610655792,0.241447544138258,0.0,0.0,0.0,0.0
36717000000,7167,36717000000,map,0.09426876891412331,0.1354606513713461,0.23177307330765046,0.0,0.0,0.0,0.0
36720000000,7168,36720000000,map,0.1722045233133705,0.047210281180165285,0.2108713023598322,0.0,0.0,0.0,0.0
36721000000,7169,36721000000,map,0.1933622471185735,0.015598172609189682,0.20230040315783254,0.0,0.0,0.0,0.0
36723000000,7170,36723000000,map,0.22643035728890376,-0.04786859014746901,0.18293956970015335,0.0,0.0,0.0,0.0
36726000000,7171,36725000000,map,0.24555267939396164,-0.10823717728436877,0.16086396618344515,0.0,0.0,0.0,0.0
36727000000,7172,36727000000,map,0.24955147448293558,-0.1616003819192796,0.13640118814961893,0.0,0.0,0.0,0.0
36729000000,7173,36729000000,map,0.23818045778425617,-0.20450440315527732,0.10991425611672959,0.0,0.0,0.0,0.0
36731000000,7174,36731000000,map,0.21213996732175167,-0.23417238476609237,0.08179622846003459,0.0,0.0,0.0,0.0
36733000000,7175,36733000000,map,0.17303383027431657,-0.24868414031981437,0.05246436854002464,0.0,0.0,0.0,0.0
36735000000,7176,36735000000,map,0.12327058366757788,-0.2471004324770591,0.02235395263484082,0.0,0.0,0.0,0.0
36737000000,7177,36737000000,map,0.06591513319223652,-0.2295237627948562,-0.008088189432111386,0.0,0.0,0.0,0.0
36739000000,7178,36739000000,map,0.0044999864433363,-0.19709173756836004,-0.03841030511790367,0.0,0.0,0.0,0.0
36741000000,7179,36741000000,map,-0.05719231332531387,-0.15190343908798887,-0.06816242303656551,0.0,0.0,0.0,0.0
36743000000,7180,36743000000,map,-0.11536215307510679,-0.0968835677517339,-0.0969030304026999,0.0,0.0,0.0,0.0
36745000000,7181,36745000000,map,-0.16642686718337057,-0.03559314809518046,-0.12420562495395127,0.0,0.0,0.0,0.0
36747000000,7182,36747000000,map,-0.20724139290755866,0.028000949679740074,-0.149665044120494,0.0,0.0,0.0,0.0
36749000000,7183,36749000000,map,-0.23529197399784335,0.08978275552458231,-0.17290347751942772,0.0,0.0,0.0,0.0
36751000000,7184,36751000000,map,-0.24885098230539526,0.14575359548563904,-0.19357607355108564,0.0,0.0,0.0,0.0
36753000000,7185,36753000000,map,-0.2470833219602257,0.19229089594543494,-0.21137605689728528,0.0,0.0,0.0,0.0
36756000000,7186,36755000000,map,-0.23009786271294205,0.2263826457031985,-0.22603928097714404,0.0,0.0,0.0,0.0
36758000000,7187,36758000000,map,-0.17861626681782383,0.2496147660459855,-0.24169023564237588,0.0,0.0,0.0,0.0
36760000000,7188,36760000000,map,-0.1300414609309009,0.2450377019575384,-0.2476691610393807,0.0,0.0,0.0,0.0
36762000000,7189,36762000000,map,-0.07345743456837892,0.2246011811398957,-0.24997274804997502,0.0,0.0,0.0,0.0
36764000000,7190,36764000000,map,-0.012349183510081022,0.1896279066506303,-0.2485668121122116,0.0,0.0,0.0,0.0
36765000000,7191,36765000000,map,0.018729989847488877,0.16736422297883768,-0.24647714550117691,0.0,0.0,0.0,0.0
36768000000,7192,36768000000,map,0.10833858206827995,0.08591968209902258,-0.23476456474661817,0.0,0.0,0.0,0.0
36769000000,7193,36769000000,map,0.1354586786821158,0.055358026041008056,-0.2290941759553751,0.0,0.0,0.0,0.0
36771000000,7194,36771000000,map,0.18303061396746725,-0.00795229264090986,-0.21522547615064666,0.0,0.0,0.0,0.0
36773000000,7195,36773000000,map,0.2193297403307509,-0.07074791893025953,-0.198162892816306,0.0,0.0,0.0,0.0
36775000000,7196,36775000000,map,0.24212040381948421,-0.12896456186323388,-0.178159629731287,0.0,0.0,0.0,0.0
36777000000,7197,36777000000,map,0.24999893327114273,-0.17883429380219215,-0.1555125295075722,0.0,0.0,0.0,0.0
36779000000,7198,36779000000,map,0.2424800920622444,-0.21712942019434417,-0.13055766853208225,0.0,0.0,0.0,0.0
36781000000,7199,36781000000,map,0.22002696370896055,-0.24137138408648218,-0.10366536969074544,0.0,0.0,0.0,0.0
36783000000,7200,36783000000,map,0.18402243067074864,-0.24999118456885736,-0.07523470688447223,0.0,0.0,0.0,0.0
36785000000,7201,36785000000,map,0.13668400297238056,-0.24243092646160894,-0.04568758288853357,0.0,0.0,0.0,0.0
36787000000,7202,36787000000,map,0.08092724232500628,-0.21917992869542618,-0.015462468437521278,0.0,0.0,0.0,0.0
36789000000,7203,36789000000,map,0.020186193423636246,-0.18174305435887628,0.014992104552403036,0.0,0.0,0.0,0.0
36791000000,7204,36791000000,map,-0.0417981179918833,-0.13254331217253026,0.04522419906668855,0.0,0.0,0.0,0.0
36793000000,7205,36793000000,map,-0.10120809396061897,-0.07476503326538625,0.07478517960739653,0.0,0.0,0.0,0.0
36795000000,7206,36795000000,map,-0.15438468918598458,-0.012147773252650262,0.10323636981260685,0.0,0.0,0.0,0.0
36797000000,7207,36797000000,map,-0.19805277070413385,0.051255721215694085,0.1301555622862155,0.0,0.0,0.0,0.0
36799000000,7208,36799000000,map,-0.22952283249101607,0.11134181641774155,0.15514328403393243,0.0,0.0,0.0,0.0
36801000000,7209,36801000000,map,-0.24685664145200278,0.1642215890597749,0.17782872452541418,0.0,0.0,0.0,0.0
36803000000,7210,36803000000,map,-0.2489866127056936,0.20647252718013875,0.1978752384153066,0.0,0.0,0.0,0.0
36805000000,7211,36805000000,map,-0.2357815618647937,0.23536004373564848,0.2149853412622499,0.0,0.0,0.0,0.0
36807000000,7212,36807000000,map,-0.20805478464908658,0.24901446595673252,0.2289051241115506,0.0,0.0,0.0,0.0
36809000000,7213,36809000000,map,-0.16751396620934078,0.24655204527478608,0.23942802143029265,0.0,0.0,0.0,0.0
36811000000,7214,36811000000,map,-0.1166560052329134,0.2281321557532039,0.24639787647982583,0.0,0.0,0.0,0.0
36813000000,7215,36813000000,map,-0.05861323059008965,0.19494697899702348,0.2497112586363939,0.0,0.0,0.0,0.0
36815000000,7216,36815000000,map,0.003039518003993478,0.14914434315944752,0.24931899827153822,0.0,0.0,0.0,0.0
36817000000,7217,36817000000,map,0.06450506345816999,0.09368871009784353,0.245226916415097,0.0,0.0,0.0,0.0
36819000000,7218,36819000000,map,0.12199775847433693,0.03216930794321114,0.23749573837281415,0.0,0.0,0.0,0.0
36821000000,7219,36821000000,map,0.17197664260159745,-0.031432172778329784,0.2262401925804947,0.0,0.0,0.0,0.0
36823000000,7220,36823000000,map,0.2113635290896401,-0.09299928417610825,0.2116273080671121,0.0,0.0,0.0,0.0
36825000000,7221,36825000000,map,0.23773258962548902,-0.14854724786128734,0.19387393579303247,0.0,0.0,0.0,0.0
36827000000,7222,36827000000,map,0.24945976048338728,-0.19448085983263377,0.1732435306443715,0.0,0.0,0.0,0.0
36829000000,7223,36829000000,map,0.24582276819554535,-0.2278271811281163,0.15004224183886755,0.0,0.0,0.0,0.0
36831000000,7224,36831000000,map,0.22704561419107,-0.24642795391423128,0.12461436976121329,0.0,0.0,0.0,0.0
36833000000,7225,36833000000,map,0.19428477860533636,-0.24907928936583135,0.0973372566446765,0.0,0.0,0.0,0.0
36835000000,7226,36835000000,map,0.14955799296224828,-0.23560958638019341,0.06861568692188642,0.0,0.0,0.0,0.0
36837000000,7227,36837000000,map,0.09561996860402887,-0.2068906380323069,0.0388758803424293,0.0,0.0,0.0,0.0
36839000000,7228,36839000000,map,0.03579273472068737,-0.1647812069329254,0.008559166994679103,0.0,0.0,0.0,0.0
36841000000,7229,36841000000,map,-0.02623896458292935,-0.11200672143459445,-0.02188456190441104,0.0,0.0,0.0,0.0
36843000000,7230,36843000000,map,-0.08665461273726215,-0.05198287905043926,-0.052003530263785055,0.0,0.0,0.0,0.0
36845000000,7231,36845000000,map,-0.14173322535167782,0.011405426085032908,-0.08135078134410216,0.0,0.0,0.0,0.0
36847000000,7232,36847000000,map,-0.18808252469644127,0.07405554334154829,-0.10949081046687453,0.0,0.0,0.0,0.0
36849000000,7233,36849000000,map,-0.22284786922324837,0.13191259946586908,-0.13600602777624768,0.0,0.0,0.0,0.0
36851000000,7234,36851000000,map,-0.24388807021279596,0.18123194018353936,-0.16050295515167967,0.0,0.0,0.0,0.0
36853000000,7235,36853000000,map,-0.24990726704196567,0.21882149364671868,-0.18261806530880884,0.0,0.0,0.0,0.0
36855000000,7236,36855000000,map,-0.24053473891031107,0.24224836935780353,-0.20202317643872617,0.0,0.0,0.0,0.0
36857000000,7237,36857000000,map,-0.21634773743957617,0.24999632096535107,-0.21843032233066229,0.0,0.0,0.0,0.0
36859000000,7238,36859000000,map,-0.17883593389331778,0.24156388154271222,-0.23159602570688304,0.0,0.0,0.0,0.0
36862000000,7239,36861000000,map,-0.13030967070315666,0.2174968197903936,-0.24132491135471593,0.0,0.0,0.0,0.0
36864000000,7240,36864000000,map,-0.04354686433212359,0.15574187134160236,-0.24917287782417477,0.0,0.0,0.0,0.0
36865000000,7241,36865000000,map,-0.01266294942798622,0.1296006475916734,-0.249947877962996,0.0,0.0,0.0,0.0
36867000000,7242,36867000000,map,0.049211677041398526,0.07146039860839118,-0.24871399660444002,0.0,0.0,0.0,0.0
36869000000,7243,36869000000,map,0.10805536884933237,0.00869505279072147,-0.24378927180322457,0.0,0.0,0.0,0.0
36872000000,7244,36871000000,map,0.16024395799636057,-0.0546330587254142,-0.2352467850444935,0.0,0.0,0.0,0.0
36873000000,7245,36873000000,map,0.20256316256188756,-0.11442518119183344,-0.2232133043496593,0.0,0.0,0.0,0.0
36875000000,7246,36875000000,map,0.2324065535097874,-0.16681141797072982,-0.2078674030756648,0.0,0.0,0.0,0.0
36878000000,7247,36878000000,map,0.24999781813643657,-0.22427381131875254,-0.17914854258983726,0.0,0.0,0.0,0.0
36879000000,7248,36879000000,map,0.24819529416854244,-0.2365027318735471,-0.16819502958511107,0.0,0.0,0.0,0.0
36882000000,7249,36882000000,map,0.22017594453246736,-0.24965490410804378,-0.13176119829053687,0.0,0.0,0.0,0.0
36883000000,7250,36883000000,map,0.20378037327890672,-0.245956548757115,-0.11857583402381748,0.0,0.0,0.0,0.0
36885000000,7251,36885000000,map,0.16184174588062997,-0.22669695893051145,-0.09093475326077143,0.0,0.0,0.0,0.0
36887000000,7252,36887000000,map,0.10993532655179349,-0.1927649714194302,-0.061944227181469295,0.0,0.0,0.0,0.0
36889000000,7253,36889000000,map,0.05125801844571795,-0.14635674984840308,-0.03203446676935408,0.0,0.0,0.0,0.0
36891000000,7254,36891000000,map,-0.010576257967984698,-0.0904759511080121,-0.0016493241786218501,0.0,0.0,0.0,0.0
36893000000,7255,36893000000,map,-0.07175914534594906,-0.028739321121415806,0.028760293903802032,0.0,0.0,0.0,0.0
36895000000,7256,36895000000,map,-0.12852240522903127,0.03485739005335142,0.058743117581357855,0.0,0.0,0.0,0.0
36897000000,7257,36897000000,map,-0.17737000289050128,0.09619804322202667,0.08785421046255641,0.0,0.0,0.0,0.0
36899000000,7258,36899000000,map,-0.21529342722536626,0.15131251694292275,0.11566157238763414,0.0,0.0,0.0,0.0
36902000000,7259,36902000000,map,-0.24680678476426068,0.2146747940203585,0.15403224547344985,0.0,0.0,0.0,0.0
36903000000,7260,36903000000,map,-0.2498416515670021,0.22922818504425768,0.16573996132639887,0.0,0.0,0.0,0.0
36906000000,7261,36905000000,map,-0.2443386352312154,0.2469864813039584,0.18726783959913904,0.0,0.0,0.0,0.0
36908000000,7262,36908000000,map,-0.20822880494377632,0.24357401219281719,0.21426035689305192,0.0,0.0,0.0,0.0
36910000000,7263,36909000000,map,-0.18945211784889907,0.23443157969686823,0.22170836726367824,0.0,0.0,0.0,0.0
36912000000,7264,36911000000,map,-0.14344906343577224,0.2049309666576888,0.23410992923216736,0.0,0.0,0.0,0.0
36914000000,7265,36913000000,map,-0.08861101772232442,0.1621667057300609,0.24303736787435018,0.0,0.0,0.0,0.0
36916000000,7266,36915000000,map,-0.028315441983952142,0.10890660750094815,0.2483582025948751,0.0,0.0,0.0,0.0
36917000000,7267,36917000000,map,0.03372407461824593,0.048597799561500905,0.24999347375248412,0.0,0.0,0.0,0.0
36920000000,7268,36919000000,map,0.09368653404928029,-0.01485638026589482,0.24791891439834937,0.0,0.0,0.0,0.0
36921000000,7269,36921000000,map,0.14787886369724554,-0.07734901777512605,0.2421653103904945,0.0,0.0,0.0,0.0
36923000000,7270,36923000000,map,0.19296337177407263,-0.134835432198702,0.23281804354057356,0.0,0.0,0.0,0.0
36925000000,7271,36925000000,map,0.22616331490390443,-0.18359495812522625,0.22001582457279736,0.0,0.0,0.0,0.0
36927000000,7272,36927000000,map,0.24543391704097817,-0.2204717563295265,0.20394863469667868,0.0,0.0,0.0,0.0
36929000000,7273,36929000000,map,0.24958830670504253,-0.24307906762793186,0.18485490634149684,0.0,0.0,0.0,0.0
36931000000,7274,36931000000,map,0.23837061609429586,-0.24995368994012493,0.1630179848881203,0.0,0.0,0.0,0.0
36933000000,7275,36933000000,map,0.21247173991780227,-0.24065068040942206,0.1387619239059256,0.0,0.0,0.0,0.0
36935000000,7276,36935000000,map,0.17348678336647913,-0.21577215322442325,0.11244667629198556,0.0,0.0,0.0,0.0
36937000000,7277,36937000000,map,0.12381681999052743,-0.1769283092736622,0.08446275267466553,0.0,0.0,0.0,0.0
36939000000,7278,36939000000,map,0.06652101018972872,-0.1266332198914371,0.05522542634936635,0.0,0.0,0.0,0.0
36941000000,7279,36941000000,map,0.005128188305099757,-0.06814210983425507,0.025168570743483328,0.0,0.0,0.0,0.0
36943000000,7280,36943000000,map,-0.05658047739158959,-0.005240670943329374,-0.005261779139188871,0.0,0.0,0.0,0.0
36945000000,7281,36945000000,map,-0.11480436588905843,0.05799995735986791,-0.03561404574831147,0.0,0.0,0.0,0.0
36947000000,7282,36947000000,map,-0.16595748271596647,0.11748668246083821,-0.06543781026663711,0.0,0.0,0.0,0.0
36949000000,7283,36949000000,map,-0.20688932042833055,0.1693693738072366,-0.09429049669427765,0.0,0.0,0.0,0.0
36951000000,7284,36951000000,map,-0.23507889756133357,0.21029005304859139,-0.12174393954847137,0.0,0.0,0.0,0.0
36953000000,7285,36953000000,map,-0.24879002523510957,0.23760023084358117,-0.1473907377138901,0.0,0.0,0.0,0.0
36955000000,7286,36955000000,map,-0.24717823858656301,0.24953232375688184,-0.17085030015778047,0.0,0.0,0.0,0.0
36957000000,7287,36957000000,map,-0.23034280714507055,0.2453140567071318,-0.19177449379019315,0.0,0.0,0.0,0.0
36959000000,7288,36959000000,map,-0.19932062084747168,0.2252184465533232,-0.2098528096571625,0.0,0.0,0.0,0.0
36961000000,7289,36961000000,map,-0.15602232825101978,0.19054613175708043,-0.22481697080413748,0.0,0.0,0.0,0.0
36963000000,7290,36963000000,map,-0.10311466017442208,0.14354119178764177,-0.23644491342783341,0.0,0.0,0.0,0.0
36966000000,7291,36966000000,map,-0.012976695349592905,0.056735755885070925,-0.2472681362981039,0.0,0.0,0.0,0.0
36968000000,7292,36968000000,map,0.048903625754064386,-0.006539171727353502,-0.2499150151844843,0.0,0.0,0.0,0.0
36970000000,7293,36969000000,map,0.07894796130085621,-0.03827594703953083,-0.24984801115812122,0.0,0.0,0.0,0.0
36971000000,7294,36971000000,map,0.13493015908273334,-0.09937842146766246,-0.2469343592976048,0.0,0.0,0.0,0.0
36973000000,7295,36973000000,map,0.18260204271430852,-0.15404887436385692,-0.24035627329502451,0.0,0.0,0.0,0.0
36976000000,7296,36976000000,map,0.23229060113438774,-0.2164252320547378,-0.22384639625149458,0.0,0.0,0.0,0.0
36977000000,7297,36977000000,map,0.24196313455115884,-0.23058538975830356,-0.21665019693497556,0.0,0.0,0.0,0.0
36980000000,7298,36979000000,map,0.24999630822105268,-0.24749781636955057,-0.19987399786260976,0.0,0.0,0.0,0.0
36981000000,7299,36981000000,map,0.2426322729065565,-0.24839156145575378,-0.1801317267378615,0.0,0.0,0.0,0.0
36983000000,7300,36983000000,map,0.22032457766821217,-0.23320877958582945,-0.1577163531279456,0.0,0.0,0.0,0.0
36985000000,7301,36985000000,map,0.1844471477769505,-0.20293213861120457,-0.1329605146639018,0.0,0.0,0.0,0.0
36987000000,7302,36987000000,map,0.13720966500688714,-0.15952121892934687,-0.10623158079568018,0.0,0.0,0.0,0.0
36990000000,7303,36990000000,map,0.05156546292502341,-0.07611284759246303,-0.06331286240310695,0.0,0.0,0.0,0.0
36992000000,7304,36992000000,map,-0.010262371688205917,-0.01355961824850737,-0.033436009636405306,0.0,0.0,0.0,0.0
36994000000,7305,36993000000,map,-0.04117851214212605,0.01830449580128403,-0.018283439549565197,0.0,0.0,0.0,0.0
36996000000,7306,36995000000,map,-0.10063324616583748,0.08062771293860331,0.012168861123835037,0.0,0.0,0.0,0.0
36998000000,7307,36998000000,map,-0.17714846683928623,0.16315304136540243,0.05736805018724944,0.0,0.0,0.0,0.0
36999000000,7308,36999000000,map,-0.1976687160024403,0.18592289611966215,0.07208249187728755,0.0,0.0,0.0,0.0
37002000000,7309,37002000000,map,-0.23986864502797095,0.2348796060826986,0.11440640921190547,0.0,0.0,0.0,0.0
37003000000,7310,37003000000,map,-0.2467565383349534,0.24386332017316364,0.12773326347898117,0.0,0.0,0.0,0.0
37006000000,7311,37005000000,map,-0.24904234235918177,0.24986329963878792,0.15291628135724056,0.0,0.0,0.0,0.0
37007000000,7312,37007000000,map,-0.23598969191368674,0.23969149754930527,0.17583006605172477,0.0,0.0,0.0,0.0
37010000000,7313,37010000000,map,-0.1896569499249981,0.19582890586177581,0.2052125679151373,0.0,0.0,0.0,0.0
37012000000,7314,37012000000,map,-0.14370624594127995,0.1502765386892484,0.2210515627436967,0.0,0.0,0.0,0.0
37014000000,7315,37014000000,map,-0.08890471085183392,0.09499789574887886,0.23361021661038062,0.0,0.0,0.0,0.0
37015000000,7316,37015000000,map,-0.059223850537211485,0.06481080097714219,0.2385991937741461,0.0,0.0,0.0,0.0
37017000000,7317,37017000000,map,0.0024112369755849386,0.0017852877476177541,0.2459038876497827,0.0,0.0,0.0,0.0
37019000000,7318,37019000000,map,0.06389781701663863,-0.06135577379754271,0.24955943928315738,0.0,0.0,0.0,0.0
37021000000,7319,37021000000,map,0.12144894677366368,-0.12052573525565566,0.2495116013501973,0.0,0.0,0.0,0.0
37023000000,7320,37023000000,map,0.17152006681488652,-0.171894967814447,0.24576108375192765,0.0,0.0,0.0,0.0
37025000000,7321,37025000000,map,0.2110273096029275,-0.21213872546785034,0.2383635430797468,0.0,0.0,0.0,0.0
37027000000,7322,37027000000,map,0.23753743411177486,-0.23865233094373572,0.22742875668778162,0.0,0.0,0.0,0.0
37029000000,7323,37029000000,map,0.2494176885209755,-0.2497197569717632,0.21311899362884948,0.0,0.0,0.0,0.0
37031000000,7324,37031000000,map,0.2459363709858616,-0.2446246918873603,0.19564660662886363,0.0,0.0,0.0,0.0
37033000000,7325,37033000000,map,0.2273078949671929,-0.2236969011248881,0.17527088083408257,0.0,0.0,0.0,0.0
37035000000,7326,37035000000,map,0.19467958356103007,-0.18829088396921273,0.1522941860949681,0.0,0.0,0.0,0.0
37037000000,7327,37037000000,map,0.15006100616079354,-0.14069820695269508,0.12705748988511043,0.0,0.0,0.0,0.0
37040000000,7328,37040000000,map,0.06682379135910124,-0.05336485817602232,0.08579198472485154,0.0,0.0,0.0,0.0
37042000000,7329,37041000000,map,0.036414466600577025,-0.021863530021517707,0.07133009422529507,0.0,0.0,0.0,0.0
37043000000,7330,37043000000,map,-0.025614034117909676,0.041687190544868184,0.04166637313463482,0.0,0.0,0.0,0.0
37045000000,7331,37045000000,map,-0.086064972995371,0.10253981122977884,0.011384335173230677,0.0,0.0,0.0,0.0
37048000000,7332,37048000000,map,-0.16572239719240855,0.18025524444812718,-0.03421418543105296,0.0,0.0,0.0,0.0
37050000000,7333,37050000000,map,-0.20671279398981587,0.21813431717924042,-0.06407234328316067,0.0,0.0,0.0,0.0
37052000000,7334,37052000000,map,-0.23497180242627397,0.24189518794884315,-0.09297968617818793,0.0,0.0,0.0,0.0
37054000000,7335,37054000000,map,-0.24875895736561127,0.249999993404288,-0.12050723754663578,0.0,0.0,0.0,0.0
37056000000,7336,37056000000,map,-0.24722511144476572,0.24192417014017123,-0.1462464965246897,0.0,0.0,0.0,0.0
37058000000,7337,37058000000,map,-0.23046473384354713,0.21819040576153773,-0.16981549998825538,0.0,0.0,0.0,0.0
37059000000,7338,37059000000,map,-0.21666190254248252,0.2008945358139235,-0.1806754532047015,0.0,0.0,0.0,0.0
37061000000,7339,37061000000,map,-0.17927442047897607,0.1568452520109048,-0.20034477698199438,0.0,0.0,0.0,0.0
37063000000,7340,37063000000,map,-0.1308454724941831,0.10264454878313267,-0.21704104248156392,0.0,0.0,0.0,0.0
37066000000,7341,37066000000,map,-0.044165439265975784,0.010107767612922581,-0.23598194760548716,0.0,0.0,0.0,0.0
37068000000,7342,37067000000,map,-0.013290420778999288,-0.021749113850695542,-0.2405711238548005,0.0,0.0,0.0,0.0
37069000000,7343,37069000000,map,0.048595497241230065,-0.0838910023637168,-0.24705576015784916,0.0,0.0,0.0,0.0
37071000000,7344,37071000000,map,0.10748843095661409,-0.1406032540848521,-0.24987416076530725,0.0,0.0,0.0,0.0
37073000000,7345,37073000000,map,0.15976117957180858,-0.18821530936161124,-0.24898450143108172,0.0,0.0,0.0,0.0
37075000000,7346,37075000000,map,0.2021942778059074,-0.2236455961564236,-0.2443999844411908,0.0,0.0,0.0,0.0
37078000000,7347,37078000000,map,0.2418839267155617,-0.24918729756701427,-0.23075893359469182,0.0,0.0,0.0,0.0
37079000000,7348,37079000000,map,0.24785473115237466,-0.2497251673324527,-0.224472330120131,0.0,0.0,0.0,0.0
37081000000,7349,37081000000,map,0.24826987056652242,-0.23868651623576007,-0.20942491338885652,0.0,0.0,0.0,0.0
37083000000,7350,37083000000,map,0.233394131852023,-0.21219947313319973,-0.1912696917940017,0.0,0.0,0.0,0.0
37085000000,7351,37085000000,map,0.20414370796930187,-0.17197834611111054,-0.17027608354858811,0.0,0.0,0.0,0.0
37088000000,7352,37088000000,map,0.13747217122239377,-0.09179238602729978,-0.13415557930140784,0.0,0.0,0.0,0.0
37090000000,7353,37090000000,map,0.08181839681735524,-0.030143198500282308,-0.10750961131663567,0.0,0.0,0.0,0.0
37092000000,7354,37092000000,map,0.02112544818021564,0.03345693269118225,-0.07926823193819152,0.0,0.0,0.0,0.0
37094000000,7355,37093000000,map,-0.009948469203195837,0.0646998668344262,-0.06467947304181633,0.0,0.0,0.0,0.0
37096000000,7356,37096000000,map,-0.10034558367109947,0.15018473511578118,-0.019693070667101405,0.0,0.0,0.0,0.0
37098000000,7357,37098000000,map,-0.15364229695517165,0.19575748922016953,0.01075663314281742,0.0,0.0,0.0,0.0
37100000000,7358,37099000000,map,-0.17692665104630143,0.21394686401075702,0.025949853155884963,0.0,0.0,0.0,0.0
37101000000,7359,37101000000,map,-0.21497336652767496,0.23965883114668943,0.05599114831015717,0.0,0.0,0.0,0.0
37104000000,7360,37103000000,map,-0.23977992708812979,0.24985947560868416,0.08520155109243752,0.0,0.0,0.0,0.0
37105000000,7361,37105000000,map,-0.24981850297748542,0.24388858601645913,0.11314758761288612,0.0,0.0,0.0,0.0
37107000000,7362,37107000000,map,-0.2444708208622047,0.22213261337059714,0.13941454680961118,0.0,0.0,0.0,0.0
37109000000,7363,37109000000,map,-0.22406624312239995,0.18599965897150525,0.16361263464032796,0.0,0.0,0.0,0.0
37112000000,7364,37112000000,map,-0.16821238550884868,0.1101773847919526,0.19525483448944728,0.0,0.0,0.0,0.0
37114000000,7365,37113000000,map,-0.14396320151482386,0.08073642121940806,0.20440185611400452,0.0,0.0,0.0,0.0
37115000000,7366,37115000000,map,-0.08919826358866988,0.018419039517774384,0.22038768956211516,0.0,0.0,0.0,0.0
37117000000,7367,37117000000,map,-0.028939627314584316,-0.045090468774543147,0.23310303373349217,0.0,0.0,0.0,0.0
37119000000,7368,37119000000,map,0.033101393239160753,-0.10568160845394438,0.24235919661535785,0.0,0.0,0.0,0.0
37121000000,7369,37121000000,map,0.09310370740958127,-0.15943276847732155,0.24801881943991694,0.0,0.0,0.0,0.0
37123000000,7370,37123000000,map,0.14737178794089872,-0.20286503849839746,0.249997915048968,0.0,0.0,0.0,0.0
37126000000,7371,37125000000,map,0.19256327756804145,-0.2331673727005797,0.24826711423872527,0.0,0.0,0.0,0.0
37128000000,7372,37127000000,map,0.22589484394858744,-0.2483785277559046,0.2428521015903054,0.0,0.0,0.0,0.0
37130000000,7373,37130000000,map,0.24939606172612716,-0.24102983050456456,0.22801213930350817,0.0,0.0,0.0,0.0
37132000000,7374,37132000000,map,0.2459925898750864,-0.21648270067599265,0.21385462578297068,0.0,0.0,0.0,0.0
37133000000,7375,37133000000,map,0.23855926872590358,-0.19881854759556564,0.20557077942869856,0.0,0.0,0.0,0.0
37136000000,7376,37135000000,map,0.2128021704268667,-0.15413931627824726,0.18674659843030147,0.0,0.0,0.0,0.0
37137000000,7377,37137000000,map,0.17393864062199324,-0.0994838005063759,0.16515115217270201,0.0,0.0,0.0,0.0
37140000000,7378,37140000000,map,0.09649010244306881,-0.0066539856611504584,0.1282729749873568,0.0,0.0,0.0,0.0
37141000000,7379,37141000000,map,0.06712646700458591,0.025189576242578466,0.11496471355797487,0.0,0.0,0.0,0.0
37144000000,7380,37144000000,map,-0.025301507966700002,0.11623693030661326,0.07268389812903267,0.0,0.0,0.0,0.0
37145000000,7381,37145000000,map,-0.05596828406504063,0.14344714116640866,0.05797942034579612,0.0,0.0,0.0,0.0
37147000000,7382,37147000000,map,-0.11424585353623977,0.1904717598341016,0.027979969572718814,0.0,0.0,0.0,0.0
37149000000,7383,37149000000,map,-0.16548704997073516,0.22516856686690215,-0.002434695818886307,0.0,0.0,0.0,0.0
37151000000,7384,37151000000,map,-0.2065359411238399,0.245291897595953,-0.032813231031970584,0.0,0.0,0.0,0.0
37153000000,7385,37153000000,map,-0.23486433623874314,0.2495393194143998,-0.06270482743083652,0.0,0.0,0.0,0.0
37155000000,7386,37155000000,map,-0.24872749667178715,0.23763592849320947,-0.09166590241030347,0.0,0.0,0.0,0.0
37157000000,7387,37157000000,map,-0.24727159390080583,0.21035214224874663,-0.11926668203258003,0.0,0.0,0.0,0.0
37159000000,7388,37159000000,map,-0.23058629660683946,0.16945383598856129,-0.14509757874812282,0.0,0.0,0.0,0.0
37161000000,7389,37161000000,map,-0.1996992480027989,0.11758805101819989,-0.16877526955486616,0.0,0.0,0.0,0.0
37163000000,7390,37163000000,map,-0.15651277354979148,0.05811167146551988,-0.18994838440111422,0.0,0.0,0.0,0.0
37165000000,7391,37165000000,map,-0.10368671721553493,-0.0051258417076437395,-0.20830272041482073,0.0,0.0,0.0,0.0
37167000000,7392,37167000000,map,-0.04447462236241637,-0.06803159750586579,-0.22356590458259198,0.0,0.0,0.0,0.0
37169000000,7393,37169000000,map,0.017476653160337287,-0.12653417710592793,-0.2355114356861361,0.0,0.0,0.0,0.0
37171000000,7394,37171000000,map,0.07835154606401827,-0.1768471463295797,-0.24396204551495237,0.0,0.0,0.0,0.0
37173000000,7395,37173000000,map,0.13440078719094142,-0.2157141231918769,-0.24879232947457217,0.0,0.0,0.0,0.0
37175000000,7396,37175000000,map,0.18217231804740514,-0.2406195391379335,-0.24993060755450106,0.0,0.0,0.0,0.0
37177000000,7397,37177000000,map,0.21872390220922192,-0.2499514529712695,-0.24735998803880718,0.0,0.0,0.0,0.0
37180000000,7398,37180000000,map,0.24781346760746578,-0.23371441529354275,-0.23664824993079223,0.0,0.0,0.0,0.0
37182000000,7399,37181000000,map,0.24999210405840872,-0.22052588218282035,-0.23129911807586204,0.0,0.0,0.0,0.0
37183000000,7400,37183000000,map,0.24278292115356404,-0.18367289455434496,-0.2180472062721735,0.0,0.0,0.0,0.0
37186000000,7401,37186000000,map,0.20432489190170683,-0.10706490274396693,-0.19217697285508162,0.0,0.0,0.0,0.0
37188000000,7402,37188000000,map,0.16255893037950428,-0.04659311912144354,-0.1713084596357041,0.0,0.0,0.0,0.0
37190000000,7403,37190000000,map,0.11078100571635804,0.01689428842599667,-0.1478977786512474,0.0,0.0,0.0,0.0
37192000000,7404,37192000000,map,0.05218010711133017,0.07928825511079547,-0.12229233760507921,0.0,0.0,0.0,0.0
37194000000,7405,37193000000,map,0.021438467038447564,0.10880321282911294,-0.10878420395619341,0.0,0.0,0.0,0.0
37195000000,7406,37195000000,map,-0.04055864618628171,0.16207927645557368,-0.08060772794643375,0.0,0.0,0.0,0.0
37197000000,7407,37197000000,map,-0.10005776271698812,0.20486516142334793,-0.05123505667553608,0.0,0.0,0.0,0.0
37199000000,7408,37199000000,map,-0.15339434711243352,0.23439165758279254,-0.02110207205056221,0.0,0.0,0.0,0.0
37201000000,7409,37201000000,map,-0.19728341271756622,0.24874773579691223,0.009344061192170119,0.0,0.0,0.0,0.0
37204000000,7410,37204000000,map,-0.23969083050311896,0.2400894366970325,0.05461245597986861,0.0,0.0,0.0,0.0
37205000000,7411,37205000000,map,-0.24665487656949753,0.22927399764554426,0.06937058416843796,0.0,0.0,0.0,0.0
37207000000,7412,37207000000,map,-0.24909649892590335,0.1967045706206604,0.09806019774268211,0.0,0.0,0.0,0.0
37210000000,7413,37210000000,map,-0.2242054017717969,0.12486833017204693,0.13823883921593605,0.0,0.0,0.0,0.0
37212000000,7414,37212000000,map,-0.1900657152715775,0.06617514211027972,0.16254110638047783,0.0,0.0,0.0,0.0
37214000000,7415,37214000000,map,-0.14421992975100795,0.0031989323157115544,0.18443131075469185,0.0,0.0,0.0,0.0
37216000000,7416,37216000000,map,-0.08949167546948478,-0.05998432042893788,0.20358460806613835,0.0,0.0,0.0,0.0
37217000000,7417,37217000000,map,-0.059834096394305585,-0.09036887296107275,0.21204438863543007,0.0,0.0,0.0,0.0
37220000000,7418,37220000000,map,0.03278997389623268,-0.17086571284010385,0.23258839682003177,0.0,0.0,0.0,0.0
37222000000,7419,37222000000,map,0.09281207332417836,-0.21138732974725843,0.24200848046478576,0.0,0.0,0.0,0.0
37224000000,7420,37224000000,map,0.14711790078210255,-0.23822742669881583,0.24783722857802884,0.0,0.0,0.0,0.0
37226000000,7421,37226000000,map,0.19236277418133296,-0.24964884507467613,0.24998814423142093,0.0,0.0,0.0,0.0
37228000000,7422,37227000000,map,0.21068975715315708,-0.2493057913950553,0.24967228972189004,0.0,0.0,0.0,0.0
37230000000,7423,37230000000,map,0.24525286694735843,-0.22432453438693503,0.24318385393848235,0.0,0.0,0.0,0.0
37231000000,7424,37231000000,map,0.24937404110087144,-0.20846461885473558,0.23920085901346136,0.0,0.0,0.0,0.0
37234000000,7425,37234000000,map,0.23865303003956448,-0.14186452651518042,0.2219980059291601,0.0,0.0,0.0,0.0
37236000000,7426,37236000000,map,0.2129668817461447,-0.08532936541842692,0.206372004271713,0.0,0.0,0.0,0.0
37237000000,7427,37237000000,map,0.1950731588145249,-0.05474513083020372,0.1973942525596975,0.0,0.0,0.0,0.0
37239000000,7428,37239000000,map,0.15056307149246684,0.008580267440646883,0.1772758123517526,0.0,0.0,0.0,0.0
37242000000,7429,37242000000,map,0.06742903664799761,0.10124884931450039,0.14226965468808384,0.0,0.0,0.0,0.0
37244000000,7430,37244000000,map,0.006070429122438866,0.15565201068706358,0.11621823787734771,0.0,0.0,0.0,0.0
37246000000,7431,37246000000,map,-0.055662054587485264,0.19998098221624705,0.08844217618517941,0.0,0.0,0.0,0.0
37247000000,7432,37247000000,map,-0.08547478962033472,0.2174401653363498,0.07403537778817569,0.0,0.0,0.0,0.0
37250000000,7433,37250000000,map,-0.165251441422251,0.2477777465292918,0.029384349364467002,0.0,0.0,0.0,0.0
37252000000,7434,37252000000,map,-0.20635876210916543,0.24815201244230425,-0.001021014774050546,0.0,0.0,0.0,0.0
37253000000,7435,37253000000,map,-0.22227550548350963,0.24227672262356306,-0.016246285334112084,0.0,0.0,0.0,0.0
37255000000,7436,37255000000,map,-0.24360882235527895,0.21887701456359063,-0.04645952771070193,0.0,0.0,0.0,0.0
37257000000,7437,37257000000,map,-0.24993833387114084,0.18131103529827344,-0.07598332419535553,0.0,0.0,0.0,0.0
37260000000,7438,37260000000,map,-0.23070749524280734,0.10393196353748782,-0.11802231267638473,0.0,0.0,0.0,0.0
37262000000,7439,37262000000,map,-0.19988808870118954,0.04319357166923804,-0.1439440211233541,0.0,0.0,0.0,0.0
37264000000,7440,37264000000,map,-0.1567576256598849,-0.020340416857794228,-0.16772964212159486,0.0,0.0,0.0,0.0
37266000000,7441,37266000000,map,-0.1039725003585435,-0.08255792241716164,-0.18902620396662942,0.0,0.0,0.0,0.0
37268000000,7442,37268000000,map,-0.04478373522713387,-0.13943207147359424,-0.20751767186888292,0.0,0.0,0.0,0.0
37270000000,7443,37270000000,map,0.01716324875678799,-0.18728182597163381,-0.22292963781739192,0.0,0.0,0.0,0.0
37272000000,7444,37272000000,map,0.07805315261863194,-0.22301022938181464,-0.23503339271565626,0.0,0.0,0.0,0.0
37274000000,7445,37274000000,map,0.13413578268009563,-0.24430484952207376,-0.24364932035799935,0.0,0.0,0.0,0.0
37276000000,7446,37276000000,map,0.18195702403183506,-0.2497874449870343,-0.24864956288155904,0.0,0.0,0.0,0.0
37277000000,7447,37277000000,map,0.20182411588084423,-0.2464472739650707,-0.24976848248614522,0.0,0.0,0.0,0.0
37280000000,7448,37280000000,map,0.24172436526678348,-0.21294353303211397,-0.24756094084266286,0.0,0.0,0.0,0.0
37281000000,7449,37281000000,map,0.24777181273123583,-0.19455300881193532,-0.24497943619251367,0.0,0.0,0.0,0.0
37284000000,7450,37284000000,map,0.24285767025535968,-0.12186267702721525,-0.23183190620492652,0.0,0.0,0.0,0.0
37285000000,7451,37285000000,map,0.23361857009843265,-0.09310588566192028,-0.2257026439246095,0.0,0.0,0.0,0.0
37287000000,7452,37287000000,map,0.20450575317721761,-0.03154611197748844,-0.21095563643167553,0.0,0.0,0.0,0.0
37290000000,7453,37290000000,map,0.13799653197743822,0.0633332867624876,-0.1830465934436989,0.0,0.0,0.0,0.0
37291000000,7454,37291000000,map,0.1110625494876734,0.09358221639060896,-0.17233535771810413,0.0,0.0,0.0,0.0
37294000000,7455,37293000000,map,0.05248730584772452,0.14905215076650913,-0.14903520021184832,0.0,0.0,0.0,0.0
37296000000,7456,37295000000,map,-0.009320617598241397,0.1948750548422047,-0.12352340363839778,0.0,0.0,0.0,0.0
37297000000,7457,37297000000,map,-0.0705544865787656,0.22808515494853235,-0.09617855564642488,0.0,0.0,0.0,0.0
37299000000,7458,37299000000,map,-0.12744292269144833,0.24653300983076415,-0.06740644583444667,0.0,0.0,0.0,0.0
37302000000,7459,37301000000,map,-0.17648218163737625,0.24902462789518134,-0.03763404395196174,0.0,0.0,0.0,0.0
37303000000,7460,37303000000,map,-0.21465194794136416,0.2353987453503773,-0.0073031637924966175,0.0,0.0,0.0,0.0
37305000000,7461,37305000000,map,-0.23960135541350516,0.2065372636052263,0.023136093195735646,0.0,0.0,0.0,0.0
37308000000,7462,37308000000,map,-0.2491229871944396,0.13900558995250137,0.06801128117631848,0.0,0.0,0.0,0.0
37310000000,7463,37309000000,map,-0.24460146228262133,0.11144463889321536,0.08253799370185995,0.0,0.0,0.0,0.0
37311000000,7464,37311000000,map,-0.2243442063703618,0.05136812990616774,0.11061913027620884,0.0,0.0,0.0,0.0
37313000000,7465,37313000000,map,-0.1902696478967091,-0.012033053720737489,0.13705871109903547,0.0,0.0,0.0,0.0
37315000000,7466,37315000000,map,-0.14447643024423729,-0.07465542782840182,0.16146438047328113,0.0,0.0,0.0,0.0
37317000000,7467,37317000000,map,-0.08978494603051651,-0.13244591477041442,0.18347396535680557,0.0,0.0,0.0,0.0
37319000000,7468,37319000000,map,-0.029563629846576112,-0.18166416879675903,0.20276084990509843,0.0,0.0,0.0,0.0
37321000000,7469,37321000000,map,0.032478502773685504,-0.21912466064510785,0.2190388223555094,0.0,0.0,0.0,0.0
37323000000,7470,37323000000,map,0.09252029267605427,-0.24240285301054917,0.23206632232664356,0.0,0.0,0.0,0.0
37325000000,7471,37325000000,map,0.1468637813044278,-0.24999212270145607,0.24165002550423292,0.0,0.0,0.0,0.0
37327000000,7472,37327000000,map,0.1921619670276924,-0.24140127308444032,0.24764771251777176,0.0,0.0,0.0,0.0
37329000000,7473,37329000000,map,0.22562494611856695,-0.21718632556638104,0.24997037943472883,0.0,0.0,0.0,0.0
37332000000,7474,37332000000,map,0.24935162667995,-0.15524987923907185,0.24650337391161797,0.0,0.0,0.0,0.0
37333000000,7475,37333000000,map,0.24965724132040587,-0.1290629406162016,0.24350782989122505,0.0,0.0,0.0,0.0
37335000000,7476,37335000000,map,0.23874641448758332,-0.07085807042805799,0.23481851578817936,0.0,0.0,0.0,0.0
37338000000,7477,37338000000,map,0.1952694845259535,0.023782658795090728,0.21530535122033054,0.0,0.0,0.0,0.0
37339000000,7478,37339000000,map,0.17438939918651877,0.05524601743596996,0.20716662986771353,0.0,0.0,0.0,0.0
37342000000,7479,37342000000,map,0.0970694305771816,0.14228701492399012,0.17826979085541483,0.0,0.0,0.0,0.0
37343000000,7480,37343000000,map,0.06773149981175669,0.1672788859776247,0.16726319518643099,0.0,0.0,0.0,0.0
37345000000,7481,37345000000,map,0.006384490884175464,0.2087476002889719,0.1434298491542106,0.0,0.0,0.0,0.0
37348000000,7482,37348000000,map,-0.08517949523533523,0.24501490592291117,0.10380828787452927,0.0,0.0,0.0,0.0
37350000000,7483,37350000000,map,-0.14043647074834403,0.24962111331734463,0.07538448998609121,0.0,0.0,0.0,0.0
37352000000,7484,37351000000,map,-0.16501557191935523,0.2458432240785808,0.060725998269384386,0.0,0.0,0.0,0.0
37353000000,7485,37353000000,map,-0.2061812572259667,0.22643135214852816,0.03078778952015078,0.0,0.0,0.0,0.0
37356000000,7486,37356000000,map,-0.2435380483848311,0.17049053110744378,-0.014835304670867041,0.0,0.0,0.0,0.0
37358000000,7487,37358000000,map,-0.2499451138906721,0.1188337392761822,-0.045069702003863406,0.0,0.0,0.0,0.0
37359000000,7488,37359000000,map,-0.24736338731323834,0.08988993773813528,-0.05996382410147171,0.0,0.0,0.0,0.0
37362000000,7489,37362000000,map,-0.21713058353964243,-0.00371234777690127,-0.10309328826573066,0.0,0.0,0.0,0.0
37363000000,7490,37363000000,map,-0.20007661374914062,-0.035479460419445254,-0.11677416926948792,0.0,0.0,0.0,0.0
37366000000,7491,37366000000,map,-0.1316476244540616,-0.12531289590798583,-0.15502007964834555,0.0,0.0,0.0,0.0
37367000000,7492,37367000000,map,-0.10425811931498886,-0.15181220232205134,-0.16667865112483798,0.0,0.0,0.0,0.0
37369000000,7493,37369000000,map,-0.04509277737244431,-0.19702105802909273,-0.18809797895943814,0.0,0.0,0.0,0.0
37372000000,7494,37372000000,map,0.047670653215654495,-0.2402320689987294,-0.214905126511664,0.0,0.0,0.0,0.0
37374000000,7495,37374000000,map,0.10663675219662316,-0.2499195975821658,-0.2288419260608307,0.0,0.0,0.0,0.0
37375000000,7496,37375000000,map,0.13387056635073177,-0.24869588263742737,-0.23454783398063653,0.0,0.0,0.0,0.0
37378000000,7497,37378000000,map,0.20163855671037895,-0.2211882918527391,-0.24637125891080183,0.0,0.0,0.0,0.0
37379000000,7498,37379000000,map,0.2184189098210102,-0.20457044476467937,-0.24849884511378437,0.0,0.0,0.0,0.0
37382000000,7499,37381000000,map,0.24164401190562948,-0.16168799811074722,-0.24998123564937166,0.0,0.0,0.0,0.0
37384000000,7500,37384000000,map,0.2483787946300797,-0.07880113154434072,-0.24525741591768882,0.0,0.0,0.0,0.0
37386000000,7501,37386000000,map,0.23373023593656003,-0.01638196230087319,-0.237544747735249,0.0,0.0,0.0,0.0
37388000000,7502,37388000000,map,0.20468629151009898,0.047097488768881646,-0.22630698451802594,0.0,0.0,0.0,0.0
37390000000,7503,37389000000,map,0.18529308410852366,0.07794626184790338,-0.21941632547252435,0.0,0.0,0.0,0.0
37391000000,7504,37391000000,map,0.13825838568893853,0.13536410465536786,-0.2032192954845795,0.0,0.0,0.0,0.0
37394000000,7505,37394000000,map,0.05279442169972091,0.20405163904934762,-0.17335674495805842,0.0,0.0,0.0,0.0
37395000000,7506,37395000000,map,0.02206440269741513,0.22076728725753006,-0.16206320117479772,0.0,0.0,0.0,0.0
37398000000,7507,37398000000,map,-0.07025304215977315,0.2486024370499513,-0.12475051971044598,0.0,0.0,0.0,0.0
37399000000,7508,37399000000,map,-0.09948164724872063,0.24994080729818902,-0.11132291266955054,0.0,0.0,0.0,0.0
37401000000,7509,37401000000,map,-0.15289772112740996,0.24047969840081088,-0.08327894432702994,0.0,0.0,0.0,0.0
37403000000,7510,37403000000,map,-0.19689686328329523,0.21545413823525575,-0.05399914064843872,0.0,0.0,0.0,0.0
37405000000,7511,37405000000,map,-0.22876917775180838,0.17648384403406453,-0.023918005412752727,0.0,0.0,0.0,0.0
37407000000,7512,37407000000,map,-0.24655165679778607,0.12609107131036626,0.006518066073468209,0.0,0.0,0.0,0.0
37410000000,7513,37410000000,map,-0.24466620365558467,0.03637036859079084,0.05184987636371368,0.0,0.0,0.0,0.0
37411000000,7514,37411000000,map,-0.23640147878869353,0.004612474589934047,0.06664980335789955,0.0,0.0,0.0,0.0
37413000000,7515,37413000000,map,-0.20909396861341165,-0.058610948915521766,0.0954531316465093,0.0,0.0,0.0,0.0
37415000000,7516,37415000000,map,-0.16890841413801974,-0.11804092430788304,0.12283996319679887,0.0,0.0,0.0,0.0
37418000000,7517,37417000000,map,-0.11831983343311502,-0.16983099401886875,0.1484038853858359,0.0,0.0,0.0,0.0
37420000000,7518,37420000000,map,-0.02987556133161557,-0.2260482995836502,0.18251075293247634,0.0,0.0,0.0,0.0
37421000000,7519,37421000000,map,0.0011546331949241118,-0.237794904552377,0.19257823802582194,0.0,0.0,0.0,0.0
37423000000,7520,37423000000,map,0.06268211713202321,-0.24956995004837176,0.21053313391915005,0.0,0.0,0.0,0.0
37425000000,7521,37425000000,map,0.12034902543109245,-0.24519220031297065,0.2253637792780407,0.0,0.0,0.0,0.0
37427000000,7522,37427000000,map,0.1706036678900731,-0.22494499432600262,0.2368500916347811,0.0,0.0,0.0,0.0
37429000000,7523,37429000000,map,0.210350873872495,-0.19013878221277156,0.2448216174514512,0.0,0.0,0.0,0.0
37431000000,7524,37431000000,map,0.23714262307985912,-0.1430263096144542,0.24916006160108972,0.0,0.0,0.0,0.0
37434000000,7525,37434000000,map,0.2496734894335669,-0.05612365287585105,0.24872985958009478,0.0,0.0,0.0,0.0
37436000000,7526,37436000000,map,0.23883942192235819,0.007167253968291107,0.24382401908861598,0.0,0.0,0.0,0.0
37438000000,7527,37438000000,map,0.21329529521380428,0.06999427809859253,0.2352999010000025,0.0,0.0,0.0,0.0
37440000000,7528,37440000000,map,0.17461436556954663,0.12829109640351866,0.2232840007499396,0.0,0.0,0.0,0.0
37442000000,7529,37441000000,map,0.15106418578576947,0.1545432467409371,0.21602039811309365,0.0,0.0,0.0,0.0
37444000000,7530,37443000000,map,0.09735886494396172,0.19912941591012095,0.19911665004639817,0.0,0.0,0.0,0.0
37445000000,7531,37445000000,map,0.03765723639370183,0.2308274281554265,0.17925806874885591,0.0,0.0,0.0,0.0
37448000000,7532,37448000000,map,-0.05504933242236745,0.24998335534621505,0.14458545710193915,0.0,0.0,0.0,0.0
37449000000,7533,37449000000,map,-0.08488406634007228,0.2483196184359543,0.13189466443627015,0.0,0.0,0.0,0.0
37452000000,7534,37451000000,map,-0.14017645288249703,0.23298165789567793,0.10509270057919384,0.0,0.0,0.0,0.0
37454000000,7535,37454000000,map,-0.20600342675429115,0.18228146350785976,0.06209639638081756,0.0,0.0,0.0,0.0
37456000000,7536,37456000000,map,-0.23453971306074606,0.13320858772978847,0.03219024516124378,0.0,0.0,0.0,0.0
37458000000,7537,37458000000,map,-0.2486307581440868,0.07551411692315914,0.0018064000569807002,0.0,0.0,0.0,0.0
37459000000,7538,37459000000,map,-0.24995149921275212,0.04458533007445186,-0.013423849612660164,0.0,0.0,0.0,0.0
37461000000,7539,37461000000,map,-0.24104165938207783,-0.018931069430348023,-0.043678435083758335,0.0,0.0,0.0,0.0
37464000000,7540,37464000000,map,-0.2002648228486725,-0.11063806346871725,-0.08770713217815947,0.0,0.0,0.0,0.0
37465000000,7541,37465000000,map,-0.18014799370354595,-0.13825643018279601,-0.1018037296456647,0.0,0.0,0.0,0.0
37467000000,7542,37467000000,map,-0.13191459322407575,-0.1863423537894543,-0.12881187625388843,0.0,0.0,0.0,0.0
37469000000,7543,37469000000,map,-0.07555660652789498,-0.22236773131262894,-0.1539084920466052,0.0,0.0,0.0,0.0
37471000000,7544,37471000000,map,-0.014545107669542952,-0.24400090965762128,-0.17672115053721657,0.0,0.0,0.0,0.0
37473000000,7545,37473000000,map,0.04736222066779708,-0.2498417350803372,-0.19691131850249355,0.0,0.0,0.0,0.0
37475000000,7546,37475000000,map,0.10635252189071248,-0.23951217466037358,-0.2141793797162485,0.0,0.0,0.0,0.0
37478000000,7547,37478000000,map,0.1815255743360392,-0.19543770979395825,-0.23405477500792074,0.0,0.0,0.0,0.0
37479000000,7548,37479000000,map,0.20145267912497522,-0.17401943436958267,-0.23897133578071456,0.0,0.0,0.0,0.0
37483000000,7549,37483000000,map,0.24768732924866563,-0.06420375930292893,-0.24963085664268225,0.0,0.0,0.0,0.0
37485000000,7550,37485000000,map,0.24841431827907137,-0.001156980261232289,-0.24942993869912267,0.0,0.0,0.0,0.0
37487000000,7551,37487000000,map,0.2338415326829031,0.06196468145483169,-0.24552755294026735,0.0,0.0,0.0,0.0
37488000000,7552,37488000000,map,0.2210625198328857,0.09226979326051332,-0.24220427890295138,0.0,0.0,0.0,0.0
37490000000,7553,37490000000,map,0.18550383751760524,0.14791480011206576,-0.2328752254951025,0.0,0.0,0.0,0.0
37491000000,7554,37491000000,map,0.16327380455615303,0.17235065202772398,-0.2269040883950459,0.0,0.0,0.0,0.0
37494000000,7555,37494000000,map,0.08300479178897378,0.22750269033776685,-0.20403944015482964,0.0,0.0,0.0,0.0
37495000000,7556,37495000000,map,0.05310145418189692,0.2388387284597883,-0.19486182901431973,0.0,0.0,0.0,0.0
37498000000,7557,37498000000,map,-0.03962836811953762,0.24914540368314428,-0.16313704374033958,0.0,0.0,0.0,0.0
37499000000,7558,37499000000,map,-0.0699514868016379,0.24449432706093044,-0.15129570982412574,0.0,0.0,0.0,0.0
37501000000,7559,37501000000,map,-0.12690197221858465,0.22341565570133473,-0.12597364658120083,0.0,0.0,0.0,0.0
37503000000,7560,37503000000,map,-0.17603659747091444,0.18787696085992955,-0.09878217102604009,0.0,0.0,0.0,0.0
37505000000,7561,37505000000,map,-0.21432917349680547,0.1401783963032779,-0.07012479675535069,0.0,0.0,0.0,0.0
37507000000,7562,37507000000,map,-0.23942127028649815,0.083407133166915,-0.04042679087656391,0.0,0.0,0.0,0.0
37509000000,7563,37509000000,map,-0.24976747198633031,0.021237550470554957,-0.010128863167571276,0.0,0.0,0.0,0.0
37511000000,7564,37511000000,map,-0.2447305586672166,-0.04230657993838732,0.020319373927873103,0.0,0.0,0.0,0.0
37513000000,7565,37513000000,map,-0.22462075253838673,-0.10311252202514472,0.05046607741805203,0.0,0.0,0.0,0.0
37515000000,7566,37515000000,map,-0.1906766114400261,-0.15724476219532577,0.07986387898301256,0.0,0.0,0.0,0.0
37517000000,7567,37517000000,map,-0.14498874638162432,-0.20119972563621577,0.1080765237894201,0.0,0.0,0.0,0.0
37519000000,7568,37519000000,map,-0.09037106134205854,-0.23213253649737847,0.13468534438557958,0.0,0.0,0.0,0.0
37521000000,7569,37521000000,map,-0.030187445638840026,-0.24804114541501168,0.1592954736056768,0.0,0.0,0.0,0.0
37523000000,7570,37523000000,map,0.031855407156560434,-0.24789590718447385,0.18154170428284314,0.0,0.0,0.0,0.0
37526000000,7571,37526000000,map,0.12007356889057058,-0.21788300539547392,0.2097673959616628,0.0,0.0,0.0,0.0
37528000000,7572,37528000000,map,0.17037389373724124,-0.17989907808941957,0.22474822006701994,0.0,0.0,0.0,0.0
37530000000,7573,37530000000,map,0.21018093383913428,-0.13027162971764517,0.23639384589009746,0.0,0.0,0.0,0.0
37532000000,7574,37532000000,map,0.23704298372936414,-0.07221267363096774,0.24453145572729137,0.0,0.0,0.0,0.0
37534000000,7575,37534000000,map,0.24930561659337794,-0.009479931577277062,0.24904028981321286,0.0,0.0,0.0,0.0
37536000000,7576,37536000000,map,0.2462135799945281,0.053866375504938606,0.2498534383600881,0.0,0.0,0.0,0.0
37537000000,7577,37537000000,map,0.23893205219715224,0.08448262378325669,0.24886820686484523,0.0,0.0,0.0,0.0
37540000000,7578,37540000000,map,0.19566121056762126,0.16622560158336155,0.24039943325272545,0.0,0.0,0.0,0.0
37541000000,7579,37541000000,map,0.17483905621281967,0.18862826072559918,0.23577376192503338,0.0,0.0,0.0,0.0
37543000000,7580,37543000000,map,0.12545082261662827,0.22392568700966928,0.2239162983102628,0.0,0.0,0.0,0.0
37545000000,7581,37545000000,map,0.06833610479018212,0.24473007930216417,0.20873598189029657,0.0,0.0,0.0,0.0
37547000000,7582,37547000000,map,0.007012583665543184,0.24969492497787685,0.19045808415001134,0.0,0.0,0.0,0.0
37550000000,7583,37549000000,map,-0.05474284070237707,0.23849888673024794,0.16935384378086413,0.0,0.0,0.0,0.0
37551000000,7584,37551000000,map,-0.11312666744652286,0.2118666003305344,0.14573644157780138,0.0,0.0,0.0,0.0
37554000000,7585,37554000000,map,-0.18662651993441873,0.14699276858418922,0.10637375268906196,0.0,0.0,0.0,0.0
37556000000,7586,37555000000,map,-0.2058252709752148,0.12007562753622338,0.09239614685440599,0.0,0.0,0.0,0.0
37558000000,7587,37558000000,map,-0.24339534681679184,0.029519369331127403,0.04861850949523895,0.0,0.0,0.0,0.0
37560000000,7588,37559000000,map,-0.24859772665587887,-0.0022987351345789622,0.033591671441152875,0.0,0.0,0.0,0.0
37561000000,7589,37561000000,map,-0.24745361824410986,-0.06530657424740208,0.0032200434297077318,0.0,0.0,0.0,0.0
37564000000,7590,37564000000,map,-0.21744132355481538,-0.15068656653458218,-0.04228577143953185,0.0,0.0,0.0,0.0
37565000000,7591,37565000000,map,-0.20045271570284973,-0.17483737856683879,-0.05721515087674162,0.0,0.0,0.0,0.0
37567000000,7592,37567000000,map,-0.15749069519626005,-0.21427123447437754,-0.08638187644844235,0.0,0.0,0.0,0.0
37570000000,7593,37569000000,map,-0.10482886286329127,-0.23983691685462374,-0.11426672007298656,0.0,0.0,0.0,0.0
37571000000,7594,37571000000,map,-0.04571064755198277,-0.24987975040585683,-0.1404558787732773,0.0,0.0,0.0,0.0
37573000000,7595,37573000000,map,0.01622287490617744,-0.24374973766693805,-0.16456071304379108,0.0,0.0,0.0,0.0
37575000000,7596,37575000000,map,0.07715723462855373,-0.221843628488972,-0.18622351414791552,0.0,0.0,0.0,0.0
37578000000,7597,37578000000,map,0.1585498252162882,-0.1627636494316984,-0.21344678401411743,0.0,0.0,0.0,0.0
37579000000,7598,37579000000,map,0.1813094193372875,-0.13730369875583867,-0.22097814774023145,0.0,0.0,0.0,0.0
37581000000,7599,37581000000,map,0.21811253778036604,-0.08014151520472153,-0.23355423156430793,0.0,0.0,0.0,0.0
37584000000,7600,37584000000,map,0.247644500775768,0.014072298080031818,-0.24587552098324186,0.0,0.0,0.0,0.0
37585000000,7601,37585000000,map,0.2499789585116595,0.04570834002551265,-0.24817357558639852,0.0,0.0,0.0,0.0
37587000000,7602,37587000000,map,0.2430796160589942,0.10625069236213219,-0.24999988896695866,0.0,0.0,0.0,0.0
37589000000,7603,37589000000,map,0.22120906193159606,0.15991623250008974,-0.24811627663586855,0.0,0.0,0.0,0.0
37591000000,7604,37591000000,map,0.1857142979906543,0.2032315916278523,-0.24255069085277273,0.0,0.0,0.0,0.0
37593000000,7605,37593000000,map,0.13878143771181403,0.23339329069562714,-0.23338572329358317,0.0,0.0,0.0,0.0
37596000000,7606,37595000000,map,0.08330106401265612,0.24844918863520488,-0.2207573794139213,0.0,0.0,0.0,0.0
37597000000,7607,37597000000,map,0.02269019898584995,0.24742482984260936,-0.2048530601674782,0.0,0.0,0.0,0.0
37599000000,7608,37599000000,map,-0.039318149620263615,0.23038651339678412,-0.18590878103090683,0.0,0.0,0.0,0.0
37601000000,7609,37601000000,map,-0.09890490340030157,0.19843700201635012,-0.16420566960190128,0.0,0.0,0.0,0.0
37604000000,7610,37603000000,map,-0.15240012935710143,0.15364414848158325,-0.14006579374802175,0.0,0.0,0.0,0.0
37606000000,7611,37606000000,map,-0.21416727846431902,0.06889743248256723,-0.10007926130482384,0.0,0.0,0.0,0.0
37608000000,7612,37607000000,map,-0.22851506731953689,0.03776845574901504,-0.08593950860531795,0.0,0.0,0.0,0.0
37610000000,7613,37609000000,map,-0.24644687967184947,-0.025814617004374783,-0.056756317660939914,0.0,0.0,0.0,0.0
37611000000,7614,37611000000,map,-0.24920009144059477,-0.08772690278031783,-0.02673087945373398,0.0,0.0,0.0,0.0
37614000000,7615,37614000000,map,-0.22475849367114317,-0.16879084443822576,0.018910017128225386,0.0,0.0,0.0,0.0
37616000000,7616,37616000000,map,-0.1908796417155609,-0.20986428367738597,0.04908066469677862,0.0,0.0,0.0,0.0
37618000000,7617,37618000000,map,-0.1452445612169506,-0.2373547783353709,0.07852296946234272,0.0,0.0,0.0,0.0
37620000000,7618,37620000000,map,-0.09066390516658855,-0.24948307441568518,0.1068000161767057,0.0,0.0,0.0,0.0
37622000000,7619,37622000000,map,-0.030499282276193047,-0.24546419807427947,0.13349218168319946,0.0,0.0,0.0,0.0
37624000000,7620,37624000000,map,0.03154378364571,-0.22555826110167582,0.15820336200143137,0.0,0.0,0.0,0.0
37626000000,7621,37626000000,map,0.0916440759624332,-0.1910536258338954,0.18056685039535975,0.0,0.0,0.0,0.0
37627000000,7622,37627000000,map,0.11979792273709507,-0.16899134129013008,0.19076300204315685,0.0,0.0,0.0,0.0
37630000000,7623,37630000000,map,0.19155772613757663,-0.08798149215818951,0.21696304461770397,0.0,0.0,0.0,0.0
37631000000,7624,37631000000,map,0.21001066190126694,-0.05750038023070319,0.22412547398489005,0.0,0.0,0.0,0.0
37633000000,7625,37633000000,map,0.23694297005564255,0.005754011305551447,0.2359300408769979,0.0,0.0,0.0,0.0
37635000000,7626,37635000000,map,0.24928202100036684,0.06863598874964759,0.24423347451490132,0.0,0.0,0.0,0.0
37637000000,7627,37637000000,map,0.24626785572882792,0.12707567227370695,0.2489125543561426,0.0,0.0,0.0,0.0
37639000000,7628,37639000000,map,0.2280861159127648,0.17729069849131993,0.2498978442154022,0.0,0.0,0.0,0.0
37641000000,7629,37641000000,map,0.19585661027927198,0.21603102453512266,0.24717472267746676,0.0,0.0,0.0,0.0
37643000000,7630,37643000000,map,0.15156434587575393,0.2407892790104012,0.24078360007471242,0.0,0.0,0.0,0.0
37645000000,7631,37645000000,map,0.09793727199189797,0.24996304538124756,0.23081931880950274,0.0,0.0,0.0,0.0
37647000000,7632,37647000000,map,0.03827826645715241,0.24295857440150517,0.21742974592069678,0.0,0.0,0.0,0.0
37649000000,7633,37649000000,map,-0.02373828776480056,0.22022921306028884,0.20081357877932562,0.0,0.0,0.0,0.0
37652000000,7634,37652000000,map,-0.11284642321251753,0.16012516063745755,0.1703910614965212,0.0,0.0,0.0,0.0
37654000000,7635,37654000000,map,-0.1643064014097623,0.1064967815514193,0.14688276577645337,0.0,0.0,0.0,0.0
37656000000,7636,37656000000,map,-0.20564679016981208,0.04597566275525845,0.12119477249099353,0.0,0.0,0.0,0.0
37658000000,7637,37658000000,map,-0.23432144547282635,-0.017521116636123265,0.0937082839962322,0.0,0.0,0.0,0.0
37660000000,7638,37660000000,map,-0.24856430259790374,-0.07988388526542156,0.06483119179529404,0.0,0.0,0.0,0.0
37661000000,7639,37661000000,map,-0.24996308572485254,-0.10936856111363123,0.050004450299347705,0.0,0.0,0.0,0.0
37663000000,7640,37663000000,map,-0.24120758918591362,-0.16255714721072265,0.019849658298615378,0.0,0.0,0.0,0.0
37665000000,7641,37665000000,map,-0.2175961786305908,-0.2052246256514558,-0.010599696863926027,0.0,0.0,0.0,0.0
37667000000,7642,37667000000,map,-0.18058307482465233,-0.23460944985455162,-0.040891755604768404,0.0,0.0,0.0,0.0
37669000000,7643,37669000000,map,-0.13244790540960039,-0.24880976004811844,-0.07057699257393978,0.0,0.0,0.0,0.0
37671000000,7644,37671000000,map,-0.07615530321609147,-0.24690647642025929,-0.09921488748045702,0.0,0.0,0.0,0.0
37673000000,7645,37673000000,map,-0.01517231528356228,-0.22902278427705464,-0.1263804622849932,0.0,0.0,0.0,0.0
37675000000,7646,37675000000,map,0.04674513168480059,-0.1963161611799854,-0.15167058775045483,0.0,0.0,0.0,0.0
37677000000,7647,37677000000,map,0.10578355789234266,-0.1509034620847006,-0.17470996576359069,0.0,0.0,0.0,0.0
37679000000,7648,37679000000,map,0.15830680169750894,-0.09572391116171321,-0.19515669864903923,0.0,0.0,0.0,0.0
37681000000,7649,37681000000,map,0.20107996988449678,-0.03434886781130965,-0.21270736283162317,0.0,0.0,0.0,0.0
37684000000,7650,37684000000,map,0.241400662799349,0.06059409467550283,-0.2330462196558514,0.0,0.0,0.0,0.0
37686000000,7651,37686000000,map,0.2499746852331956,0.1198370428364917,-0.2423206106684825,0.0,0.0,0.0,0.0
37688000000,7652,37688000000,map,0.24315283043697003,0.17132383600484621,-0.24799903422804695,0.0,0.0,0.0,0.0
37690000000,7653,37690000000,map,0.22135525471110926,0.2117221193556328,-0.24999722417889866,0.0,0.0,0.0,0.0
37692000000,7654,37692000000,map,0.18592446519562972,0.23841721432490984,-0.24828552796276773,0.0,0.0,0.0,0.0
37694000000,7655,37694000000,map,0.13904263519759724,0.24968134718557916,-0.24288934665414516,0.0,0.0,0.0,0.0
37696000000,7656,37696000000,map,0.08359720469237371,0.24478547491186226,-0.2338887580157634,0.0,0.0,0.0,0.0
37698000000,7657,37697000000,map,0.05371526709820239,0.2363358014539688,-0.22807650985637487,0.0,0.0,0.0,0.0
37699000000,7658,37699000000,map,-0.008064741732297051,0.20811714263801312,-0.21393594098613797,0.0,0.0,0.0,0.0
37702000000,7659,37702000000,map,-0.09861629697193137,0.14134672010877236,-0.18685099427804164,0.0,0.0,0.0,0.0
37704000000,7660,37704000000,map,-0.15215097228459135,0.08473850975118348,-0.16526904458765743,0.0,0.0,0.0,0.0
37706000000,7661,37706000000,map,-0.19631470794572453,0.022645809790540292,-0.14123455029649376,0.0,0.0,0.0,0.0
37708000000,7662,37708000000,map,-0.22838747071816934,-0.040912583969656344,-0.11510417631658756,0.0,0.0,0.0,0.0
37710000000,7663,37710000000,map,-0.24639390730743183,-0.10182301233551619,-0.08726568980501248,0.0,0.0,0.0,0.0
37712000000,7664,37712000000,map,-0.24922500586754875,-0.15614319909644905,-0.058132205812761885,0.0,0.0,0.0,0.0
37714000000,7665,37713000000,map,-0.24485810920064105,-0.17971014303887642,-0.04321436686228622,0.0,0.0,0.0,0.0
37716000000,7666,37715000000,map,-0.22489587987955958,-0.2177495370083186,-0.012953266972714622,0.0,0.0,0.0,0.0
37718000000,7667,37718000000,map,-0.16960204220474642,-0.24786055390527706,0.032657503841819625,0.0,0.0,0.0,0.0
37720000000,7668,37720000000,map,-0.11914923105905155,-0.24807497343987978,0.0625527566505308,0.0,0.0,0.0,0.0
37721000000,7669,37721000000,map,-0.09095660582043712,-0.2421209884341172,0.07717954897856656,0.0,0.0,0.0,0.0
37724000000,7670,37724000000,map,0.00021215947834697047,-0.20136101208228377,0.1191286063819186,0.0,0.0,0.0,0.0
37726000000,7671,37726000000,map,0.06176930121126558,-0.15745607632866435,0.1449696341336031,0.0,0.0,0.0,0.0
37728000000,7672,37728000000,map,0.1195220874065471,-0.103360187063254,0.16865935463739165,0.0,0.0,0.0,0.0
37730000000,7673,37730000000,map,0.16991353866377992,-0.042574566376506306,0.18984621932437967,0.0,0.0,0.0,0.0
37732000000,7674,37732000000,map,0.20984005832802208,0.020966587388678525,0.2082158212789425,0.0,0.0,0.0,0.0
37734000000,7675,37733000000,map,0.2250808766629939,0.05248501106549119,0.21625721313839777,0.0,0.0,0.0,0.0
37735000000,7676,37735000000,map,0.2449433723375083,0.11246553254087592,0.22990398600252368,0.0,0.0,0.0,0.0
37737000000,7677,37737000000,map,0.24971986806242713,0.16516700172122245,0.2401390505158608,0.0,0.0,0.0,0.0
37740000000,7678,37740000000,map,0.22821455996668233,0.22329349623467645,0.24877685931454221,0.0,0.0,0.0,0.0
37742000000,7679,37742000000,map,0.19605170070674263,0.24443742684164457,0.24993425897914093,0.0,0.0,0.0,0.0
37744000000,7680,37743000000,map,0.17528760886045566,0.2491227907584905,0.24912102276559248,0.0,0.0,0.0,0.0
37745000000,7681,37745000000,map,0.12599390990982084,0.2463409459605073,0.2447257662866747,0.0,0.0,0.0,0.0
37748000000,7682,37748000000,map,0.03858869106422778,0.2126136789995404,0.2313586823224788,0.0,0.0,0.0,0.0
37750000000,7683,37750000000,map,-0.0234255292911595,0.17254753282023103,0.21812400176821162,0.0,0.0,0.0,0.0
37752000000,7684,37752000000,map,-0.08399697726069616,0.12131367608592471,0.20165242440637055,0.0,0.0,0.0,0.0
37754000000,7685,37754000000,map,-0.13939507278297825,0.062228092939225994,0.18218838365898174,0.0,0.0,0.0,0.0
37756000000,7686,37756000000,map,-0.186207861256902,-0.0008850489850625217,0.16002072023521519,0.0,0.0,0.0,0.0
37758000000,7687,37757000000,map,-0.2054679846201869,-0.032678435667133916,0.1480243930413887,0.0,0.0,0.0,0.0
37760000000,7688,37760000000,map,-0.24325110783145848,-0.1228583511392653,0.10892561137414973,0.0,0.0,0.0,0.0
37761000000,7689,37761000000,map,-0.24853048602301558,-0.14955611217770312,0.09501742458778664,0.0,0.0,0.0,0.0
37763000000,7690,37763000000,map,-0.2475422861234393,-0.1952680189147314,0.06619550164660008,0.0,0.0,0.0,0.0
37765000000,7691,37765000000,map,-0.23130801983579488,-0.2283416880591473,0.036391256694806626,0.0,0.0,0.0,0.0
37767000000,7692,37767000000,map,-0.20082755148812645,-0.24663650851081823,0.006046976067484973,0.0,0.0,0.0,0.0
37769000000,7693,37769000000,map,-0.1579781653670492,-0.2489683934496387,-0.02438703992742775,0.0,0.0,0.0,0.0
37771000000,7694,37771000000,map,-0.10539894425572874,-0.23518641741399512,-0.05445915933589163,0.0,0.0,0.0,0.0
37773000000,7695,37773000000,map,-0.046328228998004456,-0.2061825845765375,-0.08372312064371025,0.0,0.0,0.0,0.0
37775000000,7696,37775000000,map,0.015595830090187435,-0.16383409598911955,-0.11174465516776706,0.0,0.0,0.0,0.0
37777000000,7697,37777000000,map,0.07655934597341542,-0.11088185240652071,-0.1381079314780534,0.0,0.0,0.0,0.0
37779000000,7698,37779000000,map,0.13280759122705246,-0.05075305629242453,-0.1624217262141983,0.0,0.0,0.0,0.0
37782000000,7699,37782000000,map,0.2008931388179813,0.044317729646313836,-0.1942700137296341,0.0,0.0,0.0,0.0
37783000000,7700,37783000000,map,0.2178047880222801,0.07525484075099854,-0.20349340038865316,0.0,0.0,0.0,0.0
37786000000,7701,37785000000,map,0.24131878385004035,0.13297839347419313,-0.21964178811605037,0.0,0.0,0.0,0.0
37788000000,7702,37788000000,map,0.24851853532400828,0.20240504538160964,-0.23769121307190655,0.0,0.0,0.0,0.0
37790000000,7703,37790000000,map,0.23417320661548435,0.23288290423333718,-0.24534833343502233,0.0,0.0,0.0,0.0
37792000000,7704,37792000000,map,0.20540520972253598,0.2482879954531639,-0.249364555819,0.0,0.0,0.0,0.0
37794000000,7705,37794000000,map,0.1639863582508035,0.2476232627691328,-0.24968028065062514,0.0,0.0,0.0,0.0
37796000000,7706,37796000000,map,0.11246762871856593,0.2309317293534939,-0.24629082266513427,0.0,0.0,0.0,0.0
37798000000,7707,37798000000,map,0.054022046563259464,0.19929371325444628,-0.2392464804341825,0.0,0.0,0.0,0.0
37800000000,7708,37800000000,map,-0.00775073968782369,0.154756906493927,-0.22865178994965513,0.0,0.0,0.0,0.0
37802000000,7709,37801000000,map,-0.038697526845965,0.1285244184090522,-0.2220701965636695,0.0,0.0,0.0,0.0
37804000000,7710,37804000000,map,-0.1260890446126399,0.03916533516874975,-0.19749060573913654,0.0,0.0,0.0,0.0
37806000000,7711,37806000000,map,-0.17536613720981367,-0.024408052002991617,-0.17738653493255627,0.0,0.0,0.0,0.0
37808000000,7712,37808000000,map,-0.21384247405755416,-0.08640168862457996,-0.15465009948946096,0.0,0.0,0.0,0.0
37810000000,7713,37810000000,map,-0.23914830736373124,-0.1428031905210822,-0.12961870150546945,0.0,0.0,0.0,0.0
37812000000,7714,37812000000,map,-0.24972505729685868,-0.18996211055036363,-0.10266379965358098,0.0,0.0,0.0,0.0
37814000000,7715,37814000000,map,-0.24492130452096772,-0.22482620472887355,-0.0741853968448831,0.0,0.0,0.0,0.0
37816000000,7716,37816000000,map,-0.2250329109466844,-0.24513898114293867,-0.044606104302608966,0.0,0.0,0.0,0.0
37818000000,7717,37818000000,map,-0.191284797671615,-0.24958574578405174,-0.014364870133461062,0.0,0.0,0.0,0.0
37820000000,7718,37820000000,map,-0.1457555024012214,-0.23787869285400462,0.016089534534799405,0.0,0.0,0.0,0.0
37821000000,7719,37821000000,map,-0.11942532121023887,-0.22616431510325385,0.03125538633968729,0.0,0.0,0.0,0.0
37823000000,7720,37823000000,map,-0.061662550890717066,-0.19196236005034362,0.061183015567566564,0.0,0.0,0.0,0.0
37826000000,7721,37826000000,map,0.03092038768058938,-0.11828056682092541,0.10423679630902774,0.0,0.0,0.0,0.0
37828000000,7722,37828000000,map,0.09105920712573838,-0.05887526887121803,0.13109308835741368,0.0,0.0,0.0,0.0
37830000000,7723,37830000000,map,0.145589713183818,0.004340584644300526,0.15600399706512558,0.0,0.0,0.0,0.0
37832000000,7724,37832000000,map,0.19115338586836808,0.06727550459840521,0.1785998517854072,0.0,0.0,0.0,0.0
37834000000,7725,37834000000,map,0.2249439701772029,0.12585618459009348,0.19854533659969092,0.0,0.0,0.0,0.0
37836000000,7726,37836000000,map,0.2448803126244111,0.17629113558722256,0.2155444663085376,0.0,0.0,0.0,0.0
37838000000,7727,37838000000,map,0.2497345389538002,0.21531608063749175,0.22934497876658463,0.0,0.0,0.0,0.0
37840000000,7728,37840000000,map,0.23920767860126743,0.24040522708741027,0.23974207837882983,0.0,0.0,0.0,0.0
37842000000,7729,37842000000,map,0.2139480782164068,0.24993474223972756,0.24658147520793908,0.0,0.0,0.0,0.0
37844000000,7730,37844000000,map,0.17551147015665547,0.24328785189207375,0.24976167459233717,0.0,0.0,0.0,0.0
37846000000,7731,37845000000,map,0.15206354860295568,0.2339920957175791,0.2499626814868439,0.0,0.0,0.0,0.0
37848000000,7732,37848000000,map,0.06924220172505531,0.18420480240173853,0.24501070984837914,0.0,0.0,0.0,0.0
37850000000,7733,37850000000,map,0.007954638543856668,0.13559264690955627,0.23715004865637088,0.0,0.0,0.0,0.0
37851000000,7734,37851000000,map,-0.023112733825636552,0.10777410279531804,0.23189064757863753,0.0,0.0,0.0,0.0
37854000000,7735,37854000000,map,-0.11228540058781876,0.01575494311109837,0.21103988722163555,0.0,0.0,0.0,0.0
37855000000,7736,37855000000,map,-0.1391341719532346,-0.016110603561564407,0.20248482170651533,0.0,0.0,0.0,0.0
37858000000,7737,37858000000,map,-0.2052888546084388,-0.108095561432705,0.17244911792847714,0.0,0.0,0.0,0.0
37860000000,7738,37860000000,map,-0.23410169778330503,-0.16148049867387623,0.14916128686602304,0.0,0.0,0.0,0.0
37862000000,7739,37862000000,map,-0.24849627698451748,-0.20441401166147338,0.12365994564724349,0.0,0.0,0.0,0.0
37863000000,7740,37863000000,map,-0.24997309333425044,-0.22106142369936208,0.11019633634747913,0.0,0.0,0.0,0.0
37865000000,7741,37865000000,map,-0.2413719953914623,-0.24336963232927994,0.0820930318424219,0.0,0.0,0.0,0.0
37867000000,7742,37867000000,map,-0.21790485769616905,-0.2499263458942833,0.05277149059798389,0.0,0.0,0.0,0.0
37869000000,7743,37869000000,map,-0.1810170152849125,-0.24030719739185014,0.022666835766490714,0.0,0.0,0.0,0.0
37872000000,7744,37871000000,map,-0.1329803809819774,-0.21513476232042295,-0.007774188321643561,0.0,0.0,0.0,0.0
37874000000,7745,37874000000,map,-0.04663691022690218,-0.15202816687018983,-0.05307852932273745,0.0,0.0,0.0,0.0
37876000000,7746,37876000000,map,0.015282270492831915,-0.09702835330978207,-0.08238970558866676,0.0,0.0,0.0,0.0
37878000000,7747,37878000000,map,0.0762602200633836,-0.035748620542763,-0.11047824256313438,0.0,0.0,0.0,0.0
37880000000,7748,37880000000,map,0.13254132209299785,0.02784485291004535,-0.13692731451880508,0.0,0.0,0.0,0.0
37882000000,7749,37882000000,map,0.18065923783440485,0.08963613740855383,-0.16134442491296647,0.0,0.0,0.0,0.0
37884000000,7750,37884000000,map,0.21765039710631573,0.14562594551713398,-0.18336723092206714,0.0,0.0,0.0,0.0
37886000000,7751,37886000000,map,0.2412365238254331,0.19219047595159022,-0.2026689205039347,0.0,0.0,0.0,0.0
37887000000,7752,37887000000,map,0.24751366924371979,0.2109669653080339,-0.21120813882275014,0.0,0.0,0.0,0.0
37889000000,7753,37889000000,map,0.24855248952212478,0.23798807621945642,-0.22590489368053115,0.0,0.0,0.0,0.0
37891000000,7754,37891000000,map,0.2342830252423483,0.24960599992041796,-0.2372492855555594,0.0,0.0,0.0,0.0
37893000000,7755,37893000000,map,0.20558412907684973,0.24506879515161234,-0.24507296696874947,0.0,0.0,0.0,0.0
37895000000,7756,37895000000,map,0.16422335873490887,0.2246701212238421,-0.24925983676115848,0.0,0.0,0.0,0.0
37897000000,7757,37897000000,map,0.11274811353331017,0.18973023164887057,-0.24974776300158855,0.0,0.0,0.0,0.0
37899000000,7758,37899000000,map,0.05432874071990919,0.14251052400898848,-0.2465295050064309,0.0,0.0,0.0,0.0
37902000000,7759,37901000000,map,-0.007436725404328948,0.08606717661521662,-0.23965282078918726,0.0,0.0,0.0,0.0
37904000000,7760,37904000000,map,-0.09803861738540505,-0.007795290937411863,-0.22271596372483465,0.0,0.0,0.0,0.0
37905000000,7761,37905000000,map,-0.12581766994957366,-0.03951727972173489,-0.21538514129087152,0.0,0.0,0.0,0.0
37908000000,7762,37908000000,map,-0.19592505383787875,-0.12882997038505353,-0.18871746578826373,0.0,0.0,0.0,0.0
37910000000,7763,37910000000,map,-0.22813119575261728,-0.17872449448880304,-0.16737990608474035,0.0,0.0,0.0,0.0
37913000000,7764,37912000000,map,-0.2462867953940651,-0.21705151953382315,-0.14355847720917736,0.0,0.0,0.0,0.0
37914000000,7765,37914000000,map,-0.24927365400184517,-0.24133042400574034,-0.11760668224444716,0.0,0.0,0.0,0.0
37916000000,7766,37916000000,map,-0.23690781171471037,-0.2499898161071704,-0.08990963828750614,0.0,0.0,0.0,0.0
37918000000,7767,37918000000,map,-0.20995087761119227,-0.24246923818932425,-0.06087836142265205,0.0,0.0,0.0,0.0
37920000000,7768,37920000000,map,-0.17006312240059915,-0.21925544098110938,-0.030943667363257796,0.0,0.0,0.0,0.0
37922000000,7769,37922000000,map,-0.11970122277274259,-0.1818508798575208,-0.0005497782712637206,0.0,0.0,0.0,0.0
37924000000,7770,37924000000,map,-0.061966955305234085,-0.13267647214601683,0.029852269370530933,0.0,0.0,0.0,0.0
37926000000,7771,37926000000,map,-0.0004161588347557002,-0.07491490926565143,0.05981131800881845,0.0,0.0,0.0,0.0
37928000000,7772,37928000000,map,0.06116026875241808,-0.012304664927815408,0.08888278406678422,0.0,0.0,0.0,0.0
37930000000,7773,37930000000,map,0.11896985095606018,0.05110196829011657,0.1166352554352074,0.0,0.0,0.0,0.0
37931000000,7774,37931000000,map,0.14533420823035334,0.08181617897773234,0.12988723445066064,0.0,0.0,0.0,0.0
37933000000,7775,37933000000,map,0.19095076278815865,0.1387794854740645,0.1548968140632863,0.0,0.0,0.0,0.0
37936000000,7776,37936000000,map,0.23664068467735133,0.20638392004522033,0.18799447101323097,0.0,0.0,0.0,0.0
37937000000,7777,37937000000,map,0.24481686621192075,0.2226541651068585,0.1976830781614904,0.0,0.0,0.0,0.0
37939000000,7778,37939000000,map,0.24974881548023786,0.244136957899721,0.21482482691993754,0.0,0.0,0.0,0.0
37941000000,7779,37941000000,map,0.23929879877907012,0.24981859238570076,0.22877863766698836,0.0,0.0,0.0,0.0
37944000000,7780,37944000000,map,0.19644095247662904,0.22819635830585602,0.24329271048337997,0.0,0.0,0.0,0.0
37945000000,7781,37945000000,map,0.17573505429644906,0.21335395882886182,0.24634454407830655,0.0,0.0,0.0,0.0
37948000000,7782,37948000000,map,0.09880372150161319,0.14927037884491018,0.24998311082963415,0.0,0.0,0.0,0.0
37949000000,7783,37949000000,map,0.06954401598681174,0.1225478453358698,0.24934197391777616,0.0,0.0,0.0,0.0
37952000000,7784,37952000000,map,-0.022799901861725688,0.032325075338523045,0.2418898547847564,0.0,0.0,0.0,0.0
37953000000,7785,37953000000,map,-0.05351601419976082,0.0005286654662759437,0.23759366331877943,0.0,0.0,0.0,0.0
37956000000,7786,37956000000,map,-0.13887305141202005,-0.09285345919198777,0.21949156634872397,0.0,0.0,0.0,0.0
37957000000,7787,37957000000,map,-0.16359489574251246,-0.12162516605892387,0.21179439116656099,0.0,0.0,0.0,0.0
37959000000,7788,37959000000,map,-0.20510940041782777,-0.17280524758061164,0.19407212799453666,0.0,0.0,0.0,0.0
37962000000,7789,37961000000,map,-0.23399126933388317,-0.2128009385996481,0.173469890833166,0.0,0.0,0.0,0.0
37964000000,7790,37963000000,map,-0.24846167553650403,-0.23902361734075936,0.15029341089568515,0.0,0.0,0.0,0.0
37966000000,7791,37965000000,map,-0.2476293903911209,-0.24977608604402313,0.12488662041014917,0.0,0.0,0.0,0.0
37967000000,7792,37967000000,map,-0.23154567412805746,-0.2443624178755451,0.09762654876520624,0.0,0.0,0.0,0.0
37969000000,7793,37969000000,map,-0.2012011187375755,-0.22313299906307535,0.06891772750299892,0.0,0.0,0.0,0.0
37972000000,7794,37972000000,map,-0.13324630398722928,-0.16489930355253318,0.024074359775741842,0.0,0.0,0.0,0.0
37973000000,7795,37973000000,map,-0.10596835989115073,-0.13965770021092389,0.008873135244583554,0.0,0.0,0.0,0.0
37975000000,7796,37975000000,map,-0.046945517809976266,-0.08281455158559395,-0.021571591449549714,0.0,0.0,0.0,0.0
37978000000,7797,37977000000,map,0.01496868676245836,-0.020611436772134104,-0.05169620199424346,0.0,0.0,0.0,0.0
37979000000,7798,37979000000,map,0.07596097372783849,0.04292570210010611,-0.08105365592243621,0.0,0.0,0.0,0.0
37981000000,7799,37981000000,map,0.1322748436579114,0.10368458150619492,-0.10920829714789705,0.0,0.0,0.0,0.0
37983000000,7800,37983000000,map,0.18044193963875924,0.1577327338658322,-0.1357423189755245,0.0,0.0,0.0,0.0
37985000000,7801,37985000000,map,0.21749566249077765,0.20157202674171285,-0.1602619642311896,0.0,0.0,0.0,0.0
37987000000,7802,37987000000,map,0.24115388285542702,0.2323650707736514,-0.18240336850378902,0.0,0.0,0.0,0.0
37989000000,7803,37989000000,map,0.24995949696302747,0.24811886265834468,-0.20183795978738026,0.0,0.0,0.0,0.0
37992000000,7804,37992000000,map,0.2343924739042572,0.24160429528336907,-0.2252957393313835,0.0,0.0,0.0,0.0
37993000000,7805,37993000000,map,0.2217917348276909,0.2314695607062045,-0.23147753678198615,0.0,0.0,0.0,0.0
37995000000,7806,37995000000,map,0.18655320388438817,0.20014405159130685,-0.241242679782552,0.0,0.0,0.0,0.0
37998000000,7807,37998000000,map,0.11302842030319048,0.12973494655742193,-0.24914714701355828,0.0,0.0,0.0,0.0
38000000000,7808,38000000000,map,0.054635349084283566,0.07161091027338745,-0.24980725906018206,0.0,0.0,0.0,0.0
38002000000,7809,38002000000,map,-0.007122699376775168,0.008852035661231437,-0.24676030396696894,0.0,0.0,0.0,0.0
38004000000,7810,38004000000,map,-0.0684420625961507,-0.05447976497560898,-0.24005149766222558,0.0,0.0,0.0,0.0
38006000000,7811,38006000000,map,-0.1255460966030364,-0.1142854981204267,-0.22978039688213206,0.0,0.0,0.0,0.0
38008000000,7812,38008000000,map,-0.1749177784790974,-0.16669438621757499,-0.216099421777886,0.0,0.0,0.0,0.0
38009000000,7813,38009000000,map,-0.19572976254132896,-0.18904002061127292,-0.20804177644043326,0.0,0.0,0.0,0.0
38012000000,7814,38012000000,map,-0.23896444360329333,-0.2364517702283636,-0.17936752413962792,0.0,0.0,0.0,0.0
38014000000,7815,38014000000,map,-0.24969480905024802,-0.24928539269860234,-0.1568616922936538,0.0,0.0,0.0,0.0
38015000000,7816,38015000000,map,-0.249297387632348,-0.24966310541444767,-0.14471357325989134,0.0,0.0,0.0,0.0
38017000000,7817,38017000000,map,-0.23700795660718654,-0.23830975073614502,-0.11885231404489997,0.0,0.0,0.0,0.0
38020000000,7818,38020000000,map,-0.19168874536877908,-0.19286495580327623,-0.076880674418123,0.0,0.0,0.0,0.0
38021000000,7819,38021000000,map,-0.1702932598510386,-0.1710641192177079,-0.062248541065491964,0.0,0.0,0.0,0.0
38024000000,7820,38023000000,map,-0.11997693531027766,-0.11952414887895821,-0.0323460108449345,0.0,0.0,0.0,0.0
38025000000,7821,38025000000,map,-0.062271261865250116,-0.06024827483198523,-0.0019634752222014154,0.0,0.0,0.0,0.0
38027000000,7822,38027000000,map,-0.0007303172534859739,0.0029270191822947673,0.028448197802429496,0.0,0.0,0.0,0.0
38029000000,7823,38029000000,map,0.060855607412011146,0.06591286914900035,0.058437707837763815,0.0,0.0,0.0,0.0
38031000000,7824,38031000000,map,0.11869345070817768,0.12463267234876405,0.08756001926837574,0.0,0.0,0.0,0.0
38033000000,7825,38033000000,map,0.16922099458999804,0.17528593534530093,0.11538296545481806,0.0,0.0,0.0,0.0
38036000000,7826,38035000000,map,0.20932626049171424,0.2145942514841922,0.14149366195978594,0.0,0.0,0.0,0.0
38038000000,7827,38038000000,map,0.2447530332001359,0.24696211672219773,0.1766100086988727,0.0,0.0,0.0,0.0
38040000000,7828,38040000000,map,0.24976269761921618,0.2487747725043178,0.19681449832596262,0.0,0.0,0.0,0.0
38042000000,7829,38042000000,map,0.2393895410714058,0.23448609894678163,0.21409831798481793,0.0,0.0,0.0,0.0
38044000000,7830,38044000000,map,0.21427244362789843,0.20502089496104284,0.22820498081373197,0.0,0.0,0.0,0.0
38045000000,7831,38045000000,map,0.19663511320450444,0.18515765158259032,0.23399952838255567,0.0,0.0,0.0,0.0
38047000000,7832,38047000000,map,0.15256179081413904,0.13677819166711327,0.24296354910054654,0.0,0.0,0.0,0.0
38050000000,7833,38049000000,map,0.09909222656344933,0.0795461029726687,0.2483220613460471,0.0,0.0,0.0,0.0
38051000000,7834,38051000000,map,0.03951959730358818,0.017165590309429306,0.2499955463542371,0.0,0.0,0.0,0.0
38053000000,7835,38053000000,map,-0.022487033893884102,-0.046325922557317364,0.2479591700938884,0.0,0.0,0.0,0.0
38056000000,7836,38056000000,map,-0.11172366870750355,-0.13470313087664795,0.23802968034572694,0.0,0.0,0.0,0.0
38058000000,7837,38058000000,map,-0.163357210009536,-0.18348830586191367,0.22696998572773588,0.0,0.0,0.0,0.0
38060000000,7838,38060000000,map,-0.204929622331217,-0.22039765592764513,0.21254212247052326,0.0,0.0,0.0,0.0
38062000000,7839,38062000000,map,-0.23388047138022794,-0.24304231505197132,0.19496019587270053,0.0,0.0,0.0,0.0
38064000000,7840,38064000000,map,-0.24842668173356555,-0.24995666390929247,0.17448511661611749,0.0,0.0,0.0,0.0
38066000000,7841,38066000000,map,-0.2476723559983141,-0.240693188440949,0.15142072892786299,0.0,0.0,0.0,0.0
38067000000,7842,38067000000,map,-0.24153487696036394,-0.23014182937839667,0.1390231377713205,0.0,0.0,0.0,0.0
38070000000,7843,38069000000,map,-0.21821216035601343,-0.19805420300118098,0.11272717438439459,0.0,0.0,0.0,0.0
38072000000,7844,38072000000,map,-0.15870749864523023,-0.12676863218821988,0.07027555645840612,0.0,0.0,0.0,0.0
38075000000,7845,38075000000,map,-0.07735124969875819,-0.03714723012532173,0.025481113948765104,0.0,0.0,0.0,0.0
38076000000,7846,38076000000,map,-0.0472540512594465,-0.005397715014301935,0.010285811814251988,0.0,0.0,0.0,0.0
38077000000,7847,38077000000,map,-0.016426439041107972,0.026439494707020065,-0.0049476853929644555,0.0,0.0,0.0,0.0
38079000000,7848,38079000000,map,0.04551007181579357,0.0883149889046663,-0.03530306252107451,0.0,0.0,0.0,0.0
38081000000,7849,38081000000,map,0.10464362893458322,0.14447451476834014,-0.06513455245911973,0.0,0.0,0.0,0.0
38083000000,7850,38083000000,map,0.157332211585149,0.1912832864534804,-0.09399946456433331,0.0,0.0,0.0,0.0
38085000000,7851,38085000000,map,0.200330743374807,0.22571172245864463,-0.12146945192813641,0.0,0.0,0.0,0.0
38087000000,7852,38087000000,map,0.23099095567611205,0.2455315277632209,-0.14713686791979977,0.0,0.0,0.0,0.0
38089000000,7853,38089000000,map,0.2474244938182437,0.24945991468980266,-0.17062081554391387,0.0,0.0,0.0,0.0
38091000000,7854,38091000000,map,0.24861922037046144,0.23724262815030703,-0.19157279984154066,0.0,0.0,0.0,0.0
38094000000,7855,38094000000,map,0.2219365280269297,0.19064778118204176,-0.21758462664618985,0.0,0.0,0.0,0.0
38095000000,7856,38095000000,map,0.20594099356711815,0.16852777915054187,-0.2246793806028644,0.0,0.0,0.0,0.0
38098000000,7857,38097000000,map,0.16469658133614654,0.11647761464446008,-0.23634268502777797,0.0,0.0,0.0,0.0
38099000000,7858,38099000000,map,0.11330854858596993,0.056888725792676516,-0.24449873267913919,0.0,0.0,0.0,0.0
38102000000,7859,38101000000,map,0.05494187117176232,-0.00638214455799649,-0.2490264901797545,0.0,0.0,0.0,0.0
38104000000,7860,38104000000,map,-0.03776613559487877,-0.0992342661792876,-0.24888308761899242,0.0,0.0,0.0,0.0
38105000000,7861,38105000000,map,-0.06813985160937588,-0.1276163647624753,-0.24698321216644484,0.0,0.0,0.0,0.0
38108000000,7862,38108000000,map,-0.151151945262875,-0.19865357031374978,-0.23582594801623089,0.0,0.0,0.0,0.0
38110000000,7863,38110000000,map,-0.1955341621609091,-0.23052465252068768,-0.22398611197047322,0.0,0.0,0.0,0.0
38113000000,7864,38112000000,map,-0.22787347978653874,-0.24747559908127909,-0.20882238710508752,0.0,0.0,0.0,0.0
38114000000,7865,38114000000,map,-0.24617812779944354,-0.24840930207574893,-0.19055979869110143,0.0,0.0,0.0,0.0
38116000000,7866,38116000000,map,-0.2493207275882645,-0.23326532989646967,-0.16946935823401807,0.0,0.0,0.0,0.0
38118000000,7867,38118000000,map,-0.23710772723189344,-0.2030238385339644,-0.14586404174209858,0.0,0.0,0.0,0.0
38120000000,7868,38120000000,map,-0.21029132231346642,-0.15964213341488645,-0.12009414525353769,0.0,0.0,0.0,0.0
38122000000,7869,38122000000,map,-0.17052312838534273,-0.10592798766773066,-0.09254208654418318,0.0,0.0,0.0,0.0
38123000000,7870,38123000000,map,-0.14652018691268323,-0.07626245528708434,-0.07822464706251983,0.0,0.0,0.0,0.0
38125000000,7871,38125000000,map,-0.09212596748856029,-0.01371646397471853,-0.04877258050401405,0.0,0.0,0.0,0.0
38127000000,7872,38127000000,map,-0.032057733178360644,0.04971729140497251,-0.018596743022314108,0.0,0.0,0.0,0.0
38129000000,7873,38129000000,map,0.029984928757466774,0.1099332185668766,0.011855064722206328,0.0,0.0,0.0,0.0
38131000000,7874,38131000000,map,0.09018082656450897,0.16303399116692682,0.0421309467511125,0.0,0.0,0.0,0.0
38133000000,7875,38133000000,map,0.14482251021960688,0.20558279356954987,0.07178161777179397,0.0,0.0,0.0,0.0
38135000000,7876,38135000000,map,0.19054461233608322,0.23482576020536,0.10036707044168786,0.0,0.0,0.0,0.0
38137000000,7877,38137000000,map,0.22453112028391398,0.2488702126816541,0.12746310494934582,0.0,0.0,0.0,0.0
38139000000,7878,38139000000,map,0.24468881368999665,0.24680715868983133,0.15266762401545628,0.0,0.0,0.0,0.0
38141000000,7879,38141000000,map,0.2497761853487933,0.2287701242761875,0.17560659990059072,0.0,0.0,0.0,0.0
38143000000,7880,38143000000,map,0.23947990533491473,0.19592651169974015,0.19593962486799205,0.0,0.0,0.0,0.0
38145000000,7881,38145000000,map,0.2144341189133527,0.1504020422200247,0.21336496273512884,0.0,0.0,0.0,0.0
38147000000,7882,38147000000,map,0.1761813896943288,0.0951431740683251,0.22762402655102656,0.0,0.0,0.0,0.0
38149000000,7883,38149000000,map,0.1270776935325674,0.033726400254736354,0.2385052159519841,0.0,0.0,0.0,0.0
38151000000,7884,38151000000,map,0.0701473145749741,-0.029873231058734736,0.24584705724891878,0.0,0.0,0.0,0.0
38153000000,7885,38153000000,map,0.008896580369603332,-0.09153939167909823,0.24954059965018663,0.0,0.0,0.0,0.0
38155000000,7886,38155000000,map,-0.052902091956240155,-0.14728089250366574,0.24953103205981952,0.0,0.0,0.0,0.0
38158000000,7887,38157000000,map,-0.11144253790502735,-0.19349000332018013,0.24581849645805792,0.0,0.0,0.0,0.0
38159000000,7888,38159000000,map,-0.16311926631339937,-0.2271759541877105,0.2384580857945081,0.0,0.0,0.0,0.0
38162000000,7889,38162000000,map,-0.22096717567353885,-0.2497122721733936,0.2208310560463189,0.0,0.0,0.0,0.0
38164000000,7890,38164000000,map,-0.24295802126303576,-0.24465704169108607,0.20494305850229974,0.0,0.0,0.0,0.0
38166000000,7891,38166000000,map,-0.24998514417022633,-0.2237669917701823,0.18601376551901358,0.0,0.0,0.0,0.0
38167000000,7892,38167000000,map,-0.2477149304970198,-0.20776835184005582,0.17549476281293477,0.0,0.0,0.0,0.0
38169000000,7893,38169000000,map,-0.2317818658519989,-0.16595923805950835,0.15254320491390977,0.0,0.0,0.0,0.0
38172000000,7894,38172000000,map,-0.1816657812423229,-0.08414711882945776,0.11398720651827675,0.0,0.0,0.0,0.0
38174000000,7895,38174000000,map,-0.13377751833563908,-0.02202000348494192,0.08608699855822737,0.0,0.0,0.0,0.0
38176000000,7896,38176000000,map,-0.07764993212900645,0.04153230190013358,0.05690928455323177,0.0,0.0,0.0,0.0
38178000000,7897,38178000000,map,-0.016739906369306008,0.10239653218663078,0.02688705330117312,0.0,0.0,0.0,0.0
38180000000,7898,38180000000,map,0.04520112596259329,0.15663340122052646,-0.0035341740095041515,0.0,0.0,0.0,0.0
38181000000,7899,38181000000,map,0.07536212167146726,0.18014636631795602,-0.0187533837770182,0.0,0.0,0.0,0.0
38183000000,7900,38183000000,map,0.13174126056896737,0.21805753325564312,-0.04892663225810546,0.0,0.0,0.0,0.0
38185000000,7901,38185000000,map,0.18000648876401917,0.24185546788043077,-0.07837382373283747,0.0,0.0,0.0,0.0
38187000000,7902,38187000000,map,0.217185163138351,0.24999990797384702,-0.106657970435658,0.0,0.0,0.0,0.0
38189000000,7903,38189000000,map,0.2409874586017648,0.24196372487697476,-0.1333593438481333,0.0,0.0,0.0,0.0
38191000000,7904,38191000000,map,0.24994739783543932,0.2182670405834771,-0.1580817033472215,0.0,0.0,0.0,0.0
38193000000,7905,38193000000,map,0.24351314046297465,0.18044356413573667,-0.18045817630108507,0.0,0.0,0.0,0.0
38195000000,7906,38195000000,map,0.22208097075799252,0.13094132611522452,-0.20015670235311664,0.0,0.0,0.0,0.0
38198000000,7907,38198000000,map,0.1649328027058245,0.04195529215967441,-0.2240558372045456,0.0,0.0,0.0,0.0
38200000000,7908,38200000000,map,0.11358849793867971,-0.02159262548365485,-0.23587804100706491,0.0,0.0,0.0,0.0
38202000000,7909,38202000000,map,0.055248306498748935,-0.08374301406576291,-0.2441998832183403,0.0,0.0,0.0,0.0
38204000000,7910,38204000000,map,-0.006494614074658983,-0.14047334403105383,-0.24889787011804484,0.0,0.0,0.0,0.0
38206000000,7911,38206000000,map,-0.06783753302047461,-0.18811188565758033,-0.24990228494557334,0.0,0.0,0.0,0.0
38208000000,7912,38208000000,map,-0.12500235557605335,-0.22357535264445788,-0.24719822247677187,0.0,0.0,0.0,0.0
38210000000,7913,38210000000,map,-0.17446831487246364,-0.2445684601616731,-0.24082581021295804,0.0,0.0,0.0,0.0
38211000000,7914,38211000000,map,-0.1953382530052158,-0.24917459293551228,-0.236291430861086,0.0,0.0,0.0,0.0
38214000000,7915,38214000000,map,-0.23877907041355417,-0.23873318808425487,-0.21750722921765842,0.0,0.0,0.0,0.0
38215000000,7916,38215000000,map,-0.24612321083579952,-0.22735470749460382,-0.20959632016583957,0.0,0.0,0.0,0.0
38217000000,7917,38217000000,map,-0.24934367383270398,-0.19376138423014166,-0.19147183940246643,0.0,0.0,0.0,0.0
38220000000,7918,38220000000,map,-0.22557747948306797,-0.12076390886152302,-0.15905322112119505,0.0,0.0,0.0,0.0
38221000000,7919,38221000000,map,-0.21046104668076035,-0.09193847615267448,-0.14700984586676907,0.0,0.0,0.0,0.0
38223000000,7920,38223000000,map,-0.17075272764018506,-0.030299126196581185,-0.1213321361595863,0.0,0.0,0.0,0.0
38225000000,7921,38225000000,map,-0.12052779157098618,0.033301259457319814,-0.09385389280626485,0.0,0.0,0.0,0.0
38227000000,7922,38227000000,map,-0.06287957950064925,0.09474630379322993,-0.06498288495433414,0.0,0.0,0.0,0.0
38229000000,7923,38229000000,map,-0.001358630135264804,0.15005912891084566,-0.035147549971168555,0.0,0.0,0.0,0.0
38231000000,7924,38231000000,map,0.06024599691429834,0.195659749568608,-0.004790635558878938,0.0,0.0,0.0,0.0
38233000000,7925,38233000000,map,0.11814008834990258,0.22859677883955865,0.02563737049289951,0.0,0.0,0.0,0.0
38236000000,7926,38236000000,map,0.19034108560558377,0.249854160302873,0.0704262884177444,0.0,0.0,0.0,0.0
38238000000,7927,38238000000,map,0.22439279423186334,0.24392305742955414,0.09907068775496701,0.0,0.0,0.0,0.0
38240000000,7928,38240000000,map,0.2446242077827284,0.22220464042608154,0.12624490687202858,0.0,0.0,0.0,0.0
38242000000,7929,38242000000,map,0.2497892786476898,0.18610457989718773,0.151545688253061,0.0,0.0,0.0,0.0
38244000000,7930,38244000000,map,0.2395698914270302,0.13795936260901323,0.1745975756540179,0.0,0.0,0.0,0.0
38246000000,7931,38245000000,map,0.22885137047028356,0.11031836553019045,0.18517183691121905,0.0,0.0,0.0,0.0
38248000000,7932,38248000000,map,0.17640414024759082,0.018575688596245452,0.21262478462151096,0.0,0.0,0.0,0.0
38250000000,7933,38250000000,map,0.1273481388245083,-0.0449359563069181,0.22703579345625238,0.0,0.0,0.0,0.0
38252000000,7934,38251000000,map,0.09966876679153423,-0.07585377832312071,0.23298931357529507,0.0,0.0,0.0,0.0
38253000000,7935,38253000000,map,0.0401398902458777,-0.13351003221455107,0.2422819290572677,0.0,0.0,0.0,0.0
38255000000,7936,38255000000,map,-0.021861191922030537,-0.18252518083138633,0.2479791511100858,0.0,0.0,0.0,0.0
38258000000,7937,38258000000,map,-0.11116123111997946,-0.233110663019136,0.24961359353566062,0.0,0.0,0.0,0.0
38259000000,7938,38259000000,map,-0.1380883756415191,-0.24270722590530613,0.24830384366761582,0.0,0.0,0.0,0.0
38262000000,7939,38261000000,map,-0.18515607453476893,-0.24997898895181445,0.2429264958291175,0.0,0.0,0.0,0.0
38264000000,7940,38264000000,map,-0.2336577676610621,-0.23069032179901444,0.22814079036824753,0.0,0.0,0.0,0.0
38265000000,7941,38265000000,map,-0.2428837901704134,-0.2165612234876578,0.22149021913165026,0.0,0.0,0.0,0.0
38267000000,7942,38267000000,map,-0.24998837160205592,-0.17803457685640234,0.20574939839029255,0.0,0.0,0.0,0.0
38270000000,7943,38270000000,map,-0.231899412784222,-0.09962788783899104,0.17649879713772418,0.0,0.0,0.0,0.0
38272000000,7944,38272000000,map,-0.20175908594733669,-0.03854465183504098,0.1536608029596546,0.0,0.0,0.0,0.0
38274000000,7945,38273000000,map,-0.18188146326610152,-0.006811008321891039,0.1413641340323179,0.0,0.0,0.0,0.0
38276000000,7946,38275000000,map,-0.13404280883993733,0.05647088409633348,0.11524359363389433,0.0,0.0,0.0,0.0
38277000000,7947,38277000000,map,-0.07794849193919681,0.11609783878221902,0.08741287179132255,0.0,0.0,0.0,0.0
38279000000,7948,38279000000,map,-0.01705334726245324,0.16821064917189232,0.058284968330164014,0.0,0.0,0.0,0.0
38281000000,7949,38281000000,map,0.04489210873086895,0.20943644303042644,0.02829213287463438,0.0,0.0,0.0,0.0
38284000000,7950,38284000000,map,0.13147415675771063,0.24526150793193022,-0.0173433578782817,0.0,0.0,0.0,0.0
38285000000,7951,38285000000,map,0.15684342429474868,0.24943136277727854,-0.03250176375900334,0.0,0.0,0.0,0.0
38288000000,7952,38288000000,map,0.217029398892008,0.237684669072088,-0.07703012690340777,0.0,0.0,0.0,0.0
38289000000,7953,38289000000,map,0.23074990720416041,0.2258958494810531,-0.09137355091122396,0.0,0.0,0.0,0.0
38291000000,7954,38291000000,map,0.24733375552519124,0.19155923428870117,-0.11899048370117002,0.0,0.0,0.0,0.0
38293000000,7955,38293000000,map,0.2486843808046795,0.1448244233776508,-0.14484163228736768,0.0,0.0,0.0,0.0
38296000000,7956,38296000000,map,0.2222250627929936,0.05826443707101758,-0.17947690871891267,0.0,0.0,0.0,0.0
38297000000,7957,38297000000,map,0.20629655722214374,0.026866062808674332,-0.18974397929936432,0.0,0.0,0.0,0.0
38300000000,7958,38300000000,map,0.14060519478641328,-0.0678804324010388,-0.21617836013002778,0.0,0.0,0.0,0.0
38301000000,7959,38301000000,map,0.11386826792005204,-0.09793511249455975,-0.2234251290756441,0.0,0.0,0.0,0.0
38304000000,7960,38303000000,map,0.055554654581118315,-0.15280869314530754,-0.23540585421205013,0.0,0.0,0.0,0.0
38305000000,7961,38305000000,map,-0.006180555791929017,-0.19779211061964114,-0.24389322487215082,0.0,0.0,0.0,0.0
38308000000,7962,38307000000,map,-0.06753510730684918,-0.22997392493376173,-0.24876129094134808,0.0,0.0,0.0,0.0
38310000000,7963,38309000000,map,-0.12473018875424914,-0.24727124807691384,-0.24993781173369353,0.0,0.0,0.0,0.0
38312000000,7964,38312000000,map,-0.19514203538389985,-0.24314246617994162,-0.24475781330562618,0.0,0.0,0.0,0.0
38314000000,7965,38313000000,map,-0.21302455803914427,-0.23377013599971938,-0.24120142113012688,0.0,0.0,0.0,0.0
38315000000,7966,38315000000,map,-0.23868581814827003,-0.20384552672974027,-0.23141815523235182,0.0,0.0,0.0,0.0
38317000000,7967,38317000000,map,-0.24964647947751437,-0.16072752197487802,-0.21820071115234826,0.0,0.0,0.0,0.0
38319000000,7968,38319000000,map,-0.24523147768563097,-0.10720682751333212,-0.20174523191973195,0.0,0.0,0.0,0.0
38321000000,7969,38321000000,map,-0.22571273160919894,-0.04674743737994241,-0.18229591206516932,0.0,0.0,0.0,0.0
38323000000,7970,38323000000,map,-0.19229239585024074,0.01673756454484164,-0.16014137384385768,0.0,0.0,0.0,0.0
38325000000,7971,38325000000,map,-0.14702882038072962,0.0791392691707584,-0.13561038416578927,0.0,0.0,0.0,0.0
38328000000,7972,38328000000,map,-0.06318358961519563,0.1619596486829725,-0.0951626978618788,0.0,0.0,0.0,0.0
38330000000,7973,38330000000,map,-0.0016727836061215548,0.20477509308360414,-0.06634696176303778,0.0,0.0,0.0,0.0
38332000000,7974,38332000000,map,0.059941048719650517,0.2343369781258505,-0.03654665602935815,0.0,0.0,0.0,0.0
38334000000,7975,38333000000,map,0.08959452671384349,0.24351260925406823,-0.021415093416917323,0.0,0.0,0.0,0.0
38335000000,7976,38335000000,map,0.14430989743099085,0.24991030581973298,0.009030114146020857,0.0,0.0,0.0,0.0
38338000000,7977,38338000000,map,0.20880948766614887,0.22933657476518735,0.054305841192301,0.0,0.0,0.0,0.0
38340000000,7978,38339000000,map,0.22425411383306199,0.21481402749773895,0.06906870701199042,0.0,0.0,0.0,0.0
38341000000,7979,38341000000,map,0.2445592155804926,0.1755915720657653,0.0977711370418575,0.0,0.0,0.0,0.0
38344000000,7980,38343000000,map,0.24980197749520153,0.125004388198356,0.12502267180665438,0.0,0.0,0.0,0.0
38345000000,7981,38345000000,map,0.23965949920552163,0.06632660574264129,0.1504189064486562,0.0,0.0,0.0,0.0
38347000000,7982,38347000000,map,0.21475645336737592,0.0033559984466679537,0.17358296822524133,0.0,0.0,0.0,0.0
38350000000,7983,38350000000,map,0.1533073462805223,-0.09022239697186349,0.2034021123751962,0.0,0.0,0.0,0.0
38352000000,7984,38352000000,map,0.09995680104734704,-0.14613619994237212,0.21956672057316345,0.0,0.0,0.0,0.0
38354000000,7985,38354000000,map,0.040449941882443136,-0.19259170028868022,0.23247302243569137,0.0,0.0,0.0,0.0
38356000000,7986,38356000000,map,-0.021548218906081933,-0.22658218111867634,0.24192949219322804,0.0,0.0,0.0,0.0
38358000000,7987,38358000000,map,-0.08221923037727133,-0.24590769297302476,0.2477957985822525,0.0,0.0,0.0,0.0
38360000000,7988,38360000000,map,-0.1378263803794404,-0.24931744009033133,0.24998488732052562,0.0,0.0,0.0,0.0
38361000000,7989,38361000000,map,-0.16264260653417342,-0.24494384200255098,0.2496881730095396,0.0,0.0,0.0,0.0
38364000000,7990,38363000000,map,-0.20438834753870125,-0.22439382898308957,0.24631773199289383,0.0,0.0,0.0,0.0
38366000000,7991,38366000000,map,-0.24280917553118742,-0.16701386561606035,0.23443891293732247,0.0,0.0,0.0,0.0
38368000000,7992,38367000000,map,-0.2483193467510992,-0.14199383822997344,0.22871525895488837,0.0,0.0,0.0,0.0
38370000000,7993,38369000000,map,-0.24779890590078643,-0.08547699526424876,0.21474444251879315,0.0,0.0,0.0,0.0
38371000000,7994,38371000000,map,-0.23201659351561912,-0.02342786605478925,0.1975868809524121,0.0,0.0,0.0,0.0
38373000000,7995,38373000000,map,-0.20194443819799565,0.040137573603757845,0.17749718748404536,0.0,0.0,0.0,0.0
38375000000,7996,38375000000,map,-0.1594345763385558,0.10110520848902152,0.154773487327451,0.0,0.0,0.0,0.0
38378000000,7997,38378000000,map,-0.07824692865829473,0.17916326796306595,0.11649629555521245,0.0,0.0,0.0,0.0
38379000000,7998,38379000000,map,-0.048179201936446224,0.19988667903786936,0.10280700312962288,0.0,0.0,0.0,0.0
38382000000,7999,38382000000,map,0.04458302060815362,0.24149369252683575,0.05965878830364497,0.0,0.0,0.0,0.0
38383000000,8000,38383000000,map,0.07476279358719375,0.2477568001179846,0.044760654560840815,0.0,0.0,0.0,0.0
38385000000,8001,38385000000,map,0.13120684533062119,0.24817102729563348,0.014521687399511516,0.0,0.0,0.0,0.0
38387000000,8002,38387000000,map,0.17956990087030653,0.2325230010429699,-0.0159327773835933,0.0,0.0,0.0,0.0
38389000000,8003,38389000000,map,0.21687329192662064,0.20182550099861352,-0.04615080437968054,0.0,0.0,0.0,0.0
38392000000,8004,38392000000,map,0.24728780048209856,0.13214351850553852,-0.09005619023107038,0.0,0.0,0.0,0.0
38394000000,8005,38394000000,map,0.2487163719874735,0.07431522840486117,-0.11774527222400213,0.0,0.0,0.0,0.0
38396000000,8006,38396000000,map,0.23482656545529804,0.011677069700944745,-0.14368704858949635,0.0,0.0,0.0,0.0
38397000000,8007,38397000000,map,0.2223688039041834,-0.020183853995135066,-0.15588122243638605,0.0,0.0,0.0,0.0
38399000000,8008,38399000000,map,0.18738739629971055,-0.08240963868027143,-0.17848990192590833,0.0,0.0,0.0,0.0
38401000000,8009,38401000000,map,0.14086484665838747,-0.13930166415905543,-0.1984498431334005,0.0,0.0,0.0,0.0
38403000000,8010,38403000000,map,0.0856664669700782,-0.18717773536850854,-0.2154648463307484,0.0,0.0,0.0,0.0
38405000000,8011,38405000000,map,0.025191911388110166,-0.22293919249637054,-0.2292824138146325,0.0,0.0,0.0,0.0
38407000000,8012,38407000000,map,-0.03683420760318536,-0.2442714640401082,-0.23969749689839048,0.0,0.0,0.0,0.0
38409000000,8013,38409000000,map,-0.09659171712492576,-0.24979387170106043,-0.2465555387752925,0.0,0.0,0.0,0.0
38411000000,8014,38411000000,map,-0.15040016737728484,-0.23914899135769224,-0.24975476809657546,0.0,0.0,0.0,0.0
38413000000,8015,38413000000,map,-0.1949455096065317,-0.21302578645482412,-0.24924770922868777,0.0,0.0,0.0,0.0
38415000000,8016,38415000000,map,-0.2274842075245327,-0.17311501655469796,-0.24504188677789657,0.0,0.0,0.0,0.0
38417000000,8017,38417000000,map,-0.2460122110093724,-0.12199980712427799,-0.23719971392731706,0.0,0.0,0.0,0.0
38419000000,8018,38419000000,map,-0.24938838504291547,-0.06298846315395526,-0.22583756624345888,0.0,0.0,0.0,0.0
38421000000,8019,38421000000,map,-0.23740479192582656,9.965266756406704e-05,-0.2111240546963903,0.0,0.0,0.0,0.0
38423000000,8020,38423000000,map,-0.210799498107696,0.06318131871787416,-0.19327752352241998,0.0,0.0,0.0,0.0
38425000000,8021,38425000000,map,-0.17121111686230087,0.12217373081932587,-0.17256281005866944,0.0,0.0,0.0,0.0
38427000000,8022,38427000000,map,-0.12107788651265718,0.17325875160163728,-0.14928731463377526,0.0,0.0,0.0,0.0
38429000000,8023,38429000000,map,-0.06348749995422974,0.21313002995969535,-0.12379643883710105,0.0,0.0,0.0,0.0
38431000000,8024,38431000000,map,-0.001986934435197294,0.23920699641852267,-0.0964684598587982,0.0,0.0,0.0,0.0
38433000000,8025,38433000000,map,0.05963600587012576,0.24980188408433807,-0.06770891696621381,0.0,0.0,0.0,0.0
38436000000,8026,38435000000,map,0.11758597975482185,0.24422896516422343,-0.03794459341941406,0.0,0.0,0.0,0.0
38438000000,8027,38437000000,map,0.16829386307888297,0.2228489329955229,-0.007617183131771135,0.0,0.0,0.0,0.0
38440000000,8028,38439000000,map,0.20863657021692433,0.1870455570648894,0.02282326394039148,0.0,0.0,0.0,0.0
38442000000,8029,38442000000,map,0.24449383718582673,0.11158522566197049,0.06770891696617326,0.0,0.0,0.0,0.0
38444000000,8030,38444000000,map,0.24981428187131205,0.051521847762940894,0.09646845985875935,0.0,0.0,0.0,0.0
38446000000,8031,38446000000,map,0.23974872852901583,-0.011876153782457266,0.12379643883706445,0.0,0.0,0.0,0.0
38448000000,8032,38448000000,map,0.21491711202693423,-0.07450550076791174,0.14928731463383266,0.0,0.0,0.0,0.0
38449000000,8033,38449000000,map,0.19740864792088414,-0.10425598605866282,0.16122440565642807,0.0,0.0,0.0,0.0
38451000000,8034,38451000000,map,0.1535553811056837,-0.15821970921066505,0.18326042409684992,0.0,0.0,0.0,0.0
38454000000,8035,38453000000,map,0.10024467745731053,-0.20194305460900525,0.2025769110922908,0.0,0.0,0.0,0.0
38456000000,8036,38456000000,map,0.009838395754795873,-0.2423643756045751,0.2258375662434408,0.0,0.0,0.0,0.0
38458000000,8037,38458000000,map,-0.05198058325654766,-0.24999332030796056,0.23719971392730374,0.0,0.0,0.0,0.0
38460000000,8038,38460000000,map,-0.11059809137750087,-0.24144206819131314,0.2450418867778882,0.0,0.0,0.0,0.0
38462000000,8039,38462000000,map,-0.1624038912043128,-0.21726407781153018,0.24924770922869333,0.0,0.0,0.0,0.0
38464000000,8040,38464000000,map,-0.20420727671317943,-0.17902420955230727,0.24975476809657735,0.0,0.0,0.0,0.0
38466000000,8041,38466000000,map,-0.23343358803236414,-0.12919744392076632,0.24655553877529948,0.0,0.0,0.0,0.0
38467000000,8042,38467000000,map,-0.2427341774630765,-0.10092289709410786,0.24357876744665205,0.0,0.0,0.0,0.0
38470000000,8043,38470000000,map,-0.24784030667323817,-0.008224083830917564,0.22928241381464928,0.0,0.0,0.0,0.0
38472000000,8044,38472000000,map,-0.2321334078612303,0.055092810322474456,0.21546484633076976,0.0,0.0,0.0,0.0
38474000000,8045,38474000000,map,-0.20212947155095604,0.1148439591460112,0.19844984313335698,0.0,0.0,0.0,0.0
38476000000,8046,38476000000,map,-0.1596764325417588,0.16716211791910912,0.17848990192593783,0.0,0.0,0.0,0.0
38478000000,8047,38478000000,map,-0.10738896269947353,0.20866112374259152,0.155881222436419,0.0,0.0,0.0,0.0
38480000000,8048,38480000000,map,-0.04848743398141236,0.23665505652366103,0.13095931089928617,0.0,0.0,0.0,0.0
38482000000,8049,38481000000,map,-0.017680147765815713,0.24498364526719119,0.117745272223939,0.0,0.0,0.0,0.0
38484000000,8050,38483000000,map,0.044273862082987045,0.24962970884315483,0.09005619023110968,0.0,0.0,0.0,0.0
38485000000,8051,38485000000,map,0.10350105603665931,0.23811910944813702,0.06103070054210675,0.0,0.0,0.0,0.0
38487000000,8052,38487000000,map,0.15635364629621468,0.21119684204247605,0.03109953299029499,0.0,0.0,0.0,0.0
38489000000,8053,38489000000,map,0.1995764552815612,0.17060538352485002,0.0007068574052668951,0.0,0.0,0.0,0.0
38492000000,8054,38492000000,map,0.24073496841282174,0.09003649445609238,-0.04476065456079937,0.0,0.0,0.0,0.0
38494000000,8055,38494000000,map,0.24992628891389032,0.028271155552847337,-0.07433538661443902,0.0,0.0,0.0,0.0
38495000000,8056,38495000000,map,0.24874797041319022,-0.0035552847409118914,-0.08873594978512327,0.0,0.0,0.0,0.0
38497000000,8057,38497000000,map,0.23493416171208564,-0.06651874770865533,-0.11649629555517518,0.0,0.0,0.0,0.0
38499000000,8058,38499000000,map,0.2066508177958653,-0.12517694992452744,-0.1425278701486491,0.0,0.0,0.0,0.0
38501000000,8059,38501000000,map,0.16563990261670455,-0.17573338492252893,-0.1664443725623786,0.0,0.0,0.0,0.0
38503000000,8060,38503000000,map,0.11442726800047005,-0.21491591300031754,-0.18789088884978386,0.0,0.0,0.0,0.0
38506000000,8061,38505000000,map,0.05616708707663905,-0.24018854233422668,-0.2065491589407143,0.0,0.0,0.0,0.0
38507000000,8062,38507000000,map,-0.005552410442147119,-0.24991556475318713,-0.22214229952836287,0.0,0.0,0.0,0.0
38509000000,8063,38509000000,map,-0.06692993641566111,-0.24346742288730552,-0.2344389129373473,0.0,0.0,0.0,0.0
38511000000,8064,38511000000,map,-0.1241852646427609,-0.2212614567053839,-0.24325652099745793,0.0,0.0,0.0,0.0
38513000000,8065,38513000000,map,-0.17379205403289316,-0.18473489222209907,-0.24846427296718895,0.0,0.0,0.0,0.0
38516000000,8066,38516000000,map,-0.2273537313729239,-0.10848223915978483,-0.2493533140887593,0.0,0.0,0.0,0.0
38518000000,8067,38518000000,map,-0.2459561283219133,-0.0481354639148124,-0.2453181244396389,0.0,0.0,0.0,0.0
38520000000,8068,38520000000,map,-0.2494101499380344,0.015326759691979119,-0.2376424851040943,0.0,0.0,0.0,0.0
38522000000,8069,38522000000,map,-0.23750306390927542,0.07779699684017667,-0.22644030033961163,0.0,0.0,0.0,0.0
38524000000,8070,38524000000,map,-0.21096822463299872,0.13523201657025086,-0.21187780731316042,0.0,0.0,0.0,0.0
38526000000,8071,38525000000,map,-0.1926933117543805,0.16088012714502242,-0.2034021123752207,0.0,0.0,0.0,0.0
38528000000,8072,38528000000,map,-0.12135264740292122,0.2206935351857513,-0.17358296822518984,0.0,0.0,0.0,0.0
38530000000,8073,38529000000,map,-0.09329300148942643,0.23384070255123507,-0.16230228192633903,0.0,0.0,0.0,0.0
38531000000,8074,38531000000,map,-0.03330358563094612,0.24858580193706917,-0.1379769692173817,0.0,0.0,0.0,0.0
38534000000,8075,38534000000,map,0.05933086884698681,0.2405225863516457,-0.09777113704189626,0.0,0.0,0.0,0.0
38535000000,8076,38535000000,map,0.08900766093524082,0.22989569165931228,-0.08357509484607864,0.0,0.0,0.0,0.0
38537000000,8077,38537000000,map,0.1437963731026313,0.19767015296802481,-0.05430584119234212,0.0,0.0,0.0,0.0
38539000000,8078,38539000000,map,0.18972870325515648,0.1526509045226539,-0.024230704634554984,0.0,0.0,0.0,0.0
38541000000,8079,38541000000,map,0.22397569087134658,0.09775170537782493,0.006204008539473602,0.0,0.0,0.0,0.0
38543000000,8080,38543000000,map,0.24442807270206682,0.03652576985998343,0.03654665602942894,0.0,0.0,0.0,0.0
38545000000,8081,38545000000,map,0.24982619175656393,-0.027064205403447127,0.06634696176299716,0.0,0.0,0.0,0.0
38548000000,8082,38547000000,map,0.23983757925647833,-0.08890251718354636,0.09516269786183984,0.0,0.0,0.0,0.0
38549000000,8083,38549000000,map,0.21507743130292106,-0.1449868343208984,0.12256624717533773,0.0,0.0,0.0,0.0
38551000000,8084,38551000000,map,0.17707071910542838,-0.1916872386689794,0.14815094899380993,0.0,0.0,0.0,0.0
38554000000,8085,38554000000,map,0.10053239556766196,-0.23774637689379569,0.1822959120651405,0.0,0.0,0.0,0.0
38556000000,8086,38556000000,map,0.04106985303789807,-0.24956069125569733,0.20174523191977423,0.0,0.0,0.0,0.0
38558000000,8087,38558000000,map,-0.020922171285955336,-0.2452228096386618,0.2182007111523277,0.0,0.0,0.0,0.0
38560000000,8088,38560000000,map,-0.081625604406245,-0.2250134906574563,0.2314181552323359,0.0,0.0,0.0,0.0
38562000000,8089,38562000000,map,-0.13730173732954015,-0.19024073229518662,0.2412014211301457,0.0,0.0,0.0,0.0
38564000000,8090,38564000000,map,-0.18452149120239061,-0.14315511498164493,0.24740532802248438,0.0,0.0,0.0,0.0
38565000000,8091,38565000000,map,-0.20402588341649383,-0.11592129109901479,0.24913413406667892,0.0,0.0,0.0,0.0
38568000000,8092,38568000000,map,-0.24265879608462138,-0.024834979461844684,0.24876129094134097,0.0,0.0,0.0,0.0
38570000000,8093,38570000000,map,-0.24999568528571053,0.03874156181080963,0.2438932248721351,0.0,0.0,0.0,0.0
38571000000,8094,38571000000,map,-0.24788131607198646,0.06984346679609951,0.24009532148196433,0.0,0.0,0.0,0.0
38573000000,8095,38573000000,map,-0.2322498556364206,0.12815625115692533,0.2298422368113737,0.0,0.0,0.0,0.0
38575000000,8096,38575000000,map,-0.20231418571362345,0.17817444042661287,0.21617836012999184,0.0,0.0,0.0,0.0
38577000000,8097,38577000000,map,-0.1599180365939046,0.21666073152042617,0.19930645939773,0.0,0.0,0.0,0.0
38579000000,8098,38579000000,map,-0.10767257630889507,0.24112419482491482,0.179476908718942,0.0,0.0,0.0,0.0
38581000000,8099,38581000000,map,-0.04879558945810192,0.24998149343061038,0.15698397286403334,0.0,0.0,0.0,0.0
38583000000,8100,38583000000,map,0.013086705325805963,0.24265936068153748,0.13216144046548603,0.0,0.0,0.0,0.0
38585000000,8101,38585000000,map,0.07416299326026611,0.2196317034359429,0.10537767069159618,0.0,0.0,0.0,0.0
38587000000,8102,38587000000,map,0.13067160131872377,0.18238892962184483,0.07703012690344785,0.0,0.0,0.0,0.0
38589000000,8103,38589000000,map,0.17913217871550502,0.13334148528552955,0.04753947841412252,0.0,0.0,0.0,0.0
38591000000,8104,38591000000,map,0.21656005082519678,0.07566384445587275,0.017343357878323726,0.0,0.0,0.0,0.0
38593000000,8105,38593000000,map,0.24065004453199107,0.013089049198439772,-0.013110133049059083,0.0,0.0,0.0,0.0
38596000000,8106,38595000000,map,0.24991846325582412,-0.050332902262615005,-0.04336907341130756,0.0,0.0,0.0,0.0
38598000000,8107,38598000000,map,0.23504138697568644,-0.13812552977704076,-0.08741287179128308,0.0,0.0,0.0,0.0
38600000000,8108,38600000000,map,0.2068274587276815,-0.18623759961623798,-0.11524359363385694,0.0,0.0,0.0,0.0
38602000000,8109,38602000000,map,0.16587507994671105,-0.22229590332507806,-0.1413641340323769,0.0,0.0,0.0,0.0
38604000000,8110,38604000000,map,0.11470649721677859,-0.24396665674420434,-0.1653868717569798,0.0,0.0,0.0,0.0
38605000000,8111,38605000000,map,0.08625647424937477,-0.2489290933156675,-0.17649879713769437,0.0,0.0,0.0,0.0
38607000000,8112,38607000000,map,0.02581695154818715,-0.24670628199132383,-0.1967176004501847,0.0,0.0,0.0,0.0
38610000000,8113,38609000000,map,-0.03621263062690207,-0.22851601923888074,-0.21401717173082083,0.0,0.0,0.0,0.0
38612000000,8114,38611000000,map,-0.09601188609974097,-0.19553562464116253,-0.2281407903682303,0.0,0.0,0.0,0.0
38614000000,8115,38614000000,map,-0.17356608439511662,-0.12323180414656704,-0.24292649582910755,0.0,0.0,0.0,0.0
38615000000,8116,38615000000,map,-0.19455153482620027,-0.09456183599873,-0.24607204860169782,0.0,0.0,0.0,0.0
38618000000,8117,38618000000,map,-0.23840380043943882,-0.001314057972782717,-0.24999643461388457,0.0,0.0,0.0,0.0
38620000000,8118,38620000000,map,-0.24959460187571214,0.06181249108412317,-0.24797915111009117,0.0,0.0,0.0,0.0
38622000000,8119,38621000000,map,-0.24943152098051447,0.09212378556700007,-0.24558651745748192,0.0,0.0,0.0,0.0
38623000000,8120,38623000000,map,-0.23760096084296772,0.14778813517916292,-0.23807765708421516,0.0,0.0,0.0,0.0
38626000000,8121,38626000000,map,-0.19289331343097144,0.21238768441019057,-0.2202392043778543,0.0,0.0,0.0,0.0
38627000000,8122,38627000000,map,-0.1716684246217853,0.22743752263367248,-0.2126247846215331,0.0,0.0,0.0,0.0
38630000000,8123,38630000000,map,-0.09358439283486965,0.24974161984278037,-0.18517183691117098,0.0,0.0,0.0,0.0
38632000000,8124,38632000000,map,-0.033614918496113984,0.24452706308355893,-0.16337496818603714,0.0,0.0,0.0,0.0
38636000000,8125,38635000000,map,0.05902563813252837,0.2074182486645208,-0.12624490687206494,0.0,0.0,0.0,0.0
38638000000,8126,38637000000,map,0.11703112842258548,0.16548880922463835,-0.09907068775490131,0.0,0.0,0.0,0.0
38640000000,8127,38640000000,map,0.18952397615955935,0.08355519638879623,-0.05568492541597783,0.0,0.0,0.0,0.0
38641000000,8128,38641000000,map,0.20828974719531312,0.05290438589420544,-0.04073678342390259,0.0,0.0,0.0,0.0
38643000000,8129,38643000000,map,0.2359222805786917,-0.01046385078996118,-0.010442756400370682,0.0,0.0,0.0,0.0
38644000000,8130,38644000000,map,0.24436192223296876,-0.04215175749001954,0.0047906355589504845,0.0,0.0,0.0,0.0
38646000000,8131,38646000000,map,0.24983770713216708,-0.10296940524601124,0.035147549971126846,0.0,0.0,0.0,0.0
38648000000,8132,38648000000,map,0.23992605124766647,-0.1571226139629128,0.06498288495429347,0.0,0.0,0.0,0.0
38650000000,8133,38650000000,map,0.21523741094240242,-0.20110645169159377,0.09385389280633119,0.0,0.0,0.0,0.0
38652000000,8134,38652000000,map,0.17729235328786777,-0.23207417376523656,0.12133213615954945,0.0,0.0,0.0,0.0
38654000000,8135,38654000000,map,0.12842790472559773,-0.24802147127811397,0.14700984586673502,0.0,0.0,0.0,0.0
38655000000,8136,38655000000,map,0.10081995492343028,-0.24999965751944198,0.15905322112116255,0.0,0.0,0.0,0.0
38657000000,8137,38657000000,map,0.041379711577863326,-0.24180493294538408,0.1813255706781084,0.0,0.0,0.0,0.0
38660000000,8138,38659000000,map,-0.02060909767039204,-0.21795998458812632,0.20090710145261145,0.0,0.0,0.0,0.0
38662000000,8139,38661000000,map,-0.08132859783937034,-0.18000811751322043,0.21750722921763765,0.0,0.0,0.0,0.0
38663000000,8140,38663000000,map,-0.1370390903702019,-0.13040567206728995,0.23087961290052947,0.0,0.0,0.0,0.0
38665000000,8141,38665000000,map,-0.18430938020995524,-0.07236304334772503,0.24082581021294672,0.0,0.0,0.0,0.0
38667000000,8142,38667000000,map,-0.22022810224028805,-0.009636896354854032,0.24719822247676557,0.0,0.0,0.0,0.0
38669000000,8143,38669000000,map,-0.24258303151475044,0.053712974821962106,0.24990228494557534,0.0,0.0,0.0,0.0
38672000000,8144,38672000000,map,-0.2479219340323313,0.14099265099371797,0.2470074923480769,0.0,0.0,0.0,0.0
38674000000,8145,38673000000,map,-0.24201436360647685,0.16610824125106077,0.24419988321834932,0.0,0.0,0.0,0.0
38676000000,8146,38675000000,map,-0.21912579053545345,0.2078791320075168,0.23587804100707888,0.0,0.0,0.0,0.0
38678000000,8147,38677000000,map,-0.1827413158058544,0.23619556219484686,0.22405583720451389,0.0,0.0,0.0,0.0
38680000000,8148,38680000000,map,-0.10795601988882687,0.2497026334374811,0.2001567023531419,0.0,0.0,0.0,0.0
38682000000,8149,38681000000,map,-0.07914149555577461,0.24612362256286122,0.19066143800220087,0.0,0.0,0.0,0.0
38683000000,8150,38683000000,map,-0.018306836591755866,0.227092683691743,0.1695848057832697,0.0,0.0,0.0,0.0
38685000000,8151,38685000000,map,0.04365533577755359,0.19336373483376545,0.14599158432158213,0.0,0.0,0.0,0.0
38687000000,8152,38687000000,map,0.1029287871289984,0.14711979844101028,0.12023189016834909,0.0,0.0,0.0,0.0
38690000000,8153,38689000000,map,0.15586288068289655,0.09135389845334402,0.09268798969981018,0.0,0.0,0.0,0.0
38692000000,8154,38691000000,map,0.19919741909191793,0.029675344258036553,0.06376862639567488,0.0,0.0,0.0,0.0
38694000000,8155,38694000000,map,0.24056474063189245,-0.0651549359174708,0.01875338377706021,0.0,0.0,0.0,0.0
38696000000,8156,38696000000,map,0.24991024294238562,-0.12395121871518505,-0.011698159470246898,0.0,0.0,0.0,0.0
38698000000,8157,38698000000,map,0.24386383700715503,-0.1747250667039369,-0.041976105430062596,0.0,0.0,0.0,0.0
38699000000,8158,38699000000,map,0.23514824107693233,-0.19605024432888377,-0.056909284553190755,0.0,0.0,0.0,0.0
38701000000,8159,38701000000,map,0.20700377305083684,-0.22885042567847433,-0.08608699855818781,0.0,0.0,0.0,0.0
38703000000,8160,38703000000,map,0.1661099953373251,-0.24683883155631492,-0.11398720651834043,0.0,0.0,0.0,0.0
38706000000,8161,38706000000,map,0.08655127380566849,-0.2437845941314555,-0.1525432049138764,0.0,0.0,0.0,0.0
38707000000,8162,38707000000,map,0.05677916479053309,-0.2347573061962433,-0.16432408230396262,0.0,0.0,0.0,0.0
38709000000,8163,38709000000,map,-0.0049242300207778065,-0.20546932168394352,-0.18601376551898544,0.0,0.0,0.0,0.0
38712000000,8164,38711000000,map,-0.06632434275861872,-0.1628828455910794,-0.2049430585023407,0.0,0.0,0.0,0.0
38714000000,8165,38713000000,map,-0.12363955610945034,-0.10975418182269829,-0.22083105604629913,0.0,0.0,0.0,0.0
38716000000,8166,38716000000,map,-0.1943540864452348,-0.01794904890031223,-0.23845808579449546,0.0,0.0,0.0,0.0
38718000000,8167,38718000000,map,-0.2270917022085891,0.04555389912782358,-0.24581849645807097,0.0,0.0,0.0,0.0
38720000000,8168,38720000000,map,-0.2458427978412338,0.10610848416388369,-0.24953103205981697,0.0,0.0,0.0,0.0
38722000000,8169,38722000000,map,-0.249452498136561,0.1597954610737516,-0.24954059965018918,0.0,0.0,0.0,0.0
38724000000,8170,38723000000,map,-0.24547264624274415,0.18295395881417403,-0.24815457390119383,0.0,0.0,0.0,0.0
38726000000,8171,38726000000,map,-0.21130467797469638,0.23333694935112909,-0.23850521595199672,0.0,0.0,0.0,0.0
38727000000,8172,38727000000,map,-0.1930930105028358,0.24285711322473505,-0.23349815431473844,0.0,0.0,0.0,0.0
38730000000,8173,38730000000,map,-0.12190159385248461,0.24744726878038256,-0.21336496273509156,0.0,0.0,0.0,0.0
38732000000,8174,38732000000,map,-0.06439862752033107,0.23044745707925943,-0.19593962486801822,0.0,0.0,0.0,0.0
38733000000,8175,38733000000,map,-0.033926198278962524,0.2162466195814316,-0.1861186765718316,0.0,0.0,0.0,0.0
38736000000,8176,38735000000,map,0.028112745756043115,0.17759291080379136,-0.16444243013354215,0.0,0.0,0.0,0.0
38738000000,8177,38737000000,map,0.08842023293630162,0.12744494191124442,-0.14032590581278884,0.0,0.0,0.0,0.0
38739000000,8178,38739000000,map,0.1432819404780406,0.06904841565206925,-0.11412698582341368,0.0,0.0,0.0,0.0
38741000000,8179,38741000000,map,0.18931894977988276,0.006182902165401783,-0.0862344545253531,0.0,0.0,0.0,0.0
38743000000,8180,38743000000,map,0.22369585315753995,-0.05708278430921719,-0.05706222897863936,0.0,0.0,0.0,0.0
38745000000,8181,38745000000,map,0.24429538588308894,-0.11665392932919018,-0.02704321653402942,0.0,0.0,0.0,0.0
38747000000,8182,38747000000,map,0.24984882797992047,-0.16867493847374385,0.0033771093861995312,0.0,0.0,0.0,0.0
38749000000,8183,38749000000,map,0.24001414436287086,-0.2097788811152426,0.0337473199843988,0.0,0.0,0.0,0.0
38751000000,8184,38751000000,map,0.21539705069251708,-0.2373054066442394,0.06361673015973697,0.0,0.0,0.0,0.0
38754000000,8185,38753000000,map,0.1775137075013212,-0.2494729290558166,0.09254208654414404,0.0,0.0,0.0,0.0
38755000000,8186,38755000000,map,0.12869734025292626,-0.24549393567879638,0.12009414525350075,0.0,0.0,0.0,0.0
38758000000,8187,38757000000,map,0.07195453657970678,-0.2256259569780893,0.1458640417421567,0.0,0.0,0.0,0.0
38760000000,8188,38760000000,map,-0.020295991510023852,-0.16910706515171503,0.1803494309647803,0.0,0.0,0.0,0.0
38762000000,8189,38762000000,map,-0.08103146284332359,-0.11717198403623527,0.20006254649206343,0.0,0.0,0.0,0.0
38764000000,8190,38764000000,map,-0.13677622700743475,-0.057653237240524124,0.2168067919601448,0.0,0.0,0.0,0.0
38766000000,8191,38766000000,map,-0.1840969781676973,0.005596972158511668,0.23033368763135975,0.0,0.0,0.0,0.0
38768000000,8192,38767000000,map,-0.20366213055618299,0.037344311162162566,0.2358259480162169,0.0,0.0,0.0,0.0
38770000000,8193,38769000000,map,-0.2330945543592713,0.09851290323530111,0.24416619551553273,0.0,0.0,0.0,0.0
38771000000,8194,38771000000,map,-0.2481707438958141,0.1533054922950561,0.24888308761899916,0.0,0.0,0.0,0.0
38774000000,8195,38774000000,map,-0.24209294117034358,0.21595192704966445,0.2490264901797582,0.0,0.0,0.0,0.0
38776000000,8196,38776000000,map,-0.21927685252639542,0.2407469865902597,0.24449873267914798,0.0,0.0,0.0,0.0
38778000000,8197,38778000000,map,-0.1829555583545157,0.2499602952981643,0.23634268502775466,0.0,0.0,0.0,0.0
38780000000,8198,38780000000,map,-0.13536607791655453,0.24299554464784712,0.2246793806028829,0.0,0.0,0.0,0.0
38782000000,8199,38781000000,map,-0.10823929299126257,0.23354669966262853,0.21758462664621062,0.0,0.0,0.0,0.0
38783000000,8200,38783000000,map,-0.04941166876051766,0.2034811351667869,0.2010005448110055,0.0,0.0,0.0,0.0
38786000000,8201,38785000000,map,0.012459207570748875,0.1602457595252133,0.1814336732940361,0.0,0.0,0.0,0.0
38788000000,8202,38787000000,map,0.073562724479566,0.10663887505475758,0.15917437878321414,0.0,0.0,0.0,0.0
38790000000,8203,38790000000,map,0.15561712848915968,0.014500610141967428,0.12146945192817322,0.0,0.0,0.0,0.0
38792000000,8204,38792000000,map,0.1990074290073255,-0.048947336668070315,0.093999464564267,0.0,0.0,0.0,0.0
38794000000,8205,38794000000,map,0.23014091263208045,-0.10922728866855062,0.06513455245916039,0.0,0.0,0.0,0.0
38795000000,8206,38795000000,map,0.24047905684717022,-0.1369449784953347,0.050312221554063806,0.0,0.0,0.0,0.0
38797000000,8207,38797000000,map,0.2499016279865613,-0.18529150846329193,0.020162809990835886,0.0,0.0,0.0,0.0
38799000000,8208,38799000000,map,0.24393282147311535,-0.22164550570162903,-0.010285811814323486,0.0,0.0,0.0,0.0
38802000000,8209,38801000000,map,0.22294025458056008,-0.24365404802086935,-0.0405817951607167,0.0,0.0,0.0,0.0
38804000000,8210,38804000000,map,0.16634464841758323,-0.2469310621903082,-0.08475837248385996,0.0,0.0,0.0,0.0
38806000000,8211,38806000000,map,0.11526441179729434,-0.22908572330317772,-0.11272717438435698,0.0,0.0,0.0,0.0
38807000000,8212,38807000000,map,0.086845936685687,-0.214491935792675,-0.12610930161957407,0.0,0.0,0.0,0.0
38809000000,8213,38809000000,map,0.026441828634366827,-0.17514377097313846,-0.15142072892782948,0.0,0.0,0.0,0.0
38812000000,8214,38811000000,map,-0.035590824911737554,-0.12445986053189155,-0.17448511661616872,0.0,0.0,0.0,0.0
38814000000,8215,38813000000,map,-0.09543144861151195,-0.06572059470288219,-0.19496019587267416,0.0,0.0,0.0,0.0
38815000000,8216,38815000000,map,-0.14939447368410647,-0.002727726593383394,-0.21254212247050108,0.0,0.0,0.0,0.0
38817000000,8217,38817000000,map,-0.19415633115249517,0.06044168684601785,-0.22696998572771823,0.0,0.0,0.0,0.0
38819000000,8218,38819000000,map,-0.22696014960954758,0.11969916220582595,-0.2380296803457488,0.0,0.0,0.0,0.0
38821000000,8219,38821000000,map,-0.24578555022697718,0.17120940655445985,-0.2455570836698906,0.0,0.0,0.0,0.0
38823000000,8220,38823000000,map,-0.2494730813730786,0.2116385472478469,-0.2494404912220986,0.0,0.0,0.0,0.0
38825000000,8221,38825000000,map,-0.2377956289431644,0.23836990855669116,-0.24962227436262982,0.0,0.0,0.0,0.0
38828000000,8222,38828000000,map,-0.19329240265419143,0.24927025479586734,-0.24296354910055645,0.0,0.0,0.0,0.0
38829000000,8223,38829000000,map,-0.17212464803036495,0.24481734165505853,-0.23892514803520398,0.0,0.0,0.0,0.0
38831000000,8224,38831000000,map,-0.1221757785447245,0.22411611934895695,-0.22820498081374918,0.0,0.0,0.0,0.0
38833000000,8225,38833000000,map,-0.06470213395974381,0.188909537791191,-0.2140983179848397,0.0,0.0,0.0,0.0
38835000000,8226,38835000000,map,-0.0032435014145294266,0.14147625554032936,-0.1968144983259886,0.0,0.0,0.0,0.0
38837000000,8227,38837000000,map,0.0584148975571416,0.08488627399369544,-0.17661000869890253,0.0,0.0,0.0,0.0
38839000000,8228,38839000000,map,0.1164755378581364,0.022802239171010763,-0.15378467785897937,0.0,0.0,0.0,0.0
38841000000,8229,38841000000,map,0.16736247943262875,-0.040757613955051473,-0.12867722708369728,0.0,0.0,0.0,0.0
38843000000,8230,38843000000,map,0.20794160850258087,-0.10167953173589112,-0.10166024364727645,0.0,0.0,0.0,0.0
38845000000,8231,38845000000,map,0.235713666838303,-0.15602049433729273,-0.07313465173378976,0.0,0.0,0.0,0.0
38847000000,8232,38847000000,map,0.24896818043674232,-0.20026341790622254,-0.04352376283876459,0.0,0.0,0.0,0.0
38849000000,8233,38849000000,map,0.24688880717934336,-0.23154478908818568,-0.013266993949701242,0.0,0.0,0.0,0.0
38851000000,8234,38851000000,map,0.22960361513568991,-0.2478399988180605,0.01718665327479602,0.0,0.0,0.0,0.0
38853000000,8235,38853000000,map,0.19817719488361943,-0.24809438011369228,0.04738525555860475,0.0,0.0,0.0,0.0
38855000000,8236,38855000000,map,0.15454509164674068,-0.23229146877753937,0.07688067441808293,0.0,0.0,0.0,0.0
38857000000,8237,38857000000,map,0.1013945955559198,-0.2014540690006898,0.10523520640795324,0.0,0.0,0.0,0.0
38859000000,8238,38859000000,map,0.04199923213594992,-0.15757805490148752,0.1320280785122361,0.0,0.0,0.0,0.0
38861000000,8239,38861000000,map,-0.019982853299741355,-0.10350319253049853,0.156861692293621,0.0,0.0,0.0,0.0
38863000000,8240,38863000000,map,-0.0807341998877516,-0.04272934306404595,0.17936752413959856,0.0,0.0,0.0,0.0
38865000000,8241,38865000000,map,-0.13651314765633582,0.02081005701758975,0.19921159404489855,0.0,0.0,0.0,0.0
38867000000,8242,38867000000,map,-0.18388428541133606,0.08300257783831433,0.2160994217778648,0.0,0.0,0.0,0.0
38869000000,8243,38869000000,map,-0.21993003683754125,0.13982296293864863,0.22978039688211546,0.0,0.0,0.0,0.0
38871000000,8244,38871000000,map,-0.2424303532802108,0.18759365400104483,0.24005149766221381,0.0,0.0,0.0,0.0
38873000000,8245,38873000000,map,-0.24999944597731127,0.2232228116807771,0.24676030396698043,0.0,0.0,0.0,0.0
38875000000,8246,38875000000,map,-0.24217113643646807,0.24440442722916894,0.24980725906018042,0.0,0.0,0.0,0.0
38877000000,8247,38877000000,map,-0.21942756824947535,0.2497675731825655,0.24914714701356178,0.0,0.0,0.0,0.0
38879000000,8248,38879000000,map,-0.1831695119915325,0.23896513323800794,0.24478976369809244,0.0,0.0,0.0,0.0
38881000000,8249,38881000000,map,-0.13563009211746851,0.2126962684939034,0.2367997714160816,0.0,0.0,0.0,0.0
38883000000,8250,38883000000,map,-0.0797372493958232,0.17266116598436454,0.22529573933140176,0.0,0.0,0.0,0.0
38885000000,8251,38885000000,map,-0.01893340978176647,0.12145099829599541,0.21044838393754864,0.0,0.0,0.0,0.0
38887000000,8252,38887000000,map,0.04303653372106921,0.06238021635566584,0.19247803567448155,0.0,0.0,0.0,0.0
38889000000,8253,38889000000,map,0.10235586806738438,-0.000727970172398415,0.17165136928891422,0.0,0.0,0.0,0.0
38891000000,8254,38891000000,map,0.15537113055491367,-0.06378904063868546,0.14827744645865065,0.0,0.0,0.0,0.0
38893000000,8255,38893000000,map,0.19881712466297644,-0.12272152386424222,0.12270312940663208,0.0,0.0,0.0,0.0
38895000000,8256,38895000000,map,0.2300180226738418,-0.1737111612262231,0.0953079335672449,0.0,0.0,0.0,0.0
38897000000,8257,38897000000,map,0.24705216922147197,-0.21345777507440122,0.06649839568674572,0.0,0.0,0.0,0.0
38899000000,8258,38899000000,map,0.24887043555632674,-0.23938886453502167,0.03670204093598114,0.0,0.0,0.0,0.0
38901000000,8259,38901000000,map,0.23536083511761036,-0.2498261042402059,0.006361038562074835,0.0,0.0,0.0,0.0
38903000000,8260,38903000000,map,0.20735542075747276,-0.2440939697701185,-0.02407435977569991,0.0,0.0,0.0,0.0
38905000000,8261,38905000000,map,0.16657903881710578,-0.2225634592929931,-0.05415250160962431,0.0,0.0,0.0,0.0
38907000000,8262,38907000000,map,0.11554309628047803,-0.18662808163043068,-0.08342703605435088,0.0,0.0,0.0,0.0
38909000000,8263,38909000000,map,0.05739088385636325,-0.13861366485897542,-0.11146353752480331,0.0,0.0,0.0,0.0
38911000000,8264,38911000000,map,-0.004296018495068082,-0.08162782286460149,-0.13784595248551745,0.0,0.0,0.0,0.0
38913000000,8265,38913000000,map,-0.06571833016076127,-0.01935882275142567,-0.1621827735642181,0.0,0.0,0.0,0.0
38915000000,8266,38915000000,map,-0.12309306660150617,0.04416312908879977,-0.18411284940746614,0.0,0.0,0.0,0.0
38917000000,8267,38917000000,map,-0.17288653240455903,0.1048267320740738,-0.20331074406180658,0.0,0.0,0.0,0.0
38919000000,8268,38919000000,map,-0.21203196068661043,0.15870568515382344,-0.21949156634875822,0.0,0.0,0.0,0.0
38921000000,8269,38921000000,map,-0.2381183944848956,0.20231280689394227,-0.2324151975671237,0.0,0.0,0.0,0.0
38923000000,8270,38923000000,map,-0.2495391769821645,0.23282573463442882,-0.24188985478474576,0.0,0.0,0.0,0.0
38925000000,8271,38925000000,map,-0.2455909050917219,0.2482695949033014,-0.24777493684148028,0.0,0.0,0.0,0.0
38927000000,8272,38927000000,map,-0.22651675187420123,0.24764482219826137,-0.24998311082963498,0.0,0.0,0.0,0.0
38929000000,8273,38929000000,map,-0.19349148957074813,0.23099185338099054,-0.24848160808879316,0.0,0.0,0.0,0.0
38931000000,8274,38931000000,map,-0.14854913567991967,0.19938851050224968,-0.24329271048338968,0.0,0.0,0.0,0.0
38933000000,8275,38933000000,map,-0.0944576783370203,0.1548802414452414,-0.23449341974611135,0.0,0.0,0.0,0.0
38935000000,8276,38935000000,map,-0.034548596630446765,0.100347733392408,-0.22221431479483308,0.0,0.0,0.0,0.0
38937000000,8277,38937000000,map,0.027488324347695207,0.03932046750091446,-0.20663761397922167,0.0,0.0,0.0,0.0
38939000000,8278,38939000000,map,0.08783224642690296,-0.024251718000795158,-0.18799447101318378,0.0,0.0,0.0,0.0
38941000000,8279,38941000000,map,0.14276660280721382,-0.08625427128173936,-0.16656154472152732,0.0,0.0,0.0,0.0
38943000000,8280,38943000000,map,0.18890800046307982,-0.14267423105905416,-0.14265689350284402,0.0,0.0,0.0,0.0
38945000000,8281,38945000000,map,0.2234146024590467,-0.18985995555042945,-0.11663525543524465,0.0,0.0,0.0,0.0
38947000000,8282,38947000000,map,0.2441611559617299,-0.22475746591962364,-0.08888278406671735,0.0,0.0,0.0,0.0
38949000000,8283,38949000000,map,0.2498698860222885,-0.2451081074728575,-0.059811318008859346,0.0,0.0,0.0,0.0
38951000000,8284,38951000000,map,0.2401891934095458,-0.24959473547494923,-0.029852269370572757,0.0,0.0,0.0,0.0
38953000000,8285,38953000000,map,0.21571530951715928,-0.23792696407041797,0.0005497782713352806,0.0,0.0,0.0,0.0
38955000000,8286,38955000000,map,0.17795557462416006,-0.2108599607876404,0.030943667363215993,0.0,0.0,0.0,0.0
38957000000,8287,38957000000,map,0.1292356011902327,-0.17014557019533477,0.060878361422611195,0.0,0.0,0.0,0.0
38959000000,8288,38959000000,map,0.07255603997715379,-0.11841893011418152,0.08990963828746683,0.0,0.0,0.0,0.0
38961000000,8289,38961000000,map,0.011407770731941125,-0.05902791886463917,0.11760668224451032,0.0,0.0,0.0,0.0
38963000000,8290,38963000000,map,-0.05044310020891254,0.004183527842873023,0.14355847720914286,0.0,0.0,0.0,0.0
38965000000,8291,38965000000,map,-0.10918719344867155,0.06712420610018574,0.16737990608470907,0.0,0.0,0.0,0.0
38967000000,8292,38967000000,map,-0.16120647523839457,0.12572043681464246,0.18871746578831067,0.0,0.0,0.0,0.0
38969000000,8293,38969000000,map,-0.20329709125503523,0.17617972447218813,0.20725451313384202,0.0,0.0,0.0,0.0
38971000000,8294,38971000000,map,-0.23286669117249184,0.21523621699061465,0.22271596372486716,0.0,0.0,0.0,0.0
38973000000,8295,38973000000,map,-0.24809409085907191,0.24036207988483765,0.23487237412713383,0.0,0.0,0.0,0.0
38975000000,8296,38975000000,map,-0.24804143864435885,0.2499311040771196,0.24354334674247,0.0,0.0,0.0,0.0
38977000000,8297,38977000000,map,-0.23271197736493673,0.24332395824044983,0.24860020685671197,0.0,0.0,0.0,0.0
38979000000,8298,38979000000,map,-0.20304984463863315,0.22096827348073642,0.24996791213513628,0.0,0.0,0.0,0.0
38981000000,8299,38981000000,map,-0.16088192366931073,0.18431096597562663,0.24762616622877373,0.0,0.0,0.0,0.0
38983000000,8300,38983000000,map,-0.10880532597542826,0.1357245889183189,0.24160971996649772,0.0,0.0,0.0,0.0
38985000000,8301,38985000000,map,-0.05002743595197863,0.078353774903427,0.23200785566263984,0.0,0.0,0.0,0.0
38987000000,8302,38987000000,map,0.011831631116792399,0.015911707392978102,0.21896306219348788,0.0,0.0,0.0,0.0
38989000000,8303,38989000000,map,0.07296199103671726,-0.04756020586312139,0.20266892050395938,0.0,0.0,0.0,0.0
38991000000,8304,38991000000,map,0.12959864050208852,-0.10795390290662552,0.18336723092209578,0.0,0.0,0.0,0.0
38993000000,8305,38993000000,map,0.17825334268950618,-0.161360551678703,0.16134442491291182,0.0,0.0,0.0,0.0
38995000000,8306,38995000000,map,0.21592946687665107,-0.20432353946812395,0.1369273145188403,0.0,0.0,0.0,0.0
38997000000,8307,38997000000,map,0.2403065501659277,-0.23406219358570127,0.11047824256317217,0.0,0.0,0.0,0.0
38999000000,8308,38999000000,map,0.24988321420280915,-0.24865175349670932,0.08238970558870654,0.0,0.0,0.0,0.0
39001000000,8309,39001000000,map,0.24406963468714432,-0.24714794616785576,0.05307852932266752,0.0,0.0,0.0,0.0
39003000000,8310,39003000000,map,0.2232238685012562,-0.22964810179391426,0.022979683104112993,0.0,0.0,0.0,0.0
39005000000,8311,39005000000,map,0.18862980107818972,-0.1972848543427504,-0.0074601749346712275,0.0,0.0,0.0,0.0
39007000000,8312,39007000000,map,0.14241807222441935,-0.1521528346342586,-0.03778932614507238,0.0,0.0,0.0,0.0
39009000000,8313,39009000000,map,0.08743485055607642,-0.0971731005623634,-0.06755769473564367,0.0,0.0,0.0,0.0
39011000000,8314,39011000000,map,0.02706653869935987,-0.035904078877581375,-0.09632352676607413,0.0,0.0,0.0,0.0
39013000000,8315,39013000000,map,-0.03496879438557954,0.027688745147643686,-0.12365994564730567,0.0,0.0,0.0,0.0
39015000000,8316,39015000000,map,-0.09485040832617728,0.08948948390581009,-0.14916128686608046,0.0,0.0,0.0,0.0
39017000000,8317,39017000000,map,-0.14889020976304185,0.14549823805781195,-0.17244911792844664,0.0,0.0,0.0,0.0
39019000000,8318,39019000000,map,-0.19375990108187996,0.1920899800836985,-0.19317785418793812,0.0,0.0,0.0,0.0
39021000000,8319,39021000000,map,-0.22669596941669856,0.22624917518774657,-0.2110398872216739,0.0,0.0,0.0,0.0
39023000000,8320,39023000000,map,-0.2456698907027639,0.24576495429803416,-0.2257701496492559,0.0,0.0,0.0,0.0
39025000000,8321,39025000000,map,-0.249513065958074,0.24937420707755623,-0.23715004865635755,0.0,0.0,0.0,0.0
39027000000,8322,39027000000,map,-0.23798879499699915,0.2368433336033549,-0.24501070984839335,0.0,0.0,0.0,0.0
39030000000,8323,39030000000,map,-0.19369027093783164,0.189832481744472,-0.24996268148684317,0.0,0.0,0.0,0.0
39031000000,8324,39031000000,map,-0.17257978420611914,0.16759746426706018,-0.24976167459233903,0.0,0.0,0.0,0.0
39034000000,8325,39034000000,map,-0.09474847579379984,0.08621463715387934,-0.2436140919898104,0.0,0.0,0.0,0.0
39035000000,8326,39035000000,map,-0.0653088398391688,0.05566434276166027,-0.23974207837880956,0.0,0.0,0.0,0.0
39037000000,8327,39037000000,map,-0.003871756156996454,-0.007638286156229192,-0.2293449787666014,0.0,0.0,0.0,0.0
39039000000,8328,39039000000,map,0.05780378800129284,-0.07044654597168143,-0.21554446630855895,0.0,0.0,0.0,0.0
39041000000,8329,39041000000,map,0.11591921157088661,-0.12869532804684117,-0.19854533659964746,0.0,0.0,0.0,0.0
39043000000,8330,39043000000,map,0.1668952004083916,-0.17861462461797287,-0.17859985178543666,0.0,0.0,0.0,0.0
39045000000,8331,39045000000,map,0.2075921563375088,-0.21697353318491241,-0.1560039970651585,0.0,0.0,0.0,0.0
39047000000,8332,39047000000,map,0.23550356420228588,-0.2412893686514504,-0.13109308835735276,0.0,0.0,0.0,0.0
39049000000,8333,39049000000,map,0.2489103674976493,-0.24998834895346725,-0.10423679630906603,0.0,0.0,0.0,0.0
39051000000,8334,39051000000,map,0.2469868446213406,-0.24250745419402436,-0.07583366049086221,0.0,0.0,0.0,0.0
39053000000,8335,39053000000,map,0.2298514648577499,-0.219330866708326,-0.046305175185507544,0.0,0.0,0.0,0.0
39055000000,8336,39055000000,map,0.19855959188441785,-0.1819586335641618,-0.016089534534727994,0.0,0.0,0.0,0.0
39057000000,8337,39057000000,map,0.15503848419216243,-0.1328095797411262,0.014364870133419005,0.0,0.0,0.0,0.0
39059000000,8338,39059000000,map,0.10196859572524418,-0.07506475569069689,0.04460610430256751,0.0,0.0,0.0,0.0
39061000000,8339,39061000000,map,0.042618487404284304,-0.012461551745066605,0.07418539684495144,0.0,0.0,0.0,0.0
39063000000,8340,39063000000,map,-0.019356482706755385,0.050948195190291284,0.10266379965354257,0.0,0.0,0.0,0.0
39065000000,8341,39065000000,map,-0.08013929197504792,0.11106044671720133,0.12961870150543342,0.0,0.0,0.0,0.0
39067000000,8342,39067000000,map,-0.13598634265104506,0.1639845866396014,0.1546500994895172,0.0,0.0,0.0,0.0
39069000000,8343,39069000000,map,-0.18345802909978487,0.2062952314331988,0.1773865349326067,0.0,0.0,0.0,0.0
39071000000,8344,39071000000,map,-0.21963058223715137,0.23525392968878733,0.19749060573911073,0.0,0.0,0.0,0.0
39073000000,8345,39073000000,map,-0.24227614372374567,0.24898640157823662,0.21466397333990064,0.0,0.0,0.0,0.0
39075000000,8346,39075000000,map,-0.2499999791920976,0.24660384696178284,0.22865178994968408,0.0,0.0,0.0,0.0
39077000000,8347,39077000000,map,-0.24232637958194328,0.22826047077019987,0.2392464804341703,0.0,0.0,0.0,0.0
39079000000,8348,39079000000,map,-0.21972795993982833,0.19514350247330767,0.24629082266512703,0.0,0.0,0.0,0.0
39081000000,8349,39081000000,map,-0.18359655117886725,0.1493963556007913,0.24968028065062875,0.0,0.0,0.0,0.0
39083000000,8350,39083000000,map,-0.1361574775672436,0.09397990062518513,0.249364555819003,0.0,0.0,0.0,0.0
39085000000,8351,39085000000,map,-0.08033249957228367,0.03248082997240714,0.2453483334350304,0.0,0.0,0.0,0.0
39088000000,8352,39088000000,map,0.01151781461618149,-0.0624211055501241,0.23253075552756514,0.0,0.0,0.0,0.0
39090000000,8353,39090000000,map,0.07266145125299917,-0.1214879046941856,0.2196417881160705,0.0,0.0,0.0,0.0
39092000000,8354,39092000000,map,0.12932988760338834,-0.17269170091148212,0.20349340038867764,0.0,0.0,0.0,0.0
39094000000,8355,39094000000,map,0.17803292909865878,-0.21271845565230335,0.1843252297269472,0.0,0.0,0.0,0.0
39096000000,8356,39096000000,map,0.21577096781060812,-0.2389775366190603,0.1624217262142303,0.0,0.0,0.0,0.0
39098000000,8357,39098000000,map,0.24021972754181956,-0.2497693900083637,0.1381079314780885,0.0,0.0,0.0,0.0
39100000000,8358,39100000000,map,0.24987341540395308,-0.2443955399101083,0.11174465516780474,0.0,0.0,0.0,0.0
39101000000,8359,39101000000,map,0.24892931031741827,-0.23571444888873302,0.09791568671998517,0.0,0.0,0.0,0.0
39104000000,8360,39103000000,map,0.23557194249141408,-0.2070668353223432,0.06921965925361266,0.0,0.0,0.0,0.0
39105000000,8361,39105000000,map,0.207705758694575,-0.16501733507250746,0.03949643215666955,0.0,0.0,0.0,0.0
39107000000,8362,39107000000,map,0.16704703009314284,-0.11228749761649502,0.009187089482596302,0.0,0.0,0.0,0.0
39109000000,8363,39109000000,map,0.11609991743168875,-0.05229013073339746,-0.02125858693008779,0.0,0.0,0.0,0.0
39111000000,8364,39111000000,map,0.05800224041017944,0.011091585003163484,-0.05138879208945376,0.0,0.0,0.0,0.0
39113000000,8365,39113000000,map,-0.003667779833370688,0.0737554254456115,-0.08075640250598404,0.0,0.0,0.0,0.0
39115000000,8366,39115000000,map,-0.06511190245065185,0.13164562914132855,-0.10892561137421414,0.0,0.0,0.0,0.0
39117000000,8367,39117000000,map,-0.12254579957065498,0.18101539642112238,-0.13547839581915128,0.0,0.0,0.0,0.0
39119000000,8368,39119000000,map,-0.1724321320906877,0.2186693917040665,-0.16002072023518282,0.0,0.0,0.0,0.0
39121000000,8369,39121000000,map,-0.21169841348930063,0.24217055365553466,-0.18218838365903076,0.0,0.0,0.0,0.0
39123000000,8370,39123000000,map,-0.23792624349088798,0.24999782793132727,-0.20165242440634565,0.0,0.0,0.0,0.0
39125000000,8371,39125000000,map,-0.24950025672238704,0.24164461364241788,-0.21812400176819105,0.0,0.0,0.0,0.0
39128000000,8372,39128000000,map,-0.23808481437480447,0.20023813905645277,-0.2366988505441825,0.0,0.0,0.0,0.0
39129000000,8373,39129000000,map,-0.22678189927155057,0.17957153386191663,-0.24116006725523823,0.0,0.0,0.0,0.0
39131000000,8374,39131000000,map,-0.19388874644139553,0.12986919430586816,-0.24738270686203018,0.0,0.0,0.0,0.0
39133000000,8375,39133000000,map,-0.1490540350741446,0.07176139366731267,-0.24993425897913996,0.0,0.0,0.0,0.0
39135000000,8376,39135000000,map,-0.09503912363001368,0.009009015037325142,-0.24877685931453516,0.0,0.0,0.0,0.0
39137000000,8377,39137000000,map,-0.035170776754443044,-0.05432644971827723,-0.2439276833429415,0.0,0.0,0.0,0.0
39139000000,8378,39139000000,map,0.02686372930837707,-0.11414576993091526,-0.2354586914267885,0.0,0.0,0.0,0.0
39141000000,8379,39141000000,map,0.08724370512129967,-0.16657728865577753,-0.22349556094539091,0.0,0.0,0.0,0.0
39143000000,8380,39143000000,map,0.14225036334474472,-0.20822750605292267,-0.2082158212789029,0.0,0.0,0.0,0.0
39145000000,8381,39145000000,map,0.1884958579009737,-0.23640071523576597,-0.1898462193244071,0.0,0.0,0.0,0.0
39147000000,8382,39147000000,map,0.22313194055250013,-0.24927347520586488,-0.16865935463742276,0.0,0.0,0.0,0.0
39149000000,8383,39149000000,map,0.24402538378576172,-0.24601262854250905,-0.1449696341335448,0.0,0.0,0.0,0.0
39151000000,8384,39151000000,map,0.24988936575064713,-0.22682922544787884,-0.11912860638195565,0.0,0.0,0.0,0.0
39153000000,8385,39153000000,map,0.2403627252907341,-0.1929648640472367,-0.09151974472607582,0.0,0.0,0.0,0.0
39155000000,8386,39155000000,map,0.21603220576678225,-0.14661133103253876,-0.0625527566504615,0.0,0.0,0.0,0.0
39157000000,8387,39157000000,map,0.178396317682872,-0.09076874371356412,-0.03265750384186139,0.0,0.0,0.0,0.0
39159000000,8388,39159000000,map,0.12977304580524338,-0.02905137487388928,-0.0022776231651855977,0.0,0.0,0.0,0.0
39161000000,8389,39161000000,map,0.07315708507143638,0.0345462720579148,0.02813605677746955,0.0,0.0,0.0,0.0
39163000000,8390,39163000000,map,0.012035398091140468,0.09590799732303674,0.05813220581283148,0.0,0.0,0.0,0.0
39165000000,8391,39165000000,map,-0.04982754599408083,0.15106231564111292,0.087265689804973,0.0,0.0,0.0,0.0
39167000000,8392,39167000000,map,-0.10862162420560377,0.19643950072954683,0.11510417631655016,0.0,0.0,0.0,0.0
39169000000,8393,39169000000,map,-0.16072572423279985,0.22910262697372308,0.1412345502965528,0.0,0.0,0.0,0.0
39171000000,8394,39171000000,map,-0.20293076781896863,0.24693765464373973,0.1652690445876258,0.0,0.0,0.0,0.0
39173000000,8395,39173000000,map,-0.23263735707312957,0.24879025586539336,0.18685099427801366,0.0,0.0,0.0,0.0
39175000000,8396,39175000000,map,-0.24801587072518597,0.2345405256253755,0.20566012950521728,0.0,0.0,0.0,0.0
39177000000,8397,39177000000,map,-0.24811915003413895,0.20511074232539447,0.22141732816769535,0.0,0.0,0.0,0.0
39179000000,8398,39179000000,map,-0.23294083405355687,0.162405675603236,0.23388875801574852,0.0,0.0,0.0,0.0
39181000000,8399,39181000000,map,-0.2034157514010594,0.10918930484855181,0.2428893466541352,0.0,0.0,0.0,0.0
39183000000,8400,39183000000,map,-0.1613623444011078,0.04890592749941823,0.2482855279627761,0.0,0.0,0.0,0.0
39185000000,8401,39185000000,map,-0.10937067168581574,-0.01454276455346335,0.24999722417889886,0.0,0.0,0.0,0.0
39187000000,8402,39187000000,map,-0.050642887142964575,-0.07705021228610688,0.24799903422805228,0.0,0.0,0.0,0.0
39189000000,8403,39189000000,map,0.011203979927596293,-0.13457077637631423,0.24232061066846491,0.0,0.0,0.0,0.0
39191000000,8404,39191000000,map,0.07236079672649647,-0.18338158116032385,0.23304621965586667,0.0,0.0,0.0,0.0
39194000000,8405,39194000000,map,0.15463166619445523,-0.2335617618002155,0.2127073628316453,0.0,0.0,0.0,0.0
39195000000,8406,39195000000,map,0.1778122343693558,-0.24300546652675392,0.20431137307680958,0.0,0.0,0.0,0.0
39197000000,8407,39197000000,map,0.21561212801275523,-0.2499595391995236,0.18527733428418355,0.0,0.0,0.0,0.0
39200000000,8408,39200000000,map,0.24690610831937523,-0.23020313672794285,0.1516705877504883,0.0,0.0,0.0,0.0
39201000000,8409,39201000000,map,0.24986322202086,-0.21593064974402784,0.13928413210020468,0.0,0.0,0.0,0.0
39203000000,8410,39203000000,map,0.24420490622461208,-0.17715012297783542,0.11300749446510698,0.0,0.0,0.0,0.0
39205000000,8411,39205000000,map,0.22350607241867831,-0.12690399443914624,0.08505385844809428,0.0,0.0,0.0,0.0
39207000000,8412,39207000000,map,0.18904155650808063,-0.06844432001534508,0.05583804788507653,0.0,0.0,0.0,0.0
39209000000,8413,39209000000,map,0.1429340192544815,-0.0055547569543420924,0.02579361691577679,0.0,0.0,0.0,0.0
39211000000,8414,39211000000,map,0.0880232121404295,0.057694323955768435,-0.0046335838336694635,0.0,0.0,0.0,0.0
39213000000,8415,39213000000,map,0.02769107779761012,0.11720928302694544,-0.03499202354548308,0.0,0.0,0.0,0.0
39215000000,8416,39215000000,map,-0.034346542977736115,0.16913816233334616,-0.06483119179525336,0.0,0.0,0.0,0.0
39217000000,8417,39217000000,map,-0.0942687689141131,0.21011999412263252,-0.09370828399629853,0.0,0.0,0.0,0.0
39219000000,8418,39219000000,map,-0.1483850053703093,0.2375023311073063,-0.12119477249095668,0.0,0.0,0.0,0.0
39221000000,8419,39221000000,map,-0.1933622471184224,0.24951291952771876,-0.1468827657764193,0.0,0.0,0.0,0.0
39223000000,8420,39223000000,map,-0.2264303572888991,0.2453744038755808,-0.17039106149657357,0.0,0.0,0.0,0.0
39225000000,8421,39225000000,map,-0.24555267939395956,0.22535463929875948,-0.19137080337328818,0.0,0.0,0.0,0.0
39227000000,8422,39227000000,map,-0.24955147448293621,0.19074935534242535,-0.20951065813306996,0.0,0.0,0.0,0.0
39229000000,8423,39229000000,map,-0.2381804577842595,0.1437982930709239,-0.2245414356022314,0.0,0.0,0.0,0.0
39232000000,8424,39232000000,map,-0.19408691576830717,0.05704167324129268,-0.2407836000747011,0.0,0.0,0.0,0.0
39234000000,8425,39234000000,map,-0.1493061319054907,-0.006225114869297178,-0.24717472267746046,0.0,0.0,0.0,0.0
39236000000,8426,39236000000,map,-0.09532962138626848,-0.069088997879289,-0.24989784421540426,0.0,0.0,0.0,0.0
39238000000,8427,39238000000,map,-0.03548178375274797,-0.12748126707833707,-0.2489125543561465,0.0,0.0,0.0,0.0
39240000000,8428,39240000000,map,0.02655136790987782,-0.1776226278544688,-0.24423347451491031,0.0,0.0,0.0,0.0
39242000000,8429,39242000000,map,0.086949227581625,-0.2162678051529647,-0.23593004087701183,0.0,0.0,0.0,0.0
39244000000,8430,39244000000,map,0.14199190646060117,-0.2409155858456917,-0.22412547398485835,0.0,0.0,0.0,0.0
39246000000,8431,39246000000,map,0.18828933996606295,-0.24997070353763,-0.20899495018127662,0.0,0.0,0.0,0.0
39248000000,8432,39248000000,map,0.2229900809537595,-0.24284708822382653,-0.19076300204318408,0.0,0.0,0.0,0.0
39250000000,8433,39250000000,map,0.24395691961991545,-0.22000579821464059,-0.1697001863832093,0.0,0.0,0.0,0.0
39252000000,8434,39252000000,map,0.2498985137082415,-0.18292517928137803,-0.14611906926590024,0.0,0.0,0.0,0.0
39254000000,8435,39254000000,map,0.24044892195138934,-0.13400518239822207,-0.12036958761751435,0.0,0.0,0.0,0.0
39256000000,8436,39256000000,map,0.21619014230011102,-0.07641203287449608,-0.09283385626358118,0.0,0.0,0.0,0.0
39258000000,8437,39258000000,map,0.17861626681783155,-0.013873304285659919,-0.06392049745683817,0.0,0.0,0.0,0.0
39259000000,8438,39259000000,map,0.15553089743043447,0.017991165381174408,-0.049080664696819924,0.0,0.0,0.0,0.0
39262000000,8439,39262000000,map,0.07345743456838945,0.10979211916416158,-0.003691237237614965,0.0,0.0,0.0,0.0
39263000000,8440,39263000000,map,0.0432374734710894,0.13747021083680183,0.011541249599925812,0.0,0.0,0.0,0.0
39266000000,8441,39265000000,map,-0.018729989847477885,0.18571272672243536,0.04182124753751104,0.0,0.0,0.0,0.0
39268000000,8442,39267000000,map,-0.07954387785923657,0.22193544757268457,0.07148063031332798,0.0,0.0,0.0,0.0
39269000000,8443,39269000000,map,-0.13545867868210654,0.2437939477362792,0.10007926130478523,0.0,0.0,0.0,0.0
39271000000,8444,39271000000,map,-0.18303061396745976,0.2498734900739849,0.12719274513797174,0.0,0.0,0.0,0.0
39273000000,8445,39273000000,map,-0.2193297403307456,0.2397805913059724,0.15241872559065506,0.0,0.0,0.0,0.0
39275000000,8446,39275000000,map,-0.24212040381948147,0.21416848924020354,0.17538285644266574,0.0,0.0,0.0,0.0
39277000000,8447,39277000000,map,-0.2499989332711427,0.17469486357726494,0.19574435666491827,0.0,0.0,0.0,0.0
39279000000,8448,39279000000,map,-0.24248009206224708,0.12391454670891067,0.21320106751016196,0.0,0.0,0.0,0.0
39281000000,8449,39281000000,map,-0.2200269637089658,0.06511416853612835,0.22749393646175375,0.0,0.0,0.0,0.0
39283000000,8450,39283000000,map,-0.1840224306707561,0.0020994375102951724,0.2384108614975652,0.0,0.0,0.0,0.0
39285000000,8451,39285000000,map,-0.1366840029723898,-0.06105117439461895,0.24578983862195294,0.0,0.0,0.0,0.0
39287000000,8452,39287000000,map,-0.0809272423250167,-0.12025040065239347,0.24952136595854763,0.0,0.0,0.0,0.0
39289000000,8453,39289000000,map,-0.020186193423647237,-0.17166671835943786,0.24955006872588203,0.0,0.0,0.0,0.0
39291000000,8454,39291000000,map,0.04179811799187243,-0.21197233404003246,0.24587552098322893,0.0,0.0,0.0,0.0
39293000000,8455,39293000000,map,0.1012080939608168,-0.23855856681498808,0.23855225195140328,0.0,0.0,0.0,0.0
39295000000,8456,39295000000,map,0.15438468918597592,-0.2497046887925844,0.22768893681496966,0.0,0.0,0.0,0.0
39297000000,8457,39297000000,map,0.1980527707041271,-0.24468929490817995,0.21344678401408015,0.0,0.0,0.0,0.0
39299000000,8458,39299000000,map,0.2295228324910117,-0.2238369940756092,0.1960371429580638,0.0,0.0,0.0,0.0
39301000000,8459,39301000000,map,0.24685664145200104,-0.18849739968150844,0.17571836766160207,0.0,0.0,0.0,0.0
39303000000,8460,39303000000,map,0.24898661270569458,-0.14095777921013905,0.1527919828462193,0.0,0.0,0.0,0.0
39305000000,8461,39305000000,map,0.23578156186479737,-0.0842950165357283,0.12759820940102698,0.0,0.0,0.0,0.0
39307000000,8462,39307000000,map,0.2080547846490927,-0.022176468255443994,0.10051091560358459,0.0,0.0,0.0,0.0
39309000000,8463,39309000000,map,0.16751396620934897,0.04137739685910393,0.07193206902340193,0.0,0.0,0.0,0.0
39311000000,8464,39311000000,map,0.11665600523292315,0.10225321271916082,0.04228577143946132,0.0,0.0,0.0,0.0
39313000000,8465,39313000000,map,0.05861323059010037,0.1565109433232267,0.012011965294129593,0.0,0.0,0.0,0.0
39316000000,8466,39316000000,map,-0.0340353356710933,0.2179806632463851,-0.03359167144111113,0.0,0.0,0.0,0.0
39317000000,8467,39317000000,map,-0.06450506345815933,0.23178098627841903,-0.048618509495309145,0.0,0.0,0.0,0.0
39320000000,8468,39320000000,map,-0.14813205149404582,0.24999972384740163,-0.09239614685436685,0.0,0.0,0.0,0.0
39321000000,8469,39321000000,map,-0.17197664260175446,0.24801616583286507,-0.10637375268902384,0.0,0.0,0.0,0.0
39323000000,8470,39323000000,map,-0.2113635290896342,0.2320584692329435,-0.13309351028599317,0.0,0.0,0.0,0.0
39325000000,8471,39325000000,map,-0.23773258962548563,0.20108136450910838,-0.15783819886239642,0.0,0.0,0.0,0.0
39328000000,8472,39327000000,map,-0.24945976048338656,0.1570897678358196,-0.18024061442937636,0.0,0.0,0.0,0.0
39329000000,8473,39329000000,map,-0.24582276819554735,0.10293092605831582,-0.19996831164948523,0.0,0.0,0.0,0.0
39331000000,8474,39331000000,map,-0.2270456141910746,0.04211013571158571,-0.2167285372280751,0.0,0.0,0.0,0.0
39334000000,8475,39334000000,map,-0.17326044362118675,-0.0529456545429386,-0.23577376192501937,0.0,0.0,0.0,0.0
39335000000,8476,39335000000,map,-0.1495579929622571,-0.08359499270739332,-0.2403994332527139,0.0,0.0,0.0,0.0
39337000000,8477,39337000000,map,-0.09561996860403905,-0.1403433785207922,-0.24695883447976322,0.0,0.0,0.0,0.0
39340000000,8478,39339000000,map,-0.03579273472069828,-0.18800838768980627,-0.24985343836008667,0.0,0.0,0.0,0.0
39341000000,8479,39341000000,map,0.026238964582918387,-0.2235050208685853,-0.24904028981321655,0.0,0.0,0.0,0.0
39344000000,8480,39344000000,map,0.11508335034813123,-0.24916178993384552,-0.2409099452501447,0.0,0.0,0.0,0.0
39345000000,8481,39345000000,map,0.14173322535166874,-0.24973969699633172,-0.23639384589007417,0.0,0.0,0.0,0.0
39347000000,8482,39347000000,map,0.188082524696434,-0.23877976568460021,-0.2247482200670384,0.0,0.0,0.0,0.0
39350000000,8483,39349000000,map,0.22284786922324337,-0.21236540702799117,-0.20976739596168573,0.0,0.0,0.0,0.0
39351000000,8484,39351000000,map,0.2438880702128435,-0.17220622479259567,-0.19167368465068854,0.0,0.0,0.0,0.0
39354000000,8485,39353000000,map,0.24990726704196595,-0.12090142231680248,-0.17073559155273174,0.0,0.0,0.0,0.0
39356000000,8486,39356000000,map,0.23022051670377638,-0.030455041931039175,-0.13468534438561508,0.0,0.0,0.0,0.0
39357000000,8487,39357000000,map,0.2163477374395817,0.0013562830785227643,-0.1216067197424449,0.0,0.0,0.0,0.0
39359000000,8488,39359000000,map,0.17883593389332547,0.06439635963324726,-0.0941449992127692,0.0,0.0,0.0,0.0
39361000000,8489,39361000000,map,0.13030967070316607,0.1232685417333157,-0.06528619424989686,0.0,0.0,0.0,0.0
39363000000,8490,39363000000,map,0.0737576680658093,0.17416247359670403,-0.03545856113397389,0.0,0.0,0.0,0.0
39365000000,8491,39365000000,map,0.012662949427997231,0.2137841718740239,-0.005104733273639045,0.0,0.0,0.0,0.0
39367000000,8492,39367000000,map,-0.049211677041387715,0.23956922054121532,0.02532484734500664,0.0,0.0,0.0,0.0
39369000000,8493,39369000000,map,-0.10805536884932243,0.24984874635860396,0.05537861458761833,0.0,0.0,0.0,0.0
39372000000,8494,39372000000,map,-0.18281647268688492,0.23502619648594592,0.09878217102610581,0.0,0.0,0.0,0.0
39373000000,8495,39373000000,map,-0.2025631625618811,0.22227657975869297,0.11258694756192439,0.0,0.0,0.0,0.0
39375000000,8496,39375000000,map,-0.23240655350978334,0.1862094273515775,0.1388925582548792,0.0,0.0,0.0,0.0
39377000000,8497,39377000000,map,-0.24793608398832284,0.1380903321940757,0.16313704374030766,0.0,0.0,0.0,0.0
39379000000,8498,39379000000,map,-0.2481952941685165,0.08103368322095442,0.18496062289814552,0.0,0.0,0.0,0.0
39381000000,8499,39381000000,map,-0.23316821936135051,0.018732330341328846,0.2040394401548053,0.0,0.0,0.0,0.0
39383000000,8500,39383000000,map,-0.20378037327891313,-0.04478142609951287,0.220090371405788,0.0,0.0,0.0,0.0
39385000000,8501,39385000000,map,-0.16184174588063835,-0.10539681594645968,0.2328752254951285,0.0,0.0,0.0,0.0
39387000000,8502,39387000000,map,-0.10993532655180338,-0.15919065862561912,0.2422042789029409,0.0,0.0,0.0,0.0
39389000000,8503,39389000000,map,-0.05125801844572874,-0.20268128126150273,0.2479390911873268,0.0,0.0,0.0,0.0
39391000000,8504,39391000000,map,0.010576257967973682,-0.23305386130913003,0.24999455940030754,0.0,0.0,0.0,0.0
39393000000,8505,39393000000,map,0.0717591453459385,-0.24834260895281604,0.24834018099084462,0.0,0.0,0.0,0.0
39395000000,8506,39395000000,map,0.1285224052290218,-0.2475579979695076,0.24300050645383406,0.0,0.0,0.0,0.0
39397000000,8507,39397000000,map,0.1773700028904935,-0.23075081035666758,0.23405477500793556,0.0,0.0,0.0,0.0
39399000000,8508,39399000000,map,0.21529342722536066,-0.19900884959319126,0.22163573870839245,0.0,0.0,0.0,0.0
39401000000,8509,39401000000,map,0.23995698418241318,-0.15438653526110513,0.20592769244550238,0.0,0.0,0.0,0.0
39403000000,8510,39403000000,map,0.24984165156700172,-0.09977193584030238,0.18716373906167205,0.0,0.0,0.0,0.0
39405000000,8511,39405000000,map,0.24433863523121774,-0.038699845646873725,0.16562233017279035,0.0,0.0,0.0,0.0
39407000000,8512,39407000000,map,0.22378686455037444,0.024876995948094543,0.1416231340279602,0.0,0.0,0.0,0.0
39409000000,8513,39409000000,map,0.18945211784875793,0.08684373576042033,0.1155222917244491,0.0,0.0,0.0,0.0
39411000000,8514,39411000000,map,0.14344906343578126,0.1431897304445787,0.08770713217809245,0.0,0.0,0.0,0.0
39413000000,8515,39413000000,map,0.08861101772233473,0.19026812542475932,0.058590424274832326,0.0,0.0,0.0,0.0
39415000000,8516,39415000000,map,0.028315441983963095,0.22503188850167025,0.028604251499410357,0.0,0.0,0.0,0.0
39417000000,8517,39417000000,map,-0.03372407461823501,0.24523102144259223,-0.0018064000569385746,0.0,0.0,0.0,0.0
39419000000,8518,39419000000,map,-0.09368653404927006,0.24955818553074166,-0.032190245161314746,0.0,0.0,0.0,0.0
39421000000,8519,39421000000,map,-0.14787886369723666,0.23773331581675283,-0.06209639638077676,0.0,0.0,0.0,0.0
39423000000,8520,39423000000,map,-0.19296337177406564,0.21052174762669176,-0.09108105512083538,0.0,0.0,0.0,0.0
39425000000,8521,39425000000,map,-0.2261633149038997,0.1696846821342586,-0.11871409746764451,0.0,0.0,0.0,0.0
39428000000,8522,39427000000,map,-0.24543391704097609,0.11786519698783238,-0.1445854571019048,0.0,0.0,0.0,0.0
39429000000,8523,39429000000,map,-0.24958830670504317,0.05841717967441719,-0.16831121056389206,0.0,0.0,0.0,0.0
39431000000,8524,39431000000,map,-0.23837061609429916,-0.004811744518943904,-0.18953927456604583,0.0,0.0,0.0,0.0
39433000000,8525,39433000000,map,-0.21247173991780807,-0.06772924049831092,-0.2079546308066546,0.0,0.0,0.0,0.0
39435000000,8526,39435000000,map,-0.17348678336648707,-0.12626312958615055,-0.22328400074992064,0.0,0.0,0.0,0.0
39437000000,8527,39437000000,map,-0.12381681999033949,-0.17662495117495527,-0.23529990099998827,0.0,0.0,0.0,0.0
39439000000,8528,39439000000,map,-0.06652101018973935,-0.21555516143198614,-0.24382401908863177,0.0,0.0,0.0,0.0
39441000000,8529,39441000000,map,-0.005128188305110779,-0.24053409917791724,-0.24872985958009053,0.0,0.0,0.0,0.0
39443000000,8530,39443000000,map,0.05658047739157885,-0.24994506470035252,-0.24994462122696565,0.0,0.0,0.0,0.0
39445000000,8531,39445000000,map,0.11480436588904863,-0.24317895662712494,-0.24745027731937455,0.0,0.0,0.0,0.0
39447000000,8532,39447000000,map,0.16595748271595823,-0.22067369450016647,-0.24128384319615015,0.0,0.0,0.0,0.0
39449000000,8533,39449000000,map,0.20688932042832436,-0.18388587552107563,-0.23153682694798672,0.0,0.0,0.0,0.0
39451000000,8534,39451000000,map,0.23507889756132982,-0.13519649991337754,-0.21835387146381646,0.0,0.0,0.0,0.0
39453000000,8535,39453000000,map,0.2487900252351085,-0.07775686659763022,-0.20193060797251405,0.0,0.0,0.0,0.0
39455000000,8536,39455000000,map,0.24717823858656468,-0.01528461319404837,-0.18251075293250515,0.0,0.0,0.0,0.0
39457000000,8537,39457000000,map,0.23034280714507482,0.04817689884071609,-0.16038249134970078,0.0,0.0,0.0,0.0
39459000000,8538,39459000000,map,0.19932062084747834,0.10852028074098242,-0.1358742001963172,0.0,0.0,0.0,0.0
39461000000,8539,39461000000,map,0.15602232825102838,0.16183995697109368,-0.10934957539216397,0.0,0.0,0.0,0.0
39463000000,8540,39463000000,map,0.10311466017443213,0.20468494390202696,-0.08120223466198716,0.0,0.0,0.0,0.0
39465000000,8541,39465000000,map,0.04385618642651281,0.23428220615630163,-0.051849876363643674,0.0,0.0,0.0,0.0
39467000000,8542,39467000000,map,-0.018103378679404893,0.24871613443673415,-0.021728080965916843,0.0,0.0,0.0,0.0
39469000000,8543,39469000000,map,-0.07894796130084575,0.24705252858092638,0.00871615284008878,0.0,0.0,0.0,0.0
39471000000,8544,39471000000,map,-0.13493015908253264,0.22939906134647314,0.03903104147042279,0.0,0.0,0.0,0.0
39473000000,8545,39473000000,map,-0.182602042714301,0.19689830955911322,0.06876672078651763,0.0,0.0,0.0,0.0
39475000000,8546,39475000000,map,-0.21902751301838713,0.15165380366550515,0.09748192194706207,0.0,0.0,0.0,0.0
39477000000,8547,39477000000,map,-0.2419631345511561,0.09659388194920493,0.12475051971040947,0.0,0.0,0.0,0.0
39479000000,8548,39479000000,map,-0.2499963082210526,0.03528216110595358,0.15016785600927923,0.0,0.0,0.0,0.0
39481000000,8549,39481000000,map,-0.24263227290655914,-0.028313109994677284,0.17335674495802805,0.0,0.0,0.0,0.0
39483000000,8550,39483000000,map,-0.2203245776682174,-0.09007588536385666,0.19397307018250606,0.0,0.0,0.0,0.0
39485000000,8551,39485000000,map,-0.18444714777695798,-0.1460087227487768,0.21171089140692814,0.0,0.0,0.0,0.0
39487000000,8552,39487000000,map,-0.13720966500689635,-0.19249150815370408,0.22630698451805636,0.0,0.0,0.0,0.0
39489000000,8553,39489000000,map,-0.08152147389730385,-0.22651575872952553,0.23754474773523587,0.0,0.0,0.0,0.0
39491000000,8554,39491000000,map,-0.020812395962255033,-0.24587933935406886,0.24525741591768066,0.0,0.0,0.0,0.0
39493000000,8555,39493000000,map,0.041178512142115174,-0.24932899035904738,0.24933053531053578,0.0,0.0,0.0,0.0
39496000000,8556,39495000000,map,0.10063324616603553,-0.2366414416501479,0.24970366200548239,0.0,0.0,0.0,0.0
39497000000,8557,39497000000,map,0.15389000417574236,-0.20863786330915654,0.24637125891080897,0.0,0.0,0.0,0.0
39499000000,8558,39499000000,map,0.19766871600243355,-0.16713071739954108,0.23938277792012783,0.0,0.0,0.0,0.0
39501000000,8559,39501000000,map,0.22927306192890118,-0.11480645086116063,0.22884192606084766,0.0,0.0,0.0,0.0
39503000000,8560,39503000000,map,0.24675653833495165,-0.055051621902538844,0.2149051265116855,0.0,0.0,0.0,0.0
39505000000,8561,39505000000,map,0.24904234235918274,0.008266286567543813,0.1977791973284717,0.0,0.0,0.0,0.0
39507000000,8562,39507000000,map,0.23598969191369037,0.07104918016815555,0.1777182823241315,0.0,0.0,0.0,0.0
39509000000,8563,39509000000,map,0.2084024964166408,0.12923359202712023,0.1550200796483786,0.0,0.0,0.0,0.0
39511000000,8564,39511000000,map,0.16797984421613346,0.17905368058260637,0.1300214240336736,0.0,0.0,0.0,0.0
39513000000,8565,39513000000,map,0.1172113561714268,0.21728496432663968,0.10309328826566547,0.0,0.0,0.0,0.0
39515000000,8566,39515000000,map,0.05922385053722219,0.24145301836319474,0.07463527805484371,0.0,0.0,0.0,0.0
39517000000,8567,39517000000,map,-0.002411236975573915,0.2499936254140455,0.04506970200390484,0.0,0.0,0.0,0.0
39519000000,8568,39519000000,map,-0.06389781701662797,0.24235401589762975,0.014835304670795607,0.0,0.0,0.0,0.0
39521000000,8569,39521000000,map,-0.12144894677365403,0.2190286445675322,-0.015619244273044262,0.0,0.0,0.0,0.0
39523000000,8570,39523000000,map,-0.1715200668148785,0.1815271881567007,-0.04584200817023961,0.0,0.0,0.0,0.0
39526000000,8571,39525000000,map,-0.2110273096030435,0.13227683529962153,-0.07538448998605105,0.0,0.0,0.0,0.0
39528000000,8572,39527000000,map,-0.23753743411177142,0.074465192775727,-0.10380828787459437,0.0,0.0,0.0,0.0
39529000000,8573,39529000000,map,-0.24941768852097476,0.011833975577305684,-0.13069160093377125,0.0,0.0,0.0,0.0
39531000000,8574,39531000000,map,-0.2459363709858636,-0.051563166301476816,-0.15563548860908696,0.0,0.0,0.0,0.0
39533000000,8575,39533000000,map,-0.22730789496719747,-0.11162301029409506,-0.178269790855465,0.0,0.0,0.0,0.0
39535000000,8576,39535000000,map,-0.19467958356103698,-0.1644583321515956,-0.1982586212039149,0.0,0.0,0.0,0.0
39537000000,8577,39537000000,map,-0.15006100616080237,-0.2066494968788677,-0.2153053512203091,0.0,0.0,0.0,0.0
39540000000,8578,39540000000,map,-0.06682379135911187,-0.24423798212368544,-0.2348185157882039,0.0,0.0,0.0,0.0
39541000000,8579,39541000000,map,-0.036414466600587926,-0.24904213710737125,-0.23960805006888652,0.0,0.0,0.0,0.0
39544000000,8580,39544000000,map,0.0562744251605821,-0.2391947199023703,-0.24858355855288558,0.0,0.0,0.0,0.0
39545000000,8581,39545000000,map,0.08606497299536064,-0.22800348048432792,-0.24974065931013625,0.0,0.0,0.0,0.0
39548000000,8582,39547000000,map,0.14121519209451044,-0.19475014767303228,-0.24927186588978212,0.0,0.0,0.0,0.0
39550000000,8583,39549000000,map,0.18766800346044682,-0.14889209519869706,-0.24510395040869287,0.0,0.0,0.0,0.0
39552000000,8584,39552000000,map,0.23497180242627022,-0.06314046283642326,-0.23206632232665922,0.0,0.0,0.0,0.0
39553000000,8585,39553000000,map,0.2437492161102719,-0.03185773511435037,-0.2259721319339165,0.0,0.0,0.0,0.0
39556000000,8586,39556000000,map,0.24722511144476736,0.06302932573005667,-0.20276084990512308,0.0,0.0,0.0,0.0
39558000000,8587,39558000000,map,0.2304647338435514,0.12203666184228705,-0.1834739653568342,0.0,0.0,0.0,0.0
39560000000,8588,39560000000,map,0.19951009195190725,0.173145478084297,-0.1614643804732265,0.0,0.0,0.0,0.0
39561000000,8589,39561000000,map,0.17927442047898376,0.1946781110490544,-0.14953919331074647,0.0,0.0,0.0,0.0
39563000000,8590,39563000000,map,0.13084547249419248,0.22795634802545225,-0.12406927854432961,0.0,0.0,0.0,0.0
39565000000,8591,39565000000,map,0.07435778516666397,0.2464806764857893,-0.0967582117343058,0.0,0.0,0.0,0.0
39568000000,8592,39568000000,map,-0.0177900299663084,0.24426247300169632,-0.05323201728346661,0.0,0.0,0.0,0.0
39569000000,8593,39569000000,map,-0.048595497241219254,0.23550435181197815,-0.038255082967174066,0.0,0.0,0.0,0.0
39571000000,8594,39571000000,map,-0.10748843095660414,0.2067141140337494,-0.007931190442473769,0.0,0.0,0.0,0.0
39573000000,8595,39573000000,map,-0.1597611795718001,0.16454481858120265,0.022510398644111484,0.0,0.0,0.0,0.0
39576000000,8596,39575000000,map,-0.2021942778059009,0.11172576837884926,0.052617939955383344,0.0,0.0,0.0,0.0
39577000000,8597,39577000000,map,-0.23217428194033385,0.05167554527970451,0.08194464632641277,0.0,0.0,0.0,0.0
39580000000,8598,39580000000,map,-0.24999440352737312,-0.04338986599842675,0.12352340363846,0.0,0.0,0.0,0.0
39581000000,8599,39581000000,map,-0.2482698705665237,-0.07435554429382991,0.1365328006453973,0.0,0.0,0.0,0.0
39584000000,8600,39584000000,map,-0.22047286288116585,-0.15809805894834691,0.17233535771807362,0.0,0.0,0.0,0.0
39586000000,8601,39586000000,map,-0.18465906959670486,-0.2018504171365166,0.19307810858992547,0.0,0.0,0.0,0.0
39587000000,8602,39587000000,map,-0.1623201250795692,-0.21897325004033286,0.20239265238295628,0.0,0.0,0.0,0.0
39589000000,8603,39589000000,map,-0.11049928700651948,-0.242325802516928,0.2187352631684722,0.0,0.0,0.0,0.0
39591000000,8604,39591000000,map,-0.05187282597521271,-0.24999441922105956,0.23183190620491076,0.0,0.0,0.0,0.0
39593000000,8605,39593000000,map,0.00994846920318482,-0.24148276798068122,0.2414882311149385,0.0,0.0,0.0,0.0
39595000000,8606,39595000000,map,0.07115704069561794,-0.21734174428448724,0.24756094084265698,0.0,0.0,0.0,0.0
39597000000,8607,39597000000,map,0.12798306816553853,-0.17913381593905148,0.24995991814020893,0.0,0.0,0.0,0.0
39599000000,8608,39599000000,map,0.17692665104629363,-0.12933189622042088,0.2486495628815634,0.0,0.0,0.0,0.0
39601000000,8609,39601000000,map,0.21497336652766932,-0.07115929070337178,0.24364932035798334,0.0,0.0,0.0,0.0
39604000000,8610,39603000000,map,0.23977992708812665,-0.008381076813506496,0.23503339271567064,0.0,0.0,0.0,0.0
39605000000,8611,39605000000,map,0.249818502977485,0.05493958145920995,0.22292963781741096,0.0,0.0,0.0,0.0
39607000000,8612,39607000000,map,0.24447082086220703,0.11470441175971517,0.20751767186884304,0.0,0.0,0.0,0.0
39609000000,8613,39609000000,map,0.22406624312240483,0.16704528386780573,0.189026203966657,0.0,0.0,0.0,0.0
39611000000,8614,39611000000,map,0.18986148250704094,0.20857456481997871,0.1677296421216261,0.0,0.0,0.0,0.0
39613000000,8615,39613000000,map,0.14396320151483286,0.2366043750412858,0.14394402112338855,0.0,0.0,0.0,0.0
39615000000,8616,39615000000,map,0.08919826358868017,0.24932055467459927,0.11802231267632164,0.0,0.0,0.0,0.0
39617000000,8617,39617000000,map,0.028939627314595266,0.24590008057277002,0.09034918740220133,0.0,0.0,0.0,0.0
39619000000,8618,39619000000,map,-0.033101393239149825,0.22656433442753807,0.06133530643902248,0.0,0.0,0.0,0.0
39621000000,8619,39621000000,map,-0.09310370740957104,0.19256477438946262,0.03141122734991885,0.0,0.0,0.0,0.0
39623000000,8620,39623000000,map,-0.14737178794088981,0.1461019375472184,0.0010210147740926723,0.0,0.0,0.0,0.0
39625000000,8621,39625000000,map,-0.19256327756803443,0.09018301562885521,-0.029384349364425168,0.0,0.0,0.0,0.0
39627000000,8622,39627000000,map,-0.2258948439485827,0.02842722198546912,-0.05935365829647689,0.0,0.0,0.0,0.0
39630000000,8623,39630000000,map,-0.2493960617261264,-0.06636731731007964,-0.10252055564735481,0.0,0.0,0.0,0.0
39631000000,8624,39631000000,map,-0.24962356239176914,-0.09648793721111652,-0.11621823787731042,0.0,0.0,0.0,0.0
39633000000,8625,39633000000,map,-0.23855926872590688,-0.15156247930156364,-0.1422696546880492,0.0,0.0,0.0,0.0
39635000000,8626,39635000000,map,-0.2128021704268725,-0.19682751631127873,-0.1662098311614511,0.0,0.0,0.0,0.0
39637000000,8627,39637000000,map,-0.17393864062200115,-0.22935338113226447,-0.1876835020347696,0.0,0.0,0.0,0.0
39639000000,8628,39639000000,map,-0.1243622742189607,-0.24703491793880014,-0.20637200427168925,0.0,0.0,0.0,0.0
39641000000,8629,39641000000,map,-0.06712646700437751,-0.24872773317167696,-0.22199800592919303,0.0,0.0,0.0,0.0
39643000000,8630,39643000000,map,-0.005756357774677105,-0.23432226356891953,-0.23432962168301447,0.0,0.0,0.0,0.0
39645000000,8631,39645000000,map,0.055968284065029884,-0.20475086737592088,-0.24318385393847258,0.0,0.0,0.0,0.0
39647000000,8632,39647000000,map,0.11424585353622996,-0.16192747977322505,-0.24842930846160474,0.0,0.0,0.0,0.0
39649000000,8633,39649000000,map,0.16548704997072688,-0.10862373817500333,-0.24998814423142024,0.0,0.0,0.0,0.0
39651000000,8634,39651000000,map,0.2065359411238337,-0.04828959488108732,-0.24783722857803436,0.0,0.0,0.0,0.0
39653000000,8635,39653000000,map,0.23486433623873934,0.015169972518010192,-0.24200848046479634,0.0,0.0,0.0,0.0
39655000000,8636,39655000000,map,0.24872749667178604,0.07764770111964373,-0.2325883968200055,0.0,0.0,0.0,0.0
39657000000,8637,39657000000,map,0.24727159390080747,0.13509987509748408,-0.21971676894796646,0.0,0.0,0.0,0.0
39659000000,8638,39659000000,map,0.2305862966068437,0.18380804516874066,-0.2035846080661628,0.0,0.0,0.0,0.0
39661000000,8639,39661000000,map,0.19969924800280553,0.22061969598787362,-0.18443131075464353,0.0,0.0,0.0,0.0
39663000000,8640,39663000000,map,0.1565127735498001,0.2431522848740679,-0.16254110638050986,0.0,0.0,0.0,0.0
39665000000,8641,39665000000,map,0.10368671721554497,0.24994744596972482,-0.13823883921597116,0.0,0.0,0.0,0.0
39667000000,8642,39667000000,map,0.04447462236242722,0.24056537934791045,-0.1118851478444972,0.0,0.0,0.0,0.0
39669000000,8643,39669000000,map,-0.01747665316032629,0.21561331597128375,-0.08387111338864488,0.0,0.0,0.0,0.0
39671000000,8644,39671000000,map,-0.07835154606422372,0.17670621617542312,-0.05461245597990971,0.0,0.0,0.0,0.0
39673000000,8645,39673000000,map,-0.13440078719093213,0.1263622453724479,-0.024543365592767215,0.0,0.0,0.0,0.0
39675000000,8646,39675000000,map,-0.18217231804739759,0.06783979204753411,0.005889941208389037,0.0,0.0,0.0,0.0
39678000000,8647,39677000000,map,-0.2187239022092166,0.0049265766564185135,0.03623584299340914,0.0,0.0,0.0,0.0
39679000000,8648,39679000000,map,-0.2418043369122254,-0.058305499174055656,0.06604401539718602,0.0,0.0,0.0,0.0
39682000000,8649,39681000000,map,-0.24999210405840863,-0.11776389636676514,0.09487211380238625,0.0,0.0,0.0,0.0
39684000000,8650,39684000000,map,-0.23350653534453725,-0.19158636402816343,0.13534635398782355,0.0,0.0,0.0,0.0
39685000000,8651,39685000000,map,-0.22062079993758468,-0.21045977989794104,0.14789777865121342,0.0,0.0,0.0,0.0
39687000000,8652,39687000000,map,-0.18487069981472878,-0.23769775537656937,0.1713084596356734,0.0,0.0,0.0,0.0
39689000000,8653,39689000000,map,-0.13773446035077666,-0.24955133394044127,0.1921769728551274,0.0,0.0,0.0,0.0
39691000000,8654,39691000000,map,-0.08211519053544077,-0.2452533221542713,0.21019363563675994,0.0,0.0,0.0,0.0
39693000000,8655,39693000000,map,-0.021438467038458548,-0.22508189815724636,0.22509108593989247,0.0,0.0,0.0,0.0
39695000000,8656,39695000000,map,0.040558646186270836,-0.1903426072734258,0.23664824993081532,0.0,0.0,0.0,0.0
39697000000,8657,39697000000,map,0.10005776271697801,-0.14328386383327713,0.24469362265383454,0.0,0.0,0.0,0.0
39699000000,8658,39699000000,map,0.15339434711260436,-0.08695142814006071,0.24910781311546448,0.0,0.0,0.0,0.0
39701000000,8659,39701000000,map,0.19728341271755945,-0.02499127719647671,0.2498253160118816,0.0,0.0,0.0,0.0
39703000000,8660,39703000000,map,0.22902184315361443,0.03858637209996832,0.24683548380855388,0.0,0.0,0.0,0.0
39705000000,8661,39705000000,map,0.24665487656949572,0.09966661428796064,0.24018268474668664,0.0,0.0,0.0,0.0
39707000000,8662,39707000000,map,0.2490964989259043,0.15429618237982773,0.22996564443125406,0.0,0.0,0.0,0.0
39709000000,8663,39709000000,map,0.23619633132335605,0.19893931324828062,0.216335980771809,0.0,0.0,0.0,0.0
39711000000,8664,39711000000,map,0.20874889180075631,0.23070659111545183,0.19949595401695777,0.0,0.0,0.0,0.0
39713000000,8665,39713000000,map,0.16844466117109488,0.24754195781272917,0.17969546527049127,0.0,0.0,0.0,0.0
39715000000,8666,39715000000,map,0.11776596673910078,0.24835578603967443,0.157228348032095,0.0,0.0,0.0,0.0
39717000000,8667,39717000000,map,0.05983409639431629,0.233095402785453,0.13242800779374783,0.0,0.0,0.0,0.0
39719000000,8668,39719000000,map,-0.0017829407162547905,0.2027484984583738,0.10566247439827281,0.0,0.0,0.0,0.0
39721000000,8669,39721000000,map,-0.0632901669619763,0.15927920107689905,0.07732894058428551,0.0,0.0,0.0,0.0
39723000000,8670,39723000000,map,-0.12089936793542633,0.10550095296208303,0.04784786776092165,0.0,0.0,0.0,0.0
39725000000,8671,39725000000,map,-0.1710624076140406,0.044894417669136065,0.01765674648278422,0.0,0.0,0.0,0.0
39727000000,8672,39727000000,map,-0.21068975715315114,-0.018617797315579,-0.012796395782654891,0.0,0.0,0.0,0.0
39729000000,8673,39729000000,map,-0.23734077818252353,-0.08092502160518404,-0.043059643253058194,0.0,0.0,0.0,0.0
39731000000,8674,39731000000,map,-0.24937404110087066,-0.13799457484170333,-0.07268389812899236,0.0,0.0,0.0,0.0
39733000000,8675,39733000000,map,-0.24604842030839605,-0.18613277191906344,-0.10122954507580718,0.0,0.0,0.0,0.0
39735000000,8676,39735000000,map,-0.22756873994311555,-0.22222398757883316,-0.12827297498741821,0.0,0.0,0.0,0.0
39737000000,8677,39737000000,map,-0.19507315881453177,-0.24393230751661507,-0.15341287122143485,0.0,0.0,0.0,0.0
39739000000,8678,39739000000,map,-0.15056307149247564,-0.24985271463533776,-0.17627616502247997,0.0,0.0,0.0,0.0
39741000000,8679,39741000000,map,-0.0967798429243216,-0.23960202528700006,-0.19652357175393345,0.0,0.0,0.0,0.0
39743000000,8680,39743000000,map,-0.03703596846669067,-0.21384368988292066,-0.21385462578300773,0.0,0.0,0.0,0.0
39745000000,8681,39745000000,map,0.0249889418607185,-0.17424485271368784,-0.2280121393034909,0.0,0.0,0.0,0.0
39747000000,8682,39747000000,map,0.08547478962032437,-0.12336845017470119,-0.23878601892855797,0.0,0.0,0.0,0.0
39749000000,8683,39749000000,map,0.14069626684563738,-0.064507331072897,-0.24601638341502022,0.0,0.0,0.0,0.0
39751000000,8684,39751000000,map,0.1872522968113536,-0.0014711351660186094,-0.2495959362547114,0.0,0.0,0.0,0.0
39753000000,8685,39753000000,map,0.22227550548350458,0.06166027631126274,-0.2494715579236348,0.0,0.0,0.0,0.0
39755000000,8686,39755000000,map,0.24360882235527645,0.12080087953207534,-0.24564509416004257,0.0,0.0,0.0,0.0
39757000000,8687,39757000000,map,0.24993833387113604,0.17212294582379267,-0.23817332857442244,0.0,0.0,0.0,0.0
39759000000,8688,39759000000,map,0.2408742070280591,0.21230478189975102,-0.22716713999698665,0.0,0.0,0.0,0.0
39761000000,8689,39761000000,map,0.21697469909095077,0.23874571820785834,-0.21278985706825929,0.0,0.0,0.0,0.0
39763000000,8690,39763000000,map,0.17971177466996793,0.24973443080934618,-0.1952548344894026,0.0,0.0,0.0,0.0
39765000000,8691,39765000000,map,0.1313804477942951,0.2445597025707281,-0.17482228690046597,0.0,0.0,0.0,0.0
39767000000,8692,39767000000,map,0.0749574325831177,0.2235564549261533,-0.15179542737073606,0.0,0.0,0.0,0.0
39769000000,8693,39769000000,map,0.013917808180502476,0.1880840709198027,-0.12651596780489105,0.0,0.0,0.0,0.0
39771000000,8694,39771000000,map,-0.04797901048525599,0.14043841251363023,-0.09935904803762376,0.0,0.0,0.0,0.0
39773000000,8695,39773000000,map,-0.10692081410874227,0.08370322662419494,-0.0707276688674966,0.0,0.0,0.0,0.0
39775000000,8696,39775000000,map,-0.15927739200880886,0.021550557261703945,-0.04104671164218768,0.0,0.0,0.0,0.0
39777000000,8697,39777000000,map,-0.2018241158808377,-0.04199691840102955,-0.010756633142745926,0.0,0.0,0.0,0.0
39779000000,8698,39779000000,map,-0.23194054383201942,-0.10282624781598018,0.019693070667059408,0.0,0.0,0.0,0.0
39781000000,8699,39781000000,map,-0.24777181273123436,-0.1570004037009802,0.049850535030123024,0.0,0.0,0.0,0.0
39783000000,8700,39783000000,map,-0.24834287875709554,-0.20101309835346456,0.0792682319382594,0.0,0.0,0.0,0.0
39785000000,8701,39785000000,map,-0.23361857009843656,-0.23201571941380159,0.10750961131659763,0.0,0.0,0.0,0.0
39787000000,8702,39787000000,map,-0.20450575317709316,-0.2480016992262387,0.13415557930137229,0.0,0.0,0.0,0.0
39789000000,8703,39789000000,map,-0.16279747897654354,-0.24793638494708248,0.15881071746998973,0.0,0.0,0.0,0.0
39791000000,8704,39791000000,map,-0.11106254948768328,-0.23182400388093405,0.1811091507356254,0.0,0.0,0.0,0.0
39793000000,8705,39793000000,map,-0.052487305847735304,-0.2007073898786128,0.200719976827969,0.0,0.0,0.0,0.0
39795000000,8706,39795000000,map,0.00932061759823038,-0.15660048850580102,0.21735217678589405,0.0,0.0,0.0,0.0
39797000000,8707,39797000000,map,0.07055448657875503,-0.10235800941846201,0.23075893359471936,0.0,0.0,0.0,0.0
39799000000,8708,39799000000,map,0.12744292269143886,-0.0414906623686218,0.24074129487890342,0.0,0.0,0.0,0.0
39801000000,8709,39801000000,map,0.17648218163736845,0.022062064764320377,0.2471511252974893,0.0,0.0,0.0,0.0
39804000000,8710,39803000000,map,0.21465194794135853,0.08418687954463659,0.24989330482952188,0.0,0.0,0.0,0.0
39805000000,8711,39805000000,map,0.239601355413502,0.14086290761750525,0.24892714032752045,0.0,0.0,0.0,0.0
39807000000,8712,39807000000,map,0.24979377639853817,0.18842193381570974,0.2442669693919635,0.0,0.0,0.0,0.0
39809000000,8713,39809000000,map,0.2446014622826236,0.22378581827720856,0.23598194760546354,0.0,0.0,0.0,0.0
39811000000,8714,39811000000,map,0.22434420637036664,0.24466572140359152,0.22419502228401517,0.0,0.0,0.0,0.0
39813000000,8715,39813000000,map,0.19026964789671627,0.24971024331844022,0.20908110797454957,0.0,0.0,0.0,0.0
39815000000,8716,39815000000,map,0.14447643024406073,0.2385928898684176,0.19086449077395518,0.0,0.0,0.0,0.0
39817000000,8717,39817000000,map,0.0897849460305268,0.21203320414650934,0.16981549998820286,0.0,0.0,0.0,0.0
39819000000,8718,39819000000,map,0.029563629846587062,0.17175019585238868,0.14624649652472388,0.0,0.0,0.0,0.0
39821000000,8719,39821000000,map,-0.032478502773674575,0.1203510826589153,0.1205072375466727,0.0,0.0,0.0,0.0
39823000000,8720,39823000000,map,-0.09252029267604403,0.06116254452154431,0.0929796861781215,0.0,0.0,0.0,0.0
39825000000,8721,39825000000,map,-0.14686378130441885,-0.0019845874180808,0.06407234328320138,0.0,0.0,0.0,0.0
39827000000,8722,39827000000,map,-0.19216196702768534,-0.06500327186540272,0.03421418543109469,0.0,0.0,0.0,0.0
39829000000,8723,39829000000,map,-0.2256249461185622,-0.12381478097128414,0.003848299008327979,0.0,0.0,0.0,0.0
39831000000,8724,39831000000,map,-0.2451917422129788,-0.17461268586234582,-0.026574695053438124,0.0,0.0,0.0,0.0
39833000000,8725,39833000000,map,-0.24965724132040645,-0.21410921829639132,-0.056603328362111655,0.0,0.0,0.0,0.0
39835000000,8726,39835000000,map,-0.2387464144875866,-0.23974806329813808,-0.08579198472481198,0.0,0.0,0.0,0.0
39837000000,8727,39837000000,map,-0.2131312567616532,-0.24986981029654506,-0.11370751296223526,0.0,0.0,0.0,0.0
39839000000,8728,39839000000,map,-0.17438939918652668,-0.2438193543537263,-0.139935654746243,0.0,0.0,0.0,0.0
39841000000,8729,39841000000,map,-0.12490694290786797,-0.22198829620470956,-0.16408719207397854,0.0,0.0,0.0,0.0
39843000000,8730,39843000000,map,-0.0677314998117673,-0.18578959687262572,-0.18580372314900542,0.0,0.0,0.0,0.0
39846000000,8731,39846000000,map,0.024676336294250364,-0.10989529288255245,-0.2131189936288869,0.0,0.0,0.0,0.0
39847000000,8732,39847000000,map,0.05535573721215894,-0.0804390317240928,-0.22068361562998665,0.0,0.0,0.0,0.0
39849000000,8733,39849000000,map,0.11368661954450855,-0.018105719608106186,-0.23332936956646477,0.0,0.0,0.0,0.0
39851000000,8734,39851000000,map,0.16501557191934693,0.045399440245952986,-0.2425125834553534,0.0,0.0,0.0,0.0
39853000000,8735,39853000000,map,0.20618125722596045,0.1059662340756861,-0.24809698107083944,0.0,0.0,0.0,0.0
39855000000,8736,39855000000,map,0.23464829138535412,0.15967462656269613,-0.24999969157492574,0.0,0.0,0.0,0.0
39857000000,8737,39857000000,map,0.248663397010413,0.20304847538366888,-0.2481924792965886,0.0,0.0,0.0,0.0
39859000000,8738,39859000000,map,0.24736338731323992,0.23328051588898033,-0.24270216274092982,0.0,0.0,0.0,0.0
39861000000,8739,39861000000,map,0.23082832956024124,0.24841405433538807,-0.23361021661039563,0.0,0.0,0.0,0.0
39863000000,8740,39863000000,map,0.20007661374914723,0.2474696100298929,-0.22105156274366328,0.0,0.0,0.0,0.0
39865000000,8741,39865000000,map,0.15700223022865356,0.23050830978464024,-0.20521256791516138,0.0,0.0,0.0,0.0
39867000000,8742,39867000000,map,0.10425811931499888,0.19862793163635437,-0.18632827820596148,0.0,0.0,0.0,0.0
39869000000,8743,39869000000,map,0.04509277737245516,0.15389185388806204,-0.16467893098814004,0.0,0.0,0.0,0.0
39871000000,8744,39871000000,map,-0.016849817249661524,0.09919550807400779,-0.14058579628389084,0.0,0.0,0.0,0.0
39873000000,8745,39873000000,map,-0.07775463591665324,0.038078979343574834,-0.11440640921194292,0.0,0.0,0.0,0.0
39875000000,8746,39875000000,map,-0.13387056635072245,-0.02550211675899338,-0.08652926426941386,0.0,0.0,0.0,0.0
39877000000,8747,39877000000,map,-0.18174144268128017,-0.08743265168686738,-0.057368050187179796,0.0,0.0,0.0,0.0
39879000000,8748,39879000000,map,-0.21841890982100484,-0.14370432536557048,-0.02735551090939465,0.0,0.0,0.0,0.0
39881000000,8749,39881000000,map,-0.24164401190562665,-0.19067509346249478,0.0030629762019095353,0.0,0.0,0.0,0.0
39883000000,8750,39883000000,map,-0.24998632080976887,-0.2253048896602042,0.03343600963647623,0.0,0.0,0.0,0.0
39885000000,8751,39885000000,map,-0.2429320358516934,-0.2453523863998261,0.0633128624030662,0.0,0.0,0.0,0.0
39887000000,8752,39887000000,map,-0.22091562864618122,-0.24952005924140144,0.09225017068805415,0.0,0.0,0.0,0.0
39889000000,8753,39889000000,map,-0.18529308410853104,-0.23753816591011814,0.11981851324447629,0.0,0.0,0.0,0.0
39891000000,8754,39891000000,map,-0.13825838568894772,-0.21018220469596824,0.14560878387912324,0.0,0.0,0.0,0.0
39893000000,8755,39893000000,map,-0.0827083884896202,-0.16922272225217388,0.1692382624694637,0.0,0.0,0.0,0.0
39895000000,8756,39895000000,map,-0.02206440269742611,-0.11731071936084028,0.19035629441905857,0.0,0.0,0.0,0.0
39897000000,8757,39897000000,map,0.03993852403997385,-0.05780607148998128,0.20864949426988508,0.0,0.0,0.0,0.0
39900000000,8758,39900000000,map,0.12717254786631496,0.03718898655780734,0.23021137003524378,0.0,0.0,0.0,0.0
39901000000,8759,39901000000,map,0.15289772112740124,0.06833384708218054,0.23572148275407456,0.0,0.0,0.0,0.0
39904000000,8760,39904000000,map,0.21449073007426586,0.1531813831690463,0.24693435929763372,0.0,0.0,0.0,0.0
39906000000,8761,39906000000,map,0.23951150196070814,0.19807996798045902,0.24984801115811975,0.0,0.0,0.0,0.0
39908000000,8762,39908000000,map,0.2497808214114444,0.23015831877893958,0.2490539911295125,0.0,0.0,0.0,0.0
39909000000,8763,39909000000,map,0.2491490820637565,0.2407045991268981,0.24726813629811012,0.0,0.0,0.0,0.0
39911000000,8764,39911000000,map,0.23640147878869713,0.2499574465347232,0.24095187011590102,0.0,0.0,0.0,0.0
39914000000,8765,39914000000,map,0.1904732800599552,0.23360269710291598,0.2248169708041559,0.0,0.0,0.0,0.0
39916000000,8766,39915000000,map,0.16890841413802787,0.22037772162482142,0.2177391637758994,0.0,0.0,0.0,0.0
39918000000,8767,39918000000,map,0.09007807480908558,0.1603662951503064,0.19177449379014724,0.0,0.0,0.0,0.0
39920000000,8768,39920000000,map,0.029875561331626516,0.10678092645855113,0.17085030015781122,0.0,0.0,0.0,0.0
39922000000,8769,39922000000,map,-0.03216698036291287,0.04628442748320846,0.14739073771392414,0.0,0.0,0.0,0.0
39924000000,8770,39924000000,map,-0.09222836592553785,-0.017207716117807758,0.12174393954840887,0.0,0.0,0.0,0.0
39926000000,8771,39926000000,map,-0.14660942990841916,-0.07958613302676179,0.09429049669431666,0.0,0.0,0.0,0.0
39928000000,8772,39928000000,map,-0.19196085642392394,-0.1368135351208907,0.06543781026667778,0.0,0.0,0.0,0.0
39930000000,8773,39929000000,map,-0.21035087387248902,-0.16231833999470405,0.05061991335891463,0.0,0.0,0.0,0.0
39932000000,8774,39932000000,map,-0.24513023028737277,-0.22157280140691868,0.0052617791391173264,0.0,0.0,0.0,0.0
39934000000,8775,39934000000,map,-0.24967348943356746,-0.24361883258051367,-0.025168570743441414,0.0,0.0,0.0,0.0
39936000000,8776,39935000000,map,-0.2461589154553406,-0.24877894435047868,-0.040271770632471164,0.0,0.0,0.0,0.0
39938000000,8777,39938000000,map,-0.21329529521381002,-0.24000166881390886,-0.08446275267473288,0.0,0.0,0.0,0.0
39939000000,8778,39939000000,map,-0.1954655018800773,-0.22914857188970325,-0.09863785413674084,0.0,0.0,0.0,0.0
39941000000,8779,39941000000,map,-0.15106418578577827,-0.19651052105874026,-0.1258379418103542,0.0,0.0,0.0,0.0
39943000000,8780,39943000000,map,-0.09735886494397188,-0.15115381476926662,-0.15117063099120473,0.0,0.0,0.0,0.0
39945000000,8781,39945000000,map,-0.03765723639371273,-0.09601405319617062,-0.17425999193284972,0.0,0.0,0.0,0.0
39947000000,8782,39947000000,map,0.024363691760026483,-0.03466002047257048,-0.1947633852275484,0.0,0.0,0.0,0.0
39949000000,8783,39949000000,map,0.08488406634006192,0.028937296000720213,-0.21237654647635637,0.0,0.0,0.0,0.0
39951000000,8784,39951000000,map,0.1401764528824879,0.09066171785365577,-0.22683810148424535,0.0,0.0,0.0,0.0
39953000000,8785,39953000000,map,0.18683540737513452,0.14651828516929424,-0.23793344497670557,0.0,0.0,0.0,0.0
39955000000,8786,39955000000,map,0.22198721668817695,0.1928918203427266,-0.24549792528023873,0.0,0.0,0.0,0.0
39957000000,8787,39957000000,map,0.24346688983450887,0.2267809114748553,-0.24941928770515143,0.0,0.0,0.0,0.0
39959000000,8788,39959000000,map,0.2499514992127523,0.24599217130256273,-0.24963934037241806,0.0,0.0,0.0,0.0
39961000000,8789,39961000000,map,0.24104165938202043,0.24928219874316046,-0.24615481776441367,0.0,0.0,0.0,0.0
39963000000,8790,39963000000,map,0.21728612510940332,0.23643805494098272,-0.23901742918415106,0.0,0.0,0.0,0.0
39966000000,8791,39965000000,map,0.18014799370355358,0.20829104520626185,-0.22833309140426328,0.0,0.0,0.0,0.0
39968000000,8792,39968000000,map,0.10454357363322979,0.14160573511930127,-0.20601671754520864,0.0,0.0,0.0,0.0
39969000000,8793,39969000000,map,0.07555660652790548,0.1142479412106886,-0.19700806094158033,0.0,0.0,0.0,0.0
39972000000,8794,39972000000,map,-0.016536359134611534,0.022958659549065483,-0.1657399613263453,0.0,0.0,0.0,0.0
39974000000,8795,39974000000,map,-0.07745599642928556,-0.04060262784976174,-0.1417525501854356,0.0,0.0,0.0,0.0
39976000000,8796,39975000000,map,-0.1063525218907025,-0.07165136557982907,-0.12894647457126301,0.0,0.0,0.0,0.0
39977000000,8797,39977000000,map,-0.15879259836324358,-0.1297710396976003,-0.10194717545352584,0.0,0.0,0.0,0.0
39979000000,8798,39979000000,map,-0.2014526791249687,-0.17949160554656174,-0.07343500987388363,0.0,0.0,0.0,0.0
39981000000,8799,39981000000,map,-0.23170534066108783,-0.21759502297843966,-0.04383309008528059,0.0,0.0,0.0,0.0
39983000000,8800,39983000000,map,-0.24768732924866413,-0.2416151429264474,-0.013580699976179982,0.0,0.0,0.0,0.0
39985000000,8801,39985000000,map,-0.24841431827907262,-0.24999732277901612,0.016873223774749667,0.0,0.0,0.0,0.0
39988000000,8802,39988000000,map,-0.22106251983289085,-0.2323494894585904,0.06194422718142848,0.0,0.0,0.0,0.0
39990000000,8803,39990000000,map,-0.18550383751746022,-0.20154704638808535,0.09093475326073218,0.0,0.0,0.0,0.0
39991000000,8804,39991000000,map,-0.1632738045561614,-0.18109459612486062,0.10495015326152733,0.0,0.0,0.0,0.0
39994000000,8805,39993000000,map,-0.11162511043721937,-0.13174325532534784,0.13176119829050106,0.0,0.0,0.0,0.0
39995000000,8806,39995000000,map,-0.05310145418190769,-0.0738651594981283,0.15661694542162505,0.0,0.0,0.0,0.0
39997000000,8807,39997000000,map,0.0086927071191895,-0.011206324660177585,0.1791485425898079,0.0,0.0,0.0,0.0
39999000000,8808,39999000000,map,0.06995148680162731,0.052177811711679824,0.1990216274398843,0.0,0.0,0.0,0.0
40001000000,8809,40001000000,map,0.12690197221857516,0.11218486879938958,0.21594128916684802,0.0,0.0,0.0,0.0
40004000000,8810,40003000000,map,0.1760365974709066,0.1649310388557247,0.22965644490709636,0.0,0.0,0.0,0.0
40005000000,8811,40005000000,map,0.2143291734967998,0.207002457014002,0.23996356573451771,0.0,0.0,0.0,0.0
40007000000,8812,40007000000,map,0.23942127028649496,0.23567615521488694,0.2467096969708013,0.0,0.0,0.0,0.0
40009000000,8813,40009000000,map,0.24976747198632984,0.24909629955101556,0.249794727988669,0.0,0.0,0.0,0.0
40011000000,8814,40011000000,map,0.24473055866721885,0.24639430450787517,0.2491728778241782,0.0,0.0,0.0,0.0
40013000000,8815,40013000000,map,0.22462075253839156,0.22774505000455517,0.2448533745530836,0.0,0.0,0.0,0.0
40015000000,8816,40015000000,map,0.19067661144003323,0.19435556272497906,0.23690031834884234,0.0,0.0,0.0,0.0
40018000000,8817,40018000000,map,0.1185964867340701,0.12158827255873794,0.21843032233062748,0.0,0.0,0.0,0.0
40020000000,8818,40020000000,map,0.060748755329441885,0.0625323151453842,0.202023176438684,0.0,0.0,0.0,0.0
40022000000,8819,40021000000,map,0.030187445638850972,0.031234439025073165,0.19267836435037752,0.0,0.0,0.0,0.0
40024000000,8820,40023000000,map,-0.0318554071565495,-0.03236694612099301,0.17187963697338532,0.0,0.0,0.0,0.0
40025000000,8821,40025000000,map,-0.09193629353406435,-0.09387346105947483,0.14853026572549383,0.0,0.0,0.0,0.0
40028000000,8822,40028000000,map,-0.1703738937372332,-0.17359816157600555,0.1094908104669124,0.0,0.0,0.0,0.0
40030000000,8823,40030000000,map,-0.2101809338391283,-0.2133759651195552,0.08135078134414199,0.0,0.0,0.0,0.0
40032000000,8824,40032000000,map,-0.23704298372936064,-0.23934353922147744,0.05200353026371506,0.0,0.0,0.0,0.0
40033000000,8825,40033000000,map,-0.245068331267629,-0.24658495386641724,0.03701276721973579,0.0,0.0,0.0,0.0
40035000000,8826,40035000000,map,-0.24968934327822068,-0.248996707272317,0.006675091011830194,0.0,0.0,0.0,0.0
40037000000,8827,40037000000,map,-0.2389320521971555,-0.23529276716189512,-0.023761641607271924,0.0,0.0,0.0,0.0
40039000000,8828,40039000000,map,-0.21345899684370023,-0.20636008702620817,-0.05384575836927634,0.0,0.0,0.0,0.0
40041000000,8829,40041000000,map,-0.17483905621282755,-0.16407126273539493,-0.08313081972242121,0.0,0.0,0.0,0.0
40043000000,8830,40043000000,map,-0.12545082261663779,-0.11116333342093518,-0.11118224386569941,0.0,0.0,0.0,0.0
40045000000,8831,40045000000,map,-0.06833610479019273,-0.05106063341518234,-0.13758375581550195,0.0,0.0,0.0,0.0
40047000000,8832,40047000000,map,-0.00701258366532692,0.012346839283462977,-0.16194356480550107,0.0,0.0,0.0,0.0
40049000000,8833,40049000000,map,0.05474284070236631,0.07495519347201894,-0.18390017834861674,0.0,0.0,0.0,0.0
40051000000,8834,40051000000,map,0.11312666744651302,0.1327122589076624,-0.20312776667954388,0.0,0.0,0.0,0.0
40053000000,8835,40053000000,map,0.16454305153992999,0.18187985296501427,-0.21934099797426865,0.0,0.0,0.0,0.0
40055000000,8836,40055000000,map,0.20582527097520856,0.21927572522232236,-0.23229927259133515,0.0,0.0,0.0,0.0
40057000000,8837,40057000000,map,0.23443076436590984,0.24247952071696238,-0.24181029350061548,0.0,0.0,0.0,0.0
40059000000,8838,40059000000,map,0.2485977266558777,0.24998943141017013,-0.24773291991536237,0.0,0.0,0.0,0.0
40061000000,8839,40061000000,map,0.2474536182441114,0.24131939698265573,-0.24997926178047442,0.0,0.0,0.0,0.0
40063000000,8840,40063000000,map,0.23106890447636896,0.21703056388134068,-0.24851598403537623,0.0,0.0,0.0,0.0
40065000000,8841,40065000000,map,0.20045271570285633,0.17869496650964709,-0.24336480129663132,0.0,0.0,0.0,0.0
40067000000,8842,40067000000,map,0.1574906951962686,0.1287937812040371,-0.23460215561934186,0.0,0.0,0.0,0.0
40069000000,8843,40069000000,map,0.10482886286330127,0.07055673825824038,-0.22235808211926214,0.0,0.0,0.0,0.0
40071000000,8844,40071000000,map,0.04571064755199361,0.007753085650706141,-0.206814279289528,0.0,0.0,0.0,0.0
40073000000,8845,40073000000,map,-0.01622287490616644,-0.055552366171886955,-0.18820141264749504,0.0,0.0,0.0,0.0
40075000000,8846,40075000000,map,-0.07715723462854324,-0.11526232905351357,-0.16679569172611966,0.0,0.0,0.0,0.0
40077000000,8847,40077000000,map,-0.13333949991125804,-0.16751222393103327,-0.14291477120420362,0.0,0.0,0.0,0.0
40080000000,8848,40080000000,map,-0.20126648341842165,-0.22468863837948658,-0.10323636981254167,0.0,0.0,0.0,0.0
40082000000,8849,40082000000,map,-0.23158719014112603,-0.2450771370380668,-0.07478517960743673,0.0,0.0,0.0,0.0
40084000000,8850,40083000000,map,-0.24148216054411695,-0.24936605929917316,-0.06011630652139775,0.0,0.0,0.0,0.0
40086000000,8851,40086000000,map,-0.24844944964792243,-0.23797514135710365,-0.014992104552331603,0.0,0.0,0.0,0.0
40088000000,8852,40087000000,map,-0.24307961605899678,-0.22629801230353297,0.00023561941421010774,0.0,0.0,0.0,0.0
40089000000,8853,40089000000,map,-0.2212090619316012,-0.19216346838820614,0.03063189952247023,0.0,0.0,0.0,0.0
40091000000,8854,40091000000,map,-0.1857142979906617,-0.14559162120265526,0.06057361114241345,0.0,0.0,0.0,0.0
40093000000,8855,40093000000,map,-0.1387814377118232,-0.08959671789899358,0.08961642797353235,0.0,0.0,0.0,0.0
40095000000,8856,40095000000,map,-0.08330106401266651,-0.027802889535264934,0.11732936305249127,0.0,0.0,0.0,0.0
40097000000,8857,40097000000,map,-0.02269019898586093,0.035790411807768395,0.14330116447537636,0.0,0.0,0.0,0.0
40099000000,8858,40099000000,map,0.03931814962025273,0.09706726762852494,0.16714641825539878,0.0,0.0,0.0,0.0
40101000000,8859,40101000000,map,0.09890490340029144,0.15206168561066044,0.18851126775500074,0.0,0.0,0.0,0.0
40103000000,8860,40103000000,map,0.1524001293570927,0.19721428862372384,0.2070786648154333,0.0,0.0,0.0,0.0
40105000000,8861,40105000000,map,0.19650907014169708,0.22960268657019892,0.22257307465925816,0.0,0.0,0.0,0.0
40107000000,8862,40107000000,map,0.22851506731953242,0.24713062082698758,0.23476456474664276,0.0,0.0,0.0,0.0
40109000000,8863,40109000000,map,0.2464468796718476,0.24866363937841635,0.2434722169069262,0.0,0.0,0.0,0.0
40111000000,8864,40111000000,map,0.24920009144059566,0.2341025214058531,0.24856681211220708,0.0,0.0,0.0,0.0
40113000000,8865,40113000000,map,0.2366051330138157,0.2043896991086885,0.24997274804997396,0.0,0.0,0.0,0.0
40115000000,8866,40115000000,map,0.2094377246748081,0.1614482611208991,0.2476691610393864,0.0,0.0,0.0,0.0
40118000000,8867,40118000000,map,0.14524456121695958,0.07850292479501458,0.2373481478057689,0.0,0.0,0.0,0.0
40120000000,8868,40120000000,map,0.09066390516659883,0.01606846539316775,0.22603928097711348,0.0,0.0,0.0,0.0
40122000000,8869,40122000000,map,0.03049928227620399,-0.0474059855265969,0.21137605689730776,0.0,0.0,0.0,0.0
40124000000,8870,40124000000,map,-0.03154378364569906,-0.10781220176205483,0.1935760735511123,0.0,0.0,0.0,0.0
40126000000,8871,40126000000,map,-0.09164407596242294,-0.16124054098059212,0.17290347751937604,0.0,0.0,0.0,0.0
40128000000,8872,40128000000,map,-0.14610003296972035,-0.2042329866113391,0.14966504412052775,0.0,0.0,0.0,0.0
40130000000,8873,40130000000,map,-0.19155772613756955,-0.23400695937859023,0.12420562495398782,0.0,0.0,0.0,0.0
40132000000,8874,40132000000,map,-0.22521742771535333,-0.2486354128362654,0.09690303040273873,0.0,0.0,0.0,0.0
40134000000,8875,40134000000,map,-0.2450060452515389,-0.24717155666279134,0.06816242303649667,0.0,0.0,0.0,0.0
40135000000,8876,40135000000,map,-0.2492820210003832,-0.24039363770358496,0.053385484229108306,0.0,0.0,0.0,0.0
40138000000,8877,40138000000,map,-0.23902430516555878,-0.19738129592159365,0.00808818943215349,0.0,0.0,0.0,0.0
40140000000,8878,40140000000,map,-0.21362236139257965,-0.15227744233061746,-0.022353952634912095,0.0,0.0,0.0,0.0
40141000000,8879,40141000000,map,-0.19585661027927884,-0.12581969813313093,-0.03747874690166804,0.0,0.0,0.0,0.0
40143000000,8880,40143000000,map,-0.15156434587576267,-0.06723483556628852,-0.06725517032217125,0.0,0.0,0.0,0.0
40145000000,8881,40145000000,map,-0.09793727199190812,-0.004298365239559217,-0.09603354655692728,0.0,0.0,0.0,0.0
40147000000,8882,40147000000,map,-0.038278266457163306,0.058916306102679325,-0.12338681286453078,0.0,0.0,0.0,0.0
40149000000,8883,40149000000,map,0.023738287764789586,0.1183177658462128,-0.14890905472081173,0.0,0.0,0.0,0.0
40151000000,8884,40151000000,map,0.08429280688611664,0.17006140202731437,-0.17222152947243063,0.0,0.0,0.0,0.0
40153000000,8885,40153000000,map,0.13965575348867715,0.21079823629477432,-0.19297828676780557,0.0,0.0,0.0,0.0
40155000000,8886,40155000000,map,0.1864173377847881,0.23789167821762264,-0.21087130235980958,0.0,0.0,0.0,0.0
40157000000,8887,40157000000,map,0.22169752570094023,0.24958817205128228,-0.22563504909604856,0.0,0.0,0.0,0.0
40159000000,8888,40159000000,map,0.24332341944454258,0.24513069127968595,-0.2370504372648587,0.0,0.0,0.0,0.0
40161000000,8889,40161000000,map,0.24996308572485273,0.22480773527593634,-0.24494806582266082,0.0,0.0,0.0,0.0
40163000000,8890,40163000000,map,0.24120758918591653,0.1899346568973639,-0.24921073625634435,0.0,0.0,0.0,0.0
40165000000,8891,40165000000,map,0.21759617863059624,0.14276852953724542,-0.2497751917753137,0.0,0.0,0.0,0.0
40167000000,8892,40167000000,map,0.18058307482465993,0.08636206365615523,-0.2466330560236357,0.0,0.0,0.0,0.0
40169000000,8893,40169000000,map,0.1324479054096097,0.02436602767788132,-0.23983095738293375,0.0,0.0,0.0,0.0
40172000000,8894,40171000000,map,0.07615530321610198,-0.039207038931129146,-0.22946983702054521,0.0,0.0,0.0,0.0
40173000000,8895,40173000000,map,0.015172315283573283,-0.10024252731241277,-0.21570345095205554,0.0,0.0,0.0,0.0
40176000000,8896,40176000000,map,-0.07685835098599582,-0.17850468423307686,-0.18912896749782626,0.0,0.0,0.0,0.0
40178000000,8897,40178000000,map,-0.13307365063978358,-0.21689546117817393,-0.16784608842791368,0.0,0.0,0.0,0.0
40180000000,8898,40180000000,map,-0.1810929780260504,-0.24124821803999838,-0.14407242217535118,0.0,0.0,0.0,0.0
40181000000,8899,40181000000,map,-0.20107996988449023,-0.2476290679223241,-0.1313604879604613,0.0,0.0,0.0,0.0
40184000000,8900,40184000000,map,-0.2414006627993461,-0.2425455744606222,-0.09049563251401879,0.0,0.0,0.0,0.0
40185000000,8901,40185000000,map,-0.2476012812383375,-0.23286754509600466,-0.07613295790291606,0.0,0.0,0.0,0.0
40188000000,8902,40188000000,map,-0.24315283043697258,-0.18206631543641602,-0.03156705595956631,0.0,0.0,0.0,0.0
40189000000,8903,40189000000,map,-0.2340630181972468,-0.15879441118390708,-0.016403029719577196,0.0,0.0,0.0,0.0
40192000000,8904,40192000000,map,-0.1859244651956371,-0.0752145724813656,0.02922835274599935,0.0,0.0,0.0,0.0
40193000000,8905,40193000000,map,-0.16374909880969155,-0.044276172073508695,0.04429695101788597,0.0,0.0,0.0,0.0
40195000000,8906,40195000000,map,-0.11218696630209421,0.019244311650310604,0.073885329503542,0.0,0.0,0.0,0.0
40197000000,8907,40197000000,map,-0.05371526709821315,0.08151925509415134,0.10237727116767528,0.0,0.0,0.0,0.0
40199000000,8908,40199000000,map,0.008064741732286032,0.13851806719787121,0.12934996387458403,0.0,0.0,0.0,0.0
40201000000,8909,40201000000,map,0.0693480451726727,0.18655164139994243,0.15440314070204256,0.0,0.0,0.0,0.0
40203000000,8910,40203000000,map,0.1263602201640808,0.22251112389749927,0.17716501978515592,0.0,0.0,0.0,0.0
40205000000,8911,40205000000,map,0.17558990136162053,0.24406912648792148,0.1972978214521078,0.0,0.0,0.0,0.0
40207000000,8912,40207000000,map,0.21400504523257835,0.24983036099113645,0.21450278077620732,0.0,0.0,0.0,0.0
40209000000,8913,40209000000,map,0.23923967284468706,0.23942194581141424,0.22852458115999325,0.0,0.0,0.0,0.0
40211000000,8914,40211000000,map,0.24973958990702164,0.21351753977290572,0.23915514316001701,0.0,0.0,0.0,0.0
40213000000,8915,40213000000,map,0.2448581092006433,0.1737937412249203,0.24623671232512068,0.0,0.0,0.0,0.0
40215000000,8916,40215000000,map,0.2248958798795644,0.12282157437791513,0.24966420022649272,0.0,0.0,0.0,0.0
40217000000,8917,40217000000,map,0.19108237056624097,0.0639000861463034,0.24938674393955879,0.0,0.0,0.0,0.0
40219000000,8918,40219000000,map,0.14550014669148337,0.0008428235292527876,0.24540846083501616,0.0,0.0,0.0,0.0
40221000000,8919,40221000000,map,0.09095660582065918,-0.06226898874764879,0.2377883874781903,0.0,0.0,0.0,0.0
