%time,field.header.seq,field.header.stamp,field.header.frame_id,field.child_frame_id,field.pose.pose.position.x,field.pose.pose.position.y,field.pose.pose.position.z,field.pose.pose.orientation.x,field.pose.pose.orientation.y,field.pose.pose.orientation.z,field.pose.pose.orientation.w,field.pose.covariance0,field.pose.covariance1,field.pose.covariance2,field.pose.covariance3,field.pose.covariance4,field.pose.covariance5,field.pose.covariance6,field.pose.covariance7,field.pose.covariance8,field.pose.covariance9,field.pose.covariance10,field.pose.covariance11,field.pose.covariance12,field.pose.covariance13,field.pose.covariance14,field.pose.covariance15,field.pose.covariance16,field.pose.covariance17,field.pose.covariance18,field.pose.covariance19,field.pose.covariance20,field.pose.covariance21,field.pose.covariance22,field.pose.covariance23,field.pose.covariance24,field.pose.covariance25,field.pose.covariance26,field.pose.covariance27,field.pose.covariance28,field.pose.covariance29,field.pose.covariance30,field.pose.covariance31,field.pose.covariance32,field.pose.covariance33,field.pose.covariance34,field.pose.covariance35,field.twist.twist.linear.x,field.twist.twist.linear.y,field.twist.twist.linear.z,field.twist.twist.angular.x,field.twist.twist.angular.y,field.twist.twist.angular.z,field.twist.covariance0,field.twist.covariance1,field.twist.covariance2,field.twist.covariance3,field.twist.covariance4,field.twist.covariance5,field.twist.covariance6,field.twist.covariance7,field.twist.covariance8,field.twist.covariance9,field.twist.covariance10,field.twist.covariance11,field.twist.covariance12,field.twist.covariance13,field.twist.covariance14,field.twist.covariance15,field.twist.covariance16,field.twist.covariance17,field.twist.covariance18,field.twist.covariance19,field.twist.covariance20,field.twist.covariance21,field.twist.covariance22,field.twist.covariance23,field.twist.covariance24,field.twist.covariance25,field.twist.covariance26,field.twist.covariance27,field.twist.covariance28,field.twist.covariance29,field.twist.covariance30,field.twist.covariance31,field.twist.covariance32,field.twist.covariance33,field.twist.covariance34,field.twist.covariance35
31015000000,2884,31015000000,map,base_link,0.004338206723332405,-0.027991393581032753,-0.017225394025444984,0.0060395936715008204,-0.012115214008127421,0.029676523267187782,-0.9994679210701274,0.0,0.0,0.0,0.0,0.0,0.0,0.0,0.0,0.0,0.0,0.0,0.0,0.0,0.0,0.0,0.0,0.0,0.0,0.0,0.0,0.0,0.0,0.0,0.0,0.0,0.0,0.0,0.0,0.0,0.0,0.0,0.0,0.0,0.0,0.0,0.0,0.01868717439647894,-0.07555169929739049,-0.02519602588801345,0.00013072439469397068,0.0023040170781314373,-0.0008226993959397081,0.0,0.0,0.0,0.0,0.0,0.0,0.0,0.0,0.0,0.0,0.0,0.0,0.0,0.0,0.0,0.0,0.0,0.0,0.0,0.0,0.0,0.0,0.0,0.0,0.0,0.0,0.0,0.0,0.0,0.0,0.0,0.0,0.0,0.0,0.0,0.0
31028000000,2885,31028000000,map,base_link,0.004354076460003853,-0.028394313529133797,-0.017183268442749977,0.0060335732576088435,-0.01213394301393445,0.029671507792215,-0.9994678789232789,0.0,0.0,0.0,0.0,0.0,0.0,0.0,0.0,0.0,0.0,0.0,0.0,0.0,0.0,0.0,0.0,0.0,0.0,0.0,0.0,0.0,0.0,0.0,0.0,0.0,0.0,0.0,0.0,0.0,0.0,0.0,0.0,0.0,0.0,0.0,0.0,0.018594024159082005,-0.07541491319505282,-0.025005705479017287,9.114015847444534e-05,0.0037072552368044858,0.002603036584332585,0.0,0.0,0.0,0.0,0.0,0.0,0.0,0.0,0.0,0.0,0.0,0.0,0.0,0.0,0.0,0.0,0.0,0.0,0.0,0.0,0.0,0.0,0.0,0.0,0.0,0.0,0.0,0.0,0.0,0.0,0.0,0.0,0.0,0.0,0.0,0.0
31040000000,2886,31040000000,map,base_link,0.004377869889140129,-0.028815411031246185,-0.017104683443903923,0.006053768512762895,-0.012153506724905347,0.029661898310754498,-0.9994677946295818,0.0,0.0,0.0,0.0,0.0,0.0,0.0,0.0,0.0,0.0,0.0,0.0,0.0,0.0,0.0,0.0,0.0,0.0,0.0,0.0,0.0,0.0,0.0,0.0,0.0,0.0,0.0,0.0,0.0,0.0,0.0,0.0,0.0,0.0,0.0,0.0,0.018916999082693987,-0.0753777511107391,-0.02492072019589283,-0.00360477389767766,0.003102515824139118,0.001713271019980311,0.0,0.0,0.0,0.0,0.0,0.0,0.0,0.0,0.0,0.0,0.0,0.0,0.0,0.0,0.0,0.0,0.0,0.0,0.0,0.0,0.0,0.0,0.0,0.0,0.0,0.0,0.0,0.0,0.0,0.0,0.0,0.0,0.0,0.0,0.0,0.0
31048000000,2887,31048000000,map,base_link,0.00435144267976284,-0.028947224840521812,-0.016943253576755524,0.00604014717815978,-0.012155465236272088,0.029658990178207334,-0.9994679210701274,0.0,0.0,0.0,0.0,0.0,0.0,0.0,0.0,0.0,0.0,0.0,0.0,0.0,0.0,0.0,0.0,0.0,0.0,0.0,0.0,0.0,0.0,0.0,0.0,0.0,0.0,0.0,0.0,0.0,0.0,0.0,0.0,0.0,0.0,0.0,0.0,0.018842190558505167,-0.07540580767795643,-0.024880598507518985,0.0029943673871457577,-4.195515066385264e-05,0.00043511862168088555,0.0,0.0,0.0,0.0,0.0,0.0,0.0,0.0,0.0,0.0,0.0,0.0,0.0,0.0,0.0,0.0,0.0,0.0,0.0,0.0,0.0,0.0,0.0,0.0,0.0,0.0,0.0,0.0,0.0,0.0,0.0,0.0,0.0,0.0,0.0,0.0
31056000000,2888,31056000000,map,base_link,0.004329568240791559,-0.029095882549881935,-0.016795383766293526,0.0060262410230569625,-0.012162826776054573,0.029653637528446408,-0.999468047510673,0.0,0.0,0.0,0.0,0.0,0.0,0.0,0.0,0.0,0.0,0.0,0.0,0.0,0.0,0.0,0.0,0.0,0.0,0.0,0.0,0.0,0.0,0.0,0.0,0.0,0.0,0.0,0.0,0.0,0.0,0.0,0.0,0.0,0.0,0.0,0.0,0.01867289751819432,-0.07533568321577859,-0.0245507183162718,0.003796757198870182,0.0023358301259577274,0.0003294986672699449,0.0,0.0,0.0,0.0,0.0,0.0,0.0,0.0,0.0,0.0,0.0,0.0,0.0,0.0,0.0,0.0,0.0,0.0,0.0,0.0,0.0,0.0,0.0,0.0,0.0,0.0,0.0,0.0,0.0,0.0,0.0,0.0,0.0,0.0,0.0,0.0
31063000000,2889,31063000000,map,base_link,0.004312267992645502,-0.029261572286486626,-0.016661448404192924,0.006027168253724202,-0.012163768494700987,0.02965709357002433,-0.999467963216976,0.0,0.0,0.0,0.0,0.0,0.0,0.0,0.0,0.0,0.0,0.0,0.0,0.0,0.0,0.0,0.0,0.0,0.0,0.0,0.0,0.0,0.0,0.0,0.0,0.0,0.0,0.0,0.0,0.0,0.0,0.0,0.0,0.0,0.0,0.0,0.0,0.018615848856821618,-0.07544362536507825,-0.024650833848989764,0.0012407678877934813,0.0007730368524789809,-0.0007595431525260211,0.0,0.0,0.0,0.0,0.0,0.0,0.0,0.0,0.0,0.0,0.0,0.0,0.0,0.0,0.0,0.0,0.0,0.0,0.0,0.0,0.0,0.0,0.0,0.0,0.0,0.0,0.0,0.0,0.0,0.0,0.0,0.0,0.0,0.0,0.0,0.0
31071000000,2890,31071000000,map,base_link,0.004298267886042595,-0.029440706595778465,-0.016539456322789192,0.00602632828020427,-0.012163362502011816,0.029657978653843065,-0.9994679210701274,0.0,0.0,0.0,0.0,0.0,0.0,0.0,0.0,0.0,0.0,0.0,0.0,0.0,0.0,0.0,0.0,0.0,0.0,0.0,0.0,0.0,0.0,0.0,0.0,0.0,0.0,0.0,0.0,0.0,0.0,0.0,0.0,0.0,0.0,0.0,0.0,0.01864570808997017,-0.07575079197598523,-0.024747005211736717,0.001058440306223929,0.0005310270935297011,-0.001222273800522089,0.0,0.0,0.0,0.0,0.0,0.0,0.0,0.0,0.0,0.0,0.0,0.0,0.0,0.0,0.0,0.0,0.0,0.0,0.0,0.0,0.0,0.0,0.0,0.0,0.0,0.0,0.0,0.0,0.0,0.0,0.0,0.0,0.0,0.0,0.0,0.0
31079000000,2891,31079000000,map,base_link,0.004288511350750923,-0.02963520772755146,-0.01636464335024357,0.006021887714586944,-0.012170766517915066,0.029663710625240536,-0.9994677524827333,0.0,0.0,0.0,0.0,0.0,0.0,0.0,0.0,0.0,0.0,0.0,0.0,0.0,0.0,0.0,0.0,0.0,0.0,0.0,0.0,0.0,0.0,0.0,0.0,0.0,0.0,0.0,0.0,0.0,0.0,0.0,0.0,0.0,0.0,0.0,0.0,0.018726109747622142,-0.0759227321124269,-0.02472599013149887,0.0016515676397830248,0.001724469009786844,-0.001955043524503708,0.0,0.0,0.0,0.0,0.0,0.0,0.0,0.0,0.0,0.0,0.0,0.0,0.0,0.0,0.0,0.0,0.0,0.0,0.0,0.0,0.0,0.0,0.0,0.0,0.0,0.0,0.0,0.0,0.0,0.0,0.0,0.0,0.0,0.0,0.0,0.0
31087000000,2892,31087000000,map,base_link,0.004283330403268337,-0.02984084002673626,-0.016200602054595947,0.006032387877494473,-0.012168777384228705,0.02967403660312562,-0.9994673731610968,0.0,0.0,0.0,0.0,0.0,0.0,0.0,0.0,0.0,0.0,0.0,0.0,0.0,0.0,0.0,0.0,0.0,0.0,0.0,0.0,0.0,0.0,0.0,0.0,0.0,0.0,0.0,0.0,0.0,0.0,0.0,0.0,0.0,0.0,0.0,0.0,0.018870658356833506,-0.07605387496331373,-0.024592164495150764,-0.0018337755464017391,-0.0005729980766773227,-0.002417061012238264,0.0,0.0,0.0,0.0,0.0,0.0,0.0,0.0,0.0,0.0,0.0,0.0,0.0,0.0,0.0,0.0,0.0,0.0,0.0,0.0,0.0,0.0,0.0,0.0,0.0,0.0,0.0,0.0,0.0,0.0,0.0,0.0,0.0,0.0,0.0,0.0
31095000000,2893,31095000000,map,base_link,0.004283964168280363,-0.03006674349308014,-0.01605229638516903,0.006030572270285966,-0.012164380282548905,0.029671044176881378,-0.9994674996016424,0.0,0.0,0.0,0.0,0.0,0.0,0.0,0.0,0.0,0.0,0.0,0.0,0.0,0.0,0.0,0.0,0.0,0.0,0.0,0.0,0.0,0.0,0.0,0.0,0.0,0.0,0.0,0.0,0.0,0.0,0.0,0.0,0.0,0.0,0.0,0.0,0.019088731657353628,-0.07605839660976076,-0.024487053042884618,0.00035046576522290707,-0.0006133075803518295,-0.00023942117695696644,0.0,0.0,0.0,0.0,0.0,0.0,0.0,0.0,0.0,0.0,0.0,0.0,0.0,0.0,0.0,0.0,0.0,0.0,0.0,0.0,0.0,0.0,0.0,0.0,0.0,0.0,0.0,0.0,0.0,0.0,0.0,0.0,0.0,0.0,0.0,0.0
31104000000,2894,31104000000,map,base_link,0.004289454314857721,-0.030304785817861557,-0.0159143079072237,0.006029947640820143,-0.012163373038723944,0.02966139254857242,-0.9994678789232789,0.0,0.0,0.0,0.0,0.0,0.0,0.0,0.0,0.0,0.0,0.0,0.0,0.0,0.0,0.0,0.0,0.0,0.0,0.0,0.0,0.0,0.0,0.0,0.0,0.0,0.0,0.0,0.0,0.0,0.0,0.0,0.0,0.0,0.0,0.0,0.0,0.01909880274285389,-0.07628238928610032,-0.02434353536874861,0.0004909213166683912,-0.0005647414363920688,0.0010720386635512114,0.0,0.0,0.0,0.0,0.0,0.0,0.0,0.0,0.0,0.0,0.0,0.0,0.0,0.0,0.0,0.0,0.0,0.0,0.0,0.0,0.0,0.0,0.0,0.0,0.0,0.0,0.0,0.0,0.0,0.0,0.0,0.0,0.0,0.0,0.0,0.0
31112000000,2895,31112000000,map,base_link,0.004298615735024214,-0.030555177479982376,-0.01578616164624691,0.006026576222211525,-0.012157796154558092,0.029664427121665116,-0.9994678789232789,0.0,0.0,0.0,0.0,0.0,0.0,0.0,0.0,0.0,0.0,0.0,0.0,0.0,0.0,0.0,0.0,0.0,0.0,0.0,0.0,0.0,0.0,0.0,0.0,0.0,0.0,0.0,0.0,0.0,0.0,0.0,0.0,0.0,0.0,0.0,0.0,0.019205495968999824,-0.07643429230011255,-0.024224403597865478,-0.0009990129619836807,-0.0023017465136945248,0.0004559613880701366,0.0,0.0,0.0,0.0,0.0,0.0,0.0,0.0,0.0,0.0,0.0,0.0,0.0,0.0,0.0,0.0,0.0,0.0,0.0,0.0,0.0,0.0,0.0,0.0,0.0,0.0,0.0,0.0,0.0,0.0,0.0,0.0,0.0,0.0,0.0,0.0
31120000000,2896,31120000000,map,base_link,0.004311887081712484,-0.030815929174423218,-0.015639642253518105,0.006049752049808709,-0.012163878142361568,0.02964031912431697,-0.9994683003917639,0.0,0.0,0.0,0.0,0.0,0.0,0.0,0.0,0.0,0.0,0.0,0.0,0.0,0.0,0.0,0.0,0.0,0.0,0.0,0.0,0.0,0.0,0.0,0.0,0.0,0.0,0.0,0.0,0.0,0.0,0.0,0.0,0.0,0.0,0.0,0.0,0.019424638744222286,-0.0764703016786082,-0.024182626149139564,-0.004732044413685799,0.0002421257086098199,0.0039918809197843075,0.0,0.0,0.0,0.0,0.0,0.0,0.0,0.0,0.0,0.0,0.0,0.0,0.0,0.0,0.0,0.0,0.0,0.0,0.0,0.0,0.0,0.0,0.0,0.0,0.0,0.0,0.0,0.0,0.0,0.0,0.0,0.0,0.0,0.0,0.0,0.0
31128000000,2897,31128000000,map,base_link,0.004330370109528303,-0.03109094128012657,-0.015506123192608356,0.006054854452656557,-0.012165046400318728,0.029635050768253124,-0.9994684268323095,0.0,0.0,0.0,0.0,0.0,0.0,0.0,0.0,0.0,0.0,0.0,0.0,0.0,0.0,0.0,0.0,0.0,0.0,0.0,0.0,0.0,0.0,0.0,0.0,0.0,0.0,0.0,0.0,0.0,0.0,0.0,0.0,0.0,0.0,0.0,0.0,0.019422774465224082,-0.07689949669819536,-0.023871260894178795,-0.001453914912417531,8.045649155974413e-05,0.0020260955207049847,0.0,0.0,0.0,0.0,0.0,0.0,0.0,0.0,0.0,0.0,0.0,0.0,0.0,0.0,0.0,0.0,0.0,0.0,0.0,0.0,0.0,0.0,0.0,0.0,0.0,0.0,0.0,0.0,0.0,0.0,0.0,0.0,0.0,0.0,0.0,0.0
31135000000,2898,31135000000,map,base_link,0.0043510328978300095,-0.03138049691915512,-0.015383629128336906,0.006047471180905309,-0.012179834346517733,0.029630667496008012,-0.9994684268323095,0.0,0.0,0.0,0.0,0.0,0.0,0.0,0.0,0.0,0.0,0.0,0.0,0.0,0.0,0.0,0.0,0.0,0.0,0.0,0.0,0.0,0.0,0.0,0.0,0.0,0.0,0.0,0.0,0.0,0.0,0.0,0.0,0.0,0.0,0.0,0.0,0.019178929000465843,-0.07741794488384314,-0.023779527183784843,0.002366743516176939,0.00234425812959671,0.0007907286635600027,0.0,0.0,0.0,0.0,0.0,0.0,0.0,0.0,0.0,0.0,0.0,0.0,0.0,0.0,0.0,0.0,0.0,0.0,0.0,0.0,0.0,0.0,0.0,0.0,0.0,0.0,0.0,0.0,0.0,0.0,0.0,0.0,0.0,0.0,0.0,0.0
31143000000,2899,31143000000,map,base_link,0.004373976495116949,-0.03168589249253273,-0.015273479744791985,0.006038117543986177,-0.012185506719637243,0.02962544128679262,-0.9994685954197036,0.0,0.0,0.0,0.0,0.0,0.0,0.0,0.0,0.0,0.0,0.0,0.0,0.0,0.0,0.0,0.0,0.0,0.0,0.0,0.0,0.0,0.0,0.0,0.0,0.0,0.0,0.0,0.0,0.0,0.0,0.0,0.0,0.0,0.0,0.0,0.0,0.018955826286043368,-0.07750619197143477,-0.023341509125769277,0.0019223496783524752,0.0015330049209296706,0.0009023235761560497,0.0,0.0,0.0,0.0,0.0,0.0,0.0,0.0,0.0,0.0,0.0,0.0,0.0,0.0,0.0,0.0,0.0,0.0,0.0,0.0,0.0,0.0,0.0,0.0,0.0,0.0,0.0,0.0,0.0,0.0,0.0,0.0,0.0,0.0,0.0,0.0
31151000000,2900,31151000000,map,base_link,0.0043692379258573055,-0.03108411282300949,-0.0150032052770257,0.006050327946980939,-0.012187775076194991,0.02963559867728377,-0.999468216098067,0.0,0.0,0.0,0.0,0.0,0.0,0.0,0.0,0.0,0.0,0.0,0.0,0.0,0.0,0.0,0.0,0.0,0.0,0.0,0.0,0.0,0.0,0.0,0.0,0.0,0.0,0.0,0.0,0.0,0.0,0.0,0.0,0.0,0.0,0.0,0.0,0.019045753100775727,-0.07729950641082961,-0.02316935724393872,-0.004199447575956583,0.00018343701958656284,-0.0021290055010467768,0.0,0.0,0.0,0.0,0.0,0.0,0.0,0.0,0.0,0.0,0.0,0.0,0.0,0.0,0.0,0.0,0.0,0.0,0.0,0.0,0.0,0.0,0.0,0.0,0.0,0.0,0.0,0.0,0.0,0.0,0.0,0.0,0.0,0.0,0.0,0.0
31159000000,2901,31159000000,map,base_link,0.004371240269392729,-0.030525268986821175,-0.014750554226338863,0.006057789914800891,-0.012197872539135889,0.02963273269158495,-0.9994681318043699,0.0,0.0,0.0,0.0,0.0,0.0,0.0,0.0,0.0,0.0,0.0,0.0,0.0,0.0,0.0,0.0,0.0,0.0,0.0,0.0,0.0,0.0,0.0,0.0,0.0,0.0,0.0,0.0,0.0,0.0,0.0,0.0,0.0,0.0,0.0,0.0,0.01918678141189045,-0.07695885656264562,-0.022804937763639316,-0.0025021634064614773,0.0018437914550304413,-0.0008385903201997282,0.0,0.0,0.0,0.0,0.0,0.0,0.0,0.0,0.0,0.0,0.0,0.0,0.0,0.0,0.0,0.0,0.0,0.0,0.0,0.0,0.0,0.0,0.0,0.0,0.0,0.0,0.0,0.0,0.0,0.0,0.0,0.0,0.0,0.0,0.0,0.0
31167000000,2902,31167000000,map,base_link,0.004383120685815811,-0.03002750501036644,-0.014485931023955345,0.006060515301247178,-0.01221442143334924,0.029636736642193462,-0.9994677524827333,0.0,0.0,0.0,0.0,0.0,0.0,0.0,0.0,0.0,0.0,0.0,0.0,0.0,0.0,0.0,0.0,0.0,0.0,0.0,0.0,0.0,0.0,0.0,0.0,0.0,0.0,0.0,0.0,0.0,0.0,0.0,0.0,0.0,0.0,0.0,0.0,0.019251246845676345,-0.07697103340463102,-0.022439123640155077,0.0010390948737040162,0.0019691656343638897,-0.0009276342461816969,0.0,0.0,0.0,0.0,0.0,0.0,0.0,0.0,0.0,0.0,0.0,0.0,0.0,0.0,0.0,0.0,0.0,0.0,0.0,0.0,0.0,0.0,0.0,0.0,0.0,0.0,0.0,0.0,0.0,0.0,0.0,0.0,0.0,0.0,0.0,0.0
31175000000,2903,31175000000,map,base_link,0.0043931077234447,-0.02953704446554184,-0.014229058288037777,0.006071472494043249,-0.01221928379672393,0.029624134734488716,-0.999467963216976,0.0,0.0,0.0,0.0,0.0,0.0,0.0,0.0,0.0,0.0,0.0,0.0,0.0,0.0,0.0,0.0,0.0,0.0,0.0,0.0,0.0,0.0,0.0,0.0,0.0,0.0,0.0,0.0,0.0,0.0,0.0,0.0,0.0,0.0,0.0,0.0,0.018978229474679843,-0.07673535740148268,-0.022155060172129225,0.0003985879011452198,-0.0003875796683132645,0.002587456488981843,0.0,0.0,0.0,0.0,0.0,0.0,0.0,0.0,0.0,0.0,0.0,0.0,0.0,0.0,0.0,0.0,0.0,0.0,0.0,0.0,0.0,0.0,0.0,0.0,0.0,0.0,0.0,0.0,0.0,0.0,0.0,0.0,0.0,0.0,0.0,0.0
31183000000,2904,31183000000,map,base_link,0.004406721331179142,-0.029083264991641045,-0.013988780789077282,0.006080460638760449,-0.012209232761170844,0.029611954295269083,-0.9994684268323095,0.0,0.0,0.0,0.0,0.0,0.0,0.0,0.0,0.0,0.0,0.0,0.0,0.0,0.0,0.0,0.0,0.0,0.0,0.0,0.0,0.0,0.0,0.0,0.0,0.0,0.0,0.0,0.0,0.0,0.0,0.0,0.0,0.0,0.0,0.0,0.0,0.018980608974574816,-0.07664079329498857,-0.02224307561468258,0.0004952844465151429,-0.001425378024578094,0.0026987316086888313,0.0,0.0,0.0,0.0,0.0,0.0,0.0,0.0,0.0,0.0,0.0,0.0,0.0,0.0,0.0,0.0,0.0,0.0,0.0,0.0,0.0,0.0,0.0,0.0,0.0,0.0,0.0,0.0,0.0,0.0,0.0,0.0,0.0,0.0,0.0,0.0
31191000000,2905,31191000000,map,base_link,0.004425051622092724,-0.028667105361819267,-0.013767716474831104,0.006089777726459389,-0.012208929830697173,0.029615536777392593,-0.999468300391764,0.0,0.0,0.0,0.0,0.0,0.0,0.0,0.0,0.0,0.0,0.0,0.0,0.0,0.0,0.0,0.0,0.0,0.0,0.0,0.0,0.0,0.0,0.0,0.0,0.0,0.0,0.0,0.0,0.0,0.0,0.0,0.0,0.0,0.0,0.0,0.0,0.018951308986800884,-0.0762935793420005,-0.022204025851640975,6.601191125810146e-05,0.00030926987528800954,-0.0007468241965398192,0.0,0.0,0.0,0.0,0.0,0.0,0.0,0.0,0.0,0.0,0.0,0.0,0.0,0.0,0.0,0.0,0.0,0.0,0.0,0.0,0.0,0.0,0.0,0.0,0.0,0.0,0.0,0.0,0.0,0.0,0.0,0.0,0.0,0.0,0.0,0.0
31199000000,2906,31198000000,map,base_link,0.004450114909559488,-0.028295550495386124,-0.01356565859168768,0.0061168761744183715,-0.012207697693922737,0.029618739937879335,-0.999468047510673,0.0,0.0,0.0,0.0,0.0,0.0,0.0,0.0,0.0,0.0,0.0,0.0,0.0,0.0,0.0,0.0,0.0,0.0,0.0,0.0,0.0,0.0,0.0,0.0,0.0,0.0,0.0,0.0,0.0,0.0,0.0,0.0,0.0,0.0,0.0,0.0,0.01913587017698138,-0.07592404799775841,-0.02213988889285222,-0.003563462756574154,-0.0007248367182910445,-0.002018176019191742,0.0,0.0,0.0,0.0,0.0,0.0,0.0,0.0,0.0,0.0,0.0,0.0,0.0,0.0,0.0,0.0,0.0,0.0,0.0,0.0,0.0,0.0,0.0,0.0,0.0,0.0,0.0,0.0,0.0,0.0,0.0,0.0,0.0,0.0,0.0,0.0
31206000000,2907,31206000000,map,base_link,0.004477623384445906,-0.02793841063976288,-0.013374646194279194,0.006125900539083512,-0.012207927196683769,0.02961768626666661,-0.9994680053638245,0.0,0.0,0.0,0.0,0.0,0.0,0.0,0.0,0.0,0.0,0.0,0.0,0.0,0.0,0.0,0.0,0.0,0.0,0.0,0.0,0.0,0.0,0.0,0.0,0.0,0.0,0.0,0.0,0.0,0.0,0.0,0.0,0.0,0.0,0.0,0.0,0.019252961131336725,-0.0759415615375944,-0.02214833902460891,-0.0003656243206933141,0.0008952766656875609,-0.000787917000707239,0.0,0.0,0.0,0.0,0.0,0.0,0.0,0.0,0.0,0.0,0.0,0.0,0.0,0.0,0.0,0.0,0.0,0.0,0.0,0.0,0.0,0.0,0.0,0.0,0.0,0.0,0.0,0.0,0.0,0.0,0.0,0.0,0.0,0.0,0.0,0.0
31214000000,2908,31214000000,map,base_link,0.004510076250880957,-0.02761220932006836,-0.013199297711253166,0.00613715210127465,-0.012223720740346463,0.029614314518785767,-0.9994678367764305,0.0,0.0,0.0,0.0,0.0,0.0,0.0,0.0,0.0,0.0,0.0,0.0,0.0,0.0,0.0,0.0,0.0,0.0,0.0,0.0,0.0,0.0,0.0,0.0,0.0,0.0,0.0,0.0,0.0,0.0,0.0,0.0,0.0,0.0,0.0,0.0,0.019459259834742643,-0.07584540305221832,-0.022264486068036854,0.0006148203974589705,0.0025516515597701073,0.0007805509376339611,0.0,0.0,0.0,0.0,0.0,0.0,0.0,0.0,0.0,0.0,0.0,0.0,0.0,0.0,0.0,0.0,0.0,0.0,0.0,0.0,0.0,0.0,0.0,0.0,0.0,0.0,0.0,0.0,0.0,0.0,0.0,0.0,0.0,0.0,0.0,0.0
31222000000,2909,31222000000,map,base_link,0.004548570141196251,-0.027315132319927216,-0.013014361262321472,0.006139159674207236,-0.012221008524790336,0.02960854040053973,-0.999468047510673,0.0,0.0,0.0,0.0,0.0,0.0,0.0,0.0,0.0,0.0,0.0,0.0,0.0,0.0,0.0,0.0,0.0,0.0,0.0,0.0,0.0,0.0,0.0,0.0,0.0,0.0,0.0,0.0,0.0,0.0,0.0,0.0,0.0,0.0,0.0,0.0,0.019791227959703266,-0.07553129514148109,-0.022428178349009814,0.0001233000075444579,-0.0001618219539523122,0.0022991423029452562,0.0,0.0,0.0,0.0,0.0,0.0,0.0,0.0,0.0,0.0,0.0,0.0,0.0,0.0,0.0,0.0,0.0,0.0,0.0,0.0,0.0,0.0,0.0,0.0,0.0,0.0,0.0,0.0,0.0,0.0,0.0,0.0,0.0,0.0,0.0,0.0
31230000000,2910,31230000000,map,base_link,0.004592725075781345,-0.02704680524766445,-0.012845824472606182,0.006148709886662001,-0.012213991074513274,0.02959981600289796,-0.9994683425386126,0.0,0.0,0.0,0.0,0.0,0.0,0.0,0.0,0.0,0.0,0.0,0.0,0.0,0.0,0.0,0.0,0.0,0.0,0.0,0.0,0.0,0.0,0.0,0.0,0.0,0.0,0.0,0.0,0.0,0.0,0.0,0.0,0.0,0.0,0.0,0.0,0.020050289237922472,-0.07551975943110376,-0.02241552929338057,0.0010939785279333591,-0.0007676491513848305,-0.0001500911603216081,0.0,0.0,0.0,0.0,0.0,0.0,0.0,0.0,0.0,0.0,0.0,0.0,0.0,0.0,0.0,0.0,0.0,0.0,0.0,0.0,0.0,0.0,0.0,0.0,0.0,0.0,0.0,0.0,0.0,0.0,0.0,0.0,0.0,0.0,0.0,0.0
31238000000,2911,31238000000,map,base_link,0.004641890991479158,-0.026805570349097252,-0.01269291527569294,0.006153874851238109,-0.012209927196354511,0.02959012222774049,-0.9994685954197036,0.0,0.0,0.0,0.0,0.0,0.0,0.0,0.0,0.0,0.0,0.0,0.0,0.0,0.0,0.0,0.0,0.0,0.0,0.0,0.0,0.0,0.0,0.0,0.0,0.0,0.0,0.0,0.0,0.0,0.0,0.0,0.0,0.0,0.0,0.0,0.0,0.020178628015751116,-0.07517979078255234,-0.022714765774100226,0.0007763424073345959,-0.0021748882718384266,0.00177027122117579,0.0,0.0,0.0,0.0,0.0,0.0,0.0,0.0,0.0,0.0,0.0,0.0,0.0,0.0,0.0,0.0,0.0,0.0,0.0,0.0,0.0,0.0,0.0,0.0,0.0,0.0,0.0,0.0,0.0,0.0,0.0,0.0,0.0,0.0,0.0,0.0
31247000000,2912,31247000000,map,base_link,0.004693030845373869,-0.02658996731042862,-0.012554481625556946,0.006164701322949345,-0.01218815308074257,0.029592103129620462,-0.9994687218602492,0.0,0.0,0.0,0.0,0.0,0.0,0.0,0.0,0.0,0.0,0.0,0.0,0.0,0.0,0.0,0.0,0.0,0.0,0.0,0.0,0.0,0.0,0.0,0.0,0.0,0.0,0.0,0.0,0.0,0.0,0.0,0.0,0.0,0.0,0.0,0.0,0.01987761602045094,-0.0749468441771822,-0.022504693576601467,0.00044393865391612053,-0.002968914108350873,-0.0008790080901235339,0.0,0.0,0.0,0.0,0.0,0.0,0.0,0.0,0.0,0.0,0.0,0.0,0.0,0.0,0.0,0.0,0.0,0.0,0.0,0.0,0.0,0.0,0.0,0.0,0.0,0.0,0.0,0.0,0.0,0.0,0.0,0.0,0.0,0.0,0.0,0.0
31255000000,2913,31255000000,map,base_link,0.004745998419821262,-0.02639923244714737,-0.012428090907633305,0.006185573232585349,-0.012180481037224572,0.02958084992106802,-0.9994690168881888,0.0,0.0,0.0,0.0,0.0,0.0,0.0,0.0,0.0,0.0,0.0,0.0,0.0,0.0,0.0,0.0,0.0,0.0,0.0,0.0,0.0,0.0,0.0,0.0,0.0,0.0,0.0,0.0,0.0,0.0,0.0,0.0,0.0,0.0,0.0,0.0,0.019867729176346764,-0.07479061398348086,-0.022532620125591183,-0.0013221419649198651,-0.001761767081916332,0.0020008885767310858,0.0,0.0,0.0,0.0,0.0,0.0,0.0,0.0,0.0,0.0,0.0,0.0,0.0,0.0,0.0,0.0,0.0,0.0,0.0,0.0,0.0,0.0,0.0,0.0,0.0,0.0,0.0,0.0,0.0,0.0,0.0,0.0,0.0,0.0,0.0,0.0
31263000000,2914,31263000000,map,base_link,0.004802157636731863,-0.0262324009090662,-0.012313749641180038,0.006188291704314302,-0.012172224206183486,0.029566941461059426,-0.9994695226503709,0.0,0.0,0.0,0.0,0.0,0.0,0.0,0.0,0.0,0.0,0.0,0.0,0.0,0.0,0.0,0.0,0.0,0.0,0.0,0.0,0.0,0.0,0.0,0.0,0.0,0.0,0.0,0.0,0.0,0.0,0.0,0.0,0.0,0.0,0.0,0.0,0.01980079745041995,-0.07478753902441429,-0.022277848495334873,0.0004857692983932793,-0.0012153927236795423,0.002348120091482997,0.0,0.0,0.0,0.0,0.0,0.0,0.0,0.0,0.0,0.0,0.0,0.0,0.0,0.0,0.0,0.0,0.0,0.0,0.0,0.0,0.0,0.0,0.0,0.0,0.0,0.0,0.0,0.0,0.0,0.0,0.0,0.0,0.0,0.0,0.0,0.0
31271000000,2915,31271000000,map,base_link,0.004862880799919367,-0.026094691827893257,-0.012212452478706837,0.006192125421167523,-0.012167597601742653,0.029558048476023724,-0.9994698176783104,0.0,0.0,0.0,0.0,0.0,0.0,0.0,0.0,0.0,0.0,0.0,0.0,0.0,0.0,0.0,0.0,0.0,0.0,0.0,0.0,0.0,0.0,0.0,0.0,0.0,0.0,0.0,0.0,0.0,0.0,0.0,0.0,0.0,0.0,0.0,0.0,0.020109870599299837,-0.07482049174990411,-0.022227403551491054,0.000646448228508234,-0.0005333386361598966,0.0014347692485898733,0.0,0.0,0.0,0.0,0.0,0.0,0.0,0.0,0.0,0.0,0.0,0.0,0.0,0.0,0.0,0.0,0.0,0.0,0.0,0.0,0.0,0.0,0.0,0.0,0.0,0.0,0.0,0.0,0.0,0.0,0.0,0.0,0.0,0.0,0.0,0.0
31279000000,2916,31279000000,map,base_link,0.004928375594317913,-0.02597968280315399,-0.012086090631783009,0.006202150444212544,-0.012161244622874144,0.029553707350627012,-0.9994700284125531,0.0,0.0,0.0,0.0,0.0,0.0,0.0,0.0,0.0,0.0,0.0,0.0,0.0,0.0,0.0,0.0,0.0,0.0,0.0,0.0,0.0,0.0,0.0,0.0,0.0,0.0,0.0,0.0,0.0,0.0,0.0,0.0,0.0,0.0,0.0,0.0,0.020397122368736496,-0.07503256726314546,-0.022232039155008414,-0.0007356466958299279,-0.0017906907014548776,0.0013227430172264578,0.0,0.0,0.0,0.0,0.0,0.0,0.0,0.0,0.0,0.0,0.0,0.0,0.0,0.0,0.0,0.0,0.0,0.0,0.0,0.0,0.0,0.0,0.0,0.0,0.0,0.0,0.0,0.0,0.0,0.0,0.0,0.0,0.0,0.0,0.0,0.0
31286000000,2917,31286000000,map,base_link,0.00499773072078824,-0.02588762529194355,-0.011973071843385696,0.0062045883759810965,-0.012137497507916288,0.02952778703879283,-0.9994709977900688,0.0,0.0,0.0,0.0,0.0,0.0,0.0,0.0,0.0,0.0,0.0,0.0,0.0,0.0,0.0,0.0,0.0,0.0,0.0,0.0,0.0,0.0,0.0,0.0,0.0,0.0,0.0,0.0,0.0,0.0,0.0,0.0,0.0,0.0,0.0,0.0,0.020555834855912766,-0.07511943340000422,-0.022327750008295892,0.0018226630054414272,-0.0023831396829336877,0.0031358511187136178,0.0,0.0,0.0,0.0,0.0,0.0,0.0,0.0,0.0,0.0,0.0,0.0,0.0,0.0,0.0,0.0,0.0,0.0,0.0,0.0,0.0,0.0,0.0,0.0,0.0,0.0,0.0,0.0,0.0,0.0,0.0,0.0,0.0,0.0,0.0,0.0
31294000000,2918,31294000000,map,base_link,0.005070578306913376,-0.025818224996328354,-0.011872264556586742,0.006214075697435349,-0.012135285786186226,0.029521001396182578,-0.9994712085243114,0.0,0.0,0.0,0.0,0.0,0.0,0.0,0.0,0.0,0.0,0.0,0.0,0.0,0.0,0.0,0.0,0.0,0.0,0.0,0.0,0.0,0.0,0.0,0.0,0.0,0.0,0.0,0.0,0.0,0.0,0.0,0.0,0.0,0.0,0.0,0.0,0.020627537377228344,-0.0747105414305807,-0.022287475309839447,0.0007006325176917017,0.0004319357685744763,0.0006162103964015841,0.0,0.0,0.0,0.0,0.0,0.0,0.0,0.0,0.0,0.0,0.0,0.0,0.0,0.0,0.0,0.0,0.0,0.0,0.0,0.0,0.0,0.0,0.0,0.0,0.0,0.0,0.0,0.0,0.0,0.0,0.0,0.0,0.0,0.0,0.0,0.0
31302000000,2919,31302000000,map,base_link,0.005147926043719053,-0.02577069401741028,-0.011783754453063011,0.0062130694414271525,-0.012130888025961918,0.0295172924735137,-0.9994713771117054,0.0,0.0,0.0,0.0,0.0,0.0,0.0,0.0,0.0,0.0,0.0,0.0,0.0,0.0,0.0,0.0,0.0,0.0,0.0,0.0,0.0,0.0,0.0,0.0,0.0,0.0,0.0,0.0,0.0,0.0,0.0,0.0,0.0,0.0,0.0,0.0,0.020823261406839575,-0.07458893763624451,-0.02204095687515418,0.00033659394830465317,0.0005794335156679153,-0.00042465570732019847,0.0,0.0,0.0,0.0,0.0,0.0,0.0,0.0,0.0,0.0,0.0,0.0,0.0,0.0,0.0,0.0,0.0,0.0,0.0,0.0,0.0,0.0,0.0,0.0,0.0,0.0,0.0,0.0,0.0,0.0,0.0,0.0,0.0,0.0,0.0,0.0
31315000000,2920,31315000000,map,base_link,0.0052904998883605,-0.02604558691382408,-0.011790263466536999,0.0062402528416276625,-0.01212799833266089,0.029512276998540865,-0.9994713349648567,0.0,0.0,0.0,0.0,0.0,0.0,0.0,0.0,0.0,0.0,0.0,0.0,0.0,0.0,0.0,0.0,0.0,0.0,0.0,0.0,0.0,0.0,0.0,0.0,0.0,0.0,0.0,0.0,0.0,0.0,0.0,0.0,0.0,0.0,0.0,0.0,0.020583148277032545,-0.07433849080806483,-0.02187481362531663,-0.0009477871935814619,-0.0005886452272534369,0.0005824537947773934,0.0,0.0,0.0,0.0,0.0,0.0,0.0,0.0,0.0,0.0,0.0,0.0,0.0,0.0,0.0,0.0,0.0,0.0,0.0,0.0,0.0,0.0,0.0,0.0,0.0,0.0,0.0,0.0,0.0,0.0,0.0,0.0,0.0,0.0,0.0,0.0
31326000000,2921,31326000000,map,base_link,0.005434276070445776,-0.026339329779148102,-0.011806377209722996,0.0062435218565652885,-0.012127188322916071,0.029481467652279325,-0.9994722200486756,0.0,0.0,0.0,0.0,0.0,0.0,0.0,0.0,0.0,0.0,0.0,0.0,0.0,0.0,0.0,0.0,0.0,0.0,0.0,0.0,0.0,0.0,0.0,0.0,0.0,0.0,0.0,0.0,0.0,0.0,0.0,0.0,0.0,0.0,0.0,0.0,0.020596765230700528,-0.07453765905962287,-0.02184533373246746,-0.0007285615429282188,-0.0005285567604005331,0.00469027366489172,0.0,0.0,0.0,0.0,0.0,0.0,0.0,0.0,0.0,0.0,0.0,0.0,0.0,0.0,0.0,0.0,0.0,0.0,0.0,0.0,0.0,0.0,0.0,0.0,0.0,0.0,0.0,0.0,0.0,0.0,0.0,0.0,0.0,0.0,0.0,0.0
31338000000,2922,31338000000,map,base_link,0.005581859964877367,-0.02665855921804905,-0.011770549230277538,0.006253406938902364,-0.012135025990377827,0.029483153526219774,-0.9994720514612816,0.0,0.0,0.0,0.0,0.0,0.0,0.0,0.0,0.0,0.0,0.0,0.0,0.0,0.0,0.0,0.0,0.0,0.0,0.0,0.0,0.0,0.0,0.0,0.0,0.0,0.0,0.0,0.0,0.0,0.0,0.0,0.0,0.0,0.0,0.0,0.0,0.02080213302703723,-0.07466778012884473,-0.021563555678624145,-0.0019126113038510084,0.002976698335260153,-0.0011478846427053217,0.0,0.0,0.0,0.0,0.0,0.0,0.0,0.0,0.0,0.0,0.0,0.0,0.0,0.0,0.0,0.0,0.0,0.0,0.0,0.0,0.0,0.0,0.0,0.0,0.0,0.0,0.0,0.0,0.0,0.0,0.0,0.0,0.0,0.0,0.0,0.0
31351000000,2923,31351000000,map,base_link,0.005732692778110504,-0.02700246125459671,-0.011745580472052097,0.006253589355731074,-0.012133468532616449,0.029460225640629945,-0.9994728101045547,0.0,0.0,0.0,0.0,0.0,0.0,0.0,0.0,0.0,0.0,0.0,0.0,0.0,0.0,0.0,0.0,0.0,0.0,0.0,0.0,0.0,0.0,0.0,0.0,0.0,0.0,0.0,0.0,0.0,0.0,0.0,0.0,0.0,0.0,0.0,0.0,0.0207712869564495,-0.07511994616719168,-0.021459088053327795,0.0034850870724767447,0.0012177489697933201,0.002897104015573859,0.0,0.0,0.0,0.0,0.0,0.0,0.0,0.0,0.0,0.0,0.0,0.0,0.0,0.0,0.0,0.0,0.0,0.0,0.0,0.0,0.0,0.0,0.0,0.0,0.0,0.0,0.0,0.0,0.0,0.0,0.0,0.0,0.0,0.0,0.0,0.0
31362000000,2924,31362000000,map,base_link,0.005884903017431498,-0.02737206406891346,-0.011730687692761421,0.006233783958925748,-0.012126267019149404,0.02945997275953882,-0.9994729786919487,0.0,0.0,0.0,0.0,0.0,0.0,0.0,0.0,0.0,0.0,0.0,0.0,0.0,0.0,0.0,0.0,0.0,0.0,0.0,0.0,0.0,0.0,0.0,0.0,0.0,0.0,0.0,0.0,0.0,0.0,0.0,0.0,0.0,0.0,0.0,0.0,0.020704304573139622,-0.07526334733624201,-0.021171214778905066,0.003333847038447857,-0.0007108370773494247,-0.002578247804194689,0.0,0.0,0.0,0.0,0.0,0.0,0.0,0.0,0.0,0.0,0.0,0.0,0.0,0.0,0.0,0.0,0.0,0.0,0.0,0.0,0.0,0.0,0.0,0.0,0.0,0.0,0.0,0.0,0.0,0.0,0.0,0.0,0.0,0.0,0.0,0.0
31374000000,2925,31374000000,map,base_link,0.006039411760866642,-0.027758412063121796,-0.011725974269211292,0.006242033875249502,-0.012124872551153751,0.029463808122753343,-0.9994728522514031,0.0,0.0,0.0,0.0,0.0,0.0,0.0,0.0,0.0,0.0,0.0,0.0,0.0,0.0,0.0,0.0,0.0,0.0,0.0,0.0,0.0,0.0,0.0,0.0,0.0,0.0,0.0,0.0,0.0,0.0,0.0,0.0,0.0,0.0,0.0,0.0,0.020682493643548138,-0.07493484116603508,-0.02119735017788297,-0.0011160257272422314,0.0005768346600234505,-0.0025419818703085184,0.0,0.0,0.0,0.0,0.0,0.0,0.0,0.0,0.0,0.0,0.0,0.0,0.0,0.0,0.0,0.0,0.0,0.0,0.0,0.0,0.0,0.0,0.0,0.0,0.0,0.0,0.0,0.0,0.0,0.0,0.0,0.0,0.0,0.0,0.0,0.0
31382000000,2926,31382000000,map,base_link,0.006132347043603659,-0.027850013226270676,-0.011648967862129211,0.006236862654500568,-0.012123350325523549,0.029460815696509046,-0.9994729786919487,0.0,0.0,0.0,0.0,0.0,0.0,0.0,0.0,0.0,0.0,0.0,0.0,0.0,0.0,0.0,0.0,0.0,0.0,0.0,0.0,0.0,0.0,0.0,0.0,0.0,0.0,0.0,0.0,0.0,0.0,0.0,0.0,0.0,0.0,0.0,0.0,0.020758815343566054,-0.07476290450743474,-0.021065719630621413,0.0004709939821623266,0.00031705247238278373,-0.0012620685156434774,0.0,0.0,0.0,0.0,0.0,0.0,0.0,0.0,0.0,0.0,0.0,0.0,0.0,0.0,0.0,0.0,0.0,0.0,0.0,0.0,0.0,0.0,0.0,0.0,0.0,0.0,0.0,0.0,0.0,0.0,0.0,0.0,0.0,0.0,0.0,0.0
31395000000,2927,31395000000,map,base_link,0.006293009966611862,-0.028263643383979797,-0.011663387529551983,0.006255333510860467,-0.01212039872903877,0.02946755919227073,-0.9994727258108578,0.0,0.0,0.0,0.0,0.0,0.0,0.0,0.0,0.0,0.0,0.0,0.0,0.0,0.0,0.0,0.0,0.0,0.0,0.0,0.0,0.0,0.0,0.0,0.0,0.0,0.0,0.0,0.0,0.0,0.0,0.0,0.0,0.0,0.0,0.0,0.0,0.021141118556507542,-0.07469893993705802,-0.020931674606827752,-0.001060382928699255,0.0013589435257017608,-0.0031090732663869858,0.0,0.0,0.0,0.0,0.0,0.0,0.0,0.0,0.0,0.0,0.0,0.0,0.0,0.0,0.0,0.0,0.0,0.0,0.0,0.0,0.0,0.0,0.0,0.0,0.0,0.0,0.0,0.0,0.0,0.0,0.0,0.0,0.0,0.0,0.0,0.0
31406000000,2928,31406000000,map,base_link,0.0064619723707437515,-0.028700971975922585,-0.011688287369906902,0.0062592663386621394,-0.012114290070182722,0.029474429128578117,-0.999472515076615,0.0,0.0,0.0,0.0,0.0,0.0,0.0,0.0,0.0,0.0,0.0,0.0,0.0,0.0,0.0,0.0,0.0,0.0,0.0,0.0,0.0,0.0,0.0,0.0,0.0,0.0,0.0,0.0,0.0,0.0,0.0,0.0,0.0,0.0,0.0,0.0,0.02159274198702821,-0.07478886195817663,-0.020809603673529815,-0.0006528976373374462,0.0002472675405442712,-0.002228829311206937,0.0,0.0,0.0,0.0,0.0,0.0,0.0,0.0,0.0,0.0,0.0,0.0,0.0,0.0,0.0,0.0,0.0,0.0,0.0,0.0,0.0,0.0,0.0,0.0,0.0,0.0,0.0,0.0,0.0,0.0,0.0,0.0,0.0,0.0,0.0,0.0
31414000000,2929,31414000000,map,base_link,0.006568568758666515,-0.02884850651025772,-0.011560251004993916,0.0062606552090294755,-0.012111422108850457,0.02947906528191424,-0.9994724307829181,0.0,0.0,0.0,0.0,0.0,0.0,0.0,0.0,0.0,0.0,0.0,0.0,0.0,0.0,0.0,0.0,0.0,0.0,0.0,0.0,0.0,0.0,0.0,0.0,0.0,0.0,0.0,0.0,0.0,0.0,0.0,0.0,0.0,0.0,0.0,0.0,0.021776093104217947,-0.0751350771618391,-0.02081113743485212,-0.000723276287317276,0.00031009688973426786,-0.002758751856163144,0.0,0.0,0.0,0.0,0.0,0.0,0.0,0.0,0.0,0.0,0.0,0.0,0.0,0.0,0.0,0.0,0.0,0.0,0.0,0.0,0.0,0.0,0.0,0.0,0.0,0.0,0.0,0.0,0.0,0.0,0.0,0.0,0.0,0.0,0.0,0.0
31423000000,2930,31423000000,map,base_link,0.006677275989204645,-0.029009349644184113,-0.011442938819527626,0.00625948003635498,-0.01211092984683074,0.029475735680881965,-0.9994725572234636,0.0,0.0,0.0,0.0,0.0,0.0,0.0,0.0,0.0,0.0,0.0,0.0,0.0,0.0,0.0,0.0,0.0,0.0,0.0,0.0,0.0,0.0,0.0,0.0,0.0,0.0,0.0,0.0,0.0,0.0,0.0,0.0,0.0,0.0,0.0,0.0,0.02190895211806786,-0.0751105801407083,-0.02100697986733671,-0.0001195479417219758,0.0005085514858365057,-0.0014788969419896603,0.0,0.0,0.0,0.0,0.0,0.0,0.0,0.0,0.0,0.0,0.0,0.0,0.0,0.0,0.0,0.0,0.0,0.0,0.0,0.0,0.0,0.0,0.0,0.0,0.0,0.0,0.0,0.0,0.0,0.0,0.0,0.0,0.0,0.0,0.0,0.0
31431000000,2931,31431000000,map,base_link,0.006789342034608126,-0.02918434888124466,-0.011336029507219791,0.006250283462301001,-0.012102411573619984,0.029464482472329523,-0.9994730208387972,0.0,0.0,0.0,0.0,0.0,0.0,0.0,0.0,0.0,0.0,0.0,0.0,0.0,0.0,0.0,0.0,0.0,0.0,0.0,0.0,0.0,0.0,0.0,0.0,0.0,0.0,0.0,0.0,0.0,0.0,0.0,0.0,0.0,0.0,0.0,0.0,0.0221983477071602,-0.0753484870282021,-0.020896923828358355,0.0022480743937194347,-0.000725386198610067,0.0024662711657583714,0.0,0.0,0.0,0.0,0.0,0.0,0.0,0.0,0.0,0.0,0.0,0.0,0.0,0.0,0.0,0.0,0.0,0.0,0.0,0.0,0.0,0.0,0.0,0.0,0.0,0.0,0.0,0.0,0.0,0.0,0.0,0.0,0.0,0.0,0.0,0.0
31439000000,2932,31439000000,map,base_link,0.006905809976160526,-0.0293706264346838,-0.011236855760216713,0.006244464563028467,-0.012104566331250103,0.02945782327026475,-0.9994732737198883,0.0,0.0,0.0,0.0,0.0,0.0,0.0,0.0,0.0,0.0,0.0,0.0,0.0,0.0,0.0,0.0,0.0,0.0,0.0,0.0,0.0,0.0,0.0,0.0,0.0,0.0,0.0,0.0,0.0,0.0,0.0,0.0,0.0,0.0,0.0,0.0,0.022562120581827102,-0.07530797005025217,-0.02088484848102555,0.002990382257848978,0.0006091543473303321,0.0024944553151726723,0.0,0.0,0.0,0.0,0.0,0.0,0.0,0.0,0.0,0.0,0.0,0.0,0.0,0.0,0.0,0.0,0.0,0.0,0.0,0.0,0.0,0.0,0.0,0.0,0.0,0.0,0.0,0.0,0.0,0.0,0.0,0.0,0.0,0.0,0.0,0.0
31446000000,2933,31446000000,map,base_link,0.007024586200714111,-0.029568243771791458,-0.011149201542139053,0.00623952251576831,-0.012105403012047494,0.029435906909039133,-0.9994739480694645,0.0,0.0,0.0,0.0,0.0,0.0,0.0,0.0,0.0,0.0,0.0,0.0,0.0,0.0,0.0,0.0,0.0,0.0,0.0,0.0,0.0,0.0,0.0,0.0,0.0,0.0,0.0,0.0,0.0,0.0,0.0,0.0,0.0,0.0,0.0,0.0,0.02258655066598678,-0.07521263155032971,-0.020939572437432476,0.0003911321982741356,0.0006415606476366522,0.0016342524904757738,0.0,0.0,0.0,0.0,0.0,0.0,0.0,0.0,0.0,0.0,0.0,0.0,0.0,0.0,0.0,0.0,0.0,0.0,0.0,0.0,0.0,0.0,0.0,0.0,0.0,0.0,0.0,0.0,0.0,0.0,0.0,0.0,0.0,0.0,0.0,0.0
31454000000,2934,31454000000,map,base_link,0.00714424392208457,-0.029777200892567635,-0.011068809777498245,0.006227883729406477,-0.012112828430647255,0.02943232442691568,-0.999473990216313,0.0,0.0,0.0,0.0,0.0,0.0,0.0,0.0,0.0,0.0,0.0,0.0,0.0,0.0,0.0,0.0,0.0,0.0,0.0,0.0,0.0,0.0,0.0,0.0,0.0,0.0,0.0,0.0,0.0,0.0,0.0,0.0,0.0,0.0,0.0,0.0,0.02272720038510206,-0.07539332217164436,-0.020677985884687014,0.002715454902499914,0.0018955166451632974,-0.0021441080607473855,0.0,0.0,0.0,0.0,0.0,0.0,0.0,0.0,0.0,0.0,0.0,0.0,0.0,0.0,0.0,0.0,0.0,0.0,0.0,0.0,0.0,0.0,0.0,0.0,0.0,0.0,0.0,0.0,0.0,0.0,0.0,0.0,0.0,0.0,0.0,0.0
31462000000,2935,31462000000,map,base_link,0.007265874184668064,-0.03000086173415184,-0.010996397584676743,0.006229342405491659,-0.012108628892319848,0.029436539111766746,-0.9994739059226161,0.0,0.0,0.0,0.0,0.0,0.0,0.0,0.0,0.0,0.0,0.0,0.0,0.0,0.0,0.0,0.0,0.0,0.0,0.0,0.0,0.0,0.0,0.0,0.0,0.0,0.0,0.0,0.0,0.0,0.0,0.0,0.0,0.0,0.0,0.0,0.0,0.022594723498027533,-0.07576497908213893,-0.020647886751612145,0.0023317267186939716,-0.0004292256198823456,-0.0029426817782223225,0.0,0.0,0.0,0.0,0.0,0.0,0.0,0.0,0.0,0.0,0.0,0.0,0.0,0.0,0.0,0.0,0.0,0.0,0.0,0.0,0.0,0.0,0.0,0.0,0.0,0.0,0.0,0.0,0.0,0.0,0.0,0.0,0.0,0.0,0.0,0.0
31470000000,2936,31470000000,map,base_link,0.0073881447315216064,-0.030244477093219757,-0.010934911668300629,0.006220909413794687,-0.012121993065292597,0.029431270755702954,-0.9994739480694645,0.0,0.0,0.0,0.0,0.0,0.0,0.0,0.0,0.0,0.0,0.0,0.0,0.0,0.0,0.0,0.0,0.0,0.0,0.0,0.0,0.0,0.0,0.0,0.0,0.0,0.0,0.0,0.0,0.0,0.0,0.0,0.0,0.0,0.0,0.0,0.0,0.022429250301613694,-0.07581731250485452,-0.02051233768627354,-0.00030544097535312176,0.003536903765052557,-0.00045805284753441854,0.0,0.0,0.0,0.0,0.0,0.0,0.0,0.0,0.0,0.0,0.0,0.0,0.0,0.0,0.0,0.0,0.0,0.0,0.0,0.0,0.0,0.0,0.0,0.0,0.0,0.0,0.0,0.0,0.0,0.0,0.0,0.0,0.0,0.0,0.0,0.0
31478000000,2937,31478000000,map,base_link,0.007509916555136442,-0.0304952971637249,-0.010878868401050568,0.006227838948379935,-0.012128308177851897,0.02942406364460759,-0.99947407451001,0.0,0.0,0.0,0.0,0.0,0.0,0.0,0.0,0.0,0.0,0.0,0.0,0.0,0.0,0.0,0.0,0.0,0.0,0.0,0.0,0.0,0.0,0.0,0.0,0.0,0.0,0.0,0.0,0.0,0.0,0.0,0.0,0.0,0.0,0.0,0.0,0.022429737394511057,-0.07609626254035443,-0.020332026112533465,-0.0024065119214355946,0.0026912582106888294,0.0012423220323398705,0.0,0.0,0.0,0.0,0.0,0.0,0.0,0.0,0.0,0.0,0.0,0.0,0.0,0.0,0.0,0.0,0.0,0.0,0.0,0.0,0.0,0.0,0.0,0.0,0.0,0.0,0.0,0.0,0.0,0.0,0.0,0.0,0.0,0.0,0.0,0.0
31487000000,2938,31487000000,map,base_link,0.0076331268064677715,-0.03075726516544819,-0.010789487510919571,0.006210216955890826,-0.012125826123601309,0.02943489538467481,-0.9994738637757674,0.0,0.0,0.0,0.0,0.0,0.0,0.0,0.0,0.0,0.0,0.0,0.0,0.0,0.0,0.0,0.0,0.0,0.0,0.0,0.0,0.0,0.0,0.0,0.0,0.0,0.0,0.0,0.0,0.0,0.0,0.0,0.0,0.0,0.0,0.0,0.0,0.022530930149442113,-0.07633233846660621,-0.02028668610369825,0.003766144160181284,-0.00041037565097212835,-0.003690141486003995,0.0,0.0,0.0,0.0,0.0,0.0,0.0,0.0,0.0,0.0,0.0,0.0,0.0,0.0,0.0,0.0,0.0,0.0,0.0,0.0,0.0,0.0,0.0,0.0,0.0,0.0,0.0,0.0,0.0,0.0,0.0,0.0,0.0,0.0,0.0,0.0
31495000000,2939,31495000000,map,base_link,0.007758390624076128,-0.031031671911478043,-0.010709677822887897,0.0062104257144998554,-0.012140790230456201,0.029431439343097,-0.9994737794820705,0.0,0.0,0.0,0.0,0.0,0.0,0.0,0.0,0.0,0.0,0.0,0.0,0.0,0.0,0.0,0.0,0.0,0.0,0.0,0.0,0.0,0.0,0.0,0.0,0.0,0.0,0.0,0.0,0.0,0.0,0.0,0.0,0.0,0.0,0.0,0.0,0.02275928669015429,-0.07638111926072745,-0.02013133934248822,-4.027539398521185e-05,0.0025679445825517178,0.0007305574836209413,0.0,0.0,0.0,0.0,0.0,0.0,0.0,0.0,0.0,0.0,0.0,0.0,0.0,0.0,0.0,0.0,0.0,0.0,0.0,0.0,0.0,0.0,0.0,0.0,0.0,0.0,0.0,0.0,0.0,0.0,0.0,0.0,0.0,0.0,0.0,0.0
31503000000,2940,31503000000,map,base_link,0.007886196486651897,-0.03132314234972,-0.010640171356499195,0.006215302565853721,-0.012153098756582652,0.029424442966244135,-0.9994737794820705,0.0,0.0,0.0,0.0,0.0,0.0,0.0,0.0,0.0,0.0,0.0,0.0,0.0,0.0,0.0,0.0,0.0,0.0,0.0,0.0,0.0,0.0,0.0,0.0,0.0,0.0,0.0,0.0,0.0,0.0,0.0,0.0,0.0,0.0,0.0,0.0,0.022616328002197424,-0.07642269227310283,-0.01987526026490886,-0.0009563909843564034,0.002527379896491766,0.001251564361155033,0.0,0.0,0.0,0.0,0.0,0.0,0.0,0.0,0.0,0.0,0.0,0.0,0.0,0.0,0.0,0.0,0.0,0.0,0.0,0.0,0.0,0.0,0.0,0.0,0.0,0.0,0.0,0.0,0.0,0.0,0.0,0.0,0.0,0.0,0.0,0.0
31511000000,2941,31511000000,map,base_link,0.00801423192024231,-0.03162449970841408,-0.010579186491668224,0.0062147898889542575,-0.012160082291817555,0.029435232559462954,-0.9994734423072824,0.0,0.0,0.0,0.0,0.0,0.0,0.0,0.0,0.0,0.0,0.0,0.0,0.0,0.0,0.0,0.0,0.0,0.0,0.0,0.0,0.0,0.0,0.0,0.0,0.0,0.0,0.0,0.0,0.0,0.0,0.0,0.0,0.0,0.0,0.0,0.0,0.022646527545515785,-0.07643562259249535,-0.019682683550587266,0.000229906989261508,0.0008397530764341351,-0.0025997450575232506,0.0,0.0,0.0,0.0,0.0,0.0,0.0,0.0,0.0,0.0,0.0,0.0,0.0,0.0,0.0,0.0,0.0,0.0,0.0,0.0,0.0,0.0,0.0,0.0,0.0,0.0,0.0,0.0,0.0,0.0,0.0,0.0,0.0,0.0,0.0,0.0
31522000000,2942,31522000000,map,base_link,0.008214646950364113,-0.03225518763065338,-0.010606060735881329,0.006210891634739255,-0.012161684859877729,0.029434684650432308,-0.9994734844541309,0.0,0.0,0.0,0.0,0.0,0.0,0.0,0.0,0.0,0.0,0.0,0.0,0.0,0.0,0.0,0.0,0.0,0.0,0.0,0.0,0.0,0.0,0.0,0.0,0.0,0.0,0.0,0.0,0.0,0.0,0.0,0.0,0.0,0.0,0.0,0.0,0.02266658428145866,-0.07708688097586426,-0.019934042342833004,0.0010033462895080447,8.49370844662188e-05,-0.0011954292422160506,0.0,0.0,0.0,0.0,0.0,0.0,0.0,0.0,0.0,0.0,0.0,0.0,0.0,0.0,0.0,0.0,0.0,0.0,0.0,0.0,0.0,0.0,0.0,0.0,0.0,0.0,0.0,0.0,0.0,0.0,0.0,0.0,0.0,0.0,0.0,0.0
31534000000,2943,31534000000,map,base_link,0.008417799137532711,-0.032905470579862595,-0.010644210502505302,0.006205313433484385,-0.012176357560787839,0.029435232559462954,-0.9994732737198884,0.0,0.0,0.0,0.0,0.0,0.0,0.0,0.0,0.0,0.0,0.0,0.0,0.0,0.0,0.0,0.0,0.0,0.0,0.0,0.0,0.0,0.0,0.0,0.0,0.0,0.0,0.0,0.0,0.0,0.0,0.0,0.0,0.0,0.0,0.0,0.0,0.022908474349650553,-0.07712381654204277,-0.01982970441651154,0.00017091562040150166,0.0016032150015234947,-0.0008478644303977492,0.0,0.0,0.0,0.0,0.0,0.0,0.0,0.0,0.0,0.0,0.0,0.0,0.0,0.0,0.0,0.0,0.0,0.0,0.0,0.0,0.0,0.0,0.0,0.0,0.0,0.0,0.0,0.0,0.0,0.0,0.0,0.0,0.0,0.0,0.0,0.0
31547000000,2944,31547000000,map,base_link,0.008625891990959644,-0.033569350838661194,-0.010580047033727169,0.006189575207560361,-0.012167179096707831,0.02941930105072582,-0.9994739480694644,0.0,0.0,0.0,0.0,0.0,0.0,0.0,0.0,0.0,0.0,0.0,0.0,0.0,0.0,0.0,0.0,0.0,0.0,0.0,0.0,0.0,0.0,0.0,0.0,0.0,0.0,0.0,0.0,0.0,0.0,0.0,0.0,0.0,0.0,0.0,0.0,0.023178449149858116,-0.07719172552650656,-0.01981795568099544,0.0033177100121974945,-0.0028421087190508842,0.0014918840024620299,0.0,0.0,0.0,0.0,0.0,0.0,0.0,0.0,0.0,0.0,0.0,0.0,0.0,0.0,0.0,0.0,0.0,0.0,0.0,0.0,0.0,0.0,0.0,0.0,0.0,0.0,0.0,0.0,0.0,0.0,0.0,0.0,0.0,0.0,0.0,0.0
31555000000,2945,31555000000,map,base_link,0.008553195744752884,-0.032995812594890594,-0.010306093841791153,0.006184746759227831,-0.012174766846528807,0.02942220918327304,-0.999473821628919,0.0,0.0,0.0,0.0,0.0,0.0,0.0,0.0,0.0,0.0,0.0,0.0,0.0,0.0,0.0,0.0,0.0,0.0,0.0,0.0,0.0,0.0,0.0,0.0,0.0,0.0,0.0,0.0,0.0,0.0,0.0,0.0,0.0,0.0,0.0,0.0,0.022934127951759396,-0.07697581575708769,-0.0195482998132146,0.00038992130430415273,0.0016356841661036015,-0.0008586656767874958,0.0,0.0,0.0,0.0,0.0,0.0,0.0,0.0,0.0,0.0,0.0,0.0,0.0,0.0,0.0,0.0,0.0,0.0,0.0,0.0,0.0,0.0,0.0,0.0,0.0,0.0,0.0,0.0,0.0,0.0,0.0,0.0,0.0,0.0,0.0,0.0
31566000000,2946,31566000000,map,base_link,0.00855705514550209,-0.032771676778793335,-0.010124213062226772,0.006197577840421368,-0.012184841260411925,0.02941664579926967,-0.999473821628919,0.0,0.0,0.0,0.0,0.0,0.0,0.0,0.0,0.0,0.0,0.0,0.0,0.0,0.0,0.0,0.0,0.0,0.0,0.0,0.0,0.0,0.0,0.0,0.0,0.0,0.0,0.0,0.0,0.0,0.0,0.0,0.0,0.0,0.0,0.0,0.0,0.02273989806475051,-0.07667946900499574,-0.0193059154556863,-0.0009920427110046148,0.0016964925453066826,0.00018436426762491443,0.0,0.0,0.0,0.0,0.0,0.0,0.0,0.0,0.0,0.0,0.0,0.0,0.0,0.0,0.0,0.0,0.0,0.0,0.0,0.0,0.0,0.0,0.0,0.0,0.0,0.0,0.0,0.0,0.0,0.0,0.0,0.0,0.0,0.0,0.0,0.0
31578000000,2947,31578000000,map,base_link,0.008567757904529572,-0.03258724510669708,-0.009954774752259254,0.0061951227864956064,-0.012202278201894293,0.02941887958224071,-0.9994735266009793,0.0,0.0,0.0,0.0,0.0,0.0,0.0,0.0,0.0,0.0,0.0,0.0,0.0,0.0,0.0,0.0,0.0,0.0,0.0,0.0,0.0,0.0,0.0,0.0,0.0,0.0,0.0,0.0,0.0,0.0,0.0,0.0,0.0,0.0,0.0,0.0,0.02269346085243139,-0.07682301900388917,-0.019010129096392533,0.0013408621307462454,0.004188026767224073,-0.0023670878726989035,0.0,0.0,0.0,0.0,0.0,0.0,0.0,0.0,0.0,0.0,0.0,0.0,0.0,0.0,0.0,0.0,0.0,0.0,0.0,0.0,0.0,0.0,0.0,0.0,0.0,0.0,0.0,0.0,0.0,0.0,0.0,0.0,0.0,0.0,0.0,0.0
31591000000,2948,31591000000,map,base_link,0.00858465675264597,-0.03243957459926605,-0.0097989272326231,0.006200638096749963,-0.012213802072239483,0.0294395736848595,-0.9994727258108578,0.0,0.0,0.0,0.0,0.0,0.0,0.0,0.0,0.0,0.0,0.0,0.0,0.0,0.0,0.0,0.0,0.0,0.0,0.0,0.0,0.0,0.0,0.0,0.0,0.0,0.0,0.0,0.0,0.0,0.0,0.0,0.0,0.0,0.0,0.0,0.0,0.022737655036331617,-0.07698044150005064,-0.019057433161454775,0.0017511493060737848,0.0031711650080978866,-0.00275270501151681,0.0,0.0,0.0,0.0,0.0,0.0,0.0,0.0,0.0,0.0,0.0,0.0,0.0,0.0,0.0,0.0,0.0,0.0,0.0,0.0,0.0,0.0,0.0,0.0,0.0,0.0,0.0,0.0,0.0,0.0,0.0,0.0,0.0,0.0,0.0,0.0
31602000000,2949,31602000000,map,base_link,0.008610954508185387,-0.03232458233833313,-0.00965848844498396,0.0062165923252726065,-0.01221005330762779,0.029456558864809412,-0.999472177901827,0.0,0.0,0.0,0.0,0.0,0.0,0.0,0.0,0.0,0.0,0.0,0.0,0.0,0.0,0.0,0.0,0.0,0.0,0.0,0.0,0.0,0.0,0.0,0.0,0.0,0.0,0.0,0.0,0.0,0.0,0.0,0.0,0.0,0.0,0.0,0.0,0.023231157402197077,-0.0767376093221805,-0.018993308411929855,-0.001376572996377945,-0.0019034645520150666,-0.00377529626712203,0.0,0.0,0.0,0.0,0.0,0.0,0.0,0.0,0.0,0.0,0.0,0.0,0.0,0.0,0.0,0.0,0.0,0.0,0.0,0.0,0.0,0.0,0.0,0.0,0.0,0.0,0.0,0.0,0.0,0.0,0.0,0.0,0.0,0.0,0.0,0.0
31615000000,2950,31614000000,map,base_link,0.008649603463709354,-0.03224898874759674,-0.009531849063932896,0.006220619983483428,-0.012236786263384841,0.029442228936315706,-0.999472262195524,0.0,0.0,0.0,0.0,0.0,0.0,0.0,0.0,0.0,0.0,0.0,0.0,0.0,0.0,0.0,0.0,0.0,0.0,0.0,0.0,0.0,0.0,0.0,0.0,0.0,0.0,0.0,0.0,0.0,0.0,0.0,0.0,0.0,0.0,0.0,0.0,0.02341174477991097,-0.07676631797820817,-0.018537776790552248,0.0005465795984491706,0.003562332596629858,0.000804238254204392,0.0,0.0,0.0,0.0,0.0,0.0,0.0,0.0,0.0,0.0,0.0,0.0,0.0,0.0,0.0,0.0,0.0,0.0,0.0,0.0,0.0,0.0,0.0,0.0,0.0,0.0,0.0,0.0,0.0,0.0,0.0,0.0,0.0,0.0,0.0,0.0
31622000000,2951,31622000000,map,base_link,0.008621970191597939,-0.03188902884721756,-0.009312856942415237,0.006217520543756607,-0.012231217940297594,0.029437803517222083,-0.9994724729297666,0.0,0.0,0.0,0.0,0.0,0.0,0.0,0.0,0.0,0.0,0.0,0.0,0.0,0.0,0.0,0.0,0.0,0.0,0.0,0.0,0.0,0.0,0.0,0.0,0.0,0.0,0.0,0.0,0.0,0.0,0.0,0.0,0.0,0.0,0.0,0.0,0.02353603091490215,-0.07680015778495258,-0.01846112441859796,0.0015406118473038077,0.0005087894387543203,0.0011918115196749568,0.0,0.0,0.0,0.0,0.0,0.0,0.0,0.0,0.0,0.0,0.0,0.0,0.0,0.0,0.0,0.0,0.0,0.0,0.0,0.0,0.0,0.0,0.0,0.0,0.0,0.0,0.0,0.0,0.0,0.0,0.0,0.0,0.0,0.0,0.0,0.0
31635000000,2952,31635000000,map,base_link,0.00867434311658144,-0.031864531338214874,-0.009178072214126587,0.006210886695655443,-0.012236802068453033,0.02942216703642453,-0.9994728522514033,0.0,0.0,0.0,0.0,0.0,0.0,0.0,0.0,0.0,0.0,0.0,0.0,0.0,0.0,0.0,0.0,0.0,0.0,0.0,0.0,0.0,0.0,0.0,0.0,0.0,0.0,0.0,0.0,0.0,0.0,0.0,0.0,0.0,0.0,0.0,0.0,0.02359246514253829,-0.07656216359983077,-0.018579363903445268,0.002038367558270693,-0.0012008910998702047,0.0011944737052544954,0.0,0.0,0.0,0.0,0.0,0.0,0.0,0.0,0.0,0.0,0.0,0.0,0.0,0.0,0.0,0.0,0.0,0.0,0.0,0.0,0.0,0.0,0.0,0.0,0.0,0.0,0.0,0.0,0.0,0.0,0.0,0.0,0.0,0.0,0.0,0.0
31646000000,2953,31646000000,map,base_link,0.008728417567908764,-0.031861551105976105,-0.009054888971149921,0.006233924228905949,-0.012207543923780123,0.029435485440553966,-0.9994727679577062,0.0,0.0,0.0,0.0,0.0,0.0,0.0,0.0,0.0,0.0,0.0,0.0,0.0,0.0,0.0,0.0,0.0,0.0,0.0,0.0,0.0,0.0,0.0,0.0,0.0,0.0,0.0,0.0,0.0,0.0,0.0,0.0,0.0,0.0,0.0,0.0,0.023236106255571546,-0.07624965507315727,-0.018707943964721818,-0.0014477637596428394,-0.0038602794520556927,-0.0012712231837213035,0.0,0.0,0.0,0.0,0.0,0.0,0.0,0.0,0.0,0.0,0.0,0.0,0.0,0.0,0.0,0.0,0.0,0.0,0.0,0.0,0.0,0.0,0.0,0.0,0.0,0.0,0.0,0.0,0.0,0.0,0.0,0.0,0.0,0.0,0.0,0.0
31658000000,2954,31658000000,map,base_link,0.008783658035099506,-0.031880855560302734,-0.008942759595811367,0.006241994033306769,-0.012211752023186133,0.029450278984381295,-0.9994722200486756,0.0,0.0,0.0,0.0,0.0,0.0,0.0,0.0,0.0,0.0,0.0,0.0,0.0,0.0,0.0,0.0,0.0,0.0,0.0,0.0,0.0,0.0,0.0,0.0,0.0,0.0,0.0,0.0,0.0,0.0,0.0,0.0,0.0,0.0,0.0,0.0,0.022971955920751654,-0.07644908682418905,-0.01868437665575173,-0.0005361898802220821,0.0014745793305337425,-0.002771459985524416,0.0,0.0,0.0,0.0,0.0,0.0,0.0,0.0,0.0,0.0,0.0,0.0,0.0,0.0,0.0,0.0,0.0,0.0,0.0,0.0,0.0,0.0,0.0,0.0,0.0,0.0,0.0,0.0,0.0,0.0,0.0,0.0,0.0,0.0,0.0,0.0
31671000000,2955,31671000000,map,base_link,0.0088416188955307,-0.03193166106939316,-0.008843623101711273,0.0062628224790052455,-0.0122215169211505,0.029434811090977786,-0.9994724307829181,0.0,0.0,0.0,0.0,0.0,0.0,0.0,0.0,0.0,0.0,0.0,0.0,0.0,0.0,0.0,0.0,0.0,0.0,0.0,0.0,0.0,0.0,0.0,0.0,0.0,0.0,0.0,0.0,0.0,0.0,0.0,0.0,0.0,0.0,0.0,0.0,0.02304437767116552,-0.07616796399464826,-0.018425485699310774,-0.000511611346155405,0.003356497269123793,0.0020586424507200714,0.0,0.0,0.0,0.0,0.0,0.0,0.0,0.0,0.0,0.0,0.0,0.0,0.0,0.0,0.0,0.0,0.0,0.0,0.0,0.0,0.0,0.0,0.0,0.0,0.0,0.0,0.0,0.0,0.0,0.0,0.0,0.0,0.0,0.0,0.0,0.0
31679000000,2956,31679000000,map,base_link,0.008833632804453373,-0.03168748319149017,-0.008654898032546043,0.0062565669647239195,-0.01223187516771656,0.02942869979794377,-0.9994724729297666,0.0,0.0,0.0,0.0,0.0,0.0,0.0,0.0,0.0,0.0,0.0,0.0,0.0,0.0,0.0,0.0,0.0,0.0,0.0,0.0,0.0,0.0,0.0,0.0,0.0,0.0,0.0,0.0,0.0,0.0,0.0,0.0,0.0,0.0,0.0,0.0,0.02307027901415749,-0.07570278343450411,-0.018392821677960674,0.0023509059101343155,0.0030582216568291187,0.0016778411809355016,0.0,0.0,0.0,0.0,0.0,0.0,0.0,0.0,0.0,0.0,0.0,0.0,0.0,0.0,0.0,0.0,0.0,0.0,0.0,0.0,0.0,0.0,0.0,0.0,0.0,0.0,0.0,0.0,0.0,0.0,0.0,0.0,0.0,0.0,0.0,0.0
31687000000,2957,31687000000,map,base_link,0.008828558959066868,-0.031461652368307114,-0.00847692135721445,0.006249316060418775,-0.01221985969389616,0.029420902630969192,-0.9994729365451003,0.0,0.0,0.0,0.0,0.0,0.0,0.0,0.0,0.0,0.0,0.0,0.0,0.0,0.0,0.0,0.0,0.0,0.0,0.0,0.0,0.0,0.0,0.0,0.0,0.0,0.0,0.0,0.0,0.0,0.0,0.0,0.0,0.0,0.0,0.0,0.0,0.02298383105763075,-0.07600502798865788,-0.01849190555408615,0.00333545939065516,-0.0019121752120554445,0.0020087976008653645,0.0,0.0,0.0,0.0,0.0,0.0,0.0,0.0,0.0,0.0,0.0,0.0,0.0,0.0,0.0,0.0,0.0,0.0,0.0,0.0,0.0,0.0,0.0,0.0,0.0,0.0,0.0,0.0,0.0,0.0,0.0,0.0,0.0,0.0,0.0,0.0
31699000000,2958,31699000000,map,base_link,0.008902139030396938,-0.03157097101211548,-0.008380587212741375,0.006244208059942607,-0.01223768945717754,0.02943447391618975,-0.999472346489221,0.0,0.0,0.0,0.0,0.0,0.0,0.0,0.0,0.0,0.0,0.0,0.0,0.0,0.0,0.0,0.0,0.0,0.0,0.0,0.0,0.0,0.0,0.0,0.0,0.0,0.0,0.0,0.0,0.0,0.0,0.0,0.0,0.0,0.0,0.0,0.0,0.0232021895149015,-0.07612020550379901,-0.01819490141622324,0.0022057872265577316,0.0022333040833473206,-0.0003260594094172123,0.0,0.0,0.0,0.0,0.0,0.0,0.0,0.0,0.0,0.0,0.0,0.0,0.0,0.0,0.0,0.0,0.0,0.0,0.0,0.0,0.0,0.0,0.0,0.0,0.0,0.0,0.0,0.0,0.0,0.0,0.0,0.0,0.0,0.0,0.0,0.0
31710000000,2959,31710000000,map,base_link,0.008982080966234207,-0.03169972077012062,-0.008290788158774376,0.006240806019014369,-0.012231974607937266,0.02942048116248408,-0.9994728522514033,0.0,0.0,0.0,0.0,0.0,0.0,0.0,0.0,0.0,0.0,0.0,0.0,0.0,0.0,0.0,0.0,0.0,0.0,0.0,0.0,0.0,0.0,0.0,0.0,0.0,0.0,0.0,0.0,0.0,0.0,0.0,0.0,0.0,0.0,0.0,0.0,0.02333958705708061,-0.07589899904720604,-0.018057690025415442,0.0024585402570664883,-0.0011657741852104662,0.0019700450357049704,0.0,0.0,0.0,0.0,0.0,0.0,0.0,0.0,0.0,0.0,0.0,0.0,0.0,0.0,0.0,0.0,0.0,0.0,0.0,0.0,0.0,0.0,0.0,0.0,0.0,0.0,0.0,0.0,0.0,0.0,0.0,0.0,0.0,0.0,0.0,0.0
31723000000,2960,31723000000,map,base_link,0.009066787548363209,-0.03184761479496956,-0.00818993616849184,0.006258077995097485,-0.012235068779308023,0.029416477211875625,-0.9994728101045547,0.0,0.0,0.0,0.0,0.0,0.0,0.0,0.0,0.0,0.0,0.0,0.0,0.0,0.0,0.0,0.0,0.0,0.0,0.0,0.0,0.0,0.0,0.0,0.0,0.0,0.0,0.0,0.0,0.0,0.0,0.0,0.0,0.0,0.0,0.0,0.0,0.023639361863000787,-0.07586191621494837,-0.01839253619393573,-0.001849832129664719,0.0010313405655324461,0.0014665776398032902,0.0,0.0,0.0,0.0,0.0,0.0,0.0,0.0,0.0,0.0,0.0,0.0,0.0,0.0,0.0,0.0,0.0,0.0,0.0,0.0,0.0,0.0,0.0,0.0,0.0,0.0,0.0,0.0,0.0,0.0,0.0,0.0,0.0,0.0,0.0,0.0
31735000000,2961,31735000000,map,base_link,0.009158761240541935,-0.03202506899833679,-0.008103130385279655,0.00626076288105653,-0.01222336973612371,0.029401220052714616,-0.9994734001604337,0.0,0.0,0.0,0.0,0.0,0.0,0.0,0.0,0.0,0.0,0.0,0.0,0.0,0.0,0.0,0.0,0.0,0.0,0.0,0.0,0.0,0.0,0.0,0.0,0.0,0.0,0.0,0.0,0.0,0.0,0.0,0.0,0.0,0.0,0.0,0.0,0.023720193588068112,-0.07609290632729847,-0.018194988927842222,0.00039738306077197194,-0.0009938105940818787,0.00042438163654878746,0.0,0.0,0.0,0.0,0.0,0.0,0.0,0.0,0.0,0.0,0.0,0.0,0.0,0.0,0.0,0.0,0.0,0.0,0.0,0.0,0.0,0.0,0.0,0.0,0.0,0.0,0.0,0.0,0.0,0.0,0.0,0.0,0.0,0.0,0.0,0.0
31746000000,2962,31746000000,map,base_link,0.009254975244402885,-0.03222491219639778,-0.008022095076739788,0.006268061529838502,-0.012230357551897914,0.02939460299749841,-0.9994734423072824,0.0,0.0,0.0,0.0,0.0,0.0,0.0,0.0,0.0,0.0,0.0,0.0,0.0,0.0,0.0,0.0,0.0,0.0,0.0,0.0,0.0,0.0,0.0,0.0,0.0,0.0,0.0,0.0,0.0,0.0,0.0,0.0,0.0,0.0,0.0,0.0,0.02353499166103859,-0.07636210942938632,-0.017834762283199402,0.0003584695514291525,0.0015062624588608744,0.001056734938174486,0.0,0.0,0.0,0.0,0.0,0.0,0.0,0.0,0.0,0.0,0.0,0.0,0.0,0.0,0.0,0.0,0.0,0.0,0.0,0.0,0.0,0.0,0.0,0.0,0.0,0.0,0.0,0.0,0.0,0.0,0.0,0.0,0.0,0.0,0.0,0.0
31759000000,2963,31758000000,map,base_link,0.009354321286082268,-0.032445669174194336,-0.007948506623506546,0.0062824415077148135,-0.012229012804012613,0.029398606948106976,-0.9994732315730398,0.0,0.0,0.0,0.0,0.0,0.0,0.0,0.0,0.0,0.0,0.0,0.0,0.0,0.0,0.0,0.0,0.0,0.0,0.0,0.0,0.0,0.0,0.0,0.0,0.0,0.0,0.0,0.0,0.0,0.0,0.0,0.0,0.0,0.0,0.0,0.0,0.023686691851890606,-0.07642115394243958,-0.017749363795967903,-0.0016593813197687268,-0.0006303861737251283,-0.0004944548709318041,0.0,0.0,0.0,0.0,0.0,0.0,0.0,0.0,0.0,0.0,0.0,0.0,0.0,0.0,0.0,0.0,0.0,0.0,0.0,0.0,0.0,0.0,0.0,0.0,0.0,0.0,0.0,0.0,0.0,0.0,0.0,0.0,0.0,0.0,0.0,0.0
31771000000,2964,31771000000,map,base_link,0.009457836858928204,-0.03268251568078995,-0.007882732897996902,0.006284960111185594,-0.012206446788629822,0.029416140037087535,-0.9994729786919487,0.0,0.0,0.0,0.0,0.0,0.0,0.0,0.0,0.0,0.0,0.0,0.0,0.0,0.0,0.0,0.0,0.0,0.0,0.0,0.0,0.0,0.0,0.0,0.0,0.0,0.0,0.0,0.0,0.0,0.0,0.0,0.0,0.0,0.0,0.0,0.0,0.023776863325125762,-0.07605267460467552,-0.017806895233299716,-0.00041513785254210234,-0.004849995486438274,-0.0025671992916613813,0.0,0.0,0.0,0.0,0.0,0.0,0.0,0.0,0.0,0.0,0.0,0.0,0.0,0.0,0.0,0.0,0.0,0.0,0.0,0.0,0.0,0.0,0.0,0.0,0.0,0.0,0.0,0.0,0.0,0.0,0.0,0.0,0.0,0.0,0.0,0.0
31782000000,2965,31782000000,map,base_link,0.009567172266542912,-0.03293877840042114,-0.007763040717691183,0.006293942329002224,-0.012209081295934008,0.029410576653084053,-0.9994730629856459,0.0,0.0,0.0,0.0,0.0,0.0,0.0,0.0,0.0,0.0,0.0,0.0,0.0,0.0,0.0,0.0,0.0,0.0,0.0,0.0,0.0,0.0,0.0,0.0,0.0,0.0,0.0,0.0,0.0,0.0,0.0,0.0,0.0,0.0,0.0,0.0,0.023826416396911198,-0.07587484079430579,-0.017394688590165193,1.2583448551595211e-05,0.0009116283617913724,0.001178818056359887,0.0,0.0,0.0,0.0,0.0,0.0,0.0,0.0,0.0,0.0,0.0,0.0,0.0,0.0,0.0,0.0,0.0,0.0,0.0,0.0,0.0,0.0,0.0,0.0,0.0,0.0,0.0,0.0,0.0,0.0,0.0,0.0,0.0,0.0,0.0,0.0
31795000000,2966,31794000000,map,base_link,0.00968141295015812,-0.03321375325322151,-0.0076530203223228455,0.006288076343797368,-0.012226398053043668,0.029419806812907956,-0.9994725993703121,0.0,0.0,0.0,0.0,0.0,0.0,0.0,0.0,0.0,0.0,0.0,0.0,0.0,0.0,0.0,0.0,0.0,0.0,0.0,0.0,0.0,0.0,0.0,0.0,0.0,0.0,0.0,0.0,0.0,0.0,0.0,0.0,0.0,0.0,0.0,0.0,0.024015709307804077,-0.07596076592861423,-0.01708337630022643,0.0031172987073659897,0.0009594871662557124,-0.0012467696797102692,0.0,0.0,0.0,0.0,0.0,0.0,0.0,0.0,0.0,0.0,0.0,0.0,0.0,0.0,0.0,0.0,0.0,0.0,0.0,0.0,0.0,0.0,0.0,0.0,0.0,0.0,0.0,0.0,0.0,0.0,0.0,0.0,0.0,0.0,0.0,0.0
31807000000,2967,31807000000,map,base_link,0.009801751002669334,-0.03351884335279465,-0.0075546144507825375,0.006282954184614278,-0.012220105001725384,0.029414074841510485,-0.9994728522514031,0.0,0.0,0.0,0.0,0.0,0.0,0.0,0.0,0.0,0.0,0.0,0.0,0.0,0.0,0.0,0.0,0.0,0.0,0.0,0.0,0.0,0.0,0.0,0.0,0.0,0.0,0.0,0.0,0.0,0.0,0.0,0.0,0.0,0.0,0.0,0.0,0.023853290329207907,-0.07598765607015898,-0.01702619489379451,0.0012829084880650043,-0.0018898057751357553,0.0009742904221639039,0.0,0.0,0.0,0.0,0.0,0.0,0.0,0.0,0.0,0.0,0.0,0.0,0.0,0.0,0.0,0.0,0.0,0.0,0.0,0.0,0.0,0.0,0.0,0.0,0.0,0.0,0.0,0.0,0.0,0.0,0.0,0.0,0.0,0.0,0.0,0.0
31818000000,2968,31818000000,map,base_link,0.009925851598381996,-0.033842433243989944,-0.007466291543096304,0.006289341078524949,-0.012214638753036876,0.029422209183273096,-0.9994727258108577,0.0,0.0,0.0,0.0,0.0,0.0,0.0,0.0,0.0,0.0,0.0,0.0,0.0,0.0,0.0,0.0,0.0,0.0,0.0,0.0,0.0,0.0,0.0,0.0,0.0,0.0,0.0,0.0,0.0,0.0,0.0,0.0,0.0,0.0,0.0,0.0,0.024194946656530113,-0.07617006118421271,-0.01699979986544348,-0.0014095589285716414,-0.0018811060581356291,-0.003075892804190516,0.0,0.0,0.0,0.0,0.0,0.0,0.0,0.0,0.0,0.0,0.0,0.0,0.0,0.0,0.0,0.0,0.0,0.0,0.0,0.0,0.0,0.0,0.0,0.0,0.0,0.0,0.0,0.0,0.0,0.0,0.0,0.0,0.0,0.0,0.0,0.0
31826000000,2969,31826000000,map,base_link,0.009979430586099625,-0.03387422114610672,-0.007319833617657423,0.006273215299157976,-0.012221339443405598,0.029431650077339555,-0.9994723886360696,0.0,0.0,0.0,0.0,0.0,0.0,0.0,0.0,0.0,0.0,0.0,0.0,0.0,0.0,0.0,0.0,0.0,0.0,0.0,0.0,0.0,0.0,0.0,0.0,0.0,0.0,0.0,0.0,0.0,0.0,0.0,0.0,0.0,0.0,0.0,0.0,0.02420004047890594,-0.07617913704535746,-0.016866596020943352,0.003732469864189625,0.0002524927258491515,-0.001102490583434701,0.0,0.0,0.0,0.0,0.0,0.0,0.0,0.0,0.0,0.0,0.0,0.0,0.0,0.0,0.0,0.0,0.0,0.0,0.0,0.0,0.0,0.0,0.0,0.0,0.0,0.0,0.0,0.0,0.0,0.0,0.0,0.0,0.0,0.0,0.0,0.0
31834000000,2970,31834000000,map,base_link,0.010035285726189613,-0.033919092267751694,-0.0071859522722661495,0.006283152077238927,-0.012226470163667293,0.02942528590321436,-0.999472515076615,0.0,0.0,0.0,0.0,0.0,0.0,0.0,0.0,0.0,0.0,0.0,0.0,0.0,0.0,0.0,0.0,0.0,0.0,0.0,0.0,0.0,0.0,0.0,0.0,0.0,0.0,0.0,0.0,0.0,0.0,0.0,0.0,0.0,0.0,0.0,0.0,0.024204334377891674,-0.07625644792136178,-0.01681808526574547,-0.001096336985938251,0.000556490384042263,3.678177017718547e-05,0.0,0.0,0.0,0.0,0.0,0.0,0.0,0.0,0.0,0.0,0.0,0.0,0.0,0.0,0.0,0.0,0.0,0.0,0.0,0.0,0.0,0.0,0.0,0.0,0.0,0.0,0.0,0.0,0.0,0.0,0.0,0.0,0.0,0.0,0.0,0.0
31842000000,2971,31842000000,map,base_link,0.010094765573740005,-0.03398357704281807,-0.007060619071125984,0.00628586890260661,-0.012237393112148947,0.029407794961082367,-0.9994728943982517,0.0,0.0,0.0,0.0,0.0,0.0,0.0,0.0,0.0,0.0,0.0,0.0,0.0,0.0,0.0,0.0,0.0,0.0,0.0,0.0,0.0,0.0,0.0,0.0,0.0,0.0,0.0,0.0,0.0,0.0,0.0,0.0,0.0,0.0,0.0,0.0,0.024147438203060922,-0.07642176613100198,-0.016681147874382324,0.00013888080138713121,0.0015278533101081852,0.0030704678501933813,0.0,0.0,0.0,0.0,0.0,0.0,0.0,0.0,0.0,0.0,0.0,0.0,0.0,0.0,0.0,0.0,0.0,0.0,0.0,0.0,0.0,0.0,0.0,0.0,0.0,0.0,0.0,0.0,0.0,0.0,0.0,0.0,0.0,0.0,0.0,0.0
31850000000,2972,31850000000,map,base_link,0.01015716977417469,-0.034059882164001465,-0.006941094994544983,0.006293490567469748,-0.012238636773452273,0.029402526605018464,-0.9994729365451002,0.0,0.0,0.0,0.0,0.0,0.0,0.0,0.0,0.0,0.0,0.0,0.0,0.0,0.0,0.0,0.0,0.0,0.0,0.0,0.0,0.0,0.0,0.0,0.0,0.0,0.0,0.0,0.0,0.0,0.0,0.0,0.0,0.0,0.0,0.0,0.0,0.024321757417257353,-0.07641659632504003,-0.016509471793245946,-0.002539109904319048,-0.00024166796356439585,0.0004837121232412756,0.0,0.0,0.0,0.0,0.0,0.0,0.0,0.0,0.0,0.0,0.0,0.0,0.0,0.0,0.0,0.0,0.0,0.0,0.0,0.0,0.0,0.0,0.0,0.0,0.0,0.0,0.0,0.0,0.0,0.0,0.0,0.0,0.0,0.0,0.0,0.0
31859000000,2973,31859000000,map,base_link,0.01022347528487444,-0.03415680304169655,-0.006829802878201008,0.006298806997282692,-0.012238638749085796,0.029397468983197117,-0.9994731051324943,0.0,0.0,0.0,0.0,0.0,0.0,0.0,0.0,0.0,0.0,0.0,0.0,0.0,0.0,0.0,0.0,0.0,0.0,0.0,0.0,0.0,0.0,0.0,0.0,0.0,0.0,0.0,0.0,0.0,0.0,0.0,0.0,0.0,0.0,0.0,0.0,0.024262915359026513,-0.0765601061590322,-0.016295834760808297,2.46675917878747e-05,-0.0018109644297510383,0.0017600578721612694,0.0,0.0,0.0,0.0,0.0,0.0,0.0,0.0,0.0,0.0,0.0,0.0,0.0,0.0,0.0,0.0,0.0,0.0,0.0,0.0,0.0,0.0,0.0,0.0,0.0,0.0,0.0,0.0,0.0,0.0,0.0,0.0,0.0,0.0,0.0,0.0
31867000000,2974,31867000000,map,base_link,0.010291935876011848,-0.03427121415734291,-0.006638731807470322,0.00629079975461013,-0.012238814580469428,0.029393338592043072,-0.9994731894261913,0.0,0.0,0.0,0.0,0.0,0.0,0.0,0.0,0.0,0.0,0.0,0.0,0.0,0.0,0.0,0.0,0.0,0.0,0.0,0.0,0.0,0.0,0.0,0.0,0.0,0.0,0.0,0.0,0.0,0.0,0.0,0.0,0.0,0.0,0.0,0.0,0.02417210087200341,-0.07684391394590048,-0.01595083502118544,0.0027696588076651096,-0.00047292280942201614,-0.00016119293286465103,0.0,0.0,0.0,0.0,0.0,0.0,0.0,0.0,0.0,0.0,0.0,0.0,0.0,0.0,0.0,0.0,0.0,0.0,0.0,0.0,0.0,0.0,0.0,0.0,0.0,0.0,0.0,0.0,0.0,0.0,0.0,0.0,0.0,0.0,0.0,0.0
31875000000,2975,31875000000,map,base_link,0.010364135727286339,-0.03440169245004654,-0.006456455681473017,0.0062949755853352485,-0.012239589687355324,0.029402231577078886,-0.9994728943982516,0.0,0.0,0.0,0.0,0.0,0.0,0.0,0.0,0.0,0.0,0.0,0.0,0.0,0.0,0.0,0.0,0.0,0.0,0.0,0.0,0.0,0.0,0.0,0.0,0.0,0.0,0.0,0.0,0.0,0.0,0.0,0.0,0.0,0.0,0.0,0.0,0.024451823080301575,-0.07676542032607368,-0.01588138828853686,-0.000808155513368547,-0.00038735941052436834,-0.000570119300391525,0.0,0.0,0.0,0.0,0.0,0.0,0.0,0.0,0.0,0.0,0.0,0.0,0.0,0.0,0.0,0.0,0.0,0.0,0.0,0.0,0.0,0.0,0.0,0.0,0.0,0.0,0.0,0.0,0.0,0.0,0.0,0.0,0.0,0.0,0.0,0.0
31883000000,2976,31883000000,map,base_link,0.010441270656883717,-0.03454762324690819,-0.006283198948949575,0.006302729288372238,-0.01224560088162419,0.029395614521862734,-0.9994730208387972,0.0,0.0,0.0,0.0,0.0,0.0,0.0,0.0,0.0,0.0,0.0,0.0,0.0,0.0,0.0,0.0,0.0,0.0,0.0,0.0,0.0,0.0,0.0,0.0,0.0,0.0,0.0,0.0,0.0,0.0,0.0,0.0,0.0,0.0,0.0,0.0,0.024567087029603772,-0.07712458264471718,-0.01565851981783478,-0.001898232032544911,0.0008537103421986104,0.0008799494826234876,0.0,0.0,0.0,0.0,0.0,0.0,0.0,0.0,0.0,0.0,0.0,0.0,0.0,0.0,0.0,0.0,0.0,0.0,0.0,0.0,0.0,0.0,0.0,0.0,0.0,0.0,0.0,0.0,0.0,0.0,0.0,0.0,0.0,0.0,0.0,0.0
31891000000,2977,31890000000,map,base_link,0.010522479191422462,-0.03471110388636589,-0.006117376033216715,0.006299743776845298,-0.012256857712171393,0.029383434082643045,-0.9994732315730399,0.0,0.0,0.0,0.0,0.0,0.0,0.0,0.0,0.0,0.0,0.0,0.0,0.0,0.0,0.0,0.0,0.0,0.0,0.0,0.0,0.0,0.0,0.0,0.0,0.0,0.0,0.0,0.0,0.0,0.0,0.0,0.0,0.0,0.0,0.0,0.0,0.024843905881623902,-0.077251518010413,-0.015311159083742127,0.00035575043875724077,0.0015992927365005018,0.00219675712287426,0.0,0.0,0.0,0.0,0.0,0.0,0.0,0.0,0.0,0.0,0.0,0.0,0.0,0.0,0.0,0.0,0.0,0.0,0.0,0.0,0.0,0.0,0.0,0.0,0.0,0.0,0.0,0.0,0.0,0.0,0.0,0.0,0.0,0.0,0.0,0.0
31898000000,2978,31898000000,map,base_link,0.01060804445296526,-0.03488900512456894,-0.005958139896392822,0.006288959451982573,-0.012261446450303018,0.029398817682349476,-0.9994727679577062,0.0,0.0,0.0,0.0,0.0,0.0,0.0,0.0,0.0,0.0,0.0,0.0,0.0,0.0,0.0,0.0,0.0,0.0,0.0,0.0,0.0,0.0,0.0,0.0,0.0,0.0,0.0,0.0,0.0,0.0,0.0,0.0,0.0,0.0,0.0,0.0,0.02480645306761785,-0.07716060575193974,-0.014986718093537016,0.003165740519762039,0.0016979631036520002,-0.0022955131717026234,0.0,0.0,0.0,0.0,0.0,0.0,0.0,0.0,0.0,0.0,0.0,0.0,0.0,0.0,0.0,0.0,0.0,0.0,0.0,0.0,0.0,0.0,0.0,0.0,0.0,0.0,0.0,0.0,0.0,0.0,0.0,0.0,0.0,0.0,0.0,0.0
31906000000,2979,31906000000,map,base_link,0.010697632096707821,-0.0350877083837986,-0.00574737461283803,0.006290005879205757,-0.01227817940770635,0.02941070309362953,-0.9994722621955241,0.0,0.0,0.0,0.0,0.0,0.0,0.0,0.0,0.0,0.0,0.0,0.0,0.0,0.0,0.0,0.0,0.0,0.0,0.0,0.0,0.0,0.0,0.0,0.0,0.0,0.0,0.0,0.0,0.0,0.0,0.0,0.0,0.0,0.0,0.0,0.0,0.024835428596629464,-0.07746006419464076,-0.014952904742672645,0.0007074811728671193,0.0016422849148511884,-0.002247773576527834,0.0,0.0,0.0,0.0,0.0,0.0,0.0,0.0,0.0,0.0,0.0,0.0,0.0,0.0,0.0,0.0,0.0,0.0,0.0,0.0,0.0,0.0,0.0,0.0,0.0,0.0,0.0,0.0,0.0,0.0,0.0,0.0,0.0,0.0,0.0,0.0
31914000000,2980,31914000000,map,base_link,0.010791055858135223,-0.03530319035053253,-0.005550453905016184,0.0062839130254179,-0.012280060210821148,0.029417235855148827,-0.9994720514612815,0.0,0.0,0.0,0.0,0.0,0.0,0.0,0.0,0.0,0.0,0.0,0.0,0.0,0.0,0.0,0.0,0.0,0.0,0.0,0.0,0.0,0.0,0.0,0.0,0.0,0.0,0.0,0.0,0.0,0.0,0.0,0.0,0.0,0.0,0.0,0.0,0.02506753786951779,-0.07722359601368761,-0.01464286729838868,0.0007322491146624088,-0.0001753354445099831,-0.00027386719011701643,0.0,0.0,0.0,0.0,0.0,0.0,0.0,0.0,0.0,0.0,0.0,0.0,0.0,0.0,0.0,0.0,0.0,0.0,0.0,0.0,0.0,0.0,0.0,0.0,0.0,0.0,0.0,0.0,0.0,0.0,0.0,0.0,0.0,0.0,0.0,0.0
31922000000,2981,31922000000,map,base_link,0.010889160446822643,-0.035535577684640884,-0.005364656448364258,0.006281423397905473,-0.012279452044968026,0.02941782591102793,-0.9994720514612814,0.0,0.0,0.0,0.0,0.0,0.0,0.0,0.0,0.0,0.0,0.0,0.0,0.0,0.0,0.0,0.0,0.0,0.0,0.0,0.0,0.0,0.0,0.0,0.0,0.0,0.0,0.0,0.0,0.0,0.0,0.0,0.0,0.0,0.0,0.0,0.0,0.025144719852997988,-0.07722030946756804,-0.014336008911129973,0.001002554316073656,-0.0017504219431430101,0.0008630831725895407,0.0,0.0,0.0,0.0,0.0,0.0,0.0,0.0,0.0,0.0,0.0,0.0,0.0,0.0,0.0,0.0,0.0,0.0,0.0,0.0,0.0,0.0,0.0,0.0,0.0,0.0,0.0,0.0,0.0,0.0,0.0,0.0,0.0,0.0,0.0,0.0
31930000000,2982,31930000000,map,base_link,0.010991551913321018,-0.03578241914510727,-0.005190652795135975,0.0062694131924411365,-0.012262271606571519,0.029416182183936046,-0.9994724307829181,0.0,0.0,0.0,0.0,0.0,0.0,0.0,0.0,0.0,0.0,0.0,0.0,0.0,0.0,0.0,0.0,0.0,0.0,0.0,0.0,0.0,0.0,0.0,0.0,0.0,0.0,0.0,0.0,0.0,0.0,0.0,0.0,0.0,0.0,0.0,0.0,0.025422526698384608,-0.07742965051724317,-0.014391599017000564,0.0015387278981506824,-0.003946729935705662,0.0002772348525468265,0.0,0.0,0.0,0.0,0.0,0.0,0.0,0.0,0.0,0.0,0.0,0.0,0.0,0.0,0.0,0.0,0.0,0.0,0.0,0.0,0.0,0.0,0.0,0.0,0.0,0.0,0.0,0.0,0.0,0.0,0.0,0.0,0.0,0.0,0.0,0.0
31940000000,2983,31939000000,map,base_link,0.011104085482656956,-0.036069605499506,-0.005031452048569918,0.006265310460156405,-0.012263239666998252,0.029420017547150568,-0.9994723043423726,0.0,0.0,0.0,0.0,0.0,0.0,0.0,0.0,0.0,0.0,0.0,0.0,0.0,0.0,0.0,0.0,0.0,0.0,0.0,0.0,0.0,0.0,0.0,0.0,0.0,0.0,0.0,0.0,0.0,0.0,0.0,0.0,0.0,0.0,0.0,0.0,0.02539724708510193,-0.07769286096878208,-0.013951842029693622,0.0007657005917280912,-0.0012935837730765343,0.0001149871677625926,0.0,0.0,0.0,0.0,0.0,0.0,0.0,0.0,0.0,0.0,0.0,0.0,0.0,0.0,0.0,0.0,0.0,0.0,0.0,0.0,0.0,0.0,0.0,0.0,0.0,0.0,0.0,0.0,0.0,0.0,0.0,0.0,0.0,0.0,0.0,0.0
31946000000,2984,31946000000,map,base_link,0.01120819617062807,-0.03633034974336624,-0.004875554237514734,0.006278610754311878,-0.012264439205819544,0.029417193708300315,-0.9994722621955241,0.0,0.0,0.0,0.0,0.0,0.0,0.0,0.0,0.0,0.0,0.0,0.0,0.0,0.0,0.0,0.0,0.0,0.0,0.0,0.0,0.0,0.0,0.0,0.0,0.0,0.0,0.0,0.0,0.0,0.0,0.0,0.0,0.0,0.0,0.0,0.0,0.025497841763059675,-0.07780275521794686,-0.013953867381173875,-0.0029717879369854927,-0.0005593984387814996,0.001477544428780675,0.0,0.0,0.0,0.0,0.0,0.0,0.0,0.0,0.0,0.0,0.0,0.0,0.0,0.0,0.0,0.0,0.0,0.0,0.0,0.0,0.0,0.0,0.0,0.0,0.0,0.0,0.0,0.0,0.0,0.0,0.0,0.0,0.0,0.0,0.0,0.0
31958000000,2985,31958000000,map,base_link,0.011163360439240932,-0.03592115640640259,-0.004661696031689644,0.00627656498579783,-0.012279833671510402,0.029420017547150512,-0.9994720514612815,0.0,0.0,0.0,0.0,0.0,0.0,0.0,0.0,0.0,0.0,0.0,0.0,0.0,0.0,0.0,0.0,0.0,0.0,0.0,0.0,0.0,0.0,0.0,0.0,0.0,0.0,0.0,0.0,0.0,0.0,0.0,0.0,0.0,0.0,0.0,0.0,0.0255199846667705,-0.07753110697152815,-0.013653600219436861,0.001618185080587864,0.0014357366599142556,0.003078785492107272,0.0,0.0,0.0,0.0,0.0,0.0,0.0,0.0,0.0,0.0,0.0,0.0,0.0,0.0,0.0,0.0,0.0,0.0,0.0,0.0,0.0,0.0,0.0,0.0,0.0,0.0,0.0,0.0,0.0,0.0,0.0,0.0,0.0,0.0,0.0,0.0
31966000000,2986,31966000000,map,base_link,0.01104864664375782,-0.03523685410618782,-0.004407079424709082,0.006268613060863939,-0.012284151747849244,0.0294152549532688,-0.999472177901827,0.0,0.0,0.0,0.0,0.0,0.0,0.0,0.0,0.0,0.0,0.0,0.0,0.0,0.0,0.0,0.0,0.0,0.0,0.0,0.0,0.0,0.0,0.0,0.0,0.0,0.0,0.0,0.0,0.0,0.0,0.0,0.0,0.0,0.0,0.0,0.0,0.025728185696583587,-0.07733218667694405,-0.013532102698225416,0.0022731758654117584,0.0003244969993829728,0.0007829220849089324,0.0,0.0,0.0,0.0,0.0,0.0,0.0,0.0,0.0,0.0,0.0,0.0,0.0,0.0,0.0,0.0,0.0,0.0,0.0,0.0,0.0,0.0,0.0,0.0,0.0,0.0,0.0,0.0,0.0,0.0,0.0,0.0,0.0,0.0,0.0,0.0
31974000000,2987,31974000000,map,base_link,0.010943728499114513,-0.03459521383047104,-0.0041668592020869255,0.006278895574811581,-0.012285150101323347,0.029409522981871272,-0.9994722621955241,0.0,0.0,0.0,0.0,0.0,0.0,0.0,0.0,0.0,0.0,0.0,0.0,0.0,0.0,0.0,0.0,0.0,0.0,0.0,0.0,0.0,0.0,0.0,0.0,0.0,0.0,0.0,0.0,0.0,0.0,0.0,0.0,0.0,0.0,0.0,0.0,0.025847586001138192,-0.07703812794039151,-0.013293848475670514,4.251615609973669e-05,0.0006368644535541538,0.0023448667488992214,0.0,0.0,0.0,0.0,0.0,0.0,0.0,0.0,0.0,0.0,0.0,0.0,0.0,0.0,0.0,0.0,0.0,0.0,0.0,0.0,0.0,0.0,0.0,0.0,0.0,0.0,0.0,0.0,0.0,0.0,0.0,0.0,0.0,0.0,0.0,0.0
31987000000,2988,31986000000,map,base_link,0.010938042774796486,-0.0343187116086483,-0.003993565682321787,0.006316222206796296,-0.01229865915408785,0.029412346820721524,-0.9994717142864934,0.0,0.0,0.0,0.0,0.0,0.0,0.0,0.0,0.0,0.0,0.0,0.0,0.0,0.0,0.0,0.0,0.0,0.0,0.0,0.0,0.0,0.0,0.0,0.0,0.0,0.0,0.0,0.0,0.0,0.0,0.0,0.0,0.0,0.0,0.0,0.0,0.026171842564335066,-0.07664756743510089,-0.013089801979072464,-0.0034211205784231424,0.0026608994230628014,0.0005951533676125106,0.0,0.0,0.0,0.0,0.0,0.0,0.0,0.0,0.0,0.0,0.0,0.0,0.0,0.0,0.0,0.0,0.0,0.0,0.0,0.0,0.0,0.0,0.0,0.0,0.0,0.0,0.0,0.0,0.0,0.0,0.0,0.0,0.0,0.0,0.0,0.0
31995000000,2989,31994000000,map,base_link,0.010855457745492458,-0.03375415503978729,-0.0037785994354635477,0.0063190299113060795,-0.01230623801355797,0.02943308307018888,-0.9994710399369172,0.0,0.0,0.0,0.0,0.0,0.0,0.0,0.0,0.0,0.0,0.0,0.0,0.0,0.0,0.0,0.0,0.0,0.0,0.0,0.0,0.0,0.0,0.0,0.0,0.0,0.0,0.0,0.0,0.0,0.0,0.0,0.0,0.0,0.0,0.0,0.0,0.02616672365409587,-0.07614269087687665,-0.01278241462720778,0.001210995251312852,0.00023465696722269015,-0.0036433690693229437,0.0,0.0,0.0,0.0,0.0,0.0,0.0,0.0,0.0,0.0,0.0,0.0,0.0,0.0,0.0,0.0,0.0,0.0,0.0,0.0,0.0,0.0,0.0,0.0,0.0,0.0,0.0,0.0,0.0,0.0,0.0,0.0,0.0,0.0,0.0,0.0
32003000000,2990,32002000000,map,base_link,0.0107840271666646,-0.03323421627283096,-0.0035783257335424423,0.00632554719702933,-0.01228924460180173,0.029439657978556577,-0.9994710399369172,0.0,0.0,0.0,0.0,0.0,0.0,0.0,0.0,0.0,0.0,0.0,0.0,0.0,0.0,0.0,0.0,0.0,0.0,0.0,0.0,0.0,0.0,0.0,0.0,0.0,0.0,0.0,0.0,0.0,0.0,0.0,0.0,0.0,0.0,0.0,0.0,0.02620310007848905,-0.07610687257359869,-0.01296211372117774,0.001188674010336399,-0.002920576836913824,-0.0012191662099212404,0.0,0.0,0.0,0.0,0.0,0.0,0.0,0.0,0.0,0.0,0.0,0.0,0.0,0.0,0.0,0.0,0.0,0.0,0.0,0.0,0.0,0.0,0.0,0.0,0.0,0.0,0.0,0.0,0.0,0.0,0.0,0.0,0.0,0.0,0.0,0.0
32010000000,2991,32010000000,map,base_link,0.010723567567765713,-0.03276124969124794,-0.0033927294425666332,0.006332978542529662,-0.012298490237421552,0.029456811745900535,-0.9994703234404925,0.0,0.0,0.0,0.0,0.0,0.0,0.0,0.0,0.0,0.0,0.0,0.0,0.0,0.0,0.0,0.0,0.0,0.0,0.0,0.0,0.0,0.0,0.0,0.0,0.0,0.0,0.0,0.0,0.0,0.0,0.0,0.0,0.0,0.0,0.0,0.0,0.02631261705834554,-0.07625987816767153,-0.013002873665694626,0.0007149011944420636,0.0013912878930568693,-0.002322971820831299,0.0,0.0,0.0,0.0,0.0,0.0,0.0,0.0,0.0,0.0,0.0,0.0,0.0,0.0,0.0,0.0,0.0,0.0,0.0,0.0,0.0,0.0,0.0,0.0,0.0,0.0,0.0,0.0,0.0,0.0,0.0,0.0,0.0,0.0,0.0,0.0
32018000000,2992,32018000000,map,base_link,0.010668476112186909,-0.032312411814928055,-0.0031717121601104736,0.006344625889970098,-0.012298985133619302,0.02945853976668944,-0.9994701969999469,0.0,0.0,0.0,0.0,0.0,0.0,0.0,0.0,0.0,0.0,0.0,0.0,0.0,0.0,0.0,0.0,0.0,0.0,0.0,0.0,0.0,0.0,0.0,0.0,0.0,0.0,0.0,0.0,0.0,0.0,0.0,0.0,0.0,0.0,0.0,0.0,0.0264034293752378,-0.07633162200359697,-0.012626511303407998,-0.0009982665069401264,0.002218644134700298,-0.0023371044080704455,0.0,0.0,0.0,0.0,0.0,0.0,0.0,0.0,0.0,0.0,0.0,0.0,0.0,0.0,0.0,0.0,0.0,0.0,0.0,0.0,0.0,0.0,0.0,0.0,0.0,0.0,0.0,0.0,0.0,0.0,0.0,0.0,0.0,0.0,0.0,0.0
32026000000,2993,32026000000,map,base_link,0.010623276233673096,-0.0319022461771965,-0.0029633149970322847,0.0063418593444920625,-0.012320551807711227,0.02946680054899753,-0.9994697755314619,0.0,0.0,0.0,0.0,0.0,0.0,0.0,0.0,0.0,0.0,0.0,0.0,0.0,0.0,0.0,0.0,0.0,0.0,0.0,0.0,0.0,0.0,0.0,0.0,0.0,0.0,0.0,0.0,0.0,0.0,0.0,0.0,0.0,0.0,0.0,0.0,0.02659875368012736,-0.076221714915739,-0.012578772337651409,0.002788786543533206,0.003812062554061413,0.0009326498839072879,0.0,0.0,0.0,0.0,0.0,0.0,0.0,0.0,0.0,0.0,0.0,0.0,0.0,0.0,0.0,0.0,0.0,0.0,0.0,0.0,0.0,0.0,0.0,0.0,0.0,0.0,0.0,0.0,0.0,0.0,0.0,0.0,0.0,0.0,0.0,0.0
32034000000,2994,32034000000,map,base_link,0.010587125085294247,-0.03152795135974884,-0.002767879283055663,0.00633696372461972,-0.012307928826582213,0.029468107101301433,-0.9994699019720075,0.0,0.0,0.0,0.0,0.0,0.0,0.0,0.0,0.0,0.0,0.0,0.0,0.0,0.0,0.0,0.0,0.0,0.0,0.0,0.0,0.0,0.0,0.0,0.0,0.0,0.0,0.0,0.0,0.0,0.0,0.0,0.0,0.0,0.0,0.0,0.0,0.026464457696268897,-0.0760311580740783,-0.012239653357468171,0.0026055583730340004,-0.002075327793136239,0.0010759739670902493,0.0,0.0,0.0,0.0,0.0,0.0,0.0,0.0,0.0,0.0,0.0,0.0,0.0,0.0,0.0,0.0,0.0,0.0,0.0,0.0,0.0,0.0,0.0,0.0,0.0,0.0,0.0,0.0,0.0,0.0,0.0,0.0,0.0,0.0,0.0,0.0
32042000000,2995,32042000000,map,base_link,0.010556820780038834,-0.03117978945374489,-0.0025825845077633858,0.006342026285524836,-0.01230119356262682,0.029472490373546545,-0.9994698176783104,0.0,0.0,0.0,0.0,0.0,0.0,0.0,0.0,0.0,0.0,0.0,0.0,0.0,0.0,0.0,0.0,0.0,0.0,0.0,0.0,0.0,0.0,0.0,0.0,0.0,0.0,0.0,0.0,0.0,0.0,0.0,0.0,0.0,0.0,0.0,0.0,0.026622352397883377,-0.07592845338643914,-0.012439221945249651,0.0017013646429404616,-0.0028358770068734884,-0.0010552452877163883,0.0,0.0,0.0,0.0,0.0,0.0,0.0,0.0,0.0,0.0,0.0,0.0,0.0,0.0,0.0,0.0,0.0,0.0,0.0,0.0,0.0,0.0,0.0,0.0,0.0,0.0,0.0,0.0,0.0,0.0,0.0,0.0,0.0,0.0,0.0,0.0
32051000000,2996,32051000000,map,base_link,0.01053826417773962,-0.030876604840159416,-0.0024127550423145294,0.00636505789187477,-0.012299892607951302,0.02949141430852803,-0.9994691011818857,0.0,0.0,0.0,0.0,0.0,0.0,0.0,0.0,0.0,0.0,0.0,0.0,0.0,0.0,0.0,0.0,0.0,0.0,0.0,0.0,0.0,0.0,0.0,0.0,0.0,0.0,0.0,0.0,0.0,0.0,0.0,0.0,0.0,0.0,0.0,0.0,0.026905856309739167,-0.07602674333553834,-0.012649819950318148,-0.003653513500466943,0.0013269744813442228,-0.0014692666009068491,0.0,0.0,0.0,0.0,0.0,0.0,0.0,0.0,0.0,0.0,0.0,0.0,0.0,0.0,0.0,0.0,0.0,0.0,0.0,0.0,0.0,0.0,0.0,0.0,0.0,0.0,0.0,0.0,0.0,0.0,0.0,0.0,0.0,0.0,0.0,0.0
32059000000,2997,32059000000,map,base_link,0.010522732511162758,-0.03058355301618576,-0.002253022976219654,0.0063835978954080086,-0.012291211015702566,0.029507345817265107,-0.9994685954197036,0.0,0.0,0.0,0.0,0.0,0.0,0.0,0.0,0.0,0.0,0.0,0.0,0.0,0.0,0.0,0.0,0.0,0.0,0.0,0.0,0.0,0.0,0.0,0.0,0.0,0.0,0.0,0.0,0.0,0.0,0.0,0.0,0.0,0.0,0.0,0.0,0.027020111522427406,-0.07587219378560116,-0.012709427868155961,-0.000580355292186141,-0.0004670955240726475,-0.0029139036778360605,0.0,0.0,0.0,0.0,0.0,0.0,0.0,0.0,0.0,0.0,0.0,0.0,0.0,0.0,0.0,0.0,0.0,0.0,0.0,0.0,0.0,0.0,0.0,0.0,0.0,0.0,0.0,0.0,0.0,0.0,0.0,0.0,0.0,0.0,0.0,0.0
32067000000,2998,32067000000,map,base_link,0.010515816509723663,-0.030321773141622543,-0.0020180759020149708,0.006395473757792714,-0.01228859297201108,0.029513920725632747,-0.9994684268323095,0.0,0.0,0.0,0.0,0.0,0.0,0.0,0.0,0.0,0.0,0.0,0.0,0.0,0.0,0.0,0.0,0.0,0.0,0.0,0.0,0.0,0.0,0.0,0.0,0.0,0.0,0.0,0.0,0.0,0.0,0.0,0.0,0.0,0.0,0.0,0.0,0.027315373638755875,-0.07591367459110933,-0.012686243976024825,8.613802492618561e-05,0.0003380142152309415,-0.002160019474104047,0.0,0.0,0.0,0.0,0.0,0.0,0.0,0.0,0.0,0.0,0.0,0.0,0.0,0.0,0.0,0.0,0.0,0.0,0.0,0.0,0.0,0.0,0.0,0.0,0.0,0.0,0.0,0.0,0.0,0.0,0.0,0.0,0.0,0.0,0.0,0.0
32075000000,2999,32075000000,map,base_link,0.010518164373934269,-0.030093509703874588,-0.0017975473310798407,0.00640071445498724,-0.012283429983068495,0.029520453487151987,-0.999468216098067,0.0,0.0,0.0,0.0,0.0,0.0,0.0,0.0,0.0,0.0,0.0,0.0,0.0,0.0,0.0,0.0,0.0,0.0,0.0,0.0,0.0,0.0,0.0,0.0,0.0,0.0,0.0,0.0,0.0,0.0,0.0,0.0,0.0,0.0,0.0,0.0,0.027334073089933984,-0.07564463593567293,-0.012600076387853388,0.0007081065559759736,0.0007294402457773683,-0.001971898367628455,0.0,0.0,0.0,0.0,0.0,0.0,0.0,0.0,0.0,0.0,0.0,0.0,0.0,0.0,0.0,0.0,0.0,0.0,0.0,0.0,0.0,0.0,0.0,0.0,0.0,0.0,0.0,0.0,0.0,0.0,0.0,0.0,0.0,0.0,0.0,0.0
32083000000,3000,32083000000,map,base_link,0.010527452453970909,-0.02989039570093155,-0.0015897832345217466,0.006414493840272271,-0.012280490240384861,0.02953537347152485,-0.9994677103358849,0.0,0.0,0.0,0.0,0.0,0.0,0.0,0.0,0.0,0.0,0.0,0.0,0.0,0.0,0.0,0.0,0.0,0.0,0.0,0.0,0.0,0.0,0.0,0.0,0.0,0.0,0.0,0.0,0.0,0.0,0.0,0.0,0.0,0.0,0.0,0.0,0.02739599209469429,-0.07524856821314102,-0.012435035018083478,-2.009514719247818e-05,0.0007134685292840001,-0.003049059771001339,0.0,0.0,0.0,0.0,0.0,0.0,0.0,0.0,0.0,0.0,0.0,0.0,0.0,0.0,0.0,0.0,0.0,0.0,0.0,0.0,0.0,0.0,0.0,0.0,0.0,0.0,0.0,0.0,0.0,0.0,0.0,0.0,0.0,0.0,0.0,0.0
32090000000,3001,32090000000,map,base_link,0.01054341159760952,-0.029713524505496025,-0.0013948845444247127,0.006405286400233911,-0.012279836634960687,0.029529051444248167,-0.999468047510673,0.0,0.0,0.0,0.0,0.0,0.0,0.0,0.0,0.0,0.0,0.0,0.0,0.0,0.0,0.0,0.0,0.0,0.0,0.0,0.0,0.0,0.0,0.0,0.0,0.0,0.0,0.0,0.0,0.0,0.0,0.0,0.0,0.0,0.0,0.0,0.0,0.02736383390714111,-0.07477954964094972,-0.012435586512978637,0.0030321981757879257,0.0006274580955505371,0.0004028358380310237,0.0,0.0,0.0,0.0,0.0,0.0,0.0,0.0,0.0,0.0,0.0,0.0,0.0,0.0,0.0,0.0,0.0,0.0,0.0,0.0,0.0,0.0,0.0,0.0,0.0,0.0,0.0,0.0,0.0,0.0,0.0,0.0,0.0,0.0,0.0,0.0
32098000000,3002,32098000000,map,base_link,0.01056439895182848,-0.029558759182691574,-0.001213603070937097,0.006416671976232423,-0.012284872524813232,0.029532718220068643,-0.9994677524827333,0.0,0.0,0.0,0.0,0.0,0.0,0.0,0.0,0.0,0.0,0.0,0.0,0.0,0.0,0.0,0.0,0.0,0.0,0.0,0.0,0.0,0.0,0.0,0.0,0.0,0.0,0.0,0.0,0.0,0.0,0.0,0.0,0.0,0.0,0.0,0.0,0.02731700291788392,-0.07448232004438911,-0.012602098997859275,0.0005280445329844952,0.002262136898934841,0.0004624621942639348,0.0,0.0,0.0,0.0,0.0,0.0,0.0,0.0,0.0,0.0,0.0,0.0,0.0,0.0,0.0,0.0,0.0,0.0,0.0,0.0,0.0,0.0,0.0,0.0,0.0,0.0,0.0,0.0,0.0,0.0,0.0,0.0,0.0,0.0,0.0,0.0
32106000000,3003,32106000000,map,base_link,0.010590549558401108,-0.0294282678514719,-0.0010458024917170405,0.006414457620324333,-0.012299460932026317,0.02951720817981668,-0.9994680896575214,0.0,0.0,0.0,0.0,0.0,0.0,0.0,0.0,0.0,0.0,0.0,0.0,0.0,0.0,0.0,0.0,0.0,0.0,0.0,0.0,0.0,0.0,0.0,0.0,0.0,0.0,0.0,0.0,0.0,0.0,0.0,0.0,0.0,0.0,0.0,0.0,0.02726039066854771,-0.07436129843162967,-0.012521218171637918,0.0017457427456974983,0.002910431474447251,0.0031981836073100563,0.0,0.0,0.0,0.0,0.0,0.0,0.0,0.0,0.0,0.0,0.0,0.0,0.0,0.0,0.0,0.0,0.0,0.0,0.0,0.0,0.0,0.0,0.0,0.0,0.0,0.0,0.0,0.0,0.0,0.0,0.0,0.0,0.0,0.0,0.0,0.0
32119000000,3004,32119000000,map,base_link,0.010714385658502579,-0.029627054929733276,-0.0008949826005846262,0.006402042080715334,-0.012290024647771436,0.029530653024491593,-0.999467794629582,0.0,0.0,0.0,0.0,0.0,0.0,0.0,0.0,0.0,0.0,0.0,0.0,0.0,0.0,0.0,0.0,0.0,0.0,0.0,0.0,0.0,0.0,0.0,0.0,0.0,0.0,0.0,0.0,0.0,0.0,0.0,0.0,0.0,0.0,0.0,0.0,0.027477080320035683,-0.0739958971386684,-0.012517895655896371,0.004124127794057131,-0.0022716815583407883,-0.00486766267567873,0.0,0.0,0.0,0.0,0.0,0.0,0.0,0.0,0.0,0.0,0.0,0.0,0.0,0.0,0.0,0.0,0.0,0.0,0.0,0.0,0.0,0.0,0.0,0.0,0.0,0.0,0.0,0.0,0.0,0.0,0.0,0.0,0.0,0.0,0.0,0.0
32131000000,3005,32131000000,map,base_link,0.01084812544286251,-0.02984650246798992,-0.0007594499620608985,0.00641012637309533,-0.012290165576296141,0.02954755391074443,-0.9994673310142482,0.0,0.0,0.0,0.0,0.0,0.0,0.0,0.0,0.0,0.0,0.0,0.0,0.0,0.0,0.0,0.0,0.0,0.0,0.0,0.0,0.0,0.0,0.0,0.0,0.0,0.0,0.0,0.0,0.0,0.0,0.0,0.0,0.0,0.0,0.0,0.0,0.027853627498516092,-0.07369612677545623,-0.012798509964671207,-0.0008622256573289633,0.0016399021260440347,-0.0018408577889204027,0.0,0.0,0.0,0.0,0.0,0.0,0.0,0.0,0.0,0.0,0.0,0.0,0.0,0.0,0.0,0.0,0.0,0.0,0.0,0.0,0.0,0.0,0.0,0.0,0.0,0.0,0.0,0.0,0.0,0.0,0.0,0.0,0.0,0.0,0.0,0.0
32142000000,3006,32142000000,map,base_link,0.010991080664098263,-0.030095139518380165,-0.0006390055641531944,0.006418574511315985,-0.012291246577105995,0.029555224637173416,-0.9994669938394602,0.0,0.0,0.0,0.0,0.0,0.0,0.0,0.0,0.0,0.0,0.0,0.0,0.0,0.0,0.0,0.0,0.0,0.0,0.0,0.0,0.0,0.0,0.0,0.0,0.0,0.0,0.0,0.0,0.0,0.0,0.0,0.0,0.0,0.0,0.0,0.0,0.02809653693149158,-0.0739145620809471,-0.012976959082819426,-0.00016709754709154367,0.0015049665234982965,-0.0012030554935336115,0.0,0.0,0.0,0.0,0.0,0.0,0.0,0.0,0.0,0.0,0.0,0.0,0.0,0.0,0.0,0.0,0.0,0.0,0.0,0.0,0.0,0.0,0.0,0.0,0.0,0.0,0.0,0.0,0.0,0.0,0.0,0.0,0.0,0.0,0.0,0.0
32155000000,3007,32155000000,map,base_link,0.011143060401082039,-0.03037729486823082,-0.0005326242535375059,0.006412853076630631,-0.012302630177470986,0.029556278308386252,-0.9994668673989147,0.0,0.0,0.0,0.0,0.0,0.0,0.0,0.0,0.0,0.0,0.0,0.0,0.0,0.0,0.0,0.0,0.0,0.0,0.0,0.0,0.0,0.0,0.0,0.0,0.0,0.0,0.0,0.0,0.0,0.0,0.0,0.0,0.0,0.0,0.0,0.0,0.02818654900780626,-0.07415278438472724,-0.012733661682281898,0.0016349988291040063,0.002708308398723602,-0.003150141099467874,0.0,0.0,0.0,0.0,0.0,0.0,0.0,0.0,0.0,0.0,0.0,0.0,0.0,0.0,0.0,0.0,0.0,0.0,0.0,0.0,0.0,0.0,0.0,0.0,0.0,0.0,0.0,0.0,0.0,0.0,0.0,0.0,0.0,0.0,0.0,0.0
32163000000,3008,32162000000,map,base_link,0.011204173788428307,-0.030367087572813034,-0.00038379110628739,0.006394544880764204,-0.012300381247976225,0.029569343831424566,-0.9994666145178237,0.0,0.0,0.0,0.0,0.0,0.0,0.0,0.0,0.0,0.0,0.0,0.0,0.0,0.0,0.0,0.0,0.0,0.0,0.0,0.0,0.0,0.0,0.0,0.0,0.0,0.0,0.0,0.0,0.0,0.0,0.0,0.0,0.0,0.0,0.0,0.0,0.02828406313986865,-0.07402796856650412,-0.01250053662468708,0.004132822621613741,0.0007515749894082542,-0.0031122902873903513,0.0,0.0,0.0,0.0,0.0,0.0,0.0,0.0,0.0,0.0,0.0,0.0,0.0,0.0,0.0,0.0,0.0,0.0,0.0,0.0,0.0,0.0,0.0,0.0,0.0,0.0,0.0,0.0,0.0,0.0,0.0,0.0,0.0,0.0,0.0,0.0
32170000000,3009,32170000000,map,base_link,0.011272206902503967,-0.030383296310901642,-0.0002463946002535522,0.006399578136438717,-0.012295030573848864,0.02956845874760583,-0.9994666566646722,0.0,0.0,0.0,0.0,0.0,0.0,0.0,0.0,0.0,0.0,0.0,0.0,0.0,0.0,0.0,0.0,0.0,0.0,0.0,0.0,0.0,0.0,0.0,0.0,0.0,0.0,0.0,0.0,0.0,0.0,0.0,0.0,0.0,0.0,0.0,0.0,0.02838844622777693,-0.07423963129651975,-0.012375247015666968,0.0009141156915575266,-0.0009732050821185113,-0.00066881236853078,0.0,0.0,0.0,0.0,0.0,0.0,0.0,0.0,0.0,0.0,0.0,0.0,0.0,0.0,0.0,0.0,0.0,0.0,0.0,0.0,0.0,0.0,0.0,0.0,0.0,0.0,0.0,0.0,0.0,0.0,0.0,0.0,0.0,0.0,0.0,0.0
32178000000,3010,32178000000,map,base_link,0.011345718055963516,-0.03042750619351864,-0.00011994864325970411,0.006405673295132351,-0.012297483322868846,0.02955202147668662,-0.9994670781331572,0.0,0.0,0.0,0.0,0.0,0.0,0.0,0.0,0.0,0.0,0.0,0.0,0.0,0.0,0.0,0.0,0.0,0.0,0.0,0.0,0.0,0.0,0.0,0.0,0.0,0.0,0.0,0.0,0.0,0.0,0.0,0.0,0.0,0.0,0.0,0.0,0.02833202068554661,-0.07458959178304968,-0.012289182523840817,-0.0008230657549574971,0.0009634313173592095,0.003162302076816559,0.0,0.0,0.0,0.0,0.0,0.0,0.0,0.0,0.0,0.0,0.0,0.0,0.0,0.0,0.0,0.0,0.0,0.0,0.0,0.0,0.0,0.0,0.0,0.0,0.0,0.0,0.0,0.0,0.0,0.0,0.0,0.0,0.0,0.0,0.0,0.0
32186000000,3011,32186000000,map,base_link,0.011422685347497463,-0.03048975020647049,-6.137066520750523e-06,0.006427905757721847,-0.012283090174102377,0.02954262272946867,-0.9994673731610968,0.0,0.0,0.0,0.0,0.0,0.0,0.0,0.0,0.0,0.0,0.0,0.0,0.0,0.0,0.0,0.0,0.0,0.0,0.0,0.0,0.0,0.0,0.0,0.0,0.0,0.0,0.0,0.0,0.0,0.0,0.0,0.0,0.0,0.0,0.0,0.0,0.028442288031007984,-0.074663198279573,-0.012332157514879536,-0.0036031408235430717,-0.002288518706336617,0.0023686748463660483,0.0,0.0,0.0,0.0,0.0,0.0,0.0,0.0,0.0,0.0,0.0,0.0,0.0,0.0,0.0,0.0,0.0,0.0,0.0,0.0,0.0,0.0,0.0,0.0,0.0,0.0,0.0,0.0,0.0,0.0,0.0,0.0,0.0,0.0,0.0,0.0
32194000000,3012,32194000000,map,base_link,0.011505979113280773,-0.03057166002690792,9.674583998275921e-05,0.006429379580330712,-0.012277726987629365,0.029543676400681507,-0.9994674153079453,0.0,0.0,0.0,0.0,0.0,0.0,0.0,0.0,0.0,0.0,0.0,0.0,0.0,0.0,0.0,0.0,0.0,0.0,0.0,0.0,0.0,0.0,0.0,0.0,0.0,0.0,0.0,0.0,0.0,0.0,0.0,0.0,0.0,0.0,0.0,0.0,0.02870045046845781,-0.07441731118396971,-0.012442548429478641,-0.00013418984599411488,-0.000566611997783184,-0.00043255847413092846,0.0,0.0,0.0,0.0,0.0,0.0,0.0,0.0,0.0,0.0,0.0,0.0,0.0,0.0,0.0,0.0,0.0,0.0,0.0,0.0,0.0,0.0,0.0,0.0,0.0,0.0,0.0,0.0,0.0,0.0,0.0,0.0,0.0,0.0,0.0,0.0
32203000000,3013,32203000000,map,base_link,0.01159458514302969,-0.030671726912260056,0.00018857431132346392,0.006427908062627626,-0.012281860342233717,0.029551810742444062,-0.9994671202800056,0.0,0.0,0.0,0.0,0.0,0.0,0.0,0.0,0.0,0.0,0.0,0.0,0.0,0.0,0.0,0.0,0.0,0.0,0.0,0.0,0.0,0.0,0.0,0.0,0.0,0.0,0.0,0.0,0.0,0.0,0.0,0.0,0.0,0.0,0.0,0.0,0.02888934263116882,-0.07415650159932509,-0.0126083844554506,-0.0006437367992475629,0.0012633954174816604,-0.0027023297734558582,0.0,0.0,0.0,0.0,0.0,0.0,0.0,0.0,0.0,0.0,0.0,0.0,0.0,0.0,0.0,0.0,0.0,0.0,0.0,0.0,0.0,0.0,0.0,0.0,0.0,0.0,0.0,0.0,0.0,0.0,0.0,0.0,0.0,0.0,0.0,0.0
32211000000,3014,32211000000,map,base_link,0.011688475497066975,-0.030785318464040756,0.000271586119197309,0.006445362126267199,-0.01229044907970683,0.029558427797660325,-0.9994667409583691,0.0,0.0,0.0,0.0,0.0,0.0,0.0,0.0,0.0,0.0,0.0,0.0,0.0,0.0,0.0,0.0,0.0,0.0,0.0,0.0,0.0,0.0,0.0,0.0,0.0,0.0,0.0,0.0,0.0,0.0,0.0,0.0,0.0,0.0,0.0,0.0,0.02901283691362385,-0.07423787945183578,-0.012648689230756033,-0.002155653666704893,0.003086624667048454,-0.002022879663854838,0.0,0.0,0.0,0.0,0.0,0.0,0.0,0.0,0.0,0.0,0.0,0.0,0.0,0.0,0.0,0.0,0.0,0.0,0.0,0.0,0.0,0.0,0.0,0.0,0.0,0.0,0.0,0.0,0.0,0.0,0.0,0.0,0.0,0.0,0.0,0.0
32219000000,3015,32219000000,map,base_link,0.011786122806370258,-0.030912918969988823,0.0003481621388345957,0.006432014746179405,-0.012286322639819809,0.029552232210929175,-0.9994670359863087,0.0,0.0,0.0,0.0,0.0,0.0,0.0,0.0,0.0,0.0,0.0,0.0,0.0,0.0,0.0,0.0,0.0,0.0,0.0,0.0,0.0,0.0,0.0,0.0,0.0,0.0,0.0,0.0,0.0,0.0,0.0,0.0,0.0,0.0,0.0,0.0,0.02912241679992186,-0.07401638655362583,-0.01255610698390055,0.0017250364180654287,-0.0009626708924770354,0.0006634064484387637,0.0,0.0,0.0,0.0,0.0,0.0,0.0,0.0,0.0,0.0,0.0,0.0,0.0,0.0,0.0,0.0,0.0,0.0,0.0,0.0,0.0,0.0,0.0,0.0,0.0,0.0,0.0,0.0,0.0,0.0,0.0,0.0,0.0,0.0,0.0,0.0
32226000000,3016,32226000000,map,base_link,0.011888437904417515,-0.031052201986312866,0.00046693699550814927,0.0064437309115209255,-0.012272948259407187,0.029533729744432913,-0.9994676681890364,0.0,0.0,0.0,0.0,0.0,0.0,0.0,0.0,0.0,0.0,0.0,0.0,0.0,0.0,0.0,0.0,0.0,0.0,0.0,0.0,0.0,0.0,0.0,0.0,0.0,0.0,0.0,0.0,0.0,0.0,0.0,0.0,0.0,0.0,0.0,0.0,0.029434984594428518,-0.07377250526196402,-0.012837265095504067,-0.001717284438200295,-0.002511530183255672,0.00312593998387456,0.0,0.0,0.0,0.0,0.0,0.0,0.0,0.0,0.0,0.0,0.0,0.0,0.0,0.0,0.0,0.0,0.0,0.0,0.0,0.0,0.0,0.0,0.0,0.0,0.0,0.0,0.0,0.0,0.0,0.0,0.0,0.0,0.0,0.0,0.0,0.0
32234000000,3017,32234000000,map,base_link,0.011996462009847164,-0.03120601922273636,0.0005762923392467201,0.006438667692071301,-0.012255719747261598,0.029523488060244685,-0.999468216098067,0.0,0.0,0.0,0.0,0.0,0.0,0.0,0.0,0.0,0.0,0.0,0.0,0.0,0.0,0.0,0.0,0.0,0.0,0.0,0.0,0.0,0.0,0.0,0.0,0.0,0.0,0.0,0.0,0.0,0.0,0.0,0.0,0.0,0.0,0.0,0.0,0.029687150207854493,-0.07369771441792468,-0.012752182564870698,0.0025237672962248325,-0.003495064098387956,0.0021070139482617383,0.0,0.0,0.0,0.0,0.0,0.0,0.0,0.0,0.0,0.0,0.0,0.0,0.0,0.0,0.0,0.0,0.0,0.0,0.0,0.0,0.0,0.0,0.0,0.0,0.0,0.0,0.0,0.0,0.0,0.0,0.0,0.0,0.0,0.0,0.0,0.0
32242000000,3018,32242000000,map,base_link,0.012109911069273949,-0.03137360140681267,0.0006758803501725197,0.006431940330650002,-0.012245974276360216,0.029508188754235276,-0.9994688483007946,0.0,0.0,0.0,0.0,0.0,0.0,0.0,0.0,0.0,0.0,0.0,0.0,0.0,0.0,0.0,0.0,0.0,0.0,0.0,0.0,0.0,0.0,0.0,0.0,0.0,0.0,0.0,0.0,0.0,0.0,0.0,0.0,0.0,0.0,0.0,0.0,0.0299165762015203,-0.0734985404651272,-0.012928652832997361,0.0033167563378810883,-0.002892497461289167,0.004198847338557243,0.0,0.0,0.0,0.0,0.0,0.0,0.0,0.0,0.0,0.0,0.0,0.0,0.0,0.0,0.0,0.0,0.0,0.0,0.0,0.0,0.0,0.0,0.0,0.0,0.0,0.0,0.0,0.0,0.0,0.0,0.0,0.0,0.0,0.0,0.0,0.0
32250000000,3019,32250000000,map,base_link,0.012226766906678677,-0.03155570104718208,0.0007657333626411855,0.006435439506893168,-0.012237351623844945,0.029506502880294883,-0.9994689325944917,0.0,0.0,0.0,0.0,0.0,0.0,0.0,0.0,0.0,0.0,0.0,0.0,0.0,0.0,0.0,0.0,0.0,0.0,0.0,0.0,0.0,0.0,0.0,0.0,0.0,0.0,0.0,0.0,0.0,0.0,0.0,0.0,0.0,0.0,0.0,0.0,0.029839439682166333,-0.0737785435062374,-0.012695385586763473,-0.0012627955293282866,-0.0011016596108675005,-0.0022648514714092016,0.0,0.0,0.0,0.0,0.0,0.0,0.0,0.0,0.0,0.0,0.0,0.0,0.0,0.0,0.0,0.0,0.0,0.0,0.0,0.0,0.0,0.0,0.0,0.0,0.0,0.0,0.0,0.0,0.0,0.0,0.0,0.0,0.0,0.0,0.0,0.0
32258000000,3020,32258000000,map,base_link,0.012347664684057236,-0.03175916150212288,0.000846132286824286,0.006431963050435528,-0.012232631835356233,0.029508778810114378,-0.9994690168881888,0.0,0.0,0.0,0.0,0.0,0.0,0.0,0.0,0.0,0.0,0.0,0.0,0.0,0.0,0.0,0.0,0.0,0.0,0.0,0.0,0.0,0.0,0.0,0.0,0.0,0.0,0.0,0.0,0.0,0.0,0.0,0.0,0.0,0.0,0.0,0.0,0.02991511189784753,-0.07386939837907262,-0.012736433253732304,-0.00012498314026743174,-0.0011621653102338316,-0.002198087750002742,0.0,0.0,0.0,0.0,0.0,0.0,0.0,0.0,0.0,0.0,0.0,0.0,0.0,0.0,0.0,0.0,0.0,0.0,0.0,0.0,0.0,0.0,0.0,0.0,0.0,0.0,0.0,0.0,0.0,0.0,0.0,0.0,0.0,0.0,0.0,0.0
32267000000,3021,32267000000,map,base_link,0.012471665628254414,-0.031973738223314285,0.0009197902400046587,0.006428680535335488,-0.012227301905380874,0.02949107713373994,-0.9994696069440678,0.0,0.0,0.0,0.0,0.0,0.0,0.0,0.0,0.0,0.0,0.0,0.0,0.0,0.0,0.0,0.0,0.0,0.0,0.0,0.0,0.0,0.0,0.0,0.0,0.0,0.0,0.0,0.0,0.0,0.0,0.0,0.0,0.0,0.0,0.0,0.0,0.030015830717185204,-0.07372888630594408,-0.012367081124959767,0.0016339243156835437,-0.0010236296802759166,0.002727328334003687,0.0,0.0,0.0,0.0,0.0,0.0,0.0,0.0,0.0,0.0,0.0,0.0,0.0,0.0,0.0,0.0,0.0,0.0,0.0,0.0,0.0,0.0,0.0,0.0,0.0,0.0,0.0,0.0,0.0,0.0,0.0,0.0,0.0,0.0,0.0,0.0
32278000000,3022,32278000000,map,base_link,0.01270483061671257,-0.03251557797193527,0.0009345417493022978,0.006438038452793923,-0.012236816556432209,0.0294962190492582,-0.9994692697692797,0.0,0.0,0.0,0.0,0.0,0.0,0.0,0.0,0.0,0.0,0.0,0.0,0.0,0.0,0.0,0.0,0.0,0.0,0.0,0.0,0.0,0.0,0.0,0.0,0.0,0.0,0.0,0.0,0.0,0.0,0.0,0.0,0.0,0.0,0.0,0.0,0.03025332778924449,-0.07385284749559044,-0.012437485914293042,-0.002329315058887005,0.0016308496706187723,-0.0014174461830407383,0.0,0.0,0.0,0.0,0.0,0.0,0.0,0.0,0.0,0.0,0.0,0.0,0.0,0.0,0.0,0.0,0.0,0.0,0.0,0.0,0.0,0.0,0.0,0.0,0.0,0.0,0.0,0.0,0.0,0.0,0.0,0.0,0.0,0.0,0.0,0.0
32286000000,3023,32286000000,map,base_link,0.012838492169976234,-0.032762475311756134,0.0009910513181239367,0.006435325249421034,-0.012235603517448504,0.029489264819253902,-0.9994694805035222,0.0,0.0,0.0,0.0,0.0,0.0,0.0,0.0,0.0,0.0,0.0,0.0,0.0,0.0,0.0,0.0,0.0,0.0,0.0,0.0,0.0,0.0,0.0,0.0,0.0,0.0,0.0,0.0,0.0,0.0,0.0,0.0,0.0,0.0,0.0,0.0,0.03047622717700178,-0.07381046088918751,-0.012399414320892622,0.0005060073453933001,0.0010853195562958717,0.0003488645015750079,0.0,0.0,0.0,0.0,0.0,0.0,0.0,0.0,0.0,0.0,0.0,0.0,0.0,0.0,0.0,0.0,0.0,0.0,0.0,0.0,0.0,0.0,0.0,0.0,0.0,0.0,0.0,0.0,0.0,0.0,0.0,0.0,0.0,0.0,0.0,0.0
32294000000,3024,32294000000,map,base_link,0.012978422455489635,-0.03302795812487602,0.0010395569261163473,0.006442313723739748,-0.012244707236726859,0.02948458651906921,-0.9994695226503708,0.0,0.0,0.0,0.0,0.0,0.0,0.0,0.0,0.0,0.0,0.0,0.0,0.0,0.0,0.0,0.0,0.0,0.0,0.0,0.0,0.0,0.0,0.0,0.0,0.0,0.0,0.0,0.0,0.0,0.0,0.0,0.0,0.0,0.0,0.0,0.0,0.030639428645326247,-0.07402054755610532,-0.012153285270197916,-0.0020425841212272644,0.002413785085082054,0.0005369839491322633,0.0,0.0,0.0,0.0,0.0,0.0,0.0,0.0,0.0,0.0,0.0,0.0,0.0,0.0,0.0,0.0,0.0,0.0,0.0,0.0,0.0,0.0,0.0,0.0,0.0,0.0,0.0,0.0,0.0,0.0,0.0,0.0,0.0,0.0,0.0,0.0
32303000000,3025,32303000000,map,base_link,0.013121071271598339,-0.033307891339063644,0.0010815870482474566,0.006440053928260604,-0.012238574540996269,0.02948201556130997,-0.9994696490909164,0.0,0.0,0.0,0.0,0.0,0.0,0.0,0.0,0.0,0.0,0.0,0.0,0.0,0.0,0.0,0.0,0.0,0.0,0.0,0.0,0.0,0.0,0.0,0.0,0.0,0.0,0.0,0.0,0.0,0.0,0.0,0.0,0.0,0.0,0.0,0.0,0.030642023786347474,-0.07430635913727077,-0.012135509275126374,-0.0006019232096150517,0.0006185048259794712,-2.5943561922758892e-05,0.0,0.0,0.0,0.0,0.0,0.0,0.0,0.0,0.0,0.0,0.0,0.0,0.0,0.0,0.0,0.0,0.0,0.0,0.0,0.0,0.0,0.0,0.0,0.0,0.0,0.0,0.0,0.0,0.0,0.0,0.0,0.0,0.0,0.0,0.0,0.0
32314000000,3026,32314000000,map,base_link,0.013374010100960732,-0.0339096337556839,0.0010683214059099555,0.006440326236414655,-0.012240027619453133,0.02950384762883873,-0.9994690590350372,0.0,0.0,0.0,0.0,0.0,0.0,0.0,0.0,0.0,0.0,0.0,0.0,0.0,0.0,0.0,0.0,0.0,0.0,0.0,0.0,0.0,0.0,0.0,0.0,0.0,0.0,0.0,0.0,0.0,0.0,0.0,0.0,0.0,0.0,0.0,0.0,0.03126605524133371,-0.07457179123355001,-0.012193737701579771,-0.00029996351804584265,-0.0011028875596821312,-0.0035429641138762236,0.0,0.0,0.0,0.0,0.0,0.0,0.0,0.0,0.0,0.0,0.0,0.0,0.0,0.0,0.0,0.0,0.0,0.0,0.0,0.0,0.0,0.0,0.0,0.0,0.0,0.0,0.0,0.0,0.0,0.0,0.0,0.0,0.0,0.0,0.0,0.0
32327000000,3027,32327000000,map,base_link,0.013638132251799107,-0.0345308892428875,0.0010433333227410913,0.00643436970133995,-0.01224441945277687,0.029484628665917667,-0.9994695647972194,0.0,0.0,0.0,0.0,0.0,0.0,0.0,0.0,0.0,0.0,0.0,0.0,0.0,0.0,0.0,0.0,0.0,0.0,0.0,0.0,0.0,0.0,0.0,0.0,0.0,0.0,0.0,0.0,0.0,0.0,0.0,0.0,0.0,0.0,0.0,0.0,0.031899708819482425,-0.07492534889646224,-0.012543026032857707,0.0005227293586358428,0.001622258219867945,0.002470811363309622,0.0,0.0,0.0,0.0,0.0,0.0,0.0,0.0,0.0,0.0,0.0,0.0,0.0,0.0,0.0,0.0,0.0,0.0,0.0,0.0,0.0,0.0,0.0,0.0,0.0,0.0,0.0,0.0,0.0,0.0,0.0,0.0,0.0,0.0,0.0,0.0
32335000000,3028,32334000000,map,base_link,0.013799864798784256,-0.034857869148254395,0.0011181216686964035,0.006428740133613461,-0.012254504732644372,0.0294768314989432,-0.9994696912377649,0.0,0.0,0.0,0.0,0.0,0.0,0.0,0.0,0.0,0.0,0.0,0.0,0.0,0.0,0.0,0.0,0.0,0.0,0.0,0.0,0.0,0.0,0.0,0.0,0.0,0.0,0.0,0.0,0.0,0.0,0.0,0.0,0.0,0.0,0.0,0.0,0.03222571041585586,-0.07505527611119174,-0.01239607707003151,0.0014787644613534212,0.0013191145844757557,0.00030219336622394605,0.0,0.0,0.0,0.0,0.0,0.0,0.0,0.0,0.0,0.0,0.0,0.0,0.0,0.0,0.0,0.0,0.0,0.0,0.0,0.0,0.0,0.0,0.0,0.0,0.0,0.0,0.0,0.0,0.0,0.0,0.0,0.0,0.0,0.0,0.0,0.0
32347000000,3029,32347000000,map,base_link,0.014078855514526367,-0.03550974279642105,0.0011375630274415016,0.006424681523810763,-0.012237003912344729,0.029479571044096375,-0.9994698176783103,0.0,0.0,0.0,0.0,0.0,0.0,0.0,0.0,0.0,0.0,0.0,0.0,0.0,0.0,0.0,0.0,0.0,0.0,0.0,0.0,0.0,0.0,0.0,0.0,0.0,0.0,0.0,0.0,0.0,0.0,0.0,0.0,0.0,0.0,0.0,0.0,0.032791401192161854,-0.07546371178219662,-0.01219271867617143,-0.000600186176598072,-0.002587645780295134,-0.001779002137482166,0.0,0.0,0.0,0.0,0.0,0.0,0.0,0.0,0.0,0.0,0.0,0.0,0.0,0.0,0.0,0.0,0.0,0.0,0.0,0.0,0.0,0.0,0.0,0.0,0.0,0.0,0.0,0.0,0.0,0.0,0.0,0.0,0.0,0.0,0.0,0.0
32358000000,3030,32358000000,map,base_link,0.014069232158362865,-0.03523538261651993,0.0012501546880230308,0.0064223980207293325,-0.012231764202966965,0.029481088330642724,-0.9994699019720075,0.0,0.0,0.0,0.0,0.0,0.0,0.0,0.0,0.0,0.0,0.0,0.0,0.0,0.0,0.0,0.0,0.0,0.0,0.0,0.0,0.0,0.0,0.0,0.0,0.0,0.0,0.0,0.0,0.0,0.0,0.0,0.0,0.0,0.0,0.0,0.0,0.03266027833828094,-0.07528010119058431,-0.012254994463330903,-6.597931496798992e-05,-0.0013700285926461222,-0.0020278473384678364,0.0,0.0,0.0,0.0,0.0,0.0,0.0,0.0,0.0,0.0,0.0,0.0,0.0,0.0,0.0,0.0,0.0,0.0,0.0,0.0,0.0,0.0,0.0,0.0,0.0,0.0,0.0,0.0,0.0,0.0,0.0,0.0,0.0,0.0,0.0,0.0
32366000000,3031,32366000000,map,base_link,0.013956665061414242,-0.03468507155776024,0.0014017345383763313,0.006425995978648696,-0.012224134635569732,0.029474049806941516,-0.9994701969999471,0.0,0.0,0.0,0.0,0.0,0.0,0.0,0.0,0.0,0.0,0.0,0.0,0.0,0.0,0.0,0.0,0.0,0.0,0.0,0.0,0.0,0.0,0.0,0.0,0.0,0.0,0.0,0.0,0.0,0.0,0.0,0.0,0.0,0.0,0.0,0.0,0.03253513056927042,-0.07508765678074993,-0.011923199690573765,-0.0006815931992605329,-0.0010953494347631931,-0.0004614874778781085,0.0,0.0,0.0,0.0,0.0,0.0,0.0,0.0,0.0,0.0,0.0,0.0,0.0,0.0,0.0,0.0,0.0,0.0,0.0,0.0,0.0,0.0,0.0,0.0,0.0,0.0,0.0,0.0,0.0,0.0,0.0,0.0,0.0,0.0,0.0,0.0
32374000000,3032,32374000000,map,base_link,0.013852952979505062,-0.034163180738687515,0.0015469563659280539,0.006424712146130385,-0.012219556104877983,0.029470340884272528,-0.999470365587341,0.0,0.0,0.0,0.0,0.0,0.0,0.0,0.0,0.0,0.0,0.0,0.0,0.0,0.0,0.0,0.0,0.0,0.0,0.0,0.0,0.0,0.0,0.0,0.0,0.0,0.0,0.0,0.0,0.0,0.0,0.0,0.0,0.0,0.0,0.0,0.0,0.03274826997251273,-0.07472736780206354,-0.01177936064759196,0.0020125815644860268,0.00046464428305625905,-0.0008043008856475354,0.0,0.0,0.0,0.0,0.0,0.0,0.0,0.0,0.0,0.0,0.0,0.0,0.0,0.0,0.0,0.0,0.0,0.0,0.0,0.0,0.0,0.0,0.0,0.0,0.0,0.0,0.0,0.0,0.0,0.0,0.0,0.0,0.0,0.0,0.0,0.0
32386000000,3033,32386000000,map,base_link,0.013874168507754803,-0.033990852534770966,0.001633399398997426,0.0064130298958310255,-0.0122198587060794,0.029470298737424017,-0.9994704077341896,0.0,0.0,0.0,0.0,0.0,0.0,0.0,0.0,0.0,0.0,0.0,0.0,0.0,0.0,0.0,0.0,0.0,0.0,0.0,0.0,0.0,0.0,0.0,0.0,0.0,0.0,0.0,0.0,0.0,0.0,0.0,0.0,0.0,0.0,0.0,0.0,0.03275711319512985,-0.07494462642154631,-0.01191018092958493,0.003737082239240408,0.0013024052605032919,-0.0013219384709373119,0.0,0.0,0.0,0.0,0.0,0.0,0.0,0.0,0.0,0.0,0.0,0.0,0.0,0.0,0.0,0.0,0.0,0.0,0.0,0.0,0.0,0.0,0.0,0.0,0.0,0.0,0.0,0.0,0.0,0.0,0.0,0.0,0.0,0.0,0.0,0.0
32394000000,3034,32394000000,map,base_link,0.013794920407235622,-0.033545877784490585,0.0017868473660200834,0.00641337596096997,-0.012208949587032412,0.02947611500251851,-0.9994704077341896,0.0,0.0,0.0,0.0,0.0,0.0,0.0,0.0,0.0,0.0,0.0,0.0,0.0,0.0,0.0,0.0,0.0,0.0,0.0,0.0,0.0,0.0,0.0,0.0,0.0,0.0,0.0,0.0,0.0,0.0,0.0,0.0,0.0,0.0,0.0,0.0,0.033082332064227234,-0.07486834377323794,-0.011861344024340357,0.0021129543893039227,-0.00025433208793401745,-0.0023315586149692535,0.0,0.0,0.0,0.0,0.0,0.0,0.0,0.0,0.0,0.0,0.0,0.0,0.0,0.0,0.0,0.0,0.0,0.0,0.0,0.0,0.0,0.0,0.0,0.0,0.0,0.0,0.0,0.0,0.0,0.0,0.0,0.0,0.0,0.0,0.0,0.0
32402000000,3035,32402000000,map,base_link,0.013727115467190742,-0.03313394635915756,0.001929829828441143,0.006409699636254156,-0.012214238028703767,0.029472911842031657,-0.9994704077341895,0.0,0.0,0.0,0.0,0.0,0.0,0.0,0.0,0.0,0.0,0.0,0.0,0.0,0.0,0.0,0.0,0.0,0.0,0.0,0.0,0.0,0.0,0.0,0.0,0.0,0.0,0.0,0.0,0.0,0.0,0.0,0.0,0.0,0.0,0.0,0.0,0.0333090064020457,-0.07478354233051865,-0.011721352790773213,0.002054383512586355,0.0013944106176495552,-0.00010677144746296125,0.0,0.0,0.0,0.0,0.0,0.0,0.0,0.0,0.0,0.0,0.0,0.0,0.0,0.0,0.0,0.0,0.0,0.0,0.0,0.0,0.0,0.0,0.0,0.0,0.0,0.0,0.0,0.0,0.0,0.0,0.0,0.0,0.0,0.0,0.0,0.0
32410000000,3036,32410000000,map,base_link,0.013669443316757679,-0.03275136649608612,0.0020648986101150513,0.0064306439857860385,-0.012212482349045485,0.02947409195378997,-0.9994702391467956,0.0,0.0,0.0,0.0,0.0,0.0,0.0,0.0,0.0,0.0,0.0,0.0,0.0,0.0,0.0,0.0,0.0,0.0,0.0,0.0,0.0,0.0,0.0,0.0,0.0,0.0,0.0,0.0,0.0,0.0,0.0,0.0,0.0,0.0,0.0,0.0,0.033376337339656316,-0.07471687924759003,-0.01172892787785807,-0.002736798021942377,0.0006641829386353492,-0.0012813534121960402,0.0,0.0,0.0,0.0,0.0,0.0,0.0,0.0,0.0,0.0,0.0,0.0,0.0,0.0,0.0,0.0,0.0,0.0,0.0,0.0,0.0,0.0,0.0,0.0,0.0,0.0,0.0,0.0,0.0,0.0,0.0,0.0,0.0,0.0,0.0,0.0
32418000000,3037,32418000000,map,base_link,0.013616564683616161,-0.03238648176193237,0.0021939652506262064,0.006427088833259694,-0.012213096441799179,0.02947552494663941,-0.9994702391467956,0.0,0.0,0.0,0.0,0.0,0.0,0.0,0.0,0.0,0.0,0.0,0.0,0.0,0.0,0.0,0.0,0.0,0.0,0.0,0.0,0.0,0.0,0.0,0.0,0.0,0.0,0.0,0.0,0.0,0.0,0.0,0.0,0.0,0.0,0.0,0.0,0.033146285814208,-0.07451206047711864,-0.011514522837845462,-0.00010141870006918907,0.003385155461728573,-0.0005822013481520121,0.0,0.0,0.0,0.0,0.0,0.0,0.0,0.0,0.0,0.0,0.0,0.0,0.0,0.0,0.0,0.0,0.0,0.0,0.0,0.0,0.0,0.0,0.0,0.0,0.0,0.0,0.0,0.0,0.0,0.0,0.0,0.0,0.0,0.0,0.0,0.0
32427000000,3038,32427000000,map,base_link,0.013572605326771736,-0.03205397352576256,0.002313799923285842,0.006433751986591464,-0.012226316064252426,0.02945752824232517,-0.9994705341747352,0.0,0.0,0.0,0.0,0.0,0.0,0.0,0.0,0.0,0.0,0.0,0.0,0.0,0.0,0.0,0.0,0.0,0.0,0.0,0.0,0.0,0.0,0.0,0.0,0.0,0.0,0.0,0.0,0.0,0.0,0.0,0.0,0.0,0.0,0.0,0.0,0.03319973113857172,-0.07417230741503208,-0.01136682762271914,0.0013120179064571857,0.0034244740381836896,0.0018385497387498613,0.0,0.0,0.0,0.0,0.0,0.0,0.0,0.0,0.0,0.0,0.0,0.0,0.0,0.0,0.0,0.0,0.0,0.0,0.0,0.0,0.0,0.0,0.0,0.0,0.0,0.0,0.0,0.0,0.0,0.0,0.0,0.0,0.0,0.0,0.0,0.0
32438000000,3039,32438000000,map,base_link,0.013652200810611248,-0.03205201029777527,0.0024104383774101734,0.006421520510172447,-0.012225588701843359,0.029454746550323485,-0.9994707027621291,0.0,0.0,0.0,0.0,0.0,0.0,0.0,0.0,0.0,0.0,0.0,0.0,0.0,0.0,0.0,0.0,0.0,0.0,0.0,0.0,0.0,0.0,0.0,0.0,0.0,0.0,0.0,0.0,0.0,0.0,0.0,0.0,0.0,0.0,0.0,0.0,0.03336525229416214,-0.07409468956936652,-0.011458499727632224,0.0038801413029432297,0.0010773311369121075,0.00034825914190150787,0.0,0.0,0.0,0.0,0.0,0.0,0.0,0.0,0.0,0.0,0.0,0.0,0.0,0.0,0.0,0.0,0.0,0.0,0.0,0.0,0.0,0.0,0.0,0.0,0.0,0.0,0.0,0.0,0.0,0.0,0.0,0.0,0.0,0.0,0.0,0.0
32446000000,3040,32446000000,map,base_link,0.013624115847051144,-0.03176788240671158,0.002544861752539873,0.00643418563814997,-0.0122244125413521,0.029436159790130145,-0.9994712506711598,0.0,0.0,0.0,0.0,0.0,0.0,0.0,0.0,0.0,0.0,0.0,0.0,0.0,0.0,0.0,0.0,0.0,0.0,0.0,0.0,0.0,0.0,0.0,0.0,0.0,0.0,0.0,0.0,0.0,0.0,0.0,0.0,0.0,0.0,0.0,0.0,0.03326620005196101,-0.07412482494801655,-0.011385909217331104,-0.00025997357442975044,0.0013833902776241305,0.0014657431747764347,0.0,0.0,0.0,0.0,0.0,0.0,0.0,0.0,0.0,0.0,0.0,0.0,0.0,0.0,0.0,0.0,0.0,0.0,0.0,0.0,0.0,0.0,0.0,0.0,0.0,0.0,0.0,0.0,0.0,0.0,0.0,0.0,0.0,0.0,0.0,0.0
32454000000,3041,32454000000,map,base_link,0.01360351499170065,-0.03151105344295502,0.0026691528037190437,0.006437714119623742,-0.012220513957864844,0.02943767707667655,-0.9994712506711598,0.0,0.0,0.0,0.0,0.0,0.0,0.0,0.0,0.0,0.0,0.0,0.0,0.0,0.0,0.0,0.0,0.0,0.0,0.0,0.0,0.0,0.0,0.0,0.0,0.0,0.0,0.0,0.0,0.0,0.0,0.0,0.0,0.0,0.0,0.0,0.0,0.033316432511710785,-0.07371394951497064,-0.011545203291799625,0.0009205862879753113,-0.00022023031488060957,-0.0003799567639362067,0.0,0.0,0.0,0.0,0.0,0.0,0.0,0.0,0.0,0.0,0.0,0.0,0.0,0.0,0.0,0.0,0.0,0.0,0.0,0.0,0.0,0.0,0.0,0.0,0.0,0.0,0.0,0.0,0.0,0.0,0.0,0.0,0.0,0.0,0.0,0.0
32462000000,3042,32462000000,map,base_link,0.013591503724455833,-0.031281113624572754,0.0027824407443404198,0.0064350473436386646,-0.012215936744262109,0.029438224985707195,-0.9994712928180083,0.0,0.0,0.0,0.0,0.0,0.0,0.0,0.0,0.0,0.0,0.0,0.0,0.0,0.0,0.0,0.0,0.0,0.0,0.0,0.0,0.0,0.0,0.0,0.0,0.0,0.0,0.0,0.0,0.0,0.0,0.0,0.0,0.0,0.0,0.0,0.0,0.03336489235928051,-0.07361234096193225,-0.011594648729593322,0.0017242906615138054,-0.00036038784310221694,-0.0019018491730093956,0.0,0.0,0.0,0.0,0.0,0.0,0.0,0.0,0.0,0.0,0.0,0.0,0.0,0.0,0.0,0.0,0.0,0.0,0.0,0.0,0.0,0.0,0.0,0.0,0.0,0.0,0.0,0.0,0.0,0.0,0.0,0.0,0.0,0.0,0.0,0.0
32474000000,3043,32474000000,map,base_link,0.013700797222554684,-0.03137654811143875,0.0028453022241592407,0.006475381548391337,-0.012210598911752654,0.029418120938967562,-0.9994716721396448,0.0,0.0,0.0,0.0,0.0,0.0,0.0,0.0,0.0,0.0,0.0,0.0,0.0,0.0,0.0,0.0,0.0,0.0,0.0,0.0,0.0,0.0,0.0,0.0,0.0,0.0,0.0,0.0,0.0,0.0,0.0,0.0,0.0,0.0,0.0,0.0,0.03339748812599893,-0.07371226183873994,-0.01127295759783781,-0.004487728234380484,-0.0011278926394879814,0.00362290907651186,0.0,0.0,0.0,0.0,0.0,0.0,0.0,0.0,0.0,0.0,0.0,0.0,0.0,0.0,0.0,0.0,0.0,0.0,0.0,0.0,0.0,0.0,0.0,0.0,0.0,0.0,0.0,0.0,0.0,0.0,0.0,0.0,0.0,0.0,0.0,0.0
32487000000,3044,32487000000,map,base_link,0.013819536194205284,-0.03150230646133423,0.0029013194143772125,0.006487750660612523,-0.012221800424561186,0.029415718568602423,-0.9994715456990994,0.0,0.0,0.0,0.0,0.0,0.0,0.0,0.0,0.0,0.0,0.0,0.0,0.0,0.0,0.0,0.0,0.0,0.0,0.0,0.0,0.0,0.0,0.0,0.0,0.0,0.0,0.0,0.0,0.0,0.0,0.0,0.0,0.0,0.0,0.0,0.0,0.033525582686890654,-0.0739021973315088,-0.011058464260388944,0.00034917425364255905,0.0028722919523715973,0.00027557581779547003,0.0,0.0,0.0,0.0,0.0,0.0,0.0,0.0,0.0,0.0,0.0,0.0,0.0,0.0,0.0,0.0,0.0,0.0,0.0,0.0,0.0,0.0,0.0,0.0,0.0,0.0,0.0,0.0,0.0,0.0,0.0,0.0,0.0,0.0,0.0,0.0
32498000000,3045,32498000000,map,base_link,0.013950207270681858,-0.03166254982352257,0.0028826300986111164,0.006503575814411602,-0.012213835658009391,0.029404971122232115,-0.9994718407270389,0.0,0.0,0.0,0.0,0.0,0.0,0.0,0.0,0.0,0.0,0.0,0.0,0.0,0.0,0.0,0.0,0.0,0.0,0.0,0.0,0.0,0.0,0.0,0.0,0.0,0.0,0.0,0.0,0.0,0.0,0.0,0.0,0.0,0.0,0.0,0.0,0.033970517365992964,-0.07431324297504348,-0.011301482183339769,-0.0016569985309615731,-0.0008594733662903307,0.0015293636824935675,0.0,0.0,0.0,0.0,0.0,0.0,0.0,0.0,0.0,0.0,0.0,0.0,0.0,0.0,0.0,0.0,0.0,0.0,0.0,0.0,0.0,0.0,0.0,0.0,0.0,0.0,0.0,0.0,0.0,0.0,0.0,0.0,0.0,0.0,0.0,0.0
32507000000,3046,32507000000,map,base_link,0.013973050750792027,-0.03154301643371582,0.0029011450242251158,0.006511052599482983,-0.012220532067838812,0.029393338592043072,-0.999472009314433,0.0,0.0,0.0,0.0,0.0,0.0,0.0,0.0,0.0,0.0,0.0,0.0,0.0,0.0,0.0,0.0,0.0,0.0,0.0,0.0,0.0,0.0,0.0,0.0,0.0,0.0,0.0,0.0,0.0,0.0,0.0,0.0,0.0,0.0,0.0,0.0,0.0339161819000883,-0.07433150036199063,-0.011355479611773049,-0.0002889208262786269,0.002155345864593983,0.0018565817736089227,0.0,0.0,0.0,0.0,0.0,0.0,0.0,0.0,0.0,0.0,0.0,0.0,0.0,0.0,0.0,0.0,0.0,0.0,0.0,0.0,0.0,0.0,0.0,0.0,0.0,0.0,0.0,0.0,0.0,0.0,0.0,0.0,0.0,0.0,0.0,0.0
32515000000,3047,32515000000,map,base_link,0.014002591371536255,-0.031449053436517715,0.002912837313488126,0.006502582070749055,-0.012210656863669357,0.02939776401113675,-0.9994720514612815,0.0,0.0,0.0,0.0,0.0,0.0,0.0,0.0,0.0,0.0,0.0,0.0,0.0,0.0,0.0,0.0,0.0,0.0,0.0,0.0,0.0,0.0,0.0,0.0,0.0,0.0,0.0,0.0,0.0,0.0,0.0,0.0,0.0,0.0,0.0,0.0,0.03390408138967455,-0.07416353251397104,-0.011405476830697314,0.0035592378117144108,-0.0007636575028300286,-0.0006007211632095276,0.0,0.0,0.0,0.0,0.0,0.0,0.0,0.0,0.0,0.0,0.0,0.0,0.0,0.0,0.0,0.0,0.0,0.0,0.0,0.0,0.0,0.0,0.0,0.0,0.0,0.0,0.0,0.0,0.0,0.0,0.0,0.0,0.0,0.0,0.0,0.0
32523000000,3048,32523000000,map,base_link,0.01403869315981865,-0.031379155814647675,0.002917783334851265,0.006497709829206745,-0.012208624924589977,0.0293876066206456,-0.999472430782918,0.0,0.0,0.0,0.0,0.0,0.0,0.0,0.0,0.0,0.0,0.0,0.0,0.0,0.0,0.0,0.0,0.0,0.0,0.0,0.0,0.0,0.0,0.0,0.0,0.0,0.0,0.0,0.0,0.0,0.0,0.0,0.0,0.0,0.0,0.0,0.0,0.03372937387731031,-0.07409967538338469,-0.011414344248972664,0.0033805943094193935,-0.0002926574088633059,0.0012391031486913562,0.0,0.0,0.0,0.0,0.0,0.0,0.0,0.0,0.0,0.0,0.0,0.0,0.0,0.0,0.0,0.0,0.0,0.0,0.0,0.0,0.0,0.0,0.0,0.0,0.0,0.0,0.0,0.0,0.0,0.0,0.0,0.0,0.0,0.0,0.0,0.0
32531000000,3049,32531000000,map,base_link,0.014078659005463123,-0.03132364898920059,0.002919879276305437,0.006489320630719554,-0.012198664438906737,0.02939148413070869,-0.999472515076615,0.0,0.0,0.0,0.0,0.0,0.0,0.0,0.0,0.0,0.0,0.0,0.0,0.0,0.0,0.0,0.0,0.0,0.0,0.0,0.0,0.0,0.0,0.0,0.0,0.0,0.0,0.0,0.0,0.0,0.0,0.0,0.0,0.0,0.0,0.0,0.0,0.03376379738597206,-0.0739998699665318,-0.011191783011459327,0.0023970268666744232,-0.001904333010315895,-0.0006134236464276908,0.0,0.0,0.0,0.0,0.0,0.0,0.0,0.0,0.0,0.0,0.0,0.0,0.0,0.0,0.0,0.0,0.0,0.0,0.0,0.0,0.0,0.0,0.0,0.0,0.0,0.0,0.0,0.0,0.0,0.0,0.0,0.0,0.0,0.0,0.0,0.0
32542000000,3050,32542000000,map,base_link,0.01424314547330141,-0.031601432710886,0.0028720975387841463,0.006488743416458306,-0.012200024004043469,0.029398817682349476,-0.9994722621955241,0.0,0.0,0.0,0.0,0.0,0.0,0.0,0.0,0.0,0.0,0.0,0.0,0.0,0.0,0.0,0.0,0.0,0.0,0.0,0.0,0.0,0.0,0.0,0.0,0.0,0.0,0.0,0.0,0.0,0.0,0.0,0.0,0.0,0.0,0.0,0.0,0.03381200093719171,-0.07441261145092067,-0.011564580051275305,0.0019422046607360244,0.0019812500104308124,-0.0021815425716340546,0.0,0.0,0.0,0.0,0.0,0.0,0.0,0.0,0.0,0.0,0.0,0.0,0.0,0.0,0.0,0.0,0.0,0.0,0.0,0.0,0.0,0.0,0.0,0.0,0.0,0.0,0.0,0.0,0.0,0.0,0.0,0.0,0.0,0.0,0.0,0.0
32550000000,3051,32550000000,map,base_link,0.01429775170981884,-0.031596794724464417,0.0028698574751615524,0.006490035480782968,-0.012204171517354744,0.02939376006052824,-0.999472346489221,0.0,0.0,0.0,0.0,0.0,0.0,0.0,0.0,0.0,0.0,0.0,0.0,0.0,0.0,0.0,0.0,0.0,0.0,0.0,0.0,0.0,0.0,0.0,0.0,0.0,0.0,0.0,0.0,0.0,0.0,0.0,0.0,0.0,0.0,0.0,0.0,0.034025424383220676,-0.0744325392430776,-0.01177284951874199,0.0009835802484303713,0.0012782779522240164,0.0015333585906773803,0.0,0.0,0.0,0.0,0.0,0.0,0.0,0.0,0.0,0.0,0.0,0.0,0.0,0.0,0.0,0.0,0.0,0.0,0.0,0.0,0.0,0.0,0.0,0.0,0.0,0.0,0.0,0.0,0.0,0.0,0.0,0.0,0.0,0.0,0.0,0.0
32563000000,3052,32562000000,map,base_link,0.014480370096862316,-0.03192179650068283,0.0028138719499111176,0.00649340228958003,-0.012212239675394294,0.029402358017624475,-0.9994720093144329,0.0,0.0,0.0,0.0,0.0,0.0,0.0,0.0,0.0,0.0,0.0,0.0,0.0,0.0,0.0,0.0,0.0,0.0,0.0,0.0,0.0,0.0,0.0,0.0,0.0,0.0,0.0,0.0,0.0,0.0,0.0,0.0,0.0,0.0,0.0,0.0,0.03440938903999731,-0.07447408515605557,-0.011676273310462918,0.0003925992059521377,0.0018912740051746368,-7.160720997490012e-05,0.0,0.0,0.0,0.0,0.0,0.0,0.0,0.0,0.0,0.0,0.0,0.0,0.0,0.0,0.0,0.0,0.0,0.0,0.0,0.0,0.0,0.0,0.0,0.0,0.0,0.0,0.0,0.0,0.0,0.0,0.0,0.0,0.0,0.0,0.0,0.0
32575000000,3053,32575000000,map,base_link,0.014671600423753262,-0.03226912394165993,0.0027569106314331293,0.006496248189671277,-0.012200909087862198,0.02940062999683546,-0.9994721357549785,0.0,0.0,0.0,0.0,0.0,0.0,0.0,0.0,0.0,0.0,0.0,0.0,0.0,0.0,0.0,0.0,0.0,0.0,0.0,0.0,0.0,0.0,0.0,0.0,0.0,0.0,0.0,0.0,0.0,0.0,0.0,0.0,0.0,0.0,0.0,0.0,0.03485562426747161,-0.07504986517405289,-0.011425910340694928,0.0005010939785279334,0.00017260154709219933,9.086125646717844e-05,0.0,0.0,0.0,0.0,0.0,0.0,0.0,0.0,0.0,0.0,0.0,0.0,0.0,0.0,0.0,0.0,0.0,0.0,0.0,0.0,0.0,0.0,0.0,0.0,0.0,0.0,0.0,0.0,0.0,0.0,0.0,0.0,0.0,0.0,0.0,0.0
32583000000,3054,32583000000,map,base_link,0.01474844105541706,-0.03232401981949806,0.002742561511695385,0.006489512267171376,-0.01220248333850853,0.029397300395803072,-0.9994722621955241,0.0,0.0,0.0,0.0,0.0,0.0,0.0,0.0,0.0,0.0,0.0,0.0,0.0,0.0,0.0,0.0,0.0,0.0,0.0,0.0,0.0,0.0,0.0,0.0,0.0,0.0,0.0,0.0,0.0,0.0,0.0,0.0,0.0,0.0,0.0,0.0,0.034825015248248,-0.07508958609485124,-0.011581683686305261,0.003198898397386074,0.0006447285413742068,0.001982456771656871,0.0,0.0,0.0,0.0,0.0,0.0,0.0,0.0,0.0,0.0,0.0,0.0,0.0,0.0,0.0,0.0,0.0,0.0,0.0,0.0,0.0,0.0,0.0,0.0,0.0,0.0,0.0,0.0,0.0,0.0,0.0,0.0,0.0,0.0,0.0,0.0
32594000000,3055,32594000000,map,base_link,0.014952197670936584,-0.03270668163895607,0.002680097706615925,0.006488856356841425,-0.012194426704997869,0.029399534178774223,-0.9994723043423726,0.0,0.0,0.0,0.0,0.0,0.0,0.0,0.0,0.0,0.0,0.0,0.0,0.0,0.0,0.0,0.0,0.0,0.0,0.0,0.0,0.0,0.0,0.0,0.0,0.0,0.0,0.0,0.0,0.0,0.0,0.0,0.0,0.0,0.0,0.0,0.0,0.0354755621249012,-0.07564047630808583,-0.01127476303688207,0.001038778922520578,-0.0007317150011658671,-0.0014851094456389546,0.0,0.0,0.0,0.0,0.0,0.0,0.0,0.0,0.0,0.0,0.0,0.0,0.0,0.0,0.0,0.0,0.0,0.0,0.0,0.0,0.0,0.0,0.0,0.0,0.0,0.0,0.0,0.0,0.0,0.0,0.0,0.0,0.0,0.0,0.0,0.0
32607000000,3056,32606000000,map,base_link,0.015172035433351994,-0.03312156721949577,0.002716002520173788,0.006490475388514302,-0.01218564007490011,0.02940880648544658,-0.9994721357549785,0.0,0.0,0.0,0.0,0.0,0.0,0.0,0.0,0.0,0.0,0.0,0.0,0.0,0.0,0.0,0.0,0.0,0.0,0.0,0.0,0.0,0.0,0.0,0.0,0.0,0.0,0.0,0.0,0.0,0.0,0.0,0.0,0.0,0.0,0.0,0.0,0.035960299693562466,-0.07596499009728963,-0.011076521417402596,-0.00040762266144156456,-0.0012476127594709399,-0.0019591334275901318,0.0,0.0,0.0,0.0,0.0,0.0,0.0,0.0,0.0,0.0,0.0,0.0,0.0,0.0,0.0,0.0,0.0,0.0,0.0,0.0,0.0,0.0,0.0,0.0,0.0,0.0,0.0,0.0,0.0,0.0,0.0,0.0,0.0,0.0,0.0,0.0
32615000000,3057,32614000000,map,base_link,0.01527473609894514,-0.03324021399021149,0.0027890645433217287,0.006484499097104358,-0.012197311459215087,0.029411967499084923,-0.999471925020736,0.0,0.0,0.0,0.0,0.0,0.0,0.0,0.0,0.0,0.0,0.0,0.0,0.0,0.0,0.0,0.0,0.0,0.0,0.0,0.0,0.0,0.0,0.0,0.0,0.0,0.0,0.0,0.0,0.0,0.0,0.0,0.0,0.0,0.0,0.0,0.0,0.036149202938629194,-0.0758778636362873,-0.01092116235884745,0.0006150040426291525,0.003417694941163063,0.00016520821372978349,0.0,0.0,0.0,0.0,0.0,0.0,0.0,0.0,0.0,0.0,0.0,0.0,0.0,0.0,0.0,0.0,0.0,0.0,0.0,0.0,0.0,0.0,0.0,0.0,0.0,0.0,0.0,0.0,0.0,0.0,0.0,0.0,0.0,0.0,0.0,0.0
32622000000,3058,32622000000,map,base_link,0.015385434962809086,-0.03338158503174782,0.002853317419067025,0.006490534328247766,-0.012200074382698328,0.029409860156659362,-0.999471925020736,0.0,0.0,0.0,0.0,0.0,0.0,0.0,0.0,0.0,0.0,0.0,0.0,0.0,0.0,0.0,0.0,0.0,0.0,0.0,0.0,0.0,0.0,0.0,0.0,0.0,0.0,0.0,0.0,0.0,0.0,0.0,0.0,0.0,0.0,0.0,0.0,0.036364645181057954,-0.0759750266068487,-0.011043501023256797,4.1245599277317524e-05,0.0028238417580723763,0.0013102975208312269,0.0,0.0,0.0,0.0,0.0,0.0,0.0,0.0,0.0,0.0,0.0,0.0,0.0,0.0,0.0,0.0,0.0,0.0,0.0,0.0,0.0,0.0,0.0,0.0,0.0,0.0,0.0,0.0,0.0,0.0,0.0,0.0,0.0,0.0,0.0,0.0
32630000000,3059,32630000000,map,base_link,0.015499929897487164,-0.03353709354996681,0.0029096088837832212,0.00649004470040608,-0.012198119493326382,0.029401304346411694,-0.9994722200486755,0.0,0.0,0.0,0.0,0.0,0.0,0.0,0.0,0.0,0.0,0.0,0.0,0.0,0.0,0.0,0.0,0.0,0.0,0.0,0.0,0.0,0.0,0.0,0.0,0.0,0.0,0.0,0.0,0.0,0.0,0.0,0.0,0.0,0.0,0.0,0.0,0.03631573585414141,-0.0761962142853117,-0.01110035720836138,6.553542334586382e-05,-0.0014226757921278475,0.001605804776772857,0.0,0.0,0.0,0.0,0.0,0.0,0.0,0.0,0.0,0.0,0.0,0.0,0.0,0.0,0.0,0.0,0.0,0.0,0.0,0.0,0.0,0.0,0.0,0.0,0.0,0.0,0.0,0.0,0.0,0.0,0.0,0.0,0.0,0.0,0.0,0.0
32643000000,3060,32643000000,map,base_link,0.0157463476061821,-0.03402206301689148,0.002917674370110035,0.006494116810371191,-0.01220825482257649,0.029426592455518152,-0.9994712928180083,0.0,0.0,0.0,0.0,0.0,0.0,0.0,0.0,0.0,0.0,0.0,0.0,0.0,0.0,0.0,0.0,0.0,0.0,0.0,0.0,0.0,0.0,0.0,0.0,0.0,0.0,0.0,0.0,0.0,0.0,0.0,0.0,0.0,0.0,0.0,0.0,0.03647553253993611,-0.07622798768613241,-0.010901149597103428,0.0008471213513985276,0.0012657120823860164,-0.003360055387020111,0.0,0.0,0.0,0.0,0.0,0.0,0.0,0.0,0.0,0.0,0.0,0.0,0.0,0.0,0.0,0.0,0.0,0.0,0.0,0.0,0.0,0.0,0.0,0.0,0.0,0.0,0.0,0.0,0.0,0.0,0.0,0.0,0.0,0.0,0.0,0.0
32654000000,3061,32654000000,map,base_link,0.015999380499124527,-0.03453639894723892,0.0029174485243856907,0.006500979173416626,-0.012211561703823327,0.0294395736848595,-0.9994708713495233,0.0,0.0,0.0,0.0,0.0,0.0,0.0,0.0,0.0,0.0,0.0,0.0,0.0,0.0,0.0,0.0,0.0,0.0,0.0,0.0,0.0,0.0,0.0,0.0,0.0,0.0,0.0,0.0,0.0,0.0,0.0,0.0,0.0,0.0,0.0,0.0,0.036534488067719806,-0.07693432559883119,-0.011177668395243983,-0.0010187021689489484,0.0003134454600512979,-0.0015749761369079351,0.0,0.0,0.0,0.0,0.0,0.0,0.0,0.0,0.0,0.0,0.0,0.0,0.0,0.0,0.0,0.0,0.0,0.0,0.0,0.0,0.0,0.0,0.0,0.0,0.0,0.0,0.0,0.0,0.0,0.0,0.0,0.0,0.0,0.0,0.0,0.0
32662000000,3062,32662000000,map,base_link,0.01612767018377781,-0.03474446386098862,0.002986437641084194,0.006495151054520978,-0.012211703949437049,0.029440753796617813,-0.9994708713495233,0.0,0.0,0.0,0.0,0.0,0.0,0.0,0.0,0.0,0.0,0.0,0.0,0.0,0.0,0.0,0.0,0.0,0.0,0.0,0.0,0.0,0.0,0.0,0.0,0.0,0.0,0.0,0.0,0.0,0.0,0.0,0.0,0.0,0.0,0.0,0.0,0.03654582113937668,-0.07714605429645496,-0.01111551021105657,0.0007469513220712543,0.0005203513428568839,-0.0009837469551712275,0.0,0.0,0.0,0.0,0.0,0.0,0.0,0.0,0.0,0.0,0.0,0.0,0.0,0.0,0.0,0.0,0.0,0.0,0.0,0.0,0.0,0.0,0.0,0.0,0.0,0.0,0.0,0.0,0.0,0.0,0.0,0.0,0.0,0.0,0.0,0.0
32674000000,3063,32674000000,map,base_link,0.016387738287448883,-0.03528815507888794,0.0030076310504227877,0.00648658306119987,-0.0122214797133858,0.029445895712136183,-0.9994706184684321,0.0,0.0,0.0,0.0,0.0,0.0,0.0,0.0,0.0,0.0,0.0,0.0,0.0,0.0,0.0,0.0,0.0,0.0,0.0,0.0,0.0,0.0,0.0,0.0,0.0,0.0,0.0,0.0,0.0,0.0,0.0,0.0,0.0,0.0,0.0,0.0,0.036651177389186565,-0.07730360183473173,-0.010893934715246092,0.0033955806866288185,-0.0004284707829356191,0.0020091691985726357,0.0,0.0,0.0,0.0,0.0,0.0,0.0,0.0,0.0,0.0,0.0,0.0,0.0,0.0,0.0,0.0,0.0,0.0,0.0,0.0,0.0,0.0,0.0,0.0,0.0,0.0,0.0,0.0,0.0,0.0,0.0,0.0,0.0,0.0,0.0,0.0
32682000000,3064,32682000000,map,base_link,0.016526229679584503,-0.03553186357021332,0.0030637369491159916,0.006482060177519043,-0.012216682875189653,0.029449225313168625,-0.9994705763215836,0.0,0.0,0.0,0.0,0.0,0.0,0.0,0.0,0.0,0.0,0.0,0.0,0.0,0.0,0.0,0.0,0.0,0.0,0.0,0.0,0.0,0.0,0.0,0.0,0.0,0.0,0.0,0.0,0.0,0.0,0.0,0.0,0.0,0.0,0.0,0.0,0.036788417549469044,-0.07782326400687956,-0.011197476116750782,0.002571560675278306,0.000979810953140259,0.0012079669395461676,0.0,0.0,0.0,0.0,0.0,0.0,0.0,0.0,0.0,0.0,0.0,0.0,0.0,0.0,0.0,0.0,0.0,0.0,0.0,0.0,0.0,0.0,0.0,0.0,0.0,0.0,0.0,0.0,0.0,0.0,0.0,0.0,0.0,0.0,0.0,0.0
32695000000,3065,32695000000,map,base_link,0.01679726503789425,-0.03611418232321739,0.003071471815928817,0.006490626195206629,-0.01222137994389284,0.029456390277415367,-0.9994703234404926,0.0,0.0,0.0,0.0,0.0,0.0,0.0,0.0,0.0,0.0,0.0,0.0,0.0,0.0,0.0,0.0,0.0,0.0,0.0,0.0,0.0,0.0,0.0,0.0,0.0,0.0,0.0,0.0,0.0,0.0,0.0,0.0,0.0,0.0,0.0,0.0,0.036697697209501993,-0.0781509401289296,-0.010861351638297403,0.00016072695143520832,-0.001787442248314619,0.0005640708841383459,0.0,0.0,0.0,0.0,0.0,0.0,0.0,0.0,0.0,0.0,0.0,0.0,0.0,0.0,0.0,0.0,0.0,0.0,0.0,0.0,0.0,0.0,0.0,0.0,0.0,0.0,0.0,0.0,0.0,0.0,0.0,0.0,0.0,0.0,0.0,0.0
32703000000,3066,32702000000,map,base_link,0.01694270595908165,-0.036386650055646896,0.00312023120932281,0.006485323594828353,-0.012234700982200315,0.029460520668569468,-0.9994700705594015,0.0,0.0,0.0,0.0,0.0,0.0,0.0,0.0,0.0,0.0,0.0,0.0,0.0,0.0,0.0,0.0,0.0,0.0,0.0,0.0,0.0,0.0,0.0,0.0,0.0,0.0,0.0,0.0,0.0,0.0,0.0,0.0,0.0,0.0,0.0,0.0,0.036909483096387564,-0.0783118576420337,-0.010590204206462709,0.0016611950704827905,0.0019092289730906487,-0.000673738541081548,0.0,0.0,0.0,0.0,0.0,0.0,0.0,0.0,0.0,0.0,0.0,0.0,0.0,0.0,0.0,0.0,0.0,0.0,0.0,0.0,0.0,0.0,0.0,0.0,0.0,0.0,0.0,0.0,0.0,0.0,0.0,0.0,0.0,0.0,0.0,0.0
32715000000,3067,32715000000,map,base_link,0.017222732305526733,-0.037002090364694595,0.0031214291229844093,0.006494056553548711,-0.012237402990316568,0.029471225968091264,-0.9994696490909163,0.0,0.0,0.0,0.0,0.0,0.0,0.0,0.0,0.0,0.0,0.0,0.0,0.0,0.0,0.0,0.0,0.0,0.0,0.0,0.0,0.0,0.0,0.0,0.0,0.0,0.0,0.0,0.0,0.0,0.0,0.0,0.0,0.0,0.0,0.0,0.0,0.03714673749375529,-0.07896582781785083,-0.010884202321916784,-0.0016376463463529944,0.0017238510772585867,-0.0013360548764467242,0.0,0.0,0.0,0.0,0.0,0.0,0.0,0.0,0.0,0.0,0.0,0.0,0.0,0.0,0.0,0.0,0.0,0.0,0.0,0.0,0.0,0.0,0.0,0.0,0.0,0.0,0.0,0.0,0.0,0.0,0.0,0.0,0.0,0.0,0.0,0.0
32726000000,3068,32726000000,map,base_link,0.01751273311674595,-0.037644900381565094,0.0031139501370489597,0.0065028003782534516,-0.012251701637946142,0.029465156821905703,-0.9994695647972194,0.0,0.0,0.0,0.0,0.0,0.0,0.0,0.0,0.0,0.0,0.0,0.0,0.0,0.0,0.0,0.0,0.0,0.0,0.0,0.0,0.0,0.0,0.0,0.0,0.0,0.0,0.0,0.0,0.0,0.0,0.0,0.0,0.0,0.0,0.0,0.0,0.03739276912390607,-0.0795926447984805,-0.010991514408668846,-0.0015421301359310746,0.0010106810368597507,0.000803823466412723,0.0,0.0,0.0,0.0,0.0,0.0,0.0,0.0,0.0,0.0,0.0,0.0,0.0,0.0,0.0,0.0,0.0,0.0,0.0,0.0,0.0,0.0,0.0,0.0,0.0,0.0,0.0,0.0,0.0,0.0,0.0,0.0,0.0,0.0,0.0,0.0
32734000000,3069,32734000000,map,base_link,0.017676930874586105,-0.03797442466020584,0.0031438684090971947,0.006507737157157544,-0.012264973614687773,0.029480329687369522,-0.9994689747413402,0.0,0.0,0.0,0.0,0.0,0.0,0.0,0.0,0.0,0.0,0.0,0.0,0.0,0.0,0.0,0.0,0.0,0.0,0.0,0.0,0.0,0.0,0.0,0.0,0.0,0.0,0.0,0.0,0.0,0.0,0.0,0.0,0.0,0.0,0.0,0.0,0.037592644945986776,-0.07986071042316643,-0.01074070250113281,-0.0013340619625523686,0.0016534980386495586,-0.00362710771150887,0.0,0.0,0.0,0.0,0.0,0.0,0.0,0.0,0.0,0.0,0.0,0.0,0.0,0.0,0.0,0.0,0.0,0.0,0.0,0.0,0.0,0.0,0.0,0.0,0.0,0.0,0.0,0.0,0.0,0.0,0.0,0.0,0.0,0.0,0.0,0.0
32742000000,3070,32742000000,map,base_link,0.017845915630459785,-0.03831582888960838,0.0031707705929875374,0.0065016387057413695,-0.012263829393605152,0.029475777827730476,-0.9994691433287343,0.0,0.0,0.0,0.0,0.0,0.0,0.0,0.0,0.0,0.0,0.0,0.0,0.0,0.0,0.0,0.0,0.0,0.0,0.0,0.0,0.0,0.0,0.0,0.0,0.0,0.0,0.0,0.0,0.0,0.0,0.0,0.0,0.0,0.0,0.0,0.0,0.03797016412141255,-0.08004140862612709,-0.010609738192829423,0.0004672378418035805,0.0003735497593879699,-0.0005792049923911691,0.0,0.0,0.0,0.0,0.0,0.0,0.0,0.0,0.0,0.0,0.0,0.0,0.0,0.0,0.0,0.0,0.0,0.0,0.0,0.0,0.0,0.0,0.0,0.0,0.0,0.0,0.0,0.0,0.0,0.0,0.0,0.0,0.0,0.0,0.0,0.0
32754000000,3071,32754000000,map,base_link,0.017747284844517708,-0.03795753791928291,0.0034439233131706715,0.006501604461426954,-0.012258921919931665,0.029480076806278455,-0.9994690590350372,0.0,0.0,0.0,0.0,0.0,0.0,0.0,0.0,0.0,0.0,0.0,0.0,0.0,0.0,0.0,0.0,0.0,0.0,0.0,0.0,0.0,0.0,0.0,0.0,0.0,0.0,0.0,0.0,0.0,0.0,0.0,0.0,0.0,0.0,0.0,0.0,0.037927625345445255,-0.07979339697360761,-0.010082861268671915,-0.001487487112171948,-0.0023162071593105793,0.000866182730533183,0.0,0.0,0.0,0.0,0.0,0.0,0.0,0.0,0.0,0.0,0.0,0.0,0.0,0.0,0.0,0.0,0.0,0.0,0.0,0.0,0.0,0.0,0.0,0.0,0.0,0.0,0.0,0.0,0.0,0.0,0.0,0.0,0.0,0.0,0.0,0.0
32767000000,3072,32767000000,map,base_link,0.01766669563949108,-0.03765074908733368,0.0037547284737229347,0.006515134916887967,-0.012237425710102093,0.02947265896094059,-0.9994694805035224,0.0,0.0,0.0,0.0,0.0,0.0,0.0,0.0,0.0,0.0,0.0,0.0,0.0,0.0,0.0,0.0,0.0,0.0,0.0,0.0,0.0,0.0,0.0,0.0,0.0,0.0,0.0,0.0,0.0,0.0,0.0,0.0,0.0,0.0,0.0,0.0,0.03817797728510456,-0.08027388924024632,-0.0100961384813578,-0.001106894575059414,-0.0035391554702073336,0.0013437422458082442,0.0,0.0,0.0,0.0,0.0,0.0,0.0,0.0,0.0,0.0,0.0,0.0,0.0,0.0,0.0,0.0,0.0,0.0,0.0,0.0,0.0,0.0,0.0,0.0,0.0,0.0,0.0,0.0,0.0,0.0,0.0,0.0,0.0,0.0,0.0,0.0
32775000000,3073,32775000000,map,base_link,0.017467379570007324,-0.03704705089330673,0.0040924581699073315,0.0065126920460356055,-0.012223620970853505,0.029469118625665702,-0.9994697333846134,0.0,0.0,0.0,0.0,0.0,0.0,0.0,0.0,0.0,0.0,0.0,0.0,0.0,0.0,0.0,0.0,0.0,0.0,0.0,0.0,0.0,0.0,0.0,0.0,0.0,0.0,0.0,0.0,0.0,0.0,0.0,0.0,0.0,0.0,0.0,0.0,0.038027809235421574,-0.08002896176557761,-0.010183863355557706,0.0013550900621339679,-0.0011204346083104608,0.0009887940250337126,0.0,0.0,0.0,0.0,0.0,0.0,0.0,0.0,0.0,0.0,0.0,0.0,0.0,0.0,0.0,0.0,0.0,0.0,0.0,0.0,0.0,0.0,0.0,0.0,0.0,0.0,0.0,0.0,0.0,0.0,0.0,0.0,0.0,0.0,0.0,0.0
32786000000,3074,32786000000,map,base_link,0.01741785742342472,-0.03682094067335129,0.004374852403998375,0.006531166195118045,-0.01223191797310958,0.029465198968754158,-0.9994696069440678,0.0,0.0,0.0,0.0,0.0,0.0,0.0,0.0,0.0,0.0,0.0,0.0,0.0,0.0,0.0,0.0,0.0,0.0,0.0,0.0,0.0,0.0,0.0,0.0,0.0,0.0,0.0,0.0,0.0,0.0,0.0,0.0,0.0,0.0,0.0,0.0,0.03830635310235118,-0.08030511918072238,-0.009874460675310615,-0.0009128444362431765,0.0013858391903340819,0.0020720502361655235,0.0,0.0,0.0,0.0,0.0,0.0,0.0,0.0,0.0,0.0,0.0,0.0,0.0,0.0,0.0,0.0,0.0,0.0,0.0,0.0,0.0,0.0,0.0,0.0,0.0,0.0,0.0,0.0,0.0,0.0,0.0,0.0,0.0,0.0,0.0,0.0
32794000000,3075,32794000000,map,base_link,0.017248079180717468,-0.036298591643571854,0.004687407985329628,0.006535519174315811,-0.0122384533688068,0.029462459423600984,-0.9994696490909163,0.0,0.0,0.0,0.0,0.0,0.0,0.0,0.0,0.0,0.0,0.0,0.0,0.0,0.0,0.0,0.0,0.0,0.0,0.0,0.0,0.0,0.0,0.0,0.0,0.0,0.0,0.0,0.0,0.0,0.0,0.0,0.0,0.0,0.0,0.0,0.0,0.03809661409486399,-0.08020991922619303,-0.009427482435366223,0.0006342396372929215,0.0006146584637463094,0.001016843132674694,0.0,0.0,0.0,0.0,0.0,0.0,0.0,0.0,0.0,0.0,0.0,0.0,0.0,0.0,0.0,0.0,0.0,0.0,0.0,0.0,0.0,0.0,0.0,0.0,0.0,0.0,0.0,0.0,0.0,0.0,0.0,0.0,0.0,0.0,0.0,0.0
32803000000,3076,32803000000,map,base_link,0.017088714987039566,-0.03580959886312485,0.004985816776752472,0.006533330830915784,-0.01223491764334344,0.02946237512990396,-0.9994697333846134,0.0,0.0,0.0,0.0,0.0,0.0,0.0,0.0,0.0,0.0,0.0,0.0,0.0,0.0,0.0,0.0,0.0,0.0,0.0,0.0,0.0,0.0,0.0,0.0,0.0,0.0,0.0,0.0,0.0,0.0,0.0,0.0,0.0,0.0,0.0,0.0,0.03791981698666815,-0.08001539964922352,-0.00985538021831721,0.0017345703672617674,-0.0003458685241639612,0.0015896117547526956,0.0,0.0,0.0,0.0,0.0,0.0,0.0,0.0,0.0,0.0,0.0,0.0,0.0,0.0,0.0,0.0,0.0,0.0,0.0,0.0,0.0,0.0,0.0,0.0,0.0,0.0,0.0,0.0,0.0,0.0,0.0,0.0,0.0,0.0,0.0,0.0
32811000000,3077,32811000000,map,base_link,0.016940761357545853,-0.035352665930986404,0.005332582164555788,0.006528994315330717,-0.012233212671612273,0.029477632289064915,-0.9994692276224313,0.0,0.0,0.0,0.0,0.0,0.0,0.0,0.0,0.0,0.0,0.0,0.0,0.0,0.0,0.0,0.0,0.0,0.0,0.0,0.0,0.0,0.0,0.0,0.0,0.0,0.0,0.0,0.0,0.0,0.0,0.0,0.0,0.0,0.0,0.0,0.0,0.03782636586567862,-0.07973504162877092,-0.009696995711270648,0.002403267892077565,0.0008172043599188325,-0.0025020779576152563,0.0,0.0,0.0,0.0,0.0,0.0,0.0,0.0,0.0,0.0,0.0,0.0,0.0,0.0,0.0,0.0,0.0,0.0,0.0,0.0,0.0,0.0,0.0,0.0,0.0,0.0,0.0,0.0,0.0,0.0,0.0,0.0,0.0,0.0,0.0,0.0
32819000000,3078,32819000000,map,base_link,0.016803206875920296,-0.03492074832320213,0.005669045727699995,0.00653332062347591,-0.01224107338813181,0.02947657861785219,-0.9994691854755828,0.0,0.0,0.0,0.0,0.0,0.0,0.0,0.0,0.0,0.0,0.0,0.0,0.0,0.0,0.0,0.0,0.0,0.0,0.0,0.0,0.0,0.0,0.0,0.0,0.0,0.0,0.0,0.0,0.0,0.0,0.0,0.0,0.0,0.0,0.0,0.0,0.0380297583472495,-0.07963642494503133,-0.009482626617177015,-0.00017035356722772121,0.001573262270539999,0.00020965139265172165,0.0,0.0,0.0,0.0,0.0,0.0,0.0,0.0,0.0,0.0,0.0,0.0,0.0,0.0,0.0,0.0,0.0,0.0,0.0,0.0,0.0,0.0,0.0,0.0,0.0,0.0,0.0,0.0,0.0,0.0,0.0,0.0,0.0,0.0,0.0,0.0
32827000000,3079,32827000000,map,base_link,0.01668047532439232,-0.034525323659181595,0.005990117788314819,0.006544990032157365,-0.0122392162926193,0.02947957104409643,-0.9994690590350372,0.0,0.0,0.0,0.0,0.0,0.0,0.0,0.0,0.0,0.0,0.0,0.0,0.0,0.0,0.0,0.0,0.0,0.0,0.0,0.0,0.0,0.0,0.0,0.0,0.0,0.0,0.0,0.0,0.0,0.0,0.0,0.0,0.0,0.0,0.0,0.0,0.038029223027215626,-0.07925961920616195,-0.009589014900565351,-0.0008566500619053841,-0.0005314233712852001,0.0002009138988796622,0.0,0.0,0.0,0.0,0.0,0.0,0.0,0.0,0.0,0.0,0.0,0.0,0.0,0.0,0.0,0.0,0.0,0.0,0.0,0.0,0.0,0.0,0.0,0.0,0.0,0.0,0.0,0.0,0.0,0.0,0.0,0.0,0.0,0.0,0.0,0.0
32838000000,3080,32838000000,map,base_link,0.01670418120920658,-0.03449266031384468,0.006258044391870499,0.006555742417611452,-0.012249312109198928,0.02948580877767598,-0.9994687218602492,0.0,0.0,0.0,0.0,0.0,0.0,0.0,0.0,0.0,0.0,0.0,0.0,0.0,0.0,0.0,0.0,0.0,0.0,0.0,0.0,0.0,0.0,0.0,0.0,0.0,0.0,0.0,0.0,0.0,0.0,0.0,0.0,0.0,0.0,0.0,0.0,0.0380994555416354,-0.07905629045656852,-0.009417540509112832,0.0010652431519702077,0.003339490387588739,-0.0024878506083041434,0.0,0.0,0.0,0.0,0.0,0.0,0.0,0.0,0.0,0.0,0.0,0.0,0.0,0.0,0.0,0.0,0.0,0.0,0.0,0.0,0.0,0.0,0.0,0.0,0.0,0.0,0.0,0.0,0.0,0.0,0.0,0.0,0.0,0.0,0.0,0.0
32850000000,3081,32850000000,map,base_link,0.016736509278416634,-0.03448653966188431,0.006515275686979294,0.006572320617055409,-0.012268412534108456,0.029498790007017328,-0.999467963216976,0.0,0.0,0.0,0.0,0.0,0.0,0.0,0.0,0.0,0.0,0.0,0.0,0.0,0.0,0.0,0.0,0.0,0.0,0.0,0.0,0.0,0.0,0.0,0.0,0.0,0.0,0.0,0.0,0.0,0.0,0.0,0.0,0.0,0.0,0.0,0.0,0.0379876859891253,-0.0794744245555444,-0.009440628087162558,-0.0020851646549999714,0.0029782974161207676,-0.0004799184389412407,0.0,0.0,0.0,0.0,0.0,0.0,0.0,0.0,0.0,0.0,0.0,0.0,0.0,0.0,0.0,0.0,0.0,0.0,0.0,0.0,0.0,0.0,0.0,0.0,0.0,0.0,0.0,0.0,0.0,0.0,0.0,0.0,0.0,0.0,0.0,0.0
32863000000,3082,32863000000,map,base_link,0.016779864206910133,-0.03451287001371384,0.006741383112967014,0.006596233355957023,-0.012259519878344912,0.02951784038254429,-0.9994673731610968,0.0,0.0,0.0,0.0,0.0,0.0,0.0,0.0,0.0,0.0,0.0,0.0,0.0,0.0,0.0,0.0,0.0,0.0,0.0,0.0,0.0,0.0,0.0,0.0,0.0,0.0,0.0,0.0,0.0,0.0,0.0,0.0,0.0,0.0,0.0,0.0,0.037965526786591625,-0.07966807988627188,-0.009339148960509181,-0.0013539057690650225,-0.0008079740218818192,-0.003196197096258402,0.0,0.0,0.0,0.0,0.0,0.0,0.0,0.0,0.0,0.0,0.0,0.0,0.0,0.0,0.0,0.0,0.0,0.0,0.0,0.0,0.0,0.0,0.0,0.0,0.0,0.0,0.0,0.0,0.0,0.0,0.0,0.0,0.0,0.0,0.0,0.0
32871000000,3083,32871000000,map,base_link,0.016701597720384598,-0.03424456715583801,0.006991655565798283,0.006606099999047874,-0.012267382570497972,0.02951370999139019,-0.9994672888673999,0.0,0.0,0.0,0.0,0.0,0.0,0.0,0.0,0.0,0.0,0.0,0.0,0.0,0.0,0.0,0.0,0.0,0.0,0.0,0.0,0.0,0.0,0.0,0.0,0.0,0.0,0.0,0.0,0.0,0.0,0.0,0.0,0.0,0.0,0.0,0.0,0.03790720679399821,-0.07952050964737863,-0.009138551307663946,-0.0006240879883989692,0.0021863202564418316,0.0004955695476382969,0.0,0.0,0.0,0.0,0.0,0.0,0.0,0.0,0.0,0.0,0.0,0.0,0.0,0.0,0.0,0.0,0.0,0.0,0.0,0.0,0.0,0.0,0.0,0.0,0.0,0.0,0.0,0.0,0.0,0.0,0.0,0.0,0.0,0.0,0.0,0.0
32878000000,3084,32878000000,map,base_link,0.016629396006464958,-0.0339975580573082,0.0072333235293626785,0.006619260023223148,-0.012266725672351259,0.029524373144063476,-0.9994669095457631,0.0,0.0,0.0,0.0,0.0,0.0,0.0,0.0,0.0,0.0,0.0,0.0,0.0,0.0,0.0,0.0,0.0,0.0,0.0,0.0,0.0,0.0,0.0,0.0,0.0,0.0,0.0,0.0,0.0,0.0,0.0,0.0,0.0,0.0,0.0,0.0,0.037631125154800486,-0.07948807598482369,-0.00924122662246386,-2.1005049347877502e-05,0.0017123068682849405,-0.0017537015955895188,0.0,0.0,0.0,0.0,0.0,0.0,0.0,0.0,0.0,0.0,0.0,0.0,0.0,0.0,0.0,0.0,0.0,0.0,0.0,0.0,0.0,0.0,0.0,0.0,0.0,0.0,0.0,0.0,0.0,0.0,0.0,0.0,0.0,0.0,0.0,0.0
32891000000,3085,32891000000,map,base_link,0.016700541600584984,-0.034111928194761276,0.007426027674227953,0.006616500392462446,-0.012275451716354285,0.029542959904256816,-0.9994662773430355,0.0,0.0,0.0,0.0,0.0,0.0,0.0,0.0,0.0,0.0,0.0,0.0,0.0,0.0,0.0,0.0,0.0,0.0,0.0,0.0,0.0,0.0,0.0,0.0,0.0,0.0,0.0,0.0,0.0,0.0,0.0,0.0,0.0,0.0,0.0,0.0,0.037864806995703805,-0.07969596261705718,-0.009104613161164348,0.002141895005479455,0.0022569391876459117,-0.0032875034958124165,0.0,0.0,0.0,0.0,0.0,0.0,0.0,0.0,0.0,0.0,0.0,0.0,0.0,0.0,0.0,0.0,0.0,0.0,0.0,0.0,0.0,0.0,0.0,0.0,0.0,0.0,0.0,0.0,0.0,0.0,0.0,0.0,0.0,0.0,0.0,0.0
32902000000,3086,32902000000,map,base_link,0.01678929105401039,-0.034268759191036224,0.007608299609273672,0.0066363166552521535,-0.012272783952552447,0.029551557861352995,-0.9994658558745504,0.0,0.0,0.0,0.0,0.0,0.0,0.0,0.0,0.0,0.0,0.0,0.0,0.0,0.0,0.0,0.0,0.0,0.0,0.0,0.0,0.0,0.0,0.0,0.0,0.0,0.0,0.0,0.0,0.0,0.0,0.0,0.0,0.0,0.0,0.0,0.0,0.038031346792072436,-0.07958952403791997,-0.00872689620268272,-0.0008705356158316135,-0.000766743440181017,-0.0011946380836889148,0.0,0.0,0.0,0.0,0.0,0.0,0.0,0.0,0.0,0.0,0.0,0.0,0.0,0.0,0.0,0.0,0.0,0.0,0.0,0.0,0.0,0.0,0.0,0.0,0.0,0.0,0.0,0.0,0.0,0.0,0.0,0.0,0.0,0.0,0.0,0.0
32910000000,3087,32910000000,map,base_link,0.016750222072005272,-0.03410902991890907,0.007817129604518414,0.006640222482728999,-0.01227925678652141,0.02955016701535218,-0.9994658137277019,0.0,0.0,0.0,0.0,0.0,0.0,0.0,0.0,0.0,0.0,0.0,0.0,0.0,0.0,0.0,0.0,0.0,0.0,0.0,0.0,0.0,0.0,0.0,0.0,0.0,0.0,0.0,0.0,0.0,0.0,0.0,0.0,0.0,0.0,0.0,0.0,0.03781656889237207,-0.07938526398939771,-0.00879008402640894,0.0001244975719600916,0.0022552087903022766,7.224371074698838e-05,0.0,0.0,0.0,0.0,0.0,0.0,0.0,0.0,0.0,0.0,0.0,0.0,0.0,0.0,0.0,0.0,0.0,0.0,0.0,0.0,0.0,0.0,0.0,0.0,0.0,0.0,0.0,0.0,0.0,0.0,0.0,0.0,0.0,0.0,0.0,0.0
32923000000,3088,32923000000,map,base_link,0.016855483874678612,-0.03431320562958717,0.007978786714375019,0.00664645264304677,-0.012272996333156271,0.029550546336988726,-0.9994658558745504,0.0,0.0,0.0,0.0,0.0,0.0,0.0,0.0,0.0,0.0,0.0,0.0,0.0,0.0,0.0,0.0,0.0,0.0,0.0,0.0,0.0,0.0,0.0,0.0,0.0,0.0,0.0,0.0,0.0,0.0,0.0,0.0,0.0,0.0,0.0,0.0,0.0378002499138132,-0.07922350637323404,-0.008721612770300514,0.0006982674822211266,-0.0006831712089478968,0.0008330888813361527,0.0,0.0,0.0,0.0,0.0,0.0,0.0,0.0,0.0,0.0,0.0,0.0,0.0,0.0,0.0,0.0,0.0,0.0,0.0,0.0,0.0,0.0,0.0,0.0,0.0,0.0,0.0,0.0,0.0,0.0,0.0,0.0,0.0,0.0,0.0,0.0
32934000000,3089,32934000000,map,base_link,0.01697106659412384,-0.03454456850886345,0.008243773132562637,0.006640518498485338,-0.012265725343243635,0.02953912454104224,-0.9994663194898841,0.0,0.0,0.0,0.0,0.0,0.0,0.0,0.0,0.0,0.0,0.0,0.0,0.0,0.0,0.0,0.0,0.0,0.0,0.0,0.0,0.0,0.0,0.0,0.0,0.0,0.0,0.0,0.0,0.0,0.0,0.0,0.0,0.0,0.0,0.0,0.0,0.03788793141244767,-0.07942236610044749,-0.008931526976627678,0.0027436846867203712,-0.0010586627759039398,0.002705471822991967,0.0,0.0,0.0,0.0,0.0,0.0,0.0,0.0,0.0,0.0,0.0,0.0,0.0,0.0,0.0,0.0,0.0,0.0,0.0,0.0,0.0,0.0,0.0,0.0,0.0,0.0,0.0,0.0,0.0,0.0,0.0,0.0,0.0,0.0,0.0,0.0
32946000000,3090,32946000000,map,base_link,0.017095668241381645,-0.03479855880141258,0.008496366441249847,0.006635645269126265,-0.012244106644135578,0.029549576959472967,-0.999466319489884,0.0,0.0,0.0,0.0,0.0,0.0,0.0,0.0,0.0,0.0,0.0,0.0,0.0,0.0,0.0,0.0,0.0,0.0,0.0,0.0,0.0,0.0,0.0,0.0,0.0,0.0,0.0,0.0,0.0,0.0,0.0,0.0,0.0,0.0,0.0,0.0,0.03806838413082359,-0.07951821169350756,-0.008816233843935834,0.0014345705276355147,-0.0042495750822126865,-0.0014872854808345433,0.0,0.0,0.0,0.0,0.0,0.0,0.0,0.0,0.0,0.0,0.0,0.0,0.0,0.0,0.0,0.0,0.0,0.0,0.0,0.0,0.0,0.0,0.0,0.0,0.0,0.0,0.0,0.0,0.0,0.0,0.0,0.0,0.0,0.0,0.0,0.0
32954000000,3091,32954000000,map,base_link,0.017094913870096207,-0.034745413810014725,0.008773519657552242,0.006635822088326659,-0.012237084913319212,0.02954839684771471,-0.999466403783581,0.0,0.0,0.0,0.0,0.0,0.0,0.0,0.0,0.0,0.0,0.0,0.0,0.0,0.0,0.0,0.0,0.0,0.0,0.0,0.0,0.0,0.0,0.0,0.0,0.0,0.0,0.0,0.0,0.0,0.0,0.0,0.0,0.0,0.0,0.0,0.0,0.03797244396586391,-0.07975868641293125,-0.008797792883649642,0.0011755164014175534,-0.0019689719192683697,4.295646795071686e-05,0.0,0.0,0.0,0.0,0.0,0.0,0.0,0.0,0.0,0.0,0.0,0.0,0.0,0.0,0.0,0.0,0.0,0.0,0.0,0.0,0.0,0.0,0.0,0.0,0.0,0.0,0.0,0.0,0.0,0.0,0.0,0.0,0.0,0.0,0.0,0.0
32967000000,3092,32967000000,map,base_link,0.017233887687325478,-0.03504576161503792,0.009004353545606136,0.006634929760518342,-0.012229250209307742,0.029575792299246728,-0.9994657294340048,0.0,0.0,0.0,0.0,0.0,0.0,0.0,0.0,0.0,0.0,0.0,0.0,0.0,0.0,0.0,0.0,0.0,0.0,0.0,0.0,0.0,0.0,0.0,0.0,0.0,0.0,0.0,0.0,0.0,0.0,0.0,0.0,0.0,0.0,0.0,0.0,0.03799011039212477,-0.07993518595410933,-0.008787790823007638,0.0015448560006916523,-0.0006418703123927122,-0.004069655667990446,0.0,0.0,0.0,0.0,0.0,0.0,0.0,0.0,0.0,0.0,0.0,0.0,0.0,0.0,0.0,0.0,0.0,0.0,0.0,0.0,0.0,0.0,0.0,0.0,0.0,0.0,0.0,0.0,0.0,0.0,0.0,0.0,0.0,0.0,0.0,0.0
32974000000,3093,32974000000,map,base_link,0.017250599339604378,-0.035042162984609604,0.009256689809262753,0.0066370700301692865,-0.012233266013717421,0.029584390256342963,-0.9994654765529138,0.0,0.0,0.0,0.0,0.0,0.0,0.0,0.0,0.0,0.0,0.0,0.0,0.0,0.0,0.0,0.0,0.0,0.0,0.0,0.0,0.0,0.0,0.0,0.0,0.0,0.0,0.0,0.0,0.0,0.0,0.0,0.0,0.0,0.0,0.0,0.0,0.03817247481089836,-0.07999644093084515,-0.00883896364440933,-9.722565300762653e-05,0.00034040259197354295,-0.001826192601583898,0.0,0.0,0.0,0.0,0.0,0.0,0.0,0.0,0.0,0.0,0.0,0.0,0.0,0.0,0.0,0.0,0.0,0.0,0.0,0.0,0.0,0.0,0.0,0.0,0.0,0.0,0.0,0.0,0.0,0.0,0.0,0.0,0.0,0.0,0.0,0.0
32987000000,3094,32987000000,map,base_link,0.017409685999155045,-0.03539125621318817,0.00948497373610735,0.006638583036176376,-0.01223386825266997,0.02960921475011591,-0.9994646757627921,0.0,0.0,0.0,0.0,0.0,0.0,0.0,0.0,0.0,0.0,0.0,0.0,0.0,0.0,0.0,0.0,0.0,0.0,0.0,0.0,0.0,0.0,0.0,0.0,0.0,0.0,0.0,0.0,0.0,0.0,0.0,0.0,0.0,0.0,0.0,0.0,0.038168840949431716,-0.07983838770949121,-0.00871028170416936,0.0005674397107213736,0.000684465747326612,-0.003225235966965556,0.0,0.0,0.0,0.0,0.0,0.0,0.0,0.0,0.0,0.0,0.0,0.0,0.0,0.0,0.0,0.0,0.0,0.0,0.0,0.0,0.0,0.0,0.0,0.0,0.0,0.0,0.0,0.0,0.0,0.0,0.0,0.0,0.0,0.0,0.0,0.0
32998000000,3095,32998000000,map,base_link,0.017576362937688828,-0.03575924411416054,0.009705068543553352,0.006643941283565578,-0.012233917972780324,0.029621732364123687,-0.9994642964411555,0.0,0.0,0.0,0.0,0.0,0.0,0.0,0.0,0.0,0.0,0.0,0.0,0.0,0.0,0.0,0.0,0.0,0.0,0.0,0.0,0.0,0.0,0.0,0.0,0.0,0.0,0.0,0.0,0.0,0.0,0.0,0.0,0.0,0.0,0.0,0.0,0.038045157071567755,-0.07986125151930211,-0.008741209851182942,-0.0003857130650430918,0.001144397538155317,-0.0024099741131067276,0.0,0.0,0.0,0.0,0.0,0.0,0.0,0.0,0.0,0.0,0.0,0.0,0.0,0.0,0.0,0.0,0.0,0.0,0.0,0.0,0.0,0.0,0.0,0.0,0.0,0.0,0.0,0.0,0.0,0.0,0.0,0.0,0.0,0.0,0.0,0.0
33011000000,3096,33011000000,map,base_link,0.017748819664120674,-0.036148663610219955,0.009916727431118488,0.0066359682852074305,-0.012244540954238593,0.029634502859222422,-0.9994638328258219,0.0,0.0,0.0,0.0,0.0,0.0,0.0,0.0,0.0,0.0,0.0,0.0,0.0,0.0,0.0,0.0,0.0,0.0,0.0,0.0,0.0,0.0,0.0,0.0,0.0,0.0,0.0,0.0,0.0,0.0,0.0,0.0,0.0,0.0,0.0,0.0,0.03814998341091879,-0.08000718325634094,-0.008313152971187846,0.0014521415578201413,0.0009046504274010658,-8.578217239119123e-05,0.0,0.0,0.0,0.0,0.0,0.0,0.0,0.0,0.0,0.0,0.0,0.0,0.0,0.0,0.0,0.0,0.0,0.0,0.0,0.0,0.0,0.0,0.0,0.0,0.0,0.0,0.0,0.0,0.0,0.0,0.0,0.0,0.0,0.0,0.0,0.0
33018000000,3097,33018000000,map,base_link,0.017796052619814873,-0.03622830659151077,0.010152412578463554,0.006627201082172657,-0.012239128376927482,0.029629234503158575,-0.9994641278537615,0.0,0.0,0.0,0.0,0.0,0.0,0.0,0.0,0.0,0.0,0.0,0.0,0.0,0.0,0.0,0.0,0.0,0.0,0.0,0.0,0.0,0.0,0.0,0.0,0.0,0.0,0.0,0.0,0.0,0.0,0.0,0.0,0.0,0.0,0.0,0.0,0.038053498993564444,-0.08003308881370054,-0.008007721502817013,0.004349497612565756,0.0007273857481777672,0.003129040589556098,0.0,0.0,0.0,0.0,0.0,0.0,0.0,0.0,0.0,0.0,0.0,0.0,0.0,0.0,0.0,0.0,0.0,0.0,0.0,0.0,0.0,0.0,0.0,0.0,0.0,0.0,0.0,0.0,0.0,0.0,0.0,0.0,0.0,0.0,0.0,0.0
33031000000,3098,33031000000,map,base_link,0.0179892610758543,-0.036673083901405334,0.010346733964979649,0.006620700918606614,-0.012239207731540693,0.029609846952843577,-0.9994647179096405,0.0,0.0,0.0,0.0,0.0,0.0,0.0,0.0,0.0,0.0,0.0,0.0,0.0,0.0,0.0,0.0,0.0,0.0,0.0,0.0,0.0,0.0,0.0,0.0,0.0,0.0,0.0,0.0,0.0,0.0,0.0,0.0,0.0,0.0,0.0,0.0,0.038162416054999294,-0.08064603701462715,-0.007944470751330424,-0.0004288777709007263,0.000318055506795645,0.0016699339030310512,0.0,0.0,0.0,0.0,0.0,0.0,0.0,0.0,0.0,0.0,0.0,0.0,0.0,0.0,0.0,0.0,0.0,0.0,0.0,0.0,0.0,0.0,0.0,0.0,0.0,0.0,0.0,0.0,0.0,0.0,0.0,0.0,0.0,0.0,0.0,0.0
33039000000,3099,33039000000,map,base_link,0.018051180988550186,-0.036799389868974686,0.010671958327293396,0.006620851396026688,-0.012240023997458339,0.029624134734488827,-0.9994642542943071,0.0,0.0,0.0,0.0,0.0,0.0,0.0,0.0,0.0,0.0,0.0,0.0,0.0,0.0,0.0,0.0,0.0,0.0,0.0,0.0,0.0,0.0,0.0,0.0,0.0,0.0,0.0,0.0,0.0,0.0,0.0,0.0,0.0,0.0,0.0,0.0,0.03799077210091381,-0.0806025658238797,-0.007635365688133873,0.00020322785712778568,0.003175971563905477,-0.0026983227580785756,0.0,0.0,0.0,0.0,0.0,0.0,0.0,0.0,0.0,0.0,0.0,0.0,0.0,0.0,0.0,0.0,0.0,0.0,0.0,0.0,0.0,0.0,0.0,0.0,0.0,0.0,0.0,0.0,0.0,0.0,0.0,0.0,0.0,0.0,0.0,0.0
33047000000,3100,33047000000,map,base_link,0.01812007836997509,-0.0369432158768177,0.010987312532961369,0.0066141813279775846,-0.01226424822791223,0.029636062292617338,-0.9994636220915792,0.0,0.0,0.0,0.0,0.0,0.0,0.0,0.0,0.0,0.0,0.0,0.0,0.0,0.0,0.0,0.0,0.0,0.0,0.0,0.0,0.0,0.0,0.0,0.0,0.0,0.0,0.0,0.0,0.0,0.0,0.0,0.0,0.0,0.0,0.0,0.0,0.038338885452147545,-0.08096536913133211,-0.0075508741290151405,0.0011681945761665702,0.005480146501213312,-0.0032347640953958043,0.0,0.0,0.0,0.0,0.0,0.0,0.0,0.0,0.0,0.0,0.0,0.0,0.0,0.0,0.0,0.0,0.0,0.0,0.0,0.0,0.0,0.0,0.0,0.0,0.0,0.0,0.0,0.0,0.0,0.0,0.0,0.0,0.0,0.0,0.0,0.0
33054000000,3101,33054000000,map,base_link,0.018197987228631973,-0.037110939621925354,0.011286941356956959,0.006619807932253789,-0.01226961141438524,0.029655028374447223,-0.9994629477420032,0.0,0.0,0.0,0.0,0.0,0.0,0.0,0.0,0.0,0.0,0.0,0.0,0.0,0.0,0.0,0.0,0.0,0.0,0.0,0.0,0.0,0.0,0.0,0.0,0.0,0.0,0.0,0.0,0.0,0.0,0.0,0.0,0.0,0.0,0.0,0.0,0.038404463486767355,-0.08113674224078868,-0.007654832328723479,-0.0019253329373896122,0.0002727187238633629,-0.003192121395841241,0.0,0.0,0.0,0.0,0.0,0.0,0.0,0.0,0.0,0.0,0.0,0.0,0.0,0.0,0.0,0.0,0.0,0.0,0.0,0.0,0.0,0.0,0.0,0.0,0.0,0.0,0.0,0.0,0.0,0.0,0.0,0.0,0.0,0.0,0.0,0.0
33062000000,3102,33062000000,map,base_link,0.01828046515583992,-0.037291910499334335,0.011574836447834969,0.006630669306823948,-0.012265060213290572,0.02966349989099798,-0.9994627370077607,0.0,0.0,0.0,0.0,0.0,0.0,0.0,0.0,0.0,0.0,0.0,0.0,0.0,0.0,0.0,0.0,0.0,0.0,0.0,0.0,0.0,0.0,0.0,0.0,0.0,0.0,0.0,0.0,0.0,0.0,0.0,0.0,0.0,0.0,0.0,0.0,0.03832194134141716,-0.08103848086581443,-0.007511543090491998,-0.0032962511759251356,-0.001831646077334881,-0.002228557132184505,0.0,0.0,0.0,0.0,0.0,0.0,0.0,0.0,0.0,0.0,0.0,0.0,0.0,0.0,0.0,0.0,0.0,0.0,0.0,0.0,0.0,0.0,0.0,0.0,0.0,0.0,0.0,0.0,0.0,0.0,0.0,0.0,0.0,0.0,0.0,0.0
33070000000,3103,33070000000,map,base_link,0.018368883058428764,-0.03749067336320877,0.011850445531308651,0.006635850735012755,-0.012275238677205952,0.02968765003519469,-0.9994618519239418,0.0,0.0,0.0,0.0,0.0,0.0,0.0,0.0,0.0,0.0,0.0,0.0,0.0,0.0,0.0,0.0,0.0,0.0,0.0,0.0,0.0,0.0,0.0,0.0,0.0,0.0,0.0,0.0,0.0,0.0,0.0,0.0,0.0,0.0,0.0,0.0,0.0381824064332277,-0.08103019456923255,-0.007400763626402756,-0.00042677775491029024,0.001565964892506599,-0.0037397732958197594,0.0,0.0,0.0,0.0,0.0,0.0,0.0,0.0,0.0,0.0,0.0,0.0,0.0,0.0,0.0,0.0,0.0,0.0,0.0,0.0,0.0,0.0,0.0,0.0,0.0,0.0,0.0,0.0,0.0,0.0,0.0,0.0,0.0,0.0,0.0,0.0
33078000000,3104,33078000000,map,base_link,0.018461670726537704,-0.03770006075501442,0.012139925733208656,0.006637084847420716,-0.012281799097594477,0.029686048454951264,-0.9994617676302449,0.0,0.0,0.0,0.0,0.0,0.0,0.0,0.0,0.0,0.0,0.0,0.0,0.0,0.0,0.0,0.0,0.0,0.0,0.0,0.0,0.0,0.0,0.0,0.0,0.0,0.0,0.0,0.0,0.0,0.0,0.0,0.0,0.0,0.0,0.0,0.0,0.03843856773895402,-0.08072996163214291,-0.007260031783689602,-0.0002428314182907343,0.002236749976873398,-0.00037558242911472944,0.0,0.0,0.0,0.0,0.0,0.0,0.0,0.0,0.0,0.0,0.0,0.0,0.0,0.0,0.0,0.0,0.0,0.0,0.0,0.0,0.0,0.0,0.0,0.0,0.0,0.0,0.0,0.0,0.0,0.0,0.0,0.0,0.0,0.0,0.0,0.0
33087000000,3105,33087000000,map,base_link,0.018563510850071907,-0.037928201258182526,0.012418864294886589,0.006643638353091906,-0.012287137588648437,0.029681159420524073,-0.9994618519239419,0.0,0.0,0.0,0.0,0.0,0.0,0.0,0.0,0.0,0.0,0.0,0.0,0.0,0.0,0.0,0.0,0.0,0.0,0.0,0.0,0.0,0.0,0.0,0.0,0.0,0.0,0.0,0.0,0.0,0.0,0.0,0.0,0.0,0.0,0.0,0.0,0.038556475670922276,-0.08085823935063276,-0.007186704330114978,-0.0007253959774971008,0.00037201028317213096,0.003278659889474511,0.0,0.0,0.0,0.0,0.0,0.0,0.0,0.0,0.0,0.0,0.0,0.0,0.0,0.0,0.0,0.0,0.0,0.0,0.0,0.0,0.0,0.0,0.0,0.0,0.0,0.0,0.0,0.0,0.0,0.0,0.0,0.0,0.0,0.0,0.0,0.0
33095000000,3106,33095000000,map,base_link,0.018674135208129883,-0.038180384784936905,0.012688567861914635,0.006632657452693549,-0.012284414177835675,0.029702148551082386,-0.9994613461617597,0.0,0.0,0.0,0.0,0.0,0.0,0.0,0.0,0.0,0.0,0.0,0.0,0.0,0.0,0.0,0.0,0.0,0.0,0.0,0.0,0.0,0.0,0.0,0.0,0.0,0.0,0.0,0.0,0.0,0.0,0.0,0.0,0.0,0.0,0.0,0.0,0.038575536940655616,-0.08110785724572656,-0.006928990430253395,0.003105968004092574,-0.0015654626768082385,-0.003173284698277712,0.0,0.0,0.0,0.0,0.0,0.0,0.0,0.0,0.0,0.0,0.0,0.0,0.0,0.0,0.0,0.0,0.0,0.0,0.0,0.0,0.0,0.0,0.0,0.0,0.0,0.0,0.0,0.0,0.0,0.0,0.0,0.0,0.0,0.0,0.0,0.0
33103000000,3107,33103000000,map,base_link,0.018784765154123306,-0.03843456879258156,0.012947140261530876,0.0066362175443037035,-0.012280493203835148,0.029712516675816147,-0.9994610089869717,0.0,0.0,0.0,0.0,0.0,0.0,0.0,0.0,0.0,0.0,0.0,0.0,0.0,0.0,0.0,0.0,0.0,0.0,0.0,0.0,0.0,0.0,0.0,0.0,0.0,0.0,0.0,0.0,0.0,0.0,0.0,0.0,0.0,0.0,0.0,0.0,0.038735940835187437,-0.0813394895357889,-0.006687497316716442,0.000569988798815757,-0.000728429295122624,-0.004325151443481445,0.0,0.0,0.0,0.0,0.0,0.0,0.0,0.0,0.0,0.0,0.0,0.0,0.0,0.0,0.0,0.0,0.0,0.0,0.0,0.0,0.0,0.0,0.0,0.0,0.0,0.0,0.0,0.0,0.0,0.0,0.0,0.0,0.0,0.0,0.0,0.0
33111000000,3108,33111000000,map,base_link,0.018906276673078537,-0.038713548332452774,0.013212932273745537,0.006637213592872026,-0.012300441504798705,0.02970990357120845,-0.9994609246932746,0.0,0.0,0.0,0.0,0.0,0.0,0.0,0.0,0.0,0.0,0.0,0.0,0.0,0.0,0.0,0.0,0.0,0.0,0.0,0.0,0.0,0.0,0.0,0.0,0.0,0.0,0.0,0.0,0.0,0.0,0.0,0.0,0.0,0.0,0.0,0.0,0.0390970652020196,-0.08156225596614239,-0.006313502181245374,-0.000594170531257987,0.0024896403774619107,0.0034097856841981407,0.0,0.0,0.0,0.0,0.0,0.0,0.0,0.0,0.0,0.0,0.0,0.0,0.0,0.0,0.0,0.0,0.0,0.0,0.0,0.0,0.0,0.0,0.0,0.0,0.0,0.0,0.0,0.0,0.0,0.0,0.0,0.0,0.0,0.0,0.0,0.0
33118000000,3109,33118000000,map,base_link,0.019036611542105675,-0.0390133410692215,0.013467964716255665,0.006620701577151121,-0.012294659154746363,0.02971453972454463,-0.9994609246932746,0.0,0.0,0.0,0.0,0.0,0.0,0.0,0.0,0.0,0.0,0.0,0.0,0.0,0.0,0.0,0.0,0.0,0.0,0.0,0.0,0.0,0.0,0.0,0.0,0.0,0.0,0.0,0.0,0.0,0.0,0.0,0.0,0.0,0.0,0.0,0.0,0.039265402297208936,-0.08186136454025297,-0.006101921074536186,0.0015060040168464184,-0.0024950194638222456,-0.0015690575819462536,0.0,0.0,0.0,0.0,0.0,0.0,0.0,0.0,0.0,0.0,0.0,0.0,0.0,0.0,0.0,0.0,0.0,0.0,0.0,0.0,0.0,0.0,0.0,0.0,0.0,0.0,0.0,0.0,0.0,0.0,0.0,0.0,0.0,0.0,0.0,0.0
33126000000,3110,33126000000,map,base_link,0.019173914566636086,-0.039332468062639236,0.013710897415876389,0.0066271457644339875,-0.012288544239717489,0.029721072486063815,-0.9994607139590321,0.0,0.0,0.0,0.0,0.0,0.0,0.0,0.0,0.0,0.0,0.0,0.0,0.0,0.0,0.0,0.0,0.0,0.0,0.0,0.0,0.0,0.0,0.0,0.0,0.0,0.0,0.0,0.0,0.0,0.0,0.0,0.0,0.0,0.0,0.0,0.0,0.03930238857242682,-0.08195511995495633,-0.006002182224771916,0.00045858119847252965,-0.002027584705501795,-0.0013579619117081163,0.0,0.0,0.0,0.0,0.0,0.0,0.0,0.0,0.0,0.0,0.0,0.0,0.0,0.0,0.0,0.0,0.0,0.0,0.0,0.0,0.0,0.0,0.0,0.0,0.0,0.0,0.0,0.0,0.0,0.0,0.0,0.0,0.0,0.0,0.0,0.0
33134000000,3111,33134000000,map,base_link,0.019316885620355606,-0.03966489061713219,0.01394137553870678,0.0066236027949810395,-0.0123155709063251,0.029737804784922606,-0.9994599131689104,0.0,0.0,0.0,0.0,0.0,0.0,0.0,0.0,0.0,0.0,0.0,0.0,0.0,0.0,0.0,0.0,0.0,0.0,0.0,0.0,0.0,0.0,0.0,0.0,0.0,0.0,0.0,0.0,0.0,0.0,0.0,0.0,0.0,0.0,0.0,0.0,0.03962136986276238,-0.08217083764206431,-0.006136369844738987,0.0007904961239546537,0.005103785544633865,-0.002629627706483007,0.0,0.0,0.0,0.0,0.0,0.0,0.0,0.0,0.0,0.0,0.0,0.0,0.0,0.0,0.0,0.0,0.0,0.0,0.0,0.0,0.0,0.0,0.0,0.0,0.0,0.0,0.0,0.0,0.0,0.0,0.0,0.0,0.0,0.0,0.0,0.0
33142000000,3112,33142000000,map,base_link,0.019472327083349228,-0.04002472013235092,0.014158300124108791,0.006620740431277092,-0.012324253486390598,0.029742145910319318,-0.9994597024346679,0.0,0.0,0.0,0.0,0.0,0.0,0.0,0.0,0.0,0.0,0.0,0.0,0.0,0.0,0.0,0.0,0.0,0.0,0.0,0.0,0.0,0.0,0.0,0.0,0.0,0.0,0.0,0.0,0.0,0.0,0.0,0.0,0.0,0.0,0.0,0.0,0.039945753122258405,-0.08226880119839933,-0.005986905443944989,0.00016566732665523887,0.0037674214690923686,-0.0028368204366415743,0.0,0.0,0.0,0.0,0.0,0.0,0.0,0.0,0.0,0.0,0.0,0.0,0.0,0.0,0.0,0.0,0.0,0.0,0.0,0.0,0.0,0.0,0.0,0.0,0.0,0.0,0.0,0.0,0.0,0.0,0.0,0.0,0.0,0.0,0.0,0.0
33150000000,3113,33150000000,map,base_link,0.019193511456251144,-0.0393042117357254,0.014415372163057327,0.006615195486519878,-0.01231295813098968,0.029768782718578135,-0.9994591123787886,0.0,0.0,0.0,0.0,0.0,0.0,0.0,0.0,0.0,0.0,0.0,0.0,0.0,0.0,0.0,0.0,0.0,0.0,0.0,0.0,0.0,0.0,0.0,0.0,0.0,0.0,0.0,0.0,0.0,0.0,0.0,0.0,0.0,0.0,0.0,0.0,0.03985970128699559,-0.08166794941246366,-0.005866225438528634,0.0019840432796627283,-0.0028334024827927355,-0.0027246256358921524,0.0,0.0,0.0,0.0,0.0,0.0,0.0,0.0,0.0,0.0,0.0,0.0,0.0,0.0,0.0,0.0,0.0,0.0,0.0,0.0,0.0,0.0,0.0,0.0,0.0,0.0,0.0,0.0,0.0,0.0,0.0,0.0,0.0,0.0,0.0,0.0
33159000000,3114,33159000000,map,base_link,0.018932800740003586,-0.038629140704870224,0.0146612748503685,0.006618836908376768,-0.0123131784141276,0.029771690851125354,-0.9994589859382431,0.0,0.0,0.0,0.0,0.0,0.0,0.0,0.0,0.0,0.0,0.0,0.0,0.0,0.0,0.0,0.0,0.0,0.0,0.0,0.0,0.0,0.0,0.0,0.0,0.0,0.0,0.0,0.0,0.0,0.0,0.0,0.0,0.0,0.0,0.0,0.0,0.03961975620025646,-0.08149906881062094,-0.0055931915007839525,0.0006080686580389738,0.0001095356419682501,-0.001398509368300438,0.0,0.0,0.0,0.0,0.0,0.0,0.0,0.0,0.0,0.0,0.0,0.0,0.0,0.0,0.0,0.0,0.0,0.0,0.0,0.0,0.0,0.0,0.0,0.0,0.0,0.0,0.0,0.0,0.0,0.0,0.0,0.0,0.0,0.0,0.0,0.0
33167000000,3115,33167000000,map,base_link,0.018690956756472588,-0.03800071030855179,0.014933240599930286,0.0066242109608341615,-0.012309222866540402,0.029784461346224256,-0.9994586066166065,0.0,0.0,0.0,0.0,0.0,0.0,0.0,0.0,0.0,0.0,0.0,0.0,0.0,0.0,0.0,0.0,0.0,0.0,0.0,0.0,0.0,0.0,0.0,0.0,0.0,0.0,0.0,0.0,0.0,0.0,0.0,0.0,0.0,0.0,0.0,0.0,0.03963555807886274,-0.0809724109553791,-0.005198692533623463,0.0016798714641481638,0.0004976568743586538,-0.0018266454571858048,0.0,0.0,0.0,0.0,0.0,0.0,0.0,0.0,0.0,0.0,0.0,0.0,0.0,0.0,0.0,0.0,0.0,0.0,0.0,0.0,0.0,0.0,0.0,0.0,0.0,0.0,0.0,0.0,0.0,0.0,0.0,0.0,0.0,0.0,0.0,0.0
33175000000,3116,33175000000,map,base_link,0.018467629328370094,-0.03741650655865669,0.01519372221082449,0.0066444793144286,-0.012307753324470838,0.029770552886215662,-0.9994589437913945,0.0,0.0,0.0,0.0,0.0,0.0,0.0,0.0,0.0,0.0,0.0,0.0,0.0,0.0,0.0,0.0,0.0,0.0,0.0,0.0,0.0,0.0,0.0,0.0,0.0,0.0,0.0,0.0,0.0,0.0,0.0,0.0,0.0,0.0,0.0,0.0,0.0396378668639871,-0.08072120748931937,-0.0050623043589834125,-0.001993635669350624,0.00031668134033680006,0.0033717157784849405,0.0,0.0,0.0,0.0,0.0,0.0,0.0,0.0,0.0,0.0,0.0,0.0,0.0,0.0,0.0,0.0,0.0,0.0,0.0,0.0,0.0,0.0,0.0,0.0,0.0,0.0,0.0,0.0,0.0,0.0,0.0,0.0,0.0,0.0,0.0,0.0
33183000000,3117,33183000000,map,base_link,0.01825922355055809,-0.03687012568116188,0.015442616306245327,0.006652288005932005,-0.01230117611119736,0.029771480116882854,-0.9994589437913945,0.0,0.0,0.0,0.0,0.0,0.0,0.0,0.0,0.0,0.0,0.0,0.0,0.0,0.0,0.0,0.0,0.0,0.0,0.0,0.0,0.0,0.0,0.0,0.0,0.0,0.0,0.0,0.0,0.0,0.0,0.0,0.0,0.0,0.0,0.0,0.0,0.03951845906371175,-0.08050646748647357,-0.004945978192236294,-0.0016830471577122808,-0.0010395972058176992,0.0024067959748208523,0.0,0.0,0.0,0.0,0.0,0.0,0.0,0.0,0.0,0.0,0.0,0.0,0.0,0.0,0.0,0.0,0.0,0.0,0.0,0.0,0.0,0.0,0.0,0.0,0.0,0.0,0.0,0.0,0.0,0.0,0.0,0.0,0.0,0.0,0.0,0.0
33190000000,3118,33190000000,map,base_link,0.01806928776204586,-0.036370791494846344,0.0156793761998415,0.006671195806572951,-0.012290929487925402,0.02977375604670246,-0.9994588594976976,0.0,0.0,0.0,0.0,0.0,0.0,0.0,0.0,0.0,0.0,0.0,0.0,0.0,0.0,0.0,0.0,0.0,0.0,0.0,0.0,0.0,0.0,0.0,0.0,0.0,0.0,0.0,0.0,0.0,0.0,0.0,0.0,0.0,0.0,0.0,0.0,0.03949143939017821,-0.08042181876750329,-0.004979487340510882,0.0002072716597467661,-0.0005822777748107909,0.0006058483850210906,0.0,0.0,0.0,0.0,0.0,0.0,0.0,0.0,0.0,0.0,0.0,0.0,0.0,0.0,0.0,0.0,0.0,0.0,0.0,0.0,0.0,0.0,0.0,0.0,0.0,0.0,0.0,0.0,0.0,0.0,0.0,0.0,0.0,0.0,0.0,0.0
33198000000,3119,33198000000,map,base_link,0.017893727868795395,-0.03590862452983856,0.015904154628515244,0.0066801658413161834,-0.012281991063318554,0.02978256473804125,-0.999458648763455,0.0,0.0,0.0,0.0,0.0,0.0,0.0,0.0,0.0,0.0,0.0,0.0,0.0,0.0,0.0,0.0,0.0,0.0,0.0,0.0,0.0,0.0,0.0,0.0,0.0,0.0,0.0,0.0,0.0,0.0,0.0,0.0,0.0,0.0,0.0,0.0,0.03931325952110253,-0.0802821914391781,-0.004914620035856359,-0.00045515713281929493,-0.0007953420281410218,-0.0009231251897290348,0.0,0.0,0.0,0.0,0.0,0.0,0.0,0.0,0.0,0.0,0.0,0.0,0.0,0.0,0.0,0.0,0.0,0.0,0.0,0.0,0.0,0.0,0.0,0.0,0.0,0.0,0.0,0.0,0.0,0.0,0.0,0.0,0.0,0.0,0.0,0.0
33206000000,3120,33206000000,map,base_link,0.017729496583342552,-0.03547641262412071,0.016118686646223068,0.006692155961173025,-0.0122834550077598,0.029778139318947572,-0.9994586909103036,0.0,0.0,0.0,0.0,0.0,0.0,0.0,0.0,0.0,0.0,0.0,0.0,0.0,0.0,0.0,0.0,0.0,0.0,0.0,0.0,0.0,0.0,0.0,0.0,0.0,0.0,0.0,0.0,0.0,0.0,0.0,0.0,0.0,0.0,0.0,0.0,0.03916124768581086,-0.08031673798398363,-0.004840765506125834,-0.0019223742419853806,0.0008531841449439527,0.000960655859671533,0.0,0.0,0.0,0.0,0.0,0.0,0.0,0.0,0.0,0.0,0.0,0.0,0.0,0.0,0.0,0.0,0.0,0.0,0.0,0.0,0.0,0.0,0.0,0.0,0.0,0.0,0.0,0.0,0.0,0.0,0.0,0.0,0.0,0.0,0.0,0.0
33219000000,3121,33219000000,map,base_link,0.01772015355527401,-0.035424843430519104,0.016260558739304543,0.006710237617728707,-0.012283009173127895,0.029787327331922908,-0.9994582694418185,0.0,0.0,0.0,0.0,0.0,0.0,0.0,0.0,0.0,0.0,0.0,0.0,0.0,0.0,0.0,0.0,0.0,0.0,0.0,0.0,0.0,0.0,0.0,0.0,0.0,0.0,0.0,0.0,0.0,0.0,0.0,0.0,0.0,0.0,0.0,0.0,0.039324638476151065,-0.08043008448158918,-0.004930546324051527,0.0006491191452369094,0.0009962189942598343,0.00042959803249686946,0.0,0.0,0.0,0.0,0.0,0.0,0.0,0.0,0.0,0.0,0.0,0.0,0.0,0.0,0.0,0.0,0.0,0.0,0.0,0.0,0.0,0.0,0.0,0.0,0.0,0.0,0.0,0.0,0.0,0.0,0.0,0.0,0.0,0.0,0.0,0.0
33227000000,3122,33226000000,map,base_link,0.01758779212832451,-0.03507533296942711,0.01641218736767769,0.00671196794342343,-0.012271261068377736,0.029804986861448945,-0.9994578901201818,0.0,0.0,0.0,0.0,0.0,0.0,0.0,0.0,0.0,0.0,0.0,0.0,0.0,0.0,0.0,0.0,0.0,0.0,0.0,0.0,0.0,0.0,0.0,0.0,0.0,0.0,0.0,0.0,0.0,0.0,0.0,0.0,0.0,0.0,0.0,0.0,0.03921797193517529,-0.08026556786146977,-0.005037043822231411,0.0017280916217714548,-0.0008097365498542789,-0.0022434715647250414,0.0,0.0,0.0,0.0,0.0,0.0,0.0,0.0,0.0,0.0,0.0,0.0,0.0,0.0,0.0,0.0,0.0,0.0,0.0,0.0,0.0,0.0,0.0,0.0,0.0,0.0,0.0,0.0,0.0,0.0,0.0,0.0,0.0,0.0,0.0,0.0
33234000000,3123,33234000000,map,base_link,0.017470933496952057,-0.03476237878203392,0.01655452512204647,0.006716471729313525,-0.01227006581009575,0.02981012877696737,-0.9994577215327878,0.0,0.0,0.0,0.0,0.0,0.0,0.0,0.0,0.0,0.0,0.0,0.0,0.0,0.0,0.0,0.0,0.0,0.0,0.0,0.0,0.0,0.0,0.0,0.0,0.0,0.0,0.0,0.0,0.0,0.0,0.0,0.0,0.0,0.0,0.0,0.0,0.039295895636274225,-0.08000987285786136,-0.005004226769402679,0.0021727620624005795,0.00032854173332452763,-0.000967657018918544,0.0,0.0,0.0,0.0,0.0,0.0,0.0,0.0,0.0,0.0,0.0,0.0,0.0,0.0,0.0,0.0,0.0,0.0,0.0,0.0,0.0,0.0,0.0,0.0,0.0,0.0,0.0,0.0,0.0,0.0,0.0,0.0,0.0,0.0,0.0,0.0
33242000000,3124,33241000000,map,base_link,0.01737438142299652,-0.03449777141213417,0.01668728142976761,0.006727648546703008,-0.012254694064190415,0.029817040860123156,-0.9994576372390908,0.0,0.0,0.0,0.0,0.0,0.0,0.0,0.0,0.0,0.0,0.0,0.0,0.0,0.0,0.0,0.0,0.0,0.0,0.0,0.0,0.0,0.0,0.0,0.0,0.0,0.0,0.0,0.0,0.0,0.0,0.0,0.0,0.0,0.0,0.0,0.0,0.03930680162068583,-0.07988531655589436,-0.004811078595548091,-0.000987204140983522,-0.0006116195581853391,-0.000810148543678224,0.0,0.0,0.0,0.0,0.0,0.0,0.0,0.0,0.0,0.0,0.0,0.0,0.0,0.0,0.0,0.0,0.0,0.0,0.0,0.0,0.0,0.0,0.0,0.0,0.0,0.0,0.0,0.0,0.0,0.0,0.0,0.0,0.0,0.0,0.0,0.0
33248000000,3125,33248000000,map,base_link,0.017284279689192772,-0.03425023332238197,0.01681465096771717,0.006736311041161011,-0.012279128699614606,0.029830569998495093,-0.9994569207426661,0.0,0.0,0.0,0.0,0.0,0.0,0.0,0.0,0.0,0.0,0.0,0.0,0.0,0.0,0.0,0.0,0.0,0.0,0.0,0.0,0.0,0.0,0.0,0.0,0.0,0.0,0.0,0.0,0.0,0.0,0.0,0.0,0.0,0.0,0.0,0.0,0.03926785311764592,-0.0796165060238853,-0.0046277887908564635,-0.0015711587620899081,0.0031059524044394493,-0.0014883037656545643,0.0,0.0,0.0,0.0,0.0,0.0,0.0,0.0,0.0,0.0,0.0,0.0,0.0,0.0,0.0,0.0,0.0,0.0,0.0,0.0,0.0,0.0,0.0,0.0,0.0,0.0,0.0,0.0,0.0,0.0,0.0,0.0,0.0,0.0,0.0,0.0
33256000000,3126,33256000000,map,base_link,0.017200080677866936,-0.03401722013950348,0.016935601830482483,0.006745932047150385,-0.012278499460337228,0.029828420509221132,-0.9994568785958176,0.0,0.0,0.0,0.0,0.0,0.0,0.0,0.0,0.0,0.0,0.0,0.0,0.0,0.0,0.0,0.0,0.0,0.0,0.0,0.0,0.0,0.0,0.0,0.0,0.0,0.0,0.0,0.0,0.0,0.0,0.0,0.0,0.0,0.0,0.0,0.0,0.039115930024390094,-0.07939759171164382,-0.00449096643316289,-0.00044231663923710585,0.0030519356951117516,0.0010153680341318245,0.0,0.0,0.0,0.0,0.0,0.0,0.0,0.0,0.0,0.0,0.0,0.0,0.0,0.0,0.0,0.0,0.0,0.0,0.0,0.0,0.0,0.0,0.0,0.0,0.0,0.0,0.0,0.0,0.0,0.0,0.0,0.0,0.0,0.0,0.0,0.0
33264000000,3127,33264000000,map,base_link,0.017126094549894333,-0.033811915665864944,0.017049329355359077,0.00676101271638319,-0.012283777036024202,0.029833815305830402,-0.9994565414210295,0.0,0.0,0.0,0.0,0.0,0.0,0.0,0.0,0.0,0.0,0.0,0.0,0.0,0.0,0.0,0.0,0.0,0.0,0.0,0.0,0.0,0.0,0.0,0.0,0.0,0.0,0.0,0.0,0.0,0.0,0.0,0.0,0.0,0.0,0.0,0.0,0.039105073268604226,-0.07930668153710742,-0.0044941875561950485,-0.001409452292136848,0.002256949432194233,-0.000866668357048184,0.0,0.0,0.0,0.0,0.0,0.0,0.0,0.0,0.0,0.0,0.0,0.0,0.0,0.0,0.0,0.0,0.0,0.0,0.0,0.0,0.0,0.0,0.0,0.0,0.0,0.0,0.0,0.0,0.0,0.0,0.0,0.0,0.0,0.0,0.0,0.0
33277000000,3128,33276000000,map,base_link,0.017199702560901642,-0.033957622945308685,0.017179183661937714,0.006779118903721793,-0.012270160805141025,0.029848060940627086,-0.9994562042462414,0.0,0.0,0.0,0.0,0.0,0.0,0.0,0.0,0.0,0.0,0.0,0.0,0.0,0.0,0.0,0.0,0.0,0.0,0.0,0.0,0.0,0.0,0.0,0.0,0.0,0.0,0.0,0.0,0.0,0.0,0.0,0.0,0.0,0.0,0.0,0.0,0.03923969407048485,-0.07905883060833294,-0.0042193537250018185,-0.0018052555387839675,-0.0010919170454144478,9.842973668128266e-05,0.0,0.0,0.0,0.0,0.0,0.0,0.0,0.0,0.0,0.0,0.0,0.0,0.0,0.0,0.0,0.0,0.0,0.0,0.0,0.0,0.0,0.0,0.0,0.0,0.0,0.0,0.0,0.0,0.0,0.0,0.0,0.0,0.0,0.0,0.0,0.0
33289000000,3129,33289000000,map,base_link,0.017289474606513977,-0.034133050590753555,0.01730280928313732,0.006804135198582659,-0.01226296472466617,0.029838367165469615,-0.9994563728336354,0.0,0.0,0.0,0.0,0.0,0.0,0.0,0.0,0.0,0.0,0.0,0.0,0.0,0.0,0.0,0.0,0.0,0.0,0.0,0.0,0.0,0.0,0.0,0.0,0.0,0.0,0.0,0.0,0.0,0.0,0.0,0.0,0.0,0.0,0.0,0.0,0.03951035457356696,-0.07914473564160174,-0.00398621267618482,-0.0018597064772620797,-7.067015394568415e-05,0.002283786190673709,0.0,0.0,0.0,0.0,0.0,0.0,0.0,0.0,0.0,0.0,0.0,0.0,0.0,0.0,0.0,0.0,0.0,0.0,0.0,0.0,0.0,0.0,0.0,0.0,0.0,0.0,0.0,0.0,0.0,0.0,0.0,0.0,0.0,0.0,0.0,0.0
33300000000,3130,33300000000,map,base_link,0.01739133894443512,-0.03434011712670326,0.017420873045921326,0.006821519456504387,-0.012260484646049107,0.029826102432553014,-0.999456667861575,0.0,0.0,0.0,0.0,0.0,0.0,0.0,0.0,0.0,0.0,0.0,0.0,0.0,0.0,0.0,0.0,0.0,0.0,0.0,0.0,0.0,0.0,0.0,0.0,0.0,0.0,0.0,0.0,0.0,0.0,0.0,0.0,0.0,0.0,0.0,0.0,0.039468310226552034,-0.07956709967577509,-0.003791801726792956,-0.0019248760072514415,0.002022158354520798,0.0019055644515901802,0.0,0.0,0.0,0.0,0.0,0.0,0.0,0.0,0.0,0.0,0.0,0.0,0.0,0.0,0.0,0.0,0.0,0.0,0.0,0.0,0.0,0.0,0.0,0.0,0.0,0.0,0.0,0.0,0.0,0.0,0.0,0.0,0.0,0.0,0.0,0.0
33313000000,3131,33313000000,map,base_link,0.01750466227531433,-0.03457900509238243,0.01753348298370838,0.006815532628382317,-0.012246019715931268,0.029843466934139473,-0.999456330686787,0.0,0.0,0.0,0.0,0.0,0.0,0.0,0.0,0.0,0.0,0.0,0.0,0.0,0.0,0.0,0.0,0.0,0.0,0.0,0.0,0.0,0.0,0.0,0.0,0.0,0.0,0.0,0.0,0.0,0.0,0.0,0.0,0.0,0.0,0.0,0.0,0.03961068554847354,-0.07950752685251872,-0.0038766768944231175,0.0022885152138769627,0.001444828230887651,-0.003002489684149623,0.0,0.0,0.0,0.0,0.0,0.0,0.0,0.0,0.0,0.0,0.0,0.0,0.0,0.0,0.0,0.0,0.0,0.0,0.0,0.0,0.0,0.0,0.0,0.0,0.0,0.0,0.0,0.0,0.0,0.0,0.0,0.0,0.0,0.0,0.0,0.0
33324000000,3132,33324000000,map,base_link,0.01762855239212513,-0.03484812006354332,0.01763615943491459,0.006823798514410389,-0.012239990247052305,0.029852907828205877,-0.9994560778056958,0.0,0.0,0.0,0.0,0.0,0.0,0.0,0.0,0.0,0.0,0.0,0.0,0.0,0.0,0.0,0.0,0.0,0.0,0.0,0.0,0.0,0.0,0.0,0.0,0.0,0.0,0.0,0.0,0.0,0.0,0.0,0.0,0.0,0.0,0.0,0.0,0.03941699534180628,-0.07987788277594862,-0.004001020357738753,-0.001335747423581779,-0.0004696925170719625,-0.0012944871559739113,0.0,0.0,0.0,0.0,0.0,0.0,0.0,0.0,0.0,0.0,0.0,0.0,0.0,0.0,0.0,0.0,0.0,0.0,0.0,0.0,0.0,0.0,0.0,0.0,0.0,0.0,0.0,0.0,0.0,0.0,0.0,0.0,0.0,0.0,0.0,0.0
33337000000,3133,33336000000,map,base_link,0.017758337780833244,-0.0351460799574852,0.017730046063661575,0.006841073947852172,-0.012230085243743864,0.029875624979553206,-0.9994554456029683,0.0,0.0,0.0,0.0,0.0,0.0,0.0,0.0,0.0,0.0,0.0,0.0,0.0,0.0,0.0,0.0,0.0,0.0,0.0,0.0,0.0,0.0,0.0,0.0,0.0,0.0,0.0,0.0,0.0,0.0,0.0,0.0,0.0,0.0,0.0,0.0,0.03901292263510486,-0.0799560014296164,-0.004218437786489881,-0.003800497390329838,-0.0016687130555510527,-0.004972438327968121,0.0,0.0,0.0,0.0,0.0,0.0,0.0,0.0,0.0,0.0,0.0,0.0,0.0,0.0,0.0,0.0,0.0,0.0,0.0,0.0,0.0,0.0,0.0,0.0,0.0,0.0,0.0,0.0,0.0,0.0,0.0,0.0,0.0,0.0,0.0,0.0
33348000000,3134,33348000000,map,base_link,0.0178960133343935,-0.03546987473964691,0.017975635826587677,0.006866363209411599,-0.012223136446731757,0.029884560111437586,-0.9994551084281801,0.0,0.0,0.0,0.0,0.0,0.0,0.0,0.0,0.0,0.0,0.0,0.0,0.0,0.0,0.0,0.0,0.0,0.0,0.0,0.0,0.0,0.0,0.0,0.0,0.0,0.0,0.0,0.0,0.0,0.0,0.0,0.0,0.0,0.0,0.0,0.0,0.039184638470951355,-0.08053409629108059,-0.004240069422137057,-0.003167550079524517,0.0011123488657176497,0.0010464312508702276,0.0,0.0,0.0,0.0,0.0,0.0,0.0,0.0,0.0,0.0,0.0,0.0,0.0,0.0,0.0,0.0,0.0,0.0,0.0,0.0,0.0,0.0,0.0,0.0,0.0,0.0,0.0,0.0,0.0,0.0,0.0,0.0,0.0,0.0,0.0,0.0
33360000000,3135,33360000000,map,base_link,0.018044009804725647,-0.03581780940294266,0.018211429938673973,0.006869030808577309,-0.012212720412885122,0.02986867074954902,-0.9994556563372108,0.0,0.0,0.0,0.0,0.0,0.0,0.0,0.0,0.0,0.0,0.0,0.0,0.0,0.0,0.0,0.0,0.0,0.0,0.0,0.0,0.0,0.0,0.0,0.0,0.0,0.0,0.0,0.0,0.0,0.0,0.0,0.0,0.0,0.0,0.0,0.0,0.039384731409167595,-0.08045871865282965,-0.003848062965651859,-7.385702338069677e-05,-0.0016400166787207122,0.0035449969582259655,0.0,0.0,0.0,0.0,0.0,0.0,0.0,0.0,0.0,0.0,0.0,0.0,0.0,0.0,0.0,0.0,0.0,0.0,0.0,0.0,0.0,0.0,0.0,0.0,0.0,0.0,0.0,0.0,0.0,0.0,0.0,0.0,0.0,0.0,0.0,0.0
33373000000,3136,33373000000,map,base_link,0.018205147236585617,-0.03619940206408501,0.018436705693602562,0.006866426758956618,-0.012183789400196552,0.0298729275812486,-0.9994558670714533,0.0,0.0,0.0,0.0,0.0,0.0,0.0,0.0,0.0,0.0,0.0,0.0,0.0,0.0,0.0,0.0,0.0,0.0,0.0,0.0,0.0,0.0,0.0,0.0,0.0,0.0,0.0,0.0,0.0,0.0,0.0,0.0,0.0,0.0,0.0,0.0,0.03934427423377209,-0.0805059977882392,-0.003954858079782788,0.00046321062836796045,-0.0032522184774279594,-0.0007995896739885207,0.0,0.0,0.0,0.0,0.0,0.0,0.0,0.0,0.0,0.0,0.0,0.0,0.0,0.0,0.0,0.0,0.0,0.0,0.0,0.0,0.0,0.0,0.0,0.0,0.0,0.0,0.0,0.0,0.0,0.0,0.0,0.0,0.0,0.0,0.0,0.0
33384000000,3137,33384000000,map,base_link,0.01837453804910183,-0.03660542890429497,0.018650704994797707,0.006872683590326963,-0.01217626552919285,0.02988645671962059,-0.9994555720435137,0.0,0.0,0.0,0.0,0.0,0.0,0.0,0.0,0.0,0.0,0.0,0.0,0.0,0.0,0.0,0.0,0.0,0.0,0.0,0.0,0.0,0.0,0.0,0.0,0.0,0.0,0.0,0.0,0.0,0.0,0.0,0.0,0.0,0.0,0.0,0.0,0.03911230926758498,-0.0807729621740116,-0.0038265322152176732,-0.0013875997392460704,0.00022737495601177197,-0.0015055157709866762,0.0,0.0,0.0,0.0,0.0,0.0,0.0,0.0,0.0,0.0,0.0,0.0,0.0,0.0,0.0,0.0,0.0,0.0,0.0,0.0,0.0,0.0,0.0,0.0,0.0,0.0,0.0,0.0,0.0,0.0,0.0,0.0,0.0,0.0,0.0,0.0
33397000000,3138,33397000000,map,base_link,0.018547022715210915,-0.03702421858906746,0.018854929134249687,0.00685752438966158,-0.01218555841538112,0.029877521587736267,-0.9994558249246048,0.0,0.0,0.0,0.0,0.0,0.0,0.0,0.0,0.0,0.0,0.0,0.0,0.0,0.0,0.0,0.0,0.0,0.0,0.0,0.0,0.0,0.0,0.0,0.0,0.0,0.0,0.0,0.0,0.0,0.0,0.0,0.0,0.0,0.0,0.0,0.0,0.03923066953400296,-0.08093438665516225,-0.0038706573354169464,0.0033960253931581974,0.001842504367232323,0.0015248053241521118,0.0,0.0,0.0,0.0,0.0,0.0,0.0,0.0,0.0,0.0,0.0,0.0,0.0,0.0,0.0,0.0,0.0,0.0,0.0,0.0,0.0,0.0,0.0,0.0,0.0,0.0,0.0,0.0,0.0,0.0,0.0,0.0,0.0,0.0,0.0,0.0
33408000000,3139,33408000000,map,base_link,0.018727820366621017,-0.03746335953474045,0.019050555303692818,0.00685183835174353,-0.012195839776875873,0.029897499193930477,-0.9994551505750287,0.0,0.0,0.0,0.0,0.0,0.0,0.0,0.0,0.0,0.0,0.0,0.0,0.0,0.0,0.0,0.0,0.0,0.0,0.0,0.0,0.0,0.0,0.0,0.0,0.0,0.0,0.0,0.0,0.0,0.0,0.0,0.0,0.0,0.0,0.0,0.0,0.03933824298483809,-0.0810083328207156,-0.004002917721970672,-1.7769401893019676e-05,0.0033478043042123318,-0.0004208949394524102,0.0,0.0,0.0,0.0,0.0,0.0,0.0,0.0,0.0,0.0,0.0,0.0,0.0,0.0,0.0,0.0,0.0,0.0,0.0,0.0,0.0,0.0,0.0,0.0,0.0,0.0,0.0,0.0,0.0,0.0,0.0,0.0,0.0,0.0,0.0,0.0
33421000000,3140,33420000000,map,base_link,0.01891963928937912,-0.03792363777756691,0.01925932802259922,0.006849141941255596,-0.012199293513547989,0.029900913088659775,-0.9994550241344831,0.0,0.0,0.0,0.0,0.0,0.0,0.0,0.0,0.0,0.0,0.0,0.0,0.0,0.0,0.0,0.0,0.0,0.0,0.0,0.0,0.0,0.0,0.0,0.0,0.0,0.0,0.0,0.0,0.0,0.0,0.0,0.0,0.0,0.0,0.0,0.0,0.03984331677118691,-0.08124336991489531,-0.004027028032001855,0.0017332287970930338,0.0013152123428881168,-3.525172360241574e-06,0.0,0.0,0.0,0.0,0.0,0.0,0.0,0.0,0.0,0.0,0.0,0.0,0.0,0.0,0.0,0.0,0.0,0.0,0.0,0.0,0.0,0.0,0.0,0.0,0.0,0.0,0.0,0.0,0.0,0.0,0.0,0.0,0.0,0.0,0.0,0.0
33433000000,3141,33433000000,map,base_link,0.019124049693346024,-0.03840859234333038,0.01946001872420311,0.00684893779245812,-0.012200968850776296,0.02992143860388463,-0.9994543076380584,0.0,0.0,0.0,0.0,0.0,0.0,0.0,0.0,0.0,0.0,0.0,0.0,0.0,0.0,0.0,0.0,0.0,0.0,0.0,0.0,0.0,0.0,0.0,0.0,0.0,0.0,0.0,0.0,0.0,0.0,0.0,0.0,0.0,0.0,0.0,0.0,0.03990302189683752,-0.08147892556674344,-0.003981096775799463,-4.4285436160862446e-05,0.000852260738611221,-0.0027979423757642508,0.0,0.0,0.0,0.0,0.0,0.0,0.0,0.0,0.0,0.0,0.0,0.0,0.0,0.0,0.0,0.0,0.0,0.0,0.0,0.0,0.0,0.0,0.0,0.0,0.0,0.0,0.0,0.0,0.0,0.0,0.0,0.0,0.0,0.0,0.0,0.0
33444000000,3142,33444000000,map,base_link,0.019331343472003937,-0.03890674188733101,0.019651465117931366,0.0068360843207513145,-0.012204978069740895,0.029935389210741736,-0.9994539283164218,0.0,0.0,0.0,0.0,0.0,0.0,0.0,0.0,0.0,0.0,0.0,0.0,0.0,0.0,0.0,0.0,0.0,0.0,0.0,0.0,0.0,0.0,0.0,0.0,0.0,0.0,0.0,0.0,0.0,0.0,0.0,0.0,0.0,0.0,0.0,0.0,0.03974026276841448,-0.08157865992358068,-0.00389961956684135,0.002992563880980015,0.001392025966197252,-0.0015225675888359549,0.0,0.0,0.0,0.0,0.0,0.0,0.0,0.0,0.0,0.0,0.0,0.0,0.0,0.0,0.0,0.0,0.0,0.0,0.0,0.0,0.0,0.0,0.0,0.0,0.0,0.0,0.0,0.0,0.0,0.0,0.0,0.0,0.0,0.0,0.0,0.0
33457000000,3143,33456000000,map,base_link,0.019543547183275223,-0.039418965578079224,0.019838089123368263,0.006828860746043253,-0.01220728758533039,0.029935220623347636,-0.9994540126101188,0.0,0.0,0.0,0.0,0.0,0.0,0.0,0.0,0.0,0.0,0.0,0.0,0.0,0.0,0.0,0.0,0.0,0.0,0.0,0.0,0.0,0.0,0.0,0.0,0.0,0.0,0.0,0.0,0.0,0.0,0.0,0.0,0.0,0.0,0.0,0.0,0.04002779151452456,-0.08196273448113288,-0.0037530095213608554,0.0009346451843157411,5.137128755450262e-05,0.0011153446976095438,0.0,0.0,0.0,0.0,0.0,0.0,0.0,0.0,0.0,0.0,0.0,0.0,0.0,0.0,0.0,0.0,0.0,0.0,0.0,0.0,0.0,0.0,0.0,0.0,0.0,0.0,0.0,0.0,0.0,0.0,0.0,0.0,0.0,0.0,0.0,0.0
33469000000,3144,33469000000,map,base_link,0.01977221481502056,-0.03997119516134262,0.019981613382697105,0.006846295382619842,-0.0122097014802244,0.029938423783834545,-0.9994537597290278,0.0,0.0,0.0,0.0,0.0,0.0,0.0,0.0,0.0,0.0,0.0,0.0,0.0,0.0,0.0,0.0,0.0,0.0,0.0,0.0,0.0,0.0,0.0,0.0,0.0,0.0,0.0,0.0,0.0,0.0,0.0,0.0,0.0,0.0,0.0,0.0,0.04014292450765477,-0.0821982165816823,-0.003914992052688357,-0.003337424248456955,0.0009775203652679922,0.00091370363952592,0.0,0.0,0.0,0.0,0.0,0.0,0.0,0.0,0.0,0.0,0.0,0.0,0.0,0.0,0.0,0.0,0.0,0.0,0.0,0.0,0.0,0.0,0.0,0.0,0.0,0.0,0.0,0.0,0.0,0.0,0.0,0.0,0.0,0.0,0.0,0.0
33477000000,3145,33477000000,map,base_link,0.019857734441757202,-0.04017956182360649,0.020134080201387405,0.006846330614751018,-0.012214174643794875,0.02994445078317154,-0.9994535489947851,0.0,0.0,0.0,0.0,0.0,0.0,0.0,0.0,0.0,0.0,0.0,0.0,0.0,0.0,0.0,0.0,0.0,0.0,0.0,0.0,0.0,0.0,0.0,0.0,0.0,0.0,0.0,0.0,0.0,0.0,0.0,0.0,0.0,0.0,0.0,0.0,0.04012518363869689,-0.08221411848300764,-0.0037750202770218165,-0.001302256598137319,0.0008385474793612955,-0.0015275324694812298,0.0,0.0,0.0,0.0,0.0,0.0,0.0,0.0,0.0,0.0,0.0,0.0,0.0,0.0,0.0,0.0,0.0,0.0,0.0,0.0,0.0,0.0,0.0,0.0,0.0,0.0,0.0,0.0,0.0,0.0,0.0,0.0,0.0,0.0,0.0,0.0
33485000000,3146,33485000000,map,base_link,0.019946755841374397,-0.040398191660642624,0.02027997002005577,0.0068318938374108944,-0.012219213991006086,0.029943945020989404,-0.9994535489947851,0.0,0.0,0.0,0.0,0.0,0.0,0.0,0.0,0.0,0.0,0.0,0.0,0.0,0.0,0.0,0.0,0.0,0.0,0.0,0.0,0.0,0.0,0.0,0.0,0.0,0.0,0.0,0.0,0.0,0.0,0.0,0.0,0.0,0.0,0.0,0.0,0.04004219765677841,-0.08237809801259162,-0.0038694198525105142,0.00313015328720212,0.0016443561762571337,0.0017260981258004902,0.0,0.0,0.0,0.0,0.0,0.0,0.0,0.0,0.0,0.0,0.0,0.0,0.0,0.0,0.0,0.0,0.0,0.0,0.0,0.0,0.0,0.0,0.0,0.0,0.0,0.0,0.0,0.0,0.0,0.0,0.0,0.0,0.0,0.0,0.0,0.0
33496000000,3147,33496000000,map,base_link,0.02018761821091175,-0.04098593816161156,0.02040400169789791,0.006830351690809326,-0.012223777539810278,0.02993416695213491,-0.9994538018758763,0.0,0.0,0.0,0.0,0.0,0.0,0.0,0.0,0.0,0.0,0.0,0.0,0.0,0.0,0.0,0.0,0.0,0.0,0.0,0.0,0.0,0.0,0.0,0.0,0.0,0.0,0.0,0.0,0.0,0.0,0.0,0.0,0.0,0.0,0.0,0.0,0.04004786984552426,-0.08230735444280596,-0.0037578459936900466,0.0014264299534261227,0.001018342096358538,0.0029407446272671223,0.0,0.0,0.0,0.0,0.0,0.0,0.0,0.0,0.0,0.0,0.0,0.0,0.0,0.0,0.0,0.0,0.0,0.0,0.0,0.0,0.0,0.0,0.0,0.0,0.0,0.0,0.0,0.0,0.0,0.0,0.0,0.0,0.0,0.0,0.0,0.0
33508000000,3148,33508000000,map,base_link,0.02043485827744007,-0.04158681258559227,0.020581219345331192,0.006838306908465757,-0.012218365621043675,0.029932017462860783,-0.9994538440227247,0.0,0.0,0.0,0.0,0.0,0.0,0.0,0.0,0.0,0.0,0.0,0.0,0.0,0.0,0.0,0.0,0.0,0.0,0.0,0.0,0.0,0.0,0.0,0.0,0.0,0.0,0.0,0.0,0.0,0.0,0.0,0.0,0.0,0.0,0.0,0.0,0.04033586052065269,-0.08238014247161572,-0.003837646707282552,0.0003413835074752569,-0.0016753417439758778,-0.00015099649317562558,0.0,0.0,0.0,0.0,0.0,0.0,0.0,0.0,0.0,0.0,0.0,0.0,0.0,0.0,0.0,0.0,0.0,0.0,0.0,0.0,0.0,0.0,0.0,0.0,0.0,0.0,0.0,0.0,0.0,0.0,0.0,0.0,0.0,0.0,0.0,0.0
33521000000,3149,33521000000,map,base_link,0.02069140039384365,-0.04220633581280708,0.020749475806951523,0.006843848560500431,-0.012218342571985896,0.02992177577867272,-0.9994541390506644,0.0,0.0,0.0,0.0,0.0,0.0,0.0,0.0,0.0,0.0,0.0,0.0,0.0,0.0,0.0,0.0,0.0,0.0,0.0,0.0,0.0,0.0,0.0,0.0,0.0,0.0,0.0,0.0,0.0,0.0,0.0,0.0,0.0,0.0,0.0,0.0,0.04059088102499153,-0.0827946096676535,-0.003918399297037964,-0.001685430877842009,-0.001217782963067293,0.0021330411545932293,0.0,0.0,0.0,0.0,0.0,0.0,0.0,0.0,0.0,0.0,0.0,0.0,0.0,0.0,0.0,0.0,0.0,0.0,0.0,0.0,0.0,0.0,0.0,0.0,0.0,0.0,0.0,0.0,0.0,0.0,0.0,0.0,0.0,0.0,0.0,0.0
33529000000,3150,33529000000,map,base_link,0.020811645314097404,-0.04249884560704231,0.02092554420232773,0.006848620867913656,-0.012212612740858067,0.029922197247157778,-0.9994541390506644,0.0,0.0,0.0,0.0,0.0,0.0,0.0,0.0,0.0,0.0,0.0,0.0,0.0,0.0,0.0,0.0,0.0,0.0,0.0,0.0,0.0,0.0,0.0,0.0,0.0,0.0,0.0,0.0,0.0,0.0,0.0,0.0,0.0,0.0,0.0,0.0,0.04071430645200022,-0.08301426206051997,-0.0037716181194686225,-0.0013785503106191754,-0.0015715351328253746,0.0003247800632379951,0.0,0.0,0.0,0.0,0.0,0.0,0.0,0.0,0.0,0.0,0.0,0.0,0.0,0.0,0.0,0.0,0.0,0.0,0.0,0.0,0.0,0.0,0.0,0.0,0.0,0.0,0.0,0.0,0.0,0.0,0.0,0.0,0.0,0.0,0.0,0.0
33541000000,3151,33541000000,map,base_link,0.02108287625014782,-0.04315069690346718,0.02108089067041874,0.006845050898135881,-0.012228789886696663,0.02993694864413665,-0.9994535489947852,0.0,0.0,0.0,0.0,0.0,0.0,0.0,0.0,0.0,0.0,0.0,0.0,0.0,0.0,0.0,0.0,0.0,0.0,0.0,0.0,0.0,0.0,0.0,0.0,0.0,0.0,0.0,0.0,0.0,0.0,0.0,0.0,0.0,0.0,0.0,0.0,0.040969163714025196,-0.08336704730627777,-0.00352471152968013,-0.0003558319294825196,0.0017652511596679685,-0.0023577276151627302,0.0,0.0,0.0,0.0,0.0,0.0,0.0,0.0,0.0,0.0,0.0,0.0,0.0,0.0,0.0,0.0,0.0,0.0,0.0,0.0,0.0,0.0,0.0,0.0,0.0,0.0,0.0,0.0,0.0,0.0,0.0,0.0,0.0,0.0,0.0,0.0
33552000000,3152,33552000000,map,base_link,0.020912358537316322,-0.04284229502081871,0.021260540932416916,0.00683779604256369,-0.012260724356250014,0.029938592371228534,-0.9994531696731487,0.0,0.0,0.0,0.0,0.0,0.0,0.0,0.0,0.0,0.0,0.0,0.0,0.0,0.0,0.0,0.0,0.0,0.0,0.0,0.0,0.0,0.0,0.0,0.0,0.0,0.0,0.0,0.0,0.0,0.0,0.0,0.0,0.0,0.0,0.0,0.0,0.04091388578666325,-0.08330389448279554,-0.0031796020072721656,0.00022135121980682015,0.0031880149617791176,-1.2763659469783696e-05,0.0,0.0,0.0,0.0,0.0,0.0,0.0,0.0,0.0,0.0,0.0,0.0,0.0,0.0,0.0,0.0,0.0,0.0,0.0,0.0,0.0,0.0,0.0,0.0,0.0,0.0,0.0,0.0,0.0,0.0,0.0,0.0,0.0,0.0,0.0,0.0
33565000000,3153,33565000000,map,base_link,0.020762668922543526,-0.04258187115192413,0.021419890224933624,0.0068355176432021965,-0.012266603676981158,0.029933661189952776,-0.9994532961136942,0.0,0.0,0.0,0.0,0.0,0.0,0.0,0.0,0.0,0.0,0.0,0.0,0.0,0.0,0.0,0.0,0.0,0.0,0.0,0.0,0.0,0.0,0.0,0.0,0.0,0.0,0.0,0.0,0.0,0.0,0.0,0.0,0.0,0.0,0.0,0.0,0.04090663355846784,-0.0833398703762534,-0.003311935977231982,0.0011284246575087309,0.00012581702321767804,-0.0001701266446616501,0.0,0.0,0.0,0.0,0.0,0.0,0.0,0.0,0.0,0.0,0.0,0.0,0.0,0.0,0.0,0.0,0.0,0.0,0.0,0.0,0.0,0.0,0.0,0.0,0.0,0.0,0.0,0.0,0.0,0.0,0.0,0.0,0.0,0.0,0.0,0.0
33573000000,3154,33572000000,map,base_link,0.020481154322624207,-0.042008381336927414,0.021584264934062958,0.0068455036474851195,-0.012267180726606276,0.029933914071043843,-0.999453211819997,0.0,0.0,0.0,0.0,0.0,0.0,0.0,0.0,0.0,0.0,0.0,0.0,0.0,0.0,0.0,0.0,0.0,0.0,0.0,0.0,0.0,0.0,0.0,0.0,0.0,0.0,0.0,0.0,0.0,0.0,0.0,0.0,0.0,0.0,0.0,0.0,0.040672548838766524,-0.08302108875315518,-0.00338216407027827,-0.001506582135334611,0.0007217447273433207,-0.000504245050251484,0.0,0.0,0.0,0.0,0.0,0.0,0.0,0.0,0.0,0.0,0.0,0.0,0.0,0.0,0.0,0.0,0.0,0.0,0.0,0.0,0.0,0.0,0.0,0.0,0.0,0.0,0.0,0.0,0.0,0.0,0.0,0.0,0.0,0.0,0.0,0.0
33580000000,3155,33580000000,map,base_link,0.02021767571568489,-0.04147772490978241,0.021739378571510315,0.006852647044399334,-0.01227425398853039,0.029940446832562972,-0.9994528324983605,0.0,0.0,0.0,0.0,0.0,0.0,0.0,0.0,0.0,0.0,0.0,0.0,0.0,0.0,0.0,0.0,0.0,0.0,0.0,0.0,0.0,0.0,0.0,0.0,0.0,0.0,0.0,0.0,0.0,0.0,0.0,0.0,0.0,0.0,0.0,0.0,0.04037140414770869,-0.08272360956218802,-0.003347923012688622,-0.0004261163994669914,0.0026591201312839985,-0.0008458685479126874,0.0,0.0,0.0,0.0,0.0,0.0,0.0,0.0,0.0,0.0,0.0,0.0,0.0,0.0,0.0,0.0,0.0,0.0,0.0,0.0,0.0,0.0,0.0,0.0,0.0,0.0,0.0,0.0,0.0,0.0,0.0,0.0,0.0,0.0,0.0,0.0
33588000000,3156,33588000000,map,base_link,0.019971700385212898,-0.04098951071500778,0.02188728377223015,0.00685088214511794,-0.012298172325060324,0.029929025036616597,-0.9994529589389061,0.0,0.0,0.0,0.0,0.0,0.0,0.0,0.0,0.0,0.0,0.0,0.0,0.0,0.0,0.0,0.0,0.0,0.0,0.0,0.0,0.0,0.0,0.0,0.0,0.0,0.0,0.0,0.0,0.0,0.0,0.0,0.0,0.0,0.0,0.0,0.0,0.04021976287412179,-0.08248390927650134,-0.003123113102269507,0.0020041114185005426,0.0030953339301049714,0.0017846118425950404,0.0,0.0,0.0,0.0,0.0,0.0,0.0,0.0,0.0,0.0,0.0,0.0,0.0,0.0,0.0,0.0,0.0,0.0,0.0,0.0,0.0,0.0,0.0,0.0,0.0,0.0,0.0,0.0,0.0,0.0,0.0,0.0,0.0,0.0,0.0,0.0
33596000000,3157,33596000000,map,base_link,0.01973840594291687,-0.04053421691060066,0.022030038759112358,0.006852751588339976,-0.012293160307446194,0.029929657239344265,-0.9994530010857545,0.0,0.0,0.0,0.0,0.0,0.0,0.0,0.0,0.0,0.0,0.0,0.0,0.0,0.0,0.0,0.0,0.0,0.0,0.0,0.0,0.0,0.0,0.0,0.0,0.0,0.0,0.0,0.0,0.0,0.0,0.0,0.0,0.0,0.0,0.0,0.0,0.03986220167610162,-0.08239940741807626,-0.0030291387826931427,0.0015263622626662254,0.001504239160567522,0.00047600991092622264,0.0,0.0,0.0,0.0,0.0,0.0,0.0,0.0,0.0,0.0,0.0,0.0,0.0,0.0,0.0,0.0,0.0,0.0,0.0,0.0,0.0,0.0,0.0,0.0,0.0,0.0,0.0,0.0,0.0,0.0,0.0,0.0,0.0,0.0,0.0,0.0
33604000000,3158,33604000000,map,base_link,0.01951834186911583,-0.04010998457670212,0.02222994528710842,0.006863668445284933,-0.012299762051502594,0.029925779729281232,-0.9994529167920576,0.0,0.0,0.0,0.0,0.0,0.0,0.0,0.0,0.0,0.0,0.0,0.0,0.0,0.0,0.0,0.0,0.0,0.0,0.0,0.0,0.0,0.0,0.0,0.0,0.0,0.0,0.0,0.0,0.0,0.0,0.0,0.0,0.0,0.0,0.0,0.0,0.039851511129895836,-0.08219391681560977,-0.0027407889211298413,-0.0007473818259313703,-0.0002499814145267009,0.00028830877272412186,0.0,0.0,0.0,0.0,0.0,0.0,0.0,0.0,0.0,0.0,0.0,0.0,0.0,0.0,0.0,0.0,0.0,0.0,0.0,0.0,0.0,0.0,0.0,0.0,0.0,0.0,0.0,0.0,0.0,0.0,0.0,0.0,0.0,0.0,0.0,0.0
33612000000,3159,33612000000,map,base_link,0.019311729818582535,-0.03971577435731888,0.022423217073082924,0.0068668212271169,-0.012300251020799772,0.02991760324067011,-0.9994530853794515,0.0,0.0,0.0,0.0,0.0,0.0,0.0,0.0,0.0,0.0,0.0,0.0,0.0,0.0,0.0,0.0,0.0,0.0,0.0,0.0,0.0,0.0,0.0,0.0,0.0,0.0,0.0,0.0,0.0,0.0,0.0,0.0,0.0,0.0,0.0,0.0,0.03975838435172156,-0.08228034187389784,-0.0027656354508546204,-0.0011968938633799553,-0.0002392926253378389,0.0018072916427627206,0.0,0.0,0.0,0.0,0.0,0.0,0.0,0.0,0.0,0.0,0.0,0.0,0.0,0.0,0.0,0.0,0.0,0.0,0.0,0.0,0.0,0.0,0.0,0.0,0.0,0.0,0.0,0.0,0.0,0.0,0.0,0.0,0.0,0.0,0.0,0.0
33624000000,3160,33624000000,map,base_link,0.019256487488746643,-0.03969744220376015,0.022597841918468475,0.006868178651983981,-0.012290502421811978,0.029929235770859153,-0.9994529167920576,0.0,0.0,0.0,0.0,0.0,0.0,0.0,0.0,0.0,0.0,0.0,0.0,0.0,0.0,0.0,0.0,0.0,0.0,0.0,0.0,0.0,0.0,0.0,0.0,0.0,0.0,0.0,0.0,0.0,0.0,0.0,0.0,0.0,0.0,0.0,0.0,0.03913929428585725,-0.08196881735692783,-0.002577918078660742,0.002094828523695469,-0.0012604189105331902,-0.0030140341259539127,0.0,0.0,0.0,0.0,0.0,0.0,0.0,0.0,0.0,0.0,0.0,0.0,0.0,0.0,0.0,0.0,0.0,0.0,0.0,0.0,0.0,0.0,0.0,0.0,0.0,0.0,0.0,0.0,0.0,0.0,0.0,0.0,0.0,0.0,0.0,0.0
33637000000,3161,33637000000,map,base_link,0.01921278052031994,-0.03971119225025177,0.0227680504322052,0.006885191490803205,-0.012293401334736115,0.02994213270650342,-0.9994523267361783,0.0,0.0,0.0,0.0,0.0,0.0,0.0,0.0,0.0,0.0,0.0,0.0,0.0,0.0,0.0,0.0,0.0,0.0,0.0,0.0,0.0,0.0,0.0,0.0,0.0,0.0,0.0,0.0,0.0,0.0,0.0,0.0,0.0,0.0,0.0,0.0,0.03894874265432721,-0.08191441205623709,-0.0022474840832243893,-0.0007184934802353382,0.0004541962407529349,-0.0039031608030200005,0.0,0.0,0.0,0.0,0.0,0.0,0.0,0.0,0.0,0.0,0.0,0.0,0.0,0.0,0.0,0.0,0.0,0.0,0.0,0.0,0.0,0.0,0.0,0.0,0.0,0.0,0.0,0.0,0.0,0.0,0.0,0.0,0.0,0.0,0.0,0.0
33644000000,3162,33644000000,map,base_link,0.019043097272515297,-0.039412785321474075,0.02294108085334301,0.006891473346864852,-0.012316647297323399,0.029939898923532327,-0.9994520317082389,0.0,0.0,0.0,0.0,0.0,0.0,0.0,0.0,0.0,0.0,0.0,0.0,0.0,0.0,0.0,0.0,0.0,0.0,0.0,0.0,0.0,0.0,0.0,0.0,0.0,0.0,0.0,0.0,0.0,0.0,0.0,0.0,0.0,0.0,0.0,0.0,0.03882691483540128,-0.08151788356586619,-0.0023792270265925427,0.0005492041818797588,0.0041258386336266994,-0.001546086859889329,0.0,0.0,0.0,0.0,0.0,0.0,0.0,0.0,0.0,0.0,0.0,0.0,0.0,0.0,0.0,0.0,0.0,0.0,0.0,0.0,0.0,0.0,0.0,0.0,0.0,0.0,0.0,0.0,0.0,0.0,0.0,0.0,0.0,0.0,0.0,0.0
33652000000,3163,33652000000,map,base_link,0.01888412982225418,-0.03914133831858635,0.023200569674372673,0.006905766067593856,-0.012318837945629203,0.029933745483649743,-0.9994521160019358,0.0,0.0,0.0,0.0,0.0,0.0,0.0,0.0,0.0,0.0,0.0,0.0,0.0,0.0,0.0,0.0,0.0,0.0,0.0,0.0,0.0,0.0,0.0,0.0,0.0,0.0,0.0,0.0,0.0,0.0,0.0,0.0,0.0,0.0,0.0,0.0,0.03847567101721105,-0.08164763287112661,-0.0020731747585796554,-0.0027022489812225103,0.0014803907833993435,-0.00016079162014648337,0.0,0.0,0.0,0.0,0.0,0.0,0.0,0.0,0.0,0.0,0.0,0.0,0.0,0.0,0.0,0.0,0.0,0.0,0.0,0.0,0.0,0.0,0.0,0.0,0.0,0.0,0.0,0.0,0.0,0.0,0.0,0.0,0.0,0.0,0.0,0.0
33660000000,3164,33660000000,map,base_link,0.018737733364105225,-0.03890465199947357,0.02344915084540844,0.006934467906793647,-0.012318323128460087,0.029907066528542414,-0.9994527482046636,0.0,0.0,0.0,0.0,0.0,0.0,0.0,0.0,0.0,0.0,0.0,0.0,0.0,0.0,0.0,0.0,0.0,0.0,0.0,0.0,0.0,0.0,0.0,0.0,0.0,0.0,0.0,0.0,0.0,0.0,0.0,0.0,0.0,0.0,0.0,0.0,0.038297534417201295,-0.08146854172746339,-0.00224772036373996,-0.004678396508097649,-0.00020548747852444603,0.00373191200196743,0.0,0.0,0.0,0.0,0.0,0.0,0.0,0.0,0.0,0.0,0.0,0.0,0.0,0.0,0.0,0.0,0.0,0.0,0.0,0.0,0.0,0.0,0.0,0.0,0.0,0.0,0.0,0.0,0.0,0.0,0.0,0.0,0.0,0.0,0.0,0.0
33668000000,3165,33668000000,map,base_link,0.018605869263410568,-0.03869996964931488,0.023684635758399963,0.006946264085292888,-0.012320366921340612,0.029901587438235955,-0.9994528324983605,0.0,0.0,0.0,0.0,0.0,0.0,0.0,0.0,0.0,0.0,0.0,0.0,0.0,0.0,0.0,0.0,0.0,0.0,0.0,0.0,0.0,0.0,0.0,0.0,0.0,0.0,0.0,0.0,0.0,0.0,0.0,0.0,0.0,0.0,0.0,0.0,0.038105921652749876,-0.08109816008200803,-0.002317769043075951,-0.0008001199457794428,-0.000990977045148611,-0.0002667258377186953,0.0,0.0,0.0,0.0,0.0,0.0,0.0,0.0,0.0,0.0,0.0,0.0,0.0,0.0,0.0,0.0,0.0,0.0,0.0,0.0,0.0,0.0,0.0,0.0,0.0,0.0,0.0,0.0,0.0,0.0,0.0,0.0,0.0,0.0,0.0,0.0
33676000000,3166,33676000000,map,base_link,0.018488528206944466,-0.03852774202823639,0.023908058181405067,0.006959718478863229,-0.012311968832502563,0.02990318901847938,-0.9994527482046635,0.0,0.0,0.0,0.0,0.0,0.0,0.0,0.0,0.0,0.0,0.0,0.0,0.0,0.0,0.0,0.0,0.0,0.0,0.0,0.0,0.0,0.0,0.0,0.0,0.0,0.0,0.0,0.0,0.0,0.0,0.0,0.0,0.0,0.0,0.0,0.0,0.038172668572465256,-0.08093599909096964,-0.0022210564982747052,-0.0012484313920140266,-0.002742772223427892,-0.00182909017894417,0.0,0.0,0.0,0.0,0.0,0.0,0.0,0.0,0.0,0.0,0.0,0.0,0.0,0.0,0.0,0.0,0.0,0.0,0.0,0.0,0.0,0.0,0.0,0.0,0.0,0.0,0.0,0.0,0.0,0.0,0.0,0.0,0.0,0.0,0.0,0.0
33685000000,3167,33685000000,map,base_link,0.018385887145996094,-0.03838643431663513,0.024121122434735298,0.006963221112465061,-0.012316252829163116,0.029890797845017192,-0.9994530853794515,0.0,0.0,0.0,0.0,0.0,0.0,0.0,0.0,0.0,0.0,0.0,0.0,0.0,0.0,0.0,0.0,0.0,0.0,0.0,0.0,0.0,0.0,0.0,0.0,0.0,0.0,0.0,0.0,0.0,0.0,0.0,0.0,0.0,0.0,0.0,0.0,0.03821050845247162,-0.08088666045516464,-0.0023772051484250885,0.001114190323278308,0.0005768011324107647,0.0003311343025416135,0.0,0.0,0.0,0.0,0.0,0.0,0.0,0.0,0.0,0.0,0.0,0.0,0.0,0.0,0.0,0.0,0.0,0.0,0.0,0.0,0.0,0.0,0.0,0.0,0.0,0.0,0.0,0.0,0.0,0.0,0.0,0.0,0.0,0.0,0.0,0.0
33693000000,3168,33693000000,map,base_link,0.018297331407666206,-0.03827381506562233,0.024323556572198868,0.00696440270594851,-0.012317368238923513,0.029879376049070705,-0.9994533804073913,0.0,0.0,0.0,0.0,0.0,0.0,0.0,0.0,0.0,0.0,0.0,0.0,0.0,0.0,0.0,0.0,0.0,0.0,0.0,0.0,0.0,0.0,0.0,0.0,0.0,0.0,0.0,0.0,0.0,0.0,0.0,0.0,0.0,0.0,0.0,0.0,0.03829890220025461,-0.0804913958823097,-0.002159916368879927,0.0027693863958120346,-0.00015310430899262398,0.0023793578147888184,0.0,0.0,0.0,0.0,0.0,0.0,0.0,0.0,0.0,0.0,0.0,0.0,0.0,0.0,0.0,0.0,0.0,0.0,0.0,0.0,0.0,0.0,0.0,0.0,0.0,0.0,0.0,0.0,0.0,0.0,0.0,0.0,0.0,0.0,0.0,0.0
33701000000,3169,33701000000,map,base_link,0.01822207123041153,-0.03819092735648155,0.024523906409740448,0.006962007744209103,-0.012310162938825546,0.029874360574097925,-0.9994535911416337,0.0,0.0,0.0,0.0,0.0,0.0,0.0,0.0,0.0,0.0,0.0,0.0,0.0,0.0,0.0,0.0,0.0,0.0,0.0,0.0,0.0,0.0,0.0,0.0,0.0,0.0,0.0,0.0,0.0,0.0,0.0,0.0,0.0,0.0,0.0,0.0,0.038237334348518816,-0.0806829535652911,-0.0021871042951035926,0.0024101242888718843,-0.0012969858944416046,0.0004999528173357249,0.0,0.0,0.0,0.0,0.0,0.0,0.0,0.0,0.0,0.0,0.0,0.0,0.0,0.0,0.0,0.0,0.0,0.0,0.0,0.0,0.0,0.0,0.0,0.0,0.0,0.0,0.0,0.0,0.0,0.0,0.0,0.0,0.0,0.0,0.0,0.0
33708000000,3170,33708000000,map,base_link,0.01815679296851158,-0.038131508976221085,0.024717116728425026,0.006970500169547921,-0.012301042262026112,0.02986921865857961,-0.9994538440227247,0.0,0.0,0.0,0.0,0.0,0.0,0.0,0.0,0.0,0.0,0.0,0.0,0.0,0.0,0.0,0.0,0.0,0.0,0.0,0.0,0.0,0.0,0.0,0.0,0.0,0.0,0.0,0.0,0.0,0.0,0.0,0.0,0.0,0.0,0.0,0.0,0.038364530977637194,-0.08071551123815013,-0.0018569880018377313,1.8975697457790375e-07,-0.0019357048440724613,-0.0014824988320469854,0.0,0.0,0.0,0.0,0.0,0.0,0.0,0.0,0.0,0.0,0.0,0.0,0.0,0.0,0.0,0.0,0.0,0.0,0.0,0.0,0.0,0.0,0.0,0.0,0.0,0.0,0.0,0.0,0.0,0.0,0.0,0.0,0.0,0.0,0.0,0.0
33716000000,3171,33716000000,map,base_link,0.018102632835507393,-0.038093890994787216,0.024905657395720482,0.006973605865447568,-0.012293847004731894,0.029872716847006042,-0.9994538018758763,0.0,0.0,0.0,0.0,0.0,0.0,0.0,0.0,0.0,0.0,0.0,0.0,0.0,0.0,0.0,0.0,0.0,0.0,0.0,0.0,0.0,0.0,0.0,0.0,0.0,0.0,0.0,0.0,0.0,0.0,0.0,0.0,0.0,0.0,0.0,0.0,0.03845029986134215,-0.0804412650775248,-0.0016234069740568198,0.0014626596821472049,-0.0014741541817784314,-0.003109108656644821,0.0,0.0,0.0,0.0,0.0,0.0,0.0,0.0,0.0,0.0,0.0,0.0,0.0,0.0,0.0,0.0,0.0,0.0,0.0,0.0,0.0,0.0,0.0,0.0,0.0,0.0,0.0,0.0,0.0,0.0,0.0,0.0,0.0,0.0,0.0,0.0
33724000000,3172,33724000000,map,base_link,0.018061378970742226,-0.03808199614286423,0.025086447596549988,0.006993293053513713,-0.012279790372209004,0.029849999695658658,-0.9994545183723009,0.0,0.0,0.0,0.0,0.0,0.0,0.0,0.0,0.0,0.0,0.0,0.0,0.0,0.0,0.0,0.0,0.0,0.0,0.0,0.0,0.0,0.0,0.0,0.0,0.0,0.0,0.0,0.0,0.0,0.0,0.0,0.0,0.0,0.0,0.0,0.0,0.038520931443025104,-0.08031541905364296,-0.0013731818686881529,-0.0030979204457253218,-0.00324474461376667,0.003061745315790177,0.0,0.0,0.0,0.0,0.0,0.0,0.0,0.0,0.0,0.0,0.0,0.0,0.0,0.0,0.0,0.0,0.0,0.0,0.0,0.0,0.0,0.0,0.0,0.0,0.0,0.0,0.0,0.0,0.0,0.0,0.0,0.0,0.0,0.0,0.0,0.0
33732000000,3173,33732000000,map,base_link,0.018033361062407494,-0.03809566795825958,0.025260325521230698,0.006986098290127874,-0.012290911377951434,0.029824163677521498,-0.9994552348687256,0.0,0.0,0.0,0.0,0.0,0.0,0.0,0.0,0.0,0.0,0.0,0.0,0.0,0.0,0.0,0.0,0.0,0.0,0.0,0.0,0.0,0.0,0.0,0.0,0.0,0.0,0.0,0.0,0.0,0.0,0.0,0.0,0.0,0.0,0.0,0.0,0.03864459926932161,-0.07998186370220865,-0.0010014420732938445,0.002488143974915147,0.0014327294193208224,0.004476926289498806,0.0,0.0,0.0,0.0,0.0,0.0,0.0,0.0,0.0,0.0,0.0,0.0,0.0,0.0,0.0,0.0,0.0,0.0,0.0,0.0,0.0,0.0,0.0,0.0,0.0,0.0,0.0,0.0,0.0,0.0,0.0,0.0,0.0,0.0,0.0,0.0
33740000000,3174,33740000000,map,base_link,0.018016379326581955,-0.03813321143388748,0.025361869484186172,0.006983874549960543,-0.01228288553139652,0.029814132727575937,-0.9994555720435138,0.0,0.0,0.0,0.0,0.0,0.0,0.0,0.0,0.0,0.0,0.0,0.0,0.0,0.0,0.0,0.0,0.0,0.0,0.0,0.0,0.0,0.0,0.0,0.0,0.0,0.0,0.0,0.0,0.0,0.0,0.0,0.0,0.0,0.0,0.0,0.0,0.038409229844991066,-0.07997346531024298,-0.0006070861309186817,0.002951487200334668,-0.0011845105327665804,0.001730818650685251,0.0,0.0,0.0,0.0,0.0,0.0,0.0,0.0,0.0,0.0,0.0,0.0,0.0,0.0,0.0,0.0,0.0,0.0,0.0,0.0,0.0,0.0,0.0,0.0,0.0,0.0,0.0,0.0,0.0,0.0,0.0,0.0,0.0,0.0,0.0,0.0
33749000000,3175,33749000000,map,base_link,0.017651833593845367,-0.037287790328264236,0.02548108622431755,0.006998303754038824,-0.01229509708684417,0.02981446990236397,-0.9994553191624227,0.0,0.0,0.0,0.0,0.0,0.0,0.0,0.0,0.0,0.0,0.0,0.0,0.0,0.0,0.0,0.0,0.0,0.0,0.0,0.0,0.0,0.0,0.0,0.0,0.0,0.0,0.0,0.0,0.0,0.0,0.0,0.0,0.0,0.0,0.0,0.0,0.03851975089316165,-0.07992961347978837,-0.0006112620622070915,-0.001700246473774314,0.002416664734482765,-0.0008184015750885013,0.0,0.0,0.0,0.0,0.0,0.0,0.0,0.0,0.0,0.0,0.0,0.0,0.0,0.0,0.0,0.0,0.0,0.0,0.0,0.0,0.0,0.0,0.0,0.0,0.0,0.0,0.0,0.0,0.0,0.0,0.0,0.0,0.0,0.0,0.0,0.0
33760000000,3176,33760000000,map,base_link,0.01744823530316353,-0.036829013377428055,0.025591647252440453,0.007007077048610298,-0.012304657671374938,0.02981316335006018,-0.9994551927218771,0.0,0.0,0.0,0.0,0.0,0.0,0.0,0.0,0.0,0.0,0.0,0.0,0.0,0.0,0.0,0.0,0.0,0.0,0.0,0.0,0.0,0.0,0.0,0.0,0.0,0.0,0.0,0.0,0.0,0.0,0.0,0.0,0.0,0.0,0.0,0.0,0.03856057849193868,-0.07966331806685739,-0.0006614074783109344,0.0007494566962122917,0.0036087762564420696,-0.002739863703027368,0.0,0.0,0.0,0.0,0.0,0.0,0.0,0.0,0.0,0.0,0.0,0.0,0.0,0.0,0.0,0.0,0.0,0.0,0.0,0.0,0.0,0.0,0.0,0.0,0.0,0.0,0.0,0.0,0.0,0.0,0.0,0.0,0.0,0.0,0.0,0.0
33768000000,3177,33768000000,map,base_link,0.017128413543105125,-0.036086875945329666,0.025697721168398857,0.0070233966046987445,-0.012312510649996505,0.02980098291084049,-0.9994554034561196,0.0,0.0,0.0,0.0,0.0,0.0,0.0,0.0,0.0,0.0,0.0,0.0,0.0,0.0,0.0,0.0,0.0,0.0,0.0,0.0,0.0,0.0,0.0,0.0,0.0,0.0,0.0,0.0,0.0,0.0,0.0,0.0,0.0,0.0,0.0,0.0,0.03819396640805153,-0.0791047028729724,-0.00044862848780362786,-0.0003424013266339898,0.0029734326526522636,0.0002075021329801526,0.0,0.0,0.0,0.0,0.0,0.0,0.0,0.0,0.0,0.0,0.0,0.0,0.0,0.0,0.0,0.0,0.0,0.0,0.0,0.0,0.0,0.0,0.0,0.0,0.0,0.0,0.0,0.0,0.0,0.0,0.0,0.0,0.0,0.0,0.0,0.0
33777000000,3178,33777000000,map,base_link,0.016827041283249855,-0.035389792174100876,0.025799304246902466,0.00704874283035811,-0.012309599718635093,0.029792342806895744,-0.9994555298966652,0.0,0.0,0.0,0.0,0.0,0.0,0.0,0.0,0.0,0.0,0.0,0.0,0.0,0.0,0.0,0.0,0.0,0.0,0.0,0.0,0.0,0.0,0.0,0.0,0.0,0.0,0.0,0.0,0.0,0.0,0.0,0.0,0.0,0.0,0.0,0.0,0.037917784836127406,-0.07848663861119957,-0.00020915540186354115,-0.0020079389214515686,0.0013510556891560552,-0.0009499768493697049,0.0,0.0,0.0,0.0,0.0,0.0,0.0,0.0,0.0,0.0,0.0,0.0,0.0,0.0,0.0,0.0,0.0,0.0,0.0,0.0,0.0,0.0,0.0,0.0,0.0,0.0,0.0,0.0,0.0,0.0,0.0,0.0,0.0,0.0,0.0,0.0
33785000000,3179,33785000000,map,base_link,0.01654445379972458,-0.03473718464374542,0.02589610032737255,0.007053578851952483,-0.012315645486490629,0.029785051402103357,-0.9994555720435137,0.0,0.0,0.0,0.0,0.0,0.0,0.0,0.0,0.0,0.0,0.0,0.0,0.0,0.0,0.0,0.0,0.0,0.0,0.0,0.0,0.0,0.0,0.0,0.0,0.0,0.0,0.0,0.0,0.0,0.0,0.0,0.0,0.0,0.0,0.0,0.0,0.03767481175791037,-0.07804971799458067,-4.914050122117888e-05,0.0011501582339406013,0.0026642242446541786,-0.0015187470708042388,0.0,0.0,0.0,0.0,0.0,0.0,0.0,0.0,0.0,0.0,0.0,0.0,0.0,0.0,0.0,0.0,0.0,0.0,0.0,0.0,0.0,0.0,0.0,0.0,0.0,0.0,0.0,0.0,0.0,0.0,0.0,0.0,0.0,0.0,0.0,0.0
33793000000,3180,33793000000,map,base_link,0.01627814956009388,-0.034124866127967834,0.02598757855594158,0.007067919975702822,-0.012318601692786963,0.029775863389127966,-0.9994557406309077,0.0,0.0,0.0,0.0,0.0,0.0,0.0,0.0,0.0,0.0,0.0,0.0,0.0,0.0,0.0,0.0,0.0,0.0,0.0,0.0,0.0,0.0,0.0,0.0,0.0,0.0,0.0,0.0,0.0,0.0,0.0,0.0,0.0,0.0,0.0,0.0,0.03741243756931414,-0.0775773981748032,-9.948799813286625e-05,-0.0018771678442135453,0.002587854862213135,0.002276666462421417,0.0,0.0,0.0,0.0,0.0,0.0,0.0,0.0,0.0,0.0,0.0,0.0,0.0,0.0,0.0,0.0,0.0,0.0,0.0,0.0,0.0,0.0,0.0,0.0,0.0,0.0,0.0,0.0,0.0,0.0,0.0,0.0,0.0,0.0,0.0,0.0
33801000000,3181,33800000000,map,base_link,0.016028644517064095,-0.0335535854101181,0.02604786865413189,0.007097999983921694,-0.012307138737808762,0.02976482091481808,-0.9994559935119989,0.0,0.0,0.0,0.0,0.0,0.0,0.0,0.0,0.0,0.0,0.0,0.0,0.0,0.0,0.0,0.0,0.0,0.0,0.0,0.0,0.0,0.0,0.0,0.0,0.0,0.0,0.0,0.0,0.0,0.0,0.0,0.0,0.0,0.0,0.0,0.0,0.03718579862139777,-0.07711048510909935,-3.195378065875941e-05,-0.0040360745042562485,-0.0002539004199206828,0.0009051195811480284,0.0,0.0,0.0,0.0,0.0,0.0,0.0,0.0,0.0,0.0,0.0,0.0,0.0,0.0,0.0,0.0,0.0,0.0,0.0,0.0,0.0,0.0,0.0,0.0,0.0,0.0,0.0,0.0,0.0,0.0,0.0,0.0,0.0,0.0,0.0,0.0
33808000000,3182,33808000000,map,base_link,0.01579728163778782,-0.03302018344402313,0.02610420621931553,0.007105062709133681,-0.012315489905350618,0.02975630725141898,-0.9994560778056959,0.0,0.0,0.0,0.0,0.0,0.0,0.0,0.0,0.0,0.0,0.0,0.0,0.0,0.0,0.0,0.0,0.0,0.0,0.0,0.0,0.0,0.0,0.0,0.0,0.0,0.0,0.0,0.0,0.0,0.0,0.0,0.0,0.0,0.0,0.0,0.0,0.037573985882565886,-0.07684198259678582,-8.127725606714927e-05,-0.00012271373998373747,0.002569066360592842,-0.0008128721965476874,0.0,0.0,0.0,0.0,0.0,0.0,0.0,0.0,0.0,0.0,0.0,0.0,0.0,0.0,0.0,0.0,0.0,0.0,0.0,0.0,0.0,0.0,0.0,0.0,0.0,0.0,0.0,0.0,0.0,0.0,0.0,0.0,0.0,0.0,0.0,0.0
33821000000,3183,33821000000,map,base_link,0.01571708917617798,-0.03284541890025139,0.026158407330513,0.007124323160358653,-0.012322772749064398,0.02975002737099075,-0.9994560356588473,0.0,0.0,0.0,0.0,0.0,0.0,0.0,0.0,0.0,0.0,0.0,0.0,0.0,0.0,0.0,0.0,0.0,0.0,0.0,0.0,0.0,0.0,0.0,0.0,0.0,0.0,0.0,0.0,0.0,0.0,0.0,0.0,0.0,0.0,0.0,0.0,0.037445721624026866,-0.07676784347567639,0.00018631262460415247,0.0010000873589888215,0.0032585496082901955,-0.0006050288211554293,0.0,0.0,0.0,0.0,0.0,0.0,0.0,0.0,0.0,0.0,0.0,0.0,0.0,0.0,0.0,0.0,0.0,0.0,0.0,0.0,0.0,0.0,0.0,0.0,0.0,0.0,0.0,0.0,0.0,0.0,0.0,0.0,0.0,0.0,0.0,0.0
33832000000,3184,33832000000,map,base_link,0.01565098948776722,-0.032704826444387436,0.026208816096186638,0.007137132015675043,-0.012318398531806251,0.029730681967524375,-0.999456583567878,0.0,0.0,0.0,0.0,0.0,0.0,0.0,0.0,0.0,0.0,0.0,0.0,0.0,0.0,0.0,0.0,0.0,0.0,0.0,0.0,0.0,0.0,0.0,0.0,0.0,0.0,0.0,0.0,0.0,0.0,0.0,0.0,0.0,0.0,0.0,0.0,0.03740803660317237,-0.07630304745676394,-1.8664120085382606e-05,0.0008465128485113382,0.00014044158160686515,0.0017443661345168948,0.0,0.0,0.0,0.0,0.0,0.0,0.0,0.0,0.0,0.0,0.0,0.0,0.0,0.0,0.0,0.0,0.0,0.0,0.0,0.0,0.0,0.0,0.0,0.0,0.0,0.0,0.0,0.0,0.0,0.0,0.0,0.0,0.0,0.0,0.0,0.0
33845000000,3185,33844000000,map,base_link,0.015600482933223248,-0.03259879723191261,0.02625351771712303,0.007145664282956594,-0.012299205746029477,0.029703707984477357,-0.9994575107985453,0.0,0.0,0.0,0.0,0.0,0.0,0.0,0.0,0.0,0.0,0.0,0.0,0.0,0.0,0.0,0.0,0.0,0.0,0.0,0.0,0.0,0.0,0.0,0.0,0.0,0.0,0.0,0.0,0.0,0.0,0.0,0.0,0.0,0.0,0.0,0.0,0.03745479451493214,-0.075888334932747,3.385773989648646e-05,0.0005372416344471276,-0.0020575339440256353,0.0029558939859271054,0.0,0.0,0.0,0.0,0.0,0.0,0.0,0.0,0.0,0.0,0.0,0.0,0.0,0.0,0.0,0.0,0.0,0.0,0.0,0.0,0.0,0.0,0.0,0.0,0.0,0.0,0.0,0.0,0.0,0.0,0.0,0.0,0.0,0.0,0.0,0.0
33857000000,3186,33857000000,map,base_link,0.015562059357762337,-0.03251512721180916,0.026293104514479637,0.0071519963530369745,-0.012274660969036325,0.02970868131260157,-0.9994576793859393,0.0,0.0,0.0,0.0,0.0,0.0,0.0,0.0,0.0,0.0,0.0,0.0,0.0,0.0,0.0,0.0,0.0,0.0,0.0,0.0,0.0,0.0,0.0,0.0,0.0,0.0,0.0,0.0,0.0,0.0,0.0,0.0,0.0,0.0,0.0,0.0,0.037222251993949955,-0.07536770997638338,-0.00022948006706660797,0.0007131594466045499,-0.004342359025031328,-0.003420780878514051,0.0,0.0,0.0,0.0,0.0,0.0,0.0,0.0,0.0,0.0,0.0,0.0,0.0,0.0,0.0,0.0,0.0,0.0,0.0,0.0,0.0,0.0,0.0,0.0,0.0,0.0,0.0,0.0,0.0,0.0,0.0,0.0,0.0,0.0,0.0,0.0
33868000000,3187,33868000000,map,base_link,0.01553719025105238,-0.03246260806918144,0.026360072195529938,0.007193990583858144,-0.012257264692677327,0.029707754081934323,-0.9994575950922423,0.0,0.0,0.0,0.0,0.0,0.0,0.0,0.0,0.0,0.0,0.0,0.0,0.0,0.0,0.0,0.0,0.0,0.0,0.0,0.0,0.0,0.0,0.0,0.0,0.0,0.0,0.0,0.0,0.0,0.0,0.0,0.0,0.0,0.0,0.0,0.0,0.037274707856247306,-0.07523320206452584,-0.00017113747438928697,-0.0054421802051365376,0.0011255331337451933,-0.0009891729569062593,0.0,0.0,0.0,0.0,0.0,0.0,0.0,0.0,0.0,0.0,0.0,0.0,0.0,0.0,0.0,0.0,0.0,0.0,0.0,0.0,0.0,0.0,0.0,0.0,0.0,0.0,0.0,0.0,0.0,0.0,0.0,0.0,0.0,0.0,0.0,0.0
33881000000,3188,33881000000,map,base_link,0.015530199743807316,-0.032444849610328674,0.026422712951898575,0.007206453703307845,-0.012261503579039086,0.029691527545257723,-0.9994579744138788,0.0,0.0,0.0,0.0,0.0,0.0,0.0,0.0,0.0,0.0,0.0,0.0,0.0,0.0,0.0,0.0,0.0,0.0,0.0,0.0,0.0,0.0,0.0,0.0,0.0,0.0,0.0,0.0,0.0,0.0,0.0,0.0,0.0,0.0,0.0,0.0,0.037349604723142485,-0.07475999216636006,2.8718927594511624e-05,-0.0008282706839963794,0.002713581547141075,0.0012572449631988998,0.0,0.0,0.0,0.0,0.0,0.0,0.0,0.0,0.0,0.0,0.0,0.0,0.0,0.0,0.0,0.0,0.0,0.0,0.0,0.0,0.0,0.0,0.0,0.0,0.0,0.0,0.0,0.0,0.0,0.0,0.0,0.0,0.0,0.0,0.0,0.0
33892000000,3189,33892000000,map,base_link,0.015538981184363365,-0.0324595607817173,0.026483841240406036,0.007200124267405495,-0.012262513292405948,0.029674626659004777,-0.9994585223229095,0.0,0.0,0.0,0.0,0.0,0.0,0.0,0.0,0.0,0.0,0.0,0.0,0.0,0.0,0.0,0.0,0.0,0.0,0.0,0.0,0.0,0.0,0.0,0.0,0.0,0.0,0.0,0.0,0.0,0.0,0.0,0.0,0.0,0.0,0.0,0.0,0.03749012638830976,-0.07469763527789726,0.00010962750154531851,0.0027039148844778538,0.0014006490819156174,0.0031577933114022017,0.0,0.0,0.0,0.0,0.0,0.0,0.0,0.0,0.0,0.0,0.0,0.0,0.0,0.0,0.0,0.0,0.0,0.0,0.0,0.0,0.0,0.0,0.0,0.0,0.0,0.0,0.0,0.0,0.0,0.0,0.0,0.0,0.0,0.0,0.0,0.0
33904000000,3190,33904000000,map,base_link,0.015561348758637905,-0.03250398859381676,0.02653878927230835,0.007228017743221737,-0.012249084088163038,0.029670496267850732,-0.9994585223229094,0.0,0.0,0.0,0.0,0.0,0.0,0.0,0.0,0.0,0.0,0.0,0.0,0.0,0.0,0.0,0.0,0.0,0.0,0.0,0.0,0.0,0.0,0.0,0.0,0.0,0.0,0.0,0.0,0.0,0.0,0.0,0.0,0.0,0.0,0.0,0.0,0.03733357950132051,-0.0745915026229492,-0.0001266681223734256,-0.002784228418022394,0.00033168355002999284,-0.001780063845217228,0.0,0.0,0.0,0.0,0.0,0.0,0.0,0.0,0.0,0.0,0.0,0.0,0.0,0.0,0.0,0.0,0.0,0.0,0.0,0.0,0.0,0.0,0.0,0.0,0.0,0.0,0.0,0.0,0.0,0.0,0.0,0.0,0.0,0.0,0.0,0.0
33917000000,3191,33917000000,map,base_link,0.01559394970536232,-0.03258020058274269,0.026588423177599907,0.007240683365107642,-0.012252483001004863,0.029666871638878822,-0.9994585223229095,0.0,0.0,0.0,0.0,0.0,0.0,0.0,0.0,0.0,0.0,0.0,0.0,0.0,0.0,0.0,0.0,0.0,0.0,0.0,0.0,0.0,0.0,0.0,0.0,0.0,0.0,0.0,0.0,0.0,0.0,0.0,0.0,0.0,0.0,0.0,0.0,0.03717003120444215,-0.07476968824913156,-0.00011801217734308913,-0.0008055694634094834,0.0014014081098139284,-0.0018114178674295547,0.0,0.0,0.0,0.0,0.0,0.0,0.0,0.0,0.0,0.0,0.0,0.0,0.0,0.0,0.0,0.0,0.0,0.0,0.0,0.0,0.0,0.0,0.0,0.0,0.0,0.0,0.0,0.0,0.0,0.0,0.0,0.0,0.0,0.0,0.0,0.0
33928000000,3192,33928000000,map,base_link,0.015641069039702415,-0.03268938511610031,0.02663617953658104,0.007248508190951493,-0.01223575070214604,0.02968916732174104,-0.9994580587075759,0.0,0.0,0.0,0.0,0.0,0.0,0.0,0.0,0.0,0.0,0.0,0.0,0.0,0.0,0.0,0.0,0.0,0.0,0.0,0.0,0.0,0.0,0.0,0.0,0.0,0.0,0.0,0.0,0.0,0.0,0.0,0.0,0.0,0.0,0.0,0.0,0.03740930154945639,-0.07454801725313145,0.00034987300349883046,-0.001011706073768437,-0.002602287102490664,-0.003893137443810701,0.0,0.0,0.0,0.0,0.0,0.0,0.0,0.0,0.0,0.0,0.0,0.0,0.0,0.0,0.0,0.0,0.0,0.0,0.0,0.0,0.0,0.0,0.0,0.0,0.0,0.0,0.0,0.0,0.0,0.0,0.0,0.0,0.0,0.0,0.0,0.0
33941000000,3193,33940000000,map,base_link,0.015699822455644608,-0.03281734138727188,0.026732632890343666,0.00725904309208182,-0.012235132164216915,0.029686764951375955,-0.9994580165607273,0.0,0.0,0.0,0.0,0.0,0.0,0.0,0.0,0.0,0.0,0.0,0.0,0.0,0.0,0.0,0.0,0.0,0.0,0.0,0.0,0.0,0.0,0.0,0.0,0.0,0.0,0.0,0.0,0.0,0.0,0.0,0.0,0.0,0.0,0.0,0.0,0.037442286045976145,-0.07436493028997257,0.0002833108781952992,-0.0008244721684604883,0.0014488962478935719,-0.000315721641527489,0.0,0.0,0.0,0.0,0.0,0.0,0.0,0.0,0.0,0.0,0.0,0.0,0.0,0.0,0.0,0.0,0.0,0.0,0.0,0.0,0.0,0.0,0.0,0.0,0.0,0.0,0.0,0.0,0.0,0.0,0.0,0.0,0.0,0.0,0.0,0.0
33948000000,3194,33948000000,map,base_link,0.01563703827559948,-0.03266521915793419,0.026821408420801163,0.0072530793130175285,-0.012233732098592945,0.0296952364679266,-0.9994578901201818,0.0,0.0,0.0,0.0,0.0,0.0,0.0,0.0,0.0,0.0,0.0,0.0,0.0,0.0,0.0,0.0,0.0,0.0,0.0,0.0,0.0,0.0,0.0,0.0,0.0,0.0,0.0,0.0,0.0,0.0,0.0,0.0,0.0,0.0,0.0,0.0,0.03760432705563623,-0.07446331784353273,0.0003232408204845277,0.0012003956362605095,0.001231343951076269,-0.0015260177897289398,0.0,0.0,0.0,0.0,0.0,0.0,0.0,0.0,0.0,0.0,0.0,0.0,0.0,0.0,0.0,0.0,0.0,0.0,0.0,0.0,0.0,0.0,0.0,0.0,0.0,0.0,0.0,0.0,0.0,0.0,0.0,0.0,0.0,0.0,0.0,0.0
33956000000,3195,33956000000,map,base_link,0.015581518411636353,-0.03252978250384331,0.026906348764896393,0.007258533213996514,-0.012229507041665855,0.02970033623659646,-0.9994576793859392,0.0,0.0,0.0,0.0,0.0,0.0,0.0,0.0,0.0,0.0,0.0,0.0,0.0,0.0,0.0,0.0,0.0,0.0,0.0,0.0,0.0,0.0,0.0,0.0,0.0,0.0,0.0,0.0,0.0,0.0,0.0,0.0,0.0,0.0,0.0,0.0,0.03754604472114665,-0.07436761890475033,0.00041104691525810193,0.001258948352187872,0.0005310336127877233,-0.002209050813689828,0.0,0.0,0.0,0.0,0.0,0.0,0.0,0.0,0.0,0.0,0.0,0.0,0.0,0.0,0.0,0.0,0.0,0.0,0.0,0.0,0.0,0.0,0.0,0.0,0.0,0.0,0.0,0.0,0.0,0.0,0.0,0.0,0.0,0.0,0.0,0.0
33964000000,3196,33964000000,map,base_link,0.015536272898316383,-0.03241725638508797,0.026987947523593903,0.007250030745853948,-0.012234324294741748,0.02970640538278202,-0.9994575107985453,0.0,0.0,0.0,0.0,0.0,0.0,0.0,0.0,0.0,0.0,0.0,0.0,0.0,0.0,0.0,0.0,0.0,0.0,0.0,0.0,0.0,0.0,0.0,0.0,0.0,0.0,0.0,0.0,0.0,0.0,0.0,0.0,0.0,0.0,0.0,0.0,0.03775054043303626,-0.07430945010791731,0.0003534613756485109,0.0013017195742577314,0.0018850495107471943,-0.00018756059580482567,0.0,0.0,0.0,0.0,0.0,0.0,0.0,0.0,0.0,0.0,0.0,0.0,0.0,0.0,0.0,0.0,0.0,0.0,0.0,0.0,0.0,0.0,0.0,0.0,0.0,0.0,0.0,0.0,0.0,0.0,0.0,0.0,0.0,0.0,0.0,0.0
33972000000,3197,33972000000,map,base_link,0.015500824898481369,-0.032325126230716705,0.027065059170126915,0.007254781321298409,-0.012241503911603903,0.029710114305450952,-0.9994572579174542,0.0,0.0,0.0,0.0,0.0,0.0,0.0,0.0,0.0,0.0,0.0,0.0,0.0,0.0,0.0,0.0,0.0,0.0,0.0,0.0,0.0,0.0,0.0,0.0,0.0,0.0,0.0,0.0,0.0,0.0,0.0,0.0,0.0,0.0,0.0,0.0,0.03771916333809724,-0.07416736964213962,0.00034942260022087013,-0.0006727809086441994,0.00242214510217309,-0.00030750018777325777,0.0,0.0,0.0,0.0,0.0,0.0,0.0,0.0,0.0,0.0,0.0,0.0,0.0,0.0,0.0,0.0,0.0,0.0,0.0,0.0,0.0,0.0,0.0,0.0,0.0,0.0,0.0,0.0,0.0,0.0,0.0,0.0,0.0,0.0,0.0,0.0
33981000000,3198,33981000000,map,base_link,0.01547303982079029,-0.03225322812795639,0.02719576098024845,0.007248560051331497,-0.012233645499990144,0.029725245024066427,-0.9994569628895146,0.0,0.0,0.0,0.0,0.0,0.0,0.0,0.0,0.0,0.0,0.0,0.0,0.0,0.0,0.0,0.0,0.0,0.0,0.0,0.0,0.0,0.0,0.0,0.0,0.0,0.0,0.0,0.0,0.0,0.0,0.0,0.0,0.0,0.0,0.0,0.0,0.037591957183740456,-0.0739085130841038,0.00036596369053361495,0.002066644374281168,-0.0009800330735743048,-0.0009678610367700456,0.0,0.0,0.0,0.0,0.0,0.0,0.0,0.0,0.0,0.0,0.0,0.0,0.0,0.0,0.0,0.0,0.0,0.0,0.0,0.0,0.0,0.0,0.0,0.0,0.0,0.0,0.0,0.0,0.0,0.0,0.0,0.0,0.0,0.0,0.0,0.0
33989000000,3199,33989000000,map,base_link,0.015453589148819447,-0.03220014646649361,0.027321454137563705,0.0072401107606579525,-0.012229433613953214,0.02972908038728095,-0.9994570050363631,0.0,0.0,0.0,0.0,0.0,0.0,0.0,0.0,0.0,0.0,0.0,0.0,0.0,0.0,0.0,0.0,0.0,0.0,0.0,0.0,0.0,0.0,0.0,0.0,0.0,0.0,0.0,0.0,0.0,0.0,0.0,0.0,0.0,0.0,0.0,0.0,0.037598575011886765,-0.07392572508704559,0.0005192528538023221,0.0015994851710274816,-0.0007726559415459634,-0.0011256954167038202,0.0,0.0,0.0,0.0,0.0,0.0,0.0,0.0,0.0,0.0,0.0,0.0,0.0,0.0,0.0,0.0,0.0,0.0,0.0,0.0,0.0,0.0,0.0,0.0,0.0,0.0,0.0,0.0,0.0,0.0,0.0,0.0,0.0,0.0,0.0,0.0
34000000000,3200,34000000000,map,base_link,0.015576556324958801,-0.03247341141104698,0.02744688279926777,0.0072412184325203795,-0.012236647310493658,0.02972962829631154,-0.9994568785958176,0.0,0.0,0.0,0.0,0.0,0.0,0.0,0.0,0.0,0.0,0.0,0.0,0.0,0.0,0.0,0.0,0.0,0.0,0.0,0.0,0.0,0.0,0.0,0.0,0.0,0.0,0.0,0.0,0.0,0.0,0.0,0.0,0.0,0.0,0.0,0.0,0.037643305370469095,-0.07409920029042834,0.0007326663923234252,-0.00022773677483201027,0.00021786056458950056,0.0011893536429852247,0.0,0.0,0.0,0.0,0.0,0.0,0.0,0.0,0.0,0.0,0.0,0.0,0.0,0.0,0.0,0.0,0.0,0.0,0.0,0.0,0.0,0.0,0.0,0.0,0.0,0.0,0.0,0.0,0.0,0.0,0.0,0.0,0.0,0.0,0.0,0.0
34013000000,3201,34013000000,map,base_link,0.015708476305007935,-0.032767388969659805,0.027568522840738297,0.007242992880697138,-0.012224772106653459,0.02972790027552258,-0.9994570893300601,0.0,0.0,0.0,0.0,0.0,0.0,0.0,0.0,0.0,0.0,0.0,0.0,0.0,0.0,0.0,0.0,0.0,0.0,0.0,0.0,0.0,0.0,0.0,0.0,0.0,0.0,0.0,0.0,0.0,0.0,0.0,0.0,0.0,0.0,0.0,0.0,0.03787752035483943,-0.07411088198732711,0.0007405718749022957,0.0005275225848890841,-0.0004917555488646029,0.0009041523444466294,0.0,0.0,0.0,0.0,0.0,0.0,0.0,0.0,0.0,0.0,0.0,0.0,0.0,0.0,0.0,0.0,0.0,0.0,0.0,0.0,0.0,0.0,0.0,0.0,0.0,0.0,0.0,0.0,0.0,0.0,0.0,0.0,0.0,0.0,0.0,0.0
34025000000,3202,34025000000,map,base_link,0.015853766351938248,-0.03308673948049545,0.027733786031603813,0.007233038157278345,-0.012230297459711562,0.029747372119534543,-0.999456499274181,0.0,0.0,0.0,0.0,0.0,0.0,0.0,0.0,0.0,0.0,0.0,0.0,0.0,0.0,0.0,0.0,0.0,0.0,0.0,0.0,0.0,0.0,0.0,0.0,0.0,0.0,0.0,0.0,0.0,0.0,0.0,0.0,0.0,0.0,0.0,0.0,0.03818461037089317,-0.07422815626472744,0.0007414948737326443,0.001413630205206573,0.001859455835074186,-0.0018501160666346552,0.0,0.0,0.0,0.0,0.0,0.0,0.0,0.0,0.0,0.0,0.0,0.0,0.0,0.0,0.0,0.0,0.0,0.0,0.0,0.0,0.0,0.0,0.0,0.0,0.0,0.0,0.0,0.0,0.0,0.0,0.0,0.0,0.0,0.0,0.0,0.0
34033000000,3203,34033000000,map,base_link,0.015871984884142876,-0.033116236329078674,0.027891186997294426,0.0072477042727433745,-0.012238297129122283,0.029753104090932125,-0.9994560778056958,0.0,0.0,0.0,0.0,0.0,0.0,0.0,0.0,0.0,0.0,0.0,0.0,0.0,0.0,0.0,0.0,0.0,0.0,0.0,0.0,0.0,0.0,0.0,0.0,0.0,0.0,0.0,0.0,0.0,0.0,0.0,0.0,0.0,0.0,0.0,0.0,0.0381830639085892,-0.07407982640001344,0.0011874992401633326,-0.0030996385030448437,0.000961927231401205,-0.0011255072895437481,0.0,0.0,0.0,0.0,0.0,0.0,0.0,0.0,0.0,0.0,0.0,0.0,0.0,0.0,0.0,0.0,0.0,0.0,0.0,0.0,0.0,0.0,0.0,0.0,0.0,0.0,0.0,0.0,0.0,0.0,0.0,0.0,0.0,0.0,0.0,0.0
34041000000,3204,34041000000,map,base_link,0.01590118370950222,-0.03316975384950638,0.02804284170269966,0.007243707730760553,-0.012238060547007788,0.029771395823185887,-0.9994555720435138,0.0,0.0,0.0,0.0,0.0,0.0,0.0,0.0,0.0,0.0,0.0,0.0,0.0,0.0,0.0,0.0,0.0,0.0,0.0,0.0,0.0,0.0,0.0,0.0,0.0,0.0,0.0,0.0,0.0,0.0,0.0,0.0,0.0,0.0,0.0,0.0,0.03840723967665333,-0.07408717974848278,0.0011964644825463286,-0.00013660627882927656,-0.000545519404113293,-0.0029300889000296593,0.0,0.0,0.0,0.0,0.0,0.0,0.0,0.0,0.0,0.0,0.0,0.0,0.0,0.0,0.0,0.0,0.0,0.0,0.0,0.0,0.0,0.0,0.0,0.0,0.0,0.0,0.0,0.0,0.0,0.0,0.0,0.0,0.0,0.0,0.0,0.0
34049000000,3205,34049000000,map,base_link,0.015941165387630463,-0.03324640542268753,0.028187619522213936,0.007246299597307848,-0.012255368578402715,0.029773503165611448,-0.9994553191624227,0.0,0.0,0.0,0.0,0.0,0.0,0.0,0.0,0.0,0.0,0.0,0.0,0.0,0.0,0.0,0.0,0.0,0.0,0.0,0.0,0.0,0.0,0.0,0.0,0.0,0.0,0.0,0.0,0.0,0.0,0.0,0.0,0.0,0.0,0.0,0.0,0.03840258986248469,-0.07428887116400272,0.0012120572901266472,-0.001388441538438201,0.0029508830048143864,0.0004912342992611226,0.0,0.0,0.0,0.0,0.0,0.0,0.0,0.0,0.0,0.0,0.0,0.0,0.0,0.0,0.0,0.0,0.0,0.0,0.0,0.0,0.0,0.0,0.0,0.0,0.0,0.0,0.0,0.0,0.0,0.0,0.0,0.0,0.0,0.0,0.0,0.0
34057000000,3206,34057000000,map,base_link,0.01598985493183136,-0.03334549069404602,0.0283258818089962,0.007253205588926934,-0.01225708030021509,0.02977940372440291,-0.9994550662813315,0.0,0.0,0.0,0.0,0.0,0.0,0.0,0.0,0.0,0.0,0.0,0.0,0.0,0.0,0.0,0.0,0.0,0.0,0.0,0.0,0.0,0.0,0.0,0.0,0.0,0.0,0.0,0.0,0.0,0.0,0.0,0.0,0.0,0.0,0.0,0.0,0.038511386881782975,-0.07435552113256495,0.001451315155360208,-0.0024501073639839888,0.0016610999591648579,0.00034091778798028805,0.0,0.0,0.0,0.0,0.0,0.0,0.0,0.0,0.0,0.0,0.0,0.0,0.0,0.0,0.0,0.0,0.0,0.0,0.0,0.0,0.0,0.0,0.0,0.0,0.0,0.0,0.0,0.0,0.0,0.0,0.0,0.0,0.0,0.0,0.0,0.0
34068000000,3207,34068000000,map,base_link,0.016187161207199097,-0.03377765417098999,0.02846476621925831,0.007236366770493943,-0.01226064944681223,0.029774809717915185,-0.9994552770155741,0.0,0.0,0.0,0.0,0.0,0.0,0.0,0.0,0.0,0.0,0.0,0.0,0.0,0.0,0.0,0.0,0.0,0.0,0.0,0.0,0.0,0.0,0.0,0.0,0.0,0.0,0.0,0.0,0.0,0.0,0.0,0.0,0.0,0.0,0.0,0.0,0.0387924320991524,-0.07447706658783526,0.0014178558865506848,0.0022689406760036945,0.0014445031993091106,-0.0002536611864343287,0.0,0.0,0.0,0.0,0.0,0.0,0.0,0.0,0.0,0.0,0.0,0.0,0.0,0.0,0.0,0.0,0.0,0.0,0.0,0.0,0.0,0.0,0.0,0.0,0.0,0.0,0.0,0.0,0.0,0.0,0.0,0.0,0.0,0.0,0.0,0.0
34080000000,3208,34080000000,map,base_link,0.016397694125771523,-0.034232545644044876,0.028622932732105255,0.007233823471604113,-0.012280739005572751,0.029787495919316953,-0.9994546448128465,0.0,0.0,0.0,0.0,0.0,0.0,0.0,0.0,0.0,0.0,0.0,0.0,0.0,0.0,0.0,0.0,0.0,0.0,0.0,0.0,0.0,0.0,0.0,0.0,0.0,0.0,0.0,0.0,0.0,0.0,0.0,0.0,0.0,0.0,0.0,0.0,0.03899270663933136,-0.0745761610068802,0.0016004682090123542,0.0008375509059987962,0.004525332245975733,-0.0026080838870257144,0.0,0.0,0.0,0.0,0.0,0.0,0.0,0.0,0.0,0.0,0.0,0.0,0.0,0.0,0.0,0.0,0.0,0.0,0.0,0.0,0.0,0.0,0.0,0.0,0.0,0.0,0.0,0.0,0.0,0.0,0.0,0.0,0.0,0.0,0.0,0.0
34093000000,3209,34093000000,map,base_link,0.01661849208176136,-0.03471153602004051,0.028775013983249664,0.007241526466713988,-0.012279674139103343,0.029797484722414058,-0.999454349784907,0.0,0.0,0.0,0.0,0.0,0.0,0.0,0.0,0.0,0.0,0.0,0.0,0.0,0.0,0.0,0.0,0.0,0.0,0.0,0.0,0.0,0.0,0.0,0.0,0.0,0.0,0.0,0.0,0.0,0.0,0.0,0.0,0.0,0.0,0.0,0.0,0.039493619316392115,-0.075398829295208,0.0014715960743237983,0.0006169110420159996,-0.00280628283508122,-0.0022540716454386707,0.0,0.0,0.0,0.0,0.0,0.0,0.0,0.0,0.0,0.0,0.0,0.0,0.0,0.0,0.0,0.0,0.0,0.0,0.0,0.0,0.0,0.0,0.0,0.0,0.0,0.0,0.0,0.0,0.0,0.0,0.0,0.0,0.0,0.0,0.0,0.0
34101000000,3210,34101000000,map,base_link,0.016710424795746803,-0.03490309417247772,0.028914038091897964,0.007238735225816902,-0.012284533209755493,0.029813458377999702,-0.9994538018758763,0.0,0.0,0.0,0.0,0.0,0.0,0.0,0.0,0.0,0.0,0.0,0.0,0.0,0.0,0.0,0.0,0.0,0.0,0.0,0.0,0.0,0.0,0.0,0.0,0.0,0.0,0.0,0.0,0.0,0.0,0.0,0.0,0.0,0.0,0.0,0.0,0.03976610379132932,-0.07569552439926742,0.0015636310147155706,0.0010047901887446642,-0.0009609661065042023,-0.0031553267035633326,0.0,0.0,0.0,0.0,0.0,0.0,0.0,0.0,0.0,0.0,0.0,0.0,0.0,0.0,0.0,0.0,0.0,0.0,0.0,0.0,0.0,0.0,0.0,0.0,0.0,0.0,0.0,0.0,0.0,0.0,0.0,0.0,0.0,0.0,0.0,0.0
34109000000,3211,34108000000,map,base_link,0.01680782623589039,-0.03510802984237671,0.029049593955278397,0.007233946619427106,-0.0122795055517093,0.029809538721088158,-0.9994540126101189,0.0,0.0,0.0,0.0,0.0,0.0,0.0,0.0,0.0,0.0,0.0,0.0,0.0,0.0,0.0,0.0,0.0,0.0,0.0,0.0,0.0,0.0,0.0,0.0,0.0,0.0,0.0,0.0,0.0,0.0,0.0,0.0,0.0,0.0,0.0,0.0,0.03986752557280953,-0.07587306733427907,0.0016317054458566958,0.0008957003592513502,-0.0012572905980050562,0.0010088756680488589,0.0,0.0,0.0,0.0,0.0,0.0,0.0,0.0,0.0,0.0,0.0,0.0,0.0,0.0,0.0,0.0,0.0,0.0,0.0,0.0,0.0,0.0,0.0,0.0,0.0,0.0,0.0,0.0,0.0,0.0,0.0,0.0,0.0,0.0,0.0,0.0
34121000000,3212,34121000000,map,base_link,0.01705360785126686,-0.03564412146806717,0.029189858585596085,0.007219597757778798,-0.012270614377670897,0.029818768880912117,-0.9994539704632703,0.0,0.0,0.0,0.0,0.0,0.0,0.0,0.0,0.0,0.0,0.0,0.0,0.0,0.0,0.0,0.0,0.0,0.0,0.0,0.0,0.0,0.0,0.0,0.0,0.0,0.0,0.0,0.0,0.0,0.0,0.0,0.0,0.0,0.0,0.0,0.0,0.03978081238161501,-0.07617179171194503,0.0019129900037003584,0.003644221229478717,-0.001638763351365924,-0.0014945664443075655,0.0,0.0,0.0,0.0,0.0,0.0,0.0,0.0,0.0,0.0,0.0,0.0,0.0,0.0,0.0,0.0,0.0,0.0,0.0,0.0,0.0,0.0,0.0,0.0,0.0,0.0,0.0,0.0,0.0,0.0,0.0,0.0,0.0,0.0,0.0,0.0
34132000000,3213,34132000000,map,base_link,0.017310110852122307,-0.03620576485991478,0.02929438091814518,0.0072229968352567515,-0.01227969735279725,0.029807431378662652,-0.9994541811975128,0.0,0.0,0.0,0.0,0.0,0.0,0.0,0.0,0.0,0.0,0.0,0.0,0.0,0.0,0.0,0.0,0.0,0.0,0.0,0.0,0.0,0.0,0.0,0.0,0.0,0.0,0.0,0.0,0.0,0.0,0.0,0.0,0.0,0.0,0.0,0.0,0.04008164534142106,-0.07627506195332864,0.0020961213774288714,-0.0014105807058513165,-9.11173410713668e-05,0.0037942039780318737,0.0,0.0,0.0,0.0,0.0,0.0,0.0,0.0,0.0,0.0,0.0,0.0,0.0,0.0,0.0,0.0,0.0,0.0,0.0,0.0,0.0,0.0,0.0,0.0,0.0,0.0,0.0,0.0,0.0,0.0,0.0,0.0,0.0,0.0,0.0,0.0
34145000000,3214,34145000000,map,base_link,0.017572587355971336,-0.03678489476442337,0.029394399374723434,0.007221449420299117,-0.01227253880935935,0.0297923849537442,-0.9994547291065435,0.0,0.0,0.0,0.0,0.0,0.0,0.0,0.0,0.0,0.0,0.0,0.0,0.0,0.0,0.0,0.0,0.0,0.0,0.0,0.0,0.0,0.0,0.0,0.0,0.0,0.0,0.0,0.0,0.0,0.0,0.0,0.0,0.0,0.0,0.0,0.0,0.039674044748276,-0.07627695543284835,0.002004836682534185,-0.00016582931857556105,-0.0016732444055378435,0.0023586421739310026,0.0,0.0,0.0,0.0,0.0,0.0,0.0,0.0,0.0,0.0,0.0,0.0,0.0,0.0,0.0,0.0,0.0,0.0,0.0,0.0,0.0,0.0,0.0,0.0,0.0,0.0,0.0,0.0,0.0,0.0,0.0,0.0,0.0,0.0,0.0,0.0
34153000000,3215,34153000000,map,base_link,0.017301524057984352,-0.03625449538230896,0.029415491968393326,0.00722482067427161,-0.01226101872564508,0.029781089598343302,-0.9994551505750287,0.0,0.0,0.0,0.0,0.0,0.0,0.0,0.0,0.0,0.0,0.0,0.0,0.0,0.0,0.0,0.0,0.0,0.0,0.0,0.0,0.0,0.0,0.0,0.0,0.0,0.0,0.0,0.0,0.0,0.0,0.0,0.0,0.0,0.0,0.0,0.0,0.039398106564456095,-0.07596955426346184,0.0020400018850637597,-0.0009390013292431831,-0.00472289090976119,0.0017861695960164077,0.0,0.0,0.0,0.0,0.0,0.0,0.0,0.0,0.0,0.0,0.0,0.0,0.0,0.0,0.0,0.0,0.0,0.0,0.0,0.0,0.0,0.0,0.0,0.0,0.0,0.0,0.0,0.0,0.0,0.0,0.0,0.0,0.0,0.0,0.0,0.0
34161000000,3216,34160000000,map,base_link,0.017047207802534103,-0.0357624813914299,0.029434213414788246,0.007224811948556878,-0.012264513785985073,0.029776917060340746,-0.9994551927218771,0.0,0.0,0.0,0.0,0.0,0.0,0.0,0.0,0.0,0.0,0.0,0.0,0.0,0.0,0.0,0.0,0.0,0.0,0.0,0.0,0.0,0.0,0.0,0.0,0.0,0.0,0.0,0.0,0.0,0.0,0.0,0.0,0.0,0.0,0.0,0.0,0.03912792692326424,-0.07587832411471003,0.0020371580633344317,0.0005419215885922313,-0.0007893531583249567,0.0015569842653349042,0.0,0.0,0.0,0.0,0.0,0.0,0.0,0.0,0.0,0.0,0.0,0.0,0.0,0.0,0.0,0.0,0.0,0.0,0.0,0.0,0.0,0.0,0.0,0.0,0.0,0.0,0.0,0.0,0.0,0.0,0.0,0.0,0.0,0.0,0.0,0.0
34168000000,3217,34168000000,map,base_link,0.01680443435907364,-0.03530024364590645,0.029451176524162292,0.00723321316548134,-0.012267614707437036,0.029780836717252235,-0.9994550662813316,0.0,0.0,0.0,0.0,0.0,0.0,0.0,0.0,0.0,0.0,0.0,0.0,0.0,0.0,0.0,0.0,0.0,0.0,0.0,0.0,0.0,0.0,0.0,0.0,0.0,0.0,0.0,0.0,0.0,0.0,0.0,0.0,0.0,0.0,0.0,0.0,0.03888118507274021,-0.07558923217943553,0.001903045314097145,-7.627531886100769e-06,0.00045297155156731595,-0.000813691643998027,0.0,0.0,0.0,0.0,0.0,0.0,0.0,0.0,0.0,0.0,0.0,0.0,0.0,0.0,0.0,0.0,0.0,0.0,0.0,0.0,0.0,0.0,0.0,0.0,0.0,0.0,0.0,0.0,0.0,0.0,0.0,0.0,0.0,0.0,0.0,0.0
34176000000,3218,34176000000,map,base_link,0.016575338318943977,-0.034868884831666946,0.029454711824655533,0.00724038817253194,-0.012268915168204176,0.02978062598300968,-0.9994549398407861,0.0,0.0,0.0,0.0,0.0,0.0,0.0,0.0,0.0,0.0,0.0,0.0,0.0,0.0,0.0,0.0,0.0,0.0,0.0,0.0,0.0,0.0,0.0,0.0,0.0,0.0,0.0,0.0,0.0,0.0,0.0,0.0,0.0,0.0,0.0,0.0,0.038637002928707934,-0.07519360807513376,0.0021749681331031433,-0.0005430615274235606,0.002104960847645998,0.0009172143181785939,0.0,0.0,0.0,0.0,0.0,0.0,0.0,0.0,0.0,0.0,0.0,0.0,0.0,0.0,0.0,0.0,0.0,0.0,0.0,0.0,0.0,0.0,0.0,0.0,0.0,0.0,0.0,0.0,0.0,0.0,0.0,0.0,0.0,0.0,0.0,0.0
34184000000,3219,34184000000,map,base_link,0.01635740138590336,-0.03446171060204506,0.029457906261086464,0.007235179085473797,-0.012274145328686575,0.02979272212853229,-0.9994545605191495,0.0,0.0,0.0,0.0,0.0,0.0,0.0,0.0,0.0,0.0,0.0,0.0,0.0,0.0,0.0,0.0,0.0,0.0,0.0,0.0,0.0,0.0,0.0,0.0,0.0,0.0,0.0,0.0,0.0,0.0,0.0,0.0,0.0,0.0,0.0,0.0,0.038265970304212034,-0.07490451799032034,0.0022843488432137803,0.001606519566848874,0.0005571772344410417,-0.0018830221379175782,0.0,0.0,0.0,0.0,0.0,0.0,0.0,0.0,0.0,0.0,0.0,0.0,0.0,0.0,0.0,0.0,0.0,0.0,0.0,0.0,0.0,0.0,0.0,0.0,0.0,0.0,0.0,0.0,0.0,0.0,0.0,0.0,0.0,0.0,0.0,0.0
34197000000,3220,34197000000,map,base_link,0.016293341293931007,-0.034407153725624084,0.029469702392816544,0.0072493649573563785,-0.012275153395692169,0.029790656932955295,-0.9994545183723009,0.0,0.0,0.0,0.0,0.0,0.0,0.0,0.0,0.0,0.0,0.0,0.0,0.0,0.0,0.0,0.0,0.0,0.0,0.0,0.0,0.0,0.0,0.0,0.0,0.0,0.0,0.0,0.0,0.0,0.0,0.0,0.0,0.0,0.0,0.0,0.0,0.03809045411334614,-0.07471932551286159,0.0019648162169210166,-0.0014440376544371247,0.0015696058981120586,0.000594421988353133,0.0,0.0,0.0,0.0,0.0,0.0,0.0,0.0,0.0,0.0,0.0,0.0,0.0,0.0,0.0,0.0,0.0,0.0,0.0,0.0,0.0,0.0,0.0,0.0,0.0,0.0,0.0,0.0,0.0,0.0,0.0,0.0,0.0,0.0,0.0,0.0
34205000000,3221,34205000000,map,base_link,0.016109179705381393,-0.034075964242219925,0.029468342661857605,0.007258578488931438,-0.01228515487577103,0.029772491641247123,-0.9994548976939375,0.0,0.0,0.0,0.0,0.0,0.0,0.0,0.0,0.0,0.0,0.0,0.0,0.0,0.0,0.0,0.0,0.0,0.0,0.0,0.0,0.0,0.0,0.0,0.0,0.0,0.0,0.0,0.0,0.0,0.0,0.0,0.0,0.0,0.0,0.0,0.0,0.038020810875894054,-0.07455767571646728,0.002074095131958692,-0.0004304067697376013,0.0016791750676929955,0.003355091903358698,0.0,0.0,0.0,0.0,0.0,0.0,0.0,0.0,0.0,0.0,0.0,0.0,0.0,0.0,0.0,0.0,0.0,0.0,0.0,0.0,0.0,0.0,0.0,0.0,0.0,0.0,0.0,0.0,0.0,0.0,0.0,0.0,0.0,0.0,0.0,0.0
34213000000,3222,34212000000,map,base_link,0.01593712717294693,-0.033772096037864685,0.029465895146131516,0.007254927188906929,-0.012278348489008774,0.02977426180888454,-0.9994549819876346,0.0,0.0,0.0,0.0,0.0,0.0,0.0,0.0,0.0,0.0,0.0,0.0,0.0,0.0,0.0,0.0,0.0,0.0,0.0,0.0,0.0,0.0,0.0,0.0,0.0,0.0,0.0,0.0,0.0,0.0,0.0,0.0,0.0,0.0,0.0,0.0,0.037867921217202956,-0.07439500488506441,0.0020220027203034963,0.0010832102270796895,-0.0007973690517246723,5.651614628732214e-05,0.0,0.0,0.0,0.0,0.0,0.0,0.0,0.0,0.0,0.0,0.0,0.0,0.0,0.0,0.0,0.0,0.0,0.0,0.0,0.0,0.0,0.0,0.0,0.0,0.0,0.0,0.0,0.0,0.0,0.0,0.0,0.0,0.0,0.0,0.0,0.0
34221000000,3223,34220000000,map,base_link,0.015778126195073128,-0.0334969088435173,0.029518596827983856,0.007258687642683636,-0.012275837952708217,0.029772786669186757,-0.9994550241344831,0.0,0.0,0.0,0.0,0.0,0.0,0.0,0.0,0.0,0.0,0.0,0.0,0.0,0.0,0.0,0.0,0.0,0.0,0.0,0.0,0.0,0.0,0.0,0.0,0.0,0.0,0.0,0.0,0.0,0.0,0.0,0.0,0.0,0.0,0.0,0.0,0.03773537726833815,-0.07405082839998331,0.0019431484247130534,0.0015072270762175322,0.00036219786852598185,-0.0003612984146457166,0.0,0.0,0.0,0.0,0.0,0.0,0.0,0.0,0.0,0.0,0.0,0.0,0.0,0.0,0.0,0.0,0.0,0.0,0.0,0.0,0.0,0.0,0.0,0.0,0.0,0.0,0.0,0.0,0.0,0.0,0.0,0.0,0.0,0.0,0.0,0.0
34228000000,3224,34228000000,map,base_link,0.015627844259142876,-0.03324155509471893,0.029567692428827286,0.007254760577146409,-0.012280609272304678,0.029763387921968698,-0.9994552348687257,0.0,0.0,0.0,0.0,0.0,0.0,0.0,0.0,0.0,0.0,0.0,0.0,0.0,0.0,0.0,0.0,0.0,0.0,0.0,0.0,0.0,0.0,0.0,0.0,0.0,0.0,0.0,0.0,0.0,0.0,0.0,0.0,0.0,0.0,0.0,0.0,0.03743905845900683,-0.07393988068282673,0.0019067248972164759,0.002183367032557726,0.0014218562282621863,0.0017332719871774314,0.0,0.0,0.0,0.0,0.0,0.0,0.0,0.0,0.0,0.0,0.0,0.0,0.0,0.0,0.0,0.0,0.0,0.0,0.0,0.0,0.0,0.0,0.0,0.0,0.0,0.0,0.0,0.0,0.0,0.0,0.0,0.0,0.0,0.0,0.0,0.0
34236000000,3225,34236000000,map,base_link,0.015490641817450523,-0.033019162714481354,0.029613874852657318,0.00725507453824059,-0.01227842109354078,0.02975824600645044,-0.9994554034561196,0.0,0.0,0.0,0.0,0.0,0.0,0.0,0.0,0.0,0.0,0.0,0.0,0.0,0.0,0.0,0.0,0.0,0.0,0.0,0.0,0.0,0.0,0.0,0.0,0.0,0.0,0.0,0.0,0.0,0.0,0.0,0.0,0.0,0.0,0.0,0.0,0.0371175939821502,-0.07380414465511248,0.0020705718283997527,0.0018728307913988829,0.0007993495091795923,0.001600357354618609,0.0,0.0,0.0,0.0,0.0,0.0,0.0,0.0,0.0,0.0,0.0,0.0,0.0,0.0,0.0,0.0,0.0,0.0,0.0,0.0,0.0,0.0,0.0,0.0,0.0,0.0,0.0,0.0,0.0,0.0,0.0,0.0,0.0,0.0,0.0,0.0
34244000000,3226,34244000000,map,base_link,0.015366834588348866,-0.03282598778605461,0.029656797647476196,0.007277847501235012,-0.012267047535979536,0.02975478996487252,-0.9994554877498167,0.0,0.0,0.0,0.0,0.0,0.0,0.0,0.0,0.0,0.0,0.0,0.0,0.0,0.0,0.0,0.0,0.0,0.0,0.0,0.0,0.0,0.0,0.0,0.0,0.0,0.0,0.0,0.0,0.0,0.0,0.0,0.0,0.0,0.0,0.0,0.0,0.037319415131971824,-0.07366242365586965,0.0019435336730029766,-0.002061033621430397,-0.0016782749444246292,4.7512701712548936e-05,0.0,0.0,0.0,0.0,0.0,0.0,0.0,0.0,0.0,0.0,0.0,0.0,0.0,0.0,0.0,0.0,0.0,0.0,0.0,0.0,0.0,0.0,0.0,0.0,0.0,0.0,0.0,0.0,0.0,0.0,0.0,0.0,0.0,0.0,0.0,0.0
34252000000,3227,34252000000,map,base_link,0.01525986846536398,-0.03266579657793045,0.029696159064769745,0.00729160070937585,-0.01227479712311335,0.029759721146148277,-0.9994551084281801,0.0,0.0,0.0,0.0,0.0,0.0,0.0,0.0,0.0,0.0,0.0,0.0,0.0,0.0,0.0,0.0,0.0,0.0,0.0,0.0,0.0,0.0,0.0,0.0,0.0,0.0,0.0,0.0,0.0,0.0,0.0,0.0,0.0,0.0,0.0,0.0,0.03740528587310755,-0.07344851854348808,0.001964786700275246,-0.0018312103347852826,0.0027313171885907646,-0.002281313762068749,0.0,0.0,0.0,0.0,0.0,0.0,0.0,0.0,0.0,0.0,0.0,0.0,0.0,0.0,0.0,0.0,0.0,0.0,0.0,0.0,0.0,0.0,0.0,0.0,0.0,0.0,0.0,0.0,0.0,0.0,0.0,0.0,0.0,0.0,0.0,0.0
34260000000,3228,34260000000,map,base_link,0.015164692886173725,-0.03252926096320152,0.02973317727446556,0.007299239331760069,-0.012275598407143437,0.029763177187726142,-0.9994549398407861,0.0,0.0,0.0,0.0,0.0,0.0,0.0,0.0,0.0,0.0,0.0,0.0,0.0,0.0,0.0,0.0,0.0,0.0,0.0,0.0,0.0,0.0,0.0,0.0,0.0,0.0,0.0,0.0,0.0,0.0,0.0,0.0,0.0,0.0,0.0,0.0,0.03732913802255628,-0.07316932670131124,0.0021681990333657503,-0.0020111221820116043,0.0019314484670758243,-0.002800495363771916,0.0,0.0,0.0,0.0,0.0,0.0,0.0,0.0,0.0,0.0,0.0,0.0,0.0,0.0,0.0,0.0,0.0,0.0,0.0,0.0,0.0,0.0,0.0,0.0,0.0,0.0,0.0,0.0,0.0,0.0,0.0,0.0,0.0,0.0,0.0,0.0
34268000000,3229,34268000000,map,base_link,0.015082111582159996,-0.032421112060546875,0.02972390316426754,0.007302480193919978,-0.012262194886136338,0.029765495264394315,-0.9994550662813315,0.0,0.0,0.0,0.0,0.0,0.0,0.0,0.0,0.0,0.0,0.0,0.0,0.0,0.0,0.0,0.0,0.0,0.0,0.0,0.0,0.0,0.0,0.0,0.0,0.0,0.0,0.0,0.0,0.0,0.0,0.0,0.0,0.0,0.0,0.0,0.0,0.03701039791299222,-0.07295752660734556,0.002126240688278333,0.0017738972092047334,-0.0021030111238360405,-0.00030621013138443204,0.0,0.0,0.0,0.0,0.0,0.0,0.0,0.0,0.0,0.0,0.0,0.0,0.0,0.0,0.0,0.0,0.0,0.0,0.0,0.0,0.0,0.0,0.0,0.0,0.0,0.0,0.0,0.0,0.0,0.0,0.0,0.0,0.0,0.0,0.0,0.0
34281000000,3230,34280000000,map,base_link,0.015140417963266373,-0.03263099491596222,0.029721921309828758,0.007312846507656263,-0.01225444562827478,0.029757023747843614,-0.9994552770155741,0.0,0.0,0.0,0.0,0.0,0.0,0.0,0.0,0.0,0.0,0.0,0.0,0.0,0.0,0.0,0.0,0.0,0.0,0.0,0.0,0.0,0.0,0.0,0.0,0.0,0.0,0.0,0.0,0.0,0.0,0.0,0.0,0.0,0.0,0.0,0.0,0.03741758771165477,-0.07285495205671777,0.002072933182379863,7.074337918311357e-05,-4.6459492295980365e-05,0.0007039827760308981,0.0,0.0,0.0,0.0,0.0,0.0,0.0,0.0,0.0,0.0,0.0,0.0,0.0,0.0,0.0,0.0,0.0,0.0,0.0,0.0,0.0,0.0,0.0,0.0,0.0,0.0,0.0,0.0,0.0,0.0,0.0,0.0,0.0,0.0,0.0,0.0
34293000000,3231,34293000000,map,base_link,0.0152164027094841,-0.032865602523088455,0.029721368104219437,0.007321209199727007,-0.012247443489157525,0.0297515025106887,-0.9994554877498167,0.0,0.0,0.0,0.0,0.0,0.0,0.0,0.0,0.0,0.0,0.0,0.0,0.0,0.0,0.0,0.0,0.0,0.0,0.0,0.0,0.0,0.0,0.0,0.0,0.0,0.0,0.0,0.0,0.0,0.0,0.0,0.0,0.0,0.0,0.0,0.0,0.037768106826888,-0.07269345979337193,0.0024748908642367013,0.0023650494404137135,4.826579242944694e-06,-0.00019095183233730495,0.0,0.0,0.0,0.0,0.0,0.0,0.0,0.0,0.0,0.0,0.0,0.0,0.0,0.0,0.0,0.0,0.0,0.0,0.0,0.0,0.0,0.0,0.0,0.0,0.0,0.0,0.0,0.0,0.0,0.0,0.0,0.0,0.0,0.0,0.0,0.0
34304000000,3232,34304000000,map,base_link,0.015308261848986149,-0.0331314355134964,0.029724659398198128,0.007324306169911924,-0.01224442159304652,0.02975702374784367,-0.9994553613092712,0.0,0.0,0.0,0.0,0.0,0.0,0.0,0.0,0.0,0.0,0.0,0.0,0.0,0.0,0.0,0.0,0.0,0.0,0.0,0.0,0.0,0.0,0.0,0.0,0.0,0.0,0.0,0.0,0.0,0.0,0.0,0.0,0.0,0.0,0.0,0.0,0.03773341625435427,-0.07281668737024215,0.0028964516728085215,2.6159454137086868e-05,0.0006056237034499642,-0.0024263281375169754,0.0,0.0,0.0,0.0,0.0,0.0,0.0,0.0,0.0,0.0,0.0,0.0,0.0,0.0,0.0,0.0,0.0,0.0,0.0,0.0,0.0,0.0,0.0,0.0,0.0,0.0,0.0,0.0,0.0,0.0,0.0,0.0,0.0,0.0,0.0,0.0
34317000000,3233,34317000000,map,base_link,0.015411080792546272,-0.03342534601688385,0.0297309011220932,0.007324901494147139,-0.012226814747081094,0.029766127467121928,-0.9994553613092712,0.0,0.0,0.0,0.0,0.0,0.0,0.0,0.0,0.0,0.0,0.0,0.0,0.0,0.0,0.0,0.0,0.0,0.0,0.0,0.0,0.0,0.0,0.0,0.0,0.0,0.0,0.0,0.0,0.0,0.0,0.0,0.0,0.0,0.0,0.0,0.0,0.03753334520008855,-0.07312010086561965,0.0031661676737485874,0.00048374850302934647,-0.002196844201534987,-0.003628293983638286,0.0,0.0,0.0,0.0,0.0,0.0,0.0,0.0,0.0,0.0,0.0,0.0,0.0,0.0,0.0,0.0,0.0,0.0,0.0,0.0,0.0,0.0,0.0,0.0,0.0,0.0,0.0,0.0,0.0,0.0,0.0,0.0,0.0,0.0,0.0,0.0
34329000000,3234,34329000000,map,base_link,0.015525074675679207,-0.03374798223376274,0.029739821329712868,0.007322678083252063,-0.012232582444518135,0.02976022690833041,-0.9994554456029682,0.0,0.0,0.0,0.0,0.0,0.0,0.0,0.0,0.0,0.0,0.0,0.0,0.0,0.0,0.0,0.0,0.0,0.0,0.0,0.0,0.0,0.0,0.0,0.0,0.0,0.0,0.0,0.0,0.0,0.0,0.0,0.0,0.0,0.0,0.0,0.0,0.03774899639843138,-0.07342340877653888,0.0033440835401748904,0.0010134957265108824,0.0014757607132196426,-0.0003174770972691478,0.0,0.0,0.0,0.0,0.0,0.0,0.0,0.0,0.0,0.0,0.0,0.0,0.0,0.0,0.0,0.0,0.0,0.0,0.0,0.0,0.0,0.0,0.0,0.0,0.0,0.0,0.0,0.0,0.0,0.0,0.0,0.0,0.0,0.0,0.0,0.0
34340000000,3235,34340000000,map,base_link,0.015651660040020943,-0.03409861773252487,0.0297698974609375,0.007325985623043406,-0.012240374013864332,0.029748889406080947,-0.9994556563372108,0.0,0.0,0.0,0.0,0.0,0.0,0.0,0.0,0.0,0.0,0.0,0.0,0.0,0.0,0.0,0.0,0.0,0.0,0.0,0.0,0.0,0.0,0.0,0.0,0.0,0.0,0.0,0.0,0.0,0.0,0.0,0.0,0.0,0.0,0.0,0.0,0.03775478913214826,-0.07381417977839096,0.0032027362415620055,0.001363498973660171,0.0022358442656695843,0.0016588858561590312,0.0,0.0,0.0,0.0,0.0,0.0,0.0,0.0,0.0,0.0,0.0,0.0,0.0,0.0,0.0,0.0,0.0,0.0,0.0,0.0,0.0,0.0,0.0,0.0,0.0,0.0,0.0,0.0,0.0,0.0,0.0,0.0,0.0,0.0,0.0,0.0
34353000000,3236,34352000000,map,base_link,0.015791820362210274,-0.03447585180401802,0.02979840710759163,0.0073273983656491565,-0.012224441681946578,0.029732957897343815,-0.999456330686787,0.0,0.0,0.0,0.0,0.0,0.0,0.0,0.0,0.0,0.0,0.0,0.0,0.0,0.0,0.0,0.0,0.0,0.0,0.0,0.0,0.0,0.0,0.0,0.0,0.0,0.0,0.0,0.0,0.0,0.0,0.0,0.0,0.0,0.0,0.0,0.0,0.03814628111166852,-0.07392791552270327,0.003482382758522083,-0.0003623473457992077,-0.003670970443636179,0.0008786959806457166,0.0,0.0,0.0,0.0,0.0,0.0,0.0,0.0,0.0,0.0,0.0,0.0,0.0,0.0,0.0,0.0,0.0,0.0,0.0,0.0,0.0,0.0,0.0,0.0,0.0,0.0,0.0,0.0,0.0,0.0,0.0,0.0,0.0,0.0,0.0,0.0
34361000000,3237,34360000000,map,base_link,0.015809910371899605,-0.034576304256916046,0.029812052845954895,0.007337822631302141,-0.012224173489695702,0.02973654037946727,-0.9994561199525445,0.0,0.0,0.0,0.0,0.0,0.0,0.0,0.0,0.0,0.0,0.0,0.0,0.0,0.0,0.0,0.0,0.0,0.0,0.0,0.0,0.0,0.0,0.0,0.0,0.0,0.0,0.0,0.0,0.0,0.0,0.0,0.0,0.0,0.0,0.0,0.0,0.038034620990997886,-0.07375274314729305,0.0034627747696591217,-0.0012274348409846425,-0.0006570676341652872,-0.0013459976762533188,0.0,0.0,0.0,0.0,0.0,0.0,0.0,0.0,0.0,0.0,0.0,0.0,0.0,0.0,0.0,0.0,0.0,0.0,0.0,0.0,0.0,0.0,0.0,0.0,0.0,0.0,0.0,0.0,0.0,0.0,0.0,0.0,0.0,0.0,0.0,0.0
34368000000,3238,34368000000,map,base_link,0.015835152938961983,-0.03468882665038109,0.029821887612342834,0.0073365287559800825,-0.012213477903705429,0.0297279845692196,-0.999456499274181,0.0,0.0,0.0,0.0,0.0,0.0,0.0,0.0,0.0,0.0,0.0,0.0,0.0,0.0,0.0,0.0,0.0,0.0,0.0,0.0,0.0,0.0,0.0,0.0,0.0,0.0,0.0,0.0,0.0,0.0,0.0,0.0,0.0,0.0,0.0,0.0,0.0383588409275208,-0.07398523067015057,0.0032683360908591108,0.0006804873701184988,-0.000964089296758175,-0.0006122217164374887,0.0,0.0,0.0,0.0,0.0,0.0,0.0,0.0,0.0,0.0,0.0,0.0,0.0,0.0,0.0,0.0,0.0,0.0,0.0,0.0,0.0,0.0,0.0,0.0,0.0,0.0,0.0,0.0,0.0,0.0,0.0,0.0,0.0,0.0,0.0,0.0
34376000000,3239,34376000000,map,base_link,0.015872299671173096,-0.034827809780836105,0.029829291626811028,0.007336657172159139,-0.012208298451150144,0.029731819932434178,-0.9994564571273326,0.0,0.0,0.0,0.0,0.0,0.0,0.0,0.0,0.0,0.0,0.0,0.0,0.0,0.0,0.0,0.0,0.0,0.0,0.0,0.0,0.0,0.0,0.0,0.0,0.0,0.0,0.0,0.0,0.0,0.0,0.0,0.0,0.0,0.0,0.0,0.0,0.038404567963700696,-0.07401114318776317,0.0032103684660043505,0.002024207729846239,-0.00212180707603693,-0.0009757185471244154,0.0,0.0,0.0,0.0,0.0,0.0,0.0,0.0,0.0,0.0,0.0,0.0,0.0,0.0,0.0,0.0,0.0,0.0,0.0,0.0,0.0,0.0,0.0,0.0,0.0,0.0,0.0,0.0,0.0,0.0,0.0,0.0,0.0,0.0,0.0,0.0
34384000000,3240,34384000000,map,base_link,0.015918781980872154,-0.03498304635286331,0.029835062101483345,0.00734448249191137,-0.012203499801956601,0.02972988117740266,-0.9994565414210295,0.0,0.0,0.0,0.0,0.0,0.0,0.0,0.0,0.0,0.0,0.0,0.0,0.0,0.0,0.0,0.0,0.0,0.0,0.0,0.0,0.0,0.0,0.0,0.0,0.0,0.0,0.0,0.0,0.0,0.0,0.0,0.0,0.0,0.0,0.0,0.0,0.038512277038643225,-0.07389644775196355,0.0031116972852475696,-0.0012716479832306504,0.0007019708864390848,-0.0014583257725462317,0.0,0.0,0.0,0.0,0.0,0.0,0.0,0.0,0.0,0.0,0.0,0.0,0.0,0.0,0.0,0.0,0.0,0.0,0.0,0.0,0.0,0.0,0.0,0.0,0.0,0.0,0.0,0.0,0.0,0.0,0.0,0.0,0.0,0.0,0.0,0.0
34392000000,3241,34392000000,map,base_link,0.01597210206091404,-0.03515293821692467,0.029776304960250854,0.007362898524440981,-0.012202697200837498,0.029726551576370275,-0.999456499274181,0.0,0.0,0.0,0.0,0.0,0.0,0.0,0.0,0.0,0.0,0.0,0.0,0.0,0.0,0.0,0.0,0.0,0.0,0.0,0.0,0.0,0.0,0.0,0.0,0.0,0.0,0.0,0.0,0.0,0.0,0.0,0.0,0.0,0.0,0.0,0.0,0.03840803181872073,-0.07379918548472614,0.0028732817067671983,-0.003755512647330761,0.00024185841903090466,-0.0007856087759137154,0.0,0.0,0.0,0.0,0.0,0.0,0.0,0.0,0.0,0.0,0.0,0.0,0.0,0.0,0.0,0.0,0.0,0.0,0.0,0.0,0.0,0.0,0.0,0.0,0.0,0.0,0.0,0.0,0.0,0.0,0.0,0.0,0.0,0.0,0.0,0.0
34400000000,3242,34400000000,map,base_link,0.01603078283369541,-0.035336654633283615,0.02971727028489113,0.0073585710638429,-0.012199103688093562,0.029727310219643477,-0.9994565835678779,0.0,0.0,0.0,0.0,0.0,0.0,0.0,0.0,0.0,0.0,0.0,0.0,0.0,0.0,0.0,0.0,0.0,0.0,0.0,0.0,0.0,0.0,0.0,0.0,0.0,0.0,0.0,0.0,0.0,0.0,0.0,0.0,0.0,0.0,0.0,0.0,0.03832453122933162,-0.07384386082193699,0.0029263611248914433,0.0009979871101677418,-0.0002685957588255406,-0.0006271376041695476,0.0,0.0,0.0,0.0,0.0,0.0,0.0,0.0,0.0,0.0,0.0,0.0,0.0,0.0,0.0,0.0,0.0,0.0,0.0,0.0,0.0,0.0,0.0,0.0,0.0,0.0,0.0,0.0,0.0,0.0,0.0,0.0,0.0,0.0,0.0,0.0
34408000000,3243,34408000000,map,base_link,0.016095533967018127,-0.03553392365574837,0.02965863049030304,0.00735037020908499,-0.0122022416526741,0.029718332940910586,-0.9994568785958176,0.0,0.0,0.0,0.0,0.0,0.0,0.0,0.0,0.0,0.0,0.0,0.0,0.0,0.0,0.0,0.0,0.0,0.0,0.0,0.0,0.0,0.0,0.0,0.0,0.0,0.0,0.0,0.0,0.0,0.0,0.0,0.0,0.0,0.0,0.0,0.0,0.03841365717363809,-0.07409247405054863,0.0027422740718218482,0.0027958571445196867,0.0005535609088838103,0.0013739209389314055,0.0,0.0,0.0,0.0,0.0,0.0,0.0,0.0,0.0,0.0,0.0,0.0,0.0,0.0,0.0,0.0,0.0,0.0,0.0,0.0,0.0,0.0,0.0,0.0,0.0,0.0,0.0,0.0,0.0,0.0,0.0,0.0,0.0,0.0,0.0,0.0
34417000000,3244,34417000000,map,base_link,0.016168897971510887,-0.03575030714273453,0.029602207243442535,0.007337171166147621,-0.012200946130990773,0.02972351700327741,-0.9994567521552721,0.0,0.0,0.0,0.0,0.0,0.0,0.0,0.0,0.0,0.0,0.0,0.0,0.0,0.0,0.0,0.0,0.0,0.0,0.0,0.0,0.0,0.0,0.0,0.0,0.0,0.0,0.0,0.0,0.0,0.0,0.0,0.0,0.0,0.0,0.0,0.0,0.03845895307456545,-0.07435729972936904,0.0030715633261201433,0.0027864836156368256,0.0017997217364609237,-0.003172447439283133,0.0,0.0,0.0,0.0,0.0,0.0,0.0,0.0,0.0,0.0,0.0,0.0,0.0,0.0,0.0,0.0,0.0,0.0,0.0,0.0,0.0,0.0,0.0,0.0,0.0,0.0,0.0,0.0,0.0,0.0,0.0,0.0,0.0,0.0,0.0,0.0
34425000000,3245,34425000000,map,base_link,0.0162483099848032,-0.035982295870780945,0.02954709529876709,0.007338590823470704,-0.01220799403895133,0.029729501855766005,-0.999456499274181,0.0,0.0,0.0,0.0,0.0,0.0,0.0,0.0,0.0,0.0,0.0,0.0,0.0,0.0,0.0,0.0,0.0,0.0,0.0,0.0,0.0,0.0,0.0,0.0,0.0,0.0,0.0,0.0,0.0,0.0,0.0,0.0,0.0,0.0,0.0,0.0,0.03845001675224184,-0.07456301990405226,0.002886108287534221,0.0003765495494008064,0.0023932484909892082,-0.001668440876528621,0.0,0.0,0.0,0.0,0.0,0.0,0.0,0.0,0.0,0.0,0.0,0.0,0.0,0.0,0.0,0.0,0.0,0.0,0.0,0.0,0.0,0.0,0.0,0.0,0.0,0.0,0.0,0.0,0.0,0.0,0.0,0.0,0.0,0.0,0.0,0.0
34433000000,3246,34433000000,map,base_link,0.016336143016815186,-0.036229003220796585,0.029516376554965973,0.007339803039273773,-0.012214831871213841,0.029713696787574406,-0.9994568785958176,0.0,0.0,0.0,0.0,0.0,0.0,0.0,0.0,0.0,0.0,0.0,0.0,0.0,0.0,0.0,0.0,0.0,0.0,0.0,0.0,0.0,0.0,0.0,0.0,0.0,0.0,0.0,0.0,0.0,0.0,0.0,0.0,0.0,0.0,0.0,0.0,0.03873385382971942,-0.07434955574335166,0.002752442448852711,-0.00048680882900953293,0.0012612021528184416,0.001394414575770497,0.0,0.0,0.0,0.0,0.0,0.0,0.0,0.0,0.0,0.0,0.0,0.0,0.0,0.0,0.0,0.0,0.0,0.0,0.0,0.0,0.0,0.0,0.0,0.0,0.0,0.0,0.0,0.0,0.0,0.0,0.0,0.0,0.0,0.0,0.0,0.0
34441000000,3247,34441000000,map,base_link,0.016432354226708412,-0.03649057075381279,0.02948448248207569,0.007341919930594683,-0.012215586233947735,0.029712432382119125,-0.9994568785958176,0.0,0.0,0.0,0.0,0.0,0.0,0.0,0.0,0.0,0.0,0.0,0.0,0.0,0.0,0.0,0.0,0.0,0.0,0.0,0.0,0.0,0.0,0.0,0.0,0.0,0.0,0.0,0.0,0.0,0.0,0.0,0.0,0.0,0.0,0.0,0.0,0.038760731122619775,-0.07418181794482964,0.0027915456357851254,-0.00023725186474621296,0.000704761128872633,-0.00043843072489835333,0.0,0.0,0.0,0.0,0.0,0.0,0.0,0.0,0.0,0.0,0.0,0.0,0.0,0.0,0.0,0.0,0.0,0.0,0.0,0.0,0.0,0.0,0.0,0.0,0.0,0.0,0.0,0.0,0.0,0.0,0.0,0.0,0.0,0.0,0.0,0.0
34448000000,3248,34448000000,map,base_link,0.0165378637611866,-0.03677130863070488,0.02945183776319027,0.007354243438608692,-0.012213159332799694,0.029694477824653454,-0.9994573843579997,0.0,0.0,0.0,0.0,0.0,0.0,0.0,0.0,0.0,0.0,0.0,0.0,0.0,0.0,0.0,0.0,0.0,0.0,0.0,0.0,0.0,0.0,0.0,0.0,0.0,0.0,0.0,0.0,0.0,0.0,0.0,0.0,0.0,0.0,0.0,0.0,0.038701720844868386,-0.07403739108094817,0.0026790914920045727,-0.002393897157162428,-0.00084933266043663,0.0020387601107358932,0.0,0.0,0.0,0.0,0.0,0.0,0.0,0.0,0.0,0.0,0.0,0.0,0.0,0.0,0.0,0.0,0.0,0.0,0.0,0.0,0.0,0.0,0.0,0.0,0.0,0.0,0.0,0.0,0.0,0.0,0.0,0.0,0.0,0.0,0.0,0.0
34456000000,3249,34456000000,map,base_link,0.016648298129439354,-0.03706253319978714,0.02941855788230896,0.007361868396194369,-0.012225457980758523,0.029700631264536093,-0.9994569628895147,0.0,0.0,0.0,0.0,0.0,0.0,0.0,0.0,0.0,0.0,0.0,0.0,0.0,0.0,0.0,0.0,0.0,0.0,0.0,0.0,0.0,0.0,0.0,0.0,0.0,0.0,0.0,0.0,0.0,0.0,0.0,0.0,0.0,0.0,0.0,0.0,0.03876238071953083,-0.07417787877047217,0.0026202431525654893,-0.002928046975284815,0.0038945297710597515,-0.0009409253834746782,0.0,0.0,0.0,0.0,0.0,0.0,0.0,0.0,0.0,0.0,0.0,0.0,0.0,0.0,0.0,0.0,0.0,0.0,0.0,0.0,0.0,0.0,0.0,0.0,0.0,0.0,0.0,0.0,0.0,0.0,0.0,0.0,0.0,0.0,0.0,0.0
34464000000,3250,34464000000,map,base_link,0.016767041757702827,-0.037370771169662476,0.029384393244981766,0.007354542747087568,-0.012237498808542479,0.029709524249571795,-0.999456667861575,0.0,0.0,0.0,0.0,0.0,0.0,0.0,0.0,0.0,0.0,0.0,0.0,0.0,0.0,0.0,0.0,0.0,0.0,0.0,0.0,0.0,0.0,0.0,0.0,0.0,0.0,0.0,0.0,0.0,0.0,0.0,0.0,0.0,0.0,0.0,0.0,0.03886542452152588,-0.07418695323590119,0.0026058040232404276,0.0009261142113246024,0.0017454959452152248,-0.0036195898428559303,0.0,0.0,0.0,0.0,0.0,0.0,0.0,0.0,0.0,0.0,0.0,0.0,0.0,0.0,0.0,0.0,0.0,0.0,0.0,0.0,0.0,0.0,0.0,0.0,0.0,0.0,0.0,0.0,0.0,0.0,0.0,0.0,0.0,0.0,0.0,0.0
34472000000,3251,34472000000,map,base_link,0.016894174739718437,-0.03769689053297043,0.02934817038476467,0.0073485047171300034,-0.012246007697493996,0.029696880195018538,-0.999456920742666,0.0,0.0,0.0,0.0,0.0,0.0,0.0,0.0,0.0,0.0,0.0,0.0,0.0,0.0,0.0,0.0,0.0,0.0,0.0,0.0,0.0,0.0,0.0,0.0,0.0,0.0,0.0,0.0,0.0,0.0,0.0,0.0,0.0,0.0,0.0,0.0,0.03878814980530541,-0.07416559352762435,0.002384967302600123,0.0014778292970731854,0.002181289717555046,0.001645123935304582,0.0,0.0,0.0,0.0,0.0,0.0,0.0,0.0,0.0,0.0,0.0,0.0,0.0,0.0,0.0,0.0,0.0,0.0,0.0,0.0,0.0,0.0,0.0,0.0,0.0,0.0,0.0,0.0,0.0,0.0,0.0,0.0,0.0,0.0,0.0,0.0
34480000000,3252,34480000000,map,base_link,0.017027949914336205,-0.03804018348455429,0.02934299036860466,0.007355683181539268,-0.01226474032529582,0.029682170944888286,-0.9994571314769086,0.0,0.0,0.0,0.0,0.0,0.0,0.0,0.0,0.0,0.0,0.0,0.0,0.0,0.0,0.0,0.0,0.0,0.0,0.0,0.0,0.0,0.0,0.0,0.0,0.0,0.0,0.0,0.0,0.0,0.0,0.0,0.0,0.0,0.0,0.0,0.0,0.03879845218403801,-0.07453669187745042,0.0021473701776181706,-0.001406880677677691,0.004146296996623278,0.0025856336578726764,0.0,0.0,0.0,0.0,0.0,0.0,0.0,0.0,0.0,0.0,0.0,0.0,0.0,0.0,0.0,0.0,0.0,0.0,0.0,0.0,0.0,0.0,0.0,0.0,0.0,0.0,0.0,0.0,0.0,0.0,0.0,0.0,0.0,0.0,0.0,0.0
34489000000,3253,34489000000,map,base_link,0.01716986671090126,-0.03840344399213791,0.02933489717543125,0.007342495333858534,-0.01226200851804058,0.029666660904636266,-0.9994577215327878,0.0,0.0,0.0,0.0,0.0,0.0,0.0,0.0,0.0,0.0,0.0,0.0,0.0,0.0,0.0,0.0,0.0,0.0,0.0,0.0,0.0,0.0,0.0,0.0,0.0,0.0,0.0,0.0,0.0,0.0,0.0,0.0,0.0,0.0,0.0,0.0,0.03873323608332645,-0.07462534158437197,0.00204432110108807,0.0032656854018568993,-0.0001595797948539254,0.0024467394687235355,0.0,0.0,0.0,0.0,0.0,0.0,0.0,0.0,0.0,0.0,0.0,0.0,0.0,0.0,0.0,0.0,0.0,0.0,0.0,0.0,0.0,0.0,0.0,0.0,0.0,0.0,0.0,0.0,0.0,0.0,0.0,0.0,0.0,0.0,0.0,0.0
34497000000,3254,34497000000,map,base_link,0.01731383241713047,-0.038773585110902786,0.02932448871433735,0.007341294313312101,-0.012275611248761344,0.02967433163106531,-0.9994573000643028,0.0,0.0,0.0,0.0,0.0,0.0,0.0,0.0,0.0,0.0,0.0,0.0,0.0,0.0,0.0,0.0,0.0,0.0,0.0,0.0,0.0,0.0,0.0,0.0,0.0,0.0,0.0,0.0,0.0,0.0,0.0,0.0,0.0,0.0,0.0,0.0,0.03870545492679658,-0.07490657677426231,0.0019048998502879501,-0.0003261258825659752,0.0015570954419672487,-0.00169066374655813,0.0,0.0,0.0,0.0,0.0,0.0,0.0,0.0,0.0,0.0,0.0,0.0,0.0,0.0,0.0,0.0,0.0,0.0,0.0,0.0,0.0,0.0,0.0,0.0,0.0,0.0,0.0,0.0,0.0,0.0,0.0,0.0,0.0,0.0,0.0,0.0
34505000000,3255,34505000000,map,base_link,0.017462942749261856,-0.03915896266698837,0.02931135706603527,0.007341963065259956,-0.01227088059428825,0.029656587807842194,-0.9994579322670303,0.0,0.0,0.0,0.0,0.0,0.0,0.0,0.0,0.0,0.0,0.0,0.0,0.0,0.0,0.0,0.0,0.0,0.0,0.0,0.0,0.0,0.0,0.0,0.0,0.0,0.0,0.0,0.0,0.0,0.0,0.0,0.0,0.0,0.0,0.0,0.0,0.038567616646589004,-0.0751058085743148,0.0017433247362208582,-0.0007151068421080709,-0.00035093398764729484,0.001227503060363233,0.0,0.0,0.0,0.0,0.0,0.0,0.0,0.0,0.0,0.0,0.0,0.0,0.0,0.0,0.0,0.0,0.0,0.0,0.0,0.0,0.0,0.0,0.0,0.0,0.0,0.0,0.0,0.0,0.0,0.0,0.0,0.0,0.0,0.0,0.0,0.0
34513000000,3256,34513000000,map,base_link,0.017619462683796883,-0.03955939784646034,0.029297128319740295,0.007322752334145339,-0.01227918055999461,0.029659959555723037,-0.9994578479733334,0.0,0.0,0.0,0.0,0.0,0.0,0.0,0.0,0.0,0.0,0.0,0.0,0.0,0.0,0.0,0.0,0.0,0.0,0.0,0.0,0.0,0.0,0.0,0.0,0.0,0.0,0.0,0.0,0.0,0.0,0.0,0.0,0.0,0.0,0.0,0.0,0.03887639503723524,-0.07520820840217475,0.001862566610862397,0.0031137745827436447,0.002940475475043058,-0.0034341653808951382,0.0,0.0,0.0,0.0,0.0,0.0,0.0,0.0,0.0,0.0,0.0,0.0,0.0,0.0,0.0,0.0,0.0,0.0,0.0,0.0,0.0,0.0,0.0,0.0,0.0,0.0,0.0,0.0,0.0,0.0,0.0,0.0,0.0,0.0,0.0,0.0
34521000000,3257,34521000000,map,base_link,0.017784275114536285,-0.03997626155614853,0.029281428083777428,0.007321331030460986,-0.012287669363338633,0.029674373777913765,-0.9994573422111512,0.0,0.0,0.0,0.0,0.0,0.0,0.0,0.0,0.0,0.0,0.0,0.0,0.0,0.0,0.0,0.0,0.0,0.0,0.0,0.0,0.0,0.0,0.0,0.0,0.0,0.0,0.0,0.0,0.0,0.0,0.0,0.0,0.0,0.0,0.0,0.0,0.03908195519010394,-0.07547049989342884,0.0017509085797833448,0.0014536116505041718,0.0033593759872019287,-0.004235432483255863,0.0,0.0,0.0,0.0,0.0,0.0,0.0,0.0,0.0,0.0,0.0,0.0,0.0,0.0,0.0,0.0,0.0,0.0,0.0,0.0,0.0,0.0,0.0,0.0,0.0,0.0,0.0,0.0,0.0,0.0,0.0,0.0,0.0,0.0,0.0,0.0
34528000000,3258,34528000000,map,base_link,0.017957303673028946,-0.040407661348581314,0.029304826632142067,0.007315753323114498,-0.01228853057491895,0.029664300681119582,-0.9994576372390909,0.0,0.0,0.0,0.0,0.0,0.0,0.0,0.0,0.0,0.0,0.0,0.0,0.0,0.0,0.0,0.0,0.0,0.0,0.0,0.0,0.0,0.0,0.0,0.0,0.0,0.0,0.0,0.0,0.0,0.0,0.0,0.0,0.0,0.0,0.0,0.0,0.03939899697130417,-0.07557458252799153,0.0019384348155596417,0.0008775735041126609,0.0007066056132316588,-0.0004682755970861764,0.0,0.0,0.0,0.0,0.0,0.0,0.0,0.0,0.0,0.0,0.0,0.0,0.0,0.0,0.0,0.0,0.0,0.0,0.0,0.0,0.0,0.0,0.0,0.0,0.0,0.0,0.0,0.0,0.0,0.0,0.0,0.0,0.0,0.0,0.0,0.0
34536000000,3259,34536000000,map,base_link,0.018134640529751778,-0.0408431775867939,0.029327385127544403,0.007309573047543207,-0.012278716121480356,0.029657472891660874,-0.9994579744138787,0.0,0.0,0.0,0.0,0.0,0.0,0.0,0.0,0.0,0.0,0.0,0.0,0.0,0.0,0.0,0.0,0.0,0.0,0.0,0.0,0.0,0.0,0.0,0.0,0.0,0.0,0.0,0.0,0.0,0.0,0.0,0.0,0.0,0.0,0.0,0.0,0.03954572660275632,-0.07553740505488409,0.0019550411384755013,0.0015633703442290425,-0.0016020089387893675,0.0012755461502820256,0.0,0.0,0.0,0.0,0.0,0.0,0.0,0.0,0.0,0.0,0.0,0.0,0.0,0.0,0.0,0.0,0.0,0.0,0.0,0.0,0.0,0.0,0.0,0.0,0.0,0.0,0.0,0.0,0.0,0.0,0.0,0.0,0.0,0.0,0.0,0.0
34549000000,3260,34549000000,map,base_link,0.018029389902949333,-0.040671125054359436,0.029289500787854195,0.007314697346995949,-0.012272040291166809,0.02964461810286506,-0.9994584380292124,0.0,0.0,0.0,0.0,0.0,0.0,0.0,0.0,0.0,0.0,0.0,0.0,0.0,0.0,0.0,0.0,0.0,0.0,0.0,0.0,0.0,0.0,0.0,0.0,0.0,0.0,0.0,0.0,0.0,0.0,0.0,0.0,0.0,0.0,0.0,0.0,0.039739477786572275,-0.0753949678950025,0.0018427642764102204,-0.0010707300389185548,0.00012993952259421365,0.0014281728072091937,0.0,0.0,0.0,0.0,0.0,0.0,0.0,0.0,0.0,0.0,0.0,0.0,0.0,0.0,0.0,0.0,0.0,0.0,0.0,0.0,0.0,0.0,0.0,0.0,0.0,0.0,0.0,0.0,0.0,0.0,0.0,0.0,0.0,0.0,0.0,0.0
34557000000,3261,34557000000,map,base_link,0.017804624512791634,-0.04022863507270813,0.029243046417832375,0.007309438539827451,-0.012256577336847119,0.029642089291954443,-0.9994586909103036,0.0,0.0,0.0,0.0,0.0,0.0,0.0,0.0,0.0,0.0,0.0,0.0,0.0,0.0,0.0,0.0,0.0,0.0,0.0,0.0,0.0,0.0,0.0,0.0,0.0,0.0,0.0,0.0,0.0,0.0,0.0,0.0,0.0,0.0,0.0,0.0,0.03985997645929389,-0.07506992965912997,0.0020090326416331646,0.00039665523217990994,-0.0021635498851537704,-0.0003720673848874864,0.0,0.0,0.0,0.0,0.0,0.0,0.0,0.0,0.0,0.0,0.0,0.0,0.0,0.0,0.0,0.0,0.0,0.0,0.0,0.0,0.0,0.0,0.0,0.0,0.0,0.0,0.0,0.0,0.0,0.0,0.0,0.0,0.0,0.0,0.0,0.0
34565000000,3262,34565000000,map,base_link,0.01759529858827591,-0.03981543332338333,0.029196204617619514,0.0073283048521643945,-0.012256329394839864,0.02965047651480801,-0.999458395882364,0.0,0.0,0.0,0.0,0.0,0.0,0.0,0.0,0.0,0.0,0.0,0.0,0.0,0.0,0.0,0.0,0.0,0.0,0.0,0.0,0.0,0.0,0.0,0.0,0.0,0.0,0.0,0.0,0.0,0.0,0.0,0.0,0.0,0.0,0.0,0.0,0.040016052891487595,-0.07484305189642086,0.0017330915895604967,-0.0016950927674770355,0.0004565529525279995,-0.002997476840391755,0.0,0.0,0.0,0.0,0.0,0.0,0.0,0.0,0.0,0.0,0.0,0.0,0.0,0.0,0.0,0.0,0.0,0.0,0.0,0.0,0.0,0.0,0.0,0.0,0.0,0.0,0.0,0.0,0.0,0.0,0.0,0.0,0.0,0.0,0.0,0.0
34573000000,3263,34572000000,map,base_link,0.017403576523065567,-0.03944026306271553,0.02914687804877758,0.007339764514420055,-0.012239791037338639,0.029645461039835286,-0.9994586066166065,0.0,0.0,0.0,0.0,0.0,0.0,0.0,0.0,0.0,0.0,0.0,0.0,0.0,0.0,0.0,0.0,0.0,0.0,0.0,0.0,0.0,0.0,0.0,0.0,0.0,0.0,0.0,0.0,0.0,0.0,0.0,0.0,0.0,0.0,0.0,0.0,0.03970299878633966,-0.07485230645220456,0.0014819183951357928,-0.0010088004637509584,-0.0019730704370886087,0.00034664242411963663,0.0,0.0,0.0,0.0,0.0,0.0,0.0,0.0,0.0,0.0,0.0,0.0,0.0,0.0,0.0,0.0,0.0,0.0,0.0,0.0,0.0,0.0,0.0,0.0,0.0,0.0,0.0,0.0,0.0,0.0,0.0,0.0,0.0,0.0,0.0,0.0
34580000000,3264,34580000000,map,base_link,0.01722669042646885,-0.03910117596387863,0.029095085337758064,0.007347555260585619,-0.012227113890923845,0.02964158352977231,-0.9994588594976976,0.0,0.0,0.0,0.0,0.0,0.0,0.0,0.0,0.0,0.0,0.0,0.0,0.0,0.0,0.0,0.0,0.0,0.0,0.0,0.0,0.0,0.0,0.0,0.0,0.0,0.0,0.0,0.0,0.0,0.0,0.0,0.0,0.0,0.0,0.0,0.0,0.03966602850414223,-0.07485415464938341,0.001241526381867687,-0.0007951660081744194,-0.0017659601289778946,0.0014349785633385184,0.0,0.0,0.0,0.0,0.0,0.0,0.0,0.0,0.0,0.0,0.0,0.0,0.0,0.0,0.0,0.0,0.0,0.0,0.0,0.0,0.0,0.0,0.0,0.0,0.0,0.0,0.0,0.0,0.0,0.0,0.0,0.0,0.0,0.0,0.0,0.0
34588000000,3265,34588000000,map,base_link,0.017065318301320076,-0.038796208798885345,0.02904629521071911,0.007349078474032583,-0.012220044415630653,0.02965747289166093,-0.999458395882364,0.0,0.0,0.0,0.0,0.0,0.0,0.0,0.0,0.0,0.0,0.0,0.0,0.0,0.0,0.0,0.0,0.0,0.0,0.0,0.0,0.0,0.0,0.0,0.0,0.0,0.0,0.0,0.0,0.0,0.0,0.0,0.0,0.0,0.0,0.0,0.0,0.03949712537695447,-0.07472560478111977,0.001250231683792335,0.001850276137702167,-0.00026738224551081706,-0.0039033114444464445,0.0,0.0,0.0,0.0,0.0,0.0,0.0,0.0,0.0,0.0,0.0,0.0,0.0,0.0,0.0,0.0,0.0,0.0,0.0,0.0,0.0,0.0,0.0,0.0,0.0,0.0,0.0,0.0,0.0,0.0,0.0,0.0,0.0,0.0,0.0,0.0
34596000000,3266,34596000000,map,base_link,0.016917435452342033,-0.038523439317941666,0.02899784967303276,0.007355812914807341,-0.012216045568742053,0.029655449842932335,-0.9994584801760609,0.0,0.0,0.0,0.0,0.0,0.0,0.0,0.0,0.0,0.0,0.0,0.0,0.0,0.0,0.0,0.0,0.0,0.0,0.0,0.0,0.0,0.0,0.0,0.0,0.0,0.0,0.0,0.0,0.0,0.0,0.0,0.0,0.0,0.0,0.0,0.0,0.03945855311065725,-0.0746998831278984,0.001317151434644317,0.0005949432379566133,-0.001270014327019453,0.000214789906749502,0.0,0.0,0.0,0.0,0.0,0.0,0.0,0.0,0.0,0.0,0.0,0.0,0.0,0.0,0.0,0.0,0.0,0.0,0.0,0.0,0.0,0.0,0.0,0.0,0.0,0.0,0.0,0.0,0.0,0.0,0.0,0.0,0.0,0.0,0.0,0.0
34609000000,3267,34609000000,map,base_link,0.016925454139709473,-0.03859396651387215,0.028953608125448227,0.0073822631903343395,-0.012198639743487689,0.029632184782554305,-0.9994592388193342,0.0,0.0,0.0,0.0,0.0,0.0,0.0,0.0,0.0,0.0,0.0,0.0,0.0,0.0,0.0,0.0,0.0,0.0,0.0,0.0,0.0,0.0,0.0,0.0,0.0,0.0,0.0,0.0,0.0,0.0,0.0,0.0,0.0,0.0,0.0,0.0,0.03936164545195455,-0.07466384749634285,0.0010685796449830935,-0.0032772852573543787,0.0005058399401605131,0.001422821544110775,0.0,0.0,0.0,0.0,0.0,0.0,0.0,0.0,0.0,0.0,0.0,0.0,0.0,0.0,0.0,0.0,0.0,0.0,0.0,0.0,0.0,0.0,0.0,0.0,0.0,0.0,0.0,0.0,0.0,0.0,0.0,0.0,0.0,0.0,0.0,0.0
34621000000,3268,34621000000,map,base_link,0.016952412202954292,-0.0387021079659462,0.02890484407544136,0.007400607770784834,-0.012185666252044303,0.02962506196515602,-0.9994594495535767,0.0,0.0,0.0,0.0,0.0,0.0,0.0,0.0,0.0,0.0,0.0,0.0,0.0,0.0,0.0,0.0,0.0,0.0,0.0,0.0,0.0,0.0,0.0,0.0,0.0,0.0,0.0,0.0,0.0,0.0,0.0,0.0,0.0,0.0,0.0,0.0,0.0396861705965273,-0.0745839159875422,0.0006231991876926407,-0.0008162605809047818,-0.0004229247570037841,0.00034209972363896673,0.0,0.0,0.0,0.0,0.0,0.0,0.0,0.0,0.0,0.0,0.0,0.0,0.0,0.0,0.0,0.0,0.0,0.0,0.0,0.0,0.0,0.0,0.0,0.0,0.0,0.0,0.0,0.0,0.0,0.0,0.0,0.0,0.0,0.0,0.0,0.0
34629000000,3269,34629000000,map,base_link,0.016848748549818993,-0.038520023226737976,0.028850233182311058,0.00740736641307026,-0.012176306358952343,0.029621605923578098,-0.9994596181409708,0.0,0.0,0.0,0.0,0.0,0.0,0.0,0.0,0.0,0.0,0.0,0.0,0.0,0.0,0.0,0.0,0.0,0.0,0.0,0.0,0.0,0.0,0.0,0.0,0.0,0.0,0.0,0.0,0.0,0.0,0.0,0.0,0.0,0.0,0.0,0.0,0.0395704944623385,-0.07455579715750754,0.000589448640868482,0.0003118405002169311,-0.0008523683063685892,0.0015956006245687604,0.0,0.0,0.0,0.0,0.0,0.0,0.0,0.0,0.0,0.0,0.0,0.0,0.0,0.0,0.0,0.0,0.0,0.0,0.0,0.0,0.0,0.0,0.0,0.0,0.0,0.0,0.0,0.0,0.0,0.0,0.0,0.0,0.0,0.0,0.0,0.0
34637000000,3270,34637000000,map,base_link,0.01675930619239807,-0.03837154805660248,0.028794994577765465,0.007413265160864388,-0.01214515506345511,0.029622954622730513,-0.9994598710220619,0.0,0.0,0.0,0.0,0.0,0.0,0.0,0.0,0.0,0.0,0.0,0.0,0.0,0.0,0.0,0.0,0.0,0.0,0.0,0.0,0.0,0.0,0.0,0.0,0.0,0.0,0.0,0.0,0.0,0.0,0.0,0.0,0.0,0.0,0.0,0.0,0.03955514809546745,-0.07462177347707973,0.0004994378652740904,0.0007604631828144193,-0.004484245553612709,-0.00031947455136105364,0.0,0.0,0.0,0.0,0.0,0.0,0.0,0.0,0.0,0.0,0.0,0.0,0.0,0.0,0.0,0.0,0.0,0.0,0.0,0.0,0.0,0.0,0.0,0.0,0.0,0.0,0.0,0.0,0.0,0.0,0.0,0.0,0.0,0.0,0.0,0.0
34645000000,3271,34645000000,map,base_link,0.016680702567100525,-0.038247250020504,0.02880873531103134,0.0074102376671250645,-0.012148680416842469,0.029625483433641076,-0.9994597867283648,0.0,0.0,0.0,0.0,0.0,0.0,0.0,0.0,0.0,0.0,0.0,0.0,0.0,0.0,0.0,0.0,0.0,0.0,0.0,0.0,0.0,0.0,0.0,0.0,0.0,0.0,0.0,0.0,0.0,0.0,0.0,0.0,0.0,0.0,0.0,0.0,0.0394335412846528,-0.07458750892568787,0.00017068822995388498,0.0015096577117219567,0.00018193852156400675,-0.0005051057087257504,0.0,0.0,0.0,0.0,0.0,0.0,0.0,0.0,0.0,0.0,0.0,0.0,0.0,0.0,0.0,0.0,0.0,0.0,0.0,0.0,0.0,0.0,0.0,0.0,0.0,0.0,0.0,0.0,0.0,0.0,0.0,0.0,0.0,0.0,0.0,0.0
34653000000,3272,34653000000,map,base_link,0.016612878069281578,-0.03814811259508133,0.02881980501115322,0.007414800392748624,-0.01213450030722433,0.029616885476544896,-0.9994602081968499,0.0,0.0,0.0,0.0,0.0,0.0,0.0,0.0,0.0,0.0,0.0,0.0,0.0,0.0,0.0,0.0,0.0,0.0,0.0,0.0,0.0,0.0,0.0,0.0,0.0,0.0,0.0,0.0,0.0,0.0,0.0,0.0,0.0,0.0,0.0,0.0,0.03938458375892024,-0.07479296602973057,0.0004240646875309297,0.000714929832611233,-0.0006360914558172223,0.0023146842140704393,0.0,0.0,0.0,0.0,0.0,0.0,0.0,0.0,0.0,0.0,0.0,0.0,0.0,0.0,0.0,0.0,0.0,0.0,0.0,0.0,0.0,0.0,0.0,0.0,0.0,0.0,0.0,0.0,0.0,0.0,0.0,0.0,0.0,0.0,0.0,0.0
34660000000,3273,34660000000,map,base_link,0.01655702479183674,-0.038075488060712814,0.028828108683228493,0.00741442238820104,-0.012128961947912196,0.02961132209254147,-0.999460461077941,0.0,0.0,0.0,0.0,0.0,0.0,0.0,0.0,0.0,0.0,0.0,0.0,0.0,0.0,0.0,0.0,0.0,0.0,0.0,0.0,0.0,0.0,0.0,0.0,0.0,0.0,0.0,0.0,0.0,0.0,0.0,0.0,0.0,0.0,0.0,0.0,0.03955700858873931,-0.0746905806707427,5.540413697775867e-05,0.0020690541714429855,-0.000363039784133434,0.0022850038949400187,0.0,0.0,0.0,0.0,0.0,0.0,0.0,0.0,0.0,0.0,0.0,0.0,0.0,0.0,0.0,0.0,0.0,0.0,0.0,0.0,0.0,0.0,0.0,0.0,0.0,0.0,0.0,0.0,0.0,0.0,0.0,0.0,0.0,0.0,0.0,0.0
34668000000,3274,34668000000,map,base_link,0.016512861475348473,-0.038026947528123856,0.028832407668232918,0.007423999600980634,-0.012113248417407222,0.02962539913994411,-0.9994601239031529,0.0,0.0,0.0,0.0,0.0,0.0,0.0,0.0,0.0,0.0,0.0,0.0,0.0,0.0,0.0,0.0,0.0,0.0,0.0,0.0,0.0,0.0,0.0,0.0,0.0,0.0,0.0,0.0,0.0,0.0,0.0,0.0,0.0,0.0,0.0,0.0,0.039430732569127915,-0.07463066307987232,0.00015664460865816656,-0.00021743134129792452,-0.001875095069408417,-0.0023274801205843683,0.0,0.0,0.0,0.0,0.0,0.0,0.0,0.0,0.0,0.0,0.0,0.0,0.0,0.0,0.0,0.0,0.0,0.0,0.0,0.0,0.0,0.0,0.0,0.0,0.0,0.0,0.0,0.0,0.0,0.0,0.0,0.0,0.0,0.0,0.0,0.0
34676000000,3275,34676000000,map,base_link,0.016481611877679825,-0.03800578787922859,0.02883528359234333,0.007427522320189959,-0.012108197874939374,0.029622617447942423,-0.99946020819685,0.0,0.0,0.0,0.0,0.0,0.0,0.0,0.0,0.0,0.0,0.0,0.0,0.0,0.0,0.0,0.0,0.0,0.0,0.0,0.0,0.0,0.0,0.0,0.0,0.0,0.0,0.0,0.0,0.0,0.0,0.0,0.0,0.0,0.0,0.0,0.0,0.039543057827355864,-0.07478672095712711,8.32784070068341e-05,-0.00014194007962942123,-0.0002700607292354108,-0.0007351730018854141,0.0,0.0,0.0,0.0,0.0,0.0,0.0,0.0,0.0,0.0,0.0,0.0,0.0,0.0,0.0,0.0,0.0,0.0,0.0,0.0,0.0,0.0,0.0,0.0,0.0,0.0,0.0,0.0,0.0,0.0,0.0,0.0,0.0,0.0,0.0,0.0
34684000000,3276,34684000000,map,base_link,0.016463464125990868,-0.038013167679309845,0.028834950178861618,0.007417384850670202,-0.012103795998811891,0.029625904902126243,-0.9994602924905469,0.0,0.0,0.0,0.0,0.0,0.0,0.0,0.0,0.0,0.0,0.0,0.0,0.0,0.0,0.0,0.0,0.0,0.0,0.0,0.0,0.0,0.0,0.0,0.0,0.0,0.0,0.0,0.0,0.0,0.0,0.0,0.0,0.0,0.0,0.0,0.0,0.0395246338353427,-0.07472431605036262,-1.9466883867410434e-05,0.0026762092020362616,0.001013759057968855,2.1289160940794896e-06,0.0,0.0,0.0,0.0,0.0,0.0,0.0,0.0,0.0,0.0,0.0,0.0,0.0,0.0,0.0,0.0,0.0,0.0,0.0,0.0,0.0,0.0,0.0,0.0,0.0,0.0,0.0,0.0,0.0,0.0,0.0,0.0,0.0,0.0,0.0,0.0
34692000000,3277,34692000000,map,base_link,0.016450833529233932,-0.03803478181362152,0.028853869065642357,0.007419977211125876,-0.012098097942456571,0.029620510105516806,-0.9994605453716381,0.0,0.0,0.0,0.0,0.0,0.0,0.0,0.0,0.0,0.0,0.0,0.0,0.0,0.0,0.0,0.0,0.0,0.0,0.0,0.0,0.0,0.0,0.0,0.0,0.0,0.0,0.0,0.0,0.0,0.0,0.0,0.0,0.0,0.0,0.0,0.0,0.0393525591769439,-0.07489686623932161,-0.00013566455079676293,0.0010777056450024247,0.0013396148569881918,0.0018062993185594676,0.0,0.0,0.0,0.0,0.0,0.0,0.0,0.0,0.0,0.0,0.0,0.0,0.0,0.0,0.0,0.0,0.0,0.0,0.0,0.0,0.0,0.0,0.0,0.0,0.0,0.0,0.0,0.0,0.0,0.0,0.0,0.0,0.0,0.0,0.0,0.0
34700000000,3278,34700000000,map,base_link,0.01644572988152504,-0.03807469829916954,0.02886933460831642,0.0074158776069275555,-0.012105865639564353,0.029612291470057228,-0.9994606718121836,0.0,0.0,0.0,0.0,0.0,0.0,0.0,0.0,0.0,0.0,0.0,0.0,0.0,0.0,0.0,0.0,0.0,0.0,0.0,0.0,0.0,0.0,0.0,0.0,0.0,0.0,0.0,0.0,0.0,0.0,0.0,0.0,0.0,0.0,0.0,0.0,0.039444967581939216,-0.07491249559375565,-0.00017607974703444447,0.000112757901661098,0.0038369633257389073,0.0020843162201344963,0.0,0.0,0.0,0.0,0.0,0.0,0.0,0.0,0.0,0.0,0.0,0.0,0.0,0.0,0.0,0.0,0.0,0.0,0.0,0.0,0.0,0.0,0.0,0.0,0.0,0.0,0.0,0.0,0.0,0.0,0.0,0.0,0.0,0.0,0.0,0.0
34708000000,3279,34708000000,map,base_link,0.01645057462155819,-0.038135576993227005,0.02888317033648491,0.007437372499668111,-0.012114296326355547,0.029619667168546582,-0.99946020819685,0.0,0.0,0.0,0.0,0.0,0.0,0.0,0.0,0.0,0.0,0.0,0.0,0.0,0.0,0.0,0.0,0.0,0.0,0.0,0.0,0.0,0.0,0.0,0.0,0.0,0.0,0.0,0.0,0.0,0.0,0.0,0.0,0.0,0.0,0.0,0.0,0.03945455181313935,-0.07493982642022837,-3.709624280614704e-05,-0.0015608107205480337,0.0025421883910894394,-0.0011407665442675354,0.0,0.0,0.0,0.0,0.0,0.0,0.0,0.0,0.0,0.0,0.0,0.0,0.0,0.0,0.0,0.0,0.0,0.0,0.0,0.0,0.0,0.0,0.0,0.0,0.0,0.0,0.0,0.0,0.0,0.0,0.0,0.0,0.0,0.0,0.0,0.0
34717000000,3280,34717000000,map,base_link,0.016466861590743065,-0.038221266120672226,0.028895540162920952,0.007444706051309006,-0.012112445816288116,0.029630077440128744,-0.9994598288752133,0.0,0.0,0.0,0.0,0.0,0.0,0.0,0.0,0.0,0.0,0.0,0.0,0.0,0.0,0.0,0.0,0.0,0.0,0.0,0.0,0.0,0.0,0.0,0.0,0.0,0.0,0.0,0.0,0.0,0.0,0.0,0.0,0.0,0.0,0.0,0.0,0.039539088808324074,-0.07520277795573417,-3.587103581305555e-05,-0.00030288216657936573,-0.00020412262529134783,-0.002643883228302002,0.0,0.0,0.0,0.0,0.0,0.0,0.0,0.0,0.0,0.0,0.0,0.0,0.0,0.0,0.0,0.0,0.0,0.0,0.0,0.0,0.0,0.0,0.0,0.0,0.0,0.0,0.0,0.0,0.0,0.0,0.0,0.0,0.0,0.0,0.0,0.0
34725000000,3281,34725000000,map,base_link,0.01649235375225544,-0.038331884890794754,0.028904180973768234,0.007447566274743303,-0.012107221418070161,0.02963471359346498,-0.9994597445815163,0.0,0.0,0.0,0.0,0.0,0.0,0.0,0.0,0.0,0.0,0.0,0.0,0.0,0.0,0.0,0.0,0.0,0.0,0.0,0.0,0.0,0.0,0.0,0.0,0.0,0.0,0.0,0.0,0.0,0.0,0.0,0.0,0.0,0.0,0.0,0.0,0.03921279938440974,-0.07535726335969353,-0.00023960011119119058,7.067550905048847e-05,-0.00012519350275397322,-0.0017802860820665956,0.0,0.0,0.0,0.0,0.0,0.0,0.0,0.0,0.0,0.0,0.0,0.0,0.0,0.0,0.0,0.0,0.0,0.0,0.0,0.0,0.0,0.0,0.0,0.0,0.0,0.0,0.0,0.0,0.0,0.0,0.0,0.0,0.0,0.0,0.0,0.0
34733000000,3282,34733000000,map,base_link,0.016527388244867325,-0.03846895694732666,0.028908992186188698,0.0074562182324891795,-0.012093693596787181,0.029643227256864246,-0.9994595759941223,0.0,0.0,0.0,0.0,0.0,0.0,0.0,0.0,0.0,0.0,0.0,0.0,0.0,0.0,0.0,0.0,0.0,0.0,0.0,0.0,0.0,0.0,0.0,0.0,0.0,0.0,0.0,0.0,0.0,0.0,0.0,0.0,0.0,0.0,0.0,0.0,0.03907153294489321,-0.07547245959441555,-0.00048174636168669786,-0.0014930649194866419,-0.0013821693137288094,-0.000844124238938093,0.0,0.0,0.0,0.0,0.0,0.0,0.0,0.0,0.0,0.0,0.0,0.0,0.0,0.0,0.0,0.0,0.0,0.0,0.0,0.0,0.0,0.0,0.0,0.0,0.0,0.0,0.0,0.0,0.0,0.0,0.0,0.0,0.0,0.0,0.0,0.0
34741000000,3283,34741000000,map,base_link,0.016564441844820976,-0.03861008957028389,0.028910281136631966,0.007474766961737148,-0.012086831398377873,0.02964668329844211,-0.9994594074067282,0.0,0.0,0.0,0.0,0.0,0.0,0.0,0.0,0.0,0.0,0.0,0.0,0.0,0.0,0.0,0.0,0.0,0.0,0.0,0.0,0.0,0.0,0.0,0.0,0.0,0.0,0.0,0.0,0.0,0.0,0.0,0.0,0.0,0.0,0.0,0.0,0.03901380228811637,-0.07539051098459126,-0.00043215528672826086,-0.002948551205918193,2.291984856128689e-05,-0.00030612063710577786,0.0,0.0,0.0,0.0,0.0,0.0,0.0,0.0,0.0,0.0,0.0,0.0,0.0,0.0,0.0,0.0,0.0,0.0,0.0,0.0,0.0,0.0,0.0,0.0,0.0,0.0,0.0,0.0,0.0,0.0,0.0,0.0,0.0,0.0,0.0,0.0
34752000000,3284,34752000000,map,base_link,0.016754960641264915,-0.03909507393836975,0.02890807017683983,0.007488018852871284,-0.012092118852232468,0.0296705384146993,-0.999458564469758,0.0,0.0,0.0,0.0,0.0,0.0,0.0,0.0,0.0,0.0,0.0,0.0,0.0,0.0,0.0,0.0,0.0,0.0,0.0,0.0,0.0,0.0,0.0,0.0,0.0,0.0,0.0,0.0,0.0,0.0,0.0,0.0,0.0,0.0,0.0,0.0,0.039420847893213894,-0.07564494664556663,-0.0005977633168597646,-0.0017621892038732767,0.0030591255053877826,-0.004142173565924168,0.0,0.0,0.0,0.0,0.0,0.0,0.0,0.0,0.0,0.0,0.0,0.0,0.0,0.0,0.0,0.0,0.0,0.0,0.0,0.0,0.0,0.0,0.0,0.0,0.0,0.0,0.0,0.0,0.0,0.0,0.0,0.0,0.0,0.0,0.0,0.0
34760000000,3285,34760000000,map,base_link,0.016817687079310417,-0.03928947448730469,0.028904229402542114,0.007488447400709854,-0.012099105515553783,0.029674373777913765,-0.9994583537355155,0.0,0.0,0.0,0.0,0.0,0.0,0.0,0.0,0.0,0.0,0.0,0.0,0.0,0.0,0.0,0.0,0.0,0.0,0.0,0.0,0.0,0.0,0.0,0.0,0.0,0.0,0.0,0.0,0.0,0.0,0.0,0.0,0.0,0.0,0.0,0.0,0.03935784948003114,-0.0756467214274704,-0.0005313290204701765,0.0009263793472200632,0.0036292718723416324,-0.0022542169317603116,0.0,0.0,0.0,0.0,0.0,0.0,0.0,0.0,0.0,0.0,0.0,0.0,0.0,0.0,0.0,0.0,0.0,0.0,0.0,0.0,0.0,0.0,0.0,0.0,0.0,0.0,0.0,0.0,0.0,0.0,0.0,0.0,0.0,0.0,0.0,0.0
34768000000,3286,34768000000,map,base_link,0.016885727643966675,-0.0394928939640522,0.028899187222123146,0.007462844342692376,-0.012084545261118412,0.029658821590813178,-0.9994592388193342,0.0,0.0,0.0,0.0,0.0,0.0,0.0,0.0,0.0,0.0,0.0,0.0,0.0,0.0,0.0,0.0,0.0,0.0,0.0,0.0,0.0,0.0,0.0,0.0,0.0,0.0,0.0,0.0,0.0,0.0,0.0,0.0,0.0,0.0,0.0,0.0,0.0395033340794354,-0.07570765717610564,-0.0004898541950711327,0.0043461378663778305,-0.001976694446057081,0.0031397333368659024,0.0,0.0,0.0,0.0,0.0,0.0,0.0,0.0,0.0,0.0,0.0,0.0,0.0,0.0,0.0,0.0,0.0,0.0,0.0,0.0,0.0,0.0,0.0,0.0,0.0,0.0,0.0,0.0,0.0,0.0,0.0,0.0,0.0,0.0,0.0,0.0
34777000000,3287,34777000000,map,base_link,0.016963910311460495,-0.039718933403491974,0.02889164723455906,0.007462531040142702,-0.012077455206309344,0.029652162388748515,-0.9994594917004253,0.0,0.0,0.0,0.0,0.0,0.0,0.0,0.0,0.0,0.0,0.0,0.0,0.0,0.0,0.0,0.0,0.0,0.0,0.0,0.0,0.0,0.0,0.0,0.0,0.0,0.0,0.0,0.0,0.0,0.0,0.0,0.0,0.0,0.0,0.0,0.0,0.03951573262849538,-0.07567262185625703,-0.0005840706257368586,0.000301483494695276,-0.00038580549880862203,0.0027491915971040726,0.0,0.0,0.0,0.0,0.0,0.0,0.0,0.0,0.0,0.0,0.0,0.0,0.0,0.0,0.0,0.0,0.0,0.0,0.0,0.0,0.0,0.0,0.0,0.0,0.0,0.0,0.0,0.0,0.0,0.0,0.0,0.0,0.0,0.0,0.0,0.0
34785000000,3288,34785000000,map,base_link,0.01704980991780758,-0.039961572736501694,0.02888186275959015,0.007464144309551133,-0.012080975949885145,0.02964217358565141,-0.9994597024346678,0.0,0.0,0.0,0.0,0.0,0.0,0.0,0.0,0.0,0.0,0.0,0.0,0.0,0.0,0.0,0.0,0.0,0.0,0.0,0.0,0.0,0.0,0.0,0.0,0.0,0.0,0.0,0.0,0.0,0.0,0.0,0.0,0.0,0.0,0.0,0.0,0.039638184345223974,-0.07581877424254657,-0.0005463791199509713,0.00027897924883291125,0.0010591484606266024,0.0020659365691244602,0.0,0.0,0.0,0.0,0.0,0.0,0.0,0.0,0.0,0.0,0.0,0.0,0.0,0.0,0.0,0.0,0.0,0.0,0.0,0.0,0.0,0.0,0.0,0.0,0.0,0.0,0.0,0.0,0.0,0.0,0.0,0.0,0.0,0.0,0.0,0.0
34793000000,3289,34793000000,map,base_link,0.01714489609003067,-0.04022257775068283,0.028870219364762306,0.00746294263046019,-0.012077914211831407,0.029643606578500792,-0.9994597867283648,0.0,0.0,0.0,0.0,0.0,0.0,0.0,0.0,0.0,0.0,0.0,0.0,0.0,0.0,0.0,0.0,0.0,0.0,0.0,0.0,0.0,0.0,0.0,0.0,0.0,0.0,0.0,0.0,0.0,0.0,0.0,0.0,0.0,0.0,0.0,0.0,0.03958343780635744,-0.07584862899661482,-0.0005510649237683489,-0.00024259916972368956,5.147419869899756e-05,0.0005252108676359057,0.0,0.0,0.0,0.0,0.0,0.0,0.0,0.0,0.0,0.0,0.0,0.0,0.0,0.0,0.0,0.0,0.0,0.0,0.0,0.0,0.0,0.0,0.0,0.0,0.0,0.0,0.0,0.0,0.0,0.0,0.0,0.0,0.0,0.0,0.0,0.0
34801000000,3290,34801000000,map,base_link,0.01724674366414547,-0.04049873352050781,0.028770195320248604,0.007471679869719853,-0.012072164130459957,0.029631131111341524,-0.9994601239031529,0.0,0.0,0.0,0.0,0.0,0.0,0.0,0.0,0.0,0.0,0.0,0.0,0.0,0.0,0.0,0.0,0.0,0.0,0.0,0.0,0.0,0.0,0.0,0.0,0.0,0.0,0.0,0.0,0.0,0.0,0.0,0.0,0.0,0.0,0.0,0.0,0.03964647779496868,-0.07581226991810211,-0.0006260831468018484,-0.0014881020179018378,-0.0005330336280167101,0.0014149374328553677,0.0,0.0,0.0,0.0,0.0,0.0,0.0,0.0,0.0,0.0,0.0,0.0,0.0,0.0,0.0,0.0,0.0,0.0,0.0,0.0,0.0,0.0,0.0,0.0,0.0,0.0,0.0,0.0,0.0,0.0,0.0,0.0,0.0,0.0,0.0,0.0
34809000000,3291,34808000000,map,base_link,0.017358100041747093,-0.04079516977071762,0.028670961037278175,0.007468418098771814,-0.01207480686957049,0.02962249100739689,-0.9994603346373955,0.0,0.0,0.0,0.0,0.0,0.0,0.0,0.0,0.0,0.0,0.0,0.0,0.0,0.0,0.0,0.0,0.0,0.0,0.0,0.0,0.0,0.0,0.0,0.0,0.0,0.0,0.0,0.0,0.0,0.0,0.0,0.0,0.0,0.0,0.0,0.0,0.03963712440783175,-0.0759094671030616,-0.0006394304756404008,0.0010069526033475995,0.0008721244521439078,0.0020106364972889423,0.0,0.0,0.0,0.0,0.0,0.0,0.0,0.0,0.0,0.0,0.0,0.0,0.0,0.0,0.0,0.0,0.0,0.0,0.0,0.0,0.0,0.0,0.0,0.0,0.0,0.0,0.0,0.0,0.0,0.0,0.0,0.0,0.0,0.0,0.0,0.0
34816000000,3292,34816000000,map,base_link,0.01747501641511917,-0.04110432788729668,0.028573017567396164,0.00746195744787625,-0.012075669892148203,0.02962716930758158,-0.99946020819685,0.0,0.0,0.0,0.0,0.0,0.0,0.0,0.0,0.0,0.0,0.0,0.0,0.0,0.0,0.0,0.0,0.0,0.0,0.0,0.0,0.0,0.0,0.0,0.0,0.0,0.0,0.0,0.0,0.0,0.0,0.0,0.0,0.0,0.0,0.0,0.0,0.039523177605408376,-0.07591610608955682,-0.0006692875077732597,0.0013646064326167107,6.593996658921217e-05,-0.0019810697995126247,0.0,0.0,0.0,0.0,0.0,0.0,0.0,0.0,0.0,0.0,0.0,0.0,0.0,0.0,0.0,0.0,0.0,0.0,0.0,0.0,0.0,0.0,0.0,0.0,0.0,0.0,0.0,0.0,0.0,0.0,0.0,0.0,0.0,0.0,0.0,0.0
34824000000,3293,34824000000,map,base_link,0.017598619684576988,-0.04142419621348381,0.028475042432546616,0.0074549874128037605,-0.012064137460724409,0.029621943098366188,-0.9994606296653351,0.0,0.0,0.0,0.0,0.0,0.0,0.0,0.0,0.0,0.0,0.0,0.0,0.0,0.0,0.0,0.0,0.0,0.0,0.0,0.0,0.0,0.0,0.0,0.0,0.0,0.0,0.0,0.0,0.0,0.0,0.0,0.0,0.0,0.0,0.0,0.0,0.03994552934746781,-0.07572620579906028,-0.000746800424917405,0.002114919014275074,-0.0012744702398777008,0.00018511863891035335,0.0,0.0,0.0,0.0,0.0,0.0,0.0,0.0,0.0,0.0,0.0,0.0,0.0,0.0,0.0,0.0,0.0,0.0,0.0,0.0,0.0,0.0,0.0,0.0,0.0,0.0,0.0,0.0,0.0,0.0,0.0,0.0,0.0,0.0,0.0,0.0
34832000000,3294,34832000000,map,base_link,0.01772957108914852,-0.041758399456739426,0.028376879170536995,0.0074448152050612055,-0.012058054155831919,0.02962851800673394,-0.9994605453716381,0.0,0.0,0.0,0.0,0.0,0.0,0.0,0.0,0.0,0.0,0.0,0.0,0.0,0.0,0.0,0.0,0.0,0.0,0.0,0.0,0.0,0.0,0.0,0.0,0.0,0.0,0.0,0.0,0.0,0.0,0.0,0.0,0.0,0.0,0.0,0.0,0.03962281752612789,-0.07589718646483871,-0.0009526438924142379,0.0022222367115318775,-0.0005560228601098063,-0.0019529059063643217,0.0,0.0,0.0,0.0,0.0,0.0,0.0,0.0,0.0,0.0,0.0,0.0,0.0,0.0,0.0,0.0,0.0,0.0,0.0,0.0,0.0,0.0,0.0,0.0,0.0,0.0,0.0,0.0,0.0,0.0,0.0,0.0,0.0,0.0,0.0,0.0
34840000000,3295,34840000000,map,base_link,0.01786426454782486,-0.04210513457655907,0.02827892079949379,0.007446028737953292,-0.012054963771092083,0.02963462929976801,-0.9994604189310925,0.0,0.0,0.0,0.0,0.0,0.0,0.0,0.0,0.0,0.0,0.0,0.0,0.0,0.0,0.0,0.0,0.0,0.0,0.0,0.0,0.0,0.0,0.0,0.0,0.0,0.0,0.0,0.0,0.0,0.0,0.0,0.0,0.0,0.0,0.0,0.0,0.039741733675948424,-0.0760653406455087,-0.001037913642938799,0.0003294699126854539,-0.0016703817527741196,-0.0023559920955449343,0.0,0.0,0.0,0.0,0.0,0.0,0.0,0.0,0.0,0.0,0.0,0.0,0.0,0.0,0.0,0.0,0.0,0.0,0.0,0.0,0.0,0.0,0.0,0.0,0.0,0.0,0.0,0.0,0.0,0.0,0.0,0.0,0.0,0.0,0.0,0.0
34848000000,3296,34848000000,map,base_link,0.018002111464738846,-0.04246256500482559,0.028242571279406548,0.00745234121633456,-0.0120327777358904,0.029629866705886243,-0.999460798252729,0.0,0.0,0.0,0.0,0.0,0.0,0.0,0.0,0.0,0.0,0.0,0.0,0.0,0.0,0.0,0.0,0.0,0.0,0.0,0.0,0.0,0.0,0.0,0.0,0.0,0.0,0.0,0.0,0.0,0.0,0.0,0.0,0.0,0.0,0.0,0.0,0.03940099847488642,-0.07612859954525872,-0.001250692652238873,-0.0012999250320717692,-0.0038314524572342634,-0.0007219559047371145,0.0,0.0,0.0,0.0,0.0,0.0,0.0,0.0,0.0,0.0,0.0,0.0,0.0,0.0,0.0,0.0,0.0,0.0,0.0,0.0,0.0,0.0,0.0,0.0,0.0,0.0,0.0,0.0,0.0,0.0,0.0,0.0,0.0,0.0,0.0,0.0
34857000000,3297,34857000000,map,base_link,0.018147215247154236,-0.042836278676986694,0.028203900903463364,0.007448367064865009,-0.012014485180456036,0.029634924327707535,-0.9994608825464262,0.0,0.0,0.0,0.0,0.0,0.0,0.0,0.0,0.0,0.0,0.0,0.0,0.0,0.0,0.0,0.0,0.0,0.0,0.0,0.0,0.0,0.0,0.0,0.0,0.0,0.0,0.0,0.0,0.0,0.0,0.0,0.0,0.0,0.0,0.0,0.0,0.03957076801732764,-0.0762197666131033,-0.0014232125049037055,0.00023079023230820894,-0.004160469397902489,-0.0004812528786715115,0.0,0.0,0.0,0.0,0.0,0.0,0.0,0.0,0.0,0.0,0.0,0.0,0.0,0.0,0.0,0.0,0.0,0.0,0.0,0.0,0.0,0.0,0.0,0.0,0.0,0.0,0.0,0.0,0.0,0.0,0.0,0.0,0.0,0.0,0.0,0.0
34865000000,3298,34865000000,map,base_link,0.018298642709851265,-0.04322374612092972,0.028163069859147072,0.007430794792486253,-0.011998695588060389,0.02964558748038082,-0.9994608403995775,0.0,0.0,0.0,0.0,0.0,0.0,0.0,0.0,0.0,0.0,0.0,0.0,0.0,0.0,0.0,0.0,0.0,0.0,0.0,0.0,0.0,0.0,0.0,0.0,0.0,0.0,0.0,0.0,0.0,0.0,0.0,0.0,0.0,0.0,0.0,0.0,0.03961392500926775,-0.0764311523688953,-0.0014740034281004034,0.0034459903836250305,-0.003798443824052811,-0.0025694048963487144,0.0,0.0,0.0,0.0,0.0,0.0,0.0,0.0,0.0,0.0,0.0,0.0,0.0,0.0,0.0,0.0,0.0,0.0,0.0,0.0,0.0,0.0,0.0,0.0,0.0,0.0,0.0,0.0,0.0,0.0,0.0,0.0,0.0,0.0,0.0,0.0
34873000000,3299,34873000000,map,base_link,0.01845528557896614,-0.04362407699227333,0.02812146209180355,0.007430073686250012,-0.011998791077014046,0.029649254256201296,-0.9994607139590321,0.0,0.0,0.0,0.0,0.0,0.0,0.0,0.0,0.0,0.0,0.0,0.0,0.0,0.0,0.0,0.0,0.0,0.0,0.0,0.0,0.0,0.0,0.0,0.0,0.0,0.0,0.0,0.0,0.0,0.0,0.0,0.0,0.0,0.0,0.0,0.0,0.039502092491920104,-0.07660889269977211,-0.00132468675105662,0.0006193907465785742,0.000610631890594959,-0.001855076290667057,0.0,0.0,0.0,0.0,0.0,0.0,0.0,0.0,0.0,0.0,0.0,0.0,0.0,0.0,0.0,0.0,0.0,0.0,0.0,0.0,0.0,0.0,0.0,0.0,0.0,0.0,0.0,0.0,0.0,0.0,0.0,0.0,0.0,0.0,0.0,0.0
34881000000,3300,34880000000,map,base_link,0.01861698180437088,-0.044037919491529465,0.028079012408852577,0.007432385012836906,-0.011998426407992748,0.029647231207472702,-0.999460798252729,0.0,0.0,0.0,0.0,0.0,0.0,0.0,0.0,0.0,0.0,0.0,0.0,0.0,0.0,0.0,0.0,0.0,0.0,0.0,0.0,0.0,0.0,0.0,0.0,0.0,0.0,0.0,0.0,0.0,0.0,0.0,0.0,0.0,0.0,0.0,0.0,0.03965174700965051,-0.07680764008716966,-0.001565431790274989,-0.00041674659587442875,0.0015825829468667507,-0.0003455611877143385,0.0,0.0,0.0,0.0,0.0,0.0,0.0,0.0,0.0,0.0,0.0,0.0,0.0,0.0,0.0,0.0,0.0,0.0,0.0,0.0,0.0,0.0,0.0,0.0,0.0,0.0,0.0,0.0,0.0,0.0,0.0,0.0,0.0,0.0,0.0,0.0
34888000000,3301,34888000000,map,base_link,0.018783610314130783,-0.04446088895201683,0.02803592011332512,0.0074142312456576,-0.012006778398715242,0.02964752623541228,-0.9994608403995777,0.0,0.0,0.0,0.0,0.0,0.0,0.0,0.0,0.0,0.0,0.0,0.0,0.0,0.0,0.0,0.0,0.0,0.0,0.0,0.0,0.0,0.0,0.0,0.0,0.0,0.0,0.0,0.0,0.0,0.0,0.0,0.0,0.0,0.0,0.0,0.0,0.03988837385452477,-0.07704716936819588,-0.0012671731771495267,0.003179873339831829,0.0020362366922199726,-0.0003185108653269711,0.0,0.0,0.0,0.0,0.0,0.0,0.0,0.0,0.0,0.0,0.0,0.0,0.0,0.0,0.0,0.0,0.0,0.0,0.0,0.0,0.0,0.0,0.0,0.0,0.0,0.0,0.0,0.0,0.0,0.0,0.0,0.0,0.0,0.0,0.0,0.0
34897000000,3302,34896000000,map,base_link,0.01895923726260662,-0.044901762157678604,0.027994703501462936,0.007415342704150947,-0.012002121336590914,0.029654143290628543,-0.9994607139590321,0.0,0.0,0.0,0.0,0.0,0.0,0.0,0.0,0.0,0.0,0.0,0.0,0.0,0.0,0.0,0.0,0.0,0.0,0.0,0.0,0.0,0.0,0.0,0.0,0.0,0.0,0.0,0.0,0.0,0.0,0.0,0.0,0.0,0.0,0.0,0.0,0.03992851309945715,-0.07715409577185907,-0.0010805943993993498,0.0017338460311293602,0.0002266727387905119,-0.0016190685564652085,0.0,0.0,0.0,0.0,0.0,0.0,0.0,0.0,0.0,0.0,0.0,0.0,0.0,0.0,0.0,0.0,0.0,0.0,0.0,0.0,0.0,0.0,0.0,0.0,0.0,0.0,0.0,0.0,0.0,0.0,0.0,0.0,0.0,0.0,0.0,0.0
34904000000,3303,34904000000,map,base_link,0.019139187410473824,-0.045353226363658905,0.02795296348631382,0.007414953668982856,-0.012005768849984503,0.02964301652262158,-0.9994609668401231,0.0,0.0,0.0,0.0,0.0,0.0,0.0,0.0,0.0,0.0,0.0,0.0,0.0,0.0,0.0,0.0,0.0,0.0,0.0,0.0,0.0,0.0,0.0,0.0,0.0,0.0,0.0,0.0,0.0,0.0,0.0,0.0,0.0,0.0,0.0,0.0,0.03994674405741052,-0.07733215123101148,-0.0011693862742019998,-0.0010890051489695907,0.0017416514456272127,0.0025891633704304695,0.0,0.0,0.0,0.0,0.0,0.0,0.0,0.0,0.0,0.0,0.0,0.0,0.0,0.0,0.0,0.0,0.0,0.0,0.0,0.0,0.0,0.0,0.0,0.0,0.0,0.0,0.0,0.0,0.0,0.0,0.0,0.0,0.0,0.0,0.0,0.0
34912000000,3304,34912000000,map,base_link,0.019327610731124878,-0.045822348445653915,0.02790975570678711,0.00741329463073112,-0.012002660025998443,0.0296509822769902,-0.9994607561058806,0.0,0.0,0.0,0.0,0.0,0.0,0.0,0.0,0.0,0.0,0.0,0.0,0.0,0.0,0.0,0.0,0.0,0.0,0.0,0.0,0.0,0.0,0.0,0.0,0.0,0.0,0.0,0.0,0.0,0.0,0.0,0.0,0.0,0.0,0.0,0.0,0.04011534603451166,-0.0776353420541919,-0.0012919808140625464,0.0009930375963449478,-0.0005921730771660806,-0.0012609746772795916,0.0,0.0,0.0,0.0,0.0,0.0,0.0,0.0,0.0,0.0,0.0,0.0,0.0,0.0,0.0,0.0,0.0,0.0,0.0,0.0,0.0,0.0,0.0,0.0,0.0,0.0,0.0,0.0,0.0,0.0,0.0,0.0,0.0,0.0,0.0,0.0
34920000000,3305,34920000000,map,base_link,0.01951785571873188,-0.046295683830976486,0.027865055948495865,0.007411934077777628,-0.011993856603015732,0.02964508171819863,-0.9994610932806687,0.0,0.0,0.0,0.0,0.0,0.0,0.0,0.0,0.0,0.0,0.0,0.0,0.0,0.0,0.0,0.0,0.0,0.0,0.0,0.0,0.0,0.0,0.0,0.0,0.0,0.0,0.0,0.0,0.0,0.0,0.0,0.0,0.0,0.0,0.0,0.0,0.04025733525694691,-0.0780402543220809,-0.0013671808477333956,0.001483289641328156,-0.0018072170205414295,-0.0008443466504104433,0.0,0.0,0.0,0.0,0.0,0.0,0.0,0.0,0.0,0.0,0.0,0.0,0.0,0.0,0.0,0.0,0.0,0.0,0.0,0.0,0.0,0.0,0.0,0.0,0.0,0.0,0.0,0.0,0.0,0.0,0.0,0.0,0.0,0.0,0.0,0.0
34928000000,3306,34928000000,map,base_link,0.019713278859853745,-0.046779900789260864,0.027820605784654617,0.007410577311455056,-0.011986707608473198,0.029647399794866747,-0.9994611354275171,0.0,0.0,0.0,0.0,0.0,0.0,0.0,0.0,0.0,0.0,0.0,0.0,0.0,0.0,0.0,0.0,0.0,0.0,0.0,0.0,0.0,0.0,0.0,0.0,0.0,0.0,0.0,0.0,0.0,0.0,0.0,0.0,0.0,0.0,0.0,0.0,0.04041219668182694,-0.07805125166489908,-0.001127768830468379,5.514302756637335e-05,-0.00022745924070477496,-0.0009646930266171694,0.0,0.0,0.0,0.0,0.0,0.0,0.0,0.0,0.0,0.0,0.0,0.0,0.0,0.0,0.0,0.0,0.0,0.0,0.0,0.0,0.0,0.0,0.0,0.0,0.0,0.0,0.0,0.0,0.0,0.0,0.0,0.0,0.0,0.0,0.0,0.0
34936000000,3307,34936000000,map,base_link,0.019912179559469223,-0.04727219417691231,0.027776025235652924,0.007418433088890783,-0.011994729339124936,0.02964870634717065,-0.9994609246932746,0.0,0.0,0.0,0.0,0.0,0.0,0.0,0.0,0.0,0.0,0.0,0.0,0.0,0.0,0.0,0.0,0.0,0.0,0.0,0.0,0.0,0.0,0.0,0.0,0.0,0.0,0.0,0.0,0.0,0.0,0.0,0.0,0.0,0.0,0.0,0.0,0.04014069315259663,-0.07782366582106905,-0.0012201893677224293,-0.0011094709625467658,0.001833207905292511,-0.00010116474004462384,0.0,0.0,0.0,0.0,0.0,0.0,0.0,0.0,0.0,0.0,0.0,0.0,0.0,0.0,0.0,0.0,0.0,0.0,0.0,0.0,0.0,0.0,0.0,0.0,0.0,0.0,0.0,0.0,0.0,0.0,0.0,0.0,0.0,0.0,0.0,0.0
34945000000,3308,34945000000,map,base_link,0.020116612315177917,-0.0477752611041069,0.027728162705898285,0.007406447743481624,-0.011981333062107425,0.029639054718861635,-0.9994614726023052,0.0,0.0,0.0,0.0,0.0,0.0,0.0,0.0,0.0,0.0,0.0,0.0,0.0,0.0,0.0,0.0,0.0,0.0,0.0,0.0,0.0,0.0,0.0,0.0,0.0,0.0,0.0,0.0,0.0,0.0,0.0,0.0,0.0,0.0,0.0,0.0,0.04038099889399678,-0.07790369135327757,-0.0015886740212709173,0.0015753008192405105,-0.0009283195249736309,-0.00014429292059503485,0.0,0.0,0.0,0.0,0.0,0.0,0.0,0.0,0.0,0.0,0.0,0.0,0.0,0.0,0.0,0.0,0.0,0.0,0.0,0.0,0.0,0.0,0.0,0.0,0.0,0.0,0.0,0.0,0.0,0.0,0.0,0.0,0.0,0.0,0.0,0.0
34953000000,3309,34953000000,map,base_link,0.019881462678313255,-0.04714067652821541,0.027661506086587906,0.007417666707719618,-0.011968595494234022,0.029621732364123632,-0.9994620205113358,0.0,0.0,0.0,0.0,0.0,0.0,0.0,0.0,0.0,0.0,0.0,0.0,0.0,0.0,0.0,0.0,0.0,0.0,0.0,0.0,0.0,0.0,0.0,0.0,0.0,0.0,0.0,0.0,0.0,0.0,0.0,0.0,0.0,0.0,0.0,0.0,0.04015376319899026,-0.07758809884644938,-0.0021039577417054254,-0.001198978046886623,-0.002184227807447314,0.0031005754135549073,0.0,0.0,0.0,0.0,0.0,0.0,0.0,0.0,0.0,0.0,0.0,0.0,0.0,0.0,0.0,0.0,0.0,0.0,0.0,0.0,0.0,0.0,0.0,0.0,0.0,0.0,0.0,0.0,0.0,0.0,0.0,0.0,0.0,0.0,0.0,0.0
34964000000,3310,34964000000,map,base_link,0.019807420670986176,-0.04686547815799713,0.02758486568927765,0.007411920906887468,-0.011972452589417277,0.029618992818970458,-0.9994621469518814,0.0,0.0,0.0,0.0,0.0,0.0,0.0,0.0,0.0,0.0,0.0,0.0,0.0,0.0,0.0,0.0,0.0,0.0,0.0,0.0,0.0,0.0,0.0,0.0,0.0,0.0,0.0,0.0,0.0,0.0,0.0,0.0,0.0,0.0,0.0,0.0,0.04032632063877086,-0.07718880112474776,-0.002233709976208098,0.002310088835656643,0.0022540935315191746,-0.0004379934689495715,0.0,0.0,0.0,0.0,0.0,0.0,0.0,0.0,0.0,0.0,0.0,0.0,0.0,0.0,0.0,0.0,0.0,0.0,0.0,0.0,0.0,0.0,0.0,0.0,0.0,0.0,0.0,0.0,0.0,0.0,0.0,0.0,0.0,0.0,0.0,0.0
34976000000,3311,34976000000,map,base_link,0.019748687744140625,-0.046629320830106735,0.027506280690431595,0.007417566938226658,-0.011957806888831995,0.029612670791693774,-0.9994623998329725,0.0,0.0,0.0,0.0,0.0,0.0,0.0,0.0,0.0,0.0,0.0,0.0,0.0,0.0,0.0,0.0,0.0,0.0,0.0,0.0,0.0,0.0,0.0,0.0,0.0,0.0,0.0,0.0,0.0,0.0,0.0,0.0,0.0,0.0,0.0,0.0,0.04014714860270364,-0.0766569366959317,-0.0023578819745099684,-0.000573033350519836,0.0007334537804126738,-0.0005512548377737404,0.0,0.0,0.0,0.0,0.0,0.0,0.0,0.0,0.0,0.0,0.0,0.0,0.0,0.0,0.0,0.0,0.0,0.0,0.0,0.0,0.0,0.0,0.0,0.0,0.0,0.0,0.0,0.0,0.0,0.0,0.0,0.0,0.0,0.0,0.0,0.0
34989000000,3312,34989000000,map,base_link,0.01971084251999855,-0.046441905200481415,0.027426520362496376,0.007440735851106506,-0.011938879002583556,0.029604494303082707,-0.9994627370077606,0.0,0.0,0.0,0.0,0.0,0.0,0.0,0.0,0.0,0.0,0.0,0.0,0.0,0.0,0.0,0.0,0.0,0.0,0.0,0.0,0.0,0.0,0.0,0.0,0.0,0.0,0.0,0.0,0.0,0.0,0.0,0.0,0.0,0.0,0.0,0.0,0.04000399224394755,-0.07662757294480288,-0.002501370056568216,-0.002069692127406597,-0.0011754450388252735,-0.0006605514208786188,0.0,0.0,0.0,0.0,0.0,0.0,0.0,0.0,0.0,0.0,0.0,0.0,0.0,0.0,0.0,0.0,0.0,0.0,0.0,0.0,0.0,0.0,0.0,0.0,0.0,0.0,0.0,0.0,0.0,0.0,0.0,0.0,0.0,0.0,0.0,0.0
34997000000,3313,34997000000,map,base_link,0.019538626074790955,-0.045961376279592514,0.027351895347237587,0.007454874966329023,-0.011932348710606272,0.02959732933883591,-0.9994629055951547,0.0,0.0,0.0,0.0,0.0,0.0,0.0,0.0,0.0,0.0,0.0,0.0,0.0,0.0,0.0,0.0,0.0,0.0,0.0,0.0,0.0,0.0,0.0,0.0,0.0,0.0,0.0,0.0,0.0,0.0,0.0,0.0,0.0,0.0,0.0,0.0,0.03966476418201635,-0.07648113207933543,-0.0028533494975297074,-0.0005996510153636336,0.0006652446463704109,0.0003465740010142325,0.0,0.0,0.0,0.0,0.0,0.0,0.0,0.0,0.0,0.0,0.0,0.0,0.0,0.0,0.0,0.0,0.0,0.0,0.0,0.0,0.0,0.0,0.0,0.0,0.0,0.0,0.0,0.0,0.0,0.0,0.0,0.0,0.0,0.0,0.0,0.0
35005000000,3314,35005000000,map,base_link,0.01937800459563732,-0.045511242002248764,0.02727525122463703,0.007467268444697003,-0.011931255855995275,0.02960310345708178,-0.9994626948609121,0.0,0.0,0.0,0.0,0.0,0.0,0.0,0.0,0.0,0.0,0.0,0.0,0.0,0.0,0.0,0.0,0.0,0.0,0.0,0.0,0.0,0.0,0.0,0.0,0.0,0.0,0.0,0.0,0.0,0.0,0.0,0.0,0.0,0.0,0.0,0.0,0.03981140635767734,-0.07639205362423354,-0.00312264624713016,-0.0019633490592241287,0.0022463286295533176,-0.0019879397004842763,0.0,0.0,0.0,0.0,0.0,0.0,0.0,0.0,0.0,0.0,0.0,0.0,0.0,0.0,0.0,0.0,0.0,0.0,0.0,0.0,0.0,0.0,0.0,0.0,0.0,0.0,0.0,0.0,0.0,0.0,0.0,0.0,0.0,0.0,0.0,0.0
35013000000,3315,35013000000,map,base_link,0.01923638954758644,-0.045101597905159,0.027221515774726868,0.007472955635067942,-0.0119284530905693,0.029599183800170237,-0.9994627370077607,0.0,0.0,0.0,0.0,0.0,0.0,0.0,0.0,0.0,0.0,0.0,0.0,0.0,0.0,0.0,0.0,0.0,0.0,0.0,0.0,0.0,0.0,0.0,0.0,0.0,0.0,0.0,0.0,0.0,0.0,0.0,0.0,0.0,0.0,0.0,0.0,0.03995128559630752,-0.07618016321374727,-0.0033334526908380927,0.0010577363427728415,0.00025273859500885004,-0.000329215603414923,0.0,0.0,0.0,0.0,0.0,0.0,0.0,0.0,0.0,0.0,0.0,0.0,0.0,0.0,0.0,0.0,0.0,0.0,0.0,0.0,0.0,0.0,0.0,0.0,0.0,0.0,0.0,0.0,0.0,0.0,0.0,0.0,0.0,0.0,0.0,0.0
35021000000,3316,35020000000,map,base_link,0.01911018043756485,-0.04472874477505684,0.02716560661792755,0.007466760212972967,-0.011919490135179529,0.029608118932054672,-0.9994626527140635,0.0,0.0,0.0,0.0,0.0,0.0,0.0,0.0,0.0,0.0,0.0,0.0,0.0,0.0,0.0,0.0,0.0,0.0,0.0,0.0,0.0,0.0,0.0,0.0,0.0,0.0,0.0,0.0,0.0,0.0,0.0,0.0,0.0,0.0,0.0,0.0,0.039867086109038864,-0.0760581603574571,-0.0035285711836033173,0.002988009247928858,-0.0003780866973102095,-0.0017597642727196217,0.0,0.0,0.0,0.0,0.0,0.0,0.0,0.0,0.0,0.0,0.0,0.0,0.0,0.0,0.0,0.0,0.0,0.0,0.0,0.0,0.0,0.0,0.0,0.0,0.0,0.0,0.0,0.0,0.0,0.0,0.0,0.0,0.0,0.0,0.0,0.0
35028000000,3317,35028000000,map,base_link,0.018994761630892754,-0.04438599571585655,0.027106886729598045,0.007480970780274599,-0.011920922634120519,0.029595727758592427,-0.9994629055951546,0.0,0.0,0.0,0.0,0.0,0.0,0.0,0.0,0.0,0.0,0.0,0.0,0.0,0.0,0.0,0.0,0.0,0.0,0.0,0.0,0.0,0.0,0.0,0.0,0.0,0.0,0.0,0.0,0.0,0.0,0.0,0.0,0.0,0.0,0.0,0.0,0.039551285050958944,-0.07593820411568498,-0.003609464438865861,-0.0016391788376495242,0.0015277527272701263,0.00043721083784475906,0.0,0.0,0.0,0.0,0.0,0.0,0.0,0.0,0.0,0.0,0.0,0.0,0.0,0.0,0.0,0.0,0.0,0.0,0.0,0.0,0.0,0.0,0.0,0.0,0.0,0.0,0.0,0.0,0.0,0.0,0.0,0.0,0.0,0.0,0.0,0.0
35037000000,3318,35037000000,map,base_link,0.018890105187892914,-0.04407234489917755,0.027046658098697662,0.007496137224929568,-0.011912171730062317,0.029597371485684365,-0.9994627791546091,0.0,0.0,0.0,0.0,0.0,0.0,0.0,0.0,0.0,0.0,0.0,0.0,0.0,0.0,0.0,0.0,0.0,0.0,0.0,0.0,0.0,0.0,0.0,0.0,0.0,0.0,0.0,0.0,0.0,0.0,0.0,0.0,0.0,0.0,0.0,0.0,0.039409459863143065,-0.07561616137573712,-0.0037001734458411606,-0.0026867706328630447,-0.0010107154957950117,-0.0017053687479346988,0.0,0.0,0.0,0.0,0.0,0.0,0.0,0.0,0.0,0.0,0.0,0.0,0.0,0.0,0.0,0.0,0.0,0.0,0.0,0.0,0.0,0.0,0.0,0.0,0.0,0.0,0.0,0.0,0.0,0.0,0.0,0.0,0.0,0.0,0.0,0.0
35045000000,3319,35045000000,map,base_link,0.01879613846540451,-0.04378407076001167,0.02698356658220291,0.007515048482929182,-0.011908736268000299,0.02959994244344344,-0.9994626527140635,0.0,0.0,0.0,0.0,0.0,0.0,0.0,0.0,0.0,0.0,0.0,0.0,0.0,0.0,0.0,0.0,0.0,0.0,0.0,0.0,0.0,0.0,0.0,0.0,0.0,0.0,0.0,0.0,0.0,0.0,0.0,0.0,0.0,0.0,0.0,0.0,0.03939156821089437,-0.07553664533121641,-0.004237165168643753,-0.002514987252652645,-0.00046058045700192473,-0.0019286475144326687,0.0,0.0,0.0,0.0,0.0,0.0,0.0,0.0,0.0,0.0,0.0,0.0,0.0,0.0,0.0,0.0,0.0,0.0,0.0,0.0,0.0,0.0,0.0,0.0,0.0,0.0,0.0,0.0,0.0,0.0,0.0,0.0,0.0,0.0,0.0,0.0
35053000000,3320,35053000000,map,base_link,0.01871148683130741,-0.04351910203695297,0.02691640518605709,0.0075336890791360125,-0.011915992276025378,0.029607444582478437,-0.9994622312455784,0.0,0.0,0.0,0.0,0.0,0.0,0.0,0.0,0.0,0.0,0.0,0.0,0.0,0.0,0.0,0.0,0.0,0.0,0.0,0.0,0.0,0.0,0.0,0.0,0.0,0.0,0.0,0.0,0.0,0.0,0.0,0.0,0.0,0.0,0.0,0.0,0.039426802798925506,-0.0755242217271168,-0.00445280258960371,-0.002458521630614996,0.0032409457489848133,-0.0018614506116136913,0.0,0.0,0.0,0.0,0.0,0.0,0.0,0.0,0.0,0.0,0.0,0.0,0.0,0.0,0.0,0.0,0.0,0.0,0.0,0.0,0.0,0.0,0.0,0.0,0.0,0.0,0.0,0.0,0.0,0.0,0.0,0.0,0.0,0.0,0.0,0.0
35061000000,3321,35061000000,map,base_link,0.018636982887983322,-0.04327625036239624,0.02687995135784149,0.007530732708203552,-0.01191164933963136,0.029596107080229084,-0.9994626105672151,0.0,0.0,0.0,0.0,0.0,0.0,0.0,0.0,0.0,0.0,0.0,0.0,0.0,0.0,0.0,0.0,0.0,0.0,0.0,0.0,0.0,0.0,0.0,0.0,0.0,0.0,0.0,0.0,0.0,0.0,0.0,0.0,0.0,0.0,0.0,0.0,0.03960729885227959,-0.07521423449520422,-0.004801135195552714,0.0004529946018010378,0.00137297622859478,0.0006131596164777873,0.0,0.0,0.0,0.0,0.0,0.0,0.0,0.0,0.0,0.0,0.0,0.0,0.0,0.0,0.0,0.0,0.0,0.0,0.0,0.0,0.0,0.0,0.0,0.0,0.0,0.0,0.0,0.0,0.0,0.0,0.0,0.0,0.0,0.0,0.0,0.0
35069000000,3322,35069000000,map,base_link,0.01857624016702175,-0.043062474578619,0.026839951053261757,0.0075438280303809155,-0.011914430208452445,0.029588478500648496,-0.9994627370077607,0.0,0.0,0.0,0.0,0.0,0.0,0.0,0.0,0.0,0.0,0.0,0.0,0.0,0.0,0.0,0.0,0.0,0.0,0.0,0.0,0.0,0.0,0.0,0.0,0.0,0.0,0.0,0.0,0.0,0.0,0.0,0.0,0.0,0.0,0.0,0.0,0.03969588863173675,-0.07518457687572014,-0.004712985734514603,-0.0004009122494608164,0.0020622508600354195,0.0012512956745922563,0.0,0.0,0.0,0.0,0.0,0.0,0.0,0.0,0.0,0.0,0.0,0.0,0.0,0.0,0.0,0.0,0.0,0.0,0.0,0.0,0.0,0.0,0.0,0.0,0.0,0.0,0.0,0.0,0.0,0.0,0.0,0.0,0.0,0.0,0.0,0.0
35077000000,3323,35076000000,map,base_link,0.018521001562476158,-0.04286377876996994,0.02680065482854843,0.007550690558062476,-0.011909352336387515,0.029572378404517374,-0.9994631584762457,0.0,0.0,0.0,0.0,0.0,0.0,0.0,0.0,0.0,0.0,0.0,0.0,0.0,0.0,0.0,0.0,0.0,0.0,0.0,0.0,0.0,0.0,0.0,0.0,0.0,0.0,0.0,0.0,0.0,0.0,0.0,0.0,0.0,0.0,0.0,0.0,0.03950051090885681,-0.07519254248280673,-0.004635451950036413,-0.0011277542216703296,-0.0017696062568575142,0.001958304550498724,0.0,0.0,0.0,0.0,0.0,0.0,0.0,0.0,0.0,0.0,0.0,0.0,0.0,0.0,0.0,0.0,0.0,0.0,0.0,0.0,0.0,0.0,0.0,0.0,0.0,0.0,0.0,0.0,0.0,0.0,0.0,0.0,0.0,0.0,0.0,0.0
35085000000,3324,35084000000,map,base_link,0.01847858540713787,-0.042700838297605515,0.026758385822176933,0.007565699610580037,-0.011898860899194716,0.029562937510450915,-0.9994634956510338,0.0,0.0,0.0,0.0,0.0,0.0,0.0,0.0,0.0,0.0,0.0,0.0,0.0,0.0,0.0,0.0,0.0,0.0,0.0,0.0,0.0,0.0,0.0,0.0,0.0,0.0,0.0,0.0,0.0,0.0,0.0,0.0,0.0,0.0,0.0,0.0,0.03945285880064039,-0.0754722659324629,-0.004815901866607405,-0.001480000908486545,-0.002140349242836237,0.001201296807266772,0.0,0.0,0.0,0.0,0.0,0.0,0.0,0.0,0.0,0.0,0.0,0.0,0.0,0.0,0.0,0.0,0.0,0.0,0.0,0.0,0.0,0.0,0.0,0.0,0.0,0.0,0.0,0.0,0.0,0.0,0.0,0.0,0.0,0.0,0.0,0.0
35092000000,3325,35092000000,map,base_link,0.018443893641233444,-0.04256140813231468,0.026713810861110687,0.007575628321490765,-0.011892725404649968,0.029572125523426307,-0.9994632427699427,0.0,0.0,0.0,0.0,0.0,0.0,0.0,0.0,0.0,0.0,0.0,0.0,0.0,0.0,0.0,0.0,0.0,0.0,0.0,0.0,0.0,0.0,0.0,0.0,0.0,0.0,0.0,0.0,0.0,0.0,0.0,0.0,0.0,0.0,0.0,0.0,0.039212204998013006,-0.07541336377177607,-0.004966752085813692,-0.0009390759514644742,0.00013182358816266027,-0.002600025851279497,0.0,0.0,0.0,0.0,0.0,0.0,0.0,0.0,0.0,0.0,0.0,0.0,0.0,0.0,0.0,0.0,0.0,0.0,0.0,0.0,0.0,0.0,0.0,0.0,0.0,0.0,0.0,0.0,0.0,0.0,0.0,0.0,0.0,0.0,0.0,0.0
35100000000,3326,35100000000,map,base_link,0.018419509753584862,-0.04245227947831154,0.0266666691750288,0.007584168326670285,-0.01188856603753755,0.029564791971785465,-0.9994634113573367,0.0,0.0,0.0,0.0,0.0,0.0,0.0,0.0,0.0,0.0,0.0,0.0,0.0,0.0,0.0,0.0,0.0,0.0,0.0,0.0,0.0,0.0,0.0,0.0,0.0,0.0,0.0,0.0,0.0,0.0,0.0,0.0,0.0,0.0,0.0,0.0,0.03902730354516563,-0.0755159611602917,-0.004853828939056847,-0.0013373455731198192,1.3544224202632757e-05,-0.001200465951114893,0.0,0.0,0.0,0.0,0.0,0.0,0.0,0.0,0.0,0.0,0.0,0.0,0.0,0.0,0.0,0.0,0.0,0.0,0.0,0.0,0.0,0.0,0.0,0.0,0.0,0.0,0.0,0.0,0.0,0.0,0.0,0.0,0.0,0.0,0.0,0.0
35108000000,3327,35108000000,map,base_link,0.018405884504318237,-0.04236221686005592,0.0267005804926157,0.007597466974464488,-0.01189214325130491,0.029567657957484172,-0.9994631584762457,0.0,0.0,0.0,0.0,0.0,0.0,0.0,0.0,0.0,0.0,0.0,0.0,0.0,0.0,0.0,0.0,0.0,0.0,0.0,0.0,0.0,0.0,0.0,0.0,0.0,0.0,0.0,0.0,0.0,0.0,0.0,0.0,0.0,0.0,0.0,0.0,0.038974084571902344,-0.07367592087721424,0.0027401777100353525,-0.0018483243184164166,0.0014940979890525339,-0.0016438439488410952,0.0,0.0,0.0,0.0,0.0,0.0,0.0,0.0,0.0,0.0,0.0,0.0,0.0,0.0,0.0,0.0,0.0,0.0,0.0,0.0,0.0,0.0,0.0,0.0,0.0,0.0,0.0,0.0,0.0,0.0,0.0,0.0,0.0,0.0,0.0,0.0
35116000000,3328,35116000000,map,base_link,0.01840703934431076,-0.04228132963180542,0.026803601533174515,0.0076541566259812925,-0.011892104232542814,0.029567152195302093,-0.9994627370077607,0.0,0.0,0.0,0.0,0.0,0.0,0.0,0.0,0.0,0.0,0.0,0.0,0.0,0.0,0.0,0.0,0.0,0.0,0.0,0.0,0.0,0.0,0.0,0.0,0.0,0.0,0.0,0.0,0.0,0.0,0.0,0.0,0.0,0.0,0.0,0.0,0.04002676683687309,-0.0734109219253011,0.01262273568282107,-0.014886694960296154,0.0019472637213766573,-0.001960778841748834,0.0,0.0,0.0,0.0,0.0,0.0,0.0,0.0,0.0,0.0,0.0,0.0,0.0,0.0,0.0,0.0,0.0,0.0,0.0,0.0,0.0,0.0,0.0,0.0,0.0,0.0,0.0,0.0,0.0,0.0,0.0,0.0,0.0,0.0,0.0,0.0
35125000000,3329,35125000000,map,base_link,0.018429776653647423,-0.04222946986556053,0.026991011574864388,0.008024839640359747,-0.011950170571353554,0.029515185131088084,-0.9994606718121835,0.0,0.0,0.0,0.0,0.0,0.0,0.0,0.0,0.0,0.0,0.0,0.0,0.0,0.0,0.0,0.0,0.0,0.0,0.0,0.0,0.0,0.0,0.0,0.0,0.0,0.0,0.0,0.0,0.0,0.0,0.0,0.0,0.0,0.0,0.0,0.0,0.04102595308882347,-0.0742304334858647,0.024655985026253633,-0.06474227458238602,0.00841442123055458,0.006609296426177024,0.0,0.0,0.0,0.0,0.0,0.0,0.0,0.0,0.0,0.0,0.0,0.0,0.0,0.0,0.0,0.0,0.0,0.0,0.0,0.0,0.0,0.0,0.0,0.0,0.0,0.0,0.0,0.0,0.0,0.0,0.0,0.0,0.0,0.0,0.0,0.0
35133000000,3330,35133000000,map,base_link,0.018467027693986893,-0.04220081493258476,0.027288172394037247,0.008252190771848017,-0.012259182868192954,0.029355996484262403,-0.9994597867283649,0.0,0.0,0.0,0.0,0.0,0.0,0.0,0.0,0.0,0.0,0.0,0.0,0.0,0.0,0.0,0.0,0.0,0.0,0.0,0.0,0.0,0.0,0.0,0.0,0.0,0.0,0.0,0.0,0.0,0.0,0.0,0.0,0.0,0.0,0.0,0.0,0.04105767726152074,-0.07417955507408416,0.04120462196960997,-0.05775086581707001,0.07951868325471878,0.042099259793758385,0.0,0.0,0.0,0.0,0.0,0.0,0.0,0.0,0.0,0.0,0.0,0.0,0.0,0.0,0.0,0.0,0.0,0.0,0.0,0.0,0.0,0.0,0.0,0.0,0.0,0.0,0.0,0.0,0.0,0.0,0.0,0.0,0.0,0.0,0.0,0.0
35141000000,3331,35141000000,map,base_link,0.018517516553401947,-0.0421915128827095,0.02772858366370201,0.008312732744100394,-0.012504997118143154,0.029200811788045344,-0.999460798252729,0.0,0.0,0.0,0.0,0.0,0.0,0.0,0.0,0.0,0.0,0.0,0.0,0.0,0.0,0.0,0.0,0.0,0.0,0.0,0.0,0.0,0.0,0.0,0.0,0.0,0.0,0.0,0.0,0.0,0.0,0.0,0.0,0.0,0.0,0.0,0.0,0.04098642042981126,-0.07409798096281545,0.06031570801741008,-0.03849313408136368,0.11602213233709337,0.07333703339099883,0.0,0.0,0.0,0.0,0.0,0.0,0.0,0.0,0.0,0.0,0.0,0.0,0.0,0.0,0.0,0.0,0.0,0.0,0.0,0.0,0.0,0.0,0.0,0.0,0.0,0.0,0.0,0.0,0.0,0.0,0.0,0.0,0.0,0.0,0.0,0.0
35149000000,3332,35149000000,map,base_link,0.018581483513116837,-0.04220064729452133,0.028315424919128418,0.008627998908859848,-0.013139428525057706,0.028443053598668,-0.9994718828738874,0.0,0.0,0.0,0.0,0.0,0.0,0.0,0.0,0.0,0.0,0.0,0.0,0.0,0.0,0.0,0.0,0.0,0.0,0.0,0.0,0.0,0.0,0.0,0.0,0.0,0.0,0.0,0.0,0.0,0.0,0.0,0.0,0.0,0.0,0.0,0.0,0.04088740289224591,-0.07396909864665924,0.07860967262072871,-0.06397698074579239,0.09842246025800706,0.13608279824256897,0.0,0.0,0.0,0.0,0.0,0.0,0.0,0.0,0.0,0.0,0.0,0.0,0.0,0.0,0.0,0.0,0.0,0.0,0.0,0.0,0.0,0.0,0.0,0.0,0.0,0.0,0.0,0.0,0.0,0.0,0.0,0.0,0.0,0.0,0.0,0.0
35156000000,3333,35156000000,map,base_link,0.018658794462680817,-0.042225182056427,0.02906002663075924,0.009360840572869306,-0.013181588379822633,0.027765585155703876,-0.9994836839914705,0.0,0.0,0.0,0.0,0.0,0.0,0.0,0.0,0.0,0.0,0.0,0.0,0.0,0.0,0.0,0.0,0.0,0.0,0.0,0.0,0.0,0.0,0.0,0.0,0.0,0.0,0.0,0.0,0.0,0.0,0.0,0.0,0.0,0.0,0.0,0.0,0.04096948868533787,-0.07362971532692524,0.10110102856617852,-0.20856109261512756,-0.011268310248851755,0.17105168104171753,0.0,0.0,0.0,0.0,0.0,0.0,0.0,0.0,0.0,0.0,0.0,0.0,0.0,0.0,0.0,0.0,0.0,0.0,0.0,0.0,0.0,0.0,0.0,0.0,0.0,0.0,0.0,0.0,0.0,0.0,0.0,0.0,0.0,0.0,0.0,0.0
35164000000,3334,35164000000,map,base_link,0.018751326948404312,-0.042264048010110855,0.030022911727428436,0.009911959514078963,-0.01309370281641818,0.0274021528809944,-0.9994896266971105,0.0,0.0,0.0,0.0,0.0,0.0,0.0,0.0,0.0,0.0,0.0,0.0,0.0,0.0,0.0,0.0,0.0,0.0,0.0,0.0,0.0,0.0,0.0,0.0,0.0,0.0,0.0,0.0,0.0,0.0,0.0,0.0,0.0,0.0,0.0,0.0,0.04093614992751974,-0.0732889785729666,0.11988567012298793,-0.2810478210449219,-0.05312647670507429,0.17448976635932922,0.0,0.0,0.0,0.0,0.0,0.0,0.0,0.0,0.0,0.0,0.0,0.0,0.0,0.0,0.0,0.0,0.0,0.0,0.0,0.0,0.0,0.0,0.0,0.0,0.0,0.0,0.0,0.0,0.0,0.0,0.0,0.0,0.0,0.0,0.0,0.0
35172000000,3335,35172000000,map,base_link,0.018855201080441475,-0.042315736413002014,0.03108910284936428,0.011761652904002443,-0.012820175120256605,0.026382789202909984,-0.9995005005840263,0.0,0.0,0.0,0.0,0.0,0.0,0.0,0.0,0.0,0.0,0.0,0.0,0.0,0.0,0.0,0.0,0.0,0.0,0.0,0.0,0.0,0.0,0.0,0.0,0.0,0.0,0.0,0.0,0.0,0.0,0.0,0.0,0.0,0.0,0.0,0.0,0.041164631407465645,-0.07325134356595536,0.12843455390957242,-0.30632826685905457,-0.047641966491937617,0.16144947707653046,0.0,0.0,0.0,0.0,0.0,0.0,0.0,0.0,0.0,0.0,0.0,0.0,0.0,0.0,0.0,0.0,0.0,0.0,0.0,0.0,0.0,0.0,0.0,0.0,0.0,0.0,0.0,0.0,0.0,0.0,0.0,0.0,0.0,0.0,0.0,0.0
35180000000,3336,35180000000,map,base_link,0.018972452729940414,-0.042381756007671356,0.03222150728106499,0.012258604028150068,-0.012852135334784315,0.026081607823451092,-0.9995020178705727,0.0,0.0,0.0,0.0,0.0,0.0,0.0,0.0,0.0,0.0,0.0,0.0,0.0,0.0,0.0,0.0,0.0,0.0,0.0,0.0,0.0,0.0,0.0,0.0,0.0,0.0,0.0,0.0,0.0,0.0,0.0,0.0,0.0,0.0,0.0,0.0,0.04124670114441425,-0.07240102722535575,0.13722380070776266,-0.25708696246147156,0.002786332741379756,0.14832547307014465,0.0,0.0,0.0,0.0,0.0,0.0,0.0,0.0,0.0,0.0,0.0,0.0,0.0,0.0,0.0,0.0,0.0,0.0,0.0,0.0,0.0,0.0,0.0,0.0,0.0,0.0,0.0,0.0,0.0,0.0,0.0,0.0,0.0,0.0,0.0,0.0
35188000000,3337,35188000000,map,base_link,0.019101247191429138,-0.042454760521650314,0.03342903405427933,0.013035132155991535,-0.013461893445629081,0.025380368557926858,-0.9995022707516638,0.0,0.0,0.0,0.0,0.0,0.0,0.0,0.0,0.0,0.0,0.0,0.0,0.0,0.0,0.0,0.0,0.0,0.0,0.0,0.0,0.0,0.0,0.0,0.0,0.0,0.0,0.0,0.0,0.0,0.0,0.0,0.0,0.0,0.0,0.0,0.0,0.04130482697207596,-0.07153947597393584,0.14725997434402435,-0.10954669862985611,0.11194708198308946,0.10709871351718901,0.0,0.0,0.0,0.0,0.0,0.0,0.0,0.0,0.0,0.0,0.0,0.0,0.0,0.0,0.0,0.0,0.0,0.0,0.0,0.0,0.0,0.0,0.0,0.0,0.0,0.0,0.0,0.0,0.0,0.0,0.0,0.0,0.0,0.0,0.0,0.0
35196000000,3338,35196000000,map,base_link,0.019240183755755424,-0.04253390431404114,0.03469047322869301,0.01314738275489749,-0.01371379425203528,0.02524469785257022,-0.9995007956119659,0.0,0.0,0.0,0.0,0.0,0.0,0.0,0.0,0.0,0.0,0.0,0.0,0.0,0.0,0.0,0.0,0.0,0.0,0.0,0.0,0.0,0.0,0.0,0.0,0.0,0.0,0.0,0.0,0.0,0.0,0.0,0.0,0.0,0.0,0.0,0.0,0.0415643492582244,-0.0707212321467909,0.15412535951593334,-0.07094995677471161,0.1267005056142807,0.0830591097474098,0.0,0.0,0.0,0.0,0.0,0.0,0.0,0.0,0.0,0.0,0.0,0.0,0.0,0.0,0.0,0.0,0.0,0.0,0.0,0.0,0.0,0.0,0.0,0.0,0.0,0.0,0.0,0.0,0.0,0.0,0.0,0.0,0.0,0.0,0.0,0.0
35205000000,3339,35205000000,map,base_link,0.019395243376493454,-0.04262470453977585,0.03604060038924217,0.013756017594606795,-0.014113438469252093,0.025045764727598896,-0.9994920290674756,0.0,0.0,0.0,0.0,0.0,0.0,0.0,0.0,0.0,0.0,0.0,0.0,0.0,0.0,0.0,0.0,0.0,0.0,0.0,0.0,0.0,0.0,0.0,0.0,0.0,0.0,0.0,0.0,0.0,0.0,0.0,0.0,0.0,0.0,0.0,0.0,0.04181489400583906,-0.06996612426630407,0.16878197576493728,-0.10240999609231949,0.06301666051149368,0.02641943469643592,0.0,0.0,0.0,0.0,0.0,0.0,0.0,0.0,0.0,0.0,0.0,0.0,0.0,0.0,0.0,0.0,0.0,0.0,0.0,0.0,0.0,0.0,0.0,0.0,0.0,0.0,0.0,0.0,0.0,0.0,0.0,0.0,0.0,0.0,0.0,0.0
35213000000,3340,35213000000,map,base_link,0.019565360620617867,-0.04272254556417465,0.03752671182155609,0.014725746443852368,-0.01405877038473867,0.025016599108429294,-0.9994797221877104,0.0,0.0,0.0,0.0,0.0,0.0,0.0,0.0,0.0,0.0,0.0,0.0,0.0,0.0,0.0,0.0,0.0,0.0,0.0,0.0,0.0,0.0,0.0,0.0,0.0,0.0,0.0,0.0,0.0,0.0,0.0,0.0,0.0,0.0,0.0,0.0,0.042278797688451795,-0.06930941251394866,0.18680960998700977,-0.24702605605125427,-0.02174491062760353,0.0002176502021029618,0.0,0.0,0.0,0.0,0.0,0.0,0.0,0.0,0.0,0.0,0.0,0.0,0.0,0.0,0.0,0.0,0.0,0.0,0.0,0.0,0.0,0.0,0.0,0.0,0.0,0.0,0.0,0.0,0.0,0.0,0.0,0.0,0.0,0.0,0.0,0.0
35221000000,3341,35221000000,map,base_link,0.019746989011764526,-0.04282277822494507,0.0391458161175251,0.015361605307726518,-0.014030495220641504,0.02499716941126584,-0.9994710820837658,0.0,0.0,0.0,0.0,0.0,0.0,0.0,0.0,0.0,0.0,0.0,0.0,0.0,0.0,0.0,0.0,0.0,0.0,0.0,0.0,0.0,0.0,0.0,0.0,0.0,0.0,0.0,0.0,0.0,0.0,0.0,0.0,0.0,0.0,0.0,0.0,0.04234826159580052,-0.0682876612220279,0.20373990415507925,-0.3010900914669037,-0.025250276550650597,0.000525941315572712,0.0,0.0,0.0,0.0,0.0,0.0,0.0,0.0,0.0,0.0,0.0,0.0,0.0,0.0,0.0,0.0,0.0,0.0,0.0,0.0,0.0,0.0,0.0,0.0,0.0,0.0,0.0,0.0,0.0,0.0,0.0,0.0,0.0,0.0,0.0,0.0
35229000000,3342,35229000000,map,base_link,0.01994239166378975,-0.04292362928390503,0.040902916342020035,0.017513531855006162,-0.014356842878472912,0.02483831793922825,-0.9994349622345919,0.0,0.0,0.0,0.0,0.0,0.0,0.0,0.0,0.0,0.0,0.0,0.0,0.0,0.0,0.0,0.0,0.0,0.0,0.0,0.0,0.0,0.0,0.0,0.0,0.0,0.0,0.0,0.0,0.0,0.0,0.0,0.0,0.0,0.0,0.0,0.0,0.04280210325891782,-0.0677072741213667,0.2224575985004764,-0.36636877059936523,0.059640686959028244,0.024986168369650834,0.0,0.0,0.0,0.0,0.0,0.0,0.0,0.0,0.0,0.0,0.0,0.0,0.0,0.0,0.0,0.0,0.0,0.0,0.0,0.0,0.0,0.0,0.0,0.0,0.0,0.0,0.0,0.0,0.0,0.0,0.0,0.0,0.0,0.0,0.0,0.0
35236000000,3343,35236000000,map,base_link,0.020149700343608856,-0.04301711171865463,0.042788922786712646,0.018833786988329854,-0.014950960824786792,0.024553236655900534,-0.9994093369506972,0.0,0.0,0.0,0.0,0.0,0.0,0.0,0.0,0.0,0.0,0.0,0.0,0.0,0.0,0.0,0.0,0.0,0.0,0.0,0.0,0.0,0.0,0.0,0.0,0.0,0.0,0.0,0.0,0.0,0.0,0.0,0.0,0.0,0.0,0.0,0.0,0.043086669336934454,-0.0666952554750192,0.24086245607590392,-0.3301757872104645,0.14670677483081818,0.07668768614530562,0.0,0.0,0.0,0.0,0.0,0.0,0.0,0.0,0.0,0.0,0.0,0.0,0.0,0.0,0.0,0.0,0.0,0.0,0.0,0.0,0.0,0.0,0.0,0.0,0.0,0.0,0.0,0.0,0.0,0.0,0.0,0.0,0.0,0.0,0.0,0.0
35249000000,3344,35249000000,map,base_link,0.02057318016886711,-0.04333654046058655,0.045886944979429245,0.020674366039944787,-0.01575331581288087,0.02379459338270451,-0.9993789069260725,0.0,0.0,0.0,0.0,0.0,0.0,0.0,0.0,0.0,0.0,0.0,0.0,0.0,0.0,0.0,0.0,0.0,0.0,0.0,0.0,0.0,0.0,0.0,0.0,0.0,0.0,0.0,0.0,0.0,0.0,0.0,0.0,0.0,0.0,0.0,0.0,0.04390314792334024,-0.0648490235728371,0.268629514452352,-0.31766438484191895,0.11086225509643556,0.13713639974594116,0.0,0.0,0.0,0.0,0.0,0.0,0.0,0.0,0.0,0.0,0.0,0.0,0.0,0.0,0.0,0.0,0.0,0.0,0.0,0.0,0.0,0.0,0.0,0.0,0.0,0.0,0.0,0.0,0.0,0.0,0.0,0.0,0.0,0.0,0.0,0.0
35260000000,3345,35260000000,map,base_link,0.02103179134428501,-0.04361884295940399,0.049380216747522354,0.022257571903769282,-0.015925323357826655,0.023082269496021823,-0.9993589714667267,0.0,0.0,0.0,0.0,0.0,0.0,0.0,0.0,0.0,0.0,0.0,0.0,0.0,0.0,0.0,0.0,0.0,0.0,0.0,0.0,0.0,0.0,0.0,0.0,0.0,0.0,0.0,0.0,0.0,0.0,0.0,0.0,0.0,0.0,0.0,0.0,0.04477148886120476,-0.06236265257886841,0.3061390836594152,-0.42175915837287903,0.017408961430192015,0.1766502410173416,0.0,0.0,0.0,0.0,0.0,0.0,0.0,0.0,0.0,0.0,0.0,0.0,0.0,0.0,0.0,0.0,0.0,0.0,0.0,0.0,0.0,0.0,0.0,0.0,0.0,0.0,0.0,0.0,0.0,0.0,0.0,0.0,0.0,0.0,0.0,0.0
35272000000,3346,35272000000,map,base_link,0.02152419462800026,-0.04385420307517052,0.053247544914484024,0.02636513823446247,-0.016056742170567434,0.021566837410964157,-0.9992907778658362,0.0,0.0,0.0,0.0,0.0,0.0,0.0,0.0,0.0,0.0,0.0,0.0,0.0,0.0,0.0,0.0,0.0,0.0,0.0,0.0,0.0,0.0,0.0,0.0,0.0,0.0,0.0,0.0,0.0,0.0,0.0,0.0,0.0,0.0,0.0,0.0,0.045505149743842156,-0.06055395848553724,0.3260768427331407,-0.5191438794136047,0.03147792071104052,0.17320036888122559,0.0,0.0,0.0,0.0,0.0,0.0,0.0,0.0,0.0,0.0,0.0,0.0,0.0,0.0,0.0,0.0,0.0,0.0,0.0,0.0,0.0,0.0,0.0,0.0,0.0,0.0,0.0,0.0,0.0,0.0,0.0,0.0,0.0,0.0,0.0,0.0
35280000000,3347,35280000000,map,base_link,0.021821605041623116,-0.04387205094099045,0.055944278836250305,0.027303286911099983,-0.016254019056101274,0.021221654721659933,-0.9992697887352777,0.0,0.0,0.0,0.0,0.0,0.0,0.0,0.0,0.0,0.0,0.0,0.0,0.0,0.0,0.0,0.0,0.0,0.0,0.0,0.0,0.0,0.0,0.0,0.0,0.0,0.0,0.0,0.0,0.0,0.0,0.0,0.0,0.0,0.0,0.0,0.0,0.045944603483527274,-0.05775595298145944,0.3365648684117705,-0.47835299372673035,0.07741741836071016,0.16477863490581512,0.0,0.0,0.0,0.0,0.0,0.0,0.0,0.0,0.0,0.0,0.0,0.0,0.0,0.0,0.0,0.0,0.0,0.0,0.0,0.0,0.0,0.0,0.0,0.0,0.0,0.0,0.0,0.0,0.0,0.0,0.0,0.0,0.0,0.0,0.0,0.0
35288000000,3348,35288000000,map,base_link,0.022135630249977112,-0.04387151822447777,0.05872802436351776,0.029402829535492135,-0.017280236865424844,0.02037736905228965,-0.9992105302662715,0.0,0.0,0.0,0.0,0.0,0.0,0.0,0.0,0.0,0.0,0.0,0.0,0.0,0.0,0.0,0.0,0.0,0.0,0.0,0.0,0.0,0.0,0.0,0.0,0.0,0.0,0.0,0.0,0.0,0.0,0.0,0.0,0.0,0.0,0.0,0.0,0.04622996833056968,-0.05588951122479234,0.3466374805887486,-0.3334192931652069,0.17358106374740603,0.13147321343421933,0.0,0.0,0.0,0.0,0.0,0.0,0.0,0.0,0.0,0.0,0.0,0.0,0.0,0.0,0.0,0.0,0.0,0.0,0.0,0.0,0.0,0.0,0.0,0.0,0.0,0.0,0.0,0.0,0.0,0.0,0.0,0.0,0.0,0.0,0.0,0.0
35296000000,3349,35296000000,map,base_link,0.022466817870736122,-0.043854016810655594,0.06157222017645836,0.03050686228096796,-0.0179816908164587,0.020040278557899582,-0.9991718394593384,0.0,0.0,0.0,0.0,0.0,0.0,0.0,0.0,0.0,0.0,0.0,0.0,0.0,0.0,0.0,0.0,0.0,0.0,0.0,0.0,0.0,0.0,0.0,0.0,0.0,0.0,0.0,0.0,0.0,0.0,0.0,0.0,0.0,0.0,0.0,0.0,0.04668507836644584,-0.05310341000647142,0.3525906451319291,-0.27893051505088806,0.16775663197040558,0.07954683899879454,0.0,0.0,0.0,0.0,0.0,0.0,0.0,0.0,0.0,0.0,0.0,0.0,0.0,0.0,0.0,0.0,0.0,0.0,0.0,0.0,0.0,0.0,0.0,0.0,0.0,0.0,0.0,0.0,0.0,0.0,0.0,0.0,0.0,0.0,0.0,0.0
35304000000,3350,35304000000,map,base_link,0.02281058579683304,-0.04381382837891579,0.06446170061826706,0.031833569998016994,-0.01841690049127121,0.019855506774027754,-0.9991262365692497,0.0,0.0,0.0,0.0,0.0,0.0,0.0,0.0,0.0,0.0,0.0,0.0,0.0,0.0,0.0,0.0,0.0,0.0,0.0,0.0,0.0,0.0,0.0,0.0,0.0,0.0,0.0,0.0,0.0,0.0,0.0,0.0,0.0,0.0,0.0,0.0,0.04724385061550329,-0.050542672022904675,0.3656751588830315,-0.32548385858535767,0.10717280209064484,0.042617339640855775,0.0,0.0,0.0,0.0,0.0,0.0,0.0,0.0,0.0,0.0,0.0,0.0,0.0,0.0,0.0,0.0,0.0,0.0,0.0,0.0,0.0,0.0,0.0,0.0,0.0,0.0,0.0,0.0,0.0,0.0,0.0,0.0,0.0,0.0,0.0,0.0
35312000000,3351,35312000000,map,base_link,0.02317477948963642,-0.04374980926513672,0.06748563051223755,0.03357533658647877,-0.01863341873023929,0.01975578733045108,-0.9990672309813344,0.0,0.0,0.0,0.0,0.0,0.0,0.0,0.0,0.0,0.0,0.0,0.0,0.0,0.0,0.0,0.0,0.0,0.0,0.0,0.0,0.0,0.0,0.0,0.0,0.0,0.0,0.0,0.0,0.0,0.0,0.0,0.0,0.0,0.0,0.0,0.0,0.04809090417816635,-0.04784389124871351,0.3827778033598742,-0.44662028551101685,0.0437563881278038,0.014371772296726698,0.0,0.0,0.0,0.0,0.0,0.0,0.0,0.0,0.0,0.0,0.0,0.0,0.0,0.0,0.0,0.0,0.0,0.0,0.0,0.0,0.0,0.0,0.0,0.0,0.0,0.0,0.0,0.0,0.0,0.0,0.0,0.0,0.0,0.0,0.0,0.0
35320000000,3352,35320000000,map,base_link,0.023559601977467537,-0.04365799203515053,0.07065287232398987,0.03462697092108793,-0.018776410474891106,0.019723418550794625,-0.9990292988176745,0.0,0.0,0.0,0.0,0.0,0.0,0.0,0.0,0.0,0.0,0.0,0.0,0.0,0.0,0.0,0.0,0.0,0.0,0.0,0.0,0.0,0.0,0.0,0.0,0.0,0.0,0.0,0.0,0.0,0.0,0.0,0.0,0.0,0.0,0.0,0.0,0.04902234331503926,-0.04476388307796165,0.40005239992400726,-0.5162320137023926,0.055150434374809265,0.006922587752342217,0.0,0.0,0.0,0.0,0.0,0.0,0.0,0.0,0.0,0.0,0.0,0.0,0.0,0.0,0.0,0.0,0.0,0.0,0.0,0.0,0.0,0.0,0.0,0.0,0.0,0.0,0.0,0.0,0.0,0.0,0.0,0.0,0.0,0.0,0.0,0.0
35329000000,3353,35329000000,map,base_link,0.023961761966347694,-0.043534521013498306,0.07394447922706604,0.038039204142676704,-0.01967112155578208,0.01959116174016745,-0.9988905513923767,0.0,0.0,0.0,0.0,0.0,0.0,0.0,0.0,0.0,0.0,0.0,0.0,0.0,0.0,0.0,0.0,0.0,0.0,0.0,0.0,0.0,0.0,0.0,0.0,0.0,0.0,0.0,0.0,0.0,0.0,0.0,0.0,0.0,0.0,0.0,0.0,0.04920876689780497,-0.04312454472525214,0.417626896536479,-0.5784584879875183,0.14279179275035858,0.014938074164092523,0.0,0.0,0.0,0.0,0.0,0.0,0.0,0.0,0.0,0.0,0.0,0.0,0.0,0.0,0.0,0.0,0.0,0.0,0.0,0.0,0.0,0.0,0.0,0.0,0.0,0.0,0.0,0.0,0.0,0.0,0.0,0.0,0.0,0.0,0.0,0.0
35337000000,3354,35337000000,map,base_link,0.024383801966905594,-0.04337095096707344,0.07737002521753311,0.040136666424968145,-0.02059406575681929,0.019376212812761917,-0.9987940351092868,0.0,0.0,0.0,0.0,0.0,0.0,0.0,0.0,0.0,0.0,0.0,0.0,0.0,0.0,0.0,0.0,0.0,0.0,0.0,0.0,0.0,0.0,0.0,0.0,0.0,0.0,0.0,0.0,0.0,0.0,0.0,0.0,0.0,0.0,0.0,0.0,0.049992899375084957,-0.03981886173932887,0.43345362114724545,-0.5197665095329285,0.22664211690425873,0.05866628885269162,0.0,0.0,0.0,0.0,0.0,0.0,0.0,0.0,0.0,0.0,0.0,0.0,0.0,0.0,0.0,0.0,0.0,0.0,0.0,0.0,0.0,0.0,0.0,0.0,0.0,0.0,0.0,0.0,0.0,0.0,0.0,0.0,0.0,0.0,0.0,0.0
35345000000,3355,35345000000,map,base_link,0.024827206507325172,-0.04316476732492447,0.08090993016958237,0.04202220118205664,-0.021483895705817095,0.018985216499126323,-0.9987053159931714,0.0,0.0,0.0,0.0,0.0,0.0,0.0,0.0,0.0,0.0,0.0,0.0,0.0,0.0,0.0,0.0,0.0,0.0,0.0,0.0,0.0,0.0,0.0,0.0,0.0,0.0,0.0,0.0,0.0,0.0,0.0,0.0,0.0,0.0,0.0,0.0,0.05062635532134242,-0.03631468015994561,0.44902689434999943,-0.4844585359096527,0.21986904740333557,0.0867584943771362,0.0,0.0,0.0,0.0,0.0,0.0,0.0,0.0,0.0,0.0,0.0,0.0,0.0,0.0,0.0,0.0,0.0,0.0,0.0,0.0,0.0,0.0,0.0,0.0,0.0,0.0,0.0,0.0,0.0,0.0,0.0,0.0,0.0,0.0,0.0,0.0
35353000000,3356,35353000000,map,base_link,0.024686802178621292,-0.04212972894310951,0.08404245972633362,0.04397509252996613,-0.02208099405993798,0.018418805001988503,-0.9986187885131785,0.0,0.0,0.0,0.0,0.0,0.0,0.0,0.0,0.0,0.0,0.0,0.0,0.0,0.0,0.0,0.0,0.0,0.0,0.0,0.0,0.0,0.0,0.0,0.0,0.0,0.0,0.0,0.0,0.0,0.0,0.0,0.0,0.0,0.0,0.0,0.0,0.051204622259159685,-0.03235870384370063,0.4696776730107285,-0.48926255106925964,0.14184081554412845,0.13447158038616178,0.0,0.0,0.0,0.0,0.0,0.0,0.0,0.0,0.0,0.0,0.0,0.0,0.0,0.0,0.0,0.0,0.0,0.0,0.0,0.0,0.0,0.0,0.0,0.0,0.0,0.0,0.0,0.0,0.0,0.0,0.0,0.0,0.0,0.0,0.0,0.0
35360000000,3357,35360000000,map,base_link,0.024587245658040047,-0.04106674715876579,0.08735768496990204,0.04509499158827278,-0.022272004235933857,0.01806388639067813,-0.9985710361338156,0.0,0.0,0.0,0.0,0.0,0.0,0.0,0.0,0.0,0.0,0.0,0.0,0.0,0.0,0.0,0.0,0.0,0.0,0.0,0.0,0.0,0.0,0.0,0.0,0.0,0.0,0.0,0.0,0.0,0.0,0.0,0.0,0.0,0.0,0.0,0.0,0.05253663811218379,-0.027709574568755432,0.4937129496205904,-0.5417748093605042,0.08936728537082674,0.15985015034675598,0.0,0.0,0.0,0.0,0.0,0.0,0.0,0.0,0.0,0.0,0.0,0.0,0.0,0.0,0.0,0.0,0.0,0.0,0.0,0.0,0.0,0.0,0.0,0.0,0.0,0.0,0.0,0.0,0.0,0.0,0.0,0.0,0.0,0.0,0.0,0.0
35368000000,3358,35368000000,map,base_link,0.024534838274121284,-0.03997232764959335,0.09087979793548584,0.048986918507643785,-0.02282793960703878,0.016899790434807327,-0.9983955366566162,0.0,0.0,0.0,0.0,0.0,0.0,0.0,0.0,0.0,0.0,0.0,0.0,0.0,0.0,0.0,0.0,0.0,0.0,0.0,0.0,0.0,0.0,0.0,0.0,0.0,0.0,0.0,0.0,0.0,0.0,0.0,0.0,0.0,0.0,0.0,0.0,0.053853657696418304,-0.02523401909250809,0.5093187295006861,-0.6688366532325745,0.07819832861423495,0.1851881593465805,0.0,0.0,0.0,0.0,0.0,0.0,0.0,0.0,0.0,0.0,0.0,0.0,0.0,0.0,0.0,0.0,0.0,0.0,0.0,0.0,0.0,0.0,0.0,0.0,0.0,0.0,0.0,0.0,0.0,0.0,0.0,0.0,0.0,0.0,0.0,0.0
35376000000,3359,35376000000,map,base_link,0.02451358176767826,-0.0388471893966198,0.09446249902248383,0.051561465334376826,-0.023585791309736273,0.01614051495888358,-0.998260793181927,0.0,0.0,0.0,0.0,0.0,0.0,0.0,0.0,0.0,0.0,0.0,0.0,0.0,0.0,0.0,0.0,0.0,0.0,0.0,0.0,0.0,0.0,0.0,0.0,0.0,0.0,0.0,0.0,0.0,0.0,0.0,0.0,0.0,0.0,0.0,0.0,0.05414293356215365,-0.020712151390916554,0.5200406613567606,-0.6331665515899658,0.18835951387882235,0.17940895259380338,0.0,0.0,0.0,0.0,0.0,0.0,0.0,0.0,0.0,0.0,0.0,0.0,0.0,0.0,0.0,0.0,0.0,0.0,0.0,0.0,0.0,0.0,0.0,0.0,0.0,0.0,0.0,0.0,0.0,0.0,0.0,0.0,0.0,0.0,0.0,0.0
35384000000,3360,35384000000,map,base_link,0.024537168443202972,-0.03768136352300644,0.09819310158491135,0.05266000318447804,-0.024089365807011487,0.01580207576534104,-0.9981968985595844,0.0,0.0,0.0,0.0,0.0,0.0,0.0,0.0,0.0,0.0,0.0,0.0,0.0,0.0,0.0,0.0,0.0,0.0,0.0,0.0,0.0,0.0,0.0,0.0,0.0,0.0,0.0,0.0,0.0,0.0,0.0,0.0,0.0,0.0,0.0,0.0,0.05548702325736388,-0.014192570890110022,0.532301550394759,-0.5747966766357422,0.23441518843173983,0.16762407124042508,0.0,0.0,0.0,0.0,0.0,0.0,0.0,0.0,0.0,0.0,0.0,0.0,0.0,0.0,0.0,0.0,0.0,0.0,0.0,0.0,0.0,0.0,0.0,0.0,0.0,0.0,0.0,0.0,0.0,0.0,0.0,0.0,0.0,0.0,0.0,0.0
35392000000,3361,35392000000,map,base_link,0.024593453854322433,-0.03648083657026291,0.10196888446807861,0.055363130826394706,-0.025827420180081762,0.015045160512933973,-0.9980188281246258,0.0,0.0,0.0,0.0,0.0,0.0,0.0,0.0,0.0,0.0,0.0,0.0,0.0,0.0,0.0,0.0,0.0,0.0,0.0,0.0,0.0,0.0,0.0,0.0,0.0,0.0,0.0,0.0,0.0,0.0,0.0,0.0,0.0,0.0,0.0,0.0,0.0555457870926756,-0.010099881289719205,0.5396796159675128,-0.4290444552898407,0.2795911729335785,0.11667414754629132,0.0,0.0,0.0,0.0,0.0,0.0,0.0,0.0,0.0,0.0,0.0,0.0,0.0,0.0,0.0,0.0,0.0,0.0,0.0,0.0,0.0,0.0,0.0,0.0,0.0,0.0,0.0,0.0,0.0,0.0,0.0,0.0,0.0,0.0,0.0,0.0
35400000000,3362,35400000000,map,base_link,0.024693144485354424,-0.03524194285273552,0.10583607107400894,0.056196330557517556,-0.026335075019128434,0.014872358434039222,-0.9979615927043481,0.0,0.0,0.0,0.0,0.0,0.0,0.0,0.0,0.0,0.0,0.0,0.0,0.0,0.0,0.0,0.0,0.0,0.0,0.0,0.0,0.0,0.0,0.0,0.0,0.0,0.0,0.0,0.0,0.0,0.0,0.0,0.0,0.0,0.0,0.0,0.0,0.056870819399985534,-0.0033337421264747064,0.5474768936911012,-0.4199985861778259,0.25043973326683044,0.090714156627655,0.0,0.0,0.0,0.0,0.0,0.0,0.0,0.0,0.0,0.0,0.0,0.0,0.0,0.0,0.0,0.0,0.0,0.0,0.0,0.0,0.0,0.0,0.0,0.0,0.0,0.0,0.0,0.0,0.0,0.0,0.0,0.0,0.0,0.0,0.0,0.0
35408000000,3363,35408000000,map,base_link,0.024824827909469604,-0.03396373987197876,0.10975667834281921,0.05916444597273434,-0.027433914482614303,0.014579564277434063,-0.9977647247749537,0.0,0.0,0.0,0.0,0.0,0.0,0.0,0.0,0.0,0.0,0.0,0.0,0.0,0.0,0.0,0.0,0.0,0.0,0.0,0.0,0.0,0.0,0.0,0.0,0.0,0.0,0.0,0.0,0.0,0.0,0.0,0.0,0.0,0.0,0.0,0.0,0.05750023046884047,0.0011889463353913776,0.5628579731659731,-0.4978898763656616,0.16892731189727783,0.04017985239624975,0.0,0.0,0.0,0.0,0.0,0.0,0.0,0.0,0.0,0.0,0.0,0.0,0.0,0.0,0.0,0.0,0.0,0.0,0.0,0.0,0.0,0.0,0.0,0.0,0.0,0.0,0.0,0.0,0.0,0.0,0.0,0.0,0.0,0.0,0.0,0.0
35417000000,3364,35417000000,map,base_link,0.025007998570799828,-0.0326240174472332,0.1138705462217331,0.06170162303281739,-0.02814893576760162,0.014513520165817471,-0.9975921334303015,0.0,0.0,0.0,0.0,0.0,0.0,0.0,0.0,0.0,0.0,0.0,0.0,0.0,0.0,0.0,0.0,0.0,0.0,0.0,0.0,0.0,0.0,0.0,0.0,0.0,0.0,0.0,0.0,0.0,0.0,0.0,0.0,0.0,0.0,0.0,0.0,0.05890939373410306,0.006920423862837741,0.581022834933686,-0.6567917466163635,0.1795976758003235,0.002624112647026755,0.0,0.0,0.0,0.0,0.0,0.0,0.0,0.0,0.0,0.0,0.0,0.0,0.0,0.0,0.0,0.0,0.0,0.0,0.0,0.0,0.0,0.0,0.0,0.0,0.0,0.0,0.0,0.0,0.0,0.0,0.0,0.0,0.0,0.0,0.0,0.0
35425000000,3365,35425000000,map,base_link,0.025233739987015724,-0.031227098777890205,0.11811037361621857,0.06449972859785336,-0.029182431810827417,0.014494090468653962,-0.9973856560194467,0.0,0.0,0.0,0.0,0.0,0.0,0.0,0.0,0.0,0.0,0.0,0.0,0.0,0.0,0.0,0.0,0.0,0.0,0.0,0.0,0.0,0.0,0.0,0.0,0.0,0.0,0.0,0.0,0.0,0.0,0.0,0.0,0.0,0.0,0.0,0.0,0.060412695508784794,0.012318425878884764,0.5997948408645813,-0.6978797912597656,0.22984355688095093,-0.00156107568182054,0.0,0.0,0.0,0.0,0.0,0.0,0.0,0.0,0.0,0.0,0.0,0.0,0.0,0.0,0.0,0.0,0.0,0.0,0.0,0.0,0.0,0.0,0.0,0.0,0.0,0.0,0.0,0.0,0.0,0.0,0.0,0.0,0.0,0.0,0.0,0.0
35433000000,3366,35433000000,map,base_link,0.02550383098423481,-0.029769403859972954,0.12247027456760406,0.06720691945938428,-0.030545235669447997,0.01442581257406633,-0.9971670824630692,0.0,0.0,0.0,0.0,0.0,0.0,0.0,0.0,0.0,0.0,0.0,0.0,0.0,0.0,0.0,0.0,0.0,0.0,0.0,0.0,0.0,0.0,0.0,0.0,0.0,0.0,0.0,0.0,0.0,0.0,0.0,0.0,0.0,0.0,0.0,0.0,0.061378272377523406,0.018267159130357785,0.615382751613064,-0.6799365878105164,0.3345281183719635,0.019454257562756497,0.0,0.0,0.0,0.0,0.0,0.0,0.0,0.0,0.0,0.0,0.0,0.0,0.0,0.0,0.0,0.0,0.0,0.0,0.0,0.0,0.0,0.0,0.0,0.0,0.0,0.0,0.0,0.0,0.0,0.0,0.0,0.0,0.0,0.0,0.0,0.0
35441000000,3367,35441000000,map,base_link,0.025822825729846954,-0.028245652094483376,0.12694907188415527,0.06961107448012187,-0.031964463621512534,0.014225994365276216,-0.9969605207585173,0.0,0.0,0.0,0.0,0.0,0.0,0.0,0.0,0.0,0.0,0.0,0.0,0.0,0.0,0.0,0.0,0.0,0.0,0.0,0.0,0.0,0.0,0.0,0.0,0.0,0.0,0.0,0.0,0.0,0.0,0.0,0.0,0.0,0.0,0.0,0.0,0.06259404067184457,0.024907609516210155,0.6283531574206703,-0.5994359850883484,0.3426547050476074,0.05985323339700695,0.0,0.0,0.0,0.0,0.0,0.0,0.0,0.0,0.0,0.0,0.0,0.0,0.0,0.0,0.0,0.0,0.0,0.0,0.0,0.0,0.0,0.0,0.0,0.0,0.0,0.0,0.0,0.0,0.0,0.0,0.0,0.0,0.0,0.0,0.0,0.0
35448000000,3368,35448000000,map,base_link,0.026190416887402534,-0.02665044739842415,0.13154615461826324,0.07186037275980733,-0.03319110023221754,0.013862056328384663,-0.9967659287589425,0.0,0.0,0.0,0.0,0.0,0.0,0.0,0.0,0.0,0.0,0.0,0.0,0.0,0.0,0.0,0.0,0.0,0.0,0.0,0.0,0.0,0.0,0.0,0.0,0.0,0.0,0.0,0.0,0.0,0.0,0.0,0.0,0.0,0.0,0.0,0.0,0.06404405571088381,0.031927538759297686,0.6451887819972213,-0.5685259103775024,0.29988738894462585,0.09012190252542492,0.0,0.0,0.0,0.0,0.0,0.0,0.0,0.0,0.0,0.0,0.0,0.0,0.0,0.0,0.0,0.0,0.0,0.0,0.0,0.0,0.0,0.0,0.0,0.0,0.0,0.0,0.0,0.0,0.0,0.0,0.0,0.0,0.0,0.0,0.0,0.0
35456000000,3369,35456000000,map,base_link,0.026606839150190353,-0.024981454014778137,0.13626600801944733,0.07425426634002154,-0.03414818667327111,0.013295644831246676,-0.9965658576690614,0.0,0.0,0.0,0.0,0.0,0.0,0.0,0.0,0.0,0.0,0.0,0.0,0.0,0.0,0.0,0.0,0.0,0.0,0.0,0.0,0.0,0.0,0.0,0.0,0.0,0.0,0.0,0.0,0.0,0.0,0.0,0.0,0.0,0.0,0.0,0.0,0.0661935198541761,0.03893052163998881,0.6639958794628823,-0.6210526823997498,0.21393260359764102,0.1455743312835693,0.0,0.0,0.0,0.0,0.0,0.0,0.0,0.0,0.0,0.0,0.0,0.0,0.0,0.0,0.0,0.0,0.0,0.0,0.0,0.0,0.0,0.0,0.0,0.0,0.0,0.0,0.0,0.0,0.0,0.0,0.0,0.0,0.0,0.0,0.0,0.0
35464000000,3370,35464000000,map,base_link,0.02706907130777836,-0.023240961134433746,0.1410909742116928,0.0755972453747738,-0.03459290836495692,0.012950335701396918,-0.9964540420799619,0.0,0.0,0.0,0.0,0.0,0.0,0.0,0.0,0.0,0.0,0.0,0.0,0.0,0.0,0.0,0.0,0.0,0.0,0.0,0.0,0.0,0.0,0.0,0.0,0.0,0.0,0.0,0.0,0.0,0.0,0.0,0.0,0.0,0.0,0.0,0.0,0.06889443712358242,0.04735107903562259,0.6827215182225363,-0.670829176902771,0.20618057250976565,0.1634721755981445,0.0,0.0,0.0,0.0,0.0,0.0,0.0,0.0,0.0,0.0,0.0,0.0,0.0,0.0,0.0,0.0,0.0,0.0,0.0,0.0,0.0,0.0,0.0,0.0,0.0,0.0,0.0,0.0,0.0,0.0,0.0,0.0,0.0,0.0,0.0,0.0
35477000000,3371,35477000000,map,base_link,0.028078299015760422,-0.02076989971101284,0.1487395018339157,0.08130533268003987,-0.03710248714179944,0.011478652045093516,-0.9959322640953971,0.0,0.0,0.0,0.0,0.0,0.0,0.0,0.0,0.0,0.0,0.0,0.0,0.0,0.0,0.0,0.0,0.0,0.0,0.0,0.0,0.0,0.0,0.0,0.0,0.0,0.0,0.0,0.0,0.0,0.0,0.0,0.0,0.0,0.0,0.0,0.0,0.07090463647326091,0.05568361759889939,0.7021827566864319,-0.7170993685722351,0.36337801814079285,0.1829147487878799,0.0,0.0,0.0,0.0,0.0,0.0,0.0,0.0,0.0,0.0,0.0,0.0,0.0,0.0,0.0,0.0,0.0,0.0,0.0,0.0,0.0,0.0,0.0,0.0,0.0,0.0,0.0,0.0,0.0,0.0,0.0,0.0,0.0,0.0,0.0,0.0
35488000000,3372,35488000000,map,base_link,0.029185162857174873,-0.018085306510329247,0.15658149123191833,0.08483618227986198,-0.03983023381160253,0.010600901778005599,-0.9955420685718832,0.0,0.0,0.0,0.0,0.0,0.0,0.0,0.0,0.0,0.0,0.0,0.0,0.0,0.0,0.0,0.0,0.0,0.0,0.0,0.0,0.0,0.0,0.0,0.0,0.0,0.0,0.0,0.0,0.0,0.0,0.0,0.0,0.0,0.0,0.0,0.0,0.07298819952533572,0.06766630311856166,0.7210160228496111,-0.5979827642440796,0.4496864080429077,0.15958601236343378,0.0,0.0,0.0,0.0,0.0,0.0,0.0,0.0,0.0,0.0,0.0,0.0,0.0,0.0,0.0,0.0,0.0,0.0,0.0,0.0,0.0,0.0,0.0,0.0,0.0,0.0,0.0,0.0,0.0,0.0,0.0,0.0,0.0,0.0,0.0,0.0
35500000000,3373,35500000000,map,base_link,0.030401943251490593,-0.015176713466644287,0.16459497809410095,0.08682042429761849,-0.04155461943486512,0.010207755975096043,-0.9953046132273728,0.0,0.0,0.0,0.0,0.0,0.0,0.0,0.0,0.0,0.0,0.0,0.0,0.0,0.0,0.0,0.0,0.0,0.0,0.0,0.0,0.0,0.0,0.0,0.0,0.0,0.0,0.0,0.0,0.0,0.0,0.0,0.0,0.0,0.0,0.0,0.0,0.07723115597526087,0.08263532690316354,0.7344168092098012,-0.5031601190567017,0.40920308232307434,0.10493484139442438,0.0,0.0,0.0,0.0,0.0,0.0,0.0,0.0,0.0,0.0,0.0,0.0,0.0,0.0,0.0,0.0,0.0,0.0,0.0,0.0,0.0,0.0,0.0,0.0,0.0,0.0,0.0,0.0,0.0,0.0,0.0,0.0,0.0,0.0,0.0,0.0
35513000000,3374,35513000000,map,base_link,0.0317377895116806,-0.012033654376864433,0.17279408872127533,0.09146394542977215,-0.04429908259845884,0.009840909805657213,-0.9947739001109237,0.0,0.0,0.0,0.0,0.0,0.0,0.0,0.0,0.0,0.0,0.0,0.0,0.0,0.0,0.0,0.0,0.0,0.0,0.0,0.0,0.0,0.0,0.0,0.0,0.0,0.0,0.0,0.0,0.0,0.0,0.0,0.0,0.0,0.0,0.0,0.0,0.08043364005696955,0.09433073936243269,0.7604583100471858,-0.6453518271446228,0.32181060314178467,0.028159359470009766,0.0,0.0,0.0,0.0,0.0,0.0,0.0,0.0,0.0,0.0,0.0,0.0,0.0,0.0,0.0,0.0,0.0,0.0,0.0,0.0,0.0,0.0,0.0,0.0,0.0,0.0,0.0,0.0,0.0,0.0,0.0,0.0,0.0,0.0,0.0,0.0
35524000000,3375,35524000000,map,base_link,0.0331927053630352,-0.008642898872494698,0.18122898042201996,0.09588054266118709,-0.04678318887373259,0.009837200882988225,-0.9942441985188386,0.0,0.0,0.0,0.0,0.0,0.0,0.0,0.0,0.0,0.0,0.0,0.0,0.0,0.0,0.0,0.0,0.0,0.0,0.0,0.0,0.0,0.0,0.0,0.0,0.0,0.0,0.0,0.0,0.0,0.0,0.0,0.0,0.0,0.0,0.0,0.0,0.08410879148789141,0.1069137795699438,0.7919614969937132,-0.7591358423233032,0.4281480610370636,0.0007160254172048938,0.0,0.0,0.0,0.0,0.0,0.0,0.0,0.0,0.0,0.0,0.0,0.0,0.0,0.0,0.0,0.0,0.0,0.0,0.0,0.0,0.0,0.0,0.0,0.0,0.0,0.0,0.0,0.0,0.0,0.0,0.0,0.0,0.0,0.0,0.0,0.0
35536000000,3376,35536000000,map,base_link,0.034793753176927567,-0.004968313034623861,0.18995922803878784,0.0999701145924719,-0.04988532336467992,0.009855155440453896,-0.9936903046357086,0.0,0.0,0.0,0.0,0.0,0.0,0.0,0.0,0.0,0.0,0.0,0.0,0.0,0.0,0.0,0.0,0.0,0.0,0.0,0.0,0.0,0.0,0.0,0.0,0.0,0.0,0.0,0.0,0.0,0.0,0.0,0.0,0.0,0.0,0.0,0.0,0.08740269908366519,0.12072242524078586,0.8142908123429805,-0.6567514538764954,0.5208522081375122,0.024118803441524443,0.0,0.0,0.0,0.0,0.0,0.0,0.0,0.0,0.0,0.0,0.0,0.0,0.0,0.0,0.0,0.0,0.0,0.0,0.0,0.0,0.0,0.0,0.0,0.0,0.0,0.0,0.0,0.0,0.0,0.0,0.0,0.0,0.0,0.0,0.0,0.0
35549000000,3377,35549000000,map,base_link,0.036536093801259995,-0.0010192771442234516,0.19887639582157135,0.10337298001843462,-0.052681753592487585,0.009571928618460731,-0.9932003896686179,0.0,0.0,0.0,0.0,0.0,0.0,0.0,0.0,0.0,0.0,0.0,0.0,0.0,0.0,0.0,0.0,0.0,0.0,0.0,0.0,0.0,0.0,0.0,0.0,0.0,0.0,0.0,0.0,0.0,0.0,0.0,0.0,0.0,0.0,0.0,0.0,0.09180648674630604,0.13623200237668842,0.836779328661689,-0.5648972392082214,0.4461180567741394,0.07215971499681467,0.0,0.0,0.0,0.0,0.0,0.0,0.0,0.0,0.0,0.0,0.0,0.0,0.0,0.0,0.0,0.0,0.0,0.0,0.0,0.0,0.0,0.0,0.0,0.0,0.0,0.0,0.0,0.0,0.0,0.0,0.0,0.0,0.0,0.0,0.0,0.0
35560000000,3378,35560000000,map,base_link,0.038429874926805496,0.00321797258220613,0.2080036848783493,0.10571463257991957,-0.05427769142655717,0.009134612918311632,-0.992872065718718,0.0,0.0,0.0,0.0,0.0,0.0,0.0,0.0,0.0,0.0,0.0,0.0,0.0,0.0,0.0,0.0,0.0,0.0,0.0,0.0,0.0,0.0,0.0,0.0,0.0,0.0,0.0,0.0,0.0,0.0,0.0,0.0,0.0,0.0,0.0,0.0,0.09881447226309192,0.15415469858308056,0.8581478398882305,-0.6102149486541748,0.3801793158054352,0.12675979733467096,0.0,0.0,0.0,0.0,0.0,0.0,0.0,0.0,0.0,0.0,0.0,0.0,0.0,0.0,0.0,0.0,0.0,0.0,0.0,0.0,0.0,0.0,0.0,0.0,0.0,0.0,0.0,0.0,0.0,0.0,0.0,0.0,0.0,0.0,0.0,0.0
35572000000,3379,35572000000,map,base_link,0.040479518473148346,0.00774932187050581,0.21731328964233398,0.11122804886026988,-0.057945102083910634,0.00785103064691239,-0.9920731722051941,0.0,0.0,0.0,0.0,0.0,0.0,0.0,0.0,0.0,0.0,0.0,0.0,0.0,0.0,0.0,0.0,0.0,0.0,0.0,0.0,0.0,0.0,0.0,0.0,0.0,0.0,0.0,0.0,0.0,0.0,0.0,0.0,0.0,0.0,0.0,0.0,0.10304681362161205,0.16705986340744314,0.8820615197505399,-0.7321991324424744,0.47073790431022644,0.181821197271347,0.0,0.0,0.0,0.0,0.0,0.0,0.0,0.0,0.0,0.0,0.0,0.0,0.0,0.0,0.0,0.0,0.0,0.0,0.0,0.0,0.0,0.0,0.0,0.0,0.0,0.0,0.0,0.0,0.0,0.0,0.0,0.0,0.0,0.0,0.0,0.0
35585000000,3380,35585000000,map,base_link,0.042699191719293594,0.01260245032608509,0.22682218253612518,0.11510242688559218,-0.0616705805618,0.006952080515023492,-0.9914130261169679,0.0,0.0,0.0,0.0,0.0,0.0,0.0,0.0,0.0,0.0,0.0,0.0,0.0,0.0,0.0,0.0,0.0,0.0,0.0,0.0,0.0,0.0,0.0,0.0,0.0,0.0,0.0,0.0,0.0,0.0,0.0,0.0,0.0,0.0,0.0,0.0,0.10784888039515192,0.18375288896844008,0.9072643883582696,-0.6613602638244629,0.6071847081184387,0.17986740171909324,0.0,0.0,0.0,0.0,0.0,0.0,0.0,0.0,0.0,0.0,0.0,0.0,0.0,0.0,0.0,0.0,0.0,0.0,0.0,0.0,0.0,0.0,0.0,0.0,0.0,0.0,0.0,0.0,0.0,0.0,0.0,0.0,0.0,0.0,0.0,0.0
35596000000,3381,35596000000,map,base_link,0.045090582221746445,0.017775630578398705,0.2364882081747055,0.11820507767543376,-0.06535551113724386,0.006366070733328062,-0.9908157209798716,0.0,0.0,0.0,0.0,0.0,0.0,0.0,0.0,0.0,0.0,0.0,0.0,0.0,0.0,0.0,0.0,0.0,0.0,0.0,0.0,0.0,0.0,0.0,0.0,0.0,0.0,0.0,0.0,0.0,0.0,0.0,0.0,0.0,0.0,0.0,0.0,0.11351686076506907,0.20211478959508325,0.9268011396307911,-0.5133979916572571,0.5872944593429565,0.12176005542278283,0.0,0.0,0.0,0.0,0.0,0.0,0.0,0.0,0.0,0.0,0.0,0.0,0.0,0.0,0.0,0.0,0.0,0.0,0.0,0.0,0.0,0.0,0.0,0.0,0.0,0.0,0.0,0.0,0.0,0.0,0.0,0.0,0.0,0.0,0.0,0.0
35604000000,3382,35604000000,map,base_link,0.046673472970724106,0.021527651697397232,0.24289940297603607,0.12026207042207614,-0.06747982293767024,0.006165451734416179,-0.990426958449207,0.0,0.0,0.0,0.0,0.0,0.0,0.0,0.0,0.0,0.0,0.0,0.0,0.0,0.0,0.0,0.0,0.0,0.0,0.0,0.0,0.0,0.0,0.0,0.0,0.0,0.0,0.0,0.0,0.0,0.0,0.0,0.0,0.0,0.0,0.0,0.0,0.11794578739917079,0.2145433773242697,0.9424382931055171,-0.5155865550041199,0.5360122919082642,0.08614972233772271,0.0,0.0,0.0,0.0,0.0,0.0,0.0,0.0,0.0,0.0,0.0,0.0,0.0,0.0,0.0,0.0,0.0,0.0,0.0,0.0,0.0,0.0,0.0,0.0,0.0,0.0,0.0,0.0,0.0,0.0,0.0,0.0,0.0,0.0,0.0,0.0
35616000000,3383,35616000000,map,base_link,0.04938565567135811,0.027256907895207405,0.25288844108581543,0.12399921040611286,-0.0706017243005692,0.006117362180265258,-0.9897485206287272,0.0,0.0,0.0,0.0,0.0,0.0,0.0,0.0,0.0,0.0,0.0,0.0,0.0,0.0,0.0,0.0,0.0,0.0,0.0,0.0,0.0,0.0,0.0,0.0,0.0,0.0,0.0,0.0,0.0,0.0,0.0,0.0,0.0,0.0,0.0,0.0,0.12514135105523339,0.2325508869908675,0.9751636272750264,-0.6776558756828308,0.5388548970222473,0.012790118344128066,0.0,0.0,0.0,0.0,0.0,0.0,0.0,0.0,0.0,0.0,0.0,0.0,0.0,0.0,0.0,0.0,0.0,0.0,0.0,0.0,0.0,0.0,0.0,0.0,0.0,0.0,0.0,0.0,0.0,0.0,0.0,0.0,0.0,0.0,0.0,0.0
35624000000,3384,35624000000,map,base_link,0.05121788755059242,0.03141859918832779,0.25964900851249695,0.1254205338468018,-0.07177574057090833,0.00615858179810896,-0.989484765650746,0.0,0.0,0.0,0.0,0.0,0.0,0.0,0.0,0.0,0.0,0.0,0.0,0.0,0.0,0.0,0.0,0.0,0.0,0.0,0.0,0.0,0.0,0.0,0.0,0.0,0.0,0.0,0.0,0.0,0.0,0.0,0.0,0.0,0.0,0.0,0.0,0.13219299954650376,0.247308497670567,1.000460372639927,-0.7145359516143799,0.5810412764549255,0.0011065837461500649,0.0,0.0,0.0,0.0,0.0,0.0,0.0,0.0,0.0,0.0,0.0,0.0,0.0,0.0,0.0,0.0,0.0,0.0,0.0,0.0,0.0,0.0,0.0,0.0,0.0,0.0,0.0,0.0,0.0,0.0,0.0,0.0,0.0,0.0,0.0,0.0
35632000000,3385,35632000000,map,base_link,0.05314398184418678,0.035727355629205704,0.2664912939071655,0.12951810314259155,-0.07575508795662503,0.0063652277963578375,-0.988658560979387,0.0,0.0,0.0,0.0,0.0,0.0,0.0,0.0,0.0,0.0,0.0,0.0,0.0,0.0,0.0,0.0,0.0,0.0,0.0,0.0,0.0,0.0,0.0,0.0,0.0,0.0,0.0,0.0,0.0,0.0,0.0,0.0,0.0,0.0,0.0,0.0,0.13353950441343262,0.25697506911576784,1.0196818195286375,-0.6755009293556213,0.6855306625366211,0.0015927285421638842,0.0,0.0,0.0,0.0,0.0,0.0,0.0,0.0,0.0,0.0,0.0,0.0,0.0,0.0,0.0,0.0,0.0,0.0,0.0,0.0,0.0,0.0,0.0,0.0,0.0,0.0,0.0,0.0,0.0,0.0,0.0,0.0,0.0,0.0,0.0,0.0
35645000000,3386,35645000000,map,base_link,0.05640235170722008,0.04237690195441246,0.27708858251571655,0.1326851569511358,-0.07971068295902782,0.006439153368645917,-0.9879268073955407,0.0,0.0,0.0,0.0,0.0,0.0,0.0,0.0,0.0,0.0,0.0,0.0,0.0,0.0,0.0,0.0,0.0,0.0,0.0,0.0,0.0,0.0,0.0,0.0,0.0,0.0,0.0,0.0,0.0,0.0,0.0,0.0,0.0,0.0,0.0,0.0,0.14028673517777782,0.27791483423464847,1.042079307330225,-0.5315398573875427,0.6606191396713257,0.033391099423170006,0.0,0.0,0.0,0.0,0.0,0.0,0.0,0.0,0.0,0.0,0.0,0.0,0.0,0.0,0.0,0.0,0.0,0.0,0.0,0.0,0.0,0.0,0.0,0.0,0.0,0.0,0.0,0.0,0.0,0.0,0.0,0.0,0.0,0.0,0.0,0.0
35653000000,3387,35652000000,map,base_link,0.05857694894075394,0.04707983508706093,0.2840709686279297,0.1345549333966928,-0.0820458132957057,0.006267742135752147,-0.9874838018708428,0.0,0.0,0.0,0.0,0.0,0.0,0.0,0.0,0.0,0.0,0.0,0.0,0.0,0.0,0.0,0.0,0.0,0.0,0.0,0.0,0.0,0.0,0.0,0.0,0.0,0.0,0.0,0.0,0.0,0.0,0.0,0.0,0.0,0.0,0.0,0.0,0.14610609112180126,0.29220289307603264,1.0553961644749719,-0.4760350286960602,0.5776739716529846,0.07831018418073647,0.0,0.0,0.0,0.0,0.0,0.0,0.0,0.0,0.0,0.0,0.0,0.0,0.0,0.0,0.0,0.0,0.0,0.0,0.0,0.0,0.0,0.0,0.0,0.0,0.0,0.0,0.0,0.0,0.0,0.0,0.0,0.0,0.0,0.0,0.0,0.0
35661000000,3388,35660000000,map,base_link,0.0608551912009716,0.051935821771621704,0.2910867929458618,0.13665546647202498,-0.08435285012367305,0.005896639134613741,-0.987003117063576,0.0,0.0,0.0,0.0,0.0,0.0,0.0,0.0,0.0,0.0,0.0,0.0,0.0,0.0,0.0,0.0,0.0,0.0,0.0,0.0,0.0,0.0,0.0,0.0,0.0,0.0,0.0,0.0,0.0,0.0,0.0,0.0,0.0,0.0,0.0,0.0,0.15232417079827815,0.30621259436376325,1.0669401032860097,-0.5233725905418396,0.5568178296089172,0.11777718365192406,0.0,0.0,0.0,0.0,0.0,0.0,0.0,0.0,0.0,0.0,0.0,0.0,0.0,0.0,0.0,0.0,0.0,0.0,0.0,0.0,0.0,0.0,0.0,0.0,0.0,0.0,0.0,0.0,0.0,0.0,0.0,0.0,0.0,0.0,0.0,0.0
35668000000,3389,35668000000,map,base_link,0.06324730068445206,0.05696224793791771,0.2981642186641693,0.1390894891203776,-0.08691607393613585,0.005378780806960354,-0.986443533355897,0.0,0.0,0.0,0.0,0.0,0.0,0.0,0.0,0.0,0.0,0.0,0.0,0.0,0.0,0.0,0.0,0.0,0.0,0.0,0.0,0.0,0.0,0.0,0.0,0.0,0.0,0.0,0.0,0.0,0.0,0.0,0.0,0.0,0.0,0.0,0.0,0.1583126883773507,0.3197303272284365,1.0844697226294384,-0.6282523274421692,0.6151590943336487,0.16164769232273093,0.0,0.0,0.0,0.0,0.0,0.0,0.0,0.0,0.0,0.0,0.0,0.0,0.0,0.0,0.0,0.0,0.0,0.0,0.0,0.0,0.0,0.0,0.0,0.0,0.0,0.0,0.0,0.0,0.0,0.0,0.0,0.0,0.0,0.0,0.0,0.0
35676000000,3390,35676000000,map,base_link,0.06575627624988556,0.0621609091758728,0.30531808733940125,0.14156658584790838,-0.08991393712386722,0.004822695287707674,-0.9858251547945451,0.0,0.0,0.0,0.0,0.0,0.0,0.0,0.0,0.0,0.0,0.0,0.0,0.0,0.0,0.0,0.0,0.0,0.0,0.0,0.0,0.0,0.0,0.0,0.0,0.0,0.0,0.0,0.0,0.0,0.0,0.0,0.0,0.0,0.0,0.0,0.0,0.16384369179214864,0.33316264411856716,1.105622118137048,-0.6420710682868958,0.747008204460144,0.18882241845130912,0.0,0.0,0.0,0.0,0.0,0.0,0.0,0.0,0.0,0.0,0.0,0.0,0.0,0.0,0.0,0.0,0.0,0.0,0.0,0.0,0.0,0.0,0.0,0.0,0.0,0.0,0.0,0.0,0.0,0.0,0.0,0.0,0.0,0.0,0.0,0.0
35684000000,3391,35684000000,map,base_link,0.06838277727365494,0.06752723455429077,0.31254658102989197,0.14270988760239522,-0.09153374061090609,0.004562775672940939,-0.9855124673254427,0.0,0.0,0.0,0.0,0.0,0.0,0.0,0.0,0.0,0.0,0.0,0.0,0.0,0.0,0.0,0.0,0.0,0.0,0.0,0.0,0.0,0.0,0.0,0.0,0.0,0.0,0.0,0.0,0.0,0.0,0.0,0.0,0.0,0.0,0.0,0.0,0.1726565558510597,0.34999406227783036,1.1262971455002915,-0.6068618297576904,0.7846574187278748,0.18915723264217368,0.0,0.0,0.0,0.0,0.0,0.0,0.0,0.0,0.0,0.0,0.0,0.0,0.0,0.0,0.0,0.0,0.0,0.0,0.0,0.0,0.0,0.0,0.0,0.0,0.0,0.0,0.0,0.0,0.0,0.0,0.0,0.0,0.0,0.0,0.0,0.0
35692000000,3392,35692000000,map,base_link,0.07112355530261993,0.07304307073354721,0.31985020637512207,0.14562994243941943,-0.09632369306567674,0.003952784334442788,-0.9846309659888375,0.0,0.0,0.0,0.0,0.0,0.0,0.0,0.0,0.0,0.0,0.0,0.0,0.0,0.0,0.0,0.0,0.0,0.0,0.0,0.0,0.0,0.0,0.0,0.0,0.0,0.0,0.0,0.0,0.0,0.0,0.0,0.0,0.0,0.0,0.0,0.0,0.175044820227507,0.3625403839696471,1.1465609219873774,-0.4885018467903137,0.7729554176330566,0.16041074693202964,0.0,0.0,0.0,0.0,0.0,0.0,0.0,0.0,0.0,0.0,0.0,0.0,0.0,0.0,0.0,0.0,0.0,0.0,0.0,0.0,0.0,0.0,0.0,0.0,0.0,0.0,0.0,0.0,0.0,0.0,0.0,0.0,0.0,0.0,0.0,0.0
35705000000,3393,35705000000,map,base_link,0.07557978481054306,0.0814867913722992,0.3309565782546997,0.14823634833235966,-0.1004659248499979,0.0036422885014630252,-0.9838289536085236,0.0,0.0,0.0,0.0,0.0,0.0,0.0,0.0,0.0,0.0,0.0,0.0,0.0,0.0,0.0,0.0,0.0,0.0,0.0,0.0,0.0,0.0,0.0,0.0,0.0,0.0,0.0,0.0,0.0,0.0,0.0,0.0,0.0,0.0,0.0,0.0,0.18564146467629025,0.3860148065641782,1.1761860583193982,-0.4539037346839905,0.6830803751945496,0.10559845715761176,0.0,0.0,0.0,0.0,0.0,0.0,0.0,0.0,0.0,0.0,0.0,0.0,0.0,0.0,0.0,0.0,0.0,0.0,0.0,0.0,0.0,0.0,0.0,0.0,0.0,0.0,0.0,0.0,0.0,0.0,0.0,0.0,0.0,0.0,0.0,0.0
35716000000,3394,35716000000,map,base_link,0.08038008958101273,0.09042780846357346,0.34233585000038147,0.1502358475092771,-0.1031586764646468,0.0035942832410091265,-0.9832470320711337,0.0,0.0,0.0,0.0,0.0,0.0,0.0,0.0,0.0,0.0,0.0,0.0,0.0,0.0,0.0,0.0,0.0,0.0,0.0,0.0,0.0,0.0,0.0,0.0,0.0,0.0,0.0,0.0,0.0,0.0,0.0,0.0,0.0,0.0,0.0,0.0,0.19978320665640945,0.4117243749716915,1.212429868023071,-0.5114277601242065,0.6686875820159912,0.060788042843341744,0.0,0.0,0.0,0.0,0.0,0.0,0.0,0.0,0.0,0.0,0.0,0.0,0.0,0.0,0.0,0.0,0.0,0.0,0.0,0.0,0.0,0.0,0.0,0.0,0.0,0.0,0.0,0.0,0.0,0.0,0.0,0.0,0.0,0.0,0.0,0.0
35728000000,3395,35728000000,map,base_link,0.0855250433087349,0.09984558820724487,0.35398703813552856,0.15484689976300917,-0.10932876698657716,0.003943090559285316,-0.9818625923912478,0.0,0.0,0.0,0.0,0.0,0.0,0.0,0.0,0.0,0.0,0.0,0.0,0.0,0.0,0.0,0.0,0.0,0.0,0.0,0.0,0.0,0.0,0.0,0.0,0.0,0.0,0.0,0.0,0.0,0.0,0.0,0.0,0.0,0.0,0.0,0.0,0.20606858577466045,0.43162403817396977,1.2547257691195823,-0.5953553318977356,0.8101447224617004,0.0022294744849204024,0.0,0.0,0.0,0.0,0.0,0.0,0.0,0.0,0.0,0.0,0.0,0.0,0.0,0.0,0.0,0.0,0.0,0.0,0.0,0.0,0.0,0.0,0.0,0.0,0.0,0.0,0.0,0.0,0.0,0.0,0.0,0.0,0.0,0.0,0.0,0.0
35741000000,3396,35741000000,map,base_link,0.09094978123903275,0.10963268578052521,0.3656829595565796,0.15756810181749195,-0.11408726077020148,0.004307197183570859,-0.980886260645493,0.0,0.0,0.0,0.0,0.0,0.0,0.0,0.0,0.0,0.0,0.0,0.0,0.0,0.0,0.0,0.0,0.0,0.0,0.0,0.0,0.0,0.0,0.0,0.0,0.0,0.0,0.0,0.0,0.0,0.0,0.0,0.0,0.0,0.0,0.0,0.0,0.21609122320711846,0.4561864105653155,1.2795610988789419,-0.41497427225112915,0.7897321581840515,0.02237101830542078,0.0,0.0,0.0,0.0,0.0,0.0,0.0,0.0,0.0,0.0,0.0,0.0,0.0,0.0,0.0,0.0,0.0,0.0,0.0,0.0,0.0,0.0,0.0,0.0,0.0,0.0,0.0,0.0,0.0,0.0,0.0,0.0,0.0,0.0,0.0,0.0
35752000000,3397,35752000000,map,base_link,0.09540712088346481,0.12030147761106491,0.3777153193950653,0.15946681339164068,-0.11837869898369627,0.004420319324974102,-0.980070044777231,0.0,0.0,0.0,0.0,0.0,0.0,0.0,0.0,0.0,0.0,0.0,0.0,0.0,0.0,0.0,0.0,0.0,0.0,0.0,0.0,0.0,0.0,0.0,0.0,0.0,0.0,0.0,0.0,0.0,0.0,0.0,0.0,0.0,0.0,0.0,0.0,0.22791397558938517,0.48324998739494474,1.3026578392108719,-0.3221933841705322,0.6982521414756775,0.06953977048397056,0.0,0.0,0.0,0.0,0.0,0.0,0.0,0.0,0.0,0.0,0.0,0.0,0.0,0.0,0.0,0.0,0.0,0.0,0.0,0.0,0.0,0.0,0.0,0.0,0.0,0.0,0.0,0.0,0.0,0.0,0.0,0.0,0.0,0.0,0.0,0.0
35764000000,3398,35764000000,map,base_link,0.1002790778875351,0.13146722316741943,0.38998016715049744,0.1617871212085329,-0.12268018790347189,0.004096378647319369,-0.9791617801918212,0.0,0.0,0.0,0.0,0.0,0.0,0.0,0.0,0.0,0.0,0.0,0.0,0.0,0.0,0.0,0.0,0.0,0.0,0.0,0.0,0.0,0.0,0.0,0.0,0.0,0.0,0.0,0.0,0.0,0.0,0.0,0.0,0.0,0.0,0.0,0.0,0.24170582532755608,0.5095276267206821,1.321425854223631,-0.3988187909126282,0.6994706988334656,0.11829104274511329,0.0,0.0,0.0,0.0,0.0,0.0,0.0,0.0,0.0,0.0,0.0,0.0,0.0,0.0,0.0,0.0,0.0,0.0,0.0,0.0,0.0,0.0,0.0,0.0,0.0,0.0,0.0,0.0,0.0,0.0,0.0,0.0,0.0,0.0,0.0,0.0
35772000000,3399,35772000000,map,base_link,0.10318435728549957,0.13920988142490387,0.3981074094772339,0.16374049592811124,-0.12596781594307174,0.0037036964597433808,-0.9784208807418482,0.0,0.0,0.0,0.0,0.0,0.0,0.0,0.0,0.0,0.0,0.0,0.0,0.0,0.0,0.0,0.0,0.0,0.0,0.0,0.0,0.0,0.0,0.0,0.0,0.0,0.0,0.0,0.0,0.0,0.0,0.0,0.0,0.0,0.0,0.0,0.0,0.2498574747497963,0.5254488169367557,1.3465840135257732,-0.5237484574317932,0.8235654234886169,0.17090818285942067,0.0,0.0,0.0,0.0,0.0,0.0,0.0,0.0,0.0,0.0,0.0,0.0,0.0,0.0,0.0,0.0,0.0,0.0,0.0,0.0,0.0,0.0,0.0,0.0,0.0,0.0,0.0,0.0,0.0,0.0,0.0,0.0,0.0,0.0,0.0,0.0
35780000000,3400,35780000000,map,base_link,0.10631657391786575,0.14717644453048706,0.40633806586265564,0.16468662023728492,-0.12771843666244334,0.0035044683068324234,-0.9780357849870042,0.0,0.0,0.0,0.0,0.0,0.0,0.0,0.0,0.0,0.0,0.0,0.0,0.0,0.0,0.0,0.0,0.0,0.0,0.0,0.0,0.0,0.0,0.0,0.0,0.0,0.0,0.0,0.0,0.0,0.0,0.0,0.0,0.0,0.0,0.0,0.0,0.2622203264246736,0.5445379658449423,1.3712506920046672,-0.5179511904716492,0.8639414310455322,0.1792718470096587,0.0,0.0,0.0,0.0,0.0,0.0,0.0,0.0,0.0,0.0,0.0,0.0,0.0,0.0,0.0,0.0,0.0,0.0,0.0,0.0,0.0,0.0,0.0,0.0,0.0,0.0,0.0,0.0,0.0,0.0,0.0,0.0,0.0,0.0,0.0,0.0
35788000000,3401,35788000000,map,base_link,0.10965871065855026,0.15533505380153656,0.414626806974411,0.16710398829503068,-0.13306276900619107,0.0029676860441976067,-0.9769144259355234,0.0,0.0,0.0,0.0,0.0,0.0,0.0,0.0,0.0,0.0,0.0,0.0,0.0,0.0,0.0,0.0,0.0,0.0,0.0,0.0,0.0,0.0,0.0,0.0,0.0,0.0,0.0,0.0,0.0,0.0,0.0,0.0,0.0,0.0,0.0,0.0,0.2663745980183977,0.5588059968927551,1.397434259742276,-0.4240571856498718,0.8833358287811279,0.17923109233379353,0.0,0.0,0.0,0.0,0.0,0.0,0.0,0.0,0.0,0.0,0.0,0.0,0.0,0.0,0.0,0.0,0.0,0.0,0.0,0.0,0.0,0.0,0.0,0.0,0.0,0.0,0.0,0.0,0.0,0.0,0.0,0.0,0.0,0.0,0.0,0.0
35796000000,3402,35796000000,map,base_link,0.11321622133255005,0.16369310021400452,0.4229680299758911,0.16778226147938352,-0.13473338183619882,0.0028250611088367823,-0.9765695804210073,0.0,0.0,0.0,0.0,0.0,0.0,0.0,0.0,0.0,0.0,0.0,0.0,0.0,0.0,0.0,0.0,0.0,0.0,0.0,0.0,0.0,0.0,0.0,0.0,0.0,0.0,0.0,0.0,0.0,0.0,0.0,0.0,0.0,0.0,0.0,0.0,0.2795681964116266,0.5789814747468336,1.419242394153198,-0.38805025815963745,0.8560308814048767,0.169373258948326,0.0,0.0,0.0,0.0,0.0,0.0,0.0,0.0,0.0,0.0,0.0,0.0,0.0,0.0,0.0,0.0,0.0,0.0,0.0,0.0,0.0,0.0,0.0,0.0,0.0,0.0,0.0,0.0,0.0,0.0,0.0,0.0,0.0,0.0,0.0,0.0
35805000000,3403,35805000000,map,base_link,0.1169833391904831,0.17226667702198029,0.43137165904045105,0.16976442117940582,-0.13931268565920107,0.002540359147145668,-0.9755847350118532,0.0,0.0,0.0,0.0,0.0,0.0,0.0,0.0,0.0,0.0,0.0,0.0,0.0,0.0,0.0,0.0,0.0,0.0,0.0,0.0,0.0,0.0,0.0,0.0,0.0,0.0,0.0,0.0,0.0,0.0,0.0,0.0,0.0,0.0,0.0,0.0,0.2854529055118175,0.5953109663734522,1.445327350440579,-0.35391515493392944,0.7536208629608154,0.12374574691057195,0.0,0.0,0.0,0.0,0.0,0.0,0.0,0.0,0.0,0.0,0.0,0.0,0.0,0.0,0.0,0.0,0.0,0.0,0.0,0.0,0.0,0.0,0.0,0.0,0.0,0.0,0.0,0.0,0.0,0.0,0.0,0.0,0.0,0.0,0.0,0.0
35813000000,3404,35813000000,map,base_link,0.12095150351524353,0.18103547394275665,0.43983957171440125,0.1712787772027375,-0.14229339639667754,0.002521266624770249,-0.97488969133306,0.0,0.0,0.0,0.0,0.0,0.0,0.0,0.0,0.0,0.0,0.0,0.0,0.0,0.0,0.0,0.0,0.0,0.0,0.0,0.0,0.0,0.0,0.0,0.0,0.0,0.0,0.0,0.0,0.0,0.0,0.0,0.0,0.0,0.0,0.0,0.0,0.29557376030919674,0.613311987739882,1.4712511172189098,-0.40315794944763184,0.7544909119606018,0.0712295025587081,0.0,0.0,0.0,0.0,0.0,0.0,0.0,0.0,0.0,0.0,0.0,0.0,0.0,0.0,0.0,0.0,0.0,0.0,0.0,0.0,0.0,0.0,0.0,0.0,0.0,0.0,0.0,0.0,0.0,0.0,0.0,0.0,0.0,0.0,0.0,0.0
35821000000,3405,35821000000,map,base_link,0.12513500452041626,0.19001373648643494,0.44837725162506104,0.17213046754655548,-0.14386769972657085,0.0025844026038395664,-0.9745083466477334,0.0,0.0,0.0,0.0,0.0,0.0,0.0,0.0,0.0,0.0,0.0,0.0,0.0,0.0,0.0,0.0,0.0,0.0,0.0,0.0,0.0,0.0,0.0,0.0,0.0,0.0,0.0,0.0,0.0,0.0,0.0,0.0,0.0,0.0,0.0,0.0,0.3099789965780995,0.6335053804600911,1.502413488961151,-0.4329213500022888,0.7867007255554199,0.04800458624958982,0.0,0.0,0.0,0.0,0.0,0.0,0.0,0.0,0.0,0.0,0.0,0.0,0.0,0.0,0.0,0.0,0.0,0.0,0.0,0.0,0.0,0.0,0.0,0.0,0.0,0.0,0.0,0.0,0.0,0.0,0.0,0.0,0.0,0.0,0.0,0.0
35832000000,3406,35832000000,map,base_link,0.13244585692882538,0.20369771122932434,0.4612564742565155,0.17556555555529377,-0.15069166040756626,0.003195110438762407,-0.9728609949268366,0.0,0.0,0.0,0.0,0.0,0.0,0.0,0.0,0.0,0.0,0.0,0.0,0.0,0.0,0.0,0.0,0.0,0.0,0.0,0.0,0.0,0.0,0.0,0.0,0.0,0.0,0.0,0.0,0.0,0.0,0.0,0.0,0.0,0.0,0.0,0.0,0.31848509436944933,0.657796734991386,1.5443108073672493,-0.4183771312236786,0.8898972868919373,-0.0010254429653288025,0.0,0.0,0.0,0.0,0.0,0.0,0.0,0.0,0.0,0.0,0.0,0.0,0.0,0.0,0.0,0.0,0.0,0.0,0.0,0.0,0.0,0.0,0.0,0.0,0.0,0.0,0.0,0.0,0.0,0.0,0.0,0.0,0.0,0.0,0.0,0.0
35841000000,3407,35841000000,map,base_link,0.13717491924762726,0.2132272869348526,0.4699266850948334,0.17673262549816274,-0.1539536974075859,0.003569500894084689,-0.97213745997845,0.0,0.0,0.0,0.0,0.0,0.0,0.0,0.0,0.0,0.0,0.0,0.0,0.0,0.0,0.0,0.0,0.0,0.0,0.0,0.0,0.0,0.0,0.0,0.0,0.0,0.0,0.0,0.0,0.0,0.0,0.0,0.0,0.0,0.0,0.0,0.0,0.32832950838690067,0.6776947431053313,1.563796786019953,-0.2783481478691101,0.8263371586799622,0.0073265475220977245,0.0,0.0,0.0,0.0,0.0,0.0,0.0,0.0,0.0,0.0,0.0,0.0,0.0,0.0,0.0,0.0,0.0,0.0,0.0,0.0,0.0,0.0,0.0,0.0,0.0,0.0,0.0,0.0,0.0,0.0,0.0,0.0,0.0,0.0,0.0,0.0
35849000000,3408,35849000000,map,base_link,0.14217624068260193,0.22304753959178925,0.47870948910713196,0.17746084928344608,-0.15695823033409415,0.0038587547154149597,-0.9715230010740098,0.0,0.0,0.0,0.0,0.0,0.0,0.0,0.0,0.0,0.0,0.0,0.0,0.0,0.0,0.0,0.0,0.0,0.0,0.0,0.0,0.0,0.0,0.0,0.0,0.0,0.0,0.0,0.0,0.0,0.0,0.0,0.0,0.0,0.0,0.0,0.0,0.33946138961331673,0.6984742955175806,1.5835618415682144,-0.20670194923877716,0.7784708738327026,0.02368277125060549,0.0,0.0,0.0,0.0,0.0,0.0,0.0,0.0,0.0,0.0,0.0,0.0,0.0,0.0,0.0,0.0,0.0,0.0,0.0,0.0,0.0,0.0,0.0,0.0,0.0,0.0,0.0,0.0,0.0,0.0,0.0,0.0,0.0,0.0,0.0,0.0
35857000000,3409,35857000000,map,base_link,0.14737345278263092,0.23301877081394196,0.48743322491645813,0.17813307571212664,-0.15991002174804703,0.004013560089995473,-0.9709178144762418,0.0,0.0,0.0,0.0,0.0,0.0,0.0,0.0,0.0,0.0,0.0,0.0,0.0,0.0,0.0,0.0,0.0,0.0,0.0,0.0,0.0,0.0,0.0,0.0,0.0,0.0,0.0,0.0,0.0,0.0,0.0,0.0,0.0,0.0,0.0,0.0,0.35130072396131806,0.7194151724940628,1.5963369629287787,-0.19034448266029358,0.742431104183197,0.0700673982501029,0.0,0.0,0.0,0.0,0.0,0.0,0.0,0.0,0.0,0.0,0.0,0.0,0.0,0.0,0.0,0.0,0.0,0.0,0.0,0.0,0.0,0.0,0.0,0.0,0.0,0.0,0.0,0.0,0.0,0.0,0.0,0.0,0.0,0.0,0.0,0.0
35865000000,3410,35865000000,map,base_link,0.15270574390888214,0.24305330216884613,0.49599894881248474,0.17912189807156442,-0.1630086850508928,0.003973689171304185,-0.9702204527207806,0.0,0.0,0.0,0.0,0.0,0.0,0.0,0.0,0.0,0.0,0.0,0.0,0.0,0.0,0.0,0.0,0.0,0.0,0.0,0.0,0.0,0.0,0.0,0.0,0.0,0.0,0.0,0.0,0.0,0.0,0.0,0.0,0.0,0.0,0.0,0.0,0.36334492108787464,0.7392513705950806,1.6102765599847655,-0.24883493781089783,0.7658243775367737,0.09595947712659826,0.0,0.0,0.0,0.0,0.0,0.0,0.0,0.0,0.0,0.0,0.0,0.0,0.0,0.0,0.0,0.0,0.0,0.0,0.0,0.0,0.0,0.0,0.0,0.0,0.0,0.0,0.0,0.0,0.0,0.0,0.0,0.0,0.0,0.0,0.0,0.0
35873000000,3411,35873000000,map,base_link,0.15829172730445862,0.2533230185508728,0.5045937895774841,0.18043976877986082,-0.16640327454802373,0.0037646408026901124,-0.9694004436361526,0.0,0.0,0.0,0.0,0.0,0.0,0.0,0.0,0.0,0.0,0.0,0.0,0.0,0.0,0.0,0.0,0.0,0.0,0.0,0.0,0.0,0.0,0.0,0.0,0.0,0.0,0.0,0.0,0.0,0.0,0.0,0.0,0.0,0.0,0.0,0.0,0.37443856919635005,0.7575483253647641,1.6383119177426193,-0.3658871650695801,0.8508363962173462,0.1436774730682372,0.0,0.0,0.0,0.0,0.0,0.0,0.0,0.0,0.0,0.0,0.0,0.0,0.0,0.0,0.0,0.0,0.0,0.0,0.0,0.0,0.0,0.0,0.0,0.0,0.0,0.0,0.0,0.0,0.0,0.0,0.0,0.0,0.0,0.0,0.0,0.0
35881000000,3412,35880000000,map,base_link,0.164174422621727,0.2638801336288452,0.5132876038551331,0.18113128858699176,-0.16820750144888963,0.0036390010472792007,-0.9689604726845474,0.0,0.0,0.0,0.0,0.0,0.0,0.0,0.0,0.0,0.0,0.0,0.0,0.0,0.0,0.0,0.0,0.0,0.0,0.0,0.0,0.0,0.0,0.0,0.0,0.0,0.0,0.0,0.0,0.0,0.0,0.0,0.0,0.0,0.0,0.0,0.0,0.39142319682826227,0.7788388824729783,1.6643027684910037,-0.3877612352371216,0.8920061588287354,0.16101527214050282,0.0,0.0,0.0,0.0,0.0,0.0,0.0,0.0,0.0,0.0,0.0,0.0,0.0,0.0,0.0,0.0,0.0,0.0,0.0,0.0,0.0,0.0,0.0,0.0,0.0,0.0,0.0,0.0,0.0,0.0,0.0,0.0,0.0,0.0,0.0,0.0
35888000000,3413,35888000000,map,base_link,0.17020264267921448,0.274498850107193,0.5218842625617981,0.18280876476786173,-0.1735349579310758,0.003269120304747564,-0.9677065196476513,0.0,0.0,0.0,0.0,0.0,0.0,0.0,0.0,0.0,0.0,0.0,0.0,0.0,0.0,0.0,0.0,0.0,0.0,0.0,0.0,0.0,0.0,0.0,0.0,0.0,0.0,0.0,0.0,0.0,0.0,0.0,0.0,0.0,0.0,0.0,0.0,0.3977141761769718,0.7948792877854176,1.6942000372254908,-0.30885636806488037,0.8836416006088257,0.17063228785991658,0.0,0.0,0.0,0.0,0.0,0.0,0.0,0.0,0.0,0.0,0.0,0.0,0.0,0.0,0.0,0.0,0.0,0.0,0.0,0.0,0.0,0.0,0.0,0.0,0.0,0.0,0.0,0.0,0.0,0.0,0.0,0.0,0.0,0.0,0.0,0.0
35896000000,3414,35896000000,map,base_link,0.17667411267757416,0.28560641407966614,0.5307337641716003,0.1835788367517216,-0.17678944636467264,0.0030755819763855666,-0.9669720686655005,0.0,0.0,0.0,0.0,0.0,0.0,0.0,0.0,0.0,0.0,0.0,0.0,0.0,0.0,0.0,0.0,0.0,0.0,0.0,0.0,0.0,0.0,0.0,0.0,0.0,0.0,0.0,0.0,0.0,0.0,0.0,0.0,0.0,0.0,0.0,0.0,0.4111857278756115,0.8154945946853838,1.7234767060899112,-0.21766310930252075,0.7919982671737671,0.15267226099967948,0.0,0.0,0.0,0.0,0.0,0.0,0.0,0.0,0.0,0.0,0.0,0.0,0.0,0.0,0.0,0.0,0.0,0.0,0.0,0.0,0.0,0.0,0.0,0.0,0.0,0.0,0.0,0.0,0.0,0.0,0.0,0.0,0.0,0.0,0.0,0.0
35904000000,3415,35904000000,map,base_link,0.18326157331466675,0.29672518372535706,0.5394501686096191,0.18393510735490673,-0.1783128830582249,0.003017925087622653,-0.9666247786337707,0.0,0.0,0.0,0.0,0.0,0.0,0.0,0.0,0.0,0.0,0.0,0.0,0.0,0.0,0.0,0.0,0.0,0.0,0.0,0.0,0.0,0.0,0.0,0.0,0.0,0.0,0.0,0.0,0.0,0.0,0.0,0.0,0.0,0.0,0.0,0.0,0.4297779469971595,0.8374550067119355,1.7493289651767419,-0.20498119294643402,0.759768545627594,0.1342429816722869,0.0,0.0,0.0,0.0,0.0,0.0,0.0,0.0,0.0,0.0,0.0,0.0,0.0,0.0,0.0,0.0,0.0,0.0,0.0,0.0,0.0,0.0,0.0,0.0,0.0,0.0,0.0,0.0,0.0,0.0,0.0,0.0,0.0,0.0,0.0,0.0
35912000000,3416,35912000000,map,base_link,0.1900959461927414,0.30805525183677673,0.5481881499290466,0.18512720651657252,-0.18275261438197882,0.00309433732397284,-0.9655671034703899,0.0,0.0,0.0,0.0,0.0,0.0,0.0,0.0,0.0,0.0,0.0,0.0,0.0,0.0,0.0,0.0,0.0,0.0,0.0,0.0,0.0,0.0,0.0,0.0,0.0,0.0,0.0,0.0,0.0,0.0,0.0,0.0,0.0,0.0,0.0,0.0,0.4389321213699518,0.8558180091246775,1.7795422181361955,-0.23266325891017914,0.7619868516921997,0.07027900964021673,0.0,0.0,0.0,0.0,0.0,0.0,0.0,0.0,0.0,0.0,0.0,0.0,0.0,0.0,0.0,0.0,0.0,0.0,0.0,0.0,0.0,0.0,0.0,0.0,0.0,0.0,0.0,0.0,0.0,0.0,0.0,0.0,0.0,0.0,0.0,0.0
35920000000,3417,35920000000,map,base_link,0.19730684161186218,0.31975460052490234,0.5570807456970215,0.1856174668079395,-0.18432906695419202,0.0032143294016834132,-0.9651729039962673,0.0,0.0,0.0,0.0,0.0,0.0,0.0,0.0,0.0,0.0,0.0,0.0,0.0,0.0,0.0,0.0,0.0,0.0,0.0,0.0,0.0,0.0,0.0,0.0,0.0,0.0,0.0,0.0,0.0,0.0,0.0,0.0,0.0,0.0,0.0,0.0,0.45801554560608077,0.8779597272883846,1.8121091912558993,-0.2584208548069,0.8055663108825684,0.04270076379179945,0.0,0.0,0.0,0.0,0.0,0.0,0.0,0.0,0.0,0.0,0.0,0.0,0.0,0.0,0.0,0.0,0.0,0.0,0.0,0.0,0.0,0.0,0.0,0.0,0.0,0.0,0.0,0.0,0.0,0.0,0.0,0.0,0.0,0.0,0.0,0.0
35929000000,3418,35929000000,map,base_link,0.20476828515529633,0.33164212107658386,0.5659960508346558,0.187135365636088,-0.18944584072493145,0.0038817247478534094,-0.9638856970958962,0.0,0.0,0.0,0.0,0.0,0.0,0.0,0.0,0.0,0.0,0.0,0.0,0.0,0.0,0.0,0.0,0.0,0.0,0.0,0.0,0.0,0.0,0.0,0.0,0.0,0.0,0.0,0.0,0.0,0.0,0.0,0.0,0.0,0.0,0.0,0.0,0.4636119434297142,0.8962361597941662,1.8470636006711136,-0.2658485770225525,0.8844976425170898,-0.0024536822456867587,0.0,0.0,0.0,0.0,0.0,0.0,0.0,0.0,0.0,0.0,0.0,0.0,0.0,0.0,0.0,0.0,0.0,0.0,0.0,0.0,0.0,0.0,0.0,0.0,0.0,0.0,0.0,0.0,0.0,0.0,0.0,0.0,0.0,0.0,0.0,0.0
35937000000,3419,35937000000,map,base_link,0.21245884895324707,0.3436901271343231,0.5748786926269531,0.187784818937138,-0.19274731729698966,0.004452898838873053,-0.9631021028883817,0.0,0.0,0.0,0.0,0.0,0.0,0.0,0.0,0.0,0.0,0.0,0.0,0.0,0.0,0.0,0.0,0.0,0.0,0.0,0.0,0.0,0.0,0.0,0.0,0.0,0.0,0.0,0.0,0.0,0.0,0.0,0.0,0.0,0.0,0.0,0.0,0.4761368758242941,0.9176941193138993,1.870589518359171,-0.1443481147289276,0.8482265472412109,-0.01705187931656848,0.0,0.0,0.0,0.0,0.0,0.0,0.0,0.0,0.0,0.0,0.0,0.0,0.0,0.0,0.0,0.0,0.0,0.0,0.0,0.0,0.0,0.0,0.0,0.0,0.0,0.0,0.0,0.0,0.0,0.0,0.0,0.0,0.0,0.0,0.0,0.0
35945000000,3420,35945000000,map,base_link,0.22039924561977386,0.35592737793922424,0.5838103890419006,0.18792261377780506,-0.1957132585275133,0.005031996537412696,-0.9624739462581753,0.0,0.0,0.0,0.0,0.0,0.0,0.0,0.0,0.0,0.0,0.0,0.0,0.0,0.0,0.0,0.0,0.0,0.0,0.0,0.0,0.0,0.0,0.0,0.0,0.0,0.0,0.0,0.0,0.0,0.0,0.0,0.0,0.0,0.0,0.0,0.0,0.49037518666706686,0.9410640250291624,1.8944356906873865,-0.05990969389677048,0.7905937433242798,-0.012822372838854887,0.0,0.0,0.0,0.0,0.0,0.0,0.0,0.0,0.0,0.0,0.0,0.0,0.0,0.0,0.0,0.0,0.0,0.0,0.0,0.0,0.0,0.0,0.0,0.0,0.0,0.0,0.0,0.0,0.0,0.0,0.0,0.0,0.0,0.0,0.0,0.0
35953000000,3421,35953000000,map,base_link,0.22859600186347961,0.36835986375808716,0.592710018157959,0.18776579391557466,-0.19845191003582413,0.005532616804025158,-0.9619408729182095,0.0,0.0,0.0,0.0,0.0,0.0,0.0,0.0,0.0,0.0,0.0,0.0,0.0,0.0,0.0,0.0,0.0,0.0,0.0,0.0,0.0,0.0,0.0,0.0,0.0,0.0,0.0,0.0,0.0,0.0,0.0,0.0,0.0,0.0,0.0,0.0,0.5057929343931213,0.9653883543458092,1.9123191244324333,0.03614659234881401,0.7129402756690979,0.012539779767393979,0.0,0.0,0.0,0.0,0.0,0.0,0.0,0.0,0.0,0.0,0.0,0.0,0.0,0.0,0.0,0.0,0.0,0.0,0.0,0.0,0.0,0.0,0.0,0.0,0.0,0.0,0.0,0.0,0.0,0.0,0.0,0.0,0.0,0.0,0.0,0.0
35960000000,3422,35960000000,map,base_link,0.23700448870658875,0.3809349238872528,0.6015083193778992,0.1877072262597572,-0.1998585446412625,0.005739009921182968,-0.9616598798791873,0.0,0.0,0.0,0.0,0.0,0.0,0.0,0.0,0.0,0.0,0.0,0.0,0.0,0.0,0.0,0.0,0.0,0.0,0.0,0.0,0.0,0.0,0.0,0.0,0.0,0.0,0.0,0.0,0.0,0.0,0.0,0.0,0.0,0.0,0.0,0.0,0.5268657482224979,0.9892285599651693,1.9231092748967298,0.029972799122333527,0.7163912057876587,0.031573612242937,0.0,0.0,0.0,0.0,0.0,0.0,0.0,0.0,0.0,0.0,0.0,0.0,0.0,0.0,0.0,0.0,0.0,0.0,0.0,0.0,0.0,0.0,0.0,0.0,0.0,0.0,0.0,0.0,0.0,0.0,0.0,0.0,0.0,0.0,0.0,0.0
35968000000,3423,35968000000,map,base_link,0.24572455883026123,0.3937798738479614,0.6102921962738037,0.18802427395204688,-0.20450361401155442,0.00609152616212809,-0.9606185998398773,0.0,0.0,0.0,0.0,0.0,0.0,0.0,0.0,0.0,0.0,0.0,0.0,0.0,0.0,0.0,0.0,0.0,0.0,0.0,0.0,0.0,0.0,0.0,0.0,0.0,0.0,0.0,0.0,0.0,0.0,0.0,0.0,0.0,0.0,0.0,0.0,0.5363839517994595,1.0105089490991945,1.9458841818295465,-0.09434372186660767,0.8052068948745728,0.084261231124401,0.0,0.0,0.0,0.0,0.0,0.0,0.0,0.0,0.0,0.0,0.0,0.0,0.0,0.0,0.0,0.0,0.0,0.0,0.0,0.0,0.0,0.0,0.0,0.0,0.0,0.0,0.0,0.0,0.0,0.0,0.0,0.0,0.0,0.0,0.0,0.0
35976000000,3424,35976000000,map,base_link,0.2547335624694824,0.40684688091278076,0.6190665364265442,0.18860013358724081,-0.20793760554368693,0.0061359489404585335,-0.9597678235558363,0.0,0.0,0.0,0.0,0.0,0.0,0.0,0.0,0.0,0.0,0.0,0.0,0.0,0.0,0.0,0.0,0.0,0.0,0.0,0.0,0.0,0.0,0.0,0.0,0.0,0.0,0.0,0.0,0.0,0.0,0.0,0.0,0.0,0.0,0.0,0.0,0.5516303903548045,1.0310326188322558,1.9737811552025861,-0.18382538855075836,0.8740350008010864,0.12197785824537266,0.0,0.0,0.0,0.0,0.0,0.0,0.0,0.0,0.0,0.0,0.0,0.0,0.0,0.0,0.0,0.0,0.0,0.0,0.0,0.0,0.0,0.0,0.0,0.0,0.0,0.0,0.0,0.0,0.0,0.0,0.0,0.0,0.0,0.0,0.0,0.0
35984000000,3425,35984000000,map,base_link,0.2640509009361267,0.42015522718429565,0.6278438568115234,0.18887381744076884,-0.20966357891775828,0.006112430998989491,-0.9593386000506015,0.0,0.0,0.0,0.0,0.0,0.0,0.0,0.0,0.0,0.0,0.0,0.0,0.0,0.0,0.0,0.0,0.0,0.0,0.0,0.0,0.0,0.0,0.0,0.0,0.0,0.0,0.0,0.0,0.0,0.0,0.0,0.0,0.0,0.0,0.0,0.0,0.5734945448153164,1.053219504128194,1.9985626873064466,-0.18118256330490112,0.8697490692138672,0.13973043859004963,0.0,0.0,0.0,0.0,0.0,0.0,0.0,0.0,0.0,0.0,0.0,0.0,0.0,0.0,0.0,0.0,0.0,0.0,0.0,0.0,0.0,0.0,0.0,0.0,0.0,0.0,0.0,0.0,0.0,0.0,0.0,0.0,0.0,0.0,0.0,0.0
35992000000,3426,35992000000,map,base_link,0.2735615372657776,0.4335482716560364,0.636534571647644,0.18923396555401698,-0.21449377305177825,0.006044827453978039,-0.958199623616443,0.0,0.0,0.0,0.0,0.0,0.0,0.0,0.0,0.0,0.0,0.0,0.0,0.0,0.0,0.0,0.0,0.0,0.0,0.0,0.0,0.0,0.0,0.0,0.0,0.0,0.0,0.0,0.0,0.0,0.0,0.0,0.0,0.0,0.0,0.0,0.0,0.5837243903795513,1.0729627610000558,2.031878052201037,-0.07244250923395157,0.7891772985458374,0.14863960444927207,0.0,0.0,0.0,0.0,0.0,0.0,0.0,0.0,0.0,0.0,0.0,0.0,0.0,0.0,0.0,0.0,0.0,0.0,0.0,0.0,0.0,0.0,0.0,0.0,0.0,0.0,0.0,0.0,0.0,0.0,0.0,0.0,0.0,0.0,0.0,0.0
36001000000,3427,36001000000,map,base_link,0.2834377884864807,0.4472452402114868,0.6453359127044678,0.18901307260388234,-0.21878074106515283,0.006179486634970297,-0.9572726879771429,0.0,0.0,0.0,0.0,0.0,0.0,0.0,0.0,0.0,0.0,0.0,0.0,0.0,0.0,0.0,0.0,0.0,0.0,0.0,0.0,0.0,0.0,0.0,0.0,0.0,0.0,0.0,0.0,0.0,0.0,0.0,0.0,0.0,0.0,0.0,0.0,0.5962990450972387,1.0960225681290077,2.0631809980848197,0.013766470365226269,0.7153111100196838,0.1181827560067176,0.0,0.0,0.0,0.0,0.0,0.0,0.0,0.0,0.0,0.0,0.0,0.0,0.0,0.0,0.0,0.0,0.0,0.0,0.0,0.0,0.0,0.0,0.0,0.0,0.0,0.0,0.0,0.0,0.0,0.0,0.0,0.0,0.0,0.0,0.0,0.0
36009000000,3428,36009000000,map,base_link,0.29363325238227844,0.4611823260784149,0.6541443467140198,0.1889325681719595,-0.2202161402361554,0.006318739822450334,-0.9569584410746457,0.0,0.0,0.0,0.0,0.0,0.0,0.0,0.0,0.0,0.0,0.0,0.0,0.0,0.0,0.0,0.0,0.0,0.0,0.0,0.0,0.0,0.0,0.0,0.0,0.0,0.0,0.0,0.0,0.0,0.0,0.0,0.0,0.0,0.0,0.0,0.0,0.6196471339615597,1.11958268117431,2.088469088674324,0.023732271045446396,0.7154896259307861,0.09780387580394737,0.0,0.0,0.0,0.0,0.0,0.0,0.0,0.0,0.0,0.0,0.0,0.0,0.0,0.0,0.0,0.0,0.0,0.0,0.0,0.0,0.0,0.0,0.0,0.0,0.0,0.0,0.0,0.0,0.0,0.0,0.0,0.0,0.0,0.0,0.0,0.0
36017000000,3429,36017000000,map,base_link,0.30408403277397156,0.4752735197544098,0.6629085540771484,0.1888702843494835,-0.22318752598339886,0.006735319273131965,-0.9562792867577411,0.0,0.0,0.0,0.0,0.0,0.0,0.0,0.0,0.0,0.0,0.0,0.0,0.0,0.0,0.0,0.0,0.0,0.0,0.0,0.0,0.0,0.0,0.0,0.0,0.0,0.0,0.0,0.0,0.0,0.0,0.0,0.0,0.0,0.0,0.0,0.0,0.6365332750859074,1.1425997454981245,2.1197549973573366,-0.0026523168198764324,0.7815605998039246,0.034051582217216395,0.0,0.0,0.0,0.0,0.0,0.0,0.0,0.0,0.0,0.0,0.0,0.0,0.0,0.0,0.0,0.0,0.0,0.0,0.0,0.0,0.0,0.0,0.0,0.0,0.0,0.0,0.0,0.0,0.0,0.0,0.0,0.0,0.0,0.0,0.0,0.0
36025000000,3430,36025000000,map,base_link,0.3148847818374634,0.4896264672279358,0.6717200875282288,0.18890274664246,-0.22638667329999515,0.00736132641406427,-0.9555159651843603,0.0,0.0,0.0,0.0,0.0,0.0,0.0,0.0,0.0,0.0,0.0,0.0,0.0,0.0,0.0,0.0,0.0,0.0,0.0,0.0,0.0,0.0,0.0,0.0,0.0,0.0,0.0,0.0,0.0,0.0,0.0,0.0,0.0,0.0,0.0,0.0,0.6517653096983236,1.1654216678117106,2.155695081484316,-0.013838683255016804,0.8267313241958618,0.005811733193695444,0.0,0.0,0.0,0.0,0.0,0.0,0.0,0.0,0.0,0.0,0.0,0.0,0.0,0.0,0.0,0.0,0.0,0.0,0.0,0.0,0.0,0.0,0.0,0.0,0.0,0.0,0.0,0.0,0.0,0.0,0.0,0.0,0.0,0.0,0.0,0.0
36033000000,3431,36033000000,map,base_link,0.3259495794773102,0.5041351914405823,0.6805040240287781,0.18878045887859468,-0.22958791478812682,0.008154108634554222,-0.9547695444972324,0.0,0.0,0.0,0.0,0.0,0.0,0.0,0.0,0.0,0.0,0.0,0.0,0.0,0.0,0.0,0.0,0.0,0.0,0.0,0.0,0.0,0.0,0.0,0.0,0.0,0.0,0.0,0.0,0.0,0.0,0.0,0.0,0.0,0.0,0.0,0.0,0.6666009957147814,1.1895405449767984,2.1848525293248953,0.027289047837257385,0.8481689691543579,-0.03226210176944743,0.0,0.0,0.0,0.0,0.0,0.0,0.0,0.0,0.0,0.0,0.0,0.0,0.0,0.0,0.0,0.0,0.0,0.0,0.0,0.0,0.0,0.0,0.0,0.0,0.0,0.0,0.0,0.0,0.0,0.0,0.0,0.0,0.0,0.0,0.0,0.0
36040000000,3432,36040000000,map,base_link,0.3373557925224304,0.518896222114563,0.6892890930175781,0.18822048662965582,-0.23246550008983125,0.00903603143964464,-0.9541756532548653,0.0,0.0,0.0,0.0,0.0,0.0,0.0,0.0,0.0,0.0,0.0,0.0,0.0,0.0,0.0,0.0,0.0,0.0,0.0,0.0,0.0,0.0,0.0,0.0,0.0,0.0,0.0,0.0,0.0,0.0,0.0,0.0,0.0,0.0,0.0,0.0,0.683609193504503,1.2154135651848548,2.210660429938242,0.17469699680805206,0.7497638463973999,-0.04419104382395753,0.0,0.0,0.0,0.0,0.0,0.0,0.0,0.0,0.0,0.0,0.0,0.0,0.0,0.0,0.0,0.0,0.0,0.0,0.0,0.0,0.0,0.0,0.0,0.0,0.0,0.0,0.0,0.0,0.0,0.0,0.0,0.0,0.0,0.0,0.0,0.0
36048000000,3433,36048000000,map,base_link,0.34905537962913513,0.5338431596755981,0.6980385780334473,0.18723506170133472,-0.235010822028389,0.009907754707395508,-0.9537372838835035,0.0,0.0,0.0,0.0,0.0,0.0,0.0,0.0,0.0,0.0,0.0,0.0,0.0,0.0,0.0,0.0,0.0,0.0,0.0,0.0,0.0,0.0,0.0,0.0,0.0,0.0,0.0,0.0,0.0,0.0,0.0,0.0,0.0,0.0,0.0,0.0,0.7017399773872941,1.2427654288220162,2.23400013805378,0.2565699517726898,0.6793465614318848,-0.034166462719440543,0.0,0.0,0.0,0.0,0.0,0.0,0.0,0.0,0.0,0.0,0.0,0.0,0.0,0.0,0.0,0.0,0.0,0.0,0.0,0.0,0.0,0.0,0.0,0.0,0.0,0.0,0.0,0.0,0.0,0.0,0.0,0.0,0.0,0.0,0.0,0.0
36056000000,3434,36056000000,map,base_link,0.3610391914844513,0.5489713549613953,0.7067322134971619,0.1861518666211805,-0.23751221641408632,0.010706816808313521,-0.9533209994607614,0.0,0.0,0.0,0.0,0.0,0.0,0.0,0.0,0.0,0.0,0.0,0.0,0.0,0.0,0.0,0.0,0.0,0.0,0.0,0.0,0.0,0.0,0.0,0.0,0.0,0.0,0.0,0.0,0.0,0.0,0.0,0.0,0.0,0.0,0.0,0.0,0.7206782784237427,1.2706246695747136,2.2488287724666756,0.2810136377811432,0.6613088846206665,-0.009033101610839448,0.0,0.0,0.0,0.0,0.0,0.0,0.0,0.0,0.0,0.0,0.0,0.0,0.0,0.0,0.0,0.0,0.0,0.0,0.0,0.0,0.0,0.0,0.0,0.0,0.0,0.0,0.0,0.0,0.0,0.0,0.0,0.0,0.0,0.0,0.0,0.0
36064000000,3435,36064000000,map,base_link,0.373307466506958,0.564287006855011,0.7153347134590149,0.1856725463181343,-0.23885563140530286,0.011053306049921593,-0.9530748197186094,0.0,0.0,0.0,0.0,0.0,0.0,0.0,0.0,0.0,0.0,0.0,0.0,0.0,0.0,0.0,0.0,0.0,0.0,0.0,0.0,0.0,0.0,0.0,0.0,0.0,0.0,0.0,0.0,0.0,0.0,0.0,0.0,0.0,0.0,0.0,0.0,0.7456301859623478,1.2955118695997982,2.262655414739747,0.2431739717721939,0.699408769607544,0.013118959031999026,0.0,0.0,0.0,0.0,0.0,0.0,0.0,0.0,0.0,0.0,0.0,0.0,0.0,0.0,0.0,0.0,0.0,0.0,0.0,0.0,0.0,0.0,0.0,0.0,0.0,0.0,0.0,0.0,0.0,0.0,0.0,0.0,0.0,0.0,0.0,0.0
36072000000,3436,36072000000,map,base_link,0.3858238458633423,0.5797340869903564,0.7238361835479736,0.18479540981452786,-0.24340021807893325,0.011812539378996885,-0.9520858860651498,0.0,0.0,0.0,0.0,0.0,0.0,0.0,0.0,0.0,0.0,0.0,0.0,0.0,0.0,0.0,0.0,0.0,0.0,0.0,0.0,0.0,0.0,0.0,0.0,0.0,0.0,0.0,0.0,0.0,0.0,0.0,0.0,0.0,0.0,0.0,0.0,0.7567767739260511,1.320931509733271,2.2876800684530516,0.09916150569915771,0.809869110584259,0.06627807766199102,0.0,0.0,0.0,0.0,0.0,0.0,0.0,0.0,0.0,0.0,0.0,0.0,0.0,0.0,0.0,0.0,0.0,0.0,0.0,0.0,0.0,0.0,0.0,0.0,0.0,0.0,0.0,0.0,0.0,0.0,0.0,0.0,0.0,0.0,0.0,0.0
36080000000,3437,36080000000,map,base_link,0.3985566198825836,0.5952667593955994,0.7322292327880859,0.18461867754200956,-0.24499784705529934,0.011975900563825066,-0.9517082503024921,0.0,0.0,0.0,0.0,0.0,0.0,0.0,0.0,0.0,0.0,0.0,0.0,0.0,0.0,0.0,0.0,0.0,0.0,0.0,0.0,0.0,0.0,0.0,0.0,0.0,0.0,0.0,0.0,0.0,0.0,0.0,0.0,0.0,0.0,0.0,0.0,0.7814402085394958,1.3431972067412947,2.309569432979524,0.06398950517177582,0.8229870796203613,0.08699030429124822,0.0,0.0,0.0,0.0,0.0,0.0,0.0,0.0,0.0,0.0,0.0,0.0,0.0,0.0,0.0,0.0,0.0,0.0,0.0,0.0,0.0,0.0,0.0,0.0,0.0,0.0,0.0,0.0,0.0,0.0,0.0,0.0,0.0,0.0,0.0,0.0
36092000000,3438,36092000000,map,base_link,0.41857975721359253,0.6190152764320374,0.7447283267974854,0.18344243802541144,-0.25078309733765475,0.012392817189294842,-0.9504226871292127,0.0,0.0,0.0,0.0,0.0,0.0,0.0,0.0,0.0,0.0,0.0,0.0,0.0,0.0,0.0,0.0,0.0,0.0,0.0,0.0,0.0,0.0,0.0,0.0,0.0,0.0,0.0,0.0,0.0,0.0,0.0,0.0,0.0,0.0,0.0,0.0,0.8051284739452129,1.3785460968158096,2.3538842453130426,0.14643609523773193,0.7113422155380249,0.1272169202566146,0.0,0.0,0.0,0.0,0.0,0.0,0.0,0.0,0.0,0.0,0.0,0.0,0.0,0.0,0.0,0.0,0.0,0.0,0.0,0.0,0.0,0.0,0.0,0.0,0.0,0.0,0.0,0.0,0.0,0.0,0.0,0.0,0.0,0.0,0.0,0.0
36105000000,3439,36105000000,map,base_link,0.4393022060394287,0.6431834101676941,0.7571641802787781,0.18174234742613735,-0.25460797915775707,0.012886019610569328,-0.9497254939611457,0.0,0.0,0.0,0.0,0.0,0.0,0.0,0.0,0.0,0.0,0.0,0.0,0.0,0.0,0.0,0.0,0.0,0.0,0.0,0.0,0.0,0.0,0.0,0.0,0.0,0.0,0.0,0.0,0.0,0.0,0.0,0.0,0.0,0.0,0.0,0.0,0.8377279035052446,1.41690025326719,2.391712848208928,0.2715291678905487,0.6536532640457153,0.10697825998067848,0.0,0.0,0.0,0.0,0.0,0.0,0.0,0.0,0.0,0.0,0.0,0.0,0.0,0.0,0.0,0.0,0.0,0.0,0.0,0.0,0.0,0.0,0.0,0.0,0.0,0.0,0.0,0.0,0.0,0.0,0.0,0.0,0.0,0.0,0.0,0.0
36117000000,3440,36117000000,map,base_link,0.46121954917907715,0.6683129668235779,0.7698212265968323,0.17991711756527834,-0.25871293205457035,0.013824461339512857,-0.9489501605359392,0.0,0.0,0.0,0.0,0.0,0.0,0.0,0.0,0.0,0.0,0.0,0.0,0.0,0.0,0.0,0.0,0.0,0.0,0.0,0.0,0.0,0.0,0.0,0.0,0.0,0.0,0.0,0.0,0.0,0.0,0.0,0.0,0.0,0.0,0.0,0.0,0.8688650454396767,1.4571813096165758,2.4336654231867514,0.2945226728916168,0.7325965166091919,0.03591265529394141,0.0,0.0,0.0,0.0,0.0,0.0,0.0,0.0,0.0,0.0,0.0,0.0,0.0,0.0,0.0,0.0,0.0,0.0,0.0,0.0,0.0,0.0,0.0,0.0,0.0,0.0,0.0,0.0,0.0,0.0,0.0,0.0,0.0,0.0,0.0,0.0
36125000000,3441,36125000000,map,base_link,0.4757287800312042,0.6848952174186707,0.7780934572219849,0.1788327739835022,-0.26167150384277743,0.014693992971141141,-0.9483306440096775,0.0,0.0,0.0,0.0,0.0,0.0,0.0,0.0,0.0,0.0,0.0,0.0,0.0,0.0,0.0,0.0,0.0,0.0,0.0,0.0,0.0,0.0,0.0,0.0,0.0,0.0,0.0,0.0,0.0,0.0,0.0,0.0,0.0,0.0,0.0,0.0,0.8867084548216986,1.4832245716147878,2.466518644462401,0.2765245735645294,0.7706521153450012,0.0019052925053982984,0.0,0.0,0.0,0.0,0.0,0.0,0.0,0.0,0.0,0.0,0.0,0.0,0.0,0.0,0.0,0.0,0.0,0.0,0.0,0.0,0.0,0.0,0.0,0.0,0.0,0.0,0.0,0.0,0.0,0.0,0.0,0.0,0.0,0.0,0.0,0.0
36133000000,3442,36133000000,map,base_link,0.4906018078327179,0.7016870379447937,0.7863651514053345,0.17770529310227517,-0.2644985985370548,0.015715885460136286,-0.9477416839485864,0.0,0.0,0.0,0.0,0.0,0.0,0.0,0.0,0.0,0.0,0.0,0.0,0.0,0.0,0.0,0.0,0.0,0.0,0.0,0.0,0.0,0.0,0.0,0.0,0.0,0.0,0.0,0.0,0.0,0.0,0.0,0.0,0.0,0.0,0.0,0.0,0.9048818442676595,1.5098519684790868,2.4950606684995065,0.3022386431694031,0.7602590322494507,-0.04733727499842653,0.0,0.0,0.0,0.0,0.0,0.0,0.0,0.0,0.0,0.0,0.0,0.0,0.0,0.0,0.0,0.0,0.0,0.0,0.0,0.0,0.0,0.0,0.0,0.0,0.0,0.0,0.0,0.0,0.0,0.0,0.0,0.0,0.0,0.0,0.0,0.0
36144000000,3443,36144000000,map,base_link,0.5138599872589111,0.7273175716400146,0.7986947298049927,0.17624324263503455,-0.2670026876868788,0.01684786551744181,-0.9472930728930364,0.0,0.0,0.0,0.0,0.0,0.0,0.0,0.0,0.0,0.0,0.0,0.0,0.0,0.0,0.0,0.0,0.0,0.0,0.0,0.0,0.0,0.0,0.0,0.0,0.0,0.0,0.0,0.0,0.0,0.0,0.0,0.0,0.0,0.0,0.0,0.0,0.9421608582296951,1.5480810308645143,2.535119600401754,0.4167165160179138,0.6664534211158752,-0.06694336235523232,0.0,0.0,0.0,0.0,0.0,0.0,0.0,0.0,0.0,0.0,0.0,0.0,0.0,0.0,0.0,0.0,0.0,0.0,0.0,0.0,0.0,0.0,0.0,0.0,0.0,0.0,0.0,0.0,0.0,0.0,0.0,0.0,0.0,0.0,0.0,0.0
36156000000,3444,36156000000,map,base_link,0.5347641110420227,0.7541738748550415,0.8111672401428223,0.17232488700746917,-0.27137749368381714,0.01920994349538639,-0.9467256077246857,0.0,0.0,0.0,0.0,0.0,0.0,0.0,0.0,0.0,0.0,0.0,0.0,0.0,0.0,0.0,0.0,0.0,0.0,0.0,0.0,0.0,0.0,0.0,0.0,0.0,0.0,0.0,0.0,0.0,0.0,0.0,0.0,0.0,0.0,0.0,0.0,0.966763789360019,1.600441043144852,2.5574015976717024,0.5368273258209229,0.5990490913391113,-0.037395663559436874,0.0,0.0,0.0,0.0,0.0,0.0,0.0,0.0,0.0,0.0,0.0,0.0,0.0,0.0,0.0,0.0,0.0,0.0,0.0,0.0,0.0,0.0,0.0,0.0,0.0,0.0,0.0,0.0,0.0,0.0,0.0,0.0,0.0,0.0,0.0,0.0
36169000000,3445,36169000000,map,base_link,0.5564588308334351,0.7813990116119385,0.8234400153160095,0.16978137211504127,-0.27509972948854916,0.020574700597017697,-0.9460819832010758,0.0,0.0,0.0,0.0,0.0,0.0,0.0,0.0,0.0,0.0,0.0,0.0,0.0,0.0,0.0,0.0,0.0,0.0,0.0,0.0,0.0,0.0,0.0,0.0,0.0,0.0,0.0,0.0,0.0,0.0,0.0,0.0,0.0,0.0,0.0,0.0,0.9982073561787913,1.6433344315252825,2.581875643844747,0.4333849549293518,0.679328203201294,-0.00329794688150295,0.0,0.0,0.0,0.0,0.0,0.0,0.0,0.0,0.0,0.0,0.0,0.0,0.0,0.0,0.0,0.0,0.0,0.0,0.0,0.0,0.0,0.0,0.0,0.0,0.0,0.0,0.0,0.0,0.0,0.0,0.0,0.0,0.0,0.0,0.0,0.0
36180000000,3446,36180000000,map,base_link,0.5789532661437988,0.8089663982391357,0.8355343341827393,0.16844698181776213,-0.2778664382856226,0.021202267171344918,-0.945497996468109,0.0,0.0,0.0,0.0,0.0,0.0,0.0,0.0,0.0,0.0,0.0,0.0,0.0,0.0,0.0,0.0,0.0,0.0,0.0,0.0,0.0,0.0,0.0,0.0,0.0,0.0,0.0,0.0,0.0,0.0,0.0,0.0,0.0,0.0,0.0,0.0,1.0359740140042368,1.6787099616940864,2.612083477296815,0.31486329436302185,0.7432306408882141,0.050877995789050966,0.0,0.0,0.0,0.0,0.0,0.0,0.0,0.0,0.0,0.0,0.0,0.0,0.0,0.0,0.0,0.0,0.0,0.0,0.0,0.0,0.0,0.0,0.0,0.0,0.0,0.0,0.0,0.0,0.0,0.0,0.0,0.0,0.0,0.0,0.0,0.0
36193000000,3447,36192000000,map,base_link,0.6022268533706665,0.8368358612060547,0.8475139141082764,0.16544476696792199,-0.28283273842291884,0.022076477103157837,-0.944535025273332,0.0,0.0,0.0,0.0,0.0,0.0,0.0,0.0,0.0,0.0,0.0,0.0,0.0,0.0,0.0,0.0,0.0,0.0,0.0,0.0,0.0,0.0,0.0,0.0,0.0,0.0,0.0,0.0,0.0,0.0,0.0,0.0,0.0,0.0,0.0,0.0,1.0640010581775439,1.7196350391425292,2.6490841581343183,0.3884243369102478,0.6194705963134766,0.10078381747007363,0.0,0.0,0.0,0.0,0.0,0.0,0.0,0.0,0.0,0.0,0.0,0.0,0.0,0.0,0.0,0.0,0.0,0.0,0.0,0.0,0.0,0.0,0.0,0.0,0.0,0.0,0.0,0.0,0.0,0.0,0.0,0.0,0.0,0.0,0.0,0.0
36205000000,3448,36205000000,map,base_link,0.6263163685798645,0.8650491237640381,0.8593790531158447,0.16231726007417108,-0.2860726931084968,0.02289947861403006,-0.9440822416797794,0.0,0.0,0.0,0.0,0.0,0.0,0.0,0.0,0.0,0.0,0.0,0.0,0.0,0.0,0.0,0.0,0.0,0.0,0.0,0.0,0.0,0.0,0.0,0.0,0.0,0.0,0.0,0.0,0.0,0.0,0.0,0.0,0.0,0.0,0.0,0.0,1.1014246086571253,1.761765779664738,2.67924111833625,0.5261589288711548,0.5753486752510071,0.09345778077840798,0.0,0.0,0.0,0.0,0.0,0.0,0.0,0.0,0.0,0.0,0.0,0.0,0.0,0.0,0.0,0.0,0.0,0.0,0.0,0.0,0.0,0.0,0.0,0.0,0.0,0.0,0.0,0.0,0.0,0.0,0.0,0.0,0.0,0.0,0.0,0.0
36216000000,3449,36216000000,map,base_link,0.6512102484703064,0.8935767412185669,0.8711110353469849,0.15889525207645033,-0.2897466128197672,0.024166455027116045,-0.9435122055536695,0.0,0.0,0.0,0.0,0.0,0.0,0.0,0.0,0.0,0.0,0.0,0.0,0.0,0.0,0.0,0.0,0.0,0.0,0.0,0.0,0.0,0.0,0.0,0.0,0.0,0.0,0.0,0.0,0.0,0.0,0.0,0.0,0.0,0.0,0.0,0.0,1.1351918285074853,1.8056876555143122,2.7124286234494805,0.5759080052375793,0.6935901641845703,0.028334103524684823,0.0,0.0,0.0,0.0,0.0,0.0,0.0,0.0,0.0,0.0,0.0,0.0,0.0,0.0,0.0,0.0,0.0,0.0,0.0,0.0,0.0,0.0,0.0,0.0,0.0,0.0,0.0,0.0,0.0,0.0,0.0,0.0,0.0,0.0,0.0,0.0
36229000000,3450,36229000000,map,base_link,0.6769680976867676,0.9224511981010437,0.8827584385871887,0.1557549114673279,-0.29361622034867363,0.02581616697152948,-0.9427956248352873,0.0,0.0,0.0,0.0,0.0,0.0,0.0,0.0,0.0,0.0,0.0,0.0,0.0,0.0,0.0,0.0,0.0,0.0,0.0,0.0,0.0,0.0,0.0,0.0,0.0,0.0,0.0,0.0,0.0,0.0,0.0,0.0,0.0,0.0,0.0,0.0,1.1662738088685272,1.849164095973126,2.7494118960917087,0.5436562895774841,0.715137779712677,-0.025742642581462947,0.0,0.0,0.0,0.0,0.0,0.0,0.0,0.0,0.0,0.0,0.0,0.0,0.0,0.0,0.0,0.0,0.0,0.0,0.0,0.0,0.0,0.0,0.0,0.0,0.0,0.0,0.0,0.0,0.0,0.0,0.0,0.0,0.0,0.0,0.0,0.0
36241000000,3451,36241000000,map,base_link,0.7036387324333191,0.9516611099243164,0.894325315952301,0.15108708477447358,-0.2978789315336412,0.02852738944253828,-0.9421396512850638,0.0,0.0,0.0,0.0,0.0,0.0,0.0,0.0,0.0,0.0,0.0,0.0,0.0,0.0,0.0,0.0,0.0,0.0,0.0,0.0,0.0,0.0,0.0,0.0,0.0,0.0,0.0,0.0,0.0,0.0,0.0,0.0,0.0,0.0,0.0,0.0,1.1924802058552324,1.902400867654098,2.78287591336614,0.658279299736023,0.5780977010726929,-0.08855568617582328,0.0,0.0,0.0,0.0,0.0,0.0,0.0,0.0,0.0,0.0,0.0,0.0,0.0,0.0,0.0,0.0,0.0,0.0,0.0,0.0,0.0,0.0,0.0,0.0,0.0,0.0,0.0,0.0,0.0,0.0,0.0,0.0,0.0,0.0,0.0,0.0
36249000000,3452,36249000000,map,base_link,0.7209690809249878,0.9715178608894348,0.9021246433258057,0.14972188513093299,-0.29879581514957143,0.029247004734013243,-0.9420451580507023,0.0,0.0,0.0,0.0,0.0,0.0,0.0,0.0,0.0,0.0,0.0,0.0,0.0,0.0,0.0,0.0,0.0,0.0,0.0,0.0,0.0,0.0,0.0,0.0,0.0,0.0,0.0,0.0,0.0,0.0,0.0,0.0,0.0,0.0,0.0,0.0,1.2224086919509447,1.9269350853795069,2.805257791952109,0.7057999968528748,0.5467542409896851,-0.08995712548494346,0.0,0.0,0.0,0.0,0.0,0.0,0.0,0.0,0.0,0.0,0.0,0.0,0.0,0.0,0.0,0.0,0.0,0.0,0.0,0.0,0.0,0.0,0.0,0.0,0.0,0.0,0.0,0.0,0.0,0.0,0.0,0.0,0.0,0.0,0.0,0.0
36257000000,3453,36257000000,map,base_link,0.7386752367019653,0.9914740324020386,0.9098421931266785,0.1468858078895667,-0.30066289419682374,0.030701281741881675,-0.9418513246944008,0.0,0.0,0.0,0.0,0.0,0.0,0.0,0.0,0.0,0.0,0.0,0.0,0.0,0.0,0.0,0.0,0.0,0.0,0.0,0.0,0.0,0.0,0.0,0.0,0.0,0.0,0.0,0.0,0.0,0.0,0.0,0.0,0.0,0.0,0.0,0.0,1.2462769491541286,1.9607430668316854,2.8157072765857687,0.7625113129615784,0.5450681447982788,-0.06849230080842979,0.0,0.0,0.0,0.0,0.0,0.0,0.0,0.0,0.0,0.0,0.0,0.0,0.0,0.0,0.0,0.0,0.0,0.0,0.0,0.0,0.0,0.0,0.0,0.0,0.0,0.0,0.0,0.0,0.0,0.0,0.0,0.0,0.0,0.0,0.0,0.0
36265000000,3454,36265000000,map,base_link,0.7567034363746643,1.0114885568618774,0.9174310564994812,0.14418828841268003,-0.30278081021298864,0.0320087191295381,-0.9415460550706364,0.0,0.0,0.0,0.0,0.0,0.0,0.0,0.0,0.0,0.0,0.0,0.0,0.0,0.0,0.0,0.0,0.0,0.0,0.0,0.0,0.0,0.0,0.0,0.0,0.0,0.0,0.0,0.0,0.0,0.0,0.0,0.0,0.0,0.0,0.0,0.0,1.2694259446189236,1.9922872249609478,2.825965840476824,0.7318925857543945,0.5856629610061646,-0.0487813130021096,0.0,0.0,0.0,0.0,0.0,0.0,0.0,0.0,0.0,0.0,0.0,0.0,0.0,0.0,0.0,0.0,0.0,0.0,0.0,0.0,0.0,0.0,0.0,0.0,0.0,0.0,0.0,0.0,0.0,0.0,0.0,0.0,0.0,0.0,0.0,0.0
36273000000,3455,36273000000,map,base_link,0.7751840949058533,1.0316705703735352,0.9249446392059326,0.1418485851429387,-0.3052226774435204,0.033136863823629216,-0.9410739682204659,0.0,0.0,0.0,0.0,0.0,0.0,0.0,0.0,0.0,0.0,0.0,0.0,0.0,0.0,0.0,0.0,0.0,0.0,0.0,0.0,0.0,0.0,0.0,0.0,0.0,0.0,0.0,0.0,0.0,0.0,0.0,0.0,0.0,0.0,0.0,0.0,1.2912668636486746,2.0210755564036615,2.841397192298304,0.6111379861831665,0.6724935173988342,-0.018026394769549453,0.0,0.0,0.0,0.0,0.0,0.0,0.0,0.0,0.0,0.0,0.0,0.0,0.0,0.0,0.0,0.0,0.0,0.0,0.0,0.0,0.0,0.0,0.0,0.0,0.0,0.0,0.0,0.0,0.0,0.0,0.0,0.0,0.0,0.0,0.0,0.0
36280000000,3456,36280000000,map,base_link,0.7939519286155701,1.0518654584884644,0.932380735874176,0.1396988745979284,-0.30768077647908487,0.0339932034916736,-0.9405643285282721,0.0,0.0,0.0,0.0,0.0,0.0,0.0,0.0,0.0,0.0,0.0,0.0,0.0,0.0,0.0,0.0,0.0,0.0,0.0,0.0,0.0,0.0,0.0,0.0,0.0,0.0,0.0,0.0,0.0,0.0,0.0,0.0,0.0,0.0,0.0,0.0,1.3139976309757107,2.0475312054735655,2.8563164604699693,0.5425397157669067,0.6765944957733154,0.03779754415154449,0.0,0.0,0.0,0.0,0.0,0.0,0.0,0.0,0.0,0.0,0.0,0.0,0.0,0.0,0.0,0.0,0.0,0.0,0.0,0.0,0.0,0.0,0.0,0.0,0.0,0.0,0.0,0.0,0.0,0.0,0.0,0.0,0.0,0.0,0.0,0.0
36288000000,3457,36288000000,map,base_link,0.8132095336914062,1.0722484588623047,0.939755380153656,0.1373639813372734,-0.30992349458204654,0.034742869486136786,-0.9401444194765581,0.0,0.0,0.0,0.0,0.0,0.0,0.0,0.0,0.0,0.0,0.0,0.0,0.0,0.0,0.0,0.0,0.0,0.0,0.0,0.0,0.0,0.0,0.0,0.0,0.0,0.0,0.0,0.0,0.0,0.0,0.0,0.0,0.0,0.0,0.0,0.0,1.3391522882229998,2.0741585624514,2.875414890167617,0.5749659538269043,0.6247071623802185,0.06404738873243324,0.0,0.0,0.0,0.0,0.0,0.0,0.0,0.0,0.0,0.0,0.0,0.0,0.0,0.0,0.0,0.0,0.0,0.0,0.0,0.0,0.0,0.0,0.0,0.0,0.0,0.0,0.0,0.0,0.0,0.0,0.0,0.0,0.0,0.0,0.0,0.0
36296000000,3458,36296000000,map,base_link,0.8329814672470093,1.0928237438201904,0.947092592716217,0.13458410691839642,-0.31189532962127264,0.03551419896073469,-0.9398655337799615,0.0,0.0,0.0,0.0,0.0,0.0,0.0,0.0,0.0,0.0,0.0,0.0,0.0,0.0,0.0,0.0,0.0,0.0,0.0,0.0,0.0,0.0,0.0,0.0,0.0,0.0,0.0,0.0,0.0,0.0,0.0,0.0,0.0,0.0,0.0,0.0,1.3664032844413283,2.1026111335905817,2.892138495615165,0.7148067355155945,0.5389614701271057,0.08652818202972405,0.0,0.0,0.0,0.0,0.0,0.0,0.0,0.0,0.0,0.0,0.0,0.0,0.0,0.0,0.0,0.0,0.0,0.0,0.0,0.0,0.0,0.0,0.0,0.0,0.0,0.0,0.0,0.0,0.0,0.0,0.0,0.0,0.0,0.0,0.0,0.0
36304000000,3459,36304000000,map,base_link,0.8528153300285339,1.1131869554519653,0.9542453289031982,0.13300993266322667,-0.31287489613765074,0.035968584134530614,-0.9397467218140093,0.0,0.0,0.0,0.0,0.0,0.0,0.0,0.0,0.0,0.0,0.0,0.0,0.0,0.0,0.0,0.0,0.0,0.0,0.0,0.0,0.0,0.0,0.0,0.0,0.0,0.0,0.0,0.0,0.0,0.0,0.0,0.0,0.0,0.0,0.0,0.0,1.398732026554979,2.1244033950404746,2.9091472253359396,0.7743064761161804,0.5364135503768921,0.08336263895034783,0.0,0.0,0.0,0.0,0.0,0.0,0.0,0.0,0.0,0.0,0.0,0.0,0.0,0.0,0.0,0.0,0.0,0.0,0.0,0.0,0.0,0.0,0.0,0.0,0.0,0.0,0.0,0.0,0.0,0.0,0.0,0.0,0.0,0.0,0.0,0.0
36312000000,3460,36312000000,map,base_link,0.873213529586792,1.1337765455245972,0.9613693952560425,0.12804681461299294,-0.3160872762475904,0.03758504221546891,-0.9392977314368227,0.0,0.0,0.0,0.0,0.0,0.0,0.0,0.0,0.0,0.0,0.0,0.0,0.0,0.0,0.0,0.0,0.0,0.0,0.0,0.0,0.0,0.0,0.0,0.0,0.0,0.0,0.0,0.0,0.0,0.0,0.0,0.0,0.0,0.0,0.0,0.0,1.4182629548239913,2.1647018672907046,2.9203263149107332,0.8553438186645508,0.6275791525840759,0.052655894309282227,0.0,0.0,0.0,0.0,0.0,0.0,0.0,0.0,0.0,0.0,0.0,0.0,0.0,0.0,0.0,0.0,0.0,0.0,0.0,0.0,0.0,0.0,0.0,0.0,0.0,0.0,0.0,0.0,0.0,0.0,0.0,0.0,0.0,0.0,0.0,0.0
36320000000,3461,36320000000,map,base_link,0.8938978910446167,1.1543397903442383,0.9684373140335083,0.12641170655158857,-0.3172999464463701,0.038208141223854,-0.9390852270266308,0.0,0.0,0.0,0.0,0.0,0.0,0.0,0.0,0.0,0.0,0.0,0.0,0.0,0.0,0.0,0.0,0.0,0.0,0.0,0.0,0.0,0.0,0.0,0.0,0.0,0.0,0.0,0.0,0.0,0.0,0.0,0.0,0.0,0.0,0.0,0.0,1.4490758901319365,2.186058056695898,2.9394480498607045,0.8462310433387756,0.6768441200256348,0.02920032106339923,0.0,0.0,0.0,0.0,0.0,0.0,0.0,0.0,0.0,0.0,0.0,0.0,0.0,0.0,0.0,0.0,0.0,0.0,0.0,0.0,0.0,0.0,0.0,0.0,0.0,0.0,0.0,0.0,0.0,0.0,0.0,0.0,0.0,0.0,0.0,0.0
36329000000,3462,36329000000,map,base_link,0.9152532815933228,1.1751765012741089,0.9754975438117981,0.12177692298796682,-0.32092737818373296,0.0402632637040937,-0.9383788879924367,0.0,0.0,0.0,0.0,0.0,0.0,0.0,0.0,0.0,0.0,0.0,0.0,0.0,0.0,0.0,0.0,0.0,0.0,0.0,0.0,0.0,0.0,0.0,0.0,0.0,0.0,0.0,0.0,0.0,0.0,0.0,0.0,0.0,0.0,0.0,0.0,1.4641455608272593,2.225826028990432,2.954217373117758,0.8021974563598633,0.6912208795547485,-0.020661508664488876,0.0,0.0,0.0,0.0,0.0,0.0,0.0,0.0,0.0,0.0,0.0,0.0,0.0,0.0,0.0,0.0,0.0,0.0,0.0,0.0,0.0,0.0,0.0,0.0,0.0,0.0,0.0,0.0,0.0,0.0,0.0,0.0,0.0,0.0,0.0,0.0
36337000000,3463,36337000000,map,base_link,0.9369154572486877,1.1959632635116577,0.9824527502059937,0.11863436966929754,-0.3230219922610274,0.04184431843228285,-0.9379935393565016,0.0,0.0,0.0,0.0,0.0,0.0,0.0,0.0,0.0,0.0,0.0,0.0,0.0,0.0,0.0,0.0,0.0,0.0,0.0,0.0,0.0,0.0,0.0,0.0,0.0,0.0,0.0,0.0,0.0,0.0,0.0,0.0,0.0,0.0,0.0,0.0,1.487906697259938,2.2573335337597897,2.973307231449833,0.8398248553276062,0.6017695665359497,-0.07431115955114372,0.0,0.0,0.0,0.0,0.0,0.0,0.0,0.0,0.0,0.0,0.0,0.0,0.0,0.0,0.0,0.0,0.0,0.0,0.0,0.0,0.0,0.0,0.0,0.0,0.0,0.0,0.0,0.0,0.0,0.0,0.0,0.0,0.0,0.0,0.0,0.0
36345000000,3464,36345000000,map,base_link,0.9590623378753662,1.2168357372283936,0.989374577999115,0.11520072914138775,-0.3247488961584885,0.04359353908603051,-0.937745505153015,0.0,0.0,0.0,0.0,0.0,0.0,0.0,0.0,0.0,0.0,0.0,0.0,0.0,0.0,0.0,0.0,0.0,0.0,0.0,0.0,0.0,0.0,0.0,0.0,0.0,0.0,0.0,0.0,0.0,0.0,0.0,0.0,0.0,0.0,0.0,0.0,1.513506092630109,2.29055087936668,2.992949888826467,0.9100360870361328,0.5332841277122498,-0.09328945726156242,0.0,0.0,0.0,0.0,0.0,0.0,0.0,0.0,0.0,0.0,0.0,0.0,0.0,0.0,0.0,0.0,0.0,0.0,0.0,0.0,0.0,0.0,0.0,0.0,0.0,0.0,0.0,0.0,0.0,0.0,0.0,0.0,0.0,0.0,0.0,0.0
36353000000,3465,36353000000,map,base_link,0.9815285205841064,1.237657070159912,0.9962072372436523,0.11153345809546997,-0.3263951836714604,0.045415168025519904,-0.9375308512535491,0.0,0.0,0.0,0.0,0.0,0.0,0.0,0.0,0.0,0.0,0.0,0.0,0.0,0.0,0.0,0.0,0.0,0.0,0.0,0.0,0.0,0.0,0.0,0.0,0.0,0.0,0.0,0.0,0.0,0.0,0.0,0.0,0.0,0.0,0.0,0.0,1.5391884497298982,2.3251919148315197,3.0036872454817365,0.9923670291900635,0.4987119138240814,-0.0983144566416741,0.0,0.0,0.0,0.0,0.0,0.0,0.0,0.0,0.0,0.0,0.0,0.0,0.0,0.0,0.0,0.0,0.0,0.0,0.0,0.0,0.0,0.0,0.0,0.0,0.0,0.0,0.0,0.0,0.0,0.0,0.0,0.0,0.0,0.0,0.0,0.0
36361000000,3466,36361000000,map,base_link,1.004477620124817,1.258579969406128,1.0029605627059937,0.10785560819057596,-0.3282323964081867,0.0472247851131836,-0.9372302599299693,0.0,0.0,0.0,0.0,0.0,0.0,0.0,0.0,0.0,0.0,0.0,0.0,0.0,0.0,0.0,0.0,0.0,0.0,0.0,0.0,0.0,0.0,0.0,0.0,0.0,0.0,0.0,0.0,0.0,0.0,0.0,0.0,0.0,0.0,0.0,0.0,1.5642010792695138,2.3594182873502603,3.0099195759105237,0.9834666848182678,0.5665180683135986,-0.08311031013727195,0.0,0.0,0.0,0.0,0.0,0.0,0.0,0.0,0.0,0.0,0.0,0.0,0.0,0.0,0.0,0.0,0.0,0.0,0.0,0.0,0.0,0.0,0.0,0.0,0.0,0.0,0.0,0.0,0.0,0.0,0.0,0.0,0.0,0.0,0.0,0.0
36368000000,3467,36368000000,map,base_link,1.027766227722168,1.2794840335845947,1.009587049484253,0.10439364498046685,-0.3303304033067862,0.048840948166182376,-0.9368022165364928,0.0,0.0,0.0,0.0,0.0,0.0,0.0,0.0,0.0,0.0,0.0,0.0,0.0,0.0,0.0,0.0,0.0,0.0,0.0,0.0,0.0,0.0,0.0,0.0,0.0,0.0,0.0,0.0,0.0,0.0,0.0,0.0,0.0,0.0,0.0,0.0,1.5884193647210845,2.390847680369636,3.0202927427694664,0.9378710985183716,0.6097795963287354,-0.06019135937094696,0.0,0.0,0.0,0.0,0.0,0.0,0.0,0.0,0.0,0.0,0.0,0.0,0.0,0.0,0.0,0.0,0.0,0.0,0.0,0.0,0.0,0.0,0.0,0.0,0.0,0.0,0.0,0.0,0.0,0.0,0.0,0.0,0.0,0.0,0.0,0.0
36376000000,3468,36376000000,map,base_link,1.0516729354858398,1.300585150718689,1.0161598920822144,0.10117662871719095,-0.33254289158265343,0.050233859362618906,-0.9362986038436361,0.0,0.0,0.0,0.0,0.0,0.0,0.0,0.0,0.0,0.0,0.0,0.0,0.0,0.0,0.0,0.0,0.0,0.0,0.0,0.0,0.0,0.0,0.0,0.0,0.0,0.0,0.0,0.0,0.0,0.0,0.0,0.0,0.0,0.0,0.0,0.0,1.6134653147143938,2.419818827508737,3.0303752820851835,0.8216544389724731,0.6368645429611206,-0.008660445921123106,0.0,0.0,0.0,0.0,0.0,0.0,0.0,0.0,0.0,0.0,0.0,0.0,0.0,0.0,0.0,0.0,0.0,0.0,0.0,0.0,0.0,0.0,0.0,0.0,0.0,0.0,0.0,0.0,0.0,0.0,0.0,0.0,0.0,0.0,0.0,0.0
36384000000,3469,36384000000,map,base_link,1.0757213830947876,1.3215030431747437,1.0225558280944824,0.09959260263618178,-0.33361567639122547,0.05085337588888054,-0.9360533513321512,0.0,0.0,0.0,0.0,0.0,0.0,0.0,0.0,0.0,0.0,0.0,0.0,0.0,0.0,0.0,0.0,0.0,0.0,0.0,0.0,0.0,0.0,0.0,0.0,0.0,0.0,0.0,0.0,0.0,0.0,0.0,0.0,0.0,0.0,0.0,0.0,1.6464713694002144,2.437524424279668,3.045714443592342,0.8090962171554565,0.6165385842323303,0.012162447907030506,0.0,0.0,0.0,0.0,0.0,0.0,0.0,0.0,0.0,0.0,0.0,0.0,0.0,0.0,0.0,0.0,0.0,0.0,0.0,0.0,0.0,0.0,0.0,0.0,0.0,0.0,0.0,0.0,0.0,0.0,0.0,0.0,0.0,0.0,0.0,0.0
36392000000,3470,36392000000,map,base_link,1.1003944873809814,1.342603087425232,1.0289115905761719,0.09447981059017373,-0.3364380401017575,0.052579795097583794,-0.9354777096751894,0.0,0.0,0.0,0.0,0.0,0.0,0.0,0.0,0.0,0.0,0.0,0.0,0.0,0.0,0.0,0.0,0.0,0.0,0.0,0.0,0.0,0.0,0.0,0.0,0.0,0.0,0.0,0.0,0.0,0.0,0.0,0.0,0.0,0.0,0.0,0.0,1.6687189101143944,2.475006017949757,3.0550348595130625,0.8800982236862183,0.5372661352157593,0.05576188117265695,0.0,0.0,0.0,0.0,0.0,0.0,0.0,0.0,0.0,0.0,0.0,0.0,0.0,0.0,0.0,0.0,0.0,0.0,0.0,0.0,0.0,0.0,0.0,0.0,0.0,0.0,0.0,0.0,0.0,0.0,0.0,0.0,0.0,0.0,0.0,0.0
36400000000,3471,36400000000,map,base_link,1.1253458261489868,1.363604187965393,1.0351512432098389,0.09254597620323624,-0.3372926622857251,0.053188479883778096,-0.9353287627125519,0.0,0.0,0.0,0.0,0.0,0.0,0.0,0.0,0.0,0.0,0.0,0.0,0.0,0.0,0.0,0.0,0.0,0.0,0.0,0.0,0.0,0.0,0.0,0.0,0.0,0.0,0.0,0.0,0.0,0.0,0.0,0.0,0.0,0.0,0.0,0.0,1.704068520547429,2.4931251045991716,3.07074041589311,0.974492073059082,0.5109002590179443,0.07028902322053902,0.0,0.0,0.0,0.0,0.0,0.0,0.0,0.0,0.0,0.0,0.0,0.0,0.0,0.0,0.0,0.0,0.0,0.0,0.0,0.0,0.0,0.0,0.0,0.0,0.0,0.0,0.0,0.0,0.0,0.0,0.0,0.0,0.0,0.0,0.0,0.0
36413000000,3472,36412000000,map,base_link,1.164333462715149,1.3948830366134644,1.0442004203796387,0.08381035696306516,-0.340967287956708,0.056017966411708454,-0.9346545817237716,0.0,0.0,0.0,0.0,0.0,0.0,0.0,0.0,0.0,0.0,0.0,0.0,0.0,0.0,0.0,0.0,0.0,0.0,0.0,0.0,0.0,0.0,0.0,0.0,0.0,0.0,0.0,0.0,0.0,0.0,0.0,0.0,0.0,0.0,0.0,0.0,1.7418187217511842,2.5542439098011016,3.0767281329578386,1.1555198431015015,0.5791010856628418,0.06306942552328103,0.0,0.0,0.0,0.0,0.0,0.0,0.0,0.0,0.0,0.0,0.0,0.0,0.0,0.0,0.0,0.0,0.0,0.0,0.0,0.0,0.0,0.0,0.0,0.0,0.0,0.0,0.0,0.0,0.0,0.0,0.0,0.0,0.0,0.0,0.0,0.0
36425000000,3473,36425000000,map,base_link,1.204506278038025,1.4263944625854492,1.053105354309082,0.07945283644237233,-0.34314834522029825,0.057640493638832314,-0.9341381563889677,0.0,0.0,0.0,0.0,0.0,0.0,0.0,0.0,0.0,0.0,0.0,0.0,0.0,0.0,0.0,0.0,0.0,0.0,0.0,0.0,0.0,0.0,0.0,0.0,0.0,0.0,0.0,0.0,0.0,0.0,0.0,0.0,0.0,0.0,0.0,0.0,1.7895815266180537,2.589066323055272,3.0961759016337913,1.1109358072280884,0.6554916501045227,0.015972429886460224,0.0,0.0,0.0,0.0,0.0,0.0,0.0,0.0,0.0,0.0,0.0,0.0,0.0,0.0,0.0,0.0,0.0,0.0,0.0,0.0,0.0,0.0,0.0,0.0,0.0,0.0,0.0,0.0,0.0,0.0,0.0,0.0,0.0,0.0,0.0,0.0
36433000000,3474,36433000000,map,base_link,1.2311694622039795,1.4474514722824097,1.0589981079101562,0.07334601097423485,-0.34619771185690995,0.06025342965911377,-0.9333472286298121,0.0,0.0,0.0,0.0,0.0,0.0,0.0,0.0,0.0,0.0,0.0,0.0,0.0,0.0,0.0,0.0,0.0,0.0,0.0,0.0,0.0,0.0,0.0,0.0,0.0,0.0,0.0,0.0,0.0,0.0,0.0,0.0,0.0,0.0,0.0,0.0,1.8075349980012623,2.6333221188461,3.1009045195196463,1.0601367950439453,0.5910041928291321,-0.04534211382269866,0.0,0.0,0.0,0.0,0.0,0.0,0.0,0.0,0.0,0.0,0.0,0.0,0.0,0.0,0.0,0.0,0.0,0.0,0.0,0.0,0.0,0.0,0.0,0.0,0.0,0.0,0.0,0.0,0.0,0.0,0.0,0.0,0.0,0.0,0.0,0.0
36441000000,3475,36441000000,map,base_link,1.2582385540008545,1.468465805053711,1.0648252964019775,0.06912741700294606,-0.34778225423681336,0.062236902496884884,-0.9329499102889001,0.0,0.0,0.0,0.0,0.0,0.0,0.0,0.0,0.0,0.0,0.0,0.0,0.0,0.0,0.0,0.0,0.0,0.0,0.0,0.0,0.0,0.0,0.0,0.0,0.0,0.0,0.0,0.0,0.0,0.0,0.0,0.0,0.0,0.0,0.0,0.0,1.8347590614058138,2.6658148396431374,3.1149922126592804,1.1467456817626953,0.4925585389137268,-0.08650580793619161,0.0,0.0,0.0,0.0,0.0,0.0,0.0,0.0,0.0,0.0,0.0,0.0,0.0,0.0,0.0,0.0,0.0,0.0,0.0,0.0,0.0,0.0,0.0,0.0,0.0,0.0,0.0,0.0,0.0,0.0,0.0,0.0,0.0,0.0,0.0,0.0
36449000000,3476,36449000000,map,base_link,1.2856416702270508,1.48936927318573,1.070589303970337,0.06458218495569787,-0.34917186744235396,0.0644316153393927,-0.932607467144749,0.0,0.0,0.0,0.0,0.0,0.0,0.0,0.0,0.0,0.0,0.0,0.0,0.0,0.0,0.0,0.0,0.0,0.0,0.0,0.0,0.0,0.0,0.0,0.0,0.0,0.0,0.0,0.0,0.0,0.0,0.0,0.0,0.0,0.0,0.0,0.0,1.862641232877026,2.700061955234401,3.1249458151774423,1.2158775329589844,0.4658339321613312,-0.10058943182230001,0.0,0.0,0.0,0.0,0.0,0.0,0.0,0.0,0.0,0.0,0.0,0.0,0.0,0.0,0.0,0.0,0.0,0.0,0.0,0.0,0.0,0.0,0.0,0.0,0.0,0.0,0.0,0.0,0.0,0.0,0.0,0.0,0.0,0.0,0.0,0.0
36460000000,3477,36460000000,map,base_link,1.3286398649215698,1.5207613706588745,1.0790523290634155,0.0598805038067772,-0.3506411803384286,0.06669422675485151,-0.9322107810065645,0.0,0.0,0.0,0.0,0.0,0.0,0.0,0.0,0.0,0.0,0.0,0.0,0.0,0.0,0.0,0.0,0.0,0.0,0.0,0.0,0.0,0.0,0.0,0.0,0.0,0.0,0.0,0.0,0.0,0.0,0.0,0.0,0.0,0.0,0.0,0.0,1.912132406760032,2.736043392525917,3.1380444283922504,1.2668391466140747,0.5008659362792969,-0.10260356217622763,0.0,0.0,0.0,0.0,0.0,0.0,0.0,0.0,0.0,0.0,0.0,0.0,0.0,0.0,0.0,0.0,0.0,0.0,0.0,0.0,0.0,0.0,0.0,0.0,0.0,0.0,0.0,0.0,0.0,0.0,0.0,0.0,0.0,0.0,0.0,0.0
36469000000,3478,36469000000,map,base_link,1.3571115732192993,1.5415983200073242,1.0846089124679565,0.05310260567993713,-0.3533953188379336,0.0698770303138487,-0.9313480771643949,0.0,0.0,0.0,0.0,0.0,0.0,0.0,0.0,0.0,0.0,0.0,0.0,0.0,0.0,0.0,0.0,0.0,0.0,0.0,0.0,0.0,0.0,0.0,0.0,0.0,0.0,0.0,0.0,0.0,0.0,0.0,0.0,0.0,0.0,0.0,0.0,1.9296484754612724,2.784435406661116,3.1343595414081826,1.199713945388794,0.5935413241386414,-0.08249055594205863,0.0,0.0,0.0,0.0,0.0,0.0,0.0,0.0,0.0,0.0,0.0,0.0,0.0,0.0,0.0,0.0,0.0,0.0,0.0,0.0,0.0,0.0,0.0,0.0,0.0,0.0,0.0,0.0,0.0,0.0,0.0,0.0,0.0,0.0,0.0,0.0
36480000000,3479,36480000000,map,base_link,1.4014379978179932,1.5727343559265137,1.0926778316497803,0.04881473282640855,-0.3553266770975211,0.07171366353140793,-0.93070799297606,0.0,0.0,0.0,0.0,0.0,0.0,0.0,0.0,0.0,0.0,0.0,0.0,0.0,0.0,0.0,0.0,0.0,0.0,0.0,0.0,0.0,0.0,0.0,0.0,0.0,0.0,0.0,0.0,0.0,0.0,0.0,0.0,0.0,0.0,0.0,0.0,1.978216974936898,2.8139929331025115,3.148374004986967,1.1168543100357056,0.6073141098022461,-0.03560018166899689,0.0,0.0,0.0,0.0,0.0,0.0,0.0,0.0,0.0,0.0,0.0,0.0,0.0,0.0,0.0,0.0,0.0,0.0,0.0,0.0,0.0,0.0,0.0,0.0,0.0,0.0,0.0,0.0,0.0,0.0,0.0,0.0,0.0,0.0,0.0,0.0
36493000000,3480,36492000000,map,base_link,1.4465763568878174,1.603700876235962,1.1006085872650146,0.039995294041261426,-0.35854985733739164,0.07494889776995264,-0.9296370837022467,0.0,0.0,0.0,0.0,0.0,0.0,0.0,0.0,0.0,0.0,0.0,0.0,0.0,0.0,0.0,0.0,0.0,0.0,0.0,0.0,0.0,0.0,0.0,0.0,0.0,0.0,0.0,0.0,0.0,0.0,0.0,0.0,0.0,0.0,0.0,0.0,2.017989796855482,2.86912393591142,3.149891953748911,1.1601545810699463,0.49624720215797424,0.04233848303556436,0.0,0.0,0.0,0.0,0.0,0.0,0.0,0.0,0.0,0.0,0.0,0.0,0.0,0.0,0.0,0.0,0.0,0.0,0.0,0.0,0.0,0.0,0.0,0.0,0.0,0.0,0.0,0.0,0.0,0.0,0.0,0.0,0.0,0.0,0.0,0.0
36504000000,3481,36504000000,map,base_link,1.4927136898040771,1.6345714330673218,1.108359694480896,0.03501298863824309,-0.36001766348363207,0.07659557514127338,-0.9291364634356343,0.0,0.0,0.0,0.0,0.0,0.0,0.0,0.0,0.0,0.0,0.0,0.0,0.0,0.0,0.0,0.0,0.0,0.0,0.0,0.0,0.0,0.0,0.0,0.0,0.0,0.0,0.0,0.0,0.0,0.0,0.0,0.0,0.0,0.0,0.0,0.0,2.072515697562198,2.89732668722106,3.166225302935372,1.299328327178955,0.5038633942604065,0.07046769559383387,0.0,0.0,0.0,0.0,0.0,0.0,0.0,0.0,0.0,0.0,0.0,0.0,0.0,0.0,0.0,0.0,0.0,0.0,0.0,0.0,0.0,0.0,0.0,0.0,0.0,0.0,0.0,0.0,0.0,0.0,0.0,0.0,0.0,0.0,0.0,0.0
36516000000,3482,36516000000,map,base_link,1.5397406816482544,1.6652555465698242,1.115923285484314,0.024153779362426353,-0.3634225282507211,0.08031667824945163,-0.927841585808834,0.0,0.0,0.0,0.0,0.0,0.0,0.0,0.0,0.0,0.0,0.0,0.0,0.0,0.0,0.0,0.0,0.0,0.0,0.0,0.0,0.0,0.0,0.0,0.0,0.0,0.0,0.0,0.0,0.0,0.0,0.0,0.0,0.0,0.0,0.0,0.0,2.111729534311582,2.9615567991634335,3.156944782803149,1.396545648574829,0.6038259863853455,0.04083988815546028,0.0,0.0,0.0,0.0,0.0,0.0,0.0,0.0,0.0,0.0,0.0,0.0,0.0,0.0,0.0,0.0,0.0,0.0,0.0,0.0,0.0,0.0,0.0,0.0,0.0,0.0,0.0,0.0,0.0,0.0,0.0,0.0,0.0,0.0,0.0,0.0
36529000000,3483,36529000000,map,base_link,1.5876269340515137,1.6957380771636963,1.123255729675293,0.016558727599944978,-0.3660893911636721,0.0832482444444754,-0.9267006706196441,0.0,0.0,0.0,0.0,0.0,0.0,0.0,0.0,0.0,0.0,0.0,0.0,0.0,0.0,0.0,0.0,0.0,0.0,0.0,0.0,0.0,0.0,0.0,0.0,0.0,0.0,0.0,0.0,0.0,0.0,0.0,0.0,0.0,0.0,0.0,0.0,2.1550876668610766,3.0058851031852174,3.159152309254337,1.3089501857757568,0.5968509316444397,-0.001989735756069495,0.0,0.0,0.0,0.0,0.0,0.0,0.0,0.0,0.0,0.0,0.0,0.0,0.0,0.0,0.0,0.0,0.0,0.0,0.0,0.0,0.0,0.0,0.0,0.0,0.0,0.0,0.0,0.0,0.0,0.0,0.0,0.0,0.0,0.0,0.0,0.0
36537000000,3484,36537000000,map,base_link,1.6194881200790405,1.7159192562103271,1.1280956268310547,0.01174598950519812,-0.3675562173956846,0.0853387702774642,-0.9260031824236374,0.0,0.0,0.0,0.0,0.0,0.0,0.0,0.0,0.0,0.0,0.0,0.0,0.0,0.0,0.0,0.0,0.0,0.0,0.0,0.0,0.0,0.0,0.0,0.0,0.0,0.0,0.0,0.0,0.0,0.0,0.0,0.0,0.0,0.0,0.0,0.0,2.1843201926176246,3.0341061627060437,3.164820429766912,1.2836740016937256,0.49693265557289124,-0.06256812065839773,0.0,0.0,0.0,0.0,0.0,0.0,0.0,0.0,0.0,0.0,0.0,0.0,0.0,0.0,0.0,0.0,0.0,0.0,0.0,0.0,0.0,0.0,0.0,0.0,0.0,0.0,0.0,0.0,0.0,0.0,0.0,0.0,0.0,0.0,0.0,0.0
36549000000,3485,36549000000,map,base_link,1.6662509441375732,1.74880850315094,1.1353490352630615,0.004007259136143055,-0.3693661505847122,0.08897300873086159,-0.9250062408689607,0.0,0.0,0.0,0.0,0.0,0.0,0.0,0.0,0.0,0.0,0.0,0.0,0.0,0.0,0.0,0.0,0.0,0.0,0.0,0.0,0.0,0.0,0.0,0.0,0.0,0.0,0.0,0.0,0.0,0.0,0.0,0.0,0.0,0.0,0.0,0.0,2.227590109010395,3.082190268126869,3.1678048099926555,1.3988460302352905,0.4537702798843384,-0.10180722922086721,0.0,0.0,0.0,0.0,0.0,0.0,0.0,0.0,0.0,0.0,0.0,0.0,0.0,0.0,0.0,0.0,0.0,0.0,0.0,0.0,0.0,0.0,0.0,0.0,0.0,0.0,0.0,0.0,0.0,0.0,0.0,0.0,0.0,0.0,0.0,0.0
36560000000,3486,36560000000,map,base_link,1.7140294313430786,1.7813975811004639,1.142440915107727,-0.001446585208015132,-0.37071371177215107,0.09153001588316909,-0.9242248804444173,0.0,0.0,0.0,0.0,0.0,0.0,0.0,0.0,0.0,0.0,0.0,0.0,0.0,0.0,0.0,0.0,0.0,0.0,0.0,0.0,0.0,0.0,0.0,0.0,0.0,0.0,0.0,0.0,0.0,0.0,0.0,0.0,0.0,0.0,0.0,0.0,2.2773496469190837,3.1132752342370456,3.175581656298194,1.4797892570495605,0.5152484178543091,-0.11687214672565467,0.0,0.0,0.0,0.0,0.0,0.0,0.0,0.0,0.0,0.0,0.0,0.0,0.0,0.0,0.0,0.0,0.0,0.0,0.0,0.0,0.0,0.0,0.0,0.0,0.0,0.0,0.0,0.0,0.0,0.0,0.0,0.0,0.0,0.0,0.0,0.0
36573000000,3487,36573000000,map,base_link,1.7625603675842285,1.8135755062103271,1.1492770910263062,-0.011670715233757593,-0.3741503025794566,0.09599041686107698,-0.9223129308085691,0.0,0.0,0.0,0.0,0.0,0.0,0.0,0.0,0.0,0.0,0.0,0.0,0.0,0.0,0.0,0.0,0.0,0.0,0.0,0.0,0.0,0.0,0.0,0.0,0.0,0.0,0.0,0.0,0.0,0.0,0.0,0.0,0.0,0.0,0.0,0.0,2.3090113589534003,3.174484332806407,3.1654738834405096,1.3314990997314453,0.633343517780304,-0.07930686324834832,0.0,0.0,0.0,0.0,0.0,0.0,0.0,0.0,0.0,0.0,0.0,0.0,0.0,0.0,0.0,0.0,0.0,0.0,0.0,0.0,0.0,0.0,0.0,0.0,0.0,0.0,0.0,0.0,0.0,0.0,0.0,0.0,0.0,0.0,0.0,0.0
36585000000,3488,36585000000,map,base_link,1.8120440244674683,1.8454033136367798,1.155853033065796,-0.01650725576120099,-0.37581402835099986,0.09789237769382811,-0.9213623086404059,0.0,0.0,0.0,0.0,0.0,0.0,0.0,0.0,0.0,0.0,0.0,0.0,0.0,0.0,0.0,0.0,0.0,0.0,0.0,0.0,0.0,0.0,0.0,0.0,0.0,0.0,0.0,0.0,0.0,0.0,0.0,0.0,0.0,0.0,0.0,0.0,2.3600353685668463,3.1955356266253783,3.1772335688450792,1.2775357961654663,0.5808415412902832,-0.02967757545411594,0.0,0.0,0.0,0.0,0.0,0.0,0.0,0.0,0.0,0.0,0.0,0.0,0.0,0.0,0.0,0.0,0.0,0.0,0.0,0.0,0.0,0.0,0.0,0.0,0.0,0.0,0.0,0.0,0.0,0.0,0.0,0.0,0.0,0.0,0.0,0.0
36596000000,3489,36596000000,map,base_link,1.8625367879867554,1.87691330909729,1.1621997356414795,-0.026821516822484015,-0.3783940055357457,0.1014327129687432,-0.9196793006856688,0.0,0.0,0.0,0.0,0.0,0.0,0.0,0.0,0.0,0.0,0.0,0.0,0.0,0.0,0.0,0.0,0.0,0.0,0.0,0.0,0.0,0.0,0.0,0.0,0.0,0.0,0.0,0.0,0.0,0.0,0.0,0.0,0.0,0.0,0.0,0.0,2.403418535155069,3.247917731219006,3.1676015751570477,1.3980284929275513,0.4907865822315216,0.05063590407371515,0.0,0.0,0.0,0.0,0.0,0.0,0.0,0.0,0.0,0.0,0.0,0.0,0.0,0.0,0.0,0.0,0.0,0.0,0.0,0.0,0.0,0.0,0.0,0.0,0.0,0.0,0.0,0.0,0.0,0.0,0.0,0.0,0.0,0.0,0.0,0.0
36609000000,3490,36609000000,map,base_link,1.9141099452972412,1.9080842733383179,1.1683573722839355,-0.03558527962074823,-0.38055420010932306,0.10421200260009703,-0.9181787464381355,0.0,0.0,0.0,0.0,0.0,0.0,0.0,0.0,0.0,0.0,0.0,0.0,0.0,0.0,0.0,0.0,0.0,0.0,0.0,0.0,0.0,0.0,0.0,0.0,0.0,0.0,0.0,0.0,0.0,0.0,0.0,0.0,0.0,0.0,0.0,0.0,2.45233244962717,3.2867197889552817,3.170162104715545,1.5154192447662354,0.573009192943573,0.07106659561395638,0.0,0.0,0.0,0.0,0.0,0.0,0.0,0.0,0.0,0.0,0.0,0.0,0.0,0.0,0.0,0.0,0.0,0.0,0.0,0.0,0.0,0.0,0.0,0.0,0.0,0.0,0.0,0.0,0.0,0.0,0.0,0.0,0.0,0.0,0.0,0.0
36617000000,3491,36616000000,map,base_link,1.947709083557129,1.9294121265411377,1.1725108623504639,-0.041591331974096174,-0.38218612608366487,0.10615493016960073,-0.9170251450475438,0.0,0.0,0.0,0.0,0.0,0.0,0.0,0.0,0.0,0.0,0.0,0.0,0.0,0.0,0.0,0.0,0.0,0.0,0.0,0.0,0.0,0.0,0.0,0.0,0.0,0.0,0.0,0.0,0.0,0.0,0.0,0.0,0.0,0.0,0.0,0.0,2.4827357553631937,3.314093336690432,3.166350243422651,1.5449529886245728,0.6312617659568787,0.0528983958065509,0.0,0.0,0.0,0.0,0.0,0.0,0.0,0.0,0.0,0.0,0.0,0.0,0.0,0.0,0.0,0.0,0.0,0.0,0.0,0.0,0.0,0.0,0.0,0.0,0.0,0.0,0.0,0.0,0.0,0.0,0.0,0.0,0.0,0.0,0.0,0.0
36624000000,3492,36624000000,map,base_link,1.9816832542419434,1.9505060911178589,1.1765246391296387,-0.04728559247887265,-0.38372885878984553,0.10809705694898272,-0.9158774020688951,0.0,0.0,0.0,0.0,0.0,0.0,0.0,0.0,0.0,0.0,0.0,0.0,0.0,0.0,0.0,0.0,0.0,0.0,0.0,0.0,0.0,0.0,0.0,0.0,0.0,0.0,0.0,0.0,0.0,0.0,0.0,0.0,0.0,0.0,0.0,0.0,2.5134564482989754,3.3396882401512507,3.160712276120027,1.5093432664871216,0.6156349778175354,0.03555793315172188,0.0,0.0,0.0,0.0,0.0,0.0,0.0,0.0,0.0,0.0,0.0,0.0,0.0,0.0,0.0,0.0,0.0,0.0,0.0,0.0,0.0,0.0,0.0,0.0,0.0,0.0,0.0,0.0,0.0,0.0,0.0,0.0,0.0,0.0,0.0,0.0
36637000000,3493,36637000000,map,base_link,2.035268545150757,1.9805728197097778,1.1820915937423706,-0.05523069489166127,-0.3856563184659457,0.11115156550111274,-0.9142560549535296,0.0,0.0,0.0,0.0,0.0,0.0,0.0,0.0,0.0,0.0,0.0,0.0,0.0,0.0,0.0,0.0,0.0,0.0,0.0,0.0,0.0,0.0,0.0,0.0,0.0,0.0,0.0,0.0,0.0,0.0,0.0,0.0,0.0,0.0,0.0,0.0,2.5617374808346627,3.374045880124147,3.158672693464184,1.4014759063720703,0.5014477372169495,-0.0401404611766339,0.0,0.0,0.0,0.0,0.0,0.0,0.0,0.0,0.0,0.0,0.0,0.0,0.0,0.0,0.0,0.0,0.0,0.0,0.0,0.0,0.0,0.0,0.0,0.0,0.0,0.0,0.0,0.0,0.0,0.0,0.0,0.0,0.0,0.0,0.0,0.0
36645000000,3494,36645000000,map,base_link,2.0707249641418457,2.001284599304199,1.1858134269714355,-0.06059467161808213,-0.38671484710300896,0.11348709096449547,-0.9131816474912897,0.0,0.0,0.0,0.0,0.0,0.0,0.0,0.0,0.0,0.0,0.0,0.0,0.0,0.0,0.0,0.0,0.0,0.0,0.0,0.0,0.0,0.0,0.0,0.0,0.0,0.0,0.0,0.0,0.0,0.0,0.0,0.0,0.0,0.0,0.0,0.0,2.593441225675947,3.398952408143716,3.155336140939321,1.4350796937942505,0.46819379925727844,-0.07607006281614309,0.0,0.0,0.0,0.0,0.0,0.0,0.0,0.0,0.0,0.0,0.0,0.0,0.0,0.0,0.0,0.0,0.0,0.0,0.0,0.0,0.0,0.0,0.0,0.0,0.0,0.0,0.0,0.0,0.0,0.0,0.0,0.0,0.0,0.0,0.0,0.0
36653000000,3495,36653000000,map,base_link,2.1062965393066406,2.0216009616851807,1.189429521560669,-0.06628249419174853,-0.38786008234417124,0.1160683325546967,-0.9119754889806051,0.0,0.0,0.0,0.0,0.0,0.0,0.0,0.0,0.0,0.0,0.0,0.0,0.0,0.0,0.0,0.0,0.0,0.0,0.0,0.0,0.0,0.0,0.0,0.0,0.0,0.0,0.0,0.0,0.0,0.0,0.0,0.0,0.0,0.0,0.0,0.0,2.6230436767467493,3.4260563778406525,3.1515611279342495,1.5475335121154785,0.49985888600349426,-0.11430786550045019,0.0,0.0,0.0,0.0,0.0,0.0,0.0,0.0,0.0,0.0,0.0,0.0,0.0,0.0,0.0,0.0,0.0,0.0,0.0,0.0,0.0,0.0,0.0,0.0,0.0,0.0,0.0,0.0,0.0,0.0,0.0,0.0,0.0,0.0,0.0,0.0
36661000000,3496,36660000000,map,base_link,2.1420960426330566,2.0415754318237305,1.192907691001892,-0.07215292852330055,-0.3893186899407241,0.11870739962105473,-0.9105676999466442,0.0,0.0,0.0,0.0,0.0,0.0,0.0,0.0,0.0,0.0,0.0,0.0,0.0,0.0,0.0,0.0,0.0,0.0,0.0,0.0,0.0,0.0,0.0,0.0,0.0,0.0,0.0,0.0,0.0,0.0,0.0,0.0,0.0,0.0,0.0,0.0,2.649458509511029,3.4532790911445113,3.1471912342826434,1.5969743728637695,0.6170790195465088,-0.1214918568730355,0.0,0.0,0.0,0.0,0.0,0.0,0.0,0.0,0.0,0.0,0.0,0.0,0.0,0.0,0.0,0.0,0.0,0.0,0.0,0.0,0.0,0.0,0.0,0.0,0.0,0.0,0.0,0.0,0.0,0.0,0.0,0.0,0.0,0.0,0.0,0.0
36668000000,3497,36668000000,map,base_link,2.178546667098999,2.061389684677124,1.1962788105010986,-0.0778498126693968,-0.39103096888175193,0.12117286381839656,-0.9090387387232144,0.0,0.0,0.0,0.0,0.0,0.0,0.0,0.0,0.0,0.0,0.0,0.0,0.0,0.0,0.0,0.0,0.0,0.0,0.0,0.0,0.0,0.0,0.0,0.0,0.0,0.0,0.0,0.0,0.0,0.0,0.0,0.0,0.0,0.0,0.0,0.0,2.675711883951081,3.4782789702361905,3.1474582406103324,1.5426782369613647,0.6655805110931396,-0.10956645011901864,0.0,0.0,0.0,0.0,0.0,0.0,0.0,0.0,0.0,0.0,0.0,0.0,0.0,0.0,0.0,0.0,0.0,0.0,0.0,0.0,0.0,0.0,0.0,0.0,0.0,0.0,0.0,0.0,0.0,0.0,0.0,0.0,0.0,0.0,0.0,0.0
36676000000,3498,36676000000,map,base_link,2.215310573577881,2.080888509750366,1.1995102167129517,-0.08316383484362011,-0.3927337226350163,0.1233534996135017,-0.9075395331748335,0.0,0.0,0.0,0.0,0.0,0.0,0.0,0.0,0.0,0.0,0.0,0.0,0.0,0.0,0.0,0.0,0.0,0.0,0.0,0.0,0.0,0.0,0.0,0.0,0.0,0.0,0.0,0.0,0.0,0.0,0.0,0.0,0.0,0.0,0.0,0.0,2.7031146686037597,3.4993508157743207,3.148767867996957,1.41975998878479,0.6554662585258484,-0.070300579071045,0.0,0.0,0.0,0.0,0.0,0.0,0.0,0.0,0.0,0.0,0.0,0.0,0.0,0.0,0.0,0.0,0.0,0.0,0.0,0.0,0.0,0.0,0.0,0.0,0.0,0.0,0.0,0.0,0.0,0.0,0.0,0.0,0.0,0.0,0.0,0.0
36689000000,3499,36689000000,map,base_link,2.273297071456909,2.1087708473205566,1.2039239406585693,-0.09115943971763693,-0.39482786256026503,0.12636396470893788,-0.9054464363840854,0.0,0.0,0.0,0.0,0.0,0.0,0.0,0.0,0.0,0.0,0.0,0.0,0.0,0.0,0.0,0.0,0.0,0.0,0.0,0.0,0.0,0.0,0.0,0.0,0.0,0.0,0.0,0.0,0.0,0.0,0.0,0.0,0.0,0.0,0.0,0.0,2.7510905228176536,3.52612912895715,3.1520087828517918,1.411705732345581,0.575717031955719,-0.024207571521401475,0.0,0.0,0.0,0.0,0.0,0.0,0.0,0.0,0.0,0.0,0.0,0.0,0.0,0.0,0.0,0.0,0.0,0.0,0.0,0.0,0.0,0.0,0.0,0.0,0.0,0.0,0.0,0.0,0.0,0.0,0.0,0.0,0.0,0.0,0.0,0.0
36697000000,3500,36697000000,map,base_link,2.310767889022827,2.1274406909942627,1.2068315744400024,-0.09691993399484827,-0.3959381475272996,0.12833673224718725,-0.9040847981492439,0.0,0.0,0.0,0.0,0.0,0.0,0.0,0.0,0.0,0.0,0.0,0.0,0.0,0.0,0.0,0.0,0.0,0.0,0.0,0.0,0.0,0.0,0.0,0.0,0.0,0.0,0.0,0.0,0.0,0.0,0.0,0.0,0.0,0.0,0.0,0.0,2.7847122641462008,3.5453051610009565,3.1521541488294695,1.5210942029953003,0.5244197845458984,0.034376215189695296,0.0,0.0,0.0,0.0,0.0,0.0,0.0,0.0,0.0,0.0,0.0,0.0,0.0,0.0,0.0,0.0,0.0,0.0,0.0,0.0,0.0,0.0,0.0,0.0,0.0,0.0,0.0,0.0,0.0,0.0,0.0,0.0,0.0,0.0,0.0,0.0
36705000000,3501,36705000000,map,base_link,2.3491456508636475,2.145960807800293,1.209648609161377,-0.10306925402299685,-0.39716060633164596,0.13031792915513887,-0.9025838224332255,0.0,0.0,0.0,0.0,0.0,0.0,0.0,0.0,0.0,0.0,0.0,0.0,0.0,0.0,0.0,0.0,0.0,0.0,0.0,0.0,0.0,0.0,0.0,0.0,0.0,0.0,0.0,0.0,0.0,0.0,0.0,0.0,0.0,0.0,0.0,0.0,2.818308722832904,3.564515514190826,3.1556923768469045,1.591720700263977,0.5590142607688904,0.059463754296302726,0.0,0.0,0.0,0.0,0.0,0.0,0.0,0.0,0.0,0.0,0.0,0.0,0.0,0.0,0.0,0.0,0.0,0.0,0.0,0.0,0.0,0.0,0.0,0.0,0.0,0.0,0.0,0.0,0.0,0.0,0.0,0.0,0.0,0.0,0.0,0.0
36713000000,3502,36713000000,map,base_link,2.388150453567505,2.1641969680786133,1.2123606204986572,-0.10933819734393149,-0.39861132193081517,0.13227050835295154,-0.9009210449657737,0.0,0.0,0.0,0.0,0.0,0.0,0.0,0.0,0.0,0.0,0.0,0.0,0.0,0.0,0.0,0.0,0.0,0.0,0.0,0.0,0.0,0.0,0.0,0.0,0.0,0.0,0.0,0.0,0.0,0.0,0.0,0.0,0.0,0.0,0.0,0.0,2.8508546848128913,3.583650085530498,3.157438218358866,1.6392347812652588,0.6479710936546326,0.07167451083660117,0.0,0.0,0.0,0.0,0.0,0.0,0.0,0.0,0.0,0.0,0.0,0.0,0.0,0.0,0.0,0.0,0.0,0.0,0.0,0.0,0.0,0.0,0.0,0.0,0.0,0.0,0.0,0.0,0.0,0.0,0.0,0.0,0.0,0.0,0.0,0.0
36721000000,3503,36721000000,map,base_link,2.427027940750122,2.1819183826446533,1.2148940563201904,-0.11552559704970969,-0.4001005492128112,0.13425082017708442,-0.8991942042885854,0.0,0.0,0.0,0.0,0.0,0.0,0.0,0.0,0.0,0.0,0.0,0.0,0.0,0.0,0.0,0.0,0.0,0.0,0.0,0.0,0.0,0.0,0.0,0.0,0.0,0.0,0.0,0.0,0.0,0.0,0.0,0.0,0.0,0.0,0.0,0.0,2.8828993797337015,3.6027159883056448,3.1520319307969027,1.5955649614334106,0.6528647541999817,0.04921045154333106,0.0,0.0,0.0,0.0,0.0,0.0,0.0,0.0,0.0,0.0,0.0,0.0,0.0,0.0,0.0,0.0,0.0,0.0,0.0,0.0,0.0,0.0,0.0,0.0,0.0,0.0,0.0,0.0,0.0,0.0,0.0,0.0,0.0,0.0,0.0,0.0
36732000000,3504,36732000000,map,base_link,2.4878077507019043,2.2070889472961426,1.2181857824325562,-0.1241272946787374,-0.4019288478910774,0.137309332679823,-0.896767473045025,0.0,0.0,0.0,0.0,0.0,0.0,0.0,0.0,0.0,0.0,0.0,0.0,0.0,0.0,0.0,0.0,0.0,0.0,0.0,0.0,0.0,0.0,0.0,0.0,0.0,0.0,0.0,0.0,0.0,0.0,0.0,0.0,0.0,0.0,0.0,0.0,2.9337902957933695,3.627170734917935,3.1463283036404444,1.4993090629577637,0.5422396659851074,-0.005897118709981508,0.0,0.0,0.0,0.0,0.0,0.0,0.0,0.0,0.0,0.0,0.0,0.0,0.0,0.0,0.0,0.0,0.0,0.0,0.0,0.0,0.0,0.0,0.0,0.0,0.0,0.0,0.0,0.0,0.0,0.0,0.0,0.0,0.0,0.0,0.0,0.0
36744000000,3505,36744000000,map,base_link,2.549246072769165,2.231515884399414,1.2211101055145264,-0.12959653315931424,-0.40287065083118967,0.13954404288156755,-0.8952248140958294,0.0,0.0,0.0,0.0,0.0,0.0,0.0,0.0,0.0,0.0,0.0,0.0,0.0,0.0,0.0,0.0,0.0,0.0,0.0,0.0,0.0,0.0,0.0,0.0,0.0,0.0,0.0,0.0,0.0,0.0,0.0,0.0,0.0,0.0,0.0,0.0,2.9924166694161896,3.6328011377962466,3.1514875177188184,1.4898855686187744,0.47831326723098755,-0.058186776936054285,0.0,0.0,0.0,0.0,0.0,0.0,0.0,0.0,0.0,0.0,0.0,0.0,0.0,0.0,0.0,0.0,0.0,0.0,0.0,0.0,0.0,0.0,0.0,0.0,0.0,0.0,0.0,0.0,0.0,0.0,0.0,0.0,0.0,0.0,0.0,0.0
36757000000,3506,36757000000,map,base_link,2.6115028858184814,2.255223274230957,1.2236353158950806,-0.14106868405302492,-0.404937289937785,0.14465304171120966,-0.8917404076888882,0.0,0.0,0.0,0.0,0.0,0.0,0.0,0.0,0.0,0.0,0.0,0.0,0.0,0.0,0.0,0.0,0.0,0.0,0.0,0.0,0.0,0.0,0.0,0.0,0.0,0.0,0.0,0.0,0.0,0.0,0.0,0.0,0.0,0.0,0.0,0.0,3.0317177694852813,3.6804692269216734,3.131870267684347,1.6352111101150513,0.5755671262741089,-0.11908517777919776,0.0,0.0,0.0,0.0,0.0,0.0,0.0,0.0,0.0,0.0,0.0,0.0,0.0,0.0,0.0,0.0,0.0,0.0,0.0,0.0,0.0,0.0,0.0,0.0,0.0,0.0,0.0,0.0,0.0,0.0,0.0,0.0,0.0,0.0,0.0,0.0
36768000000,3507,36768000000,map,base_link,2.674945116043091,2.278243064880371,1.2258291244506836,-0.15011494664014552,-0.4070924795731017,0.1486020749761349,-0.8886274836047221,0.0,0.0,0.0,0.0,0.0,0.0,0.0,0.0,0.0,0.0,0.0,0.0,0.0,0.0,0.0,0.0,0.0,0.0,0.0,0.0,0.0,0.0,0.0,0.0,0.0,0.0,0.0,0.0,0.0,0.0,0.0,0.0,0.0,0.0,0.0,0.0,3.07414573405547,3.7088139338168937,3.1361451737193136,1.6336991786956787,0.6606153249740601,-0.11274103820323952,0.0,0.0,0.0,0.0,0.0,0.0,0.0,0.0,0.0,0.0,0.0,0.0,0.0,0.0,0.0,0.0,0.0,0.0,0.0,0.0,0.0,0.0,0.0,0.0,0.0,0.0,0.0,0.0,0.0,0.0,0.0,0.0,0.0,0.0,0.0,0.0
36776000000,3508,36776000000,map,base_link,2.71671724319458,2.2936360836029053,1.2272217273712158,-0.15576753444845684,-0.4084474796793027,0.15097527972208633,-0.8866304816285788,0.0,0.0,0.0,0.0,0.0,0.0,0.0,0.0,0.0,0.0,0.0,0.0,0.0,0.0,0.0,0.0,0.0,0.0,0.0,0.0,0.0,0.0,0.0,0.0,0.0,0.0,0.0,0.0,0.0,0.0,0.0,0.0,0.0,0.0,0.0,0.0,3.103506626832652,3.7245614233203987,3.1399862518515715,1.5377577543258667,0.6256350874900818,-0.08656805008649834,0.0,0.0,0.0,0.0,0.0,0.0,0.0,0.0,0.0,0.0,0.0,0.0,0.0,0.0,0.0,0.0,0.0,0.0,0.0,0.0,0.0,0.0,0.0,0.0,0.0,0.0,0.0,0.0,0.0,0.0,0.0,0.0,0.0,0.0,0.0,0.0
36788000000,3509,36788000000,map,base_link,2.7812397480010986,2.3151731491088867,1.2288181781768799,-0.16395996510501956,-0.41002106387859333,0.15424549584489514,-0.8838598742480183,0.0,0.0,0.0,0.0,0.0,0.0,0.0,0.0,0.0,0.0,0.0,0.0,0.0,0.0,0.0,0.0,0.0,0.0,0.0,0.0,0.0,0.0,0.0,0.0,0.0,0.0,0.0,0.0,0.0,0.0,0.0,0.0,0.0,0.0,0.0,0.0,3.1535368156541153,3.7428810624494284,3.1484968555388377,1.481345772743225,0.5300765633583069,-0.03826063871383673,0.0,0.0,0.0,0.0,0.0,0.0,0.0,0.0,0.0,0.0,0.0,0.0,0.0,0.0,0.0,0.0,0.0,0.0,0.0,0.0,0.0,0.0,0.0,0.0,0.0,0.0,0.0,0.0,0.0,0.0,0.0,0.0,0.0,0.0,0.0,0.0
36801000000,3510,36801000000,map,base_link,2.846858501434326,2.335907220840454,1.2300610542297363,-0.17285898767686741,-0.41127428988235265,0.15746378705033845,-0.881009862204863,0.0,0.0,0.0,0.0,0.0,0.0,0.0,0.0,0.0,0.0,0.0,0.0,0.0,0.0,0.0,0.0,0.0,0.0,0.0,0.0,0.0,0.0,0.0,0.0,0.0,0.0,0.0,0.0,0.0,0.0,0.0,0.0,0.0,0.0,0.0,0.0,3.207423189419178,3.7609986248007217,3.1562794074965494,1.6296477317810059,0.5303548574447632,0.037508413195609984,0.0,0.0,0.0,0.0,0.0,0.0,0.0,0.0,0.0,0.0,0.0,0.0,0.0,0.0,0.0,0.0,0.0,0.0,0.0,0.0,0.0,0.0,0.0,0.0,0.0,0.0,0.0,0.0,0.0,0.0,0.0,0.0,0.0,0.0,0.0,0.0
36812000000,3511,36812000000,map,base_link,2.9131786823272705,2.3556487560272217,1.2309784889221191,-0.18239038156377263,-0.4127545188121916,0.16058214807796248,-0.8778273536738055,0.0,0.0,0.0,0.0,0.0,0.0,0.0,0.0,0.0,0.0,0.0,0.0,0.0,0.0,0.0,0.0,0.0,0.0,0.0,0.0,0.0,0.0,0.0,0.0,0.0,0.0,0.0,0.0,0.0,0.0,0.0,0.0,0.0,0.0,0.0,0.0,3.2597366796559,3.779141382456275,3.1668257582499075,1.6798079013824463,0.6123188138008118,0.06654331833124154,0.0,0.0,0.0,0.0,0.0,0.0,0.0,0.0,0.0,0.0,0.0,0.0,0.0,0.0,0.0,0.0,0.0,0.0,0.0,0.0,0.0,0.0,0.0,0.0,0.0,0.0,0.0,0.0,0.0,0.0,0.0,0.0,0.0,0.0,0.0,0.0
36824000000,3512,36824000000,map,base_link,2.980329751968384,2.3744912147521973,1.2314910888671875,-0.18851955539833304,-0.4138332568631158,0.16258867524186912,-0.8756525762906433,0.0,0.0,0.0,0.0,0.0,0.0,0.0,0.0,0.0,0.0,0.0,0.0,0.0,0.0,0.0,0.0,0.0,0.0,0.0,0.0,0.0,0.0,0.0,0.0,0.0,0.0,0.0,0.0,0.0,0.0,0.0,0.0,0.0,0.0,0.0,0.0,3.319033578306176,3.775498371964833,3.181905924801097,1.6010016202926636,0.6079822182655334,0.04402887821197502,0.0,0.0,0.0,0.0,0.0,0.0,0.0,0.0,0.0,0.0,0.0,0.0,0.0,0.0,0.0,0.0,0.0,0.0,0.0,0.0,0.0,0.0,0.0,0.0,0.0,0.0,0.0,0.0,0.0,0.0,0.0,0.0,0.0,0.0,0.0,0.0
36837000000,3513,36837000000,map,base_link,3.048358678817749,2.392474412918091,1.2315362691879272,-0.19970130396909153,-0.4154027844282372,0.16676831498842168,-0.8716354547919487,0.0,0.0,0.0,0.0,0.0,0.0,0.0,0.0,0.0,0.0,0.0,0.0,0.0,0.0,0.0,0.0,0.0,0.0,0.0,0.0,0.0,0.0,0.0,0.0,0.0,0.0,0.0,0.0,0.0,0.0,0.0,0.0,0.0,0.0,0.0,0.0,3.3671243819285266,3.80784540384494,3.1665325547042604,1.4967496395111084,0.4563466012477875,-0.03287035599350935,0.0,0.0,0.0,0.0,0.0,0.0,0.0,0.0,0.0,0.0,0.0,0.0,0.0,0.0,0.0,0.0,0.0,0.0,0.0,0.0,0.0,0.0,0.0,0.0,0.0,0.0,0.0,0.0,0.0,0.0,0.0,0.0,0.0,0.0,0.0,0.0
36848000000,3514,36848000000,map,base_link,3.117403984069824,2.4096627235412598,1.2310653924942017,-0.20814173721900445,-0.4163363581961778,0.17043565979132438,-0.8685003403920417,0.0,0.0,0.0,0.0,0.0,0.0,0.0,0.0,0.0,0.0,0.0,0.0,0.0,0.0,0.0,0.0,0.0,0.0,0.0,0.0,0.0,0.0,0.0,0.0,0.0,0.0,0.0,0.0,0.0,0.0,0.0,0.0,0.0,0.0,0.0,0.0,3.4212610937667263,3.824495336666882,3.159295955722524,1.5680921077728271,0.46205934882164,-0.07863921672105795,0.0,0.0,0.0,0.0,0.0,0.0,0.0,0.0,0.0,0.0,0.0,0.0,0.0,0.0,0.0,0.0,0.0,0.0,0.0,0.0,0.0,0.0,0.0,0.0,0.0,0.0,0.0,0.0,0.0,0.0,0.0,0.0,0.0,0.0,0.0,0.0
36857000000,3515,36857000000,map,base_link,3.163048028945923,2.4210565090179443,1.2305959463119507,-0.21403582646928315,-0.4171654499266598,0.17308081707729242,-0.8661435518435853,0.0,0.0,0.0,0.0,0.0,0.0,0.0,0.0,0.0,0.0,0.0,0.0,0.0,0.0,0.0,0.0,0.0,0.0,0.0,0.0,0.0,0.0,0.0,0.0,0.0,0.0,0.0,0.0,0.0,0.0,0.0,0.0,0.0,0.0,0.0,0.0,3.4527878231388978,3.8372273481685517,3.1658278939175495,1.6538686752319336,0.5406453609466553,-0.10997445881366737,0.0,0.0,0.0,0.0,0.0,0.0,0.0,0.0,0.0,0.0,0.0,0.0,0.0,0.0,0.0,0.0,0.0,0.0,0.0,0.0,0.0,0.0,0.0,0.0,0.0,0.0,0.0,0.0,0.0,0.0,0.0,0.0,0.0,0.0,0.0,0.0
36865000000,3516,36865000000,map,base_link,3.2092809677124023,2.4320149421691895,1.2299753427505493,-0.21705479469140637,-0.4176561340737358,0.17442842041157972,-0.8648845411848678,0.0,0.0,0.0,0.0,0.0,0.0,0.0,0.0,0.0,0.0,0.0,0.0,0.0,0.0,0.0,0.0,0.0,0.0,0.0,0.0,0.0,0.0,0.0,0.0,0.0,0.0,0.0,0.0,0.0,0.0,0.0,0.0,0.0,0.0,0.0,0.0,3.4923357830275763,3.8277562232088536,3.1929049677703296,1.6778254508972168,0.5847228765487671,-0.11823626607656486,0.0,0.0,0.0,0.0,0.0,0.0,0.0,0.0,0.0,0.0,0.0,0.0,0.0,0.0,0.0,0.0,0.0,0.0,0.0,0.0,0.0,0.0,0.0,0.0,0.0,0.0,0.0,0.0,0.0,0.0,0.0,0.0,0.0,0.0,0.0,0.0
36873000000,3517,36873000000,map,base_link,3.255851984024048,2.4424855709075928,1.229166030883789,-0.226000821536056,-0.4191991934179924,0.178377790851293,-0.8610326142589118,0.0,0.0,0.0,0.0,0.0,0.0,0.0,0.0,0.0,0.0,0.0,0.0,0.0,0.0,0.0,0.0,0.0,0.0,0.0,0.0,0.0,0.0,0.0,0.0,0.0,0.0,0.0,0.0,0.0,0.0,0.0,0.0,0.0,0.0,0.0,0.0,3.51299208014252,3.8631956545614496,3.184385763469828,1.6517776250839233,0.6025809049606323,-0.11428126692771919,0.0,0.0,0.0,0.0,0.0,0.0,0.0,0.0,0.0,0.0,0.0,0.0,0.0,0.0,0.0,0.0,0.0,0.0,0.0,0.0,0.0,0.0,0.0,0.0,0.0,0.0,0.0,0.0,0.0,0.0,0.0,0.0,0.0,0.0,0.0,0.0
36881000000,3518,36881000000,map,base_link,3.3028600215911865,2.4524688720703125,1.2281532287597656,-0.2316891604086167,-0.4199635791992981,0.18086487638192086,-0.8586260292089396,0.0,0.0,0.0,0.0,0.0,0.0,0.0,0.0,0.0,0.0,0.0,0.0,0.0,0.0,0.0,0.0,0.0,0.0,0.0,0.0,0.0,0.0,0.0,0.0,0.0,0.0,0.0,0.0,0.0,0.0,0.0,0.0,0.0,0.0,0.0,0.0,3.5456052790511356,3.872844054254849,3.1939682286268885,1.5680159330368042,0.5081179141998291,-0.0849753618240357,0.0,0.0,0.0,0.0,0.0,0.0,0.0,0.0,0.0,0.0,0.0,0.0,0.0,0.0,0.0,0.0,0.0,0.0,0.0,0.0,0.0,0.0,0.0,0.0,0.0,0.0,0.0,0.0,0.0,0.0,0.0,0.0,0.0,0.0,0.0,0.0
36888000000,3519,36888000000,map,base_link,3.3501269817352295,2.4619383811950684,1.2269471883773804,-0.237197216136672,-0.4204740934385985,0.18321089641058277,-0.8563718893100315,0.0,0.0,0.0,0.0,0.0,0.0,0.0,0.0,0.0,0.0,0.0,0.0,0.0,0.0,0.0,0.0,0.0,0.0,0.0,0.0,0.0,0.0,0.0,0.0,0.0,0.0,0.0,0.0,0.0,0.0,0.0,0.0,0.0,0.0,0.0,0.0,3.5809344117570765,3.8796854023484992,3.204264875706302,1.5335115194320679,0.46200063824653625,-0.06457275152206426,0.0,0.0,0.0,0.0,0.0,0.0,0.0,0.0,0.0,0.0,0.0,0.0,0.0,0.0,0.0,0.0,0.0,0.0,0.0,0.0,0.0,0.0,0.0,0.0,0.0,0.0,0.0,0.0,0.0,0.0,0.0,0.0,0.0,0.0,0.0,0.0
36896000000,3520,36896000000,map,base_link,3.397754192352295,2.4709110260009766,1.2255357503890991,-0.24288312102873122,-0.42088763831618736,0.18542999120495404,-0.8540943789836242,0.0,0.0,0.0,0.0,0.0,0.0,0.0,0.0,0.0,0.0,0.0,0.0,0.0,0.0,0.0,0.0,0.0,0.0,0.0,0.0,0.0,0.0,0.0,0.0,0.0,0.0,0.0,0.0,0.0,0.0,0.0,0.0,0.0,0.0,0.0,0.0,3.6183269724139584,3.8856447347059766,3.213298204114246,1.5753200054168701,0.4551057517528534,0.0013916048919781485,0.0,0.0,0.0,0.0,0.0,0.0,0.0,0.0,0.0,0.0,0.0,0.0,0.0,0.0,0.0,0.0,0.0,0.0,0.0,0.0,0.0,0.0,0.0,0.0,0.0,0.0,0.0,0.0,0.0,0.0,0.0,0.0,0.0,0.0,0.0,0.0
36904000000,3521,36904000000,map,base_link,3.445802927017212,2.479367971420288,1.2239513397216797,-0.24586450479869484,-0.4210963916568618,0.18652513491666114,-0.8528991786535521,0.0,0.0,0.0,0.0,0.0,0.0,0.0,0.0,0.0,0.0,0.0,0.0,0.0,0.0,0.0,0.0,0.0,0.0,0.0,0.0,0.0,0.0,0.0,0.0,0.0,0.0,0.0,0.0,0.0,0.0,0.0,0.0,0.0,0.0,0.0,0.0,3.661053590221517,3.8705268629805833,3.2478970766416366,1.6223962306976318,0.4778088331222534,0.023035597056150377,0.0,0.0,0.0,0.0,0.0,0.0,0.0,0.0,0.0,0.0,0.0,0.0,0.0,0.0,0.0,0.0,0.0,0.0,0.0,0.0,0.0,0.0,0.0,0.0,0.0,0.0,0.0,0.0,0.0,0.0,0.0,0.0,0.0,0.0,0.0,0.0
36912000000,3522,36912000000,map,base_link,3.49424409866333,2.4872817993164062,1.2221816778182983,-0.2552405137918526,-0.4218361742153493,0.1897180326458767,-0.8490663231765472,0.0,0.0,0.0,0.0,0.0,0.0,0.0,0.0,0.0,0.0,0.0,0.0,0.0,0.0,0.0,0.0,0.0,0.0,0.0,0.0,0.0,0.0,0.0,0.0,0.0,0.0,0.0,0.0,0.0,0.0,0.0,0.0,0.0,0.0,0.0,0.0,3.6920774362162443,3.8979412149470622,3.241555604866435,1.6870161294937134,0.5354259610176086,0.06141732633113855,0.0,0.0,0.0,0.0,0.0,0.0,0.0,0.0,0.0,0.0,0.0,0.0,0.0,0.0,0.0,0.0,0.0,0.0,0.0,0.0,0.0,0.0,0.0,0.0,0.0,0.0,0.0,0.0,0.0,0.0,0.0,0.0,0.0,0.0,0.0,0.0
36920000000,3523,36920000000,map,base_link,3.5428006649017334,2.494659185409546,1.2201941013336182,-0.2582658619931691,-0.4220931804292126,0.1907261852622573,-0.847796944393096,0.0,0.0,0.0,0.0,0.0,0.0,0.0,0.0,0.0,0.0,0.0,0.0,0.0,0.0,0.0,0.0,0.0,0.0,0.0,0.0,0.0,0.0,0.0,0.0,0.0,0.0,0.0,0.0,0.0,0.0,0.0,0.0,0.0,0.0,0.0,0.0,3.7358957652951372,3.8827719782149863,3.2633885053502003,1.6448919773101807,0.5335142016410828,0.061547156423330245,0.0,0.0,0.0,0.0,0.0,0.0,0.0,0.0,0.0,0.0,0.0,0.0,0.0,0.0,0.0,0.0,0.0,0.0,0.0,0.0,0.0,0.0,0.0,0.0,0.0,0.0,0.0,0.0,0.0,0.0,0.0,0.0,0.0,0.0,0.0,0.0
36929000000,3524,36929000000,map,base_link,3.5917305946350098,2.5015618801116943,1.2179492712020874,-0.26666204632050167,-0.4226604928152375,0.19366845675680286,-0.8442405090220497,0.0,0.0,0.0,0.0,0.0,0.0,0.0,0.0,0.0,0.0,0.0,0.0,0.0,0.0,0.0,0.0,0.0,0.0,0.0,0.0,0.0,0.0,0.0,0.0,0.0,0.0,0.0,0.0,0.0,0.0,0.0,0.0,0.0,0.0,0.0,0.0,3.769235012471632,3.9049859567817338,3.252917900684572,1.5185010433197021,0.46363916993141174,0.03773801773786539,0.0,0.0,0.0,0.0,0.0,0.0,0.0,0.0,0.0,0.0,0.0,0.0,0.0,0.0,0.0,0.0,0.0,0.0,0.0,0.0,0.0,0.0,0.0,0.0,0.0,0.0,0.0,0.0,0.0,0.0,0.0,0.0,0.0,0.0,0.0,0.0
36937000000,3525,36937000000,map,base_link,3.64101505279541,2.5079658031463623,1.2154427766799927,-0.2717776200585114,-0.4228088918688443,0.19574920452093716,-0.8420522025005157,0.0,0.0,0.0,0.0,0.0,0.0,0.0,0.0,0.0,0.0,0.0,0.0,0.0,0.0,0.0,0.0,0.0,0.0,0.0,0.0,0.0,0.0,0.0,0.0,0.0,0.0,0.0,0.0,0.0,0.0,0.0,0.0,0.0,0.0,0.0,0.0,3.80885450359885,3.9065336589904165,3.2573082322159648,1.4323492050170898,0.3635677397251129,-0.014059359207749412,0.0,0.0,0.0,0.0,0.0,0.0,0.0,0.0,0.0,0.0,0.0,0.0,0.0,0.0,0.0,0.0,0.0,0.0,0.0,0.0,0.0,0.0,0.0,0.0,0.0,0.0,0.0,0.0,0.0,0.0,0.0,0.0,0.0,0.0,0.0,0.0
36945000000,3526,36945000000,map,base_link,3.690753221511841,2.513906478881836,1.2125885486602783,-0.27434078065070144,-0.4228456017738973,0.19686527414292984,-0.8409416962625265,0.0,0.0,0.0,0.0,0.0,0.0,0.0,0.0,0.0,0.0,0.0,0.0,0.0,0.0,0.0,0.0,0.0,0.0,0.0,0.0,0.0,0.0,0.0,0.0,0.0,0.0,0.0,0.0,0.0,0.0,0.0,0.0,0.0,0.0,0.0,0.0,3.8545918272227135,3.8898979129861937,3.271986543183223,1.4450916051864624,0.3472142219543457,-0.032940037548542064,0.0,0.0,0.0,0.0,0.0,0.0,0.0,0.0,0.0,0.0,0.0,0.0,0.0,0.0,0.0,0.0,0.0,0.0,0.0,0.0,0.0,0.0,0.0,0.0,0.0,0.0,0.0,0.0,0.0,0.0,0.0,0.0,0.0,0.0,0.0,0.0
36952000000,3527,36952000000,map,base_link,3.736682176589966,2.5259125232696533,1.2101889848709106,-0.28244577240167223,-0.42307434852583414,0.20053828769695722,-0.8372675025967407,0.0,0.0,0.0,0.0,0.0,0.0,0.0,0.0,0.0,0.0,0.0,0.0,0.0,0.0,0.0,0.0,0.0,0.0,0.0,0.0,0.0,0.0,0.0,0.0,0.0,0.0,0.0,0.0,0.0,0.0,0.0,0.0,0.0,0.0,0.0,0.0,3.8837183581168024,3.920371756109107,3.2538698963469352,1.56265389919281,0.3915172815322876,-0.0775811076164246,0.0,0.0,0.0,0.0,0.0,0.0,0.0,0.0,0.0,0.0,0.0,0.0,0.0,0.0,0.0,0.0,0.0,0.0,0.0,0.0,0.0,0.0,0.0,0.0,0.0,0.0,0.0,0.0,0.0,0.0,0.0,0.0,0.0,0.0,0.0,0.0
36960000000,3528,36960000000,map,base_link,3.7831339836120605,2.537233829498291,1.2075217962265015,-0.2879931880178807,-0.42341349894744523,0.20299260405286793,-0.8346107127805837,0.0,0.0,0.0,0.0,0.0,0.0,0.0,0.0,0.0,0.0,0.0,0.0,0.0,0.0,0.0,0.0,0.0,0.0,0.0,0.0,0.0,0.0,0.0,0.0,0.0,0.0,0.0,0.0,0.0,0.0,0.0,0.0,0.0,0.0,0.0,0.0,3.9166388456118457,3.9292228859321034,3.2648180561508164,1.6351391077041626,0.45372822880744934,-0.10904749482870107,0.0,0.0,0.0,0.0,0.0,0.0,0.0,0.0,0.0,0.0,0.0,0.0,0.0,0.0,0.0,0.0,0.0,0.0,0.0,0.0,0.0,0.0,0.0,0.0,0.0,0.0,0.0,0.0,0.0,0.0,0.0,0.0,0.0,0.0,0.0,0.0
36968000000,3529,36968000000,map,base_link,3.8297696113586426,2.5478365421295166,1.2046149969100952,-0.2907252626421902,-0.4236149292731909,0.20415303323291836,-0.8332771443468505,0.0,0.0,0.0,0.0,0.0,0.0,0.0,0.0,0.0,0.0,0.0,0.0,0.0,0.0,0.0,0.0,0.0,0.0,0.0,0.0,0.0,0.0,0.0,0.0,0.0,0.0,0.0,0.0,0.0,0.0,0.0,0.0,0.0,0.0,0.0,0.0,3.957024683001768,3.915008667671021,3.292088527636052,1.6351972818374634,0.4589836001396179,-0.1164285615086556,0.0,0.0,0.0,0.0,0.0,0.0,0.0,0.0,0.0,0.0,0.0,0.0,0.0,0.0,0.0,0.0,0.0,0.0,0.0,0.0,0.0,0.0,0.0,0.0,0.0,0.0,0.0,0.0,0.0,0.0,0.0,0.0,0.0,0.0,0.0,0.0
36976000000,3530,36976000000,map,base_link,3.876958131790161,2.557750940322876,1.201433777809143,-0.29862665350471695,-0.4240313032579861,0.2076199486977275,-0.8294055348426398,0.0,0.0,0.0,0.0,0.0,0.0,0.0,0.0,0.0,0.0,0.0,0.0,0.0,0.0,0.0,0.0,0.0,0.0,0.0,0.0,0.0,0.0,0.0,0.0,0.0,0.0,0.0,0.0,0.0,0.0,0.0,0.0,0.0,0.0,0.0,0.0,3.9841994187196152,3.942022748716335,3.288058942582485,1.5814648866653442,0.3950496017932892,-0.11783923953771595,0.0,0.0,0.0,0.0,0.0,0.0,0.0,0.0,0.0,0.0,0.0,0.0,0.0,0.0,0.0,0.0,0.0,0.0,0.0,0.0,0.0,0.0,0.0,0.0,0.0,0.0,0.0,0.0,0.0,0.0,0.0,0.0,0.0,0.0,0.0,0.0
36984000000,3531,36984000000,map,base_link,3.924276113510132,2.566948890686035,1.1980164051055908,-0.30115245618405817,-0.424051675990885,0.20875020073424413,-0.828197311136378,0.0,0.0,0.0,0.0,0.0,0.0,0.0,0.0,0.0,0.0,0.0,0.0,0.0,0.0,0.0,0.0,0.0,0.0,0.0,0.0,0.0,0.0,0.0,0.0,0.0,0.0,0.0,0.0,0.0,0.0,0.0,0.0,0.0,0.0,0.0,0.0,4.0259566748951885,3.925670271072419,3.3181109115068645,1.5451107025146484,0.34304842352867126,-0.10491840541362767,0.0,0.0,0.0,0.0,0.0,0.0,0.0,0.0,0.0,0.0,0.0,0.0,0.0,0.0,0.0,0.0,0.0,0.0,0.0,0.0,0.0,0.0,0.0,0.0,0.0,0.0,0.0,0.0,0.0,0.0,0.0,0.0,0.0,0.0,0.0,0.0
36992000000,3532,36992000000,map,base_link,3.972155809402466,2.5754613876342773,1.194318175315857,-0.30847099301017167,-0.42381541129484507,0.21187041622320266,-0.8248255632555064,0.0,0.0,0.0,0.0,0.0,0.0,0.0,0.0,0.0,0.0,0.0,0.0,0.0,0.0,0.0,0.0,0.0,0.0,0.0,0.0,0.0,0.0,0.0,0.0,0.0,0.0,0.0,0.0,0.0,0.0,0.0,0.0,0.0,0.0,0.0,0.0,4.061008115432921,3.945597648326261,3.3120094912291846,1.4856499433517456,0.280416876077652,-0.059434037655592,0.0,0.0,0.0,0.0,0.0,0.0,0.0,0.0,0.0,0.0,0.0,0.0,0.0,0.0,0.0,0.0,0.0,0.0,0.0,0.0,0.0,0.0,0.0,0.0,0.0,0.0,0.0,0.0,0.0,0.0,0.0,0.0,0.0,0.0,0.0,0.0
37001000000,3533,37001000000,map,base_link,4.020425319671631,2.5832810401916504,1.1903271675109863,-0.3161577615833689,-0.42361147849996905,0.2146082544290461,-0.8213044680169366,0.0,0.0,0.0,0.0,0.0,0.0,0.0,0.0,0.0,0.0,0.0,0.0,0.0,0.0,0.0,0.0,0.0,0.0,0.0,0.0,0.0,0.0,0.0,0.0,0.0,0.0,0.0,0.0,0.0,0.0,0.0,0.0,0.0,0.0,0.0,0.0,4.097119105456386,3.9622002019477565,3.3110041444458327,1.519086241722107,0.3366466760635376,0.014869011938571888,0.0,0.0,0.0,0.0,0.0,0.0,0.0,0.0,0.0,0.0,0.0,0.0,0.0,0.0,0.0,0.0,0.0,0.0,0.0,0.0,0.0,0.0,0.0,0.0,0.0,0.0,0.0,0.0,0.0,0.0,0.0,0.0,0.0,0.0,0.0,0.0
37009000000,3534,37009000000,map,base_link,4.069099426269531,2.5903666019439697,1.1860880851745605,-0.318907537884053,-0.42355690886785957,0.2154896925453786,-0.8200377234115174,0.0,0.0,0.0,0.0,0.0,0.0,0.0,0.0,0.0,0.0,0.0,0.0,0.0,0.0,0.0,0.0,0.0,0.0,0.0,0.0,0.0,0.0,0.0,0.0,0.0,0.0,0.0,0.0,0.0,0.0,0.0,0.0,0.0,0.0,0.0,0.0,4.14019284827199,3.9422293474735786,3.3504565319105533,1.5536558628082275,0.3632517457008362,0.03656621277332302,0.0,0.0,0.0,0.0,0.0,0.0,0.0,0.0,0.0,0.0,0.0,0.0,0.0,0.0,0.0,0.0,0.0,0.0,0.0,0.0,0.0,0.0,0.0,0.0,0.0,0.0,0.0,0.0,0.0,0.0,0.0,0.0,0.0,0.0,0.0,0.0
37017000000,3535,37017000000,map,base_link,4.118179798126221,2.5967323780059814,1.181587815284729,-0.3242536548834174,-0.42341685489025793,0.21716182661319985,-0.8175685924383552,0.0,0.0,0.0,0.0,0.0,0.0,0.0,0.0,0.0,0.0,0.0,0.0,0.0,0.0,0.0,0.0,0.0,0.0,0.0,0.0,0.0,0.0,0.0,0.0,0.0,0.0,0.0,0.0,0.0,0.0,0.0,0.0,0.0,0.0,0.0,0.0,4.180768778801427,3.9394041286891506,3.3647249579445746,1.5676575899124146,0.3705819547176361,0.06243342906236644,0.0,0.0,0.0,0.0,0.0,0.0,0.0,0.0,0.0,0.0,0.0,0.0,0.0,0.0,0.0,0.0,0.0,0.0,0.0,0.0,0.0,0.0,0.0,0.0,0.0,0.0,0.0,0.0,0.0,0.0,0.0,0.0,0.0,0.0,0.0,0.0
37025000000,3536,37025000000,map,base_link,4.16743278503418,2.6024281978607178,1.176810383796692,-0.32682393829300577,-0.42329437614848525,0.21796611492333326,-0.816393749036114,0.0,0.0,0.0,0.0,0.0,0.0,0.0,0.0,0.0,0.0,0.0,0.0,0.0,0.0,0.0,0.0,0.0,0.0,0.0,0.0,0.0,0.0,0.0,0.0,0.0,0.0,0.0,0.0,0.0,0.0,0.0,0.0,0.0,0.0,0.0,0.0,4.225821198761834,3.9177268698105236,3.3915646787346603,1.524772047996521,0.3411920666694641,0.06384442746639248,0.0,0.0,0.0,0.0,0.0,0.0,0.0,0.0,0.0,0.0,0.0,0.0,0.0,0.0,0.0,0.0,0.0,0.0,0.0,0.0,0.0,0.0,0.0,0.0,0.0,0.0,0.0,0.0,0.0,0.0,0.0,0.0,0.0,0.0,0.0,0.0
37036000000,3537,37036000000,map,base_link,4.243823051452637,2.6068737506866455,1.1687304973602295,-0.3358865538573486,-0.42240057846882684,0.22124105149317516,-0.8122871708514551,0.0,0.0,0.0,0.0,0.0,0.0,0.0,0.0,0.0,0.0,0.0,0.0,0.0,0.0,0.0,0.0,0.0,0.0,0.0,0.0,0.0,0.0,0.0,0.0,0.0,0.0,0.0,0.0,0.0,0.0,0.0,0.0,0.0,0.0,0.0,0.0,4.290485292708627,3.9224472385409253,3.3940006414749986,1.3341810703277588,0.18027189373970032,0.0097195506095886,0.0,0.0,0.0,0.0,0.0,0.0,0.0,0.0,0.0,0.0,0.0,0.0,0.0,0.0,0.0,0.0,0.0,0.0,0.0,0.0,0.0,0.0,0.0,0.0,0.0,0.0,0.0,0.0,0.0,0.0,0.0,0.0,0.0,0.0,0.0,0.0
37048000000,3538,37048000000,map,base_link,4.3209309577941895,2.6100666522979736,1.1599138975143433,-0.34028967199977417,-0.42187926936795167,0.22309654542544308,-0.8102152107052352,0.0,0.0,0.0,0.0,0.0,0.0,0.0,0.0,0.0,0.0,0.0,0.0,0.0,0.0,0.0,0.0,0.0,0.0,0.0,0.0,0.0,0.0,0.0,0.0,0.0,0.0,0.0,0.0,0.0,0.0,0.0,0.0,0.0,0.0,0.0,0.0,4.35990707762305,3.896344359319384,3.417316965829596,1.3955143690109253,0.19191640615463257,-0.033011239022016546,0.0,0.0,0.0,0.0,0.0,0.0,0.0,0.0,0.0,0.0,0.0,0.0,0.0,0.0,0.0,0.0,0.0,0.0,0.0,0.0,0.0,0.0,0.0,0.0,0.0,0.0,0.0,0.0,0.0,0.0,0.0,0.0,0.0,0.0,0.0,0.0
37056000000,3539,37056000000,map,base_link,4.371363639831543,2.6133110523223877,1.1538879871368408,-0.34749849794503584,-0.42130334585394047,0.2262633542554304,-0.806568855032891,0.0,0.0,0.0,0.0,0.0,0.0,0.0,0.0,0.0,0.0,0.0,0.0,0.0,0.0,0.0,0.0,0.0,0.0,0.0,0.0,0.0,0.0,0.0,0.0,0.0,0.0,0.0,0.0,0.0,0.0,0.0,0.0,0.0,0.0,0.0,0.0,4.395743989320945,3.9148664987169264,3.4126696981053843,1.54188072681427,0.26896992325782776,-0.07480731606483462,0.0,0.0,0.0,0.0,0.0,0.0,0.0,0.0,0.0,0.0,0.0,0.0,0.0,0.0,0.0,0.0,0.0,0.0,0.0,0.0,0.0,0.0,0.0,0.0,0.0,0.0,0.0,0.0,0.0,0.0,0.0,0.0,0.0,0.0,0.0,0.0
37069000000,3540,37069000000,map,base_link,4.449426174163818,2.6142449378967285,1.1439357995986938,-0.3549208424590317,-0.4207096337356796,0.22978824271036616,-0.802640621237706,0.0,0.0,0.0,0.0,0.0,0.0,0.0,0.0,0.0,0.0,0.0,0.0,0.0,0.0,0.0,0.0,0.0,0.0,0.0,0.0,0.0,0.0,0.0,0.0,0.0,0.0,0.0,0.0,0.0,0.0,0.0,0.0,0.0,0.0,0.0,0.0,4.453865880142426,3.9164238771731075,3.432581514262461,1.5669900178909302,0.25636211037635803,-0.10116594284772876,0.0,0.0,0.0,0.0,0.0,0.0,0.0,0.0,0.0,0.0,0.0,0.0,0.0,0.0,0.0,0.0,0.0,0.0,0.0,0.0,0.0,0.0,0.0,0.0,0.0,0.0,0.0,0.0,0.0,0.0,0.0,0.0,0.0,0.0,0.0,0.0
37077000000,3541,37077000000,map,base_link,4.500602722167969,2.6158154010772705,1.1371525526046753,-0.359605743893889,-0.4201206473328081,0.23221238192274304,-0.800162365471841,0.0,0.0,0.0,0.0,0.0,0.0,0.0,0.0,0.0,0.0,0.0,0.0,0.0,0.0,0.0,0.0,0.0,0.0,0.0,0.0,0.0,0.0,0.0,0.0,0.0,0.0,0.0,0.0,0.0,0.0,0.0,0.0,0.0,0.0,0.0,0.0,4.493482867045608,3.917116650435085,3.447001296632651,1.515053391456604,0.1844503283500671,-0.11335008591413501,0.0,0.0,0.0,0.0,0.0,0.0,0.0,0.0,0.0,0.0,0.0,0.0,0.0,0.0,0.0,0.0,0.0,0.0,0.0,0.0,0.0,0.0,0.0,0.0,0.0,0.0,0.0,0.0,0.0,0.0,0.0,0.0,0.0,0.0,0.0,0.0
37085000000,3542,37084000000,map,base_link,4.552075386047363,2.61668062210083,1.1300643682479858,-0.36406471714730354,-0.4193306415359638,0.23459355242306298,-0.7978624540954502,0.0,0.0,0.0,0.0,0.0,0.0,0.0,0.0,0.0,0.0,0.0,0.0,0.0,0.0,0.0,0.0,0.0,0.0,0.0,0.0,0.0,0.0,0.0,0.0,0.0,0.0,0.0,0.0,0.0,0.0,0.0,0.0,0.0,0.0,0.0,0.0,4.535843987280531,3.915533418461868,3.459051249096927,1.4618266820907593,0.12160687893629073,-0.10237710177898408,0.0,0.0,0.0,0.0,0.0,0.0,0.0,0.0,0.0,0.0,0.0,0.0,0.0,0.0,0.0,0.0,0.0,0.0,0.0,0.0,0.0,0.0,0.0,0.0,0.0,0.0,0.0,0.0,0.0,0.0,0.0,0.0,0.0,0.0,0.0,0.0
37092000000,3543,37092000000,map,base_link,4.6038737297058105,2.616854190826416,1.1226497888565063,-0.3684096515653598,-0.4184606304839337,0.2367968632226671,-0.7956710287071262,0.0,0.0,0.0,0.0,0.0,0.0,0.0,0.0,0.0,0.0,0.0,0.0,0.0,0.0,0.0,0.0,0.0,0.0,0.0,0.0,0.0,0.0,0.0,0.0,0.0,0.0,0.0,0.0,0.0,0.0,0.0,0.0,0.0,0.0,0.0,0.0,4.579884393186199,3.911688222623171,3.4700972013828886,1.4055659770965576,0.0927913412451744,-0.06099968403577806,0.0,0.0,0.0,0.0,0.0,0.0,0.0,0.0,0.0,0.0,0.0,0.0,0.0,0.0,0.0,0.0,0.0,0.0,0.0,0.0,0.0,0.0,0.0,0.0,0.0,0.0,0.0,0.0,0.0,0.0,0.0,0.0,0.0,0.0,0.0,0.0
37100000000,3544,37100000000,map,base_link,4.6558990478515625,2.6163384914398193,1.114925742149353,-0.37285358629639015,-0.4176250560413151,0.23877860803964926,-0.7934446635813867,0.0,0.0,0.0,0.0,0.0,0.0,0.0,0.0,0.0,0.0,0.0,0.0,0.0,0.0,0.0,0.0,0.0,0.0,0.0,0.0,0.0,0.0,0.0,0.0,0.0,0.0,0.0,0.0,0.0,0.0,0.0,0.0,0.0,0.0,0.0,0.0,4.623894962836289,3.9052390184799926,3.488370485713871,1.3975839614868164,0.14204087853431702,0.002070946618914587,0.0,0.0,0.0,0.0,0.0,0.0,0.0,0.0,0.0,0.0,0.0,0.0,0.0,0.0,0.0,0.0,0.0,0.0,0.0,0.0,0.0,0.0,0.0,0.0,0.0,0.0,0.0,0.0,0.0,0.0,0.0,0.0,0.0,0.0,0.0,0.0
37113000000,3545,37113000000,map,base_link,4.735889911651611,2.61188006401062,1.1024960279464722,-0.3798744386143822,-0.4164110279237599,0.24149623683163177,-0.7899220299828462,0.0,0.0,0.0,0.0,0.0,0.0,0.0,0.0,0.0,0.0,0.0,0.0,0.0,0.0,0.0,0.0,0.0,0.0,0.0,0.0,0.0,0.0,0.0,0.0,0.0,0.0,0.0,0.0,0.0,0.0,0.0,0.0,0.0,0.0,0.0,0.0,4.689917078903841,3.892515738216744,3.5243237237309164,1.4387450218200684,0.18591853976249695,0.053153835237026194,0.0,0.0,0.0,0.0,0.0,0.0,0.0,0.0,0.0,0.0,0.0,0.0,0.0,0.0,0.0,0.0,0.0,0.0,0.0,0.0,0.0,0.0,0.0,0.0,0.0,0.0,0.0,0.0,0.0,0.0,0.0,0.0,0.0,0.0,0.0,0.0
37121000000,3546,37120000000,map,base_link,4.788509845733643,2.6095993518829346,1.0940287113189697,-0.3844833137199709,-0.4153861522281436,0.24328922698755798,-0.7876784057226415,0.0,0.0,0.0,0.0,0.0,0.0,0.0,0.0,0.0,0.0,0.0,0.0,0.0,0.0,0.0,0.0,0.0,0.0,0.0,0.0,0.0,0.0,0.0,0.0,0.0,0.0,0.0,0.0,0.0,0.0,0.0,0.0,0.0,0.0,0.0,0.0,4.73631472622166,3.8839339871079206,3.537657062544801,1.3993198871612549,0.10986382514238359,0.0709470361471176,0.0,0.0,0.0,0.0,0.0,0.0,0.0,0.0,0.0,0.0,0.0,0.0,0.0,0.0,0.0,0.0,0.0,0.0,0.0,0.0,0.0,0.0,0.0,0.0,0.0,0.0,0.0,0.0,0.0,0.0,0.0,0.0,0.0,0.0,0.0,0.0
37133000000,3547,37133000000,map,base_link,4.869533061981201,2.6027092933654785,1.0803762674331665,-0.3905578994831756,-0.413474494986057,0.24602910931555408,-0.7848395625943417,0.0,0.0,0.0,0.0,0.0,0.0,0.0,0.0,0.0,0.0,0.0,0.0,0.0,0.0,0.0,0.0,0.0,0.0,0.0,0.0,0.0,0.0,0.0,0.0,0.0,0.0,0.0,0.0,0.0,0.0,0.0,0.0,0.0,0.0,0.0,0.0,4.810931610142747,3.8651244474410382,3.559111070610744,1.2739100456237793,-0.005658348556607956,0.052445992827415466,0.0,0.0,0.0,0.0,0.0,0.0,0.0,0.0,0.0,0.0,0.0,0.0,0.0,0.0,0.0,0.0,0.0,0.0,0.0,0.0,0.0,0.0,0.0,0.0,0.0,0.0,0.0,0.0,0.0,0.0,0.0,0.0,0.0,0.0,0.0,0.0
37141000000,3548,37141000000,map,base_link,4.9227070808410645,2.5988545417785645,1.0710670948028564,-0.39424174148454777,-0.4121348606988608,0.24794325058752495,-0.7830979705201746,0.0,0.0,0.0,0.0,0.0,0.0,0.0,0.0,0.0,0.0,0.0,0.0,0.0,0.0,0.0,0.0,0.0,0.0,0.0,0.0,0.0,0.0,0.0,0.0,0.0,0.0,0.0,0.0,0.0,0.0,0.0,0.0,0.0,0.0,0.0,0.0,4.861100467384784,3.8535263919233467,3.5654068400587065,1.2083507776260376,-0.05450631305575371,0.009187448769807822,0.0,0.0,0.0,0.0,0.0,0.0,0.0,0.0,0.0,0.0,0.0,0.0,0.0,0.0,0.0,0.0,0.0,0.0,0.0,0.0,0.0,0.0,0.0,0.0,0.0,0.0,0.0,0.0,0.0,0.0,0.0,0.0,0.0,0.0,0.0,0.0
37149000000,3549,37149000000,map,base_link,4.97580623626709,2.594418525695801,1.0614420175552368,-0.3981205673194769,-0.4108919830634999,0.25000431577340465,-0.7811309771001711,0.0,0.0,0.0,0.0,0.0,0.0,0.0,0.0,0.0,0.0,0.0,0.0,0.0,0.0,0.0,0.0,0.0,0.0,0.0,0.0,0.0,0.0,0.0,0.0,0.0,0.0,0.0,0.0,0.0,0.0,0.0,0.0,0.0,0.0,0.0,0.0,4.9090219460786795,3.8452776568485794,3.568768686802928,1.2511234283447266,-0.027774237096309662,-0.00888176821172237,0.0,0.0,0.0,0.0,0.0,0.0,0.0,0.0,0.0,0.0,0.0,0.0,0.0,0.0,0.0,0.0,0.0,0.0,0.0,0.0,0.0,0.0,0.0,0.0,0.0,0.0,0.0,0.0,0.0,0.0,0.0,0.0,0.0,0.0,0.0,0.0
37160000000,3550,37160000000,map,base_link,5.057169437408447,2.584521770477295,1.0460668802261353,-0.40460314758252114,-0.4091805103455859,0.2534574702921749,-0.7775775973756419,0.0,0.0,0.0,0.0,0.0,0.0,0.0,0.0,0.0,0.0,0.0,0.0,0.0,0.0,0.0,0.0,0.0,0.0,0.0,0.0,0.0,0.0,0.0,0.0,0.0,0.0,0.0,0.0,0.0,0.0,0.0,0.0,0.0,0.0,0.0,0.0,4.975379483209737,3.8387546458612274,3.586424846510633,1.45388662815094,0.0592532530426979,-0.05820045620203019,0.0,0.0,0.0,0.0,0.0,0.0,0.0,0.0,0.0,0.0,0.0,0.0,0.0,0.0,0.0,0.0,0.0,0.0,0.0,0.0,0.0,0.0,0.0,0.0,0.0,0.0,0.0,0.0,0.0,0.0,0.0,0.0,0.0,0.0,0.0,0.0
37172000000,3551,37172000000,map,base_link,5.1390700340271,2.5731725692749023,1.029907464981079,-0.4109946226580613,-0.40720172601543936,0.2573373827255423,-0.773981754701238,0.0,0.0,0.0,0.0,0.0,0.0,0.0,0.0,0.0,0.0,0.0,0.0,0.0,0.0,0.0,0.0,0.0,0.0,0.0,0.0,0.0,0.0,0.0,0.0,0.0,0.0,0.0,0.0,0.0,0.0,0.0,0.0,0.0,0.0,0.0,0.0,5.041917871047916,3.8352930153640785,3.6022334380258734,1.4388352632522583,-0.02633495256304742,-0.0958966314792633,0.0,0.0,0.0,0.0,0.0,0.0,0.0,0.0,0.0,0.0,0.0,0.0,0.0,0.0,0.0,0.0,0.0,0.0,0.0,0.0,0.0,0.0,0.0,0.0,0.0,0.0,0.0,0.0,0.0,0.0,0.0,0.0,0.0,0.0,0.0,0.0
37185000000,3552,37185000000,map,base_link,5.221529483795166,2.5603139400482178,1.0129501819610596,-0.4167035415404048,-0.4048280558431569,0.2612476830366861,-0.7708579988770046,0.0,0.0,0.0,0.0,0.0,0.0,0.0,0.0,0.0,0.0,0.0,0.0,0.0,0.0,0.0,0.0,0.0,0.0,0.0,0.0,0.0,0.0,0.0,0.0,0.0,0.0,0.0,0.0,0.0,0.0,0.0,0.0,0.0,0.0,0.0,0.0,5.1130913849120425,3.826968196685983,3.617795317568883,1.3004429340362549,-0.14057187736034393,-0.08547829091548918,0.0,0.0,0.0,0.0,0.0,0.0,0.0,0.0,0.0,0.0,0.0,0.0,0.0,0.0,0.0,0.0,0.0,0.0,0.0,0.0,0.0,0.0,0.0,0.0,0.0,0.0,0.0,0.0,0.0,0.0,0.0,0.0,0.0,0.0,0.0,0.0
37193000000,3553,37193000000,map,base_link,5.275955677032471,2.552208662033081,1.0013726949691772,-0.420360492535338,-0.40324970312308395,0.26367281270000287,-0.7688715336129891,0.0,0.0,0.0,0.0,0.0,0.0,0.0,0.0,0.0,0.0,0.0,0.0,0.0,0.0,0.0,0.0,0.0,0.0,0.0,0.0,0.0,0.0,0.0,0.0,0.0,0.0,0.0,0.0,0.0,0.0,0.0,0.0,0.0,0.0,0.0,0.0,5.161493007796658,3.819655448816951,3.6268086043357988,1.257893681526184,-0.123512901365757,-0.06210149079561232,0.0,0.0,0.0,0.0,0.0,0.0,0.0,0.0,0.0,0.0,0.0,0.0,0.0,0.0,0.0,0.0,0.0,0.0,0.0,0.0,0.0,0.0,0.0,0.0,0.0,0.0,0.0,0.0,0.0,0.0,0.0,0.0,0.0,0.0,0.0,0.0
37201000000,3554,37201000000,map,base_link,5.330384731292725,2.5434389114379883,0.9894823431968689,-0.4240324583450532,-0.40175529638853263,0.26582778106436494,-0.7668929076627966,0.0,0.0,0.0,0.0,0.0,0.0,0.0,0.0,0.0,0.0,0.0,0.0,0.0,0.0,0.0,0.0,0.0,0.0,0.0,0.0,0.0,0.0,0.0,0.0,0.0,0.0,0.0,0.0,0.0,0.0,0.0,0.0,0.0,0.0,0.0,0.0,5.209129985601196,3.809383217103477,3.6426356912192066,1.2548648118972778,-0.0716005489230156,-0.010564649477601043,0.0,0.0,0.0,0.0,0.0,0.0,0.0,0.0,0.0,0.0,0.0,0.0,0.0,0.0,0.0,0.0,0.0,0.0,0.0,0.0,0.0,0.0,0.0,0.0,0.0,0.0,0.0,0.0,0.0,0.0,0.0,0.0,0.0,0.0,0.0,0.0
37212000000,3555,37212000000,map,base_link,5.413361549377441,2.527177095413208,0.9707860946655273,-0.42982570599191355,-0.3993839513722718,0.2688020841637787,-0.7638637293666217,0.0,0.0,0.0,0.0,0.0,0.0,0.0,0.0,0.0,0.0,0.0,0.0,0.0,0.0,0.0,0.0,0.0,0.0,0.0,0.0,0.0,0.0,0.0,0.0,0.0,0.0,0.0,0.0,0.0,0.0,0.0,0.0,0.0,0.0,0.0,0.0,5.282261091611046,3.789900804200124,3.6725644349535935,1.2736625671386719,-0.05882045999169349,0.050387576222419746,0.0,0.0,0.0,0.0,0.0,0.0,0.0,0.0,0.0,0.0,0.0,0.0,0.0,0.0,0.0,0.0,0.0,0.0,0.0,0.0,0.0,0.0,0.0,0.0,0.0,0.0,0.0,0.0,0.0,0.0,0.0,0.0,0.0,0.0,0.0,0.0
37224000000,3556,37224000000,map,base_link,5.496776103973389,2.509373426437378,0.9512828588485718,-0.43535113017282245,-0.39651580169627776,0.27178216138143846,-0.7611695763692599,0.0,0.0,0.0,0.0,0.0,0.0,0.0,0.0,0.0,0.0,0.0,0.0,0.0,0.0,0.0,0.0,0.0,0.0,0.0,0.0,0.0,0.0,0.0,0.0,0.0,0.0,0.0,0.0,0.0,0.0,0.0,0.0,0.0,0.0,0.0,0.0,5.36105464701169,3.76676286682517,3.6926528855528606,1.2280948162078857,-0.1613633930683136,0.07618315517902376,0.0,0.0,0.0,0.0,0.0,0.0,0.0,0.0,0.0,0.0,0.0,0.0,0.0,0.0,0.0,0.0,0.0,0.0,0.0,0.0,0.0,0.0,0.0,0.0,0.0,0.0,0.0,0.0,0.0,0.0,0.0,0.0,0.0,0.0,0.0,0.0
37232000000,3557,37232000000,map,base_link,5.551909446716309,2.4978435039520264,0.9380462765693665,-0.438548569224965,-0.3943686621090266,0.2738464086543808,-0.7597083662048113,0.0,0.0,0.0,0.0,0.0,0.0,0.0,0.0,0.0,0.0,0.0,0.0,0.0,0.0,0.0,0.0,0.0,0.0,0.0,0.0,0.0,0.0,0.0,0.0,0.0,0.0,0.0,0.0,0.0,0.0,0.0,0.0,0.0,0.0,0.0,0.0,5.416065363004944,3.7492194603236673,3.7029209084110817,1.1289821863174438,-0.2714797258377075,0.06160945072770122,0.0,0.0,0.0,0.0,0.0,0.0,0.0,0.0,0.0,0.0,0.0,0.0,0.0,0.0,0.0,0.0,0.0,0.0,0.0,0.0,0.0,0.0,0.0,0.0,0.0,0.0,0.0,0.0,0.0,0.0,0.0,0.0,0.0,0.0,0.0,0.0
37240000000,3558,37240000000,map,base_link,5.606989860534668,2.4856908321380615,0.9244858622550964,-0.44152832770708295,-0.3922445689453769,0.27595998881350514,-0.7583160029174055,0.0,0.0,0.0,0.0,0.0,0.0,0.0,0.0,0.0,0.0,0.0,0.0,0.0,0.0,0.0,0.0,0.0,0.0,0.0,0.0,0.0,0.0,0.0,0.0,0.0,0.0,0.0,0.0,0.0,0.0,0.0,0.0,0.0,0.0,0.0,0.0,5.471826745727384,3.732575525302879,3.7057767980361724,1.0784869194030762,-0.29651063680648804,0.027408462017774617,0.0,0.0,0.0,0.0,0.0,0.0,0.0,0.0,0.0,0.0,0.0,0.0,0.0,0.0,0.0,0.0,0.0,0.0,0.0,0.0,0.0,0.0,0.0,0.0,0.0,0.0,0.0,0.0,0.0,0.0,0.0,0.0,0.0,0.0,0.0,0.0
37248000000,3559,37248000000,map,base_link,5.662015438079834,2.472956657409668,0.9105855822563171,-0.4430649464860515,-0.39121480816660037,0.27704800970781385,-0.7575546200990562,0.0,0.0,0.0,0.0,0.0,0.0,0.0,0.0,0.0,0.0,0.0,0.0,0.0,0.0,0.0,0.0,0.0,0.0,0.0,0.0,0.0,0.0,0.0,0.0,0.0,0.0,0.0,0.0,0.0,0.0,0.0,0.0,0.0,0.0,0.0,0.0,5.522059918260667,3.7016955507820297,3.72991631211528,1.1009165048599243,-0.27594202756881714,0.015283081680536303,0.0,0.0,0.0,0.0,0.0,0.0,0.0,0.0,0.0,0.0,0.0,0.0,0.0,0.0,0.0,0.0,0.0,0.0,0.0,0.0,0.0,0.0,0.0,0.0,0.0,0.0,0.0,0.0,0.0,0.0,0.0,0.0,0.0,0.0,0.0,0.0
37261000000,3560,37260000000,map,base_link,5.745943069458008,2.4509968757629395,0.888721764087677,-0.45002588310761826,-0.3873010886923712,0.28178860293462216,-0.7537040840191008,0.0,0.0,0.0,0.0,0.0,0.0,0.0,0.0,0.0,0.0,0.0,0.0,0.0,0.0,0.0,0.0,0.0,0.0,0.0,0.0,0.0,0.0,0.0,0.0,0.0,0.0,0.0,0.0,0.0,0.0,0.0,0.0,0.0,0.0,0.0,0.0,5.600864536905421,3.7047401225332584,3.7188952192094833,1.3214855194091797,-0.19111667573451996,-0.04468202590942381,0.0,0.0,0.0,0.0,0.0,0.0,0.0,0.0,0.0,0.0,0.0,0.0,0.0,0.0,0.0,0.0,0.0,0.0,0.0,0.0,0.0,0.0,0.0,0.0,0.0,0.0,0.0,0.0,0.0,0.0,0.0,0.0,0.0,0.0,0.0,0.0
37272000000,3561,37272000000,map,base_link,5.829965591430664,2.427642822265625,0.8660650849342346,-0.45542149631220263,-0.3840813486890102,0.2859369697195797,-0.7505417849019043,0.0,0.0,0.0,0.0,0.0,0.0,0.0,0.0,0.0,0.0,0.0,0.0,0.0,0.0,0.0,0.0,0.0,0.0,0.0,0.0,0.0,0.0,0.0,0.0,0.0,0.0,0.0,0.0,0.0,0.0,0.0,0.0,0.0,0.0,0.0,0.0,5.676207115453606,3.695862201069775,3.7265925548707894,1.340984582901001,-0.2632778584957123,-0.07935127615928647,0.0,0.0,0.0,0.0,0.0,0.0,0.0,0.0,0.0,0.0,0.0,0.0,0.0,0.0,0.0,0.0,0.0,0.0,0.0,0.0,0.0,0.0,0.0,0.0,0.0,0.0,0.0,0.0,0.0,0.0,0.0,0.0,0.0,0.0,0.0,0.0
37281000000,3562,37281000000,map,base_link,5.885482311248779,2.4123027324676514,0.8506829738616943,-0.45852686293959516,-0.38171043304376856,0.28882436601736405,-0.7487528197700108,0.0,0.0,0.0,0.0,0.0,0.0,0.0,0.0,0.0,0.0,0.0,0.0,0.0,0.0,0.0,0.0,0.0,0.0,0.0,0.0,0.0,0.0,0.0,0.0,0.0,0.0,0.0,0.0,0.0,0.0,0.0,0.0,0.0,0.0,0.0,0.0,5.728733397053215,3.6879007344993107,3.728959425141104,1.2096359729766846,-0.3934643864631653,-0.09782260656356807,0.0,0.0,0.0,0.0,0.0,0.0,0.0,0.0,0.0,0.0,0.0,0.0,0.0,0.0,0.0,0.0,0.0,0.0,0.0,0.0,0.0,0.0,0.0,0.0,0.0,0.0,0.0,0.0,0.0,0.0,0.0,0.0,0.0,0.0,0.0,0.0
37292000000,3563,37292000000,map,base_link,5.969970703125,2.3864572048187256,0.8266149759292603,-0.46270957413773295,-0.37823680042497804,0.29285980032173664,-0.7463712278012058,0.0,0.0,0.0,0.0,0.0,0.0,0.0,0.0,0.0,0.0,0.0,0.0,0.0,0.0,0.0,0.0,0.0,0.0,0.0,0.0,0.0,0.0,0.0,0.0,0.0,0.0,0.0,0.0,0.0,0.0,0.0,0.0,0.0,0.0,0.0,0.0,5.80937590051451,3.6703848054242725,3.734400561666601,1.10955011844635,-0.3863987326622009,-0.07792075723409649,0.0,0.0,0.0,0.0,0.0,0.0,0.0,0.0,0.0,0.0,0.0,0.0,0.0,0.0,0.0,0.0,0.0,0.0,0.0,0.0,0.0,0.0,0.0,0.0,0.0,0.0,0.0,0.0,0.0,0.0,0.0,0.0,0.0,0.0,0.0,0.0
37300000000,3564,37300000000,map,base_link,6.025418281555176,2.3695297241210938,0.8103867173194885,-0.4655876533478183,-0.3760647652211472,0.29523681935747825,-0.7447407137462891,0.0,0.0,0.0,0.0,0.0,0.0,0.0,0.0,0.0,0.0,0.0,0.0,0.0,0.0,0.0,0.0,0.0,0.0,0.0,0.0,0.0,0.0,0.0,0.0,0.0,0.0,0.0,0.0,0.0,0.0,0.0,0.0,0.0,0.0,0.0,0.0,5.86169333141614,3.6564255791637135,3.7437286915312384,1.106425404548645,-0.3136788010597229,-0.030662024393677673,0.0,0.0,0.0,0.0,0.0,0.0,0.0,0.0,0.0,0.0,0.0,0.0,0.0,0.0,0.0,0.0,0.0,0.0,0.0,0.0,0.0,0.0,0.0,0.0,0.0,0.0,0.0,0.0,0.0,0.0,0.0,0.0,0.0,0.0,0.0,0.0
37312000000,3565,37312000000,map,base_link,6.109869003295898,2.341320514678955,0.7850302457809448,-0.47022102499201496,-0.3725702857174119,0.29856250073292734,-0.7422561148797233,0.0,0.0,0.0,0.0,0.0,0.0,0.0,0.0,0.0,0.0,0.0,0.0,0.0,0.0,0.0,0.0,0.0,0.0,0.0,0.0,0.0,0.0,0.0,0.0,0.0,0.0,0.0,0.0,0.0,0.0,0.0,0.0,0.0,0.0,0.0,0.0,5.942001389075838,3.6308332236170964,3.760817221746513,1.1490325927734375,-0.31114494800567627,0.04164816811680797,0.0,0.0,0.0,0.0,0.0,0.0,0.0,0.0,0.0,0.0,0.0,0.0,0.0,0.0,0.0,0.0,0.0,0.0,0.0,0.0,0.0,0.0,0.0,0.0,0.0,0.0,0.0,0.0,0.0,0.0,0.0,0.0,0.0,0.0,0.0,0.0
37320000000,3566,37320000000,map,base_link,6.165840148925781,2.3225715160369873,0.7677903771400452,-0.4732080037561184,-0.369902611477627,0.3007753577937191,-0.7407972649387915,0.0,0.0,0.0,0.0,0.0,0.0,0.0,0.0,0.0,0.0,0.0,0.0,0.0,0.0,0.0,0.0,0.0,0.0,0.0,0.0,0.0,0.0,0.0,0.0,0.0,0.0,0.0,0.0,0.0,0.0,0.0,0.0,0.0,0.0,0.0,0.0,5.9993025765104555,3.6112872590551435,3.768104773495046,1.1140233278274536,-0.41536471247673035,0.08148765563964849,0.0,0.0,0.0,0.0,0.0,0.0,0.0,0.0,0.0,0.0,0.0,0.0,0.0,0.0,0.0,0.0,0.0,0.0,0.0,0.0,0.0,0.0,0.0,0.0,0.0,0.0,0.0,0.0,0.0,0.0,0.0,0.0,0.0,0.0,0.0,0.0
37328000000,3567,37328000000,map,base_link,6.22138786315918,2.3032894134521484,0.7503608465194702,-0.4745813430097777,-0.3684640289024729,0.30191483999005964,-0.7401718057068898,0.0,0.0,0.0,0.0,0.0,0.0,0.0,0.0,0.0,0.0,0.0,0.0,0.0,0.0,0.0,0.0,0.0,0.0,0.0,0.0,0.0,0.0,0.0,0.0,0.0,0.0,0.0,0.0,0.0,0.0,0.0,0.0,0.0,0.0,0.0,0.0,6.049303167957893,3.5757042072740477,3.8023632054974144,1.078837513923645,-0.4694371521472931,0.08397585898637777,0.0,0.0,0.0,0.0,0.0,0.0,0.0,0.0,0.0,0.0,0.0,0.0,0.0,0.0,0.0,0.0,0.0,0.0,0.0,0.0,0.0,0.0,0.0,0.0,0.0,0.0,0.0,0.0,0.0,0.0,0.0,0.0,0.0,0.0,0.0,0.0
37341000000,3568,37341000000,map,base_link,6.305970668792725,2.2715702056884766,0.7231678366661072,-0.479406988576881,-0.36259819911412067,0.306552721347047,-0.7380494168564268,0.0,0.0,0.0,0.0,0.0,0.0,0.0,0.0,0.0,0.0,0.0,0.0,0.0,0.0,0.0,0.0,0.0,0.0,0.0,0.0,0.0,0.0,0.0,0.0,0.0,0.0,0.0,0.0,0.0,0.0,0.0,0.0,0.0,0.0,0.0,0.0,6.150036452407928,3.5548737795681884,3.774844580873907,0.9862844347953796,-0.5445066690444946,0.051463063806295464,0.0,0.0,0.0,0.0,0.0,0.0,0.0,0.0,0.0,0.0,0.0,0.0,0.0,0.0,0.0,0.0,0.0,0.0,0.0,0.0,0.0,0.0,0.0,0.0,0.0,0.0,0.0,0.0,0.0,0.0,0.0,0.0,0.0,0.0,0.0,0.0
37349000000,3569,37348000000,map,base_link,6.363649368286133,2.2550108432769775,0.7046318650245667,-0.4818661096735219,-0.3597591663250026,0.30895070843992267,-0.7368364305562832,0.0,0.0,0.0,0.0,0.0,0.0,0.0,0.0,0.0,0.0,0.0,0.0,0.0,0.0,0.0,0.0,0.0,0.0,0.0,0.0,0.0,0.0,0.0,0.0,0.0,0.0,0.0,0.0,0.0,0.0,0.0,0.0,0.0,0.0,0.0,0.0,6.21025812161623,3.53762198289887,3.7676435270779756,1.007110595703125,-0.5187638998031616,0.03638663887977606,0.0,0.0,0.0,0.0,0.0,0.0,0.0,0.0,0.0,0.0,0.0,0.0,0.0,0.0,0.0,0.0,0.0,0.0,0.0,0.0,0.0,0.0,0.0,0.0,0.0,0.0,0.0,0.0,0.0,0.0,0.0,0.0,0.0,0.0,0.0,0.0
37356000000,3570,37356000000,map,base_link,6.421658515930176,2.2376201152801514,0.6856099963188171,-0.484565315024349,-0.35704900279356266,0.31137421544957194,-0.7353629135120696,0.0,0.0,0.0,0.0,0.0,0.0,0.0,0.0,0.0,0.0,0.0,0.0,0.0,0.0,0.0,0.0,0.0,0.0,0.0,0.0,0.0,0.0,0.0,0.0,0.0,0.0,0.0,0.0,0.0,0.0,0.0,0.0,0.0,0.0,0.0,0.0,6.267549494306319,3.5225043870066424,3.7658616548213306,1.110327124595642,-0.4662807881832123,0.008927853778004704,0.0,0.0,0.0,0.0,0.0,0.0,0.0,0.0,0.0,0.0,0.0,0.0,0.0,0.0,0.0,0.0,0.0,0.0,0.0,0.0,0.0,0.0,0.0,0.0,0.0,0.0,0.0,0.0,0.0,0.0,0.0,0.0,0.0,0.0,0.0,0.0
37364000000,3571,37364000000,map,base_link,6.479262351989746,2.2196974754333496,0.6663529872894287,-0.4859830770563388,-0.35568097404281573,0.3126529719068167,-0.7345472666262626,0.0,0.0,0.0,0.0,0.0,0.0,0.0,0.0,0.0,0.0,0.0,0.0,0.0,0.0,0.0,0.0,0.0,0.0,0.0,0.0,0.0,0.0,0.0,0.0,0.0,0.0,0.0,0.0,0.0,0.0,0.0,0.0,0.0,0.0,0.0,0.0,6.317385607308179,3.4927868653777727,3.7899441126453786,1.1858333349227905,-0.4691958427429199,-0.01722155511379236,0.0,0.0,0.0,0.0,0.0,0.0,0.0,0.0,0.0,0.0,0.0,0.0,0.0,0.0,0.0,0.0,0.0,0.0,0.0,0.0,0.0,0.0,0.0,0.0,0.0,0.0,0.0,0.0,0.0,0.0,0.0,0.0,0.0,0.0,0.0,0.0
37372000000,3572,37372000000,map,base_link,6.536590099334717,2.2011237144470215,0.6468213796615601,-0.49011446392970254,-0.35140384336730135,0.3168008961498649,-0.7320794843522527,0.0,0.0,0.0,0.0,0.0,0.0,0.0,0.0,0.0,0.0,0.0,0.0,0.0,0.0,0.0,0.0,0.0,0.0,0.0,0.0,0.0,0.0,0.0,0.0,0.0,0.0,0.0,0.0,0.0,0.0,0.0,0.0,0.0,0.0,0.0,0.0,6.3802323076247855,3.501330856764306,3.7577333689308086,1.2175229787826538,-0.5416629314422607,-0.060110297054052284,0.0,0.0,0.0,0.0,0.0,0.0,0.0,0.0,0.0,0.0,0.0,0.0,0.0,0.0,0.0,0.0,0.0,0.0,0.0,0.0,0.0,0.0,0.0,0.0,0.0,0.0,0.0,0.0,0.0,0.0,0.0,0.0,0.0,0.0,0.0,0.0
37380000000,3573,37380000000,map,base_link,6.5945024490356445,2.18156361579895,0.6267163753509521,-0.49238555739842416,-0.3484362310800887,0.31970055718056584,-0.7307121141460137,0.0,0.0,0.0,0.0,0.0,0.0,0.0,0.0,0.0,0.0,0.0,0.0,0.0,0.0,0.0,0.0,0.0,0.0,0.0,0.0,0.0,0.0,0.0,0.0,0.0,0.0,0.0,0.0,0.0,0.0,0.0,0.0,0.0,0.0,0.0,0.0,6.4382820086436805,3.488504517531089,3.7511845211993267,1.1109659671783447,-0.633738100528717,-0.08456607908010474,0.0,0.0,0.0,0.0,0.0,0.0,0.0,0.0,0.0,0.0,0.0,0.0,0.0,0.0,0.0,0.0,0.0,0.0,0.0,0.0,0.0,0.0,0.0,0.0,0.0,0.0,0.0,0.0,0.0,0.0,0.0,0.0,0.0,0.0,0.0,0.0
37388000000,3574,37388000000,map,base_link,6.65224552154541,2.1613104343414307,0.6062886118888855,-0.49428735491213727,-0.34551574423786724,0.3224970427261121,-0.729585233857378,0.0,0.0,0.0,0.0,0.0,0.0,0.0,0.0,0.0,0.0,0.0,0.0,0.0,0.0,0.0,0.0,0.0,0.0,0.0,0.0,0.0,0.0,0.0,0.0,0.0,0.0,0.0,0.0,0.0,0.0,0.0,0.0,0.0,0.0,0.0,0.0,6.496972493101808,3.472886898868995,3.7434701838729145,1.0200597047805786,-0.6595044732093811,-0.08620408922433845,0.0,0.0,0.0,0.0,0.0,0.0,0.0,0.0,0.0,0.0,0.0,0.0,0.0,0.0,0.0,0.0,0.0,0.0,0.0,0.0,0.0,0.0,0.0,0.0,0.0,0.0,0.0,0.0,0.0,0.0,0.0,0.0,0.0,0.0,0.0,0.0
37397000000,3575,37397000000,map,base_link,6.70985221862793,2.140411376953125,0.5855355858802795,-0.49606881263663966,-0.3427778902269556,0.32502650691291773,-0.7285443120662801,0.0,0.0,0.0,0.0,0.0,0.0,0.0,0.0,0.0,0.0,0.0,0.0,0.0,0.0,0.0,0.0,0.0,0.0,0.0,0.0,0.0,0.0,0.0,0.0,0.0,0.0,0.0,0.0,0.0,0.0,0.0,0.0,0.0,0.0,0.0,0.0,6.554695012843421,3.4537605017948447,3.7417103348059126,0.9285925626754761,-0.608880877494812,-0.0585504584014415,0.0,0.0,0.0,0.0,0.0,0.0,0.0,0.0,0.0,0.0,0.0,0.0,0.0,0.0,0.0,0.0,0.0,0.0,0.0,0.0,0.0,0.0,0.0,0.0,0.0,0.0,0.0,0.0,0.0,0.0,0.0,0.0,0.0,0.0,0.0,0.0
37405000000,3576,37405000000,map,base_link,6.767332077026367,2.118809938430786,0.5644466876983643,-0.49802873592280544,-0.3400400204109758,0.32735210679347615,-0.7274481357567846,0.0,0.0,0.0,0.0,0.0,0.0,0.0,0.0,0.0,0.0,0.0,0.0,0.0,0.0,0.0,0.0,0.0,0.0,0.0,0.0,0.0,0.0,0.0,0.0,0.0,0.0,0.0,0.0,0.0,0.0,0.0,0.0,0.0,0.0,0.0,0.0,6.612408477857723,3.4329771833321154,3.740698484359787,0.9669396877288818,-0.5638909339904785,-0.002595140365883639,0.0,0.0,0.0,0.0,0.0,0.0,0.0,0.0,0.0,0.0,0.0,0.0,0.0,0.0,0.0,0.0,0.0,0.0,0.0,0.0,0.0,0.0,0.0,0.0,0.0,0.0,0.0,0.0,0.0,0.0,0.0,0.0,0.0,0.0,0.0,0.0
37413000000,3577,37413000000,map,base_link,6.824800968170166,2.0964510440826416,0.5429791212081909,-0.5001785096880885,-0.33704225205365357,0.329645738289439,-0.7263317500334279,0.0,0.0,0.0,0.0,0.0,0.0,0.0,0.0,0.0,0.0,0.0,0.0,0.0,0.0,0.0,0.0,0.0,0.0,0.0,0.0,0.0,0.0,0.0,0.0,0.0,0.0,0.0,0.0,0.0,0.0,0.0,0.0,0.0,0.0,0.0,0.0,6.671744871312824,3.410432243493665,3.738888678561295,1.0118229389190674,-0.5951070785522461,0.04249581694602974,0.0,0.0,0.0,0.0,0.0,0.0,0.0,0.0,0.0,0.0,0.0,0.0,0.0,0.0,0.0,0.0,0.0,0.0,0.0,0.0,0.0,0.0,0.0,0.0,0.0,0.0,0.0,0.0,0.0,0.0,0.0,0.0,0.0,0.0,0.0,0.0
37421000000,3578,37421000000,map,base_link,6.882162094116211,2.0734200477600098,0.5210935473442078,-0.5021735412990638,-0.33373738068465675,0.3320035383622596,-0.7254066056351895,0.0,0.0,0.0,0.0,0.0,0.0,0.0,0.0,0.0,0.0,0.0,0.0,0.0,0.0,0.0,0.0,0.0,0.0,0.0,0.0,0.0,0.0,0.0,0.0,0.0,0.0,0.0,0.0,0.0,0.0,0.0,0.0,0.0,0.0,0.0,0.0,6.733838601412432,3.3851285922478405,3.7358423826082916,0.982379138469696,-0.7070688605308533,0.07323340326547631,0.0,0.0,0.0,0.0,0.0,0.0,0.0,0.0,0.0,0.0,0.0,0.0,0.0,0.0,0.0,0.0,0.0,0.0,0.0,0.0,0.0,0.0,0.0,0.0,0.0,0.0,0.0,0.0,0.0,0.0,0.0,0.0,0.0,0.0,0.0,0.0
37429000000,3579,37428000000,map,base_link,6.939505100250244,2.049584150314331,0.49885109066963196,-0.5037810695164738,-0.330220094467521,0.3344058244336836,-0.7247980051426923,0.0,0.0,0.0,0.0,0.0,0.0,0.0,0.0,0.0,0.0,0.0,0.0,0.0,0.0,0.0,0.0,0.0,0.0,0.0,0.0,0.0,0.0,0.0,0.0,0.0,0.0,0.0,0.0,0.0,0.0,0.0,0.0,0.0,0.0,0.0,0.0,6.798153371377939,3.3559819729321703,3.733510714700259,0.9277652502059937,-0.7759972214698792,0.08103306591510782,0.0,0.0,0.0,0.0,0.0,0.0,0.0,0.0,0.0,0.0,0.0,0.0,0.0,0.0,0.0,0.0,0.0,0.0,0.0,0.0,0.0,0.0,0.0,0.0,0.0,0.0,0.0,0.0,0.0,0.0,0.0,0.0,0.0,0.0,0.0,0.0
37436000000,3580,37436000000,map,base_link,6.997003555297852,2.024855136871338,0.4761773645877838,-0.5051649086037684,-0.32665658896263705,0.3368075625960769,-0.7243372979416197,0.0,0.0,0.0,0.0,0.0,0.0,0.0,0.0,0.0,0.0,0.0,0.0,0.0,0.0,0.0,0.0,0.0,0.0,0.0,0.0,0.0,0.0,0.0,0.0,0.0,0.0,0.0,0.0,0.0,0.0,0.0,0.0,0.0,0.0,0.0,0.0,6.864140475329908,3.3249457225225463,3.7253699098201905,0.8485680222511292,-0.8311693072319031,0.08074934780597696,0.0,0.0,0.0,0.0,0.0,0.0,0.0,0.0,0.0,0.0,0.0,0.0,0.0,0.0,0.0,0.0,0.0,0.0,0.0,0.0,0.0,0.0,0.0,0.0,0.0,0.0,0.0,0.0,0.0,0.0,0.0,0.0,0.0,0.0,0.0,0.0
37444000000,3581,37444000000,map,base_link,7.054410457611084,1.9994053840637207,0.4531533718109131,-0.5058598890622888,-0.3249180525349869,0.33800023411523816,-0.7240786848791568,0.0,0.0,0.0,0.0,0.0,0.0,0.0,0.0,0.0,0.0,0.0,0.0,0.0,0.0,0.0,0.0,0.0,0.0,0.0,0.0,0.0,0.0,0.0,0.0,0.0,0.0,0.0,0.0,0.0,0.0,0.0,0.0,0.0,0.0,0.0,0.0,6.916659907880431,3.284983723414512,3.7448926217430314,0.8463759422302246,-0.8085483312606812,0.06961514055728922,0.0,0.0,0.0,0.0,0.0,0.0,0.0,0.0,0.0,0.0,0.0,0.0,0.0,0.0,0.0,0.0,0.0,0.0,0.0,0.0,0.0,0.0,0.0,0.0,0.0,0.0,0.0,0.0,0.0,0.0,0.0,0.0,0.0,0.0,0.0,0.0
37452000000,3582,37452000000,map,base_link,7.111565113067627,1.9733355045318604,0.42984193563461304,-0.5082633552454711,-0.31986767997162346,0.3416298153418751,-0.7229398981058167,0.0,0.0,0.0,0.0,0.0,0.0,0.0,0.0,0.0,0.0,0.0,0.0,0.0,0.0,0.0,0.0,0.0,0.0,0.0,0.0,0.0,0.0,0.0,0.0,0.0,0.0,0.0,0.0,0.0,0.0,0.0,0.0,0.0,0.0,0.0,0.0,6.99037177463054,3.2692778597666754,3.7049657606963367,0.9220665693283081,-0.7414883375167847,0.040089864283800215,0.0,0.0,0.0,0.0,0.0,0.0,0.0,0.0,0.0,0.0,0.0,0.0,0.0,0.0,0.0,0.0,0.0,0.0,0.0,0.0,0.0,0.0,0.0,0.0,0.0,0.0,0.0,0.0,0.0,0.0,0.0,0.0,0.0,0.0,0.0,0.0
37460000000,3583,37460000000,map,base_link,7.168686389923096,1.9465113878250122,0.4061572849750519,-0.5101359397248101,-0.31643515633519925,0.3442686295271422,-0.7218788933414035,0.0,0.0,0.0,0.0,0.0,0.0,0.0,0.0,0.0,0.0,0.0,0.0,0.0,0.0,0.0,0.0,0.0,0.0,0.0,0.0,0.0,0.0,0.0,0.0,0.0,0.0,0.0,0.0,0.0,0.0,0.0,0.0,0.0,0.0,0.0,0.0,7.051283047749633,3.247045822716972,3.6937012484053806,1.0219261646270752,-0.7437321543693542,0.00906383525580177,0.0,0.0,0.0,0.0,0.0,0.0,0.0,0.0,0.0,0.0,0.0,0.0,0.0,0.0,0.0,0.0,0.0,0.0,0.0,0.0,0.0,0.0,0.0,0.0,0.0,0.0,0.0,0.0,0.0,0.0,0.0,0.0,0.0,0.0,0.0,0.0
37468000000,3584,37468000000,map,base_link,7.2256269454956055,1.9190140962600708,0.3821479380130768,-0.511083811811108,-0.3146453588030478,0.34570341361757423,-0.721304916484958,0.0,0.0,0.0,0.0,0.0,0.0,0.0,0.0,0.0,0.0,0.0,0.0,0.0,0.0,0.0,0.0,0.0,0.0,0.0,0.0,0.0,0.0,0.0,0.0,0.0,0.0,0.0,0.0,0.0,0.0,0.0,0.0,0.0,0.0,0.0,0.0,7.100696908309429,3.2118249738629645,3.7146706502073013,1.0580811500549316,-0.7805546522140503,-0.017006637528538607,0.0,0.0,0.0,0.0,0.0,0.0,0.0,0.0,0.0,0.0,0.0,0.0,0.0,0.0,0.0,0.0,0.0,0.0,0.0,0.0,0.0,0.0,0.0,0.0,0.0,0.0,0.0,0.0,0.0,0.0,0.0,0.0,0.0,0.0,0.0,0.0
37477000000,3585,37477000000,map,base_link,7.277881622314453,1.8928261995315552,0.3676980435848236,-0.5072482483990862,-0.31237080929274824,0.35853015368571295,-0.7187348648830363,0.0,0.0,0.0,0.0,0.0,0.0,0.0,0.0,0.0,0.0,0.0,0.0,0.0,0.0,0.0,0.0,0.0,0.0,0.0,0.0,0.0,0.0,0.0,0.0,0.0,0.0,0.0,0.0,0.0,0.0,0.0,0.0,0.0,0.0,0.0,0.0,4.740716178534829,3.6573180751836833,3.6179049851326153,0.16712063550949097,-2.1095535755157475,-3.449377059936523,0.0,0.0,0.0,0.0,0.0,0.0,0.0,0.0,0.0,0.0,0.0,0.0,0.0,0.0,0.0,0.0,0.0,0.0,0.0,0.0,0.0,0.0,0.0,0.0,0.0,0.0,0.0,0.0,0.0,0.0,0.0,0.0,0.0,0.0,0.0,0.0
37485000000,3586,37485000000,map,base_link,7.326231479644775,1.8684793710708618,0.36007583141326904,-0.4848977061451302,-0.32761623582473764,0.4021139463130253,-0.7041635297777741,0.0,0.0,0.0,0.0,0.0,0.0,0.0,0.0,0.0,0.0,0.0,0.0,0.0,0.0,0.0,0.0,0.0,0.0,0.0,0.0,0.0,0.0,0.0,0.0,0.0,0.0,0.0,0.0,0.0,0.0,0.0,0.0,0.0,0.0,0.0,0.0,4.440655298495349,4.0713029234737155,3.5067622249379182,0.030536875128746033,-3.589238643646242,-13.052164077758789,0.0,0.0,0.0,0.0,0.0,0.0,0.0,0.0,0.0,0.0,0.0,0.0,0.0,0.0,0.0,0.0,0.0,0.0,0.0,0.0,0.0,0.0,0.0,0.0,0.0,0.0,0.0,0.0,0.0,0.0,0.0,0.0,0.0,0.0,0.0,0.0
37493000000,3587,37493000000,map,base_link,7.3739776611328125,1.8438068628311157,0.3522542417049408,-0.4609320861195247,-0.3424519212322163,0.44728850851710855,-0.6857123454594173,0.0,0.0,0.0,0.0,0.0,0.0,0.0,0.0,0.0,0.0,0.0,0.0,0.0,0.0,0.0,0.0,0.0,0.0,0.0,0.0,0.0,0.0,0.0,0.0,0.0,0.0,0.0,0.0,0.0,0.0,0.0,0.0,0.0,0.0,0.0,0.0,4.125100163530244,4.499856918908683,3.417323665382645,0.2537159323692322,-3.7599251270294207,-14.051850318908691,0.0,0.0,0.0,0.0,0.0,0.0,0.0,0.0,0.0,0.0,0.0,0.0,0.0,0.0,0.0,0.0,0.0,0.0,0.0,0.0,0.0,0.0,0.0,0.0,0.0,0.0,0.0,0.0,0.0,0.0,0.0,0.0,0.0,0.0,0.0,0.0
37501000000,3588,37501000000,map,base_link,7.42142915725708,1.8185771703720093,0.34413617849349976,-0.43417339180892417,-0.3548394674312692,0.4915899144605916,-0.6662746298579658,0.0,0.0,0.0,0.0,0.0,0.0,0.0,0.0,0.0,0.0,0.0,0.0,0.0,0.0,0.0,0.0,0.0,0.0,0.0,0.0,0.0,0.0,0.0,0.0,0.0,0.0,0.0,0.0,0.0,0.0,0.0,0.0,0.0,0.0,0.0,0.0,3.786671018887238,4.893049176785869,3.325904902466597,0.06544794887304306,-4.385153293609621,-13.544782638549805,0.0,0.0,0.0,0.0,0.0,0.0,0.0,0.0,0.0,0.0,0.0,0.0,0.0,0.0,0.0,0.0,0.0,0.0,0.0,0.0,0.0,0.0,0.0,0.0,0.0,0.0,0.0,0.0,0.0,0.0,0.0,0.0,0.0,0.0,0.0,0.0
37508000000,3589,37508000000,map,base_link,7.469088077545166,1.7924933433532715,0.33564114570617676,-0.40538480254109577,-0.36622848893464827,0.5337527577004955,-0.6454826833302989,0.0,0.0,0.0,0.0,0.0,0.0,0.0,0.0,0.0,0.0,0.0,0.0,0.0,0.0,0.0,0.0,0.0,0.0,0.0,0.0,0.0,0.0,0.0,0.0,0.0,0.0,0.0,0.0,0.0,0.0,0.0,0.0,0.0,0.0,0.0,0.0,3.4149371428119086,5.24459477764588,3.252098067879773,-0.11403226852416992,-4.438807487487795,-13.419716835021973,0.0,0.0,0.0,0.0,0.0,0.0,0.0,0.0,0.0,0.0,0.0,0.0,0.0,0.0,0.0,0.0,0.0,0.0,0.0,0.0,0.0,0.0,0.0,0.0,0.0,0.0,0.0,0.0,0.0,0.0,0.0,0.0,0.0,0.0,0.0,0.0
37516000000,3590,37516000000,map,base_link,7.516866683959961,1.7656046152114868,0.32680559158325195,-0.3743302004754248,-0.3771642085699469,0.5739186253060365,-0.6230903103291958,0.0,0.0,0.0,0.0,0.0,0.0,0.0,0.0,0.0,0.0,0.0,0.0,0.0,0.0,0.0,0.0,0.0,0.0,0.0,0.0,0.0,0.0,0.0,0.0,0.0,0.0,0.0,0.0,0.0,0.0,0.0,0.0,0.0,0.0,0.0,0.0,3.005550031233198,5.553405841913957,3.208153432007456,-0.4766683280467987,-4.392376422882082,-13.304486274719238,0.0,0.0,0.0,0.0,0.0,0.0,0.0,0.0,0.0,0.0,0.0,0.0,0.0,0.0,0.0,0.0,0.0,0.0,0.0,0.0,0.0,0.0,0.0,0.0,0.0,0.0,0.0,0.0,0.0,0.0,0.0,0.0,0.0,0.0,0.0,0.0
37524000000,3591,37524000000,map,base_link,7.5646209716796875,1.7379717826843262,0.31770315766334534,-0.35830545434832217,-0.38235662457387065,0.5926993097347846,-0.6116601205744449,0.0,0.0,0.0,0.0,0.0,0.0,0.0,0.0,0.0,0.0,0.0,0.0,0.0,0.0,0.0,0.0,0.0,0.0,0.0,0.0,0.0,0.0,0.0,0.0,0.0,0.0,0.0,0.0,0.0,0.0,0.0,0.0,0.0,0.0,0.0,0.0,2.822563926937015,5.67747420944379,3.226679140362668,-0.7677448987960815,-4.388457775115969,-13.229073524475098,0.0,0.0,0.0,0.0,0.0,0.0,0.0,0.0,0.0,0.0,0.0,0.0,0.0,0.0,0.0,0.0,0.0,0.0,0.0,0.0,0.0,0.0,0.0,0.0,0.0,0.0,0.0,0.0,0.0,0.0,0.0,0.0,0.0,0.0,0.0,0.0
37532000000,3592,37532000000,map,base_link,7.606958389282227,1.7134124040603638,0.3170357048511505,-0.306119046080938,-0.39808659893521064,0.6457422789411676,-0.5751828858815715,0.0,0.0,0.0,0.0,0.0,0.0,0.0,0.0,0.0,0.0,0.0,0.0,0.0,0.0,0.0,0.0,0.0,0.0,0.0,0.0,0.0,0.0,0.0,0.0,0.0,0.0,0.0,0.0,0.0,0.0,0.0,0.0,0.0,0.0,0.0,0.0,-2.1266041936513416,2.6245783011585617,3.5739310872179777,-1.493680715560913,-4.225974559783937,-13.050553321838379,0.0,0.0,0.0,0.0,0.0,0.0,0.0,0.0,0.0,0.0,0.0,0.0,0.0,0.0,0.0,0.0,0.0,0.0,0.0,0.0,0.0,0.0,0.0,0.0,0.0,0.0,0.0,0.0,0.0,0.0,0.0,0.0,0.0,0.0,0.0,0.0
37540000000,3593,37540000000,map,base_link,7.63277530670166,1.6998865604400635,0.3422381579875946,-0.28414147182616706,-0.4420064125806321,0.6463358514479929,-0.5533028789469253,0.0,0.0,0.0,0.0,0.0,0.0,0.0,0.0,0.0,0.0,0.0,0.0,0.0,0.0,0.0,0.0,0.0,0.0,0.0,0.0,0.0,0.0,0.0,0.0,0.0,0.0,0.0,0.0,0.0,0.0,0.0,0.0,0.0,0.0,0.0,0.0,-2.3750392602505097,2.223546008522742,3.6923627882095955,-8.065410614013672,4.313578605651855,-9.446194648742676,0.0,0.0,0.0,0.0,0.0,0.0,0.0,0.0,0.0,0.0,0.0,0.0,0.0,0.0,0.0,0.0,0.0,0.0,0.0,0.0,0.0,0.0,0.0,0.0,0.0,0.0,0.0,0.0,0.0,0.0,0.0,0.0,0.0,0.0,0.0,0.0
37548000000,3594,37548000000,map,base_link,7.65839958190918,1.6858412027359009,0.36683109402656555,-0.2740882894179848,-0.46500280787281295,0.6447878872642409,-0.5411993103106048,0.0,0.0,0.0,0.0,0.0,0.0,0.0,0.0,0.0,0.0,0.0,0.0,0.0,0.0,0.0,0.0,0.0,0.0,0.0,0.0,0.0,0.0,0.0,0.0,0.0,0.0,0.0,0.0,0.0,0.0,0.0,0.0,0.0,0.0,0.0,0.0,-2.4671659876699144,2.0252705510785947,3.7525725359352,-9.060283660888672,6.23930263519287,-8.761985778808594,0.0,0.0,0.0,0.0,0.0,0.0,0.0,0.0,0.0,0.0,0.0,0.0,0.0,0.0,0.0,0.0,0.0,0.0,0.0,0.0,0.0,0.0,0.0,0.0,0.0,0.0,0.0,0.0,0.0,0.0,0.0,0.0,0.0,0.0,0.0,0.0
37557000000,3595,37557000000,map,base_link,7.68430757522583,1.670964002609253,0.3911336660385132,-0.24688932649366152,-0.5310762536959475,0.6375237514828427,-0.5005667559198587,0.0,0.0,0.0,0.0,0.0,0.0,0.0,0.0,0.0,0.0,0.0,0.0,0.0,0.0,0.0,0.0,0.0,0.0,0.0,0.0,0.0,0.0,0.0,0.0,0.0,0.0,0.0,0.0,0.0,0.0,0.0,0.0,0.0,0.0,0.0,0.0,-2.8680305467317573,1.3955342888824411,3.764110828199586,-8.187150955200195,6.810846328735351,-8.857012748718262,0.0,0.0,0.0,0.0,0.0,0.0,0.0,0.0,0.0,0.0,0.0,0.0,0.0,0.0,0.0,0.0,0.0,0.0,0.0,0.0,0.0,0.0,0.0,0.0,0.0,0.0,0.0,0.0,0.0,0.0,0.0,0.0,0.0,0.0,0.0,0.0
37565000000,3596,37565000000,map,base_link,7.710272789001465,1.6553850173950195,0.4149203598499298,-0.23083988033769795,-0.5726025425460792,0.6312209431691296,-0.46946727075324607,0.0,0.0,0.0,0.0,0.0,0.0,0.0,0.0,0.0,0.0,0.0,0.0,0.0,0.0,0.0,0.0,0.0,0.0,0.0,0.0,0.0,0.0,0.0,0.0,0.0,0.0,0.0,0.0,0.0,0.0,0.0,0.0,0.0,0.0,0.0,0.0,-3.092099913140359,0.9931139054116942,3.721434796339642,-7.402604103088379,7.24535846710205,-8.89402961730957,0.0,0.0,0.0,0.0,0.0,0.0,0.0,0.0,0.0,0.0,0.0,0.0,0.0,0.0,0.0,0.0,0.0,0.0,0.0,0.0,0.0,0.0,0.0,0.0,0.0,0.0,0.0,0.0,0.0,0.0,0.0,0.0,0.0,0.0,0.0,0.0
37573000000,3597,37573000000,map,base_link,7.736256122589111,1.6391369104385376,0.43808701634407043,-0.21617533747695386,-0.6117468179589207,0.6240480184362651,-0.4354286698373703,0.0,0.0,0.0,0.0,0.0,0.0,0.0,0.0,0.0,0.0,0.0,0.0,0.0,0.0,0.0,0.0,0.0,0.0,0.0,0.0,0.0,0.0,0.0,0.0,0.0,0.0,0.0,0.0,0.0,0.0,0.0,0.0,0.0,0.0,0.0,0.0,-3.2970164792491907,0.602249601948466,3.6379033459456984,-7.029202461242676,7.498277664184569,-8.890697479248049,0.0,0.0,0.0,0.0,0.0,0.0,0.0,0.0,0.0,0.0,0.0,0.0,0.0,0.0,0.0,0.0,0.0,0.0,0.0,0.0,0.0,0.0,0.0,0.0,0.0,0.0,0.0,0.0,0.0,0.0,0.0,0.0,0.0,0.0,0.0,0.0
37584000000,3598,37584000000,map,base_link,7.775144577026367,1.6118797063827515,0.4717628061771393,-0.20257162025651687,-0.6483695422557647,0.615816370137163,-0.39918915522389953,0.0,0.0,0.0,0.0,0.0,0.0,0.0,0.0,0.0,0.0,0.0,0.0,0.0,0.0,0.0,0.0,0.0,0.0,0.0,0.0,0.0,0.0,0.0,0.0,0.0,0.0,0.0,0.0,0.0,0.0,0.0,0.0,0.0,0.0,0.0,0.0,-3.4403354668453803,0.24945529622490303,3.5521618361254244,-6.435553550720215,7.960942268371581,-8.8606014251709,0.0,0.0,0.0,0.0,0.0,0.0,0.0,0.0,0.0,0.0,0.0,0.0,0.0,0.0,0.0,0.0,0.0,0.0,0.0,0.0,0.0,0.0,0.0,0.0,0.0,0.0,0.0,0.0,0.0,0.0,0.0,0.0,0.0,0.0,0.0,0.0
37597000000,3599,37596000000,map,base_link,7.814411640167236,1.5829836130142212,0.5040238499641418,-0.17835697030812872,-0.7150538012809433,0.5957995884473084,-0.31923310648373143,0.0,0.0,0.0,0.0,0.0,0.0,0.0,0.0,0.0,0.0,0.0,0.0,0.0,0.0,0.0,0.0,0.0,0.0,0.0,0.0,0.0,0.0,0.0,0.0,0.0,0.0,0.0,0.0,0.0,0.0,0.0,0.0,0.0,0.0,0.0,0.0,-3.7728947473681114,-0.4971954696047103,3.1706832474528666,-5.7211384773254395,8.656920433044432,-8.762973785400392,0.0,0.0,0.0,0.0,0.0,0.0,0.0,0.0,0.0,0.0,0.0,0.0,0.0,0.0,0.0,0.0,0.0,0.0,0.0,0.0,0.0,0.0,0.0,0.0,0.0,0.0,0.0,0.0,0.0,0.0,0.0,0.0,0.0,0.0,0.0,0.0
37609000000,3600,37609000000,map,base_link,7.853822708129883,1.552632451057434,0.534523069858551,-0.1642949693304084,-0.756535193200699,0.5801505268154861,-0.25315437123110884,0.0,0.0,0.0,0.0,0.0,0.0,0.0,0.0,0.0,0.0,0.0,0.0,0.0,0.0,0.0,0.0,0.0,0.0,0.0,0.0,0.0,0.0,0.0,0.0,0.0,0.0,0.0,0.0,0.0,0.0,0.0,0.0,0.0,0.0,0.0,0.0,-3.9339107550377106,-0.9750600997816914,2.8367156954742745,-4.724398136138916,9.241474151611326,-8.661676406860353,0.0,0.0,0.0,0.0,0.0,0.0,0.0,0.0,0.0,0.0,0.0,0.0,0.0,0.0,0.0,0.0,0.0,0.0,0.0,0.0,0.0,0.0,0.0,0.0,0.0,0.0,0.0,0.0,0.0,0.0,0.0,0.0,0.0,0.0,0.0,0.0
37620000000,3601,37620000000,map,base_link,7.893442630767822,1.5206853151321411,0.5632105469703674,-0.15212517219000904,-0.790025142247728,0.5648580907423388,-0.18344942649973014,0.0,0.0,0.0,0.0,0.0,0.0,0.0,0.0,0.0,0.0,0.0,0.0,0.0,0.0,0.0,0.0,0.0,0.0,0.0,0.0,0.0,0.0,0.0,0.0,0.0,0.0,0.0,0.0,0.0,0.0,0.0,0.0,0.0,0.0,0.0,0.0,-4.029731763709798,-1.402720987262962,2.4878791701833514,-3.568837881088257,9.48123264312744,-8.509976387023928,0.0,0.0,0.0,0.0,0.0,0.0,0.0,0.0,0.0,0.0,0.0,0.0,0.0,0.0,0.0,0.0,0.0,0.0,0.0,0.0,0.0,0.0,0.0,0.0,0.0,0.0,0.0,0.0,0.0,0.0,0.0,0.0,0.0,0.0,0.0,0.0
37628000000,3602,37628000000,map,base_link,7.9198760986328125,1.499460220336914,0.5815089344978333,-0.14826871447783802,-0.7995903062970027,0.5596435140571769,-0.1595957432354135,0.0,0.0,0.0,0.0,0.0,0.0,0.0,0.0,0.0,0.0,0.0,0.0,0.0,0.0,0.0,0.0,0.0,0.0,0.0,0.0,0.0,0.0,0.0,0.0,0.0,0.0,0.0,0.0,0.0,0.0,0.0,0.0,0.0,0.0,0.0,0.0,-4.017324419923827,-1.4991264789986098,2.4251394894077754,-3.2722713947296143,9.545514106750487,-8.456851959228517,0.0,0.0,0.0,0.0,0.0,0.0,0.0,0.0,0.0,0.0,0.0,0.0,0.0,0.0,0.0,0.0,0.0,0.0,0.0,0.0,0.0,0.0,0.0,0.0,0.0,0.0,0.0,0.0,0.0,0.0,0.0,0.0,0.0,0.0,0.0,0.0
37636000000,3603,37636000000,map,base_link,7.945972442626953,1.4777333736419678,0.5986459255218506,-0.1376861255055104,-0.8229680884213586,0.5443076035097907,-0.08657525344565258,0.0,0.0,0.0,0.0,0.0,0.0,0.0,0.0,0.0,0.0,0.0,0.0,0.0,0.0,0.0,0.0,0.0,0.0,0.0,0.0,0.0,0.0,0.0,0.0,0.0,0.0,0.0,0.0,0.0,0.0,0.0,0.0,0.0,0.0,0.0,0.0,-4.055196577184884,-1.903988686891272,2.009137453366478,-2.478916883468628,9.818481445312498,-8.351348876953127,0.0,0.0,0.0,0.0,0.0,0.0,0.0,0.0,0.0,0.0,0.0,0.0,0.0,0.0,0.0,0.0,0.0,0.0,0.0,0.0,0.0,0.0,0.0,0.0,0.0,0.0,0.0,0.0,0.0,0.0,0.0,0.0,0.0,0.0,0.0,0.0
37645000000,3604,37645000000,map,base_link,7.9719767570495605,1.4552725553512573,0.6148049235343933,-0.1313168937585441,-0.8338878311083491,0.5348442873199427,-0.03645051227382846,0.0,0.0,0.0,0.0,0.0,0.0,0.0,0.0,0.0,0.0,0.0,0.0,0.0,0.0,0.0,0.0,0.0,0.0,0.0,0.0,0.0,0.0,0.0,0.0,0.0,0.0,0.0,0.0,0.0,0.0,0.0,0.0,0.0,0.0,0.0,0.0,-4.033309272081128,-2.1237738702011244,1.7712941039780083,-1.710849404335022,10.074008941650389,-8.308032989501955,0.0,0.0,0.0,0.0,0.0,0.0,0.0,0.0,0.0,0.0,0.0,0.0,0.0,0.0,0.0,0.0,0.0,0.0,0.0,0.0,0.0,0.0,0.0,0.0,0.0,0.0,0.0,0.0,0.0,0.0,0.0,0.0,0.0,0.0,0.0,0.0
37653000000,3605,37653000000,map,base_link,7.99778413772583,1.432142734527588,0.629931628704071,-0.12494483817272756,-0.8412618015769666,0.5257807972084931,0.014901987668542276,0.0,0.0,0.0,0.0,0.0,0.0,0.0,0.0,0.0,0.0,0.0,0.0,0.0,0.0,0.0,0.0,0.0,0.0,0.0,0.0,0.0,0.0,0.0,0.0,0.0,0.0,0.0,0.0,0.0,0.0,0.0,0.0,0.0,0.0,0.0,0.0,-3.987972907034366,-2.3302284115630094,1.5426675772372862,-1.3285878896713257,10.155802726745604,-8.298255920410158,0.0,0.0,0.0,0.0,0.0,0.0,0.0,0.0,0.0,0.0,0.0,0.0,0.0,0.0,0.0,0.0,0.0,0.0,0.0,0.0,0.0,0.0,0.0,0.0,0.0,0.0,0.0,0.0,0.0,0.0,0.0,0.0,0.0,0.0,0.0,0.0
37661000000,3606,37661000000,map,base_link,8.02336597442627,1.4083255529403687,0.6440283060073853,-0.11820589427062367,-0.8450332701691154,0.5172893662718822,0.06601446130864351,0.0,0.0,0.0,0.0,0.0,0.0,0.0,0.0,0.0,0.0,0.0,0.0,0.0,0.0,0.0,0.0,0.0,0.0,0.0,0.0,0.0,0.0,0.0,0.0,0.0,0.0,0.0,0.0,0.0,0.0,0.0,0.0,0.0,0.0,0.0,0.0,-3.919835837608445,-2.5209165753310465,1.3328974512749348,-0.5343112945556641,10.137854576110838,-8.293966293334963,0.0,0.0,0.0,0.0,0.0,0.0,0.0,0.0,0.0,0.0,0.0,0.0,0.0,0.0,0.0,0.0,0.0,0.0,0.0,0.0,0.0,0.0,0.0,0.0,0.0,0.0,0.0,0.0,0.0,0.0,0.0,0.0,0.0,0.0,0.0,0.0
37669000000,3607,37669000000,map,base_link,8.0484619140625,1.384060263633728,0.6569921970367432,-0.11089712497665256,-0.8452717370379901,0.5094029322722207,0.1171589876270373,0.0,0.0,0.0,0.0,0.0,0.0,0.0,0.0,0.0,0.0,0.0,0.0,0.0,0.0,0.0,0.0,0.0,0.0,0.0,0.0,0.0,0.0,0.0,0.0,0.0,0.0,0.0,0.0,0.0,0.0,0.0,0.0,0.0,0.0,0.0,0.0,-3.8299476033186153,-2.6999086703537687,1.1438691307069315,-0.16226211190223694,10.106552124023436,-8.29228210449219,0.0,0.0,0.0,0.0,0.0,0.0,0.0,0.0,0.0,0.0,0.0,0.0,0.0,0.0,0.0,0.0,0.0,0.0,0.0,0.0,0.0,0.0,0.0,0.0,0.0,0.0,0.0,0.0,0.0,0.0,0.0,0.0,0.0,0.0,0.0,0.0
37676000000,3608,37676000000,map,base_link,8.073180198669434,1.3591803312301636,0.6689172983169556,-0.10314720461931788,-0.8420515070775152,0.5020559884702107,0.16807633189524518,0.0,0.0,0.0,0.0,0.0,0.0,0.0,0.0,0.0,0.0,0.0,0.0,0.0,0.0,0.0,0.0,0.0,0.0,0.0,0.0,0.0,0.0,0.0,0.0,0.0,0.0,0.0,0.0,0.0,0.0,0.0,0.0,0.0,0.0,0.0,0.0,-3.7229643573717413,-2.8659280495136086,0.9773018100543783,0.4790366590023041,10.129753112792967,-8.288882255554201,0.0,0.0,0.0,0.0,0.0,0.0,0.0,0.0,0.0,0.0,0.0,0.0,0.0,0.0,0.0,0.0,0.0,0.0,0.0,0.0,0.0,0.0,0.0,0.0,0.0,0.0,0.0,0.0,0.0,0.0,0.0,0.0,0.0,0.0,0.0,0.0
37689000000,3609,37689000000,map,base_link,8.109418869018555,1.319632887840271,0.684923529624939,-0.09480874566937704,-0.8355458459819192,0.4948721108250895,0.21903430572541754,0.0,0.0,0.0,0.0,0.0,0.0,0.0,0.0,0.0,0.0,0.0,0.0,0.0,0.0,0.0,0.0,0.0,0.0,0.0,0.0,0.0,0.0,0.0,0.0,0.0,0.0,0.0,0.0,0.0,0.0,0.0,0.0,0.0,0.0,0.0,0.0,-3.6019870338379043,-2.986072510387693,0.8886100961677601,1.0585545301437378,10.11652374267578,-8.259081840515138,0.0,0.0,0.0,0.0,0.0,0.0,0.0,0.0,0.0,0.0,0.0,0.0,0.0,0.0,0.0,0.0,0.0,0.0,0.0,0.0,0.0,0.0,0.0,0.0,0.0,0.0,0.0,0.0,0.0,0.0,0.0,0.0,0.0,0.0,0.0,0.0
37697000000,3610,37697000000,map,base_link,8.132967948913574,1.2933309078216553,0.6943424344062805,-0.08097113451312883,-0.8200542239027094,0.48459047142455386,0.2934740695653586,0.0,0.0,0.0,0.0,0.0,0.0,0.0,0.0,0.0,0.0,0.0,0.0,0.0,0.0,0.0,0.0,0.0,0.0,0.0,0.0,0.0,0.0,0.0,0.0,0.0,0.0,0.0,0.0,0.0,0.0,0.0,0.0,0.0,0.0,0.0,0.0,-3.394821428743193,-3.2396375536113258,0.64836723195382,1.6964503526687622,9.963799476623533,-8.192024230957033,0.0,0.0,0.0,0.0,0.0,0.0,0.0,0.0,0.0,0.0,0.0,0.0,0.0,0.0,0.0,0.0,0.0,0.0,0.0,0.0,0.0,0.0,0.0,0.0,0.0,0.0,0.0,0.0,0.0,0.0,0.0,0.0,0.0,0.0,0.0,0.0
37705000000,3611,37705000000,map,base_link,8.156025886535645,1.2664737701416016,0.7028448581695557,-0.07068254088258893,-0.8055550758122343,0.4785507121291093,0.3421610447572184,0.0,0.0,0.0,0.0,0.0,0.0,0.0,0.0,0.0,0.0,0.0,0.0,0.0,0.0,0.0,0.0,0.0,0.0,0.0,0.0,0.0,0.0,0.0,0.0,0.0,0.0,0.0,0.0,0.0,0.0,0.0,0.0,0.0,0.0,0.0,0.0,-3.246471949313761,-3.3694548541946134,0.5556602160523129,2.3820292949676514,9.887287139892576,-8.11278533935547,0.0,0.0,0.0,0.0,0.0,0.0,0.0,0.0,0.0,0.0,0.0,0.0,0.0,0.0,0.0,0.0,0.0,0.0,0.0,0.0,0.0,0.0,0.0,0.0,0.0,0.0,0.0,0.0,0.0,0.0,0.0,0.0,0.0,0.0,0.0,0.0
37713000000,3612,37713000000,map,base_link,8.17845630645752,1.2392555475234985,0.7104469537734985,-0.05936025364547095,-0.7876624320670558,0.47357760000742244,0.38960073138260304,0.0,0.0,0.0,0.0,0.0,0.0,0.0,0.0,0.0,0.0,0.0,0.0,0.0,0.0,0.0,0.0,0.0,0.0,0.0,0.0,0.0,0.0,0.0,0.0,0.0,0.0,0.0,0.0,0.0,0.0,0.0,0.0,0.0,0.0,0.0,0.0,-3.0924134611347616,-3.487946113946852,0.49484174584774987,2.8155744075775146,9.836315155029295,-8.066156387329103,0.0,0.0,0.0,0.0,0.0,0.0,0.0,0.0,0.0,0.0,0.0,0.0,0.0,0.0,0.0,0.0,0.0,0.0,0.0,0.0,0.0,0.0,0.0,0.0,0.0,0.0,0.0,0.0,0.0,0.0,0.0,0.0,0.0,0.0,0.0,0.0
37721000000,3613,37721000000,map,base_link,8.200204849243164,1.21169912815094,0.7171991467475891,-0.046742540872522026,-0.7668417624621287,0.46958266882446886,0.43504144039832043,0.0,0.0,0.0,0.0,0.0,0.0,0.0,0.0,0.0,0.0,0.0,0.0,0.0,0.0,0.0,0.0,0.0,0.0,0.0,0.0,0.0,0.0,0.0,0.0,0.0,0.0,0.0,0.0,0.0,0.0,0.0,0.0,0.0,0.0,0.0,0.0,-2.9359426173332004,-3.594530178752586,0.4714410451095449,3.698568105697632,9.505943298339842,-7.942886829376222,0.0,0.0,0.0,0.0,0.0,0.0,0.0,0.0,0.0,0.0,0.0,0.0,0.0,0.0,0.0,0.0,0.0,0.0,0.0,0.0,0.0,0.0,0.0,0.0,0.0,0.0,0.0,0.0,0.0,0.0,0.0,0.0,0.0,0.0,0.0,0.0
37729000000,3614,37728000000,map,base_link,8.221397399902344,1.1836118698120117,0.7232045531272888,-0.03278637063141268,-0.7437065986712258,0.46593218802932657,0.4782602255124602,0.0,0.0,0.0,0.0,0.0,0.0,0.0,0.0,0.0,0.0,0.0,0.0,0.0,0.0,0.0,0.0,0.0,0.0,0.0,0.0,0.0,0.0,0.0,0.0,0.0,0.0,0.0,0.0,0.0,0.0,0.0,0.0,0.0,0.0,0.0,0.0,-2.778993908348713,-3.6905605861342266,0.4787385506860334,3.97875714302063,9.276073455810545,-7.887598991394044,0.0,0.0,0.0,0.0,0.0,0.0,0.0,0.0,0.0,0.0,0.0,0.0,0.0,0.0,0.0,0.0,0.0,0.0,0.0,0.0,0.0,0.0,0.0,0.0,0.0,0.0,0.0,0.0,0.0,0.0,0.0,0.0,0.0,0.0,0.0,0.0
37741000000,3615,37741000000,map,base_link,8.252001762390137,1.1397980451583862,0.7309823036193848,-0.00996617023943167,-0.7049555638917031,0.4605921875913524,0.5392524420107653,0.0,0.0,0.0,0.0,0.0,0.0,0.0,0.0,0.0,0.0,0.0,0.0,0.0,0.0,0.0,0.0,0.0,0.0,0.0,0.0,0.0,0.0,0.0,0.0,0.0,0.0,0.0,0.0,0.0,0.0,0.0,0.0,0.0,0.0,0.0,0.0,-2.5483236501024598,-3.816281402711454,0.5359205798090223,4.64628791809082,8.881212234497069,-7.768280506134034,0.0,0.0,0.0,0.0,0.0,0.0,0.0,0.0,0.0,0.0,0.0,0.0,0.0,0.0,0.0,0.0,0.0,0.0,0.0,0.0,0.0,0.0,0.0,0.0,0.0,0.0,0.0,0.0,0.0,0.0,0.0,0.0,0.0,0.0,0.0,0.0
37752000000,3616,37752000000,map,base_link,8.282544136047363,1.098188877105713,0.7387720942497253,0.015558593421493424,-0.6605255784501254,0.45597995786004003,0.5962770595573762,0.0,0.0,0.0,0.0,0.0,0.0,0.0,0.0,0.0,0.0,0.0,0.0,0.0,0.0,0.0,0.0,0.0,0.0,0.0,0.0,0.0,0.0,0.0,0.0,0.0,0.0,0.0,0.0,0.0,0.0,0.0,0.0,0.0,0.0,0.0,0.0,-2.3243938267647515,-3.9167933259466725,0.6483678307562212,5.373629093170166,8.742661476135252,-7.727625846862794,0.0,0.0,0.0,0.0,0.0,0.0,0.0,0.0,0.0,0.0,0.0,0.0,0.0,0.0,0.0,0.0,0.0,0.0,0.0,0.0,0.0,0.0,0.0,0.0,0.0,0.0,0.0,0.0,0.0,0.0,0.0,0.0,0.0,0.0,0.0,0.0
37765000000,3617,37765000000,map,base_link,8.311594009399414,1.0557852983474731,0.7453635931015015,0.0451123850658174,-0.6117725486099368,0.4516378630859022,0.6478601238345256,0.0,0.0,0.0,0.0,0.0,0.0,0.0,0.0,0.0,0.0,0.0,0.0,0.0,0.0,0.0,0.0,0.0,0.0,0.0,0.0,0.0,0.0,0.0,0.0,0.0,0.0,0.0,0.0,0.0,0.0,0.0,0.0,0.0,0.0,0.0,0.0,-2.1084407350214667,-3.991063160645668,0.8227685471005535,6.223802089691162,8.059910774230955,-7.723029613494874,0.0,0.0,0.0,0.0,0.0,0.0,0.0,0.0,0.0,0.0,0.0,0.0,0.0,0.0,0.0,0.0,0.0,0.0,0.0,0.0,0.0,0.0,0.0,0.0,0.0,0.0,0.0,0.0,0.0,0.0,0.0,0.0,0.0,0.0,0.0,0.0
37776000000,3618,37776000000,map,base_link,8.339188575744629,1.012622594833374,0.7509727478027344,0.07832403847212917,-0.5606924858963405,0.4466953759180145,0.6927862303666372,0.0,0.0,0.0,0.0,0.0,0.0,0.0,0.0,0.0,0.0,0.0,0.0,0.0,0.0,0.0,0.0,0.0,0.0,0.0,0.0,0.0,0.0,0.0,0.0,0.0,0.0,0.0,0.0,0.0,0.0,0.0,0.0,0.0,0.0,0.0,0.0,-1.9043493118032362,-4.035015358272543,1.0560407654579036,6.705976486206055,7.485389709472655,-7.721068859100343,0.0,0.0,0.0,0.0,0.0,0.0,0.0,0.0,0.0,0.0,0.0,0.0,0.0,0.0,0.0,0.0,0.0,0.0,0.0,0.0,0.0,0.0,0.0,0.0,0.0,0.0,0.0,0.0,0.0,0.0,0.0,0.0,0.0,0.0,0.0,0.0
37788000000,3619,37788000000,map,base_link,8.36566162109375,0.9682495594024658,0.7558388113975525,0.10155984893727608,-0.5251470982677078,0.44257261334352743,0.7197468528626315,0.0,0.0,0.0,0.0,0.0,0.0,0.0,0.0,0.0,0.0,0.0,0.0,0.0,0.0,0.0,0.0,0.0,0.0,0.0,0.0,0.0,0.0,0.0,0.0,0.0,0.0,0.0,0.0,0.0,0.0,0.0,0.0,0.0,0.0,0.0,0.0,-1.8056828596438546,-4.030990501200807,1.2597463519274503,6.960773468017578,7.202735900878905,-7.70059633255005,0.0,0.0,0.0,0.0,0.0,0.0,0.0,0.0,0.0,0.0,0.0,0.0,0.0,0.0,0.0,0.0,0.0,0.0,0.0,0.0,0.0,0.0,0.0,0.0,0.0,0.0,0.0,0.0,0.0,0.0,0.0,0.0,0.0,0.0,0.0,0.0
37801000000,3620,37801000000,map,base_link,8.390894889831543,0.9230406284332275,0.7600882053375244,0.15118277919401743,-0.4511410781825045,0.4323741507485281,0.7659426015959973,0.0,0.0,0.0,0.0,0.0,0.0,0.0,0.0,0.0,0.0,0.0,0.0,0.0,0.0,0.0,0.0,0.0,0.0,0.0,0.0,0.0,0.0,0.0,0.0,0.0,0.0,0.0,0.0,0.0,0.0,0.0,0.0,0.0,0.0,0.0,0.0,-1.5497666513575634,-4.0280748464401075,1.6207441522977033,7.513331413269043,6.506912231445312,-7.616827964782716,0.0,0.0,0.0,0.0,0.0,0.0,0.0,0.0,0.0,0.0,0.0,0.0,0.0,0.0,0.0,0.0,0.0,0.0,0.0,0.0,0.0,0.0,0.0,0.0,0.0,0.0,0.0,0.0,0.0,0.0,0.0,0.0,0.0,0.0,0.0,0.0
37812000000,3621,37812000000,map,base_link,8.41517162322998,0.8769497275352478,0.7637292742729187,0.19193690616929318,-0.3949532388978729,0.42337607254596754,0.7924170391209941,0.0,0.0,0.0,0.0,0.0,0.0,0.0,0.0,0.0,0.0,0.0,0.0,0.0,0.0,0.0,0.0,0.0,0.0,0.0,0.0,0.0,0.0,0.0,0.0,0.0,0.0,0.0,0.0,0.0,0.0,0.0,0.0,0.0,0.0,0.0,0.0,-1.399113587834501,-3.9674557197814684,1.9459145016732986,7.966383457183838,5.894997596740722,-7.525551319122315,0.0,0.0,0.0,0.0,0.0,0.0,0.0,0.0,0.0,0.0,0.0,0.0,0.0,0.0,0.0,0.0,0.0,0.0,0.0,0.0,0.0,0.0,0.0,0.0,0.0,0.0,0.0,0.0,0.0,0.0,0.0,0.0,0.0,0.0,0.0,0.0
37825000000,3622,37825000000,map,base_link,8.438794136047363,0.8296440243721008,0.7669265270233154,0.23496255861848786,-0.3386928016666813,0.4128667980166246,0.8121705505216255,0.0,0.0,0.0,0.0,0.0,0.0,0.0,0.0,0.0,0.0,0.0,0.0,0.0,0.0,0.0,0.0,0.0,0.0,0.0,0.0,0.0,0.0,0.0,0.0,0.0,0.0,0.0,0.0,0.0,0.0,0.0,0.0,0.0,0.0,0.0,0.0,-1.2671118505788959,-3.864914931353175,2.296991023275742,8.415818214416504,5.148468017578124,-7.378997802734376,0.0,0.0,0.0,0.0,0.0,0.0,0.0,0.0,0.0,0.0,0.0,0.0,0.0,0.0,0.0,0.0,0.0,0.0,0.0,0.0,0.0,0.0,0.0,0.0,0.0,0.0,0.0,0.0,0.0,0.0,0.0,0.0,0.0,0.0,0.0,0.0
37833000000,3623,37832000000,map,base_link,8.45434284210205,0.7993041276931763,0.7690781354904175,0.26449077239412183,-0.30171736619971795,0.40467182801243917,0.8217372318574465,0.0,0.0,0.0,0.0,0.0,0.0,0.0,0.0,0.0,0.0,0.0,0.0,0.0,0.0,0.0,0.0,0.0,0.0,0.0,0.0,0.0,0.0,0.0,0.0,0.0,0.0,0.0,0.0,0.0,0.0,0.0,0.0,0.0,0.0,0.0,0.0,-1.1856064066509138,-3.7737808044913606,2.5393083339973814,8.519107818603516,4.7839269638061515,-7.316303730010987,0.0,0.0,0.0,0.0,0.0,0.0,0.0,0.0,0.0,0.0,0.0,0.0,0.0,0.0,0.0,0.0,0.0,0.0,0.0,0.0,0.0,0.0,0.0,0.0,0.0,0.0,0.0,0.0,0.0,0.0,0.0,0.0,0.0,0.0,0.0,0.0
37845000000,3624,37845000000,map,base_link,8.476861000061035,0.7506835460662842,0.7716525197029114,0.30929226386607683,-0.24768238530284484,0.3902458257775547,0.831083695909798,0.0,0.0,0.0,0.0,0.0,0.0,0.0,0.0,0.0,0.0,0.0,0.0,0.0,0.0,0.0,0.0,0.0,0.0,0.0,0.0,0.0,0.0,0.0,0.0,0.0,0.0,0.0,0.0,0.0,0.0,0.0,0.0,0.0,0.0,0.0,0.0,-1.0741618606614047,-3.606736544699142,2.913326321937707,8.685578346252441,3.9711222648620597,-7.217936038970948,0.0,0.0,0.0,0.0,0.0,0.0,0.0,0.0,0.0,0.0,0.0,0.0,0.0,0.0,0.0,0.0,0.0,0.0,0.0,0.0,0.0,0.0,0.0,0.0,0.0,0.0,0.0,0.0,0.0,0.0,0.0,0.0,0.0,0.0,0.0,0.0
37856000000,3625,37856000000,map,base_link,8.499040603637695,0.7009794116020203,0.7739467620849609,0.3544536103989739,-0.1948018434651775,0.3733618614843633,0.8348746574193832,0.0,0.0,0.0,0.0,0.0,0.0,0.0,0.0,0.0,0.0,0.0,0.0,0.0,0.0,0.0,0.0,0.0,0.0,0.0,0.0,0.0,0.0,0.0,0.0,0.0,0.0,0.0,0.0,0.0,0.0,0.0,0.0,0.0,0.0,0.0,0.0,-0.9745927160893944,-3.4006849009175912,3.2850080040865235,8.84335708618164,3.5893275737762442,-7.197281837463379,0.0,0.0,0.0,0.0,0.0,0.0,0.0,0.0,0.0,0.0,0.0,0.0,0.0,0.0,0.0,0.0,0.0,0.0,0.0,0.0,0.0,0.0,0.0,0.0,0.0,0.0,0.0,0.0,0.0,0.0,0.0,0.0,0.0,0.0,0.0,0.0
37869000000,3626,37869000000,map,base_link,8.521018028259277,0.6501977443695068,0.7759116888046265,0.4003624813395943,-0.1439405070902846,0.3532840090110163,0.8331755704419394,0.0,0.0,0.0,0.0,0.0,0.0,0.0,0.0,0.0,0.0,0.0,0.0,0.0,0.0,0.0,0.0,0.0,0.0,0.0,0.0,0.0,0.0,0.0,0.0,0.0,0.0,0.0,0.0,0.0,0.0,0.0,0.0,0.0,0.0,0.0,0.0,-0.874787962103722,-3.1541164806311457,3.655067547181184,9.013899803161621,2.9210994243621817,-7.193212032318115,0.0,0.0,0.0,0.0,0.0,0.0,0.0,0.0,0.0,0.0,0.0,0.0,0.0,0.0,0.0,0.0,0.0,0.0,0.0,0.0,0.0,0.0,0.0,0.0,0.0,0.0,0.0,0.0,0.0,0.0,0.0,0.0,0.0,0.0,0.0,0.0
37881000000,3627,37881000000,map,base_link,8.543060302734375,0.59810471534729,0.7774452567100525,0.4464657072037666,-0.09617939279308772,0.32950300798695664,0.8263448096303545,0.0,0.0,0.0,0.0,0.0,0.0,0.0,0.0,0.0,0.0,0.0,0.0,0.0,0.0,0.0,0.0,0.0,0.0,0.0,0.0,0.0,0.0,0.0,0.0,0.0,0.0,0.0,0.0,0.0,0.0,0.0,0.0,0.0,0.0,0.0,0.0,-0.7660674001385614,-2.869967198583984,4.015914005923795,9.086654663085938,1.98582100868225,-7.196877956390381,0.0,0.0,0.0,0.0,0.0,0.0,0.0,0.0,0.0,0.0,0.0,0.0,0.0,0.0,0.0,0.0,0.0,0.0,0.0,0.0,0.0,0.0,0.0,0.0,0.0,0.0,0.0,0.0,0.0,0.0,0.0,0.0,0.0,0.0,0.0,0.0
37889000000,3628,37889000000,map,base_link,8.558110237121582,0.5638481974601746,0.7784138917922974,0.46149494674467545,-0.08075371999508545,0.32082042001892447,0.8231496570447435,0.0,0.0,0.0,0.0,0.0,0.0,0.0,0.0,0.0,0.0,0.0,0.0,0.0,0.0,0.0,0.0,0.0,0.0,0.0,0.0,0.0,0.0,0.0,0.0,0.0,0.0,0.0,0.0,0.0,0.0,0.0,0.0,0.0,0.0,0.0,0.0,-0.74468881634425,-2.7945080565791174,4.1537725123867,9.000772476196289,1.7684376239776602,-7.193330764770508,0.0,0.0,0.0,0.0,0.0,0.0,0.0,0.0,0.0,0.0,0.0,0.0,0.0,0.0,0.0,0.0,0.0,0.0,0.0,0.0,0.0,0.0,0.0,0.0,0.0,0.0,0.0,0.0,0.0,0.0,0.0,0.0,0.0,0.0,0.0,0.0
37897000000,3629,37897000000,map,base_link,8.573156356811523,0.5292397737503052,0.7791330218315125,0.5046509172494659,-0.036567933393779915,0.2930069771167365,0.8112566382585152,0.0,0.0,0.0,0.0,0.0,0.0,0.0,0.0,0.0,0.0,0.0,0.0,0.0,0.0,0.0,0.0,0.0,0.0,0.0,0.0,0.0,0.0,0.0,0.0,0.0,0.0,0.0,0.0,0.0,0.0,0.0,0.0,0.0,0.0,0.0,0.0,-0.6220564653601496,-2.4515818417164934,4.460004971165177,8.803422927856445,1.3021295070648184,-7.159823894500732,0.0,0.0,0.0,0.0,0.0,0.0,0.0,0.0,0.0,0.0,0.0,0.0,0.0,0.0,0.0,0.0,0.0,0.0,0.0,0.0,0.0,0.0,0.0,0.0,0.0,0.0,0.0,0.0,0.0,0.0,0.0,0.0,0.0,0.0,0.0,0.0
37908000000,3630,37908000000,map,base_link,8.595626831054688,0.4744657874107361,0.7793259620666504,0.5326301869271199,-0.008994495720437218,0.2728154335195314,0.8011216698907975,0.0,0.0,0.0,0.0,0.0,0.0,0.0,0.0,0.0,0.0,0.0,0.0,0.0,0.0,0.0,0.0,0.0,0.0,0.0,0.0,0.0,0.0,0.0,0.0,0.0,0.0,0.0,0.0,0.0,0.0,0.0,0.0,0.0,0.0,0.0,0.0,-0.5577078554945094,-2.2566324176215478,4.673496269435632,8.831242561340332,0.7710033655166617,-7.095909595489502,0.0,0.0,0.0,0.0,0.0,0.0,0.0,0.0,0.0,0.0,0.0,0.0,0.0,0.0,0.0,0.0,0.0,0.0,0.0,0.0,0.0,0.0,0.0,0.0,0.0,0.0,0.0,0.0,0.0,0.0,0.0,0.0,0.0,0.0,0.0,0.0
37920000000,3631,37920000000,map,base_link,8.618468284606934,0.4184842109680176,0.7785577178001404,0.5873613889803664,0.040891673215390986,0.2280319835329172,0.77545843275909,0.0,0.0,0.0,0.0,0.0,0.0,0.0,0.0,0.0,0.0,0.0,0.0,0.0,0.0,0.0,0.0,0.0,0.0,0.0,0.0,0.0,0.0,0.0,0.0,0.0,0.0,0.0,0.0,0.0,0.0,0.0,0.0,0.0,0.0,0.0,0.0,-0.3718934115425636,-1.7241352587468322,5.01814802653501,8.8468656539917,-0.2546063065528878,-6.945555210113525,0.0,0.0,0.0,0.0,0.0,0.0,0.0,0.0,0.0,0.0,0.0,0.0,0.0,0.0,0.0,0.0,0.0,0.0,0.0,0.0,0.0,0.0,0.0,0.0,0.0,0.0,0.0,0.0,0.0,0.0,0.0,0.0,0.0,0.0,0.0,0.0
37933000000,3632,37933000000,map,base_link,8.641788482666016,0.36106714606285095,0.7767555117607117,0.6254919800029604,0.07413301907647861,0.19114735871942662,0.7528126570996713,0.0,0.0,0.0,0.0,0.0,0.0,0.0,0.0,0.0,0.0,0.0,0.0,0.0,0.0,0.0,0.0,0.0,0.0,0.0,0.0,0.0,0.0,0.0,0.0,0.0,0.0,0.0,0.0,0.0,0.0,0.0,0.0,0.0,0.0,0.0,0.0,-0.2270055308501262,-1.3253015253133695,5.251822807193398,8.626489639282227,-0.6698853969573983,-6.856931209564209,0.0,0.0,0.0,0.0,0.0,0.0,0.0,0.0,0.0,0.0,0.0,0.0,0.0,0.0,0.0,0.0,0.0,0.0,0.0,0.0,0.0,0.0,0.0,0.0,0.0,0.0,0.0,0.0,0.0,0.0,0.0,0.0,0.0,0.0,0.0,0.0
37941000000,3633,37941000000,map,base_link,8.65778636932373,0.32312288880348206,0.7750455737113953,0.6489436034059073,0.094212388836372,0.1653396843378721,0.7366539557756553,0.0,0.0,0.0,0.0,0.0,0.0,0.0,0.0,0.0,0.0,0.0,0.0,0.0,0.0,0.0,0.0,0.0,0.0,0.0,0.0,0.0,0.0,0.0,0.0,0.0,0.0,0.0,0.0,0.0,0.0,0.0,0.0,0.0,0.0,0.0,0.0,-0.12482461027467204,-1.054771859026434,5.396908663561472,8.375511169433594,-1.1359983682632455,-6.773055076599121,0.0,0.0,0.0,0.0,0.0,0.0,0.0,0.0,0.0,0.0,0.0,0.0,0.0,0.0,0.0,0.0,0.0,0.0,0.0,0.0,0.0,0.0,0.0,0.0,0.0,0.0,0.0,0.0,0.0,0.0,0.0,0.0,0.0,0.0,0.0,0.0
37949000000,3634,37949000000,map,base_link,8.673983573913574,0.28449541330337524,0.7727652788162231,0.6712152836379434,0.11288780492551896,0.13814653767864332,0.7194734673297656,0.0,0.0,0.0,0.0,0.0,0.0,0.0,0.0,0.0,0.0,0.0,0.0,0.0,0.0,0.0,0.0,0.0,0.0,0.0,0.0,0.0,0.0,0.0,0.0,0.0,0.0,0.0,0.0,0.0,0.0,0.0,0.0,0.0,0.0,0.0,0.0,-0.01524291364074065,-0.7744574666575819,5.52744718281549,8.26602840423584,-1.4317396879196176,-6.738296031951904,0.0,0.0,0.0,0.0,0.0,0.0,0.0,0.0,0.0,0.0,0.0,0.0,0.0,0.0,0.0,0.0,0.0,0.0,0.0,0.0,0.0,0.0,0.0,0.0,0.0,0.0,0.0,0.0,0.0,0.0,0.0,0.0,0.0,0.0,0.0,0.0
37957000000,3635,37957000000,map,base_link,8.6903076171875,0.2453434318304062,0.7698784470558167,0.6918512657526958,0.12996322127807108,0.11011220314340976,0.7016599542926664,0.0,0.0,0.0,0.0,0.0,0.0,0.0,0.0,0.0,0.0,0.0,0.0,0.0,0.0,0.0,0.0,0.0,0.0,0.0,0.0,0.0,0.0,0.0,0.0,0.0,0.0,0.0,0.0,0.0,0.0,0.0,0.0,0.0,0.0,0.0,0.0,0.09964051481389548,-0.4908487993012468,5.639031442405322,8.126035690307617,-1.85460650920868,-6.711476802825928,0.0,0.0,0.0,0.0,0.0,0.0,0.0,0.0,0.0,0.0,0.0,0.0,0.0,0.0,0.0,0.0,0.0,0.0,0.0,0.0,0.0,0.0,0.0,0.0,0.0,0.0,0.0,0.0,0.0,0.0,0.0,0.0,0.0,0.0,0.0,0.0
37965000000,3636,37964000000,map,base_link,8.706762313842773,0.2056111991405487,0.7662956714630127,0.7109430927051303,0.14568485978302903,0.08093636336310724,0.6832167673388145,0.0,0.0,0.0,0.0,0.0,0.0,0.0,0.0,0.0,0.0,0.0,0.0,0.0,0.0,0.0,0.0,0.0,0.0,0.0,0.0,0.0,0.0,0.0,0.0,0.0,0.0,0.0,0.0,0.0,0.0,0.0,0.0,0.0,0.0,0.0,0.0,0.22068728506111604,-0.20221084808715994,5.735593431198205,7.923524856567383,-2.3185768127441415,-6.702209949493408,0.0,0.0,0.0,0.0,0.0,0.0,0.0,0.0,0.0,0.0,0.0,0.0,0.0,0.0,0.0,0.0,0.0,0.0,0.0,0.0,0.0,0.0,0.0,0.0,0.0,0.0,0.0,0.0,0.0,0.0,0.0,0.0,0.0,0.0,0.0,0.0
37972000000,3637,37972000000,map,base_link,8.723356246948242,0.1652199774980545,0.7620142102241516,0.728494810592704,0.16001942443006917,0.050465329854640646,0.6641854843342658,0.0,0.0,0.0,0.0,0.0,0.0,0.0,0.0,0.0,0.0,0.0,0.0,0.0,0.0,0.0,0.0,0.0,0.0,0.0,0.0,0.0,0.0,0.0,0.0,0.0,0.0,0.0,0.0,0.0,0.0,0.0,0.0,0.0,0.0,0.0,0.0,0.3506380148097129,0.09160926588017937,5.815270931592036,7.811436653137207,-2.622876167297364,-6.7058868408203125,0.0,0.0,0.0,0.0,0.0,0.0,0.0,0.0,0.0,0.0,0.0,0.0,0.0,0.0,0.0,0.0,0.0,0.0,0.0,0.0,0.0,0.0,0.0,0.0,0.0,0.0,0.0,0.0,0.0,0.0,0.0,0.0,0.0,0.0,0.0,0.0
37980000000,3638,37980000000,map,base_link,8.740033149719238,0.1242227777838707,0.7570065855979919,0.7444540098092938,0.1730827136854753,0.01883492083733641,0.6445742606942073,0.0,0.0,0.0,0.0,0.0,0.0,0.0,0.0,0.0,0.0,0.0,0.0,0.0,0.0,0.0,0.0,0.0,0.0,0.0,0.0,0.0,0.0,0.0,0.0,0.0,0.0,0.0,0.0,0.0,0.0,0.0,0.0,0.0,0.0,0.0,0.0,0.4877805737483831,0.391450285056841,5.8756997856026185,7.659111499786377,-3.0411033630371103,-6.720228672027588,0.0,0.0,0.0,0.0,0.0,0.0,0.0,0.0,0.0,0.0,0.0,0.0,0.0,0.0,0.0,0.0,0.0,0.0,0.0,0.0,0.0,0.0,0.0,0.0,0.0,0.0,0.0,0.0,0.0,0.0,0.0,0.0,0.0,0.0,0.0,0.0
37993000000,3639,37993000000,map,base_link,8.76496696472168,0.060127176344394684,0.7479041218757629,0.7645332531286415,0.1906079844256084,-0.02966817819118255,0.615042469704806,0.0,0.0,0.0,0.0,0.0,0.0,0.0,0.0,0.0,0.0,0.0,0.0,0.0,0.0,0.0,0.0,0.0,0.0,0.0,0.0,0.0,0.0,0.0,0.0,0.0,0.0,0.0,0.0,0.0,0.0,0.0,0.0,0.0,0.0,0.0,0.0,0.697131571390224,0.8351976850377664,5.941249260856731,7.316818714141846,-3.3871970176696786,-6.713521480560303,0.0,0.0,0.0,0.0,0.0,0.0,0.0,0.0,0.0,0.0,0.0,0.0,0.0,0.0,0.0,0.0,0.0,0.0,0.0,0.0,0.0,0.0,0.0,0.0,0.0,0.0,0.0,0.0,0.0,0.0,0.0,0.0,0.0,0.0,0.0,0.0
38005000000,3640,38005000000,map,base_link,8.790173530578613,-0.005785631015896797,0.7368970513343811,0.780195548870896,0.205738344792807,-0.08022911817167021,0.5852606425366138,0.0,0.0,0.0,0.0,0.0,0.0,0.0,0.0,0.0,0.0,0.0,0.0,0.0,0.0,0.0,0.0,0.0,0.0,0.0,0.0,0.0,0.0,0.0,0.0,0.0,0.0,0.0,0.0,0.0,0.0,0.0,0.0,0.0,0.0,0.0,0.0,0.9174869097787437,1.2792369272741695,5.951731407071117,6.79835844039917,-3.982464075088502,-6.6469736099243155,0.0,0.0,0.0,0.0,0.0,0.0,0.0,0.0,0.0,0.0,0.0,0.0,0.0,0.0,0.0,0.0,0.0,0.0,0.0,0.0,0.0,0.0,0.0,0.0,0.0,0.0,0.0,0.0,0.0,0.0,0.0,0.0,0.0,0.0,0.0,0.0
38013000000,3641,38013000000,map,base_link,8.807003021240234,-0.04924596846103668,0.7285521030426025,0.7882832551456214,0.21400370003400565,-0.11424754655217743,0.5654727603810218,0.0,0.0,0.0,0.0,0.0,0.0,0.0,0.0,0.0,0.0,0.0,0.0,0.0,0.0,0.0,0.0,0.0,0.0,0.0,0.0,0.0,0.0,0.0,0.0,0.0,0.0,0.0,0.0,0.0,0.0,0.0,0.0,0.0,0.0,0.0,0.0,1.0689021900912201,1.5716824469642336,5.933637169547961,6.721450328826904,-4.209089279174806,-6.613629341125487,0.0,0.0,0.0,0.0,0.0,0.0,0.0,0.0,0.0,0.0,0.0,0.0,0.0,0.0,0.0,0.0,0.0,0.0,0.0,0.0,0.0,0.0,0.0,0.0,0.0,0.0,0.0,0.0,0.0,0.0,0.0,0.0,0.0,0.0,0.0,0.0
38021000000,3642,38021000000,map,base_link,8.823871612548828,-0.09358568489551544,0.7192974090576172,0.7946180739907784,0.22097126951585694,-0.14907116940006104,0.5454645977216875,0.0,0.0,0.0,0.0,0.0,0.0,0.0,0.0,0.0,0.0,0.0,0.0,0.0,0.0,0.0,0.0,0.0,0.0,0.0,0.0,0.0,0.0,0.0,0.0,0.0,0.0,0.0,0.0,0.0,0.0,0.0,0.0,0.0,0.0,0.0,0.0,1.2264983132375415,1.865700560288504,5.8954813765963285,6.533822059631348,-4.659075260162354,-6.527544498443603,0.0,0.0,0.0,0.0,0.0,0.0,0.0,0.0,0.0,0.0,0.0,0.0,0.0,0.0,0.0,0.0,0.0,0.0,0.0,0.0,0.0,0.0,0.0,0.0,0.0,0.0,0.0,0.0,0.0,0.0,0.0,0.0,0.0,0.0,0.0,0.0
38029000000,3643,38029000000,map,base_link,8.840386390686035,-0.1377585530281067,0.7093480229377747,0.7987468635646027,0.22689677924170049,-0.18416052812780587,0.5259336216811938,0.0,0.0,0.0,0.0,0.0,0.0,0.0,0.0,0.0,0.0,0.0,0.0,0.0,0.0,0.0,0.0,0.0,0.0,0.0,0.0,0.0,0.0,0.0,0.0,0.0,0.0,0.0,0.0,0.0,0.0,0.0,0.0,0.0,0.0,0.0,0.0,1.3861104323022055,2.1527646770072537,5.834757486583405,6.282125473022461,-4.88558578491211,-6.4740586280822745,0.0,0.0,0.0,0.0,0.0,0.0,0.0,0.0,0.0,0.0,0.0,0.0,0.0,0.0,0.0,0.0,0.0,0.0,0.0,0.0,0.0,0.0,0.0,0.0,0.0,0.0,0.0,0.0,0.0,0.0,0.0,0.0,0.0,0.0,0.0,0.0
38040000000,3644,38040000000,map,base_link,8.864970207214355,-0.2070138305425644,0.6925725936889648,0.8007205372600952,0.2344673436851971,-0.2365767829164552,0.4978987287002175,0.0,0.0,0.0,0.0,0.0,0.0,0.0,0.0,0.0,0.0,0.0,0.0,0.0,0.0,0.0,0.0,0.0,0.0,0.0,0.0,0.0,0.0,0.0,0.0,0.0,0.0,0.0,0.0,0.0,0.0,0.0,0.0,0.0,0.0,0.0,0.0,1.6211974882115392,2.559424699762147,5.735888806038956,5.549548149108887,-5.232732772827149,-6.347265720367431,0.0,0.0,0.0,0.0,0.0,0.0,0.0,0.0,0.0,0.0,0.0,0.0,0.0,0.0,0.0,0.0,0.0,0.0,0.0,0.0,0.0,0.0,0.0,0.0,0.0,0.0,0.0,0.0,0.0,0.0,0.0,0.0,0.0,0.0,0.0,0.0
38052000000,3645,38052000000,map,base_link,8.889019966125488,-0.2773464322090149,0.6738411784172058,0.7981326786146777,0.2405054276434133,-0.2891175921791663,0.4706935701891631,0.0,0.0,0.0,0.0,0.0,0.0,0.0,0.0,0.0,0.0,0.0,0.0,0.0,0.0,0.0,0.0,0.0,0.0,0.0,0.0,0.0,0.0,0.0,0.0,0.0,0.0,0.0,0.0,0.0,0.0,0.0,0.0,0.0,0.0,0.0,0.0,1.8512898919135976,2.953139590924218,5.6071644574154735,5.173336505889893,-5.5456604957580575,-6.286081314086913,0.0,0.0,0.0,0.0,0.0,0.0,0.0,0.0,0.0,0.0,0.0,0.0,0.0,0.0,0.0,0.0,0.0,0.0,0.0,0.0,0.0,0.0,0.0,0.0,0.0,0.0,0.0,0.0,0.0,0.0,0.0,0.0,0.0,0.0,0.0,0.0
38065000000,3646,38065000000,map,base_link,8.912466049194336,-0.3489803075790405,0.6529815793037415,0.7912361265725674,0.24503130375048285,-0.3413427373515991,0.4442863200090487,0.0,0.0,0.0,0.0,0.0,0.0,0.0,0.0,0.0,0.0,0.0,0.0,0.0,0.0,0.0,0.0,0.0,0.0,0.0,0.0,0.0,0.0,0.0,0.0,0.0,0.0,0.0,0.0,0.0,0.0,0.0,0.0,0.0,0.0,0.0,0.0,2.073726983270949,3.334265826061074,5.446378837794337,4.761653423309326,-5.973229885101319,-6.258452892303466,0.0,0.0,0.0,0.0,0.0,0.0,0.0,0.0,0.0,0.0,0.0,0.0,0.0,0.0,0.0,0.0,0.0,0.0,0.0,0.0,0.0,0.0,0.0,0.0,0.0,0.0,0.0,0.0,0.0,0.0,0.0,0.0,0.0,0.0,0.0,0.0
38076000000,3647,38076000000,map,base_link,8.935173034667969,-0.4218805730342865,0.6301851868629456,0.7797479282662862,0.24864984250281,-0.39365446532176335,0.41857220372865434,0.0,0.0,0.0,0.0,0.0,0.0,0.0,0.0,0.0,0.0,0.0,0.0,0.0,0.0,0.0,0.0,0.0,0.0,0.0,0.0,0.0,0.0,0.0,0.0,0.0,0.0,0.0,0.0,0.0,0.0,0.0,0.0,0.0,0.0,0.0,0.0,2.284745390633815,3.7055348994528856,5.250501995677652,4.422781944274902,-6.237203121185304,-6.265011310577392,0.0,0.0,0.0,0.0,0.0,0.0,0.0,0.0,0.0,0.0,0.0,0.0,0.0,0.0,0.0,0.0,0.0,0.0,0.0,0.0,0.0,0.0,0.0,0.0,0.0,0.0,0.0,0.0,0.0,0.0,0.0,0.0,0.0,0.0,0.0,0.0
38084000000,3648,38084000000,map,base_link,8.949670791625977,-0.4695338010787964,0.6142506003379822,0.7750122451473294,0.24973366978569186,-0.41086737951140945,0.41009405530549703,0.0,0.0,0.0,0.0,0.0,0.0,0.0,0.0,0.0,0.0,0.0,0.0,0.0,0.0,0.0,0.0,0.0,0.0,0.0,0.0,0.0,0.0,0.0,0.0,0.0,0.0,0.0,0.0,0.0,0.0,0.0,0.0,0.0,0.0,0.0,0.0,2.3744505765590453,3.802069387094706,5.231691086838314,4.249693393707275,-6.326446533203126,-6.274449348449706,0.0,0.0,0.0,0.0,0.0,0.0,0.0,0.0,0.0,0.0,0.0,0.0,0.0,0.0,0.0,0.0,0.0,0.0,0.0,0.0,0.0,0.0,0.0,0.0,0.0,0.0,0.0,0.0,0.0,0.0,0.0,0.0,0.0,0.0,0.0,0.0
38096000000,3649,38096000000,map,base_link,8.970601081848145,-0.5437410473823547,0.5886517763137817,0.7518298558126699,0.25400316661326966,-0.4772068598643396,0.37750231519851296,0.0,0.0,0.0,0.0,0.0,0.0,0.0,0.0,0.0,0.0,0.0,0.0,0.0,0.0,0.0,0.0,0.0,0.0,0.0,0.0,0.0,0.0,0.0,0.0,0.0,0.0,0.0,0.0,0.0,0.0,0.0,0.0,0.0,0.0,0.0,0.0,2.570690677644356,4.288109558565503,4.888110587119869,3.71830415725708,-6.464137077331544,-6.265242099761962,0.0,0.0,0.0,0.0,0.0,0.0,0.0,0.0,0.0,0.0,0.0,0.0,0.0,0.0,0.0,0.0,0.0,0.0,0.0,0.0,0.0,0.0,0.0,0.0,0.0,0.0,0.0,0.0,0.0,0.0,0.0,0.0,0.0,0.0,0.0,0.0
38109000000,3650,38109000000,map,base_link,8.989982604980469,-0.6193372011184692,0.5630922317504883,0.7288529534379254,0.2580656591943863,-0.5267819745214453,0.35309535971708167,0.0,0.0,0.0,0.0,0.0,0.0,0.0,0.0,0.0,0.0,0.0,0.0,0.0,0.0,0.0,0.0,0.0,0.0,0.0,0.0,0.0,0.0,0.0,0.0,0.0,0.0,0.0,0.0,0.0,0.0,0.0,0.0,0.0,0.0,0.0,0.0,2.2052169404993913,4.567098820702695,4.574276105596759,3.3413360118865967,-6.7402710914611825,-6.4740252494812,0.0,0.0,0.0,0.0,0.0,0.0,0.0,0.0,0.0,0.0,0.0,0.0,0.0,0.0,0.0,0.0,0.0,0.0,0.0,0.0,0.0,0.0,0.0,0.0,0.0,0.0,0.0,0.0,0.0,0.0,0.0,0.0,0.0,0.0,0.0,0.0
38120000000,3651,38120000000,map,base_link,9.005773544311523,-0.6944231986999512,0.5427586436271667,0.6977378107170911,0.27484446710054294,-0.5830845796745721,0.31246581882600405,0.0,0.0,0.0,0.0,0.0,0.0,0.0,0.0,0.0,0.0,0.0,0.0,0.0,0.0,0.0,0.0,0.0,0.0,0.0,0.0,0.0,0.0,0.0,0.0,0.0,0.0,0.0,0.0,0.0,0.0,0.0,0.0,0.0,0.0,0.0,0.0,1.6342434418895664,4.8276257281910135,4.239535300869406,4.23682165145874,-6.748427867889406,-11.113110542297363,0.0,0.0,0.0,0.0,0.0,0.0,0.0,0.0,0.0,0.0,0.0,0.0,0.0,0.0,0.0,0.0,0.0,0.0,0.0,0.0,0.0,0.0,0.0,0.0,0.0,0.0,0.0,0.0,0.0,0.0,0.0,0.0,0.0,0.0,0.0,0.0
38132000000,3652,38132000000,map,base_link,9.019994735717773,-0.7690935134887695,0.5313431620597839,0.6616864290986609,0.29235899039430585,-0.6373735348463937,0.2654285661152697,0.0,0.0,0.0,0.0,0.0,0.0,0.0,0.0,0.0,0.0,0.0,0.0,0.0,0.0,0.0,0.0,0.0,0.0,0.0,0.0,0.0,0.0,0.0,0.0,0.0,0.0,0.0,0.0,0.0,0.0,0.0,0.0,0.0,0.0,0.0,0.0,-0.4752031539470967,5.276891071637708,3.7924137236824897,4.35911750793457,-6.721089363098145,-10.817817687988281,0.0,0.0,0.0,0.0,0.0,0.0,0.0,0.0,0.0,0.0,0.0,0.0,0.0,0.0,0.0,0.0,0.0,0.0,0.0,0.0,0.0,0.0,0.0,0.0,0.0,0.0,0.0,0.0,0.0,0.0,0.0,0.0,0.0,0.0,0.0,0.0
38145000000,3653,38145000000,map,base_link,9.035118103027344,-0.844713032245636,0.5366514325141907,0.6411448980714214,0.2771690133098885,-0.6630150242042697,0.2692985529658128,0.0,0.0,0.0,0.0,0.0,0.0,0.0,0.0,0.0,0.0,0.0,0.0,0.0,0.0,0.0,0.0,0.0,0.0,0.0,0.0,0.0,0.0,0.0,0.0,0.0,0.0,0.0,0.0,0.0,0.0,0.0,0.0,0.0,0.0,0.0,0.0,-0.6182336282907781,5.402405902134221,3.7623443342606477,0.49178585410118103,-5.436976432800293,1.9442293643951423,0.0,0.0,0.0,0.0,0.0,0.0,0.0,0.0,0.0,0.0,0.0,0.0,0.0,0.0,0.0,0.0,0.0,0.0,0.0,0.0,0.0,0.0,0.0,0.0,0.0,0.0,0.0,0.0,0.0,0.0,0.0,0.0,0.0,0.0,0.0,0.0
38156000000,3654,38156000000,map,base_link,9.050446510314941,-0.9201850891113281,0.5431391000747681,0.6244575066796848,0.2653281301752682,-0.6748901516533052,0.29013300459020297,0.0,0.0,0.0,0.0,0.0,0.0,0.0,0.0,0.0,0.0,0.0,0.0,0.0,0.0,0.0,0.0,0.0,0.0,0.0,0.0,0.0,0.0,0.0,0.0,0.0,0.0,0.0,0.0,0.0,0.0,0.0,0.0,0.0,0.0,0.0,0.0,-0.2810831846262034,5.211444240453908,3.9571057248856856,-1.3949742317199707,-4.316673755645752,2.165960550308228,0.0,0.0,0.0,0.0,0.0,0.0,0.0,0.0,0.0,0.0,0.0,0.0,0.0,0.0,0.0,0.0,0.0,0.0,0.0,0.0,0.0,0.0,0.0,0.0,0.0,0.0,0.0,0.0,0.0,0.0,0.0,0.0,0.0,0.0,0.0,0.0
38164000000,3655,38164000000,map,base_link,9.060370445251465,-0.9704222083091736,0.5466771721839905,0.619209107148593,0.26261313556131766,-0.6782102274979025,0.29604966347785927,0.0,0.0,0.0,0.0,0.0,0.0,0.0,0.0,0.0,0.0,0.0,0.0,0.0,0.0,0.0,0.0,0.0,0.0,0.0,0.0,0.0,0.0,0.0,0.0,0.0,0.0,0.0,0.0,0.0,0.0,0.0,0.0,0.0,0.0,0.0,0.0,-0.10823669261737318,5.171712568050238,4.061170952343319,-1.3490320444107056,-3.9815056324005127,1.7068769931793217,0.0,0.0,0.0,0.0,0.0,0.0,0.0,0.0,0.0,0.0,0.0,0.0,0.0,0.0,0.0,0.0,0.0,0.0,0.0,0.0,0.0,0.0,0.0,0.0,0.0,0.0,0.0,0.0,0.0,0.0,0.0,0.0,0.0,0.0,0.0,0.0
38173000000,3656,38173000000,map,base_link,9.069663047790527,-1.020841360092163,0.5497015118598938,0.6038758729260871,0.25383744520492485,-0.6878853737483662,0.3125928072805673,0.0,0.0,0.0,0.0,0.0,0.0,0.0,0.0,0.0,0.0,0.0,0.0,0.0,0.0,0.0,0.0,0.0,0.0,0.0,0.0,0.0,0.0,0.0,0.0,0.0,0.0,0.0,0.0,0.0,0.0,0.0,0.0,0.0,0.0,0.0,0.0,0.25527798723617107,5.095251672375094,4.191270179742345,-1.0429059267044067,-3.815187454223633,1.5603168010711674,0.0,0.0,0.0,0.0,0.0,0.0,0.0,0.0,0.0,0.0,0.0,0.0,0.0,0.0,0.0,0.0,0.0,0.0,0.0,0.0,0.0,0.0,0.0,0.0,0.0,0.0,0.0,0.0,0.0,0.0,0.0,0.0,0.0,0.0,0.0,0.0
38181000000,3657,38181000000,map,base_link,9.07830810546875,-1.0714110136032104,0.5522148609161377,0.5938029974029382,0.24782935926613625,-0.6941915538099602,0.3226093430039694,0.0,0.0,0.0,0.0,0.0,0.0,0.0,0.0,0.0,0.0,0.0,0.0,0.0,0.0,0.0,0.0,0.0,0.0,0.0,0.0,0.0,0.0,0.0,0.0,0.0,0.0,0.0,0.0,0.0,0.0,0.0,0.0,0.0,0.0,0.0,0.0,0.5062673594006601,5.027968171463573,4.280708991490293,-0.8746415972709656,-3.7982935905456543,1.4821524620056157,0.0,0.0,0.0,0.0,0.0,0.0,0.0,0.0,0.0,0.0,0.0,0.0,0.0,0.0,0.0,0.0,0.0,0.0,0.0,0.0,0.0,0.0,0.0,0.0,0.0,0.0,0.0,0.0,0.0,0.0,0.0,0.0,0.0,0.0,0.0,0.0
38189000000,3658,38189000000,map,base_link,9.086320877075195,-1.1223987340927124,0.5543528199195862,0.5836737293964817,0.24200301053812667,-0.7003960545995218,0.33197144353711855,0.0,0.0,0.0,0.0,0.0,0.0,0.0,0.0,0.0,0.0,0.0,0.0,0.0,0.0,0.0,0.0,0.0,0.0,0.0,0.0,0.0,0.0,0.0,0.0,0.0,0.0,0.0,0.0,0.0,0.0,0.0,0.0,0.0,0.0,0.0,0.0,0.7518753819958681,4.9607761974176015,4.365081445363439,-0.8342546820640564,-3.746485948562622,1.3747153282165532,0.0,0.0,0.0,0.0,0.0,0.0,0.0,0.0,0.0,0.0,0.0,0.0,0.0,0.0,0.0,0.0,0.0,0.0,0.0,0.0,0.0,0.0,0.0,0.0,0.0,0.0,0.0,0.0,0.0,0.0,0.0,0.0,0.0,0.0,0.0,0.0
38197000000,3659,38197000000,map,base_link,9.093695640563965,-1.1738173961639404,0.5561404228210449,0.5733972951317372,0.23628985770850516,-0.7065855932578619,0.34076317076936974,0.0,0.0,0.0,0.0,0.0,0.0,0.0,0.0,0.0,0.0,0.0,0.0,0.0,0.0,0.0,0.0,0.0,0.0,0.0,0.0,0.0,0.0,0.0,0.0,0.0,0.0,0.0,0.0,0.0,0.0,0.0,0.0,0.0,0.0,0.0,0.0,0.99404268393479,4.895023057381465,4.436149456570568,-0.7826154828071594,-3.6943349838256836,1.2268810272216801,0.0,0.0,0.0,0.0,0.0,0.0,0.0,0.0,0.0,0.0,0.0,0.0,0.0,0.0,0.0,0.0,0.0,0.0,0.0,0.0,0.0,0.0,0.0,0.0,0.0,0.0,0.0,0.0,0.0,0.0,0.0,0.0,0.0,0.0,0.0,0.0
38205000000,3660,38204000000,map,base_link,9.100483894348145,-1.2258208990097046,0.5576063394546509,0.5629398822994869,0.2304096347713865,-0.712886336375998,0.3490030903874921,0.0,0.0,0.0,0.0,0.0,0.0,0.0,0.0,0.0,0.0,0.0,0.0,0.0,0.0,0.0,0.0,0.0,0.0,0.0,0.0,0.0,0.0,0.0,0.0,0.0,0.0,0.0,0.0,0.0,0.0,0.0,0.0,0.0,0.0,0.0,0.0,1.2351256734647382,4.832054373482768,4.485524170864274,-0.6612548828125,-3.760780096054077,1.1171472072601323,0.0,0.0,0.0,0.0,0.0,0.0,0.0,0.0,0.0,0.0,0.0,0.0,0.0,0.0,0.0,0.0,0.0,0.0,0.0,0.0,0.0,0.0,0.0,0.0,0.0,0.0,0.0,0.0,0.0,0.0,0.0,0.0,0.0,0.0,0.0,0.0
38212000000,3661,38212000000,map,base_link,9.106675148010254,-1.2777296304702759,0.5586723685264587,0.5521640605634489,0.22408875599637432,-0.7194528575208438,0.3567724825888388,0.0,0.0,0.0,0.0,0.0,0.0,0.0,0.0,0.0,0.0,0.0,0.0,0.0,0.0,0.0,0.0,0.0,0.0,0.0,0.0,0.0,0.0,0.0,0.0,0.0,0.0,0.0,0.0,0.0,0.0,0.0,0.0,0.0,0.0,0.0,0.0,1.4775507664578031,4.772931382428573,4.518563015332077,-0.577114999294281,-3.8301563262939453,1.079933881759644,0.0,0.0,0.0,0.0,0.0,0.0,0.0,0.0,0.0,0.0,0.0,0.0,0.0,0.0,0.0,0.0,0.0,0.0,0.0,0.0,0.0,0.0,0.0,0.0,0.0,0.0,0.0,0.0,0.0,0.0,0.0,0.0,0.0,0.0,0.0,0.0
38220000000,3662,38220000000,map,base_link,9.112324714660645,-1.3296773433685303,0.5600076913833618,0.5416561136598341,0.21837041910438604,-0.726224591671089,0.3626582899833852,0.0,0.0,0.0,0.0,0.0,0.0,0.0,0.0,0.0,0.0,0.0,0.0,0.0,0.0,0.0,0.0,0.0,0.0,0.0,0.0,0.0,0.0,0.0,0.0,0.0,0.0,0.0,0.0,0.0,0.0,0.0,0.0,0.0,0.0,0.0,0.0,1.5590585454949584,4.6579679619822425,4.490327239449699,-0.296379029750824,-3.464329481124878,0.38892132043838545,0.0,0.0,0.0,0.0,0.0,0.0,0.0,0.0,0.0,0.0,0.0,0.0,0.0,0.0,0.0,0.0,0.0,0.0,0.0,0.0,0.0,0.0,0.0,0.0,0.0,0.0,0.0,0.0,0.0,0.0,0.0,0.0,0.0,0.0,0.0,0.0
38228000000,3663,38228000000,map,base_link,9.117484092712402,-1.3814172744750977,0.5612701773643494,0.5372924186258344,0.21667853923803745,-0.7294807307464952,0.36362796252707535,0.0,0.0,0.0,0.0,0.0,0.0,0.0,0.0,0.0,0.0,0.0,0.0,0.0,0.0,0.0,0.0,0.0,0.0,0.0,0.0,0.0,0.0,0.0,0.0,0.0,0.0,0.0,0.0,0.0,0.0,0.0,0.0,0.0,0.0,0.0,0.0,1.6463124239510314,4.631996852563153,4.502450435237144,-0.1484631896018982,-3.0780067443847656,-0.10733434557914696,0.0,0.0,0.0,0.0,0.0,0.0,0.0,0.0,0.0,0.0,0.0,0.0,0.0,0.0,0.0,0.0,0.0,0.0,0.0,0.0,0.0,0.0,0.0,0.0,0.0,0.0,0.0,0.0,0.0,0.0,0.0,0.0,0.0,0.0,0.0,0.0
38236000000,3664,38236000000,map,base_link,9.122255325317383,-1.4335612058639526,0.5623148083686829,0.5252103817607469,0.21220251231604412,-0.7387845000413054,0.36513224677070183,0.0,0.0,0.0,0.0,0.0,0.0,0.0,0.0,0.0,0.0,0.0,0.0,0.0,0.0,0.0,0.0,0.0,0.0,0.0,0.0,0.0,0.0,0.0,0.0,0.0,0.0,0.0,0.0,0.0,0.0,0.0,0.0,0.0,0.0,0.0,0.0,1.8019933647856359,4.617057568636434,4.477780785233224,0.013016981072723866,-2.559624671936035,-0.48861306905746427,0.0,0.0,0.0,0.0,0.0,0.0,0.0,0.0,0.0,0.0,0.0,0.0,0.0,0.0,0.0,0.0,0.0,0.0,0.0,0.0,0.0,0.0,0.0,0.0,0.0,0.0,0.0,0.0,0.0,0.0,0.0,0.0,0.0,0.0,0.0,0.0
38244000000,3665,38244000000,map,base_link,9.126606941223145,-1.485930323600769,0.5631994605064392,0.5216086701376879,0.21099307688788765,-0.7416547847185941,0.3651773438986086,0.0,0.0,0.0,0.0,0.0,0.0,0.0,0.0,0.0,0.0,0.0,0.0,0.0,0.0,0.0,0.0,0.0,0.0,0.0,0.0,0.0,0.0,0.0,0.0,0.0,0.0,0.0,0.0,0.0,0.0,0.0,0.0,0.0,0.0,0.0,0.0,1.867946563779746,4.599027570281731,4.494805304621739,0.06039058789610863,-2.33809232711792,-0.5714856386184689,0.0,0.0,0.0,0.0,0.0,0.0,0.0,0.0,0.0,0.0,0.0,0.0,0.0,0.0,0.0,0.0,0.0,0.0,0.0,0.0,0.0,0.0,0.0,0.0,0.0,0.0,0.0,0.0,0.0,0.0,0.0,0.0,0.0,0.0,0.0,0.0
38252000000,3666,38252000000,map,base_link,9.130516052246094,-1.5383145809173584,0.563942015171051,0.5120945775320962,0.2078797207985243,-0.7498182078066692,0.36375514064245695,0.0,0.0,0.0,0.0,0.0,0.0,0.0,0.0,0.0,0.0,0.0,0.0,0.0,0.0,0.0,0.0,0.0,0.0,0.0,0.0,0.0,0.0,0.0,0.0,0.0,0.0,0.0,0.0,0.0,0.0,0.0,0.0,0.0,0.0,0.0,0.0,1.9699743366282736,4.602321192040211,4.471192321624359,0.21670912206172943,-1.995585560798645,-0.767298638820648,0.0,0.0,0.0,0.0,0.0,0.0,0.0,0.0,0.0,0.0,0.0,0.0,0.0,0.0,0.0,0.0,0.0,0.0,0.0,0.0,0.0,0.0,0.0,0.0,0.0,0.0,0.0,0.0,0.0,0.0,0.0,0.0,0.0,0.0,0.0,0.0
38260000000,3667,38260000000,map,base_link,9.1339750289917,-1.5907812118530273,0.564378023147583,0.5067027944223703,0.20593618209971717,-0.7551779593115269,0.36131557568352507,0.0,0.0,0.0,0.0,0.0,0.0,0.0,0.0,0.0,0.0,0.0,0.0,0.0,0.0,0.0,0.0,0.0,0.0,0.0,0.0,0.0,0.0,0.0,0.0,0.0,0.0,0.0,0.0,0.0,0.0,0.0,0.0,0.0,0.0,0.0,0.0,2.0307152661856884,4.607777239098216,4.462761280921687,0.456348717212677,-1.7617975473403933,-0.9920338988304136,0.0,0.0,0.0,0.0,0.0,0.0,0.0,0.0,0.0,0.0,0.0,0.0,0.0,0.0,0.0,0.0,0.0,0.0,0.0,0.0,0.0,0.0,0.0,0.0,0.0,0.0,0.0,0.0,0.0,0.0,0.0,0.0,0.0,0.0,0.0,0.0
38272000000,3668,38272000000,map,base_link,9.137825965881348,-1.6708534955978394,0.5653740167617798,0.4998956147725273,0.20299344698983807,-0.7633957729076053,0.3551405355410728,0.0,0.0,0.0,0.0,0.0,0.0,0.0,0.0,0.0,0.0,0.0,0.0,0.0,0.0,0.0,0.0,0.0,0.0,0.0,0.0,0.0,0.0,0.0,0.0,0.0,0.0,0.0,0.0,0.0,0.0,0.0,0.0,0.0,0.0,0.0,0.0,2.0948339467928414,4.6407556173490345,4.433767211717917,0.784568190574646,-1.49812388420105,-1.2955206632614134,0.0,0.0,0.0,0.0,0.0,0.0,0.0,0.0,0.0,0.0,0.0,0.0,0.0,0.0,0.0,0.0,0.0,0.0,0.0,0.0,0.0,0.0,0.0,0.0,0.0,0.0,0.0,0.0,0.0,0.0,0.0,0.0,0.0,0.0,0.0,0.0
38280000000,3669,38280000000,map,base_link,9.140206336975098,-1.7237235307693481,0.565479576587677,0.49629318665304356,0.20130695138338672,-0.7688034032323713,0.3494422605489756,0.0,0.0,0.0,0.0,0.0,0.0,0.0,0.0,0.0,0.0,0.0,0.0,0.0,0.0,0.0,0.0,0.0,0.0,0.0,0.0,0.0,0.0,0.0,0.0,0.0,0.0,0.0,0.0,0.0,0.0,0.0,0.0,0.0,0.0,0.0,0.0,2.1177133079058574,4.678120863126685,4.4099829459927635,0.9928633570671082,-1.192835569381714,-1.5751935243606565,0.0,0.0,0.0,0.0,0.0,0.0,0.0,0.0,0.0,0.0,0.0,0.0,0.0,0.0,0.0,0.0,0.0,0.0,0.0,0.0,0.0,0.0,0.0,0.0,0.0,0.0,0.0,0.0,0.0,0.0,0.0,0.0,0.0,0.0,0.0,0.0
38293000000,3670,38293000000,map,base_link,9.142518043518066,-1.8042289018630981,0.5659386515617371,0.4923473881587415,0.1995649062305981,-0.776496825739277,0.338851916556522,0.0,0.0,0.0,0.0,0.0,0.0,0.0,0.0,0.0,0.0,0.0,0.0,0.0,0.0,0.0,0.0,0.0,0.0,0.0,0.0,0.0,0.0,0.0,0.0,0.0,0.0,0.0,0.0,0.0,0.0,0.0,0.0,0.0,0.0,0.0,0.0,2.1173909153993917,4.752288001776059,4.377620988700947,1.1160459518432617,-0.8915252685546877,-1.8057610988616943,0.0,0.0,0.0,0.0,0.0,0.0,0.0,0.0,0.0,0.0,0.0,0.0,0.0,0.0,0.0,0.0,0.0,0.0,0.0,0.0,0.0,0.0,0.0,0.0,0.0,0.0,0.0,0.0,0.0,0.0,0.0,0.0,0.0,0.0,0.0,0.0
38304000000,3671,38304000000,map,base_link,9.143924713134766,-1.8851335048675537,0.5661143660545349,0.49049619320502175,0.19872422411677557,-0.7814822710825096,0.33046597918173365,0.0,0.0,0.0,0.0,0.0,0.0,0.0,0.0,0.0,0.0,0.0,0.0,0.0,0.0,0.0,0.0,0.0,0.0,0.0,0.0,0.0,0.0,0.0,0.0,0.0,0.0,0.0,0.0,0.0,0.0,0.0,0.0,0.0,0.0,0.0,0.0,2.1141508473192454,4.797564680442178,4.367990014375992,1.3001219034194946,-0.6161513924598696,-2.0691051483154297,0.0,0.0,0.0,0.0,0.0,0.0,0.0,0.0,0.0,0.0,0.0,0.0,0.0,0.0,0.0,0.0,0.0,0.0,0.0,0.0,0.0,0.0,0.0,0.0,0.0,0.0,0.0,0.0,0.0,0.0,0.0,0.0,0.0,0.0,0.0,0.0
38316000000,3672,38316000000,map,base_link,9.143115043640137,-1.9613196849822998,0.5710585117340088,0.4911568134452937,0.20086379834471899,-0.7875815311913392,0.31326380618228505,0.0,0.0,0.0,0.0,0.0,0.0,0.0,0.0,0.0,0.0,0.0,0.0,0.0,0.0,0.0,0.0,0.0,0.0,0.0,0.0,0.0,0.0,0.0,0.0,0.0,0.0,0.0,0.0,0.0,0.0,0.0,0.0,0.0,0.0,0.0,0.0,1.0587962619785922,4.128331330811498,4.322740045225693,0.6355038285255432,0.7594884037971494,-1.906569480895996,0.0,0.0,0.0,0.0,0.0,0.0,0.0,0.0,0.0,0.0,0.0,0.0,0.0,0.0,0.0,0.0,0.0,0.0,0.0,0.0,0.0,0.0,0.0,0.0,0.0,0.0,0.0,0.0,0.0,0.0,0.0,0.0,0.0,0.0,0.0,0.0
38324000000,3673,38324000000,map,base_link,9.141471862792969,-2.008535146713257,0.5769001245498657,0.49437906645449703,0.20493472029553772,-0.7853743428816722,0.3110922741064582,0.0,0.0,0.0,0.0,0.0,0.0,0.0,0.0,0.0,0.0,0.0,0.0,0.0,0.0,0.0,0.0,0.0,0.0,0.0,0.0,0.0,0.0,0.0,0.0,0.0,0.0,0.0,0.0,0.0,0.0,0.0,0.0,0.0,0.0,0.0,0.0,1.0411452220394932,4.10284650720904,4.376562657250682,-0.503798246383667,2.2657504081726074,-1.342391610145569,0.0,0.0,0.0,0.0,0.0,0.0,0.0,0.0,0.0,0.0,0.0,0.0,0.0,0.0,0.0,0.0,0.0,0.0,0.0,0.0,0.0,0.0,0.0,0.0,0.0,0.0,0.0,0.0,0.0,0.0,0.0,0.0,0.0,0.0,0.0,0.0
38337000000,3674,38337000000,map,base_link,9.137617111206055,-2.080740213394165,0.5861452221870422,0.5084585056907887,0.22192016366323122,-0.7747551282979886,0.3032751084523244,0.0,0.0,0.0,0.0,0.0,0.0,0.0,0.0,0.0,0.0,0.0,0.0,0.0,0.0,0.0,0.0,0.0,0.0,0.0,0.0,0.0,0.0,0.0,0.0,0.0,0.0,0.0,0.0,0.0,0.0,0.0,0.0,0.0,0.0,0.0,0.0,0.8171487020477057,3.986726372229949,4.537227859904618,-1.028388261795044,3.001262903213501,-0.9631183743476871,0.0,0.0,0.0,0.0,0.0,0.0,0.0,0.0,0.0,0.0,0.0,0.0,0.0,0.0,0.0,0.0,0.0,0.0,0.0,0.0,0.0,0.0,0.0,0.0,0.0,0.0,0.0,0.0,0.0,0.0,0.0,0.0,0.0,0.0,0.0,0.0
38345000000,3675,38345000000,map,base_link,9.134649276733398,-2.1287553310394287,0.5917004346847534,0.5160324208087419,0.23127309725682926,-0.7682895277819022,0.2999243707754356,0.0,0.0,0.0,0.0,0.0,0.0,0.0,0.0,0.0,0.0,0.0,0.0,0.0,0.0,0.0,0.0,0.0,0.0,0.0,0.0,0.0,0.0,0.0,0.0,0.0,0.0,0.0,0.0,0.0,0.0,0.0,0.0,0.0,0.0,0.0,0.0,0.7284461833656789,3.9342542244434666,4.63732211805034,-1.199336051940918,3.1622281074523926,-0.8921231627464298,0.0,0.0,0.0,0.0,0.0,0.0,0.0,0.0,0.0,0.0,0.0,0.0,0.0,0.0,0.0,0.0,0.0,0.0,0.0,0.0,0.0,0.0,0.0,0.0,0.0,0.0,0.0,0.0,0.0,0.0,0.0,0.0,0.0,0.0,0.0,0.0
38353000000,3676,38352000000,map,base_link,9.131245613098145,-2.1765263080596924,0.596889078617096,0.5237041798355131,0.24071717341033208,-0.7613518825624936,0.2968711898490337,0.0,0.0,0.0,0.0,0.0,0.0,0.0,0.0,0.0,0.0,0.0,0.0,0.0,0.0,0.0,0.0,0.0,0.0,0.0,0.0,0.0,0.0,0.0,0.0,0.0,0.0,0.0,0.0,0.0,0.0,0.0,0.0,0.0,0.0,0.0,0.0,0.642600067584128,3.881177254064265,4.740037248888657,-1.2497837543487549,3.2116613388061523,-0.8389001488685612,0.0,0.0,0.0,0.0,0.0,0.0,0.0,0.0,0.0,0.0,0.0,0.0,0.0,0.0,0.0,0.0,0.0,0.0,0.0,0.0,0.0,0.0,0.0,0.0,0.0,0.0,0.0,0.0,0.0,0.0,0.0,0.0,0.0,0.0,0.0,0.0
38360000000,3677,38360000000,map,base_link,9.127355575561523,-2.2252938747406006,0.6018962264060974,0.5313495760085407,0.2498556638387067,-0.7542150934838712,0.29393783241294824,0.0,0.0,0.0,0.0,0.0,0.0,0.0,0.0,0.0,0.0,0.0,0.0,0.0,0.0,0.0,0.0,0.0,0.0,0.0,0.0,0.0,0.0,0.0,0.0,0.0,0.0,0.0,0.0,0.0,0.0,0.0,0.0,0.0,0.0,0.0,0.0,0.5304746033292872,3.848104463462066,4.8360369109720995,-1.2297754287719727,3.235579013824463,-0.7293611764907841,0.0,0.0,0.0,0.0,0.0,0.0,0.0,0.0,0.0,0.0,0.0,0.0,0.0,0.0,0.0,0.0,0.0,0.0,0.0,0.0,0.0,0.0,0.0,0.0,0.0,0.0,0.0,0.0,0.0,0.0,0.0,0.0,0.0,0.0,0.0,0.0
38368000000,3678,38368000000,map,base_link,9.123649597167969,-2.274265766143799,0.6071140766143799,0.5352540284444536,0.25428027160551675,-0.750455805330942,0.29267852672629113,0.0,0.0,0.0,0.0,0.0,0.0,0.0,0.0,0.0,0.0,0.0,0.0,0.0,0.0,0.0,0.0,0.0,0.0,0.0,0.0,0.0,0.0,0.0,0.0,0.0,0.0,0.0,0.0,0.0,0.0,0.0,0.0,0.0,0.0,0.0,0.0,0.4278115893682517,3.8909233457801977,4.891062402635533,-1.2557170391082764,3.271254301071167,-0.5660762786865239,0.0,0.0,0.0,0.0,0.0,0.0,0.0,0.0,0.0,0.0,0.0,0.0,0.0,0.0,0.0,0.0,0.0,0.0,0.0,0.0,0.0,0.0,0.0,0.0,0.0,0.0,0.0,0.0,0.0,0.0,0.0,0.0,0.0,0.0,0.0,0.0
38376000000,3679,38376000000,map,base_link,9.119725227355957,-2.323706865310669,0.6120486855506897,0.5487003904059752,0.26620690250343243,-0.7363346933981854,0.2930408842563636,0.0,0.0,0.0,0.0,0.0,0.0,0.0,0.0,0.0,0.0,0.0,0.0,0.0,0.0,0.0,0.0,0.0,0.0,0.0,0.0,0.0,0.0,0.0,0.0,0.0,0.0,0.0,0.0,0.0,0.0,0.0,0.0,0.0,0.0,0.0,0.0,0.29989919935294174,3.8000380364885626,5.021937276076945,-1.4986966848373413,3.524007797241211,0.3645543456077571,0.0,0.0,0.0,0.0,0.0,0.0,0.0,0.0,0.0,0.0,0.0,0.0,0.0,0.0,0.0,0.0,0.0,0.0,0.0,0.0,0.0,0.0,0.0,0.0,0.0,0.0,0.0,0.0,0.0,0.0,0.0,0.0,0.0,0.0,0.0,0.0
38384000000,3680,38384000000,map,base_link,9.115474700927734,-2.3734071254730225,0.616666853427887,0.5540386680915165,0.2702453713808978,-0.7308025402094938,0.29314890662909704,0.0,0.0,0.0,0.0,0.0,0.0,0.0,0.0,0.0,0.0,0.0,0.0,0.0,0.0,0.0,0.0,0.0,0.0,0.0,0.0,0.0,0.0,0.0,0.0,0.0,0.0,0.0,0.0,0.0,0.0,0.0,0.0,0.0,0.0,0.0,0.0,0.2666603423395407,3.780843062961561,5.087449156349865,-1.4963493347167969,3.881885528564453,0.4900013506412501,0.0,0.0,0.0,0.0,0.0,0.0,0.0,0.0,0.0,0.0,0.0,0.0,0.0,0.0,0.0,0.0,0.0,0.0,0.0,0.0,0.0,0.0,0.0,0.0,0.0,0.0,0.0,0.0,0.0,0.0,0.0,0.0,0.0,0.0,0.0,0.0
38392000000,3681,38392000000,map,base_link,9.111099243164062,-2.423414707183838,0.6211274266242981,0.5721998083351335,0.28304673904623295,-0.7113318973826434,0.29407291306242556,0.0,0.0,0.0,0.0,0.0,0.0,0.0,0.0,0.0,0.0,0.0,0.0,0.0,0.0,0.0,0.0,0.0,0.0,0.0,0.0,0.0,0.0,0.0,0.0,0.0,0.0,0.0,0.0,0.0,0.0,0.0,0.0,0.0,0.0,0.0,0.0,0.046701353104549925,3.695964485257463,5.201505603233144,-1.7110451459884644,4.6777496337890625,0.7737789154052729,0.0,0.0,0.0,0.0,0.0,0.0,0.0,0.0,0.0,0.0,0.0,0.0,0.0,0.0,0.0,0.0,0.0,0.0,0.0,0.0,0.0,0.0,0.0,0.0,0.0,0.0,0.0,0.0,0.0,0.0,0.0,0.0,0.0,0.0,0.0,0.0
38400000000,3682,38400000000,map,base_link,9.106321334838867,-2.473737955093384,0.6251721978187561,0.583323636599326,0.29370929112689786,-0.6962796561991597,0.2977636282928276,0.0,0.0,0.0,0.0,0.0,0.0,0.0,0.0,0.0,0.0,0.0,0.0,0.0,0.0,0.0,0.0,0.0,0.0,0.0,0.0,0.0,0.0,0.0,0.0,0.0,0.0,0.0,0.0,0.0,0.0,0.0,0.0,0.0,0.0,0.0,0.0,-0.04301964117489199,3.576916903778691,5.342709093807404,-2.6826562881469727,4.6376543045043945,1.0345509052276605,0.0,0.0,0.0,0.0,0.0,0.0,0.0,0.0,0.0,0.0,0.0,0.0,0.0,0.0,0.0,0.0,0.0,0.0,0.0,0.0,0.0,0.0,0.0,0.0,0.0,0.0,0.0,0.0,0.0,0.0,0.0,0.0,0.0,0.0,0.0,0.0
38409000000,3683,38409000000,map,base_link,9.101070404052734,-2.5243918895721436,0.6287068128585815,0.593276572728325,0.3051269988290446,-0.6808774697324901,0.30220257652484345,0.0,0.0,0.0,0.0,0.0,0.0,0.0,0.0,0.0,0.0,0.0,0.0,0.0,0.0,0.0,0.0,0.0,0.0,0.0,0.0,0.0,0.0,0.0,0.0,0.0,0.0,0.0,0.0,0.0,0.0,0.0,0.0,0.0,0.0,0.0,0.0,-0.13298275260406678,3.4390915702684794,5.4911027110185255,-3.1010489463806152,4.517102241516113,1.011555671691894,0.0,0.0,0.0,0.0,0.0,0.0,0.0,0.0,0.0,0.0,0.0,0.0,0.0,0.0,0.0,0.0,0.0,0.0,0.0,0.0,0.0,0.0,0.0,0.0,0.0,0.0,0.0,0.0,0.0,0.0,0.0,0.0,0.0,0.0,0.0,0.0
38417000000,3684,38417000000,map,base_link,9.095331192016602,-2.575535774230957,0.63150954246521,0.6028996676208779,0.3164174230486884,-0.665150878972832,0.30653940294291754,0.0,0.0,0.0,0.0,0.0,0.0,0.0,0.0,0.0,0.0,0.0,0.0,0.0,0.0,0.0,0.0,0.0,0.0,0.0,0.0,0.0,0.0,0.0,0.0,0.0,0.0,0.0,0.0,0.0,0.0,0.0,0.0,0.0,0.0,0.0,0.0,-0.227897995377411,3.2972330277277293,5.633885384696534,-3.0677809715270996,4.4950737953186035,1.0013632774353023,0.0,0.0,0.0,0.0,0.0,0.0,0.0,0.0,0.0,0.0,0.0,0.0,0.0,0.0,0.0,0.0,0.0,0.0,0.0,0.0,0.0,0.0,0.0,0.0,0.0,0.0,0.0,0.0,0.0,0.0,0.0,0.0,0.0,0.0,0.0,0.0
38425000000,3685,38425000000,map,base_link,9.089144706726074,-2.62713623046875,0.633765459060669,0.6124055310542977,0.32740622334696395,-0.6490561249547193,0.3106297229807634,0.0,0.0,0.0,0.0,0.0,0.0,0.0,0.0,0.0,0.0,0.0,0.0,0.0,0.0,0.0,0.0,0.0,0.0,0.0,0.0,0.0,0.0,0.0,0.0,0.0,0.0,0.0,0.0,0.0,0.0,0.0,0.0,0.0,0.0,0.0,0.0,-0.32948628344126274,3.1557038578795513,5.764942724587881,-2.977741241455078,4.5102386474609375,1.0227894783020015,0.0,0.0,0.0,0.0,0.0,0.0,0.0,0.0,0.0,0.0,0.0,0.0,0.0,0.0,0.0,0.0,0.0,0.0,0.0,0.0,0.0,0.0,0.0,0.0,0.0,0.0,0.0,0.0,0.0,0.0,0.0,0.0,0.0,0.0,0.0,0.0
38433000000,3686,38433000000,map,base_link,9.08256721496582,-2.679013252258301,0.6354416012763977,0.6216508426702232,0.3381192989622814,-0.6326567335155697,0.31459672133986644,0.0,0.0,0.0,0.0,0.0,0.0,0.0,0.0,0.0,0.0,0.0,0.0,0.0,0.0,0.0,0.0,0.0,0.0,0.0,0.0,0.0,0.0,0.0,0.0,0.0,0.0,0.0,0.0,0.0,0.0,0.0,0.0,0.0,0.0,0.0,0.0,-0.43592087843610905,3.0127757640934507,5.889937868492686,-2.971855640411377,4.519644260406494,1.040861845016479,0.0,0.0,0.0,0.0,0.0,0.0,0.0,0.0,0.0,0.0,0.0,0.0,0.0,0.0,0.0,0.0,0.0,0.0,0.0,0.0,0.0,0.0,0.0,0.0,0.0,0.0,0.0,0.0,0.0,0.0,0.0,0.0,0.0,0.0,0.0,0.0
38444000000,3687,38444000000,map,base_link,9.071695327758789,-2.758152723312378,0.6373953223228455,0.6305339337333338,0.3487915869649522,-0.6158012604919718,0.31868523959993844,0.0,0.0,0.0,0.0,0.0,0.0,0.0,0.0,0.0,0.0,0.0,0.0,0.0,0.0,0.0,0.0,0.0,0.0,0.0,0.0,0.0,0.0,0.0,0.0,0.0,0.0,0.0,0.0,0.0,0.0,0.0,0.0,0.0,0.0,0.0,0.0,-0.5063865695558825,2.860481603886845,6.054721842849783,-3.0762431621551514,4.516844749450684,1.0836373567581172,0.0,0.0,0.0,0.0,0.0,0.0,0.0,0.0,0.0,0.0,0.0,0.0,0.0,0.0,0.0,0.0,0.0,0.0,0.0,0.0,0.0,0.0,0.0,0.0,0.0,0.0,0.0,0.0,0.0,0.0,0.0,0.0,0.0,0.0,0.0,0.0
38453000000,3688,38453000000,map,base_link,9.063960075378418,-2.8113605976104736,0.6377348303794861,0.6429831434059361,0.36462965613892157,-0.5897972871634778,0.32520312328160267,0.0,0.0,0.0,0.0,0.0,0.0,0.0,0.0,0.0,0.0,0.0,0.0,0.0,0.0,0.0,0.0,0.0,0.0,0.0,0.0,0.0,0.0,0.0,0.0,0.0,0.0,0.0,0.0,0.0,0.0,0.0,0.0,0.0,0.0,0.0,0.0,-0.8270277483797699,2.5616962655087074,6.200352843231744,-3.164633274078369,4.453811168670654,1.1185144186019893,0.0,0.0,0.0,0.0,0.0,0.0,0.0,0.0,0.0,0.0,0.0,0.0,0.0,0.0,0.0,0.0,0.0,0.0,0.0,0.0,0.0,0.0,0.0,0.0,0.0,0.0,0.0,0.0,0.0,0.0,0.0,0.0,0.0,0.0,0.0,0.0
38461000000,3689,38461000000,map,base_link,9.054765701293945,-2.8641810417175293,0.6388732194900513,0.6495474729146593,0.376676447701942,-0.5741832495627681,0.3263687997442927,0.0,0.0,0.0,0.0,0.0,0.0,0.0,0.0,0.0,0.0,0.0,0.0,0.0,0.0,0.0,0.0,0.0,0.0,0.0,0.0,0.0,0.0,0.0,0.0,0.0,0.0,0.0,0.0,0.0,0.0,0.0,0.0,0.0,0.0,0.0,0.0,-1.1242363148168608,2.2082037619941794,6.248029003861662,-2.770906448364258,4.406796455383301,-0.044319607317448204,0.0,0.0,0.0,0.0,0.0,0.0,0.0,0.0,0.0,0.0,0.0,0.0,0.0,0.0,0.0,0.0,0.0,0.0,0.0,0.0,0.0,0.0,0.0,0.0,0.0,0.0,0.0,0.0,0.0,0.0,0.0,0.0,0.0,0.0,0.0,0.0
38469000000,3690,38469000000,map,base_link,9.044806480407715,-2.917084217071533,0.6399237513542175,0.6528297114260059,0.3838683753951288,-0.5671797604292735,0.3236750576787038,0.0,0.0,0.0,0.0,0.0,0.0,0.0,0.0,0.0,0.0,0.0,0.0,0.0,0.0,0.0,0.0,0.0,0.0,0.0,0.0,0.0,0.0,0.0,0.0,0.0,0.0,0.0,0.0,0.0,0.0,0.0,0.0,0.0,0.0,0.0,0.0,-1.2263615864837085,2.1801954609550243,6.291937511546229,-2.1503169536590576,4.765899181365967,-1.1011902093887336,0.0,0.0,0.0,0.0,0.0,0.0,0.0,0.0,0.0,0.0,0.0,0.0,0.0,0.0,0.0,0.0,0.0,0.0,0.0,0.0,0.0,0.0,0.0,0.0,0.0,0.0,0.0,0.0,0.0,0.0,0.0,0.0,0.0,0.0,0.0,0.0
38477000000,3691,38477000000,map,base_link,9.034969329833984,-2.970405101776123,0.6407226324081421,0.6643316917517501,0.4059979786008346,-0.542814856965944,0.3149305770636333,0.0,0.0,0.0,0.0,0.0,0.0,0.0,0.0,0.0,0.0,0.0,0.0,0.0,0.0,0.0,0.0,0.0,0.0,0.0,0.0,0.0,0.0,0.0,0.0,0.0,0.0,0.0,0.0,0.0,0.0,0.0,0.0,0.0,0.0,0.0,0.0,-1.633832342002588,2.0434551486694223,6.296009241509447,-2.215707778930664,5.725857257843018,-1.0901048183441169,0.0,0.0,0.0,0.0,0.0,0.0,0.0,0.0,0.0,0.0,0.0,0.0,0.0,0.0,0.0,0.0,0.0,0.0,0.0,0.0,0.0,0.0,0.0,0.0,0.0,0.0,0.0,0.0,0.0,0.0,0.0,0.0,0.0,0.0,0.0,0.0
38485000000,3692,38484000000,map,base_link,9.025262832641602,-3.0240652561187744,0.6412846446037292,0.6740261728689684,0.4224344592666736,-0.5202759551776368,0.31072612336001987,0.0,0.0,0.0,0.0,0.0,0.0,0.0,0.0,0.0,0.0,0.0,0.0,0.0,0.0,0.0,0.0,0.0,0.0,0.0,0.0,0.0,0.0,0.0,0.0,0.0,0.0,0.0,0.0,0.0,0.0,0.0,0.0,0.0,0.0,0.0,0.0,-1.9471930970485831,1.9027657199687753,6.277798473106841,-3.1382153034210205,6.933753967285156,-0.46869403123855674,0.0,0.0,0.0,0.0,0.0,0.0,0.0,0.0,0.0,0.0,0.0,0.0,0.0,0.0,0.0,0.0,0.0,0.0,0.0,0.0,0.0,0.0,0.0,0.0,0.0,0.0,0.0,0.0,0.0,0.0,0.0,0.0,0.0,0.0,0.0,0.0
38492000000,3693,38492000000,map,base_link,9.015327453613281,-3.0781893730163574,0.6411924362182617,0.6847212728533957,0.4394128957208022,-0.49461871343512986,0.30565586802087147,0.0,0.0,0.0,0.0,0.0,0.0,0.0,0.0,0.0,0.0,0.0,0.0,0.0,0.0,0.0,0.0,0.0,0.0,0.0,0.0,0.0,0.0,0.0,0.0,0.0,0.0,0.0,0.0,0.0,0.0,0.0,0.0,0.0,0.0,0.0,0.0,-2.2580955226398616,1.716783271055378,6.279905830355694,-3.307579755783081,7.5190324783325195,-0.3659228384494791,0.0,0.0,0.0,0.0,0.0,0.0,0.0,0.0,0.0,0.0,0.0,0.0,0.0,0.0,0.0,0.0,0.0,0.0,0.0,0.0,0.0,0.0,0.0,0.0,0.0,0.0,0.0,0.0,0.0,0.0,0.0,0.0,0.0,0.0,0.0,0.0
38500000000,3694,38500000000,map,base_link,9.00504207611084,-3.132355213165283,0.6404022574424744,0.6958136384951747,0.4565412169049476,-0.46750658355545105,0.298079202821053,0.0,0.0,0.0,0.0,0.0,0.0,0.0,0.0,0.0,0.0,0.0,0.0,0.0,0.0,0.0,0.0,0.0,0.0,0.0,0.0,0.0,0.0,0.0,0.0,0.0,0.0,0.0,0.0,0.0,0.0,0.0,0.0,0.0,0.0,0.0,0.0,-2.60239495866493,1.5351811631168966,6.246044005817111,-2.8855390548706055,8.158341407775879,-0.5884568095207224,0.0,0.0,0.0,0.0,0.0,0.0,0.0,0.0,0.0,0.0,0.0,0.0,0.0,0.0,0.0,0.0,0.0,0.0,0.0,0.0,0.0,0.0,0.0,0.0,0.0,0.0,0.0,0.0,0.0,0.0,0.0,0.0,0.0,0.0,0.0,0.0
38508000000,3695,38508000000,map,base_link,8.994507789611816,-3.1867642402648926,0.6387545466423035,0.7010648934752532,0.4647262086427481,-0.4541222775600057,0.29378653049515024,0.0,0.0,0.0,0.0,0.0,0.0,0.0,0.0,0.0,0.0,0.0,0.0,0.0,0.0,0.0,0.0,0.0,0.0,0.0,0.0,0.0,0.0,0.0,0.0,0.0,0.0,0.0,0.0,0.0,0.0,0.0,0.0,0.0,0.0,0.0,0.0,-2.725282625964059,1.4562652753348129,6.281000595354883,-2.7457163333892822,8.212010383605957,-0.655789852142335,0.0,0.0,0.0,0.0,0.0,0.0,0.0,0.0,0.0,0.0,0.0,0.0,0.0,0.0,0.0,0.0,0.0,0.0,0.0,0.0,0.0,0.0,0.0,0.0,0.0,0.0,0.0,0.0,0.0,0.0,0.0,0.0,0.0,0.0,0.0,0.0
38521000000,3696,38521000000,map,base_link,8.978012084960938,-3.269861936569214,0.634971559047699,0.7202804108913552,0.49583149953774297,-0.39965992498505404,0.27498969460379946,0.0,0.0,0.0,0.0,0.0,0.0,0.0,0.0,0.0,0.0,0.0,0.0,0.0,0.0,0.0,0.0,0.0,0.0,0.0,0.0,0.0,0.0,0.0,0.0,0.0,0.0,0.0,0.0,0.0,0.0,0.0,0.0,0.0,0.0,0.0,0.0,-3.4202039314024706,1.1610768995828993,6.100130141838311,-2.534623861312866,8.081250190734863,-0.6713754534721385,0.0,0.0,0.0,0.0,0.0,0.0,0.0,0.0,0.0,0.0,0.0,0.0,0.0,0.0,0.0,0.0,0.0,0.0,0.0,0.0,0.0,0.0,0.0,0.0,0.0,0.0,0.0,0.0,0.0,0.0,0.0,0.0,0.0,0.0,0.0,0.0
38529000000,3697,38529000000,map,base_link,8.967025756835938,-3.325199842453003,0.6307796239852905,0.7289324318575049,0.510375923880231,-0.3716338248903484,0.2646929718998531,0.0,0.0,0.0,0.0,0.0,0.0,0.0,0.0,0.0,0.0,0.0,0.0,0.0,0.0,0.0,0.0,0.0,0.0,0.0,0.0,0.0,0.0,0.0,0.0,0.0,0.0,0.0,0.0,0.0,0.0,0.0,0.0,0.0,0.0,0.0,0.0,-3.745938630544849,1.0437557442940404,5.935430421384985,-2.4820823669433594,8.135185241699219,-0.6481114029884348,0.0,0.0,0.0,0.0,0.0,0.0,0.0,0.0,0.0,0.0,0.0,0.0,0.0,0.0,0.0,0.0,0.0,0.0,0.0,0.0,0.0,0.0,0.0,0.0,0.0,0.0,0.0,0.0,0.0,0.0,0.0,0.0,0.0,0.0,0.0,0.0
38541000000,3698,38541000000,map,base_link,8.950797080993652,-3.4086339473724365,0.6238658428192139,0.7449914032012318,0.5291724805487104,-0.32658689388026824,0.24146512718907465,0.0,0.0,0.0,0.0,0.0,0.0,0.0,0.0,0.0,0.0,0.0,0.0,0.0,0.0,0.0,0.0,0.0,0.0,0.0,0.0,0.0,0.0,0.0,0.0,0.0,0.0,0.0,0.0,0.0,0.0,0.0,0.0,0.0,0.0,0.0,0.0,-4.279859679812153,0.9438675701888376,5.621802269648208,-1.1811124086380005,9.633463859558105,-0.26264011859893915,0.0,0.0,0.0,0.0,0.0,0.0,0.0,0.0,0.0,0.0,0.0,0.0,0.0,0.0,0.0,0.0,0.0,0.0,0.0,0.0,0.0,0.0,0.0,0.0,0.0,0.0,0.0,0.0,0.0,0.0,0.0,0.0,0.0,0.0,0.0,0.0
38552000000,3699,38552000000,map,base_link,8.940075874328613,-3.495027542114258,0.6120274066925049,0.7556992526073338,0.540089673351366,-0.29534999945079804,0.2235847587135251,0.0,0.0,0.0,0.0,0.0,0.0,0.0,0.0,0.0,0.0,0.0,0.0,0.0,0.0,0.0,0.0,0.0,0.0,0.0,0.0,0.0,0.0,0.0,0.0,0.0,0.0,0.0,0.0,0.0,0.0,0.0,0.0,0.0,0.0,0.0,0.0,-4.599525494950709,0.8921041601658877,5.473749721576528,-0.99276202917099,9.760275840759277,-0.1614088863134396,0.0,0.0,0.0,0.0,0.0,0.0,0.0,0.0,0.0,0.0,0.0,0.0,0.0,0.0,0.0,0.0,0.0,0.0,0.0,0.0,0.0,0.0,0.0,0.0,0.0,0.0,0.0,0.0,0.0,0.0,0.0,0.0,0.0,0.0,0.0,0.0
38560000000,3700,38560000000,map,base_link,8.934635162353516,-3.553846597671509,0.6015430688858032,0.7698830790506749,0.5545355267518992,-0.24774562664903527,0.1959404010650288,0.0,0.0,0.0,0.0,0.0,0.0,0.0,0.0,0.0,0.0,0.0,0.0,0.0,0.0,0.0,0.0,0.0,0.0,0.0,0.0,0.0,0.0,0.0,0.0,0.0,0.0,0.0,0.0,0.0,0.0,0.0,0.0,0.0,0.0,0.0,0.0,-5.144164395557416,0.8240867211336511,5.051123266078597,-0.947210967540741,9.70985221862793,-0.10493654757738233,0.0,0.0,0.0,0.0,0.0,0.0,0.0,0.0,0.0,0.0,0.0,0.0,0.0,0.0,0.0,0.0,0.0,0.0,0.0,0.0,0.0,0.0,0.0,0.0,0.0,0.0,0.0,0.0,0.0,0.0,0.0,0.0,0.0,0.0,0.0,0.0
38568000000,3701,38568000000,map,base_link,8.929072380065918,-3.6124868392944336,0.5900139808654785,0.7741796552284209,0.5589693330683967,-0.23141932311355973,0.18613001084604958,0.0,0.0,0.0,0.0,0.0,0.0,0.0,0.0,0.0,0.0,0.0,0.0,0.0,0.0,0.0,0.0,0.0,0.0,0.0,0.0,0.0,0.0,0.0,0.0,0.0,0.0,0.0,0.0,0.0,0.0,0.0,0.0,0.0,0.0,0.0,0.0,-5.279305746139226,0.8039094422708508,4.983520602238367,-0.8423179388046265,9.741171836853027,-0.09427108615636945,0.0,0.0,0.0,0.0,0.0,0.0,0.0,0.0,0.0,0.0,0.0,0.0,0.0,0.0,0.0,0.0,0.0,0.0,0.0,0.0,0.0,0.0,0.0,0.0,0.0,0.0,0.0,0.0,0.0,0.0,0.0,0.0,0.0,0.0,0.0,0.0
38576000000,3702,38576000000,map,base_link,8.923409461975098,-3.6708953380584717,0.5774487853050232,0.7851421137463772,0.5705464190781874,-0.18349363986090703,0.15607340334772357,0.0,0.0,0.0,0.0,0.0,0.0,0.0,0.0,0.0,0.0,0.0,0.0,0.0,0.0,0.0,0.0,0.0,0.0,0.0,0.0,0.0,0.0,0.0,0.0,0.0,0.0,0.0,0.0,0.0,0.0,0.0,0.0,0.0,0.0,0.0,0.0,-5.775419033369536,0.7545940610929152,4.482102179094271,-0.6306236982345581,9.791871070861816,-0.10813784599304319,0.0,0.0,0.0,0.0,0.0,0.0,0.0,0.0,0.0,0.0,0.0,0.0,0.0,0.0,0.0,0.0,0.0,0.0,0.0,0.0,0.0,0.0,0.0,0.0,0.0,0.0,0.0,0.0,0.0,0.0,0.0,0.0,0.0,0.0,0.0,0.0
38585000000,3703,38585000000,map,base_link,8.917583465576172,-3.729478597640991,0.5636714696884155,0.7908902063134142,0.577212174977852,-0.15152467245350432,0.13549566093362364,0.0,0.0,0.0,0.0,0.0,0.0,0.0,0.0,0.0,0.0,0.0,0.0,0.0,0.0,0.0,0.0,0.0,0.0,0.0,0.0,0.0,0.0,0.0,0.0,0.0,0.0,0.0,0.0,0.0,0.0,0.0,0.0,0.0,0.0,0.0,0.0,-6.0601980800257484,0.7240034784862455,4.169355422245227,-0.5769851207733154,9.783416748046875,-0.15312200784683347,0.0,0.0,0.0,0.0,0.0,0.0,0.0,0.0,0.0,0.0,0.0,0.0,0.0,0.0,0.0,0.0,0.0,0.0,0.0,0.0,0.0,0.0,0.0,0.0,0.0,0.0,0.0,0.0,0.0,0.0,0.0,0.0,0.0,0.0,0.0,0.0
38596000000,3704,38596000000,map,base_link,8.906196594238281,-3.816678524017334,0.5425705909729004,0.797511581581597,0.5855128071312544,-0.10210497281855739,0.10356035255920457,0.0,0.0,0.0,0.0,0.0,0.0,0.0,0.0,0.0,0.0,0.0,0.0,0.0,0.0,0.0,0.0,0.0,0.0,0.0,0.0,0.0,0.0,0.0,0.0,0.0,0.0,0.0,0.0,0.0,0.0,0.0,0.0,0.0,0.0,0.0,0.0,-6.429760403210827,0.7019536873703925,3.614198920321722,-0.5598393678665161,10.005520820617676,-0.08098026365041855,0.0,0.0,0.0,0.0,0.0,0.0,0.0,0.0,0.0,0.0,0.0,0.0,0.0,0.0,0.0,0.0,0.0,0.0,0.0,0.0,0.0,0.0,0.0,0.0,0.0,0.0,0.0,0.0,0.0,0.0,0.0,0.0,0.0,0.0,0.0,0.0
38609000000,3705,38609000000,map,base_link,8.894879341125488,-3.904141664505005,0.5187477469444275,0.8022252324354947,0.5908466277875657,-0.05083497483823835,0.0689254321827247,0.0,0.0,0.0,0.0,0.0,0.0,0.0,0.0,0.0,0.0,0.0,0.0,0.0,0.0,0.0,0.0,0.0,0.0,0.0,0.0,0.0,0.0,0.0,0.0,0.0,0.0,0.0,0.0,0.0,0.0,0.0,0.0,0.0,0.0,0.0,0.0,-6.7651417767437945,0.6946386345370241,3.0232510438219444,-0.3733657896518707,10.339561462402344,0.10166957229375713,0.0,0.0,0.0,0.0,0.0,0.0,0.0,0.0,0.0,0.0,0.0,0.0,0.0,0.0,0.0,0.0,0.0,0.0,0.0,0.0,0.0,0.0,0.0,0.0,0.0,0.0,0.0,0.0,0.0,0.0,0.0,0.0,0.0,0.0,0.0,0.0
38617000000,3706,38616000000,map,base_link,8.889108657836914,-3.962963581085205,0.5003052353858948,0.804022268688878,0.5927054934677144,-0.01668060838330427,0.04438827323244213,0.0,0.0,0.0,0.0,0.0,0.0,0.0,0.0,0.0,0.0,0.0,0.0,0.0,0.0,0.0,0.0,0.0,0.0,0.0,0.0,0.0,0.0,0.0,0.0,0.0,0.0,0.0,0.0,0.0,0.0,0.0,0.0,0.0,0.0,0.0,0.0,-6.952603314246259,0.7081274529749032,2.598376357824486,-0.10869798064231873,10.454376220703125,0.20549118518829218,0.0,0.0,0.0,0.0,0.0,0.0,0.0,0.0,0.0,0.0,0.0,0.0,0.0,0.0,0.0,0.0,0.0,0.0,0.0,0.0,0.0,0.0,0.0,0.0,0.0,0.0,0.0,0.0,0.0,0.0,0.0,0.0,0.0,0.0,0.0,0.0
38624000000,3707,38624000000,map,base_link,8.88973331451416,-4.015221118927002,0.48670491576194763,0.806389920587538,0.5910801318650281,0.00862232258447332,0.01689035810181947,0.0,0.0,0.0,0.0,0.0,0.0,0.0,0.0,0.0,0.0,0.0,0.0,0.0,0.0,0.0,0.0,0.0,0.0,0.0,0.0,0.0,0.0,0.0,0.0,0.0,0.0,0.0,0.0,0.0,0.0,0.0,0.0,0.0,0.0,0.0,0.0,-5.8319908101191,1.536131766207963,1.2629740348670055,3.8355910778045654,7.47432279586792,1.6423223018646231,0.0,0.0,0.0,0.0,0.0,0.0,0.0,0.0,0.0,0.0,0.0,0.0,0.0,0.0,0.0,0.0,0.0,0.0,0.0,0.0,0.0,0.0,0.0,0.0,0.0,0.0,0.0,0.0,0.0,0.0,0.0,0.0,0.0,0.0,0.0,0.0
38632000000,3708,38632000000,map,base_link,8.893783569335938,-4.059696197509766,0.47994884848594666,0.8107504651446116,0.585386482489555,0.0017675932506366378,-0.0018298473820159283,0.0,0.0,0.0,0.0,0.0,0.0,0.0,0.0,0.0,0.0,0.0,0.0,0.0,0.0,0.0,0.0,0.0,0.0,0.0,0.0,0.0,0.0,0.0,0.0,0.0,0.0,0.0,0.0,0.0,0.0,0.0,0.0,0.0,0.0,0.0,0.0,-4.323143144345055,1.5253489972833296,-0.12943923616225264,7.785472869873047,3.1963670253753667,2.9492073059082027,0.0,0.0,0.0,0.0,0.0,0.0,0.0,0.0,0.0,0.0,0.0,0.0,0.0,0.0,0.0,0.0,0.0,0.0,0.0,0.0,0.0,0.0,0.0,0.0,0.0,0.0,0.0,0.0,0.0,0.0,0.0,0.0,0.0,0.0,0.0,0.0
38640000000,3709,38640000000,map,base_link,8.898880958557129,-4.095547676086426,0.47983577847480774,0.811892665812681,0.5836762265972558,-0.009486856027921941,-0.0078957594838028,0.0,0.0,0.0,0.0,0.0,0.0,0.0,0.0,0.0,0.0,0.0,0.0,0.0,0.0,0.0,0.0,0.0,0.0,0.0,0.0,0.0,0.0,0.0,0.0,0.0,0.0,0.0,0.0,0.0,0.0,0.0,0.0,0.0,0.0,0.0,0.0,-3.8496512848700566,1.3364830127088998,-0.43950324804251756,0.0627644956111908,-1.188528060913086,-0.18435873091220842,0.0,0.0,0.0,0.0,0.0,0.0,0.0,0.0,0.0,0.0,0.0,0.0,0.0,0.0,0.0,0.0,0.0,0.0,0.0,0.0,0.0,0.0,0.0,0.0,0.0,0.0,0.0,0.0,0.0,0.0,0.0,0.0,0.0,0.0,0.0,0.0
38648000000,3710,38648000000,map,base_link,8.903843879699707,-4.129788875579834,0.4805094003677368,0.8118418577868011,0.583747686578906,-0.009431068500063011,-0.00790626812547087,0.0,0.0,0.0,0.0,0.0,0.0,0.0,0.0,0.0,0.0,0.0,0.0,0.0,0.0,0.0,0.0,0.0,0.0,0.0,0.0,0.0,0.0,0.0,0.0,0.0,0.0,0.0,0.0,0.0,0.0,0.0,0.0,0.0,0.0,0.0,0.0,-3.6717666349871103,1.2834288251079191,-0.4385960892592966,-0.4249779284000397,-0.42904406785964966,-0.20774328708648676,0.0,0.0,0.0,0.0,0.0,0.0,0.0,0.0,0.0,0.0,0.0,0.0,0.0,0.0,0.0,0.0,0.0,0.0,0.0,0.0,0.0,0.0,0.0,0.0,0.0,0.0,0.0,0.0,0.0,0.0,0.0,0.0,0.0,0.0,0.0,0.0
38656000000,3711,38656000000,map,base_link,8.908742904663086,-4.162306785583496,0.48124343156814575,0.8116830273881879,0.5839699058376796,-0.009276611330891093,-0.007989752635928476,0.0,0.0,0.0,0.0,0.0,0.0,0.0,0.0,0.0,0.0,0.0,0.0,0.0,0.0,0.0,0.0,0.0,0.0,0.0,0.0,0.0,0.0,0.0,0.0,0.0,0.0,0.0,0.0,0.0,0.0,0.0,0.0,0.0,0.0,0.0,0.0,-3.491758778103396,1.2282682026411775,-0.43856555957979954,-0.048953212797641754,0.07541092485189438,-0.0011653297115117405,0.0,0.0,0.0,0.0,0.0,0.0,0.0,0.0,0.0,0.0,0.0,0.0,0.0,0.0,0.0,0.0,0.0,0.0,0.0,0.0,0.0,0.0,0.0,0.0,0.0,0.0,0.0,0.0,0.0,0.0,0.0,0.0,0.0,0.0,0.0,0.0
38664000000,3712,38664000000,map,base_link,8.913576126098633,-4.193157196044922,0.4820390045642853,0.8115816852909434,0.5841110345599184,-0.009201005194177644,-0.008054376884426805,0.0,0.0,0.0,0.0,0.0,0.0,0.0,0.0,0.0,0.0,0.0,0.0,0.0,0.0,0.0,0.0,0.0,0.0,0.0,0.0,0.0,0.0,0.0,0.0,0.0,0.0,0.0,0.0,0.0,0.0,0.0,0.0,0.0,0.0,0.0,0.0,-3.318282659068735,1.1759457149524208,-0.43812335270436753,0.017506811767816544,0.004486283753067256,0.007024021353572606,0.0,0.0,0.0,0.0,0.0,0.0,0.0,0.0,0.0,0.0,0.0,0.0,0.0,0.0,0.0,0.0,0.0,0.0,0.0,0.0,0.0,0.0,0.0,0.0,0.0,0.0,0.0,0.0,0.0,0.0,0.0,0.0,0.0,0.0,0.0,0.0
38673000000,3713,38673000000,map,base_link,8.918351173400879,-4.222585678100586,0.4829166829586029,0.8114859065777024,0.5842439024998489,-0.00912835382319442,-0.008149306816115085,0.0,0.0,0.0,0.0,0.0,0.0,0.0,0.0,0.0,0.0,0.0,0.0,0.0,0.0,0.0,0.0,0.0,0.0,0.0,0.0,0.0,0.0,0.0,0.0,0.0,0.0,0.0,0.0,0.0,0.0,0.0,0.0,0.0,0.0,0.0,0.0,-3.148833399466611,1.1248424650430089,-0.43798514948436673,0.006105002015829086,-0.0028565791435539722,0.0014936479274183516,0.0,0.0,0.0,0.0,0.0,0.0,0.0,0.0,0.0,0.0,0.0,0.0,0.0,0.0,0.0,0.0,0.0,0.0,0.0,0.0,0.0,0.0,0.0,0.0,0.0,0.0,0.0,0.0,0.0,0.0,0.0,0.0,0.0,0.0,0.0,0.0
38681000000,3714,38681000000,map,base_link,8.923101425170898,-4.250669956207275,0.4837358891963959,0.8113891900970821,0.58437796108825,-0.009061352187863242,-0.008244827379908962,0.0,0.0,0.0,0.0,0.0,0.0,0.0,0.0,0.0,0.0,0.0,0.0,0.0,0.0,0.0,0.0,0.0,0.0,0.0,0.0,0.0,0.0,0.0,0.0,0.0,0.0,0.0,0.0,0.0,0.0,0.0,0.0,0.0,0.0,0.0,0.0,-2.978633129974503,1.0734435870839496,-0.43783355423847387,-0.0031986329704523087,0.002178358845412731,-0.00033448298927396563,0.0,0.0,0.0,0.0,0.0,0.0,0.0,0.0,0.0,0.0,0.0,0.0,0.0,0.0,0.0,0.0,0.0,0.0,0.0,0.0,0.0,0.0,0.0,0.0,0.0,0.0,0.0,0.0,0.0,0.0,0.0,0.0,0.0,0.0,0.0,0.0
38689000000,3715,38689000000,map,base_link,8.927827835083008,-4.277294158935547,0.4846096634864807,0.811312956984838,0.5844830226448756,-0.009011405579358832,-0.008351205984391426,0.0,0.0,0.0,0.0,0.0,0.0,0.0,0.0,0.0,0.0,0.0,0.0,0.0,0.0,0.0,0.0,0.0,0.0,0.0,0.0,0.0,0.0,0.0,0.0,0.0,0.0,0.0,0.0,0.0,0.0,0.0,0.0,0.0,0.0,0.0,0.0,-2.814748550553855,1.024118448916566,-0.4377964755888972,-0.005065362900495529,-0.00024024909362196865,0.004570768214762211,0.0,0.0,0.0,0.0,0.0,0.0,0.0,0.0,0.0,0.0,0.0,0.0,0.0,0.0,0.0,0.0,0.0,0.0,0.0,0.0,0.0,0.0,0.0,0.0,0.0,0.0,0.0,0.0,0.0,0.0,0.0,0.0,0.0,0.0,0.0,0.0
38697000000,3716,38697000000,map,base_link,8.93249225616455,-4.302483558654785,0.48555564880371094,0.8112417182741424,0.5845804766953449,-0.008988065671281582,-0.008482522167086538,0.0,0.0,0.0,0.0,0.0,0.0,0.0,0.0,0.0,0.0,0.0,0.0,0.0,0.0,0.0,0.0,0.0,0.0,0.0,0.0,0.0,0.0,0.0,0.0,0.0,0.0,0.0,0.0,0.0,0.0,0.0,0.0,0.0,0.0,0.0,0.0,-2.649799023480908,0.9744373110520954,-0.4376887518325551,-0.002605825662612915,-0.0005925209261476988,0.004571778234094381,0.0,0.0,0.0,0.0,0.0,0.0,0.0,0.0,0.0,0.0,0.0,0.0,0.0,0.0,0.0,0.0,0.0,0.0,0.0,0.0,0.0,0.0,0.0,0.0,0.0,0.0,0.0,0.0,0.0,0.0,0.0,0.0,0.0,0.0,0.0,0.0
38705000000,3717,38705000000,map,base_link,8.937016487121582,-4.326271057128906,0.4865012466907501,0.8111783083405577,0.5846661401649432,-0.008984178385948541,-0.008632250719157434,0.0,0.0,0.0,0.0,0.0,0.0,0.0,0.0,0.0,0.0,0.0,0.0,0.0,0.0,0.0,0.0,0.0,0.0,0.0,0.0,0.0,0.0,0.0,0.0,0.0,0.0,0.0,0.0,0.0,0.0,0.0,0.0,0.0,0.0,0.0,0.0,-2.4751986009523503,0.9213839053318117,-0.43726426591778367,0.0010846329387277365,-0.0012012431398034094,0.0017550545744597914,0.0,0.0,0.0,0.0,0.0,0.0,0.0,0.0,0.0,0.0,0.0,0.0,0.0,0.0,0.0,0.0,0.0,0.0,0.0,0.0,0.0,0.0,0.0,0.0,0.0,0.0,0.0,0.0,0.0,0.0,0.0,0.0,0.0,0.0,0.0,0.0
38713000000,3718,38712000000,map,base_link,8.941481590270996,-4.348559379577637,0.487498015165329,0.8111168371620047,0.58474902194254,-0.009001289996154205,-0.008785466377585436,0.0,0.0,0.0,0.0,0.0,0.0,0.0,0.0,0.0,0.0,0.0,0.0,0.0,0.0,0.0,0.0,0.0,0.0,0.0,0.0,0.0,0.0,0.0,0.0,0.0,0.0,0.0,0.0,0.0,0.0,0.0,0.0,0.0,0.0,0.0,0.0,-2.3012225579305667,0.8681842094771548,-0.436444932491426,0.0005552319344133139,-0.0029144545551389456,0.0011463074479252104,0.0,0.0,0.0,0.0,0.0,0.0,0.0,0.0,0.0,0.0,0.0,0.0,0.0,0.0,0.0,0.0,0.0,0.0,0.0,0.0,0.0,0.0,0.0,0.0,0.0,0.0,0.0,0.0,0.0,0.0,0.0,0.0,0.0,0.0,0.0,0.0
38720000000,3719,38720000000,map,base_link,8.945890426635742,-4.369460582733154,0.4885530471801758,0.8110643748723207,0.5848191016149015,-0.009021268618461966,-0.008939118283163383,0.0,0.0,0.0,0.0,0.0,0.0,0.0,0.0,0.0,0.0,0.0,0.0,0.0,0.0,0.0,0.0,0.0,0.0,0.0,0.0,0.0,0.0,0.0,0.0,0.0,0.0,0.0,0.0,0.0,0.0,0.0,0.0,0.0,0.0,0.0,0.0,-2.1296008309395074,0.8157469252097187,-0.4360575345451842,-6.82915560901165e-06,-0.0009688287973403928,0.0020816726610064507,0.0,0.0,0.0,0.0,0.0,0.0,0.0,0.0,0.0,0.0,0.0,0.0,0.0,0.0,0.0,0.0,0.0,0.0,0.0,0.0,0.0,0.0,0.0,0.0,0.0,0.0,0.0,0.0,0.0,0.0,0.0,0.0,0.0,0.0,0.0,0.0
38728000000,3720,38728000000,map,base_link,8.950237274169922,-4.388903617858887,0.4896782636642456,0.8110404565357907,0.5848506063841633,-0.009046116956176463,-0.009024495808106018,0.0,0.0,0.0,0.0,0.0,0.0,0.0,0.0,0.0,0.0,0.0,0.0,0.0,0.0,0.0,0.0,0.0,0.0,0.0,0.0,0.0,0.0,0.0,0.0,0.0,0.0,0.0,0.0,0.0,0.0,0.0,0.0,0.0,0.0,0.0,0.0,-1.9603954821707432,0.7639827107588457,-0.43530554299984514,0.003064354881644249,-0.0014004795812070365,0.0028441171161830425,0.0,0.0,0.0,0.0,0.0,0.0,0.0,0.0,0.0,0.0,0.0,0.0,0.0,0.0,0.0,0.0,0.0,0.0,0.0,0.0,0.0,0.0,0.0,0.0,0.0,0.0,0.0,0.0,0.0,0.0,0.0,0.0,0.0,0.0,0.0,0.0
38736000000,3721,38736000000,map,base_link,8.954521179199219,-4.406850814819336,0.49086427688598633,0.8109588813104979,0.5849593241798972,-0.009097911023835075,-0.009256302615721147,0.0,0.0,0.0,0.0,0.0,0.0,0.0,0.0,0.0,0.0,0.0,0.0,0.0,0.0,0.0,0.0,0.0,0.0,0.0,0.0,0.0,0.0,0.0,0.0,0.0,0.0,0.0,0.0,0.0,0.0,0.0,0.0,0.0,0.0,0.0,0.0,-1.7906256717831972,0.7118769459685623,-0.43512815340292205,0.0013995264889672399,-0.0005685011856257918,-0.001994179096072912,0.0,0.0,0.0,0.0,0.0,0.0,0.0,0.0,0.0,0.0,0.0,0.0,0.0,0.0,0.0,0.0,0.0,0.0,0.0,0.0,0.0,0.0,0.0,0.0,0.0,0.0,0.0,0.0,0.0,0.0,0.0,0.0,0.0,0.0,0.0,0.0
38744000000,3722,38744000000,map,base_link,8.958757400512695,-4.423470973968506,0.492147833108902,0.8109151434184557,0.585016886238251,-0.009135351331920602,-0.009402860960255008,0.0,0.0,0.0,0.0,0.0,0.0,0.0,0.0,0.0,0.0,0.0,0.0,0.0,0.0,0.0,0.0,0.0,0.0,0.0,0.0,0.0,0.0,0.0,0.0,0.0,0.0,0.0,0.0,0.0,0.0,0.0,0.0,0.0,0.0,0.0,0.0,-1.6195839294740004,0.6598131639384445,-0.4345413556768426,0.00021180527983233333,-0.00023303879424929627,-0.000618782127276063,0.0,0.0,0.0,0.0,0.0,0.0,0.0,0.0,0.0,0.0,0.0,0.0,0.0,0.0,0.0,0.0,0.0,0.0,0.0,0.0,0.0,0.0,0.0,0.0,0.0,0.0,0.0,0.0,0.0,0.0,0.0,0.0,0.0,0.0,0.0,0.0
38752000000,3723,38752000000,map,base_link,8.962915420532227,-4.438392162322998,0.49344146251678467,0.8108977051598844,0.5850396349997347,-0.009153790619303149,-0.009474269534274576,0.0,0.0,0.0,0.0,0.0,0.0,0.0,0.0,0.0,0.0,0.0,0.0,0.0,0.0,0.0,0.0,0.0,0.0,0.0,0.0,0.0,0.0,0.0,0.0,0.0,0.0,0.0,0.0,0.0,0.0,0.0,0.0,0.0,0.0,0.0,0.0,-1.4495011500373505,0.6080806337299204,-0.43398469751346647,-0.0008757839677855372,0.0006346669979393485,0.00277100782841444,0.0,0.0,0.0,0.0,0.0,0.0,0.0,0.0,0.0,0.0,0.0,0.0,0.0,0.0,0.0,0.0,0.0,0.0,0.0,0.0,0.0,0.0,0.0,0.0,0.0,0.0,0.0,0.0,0.0,0.0,0.0,0.0,0.0,0.0,0.0,0.0
38760000000,3724,38760000000,map,base_link,8.967032432556152,-4.451997756958008,0.4948384165763855,0.8108547575212518,0.5850945523433444,-0.00922371874410974,-0.009691062468620549,0.0,0.0,0.0,0.0,0.0,0.0,0.0,0.0,0.0,0.0,0.0,0.0,0.0,0.0,0.0,0.0,0.0,0.0,0.0,0.0,0.0,0.0,0.0,0.0,0.0,0.0,0.0,0.0,0.0,0.0,0.0,0.0,0.0,0.0,0.0,0.0,-1.2775725567950111,0.5556618438294936,-0.4334308264114421,0.00013828574446961284,-0.0006714449264109135,0.0004278221749700607,0.0,0.0,0.0,0.0,0.0,0.0,0.0,0.0,0.0,0.0,0.0,0.0,0.0,0.0,0.0,0.0,0.0,0.0,0.0,0.0,0.0,0.0,0.0,0.0,0.0,0.0,0.0,0.0,0.0,0.0,0.0,0.0,0.0,0.0,0.0,0.0
38768000000,3725,38768000000,map,base_link,8.97109603881836,-4.464127063751221,0.49628621339797974,0.8108409649650765,0.5851121381158855,-0.009246407742679394,-0.009765197951970577,0.0,0.0,0.0,0.0,0.0,0.0,0.0,0.0,0.0,0.0,0.0,0.0,0.0,0.0,0.0,0.0,0.0,0.0,0.0,0.0,0.0,0.0,0.0,0.0,0.0,0.0,0.0,0.0,0.0,0.0,0.0,0.0,0.0,0.0,0.0,0.0,-1.1117795660090055,0.5052884810435582,-0.43264185357305235,0.0008580670692026615,0.0008028787560760975,-5.9292535297572714e-05,0.0,0.0,0.0,0.0,0.0,0.0,0.0,0.0,0.0,0.0,0.0,0.0,0.0,0.0,0.0,0.0,0.0,0.0,0.0,0.0,0.0,0.0,0.0,0.0,0.0,0.0,0.0,0.0,0.0,0.0,0.0,0.0,0.0,0.0,0.0,0.0
38777000000,3726,38777000000,map,base_link,8.975114822387695,-4.474887847900391,0.4978155195713043,0.8108067101139493,0.585154990924109,-0.009323254001019438,-0.009966938411020497,0.0,0.0,0.0,0.0,0.0,0.0,0.0,0.0,0.0,0.0,0.0,0.0,0.0,0.0,0.0,0.0,0.0,0.0,0.0,0.0,0.0,0.0,0.0,0.0,0.0,0.0,0.0,0.0,0.0,0.0,0.0,0.0,0.0,0.0,0.0,0.0,-0.944132382754787,0.4539268022280545,-0.43249685933777837,0.0011371076107025146,-0.0003384160809218885,-0.0013183560222387314,0.0,0.0,0.0,0.0,0.0,0.0,0.0,0.0,0.0,0.0,0.0,0.0,0.0,0.0,0.0,0.0,0.0,0.0,0.0,0.0,0.0,0.0,0.0,0.0,0.0,0.0,0.0,0.0,0.0,0.0,0.0,0.0,0.0,0.0,0.0,0.0
38785000000,3727,38785000000,map,base_link,8.979081153869629,-4.4842023849487305,0.4992036521434784,0.8107968898982463,0.5851658226641763,-0.009372392307878846,-0.010083579464422626,0.0,0.0,0.0,0.0,0.0,0.0,0.0,0.0,0.0,0.0,0.0,0.0,0.0,0.0,0.0,0.0,0.0,0.0,0.0,0.0,0.0,0.0,0.0,0.0,0.0,0.0,0.0,0.0,0.0,0.0,0.0,0.0,0.0,0.0,0.0,0.0,-0.7822877558624308,0.4049625805318899,-0.43182557496475293,-0.0022219852544367313,-0.0020086374133825298,0.003734283614903689,0.0,0.0,0.0,0.0,0.0,0.0,0.0,0.0,0.0,0.0,0.0,0.0,0.0,0.0,0.0,0.0,0.0,0.0,0.0,0.0,0.0,0.0,0.0,0.0,0.0,0.0,0.0,0.0,0.0,0.0,0.0,0.0,0.0,0.0,0.0,0.0
38793000000,3728,38793000000,map,base_link,8.983000755310059,-4.492157936096191,0.5006519556045532,0.8107896722504389,0.5851728717245898,-0.00943419242941372,-0.010191290016331516,0.0,0.0,0.0,0.0,0.0,0.0,0.0,0.0,0.0,0.0,0.0,0.0,0.0,0.0,0.0,0.0,0.0,0.0,0.0,0.0,0.0,0.0,0.0,0.0,0.0,0.0,0.0,0.0,0.0,0.0,0.0,0.0,0.0,0.0,0.0,0.0,-0.6269093531663239,0.3577689498966157,-0.4314499896871149,-0.0009723659604787827,-0.0037837089039385314,0.00346163590438664,0.0,0.0,0.0,0.0,0.0,0.0,0.0,0.0,0.0,0.0,0.0,0.0,0.0,0.0,0.0,0.0,0.0,0.0,0.0,0.0,0.0,0.0,0.0,0.0,0.0,0.0,0.0,0.0,0.0,0.0,0.0,0.0,0.0,0.0,0.0,0.0
38804000000,3729,38804000000,map,base_link,8.987509727478027,-4.500777244567871,0.5038707852363586,0.8107830762686468,0.5851776975387442,-0.009510016914790597,-0.010359281098323115,0.0,0.0,0.0,0.0,0.0,0.0,0.0,0.0,0.0,0.0,0.0,0.0,0.0,0.0,0.0,0.0,0.0,0.0,0.0,0.0,0.0,0.0,0.0,0.0,0.0,0.0,0.0,0.0,0.0,0.0,0.0,0.0,0.0,0.0,0.0,0.0,-0.384254708177417,0.2835269418853447,-0.4309797524136561,0.0013393169501796365,-0.0010323347523808475,0.0034478723537176847,0.0,0.0,0.0,0.0,0.0,0.0,0.0,0.0,0.0,0.0,0.0,0.0,0.0,0.0,0.0,0.0,0.0,0.0,0.0,0.0,0.0,0.0,0.0,0.0,0.0,0.0,0.0,0.0,0.0,0.0,0.0,0.0,0.0,0.0,0.0,0.0
38817000000,3730,38817000000,map,base_link,8.99201488494873,-4.5063090324401855,0.5071514844894409,0.8107748470964751,0.5851858424172189,-0.00957570216080935,-0.010484226048119136,0.0,0.0,0.0,0.0,0.0,0.0,0.0,0.0,0.0,0.0,0.0,0.0,0.0,0.0,0.0,0.0,0.0,0.0,0.0,0.0,0.0,0.0,0.0,0.0,0.0,0.0,0.0,0.0,0.0,0.0,0.0,0.0,0.0,0.0,0.0,0.0,-0.14001756313516814,0.2087503459030781,-0.4304776086846788,-0.0029338509775698185,-0.0010361350141465664,0.000540503184311092,0.0,0.0,0.0,0.0,0.0,0.0,0.0,0.0,0.0,0.0,0.0,0.0,0.0,0.0,0.0,0.0,0.0,0.0,0.0,0.0,0.0,0.0,0.0,0.0,0.0,0.0,0.0,0.0,0.0,0.0,0.0,0.0,0.0,0.0,0.0,0.0
38829000000,3731,38829000000,map,base_link,8.9965181350708,-4.508738994598389,0.5105037689208984,0.8107685461426227,0.5851911318467071,-0.009648153910488594,-0.01061057176324267,0.0,0.0,0.0,0.0,0.0,0.0,0.0,0.0,0.0,0.0,0.0,0.0,0.0,0.0,0.0,0.0,0.0,0.0,0.0,0.0,0.0,0.0,0.0,0.0,0.0,0.0,0.0,0.0,0.0,0.0,0.0,0.0,0.0,0.0,0.0,0.0,0.10666268056255815,0.1327586450630637,-0.4298226782622013,0.0005268781678751111,-0.0007014786824584007,0.0002669843379408122,0.0,0.0,0.0,0.0,0.0,0.0,0.0,0.0,0.0,0.0,0.0,0.0,0.0,0.0,0.0,0.0,0.0,0.0,0.0,0.0,0.0,0.0,0.0,0.0,0.0,0.0,0.0,0.0,0.0,0.0,0.0,0.0,0.0,0.0,0.0,0.0
38840000000,3732,38840000000,map,base_link,9.000999450683594,-4.50886869430542,0.5139267444610596,0.8107742359671717,0.5851801315192457,-0.009716411760627779,-0.010728510787290516,0.0,0.0,0.0,0.0,0.0,0.0,0.0,0.0,0.0,0.0,0.0,0.0,0.0,0.0,0.0,0.0,0.0,0.0,0.0,0.0,0.0,0.0,0.0,0.0,0.0,0.0,0.0,0.0,0.0,0.0,0.0,0.0,0.0,0.0,0.0,0.0,0.17583990942592376,0.11278648991720287,-0.4295533046525964,0.0017390856519341469,0.00020132539793849032,0.003422833513468504,0.0,0.0,0.0,0.0,0.0,0.0,0.0,0.0,0.0,0.0,0.0,0.0,0.0,0.0,0.0,0.0,0.0,0.0,0.0,0.0,0.0,0.0,0.0,0.0,0.0,0.0,0.0,0.0,0.0,0.0,0.0,0.0,0.0,0.0,0.0,0.0
38853000000,3733,38853000000,map,base_link,9.005436897277832,-4.508867263793945,0.5171828866004944,0.8107846462387539,0.5851626405771138,-0.009787231842811401,-0.010825643262244777,0.0,0.0,0.0,0.0,0.0,0.0,0.0,0.0,0.0,0.0,0.0,0.0,0.0,0.0,0.0,0.0,0.0,0.0,0.0,0.0,0.0,0.0,0.0,0.0,0.0,0.0,0.0,0.0,0.0,0.0,0.0,0.0,0.0,0.0,0.0,0.0,0.1729031905991289,0.11564005686859401,-0.4290903727909152,0.000745603465475142,-0.0019251911435276268,0.0014636325649917128,0.0,0.0,0.0,0.0,0.0,0.0,0.0,0.0,0.0,0.0,0.0,0.0,0.0,0.0,0.0,0.0,0.0,0.0,0.0,0.0,0.0,0.0,0.0,0.0,0.0,0.0,0.0,0.0,0.0,0.0,0.0,0.0,0.0,0.0,0.0,0.0
38865000000,3734,38865000000,map,base_link,9.0098295211792,-4.508885383605957,0.520496666431427,0.8108036333940081,0.585133622471914,-0.009852816002248178,-0.01091663201084794,0.0,0.0,0.0,0.0,0.0,0.0,0.0,0.0,0.0,0.0,0.0,0.0,0.0,0.0,0.0,0.0,0.0,0.0,0.0,0.0,0.0,0.0,0.0,0.0,0.0,0.0,0.0,0.0,0.0,0.0,0.0,0.0,0.0,0.0,0.0,0.0,0.16993487358374804,0.11844394457847202,-0.42862857889582073,-0.0005181743763387203,0.0005643675103783611,0.002704115817323327,0.0,0.0,0.0,0.0,0.0,0.0,0.0,0.0,0.0,0.0,0.0,0.0,0.0,0.0,0.0,0.0,0.0,0.0,0.0,0.0,0.0,0.0,0.0,0.0,0.0,0.0,0.0,0.0,0.0,0.0,0.0,0.0,0.0,0.0,0.0,0.0
38876000000,3735,38876000000,map,base_link,9.014169692993164,-4.508925437927246,0.5238485336303711,0.8108147074784543,0.5851161420664941,-0.00989822700893095,-0.010990201557511419,0.0,0.0,0.0,0.0,0.0,0.0,0.0,0.0,0.0,0.0,0.0,0.0,0.0,0.0,0.0,0.0,0.0,0.0,0.0,0.0,0.0,0.0,0.0,0.0,0.0,0.0,0.0,0.0,0.0,0.0,0.0,0.0,0.0,0.0,0.0,0.0,0.16710099398333117,0.12080508691177183,-0.4283274006000037,-0.0007873781723901629,-0.00046770740300416936,0.0009396742098033429,0.0,0.0,0.0,0.0,0.0,0.0,0.0,0.0,0.0,0.0,0.0,0.0,0.0,0.0,0.0,0.0,0.0,0.0,0.0,0.0,0.0,0.0,0.0,0.0,0.0,0.0,0.0,0.0,0.0,0.0,0.0,0.0,0.0,0.0,0.0,0.0
38889000000,3736,38888000000,map,base_link,9.018471717834473,-4.508982181549072,0.527266800403595,0.8108173521931983,0.5851107999534453,-0.009936111057682639,-0.011036096223976274,0.0,0.0,0.0,0.0,0.0,0.0,0.0,0.0,0.0,0.0,0.0,0.0,0.0,0.0,0.0,0.0,0.0,0.0,0.0,0.0,0.0,0.0,0.0,0.0,0.0,0.0,0.0,0.0,0.0,0.0,0.0,0.0,0.0,0.0,0.0,0.0,0.16394323675813663,0.1235319360135571,-0.4282965836481583,0.0021059298887848854,-0.0013648369349539282,-0.0012347514275461433,0.0,0.0,0.0,0.0,0.0,0.0,0.0,0.0,0.0,0.0,0.0,0.0,0.0,0.0,0.0,0.0,0.0,0.0,0.0,0.0,0.0,0.0,0.0,0.0,0.0,0.0,0.0,0.0,0.0,0.0,0.0,0.0,0.0,0.0,0.0,0.0
38901000000,3737,38901000000,map,base_link,9.02274227142334,-4.509054660797119,0.5307588577270508,0.810848835889036,0.5850645648606289,-0.01000245637109355,-0.01112374627540106,0.0,0.0,0.0,0.0,0.0,0.0,0.0,0.0,0.0,0.0,0.0,0.0,0.0,0.0,0.0,0.0,0.0,0.0,0.0,0.0,0.0,0.0,0.0,0.0,0.0,0.0,0.0,0.0,0.0,0.0,0.0,0.0,0.0,0.0,0.0,0.0,0.16112807298542453,0.12652732556965166,-0.4278518865915233,0.0002938988618552685,0.0006366651505231863,0.0044977106153965,0.0,0.0,0.0,0.0,0.0,0.0,0.0,0.0,0.0,0.0,0.0,0.0,0.0,0.0,0.0,0.0,0.0,0.0,0.0,0.0,0.0,0.0,0.0,0.0,0.0,0.0,0.0,0.0,0.0,0.0,0.0,0.0,0.0,0.0,0.0,0.0
38909000000,3738,38909000000,map,base_link,9.026240348815918,-4.509581089019775,0.5326038002967834,0.8108552211365854,0.5850539649282284,-0.01004687486888473,-0.011165811793665218,0.0,0.0,0.0,0.0,0.0,0.0,0.0,0.0,0.0,0.0,0.0,0.0,0.0,0.0,0.0,0.0,0.0,0.0,0.0,0.0,0.0,0.0,0.0,0.0,0.0,0.0,0.0,0.0,0.0,0.0,0.0,0.0,0.0,0.0,0.0,0.0,0.15905355401383062,0.1286012967559629,-0.4275801944479338,0.0014160893624648452,-0.0018850574269890785,0.0005401127855293455,0.0,0.0,0.0,0.0,0.0,0.0,0.0,0.0,0.0,0.0,0.0,0.0,0.0,0.0,0.0,0.0,0.0,0.0,0.0,0.0,0.0,0.0,0.0,0.0,0.0,0.0,0.0,0.0,0.0,0.0,0.0,0.0,0.0,0.0,0.0,0.0
38917000000,3739,38917000000,map,base_link,9.029699325561523,-4.510124206542969,0.5342801213264465,0.8108613324296194,0.5850446504747074,-0.010070959611380024,-0.011188167609872866,0.0,0.0,0.0,0.0,0.0,0.0,0.0,0.0,0.0,0.0,0.0,0.0,0.0,0.0,0.0,0.0,0.0,0.0,0.0,0.0,0.0,0.0,0.0,0.0,0.0,0.0,0.0,0.0,0.0,0.0,0.0,0.0,0.0,0.0,0.0,0.0,0.15689241716698774,0.13119857875023194,-0.427174699091826,0.00035906414268538356,-0.001590282190591097,-0.001172441057860851,0.0,0.0,0.0,0.0,0.0,0.0,0.0,0.0,0.0,0.0,0.0,0.0,0.0,0.0,0.0,0.0,0.0,0.0,0.0,0.0,0.0,0.0,0.0,0.0,0.0,0.0,0.0,0.0,0.0,0.0,0.0,0.0,0.0,0.0,0.0,0.0
38924000000,3740,38924000000,map,base_link,9.03312873840332,-4.510676383972168,0.5360121726989746,0.8108669379604714,0.5850361789581567,-0.010084510605197881,-0.011222665340446445,0.0,0.0,0.0,0.0,0.0,0.0,0.0,0.0,0.0,0.0,0.0,0.0,0.0,0.0,0.0,0.0,0.0,0.0,0.0,0.0,0.0,0.0,0.0,0.0,0.0,0.0,0.0,0.0,0.0,0.0,0.0,0.0,0.0,0.0,0.0,0.0,0.15509708053647187,0.13336567101269953,-0.4269636781408347,0.001171962358057499,0.002921751234680414,3.5719131119548915e-05,0.0,0.0,0.0,0.0,0.0,0.0,0.0,0.0,0.0,0.0,0.0,0.0,0.0,0.0,0.0,0.0,0.0,0.0,0.0,0.0,0.0,0.0,0.0,0.0,0.0,0.0,0.0,0.0,0.0,0.0,0.0,0.0,0.0,0.0,0.0,0.0
38932000000,3741,38932000000,map,base_link,9.036534309387207,-4.511232376098633,0.5377993583679199,0.8108739238006121,0.5850260742512263,-0.01009650097200891,-0.011232293672743471,0.0,0.0,0.0,0.0,0.0,0.0,0.0,0.0,0.0,0.0,0.0,0.0,0.0,0.0,0.0,0.0,0.0,0.0,0.0,0.0,0.0,0.0,0.0,0.0,0.0,0.0,0.0,0.0,0.0,0.0,0.0,0.0,0.0,0.0,0.0,0.0,0.15297040335764325,0.13555830400708388,-0.42668879963564105,0.0014304534997791052,0.0017957095988094807,0.0005924543365836141,0.0,0.0,0.0,0.0,0.0,0.0,0.0,0.0,0.0,0.0,0.0,0.0,0.0,0.0,0.0,0.0,0.0,0.0,0.0,0.0,0.0,0.0,0.0,0.0,0.0,0.0,0.0,0.0,0.0,0.0,0.0,0.0,0.0,0.0,0.0,0.0
38940000000,3742,38940000000,map,base_link,9.039909362792969,-4.511807441711426,0.5396259427070618,0.8108930479331239,0.5849982678679213,-0.010121241460198029,-0.01127050740533947,0.0,0.0,0.0,0.0,0.0,0.0,0.0,0.0,0.0,0.0,0.0,0.0,0.0,0.0,0.0,0.0,0.0,0.0,0.0,0.0,0.0,0.0,0.0,0.0,0.0,0.0,0.0,0.0,0.0,0.0,0.0,0.0,0.0,0.0,0.0,0.0,0.15101859732895911,0.13754693655162215,-0.42661660128886786,0.0015220516361296177,0.0007109260186553001,0.00020319118630141012,0.0,0.0,0.0,0.0,0.0,0.0,0.0,0.0,0.0,0.0,0.0,0.0,0.0,0.0,0.0,0.0,0.0,0.0,0.0,0.0,0.0,0.0,0.0,0.0,0.0,0.0,0.0,0.0,0.0,0.0,0.0,0.0,0.0,0.0,0.0,0.0
38948000000,3743,38948000000,map,base_link,9.04096508026123,-4.5148024559021,0.5377745032310486,0.8108990538590367,0.5849896488374007,-0.010127150703545253,-0.011281570171051978,0.0,0.0,0.0,0.0,0.0,0.0,0.0,0.0,0.0,0.0,0.0,0.0,0.0,0.0,0.0,0.0,0.0,0.0,0.0,0.0,0.0,0.0,0.0,0.0,0.0,0.0,0.0,0.0,0.0,0.0,0.0,0.0,0.0,0.0,0.0,0.0,0.14589574772279262,0.1370218625275916,-0.42344031432253915,0.0015658356714993715,-4.91407699882984e-05,0.0001333047403022647,0.0,0.0,0.0,0.0,0.0,0.0,0.0,0.0,0.0,0.0,0.0,0.0,0.0,0.0,0.0,0.0,0.0,0.0,0.0,0.0,0.0,0.0,0.0,0.0,0.0,0.0,0.0,0.0,0.0,0.0,0.0,0.0,0.0,0.0,0.0,0.0
38956000000,3744,38956000000,map,base_link,9.041976928710938,-4.517775535583496,0.5360043048858643,0.8108997808921735,0.58498959615384,-0.010100384902880866,-0.01125849073790715,0.0,0.0,0.0,0.0,0.0,0.0,0.0,0.0,0.0,0.0,0.0,0.0,0.0,0.0,0.0,0.0,0.0,0.0,0.0,0.0,0.0,0.0,0.0,0.0,0.0,0.0,0.0,0.0,0.0,0.0,0.0,0.0,0.0,0.0,0.0,0.0,0.14072986975551283,0.13597882347612372,-0.42043215845615717,-0.0009280915837734938,-0.0019215638749301431,0.002618922851979733,0.0,0.0,0.0,0.0,0.0,0.0,0.0,0.0,0.0,0.0,0.0,0.0,0.0,0.0,0.0,0.0,0.0,0.0,0.0,0.0,0.0,0.0,0.0,0.0,0.0,0.0,0.0,0.0,0.0,0.0,0.0,0.0,0.0,0.0,0.0,0.0
38965000000,3745,38965000000,map,base_link,9.042938232421875,-4.520728588104248,0.5342988967895508,0.8108676017733355,0.5850367795507481,-0.01000640183471797,-0.011213435304099656,0.0,0.0,0.0,0.0,0.0,0.0,0.0,0.0,0.0,0.0,0.0,0.0,0.0,0.0,0.0,0.0,0.0,0.0,0.0,0.0,0.0,0.0,0.0,0.0,0.0,0.0,0.0,0.0,0.0,0.0,0.0,0.0,0.0,0.0,0.0,0.0,0.13549014022219472,0.13523001939943996,-0.41749376809577654,0.0014791456051170826,-0.0029218026902526613,0.002237949520349503,0.0,0.0,0.0,0.0,0.0,0.0,0.0,0.0,0.0,0.0,0.0,0.0,0.0,0.0,0.0,0.0,0.0,0.0,0.0,0.0,0.0,0.0,0.0,0.0,0.0,0.0,0.0,0.0,0.0,0.0,0.0,0.0,0.0,0.0,0.0,0.0
38976000000,3746,38976000000,map,base_link,9.044589042663574,-4.523334503173828,0.5343409776687622,0.8108191012874115,0.5851086293907469,-0.00983594948378682,-0.011116974297589347,0.0,0.0,0.0,0.0,0.0,0.0,0.0,0.0,0.0,0.0,0.0,0.0,0.0,0.0,0.0,0.0,0.0,0.0,0.0,0.0,0.0,0.0,0.0,0.0,0.0,0.0,0.0,0.0,0.0,0.0,0.0,0.0,0.0,0.0,0.0,0.0,0.12969247142095694,0.13477178174749657,-0.41425587687868437,-0.002147722989320755,-0.00300015858374536,0.002753451466560364,0.0,0.0,0.0,0.0,0.0,0.0,0.0,0.0,0.0,0.0,0.0,0.0,0.0,0.0,0.0,0.0,0.0,0.0,0.0,0.0,0.0,0.0,0.0,0.0,0.0,0.0,0.0,0.0,0.0,0.0,0.0,0.0,0.0,0.0,0.0,0.0
38989000000,3747,38988000000,map,base_link,9.046219825744629,-4.525932312011719,0.5345134735107422,0.8107648793668023,0.5851885608889479,-0.009648209063591135,-0.011030985424685948,0.0,0.0,0.0,0.0,0.0,0.0,0.0,0.0,0.0,0.0,0.0,0.0,0.0,0.0,0.0,0.0,0.0,0.0,0.0,0.0,0.0,0.0,0.0,0.0,0.0,0.0,0.0,0.0,0.0,0.0,0.0,0.0,0.0,0.0,0.0,0.0,0.12441415994227319,0.1346649948094634,-0.4112331965196682,-0.0025271617341786623,0.0014327792450785637,0.00023984757717698796,0.0,0.0,0.0,0.0,0.0,0.0,0.0,0.0,0.0,0.0,0.0,0.0,0.0,0.0,0.0,0.0,0.0,0.0,0.0,0.0,0.0,0.0,0.0,0.0,0.0,0.0,0.0,0.0,0.0,0.0,0.0,0.0,0.0,0.0,0.0,0.0
39001000000,3748,39001000000,map,base_link,9.047815322875977,-4.52850866317749,0.5347844958305359,0.8107083920530855,0.5852716007172265,-0.009464684151427179,-0.01093609088976497,0.0,0.0,0.0,0.0,0.0,0.0,0.0,0.0,0.0,0.0,0.0,0.0,0.0,0.0,0.0,0.0,0.0,0.0,0.0,0.0,0.0,0.0,0.0,0.0,0.0,0.0,0.0,0.0,0.0,0.0,0.0,0.0,0.0,0.0,0.0,0.0,0.11889812679925267,0.13461349341263149,-0.4086823169829283,-0.00066509994212538,-0.0008591772057116028,0.002319191349670291,0.0,0.0,0.0,0.0,0.0,0.0,0.0,0.0,0.0,0.0,0.0,0.0,0.0,0.0,0.0,0.0,0.0,0.0,0.0,0.0,0.0,0.0,0.0,0.0,0.0,0.0,0.0,0.0,0.0,0.0,0.0,0.0,0.0,0.0,0.0,0.0
39009000000,3749,39009000000,map,base_link,9.048667907714844,-4.53132963180542,0.5335285067558289,0.8106793423377494,0.5853150646547534,-0.009333897706050191,-0.010874014673445124,0.0,0.0,0.0,0.0,0.0,0.0,0.0,0.0,0.0,0.0,0.0,0.0,0.0,0.0,0.0,0.0,0.0,0.0,0.0,0.0,0.0,0.0,0.0,0.0,0.0,0.0,0.0,0.0,0.0,0.0,0.0,0.0,0.0,0.0,0.0,0.0,0.11430127312765336,0.13410369496356273,-0.40573495933402526,-0.0005830496083945036,0.002195635344833136,0.003147860057651996,0.0,0.0,0.0,0.0,0.0,0.0,0.0,0.0,0.0,0.0,0.0,0.0,0.0,0.0,0.0,0.0,0.0,0.0,0.0,0.0,0.0,0.0,0.0,0.0,0.0,0.0,0.0,0.0,0.0,0.0,0.0,0.0,0.0,0.0,0.0,0.0
39020000000,3750,39020000000,map,base_link,9.05019760131836,-4.533855438232422,0.5339969992637634,0.8106310631227802,0.5853866932237975,-0.009151864314878752,-0.010779151172434087,0.0,0.0,0.0,0.0,0.0,0.0,0.0,0.0,0.0,0.0,0.0,0.0,0.0,0.0,0.0,0.0,0.0,0.0,0.0,0.0,0.0,0.0,0.0,0.0,0.0,0.0,0.0,0.0,0.0,0.0,0.0,0.0,0.0,0.0,0.0,0.0,0.10901069477861668,0.13368139992001338,-0.4030155682970266,-0.0019366119522601366,-0.00018787244334816903,0.0024390944745391607,0.0,0.0,0.0,0.0,0.0,0.0,0.0,0.0,0.0,0.0,0.0,0.0,0.0,0.0,0.0,0.0,0.0,0.0,0.0,0.0,0.0,0.0,0.0,0.0,0.0,0.0,0.0,0.0,0.0,0.0,0.0,0.0,0.0,0.0,0.0,0.0
39032000000,3751,39032000000,map,base_link,9.051705360412598,-4.536359786987305,0.5345745086669922,0.8105920140676348,0.5854438654238027,-0.00902288870226259,-0.010713366198081406,0.0,0.0,0.0,0.0,0.0,0.0,0.0,0.0,0.0,0.0,0.0,0.0,0.0,0.0,0.0,0.0,0.0,0.0,0.0,0.0,0.0,0.0,0.0,0.0,0.0,0.0,0.0,0.0,0.0,0.0,0.0,0.0,0.0,0.0,0.0,0.0,0.10399632895960124,0.13332908749609831,-0.4000629348906247,-0.0025774987880140543,0.0004406282678246498,0.000119606964290142,0.0,0.0,0.0,0.0,0.0,0.0,0.0,0.0,0.0,0.0,0.0,0.0,0.0,0.0,0.0,0.0,0.0,0.0,0.0,0.0,0.0,0.0,0.0,0.0,0.0,0.0,0.0,0.0,0.0,0.0,0.0,0.0,0.0,0.0,0.0,0.0
39045000000,3752,39045000000,map,base_link,9.053179740905762,-4.538844585418701,0.5352422595024109,0.8105366963289643,0.5855257356770351,-0.008800604329900675,-0.01060071483368331,0.0,0.0,0.0,0.0,0.0,0.0,0.0,0.0,0.0,0.0,0.0,0.0,0.0,0.0,0.0,0.0,0.0,0.0,0.0,0.0,0.0,0.0,0.0,0.0,0.0,0.0,0.0,0.0,0.0,0.0,0.0,0.0,0.0,0.0,0.0,0.0,0.09915803601783423,0.13312467677095316,-0.39748165716276956,-0.0021236599422991276,-0.0008495934307575223,0.0030391125474125147,0.0,0.0,0.0,0.0,0.0,0.0,0.0,0.0,0.0,0.0,0.0,0.0,0.0,0.0,0.0,0.0,0.0,0.0,0.0,0.0,0.0,0.0,0.0,0.0,0.0,0.0,0.0,0.0,0.0,0.0,0.0,0.0,0.0,0.0,0.0,0.0
39053000000,3753,39053000000,map,base_link,9.053942680358887,-4.541505813598633,0.5344055891036987,0.8105061398637939,0.5855708749517903,-0.008690485563044154,-0.01053735453789096,0.0,0.0,0.0,0.0,0.0,0.0,0.0,0.0,0.0,0.0,0.0,0.0,0.0,0.0,0.0,0.0,0.0,0.0,0.0,0.0,0.0,0.0,0.0,0.0,0.0,0.0,0.0,0.0,0.0,0.0,0.0,0.0,0.0,0.0,0.0,0.0,0.09481267091782909,0.13262968900271588,-0.39533764044026426,-0.0030387253500521183,-0.0018953257240355013,0.002345675835385919,0.0,0.0,0.0,0.0,0.0,0.0,0.0,0.0,0.0,0.0,0.0,0.0,0.0,0.0,0.0,0.0,0.0,0.0,0.0,0.0,0.0,0.0,0.0,0.0,0.0,0.0,0.0,0.0,0.0,0.0,0.0,0.0,0.0,0.0,0.0,0.0
39064000000,3754,39064000000,map,base_link,9.055339813232422,-4.543957710266113,0.5352445840835571,0.810463413496116,0.5856340846878444,-0.008525170805932998,-0.010447002560667983,0.0,0.0,0.0,0.0,0.0,0.0,0.0,0.0,0.0,0.0,0.0,0.0,0.0,0.0,0.0,0.0,0.0,0.0,0.0,0.0,0.0,0.0,0.0,0.0,0.0,0.0,0.0,0.0,0.0,0.0,0.0,0.0,0.0,0.0,0.0,0.0,0.09001572568155047,0.13257739822208336,-0.3929463093049769,-0.0002312075812369585,0.0008109449408948425,0.002753344364464283,0.0,0.0,0.0,0.0,0.0,0.0,0.0,0.0,0.0,0.0,0.0,0.0,0.0,0.0,0.0,0.0,0.0,0.0,0.0,0.0,0.0,0.0,0.0,0.0,0.0,0.0,0.0,0.0,0.0,0.0,0.0,0.0,0.0,0.0,0.0,0.0
39076000000,3755,39076000000,map,base_link,9.056711196899414,-4.546392440795898,0.536170482635498,0.8104210664500747,0.585696493633777,-0.00836746832942574,-0.010364337608850563,0.0,0.0,0.0,0.0,0.0,0.0,0.0,0.0,0.0,0.0,0.0,0.0,0.0,0.0,0.0,0.0,0.0,0.0,0.0,0.0,0.0,0.0,0.0,0.0,0.0,0.0,0.0,0.0,0.0,0.0,0.0,0.0,0.0,0.0,0.0,0.0,0.08520752177326202,0.1321006371520026,-0.3908808632981213,-0.001066806958988309,0.0002062399871647359,0.0009076233254745603,0.0,0.0,0.0,0.0,0.0,0.0,0.0,0.0,0.0,0.0,0.0,0.0,0.0,0.0,0.0,0.0,0.0,0.0,0.0,0.0,0.0,0.0,0.0,0.0,0.0,0.0,0.0,0.0,0.0,0.0,0.0,0.0,0.0,0.0,0.0,0.0
39089000000,3756,39089000000,map,base_link,9.058067321777344,-4.548828125,0.5372164249420166,0.8103728293819539,0.5857665627694263,-0.008226628461271828,-0.01028277514285757,0.0,0.0,0.0,0.0,0.0,0.0,0.0,0.0,0.0,0.0,0.0,0.0,0.0,0.0,0.0,0.0,0.0,0.0,0.0,0.0,0.0,0.0,0.0,0.0,0.0,0.0,0.0,0.0,0.0,0.0,0.0,0.0,0.0,0.0,0.0,0.0,0.08039613383526643,0.13178418455565696,-0.3886530878752032,-0.002703751204535365,-0.0006911829113960268,-0.0020774530712515116,0.0,0.0,0.0,0.0,0.0,0.0,0.0,0.0,0.0,0.0,0.0,0.0,0.0,0.0,0.0,0.0,0.0,0.0,0.0,0.0,0.0,0.0,0.0,0.0,0.0,0.0,0.0,0.0,0.0,0.0,0.0,0.0,0.0,0.0,0.0,0.0
39097000000,3757,39097000000,map,base_link,9.058744430541992,-4.551393508911133,0.5367711186408997,0.8103402814781914,0.5858140306575617,-0.008131967051106675,-0.010225458968559486,0.0,0.0,0.0,0.0,0.0,0.0,0.0,0.0,0.0,0.0,0.0,0.0,0.0,0.0,0.0,0.0,0.0,0.0,0.0,0.0,0.0,0.0,0.0,0.0,0.0,0.0,0.0,0.0,0.0,0.0,0.0,0.0,0.0,0.0,0.0,0.0,0.0763170946876816,0.13123459259020023,-0.3865490263220677,-0.003046151250600815,-0.000978784635663033,-0.0028653882909566164,0.0,0.0,0.0,0.0,0.0,0.0,0.0,0.0,0.0,0.0,0.0,0.0,0.0,0.0,0.0,0.0,0.0,0.0,0.0,0.0,0.0,0.0,0.0,0.0,0.0,0.0,0.0,0.0,0.0,0.0,0.0,0.0,0.0,0.0,0.0,0.0
39105000000,3758,39105000000,map,base_link,9.059381484985352,-4.553945541381836,0.536358654499054,0.8103239074275449,0.5858384969031223,-0.008043639110428985,-0.010189117848430967,0.0,0.0,0.0,0.0,0.0,0.0,0.0,0.0,0.0,0.0,0.0,0.0,0.0,0.0,0.0,0.0,0.0,0.0,0.0,0.0,0.0,0.0,0.0,0.0,0.0,0.0,0.0,0.0,0.0,0.0,0.0,0.0,0.0,0.0,0.0,0.0,0.07224396215084498,0.1307199050031498,-0.38440761982169197,0.000546556431800127,-0.000842046923935413,0.002816401422023773,0.0,0.0,0.0,0.0,0.0,0.0,0.0,0.0,0.0,0.0,0.0,0.0,0.0,0.0,0.0,0.0,0.0,0.0,0.0,0.0,0.0,0.0,0.0,0.0,0.0,0.0,0.0,0.0,0.0,0.0,0.0,0.0,0.0,0.0,0.0,0.0
39113000000,3759,39113000000,map,base_link,9.060003280639648,-4.556460857391357,0.5360352993011475,0.8103095142787784,0.5858602236035296,-0.007963559604349905,-0.010144615221578893,0.0,0.0,0.0,0.0,0.0,0.0,0.0,0.0,0.0,0.0,0.0,0.0,0.0,0.0,0.0,0.0,0.0,0.0,0.0,0.0,0.0,0.0,0.0,0.0,0.0,0.0,0.0,0.0,0.0,0.0,0.0,0.0,0.0,0.0,0.0,0.0,0.06822147708713193,0.13006576250683957,-0.3825068002167133,6.636028410866857e-05,-0.0004169745370745654,0.0041671860963106155,0.0,0.0,0.0,0.0,0.0,0.0,0.0,0.0,0.0,0.0,0.0,0.0,0.0,0.0,0.0,0.0,0.0,0.0,0.0,0.0,0.0,0.0,0.0,0.0,0.0,0.0,0.0,0.0,0.0,0.0,0.0,0.0,0.0,0.0,0.0,0.0
39120000000,3760,39120000000,map,base_link,9.06059741973877,-4.558962345123291,0.5354442596435547,0.8103004210962123,0.5858744587016143,-0.00789349861818883,-0.010111205694645723,0.0,0.0,0.0,0.0,0.0,0.0,0.0,0.0,0.0,0.0,0.0,0.0,0.0,0.0,0.0,0.0,0.0,0.0,0.0,0.0,0.0,0.0,0.0,0.0,0.0,0.0,0.0,0.0,0.0,0.0,0.0,0.0,0.0,0.0,0.0,0.0,0.06432613036675115,0.12962399575537856,-0.38075679915737715,0.0010444147046655416,-0.0005798675119876855,0.005489805713295937,0.0,0.0,0.0,0.0,0.0,0.0,0.0,0.0,0.0,0.0,0.0,0.0,0.0,0.0,0.0,0.0,0.0,0.0,0.0,0.0,0.0,0.0,0.0,0.0,0.0,0.0,0.0,0.0,0.0,0.0,0.0,0.0,0.0,0.0,0.0,0.0
39128000000,3761,39128000000,map,base_link,9.061158180236816,-4.561450481414795,0.534915030002594,0.8102955636719213,0.5858818449368157,-0.007857299990628227,-0.010093314110498658,0.0,0.0,0.0,0.0,0.0,0.0,0.0,0.0,0.0,0.0,0.0,0.0,0.0,0.0,0.0,0.0,0.0,0.0,0.0,0.0,0.0,0.0,0.0,0.0,0.0,0.0,0.0,0.0,0.0,0.0,0.0,0.0,0.0,0.0,0.0,0.0,0.06056111754768988,0.12903910348833547,-0.3786496927223496,0.0004906791727989912,-0.0010218000970780843,0.004455369431525469,0.0,0.0,0.0,0.0,0.0,0.0,0.0,0.0,0.0,0.0,0.0,0.0,0.0,0.0,0.0,0.0,0.0,0.0,0.0,0.0,0.0,0.0,0.0,0.0,0.0,0.0,0.0,0.0,0.0,0.0,0.0,0.0,0.0,0.0,0.0,0.0
39136000000,3762,39136000000,map,base_link,9.061701774597168,-4.563919544219971,0.5344599485397339,0.810265755313312,0.5859253931680397,-0.007740796223176497,-0.010049342435156143,0.0,0.0,0.0,0.0,0.0,0.0,0.0,0.0,0.0,0.0,0.0,0.0,0.0,0.0,0.0,0.0,0.0,0.0,0.0,0.0,0.0,0.0,0.0,0.0,0.0,0.0,0.0,0.0,0.0,0.0,0.0,0.0,0.0,0.0,0.0,0.0,0.05699436937583238,0.12874814137566304,-0.3766397539989019,0.0016161581734195352,0.002618777099996805,-0.001017691567540169,0.0,0.0,0.0,0.0,0.0,0.0,0.0,0.0,0.0,0.0,0.0,0.0,0.0,0.0,0.0,0.0,0.0,0.0,0.0,0.0,0.0,0.0,0.0,0.0,0.0,0.0,0.0,0.0,0.0,0.0,0.0,0.0,0.0,0.0,0.0,0.0
39144000000,3763,39144000000,map,base_link,9.062232971191406,-4.566352844238281,0.5340925455093384,0.8102485804725438,0.5859503230289338,-0.007694229553200278,-0.010017508064368004,0.0,0.0,0.0,0.0,0.0,0.0,0.0,0.0,0.0,0.0,0.0,0.0,0.0,0.0,0.0,0.0,0.0,0.0,0.0,0.0,0.0,0.0,0.0,0.0,0.0,0.0,0.0,0.0,0.0,0.0,0.0,0.0,0.0,0.0,0.0,0.0,0.05308843742151425,0.12792249259145858,-0.3749597116013092,0.0026326749939471483,-0.003670159261673689,-0.0013750928919762369,0.0,0.0,0.0,0.0,0.0,0.0,0.0,0.0,0.0,0.0,0.0,0.0,0.0,0.0,0.0,0.0,0.0,0.0,0.0,0.0,0.0,0.0,0.0,0.0,0.0,0.0,0.0,0.0,0.0,0.0,0.0,0.0,0.0,0.0,0.0,0.0
39152000000,3764,39152000000,map,base_link,9.062745094299316,-4.568769931793213,0.533795177936554,0.8102392554823108,0.585963946997715,-0.0076653331140983764,-0.009998781198830627,0.0,0.0,0.0,0.0,0.0,0.0,0.0,0.0,0.0,0.0,0.0,0.0,0.0,0.0,0.0,0.0,0.0,0.0,0.0,0.0,0.0,0.0,0.0,0.0,0.0,0.0,0.0,0.0,0.0,0.0,0.0,0.0,0.0,0.0,0.0,0.0,0.0493037530861815,0.12751571815992885,-0.3734950523940691,-2.034625504165888e-05,-0.00208603055216372,-7.145572453737233e-05,0.0,0.0,0.0,0.0,0.0,0.0,0.0,0.0,0.0,0.0,0.0,0.0,0.0,0.0,0.0,0.0,0.0,0.0,0.0,0.0,0.0,0.0,0.0,0.0,0.0,0.0,0.0,0.0,0.0,0.0,0.0,0.0,0.0,0.0,0.0,0.0
39161000000,3765,39161000000,map,base_link,9.063237190246582,-4.571171760559082,0.5333809852600098,0.8102214062919665,0.5859906470262466,-0.007566956195819188,-0.009961146285698113,0.0,0.0,0.0,0.0,0.0,0.0,0.0,0.0,0.0,0.0,0.0,0.0,0.0,0.0,0.0,0.0,0.0,0.0,0.0,0.0,0.0,0.0,0.0,0.0,0.0,0.0,0.0,0.0,0.0,0.0,0.0,0.0,0.0,0.0,0.0,0.0,0.04572509326192452,0.12690717955430011,-0.3717034122641187,-0.0017937298398464918,0.0024664835073053837,-0.0012991279363632204,0.0,0.0,0.0,0.0,0.0,0.0,0.0,0.0,0.0,0.0,0.0,0.0,0.0,0.0,0.0,0.0,0.0,0.0,0.0,0.0,0.0,0.0,0.0,0.0,0.0,0.0,0.0,0.0,0.0,0.0,0.0,0.0,0.0,0.0,0.0,0.0
39172000000,3766,39172000000,map,base_link,9.064287185668945,-4.573561668395996,0.5345054864883423,0.8102092153160346,0.5860086542672729,-0.007514574907109733,-0.009923101510927445,0.0,0.0,0.0,0.0,0.0,0.0,0.0,0.0,0.0,0.0,0.0,0.0,0.0,0.0,0.0,0.0,0.0,0.0,0.0,0.0,0.0,0.0,0.0,0.0,0.0,0.0,0.0,0.0,0.0,0.0,0.0,0.0,0.0,0.0,0.0,0.0,0.04133087262707444,0.12678826306578134,-0.3701193134199561,-0.0036193605046719313,-0.0015010056085884573,-0.001536478637717664,0.0,0.0,0.0,0.0,0.0,0.0,0.0,0.0,0.0,0.0,0.0,0.0,0.0,0.0,0.0,0.0,0.0,0.0,0.0,0.0,0.0,0.0,0.0,0.0,0.0,0.0,0.0,0.0,0.0,0.0,0.0,0.0,0.0,0.0,0.0,0.0
39185000000,3767,39184000000,map,base_link,9.065323829650879,-4.5759429931640625,0.5357081890106201,0.8101919034980087,0.586034816923486,-0.007406909053909321,-0.009876595509364022,0.0,0.0,0.0,0.0,0.0,0.0,0.0,0.0,0.0,0.0,0.0,0.0,0.0,0.0,0.0,0.0,0.0,0.0,0.0,0.0,0.0,0.0,0.0,0.0,0.0,0.0,0.0,0.0,0.0,0.0,0.0,0.0,0.0,0.0,0.0,0.0,0.03697593750568228,0.12696279976700078,-0.36852192271897943,2.36410996876657e-05,0.0012010182254016402,0.0009622273501008748,0.0,0.0,0.0,0.0,0.0,0.0,0.0,0.0,0.0,0.0,0.0,0.0,0.0,0.0,0.0,0.0,0.0,0.0,0.0,0.0,0.0,0.0,0.0,0.0,0.0,0.0,0.0,0.0,0.0,0.0,0.0,0.0,0.0,0.0,0.0,0.0
39197000000,3768,39197000000,map,base_link,9.066361427307129,-4.578317165374756,0.5370316505432129,0.8101904705051594,0.5860379357902759,-0.007342260151150976,-0.00985489737332469,0.0,0.0,0.0,0.0,0.0,0.0,0.0,0.0,0.0,0.0,0.0,0.0,0.0,0.0,0.0,0.0,0.0,0.0,0.0,0.0,0.0,0.0,0.0,0.0,0.0,0.0,0.0,0.0,0.0,0.0,0.0,0.0,0.0,0.0,0.0,0.0,0.03276371083668823,0.12693559317192682,-0.3669691571243561,0.00046234598266892135,0.0011848318390548234,0.0026827864348888397,0.0,0.0,0.0,0.0,0.0,0.0,0.0,0.0,0.0,0.0,0.0,0.0,0.0,0.0,0.0,0.0,0.0,0.0,0.0,0.0,0.0,0.0,0.0,0.0,0.0,0.0,0.0,0.0,0.0,0.0,0.0,0.0,0.0,0.0,0.0,0.0
39208000000,3769,39208000000,map,base_link,9.067387580871582,-4.580678939819336,0.5384271740913391,0.8101956967143749,0.5860312765882111,-0.00730055477441462,-0.00984556950195943,0.0,0.0,0.0,0.0,0.0,0.0,0.0,0.0,0.0,0.0,0.0,0.0,0.0,0.0,0.0,0.0,0.0,0.0,0.0,0.0,0.0,0.0,0.0,0.0,0.0,0.0,0.0,0.0,0.0,0.0,0.0,0.0,0.0,0.0,0.0,0.0,0.028808047822219615,0.12670561483549075,-0.365410426397737,0.0013473001308739185,0.0008135228417813784,0.004877234343439341,0.0,0.0,0.0,0.0,0.0,0.0,0.0,0.0,0.0,0.0,0.0,0.0,0.0,0.0,0.0,0.0,0.0,0.0,0.0,0.0,0.0,0.0,0.0,0.0,0.0,0.0,0.0,0.0,0.0,0.0,0.0,0.0,0.0,0.0,0.0,0.0
39216000000,3770,39216000000,map,base_link,9.067848205566406,-4.582967758178711,0.538257360458374,0.8101977724466639,0.586029622324407,-0.0072471827878109706,-0.009815254969577653,0.0,0.0,0.0,0.0,0.0,0.0,0.0,0.0,0.0,0.0,0.0,0.0,0.0,0.0,0.0,0.0,0.0,0.0,0.0,0.0,0.0,0.0,0.0,0.0,0.0,0.0,0.0,0.0,0.0,0.0,0.0,0.0,0.0,0.0,0.0,0.0,0.025117834509826315,0.12626321145685973,-0.36404779652583147,-0.0030483331065624952,0.0003676614724099638,0.0017419194336980581,0.0,0.0,0.0,0.0,0.0,0.0,0.0,0.0,0.0,0.0,0.0,0.0,0.0,0.0,0.0,0.0,0.0,0.0,0.0,0.0,0.0,0.0,0.0,0.0,0.0,0.0,0.0,0.0,0.0,0.0,0.0,0.0,0.0,0.0,0.0,0.0
39224000000,3771,39224000000,map,base_link,9.068306922912598,-4.5852274894714355,0.5381783843040466,0.8101917770574633,0.5860385679930036,-0.007215675137416854,-0.009798961508315336,0.0,0.0,0.0,0.0,0.0,0.0,0.0,0.0,0.0,0.0,0.0,0.0,0.0,0.0,0.0,0.0,0.0,0.0,0.0,0.0,0.0,0.0,0.0,0.0,0.0,0.0,0.0,0.0,0.0,0.0,0.0,0.0,0.0,0.0,0.0,0.0,0.022048053857202356,0.1260770897046308,-0.36285965708962525,-0.002007413189858198,1.5681143850088082e-05,-0.00029658502899110317,0.0,0.0,0.0,0.0,0.0,0.0,0.0,0.0,0.0,0.0,0.0,0.0,0.0,0.0,0.0,0.0,0.0,0.0,0.0,0.0,0.0,0.0,0.0,0.0,0.0,0.0,0.0,0.0,0.0,0.0,0.0,0.0,0.0,0.0,0.0,0.0
39233000000,3772,39233000000,map,base_link,9.068768501281738,-4.587459087371826,0.5381943583488464,0.8101979831809065,0.5860303388208318,-0.0072011813959767905,-0.009789449985350415,0.0,0.0,0.0,0.0,0.0,0.0,0.0,0.0,0.0,0.0,0.0,0.0,0.0,0.0,0.0,0.0,0.0,0.0,0.0,0.0,0.0,0.0,0.0,0.0,0.0,0.0,0.0,0.0,0.0,0.0,0.0,0.0,0.0,0.0,0.0,0.0,0.0189039230954539,0.12600221664249456,-0.3616446858545826,2.1892774384468794e-05,-0.0009166635572910305,0.003199141938239336,0.0,0.0,0.0,0.0,0.0,0.0,0.0,0.0,0.0,0.0,0.0,0.0,0.0,0.0,0.0,0.0,0.0,0.0,0.0,0.0,0.0,0.0,0.0,0.0,0.0,0.0,0.0,0.0,0.0,0.0,0.0,0.0,0.0,0.0,0.0,0.0
39241000000,3773,39241000000,map,base_link,9.069231986999512,-4.589663028717041,0.5383023619651794,0.8101982571354218,0.5860305706284986,-0.0071783963322270316,-0.00978011256508979,0.0,0.0,0.0,0.0,0.0,0.0,0.0,0.0,0.0,0.0,0.0,0.0,0.0,0.0,0.0,0.0,0.0,0.0,0.0,0.0,0.0,0.0,0.0,0.0,0.0,0.0,0.0,0.0,0.0,0.0,0.0,0.0,0.0,0.0,0.0,0.0,0.01587283932350518,0.12567463095371592,-0.3604924420676291,0.0007991900783963501,-0.0016024992801249025,0.0008889890741556885,0.0,0.0,0.0,0.0,0.0,0.0,0.0,0.0,0.0,0.0,0.0,0.0,0.0,0.0,0.0,0.0,0.0,0.0,0.0,0.0,0.0,0.0,0.0,0.0,0.0,0.0,0.0,0.0,0.0,0.0,0.0,0.0,0.0,0.0,0.0,0.0
39249000000,3774,39249000000,map,base_link,9.069698333740234,-4.591840744018555,0.5385016798973083,0.8101965185779207,0.5860329835355759,-0.007171261825663674,-0.009771158829323131,0.0,0.0,0.0,0.0,0.0,0.0,0.0,0.0,0.0,0.0,0.0,0.0,0.0,0.0,0.0,0.0,0.0,0.0,0.0,0.0,0.0,0.0,0.0,0.0,0.0,0.0,0.0,0.0,0.0,0.0,0.0,0.0,0.0,0.0,0.0,0.0,0.012663104347125833,0.12522600929607472,-0.3594033452017475,8.683442138135433e-05,-0.000720288138836622,0.001490830909460783,0.0,0.0,0.0,0.0,0.0,0.0,0.0,0.0,0.0,0.0,0.0,0.0,0.0,0.0,0.0,0.0,0.0,0.0,0.0,0.0,0.0,0.0,0.0,0.0,0.0,0.0,0.0,0.0,0.0,0.0,0.0,0.0,0.0,0.0,0.0,0.0
39257000000,3775,39257000000,map,base_link,9.070154190063477,-4.593990802764893,0.5387548804283142,0.8102088465311101,0.5860160194290501,-0.0071650976844328295,-0.009776497155740966,0.0,0.0,0.0,0.0,0.0,0.0,0.0,0.0,0.0,0.0,0.0,0.0,0.0,0.0,0.0,0.0,0.0,0.0,0.0,0.0,0.0,0.0,0.0,0.0,0.0,0.0,0.0,0.0,0.0,0.0,0.0,0.0,0.0,0.0,0.0,0.0,0.00972651605828416,0.12491459565184052,-0.35829475406556116,0.002619305159896612,-0.0003586360253393644,0.004828414414077997,0.0,0.0,0.0,0.0,0.0,0.0,0.0,0.0,0.0,0.0,0.0,0.0,0.0,0.0,0.0,0.0,0.0,0.0,0.0,0.0,0.0,0.0,0.0,0.0,0.0,0.0,0.0,0.0,0.0,0.0,0.0,0.0,0.0,0.0,0.0,0.0
39265000000,3776,39265000000,map,base_link,9.070588111877441,-4.596131324768066,0.5387777090072632,0.8102195412939198,0.5860009413939955,-0.00715635484754485,-0.009802122439635588,0.0,0.0,0.0,0.0,0.0,0.0,0.0,0.0,0.0,0.0,0.0,0.0,0.0,0.0,0.0,0.0,0.0,0.0,0.0,0.0,0.0,0.0,0.0,0.0,0.0,0.0,0.0,0.0,0.0,0.0,0.0,0.0,0.0,0.0,0.0,0.0,0.006729732405748669,0.1245316667392922,-0.3571948812913971,0.005094930995255709,0.003192870412021876,0.004424111917614937,0.0,0.0,0.0,0.0,0.0,0.0,0.0,0.0,0.0,0.0,0.0,0.0,0.0,0.0,0.0,0.0,0.0,0.0,0.0,0.0,0.0,0.0,0.0,0.0,0.0,0.0,0.0,0.0,0.0,0.0,0.0,0.0,0.0,0.0,0.0,0.0
39273000000,3777,39272000000,map,base_link,9.071032524108887,-4.598262786865234,0.5389145016670227,0.8102346720125353,0.5859799101165885,-0.007148134318769765,-0.009807661375174168,0.0,0.0,0.0,0.0,0.0,0.0,0.0,0.0,0.0,0.0,0.0,0.0,0.0,0.0,0.0,0.0,0.0,0.0,0.0,0.0,0.0,0.0,0.0,0.0,0.0,0.0,0.0,0.0,0.0,0.0,0.0,0.0,0.0,0.0,0.0,0.0,0.003907507990191568,0.1240037437556756,-0.3560593946183249,0.0034877059515565634,0.0011019189842045314,0.005141566973179579,0.0,0.0,0.0,0.0,0.0,0.0,0.0,0.0,0.0,0.0,0.0,0.0,0.0,0.0,0.0,0.0,0.0,0.0,0.0,0.0,0.0,0.0,0.0,0.0,0.0,0.0,0.0,0.0,0.0,0.0,0.0,0.0,0.0,0.0,0.0,0.0
39280000000,3778,39280000000,map,base_link,9.07146167755127,-4.6003804206848145,0.5390936732292175,0.8102384757656133,0.5859748419580549,-0.007132078756710957,-0.009810075846294624,0.0,0.0,0.0,0.0,0.0,0.0,0.0,0.0,0.0,0.0,0.0,0.0,0.0,0.0,0.0,0.0,0.0,0.0,0.0,0.0,0.0,0.0,0.0,0.0,0.0,0.0,0.0,0.0,0.0,0.0,0.0,0.0,0.0,0.0,0.0,0.0,0.0008561552569481144,0.12355287338308513,-0.3548652439135275,0.00029552821069955826,0.002453854773193598,0.0008523772703483697,0.0,0.0,0.0,0.0,0.0,0.0,0.0,0.0,0.0,0.0,0.0,0.0,0.0,0.0,0.0,0.0,0.0,0.0,0.0,0.0,0.0,0.0,0.0,0.0,0.0,0.0,0.0,0.0,0.0,0.0,0.0,0.0,0.0,0.0,0.0,0.0
39288000000,3779,39288000000,map,base_link,9.071871757507324,-4.602481842041016,0.5393015742301941,0.8102528373042435,0.5859553385039066,-0.0071163084267421685,-0.00980625316006191,0.0,0.0,0.0,0.0,0.0,0.0,0.0,0.0,0.0,0.0,0.0,0.0,0.0,0.0,0.0,0.0,0.0,0.0,0.0,0.0,0.0,0.0,0.0,0.0,0.0,0.0,0.0,0.0,0.0,0.0,0.0,0.0,0.0,0.0,0.0,0.0,-0.0020718859367159326,0.1230409965997057,-0.35373522932599816,-0.002346334047615528,0.0007388577796518808,0.004235913045704365,0.0,0.0,0.0,0.0,0.0,0.0,0.0,0.0,0.0,0.0,0.0,0.0,0.0,0.0,0.0,0.0,0.0,0.0,0.0,0.0,0.0,0.0,0.0,0.0,0.0,0.0,0.0,0.0,0.0,0.0,0.0,0.0,0.0,0.0,0.0,0.0
39296000000,3780,39296000000,map,base_link,9.072296142578125,-4.604564189910889,0.5396192669868469,0.8102645014445689,0.585939291091336,-0.00709772273668369,-0.009804942903445215,0.0,0.0,0.0,0.0,0.0,0.0,0.0,0.0,0.0,0.0,0.0,0.0,0.0,0.0,0.0,0.0,0.0,0.0,0.0,0.0,0.0,0.0,0.0,0.0,0.0,0.0,0.0,0.0,0.0,0.0,0.0,0.0,0.0,0.0,0.0,0.0,-0.005057907142229129,0.12299006098585628,-0.35284663308063835,-0.003129096468910575,0.0027217841707170014,0.002914181444793939,0.0,0.0,0.0,0.0,0.0,0.0,0.0,0.0,0.0,0.0,0.0,0.0,0.0,0.0,0.0,0.0,0.0,0.0,0.0,0.0,0.0,0.0,0.0,0.0,0.0,0.0,0.0,0.0,0.0,0.0,0.0,0.0,0.0,0.0,0.0,0.0
39304000000,3781,39304000000,map,base_link,9.072715759277344,-4.606624603271484,0.5398058891296387,0.8102724988090738,0.5859281748600413,-0.007104062133071721,-0.009808076011260007,0.0,0.0,0.0,0.0,0.0,0.0,0.0,0.0,0.0,0.0,0.0,0.0,0.0,0.0,0.0,0.0,0.0,0.0,0.0,0.0,0.0,0.0,0.0,0.0,0.0,0.0,0.0,0.0,0.0,0.0,0.0,0.0,0.0,0.0,0.0,0.0,-0.0075883145364407795,0.12304469345956794,-0.35173753696209165,0.0016834789421409369,-0.0007250430062413213,0.0013536926126107574,0.0,0.0,0.0,0.0,0.0,0.0,0.0,0.0,0.0,0.0,0.0,0.0,0.0,0.0,0.0,0.0,0.0,0.0,0.0,0.0,0.0,0.0,0.0,0.0,0.0,0.0,0.0,0.0,0.0,0.0,0.0,0.0,0.0,0.0,0.0,0.0
39317000000,3782,39317000000,map,base_link,9.07363224029541,-4.608867168426514,0.5414763689041138,0.810284236706384,0.5859118851030919,-0.007115794679707878,-0.00981151633008777,0.0,0.0,0.0,0.0,0.0,0.0,0.0,0.0,0.0,0.0,0.0,0.0,0.0,0.0,0.0,0.0,0.0,0.0,0.0,0.0,0.0,0.0,0.0,0.0,0.0,0.0,0.0,0.0,0.0,0.0,0.0,0.0,0.0,0.0,0.0,0.0,-0.011288609015439089,0.12329351896960278,-0.3509078819347585,0.0017284646164625883,-0.0018521824385970829,0.001005817670375109,0.0,0.0,0.0,0.0,0.0,0.0,0.0,0.0,0.0,0.0,0.0,0.0,0.0,0.0,0.0,0.0,0.0,0.0,0.0,0.0,0.0,0.0,0.0,0.0,0.0,0.0,0.0,0.0,0.0,0.0,0.0,0.0,0.0,0.0,0.0,0.0
39328000000,3783,39328000000,map,base_link,9.074552536010742,-4.611108779907227,0.5432286858558655,0.810300979541955,0.5858884830654563,-0.007128370327950378,-0.009813814568102567,0.0,0.0,0.0,0.0,0.0,0.0,0.0,0.0,0.0,0.0,0.0,0.0,0.0,0.0,0.0,0.0,0.0,0.0,0.0,0.0,0.0,0.0,0.0,0.0,0.0,0.0,0.0,0.0,0.0,0.0,0.0,0.0,0.0,0.0,0.0,0.0,-0.014565942550627022,0.1232382056669649,-0.3499608546921005,0.0007860089535824955,-0.004009990487247705,0.003598442301154137,0.0,0.0,0.0,0.0,0.0,0.0,0.0,0.0,0.0,0.0,0.0,0.0,0.0,0.0,0.0,0.0,0.0,0.0,0.0,0.0,0.0,0.0,0.0,0.0,0.0,0.0,0.0,0.0,0.0,0.0,0.0,0.0,0.0,0.0,0.0,0.0
39336000000,3784,39336000000,map,base_link,9.07498550415039,-4.6131205558776855,0.543658971786499,0.8103097987700059,0.5858763763832214,-0.007130710136587241,-0.009806942656161768,0.0,0.0,0.0,0.0,0.0,0.0,0.0,0.0,0.0,0.0,0.0,0.0,0.0,0.0,0.0,0.0,0.0,0.0,0.0,0.0,0.0,0.0,0.0,0.0,0.0,0.0,0.0,0.0,0.0,0.0,0.0,0.0,0.0,0.0,0.0,0.0,-0.01706026743860397,0.12311019792578934,-0.34915253443165184,-0.0021516222041100264,-0.0010417886078357697,-0.0001567441504448651,0.0,0.0,0.0,0.0,0.0,0.0,0.0,0.0,0.0,0.0,0.0,0.0,0.0,0.0,0.0,0.0,0.0,0.0,0.0,0.0,0.0,0.0,0.0,0.0,0.0,0.0,0.0,0.0,0.0,0.0,0.0,0.0,0.0,0.0,0.0,0.0
39345000000,3785,39345000000,map,base_link,9.075423240661621,-4.615111351013184,0.5441573262214661,0.8103174905698591,0.5858657343039725,-0.007120428692774424,-0.009815555348191356,0.0,0.0,0.0,0.0,0.0,0.0,0.0,0.0,0.0,0.0,0.0,0.0,0.0,0.0,0.0,0.0,0.0,0.0,0.0,0.0,0.0,0.0,0.0,0.0,0.0,0.0,0.0,0.0,0.0,0.0,0.0,0.0,0.0,0.0,0.0,0.0,-0.019732749084714136,0.1233430389964276,-0.348315503275317,-8.518469985574484e-05,0.0030131381936371326,0.0011938120005652304,0.0,0.0,0.0,0.0,0.0,0.0,0.0,0.0,0.0,0.0,0.0,0.0,0.0,0.0,0.0,0.0,0.0,0.0,0.0,0.0,0.0,0.0,0.0,0.0,0.0,0.0,0.0,0.0,0.0,0.0,0.0,0.0,0.0,0.0,0.0,0.0
39356000000,3786,39356000000,map,base_link,9.074896812438965,-4.616955757141113,0.5435669422149658,0.810326889317077,0.5858525423403886,-0.007120999897817036,-0.009823416147028956,0.0,0.0,0.0,0.0,0.0,0.0,0.0,0.0,0.0,0.0,0.0,0.0,0.0,0.0,0.0,0.0,0.0,0.0,0.0,0.0,0.0,0.0,0.0,0.0,0.0,0.0,0.0,0.0,0.0,0.0,0.0,0.0,0.0,0.0,0.0,0.0,-0.02279077925383413,0.1210067778460068,-0.34549175831756485,0.0007149229058995843,0.0007034824229776861,0.0014891724567860365,0.0,0.0,0.0,0.0,0.0,0.0,0.0,0.0,0.0,0.0,0.0,0.0,0.0,0.0,0.0,0.0,0.0,0.0,0.0,0.0,0.0,0.0,0.0,0.0,0.0,0.0,0.0,0.0,0.0,0.0,0.0,0.0,0.0,0.0,0.0,0.0
39364000000,3787,39364000000,map,base_link,9.073925971984863,-4.6185407638549805,0.5417464971542358,0.8103277322540473,0.5858517836971153,-0.007121539739677454,-0.00979490528573648,0.0,0.0,0.0,0.0,0.0,0.0,0.0,0.0,0.0,0.0,0.0,0.0,0.0,0.0,0.0,0.0,0.0,0.0,0.0,0.0,0.0,0.0,0.0,0.0,0.0,0.0,0.0,0.0,0.0,0.0,0.0,0.0,0.0,0.0,0.0,0.0,-0.024707637951920453,0.11925052052399884,-0.3430303270157054,-0.0010986709967255592,-0.0012751207686960695,0.001686802599579096,0.0,0.0,0.0,0.0,0.0,0.0,0.0,0.0,0.0,0.0,0.0,0.0,0.0,0.0,0.0,0.0,0.0,0.0,0.0,0.0,0.0,0.0,0.0,0.0,0.0,0.0,0.0,0.0,0.0,0.0,0.0,0.0,0.0,0.0,0.0,0.0
39372000000,3788,39372000000,map,base_link,9.072964668273926,-4.620096683502197,0.5400055050849915,0.8103277322540473,0.5858526266340855,-0.007111007061134844,-0.009761231188547229,0.0,0.0,0.0,0.0,0.0,0.0,0.0,0.0,0.0,0.0,0.0,0.0,0.0,0.0,0.0,0.0,0.0,0.0,0.0,0.0,0.0,0.0,0.0,0.0,0.0,0.0,0.0,0.0,0.0,0.0,0.0,0.0,0.0,0.0,0.0,0.0,-0.026751220297443003,0.11710433851333762,-0.34054783948472606,-0.0014871121384203434,-0.00202320609241724,0.0015148625243455174,0.0,0.0,0.0,0.0,0.0,0.0,0.0,0.0,0.0,0.0,0.0,0.0,0.0,0.0,0.0,0.0,0.0,0.0,0.0,0.0,0.0,0.0,0.0,0.0,0.0,0.0,0.0,0.0,0.0,0.0,0.0,0.0,0.0,0.0,0.0,0.0
39380000000,3789,39380000000,map,base_link,9.072031021118164,-4.621636390686035,0.5384018421173096,0.8103195346920119,0.5858657975242452,-0.0070772293255036475,-0.009675984906894643,0.0,0.0,0.0,0.0,0.0,0.0,0.0,0.0,0.0,0.0,0.0,0.0,0.0,0.0,0.0,0.0,0.0,0.0,0.0,0.0,0.0,0.0,0.0,0.0,0.0,0.0,0.0,0.0,0.0,0.0,0.0,0.0,0.0,0.0,0.0,0.0,-0.02884592938810716,0.11523334379157459,-0.3381535224951066,-0.00042099697748199105,0.0013363403268158436,0.0006320024840533731,0.0,0.0,0.0,0.0,0.0,0.0,0.0,0.0,0.0,0.0,0.0,0.0,0.0,0.0,0.0,0.0,0.0,0.0,0.0,0.0,0.0,0.0,0.0,0.0,0.0,0.0,0.0,0.0,0.0,0.0,0.0,0.0,0.0,0.0,0.0,0.0
39393000000,3790,39392000000,map,base_link,9.071548461914062,-4.623428821563721,0.5382517576217651,0.810305352277488,0.5858870606093189,-0.007056010362911937,-0.009587159765113425,0.0,0.0,0.0,0.0,0.0,0.0,0.0,0.0,0.0,0.0,0.0,0.0,0.0,0.0,0.0,0.0,0.0,0.0,0.0,0.0,0.0,0.0,0.0,0.0,0.0,0.0,0.0,0.0,0.0,0.0,0.0,0.0,0.0,0.0,0.0,0.0,-0.03185266056533086,0.11356532736054743,-0.3357863997249704,0.0011955569498240948,-0.0009449501521885397,-0.001629445352591574,0.0,0.0,0.0,0.0,0.0,0.0,0.0,0.0,0.0,0.0,0.0,0.0,0.0,0.0,0.0,0.0,0.0,0.0,0.0,0.0,0.0,0.0,0.0,0.0,0.0,0.0,0.0,0.0,0.0,0.0,0.0,0.0,0.0,0.0,0.0,0.0
39405000000,3791,39405000000,map,base_link,9.071083068847656,-4.625226020812988,0.5382289886474609,0.8103057842826852,0.5858883987717591,-0.007013053010747844,-0.009499885989556887,0.0,0.0,0.0,0.0,0.0,0.0,0.0,0.0,0.0,0.0,0.0,0.0,0.0,0.0,0.0,0.0,0.0,0.0,0.0,0.0,0.0,0.0,0.0,0.0,0.0,0.0,0.0,0.0,0.0,0.0,0.0,0.0,0.0,0.0,0.0,0.0,-0.0349219853887633,0.11171264282282853,-0.333539493136898,-0.0022074065636843443,0.0035584033466875557,0.003392835613340139,0.0,0.0,0.0,0.0,0.0,0.0,0.0,0.0,0.0,0.0,0.0,0.0,0.0,0.0,0.0,0.0,0.0,0.0,0.0,0.0,0.0,0.0,0.0,0.0,0.0,0.0,0.0,0.0,0.0,0.0,0.0,0.0,0.0,0.0,0.0,0.0
39413000000,3792,39413000000,map,base_link,9.07019329071045,-4.626737594604492,0.5369573831558228,0.8103062584347309,0.5858887675566836,-0.006996538196212779,-0.009447750173312786,0.0,0.0,0.0,0.0,0.0,0.0,0.0,0.0,0.0,0.0,0.0,0.0,0.0,0.0,0.0,0.0,0.0,0.0,0.0,0.0,0.0,0.0,0.0,0.0,0.0,0.0,0.0,0.0,0.0,0.0,0.0,0.0,0.0,0.0,0.0,0.0,-0.037153497815505795,0.11011029891701334,-0.3313795282273198,-4.57867281511426e-05,0.0017262976616621022,0.0039664669893682,0.0,0.0,0.0,0.0,0.0,0.0,0.0,0.0,0.0,0.0,0.0,0.0,0.0,0.0,0.0,0.0,0.0,0.0,0.0,0.0,0.0,0.0,0.0,0.0,0.0,0.0,0.0,0.0,0.0,0.0,0.0,0.0,0.0,0.0,0.0,0.0
39421000000,3793,39421000000,map,base_link,9.069293975830078,-4.628225803375244,0.5357197523117065,0.8102994833288328,0.5858992515852507,-0.006991271157237932,-0.009388884196833225,0.0,0.0,0.0,0.0,0.0,0.0,0.0,0.0,0.0,0.0,0.0,0.0,0.0,0.0,0.0,0.0,0.0,0.0,0.0,0.0,0.0,0.0,0.0,0.0,0.0,0.0,0.0,0.0,0.0,0.0,0.0,0.0,0.0,0.0,0.0,0.0,-0.03915814025455914,0.10847941773833776,-0.3294472358138012,0.0005860275123268366,-0.0029548662714660168,0.0006472961977124217,0.0,0.0,0.0,0.0,0.0,0.0,0.0,0.0,0.0,0.0,0.0,0.0,0.0,0.0,0.0,0.0,0.0,0.0,0.0,0.0,0.0,0.0,0.0,0.0,0.0,0.0,0.0,0.0,0.0,0.0,0.0,0.0,0.0,0.0,0.0,0.0
39432000000,3794,39432000000,map,base_link,9.068815231323242,-4.630008697509766,0.5357105135917664,0.8102959113834216,0.5859050994604816,-0.006968590966701073,-0.009336056991173805,0.0,0.0,0.0,0.0,0.0,0.0,0.0,0.0,0.0,0.0,0.0,0.0,0.0,0.0,0.0,0.0,0.0,0.0,0.0,0.0,0.0,0.0,0.0,0.0,0.0,0.0,0.0,0.0,0.0,0.0,0.0,0.0,0.0,0.0,0.0,0.0,-0.04223534051820602,0.10709668178281702,-0.3272477334264051,0.0011759547051042318,0.0007945285178720952,0.0005274502327665686,0.0,0.0,0.0,0.0,0.0,0.0,0.0,0.0,0.0,0.0,0.0,0.0,0.0,0.0,0.0,0.0,0.0,0.0,0.0,0.0,0.0,0.0,0.0,0.0,0.0,0.0,0.0,0.0,0.0,0.0,0.0,0.0,0.0,0.0,0.0,0.0
39445000000,3795,39444000000,map,base_link,9.06834602355957,-4.631791114807129,0.535801887512207,0.8102757230429849,0.5859353187508639,-0.006933725480178815,-0.009223820756769929,0.0,0.0,0.0,0.0,0.0,0.0,0.0,0.0,0.0,0.0,0.0,0.0,0.0,0.0,0.0,0.0,0.0,0.0,0.0,0.0,0.0,0.0,0.0,0.0,0.0,0.0,0.0,0.0,0.0,0.0,0.0,0.0,0.0,0.0,0.0,0.0,-0.04495550848287056,0.10552409762069508,-0.32538458972262874,-0.0008620216394774616,9.783077985048262e-06,-0.0002591094234958291,0.0,0.0,0.0,0.0,0.0,0.0,0.0,0.0,0.0,0.0,0.0,0.0,0.0,0.0,0.0,0.0,0.0,0.0,0.0,0.0,0.0,0.0,0.0,0.0,0.0,0.0,0.0,0.0,0.0,0.0,0.0,0.0,0.0,0.0,0.0,0.0
39452000000,3796,39452000000,map,base_link,9.067492485046387,-4.633254051208496,0.5346616506576538,0.8102714662112852,0.5859423572745652,-0.006906704164245332,-0.009168109126165544,0.0,0.0,0.0,0.0,0.0,0.0,0.0,0.0,0.0,0.0,0.0,0.0,0.0,0.0,0.0,0.0,0.0,0.0,0.0,0.0,0.0,0.0,0.0,0.0,0.0,0.0,0.0,0.0,0.0,0.0,0.0,0.0,0.0,0.0,0.0,0.0,-0.04691313120200422,0.10419239177167906,-0.323433830001063,-0.0014195076655596495,0.0009475131519138813,0.00014689995441585768,0.0,0.0,0.0,0.0,0.0,0.0,0.0,0.0,0.0,0.0,0.0,0.0,0.0,0.0,0.0,0.0,0.0,0.0,0.0,0.0,0.0,0.0,0.0,0.0,0.0,0.0,0.0,0.0,0.0,0.0,0.0,0.0,0.0,0.0,0.0,0.0
39465000000,3797,39465000000,map,base_link,9.067025184631348,-4.635031700134277,0.5349144339561462,0.8102589591339896,0.5859616078476226,-0.006864001915760019,-0.009078816664737848,0.0,0.0,0.0,0.0,0.0,0.0,0.0,0.0,0.0,0.0,0.0,0.0,0.0,0.0,0.0,0.0,0.0,0.0,0.0,0.0,0.0,0.0,0.0,0.0,0.0,0.0,0.0,0.0,0.0,0.0,0.0,0.0,0.0,0.0,0.0,0.0,-0.04979847793029098,0.10267411869881703,-0.32146799042105734,-0.003014450427144766,0.0019176630303263662,-0.0015274697216227653,0.0,0.0,0.0,0.0,0.0,0.0,0.0,0.0,0.0,0.0,0.0,0.0,0.0,0.0,0.0,0.0,0.0,0.0,0.0,0.0,0.0,0.0,0.0,0.0,0.0,0.0,0.0,0.0,0.0,0.0,0.0,0.0,0.0,0.0,0.0,0.0
39476000000,3798,39476000000,map,base_link,9.066566467285156,-4.636810302734375,0.5352557301521301,0.8102501820527872,0.5859755268443433,-0.006835782460412323,-0.008983050628478621,0.0,0.0,0.0,0.0,0.0,0.0,0.0,0.0,0.0,0.0,0.0,0.0,0.0,0.0,0.0,0.0,0.0,0.0,0.0,0.0,0.0,0.0,0.0,0.0,0.0,0.0,0.0,0.0,0.0,0.0,0.0,0.0,0.0,0.0,0.0,0.0,-0.05273131157349343,0.10145052864919521,-0.319680327890874,-0.0020543262362480164,-0.0005171163938939569,0.0018518771976232529,0.0,0.0,0.0,0.0,0.0,0.0,0.0,0.0,0.0,0.0,0.0,0.0,0.0,0.0,0.0,0.0,0.0,0.0,0.0,0.0,0.0,0.0,0.0,0.0,0.0,0.0,0.0,0.0,0.0,0.0,0.0,0.0,0.0,0.0,0.0,0.0
39488000000,3799,39488000000,map,base_link,9.066121101379395,-4.638595104217529,0.5356995463371277,0.8102364948637333,0.585995957529159,-0.0068173763060503335,-0.00890061649651125,0.0,0.0,0.0,0.0,0.0,0.0,0.0,0.0,0.0,0.0,0.0,0.0,0.0,0.0,0.0,0.0,0.0,0.0,0.0,0.0,0.0,0.0,0.0,0.0,0.0,0.0,0.0,0.0,0.0,0.0,0.0,0.0,0.0,0.0,0.0,0.0,-0.05524090160852843,0.10018753337168976,-0.3178083973219639,0.0003091356484219432,-0.00236993795260787,-0.0007724658353254196,0.0,0.0,0.0,0.0,0.0,0.0,0.0,0.0,0.0,0.0,0.0,0.0,0.0,0.0,0.0,0.0,0.0,0.0,0.0,0.0,0.0,0.0,0.0,0.0,0.0,0.0,0.0,0.0,0.0,0.0,0.0,0.0,0.0,0.0,0.0,0.0
39496000000,3800,39496000000,map,base_link,9.065324783325195,-4.6400370597839355,0.534752368927002,0.8102336288780346,0.5860004250951012,-0.00681867553204652,-0.008863132883979446,0.0,0.0,0.0,0.0,0.0,0.0,0.0,0.0,0.0,0.0,0.0,0.0,0.0,0.0,0.0,0.0,0.0,0.0,0.0,0.0,0.0,0.0,0.0,0.0,0.0,0.0,0.0,0.0,0.0,0.0,0.0,0.0,0.0,0.0,0.0,0.0,-0.05743782734484808,0.09890043141480845,-0.3161394080002404,0.0031653244514018297,-0.0019138439092785118,0.0011261617764830591,0.0,0.0,0.0,0.0,0.0,0.0,0.0,0.0,0.0,0.0,0.0,0.0,0.0,0.0,0.0,0.0,0.0,0.0,0.0,0.0,0.0,0.0,0.0,0.0,0.0,0.0,0.0,0.0,0.0,0.0,0.0,0.0,0.0,0.0,0.0,0.0
39504000000,3801,39504000000,map,base_link,9.06453800201416,-4.641472339630127,0.5338848829269409,0.8102363157396272,0.5859974853524175,-0.006811641041930313,-0.008814320165640686,0.0,0.0,0.0,0.0,0.0,0.0,0.0,0.0,0.0,0.0,0.0,0.0,0.0,0.0,0.0,0.0,0.0,0.0,0.0,0.0,0.0,0.0,0.0,0.0,0.0,0.0,0.0,0.0,0.0,0.0,0.0,0.0,0.0,0.0,0.0,0.0,-0.05919455743578048,0.09791847019986874,-0.314529833546175,0.0005927504971623421,-0.002555858343839645,0.0025463092606514697,0.0,0.0,0.0,0.0,0.0,0.0,0.0,0.0,0.0,0.0,0.0,0.0,0.0,0.0,0.0,0.0,0.0,0.0,0.0,0.0,0.0,0.0,0.0,0.0,0.0,0.0,0.0,0.0,0.0,0.0,0.0,0.0,0.0,0.0,0.0,0.0
39512000000,3802,39512000000,map,base_link,9.063764572143555,-4.64288854598999,0.5330836176872253,0.8102348511366415,0.5859998771860705,-0.00680817018310099,-0.008788921750329063,0.0,0.0,0.0,0.0,0.0,0.0,0.0,0.0,0.0,0.0,0.0,0.0,0.0,0.0,0.0,0.0,0.0,0.0,0.0,0.0,0.0,0.0,0.0,0.0,0.0,0.0,0.0,0.0,0.0,0.0,0.0,0.0,0.0,0.0,0.0,0.0,-0.06126424612210715,0.09656310795628606,-0.31292685018873356,-0.0004681435530073941,-0.0029912260361015797,0.0006765191210433844,0.0,0.0,0.0,0.0,0.0,0.0,0.0,0.0,0.0,0.0,0.0,0.0,0.0,0.0,0.0,0.0,0.0,0.0,0.0,0.0,0.0,0.0,0.0,0.0,0.0,0.0,0.0,0.0,0.0,0.0,0.0,0.0,0.0,0.0,0.0,0.0
39520000000,3803,39520000000,map,base_link,9.063014030456543,-4.644297122955322,0.532380223274231,0.8102267062581667,0.5860126582178814,-0.006771980528209307,-0.008723519061063266,0.0,0.0,0.0,0.0,0.0,0.0,0.0,0.0,0.0,0.0,0.0,0.0,0.0,0.0,0.0,0.0,0.0,0.0,0.0,0.0,0.0,0.0,0.0,0.0,0.0,0.0,0.0,0.0,0.0,0.0,0.0,0.0,0.0,0.0,0.0,0.0,-0.06321381195235659,0.0954865571817324,-0.3110706127789582,-0.0028482123743742704,0.0011594593524932861,-0.0007761010201647879,0.0,0.0,0.0,0.0,0.0,0.0,0.0,0.0,0.0,0.0,0.0,0.0,0.0,0.0,0.0,0.0,0.0,0.0,0.0,0.0,0.0,0.0,0.0,0.0,0.0,0.0,0.0,0.0,0.0,0.0,0.0,0.0,0.0,0.0,0.0,0.0
39533000000,3804,39533000000,map,base_link,9.06258487701416,-4.646078586578369,0.5329910516738892,0.8102291718488045,0.5860101083335465,-0.006767084414428583,-0.00866924626789076,0.0,0.0,0.0,0.0,0.0,0.0,0.0,0.0,0.0,0.0,0.0,0.0,0.0,0.0,0.0,0.0,0.0,0.0,0.0,0.0,0.0,0.0,0.0,0.0,0.0,0.0,0.0,0.0,0.0,0.0,0.0,0.0,0.0,0.0,0.0,0.0,-0.06569612684398848,0.09480340169841697,-0.3093055216264991,0.002134952461346984,-0.0016282915603369472,0.002376207383349538,0.0,0.0,0.0,0.0,0.0,0.0,0.0,0.0,0.0,0.0,0.0,0.0,0.0,0.0,0.0,0.0,0.0,0.0,0.0,0.0,0.0,0.0,0.0,0.0,0.0,0.0,0.0,0.0,0.0,0.0,0.0,0.0,0.0,0.0,0.0,0.0
39544000000,3805,39544000000,map,base_link,9.062153816223145,-4.647868633270264,0.5334312915802002,0.8102313108013665,0.5860079693809845,-0.0067558940968766865,-0.008621146506299956,0.0,0.0,0.0,0.0,0.0,0.0,0.0,0.0,0.0,0.0,0.0,0.0,0.0,0.0,0.0,0.0,0.0,0.0,0.0,0.0,0.0,0.0,0.0,0.0,0.0,0.0,0.0,0.0,0.0,0.0,0.0,0.0,0.0,0.0,0.0,0.0,-0.06833357198480315,0.09371801914998655,-0.3076470775805978,0.0006158585310913622,-0.0012646359391510484,0.0023689845111221075,0.0,0.0,0.0,0.0,0.0,0.0,0.0,0.0,0.0,0.0,0.0,0.0,0.0,0.0,0.0,0.0,0.0,0.0,0.0,0.0,0.0,0.0,0.0,0.0,0.0,0.0,0.0,0.0,0.0,0.0,0.0,0.0,0.0,0.0,0.0,0.0
39556000000,3806,39556000000,map,base_link,9.061738014221191,-4.649667263031006,0.5339680910110474,0.8102382966415071,0.5859990447858124,-0.006750736870198546,-0.008575967224965928,0.0,0.0,0.0,0.0,0.0,0.0,0.0,0.0,0.0,0.0,0.0,0.0,0.0,0.0,0.0,0.0,0.0,0.0,0.0,0.0,0.0,0.0,0.0,0.0,0.0,0.0,0.0,0.0,0.0,0.0,0.0,0.0,0.0,0.0,0.0,0.0,-0.07109130238526588,0.09298636511595781,-0.30616833846605407,0.0017714232672005892,-0.0019539222121238704,0.0033230781555175786,0.0,0.0,0.0,0.0,0.0,0.0,0.0,0.0,0.0,0.0,0.0,0.0,0.0,0.0,0.0,0.0,0.0,0.0,0.0,0.0,0.0,0.0,0.0,0.0,0.0,0.0,0.0,0.0,0.0,0.0,0.0,0.0,0.0,0.0,0.0,0.0
39569000000,3807,39569000000,map,base_link,9.061324119567871,-4.651488780975342,0.5345955491065979,0.8102388866973863,0.5859987919047214,-0.006740605409897423,-0.008545774687954255,0.0,0.0,0.0,0.0,0.0,0.0,0.0,0.0,0.0,0.0,0.0,0.0,0.0,0.0,0.0,0.0,0.0,0.0,0.0,0.0,0.0,0.0,0.0,0.0,0.0,0.0,0.0,0.0,0.0,0.0,0.0,0.0,0.0,0.0,0.0,0.0,-0.07387394268615305,0.09178334779778421,-0.30470320343711677,0.0016614296473562717,0.001262861303985119,0.0018297281349077819,0.0,0.0,0.0,0.0,0.0,0.0,0.0,0.0,0.0,0.0,0.0,0.0,0.0,0.0,0.0,0.0,0.0,0.0,0.0,0.0,0.0,0.0,0.0,0.0,0.0,0.0,0.0,0.0,0.0,0.0,0.0,0.0,0.0,0.0,0.0,0.0
39577000000,3808,39576000000,map,base_link,9.060620307922363,-4.652895927429199,0.5340366363525391,0.810249581460196,0.5859845568066367,-0.006726395665776426,-0.008524116146903465,0.0,0.0,0.0,0.0,0.0,0.0,0.0,0.0,0.0,0.0,0.0,0.0,0.0,0.0,0.0,0.0,0.0,0.0,0.0,0.0,0.0,0.0,0.0,0.0,0.0,0.0,0.0,0.0,0.0,0.0,0.0,0.0,0.0,0.0,0.0,0.0,-0.07557531851317323,0.09093400578973307,-0.30348150564356113,0.000679231365211308,0.0007766764611005787,0.003933606203645468,0.0,0.0,0.0,0.0,0.0,0.0,0.0,0.0,0.0,0.0,0.0,0.0,0.0,0.0,0.0,0.0,0.0,0.0,0.0,0.0,0.0,0.0,0.0,0.0,0.0,0.0,0.0,0.0,0.0,0.0,0.0,0.0,0.0,0.0,0.0,0.0
39585000000,3809,39584000000,map,base_link,9.05993366241455,-4.654313087463379,0.5333510041236877,0.8102561247584273,0.5859759061659799,-0.006721673490063872,-0.00849676061963218,0.0,0.0,0.0,0.0,0.0,0.0,0.0,0.0,0.0,0.0,0.0,0.0,0.0,0.0,0.0,0.0,0.0,0.0,0.0,0.0,0.0,0.0,0.0,0.0,0.0,0.0,0.0,0.0,0.0,0.0,0.0,0.0,0.0,0.0,0.0,0.0,-0.07750769537723551,0.0899405911064585,-0.3021739111327139,-0.0019926533568650484,-0.0014940500259399412,0.0016271218191832306,0.0,0.0,0.0,0.0,0.0,0.0,0.0,0.0,0.0,0.0,0.0,0.0,0.0,0.0,0.0,0.0,0.0,0.0,0.0,0.0,0.0,0.0,0.0,0.0,0.0,0.0,0.0,0.0,0.0,0.0,0.0,0.0,0.0,0.0,0.0,0.0
39592000000,3810,39592000000,map,base_link,9.0592622756958,-4.655716896057129,0.5327325463294983,0.8102600970988995,0.5859709223011436,-0.006708826768438272,-0.008461391346561317,0.0,0.0,0.0,0.0,0.0,0.0,0.0,0.0,0.0,0.0,0.0,0.0,0.0,0.0,0.0,0.0,0.0,0.0,0.0,0.0,0.0,0.0,0.0,0.0,0.0,0.0,0.0,0.0,0.0,0.0,0.0,0.0,0.0,0.0,0.0,0.0,-0.07960342901741951,0.08912905783565397,-0.3006134187308589,-0.0031451473478227854,-0.0015721730887889862,0.0006456646951846781,0.0,0.0,0.0,0.0,0.0,0.0,0.0,0.0,0.0,0.0,0.0,0.0,0.0,0.0,0.0,0.0,0.0,0.0,0.0,0.0,0.0,0.0,0.0,0.0,0.0,0.0,0.0,0.0,0.0,0.0,0.0,0.0,0.0,0.0,0.0,0.0
39600000000,3811,39600000000,map,base_link,9.058613777160645,-4.6571221351623535,0.5322151184082031,0.8102634161632196,0.5859670131809441,-0.006690235398433412,-0.00844152240021097,0.0,0.0,0.0,0.0,0.0,0.0,0.0,0.0,0.0,0.0,0.0,0.0,0.0,0.0,0.0,0.0,0.0,0.0,0.0,0.0,0.0,0.0,0.0,0.0,0.0,0.0,0.0,0.0,0.0,0.0,0.0,0.0,0.0,0.0,0.0,0.0,-0.08169433199344422,0.08817988692625749,-0.29953028605689375,-0.00261530838906765,0.00046768086031079303,0.0009843382285907865,0.0,0.0,0.0,0.0,0.0,0.0,0.0,0.0,0.0,0.0,0.0,0.0,0.0,0.0,0.0,0.0,0.0,0.0,0.0,0.0,0.0,0.0,0.0,0.0,0.0,0.0,0.0,0.0,0.0,0.0,0.0,0.0,0.0,0.0,0.0,0.0
39608000000,3812,39608000000,map,base_link,9.0579833984375,-4.658524513244629,0.53178471326828,0.8102593068454899,0.5859730612537055,-0.006683043680815923,-0.008420226799502143,0.0,0.0,0.0,0.0,0.0,0.0,0.0,0.0,0.0,0.0,0.0,0.0,0.0,0.0,0.0,0.0,0.0,0.0,0.0,0.0,0.0,0.0,0.0,0.0,0.0,0.0,0.0,0.0,0.0,0.0,0.0,0.0,0.0,0.0,0.0,0.0,-0.08363353187842659,0.08741074786762987,-0.29819222394690326,-0.0016558340284973383,-0.0013711550273001196,-0.0018711757147684691,0.0,0.0,0.0,0.0,0.0,0.0,0.0,0.0,0.0,0.0,0.0,0.0,0.0,0.0,0.0,0.0,0.0,0.0,0.0,0.0,0.0,0.0,0.0,0.0,0.0,0.0,0.0,0.0,0.0,0.0,0.0,0.0,0.0,0.0,0.0,0.0
39616000000,3813,39616000000,map,base_link,9.057374000549316,-4.659923076629639,0.5314399003982544,0.8102589591339897,0.5859734089652057,-0.0066908414240168836,-0.008416342127767616,0.0,0.0,0.0,0.0,0.0,0.0,0.0,0.0,0.0,0.0,0.0,0.0,0.0,0.0,0.0,0.0,0.0,0.0,0.0,0.0,0.0,0.0,0.0,0.0,0.0,0.0,0.0,0.0,0.0,0.0,0.0,0.0,0.0,0.0,0.0,0.0,-0.08538020274700672,0.08665107937328086,-0.29722036352918024,0.003269621403887868,-0.0017835022881627085,-0.0009095432469621299,0.0,0.0,0.0,0.0,0.0,0.0,0.0,0.0,0.0,0.0,0.0,0.0,0.0,0.0,0.0,0.0,0.0,0.0,0.0,0.0,0.0,0.0,0.0,0.0,0.0,0.0,0.0,0.0,0.0,0.0,0.0,0.0,0.0,0.0,0.0,0.0
39624000000,3814,39624000000,map,base_link,9.056770324707031,-4.661319732666016,0.531149685382843,0.8102614036512032,0.5859702058047188,-0.006680756473421636,-0.008421751412356187,0.0,0.0,0.0,0.0,0.0,0.0,0.0,0.0,0.0,0.0,0.0,0.0,0.0,0.0,0.0,0.0,0.0,0.0,0.0,0.0,0.0,0.0,0.0,0.0,0.0,0.0,0.0,0.0,0.0,0.0,0.0,0.0,0.0,0.0,0.0,0.0,-0.08736147411796066,0.08595087082234909,-0.29588391392285335,0.003493971424177289,0.0027783685363829136,0.0001239748671650883,0.0,0.0,0.0,0.0,0.0,0.0,0.0,0.0,0.0,0.0,0.0,0.0,0.0,0.0,0.0,0.0,0.0,0.0,0.0,0.0,0.0,0.0,0.0,0.0,0.0,0.0,0.0,0.0,0.0,0.0,0.0,0.0,0.0,0.0,0.0,0.0
39633000000,3815,39633000000,map,base_link,9.056175231933594,-4.662722587585449,0.5306840538978577,0.8102677151417678,0.5859617869717288,-0.006667473548377561,-0.008409843692880906,0.0,0.0,0.0,0.0,0.0,0.0,0.0,0.0,0.0,0.0,0.0,0.0,0.0,0.0,0.0,0.0,0.0,0.0,0.0,0.0,0.0,0.0,0.0,0.0,0.0,0.0,0.0,0.0,0.0,0.0,0.0,0.0,0.0,0.0,0.0,0.0,-0.08898925633546778,0.08511743079694363,-0.2946876802623298,-0.002400298835709691,0.00048367772251367564,-0.00029583345167338854,0.0,0.0,0.0,0.0,0.0,0.0,0.0,0.0,0.0,0.0,0.0,0.0,0.0,0.0,0.0,0.0,0.0,0.0,0.0,0.0,0.0,0.0,0.0,0.0,0.0,0.0,0.0,0.0,0.0,0.0,0.0,0.0,0.0,0.0,0.0,0.0
39641000000,3816,39641000000,map,base_link,9.055590629577637,-4.664121150970459,0.5302801728248596,0.8102718139227855,0.5859560023167707,-0.0066733765767109906,-0.008408218569671331,0.0,0.0,0.0,0.0,0.0,0.0,0.0,0.0,0.0,0.0,0.0,0.0,0.0,0.0,0.0,0.0,0.0,0.0,0.0,0.0,0.0,0.0,0.0,0.0,0.0,0.0,0.0,0.0,0.0,0.0,0.0,0.0,0.0,0.0,0.0,0.0,-0.09077372809135882,0.08447904327239099,-0.2932681152876905,0.0022919317707419395,-0.0003826958127319812,0.0003703362308442593,0.0,0.0,0.0,0.0,0.0,0.0,0.0,0.0,0.0,0.0,0.0,0.0,0.0,0.0,0.0,0.0,0.0,0.0,0.0,0.0,0.0,0.0,0.0,0.0,0.0,0.0,0.0,0.0,0.0,0.0,0.0,0.0,0.0,0.0,0.0,0.0
39649000000,3817,39649000000,map,base_link,9.055020332336426,-4.665521621704102,0.5299478769302368,0.810280938715488,0.5859435900698842,-0.006659659341563901,-0.008403123822403387,0.0,0.0,0.0,0.0,0.0,0.0,0.0,0.0,0.0,0.0,0.0,0.0,0.0,0.0,0.0,0.0,0.0,0.0,0.0,0.0,0.0,0.0,0.0,0.0,0.0,0.0,0.0,0.0,0.0,0.0,0.0,0.0,0.0,0.0,0.0,0.0,-0.09240612306111283,0.08373818396914771,-0.2922494603515124,-0.0004440611810423434,0.001468248199671507,0.0016784395556896923,0.0,0.0,0.0,0.0,0.0,0.0,0.0,0.0,0.0,0.0,0.0,0.0,0.0,0.0,0.0,0.0,0.0,0.0,0.0,0.0,0.0,0.0,0.0,0.0,0.0,0.0,0.0,0.0,0.0,0.0,0.0,0.0,0.0,0.0,0.0,0.0
39657000000,3818,39656000000,map,base_link,9.054469108581543,-4.666918754577637,0.5296990275382996,0.810293140228132,0.5859268366976011,-0.006651219270513468,-0.008401826654358787,0.0,0.0,0.0,0.0,0.0,0.0,0.0,0.0,0.0,0.0,0.0,0.0,0.0,0.0,0.0,0.0,0.0,0.0,0.0,0.0,0.0,0.0,0.0,0.0,0.0,0.0,0.0,0.0,0.0,0.0,0.0,0.0,0.0,0.0,0.0,0.0,-0.094117847338917,0.08290521221689094,-0.2915140028526277,4.522915696725249e-05,0.0018247310072183613,0.003031383035704493,0.0,0.0,0.0,0.0,0.0,0.0,0.0,0.0,0.0,0.0,0.0,0.0,0.0,0.0,0.0,0.0,0.0,0.0,0.0,0.0,0.0,0.0,0.0,0.0,0.0,0.0,0.0,0.0,0.0,0.0,0.0,0.0,0.0,0.0,0.0,0.0
39664000000,3819,39664000000,map,base_link,9.053937911987305,-4.668315410614014,0.5295382738113403,0.8103027075627439,0.5859141504961993,-0.0066320598235524095,-0.008387225158573606,0.0,0.0,0.0,0.0,0.0,0.0,0.0,0.0,0.0,0.0,0.0,0.0,0.0,0.0,0.0,0.0,0.0,0.0,0.0,0.0,0.0,0.0,0.0,0.0,0.0,0.0,0.0,0.0,0.0,0.0,0.0,0.0,0.0,0.0,0.0,0.0,-0.09600760545051594,0.08257756700038045,-0.2906375842348555,-0.002585992217063904,0.00016152346506714843,0.0017265202477574348,0.0,0.0,0.0,0.0,0.0,0.0,0.0,0.0,0.0,0.0,0.0,0.0,0.0,0.0,0.0,0.0,0.0,0.0,0.0,0.0,0.0,0.0,0.0,0.0,0.0,0.0,0.0,0.0,0.0,0.0,0.0,0.0,0.0,0.0,0.0,0.0
39672000000,3820,39672000000,map,base_link,9.053425788879395,-4.6697235107421875,0.52923583984375,0.8103031395679412,0.5859132127288199,-0.006635416836499915,-0.008393730508177648,0.0,0.0,0.0,0.0,0.0,0.0,0.0,0.0,0.0,0.0,0.0,0.0,0.0,0.0,0.0,0.0,0.0,0.0,0.0,0.0,0.0,0.0,0.0,0.0,0.0,0.0,0.0,0.0,0.0,0.0,0.0,0.0,0.0,0.0,0.0,0.0,-0.09773358257901267,0.08189185961882574,-0.2897132854945626,-0.0005762384389527142,-0.0009012892842292786,-1.4263903722166905e-05,0.0,0.0,0.0,0.0,0.0,0.0,0.0,0.0,0.0,0.0,0.0,0.0,0.0,0.0,0.0,0.0,0.0,0.0,0.0,0.0,0.0,0.0,0.0,0.0,0.0,0.0,0.0,0.0,0.0,0.0,0.0,0.0,0.0,0.0,0.0,0.0
39680000000,3821,39680000000,map,base_link,9.052929878234863,-4.671132564544678,0.5290145874023438,0.8103198297199514,0.5858904534306241,-0.006630787927153304,-0.00837886386590994,0.0,0.0,0.0,0.0,0.0,0.0,0.0,0.0,0.0,0.0,0.0,0.0,0.0,0.0,0.0,0.0,0.0,0.0,0.0,0.0,0.0,0.0,0.0,0.0,0.0,0.0,0.0,0.0,0.0,0.0,0.0,0.0,0.0,0.0,0.0,0.0,-0.0994971708910654,0.08133497187843992,-0.28877632875761305,-0.00024367246078327298,-0.0014584604650735853,0.0024828065652400255,0.0,0.0,0.0,0.0,0.0,0.0,0.0,0.0,0.0,0.0,0.0,0.0,0.0,0.0,0.0,0.0,0.0,0.0,0.0,0.0,0.0,0.0,0.0,0.0,0.0,0.0,0.0,0.0,0.0,0.0,0.0,0.0,0.0,0.0,0.0,0.0
39688000000,3822,39688000000,map,base_link,9.05245304107666,-4.67254114151001,0.5288728475570679,0.8103323051871107,0.5858730889290377,-0.0066229919949497415,-0.008395318341304457,0.0,0.0,0.0,0.0,0.0,0.0,0.0,0.0,0.0,0.0,0.0,0.0,0.0,0.0,0.0,0.0,0.0,0.0,0.0,0.0,0.0,0.0,0.0,0.0,0.0,0.0,0.0,0.0,0.0,0.0,0.0,0.0,0.0,0.0,0.0,0.0,-0.10135000718660643,0.08070865165311056,-0.28766544810102623,0.0018189421389251947,0.0024342299439013004,0.0012854915112257002,0.0,0.0,0.0,0.0,0.0,0.0,0.0,0.0,0.0,0.0,0.0,0.0,0.0,0.0,0.0,0.0,0.0,0.0,0.0,0.0,0.0,0.0,0.0,0.0,0.0,0.0,0.0,0.0,0.0,0.0,0.0,0.0,0.0,0.0,0.0,0.0
39696000000,3823,39696000000,map,base_link,9.05198860168457,-4.673940181732178,0.5287826061248779,0.810336867583462,0.5858665877776548,-0.006622560319024758,-0.008408330851509943,0.0,0.0,0.0,0.0,0.0,0.0,0.0,0.0,0.0,0.0,0.0,0.0,0.0,0.0,0.0,0.0,0.0,0.0,0.0,0.0,0.0,0.0,0.0,0.0,0.0,0.0,0.0,0.0,0.0,0.0,0.0,0.0,0.0,0.0,0.0,0.0,-0.10317415023376081,0.08043137316301553,-0.2869145197379484,0.00280471658334136,0.001775492914021015,-0.001336042885668576,0.0,0.0,0.0,0.0,0.0,0.0,0.0,0.0,0.0,0.0,0.0,0.0,0.0,0.0,0.0,0.0,0.0,0.0,0.0,0.0,0.0,0.0,0.0,0.0,0.0,0.0,0.0,0.0,0.0,0.0,0.0,0.0,0.0,0.0,0.0,0.0
39705000000,3824,39705000000,map,base_link,9.051546096801758,-4.675349235534668,0.5287854671478271,0.8103548432143519,0.585841700063609,-0.006616370247603912,-0.008409043149713389,0.0,0.0,0.0,0.0,0.0,0.0,0.0,0.0,0.0,0.0,0.0,0.0,0.0,0.0,0.0,0.0,0.0,0.0,0.0,0.0,0.0,0.0,0.0,0.0,0.0,0.0,0.0,0.0,0.0,0.0,0.0,0.0,0.0,0.0,0.0,0.0,-0.10494517164393244,0.07991931183374529,-0.28603053681480345,0.001110831624828279,0.0006814962252974515,0.003320888848975301,0.0,0.0,0.0,0.0,0.0,0.0,0.0,0.0,0.0,0.0,0.0,0.0,0.0,0.0,0.0,0.0,0.0,0.0,0.0,0.0,0.0,0.0,0.0,0.0,0.0,0.0,0.0,0.0,0.0,0.0,0.0,0.0,0.0,0.0,0.0,0.0
39713000000,3825,39713000000,map,base_link,9.051122665405273,-4.676764011383057,0.5288702249526978,0.8103597111753549,0.5858348933475745,-0.006624896505666827,-0.008421502070941852,0.0,0.0,0.0,0.0,0.0,0.0,0.0,0.0,0.0,0.0,0.0,0.0,0.0,0.0,0.0,0.0,0.0,0.0,0.0,0.0,0.0,0.0,0.0,0.0,0.0,0.0,0.0,0.0,0.0,0.0,0.0,0.0,0.0,0.0,0.0,0.0,-0.10680575785924802,0.07935386849438712,-0.2851689975914829,0.0030388585291802883,-0.002571010496467352,-0.0016069033881649373,0.0,0.0,0.0,0.0,0.0,0.0,0.0,0.0,0.0,0.0,0.0,0.0,0.0,0.0,0.0,0.0,0.0,0.0,0.0,0.0,0.0,0.0,0.0,0.0,0.0,0.0,0.0,0.0,0.0,0.0,0.0,0.0,0.0,0.0,0.0,0.0
39721000000,3826,39721000000,map,base_link,9.050716400146484,-4.678183555603027,0.5290302634239197,0.8103685304034058,0.5858222809031578,-0.00663263547377045,-0.008429734124245825,0.0,0.0,0.0,0.0,0.0,0.0,0.0,0.0,0.0,0.0,0.0,0.0,0.0,0.0,0.0,0.0,0.0,0.0,0.0,0.0,0.0,0.0,0.0,0.0,0.0,0.0,0.0,0.0,0.0,0.0,0.0,0.0,0.0,0.0,0.0,0.0,-0.10855449339964189,0.07891912060876564,-0.28465196863854786,0.002368530724197626,-0.0013832435943186283,-0.0006777165690436957,0.0,0.0,0.0,0.0,0.0,0.0,0.0,0.0,0.0,0.0,0.0,0.0,0.0,0.0,0.0,0.0,0.0,0.0,0.0,0.0,0.0,0.0,0.0,0.0,0.0,0.0,0.0,0.0,0.0,0.0,0.0,0.0,0.0,0.0,0.0,0.0
39728000000,3827,39728000000,map,base_link,9.050320625305176,-4.679607391357422,0.5290224552154541,0.8103784770596544,0.5858087096179372,-0.006631225283024668,-0.008421288537885138,0.0,0.0,0.0,0.0,0.0,0.0,0.0,0.0,0.0,0.0,0.0,0.0,0.0,0.0,0.0,0.0,0.0,0.0,0.0,0.0,0.0,0.0,0.0,0.0,0.0,0.0,0.0,0.0,0.0,0.0,0.0,0.0,0.0,0.0,0.0,0.0,-0.1103623879596906,0.0787931653214047,-0.2836923261979084,-0.001442314824089408,-0.0022761481814086437,0.0012842265423387291,0.0,0.0,0.0,0.0,0.0,0.0,0.0,0.0,0.0,0.0,0.0,0.0,0.0,0.0,0.0,0.0,0.0,0.0,0.0,0.0,0.0,0.0,0.0,0.0,0.0,0.0,0.0,0.0,0.0,0.0,0.0,0.0,0.0,0.0,0.0,0.0
39736000000,3828,39736000000,map,base_link,9.049942016601562,-4.681034088134766,0.5290876030921936,0.8103870855534627,0.585796982257339,-0.006632926962033295,-0.008418546358553897,0.0,0.0,0.0,0.0,0.0,0.0,0.0,0.0,0.0,0.0,0.0,0.0,0.0,0.0,0.0,0.0,0.0,0.0,0.0,0.0,0.0,0.0,0.0,0.0,0.0,0.0,0.0,0.0,0.0,0.0,0.0,0.0,0.0,0.0,0.0,0.0,-0.11208971517771839,0.07830779652315717,-0.28297786023658844,-0.0009770658798515797,-0.001270934473723173,0.0014770035631954672,0.0,0.0,0.0,0.0,0.0,0.0,0.0,0.0,0.0,0.0,0.0,0.0,0.0,0.0,0.0,0.0,0.0,0.0,0.0,0.0,0.0,0.0,0.0,0.0,0.0,0.0,0.0,0.0,0.0,0.0,0.0,0.0,0.0,0.0,0.0,0.0
39744000000,3829,39744000000,map,base_link,9.049579620361328,-4.682465553283691,0.5292290449142456,0.8104073687243086,0.5857686068915791,-0.006633946141977463,-0.008428364187033095,0.0,0.0,0.0,0.0,0.0,0.0,0.0,0.0,0.0,0.0,0.0,0.0,0.0,0.0,0.0,0.0,0.0,0.0,0.0,0.0,0.0,0.0,0.0,0.0,0.0,0.0,0.0,0.0,0.0,0.0,0.0,0.0,0.0,0.0,0.0,0.0,-0.11375100356316563,0.07779804316019537,-0.2823090768743481,0.002059263177216053,4.6097207814455595e-05,0.0045743840746581554,0.0,0.0,0.0,0.0,0.0,0.0,0.0,0.0,0.0,0.0,0.0,0.0,0.0,0.0,0.0,0.0,0.0,0.0,0.0,0.0,0.0,0.0,0.0,0.0,0.0,0.0,0.0,0.0,0.0,0.0,0.0,0.0,0.0,0.0,0.0,0.0
39752000000,3830,39752000000,map,base_link,9.048553466796875,-4.682774543762207,0.5275588631629944,0.8104224572960754,0.5857476177610206,-0.006638509526145529,-0.008431108012725605,0.0,0.0,0.0,0.0,0.0,0.0,0.0,0.0,0.0,0.0,0.0,0.0,0.0,0.0,0.0,0.0,0.0,0.0,0.0,0.0,0.0,0.0,0.0,0.0,0.0,0.0,0.0,0.0,0.0,0.0,0.0,0.0,0.0,0.0,0.0,0.0,-0.11440458776052036,0.07608033662709056,-0.2804569039182112,0.001022237236611545,-0.00019701430574059405,0.006637226790189743,0.0,0.0,0.0,0.0,0.0,0.0,0.0,0.0,0.0,0.0,0.0,0.0,0.0,0.0,0.0,0.0,0.0,0.0,0.0,0.0,0.0,0.0,0.0,0.0,0.0,0.0,0.0,0.0,0.0,0.0,0.0,0.0,0.0,0.0,0.0,0.0
39760000000,3831,39760000000,map,base_link,9.047551155090332,-4.683100700378418,0.5259974002838135,0.8104393792557526,0.585724542361461,-0.006626239195600541,-0.008422655264693392,0.0,0.0,0.0,0.0,0.0,0.0,0.0,0.0,0.0,0.0,0.0,0.0,0.0,0.0,0.0,0.0,0.0,0.0,0.0,0.0,0.0,0.0,0.0,0.0,0.0,0.0,0.0,0.0,0.0,0.0,0.0,0.0,0.0,0.0,0.0,0.0,-0.11493251780342242,0.07474980374290444,-0.27842279476008874,0.0007025757804512978,0.0031189010478556156,0.0014544680016115303,0.0,0.0,0.0,0.0,0.0,0.0,0.0,0.0,0.0,0.0,0.0,0.0,0.0,0.0,0.0,0.0,0.0,0.0,0.0,0.0,0.0,0.0,0.0,0.0,0.0,0.0,0.0,0.0,0.0,0.0,0.0,0.0,0.0,0.0,0.0,0.0
39768000000,3832,39768000000,map,base_link,9.046575546264648,-4.683450222015381,0.5245562195777893,0.8104406752713443,0.5857229091710812,-0.006636299286140611,-0.008401704165080303,0.0,0.0,0.0,0.0,0.0,0.0,0.0,0.0,0.0,0.0,0.0,0.0,0.0,0.0,0.0,0.0,0.0,0.0,0.0,0.0,0.0,0.0,0.0,0.0,0.0,0.0,0.0,0.0,0.0,0.0,0.0,0.0,0.0,0.0,0.0,0.0,-0.11560813101713577,0.07335813395421288,-0.2765363072413341,0.0018750745803117752,0.0016449172981083395,0.0009475123952142892,0.0,0.0,0.0,0.0,0.0,0.0,0.0,0.0,0.0,0.0,0.0,0.0,0.0,0.0,0.0,0.0,0.0,0.0,0.0,0.0,0.0,0.0,0.0,0.0,0.0,0.0,0.0,0.0,0.0,0.0,0.0,0.0,0.0,0.0,0.0,0.0
39777000000,3833,39777000000,map,base_link,9.045620918273926,-4.683816909790039,0.5230082869529724,0.8104515702316843,0.5857089796376482,-0.006632993475028602,-0.008334755130991701,0.0,0.0,0.0,0.0,0.0,0.0,0.0,0.0,0.0,0.0,0.0,0.0,0.0,0.0,0.0,0.0,0.0,0.0,0.0,0.0,0.0,0.0,0.0,0.0,0.0,0.0,0.0,0.0,0.0,0.0,0.0,0.0,0.0,0.0,0.0,0.0,-0.11637366957193208,0.07197161015998473,-0.27478312110883124,-0.0002633471158333123,0.0023031369782984257,0.0009222757071256634,0.0,0.0,0.0,0.0,0.0,0.0,0.0,0.0,0.0,0.0,0.0,0.0,0.0,0.0,0.0,0.0,0.0,0.0,0.0,0.0,0.0,0.0,0.0,0.0,0.0,0.0,0.0,0.0,0.0,0.0,0.0,0.0,0.0,0.0,0.0,0.0
39785000000,3834,39785000000,map,base_link,9.044689178466797,-4.684202671051025,0.5215756297111511,0.8104575129373245,0.5857014353517649,-0.006628899962366981,-0.008283196364372717,0.0,0.0,0.0,0.0,0.0,0.0,0.0,0.0,0.0,0.0,0.0,0.0,0.0,0.0,0.0,0.0,0.0,0.0,0.0,0.0,0.0,0.0,0.0,0.0,0.0,0.0,0.0,0.0,0.0,0.0,0.0,0.0,0.0,0.0,0.0,0.0,-0.11695832682333152,0.07018825355717942,-0.2730504910799806,-0.0015690368600189686,0.001777932979166508,0.0017970076296478508,0.0,0.0,0.0,0.0,0.0,0.0,0.0,0.0,0.0,0.0,0.0,0.0,0.0,0.0,0.0,0.0,0.0,0.0,0.0,0.0,0.0,0.0,0.0,0.0,0.0,0.0,0.0,0.0,0.0,0.0,0.0,0.0,0.0,0.0,0.0,0.0
39793000000,3835,39793000000,map,base_link,9.043778419494629,-4.684604644775391,0.5202490091323853,0.8104662162615419,0.5856902032166367,-0.00662461110894068,-0.008230896488228064,0.0,0.0,0.0,0.0,0.0,0.0,0.0,0.0,0.0,0.0,0.0,0.0,0.0,0.0,0.0,0.0,0.0,0.0,0.0,0.0,0.0,0.0,0.0,0.0,0.0,0.0,0.0,0.0,0.0,0.0,0.0,0.0,0.0,0.0,0.0,0.0,-0.11745029597739837,0.06866224837855264,-0.27126669768692124,-0.0007707642507739365,0.003186097834259272,0.002977299271151423,0.0,0.0,0.0,0.0,0.0,0.0,0.0,0.0,0.0,0.0,0.0,0.0,0.0,0.0,0.0,0.0,0.0,0.0,0.0,0.0,0.0,0.0,0.0,0.0,0.0,0.0,0.0,0.0,0.0,0.0,0.0,0.0,0.0,0.0,0.0,0.0
39801000000,3836,39800000000,map,base_link,9.042887687683105,-4.685022830963135,0.5190207362174988,0.8104846028242048,0.585665073158212,-0.006629430666922352,-0.008204312034257562,0.0,0.0,0.0,0.0,0.0,0.0,0.0,0.0,0.0,0.0,0.0,0.0,0.0,0.0,0.0,0.0,0.0,0.0,0.0,0.0,0.0,0.0,0.0,0.0,0.0,0.0,0.0,0.0,0.0,0.0,0.0,0.0,0.0,0.0,0.0,0.0,-0.11833905698239731,0.06766559133256611,-0.2696757509286276,0.00281500443816185,0.004280916880816222,0.005457074847072362,0.0,0.0,0.0,0.0,0.0,0.0,0.0,0.0,0.0,0.0,0.0,0.0,0.0,0.0,0.0,0.0,0.0,0.0,0.0,0.0,0.0,0.0,0.0,0.0,0.0,0.0,0.0,0.0,0.0,0.0,0.0,0.0,0.0,0.0,0.0,0.0
39808000000,3837,39808000000,map,base_link,9.042020797729492,-4.685457706451416,0.5178913474082947,0.8104866574830698,0.5856631027930442,-0.006635491992891888,-0.008142835505030296,0.0,0.0,0.0,0.0,0.0,0.0,0.0,0.0,0.0,0.0,0.0,0.0,0.0,0.0,0.0,0.0,0.0,0.0,0.0,0.0,0.0,0.0,0.0,0.0,0.0,0.0,0.0,0.0,0.0,0.0,0.0,0.0,0.0,0.0,0.0,0.0,-0.1190028041400138,0.06664006624954884,-0.26809642904315245,-6.270065205171704e-05,-0.00021355506032705296,0.0008777342736721039,0.0,0.0,0.0,0.0,0.0,0.0,0.0,0.0,0.0,0.0,0.0,0.0,0.0,0.0,0.0,0.0,0.0,0.0,0.0,0.0,0.0,0.0,0.0,0.0,0.0,0.0,0.0,0.0,0.0,0.0,0.0,0.0,0.0,0.0,0.0,0.0
39816000000,3838,39816000000,map,base_link,9.041172981262207,-4.685902118682861,0.5168419480323792,0.8104986482614711,0.5856465601550037,-0.006656426299620024,-0.008104755333492322,0.0,0.0,0.0,0.0,0.0,0.0,0.0,0.0,0.0,0.0,0.0,0.0,0.0,0.0,0.0,0.0,0.0,0.0,0.0,0.0,0.0,0.0,0.0,0.0,0.0,0.0,0.0,0.0,0.0,0.0,0.0,0.0,0.0,0.0,0.0,0.0,-0.11973703236158878,0.06545314638136476,-0.26694659933127346,0.002401642734184861,-0.0009208801202476021,0.002360530663281679,0.0,0.0,0.0,0.0,0.0,0.0,0.0,0.0,0.0,0.0,0.0,0.0,0.0,0.0,0.0,0.0,0.0,0.0,0.0,0.0,0.0,0.0,0.0,0.0,0.0,0.0,0.0,0.0,0.0,0.0,0.0,0.0,0.0,0.0,0.0,0.0
39829000000,3839,39829000000,map,base_link,9.040464401245117,-4.686921119689941,0.5169686079025269,0.8105064559651577,0.5856368136962855,-0.006663008369659248,-0.008031964515709531,0.0,0.0,0.0,0.0,0.0,0.0,0.0,0.0,0.0,0.0,0.0,0.0,0.0,0.0,0.0,0.0,0.0,0.0,0.0,0.0,0.0,0.0,0.0,0.0,0.0,0.0,0.0,0.0,0.0,0.0,0.0,0.0,0.0,0.0,0.0,0.0,-0.12074153214680786,0.06463000960144084,-0.2654556818899303,-0.0016684095608070493,-0.0007759346626698968,0.002379062119871378,0.0,0.0,0.0,0.0,0.0,0.0,0.0,0.0,0.0,0.0,0.0,0.0,0.0,0.0,0.0,0.0,0.0,0.0,0.0,0.0,0.0,0.0,0.0,0.0,0.0,0.0,0.0,0.0,0.0,0.0,0.0,0.0,0.0,0.0,0.0,0.0
39840000000,3840,39840000000,map,base_link,9.03976821899414,-4.687971115112305,0.5170081257820129,0.8105147167474658,0.5856261926904607,-0.006668483549857648,-0.00796405931615437,0.0,0.0,0.0,0.0,0.0,0.0,0.0,0.0,0.0,0.0,0.0,0.0,0.0,0.0,0.0,0.0,0.0,0.0,0.0,0.0,0.0,0.0,0.0,0.0,0.0,0.0,0.0,0.0,0.0,0.0,0.0,0.0,0.0,0.0,0.0,0.0,-0.12228707578265384,0.06339776995338832,-0.2643301130342021,-0.00018361129332333803,0.0019456972368061545,0.0014835327165201304,0.0,0.0,0.0,0.0,0.0,0.0,0.0,0.0,0.0,0.0,0.0,0.0,0.0,0.0,0.0,0.0,0.0,0.0,0.0,0.0,0.0,0.0,0.0,0.0,0.0,0.0,0.0,0.0,0.0,0.0,0.0,0.0,0.0,0.0,0.0,0.0
39848000000,3841,39848000000,map,base_link,9.038976669311523,-4.6884942054748535,0.5160942673683167,0.8105141793751474,0.5856274887060525,-0.006677149666310446,-0.007914780759894277,0.0,0.0,0.0,0.0,0.0,0.0,0.0,0.0,0.0,0.0,0.0,0.0,0.0,0.0,0.0,0.0,0.0,0.0,0.0,0.0,0.0,0.0,0.0,0.0,0.0,0.0,0.0,0.0,0.0,0.0,0.0,0.0,0.0,0.0,0.0,0.0,-0.12288416439596489,0.06217722277546141,-0.2631811352450396,-0.0005109298508614302,-0.00011641718447208425,-0.0016642913687974215,0.0,0.0,0.0,0.0,0.0,0.0,0.0,0.0,0.0,0.0,0.0,0.0,0.0,0.0,0.0,0.0,0.0,0.0,0.0,0.0,0.0,0.0,0.0,0.0,0.0,0.0,0.0,0.0,0.0,0.0,0.0,0.0,0.0,0.0,0.0,0.0
39857000000,3842,39857000000,map,base_link,9.038201332092285,-4.689022541046143,0.5152506232261658,0.8105098487864628,0.5856340952245566,-0.006679600933605285,-0.007865676882564928,0.0,0.0,0.0,0.0,0.0,0.0,0.0,0.0,0.0,0.0,0.0,0.0,0.0,0.0,0.0,0.0,0.0,0.0,0.0,0.0,0.0,0.0,0.0,0.0,0.0,0.0,0.0,0.0,0.0,0.0,0.0,0.0,0.0,0.0,0.0,0.0,-0.1238086333314404,0.061264441524392074,-0.26181802000225673,-0.0015238361665979028,0.00022176979109644857,-0.002691273344680667,0.0,0.0,0.0,0.0,0.0,0.0,0.0,0.0,0.0,0.0,0.0,0.0,0.0,0.0,0.0,0.0,0.0,0.0,0.0,0.0,0.0,0.0,0.0,0.0,0.0,0.0,0.0,0.0,0.0,0.0,0.0,0.0,0.0,0.0,0.0,0.0
39865000000,3843,39865000000,map,base_link,9.037443161010742,-4.6895647048950195,0.5144898891448975,0.8105197111490144,0.5856211139952152,-0.006674198193302763,-0.00783371380748451,0.0,0.0,0.0,0.0,0.0,0.0,0.0,0.0,0.0,0.0,0.0,0.0,0.0,0.0,0.0,0.0,0.0,0.0,0.0,0.0,0.0,0.0,0.0,0.0,0.0,0.0,0.0,0.0,0.0,0.0,0.0,0.0,0.0,0.0,0.0,0.0,-0.12439628127224507,0.06020887074368827,-0.26053661013816876,-0.0008808203274384141,0.003783620893955231,0.002086936961859464,0.0,0.0,0.0,0.0,0.0,0.0,0.0,0.0,0.0,0.0,0.0,0.0,0.0,0.0,0.0,0.0,0.0,0.0,0.0,0.0,0.0,0.0,0.0,0.0,0.0,0.0,0.0,0.0,0.0,0.0,0.0,0.0,0.0,0.0,0.0,0.0
39873000000,3844,39873000000,map,base_link,9.036704063415527,-4.690126895904541,0.5138232111930847,0.8105285409137775,0.5856094182447534,-0.006658450418483373,-0.007792343382948528,0.0,0.0,0.0,0.0,0.0,0.0,0.0,0.0,0.0,0.0,0.0,0.0,0.0,0.0,0.0,0.0,0.0,0.0,0.0,0.0,0.0,0.0,0.0,0.0,0.0,0.0,0.0,0.0,0.0,0.0,0.0,0.0,0.0,0.0,0.0,0.0,-0.12520699570816218,0.059166895849421815,-0.2592964781826831,-0.003556220792233944,0.002262494526803494,0.002258064458146691,0.0,0.0,0.0,0.0,0.0,0.0,0.0,0.0,0.0,0.0,0.0,0.0,0.0,0.0,0.0,0.0,0.0,0.0,0.0,0.0,0.0,0.0,0.0,0.0,0.0,0.0,0.0,0.0,0.0,0.0,0.0,0.0,0.0,0.0,0.0,0.0
39881000000,3845,39881000000,map,base_link,9.035980224609375,-4.69069766998291,0.5132247805595398,0.8105348734777662,0.5856013155131272,-0.006660518618669725,-0.0077507756831733735,0.0,0.0,0.0,0.0,0.0,0.0,0.0,0.0,0.0,0.0,0.0,0.0,0.0,0.0,0.0,0.0,0.0,0.0,0.0,0.0,0.0,0.0,0.0,0.0,0.0,0.0,0.0,0.0,0.0,0.0,0.0,0.0,0.0,0.0,0.0,0.0,-0.1260320500323497,0.058504300660542574,-0.2582486676789945,-0.0012719013029709458,0.0008402271196246149,0.00189907755702734,0.0,0.0,0.0,0.0,0.0,0.0,0.0,0.0,0.0,0.0,0.0,0.0,0.0,0.0,0.0,0.0,0.0,0.0,0.0,0.0,0.0,0.0,0.0,0.0,0.0,0.0,0.0,0.0,0.0,0.0,0.0,0.0,0.0,0.0,0.0,0.0
39889000000,3846,39889000000,map,base_link,9.035274505615234,-4.6912922859191895,0.5127186179161072,0.8105402893477999,0.5855943823565473,-0.006668927943923441,-0.007699823065614956,0.0,0.0,0.0,0.0,0.0,0.0,0.0,0.0,0.0,0.0,0.0,0.0,0.0,0.0,0.0,0.0,0.0,0.0,0.0,0.0,0.0,0.0,0.0,0.0,0.0,0.0,0.0,0.0,0.0,0.0,0.0,0.0,0.0,0.0,0.0,0.0,-0.12697995512986132,0.057358368184741354,-0.25735815860396094,-0.001629164326004684,-0.001152323093265295,0.00041885988321155326,0.0,0.0,0.0,0.0,0.0,0.0,0.0,0.0,0.0,0.0,0.0,0.0,0.0,0.0,0.0,0.0,0.0,0.0,0.0,0.0,0.0,0.0,0.0,0.0,0.0,0.0,0.0,0.0,0.0,0.0,0.0,0.0,0.0,0.0,0.0,0.0
39897000000,3847,39897000000,map,base_link,9.034581184387207,-4.691901206970215,0.5120891332626343,0.8105325764745224,0.5856055512714026,-0.006675582289222415,-0.007660338959504027,0.0,0.0,0.0,0.0,0.0,0.0,0.0,0.0,0.0,0.0,0.0,0.0,0.0,0.0,0.0,0.0,0.0,0.0,0.0,0.0,0.0,0.0,0.0,0.0,0.0,0.0,0.0,0.0,0.0,0.0,0.0,0.0,0.0,0.0,0.0,0.0,-0.12751654689593722,0.05632921827739095,-0.2564277454976984,-0.001896423171274364,-0.0017096083611249928,-0.003337034722790122,0.0,0.0,0.0,0.0,0.0,0.0,0.0,0.0,0.0,0.0,0.0,0.0,0.0,0.0,0.0,0.0,0.0,0.0,0.0,0.0,0.0,0.0,0.0,0.0,0.0,0.0,0.0,0.0,0.0,0.0,0.0,0.0,0.0,0.0,0.0,0.0
39905000000,3848,39904000000,map,base_link,9.033902168273926,-4.692532539367676,0.5115507245063782,0.8105346311333873,0.5856029908503555,-0.006677454778212802,-0.00763565448875712,0.0,0.0,0.0,0.0,0.0,0.0,0.0,0.0,0.0,0.0,0.0,0.0,0.0,0.0,0.0,0.0,0.0,0.0,0.0,0.0,0.0,0.0,0.0,0.0,0.0,0.0,0.0,0.0,0.0,0.0,0.0,0.0,0.0,0.0,0.0,0.0,-0.12844448176842,0.055508104011423594,-0.2555392366480476,0.0006222107913345098,0.0011169817298650742,-0.0008021970279514791,0.0,0.0,0.0,0.0,0.0,0.0,0.0,0.0,0.0,0.0,0.0,0.0,0.0,0.0,0.0,0.0,0.0,0.0,0.0,0.0,0.0,0.0,0.0,0.0,0.0,0.0,0.0,0.0,0.0,0.0,0.0,0.0,0.0,0.0,0.0,0.0
39912000000,3849,39912000000,map,base_link,9.03322982788086,-4.693171501159668,0.5110672116279602,0.8105318599780977,0.5856071107047974,-0.0066673680166201565,-0.007624118599974659,0.0,0.0,0.0,0.0,0.0,0.0,0.0,0.0,0.0,0.0,0.0,0.0,0.0,0.0,0.0,0.0,0.0,0.0,0.0,0.0,0.0,0.0,0.0,0.0,0.0,0.0,0.0,0.0,0.0,0.0,0.0,0.0,0.0,0.0,0.0,0.0,-0.1297548231094747,0.05469179664325584,-0.2545197028756311,-0.0007644473807886243,0.004310747608542442,-0.0010916183236986403,0.0,0.0,0.0,0.0,0.0,0.0,0.0,0.0,0.0,0.0,0.0,0.0,0.0,0.0,0.0,0.0,0.0,0.0,0.0,0.0,0.0,0.0,0.0,0.0,0.0,0.0,0.0,0.0,0.0,0.0,0.0,0.0,0.0,0.0,0.0,0.0
39920000000,3850,39920000000,map,base_link,9.03256893157959,-4.693824768066406,0.5106443762779236,0.810541869854619,0.5855935604930012,-0.006673460705771886,-0.007590119428752655,0.0,0.0,0.0,0.0,0.0,0.0,0.0,0.0,0.0,0.0,0.0,0.0,0.0,0.0,0.0,0.0,0.0,0.0,0.0,0.0,0.0,0.0,0.0,0.0,0.0,0.0,0.0,0.0,0.0,0.0,0.0,0.0,0.0,0.0,0.0,0.0,-0.130799692544152,0.05413064979614272,-0.25343999709883513,0.0009370667394250631,0.0007864758372306825,0.0012056375853717327,0.0,0.0,0.0,0.0,0.0,0.0,0.0,0.0,0.0,0.0,0.0,0.0,0.0,0.0,0.0,0.0,0.0,0.0,0.0,0.0,0.0,0.0,0.0,0.0,0.0,0.0,0.0,0.0,0.0,0.0,0.0,0.0,0.0,0.0,0.0,0.0
39928000000,3851,39928000000,map,base_link,9.031923294067383,-4.694492816925049,0.5102918148040771,0.8105528280352319,0.5855788090960224,-0.006671182265251361,-0.007563417959654892,0.0,0.0,0.0,0.0,0.0,0.0,0.0,0.0,0.0,0.0,0.0,0.0,0.0,0.0,0.0,0.0,0.0,0.0,0.0,0.0,0.0,0.0,0.0,0.0,0.0,0.0,0.0,0.0,0.0,0.0,0.0,0.0,0.0,0.0,0.0,0.0,-0.13169708183363024,0.053239714629476215,-0.2522728051244599,-0.0007969444850459695,0.00011483393609523799,0.0020713687408715487,0.0,0.0,0.0,0.0,0.0,0.0,0.0,0.0,0.0,0.0,0.0,0.0,0.0,0.0,0.0,0.0,0.0,0.0,0.0,0.0,0.0,0.0,0.0,0.0,0.0,0.0,0.0,0.0,0.0,0.0,0.0,0.0,0.0,0.0,0.0,0.0
39936000000,3852,39936000000,map,base_link,9.031289100646973,-4.695184707641602,0.5097615718841553,0.8105515320196401,0.5855807794611904,-0.006673225564223504,-0.007544892608736958,0.0,0.0,0.0,0.0,0.0,0.0,0.0,0.0,0.0,0.0,0.0,0.0,0.0,0.0,0.0,0.0,0.0,0.0,0.0,0.0,0.0,0.0,0.0,0.0,0.0,0.0,0.0,0.0,0.0,0.0,0.0,0.0,0.0,0.0,0.0,0.0,-0.132639574031159,0.05267865385658106,-0.2516247045246142,-0.0006052838871255517,-0.00037316605448722845,-0.00040233344770967955,0.0,0.0,0.0,0.0,0.0,0.0,0.0,0.0,0.0,0.0,0.0,0.0,0.0,0.0,0.0,0.0,0.0,0.0,0.0,0.0,0.0,0.0,0.0,0.0,0.0,0.0,0.0,0.0,0.0,0.0,0.0,0.0,0.0,0.0,0.0,0.0
39944000000,3853,39944000000,map,base_link,9.030672073364258,-4.695895195007324,0.5093144178390503,0.8105540397571266,0.5855774287867337,-0.0066807486943646355,-0.0075210467944209665,0.0,0.0,0.0,0.0,0.0,0.0,0.0,0.0,0.0,0.0,0.0,0.0,0.0,0.0,0.0,0.0,0.0,0.0,0.0,0.0,0.0,0.0,0.0,0.0,0.0,0.0,0.0,0.0,0.0,0.0,0.0,0.0,0.0,0.0,0.0,0.0,-0.13349535640309984,0.052096485287549114,-0.25085355684748883,0.00041730742668733,0.0004621809348464012,-3.960833419114357e-05,0.0,0.0,0.0,0.0,0.0,0.0,0.0,0.0,0.0,0.0,0.0,0.0,0.0,0.0,0.0,0.0,0.0,0.0,0.0,0.0,0.0,0.0,0.0,0.0,0.0,0.0,0.0,0.0,0.0,0.0,0.0,0.0,0.0,0.0,0.0,0.0
39952000000,3854,39952000000,map,base_link,9.030068397521973,-4.696606636047363,0.5089202523231506,0.8105565896414614,0.5855739516717315,-0.0066835547113541175,-0.007512457439562381,0.0,0.0,0.0,0.0,0.0,0.0,0.0,0.0,0.0,0.0,0.0,0.0,0.0,0.0,0.0,0.0,0.0,0.0,0.0,0.0,0.0,0.0,0.0,0.0,0.0,0.0,0.0,0.0,0.0,0.0,0.0,0.0,0.0,0.0,0.0,0.0,-0.13433006656110838,0.051387653454260426,-0.2501193221624373,0.0012616697931662202,-0.0010130694136023521,0.0005385827971622349,0.0,0.0,0.0,0.0,0.0,0.0,0.0,0.0,0.0,0.0,0.0,0.0,0.0,0.0,0.0,0.0,0.0,0.0,0.0,0.0,0.0,0.0,0.0,0.0,0.0,0.0,0.0,0.0,0.0,0.0,0.0,0.0,0.0,0.0,0.0,0.0
39965000000,3855,39965000000,map,base_link,9.029524803161621,-4.69793176651001,0.5096160769462585,0.8105730163756685,0.5855514557913388,-0.006686209839333209,-0.00749155667744512,0.0,0.0,0.0,0.0,0.0,0.0,0.0,0.0,0.0,0.0,0.0,0.0,0.0,0.0,0.0,0.0,0.0,0.0,0.0,0.0,0.0,0.0,0.0,0.0,0.0,0.0,0.0,0.0,0.0,0.0,0.0,0.0,0.0,0.0,0.0,0.0,-0.13607685757536095,0.050807044098244186,-0.2490981506994586,0.0009353640489280224,0.0034548416733741765,0.0036379983648657794,0.0,0.0,0.0,0.0,0.0,0.0,0.0,0.0,0.0,0.0,0.0,0.0,0.0,0.0,0.0,0.0,0.0,0.0,0.0,0.0,0.0,0.0,0.0,0.0,0.0,0.0,0.0,0.0,0.0,0.0,0.0,0.0,0.0,0.0,0.0,0.0
39977000000,3856,39977000000,map,base_link,9.0289888381958,-4.69930362701416,0.5104050040245056,0.8105902649734216,0.5855280537537031,-0.006678277135667145,-0.007476166368816468,0.0,0.0,0.0,0.0,0.0,0.0,0.0,0.0,0.0,0.0,0.0,0.0,0.0,0.0,0.0,0.0,0.0,0.0,0.0,0.0,0.0,0.0,0.0,0.0,0.0,0.0,0.0,0.0,0.0,0.0,0.0,0.0,0.0,0.0,0.0,0.0,-0.13788333827802488,0.05015753360752591,-0.2484794154638316,0.0003034768160432577,0.0019962880760431294,0.003779784077778458,0.0,0.0,0.0,0.0,0.0,0.0,0.0,0.0,0.0,0.0,0.0,0.0,0.0,0.0,0.0,0.0,0.0,0.0,0.0,0.0,0.0,0.0,0.0,0.0,0.0,0.0,0.0,0.0,0.0,0.0,0.0,0.0,0.0,0.0,0.0,0.0
39985000000,3857,39985000000,map,base_link,9.028423309326172,-4.7000908851623535,0.5102463960647583,0.8106039205523391,0.5855093405529643,-0.006684629949899527,-0.007451441479900384,0.0,0.0,0.0,0.0,0.0,0.0,0.0,0.0,0.0,0.0,0.0,0.0,0.0,0.0,0.0,0.0,0.0,0.0,0.0,0.0,0.0,0.0,0.0,0.0,0.0,0.0,0.0,0.0,0.0,0.0,0.0,0.0,0.0,0.0,0.0,0.0,-0.13890809439475538,0.04965842117689728,-0.24774750197472373,-0.0014419207582250237,-0.000453514046967029,0.004800856113433838,0.0,0.0,0.0,0.0,0.0,0.0,0.0,0.0,0.0,0.0,0.0,0.0,0.0,0.0,0.0,0.0,0.0,0.0,0.0,0.0,0.0,0.0,0.0,0.0,0.0,0.0,0.0,0.0,0.0,0.0,0.0,0.0,0.0,0.0,0.0,0.0
39993000000,3858,39993000000,map,base_link,9.027874946594238,-4.700908660888672,0.5101785659790039,0.8106185455087724,0.5854889836251336,-0.006689823931593019,-0.007447615953694481,0.0,0.0,0.0,0.0,0.0,0.0,0.0,0.0,0.0,0.0,0.0,0.0,0.0,0.0,0.0,0.0,0.0,0.0,0.0,0.0,0.0,0.0,0.0,0.0,0.0,0.0,0.0,0.0,0.0,0.0,0.0,0.0,0.0,0.0,0.0,0.0,-0.13981529377640853,0.049331430681435945,-0.24695984018124556,0.0013500489294528961,-0.0015564793720841403,0.003570002503693104,0.0,0.0,0.0,0.0,0.0,0.0,0.0,0.0,0.0,0.0,0.0,0.0,0.0,0.0,0.0,0.0,0.0,0.0,0.0,0.0,0.0,0.0,0.0,0.0,0.0,0.0,0.0,0.0,0.0,0.0,0.0,0.0,0.0,0.0,0.0,0.0
40001000000,3859,40001000000,map,base_link,9.027334213256836,-4.701730728149414,0.5099202394485474,0.810630051598416,0.5854734314380331,-0.006685781908880115,-0.007432188766573382,0.0,0.0,0.0,0.0,0.0,0.0,0.0,0.0,0.0,0.0,0.0,0.0,0.0,0.0,0.0,0.0,0.0,0.0,0.0,0.0,0.0,0.0,0.0,0.0,0.0,0.0,0.0,0.0,0.0,0.0,0.0,0.0,0.0,0.0,0.0,0.0,-0.14089119657588237,0.048671462475005714,-0.245931267864326,-0.001247064326889813,5.079666152596512e-05,0.0031479429453611374,0.0,0.0,0.0,0.0,0.0,0.0,0.0,0.0,0.0,0.0,0.0,0.0,0.0,0.0,0.0,0.0,0.0,0.0,0.0,0.0,0.0,0.0,0.0,0.0,0.0,0.0,0.0,0.0,0.0,0.0,0.0,0.0,0.0,0.0,0.0,0.0
40009000000,3860,40009000000,map,base_link,9.02680778503418,-4.702585220336914,0.5097571611404419,0.8106357308862528,0.5854655605140736,-0.006689373610626654,-0.0074293701960792165,0.0,0.0,0.0,0.0,0.0,0.0,0.0,0.0,0.0,0.0,0.0,0.0,0.0,0.0,0.0,0.0,0.0,0.0,0.0,0.0,0.0,0.0,0.0,0.0,0.0,0.0,0.0,0.0,0.0,0.0,0.0,0.0,0.0,0.0,0.0,0.0,-0.14182144531037655,0.048308234550823864,-0.2453252423738111,0.0004462467913981527,-0.00035562459379434564,0.0015504297334700823,0.0,0.0,0.0,0.0,0.0,0.0,0.0,0.0,0.0,0.0,0.0,0.0,0.0,0.0,0.0,0.0,0.0,0.0,0.0,0.0,0.0,0.0,0.0,0.0,0.0,0.0,0.0,0.0,0.0,0.0,0.0,0.0,0.0,0.0,0.0,0.0
40017000000,3861,40016000000,map,base_link,9.026293754577637,-4.703441619873047,0.5096359848976135,0.8106430539011815,0.5854554558071431,-0.006680731983797746,-0.0074249765929171145,0.0,0.0,0.0,0.0,0.0,0.0,0.0,0.0,0.0,0.0,0.0,0.0,0.0,0.0,0.0,0.0,0.0,0.0,0.0,0.0,0.0,0.0,0.0,0.0,0.0,0.0,0.0,0.0,0.0,0.0,0.0,0.0,0.0,0.0,0.0,0.0,-0.14313059018691351,0.04774640445302953,-0.2444859616455956,-0.0012244427343830466,0.002000913955271244,0.0009040773147717116,0.0,0.0,0.0,0.0,0.0,0.0,0.0,0.0,0.0,0.0,0.0,0.0,0.0,0.0,0.0,0.0,0.0,0.0,0.0,0.0,0.0,0.0,0.0,0.0,0.0,0.0,0.0,0.0,0.0,0.0,0.0,0.0,0.0,0.0,0.0,0.0
40025000000,3862,40024000000,map,base_link,9.02579116821289,-4.704317092895508,0.5095849633216858,0.8106559297634016,0.5854378594978898,-0.0066816094943546326,-0.00741726865872343,0.0,0.0,0.0,0.0,0.0,0.0,0.0,0.0,0.0,0.0,0.0,0.0,0.0,0.0,0.0,0.0,0.0,0.0,0.0,0.0,0.0,0.0,0.0,0.0,0.0,0.0,0.0,0.0,0.0,0.0,0.0,0.0,0.0,0.0,0.0,0.0,-0.14423939400144783,0.04711022364925894,-0.24378854429352953,0.00012440676800906658,7.158331573009523e-05,0.002669016132131219,0.0,0.0,0.0,0.0,0.0,0.0,0.0,0.0,0.0,0.0,0.0,0.0,0.0,0.0,0.0,0.0,0.0,0.0,0.0,0.0,0.0,0.0,0.0,0.0,0.0,0.0,0.0,0.0,0.0,0.0,0.0,0.0,0.0,0.0,0.0,0.0
40036000000,3863,40036000000,map,base_link,9.025311470031738,-4.7058329582214355,0.5105746984481812,0.8106677098075604,0.585421696181486,-0.006667761414645613,-0.0074046432492115444,0.0,0.0,0.0,0.0,0.0,0.0,0.0,0.0,0.0,0.0,0.0,0.0,0.0,0.0,0.0,0.0,0.0,0.0,0.0,0.0,0.0,0.0,0.0,0.0,0.0,0.0,0.0,0.0,0.0,0.0,0.0,0.0,0.0,0.0,0.0,0.0,-0.14638784018468495,0.046536725142293914,-0.2428131341979519,-0.002324785105884075,0.0005552563816308977,0.0016771198716014624,0.0,0.0,0.0,0.0,0.0,0.0,0.0,0.0,0.0,0.0,0.0,0.0,0.0,0.0,0.0,0.0,0.0,0.0,0.0,0.0,0.0,0.0,0.0,0.0,0.0,0.0,0.0,0.0,0.0,0.0,0.0,0.0,0.0,0.0,0.0,0.0
40048000000,3864,40048000000,map,base_link,9.024835586547852,-4.707375526428223,0.511616051197052,0.8106792896541888,0.5854055644752184,-0.006677036067382819,-0.007405886869355839,0.0,0.0,0.0,0.0,0.0,0.0,0.0,0.0,0.0,0.0,0.0,0.0,0.0,0.0,0.0,0.0,0.0,0.0,0.0,0.0,0.0,0.0,0.0,0.0,0.0,0.0,0.0,0.0,0.0,0.0,0.0,0.0,0.0,0.0,0.0,0.0,-0.14828108743110366,0.04602158225478645,-0.24220955133937674,3.341585397720337e-05,0.0007134908810257916,0.0032764337956905365,0.0,0.0,0.0,0.0,0.0,0.0,0.0,0.0,0.0,0.0,0.0,0.0,0.0,0.0,0.0,0.0,0.0,0.0,0.0,0.0,0.0,0.0,0.0,0.0,0.0,0.0,0.0,0.0,0.0,0.0,0.0,0.0,0.0,0.0,0.0,0.0
40061000000,3865,40061000000,map,base_link,9.024354934692383,-4.708953380584717,0.5124183893203735,0.8106901846145288,0.5853909605922094,-0.006665144070657668,-0.0073859487758321535,0.0,0.0,0.0,0.0,0.0,0.0,0.0,0.0,0.0,0.0,0.0,0.0,0.0,0.0,0.0,0.0,0.0,0.0,0.0,0.0,0.0,0.0,0.0,0.0,0.0,0.0,0.0,0.0,0.0,0.0,0.0,0.0,0.0,0.0,0.0,0.0,-0.15027743059959323,0.04586299795226844,-0.2416191974253171,-0.004418813623487949,8.800253272056586e-05,0.0005248861853033304,0.0,0.0,0.0,0.0,0.0,0.0,0.0,0.0,0.0,0.0,0.0,0.0,0.0,0.0,0.0,0.0,0.0,0.0,0.0,0.0,0.0,0.0,0.0,0.0,0.0,0.0,0.0,0.0,0.0,0.0,0.0,0.0,0.0,0.0,0.0,0.0
40072000000,3866,40072000000,map,base_link,9.023879051208496,-4.710556507110596,0.5132696628570557,0.8106976129965789,0.5853805819307636,-0.00666929693464307,-0.007377662886514652,0.0,0.0,0.0,0.0,0.0,0.0,0.0,0.0,0.0,0.0,0.0,0.0,0.0,0.0,0.0,0.0,0.0,0.0,0.0,0.0,0.0,0.0,0.0,0.0,0.0,0.0,0.0,0.0,0.0,0.0,0.0,0.0,0.0,0.0,0.0,0.0,-0.1520668469390141,0.04561250029975363,-0.2410214530705953,-0.0010629286989569664,0.00034737493842840206,0.0008120244601741433,0.0,0.0,0.0,0.0,0.0,0.0,0.0,0.0,0.0,0.0,0.0,0.0,0.0,0.0,0.0,0.0,0.0,0.0,0.0,0.0,0.0,0.0,0.0,0.0,0.0,0.0,0.0,0.0,0.0,0.0,0.0,0.0,0.0,0.0,0.0,0.0
40084000000,3867,40084000000,map,base_link,9.02341079711914,-4.712199687957764,0.5142016410827637,0.8107040930745374,0.5853718259229854,-0.006646541299601012,-0.0073945653779697584,0.0,0.0,0.0,0.0,0.0,0.0,0.0,0.0,0.0,0.0,0.0,0.0,0.0,0.0,0.0,0.0,0.0,0.0,0.0,0.0,0.0,0.0,0.0,0.0,0.0,0.0,0.0,0.0,0.0,0.0,0.0,0.0,0.0,0.0,0.0,0.0,-0.1541574385739982,0.04534754308621264,-0.24022176448984248,-0.00017110677435994148,0.002033351920545101,-0.0007797315483912828,0.0,0.0,0.0,0.0,0.0,0.0,0.0,0.0,0.0,0.0,0.0,0.0,0.0,0.0,0.0,0.0,0.0,0.0,0.0,0.0,0.0,0.0,0.0,0.0,0.0,0.0,0.0,0.0,0.0,0.0,0.0,0.0,0.0,0.0,0.0,0.0
40097000000,3868,40097000000,map,base_link,9.022951126098633,-4.713861465454102,0.5151708722114563,0.8107149669614533,0.5853564844701274,-0.006634650002579401,-0.007415435270813207,0.0,0.0,0.0,0.0,0.0,0.0,0.0,0.0,0.0,0.0,0.0,0.0,0.0,0.0,0.0,0.0,0.0,0.0,0.0,0.0,0.0,0.0,0.0,0.0,0.0,0.0,0.0,0.0,0.0,0.0,0.0,0.0,0.0,0.0,0.0,0.0,-0.156073683348391,0.0452658566422131,-0.2396832335259395,0.0023422513622790575,0.002673409879207611,0.0011974720982834692,0.0,0.0,0.0,0.0,0.0,0.0,0.0,0.0,0.0,0.0,0.0,0.0,0.0,0.0,0.0,0.0,0.0,0.0,0.0,0.0,0.0,0.0,0.0,0.0,0.0,0.0,0.0,0.0,0.0,0.0,0.0,0.0,0.0,0.0,0.0,0.0
40108000000,3869,40108000000,map,base_link,9.022497177124023,-4.715559959411621,0.5162162184715271,0.810720382831487,0.5853490455513652,-0.006622458779693434,-0.00741878092386795,0.0,0.0,0.0,0.0,0.0,0.0,0.0,0.0,0.0,0.0,0.0,0.0,0.0,0.0,0.0,0.0,0.0,0.0,0.0,0.0,0.0,0.0,0.0,0.0,0.0,0.0,0.0,0.0,0.0,0.0,0.0,0.0,0.0,0.0,0.0,0.0,-0.15791945460835025,0.04489166659661958,-0.2393658631320663,0.0006324795540422201,-0.00024038739502429943,0.0015747884754091501,0.0,0.0,0.0,0.0,0.0,0.0,0.0,0.0,0.0,0.0,0.0,0.0,0.0,0.0,0.0,0.0,0.0,0.0,0.0,0.0,0.0,0.0,0.0,0.0,0.0,0.0,0.0,0.0,0.0,0.0,0.0,0.0,0.0,0.0,0.0,0.0
40121000000,3870,40120000000,map,base_link,9.022049903869629,-4.717293739318848,0.5173302292823792,0.8107332270835705,0.5853311436774602,-0.006640841802679581,-0.007430660655201641,0.0,0.0,0.0,0.0,0.0,0.0,0.0,0.0,0.0,0.0,0.0,0.0,0.0,0.0,0.0,0.0,0.0,0.0,0.0,0.0,0.0,0.0,0.0,0.0,0.0,0.0,0.0,0.0,0.0,0.0,0.0,0.0,0.0,0.0,0.0,0.0,-0.15948849306986296,0.04482787446300509,-0.23856570818778539,0.002394324168562889,-0.002070819493383169,0.0013853678246960046,0.0,0.0,0.0,0.0,0.0,0.0,0.0,0.0,0.0,0.0,0.0,0.0,0.0,0.0,0.0,0.0,0.0,0.0,0.0,0.0,0.0,0.0,0.0,0.0,0.0,0.0,0.0,0.0,0.0,0.0,0.0,0.0,0.0,0.0,0.0,0.0
40133000000,3871,40133000000,map,base_link,9.021601676940918,-4.719058513641357,0.5182448625564575,0.8107335537216466,0.5853306484519902,-0.006629844068237238,-0.007437975808755344,0.0,0.0,0.0,0.0,0.0,0.0,0.0,0.0,0.0,0.0,0.0,0.0,0.0,0.0,0.0,0.0,0.0,0.0,0.0,0.0,0.0,0.0,0.0,0.0,0.0,0.0,0.0,0.0,0.0,0.0,0.0,0.0,0.0,0.0,0.0,0.0,-0.16138726224947872,0.04444464705090237,-0.23763018954805254,0.0014321785420179367,0.0032650474458932877,-0.0012062321184203033,0.0,0.0,0.0,0.0,0.0,0.0,0.0,0.0,0.0,0.0,0.0,0.0,0.0,0.0,0.0,0.0,0.0,0.0,0.0,0.0,0.0,0.0,0.0,0.0,0.0,0.0,0.0,0.0,0.0,0.0,0.0,0.0,0.0,0.0,0.0,0.0
40141000000,3872,40141000000,map,base_link,9.0211763381958,-4.720167636871338,0.5182663798332214,0.8107424361699702,0.5853180570809976,-0.006628494916335541,-0.00745809347913455,0.0,0.0,0.0,0.0,0.0,0.0,0.0,0.0,0.0,0.0,0.0,0.0,0.0,0.0,0.0,0.0,0.0,0.0,0.0,0.0,0.0,0.0,0.0,0.0,0.0,0.0,0.0,0.0,0.0,0.0,0.0,0.0,0.0,0.0,0.0,0.0,-0.16255262503018056,0.04421230441238415,-0.23704115411732088,0.0033508262131363153,0.0027226554229855537,0.0016613405896350737,0.0,0.0,0.0,0.0,0.0,0.0,0.0,0.0,0.0,0.0,0.0,0.0,0.0,0.0,0.0,0.0,0.0,0.0,0.0,0.0,0.0,0.0,0.0,0.0,0.0,0.0,0.0,0.0,0.0,0.0,0.0,0.0,0.0,0.0,0.0,0.0
40149000000,3873,40149000000,map,base_link,9.020620346069336,-4.719887733459473,0.5168864727020264,0.8107521826286884,0.5853045174059135,-0.0066197562365097684,-0.007463207529988384,0.0,0.0,0.0,0.0,0.0,0.0,0.0,0.0,0.0,0.0,0.0,0.0,0.0,0.0,0.0,0.0,0.0,0.0,0.0,0.0,0.0,0.0,0.0,0.0,0.0,0.0,0.0,0.0,0.0,0.0,0.0,0.0,0.0,0.0,0.0,0.0,-0.1621041862899222,0.04314409840764203,-0.23544547271468505,-0.0013882501516491175,0.001617446541786194,0.0026556788943707943,0.0,0.0,0.0,0.0,0.0,0.0,0.0,0.0,0.0,0.0,0.0,0.0,0.0,0.0,0.0,0.0,0.0,0.0,0.0,0.0,0.0,0.0,0.0,0.0,0.0,0.0,0.0,0.0,0.0,0.0,0.0,0.0,0.0,0.0,0.0,0.0
40160000000,3874,40160000000,map,base_link,9.020044326782227,-4.72030782699585,0.5165190696716309,0.8107576933291312,0.5852972365378332,-0.00663636184786887,-0.007429125464476437,0.0,0.0,0.0,0.0,0.0,0.0,0.0,0.0,0.0,0.0,0.0,0.0,0.0,0.0,0.0,0.0,0.0,0.0,0.0,0.0,0.0,0.0,0.0,0.0,0.0,0.0,0.0,0.0,0.0,0.0,0.0,0.0,0.0,0.0,0.0,0.0,-0.1625204775823415,0.04193497722843731,-0.23396654921214444,-0.0004698059638030827,-0.0007496741600334645,-0.0006780532421544193,0.0,0.0,0.0,0.0,0.0,0.0,0.0,0.0,0.0,0.0,0.0,0.0,0.0,0.0,0.0,0.0,0.0,0.0,0.0,0.0,0.0,0.0,0.0,0.0,0.0,0.0,0.0,0.0,0.0,0.0,0.0,0.0,0.0,0.0,0.0,0.0
40172000000,3875,40172000000,map,base_link,9.019469261169434,-4.720757484436035,0.5162251591682434,0.8107580515773435,0.5852968782896208,-0.006647912142312443,-0.0074098701992894676,0.0,0.0,0.0,0.0,0.0,0.0,0.0,0.0,0.0,0.0,0.0,0.0,0.0,0.0,0.0,0.0,0.0,0.0,0.0,0.0,0.0,0.0,0.0,0.0,0.0,0.0,0.0,0.0,0.0,0.0,0.0,0.0,0.0,0.0,0.0,0.0,-0.16267311122366207,0.04104900950681845,-0.2328793132152556,0.002007066272199154,-0.0006116637960076334,-0.0015273584285750985,0.0,0.0,0.0,0.0,0.0,0.0,0.0,0.0,0.0,0.0,0.0,0.0,0.0,0.0,0.0,0.0,0.0,0.0,0.0,0.0,0.0,0.0,0.0,0.0,0.0,0.0,0.0,0.0,0.0,0.0,0.0,0.0,0.0,0.0,0.0,0.0
40185000000,3876,40185000000,map,base_link,9.018892288208008,-4.721235752105713,0.515783429145813,0.8107705375812149,0.5852797561324133,-0.006691684175771459,-0.007355075447855837,0.0,0.0,0.0,0.0,0.0,0.0,0.0,0.0,0.0,0.0,0.0,0.0,0.0,0.0,0.0,0.0,0.0,0.0,0.0,0.0,0.0,0.0,0.0,0.0,0.0,0.0,0.0,0.0,0.0,0.0,0.0,0.0,0.0,0.0,0.0,0.0,-0.16312363428103635,0.03987900263814459,-0.23167527030966012,0.0008955395896919072,-0.0026848795823752876,0.0019564640242606406,0.0,0.0,0.0,0.0,0.0,0.0,0.0,0.0,0.0,0.0,0.0,0.0,0.0,0.0,0.0,0.0,0.0,0.0,0.0,0.0,0.0,0.0,0.0,0.0,0.0,0.0,0.0,0.0,0.0,0.0,0.0,0.0,0.0,0.0,0.0,0.0
40193000000,3877,40193000000,map,base_link,9.018351554870605,-4.721058368682861,0.5144850015640259,0.8107786087027047,0.5852687347315277,-0.006708587963736065,-0.007323860170643749,0.0,0.0,0.0,0.0,0.0,0.0,0.0,0.0,0.0,0.0,0.0,0.0,0.0,0.0,0.0,0.0,0.0,0.0,0.0,0.0,0.0,0.0,0.0,0.0,0.0,0.0,0.0,0.0,0.0,0.0,0.0,0.0,0.0,0.0,0.0,0.0,-0.1630258230239688,0.03890224653417426,-0.23023168197316504,2.9572402127087116e-06,-0.0022426068317145105,0.0019724124576896433,0.0,0.0,0.0,0.0,0.0,0.0,0.0,0.0,0.0,0.0,0.0,0.0,0.0,0.0,0.0,0.0,0.0,0.0,0.0,0.0,0.0,0.0,0.0,0.0,0.0,0.0,0.0,0.0,0.0,0.0,0.0,0.0,0.0,0.0,0.0,0.0
40201000000,3878,40200000000,map,base_link,9.017817497253418,-4.720896244049072,0.5132547616958618,0.8107885448222412,0.5852551739830193,-0.006717388464427524,-0.007299375773950173,0.0,0.0,0.0,0.0,0.0,0.0,0.0,0.0,0.0,0.0,0.0,0.0,0.0,0.0,0.0,0.0,0.0,0.0,0.0,0.0,0.0,0.0,0.0,0.0,0.0,0.0,0.0,0.0,0.0,0.0,0.0,0.0,0.0,0.0,0.0,0.0,-0.1626157910482951,0.037989621923967584,-0.22903647218842713,-0.00038819602923467755,0.0007137400098145011,0.002756645670160651,0.0,0.0,0.0,0.0,0.0,0.0,0.0,0.0,0.0,0.0,0.0,0.0,0.0,0.0,0.0,0.0,0.0,0.0,0.0,0.0,0.0,0.0,0.0,0.0,0.0,0.0,0.0,0.0,0.0,0.0,0.0,0.0,0.0,0.0,0.0,0.0
40213000000,3879,40213000000,map,base_link,9.017241477966309,-4.72143030166626,0.5130085945129395,0.810796615943731,0.5852439839947398,-0.00673998672791169,-0.0072797659854432345,0.0,0.0,0.0,0.0,0.0,0.0,0.0,0.0,0.0,0.0,0.0,0.0,0.0,0.0,0.0,0.0,0.0,0.0,0.0,0.0,0.0,0.0,0.0,0.0,0.0,0.0,0.0,0.0,0.0,0.0,0.0,0.0,0.0,0.0,0.0,0.0,-0.16328463791257766,0.037072710562537456,-0.22770129346920454,0.0018257825868204236,0.002031954936683178,0.0006587849347852168,0.0,0.0,0.0,0.0,0.0,0.0,0.0,0.0,0.0,0.0,0.0,0.0,0.0,0.0,0.0,0.0,0.0,0.0,0.0,0.0,0.0,0.0,0.0,0.0,0.0,0.0,0.0,0.0,0.0,0.0,0.0,0.0,0.0,0.0,0.0,0.0
