%time,field.header.seq,field.header.stamp,field.header.frame_id,field.x,field.y,field.z,field.r,field.buttons
39997000000,1023,39997000000,,0.0,0.0,0.5,0.0,0
40063000000,1024,40063000000,,0.0,0.0,0.5,0.0,0
40079000000,1025,40079000000,,0.0,0.0,0.5,0.0,0
40118000000,1026,40118000000,,0.0,0.0,0.5,0.0,0
40180000000,1027,40180000000,,0.0,0.0,0.5,0.0,0
40198000000,1028,40198000000,,0.0,0.0,0.5,0.0,0
40297000000,1029,40297000000,,0.0,0.0,0.5,0.0,0
40329000000,1030,40329000000,,0.0,0.0,0.5,0.0,0
40352000000,1031,40351000000,,0.0,0.0,0.5,0.0,0
40397000000,1032,40397000000,,0.0,0.0,0.5,0.0,0
40431000000,1033,40431000000,,0.0,0.0,0.5,0.0,0
40463000000,1034,40463000000,,0.0,0.0,0.5,0.0,0
40513000000,1035,40513000000,,0.0,0.0,0.5,0.0,0
40547000000,1036,40547000000,,0.0,0.0,0.5,0.0,0
40583000000,1037,40583000000,,0.0,0.0,0.5,0.0,0
40664000000,1038,40664000000,,0.0,0.0,0.5,0.0,0
40714000000,1039,40714000000,,0.0,0.0,0.5,0.0,0
40764000000,1040,40764000000,,0.0,0.0,0.5,0.0,0
40780000000,1041,40780000000,,0.0,0.0,0.5,0.0,0
40830000000,1042,40830000000,,0.0,0.0,0.5,0.0,0
40865000000,1043,40864000000,,0.0,0.0,0.5,0.0,0
40915000000,1044,40915000000,,0.0,0.0,0.5,0.0,0
40946000000,1045,40946000000,,0.0,0.0,0.5,0.0,0
40984000000,1046,40984000000,,0.0,0.0,0.5,0.0,0
41031000000,1047,41031000000,,0.0,0.0,0.5,0.0,0
41064000000,1048,41064000000,,0.0,0.0,0.5,0.0,0
41114000000,1049,41114000000,,0.0,0.0,0.5,0.0,0
41147000000,1050,41147000000,,0.0,0.0,0.5,0.0,0
41197000000,1051,41197000000,,0.0,0.0,0.5,0.0,0
41230000000,1052,41230000000,,0.0,0.0,0.5,0.0,0
41264000000,1053,41264000000,,0.0,0.0,0.5,0.0,0
41313000000,1054,41313000000,,0.0,0.0,0.5,0.0,0
41347000000,1055,41347000000,,0.0,0.0,0.5,0.0,0
41397000000,1056,41397000000,,0.0,0.0,0.5,0.0,0
41430000000,1057,41430000000,,0.0,0.0,0.5,0.0,0
41463000000,1058,41463000000,,0.0,0.0,0.5,0.0,0
41513000000,1059,41513000000,,0.0,0.0,0.5,0.0,0
41548000000,1060,41548000000,,0.0,0.0,0.5,0.0,0
41598000000,1061,41598000000,,0.0,0.0,0.5,0.0,0
41631000000,1062,41631000000,,0.0,0.0,0.5,0.0,0
41664000000,1063,41664000000,,0.0,0.0,0.5,0.0,0
41714000000,1064,41714000000,,0.0,0.0,0.5,0.0,0
41748000000,1065,41748000000,,0.0,0.0,0.5,0.0,0
41798000000,1066,41798000000,,0.0,0.0,0.5,0.0,0
41831000000,1067,41831000000,,0.0,0.0,0.5,0.0,0
41864000000,1068,41864000000,,0.0,0.0,0.5,0.0,0
41914000000,1069,41914000000,,0.0,0.0,0.5,0.0,0
41948000000,1070,41948000000,,0.0,0.0,0.5,0.0,0
41998000000,1071,41998000000,,0.0,0.0,0.5,0.0,0
42031000000,1072,42031000000,,0.0,0.0,0.5,0.0,0
42067000000,1073,42067000000,,0.0,0.0,0.5,0.0,0
42114000000,1074,42114000000,,0.0,0.0,0.5,0.0,0
42148000000,1075,42148000000,,0.0,0.0,0.5,0.0,0
42198000000,1076,42198000000,,0.0,0.0,0.5,0.0,0
42231000000,1077,42231000000,,0.0,0.0,0.5,0.0,0
42263000000,1078,42263000000,,0.0,0.0,0.5,0.0,0
42315000000,1079,42315000000,,0.0,0.0,0.5,0.0,0
42348000000,1080,42348000000,,0.0,0.0,0.5,0.0,0
42399000000,1081,42399000000,,0.0,0.0,0.5,0.0,0
42431000000,1082,42431000000,,0.0,0.0,0.5,0.0,0
42467000000,1083,42467000000,,0.0,0.0,0.5,0.0,0
42515000000,1084,42515000000,,0.0,0.0,0.5,0.0,0
42547000000,1085,42547000000,,0.0,0.0,0.5,0.0,0
42597000000,1086,42597000000,,0.0,0.0,0.5,0.0,0
42631000000,1087,42631000000,,0.0,0.0,0.5,0.0,0
42664000000,1088,42664000000,,0.0,0.0,0.5,0.0,0
42714000000,1089,42714000000,,0.0,0.0,0.5,0.0,0
42747000000,1090,42747000000,,0.0,0.0,0.5,0.0,0
42797000000,1091,42797000000,,0.0,0.0,0.5,0.0,0
42830000000,1092,42830000000,,0.0,0.0,0.5,0.0,0
42865000000,1093,42864000000,,0.0,0.0,0.5,0.0,0
42915000000,1094,42915000000,,0.0,0.0,0.5,0.0,0
42948000000,1095,42948000000,,0.0,0.0,0.5,0.0,0
42998000000,1096,42998000000,,0.0,0.0,0.5,0.0,0
43031000000,1097,43031000000,,0.0,0.0,0.5,0.0,0
43064000000,1098,43064000000,,0.0,0.0,0.5,0.0,0
43114000000,1099,43114000000,,0.0,0.0,0.5,0.0,0
43148000000,1100,43148000000,,0.0,0.0,0.5,0.0,0
43199000000,1101,43199000000,,0.0,0.0,0.5,0.0,0
43232000000,1102,43231000000,,0.0,0.0,0.5,0.0,0
43264000000,1103,43264000000,,0.0,0.0,0.5,0.0,0
43314000000,1104,43314000000,,0.0,0.0,0.5,0.0,0
43347000000,1105,43347000000,,0.0,0.0,0.5,0.0,0
43398000000,1106,43398000000,,0.0,0.0,0.5,0.0,0
43431000000,1107,43431000000,,0.0,0.0,0.5,0.0,0
43465000000,1108,43465000000,,0.0,0.0,0.5,0.0,0
43515000000,1109,43515000000,,0.0,0.0,0.5,0.0,0
43550000000,1110,43549000000,,0.0,0.0,0.5,0.0,0
43581000000,1111,43581000000,,0.0,0.0,0.5,0.0,0
43631000000,1112,43631000000,,0.0,0.0,0.5,0.0,0
43665000000,1113,43665000000,,0.0,0.0,0.5,0.0,0
43715000000,1114,43715000000,,0.0,0.0,0.5,0.0,0
43748000000,1115,43748000000,,0.0,0.0,0.5,0.0,0
43781000000,1116,43781000000,,0.0,0.0,0.5,0.0,0
43831000000,1117,43831000000,,0.0,0.0,0.5,0.0,0
43865000000,1118,43865000000,,0.0,0.0,0.5,0.0,0
43915000000,1119,43915000000,,0.0,0.0,0.5,0.0,0
43948000000,1120,43948000000,,0.0,0.0,0.5,0.0,0
43981000000,1121,43981000000,,0.0,0.0,0.5,0.0,0
44031000000,1122,44031000000,,0.0,0.0,0.5,0.0,0
44066000000,1123,44065000000,,0.0,0.0,0.5,0.0,0
44101000000,1124,44101000000,,0.0,0.0,0.5,0.0,0
44164000000,1125,44164000000,,0.0,0.0,0.5,0.0,0
44199000000,1126,44199000000,,0.0,0.0,0.5,0.0,0
44249000000,1127,44249000000,,0.0,0.0,0.5,0.0,0
44282000000,1128,44282000000,,0.0,0.0,0.5,0.0,0
44331000000,1129,44331000000,,0.0,0.0,0.5,0.0,0
44347000000,1130,44347000000,,0.0,0.0,0.5,0.0,0
44381000000,1131,44381000000,,0.0,0.0,0.5,0.0,0
44450000000,1132,44450000000,,0.0,0.0,0.5,0.0,0
44464000000,1133,44464000000,,0.0,0.0,0.5,0.0,0
44500000000,1134,44500000000,,0.0,0.0,0.5,0.0,0
44566000000,1135,44566000000,,0.0,0.0,0.5,0.0,0
44599000000,1136,44599000000,,0.0,0.0,0.5,0.0,0
44649000000,1137,44649000000,,0.0,0.0,0.5,0.0,0
44666000000,1138,44666000000,,0.0,0.0,0.5,0.0,0
44701000000,1139,44701000000,,0.0,0.0,0.5,0.0,0
44748000000,1140,44748000000,,0.0,0.0,0.5,0.0,0
44781000000,1141,44781000000,,0.0,0.0,0.5,0.0,0
44833000000,1142,44833000000,,0.0,0.0,0.5,0.0,0
44881000000,1143,44881000000,,0.0,0.0,0.5,0.0,0
44916000000,1144,44916000000,,0.0,0.0,0.5,0.0,0
44966000000,1145,44966000000,,0.0,0.0,0.5,0.0,0
44983000000,1146,44983000000,,0.0,0.0,0.5,0.0,0
45032000000,1147,45031000000,,0.0,0.0,0.5,0.0,0
45082000000,1148,45082000000,,0.0,0.0,0.5,0.0,0
45115000000,1149,45115000000,,0.0,0.0,0.5,0.0,0
45149000000,1150,45149000000,,0.0,0.0,0.5,0.0,0
45182000000,1151,45182000000,,0.0,0.0,0.5,0.0,0
45221000000,1152,45221000000,,0.0,0.0,0.5,0.0,0
45282000000,1153,45282000000,,0.0,0.0,0.5,0.0,0
45316000000,1154,45316000000,,0.0,0.0,0.5,0.0,0
45349000000,1155,45349000000,,0.0,0.0,0.5,0.0,0
45382000000,1156,45382000000,,0.0,0.0,0.5,0.0,0
45432000000,1157,45432000000,,0.0,0.0,0.5,0.0,0
45484000000,1158,45484000000,,0.0,0.0,0.5,0.0,0
45515000000,1159,45515000000,,0.0,0.0,0.5,0.0,0
45549000000,1160,45549000000,,0.0,0.0,0.5,0.0,0
45582000000,1161,45582000000,,0.0,0.0,0.5,0.0,0
45683000000,1162,45683000000,,0.0,0.0,0.5,0.0,0
45716000000,1163,45716000000,,0.0,0.0,0.5,0.0,0
45749000000,1164,45749000000,,0.0,0.0,0.5,0.0,0
45799000000,1165,45799000000,,0.0,0.0,0.5,0.0,0
45849000000,1166,45848000000,,0.0,0.0,0.5,0.0,0
45881000000,1167,45881000000,,0.0,0.0,0.5,0.0,0
45917000000,1168,45917000000,,0.0,0.0,0.5,0.0,0
45948000000,1169,45948000000,,0.0,0.0,0.5,0.0,0
45983000000,1170,45983000000,,0.0,0.0,0.5,0.0,0
46020000000,1171,46020000000,,0.0,0.0,0.5,0.0,0
46082000000,1172,46082000000,,0.0,0.0,0.5,0.0,0
46132000000,1173,46132000000,,0.0,0.0,0.5,0.0,0
46149000000,1174,46149000000,,0.0,0.0,0.5,0.0,0
46199000000,1175,46199000000,,0.0,0.0,0.5,0.0,0
46248000000,1176,46248000000,,0.0,0.0,0.5,0.0,0
46282000000,1177,46282000000,,0.0,0.0,0.5,0.0,0
46333000000,1178,46332000000,,0.0,0.0,0.5,0.0,0
46350000000,1179,46350000000,,0.0,0.0,0.5,0.0,0
46400000000,1180,46400000000,,0.0,0.0,0.5,0.0,0
46433000000,1181,46433000000,,0.0,0.0,0.5,0.0,0
46483000000,1182,46483000000,,0.0,0.0,0.5,0.0,0
46531000000,1183,46531000000,,0.0,0.0,0.5,0.0,0
46566000000,1184,46566000000,,0.0,0.0,0.5,0.0,0
46600000000,1185,46600000000,,0.0,0.0,0.5,0.0,0
46650000000,1186,46650000000,,0.0,0.0,0.5,0.0,0
46683000000,1187,46683000000,,0.0,0.0,0.5,0.0,0
46715000000,1188,46715000000,,0.0,0.0,0.5,0.0,0
46765000000,1189,46765000000,,0.0,0.0,0.5,0.0,0
46782000000,1190,46782000000,,0.0,0.0,0.5,0.0,0
46820000000,1191,46820000000,,0.0,0.0,0.5,0.0,0
46882000000,1192,46882000000,,0.0,0.0,0.5,0.0,0
46933000000,1193,46933000000,,0.0,0.0,0.5,0.0,0
46948000000,1194,46948000000,,0.0,0.0,0.5,0.0,0
46998000000,1195,46998000000,,0.0,0.0,0.5,0.0,0
47048000000,1196,47048000000,,0.0,0.0,0.5,0.0,0
47083000000,1197,47083000000,,0.0,0.0,0.5,0.0,0
47133000000,1198,47133000000,,0.0,0.0,0.5,0.0,0
47150000000,1199,47150000000,,0.0,0.0,0.5,0.0,0
47199000000,1200,47199000000,,0.0,0.0,0.5,0.0,0
47232000000,1201,47232000000,,0.0,0.0,0.5,0.0,0
47282000000,1202,47282000000,,0.0,0.0,0.5,0.0,0
47332000000,1203,47332000000,,0.0,0.0,0.5,0.0,0
47353000000,1204,47353000000,,0.0,0.0,0.5,0.0,0
47400000000,1205,47400000000,,0.0,0.0,0.5,0.0,0
47435000000,1206,47434000000,,0.0,0.0,0.5,0.0,0
47485000000,1207,47484000000,,0.0,0.0,0.5,0.0,0
47517000000,1208,47517000000,,0.0,0.0,0.5,0.0,0
47550000000,1209,47550000000,,0.0,0.0,0.5,0.0,0
47600000000,1210,47600000000,,0.0,0.0,0.5,0.0,0
47650000000,1211,47650000000,,0.0,0.0,0.5,0.0,0
47683000000,1212,47683000000,,0.0,0.0,0.5,0.0,0
47701000000,1213,47701000000,,0.0,0.0,0.5,0.0,0
47766000000,1214,47766000000,,0.0,0.0,0.5,0.0,0
47799000000,1215,47799000000,,0.0,0.0,0.5,0.0,0
47849000000,1216,47849000000,,0.0,0.0,0.5,0.0,0
47882000000,1217,47882000000,,0.0,0.0,0.5,0.0,0
47917000000,1218,47917000000,,0.0,0.0,0.5,0.0,0
47950000000,1219,47950000000,,0.0,0.0,0.5,0.0,0
48000000000,1220,48000000000,,0.0,0.0,0.5,0.0,0
48033000000,1221,48033000000,,0.0,0.0,0.5,0.0,0
48084000000,1222,48084000000,,0.0,0.0,0.5,0.0,0
48116000000,1223,48116000000,,0.0,0.0,0.5,0.0,0
48150000000,1224,48150000000,,0.0,0.0,0.5,0.0,0
48200000000,1225,48200000000,,0.0,0.0,0.5,0.0,0
48233000000,1226,48233000000,,0.0,0.0,0.5,0.0,0
48283000000,1227,48283000000,,0.0,0.0,0.5,0.0,0
48315000000,1228,48315000000,,0.0,0.0,0.5,0.0,0
48366000000,1229,48366000000,,0.0,0.0,0.5,0.0,0
48400000000,1230,48400000000,,0.0,0.0,0.5,0.0,0
48433000000,1231,48433000000,,0.0,0.0,0.5,0.0,0
48483000000,1232,48483000000,,0.0,0.0,0.5,0.0,0
48518000000,1233,48518000000,,0.0,0.0,0.5,0.0,0
48549000000,1234,48549000000,,0.0,0.0,0.5,0.0,0
48599000000,1235,48599000000,,0.0,0.0,0.5,0.0,0
48668000000,1236,48668000000,,0.0,0.0,0.5,0.0,0
48699000000,1237,48699000000,,0.0,0.0,0.5,0.0,0
48749000000,1238,48749000000,,0.0,0.0,0.5,0.0,0
48799000000,1239,48799000000,,0.0,0.0,0.5,0.0,0
48819000000,1240,48819000000,,0.0,0.0,0.5,0.0,0
48882000000,1241,48882000000,,0.0,0.0,0.5,0.0,0
48917000000,1242,48917000000,,0.0,0.0,0.5,0.0,0
48951000000,1243,48951000000,,0.0,0.0,0.5,0.0,0
49000000000,1244,49000000000,,0.0,0.0,0.5,0.0,0
49033000000,1245,49033000000,,0.0,0.0,0.5,0.0,0
49083000000,1246,49083000000,,0.0,0.0,0.5,0.0,0
49100000000,1247,49100000000,,0.0,0.0,0.5,0.0,0
49150000000,1248,49150000000,,0.0,0.0,0.5,0.0,0
49200000000,1249,49200000000,,0.0,0.0,0.5,0.0,0
49219000000,1250,49218000000,,0.0,0.0,0.5,0.0,0
49282000000,1251,49282000000,,0.0,0.0,0.5,0.0,0
49317000000,1252,49317000000,,0.0,0.0,0.5,0.0,0
49350000000,1253,49350000000,,0.0,0.0,0.5,0.0,0
49399000000,1254,49399000000,,0.0,0.0,0.5,0.0,0
49420000000,1255,49420000000,,0.0,0.0,0.5,0.0,0
49484000000,1256,49484000000,,0.0,0.0,0.5,0.0,0
49520000000,1257,49520000000,,0.0,0.0,0.5,0.0,0
49538000000,1258,49538000000,,0.0,0.0,0.5,0.0,0
49601000000,1259,49601000000,,0.0,0.0,0.5,0.0,0
49645000000,1260,49645000000,,0.0,0.0,0.5,0.0,0
49668000000,1261,49668000000,,0.0,0.0,0.5,0.0,0
49699000000,1262,49699000000,,0.0,0.0,0.5,0.0,0
49739000000,1263,49739000000,,0.0,0.0,0.5,0.0,0
49800000000,1264,49800000000,,0.0,0.0,0.5,0.0,0
49819000000,1265,49818000000,,0.0,0.0,0.5,0.0,0
49884000000,1266,49884000000,,0.0,0.0,0.5,0.0,0
49903000000,1267,49903000000,,0.0,0.0,0.5,0.0,0
49953000000,1268,49953000000,,0.0,0.0,0.5,0.0,0
49984000000,1269,49984000000,,0.0,0.0,0.5,0.0,0
50019000000,1270,50019000000,,0.0,0.0,0.5,0.0,0
50083000000,1271,50083000000,,0.0,0.0,0.5,0.0,0
50100000000,1272,50100000000,,0.0,0.0,0.5,0.0,0
50137000000,1273,50137000000,,0.0,0.0,0.5,0.0,0
50200000000,1274,50200000000,,0.0,0.0,0.5,0.0,0
50234000000,1275,50234000000,,0.0,0.0,0.5,0.0,0
50282000000,1276,50282000000,,0.0,0.0,0.5,0.0,0
50317000000,1277,50317000000,,0.0,0.0,0.5,0.0,0
50350000000,1278,50350000000,,0.0,0.0,0.5,0.0,0
50399000000,1279,50399000000,,0.0,0.0,0.5,0.0,0
50435000000,1280,50435000000,,0.0,0.0,0.5,0.0,0
50484000000,1281,50484000000,,0.0,0.0,0.5,0.0,0
50517000000,1282,50517000000,,0.0,0.0,0.5,0.0,0
50550000000,1283,50550000000,,0.0,0.0,0.5,0.0,0
50584000000,1284,50584000000,,0.0,0.0,0.5,0.0,0
50641000000,1285,50641000000,,0.0,0.0,0.5,0.0,0
50683000000,1286,50683000000,,0.0,0.0,0.5,0.0,0
50718000000,1287,50718000000,,0.0,0.0,0.5,0.0,0
50751000000,1288,50750000000,,0.0,0.0,0.5,0.0,0
50801000000,1289,50800000000,,0.0,0.0,0.5,0.0,0
50818000000,1290,50818000000,,0.0,0.0,0.5,0.0,0
50867000000,1291,50866000000,,0.0,0.0,0.5,0.0,0
50901000000,1292,50901000000,,0.0,0.0,0.5,0.0,0
50951000000,1293,50951000000,,0.0,0.0,0.5,0.0,0
51001000000,1294,51001000000,,0.0,0.0,0.5,0.0,0
51017000000,1295,51017000000,,0.0,0.0,0.5,0.0,0
51084000000,1296,51084000000,,0.0,0.0,0.5,0.0,0
51101000000,1297,51101000000,,0.0,0.0,0.5,0.0,0
51137000000,1298,51137000000,,0.0,0.0,0.5,0.0,0
51185000000,1299,51184000000,,0.0,0.0,0.5,0.0,0
51217000000,1300,51217000000,,0.0,0.0,0.5,0.0,0
51283000000,1301,51283000000,,0.0,0.0,0.5,0.0,0
51318000000,1302,51318000000,,0.0,0.0,0.5,0.0,0
51351000000,1303,51350000000,,0.0,0.0,0.5,0.0,0
51383000000,1304,51383000000,,0.0,0.0,0.5,0.0,0
51418000000,1305,51418000000,,0.0,0.0,0.5,0.0,0
51483000000,1306,51483000000,,0.0,0.0,0.5,0.0,0
51501000000,1307,51501000000,,0.0,0.0,0.5,0.0,0
51538000000,1308,51538000000,,0.0,0.0,0.5,0.0,0
51601000000,1309,51601000000,,0.0,0.0,0.5,0.0,0
51633000000,1310,51633000000,,0.0,0.0,0.5,0.0,0
51684000000,1311,51684000000,,0.0,0.0,0.5,0.0,0
51701000000,1312,51701000000,,0.0,0.0,0.5,0.0,0
51737000000,1313,51737000000,,0.0,0.0,0.5,0.0,0
51801000000,1314,51801000000,,0.0,0.0,0.5,0.0,0
51834000000,1315,51834000000,,0.0,0.0,0.5,0.0,0
51868000000,1316,51868000000,,0.0,0.0,0.5,0.0,0
51920000000,1317,51920000000,,0.0,0.0,0.5,0.0,0
51951000000,1318,51951000000,,0.0,0.0,0.5,0.0,0
52001000000,1319,52001000000,,0.0,0.0,0.5,0.0,0
52018000000,1320,52018000000,,0.0,0.0,0.5,0.0,0
52068000000,1321,52068000000,,0.0,0.0,0.5,0.0,0
52103000000,1322,52103000000,,0.0,0.0,0.5,0.0,0
52137000000,1323,52137000000,,0.0,0.0,0.5,0.0,0
52184000000,1324,52184000000,,0.0,0.0,0.5,0.0,0
52234000000,1325,52234000000,,0.0,0.0,0.5,0.0,0
52267000000,1326,52267000000,,0.0,0.0,0.5,0.0,0
52317000000,1327,52317000000,,0.0,0.0,0.5,0.0,0
52351000000,1328,52351000000,,0.0,0.0,0.5,0.0,0
52402000000,1329,52402000000,,0.0,0.0,0.5,0.0,0
52417000000,1330,52417000000,,0.0,0.0,0.5,0.0,0
52467000000,1331,52467000000,,0.0,0.0,0.5,0.0,0
52502000000,1332,52502000000,,0.0,0.0,0.5,0.0,0
52552000000,1333,52552000000,,0.0,0.0,0.5,0.0,0
52600000000,1334,52600000000,,0.0,0.0,0.5,0.0,0
52667000000,1335,52667000000,,0.0,0.0,0.5,0.0,0
52700000000,1336,52700000000,,0.0,0.0,0.5,0.0,0
52736000000,1337,52736000000,,0.0,0.0,0.5,0.0,0
52800000000,1338,52800000000,,0.0,0.0,0.5,0.0,0
52835000000,1339,52835000000,,0.0,0.0,0.5,0.0,0
52868000000,1340,52867000000,,0.0,0.0,0.5,0.0,0
52918000000,1341,52918000000,,0.0,0.0,0.5,0.0,0
52952000000,1342,52952000000,,0.0,0.0,0.5,0.0,0
53001000000,1343,53001000000,,0.0,0.0,0.5,0.0,0
53035000000,1344,53035000000,,0.0,0.0,0.5,0.0,0
53057000000,1345,53057000000,,0.0,0.0,0.5,0.0,0
53101000000,1346,53101000000,,0.0,0.0,0.5,0.0,0
53136000000,1347,53136000000,,0.0,0.0,0.5,0.0,0
53186000000,1348,53186000000,,0.0,0.0,0.5,0.0,0
53234000000,1349,53234000000,,0.0,0.0,0.5,0.0,0
53286000000,1350,53286000000,,0.0,0.0,0.5,0.0,0
53319000000,1351,53318000000,,0.0,0.0,0.5,0.0,0
53351000000,1352,53351000000,,0.0,0.0,0.5,0.0,0
53401000000,1353,53401000000,,0.0,0.0,0.5,0.0,0
53436000000,1354,53436000000,,0.0,0.0,0.5,0.0,0
53457000000,1355,53457000000,,0.0,0.0,0.5,0.0,0
53501000000,1356,53501000000,,0.0,0.0,0.5,0.0,0
53535000000,1357,53535000000,,0.0,0.0,0.5,0.0,0
53601000000,1358,53601000000,,0.0,0.0,0.5,0.0,0
53657000000,1359,53657000000,,0.0,0.0,0.5,0.0,0
53718000000,1360,53718000000,,0.0,0.0,0.5,0.0,0
53735000000,1361,53735000000,,0.0,0.0,0.5,0.0,0
53785000000,1362,53785000000,,0.0,0.0,0.5,0.0,0
53835000000,1363,53835000000,,0.0,0.0,0.5,0.0,0
53868000000,1364,53868000000,,0.0,0.0,0.5,0.0,0
53919000000,1365,53919000000,,0.0,0.0,0.5,0.0,0
53936000000,1366,53936000000,,0.0,0.0,0.5,0.0,0
54002000000,1367,54002000000,,0.0,0.0,0.5,0.0,0
54019000000,1368,54019000000,,0.0,0.0,0.5,0.0,0
54068000000,1369,54068000000,,0.0,0.0,0.5,0.0,0
54102000000,1370,54102000000,,0.0,0.0,0.5,0.0,0
54136000000,1371,54136000000,,0.0,0.0,0.5,0.0,0
54202000000,1372,54202000000,,0.0,0.0,0.5,0.0,0
54237000000,1373,54237000000,,0.0,0.0,0.5,0.0,0
54270000000,1374,54270000000,,0.0,0.0,0.5,0.0,0
54318000000,1375,54318000000,,0.0,0.0,0.5,0.0,0
54337000000,1376,54337000000,,0.0,0.0,0.5,0.0,0
54401000000,1377,54401000000,,0.0,0.0,0.5,0.0,0
54418000000,1378,54418000000,,0.0,0.0,0.5,0.0,0
54486000000,1379,54486000000,,0.0,0.0,0.5,0.0,0
54501000000,1380,54501000000,,0.0,0.0,0.5,0.0,0
54536000000,1381,54536000000,,0.0,0.0,0.5,0.0,0
54586000000,1382,54585000000,,0.0,0.0,0.5,0.0,0
54647000000,1383,54647000000,,0.0,0.0,0.5,0.0,0
54656000000,1384,54656000000,,0.0,0.0,0.5,0.0,0
54703000000,1385,54703000000,,0.0,0.0,0.5,0.0,0
54736000000,1386,54736000000,,0.0,0.0,0.5,0.0,0
54803000000,1387,54803000000,,0.0,0.0,0.5,0.0,0
54835000000,1388,54835000000,,0.0,0.0,0.5,0.0,0
54885000000,1389,54885000000,,0.0,0.0,0.5,0.0,0
54920000000,1390,54919000000,,0.0,0.0,0.5,0.0,0
54935000000,1391,54935000000,,0.0,0.0,0.5,0.0,0
55003000000,1392,55003000000,,0.0,0.0,0.5,0.0,0
55020000000,1393,55020000000,,0.0,0.0,0.5,0.0,0
55056000000,1394,55056000000,,0.0,0.0,0.5,0.0,0
55103000000,1395,55103000000,,0.0,0.0,0.5,0.0,0
55137000000,1396,55137000000,,0.0,0.0,0.5,0.0,0
55201000000,1397,55201000000,,0.0,0.0,0.5,0.0,0
55236000000,1398,55236000000,,0.0,0.0,0.5,0.0,0
55269000000,1399,55269000000,,0.0,0.0,0.5,0.0,0
55319000000,1400,55319000000,,0.0,0.0,0.5,0.0,0
55336000000,1401,55336000000,,0.0,0.0,0.5,0.0,0
55403000000,1402,55403000000,,0.0,0.0,0.5,0.0,0
55435000000,1403,55435000000,,0.0,0.0,0.5,0.0,0
55468000000,1404,55468000000,,0.0,0.0,0.5,0.0,0
55518000000,1405,55518000000,,0.0,0.0,0.5,0.0,0
55537000000,1406,55537000000,,0.0,0.0,0.5,0.0,0
55603000000,1407,55603000000,,0.0,0.0,0.5,0.0,0
55656000000,1408,55656000000,,0.0,0.0,0.5,0.0,0
55703000000,1409,55703000000,,0.0,0.0,0.5,0.0,0
55736000000,1410,55736000000,,0.0,0.0,0.5,0.0,0
55802000000,1411,55802000000,,0.0,0.0,0.5,0.0,0
55836000000,1412,55836000000,,0.0,0.0,0.5,0.0,0
55869000000,1413,55869000000,,0.0,0.0,0.5,0.0,0
55919000000,1414,55919000000,,0.0,0.0,0.5,0.0,0
55936000000,1415,55936000000,,0.0,0.0,0.5,0.0,0
56002000000,1416,56002000000,,0.0,0.0,0.5,0.0,0
56036000000,1417,56036000000,,0.0,0.0,0.5,0.0,0
56071000000,1418,56071000000,,0.0,0.0,0.5,0.0,0
56119000000,1419,56119000000,,0.0,0.0,0.5,0.0,0
56136000000,1420,56136000000,,0.0,0.0,0.5,0.0,0
56187000000,1421,56187000000,,0.0,0.0,0.5,0.0,0
56236000000,1422,56236000000,,0.0,0.0,0.5,0.0,0
56269000000,1423,56269000000,,0.0,0.0,0.5,0.0,0
56320000000,1424,56320000000,,0.0,0.0,0.5,0.0,0
56335000000,1425,56335000000,,0.0,0.0,0.5,0.0,0
56385000000,1426,56385000000,,0.0,0.0,0.5,0.0,0
56435000000,1427,56435000000,,0.0,0.0,0.5,0.0,0
56470000000,1428,56470000000,,0.0,0.0,0.5,0.0,0
56518000000,1429,56518000000,,0.0,0.0,0.5,0.0,0
56535000000,1430,56535000000,,0.0,0.0,0.5,0.0,0
56585000000,1431,56585000000,,0.0,0.0,0.5,0.0,0
56671000000,1432,56671000000,,0.0,0.0,0.5,0.0,0
56720000000,1433,56720000000,,0.0,0.0,0.5,0.0,0
56735000000,1434,56735000000,,0.0,0.0,0.5,0.0,0
56802000000,1435,56802000000,,0.0,0.0,0.5,0.0,0
56837000000,1436,56837000000,,0.0,0.0,0.5,0.0,0
56870000000,1437,56870000000,,0.0,0.0,0.5,0.0,0
56904000000,1438,56904000000,,0.0,0.0,0.5,0.0,0
56937000000,1439,56937000000,,0.0,0.0,0.5,0.0,0
56987000000,1440,56987000000,,0.0,0.0,0.5,0.0,0
57021000000,1441,57021000000,,0.0,0.0,0.5,0.0,0
57056000000,1442,57056000000,,0.0,0.0,0.5,0.0,0
57104000000,1443,57104000000,,0.0,0.0,0.5,0.0,0
57136000000,1444,57136000000,,0.0,0.0,0.5,0.0,0
57175000000,1445,57175000000,,0.0,0.0,0.5,0.0,0
57239000000,1446,57239000000,,0.0,0.0,0.5,0.0,0
57270000000,1447,57270000000,,0.0,0.0,0.5,0.0,0
57303000000,1448,57303000000,,0.0,0.0,0.5,0.0,0
57337000000,1449,57337000000,,0.0,0.0,0.5,0.0,0
57387000000,1450,57387000000,,0.0,0.0,0.5,0.0,0
57436000000,1451,57436000000,,0.0,0.0,0.5,0.0,0
57470000000,1452,57470000000,,0.0,0.0,0.5,0.0,0
57519000000,1453,57519000000,,0.0,0.0,0.5,0.0,0
57536000000,1454,57536000000,,0.0,0.0,0.5,0.0,0
57602000000,1455,57602000000,,0.0,0.0,0.5,0.0,0
57654000000,1456,57654000000,,0.0,0.0,0.5,0.0,0
57719000000,1457,57719000000,,0.0,0.0,0.5,0.0,0
57737000000,1458,57737000000,,0.0,0.0,0.5,0.0,0
57774000000,1459,57774000000,,0.0,0.0,0.5,0.0,0
57835000000,1460,57835000000,,0.0,0.0,0.5,0.0,0
57854000000,1461,57854000000,,0.0,0.0,0.5,0.0,0
57904000000,1462,57904000000,,0.0,0.0,0.5,0.0,0
57953000000,1463,57953000000,,0.0,0.0,0.5,0.0,0
57987000000,1464,57987000000,,0.0,0.0,0.5,0.0,0
58037000000,1465,58037000000,,0.0,0.0,0.5,0.0,0
58055000000,1466,58054000000,,0.0,0.0,0.5,0.0,0
58120000000,1467,58120000000,,0.0,0.0,0.5,0.0,0
58154000000,1468,58154000000,,0.0,0.0,0.5,0.0,0
58187000000,1469,58187000000,,0.0,0.0,0.5,0.0,0
58237000000,1470,58237000000,,0.0,0.0,0.5,0.0,0
58254000000,1471,58254000000,,0.0,0.0,0.5,0.0,0
58322000000,1472,58322000000,,0.0,0.0,0.5,0.0,0
58353000000,1473,58353000000,,0.0,0.0,0.5,0.0,0
58403000000,1474,58403000000,,0.0,0.0,0.5,0.0,0
58420000000,1475,58420000000,,0.0,0.0,0.5,0.0,0
58455000000,1476,58455000000,,0.0,0.0,0.5,0.0,0
58503000000,1477,58503000000,,0.0,0.0,0.5,0.0,0
58554000000,1478,58554000000,,0.0,0.0,0.5,0.0,0
58586000000,1479,58586000000,,0.0,0.0,0.5,0.0,0
58654000000,1480,58654000000,,0.0,0.0,0.5,0.0,0
58721000000,1481,58721000000,,0.0,0.0,0.5,0.0,0
58738000000,1482,58738000000,,0.0,0.0,0.5,0.0,0
58774000000,1483,58774000000,,0.0,0.0,0.5,0.0,0
58837000000,1484,58837000000,,0.0,0.0,0.5,0.0,0
58870000000,1485,58870000000,,0.0,0.0,0.5,0.0,0
58920000000,1486,58920000000,,0.0,0.0,0.5,0.0,0
58954000000,1487,58954000000,,0.0,0.0,0.5,0.0,0
58987000000,1488,58987000000,,0.0,0.0,0.5,0.0,0
59037000000,1489,59037000000,,0.0,0.0,0.5,0.0,0
59055000000,1490,59055000000,,0.0,0.0,0.5,0.0,0
59120000000,1491,59120000000,,0.0,0.0,0.5,0.0,0
59155000000,1492,59155000000,,0.0,0.0,0.5,0.0,0
59188000000,1493,59188000000,,0.0,0.0,0.5,0.0,0
59236000000,1494,59236000000,,0.0,0.0,0.5,0.0,0
59272000000,1495,59272000000,,0.0,0.0,0.5,0.0,0
59323000000,1496,59322000000,,0.0,0.0,0.5,0.0,0
59354000000,1497,59354000000,,0.0,0.0,0.5,0.0,0
59387000000,1498,59386000000,,0.0,0.0,0.5,0.0,0
59438000000,1499,59438000000,,0.0,0.0,0.5,0.0,0
59453000000,1500,59453000000,,0.0,0.0,0.5,0.0,0
59521000000,1501,59521000000,,0.0,0.0,0.5,0.0,0
59554000000,1502,59553000000,,0.0,0.0,0.5,0.0,0
59588000000,1503,59588000000,,0.0,0.0,0.5,0.0,0
59647000000,1504,59647000000,,0.0,0.0,0.5,0.0,0
59670000000,1505,59670000000,,0.0,0.0,0.5,0.0,0
59720000000,1506,59720000000,,0.0,0.0,0.5,0.0,0
59755000000,1507,59755000000,,0.0,0.0,0.5,0.0,0
59788000000,1508,59788000000,,0.0,0.0,0.5,0.0,0
59838000000,1509,59838000000,,0.0,0.0,0.5,0.0,0
59871000000,1510,59870000000,,0.0,0.0,0.5,0.0,0
59920000000,1511,59920000000,,0.0,0.0,0.5,0.0,0
59954000000,1512,59954000000,,0.0,0.0,0.5,0.0,0
59987000000,1513,59987000000,,0.0,0.0,0.5,0.0,0
60021000000,1514,60021000000,,0.0,0.0,0.5,0.0,0
60054000000,1515,60054000000,,0.0,0.0,0.5,0.0,0
60093000000,1516,60093000000,,0.0,0.0,0.5,0.0,0
60154000000,1517,60154000000,,0.0,0.0,0.5,0.0,0
60187000000,1518,60187000000,,0.0,0.0,0.5,0.0,0
60236000000,1519,60236000000,,0.0,0.0,0.5,0.0,0
60254000000,1520,60254000000,,0.0,0.0,0.5,0.0,0
60303000000,1521,60303000000,,0.0,0.0,0.5,0.0,0
60338000000,1522,60338000000,,0.0,0.0,0.5,0.0,0
60374000000,1523,60374000000,,0.0,0.0,0.5,0.0,0
60421000000,1524,60421000000,,0.0,0.0,0.5,0.0,0
60471000000,1525,60471000000,,0.0,0.0,0.5,0.0,0
60520000000,1526,60520000000,,0.0,0.0,0.5,0.0,0
60554000000,1527,60554000000,,0.0,0.0,0.5,0.0,0
60587000000,1528,60587000000,,0.0,0.0,0.5,0.0,0
60670000000,1529,60670000000,,0.0,0.0,0.5,0.0,0
60704000000,1530,60704000000,,0.0,0.0,0.5,0.0,0
60754000000,1531,60754000000,,0.0,0.0,0.5,0.0,0
60773000000,1532,60773000000,,0.0,0.0,0.5,0.0,0
60837000000,1533,60837000000,,0.0,0.0,0.5,0.0,0
60856000000,1534,60856000000,,0.0,0.0,0.5,0.0,0
60904000000,1535,60904000000,,0.0,0.0,0.5,0.0,0
60954000000,1536,60954000000,,0.0,0.0,0.5,0.0,0
60987000000,1537,60987000000,,0.0,0.0,0.5,0.0,0
61037000000,1538,61037000000,,0.0,0.0,0.5,0.0,0
61054000000,1539,61054000000,,0.0,0.0,0.5,0.0,0
61104000000,1540,61104000000,,0.0,0.0,0.5,0.0,0
61156000000,1541,61156000000,,0.0,0.0,0.5,0.0,0
61173000000,1542,61173000000,,0.0,0.0,0.5,0.0,0
61238000000,1543,61238000000,,0.0,0.0,0.5,0.0,0
61271000000,1544,61271000000,,0.0,0.0,0.5,0.0,0
61321000000,1545,61321000000,,0.0,0.0,0.5,0.0,0
61337000000,1546,61337000000,,0.0,0.0,0.5,0.0,0
61373000000,1547,61373000000,,0.0,0.0,0.5,0.0,0
61437000000,1548,61437000000,,0.0,0.0,0.5,0.0,0
61454000000,1549,61454000000,,0.0,0.0,0.5,0.0,0
61492000000,1550,61492000000,,0.0,0.0,0.5,0.0,0
61537000000,1551,61537000000,,0.0,0.0,0.5,0.0,0
61572000000,1552,61572000000,,0.0,0.0,0.5,0.0,0
61672000000,1553,61672000000,,0.0,0.0,0.5,0.0,0
61705000000,1554,61705000000,,0.0,0.0,0.5,0.0,0
61739000000,1555,61739000000,,0.0,0.0,0.5,0.0,0
61805000000,1556,61805000000,,0.0,0.0,0.5,0.0,0
61838000000,1557,61838000000,,0.0,0.0,0.5,0.0,0
61871000000,1558,61871000000,,0.0,0.0,0.5,0.0,0
61921000000,1559,61921000000,,0.0,0.0,0.5,0.0,0
61954000000,1560,61954000000,,0.0,0.0,0.5,0.0,0
61972000000,1561,61972000000,,0.0,0.0,0.5,0.0,0
62038000000,1562,62038000000,,0.0,0.0,0.5,0.0,0
62071000000,1563,62071000000,,0.0,0.0,0.5,0.0,0
62122000000,1564,62122000000,,0.0,0.0,0.5,0.0,0
62154000000,1565,62154000000,,0.0,0.0,0.5,0.0,0
62172000000,1566,62172000000,,0.0,0.0,0.5,0.0,0
62237000000,1567,62237000000,,0.0,0.0,0.5,0.0,0
62272000000,1568,62272000000,,0.0,0.0,0.5,0.0,0
62304000000,1569,62304000000,,0.0,0.0,0.5,0.0,0
62354000000,1570,62354000000,,0.0,0.0,0.5,0.0,0
62372000000,1571,62372000000,,0.0,0.0,0.5,0.0,0
62439000000,1572,62439000000,,0.0,0.0,0.5,0.0,0
62472000000,1573,62472000000,,0.0,0.0,0.5,0.0,0
62505000000,1574,62505000000,,0.0,0.0,0.5,0.0,0
62557000000,1575,62556000000,,0.0,0.0,0.5,0.0,0
62588000000,1576,62588000000,,0.0,0.0,0.5,0.0,0
62646000000,1577,62646000000,,0.0,0.0,0.5,0.0,0
62672000000,1578,62672000000,,0.0,0.0,0.5,0.0,0
62705000000,1579,62705000000,,0.0,0.0,0.5,0.0,0
62755000000,1580,62755000000,,0.0,0.0,0.5,0.0,0
62773000000,1581,62772000000,,0.0,0.0,0.5,0.0,0
62838000000,1582,62838000000,,0.0,0.0,0.5,0.0,0
62871000000,1583,62871000000,,0.0,0.0,0.5,0.0,0
62906000000,1584,62906000000,,0.0,0.0,0.5,0.0,0
62954000000,1585,62954000000,,0.0,0.0,0.5,0.0,0
62987000000,1586,62987000000,,0.0,0.0,0.5,0.0,0
63037000000,1587,63037000000,,0.0,0.0,0.5,0.0,0
63072000000,1588,63072000000,,0.0,0.0,0.5,0.0,0
63105000000,1589,63105000000,,0.0,0.0,0.5,0.0,0
63139000000,1590,63139000000,,0.0,0.0,0.5,0.0,0
63188000000,1591,63188000000,,0.0,0.0,0.5,0.0,0
63240000000,1592,63240000000,,0.0,0.0,0.5,0.0,0
63271000000,1593,63271000000,,0.0,0.0,0.5,0.0,0
63306000000,1594,63306000000,,0.0,0.0,0.5,0.0,0
63354000000,1595,63354000000,,0.0,0.0,0.5,0.0,0
63388000000,1596,63388000000,,0.0,0.0,0.5,0.0,0
63421000000,1597,63421000000,,0.0,0.0,0.5,0.0,0
63471000000,1598,63471000000,,0.0,0.0,0.5,0.0,0
63504000000,1599,63504000000,,0.0,0.0,0.5,0.0,0
63554000000,1600,63554000000,,0.0,0.0,0.5,0.0,0
63572000000,1601,63572000000,,0.0,0.0,0.5,0.0,0
63638000000,1602,63638000000,,0.0,0.0,0.5,0.0,0
63656000000,1603,63656000000,,0.0,0.0,0.5,0.0,0
63691000000,1604,63691000000,,0.0,0.0,0.5,0.0,0
63738000000,1605,63738000000,,0.0,0.0,0.5,0.0,0
63788000000,1606,63788000000,,0.0,0.0,0.5,0.0,0
63839000000,1607,63839000000,,0.0,0.0,0.5,0.0,0
63872000000,1608,63872000000,,0.0,0.0,0.5,0.0,0
63905000000,1609,63905000000,,0.0,0.0,0.5,0.0,0
63939000000,1610,63939000000,,0.0,0.0,0.5,0.0,0
63972000000,1611,63972000000,,0.0,0.0,0.5,0.0,0
64022000000,1612,64022000000,,0.0,0.0,0.5,0.0,0
64074000000,1613,64074000000,,0.0,0.0,0.5,0.0,0
64105000000,1614,64105000000,,0.0,0.0,0.5,0.0,0
64138000000,1615,64138000000,,0.0,0.0,0.5,0.0,0
64188000000,1616,64188000000,,0.0,0.0,0.5,0.0,0
64239000000,1617,64239000000,,0.0,0.0,0.5,0.0,0
64272000000,1618,64272000000,,0.0,0.0,0.5,0.0,0
64306000000,1619,64306000000,,0.0,0.0,0.5,0.0,0
64355000000,1620,64355000000,,0.0,0.0,0.5,0.0,0
64374000000,1621,64373000000,,0.0,0.0,0.5,0.0,0
64422000000,1622,64422000000,,0.0,0.0,0.5,0.0,0
64455000000,1623,64455000000,,0.0,0.0,0.5,0.0,0
64505000000,1624,64505000000,,0.0,0.0,0.5,0.0,0
64539000000,1625,64539000000,,0.0,0.0,0.5,0.0,0
64589000000,1626,64589000000,,0.0,0.0,0.5,0.0,0
64639000000,1627,64639000000,,0.0,0.0,0.5,0.0,0
64672000000,1628,64672000000,,0.0,0.0,0.5,0.0,0
64705000000,1629,64705000000,,0.0,0.0,0.5,0.0,0
64738000000,1630,64738000000,,0.0,0.0,0.5,0.0,0
64790000000,1631,64790000000,,0.0,0.0,0.5,0.0,0
64823000000,1632,64823000000,,0.0,0.0,0.5,0.0,0
64872000000,1633,64872000000,,0.0,0.0,0.5,0.0,0
64905000000,1634,64905000000,,0.0,0.0,0.5,0.0,0
64940000000,1635,64940000000,,0.0,0.0,0.5,0.0,0
64990000000,1636,64990000000,,0.0,0.0,0.5,0.0,0
65022000000,1637,65022000000,,0.0,0.0,0.5,0.0,0
65073000000,1638,65072000000,,0.0,0.0,0.5,0.0,0
65105000000,1639,65105000000,,0.0,0.0,0.5,0.0,0
65140000000,1640,65140000000,,0.0,0.0,0.5,0.0,0
65190000000,1641,65190000000,,0.0,0.0,0.5,0.0,0
65210000000,1642,65210000000,,0.0,0.0,0.5,0.0,0
65273000000,1643,65273000000,,0.0,0.0,0.5,0.0,0
65290000000,1644,65290000000,,0.0,0.0,0.5,0.0,0
65356000000,1645,65356000000,,0.0,0.0,0.5,0.0,0
65373000000,1646,65373000000,,0.0,0.0,0.5,0.0,0
65411000000,1647,65411000000,,0.0,0.0,0.5,0.0,0
65472000000,1648,65472000000,,0.0,0.0,0.5,0.0,0
65522000000,1649,65522000000,,0.0,0.0,0.5,0.0,0
65539000000,1650,65539000000,,0.0,0.0,0.5,0.0,0
65590000000,1651,65589000000,,0.0,0.0,0.5,0.0,0
65640000000,1652,65640000000,,0.0,0.0,0.5,0.0,0
65673000000,1653,65673000000,,0.0,0.0,0.5,0.0,0
65707000000,1654,65707000000,,0.0,0.0,0.5,0.0,0
65739000000,1655,65739000000,,0.0,0.0,0.5,0.0,0
65789000000,1656,65789000000,,0.0,0.0,0.5,0.0,0
65823000000,1657,65823000000,,0.0,0.0,0.5,0.0,0
65872000000,1658,65872000000,,0.0,0.0,0.5,0.0,0
65906000000,1659,65906000000,,0.0,0.0,0.5,0.0,0
65958000000,1660,65958000000,,0.0,0.0,0.5,0.0,0
65989000000,1661,65989000000,,0.0,0.0,0.5,0.0,0
66025000000,1662,66025000000,,0.0,0.0,0.5,0.0,0
66056000000,1663,66056000000,,0.0,0.0,0.5,0.0,0
66091000000,1664,66091000000,,0.0,0.0,0.5,0.0,0
66139000000,1665,66139000000,,0.0,0.0,0.5,0.0,0
66189000000,1666,66189000000,,0.0,0.0,0.5,0.0,0
66239000000,1667,66239000000,,0.0,0.0,0.5,0.0,0
66257000000,1668,66257000000,,0.0,0.0,0.5,0.0,0
66289000000,1669,66289000000,,0.0,0.0,0.5,0.0,0
66357000000,1670,66357000000,,0.0,0.0,0.5,0.0,0
66389000000,1671,66389000000,,0.0,0.0,0.5,0.0,0
66424000000,1672,66424000000,,0.0,0.0,0.5,0.0,0
66472000000,1673,66472000000,,0.0,0.0,0.5,0.0,0
66507000000,1674,66507000000,,0.0,0.0,0.5,0.0,0
66540000000,1675,66540000000,,0.0,0.0,0.5,0.0,0
66590000000,1676,66590000000,,0.0,0.0,0.5,0.0,0
66638000000,1677,66638000000,,0.0,0.0,0.5,0.0,0
66656000000,1678,66656000000,,0.0,0.0,0.5,0.0,0
66690000000,1679,66690000000,,0.0,0.0,0.5,0.0,0
66740000000,1680,66740000000,,0.0,0.0,0.5,0.0,0
66790000000,1681,66790000000,,0.0,0.0,0.5,0.0,0
66839000000,1682,66839000000,,0.0,0.0,0.5,0.0,0
66873000000,1683,66873000000,,0.0,0.0,0.5,0.0,0
66891000000,1684,66891000000,,0.0,0.0,0.5,0.0,0
66939000000,1685,66939000000,,0.0,0.0,0.5,0.0,0
66990000000,1686,66989000000,,0.0,0.0,0.5,0.0,0
67024000000,1687,67024000000,,0.0,0.0,0.5,0.0,0
67057000000,1688,67057000000,,0.0,0.0,0.5,0.0,0
67110000000,1689,67110000000,,0.0,0.0,0.5,0.0,0
67140000000,1690,67140000000,,0.0,0.0,0.5,0.0,0
67190000000,1691,67189000000,,0.0,0.0,0.5,0.0,0
67239000000,1692,67239000000,,0.0,0.0,0.5,0.0,0
67272000000,1693,67272000000,,0.0,0.0,0.5,0.0,0
67307000000,1694,67307000000,,0.0,0.0,0.5,0.0,0
67341000000,1695,67341000000,,0.0,0.0,0.5,0.0,0
67374000000,1696,67373000000,,0.0,0.0,0.5,0.0,0
67410000000,1697,67410000000,,0.0,0.0,0.5,0.0,0
67472000000,1698,67472000000,,0.0,0.0,0.5,0.0,0
67507000000,1699,67507000000,,0.0,0.0,0.5,0.0,0
67539000000,1700,67539000000,,0.0,0.0,0.5,0.0,0
67589000000,1701,67589000000,,0.0,0.0,0.5,0.0,0
67674000000,1702,67674000000,,0.0,0.0,0.5,0.0,0
67689000000,1703,67689000000,,0.0,0.0,0.5,0.0,0
67739000000,1704,67739000000,,0.0,0.0,0.5,0.0,0
67789000000,1705,67789000000,,0.0,0.0,0.5,0.0,0
67825000000,1706,67825000000,,0.0,0.0,0.5,0.0,0
67874000000,1707,67873000000,,0.0,0.0,0.5,0.0,0
67906000000,1708,67906000000,,0.0,0.0,0.5,0.0,0
67940000000,1709,67940000000,,0.0,0.0,0.5,0.0,0
67990000000,1710,67990000000,,0.0,0.0,0.5,0.0,0
68040000000,1711,68040000000,,0.0,0.0,0.5,0.0,0
68058000000,1712,68058000000,,0.0,0.0,0.5,0.0,0
68091000000,1713,68091000000,,0.0,0.0,0.5,0.0,0
68141000000,1714,68141000000,,0.0,0.0,0.5,0.0,0
68190000000,1715,68189000000,,0.0,0.0,0.5,0.0,0
68210000000,1716,68210000000,,0.0,0.0,0.5,0.0,0
68274000000,1717,68274000000,,0.0,0.0,0.5,0.0,0
68306000000,1718,68306000000,,0.0,0.0,0.5,0.0,0
68339000000,1719,68339000000,,0.0,0.0,0.5,0.0,0
68387000000,1720,68387000000,,0.0,0.0,0.5,0.0,0
68421000000,1721,68421000000,,0.0,0.0,0.5,0.0,0
68470000000,1722,68470000000,,0.0,0.0,0.5,0.0,0
68505000000,1723,68505000000,,0.0,0.0,0.5,0.0,0
68537000000,1724,68537000000,,0.0,0.0,0.5,0.0,0
68587000000,1725,68587000000,,0.0,0.0,0.5,0.0,0
68654000000,1726,68654000000,,0.0,0.0,0.5,0.0,0
68687000000,1727,68687000000,,0.0,0.0,0.5,0.0,0
68737000000,1728,68737000000,,0.0,0.0,0.5,0.0,0
68787000000,1729,68787000000,,0.0,0.0,0.5,0.0,0
68806000000,1730,68806000000,,0.0,0.0,0.5,0.0,0
68870000000,1731,68870000000,,0.0,0.0,0.5,0.0,0
68888000000,1732,68888000000,,0.0,0.0,0.5,0.0,0
68925000000,1733,68925000000,,0.0,0.0,0.5,0.0,0
68988000000,1734,68988000000,,0.0,0.0,0.5,0.0,0
69022000000,1735,69022000000,,0.0,0.0,0.5,0.0,0
69055000000,1736,69055000000,,0.0,0.0,0.5,0.0,0
69089000000,1737,69089000000,,0.0,0.0,0.5,0.0,0
69139000000,1738,69139000000,,0.0,0.0,0.5,0.0,0
69172000000,1739,69172000000,,0.0,0.0,0.5,0.0,0
69205000000,1740,69205000000,,0.0,0.0,0.5,0.0,0
69255000000,1741,69255000000,,0.0,0.0,0.5,0.0,0
69290000000,1742,69289000000,,0.0,0.0,0.5,0.0,0
69340000000,1743,69340000000,,0.0,0.0,0.5,0.0,0
69390000000,1744,69390000000,,0.0,0.0,0.5,0.0,0
69405000000,1745,69405000000,,0.0,0.0,0.5,0.0,0
69455000000,1746,69455000000,,0.0,0.0,0.5,0.0,0
69488000000,1747,69488000000,,0.0,0.0,0.5,0.0,0
69526000000,1748,69526000000,,0.0,0.0,0.5,0.0,0
69589000000,1749,69589000000,,0.0,0.0,0.5,0.0,0
69670000000,1750,69670000000,,0.0,0.0,0.5,0.0,0
69688000000,1751,69688000000,,0.0,0.0,0.5,0.0,0
69725000000,1752,69725000000,,0.0,0.0,0.5,0.0,0
69788000000,1753,69788000000,,0.0,0.0,0.5,0.0,0
69805000000,1754,69805000000,,0.0,0.0,0.5,0.0,0
69870000000,1755,69870000000,,0.0,0.0,0.5,0.0,0
69905000000,1756,69905000000,,0.0,0.0,0.5,0.0,0
69938000000,1757,69938000000,,0.0,0.0,0.5,0.0,0
69988000000,1758,69988000000,,0.0,0.0,0.5,0.0,0
70005000000,1759,70005000000,,0.0,0.0,0.5,0.0,0
70071000000,1760,70071000000,,0.0,0.0,0.5,0.0,0
70088000000,1761,70088000000,,0.0,0.0,0.5,0.0,0
70124000000,1762,70124000000,,0.0,0.0,0.5,0.0,0
70188000000,1763,70188000000,,0.0,0.0,0.5,0.0,0
70221000000,1764,70221000000,,0.0,0.0,0.5,0.0,0
70273000000,1765,70273000000,,0.0,0.0,0.5,0.0,0
70304000000,1766,70304000000,,0.0,0.0,0.5,0.0,0
70339000000,1767,70339000000,,0.0,0.0,0.5,0.0,0
70370000000,1768,70370000000,,0.0,0.0,0.5,0.0,0
70421000000,1769,70421000000,,0.0,0.0,0.5,0.0,0
70471000000,1770,70471000000,,0.0,0.0,0.5,0.0,0
70504000000,1771,70504000000,,0.0,0.0,0.5,0.0,0
70537000000,1772,70537000000,,0.0,0.0,0.5,0.0,0
70571000000,1773,70571000000,,0.0,0.0,0.5,0.0,0
70654000000,1774,70654000000,,0.0,0.0,0.5,0.0,0
70704000000,1775,70704000000,,0.0,0.0,0.5,0.0,0
70738000000,1776,70738000000,,0.0,0.0,0.5,0.0,0
70788000000,1777,70788000000,,0.0,0.0,0.5,0.0,0
70821000000,1778,70821000000,,0.0,0.0,0.5,0.0,0
70871000000,1779,70871000000,,0.0,0.0,0.5,0.0,0
70905000000,1780,70905000000,,0.0,0.0,0.5,0.0,0
70938000000,1781,70938000000,,0.0,0.0,0.5,0.0,0
70988000000,1782,70988000000,,0.0,0.0,0.5,0.0,0
71004000000,1783,71004000000,,0.0,0.0,0.5,0.0,0
71071000000,1784,71071000000,,0.0,0.0,0.5,0.0,0
71088000000,1785,71088000000,,0.0,0.0,0.5,0.0,0
71138000000,1786,71138000000,,0.0,0.0,0.5,0.0,0
71171000000,1787,71171000000,,0.0,0.0,0.5,0.0,0
71204000000,1788,71204000000,,0.0,0.0,0.5,0.0,0
71254000000,1789,71254000000,,0.0,0.0,0.5,0.0,0
71288000000,1790,71288000000,,0.0,0.0,0.5,0.0,0
71338000000,1791,71338000000,,0.0,0.0,0.5,0.0,0
71371000000,1792,71371000000,,0.0,0.0,0.5,0.0,0
71404000000,1793,71404000000,,0.0,0.0,0.5,0.0,0
71457000000,1794,71457000000,,0.0,0.0,0.5,0.0,0
71492000000,1795,71492000000,,0.0,0.0,0.5,0.0,0
71540000000,1796,71540000000,,0.0,0.0,0.5,0.0,0
71572000000,1797,71572000000,,0.0,0.0,0.5,0.0,0
71605000000,1798,71604000000,,0.0,0.0,0.5,0.0,0
71655000000,1799,71655000000,,0.0,0.0,0.5,0.0,0
71689000000,1800,71689000000,,0.0,0.0,0.5,0.0,0
71738000000,1801,71738000000,,0.0,0.0,0.5,0.0,0
71772000000,1802,71772000000,,0.0,0.0,0.5,0.0,0
71805000000,1803,71805000000,,0.0,0.0,0.5,0.0,0
71855000000,1804,71855000000,,0.0,0.0,0.5,0.0,0
71889000000,1805,71889000000,,0.0,0.0,0.5,0.0,0
71938000000,1806,71938000000,,0.0,0.0,0.5,0.0,0
71973000000,1807,71973000000,,0.0,0.0,0.5,0.0,0
72005000000,1808,72005000000,,0.0,0.0,0.5,0.0,0
72055000000,1809,72055000000,,0.0,0.0,0.5,0.0,0
72089000000,1810,72089000000,,0.0,0.0,0.5,0.0,0
72139000000,1811,72139000000,,0.0,0.0,0.5,0.0,0
72172000000,1812,72172000000,,0.0,0.0,0.5,0.0,0
72204000000,1813,72204000000,,0.0,0.0,0.5,0.0,0
72254000000,1814,72254000000,,0.0,0.0,0.5,0.0,0
72289000000,1815,72289000000,,0.0,0.0,0.5,0.0,0
72339000000,1816,72339000000,,0.0,0.0,0.5,0.0,0
72372000000,1817,72372000000,,0.0,0.0,0.5,0.0,0
72406000000,1818,72406000000,,0.0,0.0,0.5,0.0,0
72457000000,1819,72456000000,,0.0,0.0,0.5,0.0,0
72489000000,1820,72489000000,,0.0,0.0,0.5,0.0,0
72539000000,1821,72539000000,,0.0,0.0,0.5,0.0,0
72572000000,1822,72572000000,,0.0,0.0,0.5,0.0,0
72606000000,1823,72606000000,,0.0,0.0,0.5,0.0,0
72657000000,1824,72657000000,,0.0,0.0,0.5,0.0,0
72689000000,1825,72689000000,,0.0,0.0,0.5,0.0,0
72739000000,1826,72739000000,,0.0,0.0,0.5,0.0,0
72772000000,1827,72772000000,,0.0,0.0,0.5,0.0,0
72805000000,1828,72805000000,,0.0,0.0,0.5,0.0,0
72855000000,1829,72855000000,,0.0,0.0,0.5,0.0,0
72889000000,1830,72889000000,,0.0,0.0,0.5,0.0,0
72939000000,1831,72939000000,,0.0,0.0,0.5,0.0,0
72972000000,1832,72972000000,,0.0,0.0,0.5,0.0,0
73005000000,1833,73005000000,,0.0,0.0,0.5,0.0,0
73055000000,1834,73055000000,,0.0,0.0,0.5,0.0,0
73089000000,1835,73089000000,,0.0,0.0,0.5,0.0,0
73124000000,1836,73124000000,,0.0,0.0,0.5,0.0,0
73189000000,1837,73189000000,,0.0,0.0,0.5,0.0,0
73222000000,1838,73222000000,,0.0,0.0,0.5,0.0,0
73272000000,1839,73272000000,,0.0,0.0,0.5,0.0,0
73305000000,1840,73305000000,,0.0,0.0,0.5,0.0,0
73324000000,1841,73324000000,,0.0,0.0,0.5,0.0,0
73388000000,1842,73388000000,,0.0,0.0,0.5,0.0,0
73423000000,1843,73423000000,,0.0,0.0,0.5,0.0,0
73472000000,1844,73472000000,,0.0,0.0,0.5,0.0,0
73488000000,1845,73488000000,,0.0,0.0,0.5,0.0,0
73524000000,1846,73524000000,,0.0,0.0,0.5,0.0,0
73588000000,1847,73588000000,,0.0,0.0,0.5,0.0,0
73656000000,1848,73656000000,,0.0,0.0,0.5,0.0,0
73706000000,1849,73706000000,,0.0,0.0,0.5,0.0,0
73723000000,1850,73723000000,,0.0,0.0,0.5,0.0,0
73790000000,1851,73790000000,,0.0,0.0,0.5,0.0,0
73824000000,1852,73824000000,,0.0,0.0,0.5,0.0,0
73856000000,1853,73856000000,,0.0,0.0,0.5,0.0,0
73906000000,1854,73906000000,,0.0,0.0,0.5,0.0,0
73923000000,1855,73923000000,,0.0,0.0,0.5,0.0,0
73989000000,1856,73989000000,,0.0,0.0,0.5,0.0,0
74023000000,1857,74023000000,,0.0,0.0,0.5,0.0,0
74056000000,1858,74056000000,,0.0,0.0,0.5,0.0,0
74089000000,1859,74089000000,,0.0,0.0,0.5,0.0,0
74139000000,1860,74139000000,,0.0,0.0,0.5,0.0,0
74191000000,1861,74191000000,,0.0,0.0,0.5,0.0,0
74224000000,1862,74224000000,,0.0,0.0,0.5,0.0,0
74244000000,1863,74244000000,,0.0,0.0,0.5,0.0,0
74289000000,1864,74289000000,,0.0,0.0,0.5,0.0,0
74322000000,1865,74322000000,,0.0,0.0,0.5,0.0,0
74390000000,1866,74390000000,,0.0,0.0,0.5,0.0,0
74405000000,1867,74405000000,,0.0,0.0,0.5,0.0,0
74443000000,1868,74443000000,,0.0,0.0,0.5,0.0,0
74506000000,1869,74506000000,,0.0,0.0,0.5,0.0,0
74524000000,1870,74524000000,,0.0,0.0,0.5,0.0,0
74573000000,1871,74573000000,,0.0,0.0,0.5,0.0,0
74655000000,1872,74655000000,,0.0,0.0,0.5,0.0,0
74691000000,1873,74691000000,,0.0,0.0,0.5,0.0,0
74740000000,1874,74740000000,,0.0,0.0,0.5,0.0,0
74790000000,1875,74790000000,,0.0,0.0,0.5,0.0,0
74806000000,1876,74805000000,,0.0,0.0,0.5,0.0,0
74842000000,1877,74842000000,,0.0,0.0,0.5,0.0,0
74890000000,1878,74890000000,,0.0,0.0,0.5,0.0,0
74923000000,1879,74923000000,,0.0,0.0,0.5,0.0,0
74988000000,1880,74988000000,,0.0,0.0,0.5,0.0,0
75025000000,1881,75024000000,,0.0,0.0,0.5,0.0,0
75056000000,1882,75056000000,,0.0,0.0,0.5,0.0,0
75106000000,1883,75106000000,,0.0,0.0,0.5,0.0,0
75125000000,1884,75125000000,,0.0,0.0,0.5,0.0,0
75189000000,1885,75189000000,,0.0,0.0,0.5,0.0,0
75206000000,1886,75206000000,,0.0,0.0,0.5,0.0,0
75242000000,1887,75242000000,,0.0,0.0,0.5,0.0,0
75289000000,1888,75289000000,,0.0,0.0,0.5,0.0,0
75324000000,1889,75324000000,,0.0,0.0,0.5,0.0,0
75374000000,1890,75374000000,,0.0,0.0,0.5,0.0,0
75422000000,1891,75422000000,,0.0,0.0,0.5,0.0,0
75457000000,1892,75457000000,,0.0,0.0,0.5,0.0,0
75507000000,1893,75507000000,,0.0,0.0,0.5,0.0,0
75524000000,1894,75524000000,,0.0,0.0,0.5,0.0,0
75562000000,1895,75561000000,,0.0,0.0,0.5,0.0,0
75657000000,1896,75657000000,,0.0,0.0,0.5,0.0,0
75690000000,1897,75690000000,,0.0,0.0,0.5,0.0,0
75740000000,1898,75740000000,,0.0,0.0,0.5,0.0,0
75790000000,1899,75790000000,,0.0,0.0,0.5,0.0,0
75823000000,1900,75823000000,,0.0,0.0,0.5,0.0,0
75856000000,1901,75856000000,,0.0,0.0,0.5,0.0,0
75906000000,1902,75906000000,,0.0,0.0,0.5,0.0,0
75925000000,1903,75925000000,,0.0,0.0,0.5,0.0,0
75973000000,1904,75973000000,,0.0,0.0,0.5,0.0,0
76023000000,1905,76023000000,,0.0,0.0,0.5,0.0,0
76042000000,1906,76042000000,,0.0,0.0,0.5,0.0,0
76106000000,1907,76106000000,,0.0,0.0,0.5,0.0,0
76141000000,1908,76141000000,,0.0,0.0,0.5,0.0,0
76174000000,1909,76174000000,,0.0,0.0,0.5,0.0,0
76224000000,1910,76224000000,,0.0,0.0,0.5,0.0,0
76257000000,1911,76257000000,,0.0,0.0,0.5,0.0,0
76307000000,1912,76307000000,,0.0,0.0,0.5,0.0,0
76324000000,1913,76324000000,,0.0,0.0,0.5,0.0,0
76373000000,1914,76373000000,,0.0,0.0,0.5,0.0,0
76409000000,1915,76409000000,,0.0,0.0,0.5,0.0,0
76442000000,1916,76442000000,,0.0,0.0,0.5,0.0,0
76490000000,1917,76490000000,,0.0,0.0,0.5,0.0,0
76525000000,1918,76525000000,,0.0,0.0,0.5,0.0,0
76562000000,1919,76562000000,,0.0,0.0,0.5,0.0,0
76657000000,1920,76657000000,,0.0,0.0,0.5,0.0,0
76707000000,1921,76707000000,,0.0,0.0,0.5,0.0,0
76724000000,1922,76724000000,,0.0,0.0,0.5,0.0,0
76762000000,1923,76762000000,,0.0,0.0,0.5,0.0,0
76807000000,1924,76807000000,,0.0,0.0,0.5,0.0,0
76842000000,1925,76842000000,,0.0,0.0,0.5,0.0,0
76906000000,1926,76906000000,,0.0,0.0,0.5,0.0,0
76942000000,1927,76942000000,,0.0,0.0,0.5,0.0,0
76973000000,1928,76973000000,,0.0,0.0,0.5,0.0,0
77006000000,1929,77006000000,,0.0,0.0,0.5,0.0,0
77057000000,1930,77057000000,,0.0,0.0,0.5,0.0,0
77107000000,1931,77107000000,,0.0,0.0,0.5,0.0,0
77124000000,1932,77124000000,,0.0,0.0,0.5,0.0,0
77162000000,1933,77162000000,,0.0,0.0,0.5,0.0,0
77223000000,1934,77223000000,,0.0,0.0,0.5,0.0,0
77241000000,1935,77241000000,,0.0,0.0,0.5,0.0,0
77307000000,1936,77307000000,,0.0,0.0,0.5,0.0,0
77340000000,1937,77340000000,,0.0,0.0,0.5,0.0,0
77390000000,1938,77390000000,,0.0,0.0,0.5,0.0,0
77408000000,1939,77408000000,,0.0,0.0,0.5,0.0,0
77440000000,1940,77440000000,,0.0,0.0,0.5,0.0,0
77507000000,1941,77507000000,,0.0,0.0,0.5,0.0,0
77540000000,1942,77540000000,,0.0,0.0,0.5,0.0,0
77573000000,1943,77573000000,,0.0,0.0,0.5,0.0,0
77658000000,1944,77657000000,,0.0,0.0,0.5,0.0,0
77708000000,1945,77708000000,,0.0,0.0,0.5,0.0,0
77741000000,1946,77741000000,,0.0,0.0,0.5,0.0,0
77774000000,1947,77774000000,,0.0,0.0,0.5,0.0,0
77821000000,1948,77821000000,,0.0,0.0,0.5,0.0,0
77839000000,1949,77838000000,,0.0,0.0,0.5,0.0,0
77904000000,1950,77904000000,,0.0,0.0,0.5,0.0,0
77937000000,1951,77937000000,,0.0,0.0,0.5,0.0,0
77972000000,1952,77972000000,,0.0,0.0,0.5,0.0,0
78005000000,1953,78005000000,,0.0,0.0,0.5,0.0,0
78039000000,1954,78039000000,,0.0,0.0,0.5,0.0,0
78103000000,1955,78103000000,,0.0,0.0,0.5,0.0,0
78138000000,1956,78138000000,,0.0,0.0,0.5,0.0,0
78171000000,1957,78171000000,,0.0,0.0,0.5,0.0,0
78204000000,1958,78203000000,,0.0,0.0,0.5,0.0,0
78255000000,1959,78255000000,,0.0,0.0,0.5,0.0,0
78305000000,1960,78305000000,,0.0,0.0,0.5,0.0,0
78340000000,1961,78340000000,,0.0,0.0,0.5,0.0,0
78373000000,1962,78373000000,,0.0,0.0,0.5,0.0,0
78423000000,1963,78422000000,,0.0,0.0,0.5,0.0,0
78440000000,1964,78440000000,,0.0,0.0,0.5,0.0,0
78505000000,1965,78505000000,,0.0,0.0,0.5,0.0,0
78538000000,1966,78538000000,,0.0,0.0,0.5,0.0,0
78572000000,1967,78572000000,,0.0,0.0,0.5,0.0,0
78638000000,1968,78638000000,,0.0,0.0,0.5,0.0,0
78705000000,1969,78705000000,,0.0,0.0,0.5,0.0,0
78722000000,1970,78722000000,,0.0,0.0,0.5,0.0,0
78758000000,1971,78758000000,,0.0,0.0,0.5,0.0,0
78820000000,1972,78820000000,,0.0,0.0,0.5,0.0,0
78837000000,1973,78837000000,,0.0,0.0,0.5,0.0,0
78878000000,1974,78878000000,,0.0,0.0,0.5,0.0,0
78937000000,1975,78937000000,,0.0,0.0,0.5,0.0,0
78958000000,1976,78958000000,,0.0,0.0,0.5,0.0,0
79022000000,1977,79022000000,,0.0,0.0,0.5,0.0,0
79054000000,1978,79054000000,,0.0,0.0,0.5,0.0,0
79104000000,1979,79104000000,,0.0,0.0,0.5,0.0,0
79137000000,1980,79137000000,,0.0,0.0,0.5,0.0,0
79157000000,1981,79157000000,,0.0,0.0,0.5,0.0,0
79222000000,1982,79222000000,,0.0,0.0,0.5,0.0,0
79256000000,1983,79256000000,,0.0,0.0,0.5,0.0,0
79305000000,1984,79305000000,,0.0,0.0,0.5,0.0,0
79338000000,1985,79338000000,,0.0,0.0,0.5,0.0,0
79372000000,1986,79372000000,,0.0,0.0,0.5,0.0,0
79405000000,1987,79405000000,,0.0,0.0,0.5,0.0,0
79439000000,1988,79439000000,,0.0,0.0,0.5,0.0,0
79488000000,1989,79488000000,,0.0,0.0,0.5,0.0,0
79538000000,1990,79538000000,,0.0,0.0,0.5,0.0,0
79572000000,1991,79572000000,,0.0,0.0,0.5,0.0,0
79638000000,1992,79638000000,,0.0,0.0,0.5,0.0,0
79705000000,1993,79705000000,,0.0,0.0,0.5,0.0,0
79739000000,1994,79739000000,,0.0,0.0,0.5,0.0,0
79772000000,1995,79772000000,,0.0,0.0,0.5,0.0,0
79805000000,1996,79805000000,,0.0,0.0,0.5,0.0,0
79838000000,1997,79838000000,,0.0,0.0,0.5,0.0,0
79888000000,1998,79888000000,,0.0,0.0,0.5,0.0,0
79938000000,1999,79938000000,,0.0,0.0,0.5,0.0,0
79972000000,2000,79972000000,,0.0,0.0,0.5,0.0,0
80006000000,2001,80006000000,,0.0,0.0,0.5,0.0,0
80055000000,2002,80055000000,,0.0,0.0,0.5,0.0,0
80089000000,2003,80089000000,,0.0,0.0,0.5,0.0,0
80138000000,2004,80138000000,,0.0,0.0,0.5,0.0,0
80172000000,2005,80172000000,,0.0,0.0,0.5,0.0,0
80222000000,2006,80222000000,,0.0,0.0,0.5,0.0,0
80255000000,2007,80255000000,,0.0,0.0,0.5,0.0,0
80288000000,2008,80288000000,,0.0,0.0,0.5,0.0,0
80338000000,2009,80338000000,,0.0,0.0,0.5,0.0,0
80357000000,2010,80357000000,,0.0,0.0,0.5,0.0,0
80422000000,2011,80422000000,,0.0,0.0,0.5,0.0,0
80439000000,2012,80439000000,,0.0,0.0,0.5,0.0,0
80489000000,2013,80489000000,,0.0,0.0,0.5,0.0,0
80539000000,2014,80539000000,,0.0,0.0,0.5,0.0,0
80572000000,2015,80572000000,,0.0,0.0,0.5,0.0,0
80656000000,2016,80656000000,,0.0,0.0,0.5,0.0,0
80689000000,2017,80689000000,,0.0,0.0,0.5,0.0,0
80738000000,2018,80738000000,,0.0,0.0,0.5,0.0,0
80773000000,2019,80773000000,,0.0,0.0,0.5,0.0,0
80824000000,2020,80824000000,,0.0,0.0,0.5,0.0,0
80857000000,2021,80857000000,,0.0,0.0,0.5,0.0,0
80906000000,2022,80906000000,,0.0,0.0,0.5,0.0,0
80940000000,2023,80940000000,,0.0,0.0,0.5,0.0,0
80957000000,2024,80957000000,,0.0,0.0,0.5,0.0,0
81023000000,2025,81023000000,,0.0,0.0,0.5,0.0,0
81056000000,2026,81056000000,,0.0,0.0,0.5,0.0,0
81106000000,2027,81106000000,,0.0,0.0,0.5,0.0,0
81138000000,2028,81138000000,,0.0,0.0,0.5,0.0,0
81173000000,2029,81173000000,,0.0,0.0,0.5,0.0,0
81223000000,2030,81223000000,,0.0,0.0,0.5,0.0,0
81256000000,2031,81256000000,,0.0,0.0,0.5,0.0,0
81306000000,2032,81306000000,,0.0,0.0,0.5,0.0,0
81340000000,2033,81340000000,,0.0,0.0,0.5,0.0,0
81355000000,2034,81355000000,,0.0,0.0,0.5,0.0,0
81422000000,2035,81422000000,,0.0,0.0,0.5,0.0,0
81455000000,2036,81455000000,,0.0,0.0,0.5,0.0,0
81505000000,2037,81505000000,,0.0,0.0,0.5,0.0,0
81539000000,2038,81539000000,,0.0,0.0,0.5,0.0,0
81555000000,2039,81555000000,,0.0,0.0,0.5,0.0,0
81623000000,2040,81623000000,,0.0,0.0,0.5,0.0,0
81656000000,2041,81656000000,,0.0,0.0,0.5,0.0,0
81689000000,2042,81689000000,,0.0,0.0,0.5,0.0,0
81740000000,2043,81740000000,,0.0,0.0,0.5,0.0,0
81757000000,2044,81757000000,,0.0,0.0,0.5,0.0,0
81825000000,2045,81825000000,,0.0,0.0,0.5,0.0,0
81856000000,2046,81856000000,,0.0,0.0,0.5,0.0,0
81889000000,2047,81889000000,,0.0,0.0,0.5,0.0,0
81939000000,2048,81939000000,,0.0,0.0,0.5,0.0,0
81955000000,2049,81955000000,,0.0,0.0,0.5,0.0,0
82005000000,2050,82005000000,,0.0,0.0,0.5,0.0,0
82040000000,2051,82040000000,,0.0,0.0,0.5,0.0,0
82077000000,2052,82077000000,,0.0,0.0,0.5,0.0,0
82140000000,2053,82140000000,,0.0,0.0,0.5,0.0,0
82173000000,2054,82173000000,,0.0,0.0,0.5,0.0,0
82223000000,2055,82223000000,,0.0,0.0,0.5,0.0,0
82240000000,2056,82240000000,,0.0,0.0,0.5,0.0,0
82276000000,2057,82276000000,,0.0,0.0,0.5,0.0,0
82339000000,2058,82339000000,,0.0,0.0,0.5,0.0,0
82356000000,2059,82356000000,,0.0,0.0,0.5,0.0,0
82406000000,2060,82406000000,,0.0,0.0,0.5,0.0,0
82439000000,2061,82439000000,,0.0,0.0,0.5,0.0,0
82475000000,2062,82475000000,,0.0,0.0,0.5,0.0,0
82524000000,2063,82524000000,,0.0,0.0,0.5,0.0,0
82557000000,2064,82557000000,,0.0,0.0,0.5,0.0,0
82605000000,2065,82605000000,,0.0,0.0,0.5,0.0,0
82655000000,2066,82655000000,,0.0,0.0,0.5,0.0,0
82690000000,2067,82690000000,,0.0,0.0,0.5,0.0,0
82740000000,2068,82740000000,,0.0,0.0,0.5,0.0,0
82755000000,2069,82755000000,,0.0,0.0,0.5,0.0,0
82806000000,2070,82806000000,,0.0,0.0,0.5,0.0,0
82856000000,2071,82856000000,,0.0,0.0,0.5,0.0,0
82889000000,2072,82889000000,,0.0,0.0,0.5,0.0,0
82939000000,2073,82939000000,,0.0,0.0,0.5,0.0,0
82956000000,2074,82956000000,,0.0,0.0,0.5,0.0,0
83023000000,2075,83023000000,,0.0,0.0,0.5,0.0,0
83056000000,2076,83056000000,,0.0,0.0,0.5,0.0,0
83089000000,2077,83089000000,,0.0,0.0,0.5,0.0,0
83122000000,2078,83122000000,,0.0,0.0,0.5,0.0,0
83157000000,2079,83157000000,,0.0,0.0,0.5,0.0,0
83207000000,2080,83207000000,,0.0,0.0,0.5,0.0,0
83257000000,2081,83257000000,,0.0,0.0,0.5,0.0,0
83290000000,2082,83290000000,,0.0,0.0,0.5,0.0,0
83323000000,2083,83323000000,,0.0,0.0,0.5,0.0,0
83357000000,2084,83357000000,,0.0,0.0,0.5,0.0,0
83407000000,2085,83407000000,,0.0,0.0,0.5,0.0,0
83458000000,2086,83457000000,,0.0,0.0,0.5,0.0,0
83490000000,2087,83490000000,,0.0,0.0,0.5,0.0,0
83523000000,2088,83523000000,,0.0,0.0,0.5,0.0,0
83573000000,2089,83573000000,,0.0,0.0,0.5,0.0,0
83623000000,2090,83623000000,,0.0,0.0,0.5,0.0,0
83658000000,2091,83658000000,,0.0,0.0,0.5,0.0,0
83691000000,2092,83691000000,,0.0,0.0,0.5,0.0,0
83725000000,2093,83725000000,,0.0,0.0,0.5,0.0,0
83756000000,2094,83756000000,,0.0,0.0,0.5,0.0,0
83806000000,2095,83806000000,,0.0,0.0,0.5,0.0,0
83856000000,2096,83856000000,,0.0,0.0,0.5,0.0,0
83890000000,2097,83890000000,,0.0,0.0,0.5,0.0,0
83923000000,2098,83923000000,,0.0,0.0,0.5,0.0,0
83959000000,2099,83959000000,,0.0,0.0,0.5,0.0,0
83995000000,2100,83995000000,,0.0,0.0,0.5,0.0,0
84040000000,2101,84040000000,,0.0,0.0,0.5,0.0,0
84074000000,2102,84074000000,,0.0,0.0,0.5,0.0,0
84123000000,2103,84123000000,,0.0,0.0,0.5,0.0,0
84157000000,2104,84157000000,,0.0,0.0,0.5,0.0,0
84223000000,2105,84223000000,,0.0,0.0,0.5,0.0,0
84257000000,2106,84257000000,,0.0,0.0,0.5,0.0,0
84290000000,2107,84290000000,,0.0,0.0,0.5,0.0,0
84323000000,2108,84323000000,,0.0,0.0,0.5,0.0,0
84373000000,2109,84373000000,,0.0,0.0,0.5,0.0,0
84423000000,2110,84423000000,,0.0,0.0,0.5,0.0,0
84459000000,2111,84459000000,,0.0,0.0,0.5,0.0,0
84490000000,2112,84490000000,,0.0,0.0,0.5,0.0,0
84523000000,2113,84523000000,,0.0,0.0,0.5,0.0,0
84573000000,2114,84573000000,,0.0,0.0,0.5,0.0,0
84624000000,2115,84624000000,,0.0,0.0,0.5,0.0,0
84658000000,2116,84658000000,,0.0,0.0,0.5,0.0,0
84691000000,2117,84691000000,,0.0,0.0,0.5,0.0,0
84724000000,2118,84724000000,,0.0,0.0,0.5,0.0,0
84757000000,2119,84757000000,,0.0,0.0,0.5,0.0,0
84795000000,2120,84794000000,,0.0,0.0,0.5,0.0,0
84857000000,2121,84857000000,,0.0,0.0,0.5,0.0,0
84891000000,2122,84891000000,,0.0,0.0,0.5,0.0,0
84941000000,2123,84941000000,,0.0,0.0,0.5,0.0,0
84974000000,2124,84974000000,,0.0,0.0,0.5,0.0,0
85008000000,2125,85008000000,,0.0,0.0,0.5,0.0,0
85057000000,2126,85057000000,,0.0,0.0,0.5,0.0,0
85074000000,2127,85074000000,,0.0,0.0,0.5,0.0,0
85140000000,2128,85140000000,,0.0,0.0,0.5,0.0,0
85174000000,2129,85174000000,,0.0,0.0,0.5,0.0,0
85207000000,2130,85207000000,,0.0,0.0,0.5,0.0,0
85258000000,2131,85258000000,,0.0,0.0,0.5,0.0,0
85291000000,2132,85291000000,,0.0,0.0,0.5,0.0,0
85324000000,2133,85324000000,,0.0,0.0,0.5,0.0,0
85374000000,2134,85374000000,,0.0,0.0,0.5,0.0,0
85408000000,2135,85408000000,,0.0,0.0,0.5,0.0,0
85458000000,2136,85458000000,,0.0,0.0,0.5,0.0,0
85491000000,2137,85491000000,,0.0,0.0,0.5,0.0,0
85524000000,2138,85524000000,,0.0,0.0,0.5,0.0,0
85574000000,2139,85574000000,,0.0,0.0,0.5,0.0,0
85618000000,2140,85618000000,,0.0,0.0,0.5,0.0,0
85657000000,2141,85657000000,,0.0,0.0,0.5,0.0,0
85690000000,2142,85690000000,,0.0,0.0,0.5,0.0,0
85724000000,2143,85724000000,,0.0,0.0,0.5,0.0,0
85774000000,2144,85774000000,,0.0,0.0,0.5,0.0,0
85808000000,2145,85808000000,,0.0,0.0,0.5,0.0,0
85857000000,2146,85857000000,,0.0,0.0,0.5,0.0,0
85891000000,2147,85891000000,,0.0,0.0,0.5,0.0,0
85924000000,2148,85924000000,,0.0,0.0,0.5,0.0,0
85957000000,2149,85956000000,,0.0,0.0,0.5,0.0,0
85994000000,2150,85994000000,,0.0,0.0,0.5,0.0,0
86058000000,2151,86058000000,,0.0,0.0,0.5,0.0,0
86091000000,2152,86091000000,,0.0,0.0,0.5,0.0,0
86125000000,2153,86125000000,,0.0,0.0,0.5,0.0,0
86173000000,2154,86173000000,,0.0,0.0,0.5,0.0,0
86194000000,2155,86194000000,,0.0,0.0,0.5,0.0,0
86258000000,2156,86258000000,,0.0,0.0,0.5,0.0,0
86291000000,2157,86291000000,,0.0,0.0,0.5,0.0,0
86327000000,2158,86327000000,,0.0,0.0,0.5,0.0,0
86374000000,2159,86374000000,,0.0,0.0,0.5,0.0,0
86408000000,2160,86408000000,,0.0,0.0,0.5,0.0,0
86457000000,2161,86457000000,,0.0,0.0,0.5,0.0,0
86491000000,2162,86491000000,,0.0,0.0,0.5,0.0,0
86513000000,2163,86513000000,,0.0,0.0,0.5,0.0,0
86574000000,2164,86574000000,,0.0,0.0,0.5,0.0,0
86657000000,2165,86657000000,,0.0,0.0,0.5,0.0,0
86692000000,2166,86692000000,,0.0,0.0,0.5,0.0,0
86724000000,2167,86724000000,,0.0,0.0,0.5,0.0,0
86774000000,2168,86774000000,,0.0,0.0,0.5,0.0,0
86807000000,2169,86807000000,,0.0,0.0,0.5,0.0,0
86857000000,2170,86857000000,,0.0,0.0,0.5,0.0,0
86875000000,2171,86875000000,,0.0,0.0,0.5,0.0,0
86925000000,2172,86925000000,,0.0,0.0,0.5,0.0,0
86975000000,2173,86975000000,,0.0,0.0,0.5,0.0,0
86994000000,2174,86994000000,,0.0,0.0,0.5,0.0,0
87041000000,2175,87041000000,,0.0,0.0,0.5,0.0,0
87074000000,2176,87074000000,,0.0,0.0,0.5,0.0,0
87127000000,2177,87127000000,,0.0,0.0,0.5,0.0,0
87174000000,2178,87174000000,,0.0,0.0,0.5,0.0,0
87208000000,2179,87208000000,,0.0,0.0,0.5,0.0,0
87243000000,2180,87243000000,,0.0,0.0,0.5,0.0,0
87274000000,2181,87274000000,,0.0,0.0,0.5,0.0,0
87324000000,2182,87324000000,,0.0,0.0,0.5,0.0,0
87375000000,2183,87375000000,,0.0,0.0,0.5,0.0,0
87407000000,2184,87407000000,,0.0,0.0,0.5,0.0,0
87457000000,2185,87457000000,,0.0,0.0,0.5,0.0,0
87492000000,2186,87492000000,,0.0,0.0,0.5,0.0,0
87525000000,2187,87525000000,,0.0,0.0,0.5,0.0,0
87558000000,2188,87558000000,,0.0,0.0,0.5,0.0,0
87658000000,2189,87658000000,,0.0,0.0,0.5,0.0,0
87692000000,2190,87692000000,,0.0,0.0,0.5,0.0,0
87725000000,2191,87725000000,,0.0,0.0,0.5,0.0,0
87775000000,2192,87775000000,,0.0,0.0,0.5,0.0,0
87809000000,2193,87809000000,,0.0,0.0,0.5,0.0,0
87859000000,2194,87859000000,,0.0,0.0,0.5,0.0,0
87874000000,2195,87874000000,,0.0,0.0,0.5,0.0,0
87924000000,2196,87924000000,,0.0,0.0,0.5,0.0,0
87957000000,2197,87957000000,,0.0,0.0,0.5,0.0,0
87993000000,2198,87993000000,,0.0,0.0,0.5,0.0,0
88057000000,2199,88057000000,,0.0,0.0,0.5,0.0,0
88092000000,2200,88092000000,,0.0,0.0,0.5,0.0,0
88126000000,2201,88126000000,,0.0,0.0,0.5,0.0,0
88158000000,2202,88158000000,,0.0,0.0,0.5,0.0,0
88192000000,2203,88192000000,,0.0,0.0,0.5,0.0,0
88258000000,2204,88258000000,,0.0,0.0,0.5,0.0,0
88275000000,2205,88275000000,,0.0,0.0,0.5,0.0,0
88325000000,2206,88325000000,,0.0,0.0,0.5,0.0,0
88375000000,2207,88375000000,,0.0,0.0,0.5,0.0,0
88411000000,2208,88411000000,,0.0,0.0,0.5,0.0,0
88461000000,2209,88461000000,,0.0,0.0,0.5,0.0,0
88477000000,2210,88477000000,,0.0,0.0,0.5,0.0,0
88513000000,2211,88512000000,,0.0,0.0,0.5,0.0,0
88560000000,2212,88560000000,,0.0,0.0,0.5,0.0,0
88632000000,2213,88632000000,,0.0,0.0,0.5,0.0,0
88678000000,2214,88678000000,,0.0,0.0,0.5,0.0,0
88714000000,2215,88714000000,,0.0,0.0,0.5,0.0,0
88776000000,2216,88776000000,,0.0,0.0,0.5,0.0,0
88794000000,2217,88794000000,,0.0,0.0,0.5,0.0,0
88859000000,2218,88859000000,,0.0,0.0,0.5,0.0,0
88877000000,2219,88877000000,,0.0,0.0,0.5,0.0,0
88912000000,2220,88912000000,,0.0,0.0,0.5,0.0,0
88959000000,2221,88959000000,,0.0,0.0,0.5,0.0,0
88992000000,2222,88992000000,,0.0,0.0,0.5,0.0,0
89058000000,2223,89058000000,,0.0,0.0,0.5,0.0,0
89092000000,2224,89092000000,,0.0,0.0,0.5,0.0,0
89125000000,2225,89125000000,,0.0,0.0,0.5,0.0,0
89175000000,2226,89175000000,,0.0,0.0,0.5,0.0,0
89193000000,2227,89193000000,,0.0,0.0,0.5,0.0,0
89243000000,2228,89243000000,,0.0,0.0,0.5,0.0,0
89291000000,2229,89291000000,,0.0,0.0,0.5,0.0,0
89311000000,2230,89311000000,,0.0,0.0,0.5,0.0,0
89376000000,2231,89376000000,,0.0,0.0,0.5,0.0,0
89409000000,2232,89408000000,,0.0,0.0,0.5,0.0,0
89460000000,2233,89460000000,,0.0,0.0,0.5,0.0,0
89492000000,2234,89492000000,,0.0,0.0,0.5,0.0,0
89526000000,2235,89526000000,,0.0,0.0,0.5,0.0,0
89576000000,2236,89576000000,,0.0,0.0,0.5,0.0,0
89658000000,2237,89658000000,,0.0,0.0,0.5,0.0,0
89677000000,2238,89677000000,,0.0,0.0,0.5,0.0,0
89713000000,2239,89713000000,,0.0,0.0,0.5,0.0,0
89775000000,2240,89775000000,,0.0,0.0,0.5,0.0,0
89808000000,2241,89808000000,,0.0,0.0,0.5,0.0,0
89843000000,2242,89843000000,,0.0,0.0,0.5,0.0,0
89893000000,2243,89893000000,,0.0,0.0,0.5,0.0,0
89926000000,2244,89926000000,,0.0,0.0,0.5,0.0,0
89976000000,2245,89976000000,,0.0,0.0,0.5,0.0,0
89993000000,2246,89993000000,,0.0,0.0,0.5,0.0,0
90058000000,2247,90058000000,,0.0,0.0,0.5,0.0,0
90076000000,2248,90076000000,,0.0,0.0,0.5,0.0,0
90112000000,2249,90112000000,,0.0,0.0,0.5,0.0,0
90176000000,2250,90176000000,,0.0,0.0,0.5,0.0,0
90208000000,2251,90208000000,,0.0,0.0,0.5,0.0,0
90243000000,2252,90243000000,,0.0,0.0,0.5,0.0,0
90292000000,2253,90292000000,,0.0,0.0,0.5,0.0,0
90325000000,2254,90325000000,,0.0,0.0,0.5,0.0,0
90375000000,2255,90375000000,,0.0,0.0,0.5,0.0,0
90393000000,2256,90392000000,,0.0,0.0,0.5,0.0,0
90460000000,2257,90460000000,,0.0,0.0,0.5,0.0,0
90475000000,2258,90475000000,,0.0,0.0,0.5,0.0,0
90511000000,2259,90511000000,,0.0,0.0,0.5,0.0,0
90559000000,2260,90559000000,,0.0,0.0,0.5,0.0,0
90642000000,2261,90642000000,,0.0,0.0,0.5,0.0,0
90675000000,2262,90675000000,,0.0,0.0,0.5,0.0,0
90727000000,2263,90727000000,,0.0,0.0,0.5,0.0,0
90775000000,2264,90775000000,,0.0,0.0,0.5,0.0,0
90792000000,2265,90792000000,,0.0,0.0,0.5,0.0,0
90831000000,2266,90831000000,,0.0,0.0,0.5,0.0,0
90877000000,2267,90876000000,,0.0,0.0,0.5,0.0,0
90912000000,2268,90912000000,,0.0,0.0,0.5,0.0,0
90975000000,2269,90975000000,,0.0,0.0,0.5,0.0,0
91010000000,2270,91010000000,,0.0,0.0,0.5,0.0,0
91044000000,2271,91044000000,,0.0,0.0,0.5,0.0,0
91093000000,2272,91093000000,,0.0,0.0,0.5,0.0,0
91110000000,2273,91110000000,,0.0,0.0,0.5,0.0,0
91177000000,2274,91177000000,,0.0,0.0,0.5,0.0,0
91209000000,2275,91209000000,,0.0,0.0,0.5,0.0,0
91243000000,2276,91243000000,,0.0,0.0,0.5,0.0,0
91278000000,2277,91277000000,,0.0,0.0,0.5,0.0,0
91312000000,2278,91312000000,,0.0,0.0,0.5,0.0,0
91376000000,2279,91376000000,,0.0,0.0,0.5,0.0,0
91410000000,2280,91410000000,,0.0,0.0,0.5,0.0,0
91459000000,2281,91459000000,,0.0,0.0,0.5,0.0,0
91476000000,2282,91476000000,,0.0,0.0,0.5,0.0,0
91511000000,2283,91510000000,,0.0,0.0,0.5,0.0,0
91559000000,2284,91559000000,,0.0,0.0,0.5,0.0,0
91631000000,2285,91631000000,,0.0,0.0,0.5,0.0,0
91692000000,2286,91692000000,,0.0,0.0,0.5,0.0,0
91727000000,2287,91727000000,,0.0,0.0,0.5,0.0,0
91775000000,2288,91775000000,,0.0,0.0,0.5,0.0,0
91792000000,2289,91792000000,,0.0,0.0,0.5,0.0,0
91842000000,2290,91842000000,,0.0,0.0,0.5,0.0,0
91875000000,2291,91875000000,,0.0,0.0,0.5,0.0,0
91911000000,2292,91911000000,,0.0,0.0,0.5,0.0,0
91977000000,2293,91977000000,,0.0,0.0,0.5,0.0,0
91992000000,2294,91992000000,,0.0,0.0,0.5,0.0,0
92031000000,2295,92031000000,,0.0,0.0,0.5,0.0,0
92077000000,2296,92077000000,,0.0,0.0,0.5,0.0,0
92111000000,2297,92111000000,,0.0,0.0,0.5,0.0,0
92176000000,2298,92176000000,,0.0,0.0,0.5,0.0,0
92194000000,2299,92194000000,,0.0,0.0,0.5,0.0,0
92244000000,2300,92244000000,,0.0,0.0,0.5,0.0,0
92277000000,2301,92276000000,,0.0,0.0,0.5,0.0,0
92311000000,2302,92311000000,,0.0,0.0,0.5,0.0,0
92376000000,2303,92376000000,,0.0,0.0,0.5,0.0,0
92409000000,2304,92409000000,,0.0,0.0,0.5,0.0,0
92431000000,2305,92431000000,,0.0,0.0,0.5,0.0,0
92476000000,2306,92476000000,,0.0,0.0,0.5,0.0,0
92510000000,2307,92510000000,,0.0,0.0,0.5,0.0,0
92576000000,2308,92576000000,,0.0,0.0,0.5,0.0,0
92643000000,2309,92643000000,,0.0,0.0,0.5,0.0,0
92693000000,2310,92693000000,,0.0,0.0,0.5,0.0,0
92710000000,2311,92710000000,,0.0,0.0,0.5,0.0,0
92776000000,2312,92776000000,,0.0,0.0,0.5,0.0,0
92810000000,2313,92810000000,,0.0,0.0,0.5,0.0,0
92843000000,2314,92843000000,,0.0,0.0,0.5,0.0,0
92876000000,2315,92876000000,,0.0,0.0,0.5,0.0,0
92926000000,2316,92925000000,,0.0,0.0,0.5,0.0,0
92960000000,2317,92960000000,,0.0,0.0,0.5,0.0,0
93010000000,2318,93010000000,,0.0,0.0,0.5,0.0,0
93043000000,2319,93043000000,,0.0,0.0,0.5,0.0,0
93095000000,2320,93095000000,,0.0,0.0,0.5,0.0,0
93111000000,2321,93111000000,,0.0,0.0,0.5,0.0,0
93159000000,2322,93159000000,,0.0,0.0,0.5,0.0,0
93211000000,2323,93211000000,,0.0,0.0,0.5,0.0,0
93244000000,2324,93244000000,,0.0,0.0,0.5,0.0,0
93294000000,2325,93294000000,,0.0,0.0,0.5,0.0,0
93310000000,2326,93310000000,,0.0,0.0,0.5,0.0,0
93362000000,2327,93362000000,,0.0,0.0,0.5,0.0,0
93413000000,2328,93413000000,,0.0,0.0,0.5,0.0,0
93443000000,2329,93443000000,,0.0,0.0,0.5,0.0,0
93493000000,2330,93493000000,,0.0,0.0,0.5,0.0,0
93512000000,2331,93512000000,,0.0,0.0,0.5,0.0,0
93576000000,2332,93576000000,,0.0,0.0,0.5,0.0,0
93630000000,2333,93630000000,,0.0,0.0,0.5,0.0,0
93693000000,2334,93693000000,,0.0,0.0,0.5,0.0,0
93710000000,2335,93710000000,,0.0,0.0,0.5,0.0,0
93760000000,2336,93760000000,,0.0,0.0,0.5,0.0,0
93793000000,2337,93793000000,,0.0,0.0,0.5,0.0,0
93829000000,2338,93829000000,,0.0,0.0,0.5,0.0,0
93877000000,2339,93877000000,,0.0,0.0,0.5,0.0,0
93910000000,2340,93910000000,,0.0,0.0,0.5,0.0,0
93960000000,2341,93960000000,,0.0,0.0,0.5,0.0,0
94012000000,2342,94012000000,,0.0,0.0,0.5,0.0,0
94043000000,2343,94043000000,,0.0,0.0,0.5,0.0,0
94093000000,2344,94093000000,,0.0,0.0,0.5,0.0,0
94112000000,2345,94112000000,,0.0,0.0,0.5,0.0,0
94177000000,2346,94176000000,,0.0,0.0,0.5,0.0,0
94211000000,2347,94211000000,,0.0,0.0,0.5,0.0,0
94244000000,2348,94244000000,,0.0,0.0,0.5,0.0,0
94294000000,2349,94294000000,,0.0,0.0,0.5,0.0,0
94310000000,2350,94310000000,,0.0,0.0,0.5,0.0,0
94360000000,2351,94360000000,,0.0,0.0,0.5,0.0,0
94410000000,2352,94410000000,,0.0,0.0,0.5,0.0,0
94444000000,2353,94444000000,,0.0,0.0,0.5,0.0,0
94477000000,2354,94477000000,,0.0,0.0,0.5,0.0,0
94527000000,2355,94527000000,,0.0,0.0,0.5,0.0,0
94577000000,2356,94577000000,,0.0,0.0,0.5,0.0,0
94644000000,2357,94644000000,,0.0,0.0,0.5,0.0,0
94677000000,2358,94677000000,,0.0,0.0,0.5,0.0,0
94710000000,2359,94710000000,,0.0,0.0,0.5,0.0,0
94761000000,2360,94760000000,,0.0,0.0,0.5,0.0,0
94811000000,2361,94811000000,,0.0,0.0,0.5,0.0,0
94843000000,2362,94843000000,,0.0,0.0,0.5,0.0,0
94878000000,2363,94878000000,,0.0,0.0,0.5,0.0,0
94910000000,2364,94910000000,,0.0,0.0,0.5,0.0,0
94960000000,2365,94960000000,,0.0,0.0,0.5,0.0,0
95010000000,2366,95010000000,,0.0,0.0,0.5,0.0,0
95045000000,2367,95045000000,,0.0,0.0,0.5,0.0,0
95078000000,2368,95078000000,,0.0,0.0,0.5,0.0,0
95110000000,2369,95110000000,,0.0,0.0,0.5,0.0,0
95160000000,2370,95160000000,,0.0,0.0,0.5,0.0,0
95210000000,2371,95210000000,,0.0,0.0,0.5,0.0,0
95243000000,2372,95243000000,,0.0,0.0,0.5,0.0,0
95293000000,2373,95293000000,,0.0,0.0,0.5,0.0,0
95311000000,2374,95311000000,,0.0,0.0,0.5,0.0,0
95361000000,2375,95361000000,,0.0,0.0,0.5,0.0,0
95411000000,2376,95411000000,,0.0,0.0,0.5,0.0,0
95445000000,2377,95445000000,,0.0,0.0,0.5,0.0,0
95478000000,2378,95478000000,,0.0,0.0,0.5,0.0,0
95512000000,2379,95512000000,,0.0,0.0,0.5,0.0,0
95561000000,2380,95560000000,,0.0,0.0,0.5,0.0,0
95644000000,2381,95643000000,,0.0,0.0,0.5,0.0,0
95695000000,2382,95695000000,,0.0,0.0,0.5,0.0,0
95730000000,2383,95730000000,,0.0,0.0,0.5,0.0,0
95761000000,2384,95761000000,,0.0,0.0,0.5,0.0,0
95811000000,2385,95811000000,,0.0,0.0,0.5,0.0,0
95845000000,2386,95845000000,,0.0,0.0,0.5,0.0,0
95894000000,2387,95894000000,,0.0,0.0,0.5,0.0,0
95928000000,2388,95928000000,,0.0,0.0,0.5,0.0,0
95977000000,2389,95977000000,,0.0,0.0,0.5,0.0,0
96011000000,2390,96011000000,,0.0,0.0,0.5,0.0,0
96029000000,2391,96029000000,,0.0,0.0,0.5,0.0,0
96096000000,2392,96096000000,,0.0,0.0,0.5,0.0,0
96129000000,2393,96129000000,,0.0,0.0,0.5,0.0,0
96149000000,2394,96149000000,,0.0,0.0,0.5,0.0,0
96214000000,2395,96213000000,,0.0,0.0,0.5,0.0,0
96229000000,2396,96229000000,,0.0,0.0,0.5,0.0,0
96295000000,2397,96295000000,,0.0,0.0,0.5,0.0,0
96313000000,2398,96312000000,,0.0,0.0,0.5,0.0,0
96348000000,2399,96348000000,,0.0,0.0,0.5,0.0,0
96394000000,2400,96394000000,,0.0,0.0,0.5,0.0,0
96428000000,2401,96428000000,,0.0,0.0,0.5,0.0,0
96494000000,2402,96494000000,,0.0,0.0,0.5,0.0,0
96513000000,2403,96513000000,,0.0,0.0,0.5,0.0,0
96549000000,2404,96549000000,,0.0,0.0,0.5,0.0,0
96629000000,2405,96628000000,,0.0,0.0,0.5,0.0,0
96694000000,2406,96694000000,,0.0,0.0,0.5,0.0,0
96711000000,2407,96711000000,,0.0,0.0,0.5,0.0,0
96749000000,2408,96749000000,,0.0,0.0,0.5,0.0,0
96813000000,2409,96813000000,,0.0,0.0,0.5,0.0,0
96828000000,2410,96828000000,,0.0,0.0,0.5,0.0,0
96896000000,2411,96895000000,,0.0,0.0,0.5,0.0,0
96911000000,2412,96911000000,,0.0,0.0,0.5,0.0,0
96949000000,2413,96949000000,,0.0,0.0,0.5,0.0,0
97011000000,2414,97011000000,,0.0,0.0,0.5,0.0,0
97028000000,2415,97028000000,,0.0,0.0,0.5,0.0,0
97094000000,2416,97094000000,,0.0,0.0,0.5,0.0,0
97113000000,2417,97113000000,,0.0,0.0,0.5,0.0,0
97149000000,2418,97149000000,,0.0,0.0,0.5,0.0,0
97213000000,2419,97213000000,,0.0,0.0,0.5,0.0,0
97229000000,2420,97229000000,,0.0,0.0,0.5,0.0,0
97294000000,2421,97294000000,,0.0,0.0,0.5,0.0,0
97329000000,2422,97329000000,,0.0,0.0,0.5,0.0,0
97362000000,2423,97361000000,,0.0,0.0,0.5,0.0,0
97413000000,2424,97413000000,,0.0,0.0,0.5,0.0,0
97429000000,2425,97429000000,,0.0,0.0,0.5,0.0,0
97494000000,2426,97494000000,,0.0,0.0,0.5,0.0,0
97511000000,2427,97511000000,,0.0,0.0,0.5,0.0,0
97547000000,2428,97547000000,,0.0,0.0,0.5,0.0,0
97628000000,2429,97628000000,,0.0,0.0,0.5,0.0,0
97694000000,2430,97694000000,,0.0,0.0,0.5,0.0,0
97728000000,2431,97728000000,,0.0,0.0,0.5,0.0,0
97763000000,2432,97763000000,,0.0,0.0,0.5,0.0,0
97794000000,2433,97794000000,,0.0,0.0,0.5,0.0,0
97830000000,2434,97829000000,,0.0,0.0,0.5,0.0,0
97878000000,2435,97878000000,,0.0,0.0,0.5,0.0,0
97912000000,2436,97912000000,,0.0,0.0,0.5,0.0,0
97948000000,2437,97948000000,,0.0,0.0,0.5,0.0,0
98012000000,2438,98012000000,,0.0,0.0,0.5,0.0,0
98029000000,2439,98029000000,,0.0,0.0,0.5,0.0,0
98079000000,2440,98079000000,,0.0,0.0,0.5,0.0,0
98112000000,2441,98112000000,,0.0,0.0,0.5,0.0,0
98148000000,2442,98148000000,,0.0,0.0,0.5,0.0,0
98212000000,2443,98212000000,,0.0,0.0,0.5,0.0,0
98245000000,2444,98245000000,,0.0,0.0,0.5,0.0,0
98295000000,2445,98295000000,,0.0,0.0,0.5,0.0,0
98329000000,2446,98329000000,,0.0,0.0,0.5,0.0,0
98362000000,2447,98362000000,,0.0,0.0,0.5,0.0,0
98397000000,2448,98396000000,,0.0,0.0,0.5,0.0,0
98445000000,2449,98445000000,,0.0,0.0,0.5,0.0,0
98495000000,2450,98495000000,,0.0,0.0,0.5,0.0,0
98529000000,2451,98529000000,,0.0,0.0,0.5,0.0,0
98562000000,2452,98562000000,,0.0,0.0,0.5,0.0,0
98612000000,2453,98612000000,,0.0,0.0,0.5,0.0,0
98629000000,2454,98629000000,,0.0,0.0,0.5,0.0,0
98680000000,2455,98680000000,,0.0,0.0,0.5,0.0,0
98728000000,2456,98728000000,,0.0,0.0,0.5,0.0,0
98763000000,2457,98763000000,,0.0,0.0,0.5,0.0,0
98796000000,2458,98796000000,,0.0,0.0,0.5,0.0,0
98847000000,2459,98847000000,,0.0,0.0,0.5,0.0,0
98896000000,2460,98896000000,,0.0,0.0,0.5,0.0,0
98913000000,2461,98913000000,,0.0,0.0,0.5,0.0,0
98947000000,2462,98947000000,,0.0,0.0,0.5,0.0,0
99012000000,2463,99012000000,,0.0,0.0,0.5,0.0,0
99045000000,2464,99045000000,,0.0,0.0,0.5,0.0,0
99079000000,2465,99079000000,,0.0,0.0,0.5,0.0,0
99112000000,2466,99112000000,,0.0,0.0,0.5,0.0,0
99148000000,2467,99148000000,,0.0,0.0,0.5,0.0,0
99212000000,2468,99212000000,,0.0,0.0,0.5,0.0,0
99230000000,2469,99230000000,,0.0,0.0,0.5,0.0,0
99267000000,2470,99267000000,,0.0,0.0,0.5,0.0,0
99328000000,2471,99328000000,,0.0,0.0,0.5,0.0,0
99363000000,2472,99363000000,,0.0,0.0,0.5,0.0,0
99411000000,2473,99411000000,,0.0,0.0,0.5,0.0,0
99429000000,2474,99429000000,,0.0,0.0,0.5,0.0,0
99468000000,2475,99468000000,,0.0,0.0,0.5,0.0,0
99529000000,2476,99529000000,,0.0,0.0,0.5,0.0,0
99563000000,2477,99563000000,,0.0,0.0,0.5,0.0,0
99604000000,2478,99604000000,,0.0,0.0,0.5,0.0,0
99646000000,2479,99646000000,,0.0,0.0,0.5,0.0,0
99695000000,2480,99695000000,,0.0,0.0,0.5,0.0,0
99729000000,2481,99729000000,,0.0,0.0,0.5,0.0,0
99748000000,2482,99748000000,,0.0,0.0,0.5,0.0,0
99795000000,2483,99795000000,,0.0,0.0,0.5,0.0,0
99829000000,2484,99829000000,,0.0,0.0,0.5,0.0,0
99867000000,2485,99867000000,,0.0,0.0,0.5,0.0,0
99914000000,2486,99914000000,,0.0,0.0,0.5,0.0,0
99948000000,2487,99948000000,,0.0,0.0,0.5,0.0,0
100013000000,2488,100013000000,,0.0,0.0,0.5,0.0,0
100046000000,2489,100046000000,,0.0,0.0,0.5,0.0,0
100081000000,2490,100081000000,,0.0,0.0,0.5,0.0,0
100113000000,2491,100113000000,,0.0,0.0,0.5,0.0,0
100148000000,2492,100148000000,,0.0,0.0,0.5,0.0,0
100213000000,2493,100213000000,,0.0,0.0,0.5,0.0,0
100246000000,2494,100246000000,,0.0,0.0,0.5,0.0,0
100280000000,2495,100280000000,,0.0,0.0,0.5,0.0,0
100329000000,2496,100329000000,,0.0,0.0,0.5,0.0,0
100346000000,2497,100346000000,,0.0,0.0,0.5,0.0,0
100413000000,2498,100413000000,,0.0,0.0,0.5,0.0,0
100445000000,2499,100445000000,,0.0,0.0,0.5,0.0,0
100480000000,2500,100480000000,,0.0,0.0,0.5,0.0,0
100530000000,2501,100530000000,,0.0,0.0,0.5,0.0,0
100563000000,2502,100563000000,,0.0,0.0,0.5,0.0,0
100613000000,2503,100613000000,,0.0,0.0,0.5,0.0,0
100629000000,2504,100629000000,,0.0,0.0,0.5,0.0,0
100666000000,2505,100666000000,,0.0,0.0,0.5,0.0,0
100729000000,2506,100729000000,,0.0,0.0,0.5,0.0,0
100748000000,2507,100748000000,,0.0,0.0,0.5,0.0,0
100812000000,2508,100812000000,,0.0,0.0,0.5,0.0,0
100846000000,2509,100846000000,,0.0,0.0,0.5,0.0,0
100896000000,2510,100896000000,,0.0,0.0,0.5,0.0,0
100929000000,2511,100929000000,,0.0,0.0,0.5,0.0,0
100965000000,2512,100965000000,,0.0,0.0,0.5,0.0,0
101013000000,2513,101013000000,,0.0,0.0,0.5,0.0,0
101030000000,2514,101030000000,,0.0,0.0,0.5,0.0,0
101066000000,2515,101066000000,,0.0,0.0,0.5,0.0,0
101130000000,2516,101130000000,,0.0,0.0,0.5,0.0,0
101147000000,2517,101147000000,,0.0,0.0,0.5,0.0,0
101213000000,2518,101213000000,,0.0,0.0,0.5,0.0,0
101232000000,2519,101231000000,,0.0,0.0,0.5,0.0,0
101280000000,2520,101280000000,,0.0,0.0,0.5,0.0,0
101330000000,2521,101330000000,,0.0,0.0,0.5,0.0,0
101363000000,2522,101363000000,,0.0,0.0,0.5,0.0,0
101413000000,2523,101413000000,,0.0,0.0,0.5,0.0,0
101446000000,2524,101446000000,,0.0,0.0,0.5,0.0,0
101480000000,2525,101480000000,,0.0,0.0,0.5,0.0,0
101530000000,2526,101530000000,,0.0,0.0,0.5,0.0,0
101546000000,2527,101546000000,,0.0,0.0,0.5,0.0,0
101614000000,2528,101614000000,,0.0,0.0,0.5,0.0,0
101629000000,2529,101629000000,,0.0,0.0,0.5,0.0,0
101665000000,2530,101665000000,,0.0,0.0,0.5,0.0,0
101713000000,2531,101713000000,,0.0,0.0,0.5,0.0,0
101747000000,2532,101747000000,,0.0,0.0,0.5,0.0,0
101814000000,2533,101814000000,,0.0,0.0,0.5,0.0,0
101847000000,2534,101847000000,,0.0,0.0,0.5,0.0,0
101880000000,2535,101880000000,,0.0,0.0,0.5,0.0,0
101915000000,2536,101915000000,,0.0,0.0,0.5,0.0,0
101963000000,2537,101963000000,,0.0,0.0,0.5,0.0,0
102013000000,2538,102013000000,,0.0,0.0,0.5,0.0,0
102048000000,2539,102048000000,,0.0,0.0,0.5,0.0,0
102081000000,2540,102080000000,,0.0,0.0,0.5,0.0,0
102113000000,2541,102113000000,,0.0,0.0,0.5,0.0,0
102163000000,2542,102163000000,,0.0,0.0,0.5,0.0,0
102213000000,2543,102213000000,,0.0,0.0,0.5,0.0,0
102248000000,2544,102248000000,,0.0,0.0,0.5,0.0,0
102281000000,2545,102280000000,,0.0,0.0,0.5,0.0,0
102315000000,2546,102315000000,,0.0,0.0,0.5,0.0,0
102347000000,2547,102347000000,,0.0,0.0,0.5,0.0,0
102387000000,2548,102386000000,,0.0,0.0,0.5,0.0,0
102430000000,2549,102430000000,,0.0,0.0,0.5,0.0,0
102465000000,2550,102465000000,,0.0,0.0,0.5,0.0,0
102513000000,2551,102513000000,,0.0,0.0,0.5,0.0,0
102548000000,2552,102548000000,,0.0,0.0,0.5,0.0,0
102614000000,2553,102614000000,,0.0,0.0,0.5,0.0,0
102631000000,2554,102631000000,,0.0,0.0,0.5,0.0,0
102681000000,2555,102681000000,,0.0,0.0,0.5,0.0,0
102731000000,2556,102731000000,,0.0,0.0,0.5,0.0,0
102748000000,2557,102748000000,,0.0,0.0,0.5,0.0,0
102798000000,2558,102798000000,,0.0,0.0,0.5,0.0,0
102848000000,2559,102848000000,,0.0,0.0,0.5,0.0,0
102882000000,2560,102882000000,,0.0,0.0,0.5,0.0,0
102930000000,2561,102930000000,,0.0,0.0,0.5,0.0,0
102947000000,2562,102947000000,,0.0,0.0,0.5,0.0,0
102986000000,2563,102986000000,,0.0,0.0,0.5,0.0,0
103031000000,2564,103031000000,,0.0,0.0,0.5,0.0,0
103064000000,2565,103064000000,,0.0,0.0,0.5,0.0,0
103114000000,2566,103114000000,,0.0,0.0,0.5,0.0,0
103163000000,2567,103163000000,,0.0,0.0,0.5,0.0,0
103185000000,2568,103185000000,,0.0,0.0,0.5,0.0,0
103230000000,2569,103230000000,,0.0,0.0,0.5,0.0,0
103265000000,2570,103265000000,,0.0,0.0,0.5,0.0,0
103313000000,2571,103313000000,,0.0,0.0,0.5,0.0,0
103346000000,2572,103346000000,,0.0,0.0,0.5,0.0,0
103385000000,2573,103385000000,,0.0,0.0,0.5,0.0,0
103447000000,2574,103447000000,,0.0,0.0,0.5,0.0,0
103480000000,2575,103480000000,,0.0,0.0,0.5,0.0,0
103514000000,2576,103514000000,,0.0,0.0,0.5,0.0,0
103564000000,2577,103564000000,,0.0,0.0,0.5,0.0,0
103585000000,2578,103585000000,,0.0,0.0,0.5,0.0,0
103630000000,2579,103630000000,,0.0,0.0,0.5,0.0,0
103665000000,2580,103665000000,,0.0,0.0,0.5,0.0,0
103732000000,2581,103732000000,,0.0,0.0,0.5,0.0,0
103749000000,2582,103749000000,,0.0,0.0,0.5,0.0,0
103785000000,2583,103785000000,,0.0,0.0,0.5,0.0,0
103847000000,2584,103847000000,,0.0,0.0,0.5,0.0,0
103899000000,2585,103899000000,,0.0,0.0,0.5,0.0,0
103931000000,2586,103931000000,,0.0,0.0,0.5,0.0,0
103964000000,2587,103964000000,,0.0,0.0,0.5,0.0,0
104014000000,2588,104014000000,,0.0,0.0,0.5,0.0,0
104047000000,2589,104047000000,,0.0,0.0,0.5,0.0,0
104080000000,2590,104080000000,,0.0,0.0,0.5,0.0,0
104114000000,2591,104114000000,,0.0,0.0,0.5,0.0,0
104147000000,2592,104147000000,,0.0,0.0,0.5,0.0,0
104184000000,2593,104184000000,,0.0,0.0,0.5,0.0,0
104230000000,2594,104230000000,,0.0,0.0,0.5,0.0,0
104264000000,2595,104264000000,,0.0,0.0,0.5,0.0,0
104331000000,2596,104331000000,,0.0,0.0,0.5,0.0,0
104349000000,2597,104349000000,,0.0,0.0,0.5,0.0,0
104385000000,2598,104385000000,,0.0,0.0,0.5,0.0,0
104430000000,2599,104430000000,,0.0,0.0,0.5,0.0,0
104465000000,2600,104465000000,,0.0,0.0,0.5,0.0,0
104515000000,2601,104515000000,,0.0,0.0,0.5,0.0,0
104547000000,2602,104547000000,,0.0,0.0,0.5,0.0,0
104647000000,2603,104647000000,,0.0,0.0,0.5,0.0,0
104680000000,2604,104680000000,,0.0,0.0,0.5,0.0,0
104714000000,2605,104714000000,,0.0,0.0,0.5,0.0,0
104749000000,2606,104749000000,,0.0,0.0,0.5,0.0,0
104785000000,2607,104785000000,,0.0,0.0,0.5,0.0,0
104847000000,2608,104847000000,,0.0,0.0,0.5,0.0,0
104863000000,2609,104863000000,,0.0,0.0,0.5,0.0,0
104930000000,2610,104930000000,,0.0,0.0,0.5,0.0,0
104963000000,2611,104963000000,,0.0,0.0,0.5,0.0,0
104998000000,2612,104998000000,,0.0,0.0,0.5,0.0,0
105030000000,2613,105030000000,,0.0,0.0,0.5,0.0,0
105065000000,2614,105065000000,,0.0,0.0,0.5,0.0,0
105130000000,2615,105130000000,,0.0,0.0,0.5,0.0,0
105164000000,2616,105164000000,,0.0,0.0,0.5,0.0,0
105197000000,2617,105197000000,,0.0,0.0,0.5,0.0,0
105247000000,2618,105247000000,,0.0,0.0,0.5,0.0,0
105280000000,2619,105280000000,,0.0,0.0,0.5,0.0,0
105315000000,2620,105315000000,,0.0,0.0,0.5,0.0,0
105349000000,2621,105349000000,,0.0,0.0,0.5,0.0,0
105383000000,2622,105383000000,,0.0,0.0,0.5,0.0,0
105447000000,2623,105447000000,,0.0,0.0,0.5,0.0,0
105482000000,2624,105482000000,,0.0,0.0,0.5,0.0,0
105515000000,2625,105515000000,,0.0,0.0,0.5,0.0,0
105565000000,2626,105565000000,,0.0,0.0,0.5,0.0,0
105632000000,2627,105632000000,,0.0,0.0,0.5,0.0,0
105665000000,2628,105665000000,,0.0,0.0,0.5,0.0,0
105731000000,2629,105731000000,,0.0,0.0,0.5,0.0,0
105749000000,2630,105749000000,,0.0,0.0,0.5,0.0,0
105782000000,2631,105782000000,,0.0,0.0,0.5,0.0,0
105849000000,2632,105848000000,,0.0,0.0,0.5,0.0,0
105866000000,2633,105866000000,,0.0,0.0,0.5,0.0,0
105914000000,2634,105914000000,,0.0,0.0,0.5,0.0,0
105964000000,2635,105964000000,,0.0,0.0,0.5,0.0,0
105983000000,2636,105983000000,,0.0,0.0,0.5,0.0,0
106031000000,2637,106031000000,,0.0,0.0,0.5,0.0,0
106066000000,2638,106066000000,,0.0,0.0,0.5,0.0,0
106114000000,2639,106114000000,,0.0,0.0,0.5,0.0,0
106164000000,2640,106164000000,,0.0,0.0,0.5,0.0,0
106199000000,2641,106199000000,,0.0,0.0,0.5,0.0,0
106233000000,2642,106233000000,,0.0,0.0,0.5,0.0,0
106265000000,2643,106265000000,,0.0,0.0,0.5,0.0,0
106315000000,2644,106315000000,,0.0,0.0,0.5,0.0,0
106365000000,2645,106365000000,,0.0,0.0,0.5,0.0,0
106399000000,2646,106399000000,,0.0,0.0,0.5,0.0,0
106448000000,2647,106447000000,,0.0,0.0,0.5,0.0,0
106482000000,2648,106482000000,,0.0,0.0,0.5,0.0,0
106514000000,2649,106514000000,,0.0,0.0,0.5,0.0,0
106564000000,2650,106564000000,,0.0,0.0,0.5,0.0,0
106648000000,2651,106648000000,,0.0,0.0,0.5,0.0,0
106681000000,2652,106681000000,,0.0,0.0,0.5,0.0,0
106716000000,2653,106715000000,,0.0,0.0,0.5,0.0,0
106764000000,2654,106764000000,,0.0,0.0,0.5,0.0,0
106797000000,2655,106797000000,,0.0,0.0,0.5,0.0,0
106847000000,2656,106847000000,,0.0,0.0,0.5,0.0,0
106864000000,2657,106864000000,,0.0,0.0,0.5,0.0,0
106902000000,2658,106902000000,,0.0,0.0,0.5,0.0,0
106947000000,2659,106947000000,,0.0,0.0,0.5,0.0,0
106984000000,2660,106984000000,,0.0,0.0,0.5,0.0,0
107032000000,2661,107032000000,,0.0,0.0,0.5,0.0,0
107064000000,2662,107064000000,,0.0,0.0,0.5,0.0,0
107114000000,2663,107114000000,,0.0,0.0,0.5,0.0,0
107166000000,2664,107166000000,,0.0,0.0,0.5,0.0,0
107198000000,2665,107198000000,,0.0,0.0,0.5,0.0,0
107248000000,2666,107248000000,,0.0,0.0,0.5,0.0,0
107264000000,2667,107264000000,,0.0,0.0,0.5,0.0,0
107314000000,2668,107314000000,,0.0,0.0,0.5,0.0,0
107364000000,2669,107364000000,,0.0,0.0,0.5,0.0,0
107383000000,2670,107383000000,,0.0,0.0,0.5,0.0,0
107447000000,2671,107447000000,,0.0,0.0,0.5,0.0,0
107466000000,2672,107466000000,,0.0,0.0,0.5,0.0,0
107502000000,2673,107502000000,,0.0,0.0,0.5,0.0,0
107565000000,2674,107565000000,,0.0,0.0,0.5,0.0,0
107648000000,2675,107648000000,,0.0,0.0,0.5,0.0,0
107665000000,2676,107665000000,,0.0,0.0,0.5,0.0,0
107716000000,2677,107716000000,,0.0,0.0,0.5,0.0,0
107765000000,2678,107765000000,,0.0,0.0,0.5,0.0,0
107797000000,2679,107797000000,,0.0,0.0,0.5,0.0,0
107847000000,2680,107847000000,,0.0,0.0,0.5,0.0,0
107882000000,2681,107882000000,,0.0,0.0,0.5,0.0,0
107915000000,2682,107915000000,,0.0,0.0,0.5,0.0,0
107965000000,2683,107965000000,,0.0,0.0,0.5,0.0,0
107982000000,2684,107982000000,,0.0,0.0,0.5,0.0,0
108031000000,2685,108031000000,,0.0,0.0,0.5,0.0,0
108065000000,2686,108065000000,,0.0,0.0,0.5,0.0,0
108101000000,2687,108101000000,,0.0,0.0,0.5,0.0,0
108163000000,2688,108163000000,,0.0,0.0,0.5,0.0,0
108180000000,2689,108180000000,,0.0,0.0,0.5,0.0,0
108248000000,2690,108248000000,,0.0,0.0,0.5,0.0,0
108264000000,2691,108264000000,,0.0,0.0,0.5,0.0,0
108300000000,2692,108300000000,,0.0,0.0,0.5,0.0,0
108364000000,2693,108364000000,,0.0,0.0,0.5,0.0,0
108397000000,2694,108397000000,,0.0,0.0,0.5,0.0,0
108448000000,2695,108447000000,,0.0,0.0,0.5,0.0,0
108482000000,2696,108482000000,,0.0,0.0,0.5,0.0,0
108513000000,2697,108513000000,,0.0,0.0,0.5,0.0,0
108565000000,2698,108565000000,,0.0,0.0,0.5,0.0,0
108630000000,2699,108630000000,,0.0,0.0,0.5,0.0,0
108681000000,2700,108681000000,,0.0,0.0,0.5,0.0,0
108714000000,2701,108713000000,,0.0,0.0,0.5,0.0,0
108765000000,2702,108765000000,,0.0,0.0,0.5,0.0,0
108781000000,2703,108781000000,,0.0,0.0,0.5,0.0,0
108820000000,2704,108820000000,,0.0,0.0,0.5,0.0,0
108865000000,2705,108865000000,,0.0,0.0,0.5,0.0,0
108900000000,2706,108900000000,,0.0,0.0,0.5,0.0,0
108964000000,2707,108964000000,,0.0,0.0,0.5,0.0,0
108999000000,2708,108999000000,,0.0,0.0,0.5,0.0,0
109049000000,2709,109049000000,,0.0,0.0,0.5,0.0,0
109065000000,2710,109064000000,,0.0,0.0,0.5,0.0,0
109115000000,2711,109115000000,,0.0,0.0,0.5,0.0,0
109165000000,2712,109165000000,,0.0,0.0,0.5,0.0,0
109180000000,2713,109180000000,,0.0,0.0,0.5,0.0,0
109230000000,2714,109230000000,,0.0,0.0,0.5,0.0,0
109265000000,2715,109265000000,,0.0,0.0,0.5,0.0,0
109301000000,2716,109301000000,,0.0,0.0,0.5,0.0,0
109365000000,2717,109365000000,,0.0,0.0,0.5,0.0,0
109397000000,2718,109397000000,,0.0,0.0,0.5,0.0,0
109432000000,2719,109432000000,,0.0,0.0,0.5,0.0,0
109482000000,2720,109482000000,,0.0,0.0,0.5,0.0,0
109515000000,2721,109515000000,,0.0,0.0,0.5,0.0,0
109564000000,2722,109564000000,,0.0,0.0,0.5,0.0,0
109630000000,2723,109630000000,,0.0,0.0,0.5,0.0,0
109664000000,2724,109664000000,,0.0,0.0,0.5,0.0,0
109715000000,2725,109714000000,,0.0,0.0,0.5,0.0,0
109765000000,2726,109765000000,,0.0,0.0,0.5,0.0,0
109780000000,2727,109780000000,,0.0,0.0,0.5,0.0,0
109819000000,2728,109819000000,,0.0,0.0,0.5,0.0,0
109865000000,2729,109865000000,,0.0,0.0,0.5,0.0,0
109899000000,2730,109899000000,,0.0,0.0,0.5,0.0,0
109948000000,2731,109948000000,,0.0,0.0,0.5,0.0,0
109981000000,2732,109980000000,,0.0,0.0,0.5,0.0,0
110020000000,2733,110020000000,,0.0,0.0,0.5,0.0,0
110081000000,2734,110081000000,,0.0,0.0,0.5,0.0,0
110099000000,2735,110099000000,,0.0,0.0,0.5,0.0,0
110148000000,2736,110148000000,,0.0,0.0,0.5,0.0,0
110198000000,2737,110198000000,,0.0,0.0,0.5,0.0,0
110249000000,2738,110248000000,,0.0,0.0,0.5,0.0,0
110281000000,2739,110281000000,,0.0,0.0,0.5,0.0,0
110314000000,2740,110314000000,,0.0,0.0,0.5,0.0,0
110366000000,2741,110366000000,,0.0,0.0,0.5,0.0,0
110399000000,2742,110399000000,,0.0,0.0,0.5,0.0,0
110430000000,2743,110430000000,,0.0,0.0,0.5,0.0,0
110465000000,2744,110464000000,,0.0,0.0,0.5,0.0,0
110499000000,2745,110499000000,,0.0,0.0,0.5,0.0,0
110565000000,2746,110564000000,,0.0,0.0,0.5,0.0,0
110632000000,2747,110632000000,,0.0,0.0,0.5,0.0,0
110665000000,2748,110665000000,,0.0,0.0,0.5,0.0,0
110699000000,2749,110699000000,,0.0,0.0,0.5,0.0,0
110765000000,2750,110765000000,,0.0,0.0,0.5,0.0,0
110781000000,2751,110781000000,,0.0,0.0,0.5,0.0,0
110818000000,2752,110818000000,,0.0,0.0,0.5,0.0,0
110881000000,2753,110881000000,,0.0,0.0,0.5,0.0,0
110914000000,2754,110914000000,,0.0,0.0,0.5,0.0,0
110964000000,2755,110964000000,,0.0,0.0,0.5,0.0,0
110999000000,2756,110999000000,,0.0,0.0,0.5,0.0,0
111019000000,2757,111019000000,,0.0,0.0,0.5,0.0,0
111065000000,2758,111065000000,,0.0,0.0,0.5,0.0,0
111098000000,2759,111098000000,,0.0,0.0,0.5,0.0,0
111165000000,2760,111165000000,,0.0,0.0,0.5,0.0,0
111199000000,2761,111199000000,,0.0,0.0,0.5,0.0,0
111231000000,2762,111231000000,,0.0,0.0,0.5,0.0,0
111281000000,2763,111280000000,,0.0,0.0,0.5,0.0,0
111298000000,2764,111298000000,,0.0,0.0,0.5,0.0,0
111366000000,2765,111366000000,,0.0,0.0,0.5,0.0,0
111398000000,2766,111398000000,,0.0,0.0,0.5,0.0,0
111420000000,2767,111420000000,,0.0,0.0,0.5,0.0,0
111465000000,2768,111465000000,,0.0,0.0,0.5,0.0,0
111498000000,2769,111498000000,,0.0,0.0,0.5,0.0,0
111564000000,2770,111564000000,,0.0,0.0,0.5,0.0,0
111619000000,2771,111619000000,,0.0,0.0,0.5,0.0,0
111682000000,2772,111681000000,,0.0,0.0,0.5,0.0,0
111699000000,2773,111699000000,,0.0,0.0,0.5,0.0,0
111766000000,2774,111766000000,,0.0,0.0,0.5,0.0,0
111784000000,2775,111783000000,,0.0,0.0,0.5,0.0,0
111818000000,2776,111818000000,,0.0,0.0,0.5,0.0,0
111865000000,2777,111865000000,,0.0,0.0,0.5,0.0,0
111898000000,2778,111898000000,,0.0,0.0,0.5,0.0,0
111965000000,2779,111965000000,,0.0,0.0,0.5,0.0,0
111999000000,2780,111999000000,,0.0,0.0,0.5,0.0,0
112031000000,2781,112031000000,,0.0,0.0,0.5,0.0,0
112082000000,2782,112082000000,,0.0,0.0,0.5,0.0,0
112099000000,2783,112099000000,,0.0,0.0,0.5,0.0,0
112148000000,2784,112148000000,,0.0,0.0,0.5,0.0,0
112198000000,2785,112198000000,,0.0,0.0,0.5,0.0,0
112232000000,2786,112232000000,,0.0,0.0,0.5,0.0,0
112282000000,2787,112282000000,,0.0,0.0,0.5,0.0,0
112298000000,2788,112298000000,,0.0,0.0,0.5,0.0,0
112348000000,2789,112348000000,,0.0,0.0,0.5,0.0,0
112398000000,2790,112398000000,,0.0,0.0,0.5,0.0,0
112431000000,2791,112431000000,,0.0,0.0,0.5,0.0,0
112481000000,2792,112481000000,,0.0,0.0,0.5,0.0,0
112498000000,2793,112498000000,,0.0,0.0,0.5,0.0,0
112564000000,2794,112564000000,,0.0,0.0,0.5,0.0,0
112606000000,2795,112606000000,,0.0,0.0,0.5,0.0,0
112631000000,2796,112631000000,,0.0,0.0,0.5,0.0,0
112680000000,2797,112680000000,,0.0,0.0,0.5,0.0,0
112698000000,2798,112698000000,,0.0,0.0,0.5,0.0,0
112763000000,2799,112763000000,,0.0,0.0,0.5,0.0,0
112797000000,2800,112797000000,,0.0,0.0,0.5,0.0,0
112830000000,2801,112830000000,,0.0,0.0,0.5,0.0,0
112881000000,2802,112881000000,,0.0,0.0,0.5,0.0,0
112898000000,2803,112898000000,,0.0,0.0,0.5,0.0,0
112937000000,2804,112937000000,,0.0,0.0,0.5,0.0,0
112998000000,2805,112998000000,,0.0,0.0,0.5,0.0,0
113031000000,2806,113031000000,,0.0,0.0,0.5,0.0,0
113081000000,2807,113081000000,,0.0,0.0,0.5,0.0,0
113114000000,2808,113114000000,,0.0,0.0,0.5,0.0,0
113164000000,2809,113164000000,,0.0,0.0,0.5,0.0,0
113197000000,2810,113197000000,,0.0,0.0,0.5,0.0,0
113230000000,2811,113230000000,,0.0,0.0,0.5,0.0,0
113280000000,2812,113280000000,,0.0,0.0,0.5,0.0,0
113299000000,2813,113299000000,,0.0,0.0,0.5,0.0,0
113364000000,2814,113364000000,,0.0,0.0,0.5,0.0,0
113382000000,2815,113382000000,,0.0,0.0,0.5,0.0,0
113416000000,2816,113416000000,,0.0,0.0,0.5,0.0,0
113483000000,2817,113483000000,,0.0,0.0,0.5,0.0,0
113499000000,2818,113499000000,,0.0,0.0,0.5,0.0,0
113549000000,2819,113549000000,,0.0,0.0,0.5,0.0,0
113618000000,2820,113618000000,,0.0,0.0,0.5,0.0,0
113682000000,2821,113682000000,,0.0,0.0,0.5,0.0,0
113698000000,2822,113697000000,,0.0,0.0,0.5,0.0,0
113737000000,2823,113737000000,,0.0,0.0,0.5,0.0,0
113799000000,2824,113799000000,,0.0,0.0,0.5,0.0,0
113830000000,2825,113830000000,,0.0,0.0,0.5,0.0,0
113882000000,2826,113882000000,,0.0,0.0,0.5,0.0,0
113897000000,2827,113897000000,,0.0,0.0,0.5,0.0,0
113947000000,2828,113947000000,,0.0,0.0,0.5,0.0,0
113997000000,2829,113997000000,,0.0,0.0,0.5,0.0,0
114032000000,2830,114032000000,,0.0,0.0,0.5,0.0,0
114081000000,2831,114081000000,,0.0,0.0,0.5,0.0,0
114098000000,2832,114098000000,,0.0,0.0,0.5,0.0,0
114136000000,2833,114136000000,,0.0,0.0,0.5,0.0,0
114197000000,2834,114197000000,,0.0,0.0,0.5,0.0,0
114231000000,2835,114231000000,,0.0,0.0,0.5,0.0,0
114280000000,2836,114280000000,,0.0,0.0,0.5,0.0,0
114315000000,2837,114315000000,,0.0,0.0,0.5,0.0,0
114337000000,2838,114337000000,,0.0,0.0,0.5,0.0,0
114380000000,2839,114380000000,,0.0,0.0,0.5,0.0,0
114416000000,2840,114416000000,,0.0,0.0,0.5,0.0,0
114480000000,2841,114480000000,,0.0,0.0,0.5,0.0,0
114497000000,2842,114497000000,,0.0,0.0,0.5,0.0,0
114535000000,2843,114535000000,,0.0,0.0,0.5,0.0,0
114616000000,2844,114616000000,,0.0,0.0,0.5,0.0,0
114663000000,2845,114663000000,,0.0,0.0,0.5,0.0,0
114715000000,2846,114715000000,,0.0,0.0,0.5,0.0,0
114748000000,2847,114748000000,,0.0,0.0,0.5,0.0,0
114798000000,2848,114798000000,,0.0,0.0,0.5,0.0,0
114831000000,2849,114831000000,,0.0,0.0,0.5,0.0,0
114881000000,2850,114881000000,,0.0,0.0,0.5,0.0,0
114914000000,2851,114914000000,,0.0,0.0,0.5,0.0,0
114947000000,2852,114947000000,,0.0,0.0,0.5,0.0,0
114997000000,2853,114997000000,,0.0,0.0,0.5,0.0,0
115016000000,2854,115016000000,,0.0,0.0,0.5,0.0,0
115082000000,2855,115082000000,,0.0,0.0,0.5,0.0,0
115114000000,2856,115114000000,,0.0,0.0,0.5,0.0,0
115147000000,2857,115147000000,,0.0,0.0,0.5,0.0,0
115197000000,2858,115197000000,,0.0,0.0,0.5,0.0,0
115216000000,2859,115216000000,,0.0,0.0,0.5,0.0,0
115282000000,2860,115282000000,,0.0,0.0,0.5,0.0,0
115299000000,2861,115299000000,,0.0,0.0,0.5,0.0,0
115335000000,2862,115335000000,,0.0,0.0,0.5,0.0,0
115398000000,2863,115398000000,,0.0,0.0,0.5,0.0,0
115431000000,2864,115430000000,,0.0,0.0,0.5,0.0,0
115481000000,2865,115481000000,,0.0,0.0,0.5,0.0,0
115498000000,2866,115498000000,,0.0,0.0,0.5,0.0,0
115535000000,2867,115535000000,,0.0,0.0,0.5,0.0,0
115615000000,2868,115615000000,,0.0,0.0,0.5,0.0,0
115681000000,2869,115681000000,,0.0,0.0,0.5,0.0,0
115714000000,2870,115713000000,,0.0,0.0,0.5,0.0,0
115748000000,2871,115748000000,,0.0,0.0,0.5,0.0,0
115781000000,2872,115781000000,,0.0,0.0,0.5,0.0,0
115832000000,2873,115832000000,,0.0,0.0,0.5,0.0,0
115881000000,2874,115881000000,,0.0,0.0,0.5,0.0,0
115898000000,2875,115898000000,,0.0,0.0,0.5,0.0,0
115934000000,2876,115934000000,,0.0,0.0,0.5,0.0,0
115999000000,2877,115999000000,,0.0,0.0,0.5,0.0,0
116014000000,2878,116014000000,,0.0,0.0,0.5,0.0,0
116081000000,2879,116081000000,,0.0,0.0,0.5,0.0,0
116114000000,2880,116114000000,,0.0,0.0,0.5,0.0,0
116150000000,2881,116150000000,,0.0,0.0,0.5,0.0,0
116198000000,2882,116198000000,,0.0,0.0,0.5,0.0,0
116216000000,2883,116215000000,,0.0,0.0,0.5,0.0,0
116281000000,2884,116281000000,,0.0,0.0,0.5,0.0,0
116299000000,2885,116298000000,,0.0,0.0,0.5,0.0,0
116334000000,2886,116334000000,,0.0,0.0,0.5,0.0,0
116398000000,2887,116398000000,,0.0,0.0,0.5,0.0,0
116416000000,2888,116416000000,,0.0,0.0,0.5,0.0,0
116483000000,2889,116483000000,,0.0,0.0,0.5,0.0,0
116515000000,2890,116515000000,,0.0,0.0,0.5,0.0,0
116549000000,2891,116549000000,,0.0,0.0,0.5,0.0,0
116599000000,2892,116599000000,,0.0,0.0,0.5,0.0,0
116614000000,2893,116614000000,,0.0,0.0,0.5,0.0,0
116682000000,2894,116682000000,,0.0,0.0,0.5,0.0,0
116698000000,2895,116697000000,,0.0,0.0,0.5,0.0,0
116735000000,2896,116735000000,,0.0,0.0,0.5,0.0,0
116798000000,2897,116798000000,,0.0,0.0,0.5,0.0,0
116815000000,2898,116815000000,,0.0,0.0,0.5,0.0,0
116881000000,2899,116881000000,,0.0,0.0,0.5,0.0,0
116915000000,2900,116915000000,,0.0,0.0,0.5,0.0,0
116948000000,2901,116948000000,,0.0,0.0,0.5,0.0,0
116982000000,2902,116982000000,,0.0,0.0,0.5,0.0,0
117033000000,2903,117033000000,,0.0,0.0,0.5,0.0,0
117082000000,2904,117082000000,,0.0,0.0,0.5,0.0,0
117114000000,2905,117114000000,,0.0,0.0,0.5,0.0,0
117149000000,2906,117149000000,,0.0,0.0,0.5,0.0,0
117199000000,2907,117199000000,,0.0,0.0,0.5,0.0,0
117231000000,2908,117231000000,,0.0,0.0,0.5,0.0,0
117264000000,2909,117264000000,,0.0,0.0,0.5,0.0,0
117316000000,2910,117316000000,,0.0,0.0,0.5,0.0,0
117349000000,2911,117349000000,,0.0,0.0,0.5,0.0,0
117382000000,2912,117382000000,,0.0,0.0,0.5,0.0,0
117414000000,2913,117414000000,,0.0,0.0,0.5,0.0,0
117465000000,2914,117465000000,,0.0,0.0,0.5,0.0,0
117515000000,2915,117515000000,,0.0,0.0,0.5,0.0,0
117549000000,2916,117549000000,,0.0,0.0,0.5,0.0,0
117598000000,2917,117598000000,,0.0,0.0,0.5,0.0,0
117632000000,2918,117632000000,,0.0,0.0,0.5,0.0,0
117665000000,2919,117665000000,,0.0,0.0,0.5,0.0,0
117716000000,2920,117715000000,,0.0,0.0,0.5,0.0,0
117749000000,2921,117749000000,,0.0,0.0,0.5,0.0,0
117799000000,2922,117799000000,,0.0,0.0,0.5,0.0,0
117814000000,2923,117814000000,,0.0,0.0,0.5,0.0,0
117866000000,2924,117866000000,,0.0,0.0,0.5,0.0,0
117915000000,2925,117914000000,,0.0,0.0,0.5,0.0,0
117949000000,2926,117949000000,,0.0,0.0,0.5,0.0,0
117982000000,2927,117982000000,,0.0,0.0,0.5,0.0,0
118016000000,2928,118016000000,,0.0,0.0,0.5,0.0,0
118064000000,2929,118064000000,,0.0,0.0,0.5,0.0,0
118099000000,2930,118099000000,,0.0,0.0,0.5,0.0,0
118149000000,2931,118149000000,,0.0,0.0,0.5,0.0,0
118199000000,2932,118199000000,,0.0,0.0,0.5,0.0,0
118232000000,2933,118232000000,,0.0,0.0,0.5,0.0,0
118284000000,2934,118284000000,,0.0,0.0,0.5,0.0,0
118315000000,2935,118315000000,,0.0,0.0,0.5,0.0,0
118334000000,2936,118334000000,,0.0,0.0,0.5,0.0,0
118398000000,2937,118398000000,,0.0,0.0,0.5,0.0,0
118415000000,2938,118415000000,,0.0,0.0,0.5,0.0,0
118466000000,2939,118466000000,,0.0,0.0,0.5,0.0,0
118516000000,2940,118516000000,,0.0,0.0,0.5,0.0,0
118534000000,2941,118534000000,,0.0,0.0,0.5,0.0,0
118633000000,2942,118633000000,,0.0,0.0,0.5,0.0,0
118666000000,2943,118666000000,,0.0,0.0,0.5,0.0,0
118716000000,2944,118716000000,,0.0,0.0,0.5,0.0,0
118766000000,2945,118766000000,,0.0,0.0,0.5,0.0,0
118799000000,2946,118798000000,,0.0,0.0,0.5,0.0,0
118816000000,2947,118816000000,,0.0,0.0,0.5,0.0,0
118853000000,2948,118853000000,,0.0,0.0,0.5,0.0,0
118915000000,2949,118915000000,,0.0,0.0,0.5,0.0,0
118934000000,2950,118934000000,,0.0,0.0,0.5,0.0,0
118999000000,2951,118999000000,,0.0,0.0,0.5,0.0,0
119032000000,2952,119032000000,,0.0,0.0,0.5,0.0,0
119082000000,2953,119082000000,,0.0,0.0,0.5,0.0,0
119099000000,2954,119099000000,,0.0,0.0,0.5,0.0,0
119134000000,2955,119134000000,,0.0,0.0,0.5,0.0,0
119199000000,2956,119199000000,,0.0,0.0,0.5,0.0,0
119232000000,2957,119232000000,,0.0,0.0,0.5,0.0,0
119266000000,2958,119266000000,,0.0,0.0,0.5,0.0,0
119299000000,2959,119299000000,,0.0,0.0,0.5,0.0,0
119349000000,2960,119349000000,,0.0,0.0,0.5,0.0,0
119399000000,2961,119399000000,,0.0,0.0,0.5,0.0,0
119417000000,2962,119417000000,,0.0,0.0,0.5,0.0,0
119454000000,2963,119454000000,,0.0,0.0,0.5,0.0,0
119499000000,2964,119499000000,,0.0,0.0,0.5,0.0,0
119532000000,2965,119532000000,,0.0,0.0,0.5,0.0,0
119601000000,2966,119601000000,,0.0,0.0,0.5,0.0,0
119632000000,2967,119632000000,,0.0,0.0,0.5,0.0,0
119666000000,2968,119666000000,,0.0,0.0,0.5,0.0,0
119699000000,2969,119699000000,,0.0,0.0,0.5,0.0,0
119749000000,2970,119749000000,,0.0,0.0,0.5,0.0,0
119799000000,2971,119799000000,,0.0,0.0,0.5,0.0,0
119816000000,2972,119816000000,,0.0,0.0,0.5,0.0,0
119852000000,2973,119852000000,,0.0,0.0,0.5,0.0,0
119915000000,2974,119915000000,,0.0,0.0,0.5,0.0,0
119950000000,2975,119950000000,,0.0,0.0,0.5,0.0,0
119984000000,2976,119984000000,,0.0,0.0,0.5,0.0,0
120017000000,2977,120017000000,,0.0,0.0,0.5,0.0,0
120065000000,2978,120065000000,,0.0,0.0,0.5,0.0,0
120115000000,2979,120115000000,,0.0,0.0,0.5,0.0,0
120150000000,2980,120150000000,,0.0,0.0,0.5,0.0,0
120183000000,2981,120183000000,,0.0,0.0,0.5,0.0,0
120234000000,2982,120234000000,,0.0,0.0,0.5,0.0,0
120266000000,2983,120265000000,,0.0,0.0,0.5,0.0,0
120315000000,2984,120315000000,,0.0,0.0,0.5,0.0,0
120333000000,2985,120333000000,,0.0,0.0,0.5,0.0,0
120382000000,2986,120382000000,,0.0,0.0,0.5,0.0,0
120432000000,2987,120432000000,,0.0,0.0,0.5,0.0,0
120467000000,2988,120467000000,,0.0,0.0,0.5,0.0,0
120516000000,2989,120516000000,,0.0,0.0,0.5,0.0,0
120550000000,2990,120550000000,,0.0,0.0,0.5,0.0,0
120633000000,2991,120633000000,,0.0,0.0,0.5,0.0,0
120666000000,2992,120666000000,,0.0,0.0,0.5,0.0,0
120716000000,2993,120716000000,,0.0,0.0,0.5,0.0,0
120733000000,2994,120733000000,,0.0,0.0,0.5,0.0,0
120772000000,2995,120772000000,,0.0,0.0,0.5,0.0,0
120816000000,2996,120816000000,,0.0,0.0,0.5,0.0,0
120867000000,2997,120867000000,,0.0,0.0,0.5,0.0,0
120900000000,2998,120899000000,,0.0,0.0,0.5,0.0,0
120934000000,2999,120934000000,,0.0,0.0,0.5,0.0,0
121000000000,3000,121000000000,,0.0,0.0,0.5,0.0,0
121016000000,3001,121016000000,,0.0,0.0,0.5,0.0,0
121052000000,3002,121052000000,,0.0,0.0,0.5,0.0,0
121100000000,3003,121100000000,,0.0,0.0,0.5,0.0,0
121152000000,3004,121152000000,,0.0,0.0,0.5,0.0,0
121183000000,3005,121183000000,,0.0,0.0,0.5,0.0,0
121216000000,3006,121216000000,,0.0,0.0,0.5,0.0,0
121252000000,3007,121252000000,,0.0,0.0,0.5,0.0,0
121300000000,3008,121300000000,,0.0,0.0,0.5,0.0,0
121333000000,3009,121333000000,,0.0,0.0,0.5,0.0,0
121382000000,3010,121382000000,,0.0,0.0,0.5,0.0,0
121434000000,3011,121434000000,,0.0,0.0,0.5,0.0,0
121467000000,3012,121467000000,,0.0,0.0,0.5,0.0,0
121500000000,3013,121500000000,,0.0,0.0,0.5,0.0,0
121532000000,3014,121532000000,,0.0,0.0,0.5,0.0,0
121588000000,3015,121588000000,,0.0,0.0,0.5,0.0,0
121634000000,3016,121634000000,,0.0,0.0,0.5,0.0,0
121666000000,3017,121666000000,,0.0,0.0,0.5,0.0,0
121699000000,3018,121699000000,,0.0,0.0,0.5,0.0,0
121734000000,3019,121734000000,,0.0,0.0,0.5,0.0,0
121782000000,3020,121782000000,,0.0,0.0,0.5,0.0,0
121817000000,3021,121817000000,,0.0,0.0,0.5,0.0,0
121851000000,3022,121851000000,,0.0,0.0,0.5,0.0,0
121900000000,3023,121900000000,,0.0,0.0,0.5,0.0,0
121933000000,3024,121933000000,,0.0,0.0,0.5,0.0,0
121983000000,3025,121983000000,,0.0,0.0,0.5,0.0,0
122033000000,3026,122033000000,,0.0,0.0,0.5,0.0,0
122066000000,3027,122066000000,,0.0,0.0,0.5,0.0,0
122099000000,3028,122099000000,,0.0,0.0,0.5,0.0,0
122151000000,3029,122151000000,,0.0,0.0,0.5,0.0,0
122184000000,3030,122184000000,,0.0,0.0,0.5,0.0,0
122217000000,3031,122217000000,,0.0,0.0,0.5,0.0,0
122267000000,3032,122266000000,,0.0,0.0,0.5,0.0,0
122299000000,3033,122299000000,,0.0,0.0,0.5,0.0,0
122350000000,3034,122350000000,,0.0,0.0,0.5,0.0,0
122400000000,3035,122400000000,,0.0,0.0,0.5,0.0,0
122417000000,3036,122417000000,,0.0,0.0,0.5,0.0,0
122452000000,3037,122452000000,,0.0,0.0,0.5,0.0,0
122502000000,3038,122502000000,,0.0,0.0,0.5,0.0,0
122550000000,3039,122550000000,,0.0,0.0,0.5,0.0,0
122585000000,3040,122585000000,,0.0,0.0,0.5,0.0,0
122633000000,3041,122633000000,,0.0,0.0,0.5,0.0,0
122667000000,3042,122667000000,,0.0,0.0,0.5,0.0,0
122700000000,3043,122700000000,,0.0,0.0,0.5,0.0,0
122733000000,3044,122733000000,,0.0,0.0,0.5,0.0,0
122772000000,3045,122772000000,,0.0,0.0,0.5,0.0,0
122833000000,3046,122832000000,,0.0,0.0,0.5,0.0,0
122867000000,3047,122867000000,,0.0,0.0,0.5,0.0,0
122900000000,3048,122900000000,,0.0,0.0,0.5,0.0,0
122933000000,3049,122933000000,,0.0,0.0,0.5,0.0,0
122971000000,3050,122971000000,,0.0,0.0,0.5,0.0,0
123034000000,3051,123034000000,,0.0,0.0,0.5,0.0,0
123066000000,3052,123066000000,,0.0,0.0,0.5,0.0,0
123114000000,3053,123114000000,,0.0,0.0,0.5,0.0,0
123131000000,3054,123131000000,,0.0,0.0,0.5,0.0,0
123169000000,3055,123169000000,,0.0,0.0,0.5,0.0,0
123231000000,3056,123231000000,,0.0,0.0,0.5,0.0,0
123282000000,3057,123282000000,,0.0,0.0,0.5,0.0,0
123314000000,3058,123314000000,,0.0,0.0,0.5,0.0,0
123330000000,3059,123330000000,,0.0,0.0,0.5,0.0,0
123369000000,3060,123369000000,,0.0,0.0,0.5,0.0,0
123415000000,3061,123415000000,,0.0,0.0,0.5,0.0,0
123465000000,3062,123465000000,,0.0,0.0,0.5,0.0,0
123498000000,3063,123498000000,,0.0,0.0,0.5,0.0,0
123533000000,3064,123533000000,,0.0,0.0,0.5,0.0,0
123632000000,3065,123632000000,,0.0,0.0,0.5,0.0,0
123647000000,3066,123647000000,,0.0,0.0,0.5,0.0,0
123715000000,3067,123715000000,,0.0,0.0,0.5,0.0,0
123732000000,3068,123732000000,,0.0,0.0,0.5,0.0,0
123768000000,3069,123768000000,,0.0,0.0,0.5,0.0,0
123815000000,3070,123815000000,,0.0,0.0,0.5,0.0,0
123865000000,3071,123865000000,,0.0,0.0,0.5,0.0,0
123915000000,3072,123915000000,,0.0,0.0,0.5,0.0,0
123948000000,3073,123948000000,,0.0,0.0,0.5,0.0,0
123981000000,3074,123981000000,,0.0,0.0,0.5,0.0,0
124014000000,3075,124014000000,,0.0,0.0,0.5,0.0,0
124048000000,3076,124048000000,,0.0,0.0,0.5,0.0,0
124114000000,3077,124114000000,,0.0,0.0,0.5,0.0,0
124131000000,3078,124131000000,,0.0,0.0,0.5,0.0,0
124168000000,3079,124168000000,,0.0,0.0,0.5,0.0,0
124214000000,3080,124214000000,,0.0,0.0,0.5,0.0,0
124265000000,3081,124265000000,,0.0,0.0,0.5,0.0,0
124298000000,3082,124298000000,,0.0,0.0,0.5,0.0,0
124348000000,3083,124348000000,,0.0,0.0,0.5,0.0,0
124382000000,3084,124382000000,,0.0,0.0,0.5,0.0,0
124433000000,3085,124432000000,,0.0,0.0,0.5,0.0,0
124448000000,3086,124448000000,,0.0,0.0,0.5,0.0,0
124514000000,3087,124514000000,,0.0,0.0,0.5,0.0,0
124548000000,3088,124548000000,,0.0,0.0,0.5,0.0,0
124615000000,3089,124615000000,,0.0,0.0,0.5,0.0,0
124648000000,3090,124648000000,,0.0,0.0,0.5,0.0,0
124715000000,3091,124715000000,,0.0,0.0,0.5,0.0,0
124748000000,3092,124748000000,,0.0,0.0,0.5,0.0,0
124781000000,3093,124781000000,,0.0,0.0,0.5,0.0,0
124816000000,3094,124816000000,,0.0,0.0,0.5,0.0,0
124849000000,3095,124848000000,,0.0,0.0,0.5,0.0,0
124901000000,3096,124900000000,,0.0,0.0,0.5,0.0,0
124949000000,3097,124949000000,,0.0,0.0,0.5,0.0,0
124982000000,3098,124982000000,,0.0,0.0,0.5,0.0,0
125032000000,3099,125032000000,,0.0,0.0,0.5,0.0,0
125049000000,3100,125049000000,,0.0,0.0,0.5,0.0,0
125088000000,3101,125088000000,,0.0,0.0,0.5,0.0,0
125132000000,3102,125132000000,,0.0,0.0,0.5,0.0,0
125182000000,3103,125182000000,,0.0,0.0,0.5,0.0,0
125232000000,3104,125232000000,,0.0,0.0,0.5,0.0,0
125265000000,3105,125265000000,,0.0,0.0,0.5,0.0,0
125297000000,3106,125297000000,,0.0,0.0,0.5,0.0,0
125332000000,3107,125332000000,,0.0,0.0,0.5,0.0,0
125368000000,3108,125368000000,,0.0,0.0,0.5,0.0,0
125432000000,3109,125432000000,,0.0,0.0,0.5,0.0,0
125465000000,3110,125465000000,,0.0,0.0,0.5,0.0,0
125499000000,3111,125499000000,,0.0,0.0,0.5,0.0,0
125549000000,3112,125549000000,,0.0,0.0,0.5,0.0,0
125591000000,3113,125591000000,,0.0,0.0,0.5,0.0,0
125615000000,3114,125615000000,,0.0,0.0,0.5,0.0,0
125649000000,3115,125649000000,,0.0,0.0,0.5,0.0,0
125686000000,3116,125686000000,,0.0,0.0,0.5,0.0,0
125749000000,3117,125749000000,,0.0,0.0,0.5,0.0,0
125783000000,3118,125783000000,,0.0,0.0,0.5,0.0,0
125816000000,3119,125816000000,,0.0,0.0,0.5,0.0,0
125849000000,3120,125849000000,,0.0,0.0,0.5,0.0,0
125887000000,3121,125887000000,,0.0,0.0,0.5,0.0,0
125949000000,3122,125949000000,,0.0,0.0,0.5,0.0,0
125982000000,3123,125982000000,,0.0,0.0,0.5,0.0,0
126032000000,3124,126032000000,,0.0,0.0,0.5,0.0,0
126049000000,3125,126049000000,,0.0,0.0,0.5,0.0,0
126086000000,3126,126086000000,,0.0,0.0,0.5,0.0,0
126132000000,3127,126132000000,,0.0,0.0,0.5,0.0,0
126182000000,3128,126182000000,,0.0,0.0,0.5,0.0,0
126233000000,3129,126233000000,,0.0,0.0,0.5,0.0,0
126248000000,3130,126248000000,,0.0,0.0,0.5,0.0,0
126287000000,3131,126287000000,,0.0,0.0,0.5,0.0,0
126333000000,3132,126333000000,,0.0,0.0,0.5,0.0,0
126367000000,3133,126367000000,,0.0,0.0,0.5,0.0,0
126417000000,3134,126417000000,,0.0,0.0,0.5,0.0,0
126449000000,3135,126449000000,,0.0,0.0,0.5,0.0,0
126486000000,3136,126486000000,,0.0,0.0,0.5,0.0,0
126549000000,3137,126549000000,,0.0,0.0,0.5,0.0,0
126590000000,3138,126590000000,,0.0,0.0,0.5,0.0,0
126632000000,3139,126632000000,,0.0,0.0,0.5,0.0,0
126649000000,3140,126649000000,,0.0,0.0,0.5,0.0,0
126687000000,3141,126687000000,,0.0,0.0,0.5,0.0,0
126732000000,3142,126732000000,,0.0,0.0,0.5,0.0,0
126766000000,3143,126766000000,,0.0,0.0,0.5,0.0,0
126815000000,3144,126815000000,,0.0,0.0,0.5,0.0,0
126865000000,3145,126865000000,,0.0,0.0,0.5,0.0,0
126885000000,3146,126885000000,,0.0,0.0,0.5,0.0,0
126949000000,3147,126949000000,,0.0,0.0,0.5,0.0,0
126982000000,3148,126982000000,,0.0,0.0,0.5,0.0,0
127016000000,3149,127016000000,,0.0,0.0,0.5,0.0,0
127049000000,3150,127049000000,,0.0,0.0,0.5,0.0,0
127085000000,3151,127085000000,,0.0,0.0,0.5,0.0,0
127132000000,3152,127132000000,,0.0,0.0,0.5,0.0,0
127182000000,3153,127182000000,,0.0,0.0,0.5,0.0,0
127215000000,3154,127215000000,,0.0,0.0,0.5,0.0,0
127249000000,3155,127249000000,,0.0,0.0,0.5,0.0,0
127287000000,3156,127287000000,,0.0,0.0,0.5,0.0,0
127350000000,3157,127350000000,,0.0,0.0,0.5,0.0,0
127367000000,3158,127367000000,,0.0,0.0,0.5,0.0,0
127415000000,3159,127415000000,,0.0,0.0,0.5,0.0,0
127448000000,3160,127448000000,,0.0,0.0,0.5,0.0,0
127486000000,3161,127486000000,,0.0,0.0,0.5,0.0,0
127548000000,3162,127548000000,,0.0,0.0,0.5,0.0,0
127606000000,3163,127606000000,,0.0,0.0,0.5,0.0,0
127665000000,3164,127665000000,,0.0,0.0,0.5,0.0,0
127698000000,3165,127698000000,,0.0,0.0,0.5,0.0,0
127733000000,3166,127733000000,,0.0,0.0,0.5,0.0,0
127766000000,3167,127766000000,,0.0,0.0,0.5,0.0,0
127816000000,3168,127816000000,,0.0,0.0,0.5,0.0,0
127850000000,3169,127850000000,,0.0,0.0,0.5,0.0,0
127886000000,3170,127886000000,,0.0,0.0,0.5,0.0,0
127933000000,3171,127933000000,,0.0,0.0,0.5,0.0,0
127966000000,3172,127966000000,,0.0,0.0,0.5,0.0,0
128034000000,3173,128034000000,,0.0,0.0,0.5,0.0,0
128051000000,3174,128051000000,,0.0,0.0,0.5,0.0,0
128085000000,3175,128085000000,,0.0,0.0,0.5,0.0,0
128126000000,3176,128126000000,,0.0,0.0,0.5,0.0,0
128167000000,3177,128166000000,,0.0,0.0,0.5,0.0,0
128234000000,3178,128234000000,,0.0,0.0,0.5,0.0,0
128251000000,3179,128251000000,,0.0,0.0,0.5,0.0,0
128285000000,3180,128285000000,,0.0,0.0,0.5,0.0,0
128334000000,3181,128333000000,,0.0,0.0,0.5,0.0,0
128368000000,3182,128368000000,,0.0,0.0,0.5,0.0,0
128407000000,3183,128407000000,,0.0,0.0,0.5,0.0,0
128451000000,3184,128450000000,,0.0,0.0,0.5,0.0,0
128485000000,3185,128485000000,,0.0,0.0,0.5,0.0,0
128535000000,3186,128535000000,,0.0,0.0,0.5,0.0,0
128617000000,3187,128617000000,,0.0,0.0,0.5,0.0,0
128667000000,3188,128667000000,,0.0,0.0,0.5,0.0,0
128701000000,3189,128701000000,,0.0,0.0,0.5,0.0,0
128750000000,3190,128750000000,,0.0,0.0,0.5,0.0,0
128766000000,3191,128766000000,,0.0,0.0,0.5,0.0,0
128806000000,3192,128806000000,,0.0,0.0,0.5,0.0,0
128850000000,3193,128850000000,,0.0,0.0,0.5,0.0,0
128886000000,3194,128886000000,,0.0,0.0,0.5,0.0,0
128933000000,3195,128933000000,,0.0,0.0,0.5,0.0,0
128966000000,3196,128966000000,,0.0,0.0,0.5,0.0,0
129016000000,3197,129016000000,,0.0,0.0,0.5,0.0,0
129051000000,3198,129051000000,,0.0,0.0,0.5,0.0,0
129085000000,3199,129085000000,,0.0,0.0,0.5,0.0,0
129150000000,3200,129149000000,,0.0,0.0,0.5,0.0,0
129183000000,3201,129182000000,,0.0,0.0,0.5,0.0,0
129232000000,3202,129232000000,,0.0,0.0,0.5,0.0,0
129266000000,3203,129266000000,,0.0,0.0,0.5,0.0,0
129285000000,3204,129285000000,,0.0,0.0,0.5,0.0,0
129332000000,3205,129332000000,,0.0,0.0,0.5,0.0,0
129367000000,3206,129367000000,,0.0,0.0,0.5,0.0,0
129417000000,3207,129417000000,,0.0,0.0,0.5,0.0,0
129450000000,3208,129450000000,,0.0,0.0,0.5,0.0,0
129499000000,3209,129499000000,,0.0,0.0,0.5,0.0,0
129532000000,3210,129532000000,,0.0,0.0,0.5,0.0,0
129617000000,3211,129617000000,,0.0,0.0,0.5,0.0,0
129651000000,3212,129651000000,,0.0,0.0,0.5,0.0,0
129685000000,3213,129685000000,,0.0,0.0,0.5,0.0,0
129734000000,3214,129734000000,,0.0,0.0,0.5,0.0,0
129784000000,3215,129784000000,,0.0,0.0,0.5,0.0,0
129817000000,3216,129817000000,,0.0,0.0,0.5,0.0,0
129867000000,3217,129867000000,,0.0,0.0,0.5,0.0,0
129901000000,3218,129901000000,,0.0,0.0,0.5,0.0,0
129949000000,3219,129949000000,,0.0,0.0,0.5,0.0,0
129983000000,3220,129983000000,,0.0,0.0,0.5,0.0,0
130004000000,3221,130004000000,,0.0,0.0,0.5,0.0,0
130051000000,3222,130050000000,,0.0,0.0,0.5,0.0,0
130083000000,3223,130083000000,,0.0,0.0,0.5,0.0,0
130133000000,3224,130133000000,,0.0,0.0,0.5,0.0,0
130166000000,3225,130166000000,,0.0,0.0,0.5,0.0,0
130217000000,3226,130217000000,,0.0,0.0,0.5,0.0,0
130266000000,3227,130266000000,,0.0,0.0,0.5,0.0,0
130285000000,3228,130285000000,,0.0,0.0,0.5,0.0,0
130352000000,3229,130352000000,,0.0,0.0,0.5,0.0,0
130369000000,3230,130369000000,,0.0,0.0,0.5,0.0,0
130405000000,3231,130405000000,,0.0,0.0,0.5,0.0,0
130468000000,3232,130468000000,,0.0,0.0,0.5,0.0,0
130501000000,3233,130501000000,,0.0,0.0,0.5,0.0,0
130552000000,3234,130552000000,,0.0,0.0,0.5,0.0,0
130634000000,3235,130634000000,,0.0,0.0,0.5,0.0,0
130668000000,3236,130668000000,,0.0,0.0,0.5,0.0,0
130702000000,3237,130702000000,,0.0,0.0,0.5,0.0,0
130737000000,3238,130737000000,,0.0,0.0,0.5,0.0,0
130783000000,3239,130783000000,,0.0,0.0,0.5,0.0,0
130816000000,3240,130816000000,,0.0,0.0,0.5,0.0,0
130868000000,3241,130868000000,,0.0,0.0,0.5,0.0,0
130899000000,3242,130899000000,,0.0,0.0,0.5,0.0,0
130951000000,3243,130951000000,,0.0,0.0,0.5,0.0,0
130984000000,3244,130984000000,,0.0,0.0,0.5,0.0,0
131017000000,3245,131017000000,,0.0,0.0,0.5,0.0,0
131049000000,3246,131049000000,,0.0,0.0,0.5,0.0,0
131101000000,3247,131101000000,,0.0,0.0,0.5,0.0,0
131150000000,3248,131150000000,,0.0,0.0,0.5,0.0,0
131167000000,3249,131167000000,,0.0,0.0,0.5,0.0,0
131203000000,3250,131203000000,,0.0,0.0,0.5,0.0,0
131267000000,3251,131267000000,,0.0,0.0,0.5,0.0,0
131283000000,3252,131283000000,,0.0,0.0,0.5,0.0,0
131350000000,3253,131350000000,,0.0,0.0,0.5,0.0,0
131366000000,3254,131366000000,,0.0,0.0,0.5,0.0,0
131403000000,3255,131403000000,,0.0,0.0,0.5,0.0,0
131466000000,3256,131466000000,,0.0,0.0,0.5,0.0,0
131483000000,3257,131483000000,,0.0,0.0,0.5,0.0,0
131550000000,3258,131550000000,,0.0,0.0,0.5,0.0,0
131603000000,3259,131603000000,,0.0,0.0,0.5,0.0,0
131666000000,3260,131666000000,,0.0,0.0,0.5,0.0,0
131699000000,3261,131699000000,,0.0,0.0,0.5,0.0,0
131749000000,3262,131749000000,,0.0,0.0,0.5,0.0,0
131784000000,3263,131783000000,,0.0,0.0,0.5,0.0,0
131802000000,3264,131802000000,,0.0,0.0,0.5,0.0,0
131867000000,3265,131867000000,,0.0,0.0,0.5,0.0,0
131884000000,3266,131884000000,,0.0,0.0,0.5,0.0,0
131950000000,3267,131950000000,,0.0,0.0,0.5,0.0,0
131983000000,3268,131983000000,,0.0,0.0,0.5,0.0,0
132018000000,3269,132018000000,,0.0,0.0,0.5,0.0,0
132051000000,3270,132051000000,,0.0,0.0,0.5,0.0,0
132083000000,3271,132084000000,,0.0,0.0,0.5,0.0,0
132134000000,3272,132134000000,,0.0,0.0,0.5,0.0,0
132167000000,3273,132167000000,,0.0,0.0,0.5,0.0,0
132203000000,3274,132203000000,,0.0,0.0,0.5,0.0,0
132267000000,3275,132267000000,,0.0,0.0,0.5,0.0,0
132285000000,3276,132284000000,,0.0,0.0,0.5,0.0,0
132333000000,3277,132333000000,,0.0,0.0,0.5,0.0,0
132368000000,3278,132367000000,,0.0,0.0,0.5,0.0,0
132404000000,3279,132404000000,,0.0,0.0,0.5,0.0,0
132451000000,3280,132451000000,,0.0,0.0,0.5,0.0,0
132484000000,3281,132484000000,,0.0,0.0,0.5,0.0,0
132533000000,3282,132533000000,,0.0,0.0,0.5,0.0,0
132604000000,3283,132604000000,,0.0,0.0,0.5,0.0,0
132651000000,3284,132650000000,,0.0,0.0,0.5,0.0,0
132683000000,3285,132683000000,,0.0,0.0,0.5,0.0,0
132723000000,3286,132723000000,,0.0,0.0,0.5,0.0,0
132768000000,3287,132768000000,,0.0,0.0,0.5,0.0,0
132802000000,3288,132802000000,,0.0,0.0,0.5,0.0,0
132849000000,3289,132849000000,,0.0,0.0,0.5,0.0,0
132884000000,3290,132884000000,,0.0,0.0,0.5,0.0,0
132923000000,3291,132923000000,,0.0,0.0,0.5,0.0,0
132984000000,3292,132984000000,,0.0,0.0,0.5,0.0,0
133019000000,3293,133019000000,,0.0,0.0,0.5,0.0,0
133068000000,3294,133068000000,,0.0,0.0,0.5,0.0,0
133085000000,3295,133085000000,,0.0,0.0,0.5,0.0,0
133133000000,3296,133133000000,,0.0,0.0,0.5,0.0,0
133185000000,3297,133185000000,,0.0,0.0,0.5,0.0,0
133202000000,3298,133202000000,,0.0,0.0,0.5,0.0,0
133251000000,3299,133251000000,,0.0,0.0,0.5,0.0,0
133301000000,3300,133301000000,,0.0,0.0,0.5,0.0,0
133334000000,3301,133334000000,,0.0,0.0,0.5,0.0,0
133367000000,3302,133367000000,,0.0,0.0,0.5,0.0,0
133403000000,3303,133403000000,,0.0,0.0,0.5,0.0,0
133452000000,3304,133452000000,,0.0,0.0,0.5,0.0,0
133484000000,3305,133484000000,,0.0,0.0,0.5,0.0,0
133534000000,3306,133534000000,,0.0,0.0,0.5,0.0,0
133603000000,3307,133603000000,,0.0,0.0,0.5,0.0,0
133644000000,3308,133643000000,,0.0,0.0,0.5,0.0,0
133684000000,3309,133684000000,,0.0,0.0,0.5,0.0,0
133734000000,3310,133734000000,,0.0,0.0,0.5,0.0,0
133768000000,3311,133768000000,,0.0,0.0,0.5,0.0,0
133802000000,3312,133802000000,,0.0,0.0,0.5,0.0,0
133868000000,3313,133868000000,,0.0,0.0,0.5,0.0,0
133901000000,3314,133901000000,,0.0,0.0,0.5,0.0,0
133935000000,3315,133935000000,,0.0,0.0,0.5,0.0,0
133985000000,3316,133985000000,,0.0,0.0,0.5,0.0,0
134018000000,3317,134018000000,,0.0,0.0,0.5,0.0,0
134068000000,3318,134068000000,,0.0,0.0,0.5,0.0,0
134084000000,3319,134084000000,,0.0,0.0,0.5,0.0,0
134123000000,3320,134123000000,,0.0,0.0,0.5,0.0,0
134168000000,3321,134168000000,,0.0,0.0,0.5,0.0,0
134203000000,3322,134203000000,,0.0,0.0,0.5,0.0,0
134250000000,3323,134250000000,,0.0,0.0,0.5,0.0,0
134301000000,3324,134301000000,,0.0,0.0,0.5,0.0,0
134352000000,3325,134352000000,,0.0,0.0,0.5,0.0,0
134385000000,3326,134385000000,,0.0,0.0,0.5,0.0,0
134402000000,3327,134402000000,,0.0,0.0,0.5,0.0,0
134469000000,3328,134469000000,,0.0,0.0,0.5,0.0,0
134485000000,3329,134485000000,,0.0,0.0,0.5,0.0,0
134522000000,3330,134522000000,,0.0,0.0,0.5,0.0,0
134584000000,3331,134584000000,,0.0,0.0,0.5,0.0,0
134602000000,3332,134602000000,,0.0,0.0,0.5,0.0,0
134668000000,3333,134668000000,,0.0,0.0,0.5,0.0,0
134701000000,3334,134701000000,,0.0,0.0,0.5,0.0,0
134735000000,3335,134735000000,,0.0,0.0,0.5,0.0,0
134768000000,3336,134768000000,,0.0,0.0,0.5,0.0,0
134802000000,3337,134802000000,,0.0,0.0,0.5,0.0,0
134869000000,3338,134869000000,,0.0,0.0,0.5,0.0,0
134885000000,3339,134885000000,,0.0,0.0,0.5,0.0,0
134922000000,3340,134922000000,,0.0,0.0,0.5,0.0,0
134985000000,3341,134985000000,,0.0,0.0,0.5,0.0,0
135018000000,3342,135017000000,,0.0,0.0,0.5,0.0,0
135052000000,3343,135052000000,,0.0,0.0,0.5,0.0,0
135085000000,3344,135085000000,,0.0,0.0,0.5,0.0,0
135121000000,3345,135121000000,,0.0,0.0,0.5,0.0,0
135184000000,3346,135184000000,,0.0,0.0,0.5,0.0,0
135218000000,3347,135218000000,,0.0,0.0,0.5,0.0,0
135269000000,3348,135268000000,,0.0,0.0,0.5,0.0,0
135284000000,3349,135284000000,,0.0,0.0,0.5,0.0,0
135320000000,3350,135320000000,,0.0,0.0,0.5,0.0,0
135369000000,3351,135369000000,,0.0,0.0,0.5,0.0,0
135403000000,3352,135403000000,,0.0,0.0,0.5,0.0,0
135468000000,3353,135468000000,,0.0,0.0,0.5,0.0,0
135486000000,3354,135486000000,,0.0,0.0,0.5,0.0,0
135537000000,3355,135537000000,,0.0,0.0,0.5,0.0,0
135577000000,3356,135577000000,,0.0,0.0,0.5,0.0,0
135602000000,3357,135602000000,,0.0,0.0,0.5,0.0,0
135668000000,3358,135668000000,,0.0,0.0,0.5,0.0,0
135702000000,3359,135702000000,,0.0,0.0,0.5,0.0,0
135735000000,3360,135735000000,,0.0,0.0,0.5,0.0,0
135768000000,3361,135768000000,,0.0,0.0,0.5,0.0,0
135819000000,3362,135819000000,,0.0,0.0,0.5,0.0,0
135852000000,3363,135852000000,,0.0,0.0,0.5,0.0,0
135885000000,3364,135885000000,,0.0,0.0,0.5,0.0,0
135921000000,3365,135921000000,,0.0,0.0,0.5,0.0,0
135985000000,3366,135985000000,,0.0,0.0,0.5,0.0,0
136018000000,3367,136018000000,,0.0,0.0,0.5,0.0,0
136053000000,3368,136052000000,,0.0,0.0,0.5,0.0,0
136103000000,3369,136103000000,,0.0,0.0,0.5,0.0,0
136134000000,3370,136134000000,,0.0,0.0,0.5,0.0,0
136168000000,3371,136168000000,,0.0,0.0,0.5,0.0,0
136201000000,3372,136201000000,,0.0,0.0,0.5,0.0,0
136251000000,3373,136251000000,,0.0,0.0,0.5,0.0,0
136303000000,3374,136303000000,,0.0,0.0,0.5,0.0,0
136334000000,3375,136334000000,,0.0,0.0,0.5,0.0,0
136369000000,3376,136369000000,,0.0,0.0,0.5,0.0,0
136403000000,3377,136403000000,,0.0,0.0,0.5,0.0,0
136469000000,3378,136469000000,,0.0,0.0,0.5,0.0,0
136502000000,3379,136502000000,,0.0,0.0,0.5,0.0,0
136534000000,3380,136534000000,,0.0,0.0,0.5,0.0,0
136584000000,3381,136584000000,,0.0,0.0,0.5,0.0,0
136619000000,3382,136619000000,,0.0,0.0,0.5,0.0,0
136652000000,3383,136652000000,,0.0,0.0,0.5,0.0,0
136703000000,3384,136703000000,,0.0,0.0,0.5,0.0,0
136736000000,3385,136736000000,,0.0,0.0,0.5,0.0,0
136784000000,3386,136784000000,,0.0,0.0,0.5,0.0,0
136801000000,3387,136801000000,,0.0,0.0,0.5,0.0,0
136851000000,3388,136851000000,,0.0,0.0,0.5,0.0,0
136901000000,3389,136901000000,,0.0,0.0,0.5,0.0,0
136935000000,3390,136935000000,,0.0,0.0,0.5,0.0,0
136984000000,3391,136984000000,,0.0,0.0,0.5,0.0,0
137003000000,3392,137003000000,,0.0,0.0,0.5,0.0,0
137051000000,3393,137051000000,,0.0,0.0,0.5,0.0,0
137103000000,3394,137103000000,,0.0,0.0,0.5,0.0,0
137120000000,3395,137120000000,,0.0,0.0,0.5,0.0,0
137184000000,3396,137184000000,,0.0,0.0,0.5,0.0,0
137202000000,3397,137202000000,,0.0,0.0,0.5,0.0,0
137252000000,3398,137252000000,,0.0,0.0,0.5,0.0,0
137286000000,3399,137286000000,,0.0,0.0,0.5,0.0,0
137321000000,3400,137321000000,,0.0,0.0,0.5,0.0,0
137385000000,3401,137385000000,,0.0,0.0,0.5,0.0,0
137419000000,3402,137419000000,,0.0,0.0,0.5,0.0,0
137468000000,3403,137468000000,,0.0,0.0,0.5,0.0,0
137502000000,3404,137502000000,,0.0,0.0,0.5,0.0,0
137537000000,3405,137537000000,,0.0,0.0,0.5,0.0,0
137586000000,3406,137586000000,,0.0,0.0,0.5,0.0,0
137603000000,3407,137603000000,,0.0,0.0,0.5,0.0,0
137670000000,3408,137670000000,,0.0,0.0,0.5,0.0,0
137686000000,3409,137686000000,,0.0,0.0,0.5,0.0,0
137719000000,3410,137719000000,,0.0,0.0,0.5,0.0,0
137786000000,3411,137786000000,,0.0,0.0,0.5,0.0,0
137803000000,3412,137803000000,,0.0,0.0,0.5,0.0,0
137839000000,3413,137839000000,,0.0,0.0,0.5,0.0,0
137902000000,3414,137901000000,,0.0,0.0,0.5,0.0,0
137920000000,3415,137920000000,,0.0,0.0,0.5,0.0,0
137969000000,3416,137969000000,,0.0,0.0,0.5,0.0,0
138019000000,3417,138019000000,,0.0,0.0,0.5,0.0,0
138069000000,3418,138069000000,,0.0,0.0,0.5,0.0,0
138086000000,3419,138086000000,,0.0,0.0,0.5,0.0,0
138136000000,3420,138136000000,,0.0,0.0,0.5,0.0,0
138169000000,3421,138169000000,,0.0,0.0,0.5,0.0,0
138202000000,3422,138202000000,,0.0,0.0,0.5,0.0,0
138253000000,3423,138252000000,,0.0,0.0,0.5,0.0,0
138287000000,3424,138287000000,,0.0,0.0,0.5,0.0,0
138320000000,3425,138320000000,,0.0,0.0,0.5,0.0,0
138370000000,3426,138370000000,,0.0,0.0,0.5,0.0,0
138403000000,3427,138403000000,,0.0,0.0,0.5,0.0,0
138441000000,3428,138440000000,,0.0,0.0,0.5,0.0,0
138484000000,3429,138484000000,,0.0,0.0,0.5,0.0,0
138520000000,3430,138520000000,,0.0,0.0,0.5,0.0,0
138585000000,3431,138584000000,,0.0,0.0,0.5,0.0,0
138602000000,3432,138602000000,,0.0,0.0,0.5,0.0,0
138669000000,3433,138669000000,,0.0,0.0,0.5,0.0,0
138702000000,3434,138702000000,,0.0,0.0,0.5,0.0,0
138719000000,3435,138719000000,,0.0,0.0,0.5,0.0,0
138784000000,3436,138784000000,,0.0,0.0,0.5,0.0,0
138803000000,3437,138803000000,,0.0,0.0,0.5,0.0,0
138839000000,3438,138839000000,,0.0,0.0,0.5,0.0,0
138901000000,3439,138901000000,,0.0,0.0,0.5,0.0,0
138920000000,3440,138920000000,,0.0,0.0,0.5,0.0,0
138984000000,3441,138984000000,,0.0,0.0,0.5,0.0,0
139019000000,3442,139019000000,,0.0,0.0,0.5,0.0,0
139052000000,3443,139052000000,,0.0,0.0,0.5,0.0,0
139104000000,3444,139104000000,,0.0,0.0,0.5,0.0,0
139119000000,3445,139119000000,,0.0,0.0,0.5,0.0,0
139170000000,3446,139169000000,,0.0,0.0,0.5,0.0,0
139219000000,3447,139219000000,,0.0,0.0,0.5,0.0,0
139252000000,3448,139252000000,,0.0,0.0,0.5,0.0,0
139285000000,3449,139285000000,,0.0,0.0,0.5,0.0,0
139336000000,3450,139336000000,,0.0,0.0,0.5,0.0,0
139368000000,3451,139368000000,,0.0,0.0,0.5,0.0,0
139403000000,3452,139403000000,,0.0,0.0,0.5,0.0,0
139468000000,3453,139468000000,,0.0,0.0,0.5,0.0,0
139486000000,3454,139486000000,,0.0,0.0,0.5,0.0,0
139536000000,3455,139536000000,,0.0,0.0,0.5,0.0,0
139584000000,3456,139584000000,,0.0,0.0,0.5,0.0,0
139619000000,3457,139619000000,,0.0,0.0,0.5,0.0,0
139668000000,3458,139668000000,,0.0,0.0,0.5,0.0,0
139685000000,3459,139685000000,,0.0,0.0,0.5,0.0,0
139735000000,3460,139735000000,,0.0,0.0,0.5,0.0,0
139769000000,3461,139769000000,,0.0,0.0,0.5,0.0,0
139804000000,3462,139804000000,,0.0,0.0,0.5,0.0,0
139852000000,3463,139852000000,,0.0,0.0,0.5,0.0,0
139885000000,3464,139885000000,,0.0,0.0,0.5,0.0,0
139936000000,3465,139936000000,,0.0,0.0,0.5,0.0,0
139968000000,3466,139968000000,,0.0,0.0,0.5,0.0,0
140002000000,3467,140002000000,,0.0,0.0,0.5,0.0,0
140052000000,3468,140052000000,,0.0,0.0,0.5,0.0,0
140085000000,3469,140085000000,,0.0,0.0,0.5,0.0,0
140135000000,3470,140135000000,,0.0,0.0,0.5,0.0,0
140168000000,3471,140168000000,,0.0,0.0,0.5,0.0,0
140201000000,3472,140201000000,,0.0,0.0,0.5,0.0,0
140253000000,3473,140253000000,,0.0,0.0,0.5,0.0,0
140284000000,3474,140284000000,,0.0,0.0,0.5,0.0,0
140334000000,3475,140334000000,,0.0,0.0,0.5,0.0,0
140369000000,3476,140369000000,,0.0,0.0,0.5,0.0,0
140419000000,3477,140419000000,,0.0,0.0,0.5,0.0,0
140452000000,3478,140452000000,,0.0,0.0,0.5,0.0,0
140501000000,3479,140501000000,,0.0,0.0,0.5,0.0,0
140534000000,3480,140534000000,,0.0,0.0,0.5,0.0,0
140603000000,3481,140603000000,,0.0,0.0,0.5,0.0,0
140637000000,3482,140637000000,,0.0,0.0,0.5,0.0,0
140701000000,3483,140701000000,,0.0,0.0,0.5,0.0,0
140734000000,3484,140734000000,,0.0,0.0,0.5,0.0,0
140769000000,3485,140769000000,,0.0,0.0,0.5,0.0,0
140802000000,3486,140802000000,,0.0,0.0,0.5,0.0,0
140838000000,3487,140838000000,,0.0,0.0,0.5,0.0,0
140902000000,3488,140902000000,,0.0,0.0,0.5,0.0,0
140919000000,3489,140919000000,,0.0,0.0,0.5,0.0,0
140969000000,3490,140969000000,,0.0,0.0,0.5,0.0,0
141002000000,3491,141002000000,,0.0,0.0,0.5,0.0,0
141036000000,3492,141036000000,,0.0,0.0,0.5,0.0,0
141085000000,3493,141085000000,,0.0,0.0,0.5,0.0,0
141119000000,3494,141119000000,,0.0,0.0,0.5,0.0,0
141169000000,3495,141169000000,,0.0,0.0,0.5,0.0,0
141202000000,3496,141202000000,,0.0,0.0,0.5,0.0,0
141252000000,3497,141252000000,,0.0,0.0,0.5,0.0,0
141286000000,3498,141286000000,,0.0,0.0,0.5,0.0,0
141336000000,3499,141336000000,,0.0,0.0,0.5,0.0,0
141357000000,3500,141357000000,,0.0,0.0,0.5,0.0,0
141419000000,3501,141419000000,,0.0,0.0,0.5,0.0,0
141452000000,3502,141452000000,,0.0,0.0,0.5,0.0,0
141485000000,3503,141485000000,,0.0,0.0,0.5,0.0,0
141519000000,3504,141519000000,,0.0,0.0,0.5,0.0,0
141620000000,3505,141619000000,,0.0,0.0,0.5,0.0,0
141652000000,3506,141652000000,,0.0,0.0,0.5,0.0,0
141685000000,3507,141685000000,,0.0,0.0,0.5,0.0,0
141718000000,3508,141718000000,,0.0,0.0,0.5,0.0,0
141757000000,3509,141757000000,,0.0,0.0,0.5,0.0,0
141818000000,3510,141818000000,,0.0,0.0,0.5,0.0,0
141853000000,3511,141853000000,,0.0,0.0,0.5,0.0,0
141886000000,3512,141886000000,,0.0,0.0,0.5,0.0,0
141919000000,3513,141919000000,,0.0,0.0,0.5,0.0,0
141957000000,3514,141957000000,,0.0,0.0,0.5,0.0,0
142002000000,3515,142002000000,,0.0,0.0,0.5,0.0,0
142052000000,3516,142052000000,,0.0,0.0,0.5,0.0,0
142087000000,3517,142087000000,,0.0,0.0,0.5,0.0,0
142120000000,3518,142120000000,,0.0,0.0,0.5,0.0,0
142156000000,3519,142156000000,,0.0,0.0,0.5,0.0,0
142220000000,3520,142220000000,,0.0,0.0,0.5,0.0,0
142236000000,3521,142236000000,,0.0,0.0,0.5,0.0,0
142286000000,3522,142286000000,,0.0,0.0,0.5,0.0,0
142320000000,3523,142320000000,,0.0,0.0,0.5,0.0,0
142358000000,3524,142358000000,,0.0,0.0,0.5,0.0,0
142404000000,3525,142403000000,,0.0,0.0,0.5,0.0,0
142452000000,3526,142452000000,,0.0,0.0,0.5,0.0,0
142486000000,3527,142486000000,,0.0,0.0,0.5,0.0,0
142519000000,3528,142519000000,,0.0,0.0,0.5,0.0,0
142602000000,3529,142602000000,,0.0,0.0,0.5,0.0,0
142637000000,3530,142637000000,,0.0,0.0,0.5,0.0,0
142704000000,3531,142704000000,,0.0,0.0,0.5,0.0,0
142720000000,3532,142720000000,,0.0,0.0,0.5,0.0,0
142756000000,3533,142756000000,,0.0,0.0,0.5,0.0,0
142802000000,3534,142802000000,,0.0,0.0,0.5,0.0,0
142837000000,3535,142837000000,,0.0,0.0,0.5,0.0,0
142904000000,3536,142904000000,,0.0,0.0,0.5,0.0,0
142920000000,3537,142919000000,,0.0,0.0,0.5,0.0,0
142970000000,3538,142970000000,,0.0,0.0,0.5,0.0,0
143019000000,3539,143019000000,,0.0,0.0,0.5,0.0,0
143052000000,3540,143052000000,,0.0,0.0,0.5,0.0,0
143086000000,3541,143086000000,,0.0,0.0,0.5,0.0,0
143136000000,3542,143136000000,,0.0,0.0,0.5,0.0,0
143169000000,3543,143169000000,,0.0,0.0,0.5,0.0,0
143202000000,3544,143202000000,,0.0,0.0,0.5,0.0,0
143235000000,3545,143235000000,,0.0,0.0,0.5,0.0,0
143302000000,3546,143302000000,,0.0,0.0,0.5,0.0,0
143321000000,3547,143321000000,,0.0,0.0,0.5,0.0,0
143356000000,3548,143356000000,,0.0,0.0,0.5,0.0,0
143404000000,3549,143404000000,,0.0,0.0,0.5,0.0,0
143436000000,3550,143435000000,,0.0,0.0,0.5,0.0,0
143503000000,3551,143503000000,,0.0,0.0,0.5,0.0,0
143520000000,3552,143520000000,,0.0,0.0,0.5,0.0,0
143603000000,3553,143603000000,,0.0,0.0,0.5,0.0,0
143636000000,3554,143636000000,,0.0,0.0,0.5,0.0,0
143688000000,3555,143688000000,,0.0,0.0,0.5,0.0,0
143737000000,3556,143737000000,,0.0,0.0,0.5,0.0,0
143770000000,3557,143770000000,,0.0,0.0,0.5,0.0,0
143820000000,3558,143820000000,,0.0,0.0,0.5,0.0,0
143853000000,3559,143853000000,,0.0,0.0,0.5,0.0,0
143886000000,3560,143886000000,,0.0,0.0,0.5,0.0,0
143920000000,3561,143920000000,,0.0,0.0,0.5,0.0,0
143956000000,3562,143956000000,,0.0,0.0,0.5,0.0,0
144003000000,3563,144003000000,,0.0,0.0,0.5,0.0,0
144036000000,3564,144036000000,,0.0,0.0,0.5,0.0,0
144075000000,3565,144075000000,,0.0,0.0,0.5,0.0,0
144121000000,3566,144121000000,,0.0,0.0,0.5,0.0,0
144155000000,3567,144155000000,,0.0,0.0,0.5,0.0,0
144203000000,3568,144203000000,,0.0,0.0,0.5,0.0,0
144237000000,3569,144237000000,,0.0,0.0,0.5,0.0,0
144287000000,3570,144287000000,,0.0,0.0,0.5,0.0,0
144320000000,3571,144320000000,,0.0,0.0,0.5,0.0,0
144370000000,3572,144370000000,,0.0,0.0,0.5,0.0,0
144405000000,3573,144405000000,,0.0,0.0,0.5,0.0,0
144453000000,3574,144453000000,,0.0,0.0,0.5,0.0,0
144486000000,3575,144486000000,,0.0,0.0,0.5,0.0,0
144536000000,3576,144536000000,,0.0,0.0,0.5,0.0,0
144604000000,3577,144604000000,,0.0,0.0,0.5,0.0,0
144654000000,3578,144654000000,,0.0,0.0,0.5,0.0,0
144686000000,3579,144686000000,,0.0,0.0,0.5,0.0,0
144719000000,3580,144719000000,,0.0,0.0,0.5,0.0,0
144755000000,3581,144755000000,,0.0,0.0,0.5,0.0,0
144803000000,3582,144802000000,,0.0,0.0,0.5,0.0,0
144854000000,3583,144854000000,,0.0,0.0,0.5,0.0,0
144875000000,3584,144875000000,,0.0,0.0,0.5,0.0,0
144920000000,3585,144920000000,,0.0,0.0,0.5,0.0,0
144956000000,3586,144956000000,,0.0,0.0,0.5,0.0,0
145003000000,3587,145003000000,,0.0,0.0,0.5,0.0,0
145053000000,3588,145053000000,,0.0,0.0,0.5,0.0,0
145075000000,3589,145075000000,,0.0,0.0,0.5,0.0,0
145137000000,3590,145137000000,,0.0,0.0,0.5,0.0,0
145155000000,3591,145155000000,,0.0,0.0,0.5,0.0,0
145203000000,3592,145203000000,,0.0,0.0,0.5,0.0,0
145255000000,3593,145255000000,,0.0,0.0,0.5,0.0,0
145287000000,3594,145287000000,,0.0,0.0,0.5,0.0,0
145320000000,3595,145320000000,,0.0,0.0,0.5,0.0,0
145356000000,3596,145356000000,,0.0,0.0,0.5,0.0,0
145405000000,3597,145405000000,,0.0,0.0,0.5,0.0,0
145436000000,3598,145436000000,,0.0,0.0,0.5,0.0,0
145474000000,3599,145474000000,,0.0,0.0,0.5,0.0,0
145538000000,3600,145538000000,,0.0,0.0,0.5,0.0,0
145620000000,3601,145619000000,,0.0,0.0,0.5,0.0,0
145637000000,3602,145637000000,,0.0,0.0,0.5,0.0,0
145674000000,3603,145674000000,,0.0,0.0,0.5,0.0,0
145737000000,3604,145737000000,,0.0,0.0,0.5,0.0,0
145754000000,3605,145754000000,,0.0,0.0,0.5,0.0,0
145803000000,3606,145803000000,,0.0,0.0,0.5,0.0,0
145853000000,3607,145853000000,,0.0,0.0,0.5,0.0,0
145887000000,3608,145887000000,,0.0,0.0,0.5,0.0,0
145920000000,3609,145920000000,,0.0,0.0,0.5,0.0,0
145954000000,3610,145954000000,,0.0,0.0,0.5,0.0,0
146020000000,3611,146020000000,,0.0,0.0,0.5,0.0,0
146037000000,3612,146037000000,,0.0,0.0,0.5,0.0,0
146075000000,3613,146075000000,,0.0,0.0,0.5,0.0,0
146122000000,3614,146122000000,,0.0,0.0,0.5,0.0,0
146153000000,3615,146153000000,,0.0,0.0,0.5,0.0,0
146205000000,3616,146204000000,,0.0,0.0,0.5,0.0,0
146237000000,3617,146237000000,,0.0,0.0,0.5,0.0,0
146287000000,3618,146287000000,,0.0,0.0,0.5,0.0,0
146338000000,3619,146337000000,,0.0,0.0,0.5,0.0,0
146372000000,3620,146372000000,,0.0,0.0,0.5,0.0,0
146403000000,3621,146403000000,,0.0,0.0,0.5,0.0,0
146438000000,3622,146438000000,,0.0,0.0,0.5,0.0,0
146474000000,3623,146474000000,,0.0,0.0,0.5,0.0,0
146522000000,3624,146522000000,,0.0,0.0,0.5,0.0,0
146570000000,3625,146570000000,,0.0,0.0,0.5,0.0,0
146603000000,3626,146603000000,,0.0,0.0,0.5,0.0,0
146655000000,3627,146655000000,,0.0,0.0,0.5,0.0,0
146688000000,3628,146688000000,,0.0,0.0,0.5,0.0,0
146737000000,3629,146737000000,,0.0,0.0,0.5,0.0,0
146771000000,3630,146771000000,,0.0,0.0,0.5,0.0,0
146804000000,3631,146804000000,,0.0,0.0,0.5,0.0,0
146854000000,3632,146854000000,,0.0,0.0,0.5,0.0,0
146887000000,3633,146887000000,,0.0,0.0,0.5,0.0,0
146921000000,3634,146921000000,,0.0,0.0,0.5,0.0,0
146956000000,3635,146956000000,,0.0,0.0,0.5,0.0,0
147022000000,3636,147022000000,,0.0,0.0,0.5,0.0,0
147055000000,3637,147055000000,,0.0,0.0,0.5,0.0,0
147073000000,3638,147073000000,,0.0,0.0,0.5,0.0,0
147137000000,3639,147137000000,,0.0,0.0,0.5,0.0,0
147154000000,3640,147154000000,,0.0,0.0,0.5,0.0,0
147221000000,3641,147221000000,,0.0,0.0,0.5,0.0,0
147254000000,3642,147254000000,,0.0,0.0,0.5,0.0,0
147287000000,3643,147287000000,,0.0,0.0,0.5,0.0,0
147321000000,3644,147321000000,,0.0,0.0,0.5,0.0,0
147371000000,3645,147371000000,,0.0,0.0,0.5,0.0,0
147404000000,3646,147404000000,,0.0,0.0,0.5,0.0,0
147454000000,3647,147454000000,,0.0,0.0,0.5,0.0,0
147487000000,3648,147487000000,,0.0,0.0,0.5,0.0,0
147537000000,3649,147537000000,,0.0,0.0,0.5,0.0,0
147620000000,3650,147620000000,,0.0,0.0,0.5,0.0,0
147654000000,3651,147654000000,,0.0,0.0,0.5,0.0,0
147687000000,3652,147687000000,,0.0,0.0,0.5,0.0,0
147720000000,3653,147720000000,,0.0,0.0,0.5,0.0,0
