%time,field.header.seq,field.header.stamp,field.header.frame_id,field.group_mix,field.controls0,field.controls1,field.controls2,field.controls3,field.controls4,field.controls5,field.controls6,field.controls7
26264000000,2543,0,,0,0.07598214596509933,-0.08596250414848328,0.2506175935268402,1.0,0.0,0.0,0.0,0.0
26265000000,2544,0,,0,-0.020666716620326042,-0.050002530217170715,0.26754117012023926,1.0,0.0,0.0,0.0,0.0
26267000000,2545,0,,0,-0.23914103209972382,0.33192476630210876,0.3584222197532654,1.0,0.0,0.0,0.0,0.0
26269000000,2546,0,,0,-0.39132803678512573,0.2516518235206604,0.17760972678661346,1.0,0.0,0.0,0.0,0.0
26271000000,2547,0,,0,-0.0023740227334201336,-0.2960272431373596,0.3391038775444031,1.0,0.0,0.0,0.0,0.0
26273000000,2548,0,,0,0.20731627941131592,-0.14101292192935944,-0.3346574306488037,1.0,0.0,0.0,0.0,0.0
26275000000,2549,0,,0,-0.07292231917381287,0.03519952669739723,-0.25771042704582214,1.0,0.0,0.0,0.0,0.0
26277000000,2550,0,,0,-0.1722194105386734,-0.0780709758400917,-0.07316555082798004,1.0,0.0,0.0,0.0,0.0
26279000000,2551,0,,0,0.24610692262649536,0.31243932247161865,0.1703794300556183,1.0,0.0,0.0,0.0,0.0
26281000000,2552,0,,0,0.33501723408699036,0.31868141889572144,-0.1822822391986847,1.0,0.0,0.0,0.0,0.0
26283000000,2553,0,,0,0.32840970158576965,0.029046647250652313,0.09004492312669754,1.0,0.0,0.0,0.0,0.0
26285000000,2554,0,,0,-0.36457493901252747,-0.17974801361560822,-0.2641604542732239,1.0,0.0,0.0,0.0,0.0
26287000000,2555,0,,0,0.07724146544933319,-0.28710106015205383,-0.018796829506754875,1.0,0.0,0.0,0.0,0.0
26289000000,2556,0,,0,-0.30479997396469116,-0.2293836921453476,-0.1948966681957245,1.0,0.0,0.0,0.0,0.0
26291000000,2557,0,,0,0.3053413927555084,0.35755181312561035,-0.01581469178199768,1.0,0.0,0.0,0.0,0.0
26293000000,2558,0,,0,0.24581728875637054,0.2828961908817291,0.1792120784521103,1.0,0.0,0.0,0.0,0.0
26295000000,2559,0,,0,-0.21157848834991455,0.31105512380599976,-0.27709880471229553,1.0,0.0,0.0,0.0,0.0
26297000000,2560,0,,0,-0.06945990771055222,-0.012863431125879288,-0.3759947717189789,1.0,0.0,0.0,0.0,0.0
26299000000,2561,0,,0,-0.3092394471168518,-0.18956011533737183,0.3286442756652832,1.0,0.0,0.0,0.0,0.0
26301000000,2562,0,,0,-0.3331371247768402,-0.252524733543396,0.3660723865032196,1.0,0.0,0.0,0.0,0.0
26303000000,2563,0,,0,0.19691556692123413,-0.13096961379051208,-0.006768688093870878,1.0,0.0,0.0,0.0,0.0
26305000000,2564,0,,0,0.15111565589904785,0.040389351546764374,-0.33718541264533997,1.0,0.0,0.0,0.0,0.0
26307000000,2565,0,,0,0.22624917328357697,0.3078083097934723,0.3230131268501282,1.0,0.0,0.0,0.0,0.0
26309000000,2566,0,,0,0.026354975998401642,-0.3871927857398987,0.318788081407547,1.0,0.0,0.0,0.0,0.0
26312000000,2567,0,,0,0.14218555390834808,0.1329006403684616,0.277616411447525,1.0,0.0,0.0,0.0,0.0
26313000000,2568,0,,0,0.34790661931037903,0.3494599461555481,-0.06731867790222168,1.0,0.0,0.0,0.0,0.0
26315000000,2569,0,,0,-0.13283272087574005,0.21561895310878754,0.2911868095397949,1.0,0.0,0.0,0.0,0.0
26318000000,2570,0,,0,0.2207295447587967,0.06473678350448608,0.24184781312942505,1.0,0.0,0.0,0.0,0.0
26320000000,2571,0,,0,0.010664209723472595,0.2942579388618469,0.09535182267427444,1.0,0.0,0.0,0.0,0.0
26321000000,2572,0,,0,0.24389897286891937,-0.14924047887325287,-0.22797168791294098,1.0,0.0,0.0,0.0,0.0
26323000000,2573,0,,0,0.0761677622795105,-0.37418392300605774,0.01428168173879385,1.0,0.0,0.0,0.0,0.0
26325000000,2574,0,,0,-0.33805644512176514,-0.24220557510852814,-0.3740316331386566,1.0,0.0,0.0,0.0,0.0
26327000000,2575,0,,0,0.002983118174597621,-0.10075587779283524,0.2836296856403351,1.0,0.0,0.0,0.0,0.0
26329000000,2576,0,,0,0.30007660388946533,-0.09173774719238281,-0.028557004407048225,1.0,0.0,0.0,0.0,0.0
26332000000,2577,0,,0,0.2336970865726471,-0.21433942019939423,0.2689550518989563,1.0,0.0,0.0,0.0,0.0
26333000000,2578,0,,0,-0.2575264275074005,0.38089147210121155,0.023305170238018036,1.0,0.0,0.0,0.0,0.0
26335000000,2579,0,,0,-0.20235520601272583,-0.08192486315965652,0.11769670248031616,1.0,0.0,0.0,0.0,0.0
26337000000,2580,0,,0,-0.0868147686123848,-0.07316004484891891,-0.17181798815727234,1.0,0.0,0.0,0.0,0.0
26339000000,2581,0,,0,0.026851670816540718,0.22906045615673065,0.18219883739948273,1.0,0.0,0.0,0.0,0.0
26341000000,2582,0,,0,0.06021035462617874,-0.1046890914440155,0.14529535174369812,1.0,0.0,0.0,0.0,0.0
26343000000,2583,0,,0,0.3575408458709717,0.29567596316337585,-0.07746189832687378,1.0,0.0,0.0,0.0,0.0
26345000000,2584,0,,0,-0.10897883772850037,0.261584997177124,0.18488480150699615,1.0,0.0,0.0,0.0,0.0
26347000000,2585,0,,0,-0.38516324758529663,0.008270928636193275,-0.28220507502555847,1.0,0.0,0.0,0.0,0.0
26349000000,2586,0,,0,-0.020127201452851295,0.2581172287464142,0.13826726377010345,1.0,0.0,0.0,0.0,0.0
26351000000,2587,0,,0,0.13051378726959229,0.08424253016710281,-0.3819231688976288,1.0,0.0,0.0,0.0,0.0
26353000000,2588,0,,0,0.33004602789878845,-0.19371066987514496,-0.19513192772865295,1.0,0.0,0.0,0.0,0.0
26355000000,2589,0,,0,-0.3405269980430603,-0.11800943315029144,-0.2759067416191101,1.0,0.0,0.0,0.0,0.0
26357000000,2590,0,,0,0.11281197518110275,-0.19559188187122345,0.135611429810524,1.0,0.0,0.0,0.0,0.0
26359000000,2591,0,,0,-0.38227182626724243,0.03714635968208313,0.36851948499679565,1.0,0.0,0.0,0.0,0.0
26361000000,2592,0,,0,-0.13305357098579407,-0.22935731709003448,0.08650418370962143,1.0,0.0,0.0,0.0,0.0
26363000000,2593,0,,0,0.08649864047765732,0.09634755551815033,-0.3759002387523651,1.0,0.0,0.0,0.0,0.0
26365000000,2594,0,,0,-0.2127859890460968,0.04406358674168587,-0.38025981187820435,1.0,0.0,0.0,0.0,0.0
26367000000,2595,0,,0,-0.06802693754434586,-0.3749385476112366,-0.024644751101732254,1.0,0.0,0.0,0.0,0.0
26369000000,2596,0,,0,-0.2100205421447754,0.20131796598434448,-0.04549374058842659,1.0,0.0,0.0,0.0,0.0
26371000000,2597,0,,0,0.15124623477458954,0.05823702737689018,0.36070188879966736,1.0,0.0,0.0,0.0,0.0
26373000000,2598,0,,0,-0.15375900268554688,0.37492451071739197,0.2906993627548218,1.0,0.0,0.0,0.0,0.0
26375000000,2599,0,,0,-0.025948798283934593,-0.3693709969520569,-0.20733962953090668,1.0,0.0,0.0,0.0,0.0
26377000000,2600,0,,0,0.06944327801465988,0.2699195444583893,0.28994157910346985,1.0,0.0,0.0,0.0,0.0
26379000000,2601,0,,0,0.2859188914299011,-0.08970470726490021,-0.15530607104301453,1.0,0.0,0.0,0.0,0.0
26381000000,2602,0,,0,0.29366442561149597,0.030283356085419655,0.3912073075771332,1.0,0.0,0.0,0.0,0.0
26383000000,2603,0,,0,0.3130344748497009,-0.3772621750831604,-0.1432870328426361,1.0,0.0,0.0,0.0,0.0
26385000000,2604,0,,0,0.053890906274318695,0.05246007815003395,0.355084091424942,1.0,0.0,0.0,0.0,0.0
26387000000,2605,0,,0,0.06669989973306656,-0.18288995325565338,-0.09610363095998764,1.0,0.0,0.0,0.0,0.0
26389000000,2606,0,,0,0.12841446697711945,-0.17458710074424744,0.32399505376815796,1.0,0.0,0.0,0.0,0.0
26391000000,2607,0,,0,-0.28220200538635254,-0.3661481440067291,-0.3890295624732971,1.0,0.0,0.0,0.0,0.0
26393000000,2608,0,,0,-0.09298913180828094,-0.2637408971786499,0.09025508910417557,1.0,0.0,0.0,0.0,0.0
26395000000,2609,0,,0,0.2959383726119995,-0.06617295742034912,0.12416903674602509,1.0,0.0,0.0,0.0,0.0
26397000000,2610,0,,0,-0.28111350536346436,0.012999320402741432,-0.15868498384952545,1.0,0.0,0.0,0.0,0.0
26399000000,2611,0,,0,0.07305188477039337,0.3013405203819275,-0.08197891712188721,1.0,0.0,0.0,0.0,0.0
26401000000,2612,0,,0,0.3040436804294586,0.25337204337120056,0.29844942688941956,1.0,0.0,0.0,0.0,0.0
26403000000,2613,0,,0,0.36782771348953247,0.04172772541642189,0.271891713142395,1.0,0.0,0.0,0.0,0.0
26405000000,2614,0,,0,0.33093252778053284,-0.08491526544094086,0.37225091457366943,1.0,0.0,0.0,0.0,0.0
26407000000,2615,0,,0,0.16573646664619446,-0.3250272870063782,-0.08235626667737961,1.0,0.0,0.0,0.0,0.0
26409000000,2616,0,,0,-0.18238075077533722,-0.23953983187675476,-0.18041832745075226,1.0,0.0,0.0,0.0,0.0
26411000000,2617,0,,0,-0.3360067903995514,-0.38044363260269165,0.2768780589103699,1.0,0.0,0.0,0.0,0.0
26413000000,2618,0,,0,-0.0157119520008564,0.12450304627418518,0.20047426223754883,1.0,0.0,0.0,0.0,0.0
26416000000,2619,0,,0,-0.36890900135040283,-0.2295234203338623,0.2807319164276123,1.0,0.0,0.0,0.0,0.0
26417000000,2620,0,,0,0.2761823832988739,0.09775813668966293,-0.12402568012475967,1.0,0.0,0.0,0.0,0.0
26419000000,2621,0,,0,0.2901759743690491,0.12356366962194443,0.07466897368431091,1.0,0.0,0.0,0.0,0.0
26421000000,2622,0,,0,-0.2715492844581604,0.04173394665122032,0.15575675666332245,1.0,0.0,0.0,0.0,0.0
26423000000,2623,0,,0,0.29279449582099915,-0.3456824719905853,0.2943381667137146,1.0,0.0,0.0,0.0,0.0
26425000000,2624,0,,0,0.04789895936846733,0.2236853390932083,0.012737227603793144,1.0,0.0,0.0,0.0,0.0
26427000000,2625,0,,0,0.025470606982707977,-0.14762839674949646,-0.24952031672000885,1.0,0.0,0.0,0.0,0.0
26429000000,2626,0,,0,-0.21688340604305267,0.2166537046432495,-0.004320436157286167,1.0,0.0,0.0,0.0,0.0
26431000000,2627,0,,0,-0.14926038682460785,0.28305473923683167,-0.17636483907699585,1.0,0.0,0.0,0.0,0.0
26433000000,2628,0,,0,-0.3979344367980957,0.09186051785945892,-0.26632359623908997,1.0,0.0,0.0,0.0,0.0
26435000000,2629,0,,0,0.10333215445280075,0.07538233697414398,-0.25266188383102417,1.0,0.0,0.0,0.0,0.0
26437000000,2630,0,,0,0.20477792620658875,0.0922473892569542,0.1493179202079773,1.0,0.0,0.0,0.0,0.0
26439000000,2631,0,,0,0.1160733699798584,0.2253854125738144,0.21623365581035614,1.0,0.0,0.0,0.0,0.0
26441000000,2632,0,,0,-0.1996917873620987,0.332920640707016,0.010821901261806488,1.0,0.0,0.0,0.0,0.0
26444000000,2633,0,,0,-0.23534367978572845,0.05607910081744194,0.35555562376976013,1.0,0.0,0.0,0.0,0.0
26446000000,2634,0,,0,0.2698810398578644,0.20096081495285034,0.1379939764738083,1.0,0.0,0.0,0.0,0.0
26448000000,2635,0,,0,0.03648640215396881,0.061522215604782104,-0.2692898213863373,1.0,0.0,0.0,0.0,0.0
26449000000,2636,0,,0,-0.3928565979003906,0.2397538125514984,-0.17103807628154755,1.0,0.0,0.0,0.0,0.0
26451000000,2637,0,,0,0.32845133543014526,0.2826249897480011,-0.22537551820278168,1.0,0.0,0.0,0.0,0.0
26453000000,2638,0,,0,0.3587740659713745,0.23904898762702942,-0.3077200949192047,1.0,0.0,0.0,0.0,0.0
26455000000,2639,0,,0,0.32672935724258423,-0.3006100654602051,-0.3586258292198181,1.0,0.0,0.0,0.0,0.0
26457000000,2640,0,,0,0.04060905799269676,-0.16272380948066711,-0.05069318413734436,1.0,0.0,0.0,0.0,0.0
26459000000,2641,0,,0,-0.1993103176355362,0.023410839959979057,-0.22761808335781097,1.0,0.0,0.0,0.0,0.0
26461000000,2642,0,,0,0.12981447577476501,-0.28635692596435547,-0.2900165617465973,1.0,0.0,0.0,0.0,0.0
26463000000,2643,0,,0,0.2803465723991394,0.06564396619796753,-0.2857704758644104,1.0,0.0,0.0,0.0,0.0
26465000000,2644,0,,0,-0.21295316517353058,0.2892405092716217,-0.12948353588581085,1.0,0.0,0.0,0.0,0.0
26467000000,2645,0,,0,0.003014387795701623,-0.17104509472846985,-0.008478567004203796,1.0,0.0,0.0,0.0,0.0
26469000000,2646,0,,0,-0.35831815004348755,-0.17266958951950073,0.2612369656562805,1.0,0.0,0.0,0.0,0.0
26471000000,2647,0,,0,-0.2610698640346527,0.38634443283081055,-0.28480175137519836,1.0,0.0,0.0,0.0,0.0
26473000000,2648,0,,0,-0.2949250638484955,-0.009600368328392506,0.3051568269729614,1.0,0.0,0.0,0.0,0.0
26475000000,2649,0,,0,0.08072075247764587,0.3793778419494629,-0.2486908882856369,1.0,0.0,0.0,0.0,0.0
26477000000,2650,0,,0,0.23141665756702423,-0.13304637372493744,-0.14099083840847015,1.0,0.0,0.0,0.0,0.0
26480000000,2651,0,,0,-0.2799219489097595,-0.10092666000127792,-0.38670867681503296,1.0,0.0,0.0,0.0,0.0
26481000000,2652,0,,0,-0.17051304876804352,-0.21647480130195618,0.005575432442128658,1.0,0.0,0.0,0.0,0.0
26483000000,2653,0,,0,0.04962591454386711,0.15007172524929047,-0.2784462869167328,1.0,0.0,0.0,0.0,0.0
26485000000,2654,0,,0,-0.3171527087688446,-0.17685838043689728,0.17980852723121643,1.0,0.0,0.0,0.0,0.0
26487000000,2655,0,,0,-0.19842153787612915,-0.38042956590652466,0.1788594126701355,1.0,0.0,0.0,0.0,0.0
26489000000,2656,0,,0,0.30754756927490234,0.14179131388664246,-0.002829834818840027,1.0,0.0,0.0,0.0,0.0
26491000000,2657,0,,0,0.06806660443544388,-0.080936498939991,0.036405231803655624,1.0,0.0,0.0,0.0,0.0
26493000000,2658,0,,0,-0.29248183965682983,-0.273398220539093,0.26766180992126465,1.0,0.0,0.0,0.0,0.0
26495000000,2659,0,,0,-0.36349865794181824,-0.3419800102710724,0.038185782730579376,1.0,0.0,0.0,0.0,0.0
26497000000,2660,0,,0,0.08613646775484085,0.27905499935150146,0.39185577630996704,1.0,0.0,0.0,0.0,0.0
26499000000,2661,0,,0,0.05169858783483505,0.34892258048057556,-0.3798912465572357,1.0,0.0,0.0,0.0,0.0
26502000000,2662,0,,0,-0.3142535984516144,-0.344647616147995,0.2024121731519699,1.0,0.0,0.0,0.0,0.0
26503000000,2663,0,,0,0.1152745708823204,-0.31957459449768066,-0.2582054138183594,1.0,0.0,0.0,0.0,0.0
26505000000,2664,0,,0,0.20206218957901,-0.24457572400569916,0.17878666520118713,1.0,0.0,0.0,0.0,0.0
26507000000,2665,0,,0,0.2631450295448303,-0.1805003136396408,0.08015535771846771,1.0,0.0,0.0,0.0,0.0
26509000000,2666,0,,0,0.06063850596547127,-0.3463844358921051,0.14592334628105164,1.0,0.0,0.0,0.0,0.0
26511000000,2667,0,,0,0.09737216681241989,-0.32460054755210876,0.26632556319236755,1.0,0.0,0.0,0.0,0.0
26513000000,2668,0,,0,-0.028816789388656616,-0.33013492822647095,0.19513046741485596,1.0,0.0,0.0,0.0,0.0
26515000000,2669,0,,0,-0.2159210443496704,0.0013902480714023113,-0.2377619594335556,1.0,0.0,0.0,0.0,0.0
26517000000,2670,0,,0,0.07111603766679764,0.14685973525047302,0.3895755112171173,1.0,0.0,0.0,0.0,0.0
26519000000,2671,0,,0,-0.13793489336967468,-0.30781471729278564,0.02641897462308407,1.0,0.0,0.0,0.0,0.0
26522000000,2672,0,,0,-0.24188697338104248,0.043362364172935486,0.3635009825229645,1.0,0.0,0.0,0.0,0.0
26523000000,2673,0,,0,-0.16462601721286774,-0.3894270360469818,0.06486964225769043,1.0,0.0,0.0,0.0,0.0
26525000000,2674,0,,0,-0.271901398897171,-0.3232109844684601,-0.14144493639469147,1.0,0.0,0.0,0.0,0.0
26527000000,2675,0,,0,0.3593440055847168,0.13231684267520905,-0.22545258700847626,1.0,0.0,0.0,0.0,0.0
26529000000,2676,0,,0,-0.19021698832511902,0.2577778398990631,0.3125108778476715,1.0,0.0,0.0,0.0,0.0
26531000000,2677,0,,0,0.20214001834392548,0.02867385558784008,-0.09439308196306229,1.0,0.0,0.0,0.0,0.0
26533000000,2678,0,,0,-0.3361205756664276,0.2199629247188568,0.1638399064540863,1.0,0.0,0.0,0.0,0.0
26535000000,2679,0,,0,0.07067378610372543,0.30186399817466736,-0.3472285270690918,1.0,0.0,0.0,0.0,0.0
26538000000,2680,0,,0,-0.09743677079677582,0.05869609862565994,-0.25153306126594543,1.0,0.0,0.0,0.0,0.0
26540000000,2681,0,,0,-0.002328641014173627,0.323998361825943,0.30281123518943787,1.0,0.0,0.0,0.0,0.0
26541000000,2682,0,,0,0.005626209545880556,0.38830864429473877,-0.03104979731142521,1.0,0.0,0.0,0.0,0.0
26544000000,2683,0,,0,0.29749324917793274,-0.37891024351119995,0.25855308771133423,1.0,0.0,0.0,0.0,0.0
26546000000,2684,0,,0,-0.39474478363990784,0.23705802857875824,-0.2944329082965851,1.0,0.0,0.0,0.0,0.0
26547000000,2685,0,,0,-0.022412048652768135,-0.007000132463872433,-0.26882073283195496,1.0,0.0,0.0,0.0,0.0
26549000000,2686,0,,0,-0.3957313001155853,0.37490013241767883,0.0723152607679367,1.0,0.0,0.0,0.0,0.0
26551000000,2687,0,,0,0.3307908773422241,-0.04568440467119217,-0.34618493914604187,1.0,0.0,0.0,0.0,0.0
26553000000,2688,0,,0,0.3251093924045563,0.2534027695655823,-0.24773508310317993,1.0,0.0,0.0,0.0,0.0
26555000000,2689,0,,0,-0.3398648500442505,0.28100302815437317,0.2070166915655136,1.0,0.0,0.0,0.0,0.0
26557000000,2690,0,,0,-0.24578632414340973,-0.3733254671096802,0.30458447337150574,1.0,0.0,0.0,0.0,0.0
26559000000,2691,0,,0,0.22616857290267944,0.22165291011333466,-0.2903697192668915,1.0,0.0,0.0,0.0,0.0
26561000000,2692,0,,0,0.1434069573879242,0.24955172836780548,0.07608917355537415,1.0,0.0,0.0,0.0,0.0
26563000000,2693,0,,0,-0.3529515862464905,0.36232542991638184,0.2160651832818985,1.0,0.0,0.0,0.0,0.0
26565000000,2694,0,,0,0.2988254427909851,0.12925277650356293,0.32450369000434875,1.0,0.0,0.0,0.0,0.0
26567000000,2695,0,,0,0.3498461842536926,0.17763356864452362,-0.07064773887395859,1.0,0.0,0.0,0.0,0.0
26569000000,2696,0,,0,-0.12735258042812347,0.125446617603302,-0.34456777572631836,1.0,0.0,0.0,0.0,0.0
26571000000,2697,0,,0,-0.35725006461143494,-0.2365480661392212,-0.3784732520580292,1.0,0.0,0.0,0.0,0.0
26573000000,2698,0,,0,0.18441885709762573,-0.22139829397201538,-0.39298179745674133,1.0,0.0,0.0,0.0,0.0
26575000000,2699,0,,0,0.39109161496162415,-0.11258481442928314,0.26514363288879395,1.0,0.0,0.0,0.0,0.0
26577000000,2700,0,,0,-0.19030657410621643,0.3819778859615326,-0.09047749638557434,1.0,0.0,0.0,0.0,0.0
26579000000,2701,0,,0,0.3525446951389313,-0.06502139568328857,0.25845807790756226,1.0,0.0,0.0,0.0,0.0
26581000000,2702,0,,0,0.07694124430418015,-0.17304161190986633,0.02752738818526268,1.0,0.0,0.0,0.0,0.0
26583000000,2703,0,,0,-0.19135184586048126,-0.24210801720619202,-0.08140947669744492,1.0,0.0,0.0,0.0,0.0
26585000000,2704,0,,0,-0.24717409908771515,0.23748010396957397,0.045209936797618866,1.0,0.0,0.0,0.0,0.0
26587000000,2705,0,,0,0.3982352018356323,-0.09671121835708618,0.05521181598305702,1.0,0.0,0.0,0.0,0.0
26589000000,2706,0,,0,-0.33919572830200195,0.35977399349212646,0.30810579657554626,1.0,0.0,0.0,0.0,0.0
26591000000,2707,0,,0,0.11590695381164551,-0.07197698205709457,0.05822419747710228,1.0,0.0,0.0,0.0,0.0
26593000000,2708,0,,0,0.07119632512331009,-0.03429504483938217,0.23690325021743774,1.0,0.0,0.0,0.0,0.0
26595000000,2709,0,,0,-0.39195746183395386,-0.36425527930259705,0.3072693645954132,1.0,0.0,0.0,0.0,0.0
26597000000,2710,0,,0,-0.17014646530151367,0.1592363566160202,-0.14916901290416718,1.0,0.0,0.0,0.0,0.0
26599000000,2711,0,,0,0.19273975491523743,-0.062348660081624985,0.2896019220352173,1.0,0.0,0.0,0.0,0.0
26601000000,2712,0,,0,-0.3763994872570038,-0.17448563873767853,-0.15458080172538757,1.0,0.0,0.0,0.0,0.0
26603000000,2713,0,,0,-0.0200284942984581,-0.054714299738407135,-0.07579316198825836,1.0,0.0,0.0,0.0,0.0
26605000000,2714,0,,0,-0.21683244407176971,0.12174126505851746,0.1602565348148346,1.0,0.0,0.0,0.0,0.0
26607000000,2715,0,,0,0.1904284507036209,0.2944749891757965,0.30916327238082886,1.0,0.0,0.0,0.0,0.0
26609000000,2716,0,,0,0.005789611022919416,0.2755624055862427,-0.05995729938149452,1.0,0.0,0.0,0.0,0.0
26611000000,2717,0,,0,-0.36692801117897034,0.3834613859653473,-0.254049152135849,1.0,0.0,0.0,0.0,0.0
26613000000,2718,0,,0,-0.006063010543584824,-0.08391933888196945,0.24686995148658752,1.0,0.0,0.0,0.0,0.0
26615000000,2719,0,,0,0.0009387445752508938,-0.0427580364048481,-0.31812798976898193,1.0,0.0,0.0,0.0,0.0
26617000000,2720,0,,0,0.21837252378463745,0.3087294399738312,0.012344995513558388,1.0,0.0,0.0,0.0,0.0
26619000000,2721,0,,0,-0.31185248494148254,-0.035763632506132126,-0.22414125502109528,1.0,0.0,0.0,0.0,0.0
26621000000,2722,0,,0,0.3706307113170624,-0.11134642362594604,0.022698044776916504,1.0,0.0,0.0,0.0,0.0
26623000000,2723,0,,0,-0.37709322571754456,0.3216043710708618,-0.392397940158844,1.0,0.0,0.0,0.0,0.0
26625000000,2724,0,,0,-0.3452293872833252,-0.2814568281173706,-0.3041091859340668,1.0,0.0,0.0,0.0,0.0
26627000000,2725,0,,0,-0.2174258679151535,0.18297411501407623,0.3923110067844391,1.0,0.0,0.0,0.0,0.0
26629000000,2726,0,,0,-0.35216784477233887,0.18891900777816772,-0.09347718954086304,1.0,0.0,0.0,0.0,0.0
26631000000,2727,0,,0,0.030627936124801636,0.30223366618156433,0.11763982474803925,1.0,0.0,0.0,0.0,0.0
26633000000,2728,0,,0,-0.09711190313100815,0.33256229758262634,-0.3317442834377289,1.0,0.0,0.0,0.0,0.0
26635000000,2729,0,,0,-0.14143383502960205,-0.3607405722141266,0.002528583165258169,1.0,0.0,0.0,0.0,0.0
26637000000,2730,0,,0,-0.3145160973072052,-0.17756783962249756,-0.04751896485686302,1.0,0.0,0.0,0.0,0.0
26639000000,2731,0,,0,-0.24538582563400269,-0.3595033884048462,-0.15840615332126617,1.0,0.0,0.0,0.0,0.0
26641000000,2732,0,,0,-0.21984580159187317,-0.152615025639534,0.2618272006511688,1.0,0.0,0.0,0.0,0.0
26643000000,2733,0,,0,0.34695979952812195,-0.0871969610452652,0.3693923354148865,1.0,0.0,0.0,0.0,0.0
26645000000,2734,0,,0,0.25709694623947144,0.1891019344329834,-0.014034525491297245,1.0,0.0,0.0,0.0,0.0
26647000000,2735,0,,0,0.2780736982822418,-0.130518838763237,0.1872321218252182,1.0,0.0,0.0,0.0,0.0
26649000000,2736,0,,0,0.2500988245010376,0.03190914914011955,0.02434096485376358,1.0,0.0,0.0,0.0,0.0
26651000000,2737,0,,0,-0.1707487851381302,-0.0723833367228508,0.25020280480384827,1.0,0.0,0.0,0.0,0.0
26653000000,2738,0,,0,-0.09916757792234421,0.31631895899772644,-0.24290256202220917,1.0,0.0,0.0,0.0,0.0
26655000000,2739,0,,0,0.3293469250202179,-0.3712114691734314,-0.12107383459806442,1.0,0.0,0.0,0.0,0.0
26657000000,2740,0,,0,-0.2659114897251129,0.375672310590744,0.16054530441761017,1.0,0.0,0.0,0.0,0.0
26659000000,2741,0,,0,0.09588268399238586,0.035240963101387024,-0.18117918074131012,1.0,0.0,0.0,0.0,0.0
26661000000,2742,0,,0,-0.3375205993652344,-0.29869726300239563,-0.2577255070209503,1.0,0.0,0.0,0.0,0.0
26663000000,2743,0,,0,0.009338513016700745,-0.06366128474473953,-0.3233153820037842,1.0,0.0,0.0,0.0,0.0
26665000000,2744,0,,0,0.09228268265724182,-0.3808484971523285,-0.07474159449338913,1.0,0.0,0.0,0.0,0.0
26667000000,2745,0,,0,0.39001208543777466,-0.13979823887348175,0.09894821047782898,1.0,0.0,0.0,0.0,0.0
26669000000,2746,0,,0,0.28246453404426575,-0.16889588534832,0.22401289641857147,1.0,0.0,0.0,0.0,0.0
26671000000,2747,0,,0,0.17563468217849731,-0.12504486739635468,-0.08175428211688995,1.0,0.0,0.0,0.0,0.0
26673000000,2748,0,,0,-0.3856923580169678,-0.05626261979341507,-0.377227783203125,1.0,0.0,0.0,0.0,0.0
26675000000,2749,0,,0,0.20740248262882233,0.02471570298075676,0.22373345494270325,1.0,0.0,0.0,0.0,0.0
26677000000,2750,0,,0,0.053709886968135834,0.23953448235988617,0.1443197876214981,1.0,0.0,0.0,0.0,0.0
26679000000,2751,0,,0,0.31596478819847107,0.27376335859298706,-0.11240462213754654,1.0,0.0,0.0,0.0,0.0
26681000000,2752,0,,0,0.3609873354434967,0.2621564567089081,-0.06544680148363113,1.0,0.0,0.0,0.0,0.0
26683000000,2753,0,,0,0.14602580666542053,-0.10649757087230682,-0.31473931670188904,1.0,0.0,0.0,0.0,0.0
26685000000,2754,0,,0,0.12795193493366241,0.3545491099357605,0.12771296501159668,1.0,0.0,0.0,0.0,0.0
26687000000,2755,0,,0,0.25797030329704285,-0.22931450605392456,-0.050357356667518616,1.0,0.0,0.0,0.0,0.0
26689000000,2756,0,,0,-0.3874877393245697,-0.21513672173023224,0.2358008474111557,1.0,0.0,0.0,0.0,0.0
26691000000,2757,0,,0,0.028808781877160072,-0.2632482945919037,0.15405350923538208,1.0,0.0,0.0,0.0,0.0
26693000000,2758,0,,0,-0.25558164715766907,-0.16293956339359283,0.3287839889526367,1.0,0.0,0.0,0.0,0.0
26695000000,2759,0,,0,-0.20863719284534454,0.1680288016796112,-0.16245876252651215,1.0,0.0,0.0,0.0,0.0
26697000000,2760,0,,0,0.30339112877845764,0.23500956594944,0.2855852544307709,1.0,0.0,0.0,0.0,0.0
26699000000,2761,0,,0,-0.12129858881235123,-0.34161102771759033,0.22060616314411163,1.0,0.0,0.0,0.0,0.0
26701000000,2762,0,,0,-0.2794441282749176,0.13724948465824127,0.01540591474622488,1.0,0.0,0.0,0.0,0.0
26703000000,2763,0,,0,-0.008084415458142757,0.32833775877952576,-0.11240347474813461,1.0,0.0,0.0,0.0,0.0
26705000000,2764,0,,0,0.2712540924549103,-0.377895325422287,0.17733916640281677,1.0,0.0,0.0,0.0,0.0
26707000000,2765,0,,0,-0.3141830563545227,0.17045672237873077,-0.3523055911064148,1.0,0.0,0.0,0.0,0.0
26709000000,2766,0,,0,0.024422787129878998,-0.17572161555290222,-0.15618455410003662,1.0,0.0,0.0,0.0,0.0
26711000000,2767,0,,0,0.2123224288225174,0.052768103778362274,0.0008247707737609744,1.0,0.0,0.0,0.0,0.0
26713000000,2768,0,,0,0.3174360990524292,-0.39991167187690735,-0.1348859816789627,1.0,0.0,0.0,0.0,0.0
26715000000,2769,0,,0,-0.1825856864452362,0.15817856788635254,-0.02275424264371395,1.0,0.0,0.0,0.0,0.0
26717000000,2770,0,,0,-0.1801603138446808,-0.31449487805366516,0.3658464550971985,1.0,0.0,0.0,0.0,0.0
26719000000,2771,0,,0,-0.024244651198387146,0.03046322986483574,0.39526864886283875,1.0,0.0,0.0,0.0,0.0
26721000000,2772,0,,0,-0.042220745235681534,0.18097037076950073,0.07980930060148239,1.0,0.0,0.0,0.0,0.0
26723000000,2773,0,,0,0.08611372858285904,0.34030458331108093,-0.007757113315165043,1.0,0.0,0.0,0.0,0.0
26725000000,2774,0,,0,0.28998348116874695,-0.2673164904117584,0.37088969349861145,1.0,0.0,0.0,0.0,0.0
26727000000,2775,0,,0,-0.15774132311344147,0.29192858934402466,0.3401198387145996,1.0,0.0,0.0,0.0,0.0
26729000000,2776,0,,0,0.06949612498283386,-0.06364324688911438,0.30116498470306396,1.0,0.0,0.0,0.0,0.0
26731000000,2777,0,,0,0.24870575964450836,-0.03213964402675629,0.019974568858742714,1.0,0.0,0.0,0.0,0.0
26733000000,2778,0,,0,-0.08920926600694656,-0.39190417528152466,0.21256980299949646,1.0,0.0,0.0,0.0,0.0
26735000000,2779,0,,0,-0.24368293583393097,0.021442493423819542,-0.2130707949399948,1.0,0.0,0.0,0.0,0.0
26737000000,2780,0,,0,0.3909607529640198,0.09777093678712845,0.28369584679603577,1.0,0.0,0.0,0.0,0.0
26739000000,2781,0,,0,-0.11328989267349243,-0.2505808174610138,0.357338011264801,1.0,0.0,0.0,0.0,0.0
26741000000,2782,0,,0,0.20897024869918823,0.328296422958374,0.27300480008125305,1.0,0.0,0.0,0.0,0.0
26743000000,2783,0,,0,0.0951337069272995,0.012190012261271477,-0.27943629026412964,1.0,0.0,0.0,0.0,0.0
26745000000,2784,0,,0,-0.31348326802253723,-0.08302854746580124,-0.14424903690814972,1.0,0.0,0.0,0.0,0.0
26747000000,2785,0,,0,0.31520819664001465,-0.3650932013988495,0.36379340291023254,1.0,0.0,0.0,0.0,0.0
26749000000,2786,0,,0,0.3402017652988434,-0.04523255676031113,-0.2544061541557312,1.0,0.0,0.0,0.0,0.0
26751000000,2787,0,,0,-0.3752104640007019,0.2562989890575409,-0.2749843895435333,1.0,0.0,0.0,0.0,0.0
26753000000,2788,0,,0,0.3187708258628845,0.22417792677879333,0.07754949480295181,1.0,0.0,0.0,0.0,0.0
26755000000,2789,0,,0,0.2858498990535736,0.09239943325519562,-0.2583546042442322,1.0,0.0,0.0,0.0,0.0
26757000000,2790,0,,0,-0.2856403887271881,0.3128449618816376,0.18787872791290283,1.0,0.0,0.0,0.0,0.0
26759000000,2791,0,,0,-0.2165224552154541,-0.11390066146850586,0.2895364463329315,1.0,0.0,0.0,0.0,0.0
26761000000,2792,0,,0,-0.18372584879398346,0.24388578534126282,-0.09167713671922684,1.0,0.0,0.0,0.0,0.0
26763000000,2793,0,,0,-0.25471341609954834,0.3526281714439392,-0.3688841164112091,1.0,0.0,0.0,0.0,0.0
26765000000,2794,0,,0,0.18386033177375793,-0.15609081089496613,0.12136577069759369,1.0,0.0,0.0,0.0,0.0
26767000000,2795,0,,0,-0.30254390835762024,0.268388569355011,-0.0007548412540927529,1.0,0.0,0.0,0.0,0.0
26769000000,2796,0,,0,-0.07152734696865082,-0.10890382528305054,0.38506147265434265,1.0,0.0,0.0,0.0,0.0
26771000000,2797,0,,0,-0.366969496011734,0.058674536645412445,-0.3455859422683716,1.0,0.0,0.0,0.0,0.0
26773000000,2798,0,,0,0.07277519255876541,-0.14730818569660187,-0.25299230217933655,1.0,0.0,0.0,0.0,0.0
26775000000,2799,0,,0,-0.32921841740608215,0.046635951846838,-0.307826429605484,1.0,0.0,0.0,0.0,0.0
26777000000,2800,0,,0,-0.12456833571195602,0.01475585252046585,-0.13015122711658478,1.0,0.0,0.0,0.0,0.0
26779000000,2801,0,,0,0.010123520158231258,-0.19971363246440887,-0.09608397632837296,1.0,0.0,0.0,0.0,0.0
26781000000,2802,0,,0,0.3472565710544586,0.3728817105293274,-0.38508138060569763,1.0,0.0,0.0,0.0,0.0
26783000000,2803,0,,0,-0.16829167306423187,-0.2914442718029022,0.27824291586875916,1.0,0.0,0.0,0.0,0.0
26785000000,2804,0,,0,0.09939838945865631,-0.12994351983070374,-0.3925262689590454,1.0,0.0,0.0,0.0,0.0
26788000000,2805,0,,0,-0.07126455008983612,0.11271126568317413,-0.07000383734703064,1.0,0.0,0.0,0.0,0.0
26790000000,2806,0,,0,-0.38256770372390747,0.12348951399326324,0.08982047438621521,1.0,0.0,0.0,0.0,0.0
26792000000,2807,0,,0,-0.2951786518096924,0.21777184307575226,0.18883617222309113,1.0,0.0,0.0,0.0,0.0
26794000000,2808,0,,0,0.3694104552268982,0.17535920441150665,-0.32296398282051086,1.0,0.0,0.0,0.0,0.0
26796000000,2809,0,,0,0.014937865547835827,-0.02620570734143257,0.05322941765189171,1.0,0.0,0.0,0.0,0.0
26797000000,2810,0,,0,0.009199349209666252,0.18941353261470795,-0.3427698314189911,1.0,0.0,0.0,0.0,0.0
26799000000,2811,0,,0,-0.2034965604543686,0.1879444122314453,0.17952479422092438,1.0,0.0,0.0,0.0,0.0
26801000000,2812,0,,0,0.31607991456985474,0.2943283021450043,-0.04322478920221329,1.0,0.0,0.0,0.0,0.0
26803000000,2813,0,,0,0.36719799041748047,0.2756897807121277,-0.010039811953902245,1.0,0.0,0.0,0.0,0.0
26805000000,2814,0,,0,-0.1690479815006256,-0.23871685564517975,-0.059418197721242905,1.0,0.0,0.0,0.0,0.0
26807000000,2815,0,,0,0.2389034926891327,-0.022471686825156212,-0.2338852435350418,1.0,0.0,0.0,0.0,0.0
26809000000,2816,0,,0,0.029758920893073082,-0.32853859663009644,-0.3985980451107025,1.0,0.0,0.0,0.0,0.0
26811000000,2817,0,,0,-0.008381941355764866,-0.39700058102607727,-0.05280012637376785,1.0,0.0,0.0,0.0,0.0
26813000000,2818,0,,0,0.29367637634277344,-0.36864927411079407,-0.39259442687034607,1.0,0.0,0.0,0.0,0.0
26815000000,2819,0,,0,-0.1343323290348053,0.32121148705482483,0.36998745799064636,1.0,0.0,0.0,0.0,0.0
26817000000,2820,0,,0,0.3819650113582611,-0.20595894753932953,0.22166807949543,1.0,0.0,0.0,0.0,0.0
26819000000,2821,0,,0,0.028797859326004982,-0.28300532698631287,-0.24554528295993805,1.0,0.0,0.0,0.0,0.0
26821000000,2822,0,,0,0.32855352759361267,0.08727870881557465,-0.07622529566287994,1.0,0.0,0.0,0.0,0.0
26823000000,2823,0,,0,0.020929064601659775,0.29593518376350403,0.24891823530197144,1.0,0.0,0.0,0.0,0.0
26825000000,2824,0,,0,0.1446685791015625,-0.30285993218421936,0.051494330167770386,1.0,0.0,0.0,0.0,0.0
26827000000,2825,0,,0,0.3956104815006256,-0.13254792988300323,0.330496609210968,1.0,0.0,0.0,0.0,0.0
26829000000,2826,0,,0,0.07730299979448318,-0.26131924986839294,0.12019596993923187,1.0,0.0,0.0,0.0,0.0
26831000000,2827,0,,0,0.09839165210723877,-0.15218251943588257,0.06410467624664307,1.0,0.0,0.0,0.0,0.0
26833000000,2828,0,,0,-0.3412642776966095,-0.2255285680294037,-0.06571520864963531,1.0,0.0,0.0,0.0,0.0
26835000000,2829,0,,0,-0.10320228338241577,-0.36912012100219727,-0.07660374045372009,1.0,0.0,0.0,0.0,0.0
26837000000,2830,0,,0,-0.17776581645011902,0.3262369632720947,0.037107501178979874,1.0,0.0,0.0,0.0,0.0
26839000000,2831,0,,0,-0.10151083767414093,0.3514292538166046,0.09206955879926682,1.0,0.0,0.0,0.0,0.0
26841000000,2832,0,,0,-0.1123073622584343,0.04368700832128525,-0.267642080783844,1.0,0.0,0.0,0.0,0.0
26843000000,2833,0,,0,-0.2786897122859955,0.0023295986466109753,-0.08131422102451324,1.0,0.0,0.0,0.0,0.0
26845000000,2834,0,,0,-0.34525203704833984,0.016997987404465675,0.1431698352098465,1.0,0.0,0.0,0.0,0.0
26847000000,2835,0,,0,-0.23466870188713074,0.12029196321964264,-0.15109369158744812,1.0,0.0,0.0,0.0,0.0
26850000000,2836,0,,0,0.31953397393226624,0.33819398283958435,-0.30985623598098755,1.0,0.0,0.0,0.0,0.0
26851000000,2837,0,,0,-0.16213500499725342,-0.3132898509502411,0.21934019029140472,1.0,0.0,0.0,0.0,0.0
26853000000,2838,0,,0,0.10296407341957092,-0.06042838841676712,0.30907851457595825,1.0,0.0,0.0,0.0,0.0
26855000000,2839,0,,0,-0.10390932857990265,0.375810831785202,0.2877919375896454,1.0,0.0,0.0,0.0,0.0
26857000000,2840,0,,0,-0.172016903758049,0.2606807351112366,-0.34851765632629395,1.0,0.0,0.0,0.0,0.0
26859000000,2841,0,,0,0.2846887409687042,-0.1431855708360672,-0.3726447820663452,1.0,0.0,0.0,0.0,0.0
26861000000,2842,0,,0,-0.3723739683628082,0.29599466919898987,-0.2193862497806549,1.0,0.0,0.0,0.0,0.0
26863000000,2843,0,,0,-0.2811880111694336,0.346902072429657,-0.3195232152938843,1.0,0.0,0.0,0.0,0.0
26865000000,2844,0,,0,0.21174490451812744,0.3758715093135834,0.35050177574157715,1.0,0.0,0.0,0.0,0.0
26868000000,2845,0,,0,0.31010502576828003,0.22100627422332764,0.2636788487434387,1.0,0.0,0.0,0.0,0.0
26869000000,2846,0,,0,-0.2327772080898285,-0.1825869083404541,0.25699424743652344,1.0,0.0,0.0,0.0,0.0
26871000000,2847,0,,0,-0.07040733098983765,-0.37007030844688416,-0.24312850832939148,1.0,0.0,0.0,0.0,0.0
26873000000,2848,0,,0,0.3686828315258026,0.0468134805560112,0.05425634980201721,1.0,0.0,0.0,0.0,0.0
26875000000,2849,0,,0,-0.09029817581176758,0.049588046967983246,0.1548670530319214,1.0,0.0,0.0,0.0,0.0
26877000000,2850,0,,0,0.25766515731811523,0.0026382592041045427,-0.11757560074329376,1.0,0.0,0.0,0.0,0.0
26879000000,2851,0,,0,0.08448963612318039,0.3758169114589691,0.030376272276043892,1.0,0.0,0.0,0.0,0.0
26881000000,2852,0,,0,-0.38789689540863037,-0.20234180986881256,-0.012952552177011967,1.0,0.0,0.0,0.0,0.0
26883000000,2853,0,,0,-0.10138321667909622,-0.30932408571243286,-0.1733020693063736,1.0,0.0,0.0,0.0,0.0
26885000000,2854,0,,0,-0.22777877748012543,-0.10520140081644058,-0.11975245922803879,1.0,0.0,0.0,0.0,0.0
26887000000,2855,0,,0,-0.18866665661334991,-0.02303554117679596,0.12019927054643631,1.0,0.0,0.0,0.0,0.0
26889000000,2856,0,,0,0.2035498023033142,-0.39910632371902466,-0.1831832230091095,1.0,0.0,0.0,0.0,0.0
26891000000,2857,0,,0,0.061217840760946274,-0.2610650062561035,0.39262884855270386,1.0,0.0,0.0,0.0,0.0
26893000000,2858,0,,0,-0.1136462390422821,0.25421589612960815,0.17867690324783325,1.0,0.0,0.0,0.0,0.0
26895000000,2859,0,,0,0.03077198565006256,0.16901583969593048,0.1356927752494812,1.0,0.0,0.0,0.0,0.0
26897000000,2860,0,,0,-0.2545034885406494,0.030866531655192375,0.3507121205329895,1.0,0.0,0.0,0.0,0.0
26899000000,2861,0,,0,-0.3739018738269806,0.16007690131664276,0.3039637804031372,1.0,0.0,0.0,0.0,0.0
26901000000,2862,0,,0,0.14208471775054932,-0.0003429981297813356,-0.34790316224098206,1.0,0.0,0.0,0.0,0.0
26904000000,2863,0,,0,0.3975221514701843,0.19061443209648132,0.3135862350463867,1.0,0.0,0.0,0.0,0.0
26905000000,2864,0,,0,0.07470398396253586,0.07975530624389648,-0.2606271803379059,1.0,0.0,0.0,0.0,0.0
26908000000,2865,0,,0,-0.12250570207834244,-0.19285492599010468,-0.3680548369884491,1.0,0.0,0.0,0.0,0.0
26909000000,2866,0,,0,0.07645600289106369,0.15479733049869537,0.05832600221037865,1.0,0.0,0.0,0.0,0.0
26911000000,2867,0,,0,-0.14000622928142548,0.26280251145362854,0.03524864837527275,1.0,0.0,0.0,0.0,0.0
26913000000,2868,0,,0,-0.2697889804840088,-0.1131412535905838,-0.10946731269359589,1.0,0.0,0.0,0.0,0.0
26915000000,2869,0,,0,-0.19834521412849426,-0.1680745929479599,-0.10354647785425186,1.0,0.0,0.0,0.0,0.0
26917000000,2870,0,,0,-0.34271445870399475,0.1673847883939743,0.1365591436624527,1.0,0.0,0.0,0.0,0.0
26919000000,2871,0,,0,0.24553146958351135,0.3925502598285675,-0.14358112215995789,1.0,0.0,0.0,0.0,0.0
26921000000,2872,0,,0,-0.04277818277478218,0.13762666285037994,-0.2390322983264923,1.0,0.0,0.0,0.0,0.0
26924000000,2873,0,,0,0.38944512605667114,-0.012681619264185429,0.30159133672714233,1.0,0.0,0.0,0.0,0.0
26925000000,2874,0,,0,0.04422861710190773,0.3629782199859619,0.0896843895316124,1.0,0.0,0.0,0.0,0.0
26927000000,2875,0,,0,-0.37329232692718506,0.12435472011566162,-0.21345387399196625,1.0,0.0,0.0,0.0,0.0
26929000000,2876,0,,0,0.024807916954159737,-0.15173253417015076,0.3779415488243103,1.0,0.0,0.0,0.0,0.0
26931000000,2877,0,,0,0.11241339147090912,0.36201804876327515,-0.055903684347867966,1.0,0.0,0.0,0.0,0.0
26933000000,2878,0,,0,-0.32952025532722473,-0.24155299365520477,-0.13336770236492157,1.0,0.0,0.0,0.0,0.0
26935000000,2879,0,,0,-0.11747036129236221,0.2506098747253418,0.30632948875427246,1.0,0.0,0.0,0.0,0.0
26937000000,2880,0,,0,-0.24943724274635315,-0.015122806653380394,0.02841234765946865,1.0,0.0,0.0,0.0,0.0
26939000000,2881,0,,0,-0.35452720522880554,-0.059486422687768936,0.031063860282301903,1.0,0.0,0.0,0.0,0.0
26941000000,2882,0,,0,-0.1474691927433014,-0.043990228325128555,0.3314066529273987,1.0,0.0,0.0,0.0,0.0
26943000000,2883,0,,0,-0.3751140236854553,0.36643463373184204,-0.2782573699951172,1.0,0.0,0.0,0.0,0.0
26945000000,2884,0,,0,-0.2870055139064789,-0.10132785886526108,-0.0315694585442543,1.0,0.0,0.0,0.0,0.0
26947000000,2885,0,,0,0.29620301723480225,0.0695011168718338,-0.23597471415996552,1.0,0.0,0.0,0.0,0.0
26949000000,2886,0,,0,-0.33303940296173096,-0.13152214884757996,0.37420186400413513,1.0,0.0,0.0,0.0,0.0
26951000000,2887,0,,0,0.16264434158802032,0.39443281292915344,-0.20141500234603882,1.0,0.0,0.0,0.0,0.0
26953000000,2888,0,,0,-0.35152319073677063,-0.06117841228842735,-0.12667657434940338,1.0,0.0,0.0,0.0,0.0
26955000000,2889,0,,0,-0.38020843267440796,-0.018886206671595573,-0.18129289150238037,1.0,0.0,0.0,0.0,0.0
26957000000,2890,0,,0,0.30799147486686707,0.324585497379303,0.29491692781448364,1.0,0.0,0.0,0.0,0.0
26959000000,2891,0,,0,0.012858455069363117,0.30406495928764343,-0.3368528187274933,1.0,0.0,0.0,0.0,0.0
26961000000,2892,0,,0,-0.05731307342648506,0.24751153588294983,-0.1410551816225052,1.0,0.0,0.0,0.0,0.0
26963000000,2893,0,,0,0.36501312255859375,-0.2136196792125702,-0.36925187706947327,1.0,0.0,0.0,0.0,0.0
26965000000,2894,0,,0,-0.12163473665714264,0.3410191535949707,0.3286208510398865,1.0,0.0,0.0,0.0,0.0
26967000000,2895,0,,0,-0.36287572979927063,-0.3106931447982788,-0.330525666475296,1.0,0.0,0.0,0.0,0.0
26969000000,2896,0,,0,0.14321082830429077,0.10180269926786423,-0.2834998667240143,1.0,0.0,0.0,0.0,0.0
26971000000,2897,0,,0,0.25684162974357605,0.1299649477005005,-0.2998359799385071,1.0,0.0,0.0,0.0,0.0
26973000000,2898,0,,0,0.11126473546028137,0.36578482389450073,-0.18020851910114288,1.0,0.0,0.0,0.0,0.0
26975000000,2899,0,,0,0.3579370975494385,0.0004738704301416874,-0.2058747261762619,1.0,0.0,0.0,0.0,0.0
26977000000,2900,0,,0,-0.11110314726829529,0.38721466064453125,0.1567063331604004,1.0,0.0,0.0,0.0,0.0
26979000000,2901,0,,0,0.19512592256069183,0.38918471336364746,-0.16962432861328125,1.0,0.0,0.0,0.0,0.0
26981000000,2902,0,,0,-0.21032768487930298,0.11386623978614807,0.19117048382759094,1.0,0.0,0.0,0.0,0.0
26984000000,2903,0,,0,-0.029641466215252876,-0.15254032611846924,-0.1366681009531021,1.0,0.0,0.0,0.0,0.0
26985000000,2904,0,,0,-0.061086270958185196,0.2896690368652344,0.16337049007415771,1.0,0.0,0.0,0.0,0.0
26987000000,2905,0,,0,0.23350739479064941,-0.13257314264774323,0.1571979820728302,1.0,0.0,0.0,0.0,0.0
26989000000,2906,0,,0,-0.14296096563339233,0.13343074917793274,0.04051932692527771,1.0,0.0,0.0,0.0,0.0
26991000000,2907,0,,0,0.1992686688899994,0.1138506755232811,-0.21325966715812683,1.0,0.0,0.0,0.0,0.0
26993000000,2908,0,,0,0.1989128738641739,0.15338639914989471,-0.09642042964696884,1.0,0.0,0.0,0.0,0.0
26996000000,2909,0,,0,-0.04910043999552727,0.12519443035125732,0.27386781573295593,1.0,0.0,0.0,0.0,0.0
26997000000,2910,0,,0,-0.07863324135541916,0.2215871661901474,-0.10627855360507965,1.0,0.0,0.0,0.0,0.0
27000000000,2911,0,,0,0.15119609236717224,-0.2681022584438324,0.2363608330488205,1.0,0.0,0.0,0.0,0.0
27002000000,2912,0,,0,-0.39685696363449097,-0.04199637472629547,0.2572730779647827,1.0,0.0,0.0,0.0,0.0
27003000000,2913,0,,0,0.15389637649059296,0.20454995334148407,0.10460831224918365,1.0,0.0,0.0,0.0,0.0
27005000000,2914,0,,0,0.2543657720088959,-0.2736746370792389,0.06991041451692581,1.0,0.0,0.0,0.0,0.0
27007000000,2915,0,,0,0.37564408779144287,0.2696748673915863,-0.024259598925709724,1.0,0.0,0.0,0.0,0.0
27009000000,2916,0,,0,0.07668861746788025,-0.31091374158859253,-0.33238571882247925,1.0,0.0,0.0,0.0,0.0
27011000000,2917,0,,0,0.27988606691360474,0.09477517008781433,-0.2994997501373291,1.0,0.0,0.0,0.0,0.0
27013000000,2918,0,,0,0.062717504799366,-0.029040666297078133,0.3634781837463379,1.0,0.0,0.0,0.0,0.0
27015000000,2919,0,,0,-0.009377089329063892,0.033292610198259354,-0.3474940061569214,1.0,0.0,0.0,0.0,0.0
27017000000,2920,0,,0,0.1821213662624359,0.21932555735111237,0.13733574748039246,1.0,0.0,0.0,0.0,0.0
27019000000,2921,0,,0,0.09327257424592972,-0.18958505988121033,-0.08678065240383148,1.0,0.0,0.0,0.0,0.0
27021000000,2922,0,,0,0.19401000440120697,0.13540861010551453,0.2950010895729065,1.0,0.0,0.0,0.0,0.0
27023000000,2923,0,,0,-0.19486336410045624,0.34439554810523987,-0.27630534768104553,1.0,0.0,0.0,0.0,0.0
27025000000,2924,0,,0,-0.29211604595184326,-0.09950722008943558,0.18053807318210602,1.0,0.0,0.0,0.0,0.0
27027000000,2925,0,,0,-0.07017269730567932,-0.31551510095596313,-0.20587682723999023,1.0,0.0,0.0,0.0,0.0
27029000000,2926,0,,0,-0.13229943811893463,0.22494478523731232,0.03644148260354996,1.0,0.0,0.0,0.0,0.0
27031000000,2927,0,,0,0.06737864017486572,0.03630199655890465,-0.022999227046966553,1.0,0.0,0.0,0.0,0.0
27033000000,2928,0,,0,0.05449061468243599,0.3877386152744293,-0.2061319202184677,1.0,0.0,0.0,0.0,0.0
27035000000,2929,0,,0,-0.2828103005886078,-0.005480905529111624,-0.24756395816802979,1.0,0.0,0.0,0.0,0.0
27037000000,2930,0,,0,0.1753748506307602,-0.22978228330612183,-0.010223262943327427,1.0,0.0,0.0,0.0,0.0
27039000000,2931,0,,0,-0.2753075659275055,-0.21559809148311615,0.17089448869228363,1.0,0.0,0.0,0.0,0.0
27041000000,2932,0,,0,0.31638550758361816,-0.23551437258720398,0.2358391433954239,1.0,0.0,0.0,0.0,0.0
27043000000,2933,0,,0,0.15305329859256744,-0.29130852222442627,0.38287651538848877,1.0,0.0,0.0,0.0,0.0
27045000000,2934,0,,0,0.24167504906654358,0.28748661279678345,-0.2291148453950882,1.0,0.0,0.0,0.0,0.0
27047000000,2935,0,,0,-0.007881221361458302,-0.204008549451828,-0.3090006411075592,1.0,0.0,0.0,0.0,0.0
27049000000,2936,0,,0,-0.26998767256736755,0.2534322738647461,0.18775628507137299,1.0,0.0,0.0,0.0,0.0
27051000000,2937,0,,0,-0.3514539301395416,0.08898864686489105,0.14015057682991028,1.0,0.0,0.0,0.0,0.0
27053000000,2938,0,,0,-0.30730876326560974,-0.2981017529964447,0.06940219551324844,1.0,0.0,0.0,0.0,0.0
27055000000,2939,0,,0,0.09749002754688263,-0.04850435629487038,0.1778108775615692,1.0,0.0,0.0,0.0,0.0
27057000000,2940,0,,0,0.1675403118133545,-0.37643611431121826,-0.23540137708187103,1.0,0.0,0.0,0.0,0.0
27059000000,2941,0,,0,0.028619885444641113,0.21242548525333405,0.3590669631958008,1.0,0.0,0.0,0.0,0.0
27061000000,2942,0,,0,-0.1318257600069046,-0.08097627013921738,-0.3391232490539551,1.0,0.0,0.0,0.0,0.0
27063000000,2943,0,,0,0.3720903694629669,0.1314498633146286,-0.24492532014846802,1.0,0.0,0.0,0.0,0.0
27065000000,2944,0,,0,-0.13091117143630981,0.03777230158448219,-0.1881798952817917,1.0,0.0,0.0,0.0,0.0
27067000000,2945,0,,0,-0.3969114422798157,-0.3377858102321625,-0.04283912107348442,1.0,0.0,0.0,0.0,0.0
27069000000,2946,0,,0,0.11578379571437836,0.20731718838214874,0.12826213240623474,1.0,0.0,0.0,0.0,0.0
27071000000,2947,0,,0,0.3268737494945526,-0.28625813126564026,0.0915602296590805,1.0,0.0,0.0,0.0,0.0
27073000000,2948,0,,0,0.2948533892631531,0.18369947373867035,-4.716123839898501e-06,1.0,0.0,0.0,0.0,0.0
27075000000,2949,0,,0,-0.38424769043922424,0.0311272069811821,-0.39120373129844666,1.0,0.0,0.0,0.0,0.0
27077000000,2950,0,,0,-0.11555302143096924,0.04066971689462662,0.3601139783859253,1.0,0.0,0.0,0.0,0.0
27079000000,2951,0,,0,0.2364118993282318,0.3968706727027893,-0.16870272159576416,1.0,0.0,0.0,0.0,0.0
27081000000,2952,0,,0,0.08510268479585648,0.15152166783809662,0.08222970366477966,1.0,0.0,0.0,0.0,0.0
27083000000,2953,0,,0,0.03761594370007515,0.36649611592292786,0.06954101473093033,1.0,0.0,0.0,0.0,0.0
27085000000,2954,0,,0,0.270176500082016,0.11360341310501099,-0.09045201539993286,1.0,0.0,0.0,0.0,0.0
27087000000,2955,0,,0,-0.36600860953330994,-0.015590121038258076,-0.08731050789356232,1.0,0.0,0.0,0.0,0.0
27089000000,2956,0,,0,-0.0648464635014534,0.2991282641887665,-0.12666667997837067,1.0,0.0,0.0,0.0,0.0
27091000000,2957,0,,0,0.10199678689241409,0.0999300554394722,-0.3932986259460449,1.0,0.0,0.0,0.0,0.0
27093000000,2958,0,,0,-0.128007173538208,-0.009801327250897884,0.3176994323730469,1.0,0.0,0.0,0.0,0.0
27095000000,2959,0,,0,-0.122744120657444,-0.046196866780519485,0.25255048274993896,1.0,0.0,0.0,0.0,0.0
27097000000,2960,0,,0,0.27280542254447937,-0.20843568444252014,-0.051702212542295456,1.0,0.0,0.0,0.0,0.0
27099000000,2961,0,,0,-0.11092441529035568,0.00970032811164856,-0.21944253146648407,1.0,0.0,0.0,0.0,0.0
27101000000,2962,0,,0,-0.33690112829208374,-0.17391690611839294,-0.020382072776556015,1.0,0.0,0.0,0.0,0.0
27103000000,2963,0,,0,-0.17453758418560028,-0.1385108083486557,-0.2677867114543915,1.0,0.0,0.0,0.0,0.0
27105000000,2964,0,,0,0.2468738853931427,-0.043386310338974,-0.38328760862350464,1.0,0.0,0.0,0.0,0.0
27107000000,2965,0,,0,-0.30031466484069824,0.28703734278678894,0.20684288442134857,1.0,0.0,0.0,0.0,0.0
27109000000,2966,0,,0,0.2636621296405792,-0.24975545704364777,-0.04095831513404846,1.0,0.0,0.0,0.0,0.0
27111000000,2967,0,,0,0.06171545758843422,0.2174423187971115,0.23937927186489105,1.0,0.0,0.0,0.0,0.0
27113000000,2968,0,,0,-0.1866610050201416,0.3410726487636566,-0.29322969913482666,1.0,0.0,0.0,0.0,0.0
27115000000,2969,0,,0,-0.08368130028247833,0.18310856819152832,-0.069460429251194,1.0,0.0,0.0,0.0,0.0
27117000000,2970,0,,0,-0.3618963956832886,-0.3553592264652252,0.19526906311511993,1.0,0.0,0.0,0.0,0.0
27119000000,2971,0,,0,0.20880062878131866,0.19381770491600037,-0.13617023825645447,1.0,0.0,0.0,0.0,0.0
27121000000,2972,0,,0,0.24978962540626526,0.23690393567085266,-0.04767664149403572,1.0,0.0,0.0,0.0,0.0
27123000000,2973,0,,0,0.3457062542438507,-0.2417270541191101,0.1759360134601593,1.0,0.0,0.0,0.0,0.0
27125000000,2974,0,,0,0.17725685238838196,0.17069591581821442,0.2602860629558563,1.0,0.0,0.0,0.0,0.0
27127000000,2975,0,,0,0.1904437094926834,0.16540098190307617,-0.0006744934362359345,1.0,0.0,0.0,0.0,0.0
27129000000,2976,0,,0,-0.30107346177101135,-0.3594268262386322,0.06255527585744858,1.0,0.0,0.0,0.0,0.0
27131000000,2977,0,,0,0.2669118344783783,0.10929208248853683,-0.38421469926834106,1.0,0.0,0.0,0.0,0.0
27133000000,2978,0,,0,0.3908906877040863,0.25988054275512695,-0.2745090425014496,1.0,0.0,0.0,0.0,0.0
27135000000,2979,0,,0,0.052254416048526764,-0.2667788565158844,-0.08361157029867172,1.0,0.0,0.0,0.0,0.0
27137000000,2980,0,,0,-0.32936951518058777,0.3427933156490326,-0.17315639555454254,1.0,0.0,0.0,0.0,0.0
27139000000,2981,0,,0,0.07193370163440704,0.08567902445793152,0.16885703802108765,1.0,0.0,0.0,0.0,0.0
27141000000,2982,0,,0,0.35348188877105713,-0.3654480576515198,0.3359587490558624,1.0,0.0,0.0,0.0,0.0
27143000000,2983,0,,0,-0.27616292238235474,-0.3773227334022522,-0.3643479645252228,1.0,0.0,0.0,0.0,0.0
27145000000,2984,0,,0,0.25795871019363403,-0.1518232673406601,-0.3130425810813904,1.0,0.0,0.0,0.0,0.0
27147000000,2985,0,,0,-0.30175167322158813,0.3299543857574463,-0.23937803506851196,1.0,0.0,0.0,0.0,0.0
27149000000,2986,0,,0,0.28268948197364807,-0.36569744348526,-0.045091766864061356,1.0,0.0,0.0,0.0,0.0
27151000000,2987,0,,0,0.3850049674510956,0.3476342260837555,-0.055023036897182465,1.0,0.0,0.0,0.0,0.0
27153000000,2988,0,,0,-0.06484781950712204,0.21280907094478607,0.25267818570137024,1.0,0.0,0.0,0.0,0.0
27155000000,2989,0,,0,0.22199048101902008,-0.05591520294547081,0.0024173089768737555,1.0,0.0,0.0,0.0,0.0
27157000000,2990,0,,0,-0.17880840599536896,-0.37787091732025146,-0.038974590599536896,1.0,0.0,0.0,0.0,0.0
27159000000,2991,0,,0,-0.21072979271411896,-0.08832365274429321,0.17374080419540405,1.0,0.0,0.0,0.0,0.0
27161000000,2992,0,,0,-0.32999059557914734,0.22885240614414215,-0.15149711072444916,1.0,0.0,0.0,0.0,0.0
27163000000,2993,0,,0,0.3255922198295593,-0.19194187223911285,0.013419597409665585,1.0,0.0,0.0,0.0,0.0
27165000000,2994,0,,0,0.3121570348739624,-0.3661643862724304,-0.3479016423225403,1.0,0.0,0.0,0.0,0.0
27167000000,2995,0,,0,-0.09268935024738312,0.17740359902381897,0.07617022097110748,1.0,0.0,0.0,0.0,0.0
27169000000,2996,0,,0,0.26799654960632324,0.3464069366455078,0.06408518552780151,1.0,0.0,0.0,0.0,0.0
27172000000,2997,0,,0,0.14743761718273163,0.23164020478725433,0.28128117322921753,1.0,0.0,0.0,0.0,0.0
27173000000,2998,0,,0,-0.12620224058628082,-0.23225896060466766,0.2218136489391327,1.0,0.0,0.0,0.0,0.0
27175000000,2999,0,,0,-0.222834974527359,0.1472853422164917,-0.2905169725418091,1.0,0.0,0.0,0.0,0.0
27177000000,3000,0,,0,-0.3386344909667969,-0.2929297685623169,0.38737961649894714,1.0,0.0,0.0,0.0,0.0
27179000000,3001,0,,0,-0.08068177849054337,-0.24009919166564941,0.1345311850309372,1.0,0.0,0.0,0.0,0.0
27181000000,3002,0,,0,0.004506680648773909,-0.17123854160308838,-0.2944035530090332,1.0,0.0,0.0,0.0,0.0
27183000000,3003,0,,0,-0.24357418715953827,-0.10394927859306335,0.3006695508956909,1.0,0.0,0.0,0.0,0.0
27185000000,3004,0,,0,-0.3814927339553833,-0.11955896764993668,-0.13313578069210052,1.0,0.0,0.0,0.0,0.0
27187000000,3005,0,,0,-0.000836744497064501,0.05396745353937149,-0.12084145843982697,1.0,0.0,0.0,0.0,0.0
27189000000,3006,0,,0,-0.18886670470237732,0.14738784730434418,0.21408358216285706,1.0,0.0,0.0,0.0,0.0
27191000000,3007,0,,0,-0.33138778805732727,-0.18865779042243958,-0.18139061331748962,1.0,0.0,0.0,0.0,0.0
27193000000,3008,0,,0,0.1316276341676712,0.31530338525772095,-0.31233087182044983,1.0,0.0,0.0,0.0,0.0
27196000000,3009,0,,0,-0.10128088295459747,0.14013418555259705,-0.25768885016441345,1.0,0.0,0.0,0.0,0.0
27197000000,3010,0,,0,-0.35690486431121826,-0.3183753788471222,0.2680739760398865,1.0,0.0,0.0,0.0,0.0
27199000000,3011,0,,0,0.16508826613426208,0.24060584604740143,0.050582993775606155,1.0,0.0,0.0,0.0,0.0
27201000000,3012,0,,0,-0.2888485789299011,0.36175447702407837,0.3382425606250763,1.0,0.0,0.0,0.0,0.0
27203000000,3013,0,,0,-0.06551136821508408,0.043758511543273926,0.10805247724056244,1.0,0.0,0.0,0.0,0.0
27205000000,3014,0,,0,-0.2285117655992508,0.14586742222309113,-0.17703619599342346,1.0,0.0,0.0,0.0,0.0
27207000000,3015,0,,0,0.24429158866405487,-0.15720048546791077,0.1855403333902359,1.0,0.0,0.0,0.0,0.0
27209000000,3016,0,,0,0.20451925694942474,-0.14134207367897034,-0.37328076362609863,1.0,0.0,0.0,0.0,0.0
27212000000,3017,0,,0,-0.06540446728467941,0.2036672681570053,0.3620675504207611,1.0,0.0,0.0,0.0,0.0
27213000000,3018,0,,0,0.2806818187236786,0.37247470021247864,-0.34749460220336914,1.0,0.0,0.0,0.0,0.0
27216000000,3019,0,,0,0.22701488435268402,-0.17605136334896088,-0.27991020679473877,1.0,0.0,0.0,0.0,0.0
27217000000,3020,0,,0,0.3183636963367462,0.16053995490074158,0.35705918073654175,1.0,0.0,0.0,0.0,0.0
27219000000,3021,0,,0,0.22120118141174316,-0.32939809560775757,0.34710273146629333,1.0,0.0,0.0,0.0,0.0
27221000000,3022,0,,0,-0.37685099244117737,0.2784331738948822,0.10550078749656677,1.0,0.0,0.0,0.0,0.0
27223000000,3023,0,,0,-0.2352578490972519,0.15838658809661865,-0.3843727111816406,1.0,0.0,0.0,0.0,0.0
27225000000,3024,0,,0,0.023317577317357063,-0.27033692598342896,0.22187013924121857,1.0,0.0,0.0,0.0,0.0
27227000000,3025,0,,0,-0.22466127574443817,0.021256472915410995,-0.13488446176052094,1.0,0.0,0.0,0.0,0.0
27229000000,3026,0,,0,-0.22379633784294128,-0.08246003091335297,-0.22137843072414398,1.0,0.0,0.0,0.0,0.0
27231000000,3027,0,,0,0.10427246242761612,0.36959773302078247,-0.04691759869456291,1.0,0.0,0.0,0.0,0.0
27233000000,3028,0,,0,0.26918670535087585,-0.07800401747226715,0.1984887570142746,1.0,0.0,0.0,0.0,0.0
27235000000,3029,0,,0,-0.3194683790206909,0.20959030091762543,-0.2990458607673645,1.0,0.0,0.0,0.0,0.0
27237000000,3030,0,,0,0.1380591094493866,-0.17621663212776184,0.16515879333019257,1.0,0.0,0.0,0.0,0.0
27239000000,3031,0,,0,-0.15504024922847748,0.020781809464097023,-0.17288117110729218,1.0,0.0,0.0,0.0,0.0
27241000000,3032,0,,0,0.20171745121479034,0.0918009877204895,0.19430303573608398,1.0,0.0,0.0,0.0,0.0
27243000000,3033,0,,0,-0.009853193536400795,-0.3829742670059204,0.3920366168022156,1.0,0.0,0.0,0.0,0.0
27245000000,3034,0,,0,0.2061983197927475,0.38568398356437683,-0.3839322030544281,1.0,0.0,0.0,0.0,0.0
27247000000,3035,0,,0,0.09081614017486572,-0.3648284375667572,0.22121955454349518,1.0,0.0,0.0,0.0,0.0
27249000000,3036,0,,0,0.2598101496696472,0.2584516108036041,-0.03915734216570854,1.0,0.0,0.0,0.0,0.0
27251000000,3037,0,,0,0.2627076804637909,-0.13774846494197845,-0.1581960916519165,1.0,0.0,0.0,0.0,0.0
27253000000,3038,0,,0,-0.36195504665374756,0.151615709066391,-0.27546456456184387,1.0,0.0,0.0,0.0,0.0
27255000000,3039,0,,0,-0.21043232083320618,-0.2860397398471832,0.09488677233457565,1.0,0.0,0.0,0.0,0.0
27257000000,3040,0,,0,0.3096840977668762,0.2523476183414459,0.33314380049705505,1.0,0.0,0.0,0.0,0.0
27259000000,3041,0,,0,-0.059899356216192245,-0.2471970170736313,0.16673031449317932,1.0,0.0,0.0,0.0,0.0
27261000000,3042,0,,0,-0.1565118134021759,-0.17856243252754211,0.3456982970237732,1.0,0.0,0.0,0.0,0.0
27263000000,3043,0,,0,0.3638061583042145,0.044859565794467926,0.28834983706474304,1.0,0.0,0.0,0.0,0.0
27265000000,3044,0,,0,0.32881852984428406,-0.39100149273872375,0.23165670037269592,1.0,0.0,0.0,0.0,0.0
27267000000,3045,0,,0,0.18162591755390167,0.25688937306404114,-0.3813098073005676,1.0,0.0,0.0,0.0,0.0
27269000000,3046,0,,0,-0.07277785986661911,0.27582427859306335,-0.39933282136917114,1.0,0.0,0.0,0.0,0.0
27271000000,3047,0,,0,0.3718916177749634,-0.33864912390708923,0.08831009268760681,1.0,0.0,0.0,0.0,0.0
27273000000,3048,0,,0,-0.21507380902767181,-0.07132844626903534,0.28402313590049744,1.0,0.0,0.0,0.0,0.0
27275000000,3049,0,,0,-0.2051856517791748,-0.317170649766922,0.17689089477062225,1.0,0.0,0.0,0.0,0.0
27277000000,3050,0,,0,0.1245342344045639,-0.1112380102276802,0.15077783167362213,1.0,0.0,0.0,0.0,0.0
27279000000,3051,0,,0,-0.16677425801753998,-0.25189417600631714,-0.07091660052537918,1.0,0.0,0.0,0.0,0.0
27281000000,3052,0,,0,-0.3391016721725464,0.3814220726490021,0.37453460693359375,1.0,0.0,0.0,0.0,0.0
27283000000,3053,0,,0,0.34856003522872925,-0.3779813349246979,0.0855732187628746,1.0,0.0,0.0,0.0,0.0
27285000000,3054,0,,0,-0.06137671321630478,-0.1812608689069748,-0.35164719820022583,1.0,0.0,0.0,0.0,0.0
27287000000,3055,0,,0,0.10110743343830109,-0.1529056280851364,-0.09361191093921661,1.0,0.0,0.0,0.0,0.0
27289000000,3056,0,,0,-0.1044381856918335,0.3610539138317108,0.14940351247787476,1.0,0.0,0.0,0.0,0.0
27291000000,3057,0,,0,-0.07019688934087753,-0.10810432583093643,0.03293566033244133,1.0,0.0,0.0,0.0,0.0
27294000000,3058,0,,0,0.149378702044487,-0.0687132328748703,0.14133378863334656,1.0,0.0,0.0,0.0,0.0
27296000000,3059,0,,0,-0.22378233075141907,-0.3713468611240387,-0.15789063274860382,1.0,0.0,0.0,0.0,0.0
27297000000,3060,0,,0,-0.2889629304409027,-0.06900778412818909,0.22689034044742584,1.0,0.0,0.0,0.0,0.0
27299000000,3061,0,,0,0.08891943842172623,-0.04953963682055473,-0.31366854906082153,1.0,0.0,0.0,0.0,0.0
27301000000,3062,0,,0,0.23032574355602264,-0.03407912328839302,0.27688920497894287,1.0,0.0,0.0,0.0,0.0
27303000000,3063,0,,0,-0.158930703997612,-0.36570852994918823,0.12386664003133774,1.0,0.0,0.0,0.0,0.0
27305000000,3064,0,,0,0.33325937390327454,0.20880445837974548,0.021617058664560318,1.0,0.0,0.0,0.0,0.0
27307000000,3065,0,,0,0.35137197375297546,-0.28768423199653625,-0.33266523480415344,1.0,0.0,0.0,0.0,0.0
27309000000,3066,0,,0,0.08321395516395569,-0.2925911247730255,-0.11806128174066544,1.0,0.0,0.0,0.0,0.0
27311000000,3067,0,,0,0.1676248162984848,0.24607840180397034,0.1883302927017212,1.0,0.0,0.0,0.0,0.0
27313000000,3068,0,,0,0.07911966741085052,-0.16409853100776672,0.11643324792385101,1.0,0.0,0.0,0.0,0.0
27315000000,3069,0,,0,0.25406548380851746,-0.339513897895813,-0.0631934404373169,1.0,0.0,0.0,0.0,0.0
27317000000,3070,0,,0,-0.1289650797843933,-0.025201236829161644,-0.38973137736320496,1.0,0.0,0.0,0.0,0.0
27319000000,3071,0,,0,0.22386397421360016,-0.3340635895729065,0.3145562708377838,1.0,0.0,0.0,0.0,0.0
27321000000,3072,0,,0,-0.0705021470785141,0.1845015287399292,0.0682472437620163,1.0,0.0,0.0,0.0,0.0
27323000000,3073,0,,0,0.24632753431797028,-0.010521424002945423,0.17018280923366547,1.0,0.0,0.0,0.0,0.0
27325000000,3074,0,,0,-0.23759795725345612,0.07251262664794922,0.1824132651090622,1.0,0.0,0.0,0.0,0.0
27327000000,3075,0,,0,0.30645012855529785,0.35914376378059387,0.14346034824848175,1.0,0.0,0.0,0.0,0.0
27329000000,3076,0,,0,-0.01931590586900711,-0.1877399981021881,0.01103296224027872,1.0,0.0,0.0,0.0,0.0
27331000000,3077,0,,0,0.04526325315237045,-0.036774665117263794,0.3240552842617035,1.0,0.0,0.0,0.0,0.0
27333000000,3078,0,,0,0.1305151879787445,-0.2386743426322937,0.11541005223989487,1.0,0.0,0.0,0.0,0.0
27335000000,3079,0,,0,0.132968008518219,-0.16279804706573486,0.08362797647714615,1.0,0.0,0.0,0.0,0.0
27337000000,3080,0,,0,0.02213883027434349,-0.23491999506950378,0.02335858903825283,1.0,0.0,0.0,0.0,0.0
27339000000,3081,0,,0,-0.2592748701572418,-0.39238035678863525,-0.36091285943984985,1.0,0.0,0.0,0.0,0.0
27341000000,3082,0,,0,0.043214064091444016,0.06563540548086166,0.3961997330188751,1.0,0.0,0.0,0.0,0.0
27344000000,3083,0,,0,0.04180298000574112,-0.17872191965579987,-0.2535388171672821,1.0,0.0,0.0,0.0,0.0
27345000000,3084,0,,0,0.18202508985996246,-0.00404782360419631,0.1689978688955307,1.0,0.0,0.0,0.0,0.0
27348000000,3085,0,,0,-0.1255706399679184,-0.10329315066337585,-0.09859363734722137,1.0,0.0,0.0,0.0,0.0
27349000000,3086,0,,0,0.1112818717956543,0.13277766108512878,-0.3438747227191925,1.0,0.0,0.0,0.0,0.0
27351000000,3087,0,,0,-0.16729547083377838,0.0014457920333370566,-0.23704780638217926,1.0,0.0,0.0,0.0,0.0
27353000000,3088,0,,0,-0.17814017832279205,-0.08984321355819702,0.23260663449764252,1.0,0.0,0.0,0.0,0.0
27356000000,3089,0,,0,-0.0051587787456810474,0.3352367877960205,0.16932222247123718,1.0,0.0,0.0,0.0,0.0
27357000000,3090,0,,0,-0.3626546561717987,-0.15236370265483856,0.18008926510810852,1.0,0.0,0.0,0.0,0.0
27360000000,3091,0,,0,-0.2805149555206299,0.15385739505290985,-0.15436427295207977,1.0,0.0,0.0,0.0,0.0
27361000000,3092,0,,0,0.30938106775283813,-0.3696240782737732,0.023157384246587753,1.0,0.0,0.0,0.0,0.0
27364000000,3093,0,,0,-0.14478811621665955,-0.03115418553352356,-0.04951151832938194,1.0,0.0,0.0,0.0,0.0
27366000000,3094,0,,0,-0.27255046367645264,-0.3297050893306732,-0.2625241279602051,1.0,0.0,0.0,0.0,0.0
27367000000,3095,0,,0,0.3670231103897095,-0.16594450175762177,0.13271018862724304,1.0,0.0,0.0,0.0,0.0
27370000000,3096,0,,0,-0.2312096655368805,-0.10947470366954803,-0.10518255829811096,1.0,0.0,0.0,0.0,0.0
27372000000,3097,0,,0,-0.21289604902267456,-0.15592578053474426,0.10809990018606186,1.0,0.0,0.0,0.0,0.0
27374000000,3098,0,,0,0.0742051899433136,-0.17011608183383942,-0.3600596487522125,1.0,0.0,0.0,0.0,0.0
27375000000,3099,0,,0,0.3647348880767822,0.12526318430900574,0.05213683471083641,1.0,0.0,0.0,0.0,0.0
27377000000,3100,0,,0,0.34442588686943054,-0.07624725252389908,-0.3221921920776367,1.0,0.0,0.0,0.0,0.0
27379000000,3101,0,,0,-0.22139380872249603,0.06209850683808327,-0.33638307452201843,1.0,0.0,0.0,0.0,0.0
27382000000,3102,0,,0,-0.039751917123794556,-0.028124308213591576,-0.20110546052455902,1.0,0.0,0.0,0.0,0.0
27383000000,3103,0,,0,-0.2727380692958832,0.13410510122776031,-0.14691054821014404,1.0,0.0,0.0,0.0,0.0
27385000000,3104,0,,0,-0.024129273369908333,-0.05832521989941597,0.22902598977088928,1.0,0.0,0.0,0.0,0.0
27387000000,3105,0,,0,-0.06463981419801712,0.04656483605504036,-0.1800709217786789,1.0,0.0,0.0,0.0,0.0
27389000000,3106,0,,0,0.2732357382774353,-0.1891767978668213,-0.015791835263371468,1.0,0.0,0.0,0.0,0.0
27392000000,3107,0,,0,0.046311017125844955,-0.368756502866745,0.04097464680671692,1.0,0.0,0.0,0.0,0.0
27393000000,3108,0,,0,0.22345156967639923,-0.39023202657699585,0.20259827375411987,1.0,0.0,0.0,0.0,0.0
27395000000,3109,0,,0,-0.2696908712387085,0.2078632265329361,-0.04452110454440117,1.0,0.0,0.0,0.0,0.0
27398000000,3110,0,,0,-0.11616845428943634,-0.056897666305303574,-0.02757364697754383,1.0,0.0,0.0,0.0,0.0
27400000000,3111,0,,0,-0.3147038221359253,0.06759043782949448,-0.2774791717529297,1.0,0.0,0.0,0.0,0.0
27401000000,3112,0,,0,-0.07216664403676987,0.07272151112556458,-0.30648359656333923,1.0,0.0,0.0,0.0,0.0
27404000000,3113,0,,0,0.3707059621810913,-0.2232278287410736,0.3883936107158661,1.0,0.0,0.0,0.0,0.0
27406000000,3114,0,,0,-0.2434869408607483,-0.14036625623703003,-0.014634504914283752,1.0,0.0,0.0,0.0,0.0
27408000000,3115,0,,0,-0.1792871057987213,0.020280826836824417,-0.01503501646220684,1.0,0.0,0.0,0.0,0.0
27410000000,3116,0,,0,0.30936989188194275,-0.3794117569923401,-0.27621591091156006,1.0,0.0,0.0,0.0,0.0
27411000000,3117,0,,0,-0.07013288140296936,-0.33086904883384705,-0.2810665965080261,1.0,0.0,0.0,0.0,0.0
27414000000,3118,0,,0,0.03255986049771309,0.1587112694978714,0.09155938774347305,1.0,0.0,0.0,0.0,0.0
27415000000,3119,0,,0,0.0254505667835474,0.2824600338935852,-0.10479218512773514,1.0,0.0,0.0,0.0,0.0
27418000000,3120,0,,0,-0.12820962071418762,0.25062447786331177,0.3027326166629791,1.0,0.0,0.0,0.0,0.0
27419000000,3121,0,,0,0.04339979588985443,-0.12189701199531555,-0.2308567762374878,1.0,0.0,0.0,0.0,0.0
27421000000,3122,0,,0,0.31029877066612244,0.1493166983127594,0.17982162535190582,1.0,0.0,0.0,0.0,0.0
27423000000,3123,0,,0,0.19956403970718384,0.39911484718322754,-0.38603898882865906,1.0,0.0,0.0,0.0,0.0
27425000000,3124,0,,0,-0.002337792655453086,-0.16707229614257812,-0.08621295541524887,1.0,0.0,0.0,0.0,0.0
27427000000,3125,0,,0,0.06595421582460403,0.16271676123142242,-0.35192450881004333,1.0,0.0,0.0,0.0,0.0
27429000000,3126,0,,0,-0.1551346629858017,0.1487777978181839,0.3342420160770416,1.0,0.0,0.0,0.0,0.0
27431000000,3127,0,,0,-0.07973267138004303,-0.33407825231552124,-0.18229612708091736,1.0,0.0,0.0,0.0,0.0
27433000000,3128,0,,0,0.23988375067710876,-0.19013960659503937,0.2488640397787094,1.0,0.0,0.0,0.0,0.0
27435000000,3129,0,,0,0.11406738311052322,-0.19242289662361145,-0.23676066100597382,1.0,0.0,0.0,0.0,0.0
27437000000,3130,0,,0,-0.3889419138431549,-0.2780963182449341,0.015617350116372108,1.0,0.0,0.0,0.0,0.0
27439000000,3131,0,,0,0.3840715289115906,-0.05140233412384987,-0.28168556094169617,1.0,0.0,0.0,0.0,0.0
27441000000,3132,0,,0,0.24782823026180267,-0.26691070199012756,0.10405103117227554,1.0,0.0,0.0,0.0,0.0
27443000000,3133,0,,0,-0.1181969866156578,-0.16697868704795837,-0.32329416275024414,1.0,0.0,0.0,0.0,0.0
27445000000,3134,0,,0,0.30725085735321045,0.08973737806081772,-0.20571990311145782,1.0,0.0,0.0,0.0,0.0
27447000000,3135,0,,0,0.21636420488357544,-0.021841509267687798,0.3499048352241516,1.0,0.0,0.0,0.0,0.0
27449000000,3136,0,,0,0.33383941650390625,-0.1477861851453781,0.03177327290177345,1.0,0.0,0.0,0.0,0.0
27451000000,3137,0,,0,0.20100241899490356,0.12034951895475388,-0.2817800045013428,1.0,0.0,0.0,0.0,0.0
27453000000,3138,0,,0,0.2673411965370178,0.19148540496826172,0.23901882767677307,1.0,0.0,0.0,0.0,0.0
27455000000,3139,0,,0,-0.23882263898849487,-0.02108767069876194,-0.13304555416107178,1.0,0.0,0.0,0.0,0.0
27457000000,3140,0,,0,-0.26640835404396057,-0.04208013042807579,-0.3763812184333801,1.0,0.0,0.0,0.0,0.0
27459000000,3141,0,,0,0.37572988867759705,-0.2430541068315506,-0.27514946460723877,1.0,0.0,0.0,0.0,0.0
27461000000,3142,0,,0,-0.17675663530826569,0.11270724982023239,-0.09037315100431442,1.0,0.0,0.0,0.0,0.0
27463000000,3143,0,,0,-0.37213262915611267,0.2685999274253845,-0.156202495098114,1.0,0.0,0.0,0.0,0.0
27465000000,3144,0,,0,0.08162461221218109,-0.00030652564601041377,0.09049283713102341,1.0,0.0,0.0,0.0,0.0
27467000000,3145,0,,0,0.14963819086551666,-0.3214949667453766,0.13649044930934906,1.0,0.0,0.0,0.0,0.0
27469000000,3146,0,,0,0.2744429409503937,-0.062269311398267746,-0.007107181008905172,1.0,0.0,0.0,0.0,0.0
27471000000,3147,0,,0,0.044877324253320694,0.3957301378250122,-0.07751025259494781,1.0,0.0,0.0,0.0,0.0
27473000000,3148,0,,0,0.12893792986869812,-0.3803790807723999,-0.1535373330116272,1.0,0.0,0.0,0.0,0.0
27475000000,3149,0,,0,0.2170502245426178,-0.35470694303512573,-0.3740963637828827,1.0,0.0,0.0,0.0,0.0
27477000000,3150,0,,0,-0.10750322043895721,-0.22345072031021118,-0.23550200462341309,1.0,0.0,0.0,0.0,0.0
27479000000,3151,0,,0,0.3111429512500763,0.017199188470840454,0.08239670842885971,1.0,0.0,0.0,0.0,0.0
27481000000,3152,0,,0,0.3948381543159485,0.29648223519325256,-0.22837726771831512,1.0,0.0,0.0,0.0,0.0
27483000000,3153,0,,0,0.05061865970492363,-0.021507959812879562,-0.3339270055294037,1.0,0.0,0.0,0.0,0.0
27486000000,3154,0,,0,0.1584005504846573,0.27338558435440063,-0.13926918804645538,1.0,0.0,0.0,0.0,0.0
27488000000,3155,0,,0,0.33344805240631104,-0.1046842560172081,-0.09852616488933563,1.0,0.0,0.0,0.0,0.0
27490000000,3156,0,,0,-0.3324158787727356,-0.20196087658405304,-0.38214111328125,1.0,0.0,0.0,0.0,0.0
27491000000,3157,0,,0,-0.19071240723133087,-0.19979676604270935,0.12759067118167877,1.0,0.0,0.0,0.0,0.0
27494000000,3158,0,,0,0.05474811792373657,0.22960568964481354,0.10488761961460114,1.0,0.0,0.0,0.0,0.0
27496000000,3159,0,,0,-0.008918492123484612,0.33552002906799316,-0.16659288108348846,1.0,0.0,0.0,0.0,0.0
27497000000,3160,0,,0,-0.26443636417388916,-0.34391897916793823,-0.2896299362182617,1.0,0.0,0.0,0.0,0.0
27500000000,3161,0,,0,-0.04104379937052727,-0.16233177483081818,-0.2639448642730713,1.0,0.0,0.0,0.0,0.0
27502000000,3162,0,,0,-0.09035258740186691,0.012178626842796803,0.17537419497966766,1.0,0.0,0.0,0.0,0.0
27504000000,3163,0,,0,0.05753924697637558,0.13713718950748444,-0.22571486234664917,1.0,0.0,0.0,0.0,0.0
27506000000,3164,0,,0,0.14708343148231506,0.3233305811882019,0.25423192977905273,1.0,0.0,0.0,0.0,0.0
27507000000,3165,0,,0,0.09537070989608765,-0.06069045886397362,-0.11882162094116211,1.0,0.0,0.0,0.0,0.0
27509000000,3166,0,,0,0.25537025928497314,0.25325027108192444,0.024596532806754112,1.0,0.0,0.0,0.0,0.0
27511000000,3167,0,,0,0.3527723252773285,-0.11692061275243759,0.36378994584083557,1.0,0.0,0.0,0.0,0.0
27513000000,3168,0,,0,-0.2076629102230072,0.3006560206413269,0.2776429355144501,1.0,0.0,0.0,0.0,0.0
27516000000,3169,0,,0,-0.09670114517211914,-0.049264390021562576,0.14769063889980316,1.0,0.0,0.0,0.0,0.0
27517000000,3170,0,,0,0.001456678262911737,0.13093440234661102,-0.13248519599437714,1.0,0.0,0.0,0.0,0.0
27519000000,3171,0,,0,0.0041106510907411575,0.258818656206131,0.381885290145874,1.0,0.0,0.0,0.0,0.0
27521000000,3172,0,,0,0.33560559153556824,-0.3847079873085022,0.23704427480697632,1.0,0.0,0.0,0.0,0.0
27523000000,3173,0,,0,-0.2990931272506714,0.2461298257112503,-0.08567357808351517,1.0,0.0,0.0,0.0,0.0
27526000000,3174,0,,0,0.07542327791452408,-0.2401183545589447,-0.14224417507648468,1.0,0.0,0.0,0.0,0.0
27528000000,3175,0,,0,0.3536972403526306,0.38380324840545654,-0.38780754804611206,1.0,0.0,0.0,0.0,0.0
27530000000,3176,0,,0,-0.09946983307600021,-0.3898075819015503,0.3982442021369934,1.0,0.0,0.0,0.0,0.0
27531000000,3177,0,,0,-0.2724152207374573,-0.26875826716423035,-0.3455895185470581,1.0,0.0,0.0,0.0,0.0
27533000000,3178,0,,0,-0.2102125734090805,-0.14760543406009674,-0.21844176948070526,1.0,0.0,0.0,0.0,0.0
27536000000,3179,0,,0,0.35625699162483215,-0.3798014521598816,-0.12252884358167648,1.0,0.0,0.0,0.0,0.0
27537000000,3180,0,,0,0.3413580060005188,-0.12158256769180298,-0.18127575516700745,1.0,0.0,0.0,0.0,0.0
27540000000,3181,0,,0,0.06528519093990326,-0.24304625391960144,-0.2766575217247009,1.0,0.0,0.0,0.0,0.0
27541000000,3182,0,,0,0.34325695037841797,0.28432127833366394,-0.3340100944042206,1.0,0.0,0.0,0.0,0.0
27544000000,3183,0,,0,-0.31523409485816956,0.15387941896915436,-0.24984736740589142,1.0,0.0,0.0,0.0,0.0
27546000000,3184,0,,0,-0.36493828892707825,0.23414592444896698,-0.26139363646507263,1.0,0.0,0.0,0.0,0.0
27547000000,3185,0,,0,-0.3423675000667572,-0.218553364276886,-0.22091934084892273,1.0,0.0,0.0,0.0,0.0
27549000000,3186,0,,0,-0.360806405544281,0.2754066586494446,-0.19079791009426117,1.0,0.0,0.0,0.0,0.0
27551000000,3187,0,,0,0.2927319407463074,0.3122125267982483,0.36507493257522583,1.0,0.0,0.0,0.0,0.0
27553000000,3188,0,,0,-0.24111557006835938,0.12500257790088654,0.2531496584415436,1.0,0.0,0.0,0.0,0.0
27555000000,3189,0,,0,0.386266827583313,-0.25291183590888977,-0.3267812728881836,1.0,0.0,0.0,0.0,0.0
27557000000,3190,0,,0,0.12752723693847656,0.34618449211120605,0.23370972275733948,1.0,0.0,0.0,0.0,0.0
27559000000,3191,0,,0,0.05183733254671097,-0.10759302973747253,-0.09812571853399277,1.0,0.0,0.0,0.0,0.0
27561000000,3192,0,,0,-0.21481774747371674,-0.07183416187763214,-0.09766748547554016,1.0,0.0,0.0,0.0,0.0
27563000000,3193,0,,0,0.11773946136236191,-0.07903417944908142,0.06828207522630692,1.0,0.0,0.0,0.0,0.0
27565000000,3194,0,,0,-0.34438464045524597,0.11145775765180588,-0.307175874710083,1.0,0.0,0.0,0.0,0.0
27567000000,3195,0,,0,-0.3239457905292511,0.2635766565799713,0.3968208134174347,1.0,0.0,0.0,0.0,0.0
27569000000,3196,0,,0,0.06679026782512665,0.37302932143211365,-0.2809341549873352,1.0,0.0,0.0,0.0,0.0
27571000000,3197,0,,0,-0.3737533390522003,-0.21995946764945984,-0.027660079300403595,1.0,0.0,0.0,0.0,0.0
27573000000,3198,0,,0,0.058940961956977844,-0.3939746916294098,0.23644469678401947,1.0,0.0,0.0,0.0,0.0
27575000000,3199,0,,0,-0.28560870885849,-0.18343742191791534,-0.2868505120277405,1.0,0.0,0.0,0.0,0.0
27577000000,3200,0,,0,0.28841474652290344,-0.13237431645393372,-0.272790789604187,1.0,0.0,0.0,0.0,0.0
27580000000,3201,0,,0,0.2655986547470093,-0.3073357045650482,0.235273078083992,1.0,0.0,0.0,0.0,0.0
27581000000,3202,0,,0,0.2536258101463318,-0.13119138777256012,0.02122335694730282,1.0,0.0,0.0,0.0,0.0
27583000000,3203,0,,0,0.008313127793371677,-0.3273264765739441,0.09659846127033234,1.0,0.0,0.0,0.0,0.0
27585000000,3204,0,,0,0.026312444359064102,0.3911387026309967,0.10263244807720184,1.0,0.0,0.0,0.0,0.0
27587000000,3205,0,,0,0.01338172610849142,-0.31244656443595886,0.10674595087766647,1.0,0.0,0.0,0.0,0.0
27589000000,3206,0,,0,0.3085813522338867,0.33959317207336426,-0.2940208613872528,1.0,0.0,0.0,0.0,0.0
27591000000,3207,0,,0,0.10953749716281891,-0.24247482419013977,-0.061237070709466934,1.0,0.0,0.0,0.0,0.0
27593000000,3208,0,,0,0.3697916865348816,0.2202489972114563,-0.3339146077632904,1.0,0.0,0.0,0.0,0.0
27595000000,3209,0,,0,-0.0037681262474507093,0.14357280731201172,0.14896714687347412,1.0,0.0,0.0,0.0,0.0
27597000000,3210,0,,0,0.15288199484348297,0.2715214490890503,0.033182576298713684,1.0,0.0,0.0,0.0,0.0
27599000000,3211,0,,0,0.12373494356870651,0.13488875329494476,-0.04322497919201851,1.0,0.0,0.0,0.0,0.0
27601000000,3212,0,,0,0.15649738907814026,-0.0391414649784565,-0.049433331936597824,1.0,0.0,0.0,0.0,0.0
27603000000,3213,0,,0,-0.3728466033935547,0.11586432158946991,-0.0031375724356621504,1.0,0.0,0.0,0.0,0.0
27605000000,3214,0,,0,0.30553242564201355,0.36957502365112305,-0.04035884886980057,1.0,0.0,0.0,0.0,0.0
27607000000,3215,0,,0,-0.10305216908454895,0.2949012815952301,-0.24502623081207275,1.0,0.0,0.0,0.0,0.0
27609000000,3216,0,,0,0.20537209510803223,-0.031061938032507896,0.2901470959186554,1.0,0.0,0.0,0.0,0.0
27611000000,3217,0,,0,0.1528482586145401,0.17718151211738586,0.0034563401713967323,1.0,0.0,0.0,0.0,0.0
27613000000,3218,0,,0,0.17592859268188477,0.09819289296865463,0.23905107378959656,1.0,0.0,0.0,0.0,0.0
27615000000,3219,0,,0,0.22500593960285187,-0.20497733354568481,-0.08299636840820312,1.0,0.0,0.0,0.0,0.0
27618000000,3220,0,,0,0.36142224073410034,-0.3736552894115448,-0.1331459879875183,1.0,0.0,0.0,0.0,0.0
27619000000,3221,0,,0,0.07118833810091019,-0.1939869076013565,0.030347619205713272,1.0,0.0,0.0,0.0,0.0
27622000000,3222,0,,0,0.3306003212928772,-0.07767243683338165,0.012669111602008343,1.0,0.0,0.0,0.0,0.0
27623000000,3223,0,,0,-0.3230184018611908,0.18893977999687195,-0.14426369965076447,1.0,0.0,0.0,0.0,0.0
27625000000,3224,0,,0,-0.18669961392879486,0.3095238506793976,0.00632766867056489,1.0,0.0,0.0,0.0,0.0
27627000000,3225,0,,0,0.2016083002090454,0.1816052347421646,-0.15592855215072632,1.0,0.0,0.0,0.0,0.0
27630000000,3226,0,,0,-0.31786805391311646,0.2683746814727783,-0.06624802947044373,1.0,0.0,0.0,0.0,0.0
27631000000,3227,0,,0,-0.018937520682811737,-0.31210073828697205,0.30999934673309326,1.0,0.0,0.0,0.0,0.0
27633000000,3228,0,,0,-0.3077159821987152,0.2607838809490204,0.01906864158809185,1.0,0.0,0.0,0.0,0.0
27635000000,3229,0,,0,-0.23772335052490234,0.016671044752001762,0.0825830027461052,1.0,0.0,0.0,0.0,0.0
27637000000,3230,0,,0,0.06631319969892502,0.36783143877983093,-0.09454220533370972,1.0,0.0,0.0,0.0,0.0
27639000000,3231,0,,0,0.21253232657909393,0.3560919165611267,-0.1738935261964798,1.0,0.0,0.0,0.0,0.0
27641000000,3232,0,,0,0.039857279509305954,-0.39776602387428284,-0.29169756174087524,1.0,0.0,0.0,0.0,0.0
27643000000,3233,0,,0,-0.12777775526046753,-0.35330790281295776,0.13209685683250427,1.0,0.0,0.0,0.0,0.0
27645000000,3234,0,,0,-0.10068533569574356,0.18783292174339294,-0.01460609957575798,1.0,0.0,0.0,0.0,0.0
27647000000,3235,0,,0,-0.21207696199417114,-0.04861735925078392,0.3171726167201996,1.0,0.0,0.0,0.0,0.0
27650000000,3236,0,,0,-0.04951067268848419,0.32535022497177124,0.3749583959579468,1.0,0.0,0.0,0.0,0.0
27652000000,3237,0,,0,0.3255191147327423,-0.03863538056612015,-0.3804047703742981,1.0,0.0,0.0,0.0,0.0
27653000000,3238,0,,0,0.07305870205163956,0.07660035043954849,-0.065259650349617,1.0,0.0,0.0,0.0,0.0
27656000000,3239,0,,0,-0.07710897922515869,0.1680714339017868,-0.23574510216712952,1.0,0.0,0.0,0.0,0.0
27658000000,3240,0,,0,0.11170339584350586,-0.07637816667556763,0.2792806029319763,1.0,0.0,0.0,0.0,0.0
27660000000,3241,0,,0,-0.37281161546707153,0.14935526251792908,0.14586250483989716,1.0,0.0,0.0,0.0,0.0
27662000000,3242,0,,0,0.382965624332428,-0.05500177666544914,0.0169246643781662,1.0,0.0,0.0,0.0,0.0
27663000000,3243,0,,0,0.3691610097885132,0.21726256608963013,0.05779729783535004,1.0,0.0,0.0,0.0,0.0
27665000000,3244,0,,0,-0.18641948699951172,0.3266759514808655,0.2747053802013397,1.0,0.0,0.0,0.0,0.0
27668000000,3245,0,,0,0.24422672390937805,-0.08635235577821732,-0.26827943325042725,1.0,0.0,0.0,0.0,0.0
27670000000,3246,0,,0,0.3726671040058136,-0.2180032730102539,0.23311080038547516,1.0,0.0,0.0,0.0,0.0
27672000000,3247,0,,0,-0.35448724031448364,-0.14055870473384857,-0.20800204575061798,1.0,0.0,0.0,0.0,0.0
27673000000,3248,0,,0,0.10978542268276215,-0.14699377119541168,-0.38531965017318726,1.0,0.0,0.0,0.0,0.0
27675000000,3249,0,,0,-0.12050193548202515,-0.3192701041698456,0.15099291503429413,1.0,0.0,0.0,0.0,0.0
27677000000,3250,0,,0,-0.11680487543344498,-0.0019839629530906677,-0.22176848351955414,1.0,0.0,0.0,0.0,0.0
27680000000,3251,0,,0,-0.24477051198482513,-0.17693622410297394,0.1603599339723587,1.0,0.0,0.0,0.0,0.0
27682000000,3252,0,,0,0.08653580397367477,-0.3316158354282379,-0.21474245190620422,1.0,0.0,0.0,0.0,0.0
27683000000,3253,0,,0,0.02716638892889023,-0.09099630266427994,-0.03846874460577965,1.0,0.0,0.0,0.0,0.0
27686000000,3254,0,,0,-0.3846829831600189,-0.09019974619150162,0.29545918107032776,1.0,0.0,0.0,0.0,0.0
27687000000,3255,0,,0,0.08009250462055206,-0.03363728150725365,0.3183201551437378,1.0,0.0,0.0,0.0,0.0
27690000000,3256,0,,0,-0.3429774045944214,-0.06638238579034805,0.11119988560676575,1.0,0.0,0.0,0.0,0.0
27692000000,3257,0,,0,-0.009366625919938087,-0.1785152554512024,-0.3423450291156769,1.0,0.0,0.0,0.0,0.0
27694000000,3258,0,,0,-0.060175202786922455,-0.2535237669944763,0.08639528602361679,1.0,0.0,0.0,0.0,0.0
27696000000,3259,0,,0,-0.19637717306613922,-0.37908726930618286,-0.1359284222126007,1.0,0.0,0.0,0.0,0.0
27698000000,3260,0,,0,0.034599799662828445,-0.38530126214027405,-0.300807386636734,1.0,0.0,0.0,0.0,0.0
27700000000,3261,0,,0,0.18696339428424835,0.3022210896015167,-0.10626872628927231,1.0,0.0,0.0,0.0,0.0
27702000000,3262,0,,0,0.10702867060899734,0.1104544922709465,0.08000954985618591,1.0,0.0,0.0,0.0,0.0
27703000000,3263,0,,0,-0.07073800265789032,0.2932577431201935,-0.3895554840564728,1.0,0.0,0.0,0.0,0.0
27706000000,3264,0,,0,0.3272038996219635,-0.2584995925426483,0.0927048996090889,1.0,0.0,0.0,0.0,0.0
27708000000,3265,0,,0,0.010617954656481743,0.30056121945381165,0.05560334771871567,1.0,0.0,0.0,0.0,0.0
27710000000,3266,0,,0,-0.15832197666168213,-0.12960270047187805,-0.1063741073012352,1.0,0.0,0.0,0.0,0.0
27712000000,3267,0,,0,-0.39130863547325134,-0.3434329032897949,-0.33117204904556274,1.0,0.0,0.0,0.0,0.0
27714000000,3268,0,,0,-0.08864760398864746,-0.20075424015522003,-0.0016472459537908435,1.0,0.0,0.0,0.0,0.0
27716000000,3269,0,,0,0.1935771405696869,-0.25975823402404785,-0.31736984848976135,1.0,0.0,0.0,0.0,0.0
27718000000,3270,0,,0,0.3816625773906708,0.2067105770111084,-0.2806966006755829,1.0,0.0,0.0,0.0,0.0
27719000000,3271,0,,0,0.10066822171211243,-0.11198491603136063,0.29680269956588745,1.0,0.0,0.0,0.0,0.0
27721000000,3272,0,,0,-0.20973026752471924,-0.28143832087516785,-0.09442582726478577,1.0,0.0,0.0,0.0,0.0
27723000000,3273,0,,0,0.04150939732789993,-0.1587030589580536,0.1418711245059967,1.0,0.0,0.0,0.0,0.0
27725000000,3274,0,,0,0.04660458117723465,-0.2469007670879364,-0.35637494921684265,1.0,0.0,0.0,0.0,0.0
27727000000,3275,0,,0,-0.14018677175045013,-0.3869875967502594,0.03911960870027542,1.0,0.0,0.0,0.0,0.0
27729000000,3276,0,,0,0.3019815981388092,0.3069641888141632,-0.30965375900268555,1.0,0.0,0.0,0.0,0.0
27731000000,3277,0,,0,-0.23530186712741852,-0.19244471192359924,-0.3673352301120758,1.0,0.0,0.0,0.0,0.0
27734000000,3278,0,,0,-0.10886359214782715,-0.24837101995944977,-0.07111500948667526,1.0,0.0,0.0,0.0,0.0
27735000000,3279,0,,0,-0.07926201075315475,-0.060199297964572906,-0.2661866843700409,1.0,0.0,0.0,0.0,0.0
27738000000,3280,0,,0,0.25326040387153625,-0.08219722658395767,0.1068008691072464,1.0,0.0,0.0,0.0,0.0
27739000000,3281,0,,0,0.016540993005037308,0.19219577312469482,-0.3480420410633087,1.0,0.0,0.0,0.0,0.0
27741000000,3282,0,,0,0.3515129089355469,-0.14650483429431915,0.3042946457862854,1.0,0.0,0.0,0.0,0.0
27743000000,3283,0,,0,0.05764560028910637,0.37114009261131287,-0.3788876533508301,1.0,0.0,0.0,0.0,0.0
27746000000,3284,0,,0,-0.3518773317337036,-0.09489671140909195,0.13371631503105164,1.0,0.0,0.0,0.0,0.0
27748000000,3285,0,,0,-0.23877239227294922,0.2649698257446289,0.33325356245040894,1.0,0.0,0.0,0.0,0.0
27750000000,3286,0,,0,0.05418335646390915,0.35108697414398193,0.1327570378780365,1.0,0.0,0.0,0.0,0.0
27752000000,3287,0,,0,0.2002524435520172,-0.32756391167640686,0.06550870090723038,1.0,0.0,0.0,0.0,0.0
27753000000,3288,0,,0,0.07762346416711807,-0.2881215512752533,-0.16035810112953186,1.0,0.0,0.0,0.0,0.0
27756000000,3289,0,,0,-0.16077405214309692,0.34479156136512756,-0.281963586807251,1.0,0.0,0.0,0.0,0.0
27758000000,3290,0,,0,-0.35824456810951233,0.2672822177410126,0.15350647270679474,1.0,0.0,0.0,0.0,0.0
27759000000,3291,0,,0,-0.043728914111852646,-0.15907958149909973,-0.37314215302467346,1.0,0.0,0.0,0.0,0.0
27761000000,3292,0,,0,-0.24974673986434937,0.14427946507930756,0.06569653004407883,1.0,0.0,0.0,0.0,0.0
27763000000,3293,0,,0,-0.3504086434841156,-0.26609164476394653,0.04176085814833641,1.0,0.0,0.0,0.0,0.0
27765000000,3294,0,,0,-0.16725140810012817,0.16608482599258423,-0.11588019877672195,1.0,0.0,0.0,0.0,0.0
27767000000,3295,0,,0,-0.34769442677497864,0.16094724833965302,-0.24133430421352386,1.0,0.0,0.0,0.0,0.0
27769000000,3296,0,,0,-0.30474674701690674,0.1513441950082779,0.07175271958112717,1.0,0.0,0.0,0.0,0.0
27771000000,3297,0,,0,-0.17739570140838623,0.2616939842700958,0.04731478542089462,1.0,0.0,0.0,0.0,0.0
27773000000,3298,0,,0,0.1976434886455536,0.3698451817035675,0.07651925086975098,1.0,0.0,0.0,0.0,0.0
27775000000,3299,0,,0,-0.3699159324169159,-0.19454118609428406,0.22627119719982147,1.0,0.0,0.0,0.0,0.0
27777000000,3300,0,,0,0.0795285701751709,-0.24946078658103943,0.2013290524482727,1.0,0.0,0.0,0.0,0.0
27779000000,3301,0,,0,-0.018321434035897255,-0.025456320494413376,0.33587634563446045,1.0,0.0,0.0,0.0,0.0
27781000000,3302,0,,0,0.2810877859592438,0.24647359549999237,0.3477192223072052,1.0,0.0,0.0,0.0,0.0
27783000000,3303,0,,0,-0.018690675497055054,-0.0028175984043627977,0.251209020614624,1.0,0.0,0.0,0.0,0.0
27785000000,3304,0,,0,0.13714633882045746,-0.10337258130311966,0.39509761333465576,1.0,0.0,0.0,0.0,0.0
27787000000,3305,0,,0,-0.028971510007977486,0.14021408557891846,-0.0565444678068161,1.0,0.0,0.0,0.0,0.0
27789000000,3306,0,,0,0.017386101186275482,-0.38179704546928406,0.1332511156797409,1.0,0.0,0.0,0.0,0.0
27791000000,3307,0,,0,0.22006528079509735,0.25595489144325256,-0.30548810958862305,1.0,0.0,0.0,0.0,0.0
27793000000,3308,0,,0,0.16062162816524506,0.09914068877696991,0.2594161033630371,1.0,0.0,0.0,0.0,0.0
27795000000,3309,0,,0,0.29046630859375,-0.05999250337481499,0.16608019173145294,1.0,0.0,0.0,0.0,0.0
27797000000,3310,0,,0,0.2685681879520416,0.055856771767139435,0.2885749936103821,1.0,0.0,0.0,0.0,0.0
27799000000,3311,0,,0,-0.20781652629375458,0.2546767294406891,-0.17739175260066986,1.0,0.0,0.0,0.0,0.0
27801000000,3312,0,,0,-0.3275160789489746,-0.3273678719997406,0.16064664721488953,1.0,0.0,0.0,0.0,0.0
27803000000,3313,0,,0,-0.2452329695224762,-0.09397497773170471,0.29443320631980896,1.0,0.0,0.0,0.0,0.0
27805000000,3314,0,,0,-0.36716875433921814,-0.33875879645347595,-0.2748367190361023,1.0,0.0,0.0,0.0,0.0
27807000000,3315,0,,0,0.3646166920661926,-0.17802794277668,0.1525537371635437,1.0,0.0,0.0,0.0,0.0
27809000000,3316,0,,0,-0.3831317126750946,-0.08475106209516525,0.39535319805145264,1.0,0.0,0.0,0.0,0.0
27811000000,3317,0,,0,-0.2965776026248932,0.07189870625734329,0.028974667191505432,1.0,0.0,0.0,0.0,0.0
27813000000,3318,0,,0,-0.19358335435390472,0.3564809560775757,0.2505633533000946,1.0,0.0,0.0,0.0,0.0
27815000000,3319,0,,0,0.1161859929561615,-0.14950470626354218,-0.2029007226228714,1.0,0.0,0.0,0.0,0.0
27817000000,3320,0,,0,0.16661392152309418,0.022026481106877327,0.37717047333717346,1.0,0.0,0.0,0.0,0.0
27819000000,3321,0,,0,-0.12531964480876923,-0.15996026992797852,-0.025882383808493614,1.0,0.0,0.0,0.0,0.0
27821000000,3322,0,,0,0.21843574941158295,0.22931785881519318,-0.3443571925163269,1.0,0.0,0.0,0.0,0.0
27823000000,3323,0,,0,-0.12112434208393097,-0.0014194825198501348,-0.1749444156885147,1.0,0.0,0.0,0.0,0.0
27825000000,3324,0,,0,0.14776644110679626,0.36328378319740295,0.13331863284111023,1.0,0.0,0.0,0.0,0.0
27827000000,3325,0,,0,-0.2618354260921478,-0.1980261355638504,0.11649160832166672,1.0,0.0,0.0,0.0,0.0
27829000000,3326,0,,0,0.2741047739982605,-0.3658718764781952,0.1272551268339157,1.0,0.0,0.0,0.0,0.0
27831000000,3327,0,,0,0.07687769830226898,0.11749127507209778,0.34636324644088745,1.0,0.0,0.0,0.0,0.0
27833000000,3328,0,,0,0.10757408291101456,-0.11933036893606186,0.1980128437280655,1.0,0.0,0.0,0.0,0.0
27835000000,3329,0,,0,0.1448233723640442,-0.04491715133190155,-0.1006118580698967,1.0,0.0,0.0,0.0,0.0
27837000000,3330,0,,0,-0.3427208960056305,-0.32468727231025696,0.08590064197778702,1.0,0.0,0.0,0.0,0.0
27839000000,3331,0,,0,-0.35017129778862,0.23061707615852356,-0.254332959651947,1.0,0.0,0.0,0.0,0.0
27841000000,3332,0,,0,-0.1900303214788437,-0.32913443446159363,0.018193453550338745,1.0,0.0,0.0,0.0,0.0
27843000000,3333,0,,0,-0.13334381580352783,-0.2037588208913803,-0.25784066319465637,1.0,0.0,0.0,0.0,0.0
27845000000,3334,0,,0,0.1958862543106079,0.1192457526922226,-0.021309005096554756,1.0,0.0,0.0,0.0,0.0
27847000000,3335,0,,0,0.256579726934433,0.2746492326259613,-0.10635367780923843,1.0,0.0,0.0,0.0,0.0
27849000000,3336,0,,0,0.0750223696231842,-0.20314407348632812,-0.025446679443120956,1.0,0.0,0.0,0.0,0.0
27851000000,3337,0,,0,0.1549750119447708,0.07865553349256516,-0.11942136287689209,1.0,0.0,0.0,0.0,0.0
27853000000,3338,0,,0,-0.37574684619903564,0.13234804570674896,-0.21474076807498932,1.0,0.0,0.0,0.0,0.0
27855000000,3339,0,,0,0.20929160714149475,-0.3753831386566162,0.21145401895046234,1.0,0.0,0.0,0.0,0.0
27857000000,3340,0,,0,0.09559307992458344,0.17048659920692444,0.2279520332813263,1.0,0.0,0.0,0.0,0.0
27859000000,3341,0,,0,-0.28780800104141235,0.04100622981786728,0.13802815973758698,1.0,0.0,0.0,0.0,0.0
27861000000,3342,0,,0,0.3924602270126343,0.18362681567668915,-0.1483657956123352,1.0,0.0,0.0,0.0,0.0
27863000000,3343,0,,0,0.1924130767583847,0.12514656782150269,0.13212023675441742,1.0,0.0,0.0,0.0,0.0
27865000000,3344,0,,0,-0.07020674645900726,-0.3201060891151428,-0.3107088804244995,1.0,0.0,0.0,0.0,0.0
27867000000,3345,0,,0,-0.3617675006389618,0.3041938841342926,0.05190016329288483,1.0,0.0,0.0,0.0,0.0
27869000000,3346,0,,0,0.23484964668750763,-0.2491568624973297,-0.2795723080635071,1.0,0.0,0.0,0.0,0.0
27871000000,3347,0,,0,0.35829585790634155,0.3071765601634979,-0.015706686303019524,1.0,0.0,0.0,0.0,0.0
27873000000,3348,0,,0,-0.16134458780288696,-0.2955807149410248,-0.34328004717826843,1.0,0.0,0.0,0.0,0.0
27875000000,3349,0,,0,-0.36743760108947754,0.3464561402797699,0.10422445833683014,1.0,0.0,0.0,0.0,0.0
27877000000,3350,0,,0,0.19399985671043396,0.35726398229599,0.35759133100509644,1.0,0.0,0.0,0.0,0.0
27879000000,3351,0,,0,0.08081264048814774,-0.2597202956676483,-0.1898059993982315,1.0,0.0,0.0,0.0,0.0
27882000000,3352,0,,0,0.153188094496727,0.03567514196038246,0.0012323721311986446,1.0,0.0,0.0,0.0,0.0
27883000000,3353,0,,0,-0.09489156305789948,-0.21230874955654144,-0.33050283789634705,1.0,0.0,0.0,0.0,0.0
27885000000,3354,0,,0,-0.3529835045337677,-0.28091534972190857,-0.36612528562545776,1.0,0.0,0.0,0.0,0.0
27887000000,3355,0,,0,0.22674088180065155,0.16152794659137726,-0.11169670522212982,1.0,0.0,0.0,0.0,0.0
27889000000,3356,0,,0,0.36589425802230835,0.11253229528665543,-0.1327168196439743,1.0,0.0,0.0,0.0,0.0
27891000000,3357,0,,0,-0.21515806019306183,-0.0008027311996556818,0.2025444358587265,1.0,0.0,0.0,0.0,0.0
27893000000,3358,0,,0,0.04100480675697327,-0.34161946177482605,0.16927401721477509,1.0,0.0,0.0,0.0,0.0
27895000000,3359,0,,0,-0.3389206826686859,0.2613924741744995,0.09759277105331421,1.0,0.0,0.0,0.0,0.0
27897000000,3360,0,,0,-0.3412323296070099,0.2734711766242981,0.09885559976100922,1.0,0.0,0.0,0.0,0.0
27899000000,3361,0,,0,0.019452959299087524,0.27780529856681824,-0.18108995258808136,1.0,0.0,0.0,0.0,0.0
27902000000,3362,0,,0,-0.21824528276920319,-0.36297881603240967,-0.142803356051445,1.0,0.0,0.0,0.0,0.0
27903000000,3363,0,,0,-0.2432800978422165,-0.1948675513267517,0.30093321204185486,1.0,0.0,0.0,0.0,0.0
27905000000,3364,0,,0,-0.25101006031036377,0.008494623005390167,-0.027889663353562355,1.0,0.0,0.0,0.0,0.0
27907000000,3365,0,,0,-0.3712693750858307,0.04506164416670799,-0.09292126446962357,1.0,0.0,0.0,0.0,0.0
27909000000,3366,0,,0,-0.05875001475214958,-0.3204733431339264,0.0018800206016749144,1.0,0.0,0.0,0.0,0.0
27911000000,3367,0,,0,-0.3313567638397217,0.2304101437330246,-0.2924351394176483,1.0,0.0,0.0,0.0,0.0
27913000000,3368,0,,0,-0.25179770588874817,-0.15114395320415497,-0.2993879020214081,1.0,0.0,0.0,0.0,0.0
27915000000,3369,0,,0,-0.1850714087486267,-0.20074674487113953,-0.13294270634651184,1.0,0.0,0.0,0.0,0.0
27917000000,3370,0,,0,-0.33302149176597595,0.2948773503303528,-0.1443330943584442,1.0,0.0,0.0,0.0,0.0
27919000000,3371,0,,0,-0.1119968444108963,0.3985450863838196,0.31640443205833435,1.0,0.0,0.0,0.0,0.0
27921000000,3372,0,,0,0.11161202937364578,-0.3783090114593506,-0.36708560585975647,1.0,0.0,0.0,0.0,0.0
27923000000,3373,0,,0,-0.3787827789783478,-0.02093953639268875,0.38315263390541077,1.0,0.0,0.0,0.0,0.0
27925000000,3374,0,,0,-0.25489476323127747,0.19014927744865417,-0.026429427787661552,1.0,0.0,0.0,0.0,0.0
27927000000,3375,0,,0,-0.33984965085983276,0.02086498588323593,-0.08870138972997665,1.0,0.0,0.0,0.0,0.0
27929000000,3376,0,,0,0.39222338795661926,-0.2098883092403412,-0.17731596529483795,1.0,0.0,0.0,0.0,0.0
27931000000,3377,0,,0,-0.3136868178844452,-0.1439308375120163,0.21486178040504456,1.0,0.0,0.0,0.0,0.0
27933000000,3378,0,,0,-0.09891411662101746,-0.23795807361602783,-0.22516906261444092,1.0,0.0,0.0,0.0,0.0
27935000000,3379,0,,0,0.14760255813598633,-0.2687112092971802,-0.24567236006259918,1.0,0.0,0.0,0.0,0.0
27937000000,3380,0,,0,0.13324464857578278,0.3076246380805969,0.24277722835540771,1.0,0.0,0.0,0.0,0.0
27939000000,3381,0,,0,-0.29174962639808655,0.255085825920105,-0.2859863042831421,1.0,0.0,0.0,0.0,0.0
27941000000,3382,0,,0,-0.10393273830413818,-0.27382364869117737,0.3111402094364166,1.0,0.0,0.0,0.0,0.0
27943000000,3383,0,,0,-0.1860392689704895,0.2975090444087982,-0.3655679523944855,1.0,0.0,0.0,0.0,0.0
27945000000,3384,0,,0,0.008752195164561272,0.013090315274894238,-0.22028271853923798,1.0,0.0,0.0,0.0,0.0
27947000000,3385,0,,0,-0.3936682343482971,-0.04514576494693756,-0.14680318534374237,1.0,0.0,0.0,0.0,0.0
27949000000,3386,0,,0,0.2053869217634201,0.31400248408317566,-0.26701000332832336,1.0,0.0,0.0,0.0,0.0
27951000000,3387,0,,0,0.2616416811943054,0.24891015887260437,0.08279826492071152,1.0,0.0,0.0,0.0,0.0
27953000000,3388,0,,0,-0.09531338512897491,0.3168918490409851,-0.3156662583351135,1.0,0.0,0.0,0.0,0.0
27955000000,3389,0,,0,-0.3167816400527954,0.0651237964630127,-0.33891111612319946,1.0,0.0,0.0,0.0,0.0
27957000000,3390,0,,0,-0.2865016758441925,-0.23211152851581573,-0.002760348841547966,1.0,0.0,0.0,0.0,0.0
27959000000,3391,0,,0,-0.33758455514907837,-0.21149390935897827,0.24948345124721527,1.0,0.0,0.0,0.0,0.0
27961000000,3392,0,,0,-0.37953248620033264,-0.2043905258178711,0.04536733031272888,1.0,0.0,0.0,0.0,0.0
27963000000,3393,0,,0,-0.2329249531030655,-0.23930178582668304,-0.21528193354606628,1.0,0.0,0.0,0.0,0.0
27965000000,3394,0,,0,0.22023876011371613,0.3999606966972351,0.12991385161876678,1.0,0.0,0.0,0.0,0.0
27967000000,3395,0,,0,0.17174282670021057,-0.07589471340179443,0.010219123214483261,1.0,0.0,0.0,0.0,0.0
27969000000,3396,0,,0,-0.06992127746343613,0.1917060911655426,-0.2109079211950302,1.0,0.0,0.0,0.0,0.0
27971000000,3397,0,,0,0.2766169011592865,0.31481337547302246,0.1414138674736023,1.0,0.0,0.0,0.0,0.0
27973000000,3398,0,,0,-0.09255938231945038,-0.3886480927467346,0.20681703090667725,1.0,0.0,0.0,0.0,0.0
27975000000,3399,0,,0,0.02744733728468418,-0.31611955165863037,-0.23268496990203857,1.0,0.0,0.0,0.0,0.0
27977000000,3400,0,,0,-0.26353371143341064,0.10005106776952744,0.15221647918224335,1.0,0.0,0.0,0.0,0.0
27979000000,3401,0,,0,-0.15648487210273743,-0.32836684584617615,0.2076747715473175,1.0,0.0,0.0,0.0,0.0
27981000000,3402,0,,0,-0.27967676520347595,-0.011346275918185711,-0.3656289279460907,1.0,0.0,0.0,0.0,0.0
27983000000,3403,0,,0,-0.01076542865484953,-0.1281336098909378,0.36143746972084045,1.0,0.0,0.0,0.0,0.0
27985000000,3404,0,,0,0.319856733083725,0.31159764528274536,-0.38747498393058777,1.0,0.0,0.0,0.0,0.0
27987000000,3405,0,,0,0.21280431747436523,0.10247277468442917,-0.11089422553777695,1.0,0.0,0.0,0.0,0.0
27989000000,3406,0,,0,-0.345683217048645,0.25821611285209656,-0.3031144440174103,1.0,0.0,0.0,0.0,0.0
27991000000,3407,0,,0,0.36509743332862854,0.1915116012096405,-0.11637517064809799,1.0,0.0,0.0,0.0,0.0
27993000000,3408,0,,0,0.18031376600265503,0.22728905081748962,0.18948017060756683,1.0,0.0,0.0,0.0,0.0
27995000000,3409,0,,0,0.029763612896203995,0.35239219665527344,0.3221539258956909,1.0,0.0,0.0,0.0,0.0
27997000000,3410,0,,0,-0.05285949632525444,0.06975123286247253,0.08840392529964447,1.0,0.0,0.0,0.0,0.0
27999000000,3411,0,,0,-0.3244052827358246,-0.37040993571281433,-0.20453082025051117,1.0,0.0,0.0,0.0,0.0
28001000000,3412,0,,0,-0.1961122751235962,0.19131630659103394,-0.023762451484799385,1.0,0.0,0.0,0.0,0.0
28004000000,3413,0,,0,0.12451035529375076,-0.09409844875335693,-0.047401063144207,1.0,0.0,0.0,0.0,0.0
28006000000,3414,0,,0,0.28646183013916016,0.389280766248703,0.385359525680542,1.0,0.0,0.0,0.0,0.0
28007000000,3415,0,,0,0.16705605387687683,-0.32447025179862976,-0.2577170431613922,1.0,0.0,0.0,0.0,0.0
28010000000,3416,0,,0,-0.21487067639827728,0.10899263620376587,0.36741188168525696,1.0,0.0,0.0,0.0,0.0
28012000000,3417,0,,0,0.3587980568408966,0.1831882745027542,-0.15264007449150085,1.0,0.0,0.0,0.0,0.0
28014000000,3418,0,,0,0.38492679595947266,-0.17760881781578064,-0.01976005919277668,1.0,0.0,0.0,0.0,0.0
28016000000,3419,0,,0,-0.06723447889089584,-0.09747684001922607,-0.3656836450099945,1.0,0.0,0.0,0.0,0.0
28018000000,3420,0,,0,-0.05419572815299034,0.020520607009530067,-0.19562028348445892,1.0,0.0,0.0,0.0,0.0
28019000000,3421,0,,0,0.31916067004203796,-0.20664696395397186,0.005245781969279051,1.0,0.0,0.0,0.0,0.0
28021000000,3422,0,,0,0.22501860558986664,0.08954684436321259,0.30720460414886475,1.0,0.0,0.0,0.0,0.0
28023000000,3423,0,,0,-0.2935872972011566,0.24822324514389038,0.08776962012052536,1.0,0.0,0.0,0.0,0.0
28025000000,3424,0,,0,0.009216172620654106,-0.19134736061096191,0.1853841096162796,1.0,0.0,0.0,0.0,0.0
28027000000,3425,0,,0,0.14144662022590637,0.2659241259098053,-0.2841031551361084,1.0,0.0,0.0,0.0,0.0
28029000000,3426,0,,0,-0.15580420196056366,0.3185238540172577,-0.04839685931801796,1.0,0.0,0.0,0.0,0.0
28031000000,3427,0,,0,0.14593538641929626,0.3376862406730652,0.28957292437553406,1.0,0.0,0.0,0.0,0.0
28034000000,3428,0,,0,0.29899343848228455,-0.37878817319869995,-0.1707940697669983,1.0,0.0,0.0,0.0,0.0
28035000000,3429,0,,0,-0.38882046937942505,-0.2957155704498291,0.374377578496933,1.0,0.0,0.0,0.0,0.0
28037000000,3430,0,,0,0.3626745045185089,0.30752384662628174,-0.1454116404056549,1.0,0.0,0.0,0.0,0.0
28039000000,3431,0,,0,-0.17117004096508026,-0.34188562631607056,0.18829217553138733,1.0,0.0,0.0,0.0,0.0
28041000000,3432,0,,0,0.2710777223110199,0.36850860714912415,0.17743010818958282,1.0,0.0,0.0,0.0,0.0
28044000000,3433,0,,0,-0.27968883514404297,0.2793242633342743,0.2303812950849533,1.0,0.0,0.0,0.0,0.0
28046000000,3434,0,,0,0.2114071100950241,0.3737800717353821,0.027493376284837723,1.0,0.0,0.0,0.0,0.0
28048000000,3435,0,,0,-0.006401383318006992,0.04778153449296951,0.10518074780702591,1.0,0.0,0.0,0.0,0.0
28050000000,3436,0,,0,0.3408570885658264,0.08144054561853409,0.033195629715919495,1.0,0.0,0.0,0.0,0.0
28052000000,3437,0,,0,0.02068777196109295,-0.03340344503521919,-0.3033592998981476,1.0,0.0,0.0,0.0,0.0
28053000000,3438,0,,0,-0.1989847719669342,0.21011237800121307,-0.39674556255340576,1.0,0.0,0.0,0.0,0.0
28056000000,3439,0,,0,0.32056641578674316,0.3715556859970093,0.2103940099477768,1.0,0.0,0.0,0.0,0.0
28057000000,3440,0,,0,0.3722066581249237,-0.25448912382125854,-0.22228863835334778,1.0,0.0,0.0,0.0,0.0
28060000000,3441,0,,0,0.03605592995882034,-0.16833533346652985,0.2129424512386322,1.0,0.0,0.0,0.0,0.0
28062000000,3442,0,,0,-0.207322895526886,-0.2173372507095337,-0.3752663731575012,1.0,0.0,0.0,0.0,0.0
28064000000,3443,0,,0,-0.18519553542137146,0.3611839711666107,-0.036700744181871414,1.0,0.0,0.0,0.0,0.0
28066000000,3444,0,,0,0.15006840229034424,0.26954883337020874,0.28800004720687866,1.0,0.0,0.0,0.0,0.0
28067000000,3445,0,,0,-0.09478526562452316,0.21205948293209076,-0.02803936041891575,1.0,0.0,0.0,0.0,0.0
28070000000,3446,0,,0,-0.04488537833094597,-0.06224311888217926,0.22195552289485931,1.0,0.0,0.0,0.0,0.0
28072000000,3447,0,,0,0.035096701234579086,0.13382171094417572,0.20057255029678345,1.0,0.0,0.0,0.0,0.0
28074000000,3448,0,,0,-0.3675847351551056,0.26467618346214294,-0.3683857023715973,1.0,0.0,0.0,0.0,0.0
28076000000,3449,0,,0,-0.28421351313591003,-0.18051236867904663,0.27346616983413696,1.0,0.0,0.0,0.0,0.0
28078000000,3450,0,,0,-0.1119702160358429,-0.025358162820339203,-0.2601667642593384,1.0,0.0,0.0,0.0,0.0
28080000000,3451,0,,0,-0.16884002089500427,0.013267111964523792,0.10379704087972641,1.0,0.0,0.0,0.0,0.0
28082000000,3452,0,,0,-0.38088107109069824,-0.140980526804924,-0.05674980580806732,1.0,0.0,0.0,0.0,0.0
28084000000,3453,0,,0,0.33227992057800293,-0.2392304688692093,-0.27472448348999023,1.0,0.0,0.0,0.0,0.0
28086000000,3454,0,,0,0.14240847527980804,-0.0879335030913353,-0.30173081159591675,1.0,0.0,0.0,0.0,0.0
28087000000,3455,0,,0,0.15723027288913727,-0.2266041338443756,-0.25009265542030334,1.0,0.0,0.0,0.0,0.0
28089000000,3456,0,,0,-0.1786569058895111,0.17881755530834198,0.2478758841753006,1.0,0.0,0.0,0.0,0.0
28091000000,3457,0,,0,0.32640019059181213,0.1562943458557129,-0.3739517331123352,1.0,0.0,0.0,0.0,0.0
28093000000,3458,0,,0,0.051579687744379044,0.00040498378803022206,-0.11022119224071503,1.0,0.0,0.0,0.0,0.0
28095000000,3459,0,,0,-0.08267150074243546,-0.17233239114284515,0.33537837862968445,1.0,0.0,0.0,0.0,0.0
28097000000,3460,0,,0,0.3733619749546051,-0.029203331097960472,0.0699840858578682,1.0,0.0,0.0,0.0,0.0
28099000000,3461,0,,0,0.22020189464092255,0.2060564160346985,0.3640620708465576,1.0,0.0,0.0,0.0,0.0
28101000000,3462,0,,0,-0.10126306116580963,0.16118381917476654,-0.09156729280948639,1.0,0.0,0.0,0.0,0.0
28103000000,3463,0,,0,-0.16490694880485535,0.09733150154352188,0.18804660439491272,1.0,0.0,0.0,0.0,0.0
28105000000,3464,0,,0,-0.21873392164707184,-0.198494091629982,-0.006648854352533817,1.0,0.0,0.0,0.0,0.0
28108000000,3465,0,,0,0.17812681198120117,0.3468295931816101,0.323207825422287,1.0,0.0,0.0,0.0,0.0
28109000000,3466,0,,0,-0.1582062542438507,-0.036670345813035965,0.2587958872318268,1.0,0.0,0.0,0.0,0.0
28112000000,3467,0,,0,0.052829235792160034,-0.3540964126586914,-0.35357803106307983,1.0,0.0,0.0,0.0,0.0
28113000000,3468,0,,0,-0.3394402861595154,0.05607306957244873,0.004054867662489414,1.0,0.0,0.0,0.0,0.0
28115000000,3469,0,,0,0.15294405817985535,-0.16142792999744415,0.3263888955116272,1.0,0.0,0.0,0.0,0.0
28117000000,3470,0,,0,0.011686545796692371,0.2176036834716797,-0.055489469319581985,1.0,0.0,0.0,0.0,0.0
28119000000,3471,0,,0,0.28948599100112915,0.18508927524089813,-0.08427146822214127,1.0,0.0,0.0,0.0,0.0
28121000000,3472,0,,0,-0.2584161162376404,-0.05684826523065567,0.18372632563114166,1.0,0.0,0.0,0.0,0.0
28123000000,3473,0,,0,-0.24985815584659576,0.1210370734333992,-0.26065367460250854,1.0,0.0,0.0,0.0,0.0
28125000000,3474,0,,0,0.15523914992809296,0.30003684759140015,0.3758578300476074,1.0,0.0,0.0,0.0,0.0
28127000000,3475,0,,0,-0.39725014567375183,-0.11484802514314651,0.1742473542690277,1.0,0.0,0.0,0.0,0.0
28129000000,3476,0,,0,0.1646871566772461,-0.06259512156248093,0.13309717178344727,1.0,0.0,0.0,0.0,0.0
28131000000,3477,0,,0,-0.1689695566892624,0.17909523844718933,0.3155904710292816,1.0,0.0,0.0,0.0,0.0
28133000000,3478,0,,0,-0.11142648756504059,0.20687653124332428,-0.18700377643108368,1.0,0.0,0.0,0.0,0.0
28135000000,3479,0,,0,0.04744228348135948,-0.11149166524410248,0.2566593289375305,1.0,0.0,0.0,0.0,0.0
28137000000,3480,0,,0,0.2780454754829407,-0.18989995121955872,-0.25418272614479065,1.0,0.0,0.0,0.0,0.0
28139000000,3481,0,,0,0.07524123787879944,-0.1223750039935112,0.03339998796582222,1.0,0.0,0.0,0.0,0.0
28141000000,3482,0,,0,0.03794423118233681,0.06154882162809372,0.29114624857902527,1.0,0.0,0.0,0.0,0.0
28143000000,3483,0,,0,-0.0035128577146679163,-0.3635143041610718,0.10101976990699768,1.0,0.0,0.0,0.0,0.0
28145000000,3484,0,,0,0.2724696695804596,-0.07329563051462173,-0.28780773282051086,1.0,0.0,0.0,0.0,0.0
28147000000,3485,0,,0,0.341709703207016,0.17091017961502075,0.33626455068588257,1.0,0.0,0.0,0.0,0.0
28149000000,3486,0,,0,-0.353254497051239,0.2983401119709015,-0.35852906107902527,1.0,0.0,0.0,0.0,0.0
28152000000,3487,0,,0,-0.20375342667102814,-0.01767304725944996,-0.1624918133020401,1.0,0.0,0.0,0.0,0.0
28154000000,3488,0,,0,0.029094194993376732,0.3543989062309265,0.22415712475776672,1.0,0.0,0.0,0.0,0.0
28156000000,3489,0,,0,-0.2116200029850006,0.05074916034936905,0.19680824875831604,1.0,0.0,0.0,0.0,0.0
28158000000,3490,0,,0,0.3028825521469116,-0.2518220841884613,-0.15141791105270386,1.0,0.0,0.0,0.0,0.0
28160000000,3491,0,,0,-0.15716488659381866,-0.10973899066448212,-0.30680444836616516,1.0,0.0,0.0,0.0,0.0
28162000000,3492,0,,0,-0.24023635685443878,0.04448496550321579,-0.3350651264190674,1.0,0.0,0.0,0.0,0.0
28164000000,3493,0,,0,0.12150940299034119,0.37644127011299133,-0.332471638917923,1.0,0.0,0.0,0.0,0.0
28166000000,3494,0,,0,0.33767345547676086,0.019172977656126022,-0.12910941243171692,1.0,0.0,0.0,0.0,0.0
28168000000,3495,0,,0,-0.38536617159843445,-0.3504675030708313,-0.11548856645822525,1.0,0.0,0.0,0.0,0.0
28169000000,3496,0,,0,0.3486669361591339,0.3999590575695038,-0.1435748040676117,1.0,0.0,0.0,0.0,0.0
28171000000,3497,0,,0,0.19432470202445984,-0.21243350207805634,-0.029434140771627426,1.0,0.0,0.0,0.0,0.0
28174000000,3498,0,,0,-0.22444595396518707,0.24384349584579468,0.3927686810493469,1.0,0.0,0.0,0.0,0.0
28176000000,3499,0,,0,-0.09625820070505142,0.24715080857276917,-0.02690267004072666,1.0,0.0,0.0,0.0,0.0
28178000000,3500,0,,0,0.3269672095775604,0.3960646390914917,-0.3077879846096039,1.0,0.0,0.0,0.0,0.0
28180000000,3501,0,,0,0.011467551812529564,0.25534558296203613,0.12671034038066864,1.0,0.0,0.0,0.0,0.0
28182000000,3502,0,,0,-0.19031186401844025,0.12847861647605896,-0.009153831750154495,1.0,0.0,0.0,0.0,0.0
28184000000,3503,0,,0,0.012996042147278786,0.392903208732605,0.13844962418079376,1.0,0.0,0.0,0.0,0.0
28186000000,3504,0,,0,-0.1178017109632492,-0.32238179445266724,-0.25539058446884155,1.0,0.0,0.0,0.0,0.0
28188000000,3505,0,,0,-0.13025708496570587,-0.11844880133867264,0.04775313287973404,1.0,0.0,0.0,0.0,0.0
28190000000,3506,0,,0,-0.18283644318580627,-0.2259536236524582,-0.26220014691352844,1.0,0.0,0.0,0.0,0.0
28192000000,3507,0,,0,-0.058896929025650024,-0.3651813864707947,0.10071457177400589,1.0,0.0,0.0,0.0,0.0
28194000000,3508,0,,0,-0.008177838288247585,0.053032927215099335,0.1618812382221222,1.0,0.0,0.0,0.0,0.0
28196000000,3509,0,,0,0.3572210669517517,0.27896595001220703,0.2133033275604248,1.0,0.0,0.0,0.0,0.0
28197000000,3510,0,,0,0.014768006280064583,-0.34488603472709656,0.18440255522727966,1.0,0.0,0.0,0.0,0.0
28200000000,3511,0,,0,-0.10799002647399902,0.26190751791000366,0.09312248975038528,1.0,0.0,0.0,0.0,0.0
28202000000,3512,0,,0,-0.1836320459842682,-0.24381397664546967,0.23303285241127014,1.0,0.0,0.0,0.0,0.0
28203000000,3513,0,,0,0.055376164615154266,-0.2350284606218338,-0.1662970334291458,1.0,0.0,0.0,0.0,0.0
28205000000,3514,0,,0,0.22014129161834717,0.0550580658018589,-0.36402830481529236,1.0,0.0,0.0,0.0,0.0
28207000000,3515,0,,0,-0.007173416204750538,0.07856719940900803,0.319984495639801,1.0,0.0,0.0,0.0,0.0
28209000000,3516,0,,0,-0.31380945444107056,-0.11574353277683258,-0.3990028500556946,1.0,0.0,0.0,0.0,0.0
28211000000,3517,0,,0,-0.31958121061325073,-0.17516085505485535,-0.1726379096508026,1.0,0.0,0.0,0.0,0.0
28213000000,3518,0,,0,0.015334689989686012,0.23811055719852448,-0.07685063779354095,1.0,0.0,0.0,0.0,0.0
28215000000,3519,0,,0,0.22591780126094818,0.1319223791360855,0.3047563433647156,1.0,0.0,0.0,0.0,0.0
28217000000,3520,0,,0,-0.04942304641008377,-0.22316484153270721,-0.0686233788728714,1.0,0.0,0.0,0.0,0.0
28219000000,3521,0,,0,0.14763878285884857,-0.1582830399274826,0.2653163969516754,1.0,0.0,0.0,0.0,0.0
28221000000,3522,0,,0,-0.3381446897983551,-0.15458711981773376,-0.028287580236792564,1.0,0.0,0.0,0.0,0.0
28223000000,3523,0,,0,-0.2908666133880615,0.13173389434814453,0.35899651050567627,1.0,0.0,0.0,0.0,0.0
28225000000,3524,0,,0,0.23191982507705688,0.29393842816352844,-0.3197702169418335,1.0,0.0,0.0,0.0,0.0
28227000000,3525,0,,0,0.2857349216938019,0.29594895243644714,0.02066235989332199,1.0,0.0,0.0,0.0,0.0
28230000000,3526,0,,0,-0.0062190452590584755,-0.2098543643951416,-0.1600547879934311,1.0,0.0,0.0,0.0,0.0
28232000000,3527,0,,0,0.14813171327114105,0.01330605335533619,0.2955113649368286,1.0,0.0,0.0,0.0,0.0
28234000000,3528,0,,0,0.2784426212310791,0.26522666215896606,0.12163083255290985,1.0,0.0,0.0,0.0,0.0
28236000000,3529,0,,0,0.2749280035495758,-0.005032734014093876,-0.36066934466362,1.0,0.0,0.0,0.0,0.0
28238000000,3530,0,,0,0.34651419520378113,-0.3803236186504364,-0.08066239207983017,1.0,0.0,0.0,0.0,0.0
28239000000,3531,0,,0,-0.3029269874095917,0.13315705955028534,-0.3529067933559418,1.0,0.0,0.0,0.0,0.0
28241000000,3532,0,,0,0.039171427488327026,0.08761582523584366,0.21828579902648926,1.0,0.0,0.0,0.0,0.0
28243000000,3533,0,,0,-0.27348974347114563,-0.13757430016994476,0.12124443799257278,1.0,0.0,0.0,0.0,0.0
28245000000,3534,0,,0,0.2370554506778717,0.0038328308146446943,0.2129945158958435,1.0,0.0,0.0,0.0,0.0
28247000000,3535,0,,0,-0.1034250557422638,0.15417328476905823,0.21378324925899506,1.0,0.0,0.0,0.0,0.0
28249000000,3536,0,,0,0.07071918249130249,0.2336404025554657,-0.2640749216079712,1.0,0.0,0.0,0.0,0.0
28252000000,3537,0,,0,0.3243560791015625,-0.27132031321525574,-0.0019920174963772297,1.0,0.0,0.0,0.0,0.0
28254000000,3538,0,,0,0.12364613264799118,-0.02326764352619648,-0.03463801369071007,1.0,0.0,0.0,0.0,0.0
28256000000,3539,0,,0,0.38058432936668396,0.3402225971221924,0.11517670005559921,1.0,0.0,0.0,0.0,0.0
28258000000,3540,0,,0,0.35647526383399963,0.24127976596355438,-0.22411151230335236,1.0,0.0,0.0,0.0,0.0
28260000000,3541,0,,0,-0.18087828159332275,-0.26090207695961,-0.21042490005493164,1.0,0.0,0.0,0.0,0.0
28262000000,3542,0,,0,0.1100461408495903,0.25548118352890015,0.17810127139091492,1.0,0.0,0.0,0.0,0.0
28264000000,3543,0,,0,-0.3000344932079315,-0.1176963746547699,-0.14488673210144043,1.0,0.0,0.0,0.0,0.0
28266000000,3544,0,,0,0.10093793272972107,-0.10463409870862961,-0.053949955850839615,1.0,0.0,0.0,0.0,0.0
28268000000,3545,0,,0,-0.23380056023597717,0.05515193194150925,0.26364636421203613,1.0,0.0,0.0,0.0,0.0
28270000000,3546,0,,0,-0.28608912229537964,-0.009643152356147766,-0.3318045139312744,1.0,0.0,0.0,0.0,0.0
28272000000,3547,0,,0,0.2168726623058319,0.16103950142860413,0.2363867610692978,1.0,0.0,0.0,0.0,0.0
28274000000,3548,0,,0,-0.21174074709415436,-0.23636381328105927,-0.15076303482055664,1.0,0.0,0.0,0.0,0.0
28276000000,3549,0,,0,0.39431801438331604,0.043463047593832016,-0.22246967256069183,1.0,0.0,0.0,0.0,0.0
28278000000,3550,0,,0,0.11361266672611237,-0.05376141145825386,0.10268107056617737,1.0,0.0,0.0,0.0,0.0
28280000000,3551,0,,0,-0.22671231627464294,0.09270650893449783,0.24161185324192047,1.0,0.0,0.0,0.0,0.0
28282000000,3552,0,,0,0.010655807331204414,-0.22836293280124664,-0.14264175295829773,1.0,0.0,0.0,0.0,0.0
28283000000,3553,0,,0,0.21531188488006592,-0.1592627316713333,0.03348314017057419,1.0,0.0,0.0,0.0,0.0
28285000000,3554,0,,0,0.29868513345718384,0.04703375697135925,-0.3528755009174347,1.0,0.0,0.0,0.0,0.0
28287000000,3555,0,,0,0.2154977023601532,0.22753407061100006,0.34326308965682983,1.0,0.0,0.0,0.0,0.0
28290000000,3556,0,,0,0.3491644263267517,-0.09816276282072067,0.30595332384109497,1.0,0.0,0.0,0.0,0.0
28292000000,3557,0,,0,0.26048097014427185,0.17668011784553528,-0.0024461958091706038,1.0,0.0,0.0,0.0,0.0
28294000000,3558,0,,0,-0.0956820398569107,-0.038571372628211975,0.2946721017360687,1.0,0.0,0.0,0.0,0.0
28296000000,3559,0,,0,-0.06658539921045303,0.3694131374359131,-0.04866594821214676,1.0,0.0,0.0,0.0,0.0
28298000000,3560,0,,0,0.012022007256746292,0.3303448557853699,0.3097422122955322,1.0,0.0,0.0,0.0,0.0
28300000000,3561,0,,0,-0.16341303288936615,0.11187151074409485,0.05284406244754791,1.0,0.0,0.0,0.0,0.0
28302000000,3562,0,,0,-0.22661513090133667,0.10840346664190292,-0.2872413098812103,1.0,0.0,0.0,0.0,0.0
28304000000,3563,0,,0,-0.20460236072540283,-0.14038266241550446,0.23429833352565765,1.0,0.0,0.0,0.0,0.0
28306000000,3564,0,,0,0.23951371014118195,0.14808060228824615,0.327662855386734,1.0,0.0,0.0,0.0,0.0
28308000000,3565,0,,0,0.22425031661987305,-0.20788715779781342,-0.3952840566635132,1.0,0.0,0.0,0.0,0.0
28310000000,3566,0,,0,0.354992538690567,0.3979647755622864,-0.11722753942012787,1.0,0.0,0.0,0.0,0.0
28311000000,3567,0,,0,-0.25648248195648193,-0.18854452669620514,-0.04262638837099075,1.0,0.0,0.0,0.0,0.0
28314000000,3568,0,,0,0.00629354827105999,-0.10040603578090668,-0.12874051928520203,1.0,0.0,0.0,0.0,0.0
28316000000,3569,0,,0,-0.29796040058135986,0.2785617411136627,-0.11956961452960968,1.0,0.0,0.0,0.0,0.0
28318000000,3570,0,,0,0.006364026572555304,-0.18500763177871704,0.2977985441684723,1.0,0.0,0.0,0.0,0.0
28320000000,3571,0,,0,-0.3967377841472626,0.21380987763404846,0.043808989226818085,1.0,0.0,0.0,0.0,0.0
28322000000,3572,0,,0,0.18694236874580383,-0.2942713797092438,0.010115407407283783,1.0,0.0,0.0,0.0,0.0
28324000000,3573,0,,0,-0.28259366750717163,-0.30758732557296753,-0.30792996287345886,1.0,0.0,0.0,0.0,0.0
28326000000,3574,0,,0,0.38375023007392883,0.2781528830528259,-0.20567312836647034,1.0,0.0,0.0,0.0,0.0
28328000000,3575,0,,0,-0.2807345688343048,-0.13674259185791016,0.24318306148052216,1.0,0.0,0.0,0.0,0.0
28330000000,3576,0,,0,0.010159343481063843,-0.3948516547679901,0.3133224546909332,1.0,0.0,0.0,0.0,0.0
28332000000,3577,0,,0,0.17187832295894623,0.3309513330459595,-0.28455454111099243,1.0,0.0,0.0,0.0,0.0
28334000000,3578,0,,0,0.33931446075439453,-0.0448962077498436,-0.20287151634693146,1.0,0.0,0.0,0.0,0.0
28336000000,3579,0,,0,-0.20453554391860962,-0.14714530110359192,0.33577340841293335,1.0,0.0,0.0,0.0,0.0
28338000000,3580,0,,0,-0.3863089978694916,-0.010450491681694984,-0.14821328222751617,1.0,0.0,0.0,0.0,0.0
28340000000,3581,0,,0,0.2107442170381546,0.3358466625213623,-0.07725515961647034,1.0,0.0,0.0,0.0,0.0
28341000000,3582,0,,0,0.22153736650943756,-0.30546313524246216,-0.2580372989177704,1.0,0.0,0.0,0.0,0.0
28343000000,3583,0,,0,-0.10851683467626572,-0.019646303728222847,0.3005593717098236,1.0,0.0,0.0,0.0,0.0
28345000000,3584,0,,0,0.35370880365371704,-0.2148989588022232,0.23081955313682556,1.0,0.0,0.0,0.0,0.0
28347000000,3585,0,,0,-0.25426235795021057,0.20788055658340454,-0.05401868745684624,1.0,0.0,0.0,0.0,0.0
28349000000,3586,0,,0,-0.2573772072792053,-0.35079145431518555,-0.3853108286857605,1.0,0.0,0.0,0.0,0.0
28351000000,3587,0,,0,-0.07141683250665665,-0.3753688633441925,0.003590949345380068,1.0,0.0,0.0,0.0,0.0
28354000000,3588,0,,0,0.2707161605358124,-0.35393214225769043,0.21067042648792267,1.0,0.0,0.0,0.0,0.0
28356000000,3589,0,,0,-0.3885391652584076,0.0482797734439373,-0.13207240402698517,1.0,0.0,0.0,0.0,0.0
28358000000,3590,0,,0,-0.2547133266925812,0.3377242088317871,-0.29447680711746216,1.0,0.0,0.0,0.0,0.0
28360000000,3591,0,,0,0.2289920151233673,0.12348426133394241,0.14357857406139374,1.0,0.0,0.0,0.0,0.0
28362000000,3592,0,,0,0.03587597236037254,0.2013254314661026,0.35676461458206177,1.0,0.0,0.0,0.0,0.0
28364000000,3593,0,,0,0.027189351618289948,-0.24105310440063477,-0.005513803102076054,1.0,0.0,0.0,0.0,0.0
28366000000,3594,0,,0,0.19531328976154327,0.09891923516988754,0.034512486308813095,1.0,0.0,0.0,0.0,0.0
28368000000,3595,0,,0,-0.10319989174604416,-0.20086070895195007,0.22135065495967865,1.0,0.0,0.0,0.0,0.0
28370000000,3596,0,,0,-0.353430837392807,-0.04856668785214424,0.09448687732219696,1.0,0.0,0.0,0.0,0.0
28372000000,3597,0,,0,0.12115959823131561,-0.18074873089790344,0.07627133280038834,1.0,0.0,0.0,0.0,0.0
28374000000,3598,0,,0,-0.39868849515914917,0.06933276355266571,-0.3776252865791321,1.0,0.0,0.0,0.0,0.0
28376000000,3599,0,,0,-0.03707146644592285,0.2753431797027588,0.3146415054798126,1.0,0.0,0.0,0.0,0.0
28378000000,3600,0,,0,-0.08306446671485901,-0.14744582772254944,0.21601654589176178,1.0,0.0,0.0,0.0,0.0
28380000000,3601,0,,0,-0.3454038202762604,-0.33543986082077026,0.04459889233112335,1.0,0.0,0.0,0.0,0.0
28382000000,3602,0,,0,0.017842652276158333,0.2467809021472931,0.31328892707824707,1.0,0.0,0.0,0.0,0.0
28383000000,3603,0,,0,-0.3481864929199219,-0.27043914794921875,-0.10456569492816925,1.0,0.0,0.0,0.0,0.0
28385000000,3604,0,,0,0.36261460185050964,0.2605036795139313,0.32420697808265686,1.0,0.0,0.0,0.0,0.0
28388000000,3605,0,,0,-0.2998403012752533,-0.04352997988462448,-0.06109762564301491,1.0,0.0,0.0,0.0,0.0
28390000000,3606,0,,0,0.09207415580749512,-0.06437169760465622,-0.0020113736391067505,1.0,0.0,0.0,0.0,0.0
28392000000,3607,0,,0,-0.07355831563472748,0.09194739907979965,-0.032268352806568146,1.0,0.0,0.0,0.0,0.0
28394000000,3608,0,,0,-0.08622118085622787,-0.1063050627708435,0.10788518190383911,1.0,0.0,0.0,0.0,0.0
28396000000,3609,0,,0,0.14027167856693268,0.22245138883590698,0.3635519742965698,1.0,0.0,0.0,0.0,0.0
28398000000,3610,0,,0,0.3820229470729828,-0.3204434812068939,0.025654418393969536,1.0,0.0,0.0,0.0,0.0
28400000000,3611,0,,0,0.36200737953186035,-0.3778590261936188,-0.35455799102783203,1.0,0.0,0.0,0.0,0.0
28402000000,3612,0,,0,-0.2164253145456314,-0.014853295870125294,0.22676712274551392,1.0,0.0,0.0,0.0,0.0
28404000000,3613,0,,0,0.25354158878326416,0.35898858308792114,0.17706558108329773,1.0,0.0,0.0,0.0,0.0
28405000000,3614,0,,0,-0.20770639181137085,0.10916691273450851,-0.2888956069946289,1.0,0.0,0.0,0.0,0.0
28407000000,3615,0,,0,0.17058715224266052,0.34455811977386475,-0.039330340921878815,1.0,0.0,0.0,0.0,0.0
28409000000,3616,0,,0,-0.040561407804489136,-0.008672608993947506,-0.34547868371009827,1.0,0.0,0.0,0.0,0.0
28412000000,3617,0,,0,0.19058123230934143,0.11263334006071091,0.34166646003723145,1.0,0.0,0.0,0.0,0.0
28414000000,3618,0,,0,-0.17388005554676056,-0.35131943225860596,0.36266130208969116,1.0,0.0,0.0,0.0,0.0
28416000000,3619,0,,0,-0.3128935396671295,0.2853328287601471,-0.2540047764778137,1.0,0.0,0.0,0.0,0.0
28418000000,3620,0,,0,-0.06604979932308197,0.325925350189209,-0.0010049385018646717,1.0,0.0,0.0,0.0,0.0
28420000000,3621,0,,0,-0.3364206552505493,0.39796900749206543,0.17854106426239014,1.0,0.0,0.0,0.0,0.0
28422000000,3622,0,,0,0.3940468728542328,-0.24169416725635529,-0.2879786193370819,1.0,0.0,0.0,0.0,0.0
28424000000,3623,0,,0,-0.22538532316684723,-0.2633478045463562,0.0892571434378624,1.0,0.0,0.0,0.0,0.0
28425000000,3624,0,,0,-0.1378217488527298,0.16182070970535278,0.09561026096343994,1.0,0.0,0.0,0.0,0.0
28428000000,3625,0,,0,0.1252630650997162,0.3818245232105255,0.2529200315475464,1.0,0.0,0.0,0.0,0.0
28430000000,3626,0,,0,-0.17421168088912964,0.13978742063045502,0.3064221739768982,1.0,0.0,0.0,0.0,0.0
28432000000,3627,0,,0,0.01334741897881031,0.3024755120277405,0.01596042700111866,1.0,0.0,0.0,0.0,0.0
28434000000,3628,0,,0,-0.2122431993484497,0.24974800646305084,0.1221608966588974,1.0,0.0,0.0,0.0,0.0
28436000000,3629,0,,0,0.2994326055049896,0.06458152085542679,0.31151121854782104,1.0,0.0,0.0,0.0,0.0
28437000000,3630,0,,0,-0.137547567486763,0.276572048664093,0.21529071033000946,1.0,0.0,0.0,0.0,0.0
28439000000,3631,0,,0,0.22302690148353577,0.07644408196210861,0.010979271493852139,1.0,0.0,0.0,0.0,0.0
28441000000,3632,0,,0,0.01756340079009533,0.2486124336719513,0.3280162215232849,1.0,0.0,0.0,0.0,0.0
28443000000,3633,0,,0,-0.29067787528038025,-0.235690176486969,-0.24683202803134918,1.0,0.0,0.0,0.0,0.0
28445000000,3634,0,,0,0.20459672808647156,-0.15867991745471954,0.10957545787096024,1.0,0.0,0.0,0.0,0.0
28447000000,3635,0,,0,-0.003671589307487011,-0.2731391191482544,-0.37987270951271057,1.0,0.0,0.0,0.0,0.0
28449000000,3636,0,,0,0.36728164553642273,-0.07904317229986191,0.12464557588100433,1.0,0.0,0.0,0.0,0.0
28451000000,3637,0,,0,-0.28063884377479553,0.22064708173274994,-0.04751965403556824,1.0,0.0,0.0,0.0,0.0
28453000000,3638,0,,0,0.28183820843696594,0.2790617346763611,-0.19844937324523926,1.0,0.0,0.0,0.0,0.0
28455000000,3639,0,,0,0.06320224702358246,0.20813633501529694,-0.2147194892168045,1.0,0.0,0.0,0.0,0.0
28457000000,3640,0,,0,0.3672853112220764,-0.33026018738746643,-0.12937486171722412,1.0,0.0,0.0,0.0,0.0
28459000000,3641,0,,0,0.15526534616947174,-0.0509718619287014,0.27739250659942627,1.0,0.0,0.0,0.0,0.0
28461000000,3642,0,,0,0.07442937046289444,-0.193583145737648,0.07873209565877914,1.0,0.0,0.0,0.0,0.0
28463000000,3643,0,,0,0.0027469389606267214,0.06765086203813553,-0.17751199007034302,1.0,0.0,0.0,0.0,0.0
28465000000,3644,0,,0,0.08944551646709442,0.3227866291999817,-0.18238532543182373,1.0,0.0,0.0,0.0,0.0
28467000000,3645,0,,0,0.21647916734218597,-0.15289653837680817,-0.04798410087823868,1.0,0.0,0.0,0.0,0.0
28469000000,3646,0,,0,0.19176065921783447,0.13285602629184723,0.12633360922336578,1.0,0.0,0.0,0.0,0.0
28471000000,3647,0,,0,0.26505333185195923,0.1914650797843933,0.03102852962911129,1.0,0.0,0.0,0.0,0.0
28473000000,3648,0,,0,-0.09681656956672668,-0.20756833255290985,-0.1706143170595169,1.0,0.0,0.0,0.0,0.0
28475000000,3649,0,,0,-0.02961384505033493,-0.2501753866672516,0.3397073447704315,1.0,0.0,0.0,0.0,0.0
28477000000,3650,0,,0,-0.07841770350933075,0.08057820796966553,0.10251104831695557,1.0,0.0,0.0,0.0,0.0
28479000000,3651,0,,0,-0.11928080022335052,-0.2659761905670166,-0.38724350929260254,1.0,0.0,0.0,0.0,0.0
28481000000,3652,0,,0,-0.15641780197620392,0.3043912351131439,-0.15808121860027313,1.0,0.0,0.0,0.0,0.0
28484000000,3653,0,,0,-0.2077469527721405,-0.2078421264886856,0.1143561527132988,1.0,0.0,0.0,0.0,0.0
28485000000,3654,0,,0,0.16047944128513336,-0.04786788299679756,0.2914499044418335,1.0,0.0,0.0,0.0,0.0
28487000000,3655,0,,0,-0.14531701803207397,-0.2005302608013153,0.27523666620254517,1.0,0.0,0.0,0.0,0.0
28490000000,3656,0,,0,0.2721749544143677,0.055698785930871964,0.07427565008401871,1.0,0.0,0.0,0.0,0.0
28492000000,3657,0,,0,0.05603697523474693,-0.2652670443058014,0.28662529587745667,1.0,0.0,0.0,0.0,0.0
28493000000,3658,0,,0,0.1024918183684349,0.020735211670398712,0.10624845325946808,1.0,0.0,0.0,0.0,0.0
28495000000,3659,0,,0,0.09163632988929749,0.33843180537223816,-0.2995058000087738,1.0,0.0,0.0,0.0,0.0
28498000000,3660,0,,0,0.0532345175743103,-0.2093399167060852,0.2812100350856781,1.0,0.0,0.0,0.0,0.0
28500000000,3661,0,,0,-0.35176724195480347,0.056952763348817825,-0.09958235174417496,1.0,0.0,0.0,0.0,0.0
28501000000,3662,0,,0,-0.36086487770080566,0.03182937949895859,0.11604230850934982,1.0,0.0,0.0,0.0,0.0
28503000000,3663,0,,0,0.21780720353126526,-0.1806267648935318,0.14750505983829498,1.0,0.0,0.0,0.0,0.0
28505000000,3664,0,,0,-0.33530810475349426,-0.15526357293128967,0.09185554832220078,1.0,0.0,0.0,0.0,0.0
28507000000,3665,0,,0,0.2951076924800873,0.06831657886505127,0.01425587385892868,1.0,0.0,0.0,0.0,0.0
28509000000,3666,0,,0,0.02466169185936451,-0.19018150866031647,-0.16685990989208221,1.0,0.0,0.0,0.0,0.0
28511000000,3667,0,,0,-0.3239436447620392,-0.16872556507587433,0.04613962769508362,1.0,0.0,0.0,0.0,0.0
28513000000,3668,0,,0,-0.39344754815101624,0.34835973381996155,0.3827230930328369,1.0,0.0,0.0,0.0,0.0
28515000000,3669,0,,0,0.17861074209213257,-0.20264920592308044,-0.25612127780914307,1.0,0.0,0.0,0.0,0.0
28517000000,3670,0,,0,-0.3322560787200928,0.26572540402412415,0.20276640355587006,1.0,0.0,0.0,0.0,0.0
28519000000,3671,0,,0,0.37992703914642334,-0.10625845938920975,0.2110668420791626,1.0,0.0,0.0,0.0,0.0
28521000000,3672,0,,0,0.385697603225708,-0.3985992670059204,-0.36120811104774475,1.0,0.0,0.0,0.0,0.0
28523000000,3673,0,,0,-0.004913254175335169,-0.030803419649600983,0.008767197839915752,1.0,0.0,0.0,0.0,0.0
28525000000,3674,0,,0,0.3745498061180115,-0.18152686953544617,-0.2614140808582306,1.0,0.0,0.0,0.0,0.0
28528000000,3675,0,,0,-0.23201006650924683,0.37126490473747253,0.17919571697711945,1.0,0.0,0.0,0.0,0.0
28530000000,3676,0,,0,-0.3809802532196045,0.3051982820034027,0.03031844086945057,1.0,0.0,0.0,0.0,0.0
28532000000,3677,0,,0,-0.10329663008451462,0.3835868835449219,-0.13874082267284393,1.0,0.0,0.0,0.0,0.0
28534000000,3678,0,,0,0.1869570016860962,0.14383168518543243,-0.22247371077537537,1.0,0.0,0.0,0.0,0.0
28536000000,3679,0,,0,0.17142309248447418,0.3238413631916046,0.17787928879261017,1.0,0.0,0.0,0.0,0.0
28537000000,3680,0,,0,-0.19878333806991577,-0.1381341964006424,0.05613550916314125,1.0,0.0,0.0,0.0,0.0
28539000000,3681,0,,0,-0.11448642611503601,-0.00374293839558959,0.3722461462020874,1.0,0.0,0.0,0.0,0.0
28541000000,3682,0,,0,-0.294113427400589,-0.026661111041903496,-0.023851463571190834,1.0,0.0,0.0,0.0,0.0
28543000000,3683,0,,0,-0.24382580816745758,-0.31746694445610046,-0.17254605889320374,1.0,0.0,0.0,0.0,0.0
28545000000,3684,0,,0,-0.09820082783699036,0.04418496787548065,0.08714017271995544,1.0,0.0,0.0,0.0,0.0
28547000000,3685,0,,0,0.32108446955680847,-0.3897821307182312,-0.3621976971626282,1.0,0.0,0.0,0.0,0.0
28550000000,3686,0,,0,-0.13075195252895355,-0.23582926392555237,0.2848564088344574,1.0,0.0,0.0,0.0,0.0
28552000000,3687,0,,0,0.2127695083618164,-0.37786051630973816,0.21697132289409637,1.0,0.0,0.0,0.0,0.0
28553000000,3688,0,,0,-0.2490919828414917,0.3582013249397278,-0.14527124166488647,1.0,0.0,0.0,0.0,0.0
28555000000,3689,0,,0,-0.28738829493522644,-0.21395868062973022,0.2652049660682678,1.0,0.0,0.0,0.0,0.0
28558000000,3690,0,,0,-0.3067220449447632,0.0005673830746673048,-0.32966873049736023,1.0,0.0,0.0,0.0,0.0
28559000000,3691,0,,0,-0.2985140085220337,-0.1859840303659439,-0.2808343470096588,1.0,0.0,0.0,0.0,0.0
28561000000,3692,0,,0,-0.02933756820857525,0.14482933282852173,-0.2636396586894989,1.0,0.0,0.0,0.0,0.0
28563000000,3693,0,,0,0.1402568370103836,-0.16859690845012665,-0.24295391142368317,1.0,0.0,0.0,0.0,0.0
28566000000,3694,0,,0,-0.36998656392097473,-0.28069403767585754,0.2578018009662628,1.0,0.0,0.0,0.0,0.0
28568000000,3695,0,,0,0.15988636016845703,0.3008229732513428,0.26839402318000793,1.0,0.0,0.0,0.0,0.0
28569000000,3696,0,,0,-0.3125152885913849,-0.3057399094104767,-0.053241703659296036,1.0,0.0,0.0,0.0,0.0
28572000000,3697,0,,0,0.06174695864319801,0.10481421649456024,-0.12379821389913559,1.0,0.0,0.0,0.0,0.0
28574000000,3698,0,,0,0.2875334918498993,0.17454619705677032,-0.3378583788871765,1.0,0.0,0.0,0.0,0.0
28575000000,3699,0,,0,0.3898433446884155,-0.24272260069847107,0.21313080191612244,1.0,0.0,0.0,0.0,0.0
28578000000,3700,0,,0,-0.09791986644268036,-0.3986812233924866,-0.05802707001566887,1.0,0.0,0.0,0.0,0.0
28580000000,3701,0,,0,0.07393011450767517,0.26341673731803894,0.1036728024482727,1.0,0.0,0.0,0.0,0.0
28582000000,3702,0,,0,0.09406250715255737,-0.347986102104187,0.22955378890037537,1.0,0.0,0.0,0.0,0.0
28584000000,3703,0,,0,-0.3610348105430603,-0.048492081463336945,0.3053407073020935,1.0,0.0,0.0,0.0,0.0
28586000000,3704,0,,0,0.04130415618419647,0.39855262637138367,-0.23759162425994873,1.0,0.0,0.0,0.0,0.0
28588000000,3705,0,,0,-0.009753820486366749,-0.13520823419094086,-0.06886827945709229,1.0,0.0,0.0,0.0,0.0
28590000000,3706,0,,0,0.2507341206073761,0.16351309418678284,0.1231623962521553,1.0,0.0,0.0,0.0,0.0
28592000000,3707,0,,0,0.09603158384561539,-0.3458797037601471,0.059146665036678314,1.0,0.0,0.0,0.0,0.0
28594000000,3708,0,,0,0.2955136001110077,0.030365118756890297,0.022974533960223198,1.0,0.0,0.0,0.0,0.0
28596000000,3709,0,,0,-0.25921034812927246,-0.39264678955078125,-0.07579585909843445,1.0,0.0,0.0,0.0,0.0
28598000000,3710,0,,0,0.030517177656292915,-0.15090544521808624,0.3731991946697235,1.0,0.0,0.0,0.0,0.0
28599000000,3711,0,,0,-0.25371283292770386,-0.3509657382965088,-0.38001102209091187,1.0,0.0,0.0,0.0,0.0
28601000000,3712,0,,0,-0.24509212374687195,-0.14143656194210052,-0.2522816061973572,1.0,0.0,0.0,0.0,0.0
28603000000,3713,0,,0,-0.3899606466293335,-0.34879085421562195,0.27084338665008545,1.0,0.0,0.0,0.0,0.0
28605000000,3714,0,,0,0.38150396943092346,0.00010470906272530556,0.07922500371932983,1.0,0.0,0.0,0.0,0.0
28607000000,3715,0,,0,-0.21989212930202484,0.3897182047367096,-0.3600592017173767,1.0,0.0,0.0,0.0,0.0
28610000000,3716,0,,0,-0.21903911232948303,0.12925057113170624,0.009602474980056286,1.0,0.0,0.0,0.0,0.0
28611000000,3717,0,,0,0.37951862812042236,0.35649242997169495,0.17948201298713684,1.0,0.0,0.0,0.0,0.0
28613000000,3718,0,,0,0.11682317405939102,-0.11007962375879288,-0.07956618815660477,1.0,0.0,0.0,0.0,0.0
28615000000,3719,0,,0,0.08073721081018448,0.08789895474910736,0.38779324293136597,1.0,0.0,0.0,0.0,0.0
28617000000,3720,0,,0,0.39457815885543823,0.37838780879974365,0.12637518346309662,1.0,0.0,0.0,0.0,0.0
28619000000,3721,0,,0,-0.13673852384090424,-0.22470884025096893,0.2012169063091278,1.0,0.0,0.0,0.0,0.0
28621000000,3722,0,,0,0.37443000078201294,0.2605167627334595,-0.2827877700328827,1.0,0.0,0.0,0.0,0.0
28623000000,3723,0,,0,0.08880045264959335,-0.14161688089370728,0.2039988934993744,1.0,0.0,0.0,0.0,0.0
28625000000,3724,0,,0,0.38124579191207886,0.3548957407474518,0.17402155697345734,1.0,0.0,0.0,0.0,0.0
28627000000,3725,0,,0,0.10237018018960953,0.11497384309768677,0.24053826928138733,1.0,0.0,0.0,0.0,0.0
28629000000,3726,0,,0,0.09189417958259583,0.01912176050245762,-0.1059538871049881,1.0,0.0,0.0,0.0,0.0
28631000000,3727,0,,0,-0.3803040385246277,-0.2982824146747589,-0.25855302810668945,1.0,0.0,0.0,0.0,0.0
28633000000,3728,0,,0,0.37666216492652893,0.24485540390014648,0.2865726053714752,1.0,0.0,0.0,0.0,0.0
28635000000,3729,0,,0,0.268885999917984,0.36090338230133057,-0.014321878552436829,1.0,0.0,0.0,0.0,0.0
28637000000,3730,0,,0,0.39241090416908264,0.24012984335422516,-0.2928926348686218,1.0,0.0,0.0,0.0,0.0
28639000000,3731,0,,0,-0.04901446774601936,-0.12595337629318237,0.05148845911026001,1.0,0.0,0.0,0.0,0.0
28642000000,3732,0,,0,-0.051108427345752716,0.197548508644104,0.1059143915772438,1.0,0.0,0.0,0.0,0.0
28643000000,3733,0,,0,0.2905334234237671,-0.3470970094203949,0.07706623524427414,1.0,0.0,0.0,0.0,0.0
28645000000,3734,0,,0,-0.18635313212871552,-0.19339363276958466,0.31984180212020874,1.0,0.0,0.0,0.0,0.0
28647000000,3735,0,,0,-0.24769386649131775,-0.08821724355220795,-0.2692156434059143,1.0,0.0,0.0,0.0,0.0
28650000000,3736,0,,0,-0.28058454394340515,0.3561007082462311,0.31354421377182007,1.0,0.0,0.0,0.0,0.0
28652000000,3737,0,,0,0.24907393753528595,0.05670934170484543,0.022028854116797447,1.0,0.0,0.0,0.0,0.0
28654000000,3738,0,,0,-0.2741187512874603,-0.3478301167488098,0.321439653635025,1.0,0.0,0.0,0.0,0.0
28656000000,3739,0,,0,0.050097063183784485,-0.27760905027389526,-0.37591588497161865,1.0,0.0,0.0,0.0,0.0
28658000000,3740,0,,0,-0.22851480543613434,0.09272971004247665,0.05173736810684204,1.0,0.0,0.0,0.0,0.0
28660000000,3741,0,,0,-0.10387376695871353,-0.22696591913700104,0.12165156751871109,1.0,0.0,0.0,0.0,0.0
28662000000,3742,0,,0,0.06526243686676025,0.24139776825904846,-0.2853657305240631,1.0,0.0,0.0,0.0,0.0
28665000000,3743,0,,0,0.2932012975215912,0.3817516267299652,0.10651744157075882,1.0,0.0,0.0,0.0,0.0
28667000000,3744,0,,0,-0.32118654251098633,-0.02786935679614544,-0.28974440693855286,1.0,0.0,0.0,0.0,0.0
28669000000,3745,0,,0,-0.32195183634757996,-0.3621369004249573,0.29315367341041565,1.0,0.0,0.0,0.0,0.0
28670000000,3746,0,,0,-0.16748082637786865,0.2526806890964508,0.39655551314353943,1.0,0.0,0.0,0.0,0.0
28672000000,3747,0,,0,0.08446219563484192,0.2376781702041626,-0.16967889666557312,1.0,0.0,0.0,0.0,0.0
28673000000,3748,0,,0,-0.27330538630485535,-0.13190439343452454,0.3820948898792267,1.0,0.0,0.0,0.0,0.0
28676000000,3749,0,,0,-0.08478467911481857,-0.18446789681911469,0.0728289857506752,1.0,0.0,0.0,0.0,0.0
28678000000,3750,0,,0,-0.08226213604211807,0.30731216073036194,-0.17688313126564026,1.0,0.0,0.0,0.0,0.0
28680000000,3751,0,,0,-0.22119863331317902,0.004841496702283621,-0.13271799683570862,1.0,0.0,0.0,0.0,0.0
28682000000,3752,0,,0,0.3761211335659027,0.12624676525592804,0.15262167155742645,1.0,0.0,0.0,0.0,0.0
28684000000,3753,0,,0,0.2590508460998535,0.07542863488197327,0.2887192666530609,1.0,0.0,0.0,0.0,0.0
28686000000,3754,0,,0,-0.22430671751499176,-0.1492764800786972,0.3465479910373688,1.0,0.0,0.0,0.0,0.0
28688000000,3755,0,,0,-0.17666776478290558,-0.3839965760707855,-0.3534121811389923,1.0,0.0,0.0,0.0,0.0
28690000000,3756,0,,0,0.3548916280269623,0.08725914359092712,0.35928452014923096,1.0,0.0,0.0,0.0,0.0
28692000000,3757,0,,0,-0.03372585400938988,-0.07311923801898956,-0.3289830982685089,1.0,0.0,0.0,0.0,0.0
28693000000,3758,0,,0,0.11764435470104218,0.08456491678953171,-0.3004612624645233,1.0,0.0,0.0,0.0,0.0
28695000000,3759,0,,0,0.05976087972521782,-0.2584362030029297,-0.3518217206001282,1.0,0.0,0.0,0.0,0.0
28697000000,3760,0,,0,0.25875619053840637,0.17178304493427277,-0.19350215792655945,1.0,0.0,0.0,0.0,0.0
28699000000,3761,0,,0,0.0873800739645958,-0.18671274185180664,0.2701161205768585,1.0,0.0,0.0,0.0,0.0
28702000000,3762,0,,0,0.1058855727314949,-0.35152873396873474,-0.25109830498695374,1.0,0.0,0.0,0.0,0.0
28703000000,3763,0,,0,0.3305557668209076,-0.17813462018966675,-0.2876693606376648,1.0,0.0,0.0,0.0,0.0
28705000000,3764,0,,0,0.36641228199005127,-0.07247238606214523,-0.2847338914871216,1.0,0.0,0.0,0.0,0.0
28707000000,3765,0,,0,-0.22042874991893768,0.3921445906162262,-0.21160970628261566,1.0,0.0,0.0,0.0,0.0
28709000000,3766,0,,0,0.375414103269577,-0.22348403930664062,-0.06965059787034988,1.0,0.0,0.0,0.0,0.0
28711000000,3767,0,,0,-0.35603055357933044,-0.30961596965789795,0.056892577558755875,1.0,0.0,0.0,0.0,0.0
28713000000,3768,0,,0,-0.21167932450771332,0.33535563945770264,-0.0025850229430943727,1.0,0.0,0.0,0.0,0.0
28715000000,3769,0,,0,0.0012862520525231957,0.0983906015753746,-0.37936559319496155,1.0,0.0,0.0,0.0,0.0
28717000000,3770,0,,0,0.20030491054058075,-0.07843082398176193,-0.23454123735427856,1.0,0.0,0.0,0.0,0.0
28719000000,3771,0,,0,0.2641674876213074,-0.31293585896492004,-0.15054835379123688,1.0,0.0,0.0,0.0,0.0
28721000000,3772,0,,0,0.10242652893066406,0.14537997543811798,-0.17440351843833923,1.0,0.0,0.0,0.0,0.0
28724000000,3773,0,,0,-0.30462485551834106,0.0741162896156311,-0.2315504401922226,1.0,0.0,0.0,0.0,0.0
28726000000,3774,0,,0,-0.20281155407428741,0.16227881610393524,0.050352372229099274,1.0,0.0,0.0,0.0,0.0
28728000000,3775,0,,0,-0.14042401313781738,-0.009950855746865273,-0.3416563868522644,1.0,0.0,0.0,0.0,0.0
28730000000,3776,0,,0,0.17323122918605804,0.1503281593322754,-0.10224997997283936,1.0,0.0,0.0,0.0,0.0
28732000000,3777,0,,0,0.3122888207435608,-0.39517346024513245,-0.22123855352401733,1.0,0.0,0.0,0.0,0.0
28734000000,3778,0,,0,0.11608701199293137,-0.006016869563609362,0.0517146997153759,1.0,0.0,0.0,0.0,0.0
28736000000,3779,0,,0,0.2751026749610901,0.283733069896698,-0.29807063937187195,1.0,0.0,0.0,0.0,0.0
28738000000,3780,0,,0,0.25511425733566284,-0.3786618411540985,-0.039027951657772064,1.0,0.0,0.0,0.0,0.0
28740000000,3781,0,,0,-0.26784124970436096,0.3552144765853882,0.02758803777396679,1.0,0.0,0.0,0.0,0.0
28742000000,3782,0,,0,0.24614554643630981,0.0407339446246624,0.24259518086910248,1.0,0.0,0.0,0.0,0.0
28744000000,3783,0,,0,-0.05293794721364975,0.1838003545999527,0.14325764775276184,1.0,0.0,0.0,0.0,0.0
28746000000,3784,0,,0,-0.36073875427246094,-0.3854065537452698,-0.09719020873308182,1.0,0.0,0.0,0.0,0.0
28748000000,3785,0,,0,0.28040003776550293,0.043214697390794754,0.2181336134672165,1.0,0.0,0.0,0.0,0.0
28750000000,3786,0,,0,0.12174928188323975,0.12781153619289398,-0.0025192969478666782,1.0,0.0,0.0,0.0,0.0
28752000000,3787,0,,0,-0.22123640775680542,-0.06313997507095337,0.23756170272827148,1.0,0.0,0.0,0.0,0.0
28754000000,3788,0,,0,-0.22962132096290588,-0.24262021481990814,0.35344916582107544,1.0,0.0,0.0,0.0,0.0
28755000000,3789,0,,0,0.05771850049495697,0.1072443351149559,0.3056623935699463,1.0,0.0,0.0,0.0,0.0
28758000000,3790,0,,0,0.1638372838497162,0.1466548889875412,-0.27711009979248047,1.0,0.0,0.0,0.0,0.0
28760000000,3791,0,,0,0.13438183069229126,0.3300466239452362,0.005078368820250034,1.0,0.0,0.0,0.0,0.0
28762000000,3792,0,,0,-0.2611353099346161,-0.1553596407175064,-0.13104598224163055,1.0,0.0,0.0,0.0,0.0
28764000000,3793,0,,0,-0.3863827884197235,-0.08005695044994354,0.1585824191570282,1.0,0.0,0.0,0.0,0.0
28766000000,3794,0,,0,0.15887610614299774,0.21570844948291779,0.3289494514465332,1.0,0.0,0.0,0.0,0.0
28768000000,3795,0,,0,0.09962547570466995,-0.08201313018798828,-0.2132362425327301,1.0,0.0,0.0,0.0,0.0
28770000000,3796,0,,0,0.033571548759937286,-0.12694257497787476,0.3434506952762604,1.0,0.0,0.0,0.0,0.0
28773000000,3797,0,,0,-0.04240666329860687,-0.24450773000717163,0.08667859435081482,1.0,0.0,0.0,0.0,0.0
28774000000,3798,0,,0,-0.20082810521125793,0.1593591421842575,-0.2507029175758362,1.0,0.0,0.0,0.0,0.0
28777000000,3799,0,,0,0.13712041079998016,0.3096209764480591,0.16768614947795868,1.0,0.0,0.0,0.0,0.0
28780000000,3800,0,,0,0.21896956861019135,-0.3202120363712311,-0.037319932132959366,1.0,0.0,0.0,0.0,0.0
28782000000,3801,0,,0,-0.048471760004758835,-0.2801847457885742,-0.04083802178502083,1.0,0.0,0.0,0.0,0.0
28784000000,3802,0,,0,0.0026028805878013372,0.08654972165822983,0.06177261471748352,1.0,0.0,0.0,0.0,0.0
28785000000,3803,0,,0,-0.21041005849838257,0.37548986077308655,-0.23442190885543823,1.0,0.0,0.0,0.0,0.0
28787000000,3804,0,,0,-0.1521577537059784,-0.22772976756095886,0.27421221137046814,1.0,0.0,0.0,0.0,0.0
28788000000,3805,0,,0,0.01666141115128994,0.16949445009231567,0.14874009788036346,1.0,0.0,0.0,0.0,0.0
28789000000,3806,0,,0,-0.21959581971168518,-0.07467641681432724,0.23860518634319305,1.0,0.0,0.0,0.0,0.0
28791000000,3807,0,,0,-0.13405606150627136,-0.13852810859680176,0.27164408564567566,1.0,0.0,0.0,0.0,0.0
28793000000,3808,0,,0,-0.2102872133255005,0.15590892732143402,0.25939175486564636,1.0,0.0,0.0,0.0,0.0
28795000000,3809,0,,0,-0.01418228354305029,0.33834823966026306,0.2325855940580368,1.0,0.0,0.0,0.0,0.0
28798000000,3810,0,,0,-0.001141665386967361,0.3184022605419159,-0.27253589034080505,1.0,0.0,0.0,0.0,0.0
28799000000,3811,0,,0,-0.2565786838531494,0.30799609422683716,0.21406839787960052,1.0,0.0,0.0,0.0,0.0
28801000000,3812,0,,0,-0.17634427547454834,-0.09998582303524017,-0.14064326882362366,1.0,0.0,0.0,0.0,0.0
28803000000,3813,0,,0,0.014656162820756435,0.16817320883274078,-0.031410474330186844,1.0,0.0,0.0,0.0,0.0
28805000000,3814,0,,0,-0.07952339947223663,0.36762502789497375,0.29697829484939575,1.0,0.0,0.0,0.0,0.0
28807000000,3815,0,,0,-0.3335804343223572,0.2595633566379547,0.2678597867488861,1.0,0.0,0.0,0.0,0.0
28810000000,3816,0,,0,0.15229468047618866,-0.35067039728164673,-0.12232694029808044,1.0,0.0,0.0,0.0,0.0
28812000000,3817,0,,0,-0.29227951169013977,-0.0517691969871521,-0.2918034493923187,1.0,0.0,0.0,0.0,0.0
28813000000,3818,0,,0,-0.02647223323583603,-0.351712167263031,-0.2593553960323334,1.0,0.0,0.0,0.0,0.0
28816000000,3819,0,,0,-0.23610736429691315,-0.18952777981758118,0.22580018639564514,1.0,0.0,0.0,0.0,0.0
28818000000,3820,0,,0,0.2032441943883896,0.11134833097457886,0.10248139500617981,1.0,0.0,0.0,0.0,0.0
28820000000,3821,0,,0,0.142645925283432,0.3223872482776642,0.10393590480089188,1.0,0.0,0.0,0.0,0.0
28823000000,3822,0,,0,0.07526125758886337,-0.12153304368257523,-0.2854965329170227,1.0,0.0,0.0,0.0,0.0
28825000000,3823,0,,0,0.14325974881649017,0.010925577022135258,0.08542948961257935,1.0,0.0,0.0,0.0,0.0
28827000000,3824,0,,0,0.3281637728214264,-0.382201224565506,-0.1940528154373169,1.0,0.0,0.0,0.0,0.0
28829000000,3825,0,,0,0.04096534475684166,-0.08907761424779892,-0.20242133736610413,1.0,0.0,0.0,0.0,0.0
28831000000,3826,0,,0,-0.35537710785865784,0.201090008020401,-0.04905920475721359,1.0,0.0,0.0,0.0,0.0
28833000000,3827,0,,0,0.1995210200548172,0.38867759704589844,-0.10034876316785812,1.0,0.0,0.0,0.0,0.0
28835000000,3828,0,,0,0.33818793296813965,0.29750916361808777,-0.20629799365997314,1.0,0.0,0.0,0.0,0.0
28837000000,3829,0,,0,0.3363218903541565,-0.21998277306556702,0.01862180419266224,1.0,0.0,0.0,0.0,0.0
28838000000,3830,0,,0,-0.3009338080883026,0.09840189665555954,0.30444788932800293,1.0,0.0,0.0,0.0,0.0
28841000000,3831,0,,0,0.20558211207389832,0.32182586193084717,-0.38451293110847473,1.0,0.0,0.0,0.0,0.0
28844000000,3832,0,,0,0.1110728457570076,-0.31318798661231995,0.30312657356262207,1.0,0.0,0.0,0.0,0.0
28846000000,3833,0,,0,0.057698413729667664,-0.008970608934760094,-0.2559758424758911,1.0,0.0,0.0,0.0,0.0
28849000000,3834,0,,0,0.18615485727787018,0.007730233483016491,-0.07068299502134323,1.0,0.0,0.0,0.0,0.0
28851000000,3835,0,,0,0.28148120641708374,0.00935844425112009,0.0710279643535614,1.0,0.0,0.0,0.0,0.0
28853000000,3836,0,,0,0.046095941215753555,0.3279932737350464,0.25284460186958313,1.0,0.0,0.0,0.0,0.0
28854000000,3837,0,,0,0.1897667497396469,-0.28170570731163025,-0.17871570587158203,1.0,0.0,0.0,0.0,0.0
28856000000,3838,0,,0,0.3802432119846344,-0.19854147732257843,0.003365707118064165,1.0,0.0,0.0,0.0,0.0
28857000000,3839,0,,0,0.3248172402381897,0.3127160370349884,-0.1615215390920639,1.0,0.0,0.0,0.0,0.0
28859000000,3840,0,,0,-0.18257102370262146,-0.15813541412353516,0.1802062690258026,1.0,0.0,0.0,0.0,0.0
28861000000,3841,0,,0,-0.31862106919288635,0.34410613775253296,0.34185901284217834,1.0,0.0,0.0,0.0,0.0
28864000000,3842,0,,0,0.014515817165374756,-0.270124226808548,-0.30919942259788513,1.0,0.0,0.0,0.0,0.0
28865000000,3843,0,,0,-0.27644816040992737,0.33406710624694824,-0.26797428727149963,1.0,0.0,0.0,0.0,0.0
28867000000,3844,0,,0,-0.3155726194381714,-0.337728351354599,0.21708399057388306,1.0,0.0,0.0,0.0,0.0
28868000000,3845,0,,0,0.3738698959350586,-0.04942910373210907,-0.0030228763353079557,1.0,0.0,0.0,0.0,0.0
28870000000,3846,0,,0,0.2004116177558899,0.11545200645923615,-0.1106431633234024,1.0,0.0,0.0,0.0,0.0
28872000000,3847,0,,0,-0.1358189433813095,0.12456560879945755,0.18297125399112701,1.0,0.0,0.0,0.0,0.0
28873000000,3848,0,,0,-0.1867677867412567,-0.17961736023426056,-0.11033773422241211,1.0,0.0,0.0,0.0,0.0
28875000000,3849,0,,0,0.13742108643054962,-0.33281150460243225,0.3264477550983429,1.0,0.0,0.0,0.0,0.0
28878000000,3850,0,,0,-0.23468966782093048,0.22061435878276825,0.005415306892246008,1.0,0.0,0.0,0.0,0.0
28879000000,3851,0,,0,0.2079024612903595,-0.11416865885257721,-0.270889550447464,1.0,0.0,0.0,0.0,0.0
28882000000,3852,0,,0,0.3495393991470337,0.14268986880779266,-0.34565797448158264,1.0,0.0,0.0,0.0,0.0
28884000000,3853,0,,0,-0.25979000329971313,0.04977216199040413,-0.012034288607537746,1.0,0.0,0.0,0.0,0.0
28885000000,3854,0,,0,0.1453929841518402,0.14507625997066498,-0.026193035766482353,1.0,0.0,0.0,0.0,0.0
28889000000,3855,0,,0,-0.38545557856559753,-0.3049866855144501,0.030142892152071,1.0,0.0,0.0,0.0,0.0
28890000000,3856,0,,0,-0.37562838196754456,0.05785781890153885,-0.1707644760608673,1.0,0.0,0.0,0.0,0.0
28892000000,3857,0,,0,-0.16520720720291138,0.033303067088127136,0.04760633781552315,1.0,0.0,0.0,0.0,0.0
28895000000,3858,0,,0,-0.33796393871307373,-0.28666216135025024,0.3258129358291626,1.0,0.0,0.0,0.0,0.0
28897000000,3859,0,,0,0.3604997992515564,0.050435662269592285,-0.0028436214197427034,1.0,0.0,0.0,0.0,0.0
28898000000,3860,0,,0,0.170309379696846,0.22646690905094147,0.18518146872520447,1.0,0.0,0.0,0.0,0.0
28901000000,3861,0,,0,0.30426761507987976,0.13174188137054443,0.051646921783685684,1.0,0.0,0.0,0.0,0.0
28903000000,3862,0,,0,-0.1271904855966568,0.1676284670829773,0.12071045488119125,1.0,0.0,0.0,0.0,0.0
28905000000,3863,0,,0,0.26252520084381104,0.12619149684906006,0.0815109983086586,1.0,0.0,0.0,0.0,0.0
28907000000,3864,0,,0,-0.37540656328201294,-0.34745118021965027,0.2738184332847595,1.0,0.0,0.0,0.0,0.0
28909000000,3865,0,,0,-0.02957649528980255,0.261466920375824,0.06677079945802689,1.0,0.0,0.0,0.0,0.0
28911000000,3866,0,,0,0.31441399455070496,0.12159953266382217,0.3565356433391571,1.0,0.0,0.0,0.0,0.0
28913000000,3867,0,,0,0.0050535649061203,0.22663962841033936,0.06352898478507996,1.0,0.0,0.0,0.0,0.0
28915000000,3868,0,,0,0.012133597396314144,-0.06907554715871811,-0.2597191631793976,1.0,0.0,0.0,0.0,0.0
28917000000,3869,0,,0,0.07952825725078583,-0.29238295555114746,0.15033715963363647,1.0,0.0,0.0,0.0,0.0
28918000000,3870,0,,0,0.3491917848587036,0.05859985947608948,0.023342784494161606,1.0,0.0,0.0,0.0,0.0
28920000000,3871,0,,0,0.14875248074531555,-0.04981245473027229,-0.36188438534736633,1.0,0.0,0.0,0.0,0.0
28922000000,3872,0,,0,0.05587560310959816,0.17557188868522644,-0.0019577809143811464,1.0,0.0,0.0,0.0,0.0
28924000000,3873,0,,0,0.1126745194196701,0.20015040040016174,0.33617883920669556,1.0,0.0,0.0,0.0,0.0
28925000000,3874,0,,0,0.2775018811225891,-0.259990394115448,-0.32456478476524353,1.0,0.0,0.0,0.0,0.0
28927000000,3875,0,,0,-0.25116443634033203,0.00992086436599493,-0.2297040969133377,1.0,0.0,0.0,0.0,0.0
28929000000,3876,0,,0,0.24831542372703552,0.24191026389598846,0.17964427173137665,1.0,0.0,0.0,0.0,0.0
28931000000,3877,0,,0,0.018793048337101936,0.3015232980251312,0.3813915252685547,1.0,0.0,0.0,0.0,0.0
28934000000,3878,0,,0,-0.2243395894765854,0.17316988110542297,-0.2916340231895447,1.0,0.0,0.0,0.0,0.0
28936000000,3879,0,,0,0.029399994760751724,-0.260076642036438,0.10205519199371338,1.0,0.0,0.0,0.0,0.0
28937000000,3880,0,,0,0.14992856979370117,-0.3652266263961792,0.19248662889003754,1.0,0.0,0.0,0.0,0.0
28939000000,3881,0,,0,-0.12638245522975922,0.06726490706205368,0.1809244006872177,1.0,0.0,0.0,0.0,0.0
28942000000,3882,0,,0,-0.07243876159191132,-0.10736949741840363,0.39638569951057434,1.0,0.0,0.0,0.0,0.0
28943000000,3883,0,,0,-0.02550950087606907,0.3785731792449951,-0.2369927018880844,1.0,0.0,0.0,0.0,0.0
28945000000,3884,0,,0,-0.04338639974594116,0.055144961923360825,0.02991013042628765,1.0,0.0,0.0,0.0,0.0
28947000000,3885,0,,0,0.25905367732048035,0.023281775414943695,0.17037026584148407,1.0,0.0,0.0,0.0,0.0
28949000000,3886,0,,0,-0.35427209734916687,0.06464660912752151,0.28190740942955017,1.0,0.0,0.0,0.0,0.0
28952000000,3887,0,,0,-0.28065282106399536,0.26199766993522644,-0.18126510083675385,1.0,0.0,0.0,0.0,0.0
28954000000,3888,0,,0,-0.013825692236423492,0.035272952169179916,0.07255422323942184,1.0,0.0,0.0,0.0,0.0
28956000000,3889,0,,0,0.3760527968406677,0.3098500967025757,0.1863468438386917,1.0,0.0,0.0,0.0,0.0
28958000000,3890,0,,0,0.12947016954421997,0.11072630435228348,0.05655539408326149,1.0,0.0,0.0,0.0,0.0
28959000000,3891,0,,0,0.19488710165023804,0.3705202341079712,-0.35123854875564575,1.0,0.0,0.0,0.0,0.0
28961000000,3892,0,,0,-0.17774458229541779,-0.11112526059150696,-0.3264743983745575,1.0,0.0,0.0,0.0,0.0
28964000000,3893,0,,0,-0.24928231537342072,0.2872544229030609,0.29022470116615295,1.0,0.0,0.0,0.0,0.0
28965000000,3894,0,,0,-0.3453490734100342,-0.25108546018600464,-0.06128210946917534,1.0,0.0,0.0,0.0,0.0
28967000000,3895,0,,0,-0.20075979828834534,0.31475353240966797,0.3298806846141815,1.0,0.0,0.0,0.0,0.0
28969000000,3896,0,,0,-0.34937816858291626,-0.3634563684463501,-0.30986082553863525,1.0,0.0,0.0,0.0,0.0
28971000000,3897,0,,0,0.16507390141487122,0.39997598528862,-0.37838730216026306,1.0,0.0,0.0,0.0,0.0
28974000000,3898,0,,0,0.14599183201789856,-0.2964417636394501,0.04572035372257233,1.0,0.0,0.0,0.0,0.0
28976000000,3899,0,,0,-0.23013970255851746,-0.2759179174900055,0.08813253045082092,1.0,0.0,0.0,0.0,0.0
28978000000,3900,0,,0,-0.3602660596370697,-0.3961837887763977,-0.133713960647583,1.0,0.0,0.0,0.0,0.0
28980000000,3901,0,,0,0.36906197667121887,0.27830958366394043,0.0050549074076116085,1.0,0.0,0.0,0.0,0.0
28982000000,3902,0,,0,-0.18817411363124847,0.21725311875343323,0.33398929238319397,1.0,0.0,0.0,0.0,0.0
28984000000,3903,0,,0,0.1873502880334854,-0.08370909839868546,0.24678842723369598,1.0,0.0,0.0,0.0,0.0
28986000000,3904,0,,0,0.1312289535999298,-0.3375507593154907,-0.11176732927560806,1.0,0.0,0.0,0.0,0.0
28988000000,3905,0,,0,-0.16873344779014587,-0.05413169786334038,-0.16177144646644592,1.0,0.0,0.0,0.0,0.0
28991000000,3906,0,,0,-0.25150370597839355,0.3210964500904083,0.15149229764938354,1.0,0.0,0.0,0.0,0.0
28993000000,3907,0,,0,0.37110865116119385,-0.11788513511419296,-0.35729143023490906,1.0,0.0,0.0,0.0,0.0
28994000000,3908,0,,0,0.22700029611587524,-0.1800866574048996,-0.3580226004123688,1.0,0.0,0.0,0.0,0.0
28997000000,3909,0,,0,-0.07364849001169205,-0.07214534282684326,-0.1439477801322937,1.0,0.0,0.0,0.0,0.0
28998000000,3910,0,,0,0.0763392448425293,-0.240314319729805,-0.3570399880409241,1.0,0.0,0.0,0.0,0.0
29000000000,3911,0,,0,0.0468393974006176,-0.002087114844471216,-0.12285501509904861,1.0,0.0,0.0,0.0,0.0
29002000000,3912,0,,0,-0.1178276315331459,0.24508996307849884,-0.011182119138538837,1.0,0.0,0.0,0.0,0.0
29005000000,3913,0,,0,0.19773733615875244,0.19961456954479218,-0.09897524863481522,1.0,0.0,0.0,0.0,0.0
29006000000,3914,0,,0,-0.3223808705806732,-0.06693655997514725,-0.18674269318580627,1.0,0.0,0.0,0.0,0.0
29008000000,3915,0,,0,-0.3713502585887909,-0.11836598068475723,-0.23750527203083038,1.0,0.0,0.0,0.0,0.0
29010000000,3916,0,,0,-0.0005872801411896944,-0.2201993465423584,0.055107951164245605,1.0,0.0,0.0,0.0,0.0
29011000000,3917,0,,0,0.15314286947250366,-0.1382744014263153,0.32758602499961853,1.0,0.0,0.0,0.0,0.0
29013000000,3918,0,,0,-0.006896468345075846,0.008784178644418716,-0.09148039668798447,1.0,0.0,0.0,0.0,0.0
29015000000,3919,0,,0,-0.3136503994464874,0.35158026218414307,-0.10752131789922714,1.0,0.0,0.0,0.0,0.0
29018000000,3920,0,,0,-0.14099234342575073,-0.04717240482568741,-0.364976704120636,1.0,0.0,0.0,0.0,0.0
29020000000,3921,0,,0,0.08659875392913818,0.31513047218322754,-0.20111779868602753,1.0,0.0,0.0,0.0,0.0
29022000000,3922,0,,0,0.17254576086997986,0.1776265799999237,-0.35885360836982727,1.0,0.0,0.0,0.0,0.0
29024000000,3923,0,,0,0.09452661126852036,-0.1550133377313614,0.30284470319747925,1.0,0.0,0.0,0.0,0.0
29026000000,3924,0,,0,-0.24390359222888947,-0.05482110008597374,-0.3721686005592346,1.0,0.0,0.0,0.0,0.0
29029000000,3925,0,,0,0.34354284405708313,0.09147430956363678,0.37696588039398193,1.0,0.0,0.0,0.0,0.0
29031000000,3926,0,,0,-0.3593686819076538,-0.0020654359832406044,-0.05057363584637642,1.0,0.0,0.0,0.0,0.0
29033000000,3927,0,,0,-0.26724863052368164,-0.19299755990505219,-0.1255265176296234,1.0,0.0,0.0,0.0,0.0
29035000000,3928,0,,0,-0.08122304081916809,0.20965200662612915,-0.3021446168422699,1.0,0.0,0.0,0.0,0.0
29036000000,3929,0,,0,-0.34128084778785706,-0.023747330531477928,0.3456522822380066,1.0,0.0,0.0,0.0,0.0
29038000000,3930,0,,0,0.23013348877429962,0.002856041770428419,-0.036677829921245575,1.0,0.0,0.0,0.0,0.0
29039000000,3931,0,,0,0.1639031320810318,-0.2716820240020752,0.16504836082458496,1.0,0.0,0.0,0.0,0.0
29041000000,3932,0,,0,0.027440162375569344,-0.33400222659111023,0.0972173884510994,1.0,0.0,0.0,0.0,0.0
29043000000,3933,0,,0,-0.20057396590709686,-0.3393417298793793,0.13715706765651703,1.0,0.0,0.0,0.0,0.0
29046000000,3934,0,,0,0.287448525428772,-0.22097201645374298,-0.32053762674331665,1.0,0.0,0.0,0.0,0.0
29048000000,3935,0,,0,0.021045992150902748,-0.23958897590637207,-0.3007962107658386,1.0,0.0,0.0,0.0,0.0
29050000000,3936,0,,0,-0.2219831645488739,-0.19109034538269043,0.06937024742364883,1.0,0.0,0.0,0.0,0.0
29052000000,3937,0,,0,-0.3351055979728699,-0.11479582637548447,-0.012059510685503483,1.0,0.0,0.0,0.0,0.0
29054000000,3938,0,,0,-0.035124145448207855,-0.23642894625663757,-0.029405927285552025,1.0,0.0,0.0,0.0,0.0
29056000000,3939,0,,0,-0.3080959916114807,-0.2645213305950165,-0.31967777013778687,1.0,0.0,0.0,0.0,0.0
29058000000,3940,0,,0,0.062242135405540466,-0.33472129702568054,0.02616523765027523,1.0,0.0,0.0,0.0,0.0
29060000000,3941,0,,0,0.283968448638916,-0.39299947023391724,-0.19298279285430908,1.0,0.0,0.0,0.0,0.0
29062000000,3942,0,,0,0.24044480919837952,-0.06838657706975937,-0.01613188162446022,1.0,0.0,0.0,0.0,0.0
29065000000,3943,0,,0,0.012518837116658688,0.1838558316230774,-0.17509464919567108,1.0,0.0,0.0,0.0,0.0
29067000000,3944,0,,0,0.14904798567295074,-0.07109495997428894,0.1253008097410202,1.0,0.0,0.0,0.0,0.0
29070000000,3945,0,,0,0.03357503563165665,0.06515669077634811,-0.12480877339839935,1.0,0.0,0.0,0.0,0.0
29072000000,3946,0,,0,-0.1689358949661255,0.32318922877311707,0.32071465253829956,1.0,0.0,0.0,0.0,0.0
29074000000,3947,0,,0,-0.32516154646873474,0.1587175577878952,0.02852547913789749,1.0,0.0,0.0,0.0,0.0
29076000000,3948,0,,0,-0.3477577865123749,0.3180595636367798,0.030799992382526398,1.0,0.0,0.0,0.0,0.0
29079000000,3949,0,,0,0.07485511153936386,-0.2395104169845581,0.08016546815633774,1.0,0.0,0.0,0.0,0.0
29081000000,3950,0,,0,-0.2255420684814453,-0.12643973529338837,0.003744113026186824,1.0,0.0,0.0,0.0,0.0
29082000000,3951,0,,0,-0.2749199867248535,-0.3597918152809143,0.23776176571846008,1.0,0.0,0.0,0.0,0.0
29084000000,3952,0,,0,-0.04749678820371628,0.2829827070236206,-0.23273535072803497,1.0,0.0,0.0,0.0,0.0
29085000000,3953,0,,0,-0.3422081172466278,-0.11394084990024567,0.371271550655365,1.0,0.0,0.0,0.0,0.0
29087000000,3954,0,,0,-0.14088639616966248,-0.057684361934661865,-0.2675231993198395,1.0,0.0,0.0,0.0,0.0
29088000000,3955,0,,0,0.2615760862827301,-0.1687987893819809,-0.026325151324272156,1.0,0.0,0.0,0.0,0.0
29089000000,3956,0,,0,0.02944374643266201,-0.16745315492153168,-0.08331097662448883,1.0,0.0,0.0,0.0,0.0
29091000000,3957,0,,0,0.257220596075058,-0.20260022580623627,-0.23087984323501587,1.0,0.0,0.0,0.0,0.0
29093000000,3958,0,,0,0.17042715847492218,0.34832897782325745,-0.2994281053543091,1.0,0.0,0.0,0.0,0.0
29095000000,3959,0,,0,-0.11713868379592896,-0.359415739774704,-0.2570503056049347,1.0,0.0,0.0,0.0,0.0
29097000000,3960,0,,0,0.07170374691486359,-0.244959756731987,-0.04792975261807442,1.0,0.0,0.0,0.0,0.0
29099000000,3961,0,,0,-0.13673678040504456,-0.2298843264579773,0.32031309604644775,1.0,0.0,0.0,0.0,0.0
29101000000,3962,0,,0,-0.32564130425453186,0.20074176788330078,0.0395156592130661,1.0,0.0,0.0,0.0,0.0
29103000000,3963,0,,0,-0.18634963035583496,0.025511320680379868,-0.027016805484890938,1.0,0.0,0.0,0.0,0.0
29105000000,3964,0,,0,-0.346586138010025,0.3711273670196533,-0.23718498647212982,1.0,0.0,0.0,0.0,0.0
29108000000,3965,0,,0,-0.05528216436505318,0.0580839067697525,-0.23849128186702728,1.0,0.0,0.0,0.0,0.0
29110000000,3966,0,,0,0.05518558993935585,0.2833710312843323,0.11773740500211716,1.0,0.0,0.0,0.0,0.0
29112000000,3967,0,,0,0.04056981950998306,-0.23029500246047974,-0.250223308801651,1.0,0.0,0.0,0.0,0.0
29114000000,3968,0,,0,-0.20842257142066956,0.34796538949012756,0.26238399744033813,1.0,0.0,0.0,0.0,0.0
29116000000,3969,0,,0,-0.036047160625457764,0.031632617115974426,0.23240028321743011,1.0,0.0,0.0,0.0,0.0
29118000000,3970,0,,0,0.1317024528980255,0.00521472841501236,0.26532164216041565,1.0,0.0,0.0,0.0,0.0
29120000000,3971,0,,0,0.04218888282775879,0.15205755829811096,-0.07600168138742447,1.0,0.0,0.0,0.0,0.0
29122000000,3972,0,,0,-0.03676876425743103,0.25266414880752563,0.3331453502178192,1.0,0.0,0.0,0.0,0.0
29124000000,3973,0,,0,0.1942390650510788,0.3407379686832428,0.3986244201660156,1.0,0.0,0.0,0.0,0.0
29126000000,3974,0,,0,-0.2915041148662567,-0.17474228143692017,0.2186673879623413,1.0,0.0,0.0,0.0,0.0
29127000000,3975,0,,0,0.16985738277435303,-0.1944998800754547,0.03920450806617737,1.0,0.0,0.0,0.0,0.0
29129000000,3976,0,,0,0.14369767904281616,0.32888251543045044,0.230215921998024,1.0,0.0,0.0,0.0,0.0
29131000000,3977,0,,0,-0.35931459069252014,-0.12376151233911514,0.030020475387573242,1.0,0.0,0.0,0.0,0.0
29133000000,3978,0,,0,-0.12814700603485107,0.25400635600090027,0.2884931266307831,1.0,0.0,0.0,0.0,0.0
29135000000,3979,0,,0,-0.20385709404945374,0.28538116812705994,0.24383746087551117,1.0,0.0,0.0,0.0,0.0
29137000000,3980,0,,0,-0.24489177763462067,0.15828561782836914,0.38881710171699524,1.0,0.0,0.0,0.0,0.0
29139000000,3981,0,,0,-0.2988326847553253,0.37981265783309937,-0.2862282395362854,1.0,0.0,0.0,0.0,0.0
29142000000,3982,0,,0,-0.01705073192715645,0.01751840114593506,-0.11182504147291183,1.0,0.0,0.0,0.0,0.0
29144000000,3983,0,,0,-0.04525546357035637,0.01869111880660057,-0.24638143181800842,1.0,0.0,0.0,0.0,0.0
29146000000,3984,0,,0,0.20745639503002167,0.3399239480495453,0.022328227758407593,1.0,0.0,0.0,0.0,0.0
29148000000,3985,0,,0,0.015565509907901287,0.2281845360994339,-0.08666729927062988,1.0,0.0,0.0,0.0,0.0
29150000000,3986,0,,0,-0.011493795551359653,0.2972612679004669,-0.2738596796989441,1.0,0.0,0.0,0.0,0.0
29152000000,3987,0,,0,-0.13776175677776337,0.38357993960380554,-0.16913197934627533,1.0,0.0,0.0,0.0,0.0
29154000000,3988,0,,0,-0.14976650476455688,-0.10513181239366531,-0.03039518930017948,1.0,0.0,0.0,0.0,0.0
29156000000,3989,0,,0,-0.33345839381217957,-0.23092064261436462,0.16725710034370422,1.0,0.0,0.0,0.0,0.0
29158000000,3990,0,,0,-0.38614627718925476,-0.16707128286361694,0.08978118747472763,1.0,0.0,0.0,0.0,0.0
29160000000,3991,0,,0,0.2954283356666565,-0.15559127926826477,-0.2868906259536743,1.0,0.0,0.0,0.0,0.0
29162000000,3992,0,,0,-0.15489408373832703,-0.025570251047611237,-0.399120956659317,1.0,0.0,0.0,0.0,0.0
29163000000,3993,0,,0,-0.023104414343833923,-0.04866904392838478,-0.20285651087760925,1.0,0.0,0.0,0.0,0.0
29166000000,3994,0,,0,0.24705326557159424,-0.39760610461235046,0.13002875447273254,1.0,0.0,0.0,0.0,0.0
29168000000,3995,0,,0,-0.20696169137954712,0.2999900281429291,0.13874512910842896,1.0,0.0,0.0,0.0,0.0
29170000000,3996,0,,0,0.3950069844722748,-0.005399813875555992,-0.23160572350025177,1.0,0.0,0.0,0.0,0.0
29172000000,3997,0,,0,-0.022838188335299492,-0.08858013898134232,-0.015332698822021484,1.0,0.0,0.0,0.0,0.0
29174000000,3998,0,,0,0.09844458103179932,-0.12883363664150238,0.0809805765748024,1.0,0.0,0.0,0.0,0.0
29176000000,3999,0,,0,-0.160598024725914,0.00017395032045897096,-0.1668149083852768,1.0,0.0,0.0,0.0,0.0
29178000000,4000,0,,0,-0.19121496379375458,-0.14312633872032166,0.09543430060148239,1.0,0.0,0.0,0.0,0.0
29180000000,4001,0,,0,0.10408888757228851,-0.24917928874492645,0.10823588073253632,1.0,0.0,0.0,0.0,0.0
29182000000,4002,0,,0,0.1574355661869049,-0.2721680700778961,-0.06413694471120834,1.0,0.0,0.0,0.0,0.0
29184000000,4003,0,,0,0.03232205659151077,-0.3815534710884094,-0.10124340653419495,1.0,0.0,0.0,0.0,0.0
29186000000,4004,0,,0,0.3929852843284607,-0.018605580553412437,-0.1603972166776657,1.0,0.0,0.0,0.0,0.0
29188000000,4005,0,,0,-0.23080481588840485,-0.3846798241138458,0.322381854057312,1.0,0.0,0.0,0.0,0.0
29190000000,4006,0,,0,0.18291349709033966,-0.05968876928091049,0.2664133310317993,1.0,0.0,0.0,0.0,0.0
29192000000,4007,0,,0,-0.09681939333677292,-0.06531651318073273,0.01784483715891838,1.0,0.0,0.0,0.0,0.0
29195000000,4008,0,,0,0.35153093934059143,0.28802183270454407,0.2628575265407562,1.0,0.0,0.0,0.0,0.0
29196000000,4009,0,,0,0.3596224784851074,0.1818612813949585,-0.18587101995944977,1.0,0.0,0.0,0.0,0.0
29198000000,4010,0,,0,-0.13613009452819824,0.36556878685951233,0.3062599003314972,1.0,0.0,0.0,0.0,0.0
29200000000,4011,0,,0,0.2898240089416504,-0.3105003833770752,-0.3176515996456146,1.0,0.0,0.0,0.0,0.0
29202000000,4012,0,,0,0.11608992516994476,-0.3108990490436554,-0.2491908073425293,1.0,0.0,0.0,0.0,0.0
29203000000,4013,0,,0,0.021919291466474533,0.26773521304130554,-0.08400226384401321,1.0,0.0,0.0,0.0,0.0
29205000000,4014,0,,0,0.09357506036758423,-0.08604175597429276,-0.14308157563209534,1.0,0.0,0.0,0.0,0.0
29209000000,4015,0,,0,0.20319761335849762,-0.15086108446121216,0.16552959382534027,1.0,0.0,0.0,0.0,0.0
29212000000,4016,0,,0,-0.14621604979038239,0.20409847795963287,-0.29846397042274475,1.0,0.0,0.0,0.0,0.0
29214000000,4017,0,,0,0.2621495723724365,0.1985168308019638,-0.11943260580301285,1.0,0.0,0.0,0.0,0.0
29216000000,4018,0,,0,-0.08285955339670181,0.27778610587120056,0.26908090710639954,1.0,0.0,0.0,0.0,0.0
29217000000,4019,0,,0,0.3060751259326935,0.0542304664850235,0.3432791233062744,1.0,0.0,0.0,0.0,0.0
29218000000,4020,0,,0,-0.11624867469072342,-0.04357074946165085,-0.12048479914665222,1.0,0.0,0.0,0.0,0.0
29220000000,4021,0,,0,0.09950396418571472,-0.1299833357334137,0.2282732129096985,1.0,0.0,0.0,0.0,0.0
29221000000,4022,0,,0,0.31287074089050293,0.07465139776468277,0.21191909909248352,1.0,0.0,0.0,0.0,0.0
29223000000,4023,0,,0,0.03816758468747139,-0.17025603353977203,0.07047896832227707,1.0,0.0,0.0,0.0,0.0
29226000000,4024,0,,0,0.2555445730686188,0.14917318522930145,-0.009542472660541534,1.0,0.0,0.0,0.0,0.0
29228000000,4025,0,,0,0.23942159116268158,0.06768409162759781,0.33030086755752563,1.0,0.0,0.0,0.0,0.0
29230000000,4026,0,,0,0.07688134908676147,-0.08472412824630737,0.023934591561555862,1.0,0.0,0.0,0.0,0.0
29232000000,4027,0,,0,-0.2334270477294922,-0.0711551308631897,-0.17200034856796265,1.0,0.0,0.0,0.0,0.0
29234000000,4028,0,,0,-0.3799450993537903,-0.06198392063379288,0.25481024384498596,1.0,0.0,0.0,0.0,0.0
29236000000,4029,0,,0,-0.03589047119021416,-0.345013827085495,-0.3827420473098755,1.0,0.0,0.0,0.0,0.0
29238000000,4030,0,,0,-0.02578846365213394,0.18741117417812347,0.25316739082336426,1.0,0.0,0.0,0.0,0.0
29240000000,4031,0,,0,0.26884105801582336,-0.33838340640068054,0.32037416100502014,1.0,0.0,0.0,0.0,0.0
29242000000,4032,0,,0,0.1541842818260193,-0.35614362359046936,0.24830575287342072,1.0,0.0,0.0,0.0,0.0
29244000000,4033,0,,0,0.2838152050971985,0.2855012118816376,-0.061417702585458755,1.0,0.0,0.0,0.0,0.0
29245000000,4034,0,,0,-0.31530216336250305,0.3384056091308594,-0.2746509611606598,1.0,0.0,0.0,0.0,0.0
29248000000,4035,0,,0,-0.22898602485656738,-0.08083514124155045,0.3432759642601013,1.0,0.0,0.0,0.0,0.0
29250000000,4036,0,,0,-0.28840601444244385,0.17108924686908722,-0.12692444026470184,1.0,0.0,0.0,0.0,0.0
29252000000,4037,0,,0,0.2093154639005661,-0.24917994439601898,-0.0779380351305008,1.0,0.0,0.0,0.0,0.0
29254000000,4038,0,,0,-0.29938456416130066,0.33887970447540283,0.3099806308746338,1.0,0.0,0.0,0.0,0.0
29256000000,4039,0,,0,-0.29948508739471436,-0.01910836435854435,-0.09902375191450119,1.0,0.0,0.0,0.0,0.0
29258000000,4040,0,,0,0.244133859872818,-0.3097704350948334,-0.360056608915329,1.0,0.0,0.0,0.0,0.0
29260000000,4041,0,,0,-0.3657761812210083,0.22667726874351501,0.15580928325653076,1.0,0.0,0.0,0.0,0.0
29262000000,4042,0,,0,-0.3313666880130768,-0.11165112257003784,0.1292126625776291,1.0,0.0,0.0,0.0,0.0
29264000000,4043,0,,0,-0.21145015954971313,0.06862751394510269,-0.08964791148900986,1.0,0.0,0.0,0.0,0.0
29266000000,4044,0,,0,-0.22589533030986786,0.01008296012878418,0.37767764925956726,1.0,0.0,0.0,0.0,0.0
29268000000,4045,0,,0,0.24118201434612274,-0.2552553415298462,-0.13473814725875854,1.0,0.0,0.0,0.0,0.0
29270000000,4046,0,,0,-0.3488238751888275,-0.08734268695116043,0.1158122718334198,1.0,0.0,0.0,0.0,0.0
29272000000,4047,0,,0,0.02445339784026146,-0.3396669328212738,-0.17489279806613922,1.0,0.0,0.0,0.0,0.0
29274000000,4048,0,,0,0.17380492389202118,-0.3041091561317444,0.09030625224113464,1.0,0.0,0.0,0.0,0.0
29276000000,4049,0,,0,-0.0601777508854866,-0.23046083748340607,0.04651239514350891,1.0,0.0,0.0,0.0,0.0
29277000000,4050,0,,0,0.10410962998867035,0.22633272409439087,0.04760380834341049,1.0,0.0,0.0,0.0,0.0
29280000000,4051,0,,0,0.14389759302139282,0.0012707094429060817,-0.3916192352771759,1.0,0.0,0.0,0.0,0.0
29282000000,4052,0,,0,0.16061437129974365,0.32328134775161743,0.3980383574962616,1.0,0.0,0.0,0.0,0.0
29284000000,4053,0,,0,0.187861829996109,-0.3270361125469208,-0.02823479287326336,1.0,0.0,0.0,0.0,0.0
29286000000,4054,0,,0,-0.10847318917512894,-0.18426518142223358,-0.28443607687950134,1.0,0.0,0.0,0.0,0.0
29288000000,4055,0,,0,-0.14817968010902405,-0.02597837522625923,-0.3130399286746979,1.0,0.0,0.0,0.0,0.0
29290000000,4056,0,,0,0.02795000560581684,-0.14311768114566803,-0.0246487595140934,1.0,0.0,0.0,0.0,0.0
29292000000,4057,0,,0,0.3329874277114868,0.3656056821346283,-0.26576313376426697,1.0,0.0,0.0,0.0,0.0
29294000000,4058,0,,0,0.34933629631996155,-0.25480496883392334,-0.3315739333629608,1.0,0.0,0.0,0.0,0.0
29296000000,4059,0,,0,0.06124205142259598,0.1992667019367218,-0.0737677663564682,1.0,0.0,0.0,0.0,0.0
29298000000,4060,0,,0,0.1700240522623062,0.14011920988559723,0.32644322514533997,1.0,0.0,0.0,0.0,0.0
29300000000,4061,0,,0,0.16201026737689972,-0.21249842643737793,-0.057808905839920044,1.0,0.0,0.0,0.0,0.0
29301000000,4062,0,,0,0.22587905824184418,0.2038884460926056,-0.01524537056684494,1.0,0.0,0.0,0.0,0.0
29304000000,4063,0,,0,0.3783508241176605,0.1003827378153801,0.10341472923755646,1.0,0.0,0.0,0.0,0.0
29306000000,4064,0,,0,-0.07394836843013763,-0.163837730884552,0.05670465901494026,1.0,0.0,0.0,0.0,0.0
29308000000,4065,0,,0,-0.25297653675079346,0.2575201392173767,-0.3913664221763611,1.0,0.0,0.0,0.0,0.0
29310000000,4066,0,,0,-0.2515842318534851,-0.3978269398212433,-0.14287661015987396,1.0,0.0,0.0,0.0,0.0
29312000000,4067,0,,0,-0.28692299127578735,0.3287276029586792,0.3870464265346527,1.0,0.0,0.0,0.0,0.0
29313000000,4068,0,,0,0.09542156010866165,0.29272106289863586,0.05768252909183502,1.0,0.0,0.0,0.0,0.0
29315000000,4069,0,,0,-0.26469698548316956,0.21605414152145386,-0.21708564460277557,1.0,0.0,0.0,0.0,0.0
29318000000,4070,0,,0,-0.353746235370636,0.3981671929359436,0.03600587323307991,1.0,0.0,0.0,0.0,0.0
29319000000,4071,0,,0,-0.05467371642589569,-0.36429521441459656,0.135285422205925,1.0,0.0,0.0,0.0,0.0
29322000000,4072,0,,0,-0.32180073857307434,0.008235868066549301,-0.36556950211524963,1.0,0.0,0.0,0.0,0.0
29323000000,4073,0,,0,-0.32433080673217773,0.11541418731212616,0.13865338265895844,1.0,0.0,0.0,0.0,0.0
29326000000,4074,0,,0,-0.35896140336990356,0.22245125472545624,-0.39249327778816223,1.0,0.0,0.0,0.0,0.0
29327000000,4075,0,,0,0.11603841930627823,0.012523594312369823,0.38184449076652527,1.0,0.0,0.0,0.0,0.0
29329000000,4076,0,,0,0.3117755055427551,0.26968497037887573,0.34999531507492065,1.0,0.0,0.0,0.0,0.0
29331000000,4077,0,,0,0.38261574506759644,0.34570756554603577,-0.23800644278526306,1.0,0.0,0.0,0.0,0.0
29333000000,4078,0,,0,-0.06004909798502922,-0.09491114318370819,-0.17515556514263153,1.0,0.0,0.0,0.0,0.0
29335000000,4079,0,,0,-0.22752483189105988,0.1322859227657318,0.386853963136673,1.0,0.0,0.0,0.0,0.0
29338000000,4080,0,,0,-0.3357951045036316,-0.06612672656774521,-0.3415476679801941,1.0,0.0,0.0,0.0,0.0
29340000000,4081,0,,0,-0.23691926896572113,-0.1774744838476181,-0.3985980451107025,1.0,0.0,0.0,0.0,0.0
29341000000,4082,0,,0,-0.006289847195148468,-0.06540479511022568,0.23919472098350525,1.0,0.0,0.0,0.0,0.0
29343000000,4083,0,,0,0.04685191065073013,0.16450442373752594,-0.18835775554180145,1.0,0.0,0.0,0.0,0.0
29345000000,4084,0,,0,-0.13534174859523773,0.1016186997294426,0.2573961913585663,1.0,0.0,0.0,0.0,0.0
29347000000,4085,0,,0,0.27860668301582336,0.015614543110132217,0.08340167254209518,1.0,0.0,0.0,0.0,0.0
29350000000,4086,0,,0,-0.15548618137836456,0.09117507934570312,-0.18340009450912476,1.0,0.0,0.0,0.0,0.0
29352000000,4087,0,,0,0.09439195692539215,0.19350703060626984,-0.3519446551799774,1.0,0.0,0.0,0.0,0.0
29353000000,4088,0,,0,0.04735952615737915,-0.2755320072174072,-0.3712555468082428,1.0,0.0,0.0,0.0,0.0
29356000000,4089,0,,0,0.21695083379745483,-0.26725128293037415,0.2906650900840759,1.0,0.0,0.0,0.0,0.0
29358000000,4090,0,,0,0.15775857865810394,0.127212792634964,-0.17341522872447968,1.0,0.0,0.0,0.0,0.0
29360000000,4091,0,,0,-0.13066068291664124,0.34794414043426514,0.38113635778427124,1.0,0.0,0.0,0.0,0.0
29363000000,4092,0,,0,0.12843836843967438,-0.20657584071159363,0.36102160811424255,1.0,0.0,0.0,0.0,0.0
29365000000,4093,0,,0,-0.031041033565998077,-0.15212425589561462,0.25658610463142395,1.0,0.0,0.0,0.0,0.0
29367000000,4094,0,,0,-0.2640570104122162,-0.1662166714668274,-0.30397745966911316,1.0,0.0,0.0,0.0,0.0
29368000000,4095,0,,0,-0.2813405692577362,-0.34201356768608093,-0.30130743980407715,1.0,0.0,0.0,0.0,0.0
29370000000,4096,0,,0,0.2531272768974304,-0.0295341107994318,0.32028016448020935,1.0,0.0,0.0,0.0,0.0
29371000000,4097,0,,0,-0.05137961357831955,0.37960878014564514,0.020795851945877075,1.0,0.0,0.0,0.0,0.0
29374000000,4098,0,,0,0.2229718267917633,0.3868364095687866,-0.08908858895301819,1.0,0.0,0.0,0.0,0.0
29376000000,4099,0,,0,0.32843369245529175,0.041996147483587265,-0.02244420535862446,1.0,0.0,0.0,0.0,0.0
29378000000,4100,0,,0,-0.24217218160629272,0.24083857238292694,0.087946817278862,1.0,0.0,0.0,0.0,0.0
29380000000,4101,0,,0,0.19446156919002533,-0.2982778549194336,-0.32128670811653137,1.0,0.0,0.0,0.0,0.0
29383000000,4102,0,,0,0.32380372285842896,0.103068508207798,0.23800233006477356,1.0,0.0,0.0,0.0,0.0
29384000000,4103,0,,0,0.01867550052702427,0.022905809804797173,-0.3246822953224182,1.0,0.0,0.0,0.0,0.0
29386000000,4104,0,,0,-0.23439481854438782,-0.39550837874412537,-0.1542028933763504,1.0,0.0,0.0,0.0,0.0
29388000000,4105,0,,0,0.061872005462646484,0.12075506150722504,-0.23345579206943512,1.0,0.0,0.0,0.0,0.0
29390000000,4106,0,,0,0.26362234354019165,-0.25245288014411926,-0.05140799283981323,1.0,0.0,0.0,0.0,0.0
29392000000,4107,0,,0,0.29684099555015564,-0.031102772802114487,-0.3105173110961914,1.0,0.0,0.0,0.0,0.0
29394000000,4108,0,,0,0.18599486351013184,0.38068461418151855,0.09769046306610107,1.0,0.0,0.0,0.0,0.0
29396000000,4109,0,,0,0.32275786995887756,-0.14955571293830872,-0.18004055321216583,1.0,0.0,0.0,0.0,0.0
29397000000,4110,0,,0,-0.0794093981385231,-0.03799646720290184,-0.01656791940331459,1.0,0.0,0.0,0.0,0.0
29399000000,4111,0,,0,-0.046288806945085526,0.030850529670715332,0.19648103415966034,1.0,0.0,0.0,0.0,0.0
29401000000,4112,0,,0,0.04270331189036369,0.3071949779987335,-0.35701730847358704,1.0,0.0,0.0,0.0,0.0
29403000000,4113,0,,0,-0.13127601146697998,-0.3854745924472809,-0.11811823397874832,1.0,0.0,0.0,0.0,0.0
29406000000,4114,0,,0,-0.12019412219524384,0.019550664350390434,0.3636181354522705,1.0,0.0,0.0,0.0,0.0
29409000000,4115,0,,0,-0.1522875428199768,0.16811427474021912,0.13110138475894928,1.0,0.0,0.0,0.0,0.0
29411000000,4116,0,,0,0.041644174605607986,-0.12185350805521011,0.18998849391937256,1.0,0.0,0.0,0.0,0.0
29413000000,4117,0,,0,0.09406749904155731,0.26990804076194763,0.33337023854255676,1.0,0.0,0.0,0.0,0.0
29416000000,4118,0,,0,-0.3652647137641907,-0.29843512177467346,0.37441307306289673,1.0,0.0,0.0,0.0,0.0
29419000000,4119,0,,0,0.09021203964948654,-0.23013031482696533,-0.3139401376247406,1.0,0.0,0.0,0.0,0.0
29421000000,4120,0,,0,-0.18611553311347961,-0.1258447915315628,-0.25056490302085876,1.0,0.0,0.0,0.0,0.0
29423000000,4121,0,,0,0.3588017523288727,-0.014768107794225216,0.03186417371034622,1.0,0.0,0.0,0.0,0.0
29425000000,4122,0,,0,-0.29299303889274597,-0.2145024836063385,0.12342853099107742,1.0,0.0,0.0,0.0,0.0
29426000000,4123,0,,0,0.0028263251297175884,-0.12848010659217834,0.19638602435588837,1.0,0.0,0.0,0.0,0.0
29428000000,4124,0,,0,-0.2393837869167328,-0.34926050901412964,-0.35696783661842346,1.0,0.0,0.0,0.0,0.0
29431000000,4125,0,,0,-0.20160695910453796,-0.14021265506744385,0.015749111771583557,1.0,0.0,0.0,0.0,0.0
29433000000,4126,0,,0,-0.33363422751426697,0.16973650455474854,-0.000701691722497344,1.0,0.0,0.0,0.0,0.0
29435000000,4127,0,,0,0.014029482379555702,-0.034329671412706375,0.009118221700191498,1.0,0.0,0.0,0.0,0.0
29435000000,4128,0,,0,-0.11341914534568787,-0.04761664569377899,-0.05012989416718483,1.0,0.0,0.0,0.0,0.0
29436000000,4129,0,,0,0.036292389035224915,-0.25782665610313416,-0.07310374081134796,1.0,0.0,0.0,0.0,0.0
29437000000,4130,0,,0,0.30230504274368286,-0.2329363077878952,0.3538971543312073,1.0,0.0,0.0,0.0,0.0
29439000000,4131,0,,0,0.023164598271250725,0.12027154117822647,0.06717195361852646,1.0,0.0,0.0,0.0,0.0
29441000000,4132,0,,0,0.20043307542800903,0.3008274435997009,0.3865731656551361,1.0,0.0,0.0,0.0,0.0
29443000000,4133,0,,0,-0.14729952812194824,0.17943860590457916,-0.0690535232424736,1.0,0.0,0.0,0.0,0.0
29445000000,4134,0,,0,0.2045915573835373,0.3522861897945404,-0.044882405549287796,1.0,0.0,0.0,0.0,0.0
29447000000,4135,0,,0,0.3749191164970398,-0.3359430730342865,0.2782014310359955,1.0,0.0,0.0,0.0,0.0
29449000000,4136,0,,0,-0.1614072322845459,-0.18980327248573303,0.0053581735119223595,1.0,0.0,0.0,0.0,0.0
29451000000,4137,0,,0,0.016908317804336548,0.24948802590370178,-0.14101773500442505,1.0,0.0,0.0,0.0,0.0
29453000000,4138,0,,0,0.2329762876033783,-0.21715879440307617,-0.20658527314662933,1.0,0.0,0.0,0.0,0.0
29455000000,4139,0,,0,-0.2296162098646164,-0.2195652574300766,-0.11269110441207886,1.0,0.0,0.0,0.0,0.0
29457000000,4140,0,,0,-0.25552526116371155,-0.33434751629829407,0.3781123161315918,1.0,0.0,0.0,0.0,0.0
29459000000,4141,0,,0,0.22693592309951782,-0.27486300468444824,-0.239686980843544,1.0,0.0,0.0,0.0,0.0
29461000000,4142,0,,0,-0.004766904748976231,-0.30826112627983093,0.13185013830661774,1.0,0.0,0.0,0.0,0.0
29463000000,4143,0,,0,-0.08165856450796127,-0.23150812089443207,-0.23076404631137848,1.0,0.0,0.0,0.0,0.0
29465000000,4144,0,,0,0.20971181988716125,0.21356429159641266,0.02095942385494709,1.0,0.0,0.0,0.0,0.0
29467000000,4145,0,,0,-0.15980276465415955,-0.057915136218070984,-0.30513715744018555,1.0,0.0,0.0,0.0,0.0
29469000000,4146,0,,0,0.3947526812553406,-0.3622591495513916,0.3263208270072937,1.0,0.0,0.0,0.0,0.0
29471000000,4147,0,,0,0.1972394734621048,0.2958826422691345,0.3896316587924957,1.0,0.0,0.0,0.0,0.0
29473000000,4148,0,,0,-0.023999422788619995,0.13444441556930542,0.3389170169830322,1.0,0.0,0.0,0.0,0.0
29475000000,4149,0,,0,0.030799951404333115,-0.3999583423137665,-0.2855750620365143,1.0,0.0,0.0,0.0,0.0
29477000000,4150,0,,0,-0.0009866312611848116,0.058832891285419464,-0.05602940917015076,1.0,0.0,0.0,0.0,0.0
29479000000,4151,0,,0,0.2109087109565735,-0.321977436542511,-0.33141329884529114,1.0,0.0,0.0,0.0,0.0
29481000000,4152,0,,0,0.06946681439876556,-0.23803021013736725,-0.2860432267189026,1.0,0.0,0.0,0.0,0.0
29483000000,4153,0,,0,0.27542927861213684,0.1473097950220108,-0.36015114188194275,1.0,0.0,0.0,0.0,0.0
29485000000,4154,0,,0,0.16156917810440063,0.0987735167145729,0.17789772152900696,1.0,0.0,0.0,0.0,0.0
29487000000,4155,0,,0,0.12859538197517395,0.2824881672859192,-0.016823047772049904,1.0,0.0,0.0,0.0,0.0
29489000000,4156,0,,0,-0.30138304829597473,-0.2809082269668579,-0.3455677926540375,1.0,0.0,0.0,0.0,0.0
29491000000,4157,0,,0,-0.2594316601753235,0.36703699827194214,0.31978148221969604,1.0,0.0,0.0,0.0,0.0
29493000000,4158,0,,0,-0.17121224105358124,-0.02143806591629982,-0.07106929272413254,1.0,0.0,0.0,0.0,0.0
29495000000,4159,0,,0,0.18732966482639313,-0.1049901619553566,-0.03498385474085808,1.0,0.0,0.0,0.0,0.0
29498000000,4160,0,,0,0.06266078352928162,0.09164943546056747,0.10805033892393112,1.0,0.0,0.0,0.0,0.0
29499000000,4161,0,,0,0.14895081520080566,0.0832662433385849,0.21797515451908112,1.0,0.0,0.0,0.0,0.0
29501000000,4162,0,,0,-0.03890753909945488,-0.30265873670578003,0.165033221244812,1.0,0.0,0.0,0.0,0.0
29503000000,4163,0,,0,-0.10701121389865875,0.19719277322292328,-0.297283411026001,1.0,0.0,0.0,0.0,0.0
29505000000,4164,0,,0,-0.30891153216362,0.06557619571685791,-0.04051773250102997,1.0,0.0,0.0,0.0,0.0
29507000000,4165,0,,0,-0.022626226767897606,-0.32352927327156067,-0.2835056483745575,1.0,0.0,0.0,0.0,0.0
29509000000,4166,0,,0,-0.21668396890163422,0.06177816540002823,-0.25536537170410156,1.0,0.0,0.0,0.0,0.0
29511000000,4167,0,,0,-0.06406420469284058,0.2326137125492096,-0.2869974970817566,1.0,0.0,0.0,0.0,0.0
29513000000,4168,0,,0,-0.18887698650360107,0.33211976289749146,0.18360935151576996,1.0,0.0,0.0,0.0,0.0
29516000000,4169,0,,0,0.08908543735742569,0.03150104358792305,0.08065860718488693,1.0,0.0,0.0,0.0,0.0
29518000000,4170,0,,0,-0.139990895986557,0.1433205008506775,0.3860895037651062,1.0,0.0,0.0,0.0,0.0
29519000000,4171,0,,0,-0.06257180869579315,0.03759979084134102,-0.09906011819839478,1.0,0.0,0.0,0.0,0.0
29521000000,4172,0,,0,0.1611679047346115,-0.03827205300331116,-0.369690865278244,1.0,0.0,0.0,0.0,0.0
29523000000,4173,0,,0,-0.2827644348144531,0.3285234868526459,0.317888081073761,1.0,0.0,0.0,0.0,0.0
29525000000,4174,0,,0,-0.34822699427604675,0.33584195375442505,0.27312347292900085,1.0,0.0,0.0,0.0,0.0
29527000000,4175,0,,0,-0.341928631067276,0.16858325898647308,0.00809906329959631,1.0,0.0,0.0,0.0,0.0
29529000000,4176,0,,0,0.24384044110774994,-0.33751294016838074,0.02450018934905529,1.0,0.0,0.0,0.0,0.0
29531000000,4177,0,,0,-0.03851884976029396,0.020008575171232224,0.3746230900287628,1.0,0.0,0.0,0.0,0.0
29533000000,4178,0,,0,-0.11943364888429642,-0.047813814133405685,-0.3565334379673004,1.0,0.0,0.0,0.0,0.0
29535000000,4179,0,,0,-0.0630190521478653,-0.35818934440612793,-0.015633076429367065,1.0,0.0,0.0,0.0,0.0
29537000000,4180,0,,0,0.29445815086364746,0.3501746952533722,-0.08168157190084457,1.0,0.0,0.0,0.0,0.0
29539000000,4181,0,,0,0.3244825303554535,-0.37736696004867554,-0.13238850235939026,1.0,0.0,0.0,0.0,0.0
29541000000,4182,0,,0,0.26143088936805725,0.03060995601117611,0.33790123462677,1.0,0.0,0.0,0.0,0.0
29543000000,4183,0,,0,-0.33075034618377686,0.1643882840871811,-0.10672444105148315,1.0,0.0,0.0,0.0,0.0
29545000000,4184,0,,0,-0.28478896617889404,0.28365233540534973,0.3551780879497528,1.0,0.0,0.0,0.0,0.0
29547000000,4185,0,,0,0.08234664052724838,-0.28590551018714905,-0.11238034069538116,1.0,0.0,0.0,0.0,0.0
29549000000,4186,0,,0,0.326198011636734,-0.1482754498720169,-0.27434366941452026,1.0,0.0,0.0,0.0,0.0
29551000000,4187,0,,0,-0.14488229155540466,-0.16564883291721344,-0.21343505382537842,1.0,0.0,0.0,0.0,0.0
29553000000,4188,0,,0,-0.2006450891494751,-0.12437350302934647,-0.3935774564743042,1.0,0.0,0.0,0.0,0.0
29555000000,4189,0,,0,0.009754499420523643,0.3774501383304596,-0.3823072612285614,1.0,0.0,0.0,0.0,0.0
29557000000,4190,0,,0,0.3910007178783417,0.31943079829216003,-0.04083888232707977,1.0,0.0,0.0,0.0,0.0
29559000000,4191,0,,0,-0.36721956729888916,0.15998956561088562,-0.26424896717071533,1.0,0.0,0.0,0.0,0.0
29561000000,4192,0,,0,-0.09246642142534256,-0.27365541458129883,-0.06382199376821518,1.0,0.0,0.0,0.0,0.0
29563000000,4193,0,,0,0.26438793540000916,-0.1842973530292511,0.3604905903339386,1.0,0.0,0.0,0.0,0.0
29565000000,4194,0,,0,0.17851196229457855,0.061232924461364746,-0.19718042016029358,1.0,0.0,0.0,0.0,0.0
29567000000,4195,0,,0,-0.3227677047252655,0.06860456615686417,0.38335955142974854,1.0,0.0,0.0,0.0,0.0
29569000000,4196,0,,0,-0.024909283965826035,0.2651129364967346,0.07820440828800201,1.0,0.0,0.0,0.0,0.0
29571000000,4197,0,,0,0.17425435781478882,-0.34941065311431885,0.03800688311457634,1.0,0.0,0.0,0.0,0.0
29573000000,4198,0,,0,-0.1520232856273651,0.06830931454896927,-0.34526434540748596,1.0,0.0,0.0,0.0,0.0
29575000000,4199,0,,0,-0.19284899532794952,-0.3973420262336731,-0.2295076847076416,1.0,0.0,0.0,0.0,0.0
29577000000,4200,0,,0,-0.22000887989997864,0.1718238890171051,-0.009624469093978405,1.0,0.0,0.0,0.0,0.0
29579000000,4201,0,,0,-0.07740675657987595,0.15817028284072876,-0.3439417779445648,1.0,0.0,0.0,0.0,0.0
29581000000,4202,0,,0,0.31794190406799316,-0.3819095194339752,-0.2870664894580841,1.0,0.0,0.0,0.0,0.0
29583000000,4203,0,,0,-0.17187806963920593,0.05382538214325905,-0.36991217732429504,1.0,0.0,0.0,0.0,0.0
29585000000,4204,0,,0,-0.13917116820812225,-0.3226391077041626,-0.38915205001831055,1.0,0.0,0.0,0.0,0.0
29587000000,4205,0,,0,-0.08650658279657364,0.27225399017333984,-0.12753500044345856,1.0,0.0,0.0,0.0,0.0
29589000000,4206,0,,0,0.2794862389564514,-0.2794736325740814,0.3281172513961792,1.0,0.0,0.0,0.0,0.0
29591000000,4207,0,,0,-0.17552949488162994,-0.23130226135253906,0.17007169127464294,1.0,0.0,0.0,0.0,0.0
29593000000,4208,0,,0,0.2318372279405594,0.30407261848449707,-0.38545820116996765,1.0,0.0,0.0,0.0,0.0
29595000000,4209,0,,0,-0.004770372528582811,-0.20469239354133606,-0.20828509330749512,1.0,0.0,0.0,0.0,0.0
29597000000,4210,0,,0,0.3572256863117218,0.2506709694862366,-0.16435444355010986,1.0,0.0,0.0,0.0,0.0
29599000000,4211,0,,0,0.09923923760652542,-0.2770783305168152,0.13830165565013885,1.0,0.0,0.0,0.0,0.0
29601000000,4212,0,,0,0.34188273549079895,-0.20345409214496613,0.25303274393081665,1.0,0.0,0.0,0.0,0.0
29603000000,4213,0,,0,0.17360319197177887,0.3575724959373474,-0.2191425859928131,1.0,0.0,0.0,0.0,0.0
29605000000,4214,0,,0,-0.1512010097503662,0.0954877957701683,-0.08401256799697876,1.0,0.0,0.0,0.0,0.0
29607000000,4215,0,,0,-0.17502537369728088,-0.018909601494669914,0.0021622066851705313,1.0,0.0,0.0,0.0,0.0
29609000000,4216,0,,0,0.3987073302268982,-0.37848135828971863,-0.12106767296791077,1.0,0.0,0.0,0.0,0.0
29611000000,4217,0,,0,-0.35331517457962036,-0.3199884593486786,0.0028477387968450785,1.0,0.0,0.0,0.0,0.0
29613000000,4218,0,,0,-0.21287256479263306,-0.20265905559062958,0.0569913350045681,1.0,0.0,0.0,0.0,0.0
29615000000,4219,0,,0,0.1590794175863266,-0.23970739543437958,-0.3972107768058777,1.0,0.0,0.0,0.0,0.0
29617000000,4220,0,,0,-0.12181028723716736,0.10011536628007889,-0.13774871826171875,1.0,0.0,0.0,0.0,0.0
29619000000,4221,0,,0,0.09629655629396439,-0.2742084562778473,0.1735147088766098,1.0,0.0,0.0,0.0,0.0
29621000000,4222,0,,0,-0.05763908475637436,0.2829533517360687,-0.26960620284080505,1.0,0.0,0.0,0.0,0.0
29623000000,4223,0,,0,0.20311878621578217,0.33461740612983704,-0.25128352642059326,1.0,0.0,0.0,0.0,0.0
29625000000,4224,0,,0,0.24299320578575134,-0.02813585475087166,0.022707374766469002,1.0,0.0,0.0,0.0,0.0
29627000000,4225,0,,0,-0.2962508797645569,-0.02459782175719738,-0.13769538700580597,1.0,0.0,0.0,0.0,0.0
29629000000,4226,0,,0,-0.3714549243450165,0.09166248142719269,-0.39085817337036133,1.0,0.0,0.0,0.0,0.0
29632000000,4227,0,,0,-0.274228572845459,0.26329508423805237,-0.24219195544719696,1.0,0.0,0.0,0.0,0.0
29633000000,4228,0,,0,-0.12461045384407043,0.19890764355659485,0.07332393527030945,1.0,0.0,0.0,0.0,0.0
29635000000,4229,0,,0,-0.2202625274658203,0.19852301478385925,-0.3439686894416809,1.0,0.0,0.0,0.0,0.0
29637000000,4230,0,,0,0.167661651968956,-0.3065272569656372,-0.32545676827430725,1.0,0.0,0.0,0.0,0.0
29639000000,4231,0,,0,-0.2585084140300751,-0.12762871384620667,-0.2576666474342346,1.0,0.0,0.0,0.0,0.0
29641000000,4232,0,,0,-0.2122960388660431,-0.18759946525096893,0.05199858173727989,1.0,0.0,0.0,0.0,0.0
29643000000,4233,0,,0,-0.28722357749938965,-0.11580155044794083,-0.15169329941272736,1.0,0.0,0.0,0.0,0.0
29646000000,4234,0,,0,0.12567107379436493,0.17593783140182495,-0.18962572515010834,1.0,0.0,0.0,0.0,0.0
29648000000,4235,0,,0,-0.0051804580725729465,0.17994222044944763,-0.35632413625717163,1.0,0.0,0.0,0.0,0.0
29650000000,4236,0,,0,0.20110024511814117,-0.22056251764297485,0.007964630611240864,1.0,0.0,0.0,0.0,0.0
29651000000,4237,0,,0,0.15449821949005127,-0.02763264626264572,-0.027469083666801453,1.0,0.0,0.0,0.0,0.0
29653000000,4238,0,,0,0.2752339839935303,-0.3386668264865875,-0.27300527691841125,1.0,0.0,0.0,0.0,0.0
29655000000,4239,0,,0,0.31605181097984314,0.2219201922416687,0.3810562789440155,1.0,0.0,0.0,0.0,0.0
29657000000,4240,0,,0,0.23605510592460632,0.17687642574310303,0.265124648809433,1.0,0.0,0.0,0.0,0.0
29659000000,4241,0,,0,-0.03824217617511749,0.29656875133514404,0.23013044893741608,1.0,0.0,0.0,0.0,0.0
29662000000,4242,0,,0,-0.13284996151924133,-0.34630998969078064,0.22091053426265717,1.0,0.0,0.0,0.0,0.0
29663000000,4243,0,,0,-0.2956770956516266,-0.31002941727638245,-0.27828601002693176,1.0,0.0,0.0,0.0,0.0
29665000000,4244,0,,0,0.015780331566929817,-0.011716279201209545,0.14492681622505188,1.0,0.0,0.0,0.0,0.0
29668000000,4245,0,,0,0.3391275405883789,-0.04709179699420929,-0.3788977861404419,1.0,0.0,0.0,0.0,0.0
29669000000,4246,0,,0,-0.13835525512695312,-0.03157689422369003,-0.3123380243778229,1.0,0.0,0.0,0.0,0.0
29671000000,4247,0,,0,0.26029425859451294,-0.06395478546619415,-0.1969146877527237,1.0,0.0,0.0,0.0,0.0
29673000000,4248,0,,0,0.3110882043838501,0.2595529556274414,-0.1752978265285492,1.0,0.0,0.0,0.0,0.0
29675000000,4249,0,,0,-0.3927207589149475,-0.32885241508483887,-0.027057118713855743,1.0,0.0,0.0,0.0,0.0
29677000000,4250,0,,0,-0.352461040019989,-0.168723002076149,-0.2660689055919647,1.0,0.0,0.0,0.0,0.0
29679000000,4251,0,,0,-0.315084308385849,-0.23082254827022552,-0.19800244271755219,1.0,0.0,0.0,0.0,0.0
29681000000,4252,0,,0,0.00029151668422855437,0.37802159786224365,0.05165202170610428,1.0,0.0,0.0,0.0,0.0
29683000000,4253,0,,0,0.27711325883865356,0.2527537941932678,-0.28244099020957947,1.0,0.0,0.0,0.0,0.0
29685000000,4254,0,,0,0.39278918504714966,0.08306167274713516,-0.39918214082717896,1.0,0.0,0.0,0.0,0.0
29687000000,4255,0,,0,-0.1445869356393814,0.10985112935304642,0.07059680670499802,1.0,0.0,0.0,0.0,0.0
29689000000,4256,0,,0,0.3300001919269562,0.25154370069503784,0.34910058975219727,1.0,0.0,0.0,0.0,0.0
29692000000,4257,0,,0,-0.37353336811065674,-0.16843384504318237,0.04777264967560768,1.0,0.0,0.0,0.0,0.0
29693000000,4258,0,,0,-0.21204884350299835,-0.11821892112493515,-0.06319942325353622,1.0,0.0,0.0,0.0,0.0
29695000000,4259,0,,0,-0.35386329889297485,0.08539604395627975,-0.013818508945405483,1.0,0.0,0.0,0.0,0.0
29697000000,4260,0,,0,0.36096543073654175,0.32633301615715027,-0.13253429532051086,1.0,0.0,0.0,0.0,0.0
29699000000,4261,0,,0,0.3508564829826355,0.02807239443063736,0.34148356318473816,1.0,0.0,0.0,0.0,0.0
29701000000,4262,0,,0,-0.2540719211101532,-0.030109139159321785,0.1149817630648613,1.0,0.0,0.0,0.0,0.0
29703000000,4263,0,,0,0.338009774684906,0.2444297969341278,-0.07100193947553635,1.0,0.0,0.0,0.0,0.0
29705000000,4264,0,,0,-0.20156365633010864,-0.35455214977264404,0.3154277205467224,1.0,0.0,0.0,0.0,0.0
29707000000,4265,0,,0,0.010336162522435188,-0.39027372002601624,-0.3045501410961151,1.0,0.0,0.0,0.0,0.0
29709000000,4266,0,,0,-0.09997361898422241,-0.10514305531978607,0.15720297396183014,1.0,0.0,0.0,0.0,0.0
29711000000,4267,0,,0,0.3676145076751709,-0.3447102904319763,0.2721995413303375,1.0,0.0,0.0,0.0,0.0
29713000000,4268,0,,0,0.35434862971305847,0.37173229455947876,0.05473348870873451,1.0,0.0,0.0,0.0,0.0
29715000000,4269,0,,0,0.22742272913455963,0.37575021386146545,0.2743681073188782,1.0,0.0,0.0,0.0,0.0
29717000000,4270,0,,0,0.021808961406350136,0.116614930331707,-0.24896682798862457,1.0,0.0,0.0,0.0,0.0
29719000000,4271,0,,0,0.12962393462657928,0.1052425429224968,0.04009844362735748,1.0,0.0,0.0,0.0,0.0
29721000000,4272,0,,0,0.3845679759979248,-0.20729146897792816,-0.23129765689373016,1.0,0.0,0.0,0.0,0.0
29723000000,4273,0,,0,0.3309778869152069,-0.17179085314273834,-0.36436137557029724,1.0,0.0,0.0,0.0,0.0
29725000000,4274,0,,0,-0.27827712893486023,0.1671954095363617,0.03836945816874504,1.0,0.0,0.0,0.0,0.0
29727000000,4275,0,,0,0.3949042558670044,-0.23884262144565582,-0.05830422043800354,1.0,0.0,0.0,0.0,0.0
29729000000,4276,0,,0,0.23920848965644836,0.18689867854118347,-0.13655267655849457,1.0,0.0,0.0,0.0,0.0
29731000000,4277,0,,0,0.35499686002731323,-0.27889320254325867,-0.386063814163208,1.0,0.0,0.0,0.0,0.0
29733000000,4278,0,,0,-0.26744022965431213,0.3288673758506775,-0.14804717898368835,1.0,0.0,0.0,0.0,0.0
29735000000,4279,0,,0,0.3693706691265106,-0.19920073449611664,0.1702931821346283,1.0,0.0,0.0,0.0,0.0
29737000000,4280,0,,0,-0.2895902097225189,0.0034626973792910576,-0.05936521291732788,1.0,0.0,0.0,0.0,0.0
29739000000,4281,0,,0,0.06382396817207336,0.21066884696483612,0.00695747509598732,1.0,0.0,0.0,0.0,0.0
29741000000,4282,0,,0,-0.39499810338020325,-0.1614467352628708,0.1508488953113556,1.0,0.0,0.0,0.0,0.0
29743000000,4283,0,,0,-0.18911977112293243,-0.3236968219280243,0.3694569766521454,1.0,0.0,0.0,0.0,0.0
29745000000,4284,0,,0,-0.1572207659482956,-0.06358468532562256,0.18454885482788086,1.0,0.0,0.0,0.0,0.0
29747000000,4285,0,,0,0.29652324318885803,-0.0875500962138176,-0.005677047185599804,1.0,0.0,0.0,0.0,0.0
29749000000,4286,0,,0,-0.3761362135410309,-0.1966388076543808,0.3583276569843292,1.0,0.0,0.0,0.0,0.0
29751000000,4287,0,,0,0.05135774239897728,0.15913577377796173,0.08063340187072754,1.0,0.0,0.0,0.0,0.0
29753000000,4288,0,,0,0.2834814786911011,0.08834134042263031,-0.22702530026435852,1.0,0.0,0.0,0.0,0.0
29755000000,4289,0,,0,-0.378028005361557,0.1708771288394928,-0.3510926067829132,1.0,0.0,0.0,0.0,0.0
29757000000,4290,0,,0,-0.2362457513809204,-0.36591747403144836,-0.09415917098522186,1.0,0.0,0.0,0.0,0.0
29759000000,4291,0,,0,-0.3262860178947449,-0.10740414261817932,0.10246139764785767,1.0,0.0,0.0,0.0,0.0
29761000000,4292,0,,0,-0.09352444857358932,0.16279880702495575,-0.21812881529331207,1.0,0.0,0.0,0.0,0.0
29763000000,4293,0,,0,-0.29677683115005493,0.18433284759521484,0.17894192039966583,1.0,0.0,0.0,0.0,0.0
29765000000,4294,0,,0,0.3736615478992462,0.2848633825778961,0.3583427369594574,1.0,0.0,0.0,0.0,0.0
29767000000,4295,0,,0,-0.17900431156158447,0.08225918561220169,-0.18061602115631104,1.0,0.0,0.0,0.0,0.0
29769000000,4296,0,,0,-0.11482783406972885,-0.04722984880208969,0.06533978879451752,1.0,0.0,0.0,0.0,0.0
29771000000,4297,0,,0,0.1528788059949875,0.1247745230793953,-0.32475805282592773,1.0,0.0,0.0,0.0,0.0
29773000000,4298,0,,0,0.18632593750953674,-0.2520700991153717,0.18766023218631744,1.0,0.0,0.0,0.0,0.0
29775000000,4299,0,,0,0.054151926189661026,-0.10544741153717041,0.16964611411094666,1.0,0.0,0.0,0.0,0.0
29777000000,4300,0,,0,0.17953982949256897,0.038342781364917755,-0.12125352025032043,1.0,0.0,0.0,0.0,0.0
29779000000,4301,0,,0,0.12106859683990479,-0.2547576427459717,-0.3684212863445282,1.0,0.0,0.0,0.0,0.0
29781000000,4302,0,,0,-0.0736059695482254,-0.07838481664657593,0.37341466546058655,1.0,0.0,0.0,0.0,0.0
29783000000,4303,0,,0,0.13269957900047302,0.12328177690505981,-0.2342262715101242,1.0,0.0,0.0,0.0,0.0
29785000000,4304,0,,0,-0.22837811708450317,0.21804183721542358,0.23551060259342194,1.0,0.0,0.0,0.0,0.0
29787000000,4305,0,,0,0.05209241434931755,0.28226152062416077,-0.2207610160112381,1.0,0.0,0.0,0.0,0.0
29789000000,4306,0,,0,-0.3696575462818146,-0.13195277750492096,0.3311436176300049,1.0,0.0,0.0,0.0,0.0
29791000000,4307,0,,0,0.09643395245075226,0.3009316921234131,0.2077978551387787,1.0,0.0,0.0,0.0,0.0
29793000000,4308,0,,0,0.1474083662033081,0.16107936203479767,0.12196435779333115,1.0,0.0,0.0,0.0,0.0
29795000000,4309,0,,0,0.1786484718322754,0.39873239398002625,-0.29937121272087097,1.0,0.0,0.0,0.0,0.0
29797000000,4310,0,,0,-0.0029279598966240883,-0.12778881192207336,-0.3094673752784729,1.0,0.0,0.0,0.0,0.0
29799000000,4311,0,,0,-0.03898658603429794,-0.297123521566391,-0.010653563775122166,1.0,0.0,0.0,0.0,0.0
29801000000,4312,0,,0,0.286414235830307,0.10441392660140991,0.3705907166004181,1.0,0.0,0.0,0.0,0.0
29803000000,4313,0,,0,0.27706190943717957,0.17279785871505737,0.056824252009391785,1.0,0.0,0.0,0.0,0.0
29805000000,4314,0,,0,-0.2310347706079483,-0.04404565319418907,-0.1783224195241928,1.0,0.0,0.0,0.0,0.0
29807000000,4315,0,,0,0.01465349830687046,0.19986765086650848,-0.3235361874103546,1.0,0.0,0.0,0.0,0.0
29809000000,4316,0,,0,0.3143678903579712,0.3105097711086273,-0.06741989403963089,1.0,0.0,0.0,0.0,0.0
29811000000,4317,0,,0,-0.14355358481407166,-0.23260243237018585,0.16174279153347015,1.0,0.0,0.0,0.0,0.0
29813000000,4318,0,,0,-0.001068080309778452,-0.3475744426250458,-0.1549602746963501,1.0,0.0,0.0,0.0,0.0
29815000000,4319,0,,0,-0.19375045597553253,-0.3811374008655548,0.13121935725212097,1.0,0.0,0.0,0.0,0.0
29817000000,4320,0,,0,0.18085120618343353,0.002236895961686969,-0.22295810282230377,1.0,0.0,0.0,0.0,0.0
29819000000,4321,0,,0,-0.2223595529794693,-0.18465153872966766,-0.039204616099596024,1.0,0.0,0.0,0.0,0.0
29821000000,4322,0,,0,-0.28466370701789856,0.20012003183364868,-0.12877194583415985,1.0,0.0,0.0,0.0,0.0
29823000000,4323,0,,0,-0.07523220032453537,0.2524828612804413,0.07527302205562592,1.0,0.0,0.0,0.0,0.0
29825000000,4324,0,,0,0.3246978223323822,-0.3868839740753174,0.2166704535484314,1.0,0.0,0.0,0.0,0.0
29827000000,4325,0,,0,-0.3783252537250519,-0.04318740591406822,0.07990017533302307,1.0,0.0,0.0,0.0,0.0
29829000000,4326,0,,0,-0.3664497137069702,-0.20454323291778564,-0.1364494413137436,1.0,0.0,0.0,0.0,0.0
29831000000,4327,0,,0,0.2182108759880066,0.39981186389923096,0.3670249581336975,1.0,0.0,0.0,0.0,0.0
29833000000,4328,0,,0,0.37613099813461304,-0.22134044766426086,0.026453588157892227,1.0,0.0,0.0,0.0,0.0
29835000000,4329,0,,0,0.14856688678264618,-0.07106166332960129,0.2706310749053955,1.0,0.0,0.0,0.0,0.0
29837000000,4330,0,,0,0.3666200339794159,0.07592533528804779,0.07861829549074173,1.0,0.0,0.0,0.0,0.0
29839000000,4331,0,,0,0.3677336573600769,-0.2866573631763458,-0.3682054877281189,1.0,0.0,0.0,0.0,0.0
29841000000,4332,0,,0,0.22441476583480835,0.17564137279987335,-0.3380434215068817,1.0,0.0,0.0,0.0,0.0
29843000000,4333,0,,0,-0.3307816982269287,0.2600173354148865,0.029829775914549828,1.0,0.0,0.0,0.0,0.0
29845000000,4334,0,,0,-0.15513093769550323,-0.09395688027143478,0.36156871914863586,1.0,0.0,0.0,0.0,0.0
29847000000,4335,0,,0,-0.3549017608165741,0.027621231973171234,0.1498805582523346,1.0,0.0,0.0,0.0,0.0
29849000000,4336,0,,0,-0.39980658888816833,-0.15482096374034882,-0.11420890688896179,1.0,0.0,0.0,0.0,0.0
29851000000,4337,0,,0,-0.28602951765060425,0.04914911463856697,0.23679779469966888,1.0,0.0,0.0,0.0,0.0
29853000000,4338,0,,0,-0.08619963377714157,0.3651772141456604,0.3828602731227875,1.0,0.0,0.0,0.0,0.0
29855000000,4339,0,,0,-0.15108151733875275,-0.2899695336818695,-0.13262048363685608,1.0,0.0,0.0,0.0,0.0
29857000000,4340,0,,0,0.053155697882175446,0.07493360340595245,0.19444231688976288,1.0,0.0,0.0,0.0,0.0
29859000000,4341,0,,0,0.26653778553009033,0.3319610059261322,0.19170939922332764,1.0,0.0,0.0,0.0,0.0
29861000000,4342,0,,0,0.0805848017334938,-0.2244301587343216,-0.16132690012454987,1.0,0.0,0.0,0.0,0.0
29863000000,4343,0,,0,0.33289834856987,-0.028659626841545105,0.17677973210811615,1.0,0.0,0.0,0.0,0.0
29865000000,4344,0,,0,-0.36547383666038513,0.39171743392944336,0.31856629252433777,1.0,0.0,0.0,0.0,0.0
29867000000,4345,0,,0,0.11191371828317642,0.21022669970989227,-0.20231471955776215,1.0,0.0,0.0,0.0,0.0
29869000000,4346,0,,0,-0.16658107936382294,-0.03354760259389877,0.16674767434597015,1.0,0.0,0.0,0.0,0.0
29871000000,4347,0,,0,0.2671406865119934,0.23115675151348114,0.3036870062351227,1.0,0.0,0.0,0.0,0.0
29873000000,4348,0,,0,-0.018725818023085594,0.20682373642921448,-0.0749828889966011,1.0,0.0,0.0,0.0,0.0
29875000000,4349,0,,0,0.25754496455192566,0.34785208106040955,-0.11184266209602356,1.0,0.0,0.0,0.0,0.0
29877000000,4350,0,,0,0.232695072889328,-0.3365464210510254,0.08646722882986069,1.0,0.0,0.0,0.0,0.0
29879000000,4351,0,,0,-0.16768600046634674,0.2104416936635971,0.19501769542694092,1.0,0.0,0.0,0.0,0.0
29881000000,4352,0,,0,0.374978631734848,0.12386820465326309,-0.33129212260246277,1.0,0.0,0.0,0.0,0.0
29883000000,4353,0,,0,0.26386839151382446,0.336744487285614,-0.24373093247413635,1.0,0.0,0.0,0.0,0.0
29885000000,4354,0,,0,0.12117886543273926,-0.08156886696815491,0.23670901358127594,1.0,0.0,0.0,0.0,0.0
29887000000,4355,0,,0,0.07614404708147049,-0.30156683921813965,0.10440760850906372,1.0,0.0,0.0,0.0,0.0
29889000000,4356,0,,0,0.16618093848228455,-0.3759878873825073,0.35044506192207336,1.0,0.0,0.0,0.0,0.0
29891000000,4357,0,,0,0.2983506917953491,0.23667012155056,-0.21262817084789276,1.0,0.0,0.0,0.0,0.0
29893000000,4358,0,,0,-0.3956314027309418,-0.256205677986145,0.3037763237953186,1.0,0.0,0.0,0.0,0.0
29895000000,4359,0,,0,0.3310486078262329,-0.27862322330474854,-0.15212570130825043,1.0,0.0,0.0,0.0,0.0
29897000000,4360,0,,0,0.23853953182697296,-0.20015838742256165,-0.14270173013210297,1.0,0.0,0.0,0.0,0.0
29900000000,4361,0,,0,0.2145126760005951,-0.32059115171432495,-0.2513725161552429,1.0,0.0,0.0,0.0,0.0
29901000000,4362,0,,0,-0.035621367394924164,-0.222921222448349,-0.1245487630367279,1.0,0.0,0.0,0.0,0.0
29903000000,4363,0,,0,-0.3389763832092285,-0.20979616045951843,-0.25324612855911255,1.0,0.0,0.0,0.0,0.0
29906000000,4364,0,,0,0.36649206280708313,0.0812760517001152,0.11310122907161713,1.0,0.0,0.0,0.0,0.0
29907000000,4365,0,,0,0.012048238888382912,-0.2929515242576599,-0.2570565938949585,1.0,0.0,0.0,0.0,0.0
29909000000,4366,0,,0,0.35326361656188965,-0.2945132255554199,-0.25994613766670227,1.0,0.0,0.0,0.0,0.0
29911000000,4367,0,,0,-0.1262037605047226,-0.21661895513534546,-0.24976947903633118,1.0,0.0,0.0,0.0,0.0
29913000000,4368,0,,0,0.008847939781844616,-0.167825385928154,0.14767016470432281,1.0,0.0,0.0,0.0,0.0
29915000000,4369,0,,0,0.39087045192718506,0.1530652642250061,0.2000538855791092,1.0,0.0,0.0,0.0,0.0
29918000000,4370,0,,0,-0.18102550506591797,0.14080652594566345,-0.15967395901679993,1.0,0.0,0.0,0.0,0.0
29919000000,4371,0,,0,0.052300311625003815,0.24243079125881195,-0.3014199137687683,1.0,0.0,0.0,0.0,0.0
29921000000,4372,0,,0,0.18319465219974518,0.35725831985473633,0.24966830015182495,1.0,0.0,0.0,0.0,0.0
29923000000,4373,0,,0,-0.19757729768753052,0.15505583584308624,-0.15111741423606873,1.0,0.0,0.0,0.0,0.0
29925000000,4374,0,,0,0.055474456399679184,0.29590436816215515,0.2070806473493576,1.0,0.0,0.0,0.0,0.0
29927000000,4375,0,,0,0.13916485011577606,0.10768122971057892,-0.009565879590809345,1.0,0.0,0.0,0.0,0.0
29930000000,4376,0,,0,0.12920928001403809,-0.06006277725100517,-0.39192816615104675,1.0,0.0,0.0,0.0,0.0
29931000000,4377,0,,0,-0.2853609621524811,0.12200792878866196,0.20830345153808594,1.0,0.0,0.0,0.0,0.0
29933000000,4378,0,,0,-0.2939355671405792,0.25782111287117004,0.08886413276195526,1.0,0.0,0.0,0.0,0.0
29935000000,4379,0,,0,-0.3112543821334839,0.39260542392730713,0.042728543281555176,1.0,0.0,0.0,0.0,0.0
29937000000,4380,0,,0,0.15100465714931488,-0.08080951869487762,-0.13758650422096252,1.0,0.0,0.0,0.0,0.0
29939000000,4381,0,,0,-0.30933183431625366,-0.1109190285205841,0.025700321421027184,1.0,0.0,0.0,0.0,0.0
29941000000,4382,0,,0,-0.041098453104496,-0.2394021451473236,0.2703806757926941,1.0,0.0,0.0,0.0,0.0
29943000000,4383,0,,0,-0.25741374492645264,0.29544419050216675,-0.058055680245161057,1.0,0.0,0.0,0.0,0.0
29945000000,4384,0,,0,-0.07530500739812851,0.2020479142665863,-0.09092845767736435,1.0,0.0,0.0,0.0,0.0
29947000000,4385,0,,0,-0.05005072429776192,-0.301174521446228,-0.3590971529483795,1.0,0.0,0.0,0.0,0.0
29949000000,4386,0,,0,-0.11842935532331467,-0.1036553829908371,-0.2706057131290436,1.0,0.0,0.0,0.0,0.0
29951000000,4387,0,,0,-0.3556031286716461,0.19226549565792084,-0.006882859393954277,1.0,0.0,0.0,0.0,0.0
29953000000,4388,0,,0,-0.26899486780166626,-0.01567302644252777,0.3664951026439667,1.0,0.0,0.0,0.0,0.0
29955000000,4389,0,,0,-0.18035933375358582,-0.25589847564697266,-0.26777419447898865,1.0,0.0,0.0,0.0,0.0
29957000000,4390,0,,0,0.26422521471977234,0.06874425709247589,-0.16157375276088715,1.0,0.0,0.0,0.0,0.0
29959000000,4391,0,,0,0.017877373844385147,0.1184578388929367,0.13188832998275757,1.0,0.0,0.0,0.0,0.0
29961000000,4392,0,,0,0.15544889867305756,-0.19128119945526123,0.12377994507551193,1.0,0.0,0.0,0.0,0.0
29963000000,4393,0,,0,0.39681926369667053,0.05207549035549164,-0.17072667181491852,1.0,0.0,0.0,0.0,0.0
29965000000,4394,0,,0,0.13191862404346466,-0.05821176618337631,0.0009898417629301548,1.0,0.0,0.0,0.0,0.0
29967000000,4395,0,,0,-0.009457956068217754,0.2758163809776306,-0.2685732841491699,1.0,0.0,0.0,0.0,0.0
29969000000,4396,0,,0,0.21132701635360718,-0.10817154496908188,-0.20281554758548737,1.0,0.0,0.0,0.0,0.0
29971000000,4397,0,,0,0.39117756485939026,0.33519279956817627,0.36979204416275024,1.0,0.0,0.0,0.0,0.0
29973000000,4398,0,,0,-0.39148133993148804,0.35967615246772766,-0.003275659866631031,1.0,0.0,0.0,0.0,0.0
29975000000,4399,0,,0,0.27144739031791687,-0.08793333917856216,-0.3414357006549835,1.0,0.0,0.0,0.0,0.0
29977000000,4400,0,,0,-0.1060495525598526,0.2730666697025299,0.05862224102020264,1.0,0.0,0.0,0.0,0.0
29979000000,4401,0,,0,-0.04087982326745987,-0.30386844277381897,-0.37657052278518677,1.0,0.0,0.0,0.0,0.0
29981000000,4402,0,,0,-0.16558076441287994,-0.21127364039421082,-0.20217199623584747,1.0,0.0,0.0,0.0,0.0
29983000000,4403,0,,0,0.17308074235916138,0.2900882661342621,-0.12413182109594345,1.0,0.0,0.0,0.0,0.0
29985000000,4404,0,,0,0.002150274347513914,0.15168310701847076,0.2051268368959427,1.0,0.0,0.0,0.0,0.0
29987000000,4405,0,,0,0.005777290556579828,-0.03633298724889755,-0.018951859325170517,1.0,0.0,0.0,0.0,0.0
29989000000,4406,0,,0,-0.009709777310490608,0.37667950987815857,0.18199844658374786,1.0,0.0,0.0,0.0,0.0
29991000000,4407,0,,0,-0.027170972898602486,0.05160246789455414,-0.11654938012361526,1.0,0.0,0.0,0.0,0.0
29993000000,4408,0,,0,0.1769925355911255,-0.05136371776461601,-0.3749430477619171,1.0,0.0,0.0,0.0,0.0
29995000000,4409,0,,0,0.23353347182273865,0.3392411768436432,-0.2726157009601593,1.0,0.0,0.0,0.0,0.0
29997000000,4410,0,,0,0.05644240975379944,0.36659857630729675,0.1678372174501419,1.0,0.0,0.0,0.0,0.0
29999000000,4411,0,,0,-0.14521083235740662,-0.35132288932800293,-0.1857479214668274,1.0,0.0,0.0,0.0,0.0
30001000000,4412,0,,0,0.12650342285633087,-0.04411960765719414,-0.33818185329437256,1.0,0.0,0.0,0.0,0.0
30003000000,4413,0,,0,0.2955458164215088,0.34732586145401,0.31575947999954224,1.0,0.0,0.0,0.0,0.0
30005000000,4414,0,,0,-0.2575797438621521,0.3625640571117401,0.1371423304080963,1.0,0.0,0.0,0.0,0.0
30007000000,4415,0,,0,0.12652580440044403,0.14979024231433868,0.3847445547580719,1.0,0.0,0.0,0.0,0.0
30009000000,4416,0,,0,0.09246096014976501,0.2094925343990326,-0.11131634563207626,1.0,0.0,0.0,0.0,0.0
30011000000,4417,0,,0,-0.030662182718515396,-0.3848733901977539,-0.057091519236564636,1.0,0.0,0.0,0.0,0.0
30013000000,4418,0,,0,0.3333611786365509,-0.06443122774362564,0.38440221548080444,1.0,0.0,0.0,0.0,0.0
30015000000,4419,0,,0,-0.03151236101984978,0.22106581926345825,-0.38198021054267883,1.0,0.0,0.0,0.0,0.0
30017000000,4420,0,,0,0.1817375123500824,0.3221086263656616,0.31634601950645447,1.0,0.0,0.0,0.0,0.0
30019000000,4421,0,,0,0.36089834570884705,-0.24333427846431732,0.058282241225242615,1.0,0.0,0.0,0.0,0.0
30021000000,4422,0,,0,0.30509889125823975,0.08027458190917969,-0.3632236123085022,1.0,0.0,0.0,0.0,0.0
30023000000,4423,0,,0,-0.034807704389095306,-0.2955757975578308,-0.005942821968346834,1.0,0.0,0.0,0.0,0.0
30025000000,4424,0,,0,0.20211054384708405,0.2871870994567871,0.047105081379413605,1.0,0.0,0.0,0.0,0.0
30027000000,4425,0,,0,0.10089628398418427,-0.03472815454006195,-0.12289921194314957,1.0,0.0,0.0,0.0,0.0
30029000000,4426,0,,0,0.18572865426540375,-0.2262372523546219,0.3407405614852905,1.0,0.0,0.0,0.0,0.0
30031000000,4427,0,,0,0.05745416507124901,-0.31585779786109924,-0.13141165673732758,1.0,0.0,0.0,0.0,0.0
30033000000,4428,0,,0,-0.21627339720726013,0.10697386413812637,0.2507193088531494,1.0,0.0,0.0,0.0,0.0
30035000000,4429,0,,0,-0.2935633361339569,0.38872581720352173,-0.3523218035697937,1.0,0.0,0.0,0.0,0.0
30037000000,4430,0,,0,0.201631560921669,0.1150822713971138,0.16758684813976288,1.0,0.0,0.0,0.0,0.0
30039000000,4431,0,,0,-0.3798053562641144,-0.01898716762661934,-0.10986094921827316,1.0,0.0,0.0,0.0,0.0
30041000000,4432,0,,0,-0.32497459650039673,0.005150818731635809,0.1793629229068756,1.0,0.0,0.0,0.0,0.0
30043000000,4433,0,,0,0.006078240927308798,-0.07650502771139145,-0.2990613579750061,1.0,0.0,0.0,0.0,0.0
30045000000,4434,0,,0,0.3951137959957123,0.09966354817152023,-0.3222941756248474,1.0,0.0,0.0,0.0,0.0
30047000000,4435,0,,0,-0.24845421314239502,-0.19305862486362457,0.20670287311077118,1.0,0.0,0.0,0.0,0.0
30049000000,4436,0,,0,-0.33672797679901123,0.044549744576215744,-0.3976580798625946,1.0,0.0,0.0,0.0,0.0
30051000000,4437,0,,0,-0.2110292613506317,0.3462512195110321,-0.13201242685317993,1.0,0.0,0.0,0.0,0.0
30053000000,4438,0,,0,-0.034081678837537766,-0.2241574376821518,0.14343604445457458,1.0,0.0,0.0,0.0,0.0
30055000000,4439,0,,0,-0.304372102022171,0.1884617805480957,0.24032284319400787,1.0,0.0,0.0,0.0,0.0
30057000000,4440,0,,0,-0.3709537982940674,0.34392857551574707,0.3158091604709625,1.0,0.0,0.0,0.0,0.0
30059000000,4441,0,,0,-0.21106432378292084,0.0036264352966099977,0.12365678697824478,1.0,0.0,0.0,0.0,0.0
30061000000,4442,0,,0,0.2519190311431885,-0.13504524528980255,0.34216591715812683,1.0,0.0,0.0,0.0,0.0
30063000000,4443,0,,0,0.33513301610946655,-0.3934354782104492,0.015979666262865067,1.0,0.0,0.0,0.0,0.0
30065000000,4444,0,,0,-0.0490930899977684,-0.025921611115336418,-0.3698822855949402,1.0,0.0,0.0,0.0,0.0
30067000000,4445,0,,0,-0.1016094759106636,0.04962541535496712,-0.18840059638023376,1.0,0.0,0.0,0.0,0.0
30069000000,4446,0,,0,-0.12617266178131104,-0.03777048736810684,0.2850843667984009,1.0,0.0,0.0,0.0,0.0
30071000000,4447,0,,0,0.32998186349868774,-0.16846619546413422,0.11608535051345825,1.0,0.0,0.0,0.0,0.0
30073000000,4448,0,,0,-0.23381520807743073,-0.28048205375671387,0.09267617017030716,1.0,0.0,0.0,0.0,0.0
30075000000,4449,0,,0,-0.32108771800994873,-0.17897659540176392,0.1347334384918213,1.0,0.0,0.0,0.0,0.0
30077000000,4450,0,,0,0.05471394956111908,0.34758487343788147,-0.1479511708021164,1.0,0.0,0.0,0.0,0.0
30079000000,4451,0,,0,-0.06863696873188019,0.35687053203582764,-0.24831761419773102,1.0,0.0,0.0,0.0,0.0
30081000000,4452,0,,0,0.03982948139309883,-0.19712334871292114,0.295791894197464,1.0,0.0,0.0,0.0,0.0
30083000000,4453,0,,0,0.32816678285598755,0.2117411345243454,-0.3767409026622772,1.0,0.0,0.0,0.0,0.0
30085000000,4454,0,,0,-0.1926451027393341,0.08095069229602814,0.23986360430717468,1.0,0.0,0.0,0.0,0.0
30087000000,4455,0,,0,0.08592642098665237,0.05346312373876572,0.35012349486351013,1.0,0.0,0.0,0.0,0.0
30089000000,4456,0,,0,-0.17472979426383972,0.029085170477628708,-0.22906741499900818,1.0,0.0,0.0,0.0,0.0
30091000000,4457,0,,0,-0.23299428820610046,-0.029792679473757744,-0.34819674491882324,1.0,0.0,0.0,0.0,0.0
30093000000,4458,0,,0,-0.330274760723114,-0.22583173215389252,-0.3379184901714325,1.0,0.0,0.0,0.0,0.0
30095000000,4459,0,,0,-0.1634678840637207,0.20412997901439667,0.07397592812776566,1.0,0.0,0.0,0.0,0.0
30097000000,4460,0,,0,-0.09804966300725937,0.39083293080329895,-0.025253280997276306,1.0,0.0,0.0,0.0,0.0
30099000000,4461,0,,0,-0.025739876553416252,-0.02698219195008278,-0.32325100898742676,1.0,0.0,0.0,0.0,0.0
30101000000,4462,0,,0,0.19687186181545258,-0.36166003346443176,0.35752028226852417,1.0,0.0,0.0,0.0,0.0
30103000000,4463,0,,0,-0.32952478528022766,0.02908700332045555,0.28156977891921997,1.0,0.0,0.0,0.0,0.0
30105000000,4464,0,,0,-0.12305258959531784,0.2994019389152527,0.04202098771929741,1.0,0.0,0.0,0.0,0.0
30107000000,4465,0,,0,0.322357177734375,0.1880369335412979,-0.33283281326293945,1.0,0.0,0.0,0.0,0.0
30109000000,4466,0,,0,-0.22248193621635437,-0.24566824734210968,0.29775652289390564,1.0,0.0,0.0,0.0,0.0
30111000000,4467,0,,0,0.00670119421556592,-0.1419118046760559,0.24046777188777924,1.0,0.0,0.0,0.0,0.0
30113000000,4468,0,,0,-0.3019055426120758,-0.19767330586910248,-0.027883386239409447,1.0,0.0,0.0,0.0,0.0
30115000000,4469,0,,0,-0.13583935797214508,-0.1825944185256958,-0.03883161395788193,1.0,0.0,0.0,0.0,0.0
30117000000,4470,0,,0,-0.19929128885269165,-0.21809734404087067,-0.3349258601665497,1.0,0.0,0.0,0.0,0.0
30119000000,4471,0,,0,0.2046004682779312,-0.11956043541431427,-0.026022503152489662,1.0,0.0,0.0,0.0,0.0
30121000000,4472,0,,0,0.2033402919769287,0.23791250586509705,-0.17863941192626953,1.0,0.0,0.0,0.0,0.0
30123000000,4473,0,,0,0.3112713396549225,-0.14543282985687256,0.15251067280769348,1.0,0.0,0.0,0.0,0.0
30125000000,4474,0,,0,0.10776446014642715,0.07618804275989532,-0.05515759065747261,1.0,0.0,0.0,0.0,0.0
30127000000,4475,0,,0,-0.20488488674163818,0.02946479059755802,0.11367001384496689,1.0,0.0,0.0,0.0,0.0
30129000000,4476,0,,0,0.11896719038486481,0.2621203362941742,-0.21110506355762482,1.0,0.0,0.0,0.0,0.0
30131000000,4477,0,,0,-0.24085268378257751,0.041923534125089645,-0.1406295746564865,1.0,0.0,0.0,0.0,0.0
30133000000,4478,0,,0,0.05330333858728409,0.1936689168214798,0.1687459945678711,1.0,0.0,0.0,0.0,0.0
30135000000,4479,0,,0,-0.18204185366630554,-0.06871168315410614,-0.34597277641296387,1.0,0.0,0.0,0.0,0.0
30137000000,4480,0,,0,-0.18841342628002167,-0.377815842628479,0.07572881877422333,1.0,0.0,0.0,0.0,0.0
30139000000,4481,0,,0,-0.10076377540826797,-0.2545287311077118,-0.38276511430740356,1.0,0.0,0.0,0.0,0.0
30141000000,4482,0,,0,-0.3881100118160248,0.28778165578842163,-0.020129051059484482,1.0,0.0,0.0,0.0,0.0
30143000000,4483,0,,0,0.33093056082725525,0.3701551854610443,0.11988327652215958,1.0,0.0,0.0,0.0,0.0
30145000000,4484,0,,0,0.048093874007463455,0.011959746479988098,0.1751682609319687,1.0,0.0,0.0,0.0,0.0
30147000000,4485,0,,0,-0.04448229447007179,0.23362129926681519,0.09495377540588379,1.0,0.0,0.0,0.0,0.0
30150000000,4486,0,,0,-0.3087909519672394,0.30064207315444946,0.07629454880952835,1.0,0.0,0.0,0.0,0.0
30151000000,4487,0,,0,0.3373578190803528,0.031026460230350494,0.020196963101625443,1.0,0.0,0.0,0.0,0.0
30153000000,4488,0,,0,0.32434386014938354,0.07705278694629669,0.20203253626823425,1.0,0.0,0.0,0.0,0.0
30155000000,4489,0,,0,0.34783774614334106,-0.07089698314666748,-0.39800435304641724,1.0,0.0,0.0,0.0,0.0
30157000000,4490,0,,0,0.2342064529657364,0.3731791079044342,0.26016178727149963,1.0,0.0,0.0,0.0,0.0
30159000000,4491,0,,0,0.12931787967681885,0.018639732152223587,0.22318103909492493,1.0,0.0,0.0,0.0,0.0
30161000000,4492,0,,0,0.17225223779678345,0.3047982156276703,0.13750098645687103,1.0,0.0,0.0,0.0,0.0
30163000000,4493,0,,0,0.0551745742559433,0.0918978899717331,-0.3646736145019531,1.0,0.0,0.0,0.0,0.0
30165000000,4494,0,,0,-0.2604272961616516,-0.37997299432754517,0.013815013691782951,1.0,0.0,0.0,0.0,0.0
30167000000,4495,0,,0,0.05252370610833168,0.1480412781238556,0.22583623230457306,1.0,0.0,0.0,0.0,0.0
30169000000,4496,0,,0,0.3612409234046936,-0.20525962114334106,-0.12210004776716232,1.0,0.0,0.0,0.0,0.0
30171000000,4497,0,,0,0.10970994085073471,-0.11178179085254669,-0.15532264113426208,1.0,0.0,0.0,0.0,0.0
30173000000,4498,0,,0,-0.24641484022140503,0.020426426082849503,0.22225996851921082,1.0,0.0,0.0,0.0,0.0
30175000000,4499,0,,0,0.3322584331035614,0.2324572652578354,-0.24002975225448608,1.0,0.0,0.0,0.0,0.0
30177000000,4500,0,,0,0.2594618499279022,0.0490189790725708,0.00227642641402781,1.0,0.0,0.0,0.0,0.0
30179000000,4501,0,,0,0.3049747049808502,-0.13162854313850403,0.11371131986379623,1.0,0.0,0.0,0.0,0.0
30181000000,4502,0,,0,-0.2388215810060501,-0.04522259160876274,0.3827645182609558,1.0,0.0,0.0,0.0,0.0
30183000000,4503,0,,0,-0.14377398788928986,0.10380615293979645,-0.1534833312034607,1.0,0.0,0.0,0.0,0.0
30185000000,4504,0,,0,0.3265281617641449,-0.2829292118549347,-0.34809961915016174,1.0,0.0,0.0,0.0,0.0
30187000000,4505,0,,0,-0.1665194034576416,0.3802097737789154,0.1002357080578804,1.0,0.0,0.0,0.0,0.0
30190000000,4506,0,,0,-0.2288588583469391,0.2531094551086426,0.040389757603406906,1.0,0.0,0.0,0.0,0.0
30192000000,4507,0,,0,-0.057703666388988495,0.16820085048675537,-0.12088370323181152,1.0,0.0,0.0,0.0,0.0
30193000000,4508,0,,0,-0.3842276930809021,0.23946616053581238,0.2417159527540207,1.0,0.0,0.0,0.0,0.0
30195000000,4509,0,,0,-0.35494211316108704,0.39402639865875244,-0.19296245276927948,1.0,0.0,0.0,0.0,0.0
30197000000,4510,0,,0,0.3772223889827728,0.22136357426643372,-0.1349869817495346,1.0,0.0,0.0,0.0,0.0
30200000000,4511,0,,0,0.024296294897794724,0.14974725246429443,-0.39993658661842346,1.0,0.0,0.0,0.0,0.0
30201000000,4512,0,,0,-0.33525383472442627,0.1152086928486824,0.09138009697198868,1.0,0.0,0.0,0.0,0.0
30203000000,4513,0,,0,0.014313261955976486,0.22814936935901642,0.015580051578581333,1.0,0.0,0.0,0.0,0.0
30205000000,4514,0,,0,-0.3934343755245209,-0.005949343554675579,0.020871635526418686,1.0,0.0,0.0,0.0,0.0
30207000000,4515,0,,0,0.1941225230693817,0.12170848250389099,0.10166884958744049,1.0,0.0,0.0,0.0,0.0
30209000000,4516,0,,0,-0.09326828271150589,-0.12775374948978424,-0.28285035490989685,1.0,0.0,0.0,0.0,0.0
30211000000,4517,0,,0,0.23531237244606018,-0.008285785093903542,0.33696261048316956,1.0,0.0,0.0,0.0,0.0
30213000000,4518,0,,0,-0.23732002079486847,0.038110021501779556,0.35300105810165405,1.0,0.0,0.0,0.0,0.0
30215000000,4519,0,,0,-0.3792518079280853,0.16689245402812958,0.3066543638706207,1.0,0.0,0.0,0.0,0.0
30217000000,4520,0,,0,0.36260491609573364,-0.2115202248096466,-0.31138792634010315,1.0,0.0,0.0,0.0,0.0
30220000000,4521,0,,0,-0.11371710151433945,0.022146722301840782,-0.229998379945755,1.0,0.0,0.0,0.0,0.0
30221000000,4522,0,,0,-0.21706914901733398,-0.29288583993911743,-0.24751675128936768,1.0,0.0,0.0,0.0,0.0
30223000000,4523,0,,0,0.27986255288124084,-0.006272712256759405,0.15061303973197937,1.0,0.0,0.0,0.0,0.0
30225000000,4524,0,,0,0.1467340588569641,0.22654038667678833,-0.33831802010536194,1.0,0.0,0.0,0.0,0.0
30227000000,4525,0,,0,0.15594860911369324,0.17706772685050964,0.11819567531347275,1.0,0.0,0.0,0.0,0.0
30229000000,4526,0,,0,0.24278368055820465,-0.3004588782787323,-0.15216194093227386,1.0,0.0,0.0,0.0,0.0
30231000000,4527,0,,0,0.10177431255578995,-0.052278194576501846,-0.03404318913817406,1.0,0.0,0.0,0.0,0.0
30233000000,4528,0,,0,-0.08068308234214783,0.3900619447231293,-0.1882311850786209,1.0,0.0,0.0,0.0,0.0
30235000000,4529,0,,0,0.3382275402545929,-0.31538233160972595,0.16134539246559143,1.0,0.0,0.0,0.0,0.0
30237000000,4530,0,,0,0.34267422556877136,0.044570647180080414,-0.2375667840242386,1.0,0.0,0.0,0.0,0.0
30239000000,4531,0,,0,-0.11504819989204407,0.1708713322877884,-0.3213292062282562,1.0,0.0,0.0,0.0,0.0
30241000000,4532,0,,0,0.12547197937965393,-0.3833863437175751,0.21634040772914886,1.0,0.0,0.0,0.0,0.0
30243000000,4533,0,,0,-0.31102681159973145,-0.38650286197662354,0.3109387159347534,1.0,0.0,0.0,0.0,0.0
30245000000,4534,0,,0,-0.3448043763637543,-0.10464219748973846,0.008669320493936539,1.0,0.0,0.0,0.0,0.0
30247000000,4535,0,,0,-0.2939715087413788,-0.3774530291557312,0.33945009112358093,1.0,0.0,0.0,0.0,0.0
30249000000,4536,0,,0,-0.07591713964939117,-0.3114764988422394,0.051073409616947174,1.0,0.0,0.0,0.0,0.0
30251000000,4537,0,,0,0.1118110939860344,-0.36857858300209045,0.32326409220695496,1.0,0.0,0.0,0.0,0.0
30253000000,4538,0,,0,-0.15303461253643036,-0.19592654705047607,0.07590146362781525,1.0,0.0,0.0,0.0,0.0
30255000000,4539,0,,0,-0.327624648809433,-0.2656709551811218,-0.11108049005270004,1.0,0.0,0.0,0.0,0.0
30257000000,4540,0,,0,0.023884925991296768,0.27724146842956543,0.35002896189689636,1.0,0.0,0.0,0.0,0.0
30259000000,4541,0,,0,0.38376304507255554,-0.33217793703079224,-0.0011662913020700216,1.0,0.0,0.0,0.0,0.0
30261000000,4542,0,,0,0.0007527124253101647,-0.20747728645801544,-0.009798053652048111,1.0,0.0,0.0,0.0,0.0
30263000000,4543,0,,0,0.14745590090751648,0.04648473486304283,0.05068052187561989,1.0,0.0,0.0,0.0,0.0
30265000000,4544,0,,0,-0.15385064482688904,-0.39464688301086426,-0.009725484997034073,1.0,0.0,0.0,0.0,0.0
30268000000,4545,0,,0,-0.16752547025680542,0.06132609769701958,0.3933200538158417,1.0,0.0,0.0,0.0,0.0
30269000000,4546,0,,0,0.2809031307697296,-0.11658359318971634,0.0686737447977066,1.0,0.0,0.0,0.0,0.0
30271000000,4547,0,,0,0.13217218220233917,0.29685235023498535,-0.037518925964832306,1.0,0.0,0.0,0.0,0.0
30273000000,4548,0,,0,-0.08881781250238419,-0.2668520212173462,-0.30231931805610657,1.0,0.0,0.0,0.0,0.0
30275000000,4549,0,,0,0.3491946756839752,0.09937503188848495,-0.0679672583937645,1.0,0.0,0.0,0.0,0.0
30277000000,4550,0,,0,-0.11968859285116196,0.22322502732276917,-0.22196534276008606,1.0,0.0,0.0,0.0,0.0
30279000000,4551,0,,0,-0.26924532651901245,0.1366785615682602,0.025803769007325172,1.0,0.0,0.0,0.0,0.0
30281000000,4552,0,,0,0.3308921158313751,-0.3529636263847351,0.3604831099510193,1.0,0.0,0.0,0.0,0.0
30283000000,4553,0,,0,-0.30814245343208313,-0.11695029586553574,0.2552202045917511,1.0,0.0,0.0,0.0,0.0
30285000000,4554,0,,0,0.2458585798740387,-0.14281922578811646,0.14974398910999298,1.0,0.0,0.0,0.0,0.0
30287000000,4555,0,,0,0.055807895958423615,-0.028541062027215958,0.3669399619102478,1.0,0.0,0.0,0.0,0.0
30289000000,4556,0,,0,0.10225372761487961,-0.0461868941783905,0.31548917293548584,1.0,0.0,0.0,0.0,0.0
30291000000,4557,0,,0,0.16772757470607758,-0.1959674060344696,-0.09055698662996292,1.0,0.0,0.0,0.0,0.0
30293000000,4558,0,,0,-0.0052557350136339664,0.3250150680541992,-0.1945502907037735,1.0,0.0,0.0,0.0,0.0
30295000000,4559,0,,0,0.11543909460306168,-0.12350352853536606,0.2719860374927521,1.0,0.0,0.0,0.0,0.0
30297000000,4560,0,,0,-0.0901658833026886,-0.3446466326713562,0.2898368537425995,1.0,0.0,0.0,0.0,0.0
30299000000,4561,0,,0,0.0243780966848135,-0.14480555057525635,0.26147812604904175,1.0,0.0,0.0,0.0,0.0
30301000000,4562,0,,0,0.13781997561454773,0.12701840698719025,0.32988783717155457,1.0,0.0,0.0,0.0,0.0
30303000000,4563,0,,0,-0.019443906843662262,-0.3200870752334595,0.0918978899717331,1.0,0.0,0.0,0.0,0.0
30305000000,4564,0,,0,0.22486522793769836,-0.1026705652475357,-0.3529806137084961,1.0,0.0,0.0,0.0,0.0
30307000000,4565,0,,0,-0.2164115160703659,0.17481255531311035,-0.2272130399942398,1.0,0.0,0.0,0.0,0.0
30309000000,4566,0,,0,-0.34042274951934814,0.036067940294742584,-0.29595062136650085,1.0,0.0,0.0,0.0,0.0
30311000000,4567,0,,0,-0.19980759918689728,-0.08747053146362305,0.38477370142936707,1.0,0.0,0.0,0.0,0.0
30313000000,4568,0,,0,-0.043475665152072906,0.13984613120555878,-0.2921087443828583,1.0,0.0,0.0,0.0,0.0
30315000000,4569,0,,0,0.12618476152420044,0.17884184420108795,0.18583151698112488,1.0,0.0,0.0,0.0,0.0
30317000000,4570,0,,0,0.3581998944282532,0.32954204082489014,-0.22650137543678284,1.0,0.0,0.0,0.0,0.0
30319000000,4571,0,,0,-0.24040280282497406,0.18042123317718506,-0.12049057334661484,1.0,0.0,0.0,0.0,0.0
30321000000,4572,0,,0,-0.33262136578559875,-0.14486254751682281,0.28989383578300476,1.0,0.0,0.0,0.0,0.0
30323000000,4573,0,,0,0.2181907743215561,-0.12561802566051483,-0.11989513784646988,1.0,0.0,0.0,0.0,0.0
30325000000,4574,0,,0,0.2553350031375885,0.20679661631584167,0.2035745531320572,1.0,0.0,0.0,0.0,0.0
30327000000,4575,0,,0,0.2901472747325897,0.0015937244752421975,0.22395861148834229,1.0,0.0,0.0,0.0,0.0
30329000000,4576,0,,0,-0.3829565942287445,-0.12127351760864258,0.023109108209609985,1.0,0.0,0.0,0.0,0.0
30331000000,4577,0,,0,-0.06167708709836006,0.06491973251104355,-0.09160003066062927,1.0,0.0,0.0,0.0,0.0
30333000000,4578,0,,0,-0.3394606113433838,0.24868381023406982,-0.14185145497322083,1.0,0.0,0.0,0.0,0.0
30335000000,4579,0,,0,0.39499980211257935,0.35615503787994385,-0.020931566134095192,1.0,0.0,0.0,0.0,0.0
30337000000,4580,0,,0,0.3527432978153229,0.26280418038368225,0.10511849075555801,1.0,0.0,0.0,0.0,0.0
30339000000,4581,0,,0,0.26641038060188293,0.197818785905838,0.0436258502304554,1.0,0.0,0.0,0.0,0.0
30341000000,4582,0,,0,-0.12822124361991882,-0.20417992770671844,-0.011884261853992939,1.0,0.0,0.0,0.0,0.0
30343000000,4583,0,,0,0.044897958636283875,0.3945751488208771,0.21550428867340088,1.0,0.0,0.0,0.0,0.0
30346000000,4584,0,,0,-0.2657608091831207,-0.08422327041625977,-0.1268250197172165,1.0,0.0,0.0,0.0,0.0
30347000000,4585,0,,0,-0.07824806123971939,0.3512512147426605,0.09813828021287918,1.0,0.0,0.0,0.0,0.0
30349000000,4586,0,,0,0.07145339250564575,0.27806466817855835,0.1525183469057083,1.0,0.0,0.0,0.0,0.0
30351000000,4587,0,,0,0.051624950021505356,-0.04712234437465668,-0.12001208961009979,1.0,0.0,0.0,0.0,0.0
30353000000,4588,0,,0,-0.176042839884758,0.24401183426380157,0.24148519337177277,1.0,0.0,0.0,0.0,0.0
30355000000,4589,0,,0,-0.2135133594274521,-0.12984970211982727,0.1149197593331337,1.0,0.0,0.0,0.0,0.0
30357000000,4590,0,,0,-0.3194916248321533,0.06215065345168114,0.10615173727273941,1.0,0.0,0.0,0.0,0.0
30359000000,4591,0,,0,-0.06325061619281769,-0.32090649008750916,-0.1076483428478241,1.0,0.0,0.0,0.0,0.0
30361000000,4592,0,,0,-0.3941858112812042,-0.23970487713813782,-0.09055431932210922,1.0,0.0,0.0,0.0,0.0
30363000000,4593,0,,0,-0.3602864146232605,0.2788735628128052,0.3602483868598938,1.0,0.0,0.0,0.0,0.0
30366000000,4594,0,,0,-0.20785927772521973,0.24246083199977875,-0.1621175855398178,1.0,0.0,0.0,0.0,0.0
30367000000,4595,0,,0,0.2091798186302185,-0.3568837642669678,-0.11639650166034698,1.0,0.0,0.0,0.0,0.0
30369000000,4596,0,,0,-0.17658951878547668,-0.36194750666618347,0.32049891352653503,1.0,0.0,0.0,0.0,0.0
30371000000,4597,0,,0,-0.27923449873924255,0.34312447905540466,0.3353182375431061,1.0,0.0,0.0,0.0,0.0
30373000000,4598,0,,0,-0.3016372323036194,-0.2889912724494934,-0.03989455848932266,1.0,0.0,0.0,0.0,0.0
30376000000,4599,0,,0,0.1372443288564682,-0.376124769449234,0.27445340156555176,1.0,0.0,0.0,0.0,0.0
30377000000,4600,0,,0,-0.22765755653381348,0.22754831612110138,0.1786084771156311,1.0,0.0,0.0,0.0,0.0
30379000000,4601,0,,0,0.22891487181186676,0.21156325936317444,0.29820117354393005,1.0,0.0,0.0,0.0,0.0
30381000000,4602,0,,0,0.12753014266490936,0.39545342326164246,-0.044372621923685074,1.0,0.0,0.0,0.0,0.0
30383000000,4603,0,,0,0.17168977856636047,0.35643693804740906,-0.03505733609199524,1.0,0.0,0.0,0.0,0.0
30385000000,4604,0,,0,-0.08041973412036896,0.25294485688209534,-0.3867468237876892,1.0,0.0,0.0,0.0,0.0
30387000000,4605,0,,0,-0.2910732328891754,0.1732969582080841,0.031697966158390045,1.0,0.0,0.0,0.0,0.0
30389000000,4606,0,,0,0.054748717695474625,-0.015353651717305183,-0.0076522137969732285,1.0,0.0,0.0,0.0,0.0
30391000000,4607,0,,0,0.15857753157615662,0.012869042344391346,-0.08946797251701355,1.0,0.0,0.0,0.0,0.0
30394000000,4608,0,,0,-0.017025485634803772,-0.07376483827829361,-0.33906999230384827,1.0,0.0,0.0,0.0,0.0
30395000000,4609,0,,0,-0.17449085414409637,0.15781348943710327,-0.10827495157718658,1.0,0.0,0.0,0.0,0.0
30397000000,4610,0,,0,0.39751383662223816,0.005785684566944838,-0.3266768157482147,1.0,0.0,0.0,0.0,0.0
30399000000,4611,0,,0,-0.20621241629123688,-0.17571820318698883,-0.00923345610499382,1.0,0.0,0.0,0.0,0.0
30401000000,4612,0,,0,-0.08595327287912369,0.021872548386454582,-0.3641975522041321,1.0,0.0,0.0,0.0,0.0
30403000000,4613,0,,0,0.12231205403804779,0.15992508828639984,-0.07996394485235214,1.0,0.0,0.0,0.0,0.0
30405000000,4614,0,,0,0.2132655382156372,0.013001943938434124,0.3678571879863739,1.0,0.0,0.0,0.0,0.0
30407000000,4615,0,,0,-0.19796854257583618,0.03498717024922371,0.3558123707771301,1.0,0.0,0.0,0.0,0.0
30409000000,4616,0,,0,0.09612222015857697,-0.12237194925546646,-0.03641968593001366,1.0,0.0,0.0,0.0,0.0
30411000000,4617,0,,0,0.27265891432762146,0.2028510421514511,-0.34353673458099365,1.0,0.0,0.0,0.0,0.0
30413000000,4618,0,,0,0.12012602388858795,-0.03491178900003433,0.25857067108154297,1.0,0.0,0.0,0.0,0.0
30416000000,4619,0,,0,0.0003751122276298702,-0.17263837158679962,-0.0050809928216040134,1.0,0.0,0.0,0.0,0.0
30418000000,4620,0,,0,0.17609380185604095,0.31782519817352295,-0.38882362842559814,1.0,0.0,0.0,0.0,0.0
30419000000,4621,0,,0,0.032719969749450684,0.1546662151813507,0.28470903635025024,1.0,0.0,0.0,0.0,0.0
30421000000,4622,0,,0,0.02483934909105301,-0.04483285918831825,0.2979813516139984,1.0,0.0,0.0,0.0,0.0
30423000000,4623,0,,0,0.26011720299720764,-0.0931864082813263,-0.26745522022247314,1.0,0.0,0.0,0.0,0.0
30425000000,4624,0,,0,0.3653441071510315,-0.1279248297214508,0.32100364565849304,1.0,0.0,0.0,0.0,0.0
30427000000,4625,0,,0,0.05881733447313309,0.16918224096298218,0.07778705656528473,1.0,0.0,0.0,0.0,0.0
30430000000,4626,0,,0,-0.18047966063022614,0.22140498459339142,-0.13638247549533844,1.0,0.0,0.0,0.0,0.0
30431000000,4627,0,,0,0.0015944995684549212,-0.3942328989505768,-0.10956549644470215,1.0,0.0,0.0,0.0,0.0
30434000000,4628,0,,0,-0.03231647610664368,-0.155500128865242,0.19281159341335297,1.0,0.0,0.0,0.0,0.0
30435000000,4629,0,,0,-0.005722098518162966,-0.1103200763463974,-0.3544502854347229,1.0,0.0,0.0,0.0,0.0
30437000000,4630,0,,0,-0.18469873070716858,-0.017491750419139862,-0.22153888642787933,1.0,0.0,0.0,0.0,0.0
30440000000,4631,0,,0,-0.22762787342071533,-0.27101433277130127,0.19461509585380554,1.0,0.0,0.0,0.0,0.0
30442000000,4632,0,,0,0.3511708378791809,-0.2894578278064728,-0.03594028204679489,1.0,0.0,0.0,0.0,0.0
30443000000,4633,0,,0,-0.34233686327934265,0.025289196521043777,0.3966207504272461,1.0,0.0,0.0,0.0,0.0
30445000000,4634,0,,0,0.0636916384100914,-0.031165359541773796,0.11434803903102875,1.0,0.0,0.0,0.0,0.0
30447000000,4635,0,,0,0.09991185367107391,-0.11724118143320084,-0.3379036486148834,1.0,0.0,0.0,0.0,0.0
30449000000,4636,0,,0,-0.33114516735076904,0.04280830919742584,0.020219385623931885,1.0,0.0,0.0,0.0,0.0
30451000000,4637,0,,0,0.19196467101573944,-0.25360363721847534,0.12193016707897186,1.0,0.0,0.0,0.0,0.0
30453000000,4638,0,,0,-0.18150295317173004,0.0013681803829967976,0.24849580228328705,1.0,0.0,0.0,0.0,0.0
30455000000,4639,0,,0,0.053898777812719345,0.34232833981513977,-0.03244486823678017,1.0,0.0,0.0,0.0,0.0
30457000000,4640,0,,0,0.39935606718063354,-0.3224393427371979,0.25995588302612305,1.0,0.0,0.0,0.0,0.0
30459000000,4641,0,,0,-0.1894511729478836,-0.33365729451179504,0.21697230637073517,1.0,0.0,0.0,0.0,0.0
30461000000,4642,0,,0,-0.1724756360054016,0.0188959538936615,-0.36441072821617126,1.0,0.0,0.0,0.0,0.0
30463000000,4643,0,,0,0.296297550201416,-0.19691333174705505,0.1824742555618286,1.0,0.0,0.0,0.0,0.0
30465000000,4644,0,,0,0.2267218381166458,0.21174554526805878,-0.3986422121524811,1.0,0.0,0.0,0.0,0.0
30467000000,4645,0,,0,-0.37296798825263977,-0.30404019355773926,-0.24246500432491302,1.0,0.0,0.0,0.0,0.0
30469000000,4646,0,,0,0.04232493415474892,0.025881096720695496,0.08955955505371094,1.0,0.0,0.0,0.0,0.0
30471000000,4647,0,,0,-0.20346860587596893,0.3425297439098358,-0.16648897528648376,1.0,0.0,0.0,0.0,0.0
30473000000,4648,0,,0,-0.07138505578041077,-0.043582700192928314,0.29601284861564636,1.0,0.0,0.0,0.0,0.0
30475000000,4649,0,,0,0.2349630445241928,-0.020778216421604156,-0.12226374447345734,1.0,0.0,0.0,0.0,0.0
30477000000,4650,0,,0,-0.37874239683151245,0.3458075225353241,-0.20616182684898376,1.0,0.0,0.0,0.0,0.0
30479000000,4651,0,,0,-0.17755335569381714,0.1268814206123352,-0.11491098999977112,1.0,0.0,0.0,0.0,0.0
30481000000,4652,0,,0,-0.08607518672943115,0.2369297742843628,-0.3844636082649231,1.0,0.0,0.0,0.0,0.0
30483000000,4653,0,,0,0.3310691714286804,-0.11389831453561783,0.1698257476091385,1.0,0.0,0.0,0.0,0.0
30485000000,4654,0,,0,-0.20842674374580383,0.31904760003089905,0.0204276442527771,1.0,0.0,0.0,0.0,0.0
30487000000,4655,0,,0,0.26517796516418457,-0.33232197165489197,-0.30506619811058044,1.0,0.0,0.0,0.0,0.0
30489000000,4656,0,,0,-0.0032045464031398296,-0.3893166482448578,0.12521371245384216,1.0,0.0,0.0,0.0,0.0
30491000000,4657,0,,0,0.13047011196613312,-0.22496648132801056,0.26714402437210083,1.0,0.0,0.0,0.0,0.0
30493000000,4658,0,,0,0.026805581524968147,-0.20914219319820404,0.278931587934494,1.0,0.0,0.0,0.0,0.0
30495000000,4659,0,,0,0.3564413785934448,0.271879643201828,0.3381441533565521,1.0,0.0,0.0,0.0,0.0
30497000000,4660,0,,0,-0.2059984803199768,0.24483074247837067,0.28082671761512756,1.0,0.0,0.0,0.0,0.0
30499000000,4661,0,,0,-0.35471850633621216,0.003420708468183875,-0.101117342710495,1.0,0.0,0.0,0.0,0.0
30501000000,4662,0,,0,0.33785101771354675,-0.1183619573712349,-0.1746959686279297,1.0,0.0,0.0,0.0,0.0
30503000000,4663,0,,0,0.1468440592288971,-0.32090622186660767,-0.18459735810756683,1.0,0.0,0.0,0.0,0.0
30505000000,4664,0,,0,-0.16846442222595215,-0.11766190081834793,0.06371511518955231,1.0,0.0,0.0,0.0,0.0
30507000000,4665,0,,0,0.3787965476512909,0.3382088541984558,-0.21471244096755981,1.0,0.0,0.0,0.0,0.0
30509000000,4666,0,,0,-0.33564239740371704,-0.20061983168125153,-0.07054749876260757,1.0,0.0,0.0,0.0,0.0
30511000000,4667,0,,0,-0.11671922355890274,0.025968248024582863,-0.02316691353917122,1.0,0.0,0.0,0.0,0.0
30513000000,4668,0,,0,0.35741719603538513,0.0042897905223071575,-0.12782816588878632,1.0,0.0,0.0,0.0,0.0
30515000000,4669,0,,0,-0.12486427277326584,-0.1531568467617035,-0.08445736020803452,1.0,0.0,0.0,0.0,0.0
30517000000,4670,0,,0,-0.20522867143154144,-0.34352394938468933,0.35064801573753357,1.0,0.0,0.0,0.0,0.0
30519000000,4671,0,,0,0.2872163653373718,-0.25464698672294617,-0.32552632689476013,1.0,0.0,0.0,0.0,0.0
30521000000,4672,0,,0,-0.00739711569622159,-0.3200172185897827,0.3250889480113983,1.0,0.0,0.0,0.0,0.0
30523000000,4673,0,,0,-0.30644506216049194,-0.03257844224572182,-0.15065716207027435,1.0,0.0,0.0,0.0,0.0
30525000000,4674,0,,0,-0.3919012248516083,-0.18027277290821075,-0.07177703082561493,1.0,0.0,0.0,0.0,0.0
30527000000,4675,0,,0,0.39711952209472656,0.3240599036216736,0.07306618243455887,1.0,0.0,0.0,0.0,0.0
30529000000,4676,0,,0,-0.10562724620103836,-0.21491295099258423,0.022652404382824898,1.0,0.0,0.0,0.0,0.0
30531000000,4677,0,,0,0.21934987604618073,-0.028034646064043045,-0.1419343799352646,1.0,0.0,0.0,0.0,0.0
30533000000,4678,0,,0,0.34435462951660156,0.3701038658618927,-0.26828181743621826,1.0,0.0,0.0,0.0,0.0
30535000000,4679,0,,0,0.31849220395088196,-0.07092488557100296,-0.06420383602380753,1.0,0.0,0.0,0.0,0.0
30537000000,4680,0,,0,-0.047747887670993805,-0.08017445355653763,0.244765043258667,1.0,0.0,0.0,0.0,0.0
30539000000,4681,0,,0,0.35663673281669617,-0.3444979190826416,-0.2273743748664856,1.0,0.0,0.0,0.0,0.0
30541000000,4682,0,,0,0.28460216522216797,-0.3943513333797455,0.007111805956810713,1.0,0.0,0.0,0.0,0.0
30543000000,4683,0,,0,-0.25300392508506775,0.32835790514945984,-0.14447371661663055,1.0,0.0,0.0,0.0,0.0
30545000000,4684,0,,0,0.19153660535812378,0.17834532260894775,0.10525519400835037,1.0,0.0,0.0,0.0,0.0
30547000000,4685,0,,0,0.26969701051712036,0.13589276373386383,0.3551657497882843,1.0,0.0,0.0,0.0,0.0
30549000000,4686,0,,0,0.3894007205963135,0.27928978204727173,0.15154267847537994,1.0,0.0,0.0,0.0,0.0
30551000000,4687,0,,0,-0.13791559636592865,-0.07140929996967316,0.352295458316803,1.0,0.0,0.0,0.0,0.0
30553000000,4688,0,,0,0.3992288112640381,0.28543391823768616,0.06844200938940048,1.0,0.0,0.0,0.0,0.0
30555000000,4689,0,,0,0.1430121809244156,0.3494488000869751,0.3006652593612671,1.0,0.0,0.0,0.0,0.0
30557000000,4690,0,,0,-0.16136789321899414,-0.06614993512630463,0.1763170063495636,1.0,0.0,0.0,0.0,0.0
30559000000,4691,0,,0,-0.16942724585533142,0.21525277197360992,-0.31363680958747864,1.0,0.0,0.0,0.0,0.0
30561000000,4692,0,,0,0.1141330674290657,0.08123371005058289,-0.014025706797838211,1.0,0.0,0.0,0.0,0.0
30563000000,4693,0,,0,-0.21576319634914398,-0.37662017345428467,0.31786954402923584,1.0,0.0,0.0,0.0,0.0
30565000000,4694,0,,0,-0.2517305910587311,0.1541818231344223,-0.34332793951034546,1.0,0.0,0.0,0.0,0.0
30567000000,4695,0,,0,-0.07557851821184158,-0.22881557047367096,-0.222903773188591,1.0,0.0,0.0,0.0,0.0
30569000000,4696,0,,0,-0.13023902475833893,-0.3073429465293884,0.27135059237480164,1.0,0.0,0.0,0.0,0.0
30571000000,4697,0,,0,-0.3390393853187561,0.04517577216029167,0.04024675488471985,1.0,0.0,0.0,0.0,0.0
30573000000,4698,0,,0,0.28908097743988037,0.16615180671215057,-0.1157071441411972,1.0,0.0,0.0,0.0,0.0
30575000000,4699,0,,0,0.21422062814235687,0.37907838821411133,-0.18874841928482056,1.0,0.0,0.0,0.0,0.0
30577000000,4700,0,,0,0.30604010820388794,0.06602274626493454,0.0011254125274717808,1.0,0.0,0.0,0.0,0.0
30579000000,4701,0,,0,-0.12767307460308075,0.13261686265468597,0.018415579572319984,1.0,0.0,0.0,0.0,0.0
30581000000,4702,0,,0,-0.2659011781215668,0.2847731411457062,0.14764995872974396,1.0,0.0,0.0,0.0,0.0
30583000000,4703,0,,0,-0.29723167419433594,-0.018755394965410233,-0.05024997889995575,1.0,0.0,0.0,0.0,0.0
30585000000,4704,0,,0,0.24386322498321533,0.19052846729755402,0.11226273328065872,1.0,0.0,0.0,0.0,0.0
30587000000,4705,0,,0,-0.2559177875518799,0.28107574582099915,-0.0907096192240715,1.0,0.0,0.0,0.0,0.0
30589000000,4706,0,,0,0.20851604640483856,0.06966351717710495,-0.3003374934196472,1.0,0.0,0.0,0.0,0.0
30591000000,4707,0,,0,0.2671543061733246,0.28117018938064575,-0.00817444734275341,1.0,0.0,0.0,0.0,0.0
30593000000,4708,0,,0,0.02137269824743271,-0.02024504356086254,0.39357972145080566,1.0,0.0,0.0,0.0,0.0
30595000000,4709,0,,0,0.25487080216407776,-0.382310688495636,0.24003800749778748,1.0,0.0,0.0,0.0,0.0
30597000000,4710,0,,0,0.11116109043359756,0.21536821126937866,0.3874579071998596,1.0,0.0,0.0,0.0,0.0
30599000000,4711,0,,0,-0.24158677458763123,-0.31677448749542236,-0.30114081501960754,1.0,0.0,0.0,0.0,0.0
30601000000,4712,0,,0,-0.11817435920238495,-0.28990381956100464,0.14579802751541138,1.0,0.0,0.0,0.0,0.0
30603000000,4713,0,,0,-0.39275264739990234,0.39271941781044006,0.18683838844299316,1.0,0.0,0.0,0.0,0.0
30605000000,4714,0,,0,-0.39150893688201904,-0.12105682492256165,-0.09870953112840652,1.0,0.0,0.0,0.0,0.0
30607000000,4715,0,,0,0.20012038946151733,0.3065814673900604,0.02667170949280262,1.0,0.0,0.0,0.0,0.0
30609000000,4716,0,,0,-0.012651951052248478,0.04281986877322197,-0.14639097452163696,1.0,0.0,0.0,0.0,0.0
30611000000,4717,0,,0,-0.38202914595603943,-0.09954145550727844,-0.23041893541812897,1.0,0.0,0.0,0.0,0.0
30613000000,4718,0,,0,0.08894512057304382,0.2984941899776459,-0.08353777974843979,1.0,0.0,0.0,0.0,0.0
30615000000,4719,0,,0,0.3023882508277893,-0.09893016517162323,-0.3186476230621338,1.0,0.0,0.0,0.0,0.0
30617000000,4720,0,,0,0.08296218514442444,0.250826358795166,0.2744714021682739,1.0,0.0,0.0,0.0,0.0
30619000000,4721,0,,0,0.24130265414714813,0.15666770935058594,-0.31594762206077576,1.0,0.0,0.0,0.0,0.0
30621000000,4722,0,,0,0.24364066123962402,-0.20803016424179077,0.3854706585407257,1.0,0.0,0.0,0.0,0.0
30623000000,4723,0,,0,-0.18494322896003723,0.3213709592819214,-0.18936465680599213,1.0,0.0,0.0,0.0,0.0
30625000000,4724,0,,0,-0.200400710105896,-0.01081777736544609,-0.1730632185935974,1.0,0.0,0.0,0.0,0.0
30627000000,4725,0,,0,-0.287685751914978,-0.3208676278591156,0.2642850875854492,1.0,0.0,0.0,0.0,0.0
30629000000,4726,0,,0,0.30297812819480896,0.2967188358306885,0.14445511996746063,1.0,0.0,0.0,0.0,0.0
30631000000,4727,0,,0,-0.3969917297363281,0.047391798347234726,-0.0905698612332344,1.0,0.0,0.0,0.0,0.0
30633000000,4728,0,,0,0.14691776037216187,-0.3104797899723053,-0.3335251808166504,1.0,0.0,0.0,0.0,0.0
30635000000,4729,0,,0,-0.31308645009994507,-0.013431449420750141,0.19203437864780426,1.0,0.0,0.0,0.0,0.0
30637000000,4730,0,,0,0.058289557695388794,0.2462645322084427,0.010027680546045303,1.0,0.0,0.0,0.0,0.0
30639000000,4731,0,,0,-0.1911787986755371,0.049139995127916336,0.037687648087739944,1.0,0.0,0.0,0.0,0.0
30641000000,4732,0,,0,0.2184544801712036,-0.23739223182201385,0.161396324634552,1.0,0.0,0.0,0.0,0.0
30643000000,4733,0,,0,0.07088350504636765,-0.3396524488925934,-0.2818361222743988,1.0,0.0,0.0,0.0,0.0
30645000000,4734,0,,0,-0.05397563800215721,-0.3797992467880249,0.3337247669696808,1.0,0.0,0.0,0.0,0.0
30647000000,4735,0,,0,-0.24538177251815796,0.06752752512693405,0.04771947115659714,1.0,0.0,0.0,0.0,0.0
30649000000,4736,0,,0,-0.07450452446937561,0.3756971061229706,0.04547109827399254,1.0,0.0,0.0,0.0,0.0
30651000000,4737,0,,0,0.2383461445569992,-0.25010398030281067,-0.3399491012096405,1.0,0.0,0.0,0.0,0.0
30653000000,4738,0,,0,-0.32801467180252075,0.3601372241973877,-0.048772577196359634,1.0,0.0,0.0,0.0,0.0
30655000000,4739,0,,0,-0.26565060019493103,0.17272046208381653,0.06232171505689621,1.0,0.0,0.0,0.0,0.0
30657000000,4740,0,,0,0.11811385303735733,0.12519687414169312,0.31333884596824646,1.0,0.0,0.0,0.0,0.0
30659000000,4741,0,,0,-0.11686912178993225,-0.22075365483760834,0.3371943533420563,1.0,0.0,0.0,0.0,0.0
30661000000,4742,0,,0,0.34846705198287964,-0.24928632378578186,0.0031746262684464455,1.0,0.0,0.0,0.0,0.0
30663000000,4743,0,,0,-0.24311339855194092,0.021437283605337143,-0.2629540264606476,1.0,0.0,0.0,0.0,0.0
30665000000,4744,0,,0,0.33799582719802856,0.1875257045030594,0.02352379821240902,1.0,0.0,0.0,0.0,0.0
30667000000,4745,0,,0,0.3256080448627472,0.14560918509960175,-0.16215889155864716,1.0,0.0,0.0,0.0,0.0
30669000000,4746,0,,0,-0.2402435541152954,0.39822903275489807,-0.2969658076763153,1.0,0.0,0.0,0.0,0.0
30671000000,4747,0,,0,-0.09914231300354004,-0.06856174767017365,0.036896347999572754,1.0,0.0,0.0,0.0,0.0
30673000000,4748,0,,0,-0.104408398270607,-0.11802169680595398,0.3437970280647278,1.0,0.0,0.0,0.0,0.0
30675000000,4749,0,,0,0.0015611100243404508,-0.158698171377182,0.12510041892528534,1.0,0.0,0.0,0.0,0.0
30677000000,4750,0,,0,-0.27279332280158997,0.10046687722206116,0.10847766697406769,1.0,0.0,0.0,0.0,0.0
30679000000,4751,0,,0,-0.110142782330513,-0.07839235663414001,-0.275278776884079,1.0,0.0,0.0,0.0,0.0
30681000000,4752,0,,0,0.34055498242378235,-0.1586207151412964,-0.14543980360031128,1.0,0.0,0.0,0.0,0.0
30683000000,4753,0,,0,-0.08158731460571289,-0.376811683177948,-0.22616462409496307,1.0,0.0,0.0,0.0,0.0
30685000000,4754,0,,0,-0.043187547475099564,0.18750937283039093,-0.18102441728115082,1.0,0.0,0.0,0.0,0.0
30687000000,4755,0,,0,0.1662534922361374,-0.24538995325565338,0.031955160200595856,1.0,0.0,0.0,0.0,0.0
30689000000,4756,0,,0,0.16657400131225586,-0.22049732506275177,0.23034648597240448,1.0,0.0,0.0,0.0,0.0
30691000000,4757,0,,0,0.2602345943450928,-0.1243622899055481,0.30363282561302185,1.0,0.0,0.0,0.0,0.0
30693000000,4758,0,,0,0.05597154051065445,-0.27012017369270325,-0.2704559862613678,1.0,0.0,0.0,0.0,0.0
30695000000,4759,0,,0,-0.08095364272594452,-0.3369317054748535,-0.29240506887435913,1.0,0.0,0.0,0.0,0.0
30697000000,4760,0,,0,0.3087168037891388,-0.3119930922985077,-0.02390916645526886,1.0,0.0,0.0,0.0,0.0
30699000000,4761,0,,0,0.05275360494852066,0.190974161028862,-0.17198845744132996,1.0,0.0,0.0,0.0,0.0
30701000000,4762,0,,0,-0.03552508354187012,0.35042324662208557,-0.30894145369529724,1.0,0.0,0.0,0.0,0.0
30703000000,4763,0,,0,0.034249622374773026,-0.02875347062945366,0.33157628774642944,1.0,0.0,0.0,0.0,0.0
30705000000,4764,0,,0,0.2624954879283905,0.03533601388335228,0.10479483753442764,1.0,0.0,0.0,0.0,0.0
30707000000,4765,0,,0,0.1500009149312973,0.08199535310268402,0.04378180950880051,1.0,0.0,0.0,0.0,0.0
30709000000,4766,0,,0,-0.1324412077665329,0.17370277643203735,-0.36296436190605164,1.0,0.0,0.0,0.0,0.0
30711000000,4767,0,,0,0.10669808089733124,-0.2376389503479004,-0.39510396122932434,1.0,0.0,0.0,0.0,0.0
30713000000,4768,0,,0,0.09750448167324066,-0.08252236992120743,0.19130951166152954,1.0,0.0,0.0,0.0,0.0
30715000000,4769,0,,0,-0.23338037729263306,0.2465590387582779,-0.16949832439422607,1.0,0.0,0.0,0.0,0.0
30717000000,4770,0,,0,-0.3947910666465759,-0.25258737802505493,-0.27523720264434814,1.0,0.0,0.0,0.0,0.0
30719000000,4771,0,,0,0.3743135333061218,0.21160919964313507,0.026605844497680664,1.0,0.0,0.0,0.0,0.0
30721000000,4772,0,,0,0.13836202025413513,-0.30176886916160583,-0.1449936181306839,1.0,0.0,0.0,0.0,0.0
30723000000,4773,0,,0,-0.39964836835861206,0.3652794063091278,0.3127428889274597,1.0,0.0,0.0,0.0,0.0
30725000000,4774,0,,0,0.3892834484577179,-0.014782925136387348,0.2718755006790161,1.0,0.0,0.0,0.0,0.0
30727000000,4775,0,,0,0.16580267250537872,0.13379420340061188,0.17861083149909973,1.0,0.0,0.0,0.0,0.0
30729000000,4776,0,,0,0.35816431045532227,0.06111134588718414,-0.050630610436201096,1.0,0.0,0.0,0.0,0.0
30731000000,4777,0,,0,-0.3796513080596924,0.18048490583896637,-0.2788597047328949,1.0,0.0,0.0,0.0,0.0
30733000000,4778,0,,0,-0.00470404839143157,-0.24104911088943481,-0.3865008056163788,1.0,0.0,0.0,0.0,0.0
30735000000,4779,0,,0,0.03411450982093811,0.24573592841625214,-0.09809528291225433,1.0,0.0,0.0,0.0,0.0
30737000000,4780,0,,0,0.26189154386520386,0.2664777636528015,0.13507206737995148,1.0,0.0,0.0,0.0,0.0
30739000000,4781,0,,0,0.29244309663772583,0.32544416189193726,-0.12939731776714325,1.0,0.0,0.0,0.0,0.0
30741000000,4782,0,,0,-0.15317849814891815,0.39238041639328003,0.07249004393815994,1.0,0.0,0.0,0.0,0.0
30743000000,4783,0,,0,0.14403492212295532,0.28800126910209656,0.1202702671289444,1.0,0.0,0.0,0.0,0.0
30745000000,4784,0,,0,-0.33206707239151,-0.07680463045835495,-0.14419901371002197,1.0,0.0,0.0,0.0,0.0
30747000000,4785,0,,0,-0.37997967004776,0.24756036698818207,-0.27415233850479126,1.0,0.0,0.0,0.0,0.0
30749000000,4786,0,,0,-0.19604109227657318,-0.16798657178878784,-0.1184360608458519,1.0,0.0,0.0,0.0,0.0
30751000000,4787,0,,0,-0.28046804666519165,-0.08004952222108841,-0.12362039089202881,1.0,0.0,0.0,0.0,0.0
30753000000,4788,0,,0,-0.00229202420450747,0.06222624331712723,-0.020533673465251923,1.0,0.0,0.0,0.0,0.0
30755000000,4789,0,,0,-0.1684909462928772,0.019038742408156395,-0.37259113788604736,1.0,0.0,0.0,0.0,0.0
30757000000,4790,0,,0,-0.14949685335159302,-0.10616811364889145,0.3339090049266815,1.0,0.0,0.0,0.0,0.0
30759000000,4791,0,,0,0.21102991700172424,0.20176377892494202,-0.26547595858573914,1.0,0.0,0.0,0.0,0.0
30761000000,4792,0,,0,0.31871116161346436,-0.3799176514148712,-0.304653137922287,1.0,0.0,0.0,0.0,0.0
30763000000,4793,0,,0,0.22617432475090027,-0.17346462607383728,0.28147754073143005,1.0,0.0,0.0,0.0,0.0
30765000000,4794,0,,0,0.38562294840812683,-0.018702881410717964,-0.25827014446258545,1.0,0.0,0.0,0.0,0.0
30767000000,4795,0,,0,0.1931728571653366,-0.045388177037239075,0.160381019115448,1.0,0.0,0.0,0.0,0.0
