%time,field.header.seq,field.header.stamp,field.header.frame_id,field.group_mix,field.controls0,field.controls1,field.controls2,field.controls3,field.controls4,field.controls5,field.controls6,field.controls7
11828000000,2224,0,,0,-0.03363464027643204,0.15733486413955688,-0.36013293266296387,1.0,0.0,0.0,0.0,0.0
11829000000,2225,0,,0,-0.3064135015010834,-0.20401838421821594,-0.1697513312101364,1.0,0.0,0.0,0.0,0.0
11832000000,2226,0,,0,-0.13369663059711456,-0.06396707147359848,-0.1272924840450287,1.0,0.0,0.0,0.0,0.0
11833000000,2227,0,,0,0.05163407325744629,0.20641684532165527,-0.2889942228794098,1.0,0.0,0.0,0.0,0.0
11836000000,2228,0,,0,0.30456700921058655,0.022070953622460365,0.389279305934906,1.0,0.0,0.0,0.0,0.0
11838000000,2229,0,,0,0.1814914494752884,-0.13756033778190613,-0.27047863602638245,1.0,0.0,0.0,0.0,0.0
11839000000,2230,0,,0,0.059613797813653946,-0.31649115681648254,-0.01833730936050415,1.0,0.0,0.0,0.0,0.0
11841000000,2231,0,,0,0.09956999868154526,0.1447352170944214,-0.05252496898174286,1.0,0.0,0.0,0.0,0.0
11843000000,2232,0,,0,-0.3087230920791626,0.20995627343654633,0.2076413929462433,1.0,0.0,0.0,0.0,0.0
11846000000,2233,0,,0,-0.03948306664824486,0.2308293730020523,-0.05905422195792198,1.0,0.0,0.0,0.0,0.0
11847000000,2234,0,,0,0.38274139165878296,-0.28901007771492004,0.2758321464061737,1.0,0.0,0.0,0.0,0.0
11849000000,2235,0,,0,-0.10182822495698929,0.3844927251338959,0.007313517387956381,1.0,0.0,0.0,0.0,0.0
11851000000,2236,0,,0,-0.05377180874347687,-0.058138057589530945,0.35444602370262146,1.0,0.0,0.0,0.0,0.0
11853000000,2237,0,,0,-0.3327465355396271,-0.02576739341020584,0.19194310903549194,1.0,0.0,0.0,0.0,0.0
11855000000,2238,0,,0,0.3886639475822449,0.2637028396129608,-0.13196802139282227,1.0,0.0,0.0,0.0,0.0
11857000000,2239,0,,0,-0.2992577850818634,-0.22442196309566498,0.3446328043937683,1.0,0.0,0.0,0.0,0.0
11859000000,2240,0,,0,0.34019872546195984,0.2704744338989258,-0.2977433502674103,1.0,0.0,0.0,0.0,0.0
11861000000,2241,0,,0,-0.2714220881462097,-0.09249049425125122,0.20911504328250885,1.0,0.0,0.0,0.0,0.0
11863000000,2242,0,,0,0.3147079646587372,0.07023019343614578,-0.2646486461162567,1.0,0.0,0.0,0.0,0.0
11865000000,2243,0,,0,-0.013527710922062397,-0.15850648283958435,-0.012066375464200974,1.0,0.0,0.0,0.0,0.0
11867000000,2244,0,,0,-0.2999512851238251,0.32310307025909424,-0.21663020551204681,1.0,0.0,0.0,0.0,0.0
11869000000,2245,0,,0,-0.07738348096609116,0.05413690581917763,-0.18161813914775848,1.0,0.0,0.0,0.0,0.0
11871000000,2246,0,,0,0.2606915831565857,0.15053977072238922,-0.0472123809158802,1.0,0.0,0.0,0.0,0.0
11873000000,2247,0,,0,-0.17959152162075043,-0.04518233239650726,-0.14080674946308136,1.0,0.0,0.0,0.0,0.0
11875000000,2248,0,,0,0.191009521484375,0.37858226895332336,-0.10578001290559769,1.0,0.0,0.0,0.0,0.0
11877000000,2249,0,,0,-0.08350098133087158,-0.31061166524887085,-0.30905765295028687,1.0,0.0,0.0,0.0,0.0
11879000000,2250,0,,0,0.011508920229971409,-0.04970850422978401,-0.1695495843887329,1.0,0.0,0.0,0.0,0.0
11882000000,2251,0,,0,-0.3180089294910431,-0.02126648649573326,-0.3917863070964813,1.0,0.0,0.0,0.0,0.0
11883000000,2252,0,,0,-0.16445548832416534,-0.289466917514801,0.23112869262695312,1.0,0.0,0.0,0.0,0.0
11885000000,2253,0,,0,0.2752678394317627,0.20699235796928406,-0.2617676854133606,1.0,0.0,0.0,0.0,0.0
11887000000,2254,0,,0,0.3479805290699005,-0.3341209888458252,-0.04618089646100998,1.0,0.0,0.0,0.0,0.0
11889000000,2255,0,,0,0.2549179792404175,0.15357184410095215,0.30472421646118164,1.0,0.0,0.0,0.0,0.0
11891000000,2256,0,,0,0.17568819224834442,0.1912577897310257,0.14044690132141113,1.0,0.0,0.0,0.0,0.0
11893000000,2257,0,,0,0.20977522432804108,-0.37083637714385986,-0.060966938734054565,1.0,0.0,0.0,0.0,0.0
11895000000,2258,0,,0,-0.20361506938934326,0.29154813289642334,0.27312132716178894,1.0,0.0,0.0,0.0,0.0
11897000000,2259,0,,0,-0.17960742115974426,-0.11142823100090027,0.31055110692977905,1.0,0.0,0.0,0.0,0.0
11899000000,2260,0,,0,0.1970052868127823,-0.35655733942985535,0.016407357528805733,1.0,0.0,0.0,0.0,0.0
11901000000,2261,0,,0,-0.05624869838356972,-0.035384271293878555,0.16388285160064697,1.0,0.0,0.0,0.0,0.0
11903000000,2262,0,,0,0.2272222489118576,-0.256290465593338,-0.24337194859981537,1.0,0.0,0.0,0.0,0.0
11905000000,2263,0,,0,0.20063215494155884,0.3230263590812683,-0.33006298542022705,1.0,0.0,0.0,0.0,0.0
11907000000,2264,0,,0,0.1152772456407547,-0.369376540184021,-0.13893771171569824,1.0,0.0,0.0,0.0,0.0
11909000000,2265,0,,0,0.31017598509788513,0.021955767646431923,0.21401718258857727,1.0,0.0,0.0,0.0,0.0
11911000000,2266,0,,0,0.11598188430070877,0.3432852327823639,0.2948167026042938,1.0,0.0,0.0,0.0,0.0
11913000000,2267,0,,0,-0.11347980797290802,0.14181143045425415,-0.22566989064216614,1.0,0.0,0.0,0.0,0.0
11915000000,2268,0,,0,-0.09521374851465225,-0.06788831204175949,-0.07189138978719711,1.0,0.0,0.0,0.0,0.0
11918000000,2269,0,,0,0.18088775873184204,0.35565730929374695,-0.266498863697052,1.0,0.0,0.0,0.0,0.0
11919000000,2270,0,,0,-0.23768350481987,0.11128763109445572,0.0755389928817749,1.0,0.0,0.0,0.0,0.0
11921000000,2271,0,,0,-0.13199985027313232,0.2738116979598999,0.21847319602966309,1.0,0.0,0.0,0.0,0.0
11923000000,2272,0,,0,-0.015353437513113022,0.2035791426897049,-0.3645518124103546,1.0,0.0,0.0,0.0,0.0
11925000000,2273,0,,0,-0.030036412179470062,0.24727600812911987,0.22258590161800385,1.0,0.0,0.0,0.0,0.0
11927000000,2274,0,,0,-0.2784244120121002,0.3444591760635376,-0.24037472903728485,1.0,0.0,0.0,0.0,0.0
11930000000,2275,0,,0,-0.33332324028015137,0.08375216275453568,-0.06704491376876831,1.0,0.0,0.0,0.0,0.0
11931000000,2276,0,,0,0.06127334013581276,-0.31081247329711914,0.005079908762127161,1.0,0.0,0.0,0.0,0.0
11933000000,2277,0,,0,-0.09665252268314362,-0.05388632044196129,-0.262012243270874,1.0,0.0,0.0,0.0,0.0
11936000000,2278,0,,0,0.13172926008701324,-0.30172911286354065,0.0035367009695619345,1.0,0.0,0.0,0.0,0.0
11937000000,2279,0,,0,-0.013285856693983078,-0.3456920385360718,-0.35713300108909607,1.0,0.0,0.0,0.0,0.0
11939000000,2280,0,,0,0.3153533339500427,-0.11509811878204346,0.18034839630126953,1.0,0.0,0.0,0.0,0.0
11941000000,2281,0,,0,-0.019571328535676003,-0.16199789941310883,0.3094182312488556,1.0,0.0,0.0,0.0,0.0
11943000000,2282,0,,0,-0.16521896421909332,-0.36484625935554504,-0.12344028800725937,1.0,0.0,0.0,0.0,0.0
11946000000,2283,0,,0,-0.10897643119096756,0.39772266149520874,-0.3547418415546417,1.0,0.0,0.0,0.0,0.0
11947000000,2284,0,,0,0.2268933802843094,0.19736666977405548,-0.02105034701526165,1.0,0.0,0.0,0.0,0.0
11949000000,2285,0,,0,0.21361683309078217,-0.35308825969696045,-0.15930961072444916,1.0,0.0,0.0,0.0,0.0
11951000000,2286,0,,0,-0.06071345880627632,-0.08570338785648346,0.37575992941856384,1.0,0.0,0.0,0.0,0.0
11953000000,2287,0,,0,-0.3475700318813324,0.25062116980552673,-0.029811350628733635,1.0,0.0,0.0,0.0,0.0
11955000000,2288,0,,0,-0.3411807417869568,-0.29673200845718384,0.1915123611688614,1.0,0.0,0.0,0.0,0.0
11957000000,2289,0,,0,0.05049559473991394,-0.33379146456718445,-0.3130623996257782,1.0,0.0,0.0,0.0,0.0
11959000000,2290,0,,0,0.17783020436763763,-0.3141884505748749,0.16336511075496674,1.0,0.0,0.0,0.0,0.0
11961000000,2291,0,,0,-0.04379045590758324,-0.29694864153862,0.1335628777742386,1.0,0.0,0.0,0.0,0.0
11963000000,2292,0,,0,0.37808772921562195,0.367989718914032,0.0566231943666935,1.0,0.0,0.0,0.0,0.0
11965000000,2293,0,,0,0.16330565512180328,0.21775636076927185,0.38212913274765015,1.0,0.0,0.0,0.0,0.0
11967000000,2294,0,,0,-0.27964749932289124,-0.38370439410209656,0.3970133364200592,1.0,0.0,0.0,0.0,0.0
11969000000,2295,0,,0,0.05787166580557823,-0.1859276443719864,-0.028763310983777046,1.0,0.0,0.0,0.0,0.0
11971000000,2296,0,,0,-0.10270106792449951,0.013186248019337654,-0.07166776061058044,1.0,0.0,0.0,0.0,0.0
11973000000,2297,0,,0,0.26287519931793213,-0.2172134816646576,0.28079959750175476,1.0,0.0,0.0,0.0,0.0
11975000000,2298,0,,0,-0.1553935557603836,0.21115078032016754,0.37191855907440186,1.0,0.0,0.0,0.0,0.0
11977000000,2299,0,,0,0.23082175850868225,-0.1847633719444275,0.23126943409442902,1.0,0.0,0.0,0.0,0.0
11979000000,2300,0,,0,0.07310382276773453,-0.11394939571619034,-0.07537861168384552,1.0,0.0,0.0,0.0,0.0
11981000000,2301,0,,0,0.06173936277627945,0.016081349924206734,0.09954921901226044,1.0,0.0,0.0,0.0,0.0
11983000000,2302,0,,0,0.19965755939483643,-0.16330818831920624,-0.1590440571308136,1.0,0.0,0.0,0.0,0.0
11985000000,2303,0,,0,-0.1079898327589035,0.013888917863368988,-0.09843806177377701,1.0,0.0,0.0,0.0,0.0
11987000000,2304,0,,0,0.3759702444076538,-0.005798115860670805,0.04248295724391937,1.0,0.0,0.0,0.0,0.0
11989000000,2305,0,,0,-0.21891242265701294,0.09290875494480133,-0.39682498574256897,1.0,0.0,0.0,0.0,0.0
11991000000,2306,0,,0,0.1686048060655594,-0.24948717653751373,-0.175979882478714,1.0,0.0,0.0,0.0,0.0
11993000000,2307,0,,0,-0.23725222051143646,0.38448917865753174,-0.17041760683059692,1.0,0.0,0.0,0.0,0.0
11995000000,2308,0,,0,-0.04317760840058327,-0.11225351691246033,-0.062266625463962555,1.0,0.0,0.0,0.0,0.0
11997000000,2309,0,,0,0.35535386204719543,0.26851215958595276,-0.08546843379735947,1.0,0.0,0.0,0.0,0.0
11999000000,2310,0,,0,0.11838816851377487,-0.009204127825796604,0.3182648718357086,1.0,0.0,0.0,0.0,0.0
12001000000,2311,0,,0,-0.26137953996658325,-0.10154149681329727,0.16682101786136627,1.0,0.0,0.0,0.0,0.0
12003000000,2312,0,,0,0.05004613846540451,-0.36372455954551697,0.34261849522590637,1.0,0.0,0.0,0.0,0.0
12005000000,2313,0,,0,-0.2916768789291382,0.3218635022640228,-0.3819914162158966,1.0,0.0,0.0,0.0,0.0
12007000000,2314,0,,0,-0.3248760998249054,-0.22620484232902527,-0.08424058556556702,1.0,0.0,0.0,0.0,0.0
12009000000,2315,0,,0,0.1837773621082306,0.1330462396144867,-0.13150009512901306,1.0,0.0,0.0,0.0,0.0
12011000000,2316,0,,0,0.15740449726581573,0.12472431361675262,-0.15356433391571045,1.0,0.0,0.0,0.0,0.0
12013000000,2317,0,,0,-0.10016778111457825,-0.24998456239700317,-0.13190607726573944,1.0,0.0,0.0,0.0,0.0
12015000000,2318,0,,0,0.3190745413303375,-0.36780065298080444,-0.2283427119255066,1.0,0.0,0.0,0.0,0.0
12017000000,2319,0,,0,-0.3333054482936859,-0.29229095578193665,0.19334478676319122,1.0,0.0,0.0,0.0,0.0
12019000000,2320,0,,0,0.25428470969200134,-0.21068724989891052,0.336129367351532,1.0,0.0,0.0,0.0,0.0
12021000000,2321,0,,0,0.33928248286247253,0.3415204882621765,0.07029002904891968,1.0,0.0,0.0,0.0,0.0
12023000000,2322,0,,0,-0.11955428868532181,-0.3064909279346466,-0.3238108158111572,1.0,0.0,0.0,0.0,0.0
12025000000,2323,0,,0,0.1859787404537201,-0.18545876443386078,-0.38970866799354553,1.0,0.0,0.0,0.0,0.0
12027000000,2324,0,,0,0.09534599632024765,-0.3812980353832245,-0.18710805475711823,1.0,0.0,0.0,0.0,0.0
12029000000,2325,0,,0,0.22447749972343445,-0.13529697060585022,0.06415755301713943,1.0,0.0,0.0,0.0,0.0
12031000000,2326,0,,0,-0.3118755519390106,-0.2147807627916336,-0.3688338100910187,1.0,0.0,0.0,0.0,0.0
12033000000,2327,0,,0,-0.18977484107017517,-0.2504984140396118,-0.3800075352191925,1.0,0.0,0.0,0.0,0.0
12035000000,2328,0,,0,0.26867273449897766,-0.3996570110321045,-0.009671539068222046,1.0,0.0,0.0,0.0,0.0
12037000000,2329,0,,0,0.24428150057792664,-0.2118140310049057,0.1026393249630928,1.0,0.0,0.0,0.0,0.0
12039000000,2330,0,,0,-0.31238895654678345,-0.36265140771865845,0.16888220608234406,1.0,0.0,0.0,0.0,0.0
12042000000,2331,0,,0,-0.06135431304574013,0.1848735362291336,-0.08233912289142609,1.0,0.0,0.0,0.0,0.0
12043000000,2332,0,,0,0.2769988477230072,-0.3015294671058655,0.2581943869590759,1.0,0.0,0.0,0.0,0.0
12045000000,2333,0,,0,-0.26259180903434753,-0.08653898537158966,0.020325174555182457,1.0,0.0,0.0,0.0,0.0
12047000000,2334,0,,0,0.19596806168556213,0.1483309417963028,-0.2543918192386627,1.0,0.0,0.0,0.0,0.0
12049000000,2335,0,,0,0.35357150435447693,0.22414760291576385,0.3644254505634308,1.0,0.0,0.0,0.0,0.0
12051000000,2336,0,,0,-0.1436241865158081,0.3210659325122833,0.1339072287082672,1.0,0.0,0.0,0.0,0.0
12054000000,2337,0,,0,-0.026165002956986427,0.01350553147494793,0.2931804060935974,1.0,0.0,0.0,0.0,0.0
12056000000,2338,0,,0,-0.34900006651878357,0.08884038031101227,0.18391217291355133,1.0,0.0,0.0,0.0,0.0
12058000000,2339,0,,0,0.2964647114276886,0.20814016461372375,0.281009703874588,1.0,0.0,0.0,0.0,0.0
12059000000,2340,0,,0,-0.3667217493057251,-0.0962107926607132,0.28518882393836975,1.0,0.0,0.0,0.0,0.0
12061000000,2341,0,,0,-0.2470422238111496,0.05437074974179268,-0.2664905786514282,1.0,0.0,0.0,0.0,0.0
12063000000,2342,0,,0,0.2871682047843933,0.2249242216348648,-0.3696528673171997,1.0,0.0,0.0,0.0,0.0
12066000000,2343,0,,0,-0.14190390706062317,0.12407916784286499,-0.052214160561561584,1.0,0.0,0.0,0.0,0.0
12068000000,2344,0,,0,-0.39615628123283386,0.3192543685436249,0.028216905891895294,1.0,0.0,0.0,0.0,0.0
12069000000,2345,0,,0,0.02289588376879692,0.34034550189971924,-0.3949126601219177,1.0,0.0,0.0,0.0,0.0
12072000000,2346,0,,0,-0.28301605582237244,0.32193854451179504,-0.09574101120233536,1.0,0.0,0.0,0.0,0.0
12073000000,2347,0,,0,-0.21466763317584991,0.21936509013175964,0.28870680928230286,1.0,0.0,0.0,0.0,0.0
12075000000,2348,0,,0,-0.1167483776807785,0.035865169018507004,-0.08339337259531021,1.0,0.0,0.0,0.0,0.0
12077000000,2349,0,,0,0.2981778383255005,-0.05714152008295059,0.3363504409790039,1.0,0.0,0.0,0.0,0.0
12079000000,2350,0,,0,-0.2194986194372177,-0.28876596689224243,-0.08913644403219223,1.0,0.0,0.0,0.0,0.0
12082000000,2351,0,,0,-0.2229028344154358,-0.14486482739448547,-0.18069340288639069,1.0,0.0,0.0,0.0,0.0
12083000000,2352,0,,0,-0.17426219582557678,0.0969683900475502,0.13482078909873962,1.0,0.0,0.0,0.0,0.0
12085000000,2353,0,,0,-0.25369390845298767,-0.18983566761016846,0.12034671753644943,1.0,0.0,0.0,0.0,0.0
12088000000,2354,0,,0,-0.30429407954216003,0.2084190547466278,-0.17800895869731903,1.0,0.0,0.0,0.0,0.0
12089000000,2355,0,,0,-0.34451019763946533,0.31570443511009216,0.08395402133464813,1.0,0.0,0.0,0.0,0.0
12092000000,2356,0,,0,0.1372230499982834,-0.038240496069192886,0.04121207073330879,1.0,0.0,0.0,0.0,0.0
12093000000,2357,0,,0,-0.15411436557769775,0.055106304585933685,0.27899911999702454,1.0,0.0,0.0,0.0,0.0
12096000000,2358,0,,0,-0.22175341844558716,-0.10433123260736465,-0.04828350618481636,1.0,0.0,0.0,0.0,0.0
12098000000,2359,0,,0,0.3166942596435547,0.10876872390508652,0.09060948342084885,1.0,0.0,0.0,0.0,0.0
12099000000,2360,0,,0,0.043321192264556885,-0.03541507199406624,0.34830835461616516,1.0,0.0,0.0,0.0,0.0
12101000000,2361,0,,0,0.03662189468741417,0.3108494281768799,-0.16220617294311523,1.0,0.0,0.0,0.0,0.0
12104000000,2362,0,,0,-0.09409439563751221,-0.25192883610725403,-0.3493177592754364,1.0,0.0,0.0,0.0,0.0
12106000000,2363,0,,0,-0.21006740629673004,0.22337636351585388,-0.3045228123664856,1.0,0.0,0.0,0.0,0.0
12107000000,2364,0,,0,-0.18777796626091003,-0.17674188315868378,0.33253365755081177,1.0,0.0,0.0,0.0,0.0
12109000000,2365,0,,0,-0.131562277674675,0.3106596767902374,-0.016730258241295815,1.0,0.0,0.0,0.0,0.0
12111000000,2366,0,,0,-0.1488056629896164,0.2656500041484833,-0.11061381548643112,1.0,0.0,0.0,0.0,0.0
12113000000,2367,0,,0,-0.03367883712053299,0.16160722076892853,0.32079264521598816,1.0,0.0,0.0,0.0,0.0
12116000000,2368,0,,0,-0.36128324270248413,-0.19882754981517792,0.07369968295097351,1.0,0.0,0.0,0.0,0.0
12117000000,2369,0,,0,-0.17427779734134674,-0.3579201102256775,-0.27883440256118774,1.0,0.0,0.0,0.0,0.0
12119000000,2370,0,,0,-0.0017290384275838733,-0.3210115134716034,-0.2716090977191925,1.0,0.0,0.0,0.0,0.0
12122000000,2371,0,,0,0.04405248165130615,0.3183176815509796,-0.3858865797519684,1.0,0.0,0.0,0.0,0.0
12124000000,2372,0,,0,-0.052772656083106995,-0.33041098713874817,-0.01773061417043209,1.0,0.0,0.0,0.0,0.0
12126000000,2373,0,,0,0.28909990191459656,-0.18891511857509613,0.20001332461833954,1.0,0.0,0.0,0.0,0.0
12128000000,2374,0,,0,0.3855745792388916,0.22078309953212738,-0.18435999751091003,1.0,0.0,0.0,0.0,0.0
12130000000,2375,0,,0,0.19150930643081665,0.07405446469783783,0.30654990673065186,1.0,0.0,0.0,0.0,0.0
12132000000,2376,0,,0,-0.24258121848106384,-0.37360092997550964,0.1015346422791481,1.0,0.0,0.0,0.0,0.0
12134000000,2377,0,,0,0.017864085733890533,0.15112221240997314,-0.37919265031814575,1.0,0.0,0.0,0.0,0.0
12136000000,2378,0,,0,0.3773520290851593,0.388576865196228,0.23288142681121826,1.0,0.0,0.0,0.0,0.0
12137000000,2379,0,,0,0.3754795491695404,-0.1880674660205841,-0.3834058344364166,1.0,0.0,0.0,0.0,0.0
12139000000,2380,0,,0,-0.04949026182293892,-0.10528339445590973,-0.3937755525112152,1.0,0.0,0.0,0.0,0.0
12141000000,2381,0,,0,0.2064506560564041,0.052183352410793304,-0.0877113789319992,1.0,0.0,0.0,0.0,0.0
12144000000,2382,0,,0,0.04020525887608528,0.22495386004447937,0.37942758202552795,1.0,0.0,0.0,0.0,0.0
12145000000,2383,0,,0,-0.2816968858242035,0.1931343674659729,-0.11218981444835663,1.0,0.0,0.0,0.0,0.0
12147000000,2384,0,,0,0.38842305541038513,0.10333897173404694,-0.3969993591308594,1.0,0.0,0.0,0.0,0.0
12149000000,2385,0,,0,0.1541413962841034,-0.13242556154727936,0.2982470989227295,1.0,0.0,0.0,0.0,0.0
12151000000,2386,0,,0,0.3866202235221863,-0.17025765776634216,-0.3430747389793396,1.0,0.0,0.0,0.0,0.0
12153000000,2387,0,,0,-0.04001422971487045,0.17061303555965424,0.33591321110725403,1.0,0.0,0.0,0.0,0.0
12155000000,2388,0,,0,0.23335495591163635,-0.20993398129940033,-0.10440937429666519,1.0,0.0,0.0,0.0,0.0
12157000000,2389,0,,0,-0.2980427145957947,0.3404637277126312,0.08370984345674515,1.0,0.0,0.0,0.0,0.0
12160000000,2390,0,,0,0.13979631662368774,-0.19042715430259705,-0.061948079615831375,1.0,0.0,0.0,0.0,0.0
12161000000,2391,0,,0,-0.24410343170166016,-0.36789652705192566,-0.17340782284736633,1.0,0.0,0.0,0.0,0.0
12164000000,2392,0,,0,0.2488647699356079,-0.30592697858810425,-0.370248019695282,1.0,0.0,0.0,0.0,0.0
12166000000,2393,0,,0,-0.14893151819705963,0.20003384351730347,-0.23251624405384064,1.0,0.0,0.0,0.0,0.0
12168000000,2394,0,,0,-0.10143157839775085,-0.03730541095137596,0.23327100276947021,1.0,0.0,0.0,0.0,0.0
12170000000,2395,0,,0,-0.09981802850961685,-0.20944717526435852,0.3113389313220978,1.0,0.0,0.0,0.0,0.0
12171000000,2396,0,,0,-0.19598974287509918,-0.18641966581344604,0.11928091943264008,1.0,0.0,0.0,0.0,0.0
12173000000,2397,0,,0,-0.22616060078144073,0.28104910254478455,0.1091914102435112,1.0,0.0,0.0,0.0,0.0
12175000000,2398,0,,0,-0.2687789797782898,0.29292792081832886,-0.21665123105049133,1.0,0.0,0.0,0.0,0.0
12177000000,2399,0,,0,-0.24027647078037262,0.1498195379972458,-0.25174468755722046,1.0,0.0,0.0,0.0,0.0
12179000000,2400,0,,0,0.11711961776018143,-0.23525169491767883,0.22016973793506622,1.0,0.0,0.0,0.0,0.0
12181000000,2401,0,,0,0.20977413654327393,-0.2303793877363205,0.23031768202781677,1.0,0.0,0.0,0.0,0.0
12183000000,2402,0,,0,0.2852509319782257,0.08433005213737488,0.04996496066451073,1.0,0.0,0.0,0.0,0.0
12185000000,2403,0,,0,-0.050033263862133026,0.0800168365240097,0.20636650919914246,1.0,0.0,0.0,0.0,0.0
12187000000,2404,0,,0,0.059079527854919434,0.20664551854133606,0.08052591234445572,1.0,0.0,0.0,0.0,0.0
12189000000,2405,0,,0,0.21021290123462677,0.15437549352645874,0.38217198848724365,1.0,0.0,0.0,0.0,0.0
12191000000,2406,0,,0,0.22724615037441254,0.3761548101902008,0.20648644864559174,1.0,0.0,0.0,0.0,0.0
12193000000,2407,0,,0,0.16716384887695312,-0.26474669575691223,-0.38676682114601135,1.0,0.0,0.0,0.0,0.0
12195000000,2408,0,,0,0.38093510270118713,0.37069669365882874,-0.11205471307039261,1.0,0.0,0.0,0.0,0.0
12197000000,2409,0,,0,-0.33663684129714966,-0.0775495320558548,0.37985959649086,1.0,0.0,0.0,0.0,0.0
12199000000,2410,0,,0,-0.1572694033384323,-0.3798693120479584,-0.16018809378147125,1.0,0.0,0.0,0.0,0.0
12201000000,2411,0,,0,-0.06850629299879074,0.22556917369365692,-0.03236261010169983,1.0,0.0,0.0,0.0,0.0
12203000000,2412,0,,0,0.29681313037872314,-0.12674857676029205,-0.20284032821655273,1.0,0.0,0.0,0.0,0.0
12205000000,2413,0,,0,0.3228358030319214,-0.3944084048271179,-0.07037629187107086,1.0,0.0,0.0,0.0,0.0
12208000000,2414,0,,0,-0.11179704964160919,-0.021356789395213127,0.006497898139059544,1.0,0.0,0.0,0.0,0.0
12209000000,2415,0,,0,-0.38012275099754333,0.3670966327190399,0.3516371548175812,1.0,0.0,0.0,0.0,0.0
12211000000,2416,0,,0,-0.1096980944275856,0.05932583287358284,-0.07680442929267883,1.0,0.0,0.0,0.0,0.0
12213000000,2417,0,,0,0.024127420037984848,0.2966800630092621,-0.28119611740112305,1.0,0.0,0.0,0.0,0.0
12215000000,2418,0,,0,0.07167111337184906,-0.0665971040725708,0.08209846168756485,1.0,0.0,0.0,0.0,0.0
12217000000,2419,0,,0,0.17084741592407227,-0.0038457943592220545,-0.17660441994667053,1.0,0.0,0.0,0.0,0.0
12220000000,2420,0,,0,0.2216351330280304,0.20829764008522034,0.13580980896949768,1.0,0.0,0.0,0.0,0.0
12221000000,2421,0,,0,-0.37080633640289307,-0.3587816655635834,-0.07645634561777115,1.0,0.0,0.0,0.0,0.0
12223000000,2422,0,,0,0.06710396707057953,0.21708649396896362,-0.24934105575084686,1.0,0.0,0.0,0.0,0.0
12225000000,2423,0,,0,0.17164118587970734,0.20262598991394043,-0.005391146056354046,1.0,0.0,0.0,0.0,0.0
12227000000,2424,0,,0,-0.36330893635749817,0.2819015383720398,0.3052138388156891,1.0,0.0,0.0,0.0,0.0
12229000000,2425,0,,0,-0.2400154024362564,0.029550425708293915,0.11082237213850021,1.0,0.0,0.0,0.0,0.0
12231000000,2426,0,,0,0.00426276633515954,-0.008397669531404972,-0.16705018281936646,1.0,0.0,0.0,0.0,0.0
12233000000,2427,0,,0,-0.019661420956254005,0.06392239779233932,0.15632420778274536,1.0,0.0,0.0,0.0,0.0
12235000000,2428,0,,0,0.33758318424224854,-0.3288799524307251,-0.3262639045715332,1.0,0.0,0.0,0.0,0.0
12237000000,2429,0,,0,-0.004543528892099857,0.3980094790458679,-0.0011384958634153008,1.0,0.0,0.0,0.0,0.0
12239000000,2430,0,,0,0.04880639538168907,-0.28098559379577637,0.04719537869095802,1.0,0.0,0.0,0.0,0.0
12241000000,2431,0,,0,-0.1331615000963211,0.321577250957489,0.35120463371276855,1.0,0.0,0.0,0.0,0.0
12243000000,2432,0,,0,0.18880747258663177,-0.3153437376022339,-0.2801690399646759,1.0,0.0,0.0,0.0,0.0
12245000000,2433,0,,0,-0.304616242647171,-0.007397228851914406,0.14495737850666046,1.0,0.0,0.0,0.0,0.0
12247000000,2434,0,,0,0.0895833969116211,-0.09592512995004654,-0.14610542356967926,1.0,0.0,0.0,0.0,0.0
12249000000,2435,0,,0,0.2917100489139557,-0.2989935874938965,-0.23244348168373108,1.0,0.0,0.0,0.0,0.0
12251000000,2436,0,,0,0.20273730158805847,-0.35308918356895447,-0.009257767349481583,1.0,0.0,0.0,0.0,0.0
12253000000,2437,0,,0,0.24109521508216858,-0.2317376583814621,-0.07837669551372528,1.0,0.0,0.0,0.0,0.0
12255000000,2438,0,,0,-0.2108316272497177,0.29999080300331116,-0.041529737412929535,1.0,0.0,0.0,0.0,0.0
12257000000,2439,0,,0,-0.17428374290466309,0.2772836685180664,0.34686049818992615,1.0,0.0,0.0,0.0,0.0
12259000000,2440,0,,0,0.05260038748383522,0.16829025745391846,0.2003905326128006,1.0,0.0,0.0,0.0,0.0
12261000000,2441,0,,0,-0.22683531045913696,-0.22267889976501465,0.3976619243621826,1.0,0.0,0.0,0.0,0.0
12263000000,2442,0,,0,0.18790116906166077,-0.2720393240451813,-0.0096117639914155,1.0,0.0,0.0,0.0,0.0
12265000000,2443,0,,0,0.023162614554166794,-0.3792606592178345,-0.19241048395633698,1.0,0.0,0.0,0.0,0.0
12267000000,2444,0,,0,0.33644047379493713,0.28467652201652527,0.32398757338523865,1.0,0.0,0.0,0.0,0.0
12269000000,2445,0,,0,-0.28916749358177185,-0.06207742542028427,0.210152730345726,1.0,0.0,0.0,0.0,0.0
12271000000,2446,0,,0,0.03711517155170441,0.36998578906059265,0.17107151448726654,1.0,0.0,0.0,0.0,0.0
12273000000,2447,0,,0,0.33700990676879883,0.23679937422275543,0.10302659124135971,1.0,0.0,0.0,0.0,0.0
12275000000,2448,0,,0,0.13467182219028473,-0.2829347848892212,0.1606115698814392,1.0,0.0,0.0,0.0,0.0
12278000000,2449,0,,0,0.19159185886383057,0.1509637087583542,-0.36697980761528015,1.0,0.0,0.0,0.0,0.0
12279000000,2450,0,,0,0.37074387073516846,0.04666059464216232,0.20401720702648163,1.0,0.0,0.0,0.0,0.0
12282000000,2451,0,,0,-0.3225831091403961,0.29757291078567505,0.25744494795799255,1.0,0.0,0.0,0.0,0.0
12284000000,2452,0,,0,-0.0914626270532608,0.34359443187713623,-0.19798006117343903,1.0,0.0,0.0,0.0,0.0
12285000000,2453,0,,0,0.31551048159599304,-0.14238667488098145,-0.04769337922334671,1.0,0.0,0.0,0.0,0.0
12288000000,2454,0,,0,0.2577719986438751,-0.21106427907943726,-0.18988218903541565,1.0,0.0,0.0,0.0,0.0
12289000000,2455,0,,0,0.12048135697841644,-0.2780037224292755,-0.36627063155174255,1.0,0.0,0.0,0.0,0.0
12292000000,2456,0,,0,0.11029151827096939,-0.3018723428249359,-0.31142616271972656,1.0,0.0,0.0,0.0,0.0
12293000000,2457,0,,0,0.1493031531572342,0.22997045516967773,0.10798913240432739,1.0,0.0,0.0,0.0,0.0
12295000000,2458,0,,0,0.009115610271692276,-0.2833220660686493,-0.35970452427864075,1.0,0.0,0.0,0.0,0.0
12297000000,2459,0,,0,0.3974638283252716,0.17005808651447296,-0.087893545627594,1.0,0.0,0.0,0.0,0.0
12299000000,2460,0,,0,-0.3378811180591583,0.02897004969418049,-0.19533579051494598,1.0,0.0,0.0,0.0,0.0
12301000000,2461,0,,0,-0.31595441699028015,-0.1678193062543869,-0.24542872607707977,1.0,0.0,0.0,0.0,0.0
12303000000,2462,0,,0,-0.18167905509471893,-0.12359066307544708,0.1320406049489975,1.0,0.0,0.0,0.0,0.0
12305000000,2463,0,,0,0.005125852767378092,0.29260963201522827,0.12470678240060806,1.0,0.0,0.0,0.0,0.0
12308000000,2464,0,,0,-0.21075396239757538,0.07182808965444565,0.178782120347023,1.0,0.0,0.0,0.0,0.0
12309000000,2465,0,,0,0.14802943170070648,-0.2810784578323364,0.3562335968017578,1.0,0.0,0.0,0.0,0.0
12311000000,2466,0,,0,0.08453858643770218,0.30804526805877686,-0.056269530206918716,1.0,0.0,0.0,0.0,0.0
12313000000,2467,0,,0,-0.29934266209602356,-0.2121744453907013,-0.3404906690120697,1.0,0.0,0.0,0.0,0.0
12315000000,2468,0,,0,0.34280577301979065,-0.31867578625679016,-0.21149539947509766,1.0,0.0,0.0,0.0,0.0
12317000000,2469,0,,0,-0.2065044343471527,-0.022845331579446793,0.20232275128364563,1.0,0.0,0.0,0.0,0.0
12319000000,2470,0,,0,0.36321085691452026,0.3787229657173157,0.15956881642341614,1.0,0.0,0.0,0.0,0.0
12321000000,2471,0,,0,-0.13673704862594604,0.27683672308921814,-0.18337495625019073,1.0,0.0,0.0,0.0,0.0
12323000000,2472,0,,0,-0.06546956300735474,0.27960988879203796,-0.12450519949197769,1.0,0.0,0.0,0.0,0.0
12325000000,2473,0,,0,0.07486424595117569,-0.14858606457710266,-0.24188564717769623,1.0,0.0,0.0,0.0,0.0
12327000000,2474,0,,0,-0.17141780257225037,-0.0829959511756897,-0.3320503234863281,1.0,0.0,0.0,0.0,0.0
12329000000,2475,0,,0,-0.33798786997795105,-0.3002215623855591,-0.10211062431335449,1.0,0.0,0.0,0.0,0.0
12331000000,2476,0,,0,0.22731509804725647,-0.34363290667533875,0.0007720862049609423,1.0,0.0,0.0,0.0,0.0
12333000000,2477,0,,0,0.18320897221565247,0.30300360918045044,0.012938818894326687,1.0,0.0,0.0,0.0,0.0
12335000000,2478,0,,0,0.26583409309387207,-0.26447921991348267,-0.09360064566135406,1.0,0.0,0.0,0.0,0.0
12337000000,2479,0,,0,-0.28035086393356323,0.17038671672344208,0.14301279187202454,1.0,0.0,0.0,0.0,0.0
12339000000,2480,0,,0,-0.12807919085025787,-0.061691928654909134,-0.3217792510986328,1.0,0.0,0.0,0.0,0.0
12341000000,2481,0,,0,-0.15950769186019897,0.010468580760061741,0.35925737023353577,1.0,0.0,0.0,0.0,0.0
12343000000,2482,0,,0,0.35542377829551697,-0.1653773933649063,-0.37736567854881287,1.0,0.0,0.0,0.0,0.0
12345000000,2483,0,,0,0.12982775270938873,0.27072861790657043,-0.3876466751098633,1.0,0.0,0.0,0.0,0.0
12347000000,2484,0,,0,-0.2733873426914215,-0.2779276669025421,-0.22815914452075958,1.0,0.0,0.0,0.0,0.0
12349000000,2485,0,,0,-0.16400688886642456,-0.11718946695327759,-0.30717775225639343,1.0,0.0,0.0,0.0,0.0
12351000000,2486,0,,0,0.35896846652030945,-0.3823874294757843,0.0324455127120018,1.0,0.0,0.0,0.0,0.0
12353000000,2487,0,,0,-0.21991710364818573,0.28575849533081055,-0.045060284435749054,1.0,0.0,0.0,0.0,0.0
12355000000,2488,0,,0,-0.032110266387462616,-0.18281853199005127,-0.2503758370876312,1.0,0.0,0.0,0.0,0.0
12358000000,2489,0,,0,0.2827295660972595,-0.39784035086631775,-0.23122234642505646,1.0,0.0,0.0,0.0,0.0
12359000000,2490,0,,0,0.3679032623767853,0.24302056431770325,0.1237526386976242,1.0,0.0,0.0,0.0,0.0
12361000000,2491,0,,0,0.00395271135494113,0.15244968235492706,-0.029411477968096733,1.0,0.0,0.0,0.0,0.0
12363000000,2492,0,,0,0.2443864643573761,0.1030716672539711,-0.24589265882968903,1.0,0.0,0.0,0.0,0.0
12365000000,2493,0,,0,-0.027945730835199356,-0.14904186129570007,-0.231814906001091,1.0,0.0,0.0,0.0,0.0
12367000000,2494,0,,0,-0.05734475702047348,-0.3513614237308502,-0.24804522097110748,1.0,0.0,0.0,0.0,0.0
12369000000,2495,0,,0,-0.059358589351177216,-0.2517281770706177,0.08280973136425018,1.0,0.0,0.0,0.0,0.0
12371000000,2496,0,,0,0.09696073085069656,0.17590869963169098,-0.1742619276046753,1.0,0.0,0.0,0.0,0.0
12373000000,2497,0,,0,-0.3219243288040161,-0.10316744446754456,0.055115893483161926,1.0,0.0,0.0,0.0,0.0
12375000000,2498,0,,0,0.14926593005657196,-0.3066522479057312,0.3903246819972992,1.0,0.0,0.0,0.0,0.0
12377000000,2499,0,,0,0.197261244058609,-0.2459162026643753,-0.31435447931289673,1.0,0.0,0.0,0.0,0.0
12379000000,2500,0,,0,0.187672957777977,-0.08184365928173065,0.3665269613265991,1.0,0.0,0.0,0.0,0.0
12381000000,2501,0,,0,-0.2629203498363495,-0.1521434485912323,0.35016757249832153,1.0,0.0,0.0,0.0,0.0
12383000000,2502,0,,0,0.0898391380906105,0.3012705147266388,0.0075817289762198925,1.0,0.0,0.0,0.0,0.0
12385000000,2503,0,,0,0.3922416865825653,0.1934501826763153,-0.31279873847961426,1.0,0.0,0.0,0.0,0.0
12387000000,2504,0,,0,-0.3200606405735016,0.20045426487922668,-0.15969964861869812,1.0,0.0,0.0,0.0,0.0
12389000000,2505,0,,0,0.22748109698295593,0.33840471506118774,-0.2863176167011261,1.0,0.0,0.0,0.0,0.0
12391000000,2506,0,,0,-0.29612576961517334,0.006870637182146311,0.2796843349933624,1.0,0.0,0.0,0.0,0.0
12394000000,2507,0,,0,0.34902724623680115,0.1443977802991867,-0.3069145083427429,1.0,0.0,0.0,0.0,0.0
12395000000,2508,0,,0,0.22922609746456146,0.13151341676712036,-0.09922021627426147,1.0,0.0,0.0,0.0,0.0
12397000000,2509,0,,0,0.33840832114219666,-0.3470395505428314,-0.15200577676296234,1.0,0.0,0.0,0.0,0.0
12399000000,2510,0,,0,0.055485259741544724,0.24704745411872864,0.08618659526109695,1.0,0.0,0.0,0.0,0.0
12401000000,2511,0,,0,0.35882747173309326,-0.13940614461898804,-0.13326989114284515,1.0,0.0,0.0,0.0,0.0
12403000000,2512,0,,0,0.10324404388666153,-0.3879871666431427,0.03585736081004143,1.0,0.0,0.0,0.0,0.0
12405000000,2513,0,,0,0.025972653180360794,0.1484202891588211,0.14790791273117065,1.0,0.0,0.0,0.0,0.0
12407000000,2514,0,,0,-0.3140554428100586,-0.31792524456977844,0.25726738572120667,1.0,0.0,0.0,0.0,0.0
12409000000,2515,0,,0,0.0197675172239542,0.1357436180114746,-0.35761088132858276,1.0,0.0,0.0,0.0,0.0
12411000000,2516,0,,0,0.28691190481185913,-0.025212200358510017,-0.016747210174798965,1.0,0.0,0.0,0.0,0.0
12413000000,2517,0,,0,-0.06840426474809647,0.23435668647289276,0.30213993787765503,1.0,0.0,0.0,0.0,0.0
12415000000,2518,0,,0,-0.17937108874320984,-0.12695205211639404,0.30114468932151794,1.0,0.0,0.0,0.0,0.0
12417000000,2519,0,,0,0.35751262307167053,-0.3918607532978058,-0.1751018464565277,1.0,0.0,0.0,0.0,0.0
12419000000,2520,0,,0,-0.18028689920902252,0.0518043115735054,-0.29086834192276,1.0,0.0,0.0,0.0,0.0
12421000000,2521,0,,0,0.393356055021286,-0.283260315656662,-0.237932488322258,1.0,0.0,0.0,0.0,0.0
12423000000,2522,0,,0,-0.02147105522453785,-0.1264185607433319,-0.08755505084991455,1.0,0.0,0.0,0.0,0.0
12425000000,2523,0,,0,-0.11184182018041611,0.21396590769290924,-0.2265954464673996,1.0,0.0,0.0,0.0,0.0
12427000000,2524,0,,0,0.22561684250831604,0.08972582966089249,-0.18794775009155273,1.0,0.0,0.0,0.0,0.0
12429000000,2525,0,,0,-0.2155049741268158,0.019582340493798256,0.39453625679016113,1.0,0.0,0.0,0.0,0.0
12431000000,2526,0,,0,0.1748843938112259,-0.02904665656387806,0.23009198904037476,1.0,0.0,0.0,0.0,0.0
12433000000,2527,0,,0,0.3608158230781555,-0.18884395062923431,-0.27441713213920593,1.0,0.0,0.0,0.0,0.0
12435000000,2528,0,,0,0.04500651732087135,-0.26718130707740784,0.1699468195438385,1.0,0.0,0.0,0.0,0.0
12437000000,2529,0,,0,-0.23876667022705078,-0.2313241958618164,0.01833108440041542,1.0,0.0,0.0,0.0,0.0
12439000000,2530,0,,0,-0.15442410111427307,-0.27946677803993225,-0.2805063724517822,1.0,0.0,0.0,0.0,0.0
12441000000,2531,0,,0,-0.35473379492759705,-0.3064936399459839,-0.12080921232700348,1.0,0.0,0.0,0.0,0.0
12443000000,2532,0,,0,0.10780797153711319,0.016584165394306183,0.22452078759670258,1.0,0.0,0.0,0.0,0.0
12445000000,2533,0,,0,-0.2277303785085678,-0.29201194643974304,-0.35119420289993286,1.0,0.0,0.0,0.0,0.0
12447000000,2534,0,,0,0.20792439579963684,-0.1774103045463562,0.3341960310935974,1.0,0.0,0.0,0.0,0.0
12449000000,2535,0,,0,0.04615124315023422,0.3906433880329132,0.12794259190559387,1.0,0.0,0.0,0.0,0.0
12451000000,2536,0,,0,0.014263267628848553,-0.15871082246303558,0.11403810977935791,1.0,0.0,0.0,0.0,0.0
12453000000,2537,0,,0,-0.06732013821601868,0.15405012667179108,0.3056778609752655,1.0,0.0,0.0,0.0,0.0
12455000000,2538,0,,0,0.25942233204841614,-0.019924769178032875,0.12016011029481888,1.0,0.0,0.0,0.0,0.0
12457000000,2539,0,,0,-0.21581070125102997,-0.11401441693305969,0.2058149129152298,1.0,0.0,0.0,0.0,0.0
12459000000,2540,0,,0,0.1872449368238449,0.10518922656774521,-0.314050555229187,1.0,0.0,0.0,0.0,0.0
12461000000,2541,0,,0,-0.14706769585609436,0.10414590686559677,0.15592482686042786,1.0,0.0,0.0,0.0,0.0
12463000000,2542,0,,0,0.36337584257125854,-0.10740070044994354,0.3632999062538147,1.0,0.0,0.0,0.0,0.0
12465000000,2543,0,,0,-0.11257685720920563,0.03759801387786865,-0.15166567265987396,1.0,0.0,0.0,0.0,0.0
12467000000,2544,0,,0,0.12435411661863327,-0.033744700253009796,0.09020671248435974,1.0,0.0,0.0,0.0,0.0
12469000000,2545,0,,0,-0.1826522797346115,0.1670331209897995,0.36744189262390137,1.0,0.0,0.0,0.0,0.0
12471000000,2546,0,,0,-0.1467989683151245,-0.3298661410808563,0.3801959753036499,1.0,0.0,0.0,0.0,0.0
12473000000,2547,0,,0,-0.3001721501350403,0.22256572544574738,-0.38649699091911316,1.0,0.0,0.0,0.0,0.0
12475000000,2548,0,,0,-0.37140801548957825,-0.2631843090057373,-0.1447966992855072,1.0,0.0,0.0,0.0,0.0
12477000000,2549,0,,0,0.12906964123249054,0.38536781072616577,-0.3802335262298584,1.0,0.0,0.0,0.0,0.0
12479000000,2550,0,,0,0.050987932831048965,0.1497631072998047,-0.38375821709632874,1.0,0.0,0.0,0.0,0.0
12481000000,2551,0,,0,-0.09876517206430435,-0.2900065779685974,-0.02536683715879917,1.0,0.0,0.0,0.0,0.0
12483000000,2552,0,,0,0.3686874508857727,-0.32291078567504883,0.1262209415435791,1.0,0.0,0.0,0.0,0.0
12485000000,2553,0,,0,0.260944128036499,-0.06572055071592331,0.26501691341400146,1.0,0.0,0.0,0.0,0.0
12487000000,2554,0,,0,-0.35500413179397583,0.1793239414691925,0.16598886251449585,1.0,0.0,0.0,0.0,0.0
12489000000,2555,0,,0,0.029548214748501778,-0.22542895376682281,0.18027956783771515,1.0,0.0,0.0,0.0,0.0
12492000000,2556,0,,0,0.30966582894325256,0.3011893630027771,-0.13006746768951416,1.0,0.0,0.0,0.0,0.0
12494000000,2557,0,,0,-0.29408174753189087,0.17833517491817474,0.04171992838382721,1.0,0.0,0.0,0.0,0.0
12495000000,2558,0,,0,-0.04738401621580124,-0.007857227697968483,-0.06641355156898499,1.0,0.0,0.0,0.0,0.0
12497000000,2559,0,,0,0.2900748550891876,-0.1301778256893158,0.03567071259021759,1.0,0.0,0.0,0.0,0.0
12499000000,2560,0,,0,-0.2970053553581238,-0.3436296880245209,0.3691636919975281,1.0,0.0,0.0,0.0,0.0
12502000000,2561,0,,0,-0.012266336940228939,0.34849151968955994,-0.13680346310138702,1.0,0.0,0.0,0.0,0.0
12504000000,2562,0,,0,-0.39394959807395935,0.1360292285680771,-0.15842173993587494,1.0,0.0,0.0,0.0,0.0
12505000000,2563,0,,0,0.008135042153298855,0.29617488384246826,0.17323870956897736,1.0,0.0,0.0,0.0,0.0
12507000000,2564,0,,0,0.0009456882835365832,0.21940936148166656,-0.10008694976568222,1.0,0.0,0.0,0.0,0.0
12509000000,2565,0,,0,-0.10974428802728653,0.003672726219519973,0.35981887578964233,1.0,0.0,0.0,0.0,0.0
12511000000,2566,0,,0,0.004277111031115055,-0.2889060080051422,0.07053083181381226,1.0,0.0,0.0,0.0,0.0
12513000000,2567,0,,0,-0.24781140685081482,-0.18992088735103607,-0.3889900743961334,1.0,0.0,0.0,0.0,0.0
12515000000,2568,0,,0,0.06103002652525902,-0.3835848271846771,0.3204389810562134,1.0,0.0,0.0,0.0,0.0
12517000000,2569,0,,0,-0.3503347337245941,-0.26396554708480835,-0.11332830041646957,1.0,0.0,0.0,0.0,0.0
12519000000,2570,0,,0,0.3903255760669708,-0.2253711223602295,-0.39598047733306885,1.0,0.0,0.0,0.0,0.0
12521000000,2571,0,,0,-0.21447347104549408,-0.1715519279241562,-0.3706829845905304,1.0,0.0,0.0,0.0,0.0
12523000000,2572,0,,0,0.39894023537635803,0.12783239781856537,-0.14242023229599,1.0,0.0,0.0,0.0,0.0
12525000000,2573,0,,0,0.21638432145118713,0.17545810341835022,0.04688096418976784,1.0,0.0,0.0,0.0,0.0
12527000000,2574,0,,0,-0.1468622237443924,-0.37866267561912537,0.3297507166862488,1.0,0.0,0.0,0.0,0.0
12530000000,2575,0,,0,0.3072510361671448,-0.2846333980560303,-0.01201596949249506,1.0,0.0,0.0,0.0,0.0
12531000000,2576,0,,0,-0.19019640982151031,0.28467586636543274,0.09055767953395844,1.0,0.0,0.0,0.0,0.0
12533000000,2577,0,,0,0.31151482462882996,0.3876526355743408,0.08534250408411026,1.0,0.0,0.0,0.0,0.0
12536000000,2578,0,,0,-0.2586807310581207,-0.10619964450597763,-0.14182476699352264,1.0,0.0,0.0,0.0,0.0
12537000000,2579,0,,0,0.16645881533622742,-0.08753006160259247,-0.30923980474472046,1.0,0.0,0.0,0.0,0.0
12539000000,2580,0,,0,0.3515998125076294,0.11340916156768799,-0.08560270816087723,1.0,0.0,0.0,0.0,0.0
12541000000,2581,0,,0,-0.057700809091329575,-0.07126440852880478,-0.2657940089702606,1.0,0.0,0.0,0.0,0.0
12543000000,2582,0,,0,-0.28372660279273987,0.13351434469223022,-0.16236992180347443,1.0,0.0,0.0,0.0,0.0
12545000000,2583,0,,0,-0.223211407661438,-0.07689643651247025,0.02171741984784603,1.0,0.0,0.0,0.0,0.0
12547000000,2584,0,,0,-0.2563249170780182,-0.05314921587705612,-0.20499473810195923,1.0,0.0,0.0,0.0,0.0
12549000000,2585,0,,0,0.352761834859848,-0.30712205171585083,0.21791258454322815,1.0,0.0,0.0,0.0,0.0
12551000000,2586,0,,0,0.22567972540855408,-0.00906818825751543,-0.2962943911552429,1.0,0.0,0.0,0.0,0.0
12553000000,2587,0,,0,-0.24604319036006927,0.28596699237823486,0.052654676139354706,1.0,0.0,0.0,0.0,0.0
12555000000,2588,0,,0,-0.1449512541294098,-0.37799522280693054,-0.06507558375597,1.0,0.0,0.0,0.0,0.0
12557000000,2589,0,,0,0.27042093873023987,0.07660424709320068,-0.36037349700927734,1.0,0.0,0.0,0.0,0.0
12559000000,2590,0,,0,0.3263208568096161,-0.20667102932929993,-0.08265221118927002,1.0,0.0,0.0,0.0,0.0
12561000000,2591,0,,0,0.2737258970737457,0.321288138628006,-0.15078692138195038,1.0,0.0,0.0,0.0,0.0
12563000000,2592,0,,0,0.08789747953414917,0.26356005668640137,-0.28839924931526184,1.0,0.0,0.0,0.0,0.0
12565000000,2593,0,,0,0.18537746369838715,0.1292150318622589,-0.18944568932056427,1.0,0.0,0.0,0.0,0.0
12567000000,2594,0,,0,0.13392512500286102,0.2814100682735443,0.3379904329776764,1.0,0.0,0.0,0.0,0.0
12569000000,2595,0,,0,0.39124518632888794,-0.061405349522829056,0.36970317363739014,1.0,0.0,0.0,0.0,0.0
12571000000,2596,0,,0,0.1952131986618042,-0.22470176219940186,0.25033140182495117,1.0,0.0,0.0,0.0,0.0
12573000000,2597,0,,0,-0.29124900698661804,-0.2104811668395996,0.08354409784078598,1.0,0.0,0.0,0.0,0.0
12575000000,2598,0,,0,0.09363937377929688,-0.0016003357013687491,0.22592268884181976,1.0,0.0,0.0,0.0,0.0
12578000000,2599,0,,0,0.16010643541812897,0.06585667282342911,0.30014467239379883,1.0,0.0,0.0,0.0,0.0
12579000000,2600,0,,0,0.3133159279823303,-0.3457203507423401,0.3597453832626343,1.0,0.0,0.0,0.0,0.0
12581000000,2601,0,,0,-0.01696825958788395,0.18433214724063873,0.2154560536146164,1.0,0.0,0.0,0.0,0.0
12583000000,2602,0,,0,-0.07803837209939957,0.3526407480239868,-0.11642315983772278,1.0,0.0,0.0,0.0,0.0
12585000000,2603,0,,0,0.3101719915866852,-0.14683739840984344,-0.12867139279842377,1.0,0.0,0.0,0.0,0.0
12587000000,2604,0,,0,0.16521118581295013,-0.293458491563797,-0.379131019115448,1.0,0.0,0.0,0.0,0.0
12589000000,2605,0,,0,-0.17709653079509735,-0.026107897982001305,-0.26510947942733765,1.0,0.0,0.0,0.0,0.0
12591000000,2606,0,,0,-0.31740429997444153,-0.2058917135000229,-0.026222355663776398,1.0,0.0,0.0,0.0,0.0
12594000000,2607,0,,0,0.08541429787874222,0.15148860216140747,-0.13574476540088654,1.0,0.0,0.0,0.0,0.0
12595000000,2608,0,,0,0.24884431064128876,0.08298008143901825,-0.3031466007232666,1.0,0.0,0.0,0.0,0.0
12597000000,2609,0,,0,-0.3941507637500763,-0.09061870723962784,-0.037098538130521774,1.0,0.0,0.0,0.0,0.0
12599000000,2610,0,,0,-0.08913451433181763,0.1987195760011673,0.3700469434261322,1.0,0.0,0.0,0.0,0.0
12601000000,2611,0,,0,-0.04581848904490471,0.04490528628230095,-0.24586491286754608,1.0,0.0,0.0,0.0,0.0
12603000000,2612,0,,0,0.07988671213388443,0.17542308568954468,0.2680225074291229,1.0,0.0,0.0,0.0,0.0
12605000000,2613,0,,0,-0.10663767904043198,0.22811946272850037,0.12003378570079803,1.0,0.0,0.0,0.0,0.0
12607000000,2614,0,,0,0.008868549950420856,0.15143446624279022,-0.34970009326934814,1.0,0.0,0.0,0.0,0.0
12609000000,2615,0,,0,0.36335334181785583,-0.16598647832870483,0.2936229705810547,1.0,0.0,0.0,0.0,0.0
12611000000,2616,0,,0,0.07595572620630264,0.19144681096076965,0.2821895182132721,1.0,0.0,0.0,0.0,0.0
12613000000,2617,0,,0,-0.08504199981689453,0.24703454971313477,-0.16101513803005219,1.0,0.0,0.0,0.0,0.0
12615000000,2618,0,,0,0.11004063487052917,-0.3951508104801178,-0.038389693945646286,1.0,0.0,0.0,0.0,0.0
12617000000,2619,0,,0,0.16320344805717468,-0.33681339025497437,-0.24867205321788788,1.0,0.0,0.0,0.0,0.0
12619000000,2620,0,,0,-0.083611860871315,-0.13566261529922485,-0.041840918362140656,1.0,0.0,0.0,0.0,0.0
12621000000,2621,0,,0,-0.1329512745141983,0.23157620429992676,-0.278890460729599,1.0,0.0,0.0,0.0,0.0
12623000000,2622,0,,0,-0.35253220796585083,0.20264571905136108,-0.061896201223134995,1.0,0.0,0.0,0.0,0.0
12625000000,2623,0,,0,0.26486799120903015,-0.010316230356693268,-0.20779132843017578,1.0,0.0,0.0,0.0,0.0
12627000000,2624,0,,0,-0.1989639848470688,-0.3789266347885132,-0.1997968554496765,1.0,0.0,0.0,0.0,0.0
12629000000,2625,0,,0,-0.35484012961387634,0.054073162376880646,-0.2372158169746399,1.0,0.0,0.0,0.0,0.0
12631000000,2626,0,,0,0.2622539699077606,-0.3190461993217468,0.036016516387462616,1.0,0.0,0.0,0.0,0.0
12633000000,2627,0,,0,-0.1640896499156952,0.23592431843280792,0.27620431780815125,1.0,0.0,0.0,0.0,0.0
12635000000,2628,0,,0,0.28568577766418457,0.3498437702655792,0.04045643284916878,1.0,0.0,0.0,0.0,0.0
12637000000,2629,0,,0,0.2885521352291107,0.16469760239124298,-0.0675138533115387,1.0,0.0,0.0,0.0,0.0
12639000000,2630,0,,0,0.29886889457702637,-0.12436378747224808,-0.2526296079158783,1.0,0.0,0.0,0.0,0.0
12641000000,2631,0,,0,0.26546576619148254,-0.22380496561527252,-0.1745055913925171,1.0,0.0,0.0,0.0,0.0
12643000000,2632,0,,0,-0.18591897189617157,-0.08600396662950516,0.37098097801208496,1.0,0.0,0.0,0.0,0.0
12645000000,2633,0,,0,0.3339090645313263,-0.334546834230423,0.25960054993629456,1.0,0.0,0.0,0.0,0.0
12647000000,2634,0,,0,0.21986310184001923,-0.2078993022441864,0.3635677099227905,1.0,0.0,0.0,0.0,0.0
12649000000,2635,0,,0,0.39617919921875,0.06263592094182968,0.2870524525642395,1.0,0.0,0.0,0.0,0.0
12651000000,2636,0,,0,-0.15292224287986755,0.31685349345207214,0.2639216184616089,1.0,0.0,0.0,0.0,0.0
12653000000,2637,0,,0,-0.24830952286720276,0.1260569989681244,-0.3699832856655121,1.0,0.0,0.0,0.0,0.0
12655000000,2638,0,,0,-0.0885857343673706,-0.22458131611347198,0.10921786725521088,1.0,0.0,0.0,0.0,0.0
12657000000,2639,0,,0,-0.15134084224700928,0.2786836624145508,-0.3441789150238037,1.0,0.0,0.0,0.0,0.0
12659000000,2640,0,,0,-0.3069961369037628,0.39611080288887024,-0.3930874168872833,1.0,0.0,0.0,0.0,0.0
12661000000,2641,0,,0,0.33090922236442566,0.18909300863742828,0.040341783314943314,1.0,0.0,0.0,0.0,0.0
12663000000,2642,0,,0,0.20975357294082642,-0.35100340843200684,0.0934000164270401,1.0,0.0,0.0,0.0,0.0
12665000000,2643,0,,0,-0.10130332410335541,-0.31313231587409973,0.03311249986290932,1.0,0.0,0.0,0.0,0.0
12667000000,2644,0,,0,0.3224240243434906,0.05227946117520332,-0.2270144820213318,1.0,0.0,0.0,0.0,0.0
12669000000,2645,0,,0,-0.38474562764167786,0.39376580715179443,-0.28809213638305664,1.0,0.0,0.0,0.0,0.0
12671000000,2646,0,,0,0.3618919849395752,0.0737990140914917,-0.12926048040390015,1.0,0.0,0.0,0.0,0.0
12673000000,2647,0,,0,-0.2281133532524109,-0.09724698960781097,-0.08365476876497269,1.0,0.0,0.0,0.0,0.0
12675000000,2648,0,,0,-0.2773115932941437,0.3574478328227997,0.18422648310661316,1.0,0.0,0.0,0.0,0.0
12677000000,2649,0,,0,-0.225650355219841,-0.13150623440742493,-0.15648920834064484,1.0,0.0,0.0,0.0,0.0
12679000000,2650,0,,0,-0.3195860683917999,-0.08783312141895294,-0.021400166675448418,1.0,0.0,0.0,0.0,0.0
12681000000,2651,0,,0,-0.18343576788902283,-0.18174926936626434,0.21429012715816498,1.0,0.0,0.0,0.0,0.0
12684000000,2652,0,,0,-0.21031899750232697,0.33689120411872864,0.3462751805782318,1.0,0.0,0.0,0.0,0.0
12685000000,2653,0,,0,-0.3803922235965729,0.336846262216568,-0.19087444245815277,1.0,0.0,0.0,0.0,0.0
12687000000,2654,0,,0,-0.35747531056404114,0.1563263237476349,0.23767602443695068,1.0,0.0,0.0,0.0,0.0
12689000000,2655,0,,0,0.1888587772846222,0.004312887322157621,-0.10817715525627136,1.0,0.0,0.0,0.0,0.0
12691000000,2656,0,,0,0.1714702695608139,0.18582557141780853,0.09473101794719696,1.0,0.0,0.0,0.0,0.0
12693000000,2657,0,,0,0.32421594858169556,-0.3555302023887634,-0.024788595736026764,1.0,0.0,0.0,0.0,0.0
12695000000,2658,0,,0,-0.1513335257768631,0.2891005277633667,-0.03748607635498047,1.0,0.0,0.0,0.0,0.0
12697000000,2659,0,,0,0.13389933109283447,-0.21274343132972717,0.3267320990562439,1.0,0.0,0.0,0.0,0.0
12699000000,2660,0,,0,-0.16560006141662598,-0.33407506346702576,0.016240015625953674,1.0,0.0,0.0,0.0,0.0
12701000000,2661,0,,0,-0.15199121832847595,0.06655296683311462,-0.39059293270111084,1.0,0.0,0.0,0.0,0.0
12703000000,2662,0,,0,-0.269069641828537,0.23044176399707794,0.3663078546524048,1.0,0.0,0.0,0.0,0.0
12705000000,2663,0,,0,-0.04960416257381439,0.29035189747810364,-0.06491078436374664,1.0,0.0,0.0,0.0,0.0
12707000000,2664,0,,0,-0.30443668365478516,-0.0007572090835310519,0.13763795793056488,1.0,0.0,0.0,0.0,0.0
12709000000,2665,0,,0,-0.3990195095539093,0.02034379169344902,0.12591999769210815,1.0,0.0,0.0,0.0,0.0
12711000000,2666,0,,0,-0.21639320254325867,0.1568029373884201,-0.19447879493236542,1.0,0.0,0.0,0.0,0.0
12713000000,2667,0,,0,-0.28609225153923035,0.009327489882707596,-0.00021889089839532971,1.0,0.0,0.0,0.0,0.0
12715000000,2668,0,,0,-0.3899323344230652,0.3271239101886749,-0.054058969020843506,1.0,0.0,0.0,0.0,0.0
12717000000,2669,0,,0,0.31453993916511536,-0.27051568031311035,-0.1222693994641304,1.0,0.0,0.0,0.0,0.0
12719000000,2670,0,,0,0.19892911612987518,-0.36173421144485474,0.24476924538612366,1.0,0.0,0.0,0.0,0.0
12721000000,2671,0,,0,-0.39200910925865173,-0.12069855630397797,0.014441325329244137,1.0,0.0,0.0,0.0,0.0
12723000000,2672,0,,0,0.38311004638671875,0.18310914933681488,0.15580937266349792,1.0,0.0,0.0,0.0,0.0
12725000000,2673,0,,0,0.36328786611557007,-0.26561686396598816,0.397581547498703,1.0,0.0,0.0,0.0,0.0
12727000000,2674,0,,0,-0.3136264681816101,-0.2199346423149109,-0.34838956594467163,1.0,0.0,0.0,0.0,0.0
12729000000,2675,0,,0,0.3744093179702759,0.1776343733072281,-0.23835404217243195,1.0,0.0,0.0,0.0,0.0
12731000000,2676,0,,0,0.3026790916919708,-0.31653574109077454,-0.37818044424057007,1.0,0.0,0.0,0.0,0.0
12733000000,2677,0,,0,0.2356947362422943,0.28215840458869934,-0.03139003366231918,1.0,0.0,0.0,0.0,0.0
12735000000,2678,0,,0,0.390834242105484,0.22140543162822723,0.05277341231703758,1.0,0.0,0.0,0.0,0.0
12737000000,2679,0,,0,-0.082772396504879,-0.31586769223213196,0.13475865125656128,1.0,0.0,0.0,0.0,0.0
12739000000,2680,0,,0,0.046666692942380905,-0.3578956425189972,0.31508487462997437,1.0,0.0,0.0,0.0,0.0
12741000000,2681,0,,0,-0.19056597352027893,-0.17348836362361908,0.12902577221393585,1.0,0.0,0.0,0.0,0.0
12743000000,2682,0,,0,0.38298484683036804,0.3698781430721283,0.2152704894542694,1.0,0.0,0.0,0.0,0.0
12745000000,2683,0,,0,-0.2042737752199173,0.18463115394115448,0.06860875338315964,1.0,0.0,0.0,0.0,0.0
12747000000,2684,0,,0,-0.2840893268585205,-0.21849091351032257,-0.07200989127159119,1.0,0.0,0.0,0.0,0.0
12749000000,2685,0,,0,0.18456067144870758,0.39097803831100464,0.26752254366874695,1.0,0.0,0.0,0.0,0.0
12751000000,2686,0,,0,0.2705318033695221,-0.17590515315532684,-0.3118725121021271,1.0,0.0,0.0,0.0,0.0
12753000000,2687,0,,0,-0.14534525573253632,0.3835201859474182,-0.06064945459365845,1.0,0.0,0.0,0.0,0.0
12755000000,2688,0,,0,-0.016424138098955154,0.32434719800949097,0.14465948939323425,1.0,0.0,0.0,0.0,0.0
12758000000,2689,0,,0,0.2827054560184479,0.1080596074461937,0.0948464572429657,1.0,0.0,0.0,0.0,0.0
12759000000,2690,0,,0,-0.08712493628263474,-0.23831725120544434,-0.38640424609184265,1.0,0.0,0.0,0.0,0.0
12761000000,2691,0,,0,-0.12941941618919373,-0.3074827492237091,0.0161746758967638,1.0,0.0,0.0,0.0,0.0
12763000000,2692,0,,0,-0.234702467918396,0.04515966773033142,-0.20006489753723145,1.0,0.0,0.0,0.0,0.0
12765000000,2693,0,,0,-0.30930662155151367,0.21607358753681183,-0.063815176486969,1.0,0.0,0.0,0.0,0.0
12767000000,2694,0,,0,-0.13347025215625763,-0.12019973993301392,0.04672453925013542,1.0,0.0,0.0,0.0,0.0
12769000000,2695,0,,0,0.12454245984554291,-0.18212664127349854,0.3189362585544586,1.0,0.0,0.0,0.0,0.0
12771000000,2696,0,,0,-0.2724708616733551,0.19444690644741058,0.17141494154930115,1.0,0.0,0.0,0.0,0.0
12773000000,2697,0,,0,-0.11184395104646683,0.26552635431289673,0.1290997862815857,1.0,0.0,0.0,0.0,0.0
12775000000,2698,0,,0,0.34152382612228394,-0.343071848154068,0.1707799881696701,1.0,0.0,0.0,0.0,0.0
12777000000,2699,0,,0,-0.10542599856853485,0.3381395936012268,-0.3477132320404053,1.0,0.0,0.0,0.0,0.0
12779000000,2700,0,,0,-0.35592493414878845,0.04167506843805313,-0.39105477929115295,1.0,0.0,0.0,0.0,0.0
12781000000,2701,0,,0,-0.13318142294883728,0.23782971501350403,-0.29106587171554565,1.0,0.0,0.0,0.0,0.0
12783000000,2702,0,,0,0.08060724288225174,-0.3979763984680176,0.10305392742156982,1.0,0.0,0.0,0.0,0.0
12785000000,2703,0,,0,-0.0642688125371933,0.251548171043396,-0.30773791670799255,1.0,0.0,0.0,0.0,0.0
12787000000,2704,0,,0,0.0006345767760649323,0.06762608140707016,0.11418202519416809,1.0,0.0,0.0,0.0,0.0
12789000000,2705,0,,0,0.24221786856651306,0.10567859560251236,-0.2495627999305725,1.0,0.0,0.0,0.0,0.0
12791000000,2706,0,,0,-0.05002604052424431,0.02463262900710106,0.04591481760144234,1.0,0.0,0.0,0.0,0.0
12793000000,2707,0,,0,0.3785029649734497,0.34927627444267273,-0.24534203112125397,1.0,0.0,0.0,0.0,0.0
12795000000,2708,0,,0,-0.3464403450489044,0.05664627626538277,-0.2438654601573944,1.0,0.0,0.0,0.0,0.0
12797000000,2709,0,,0,0.17508067190647125,7.023735088296235e-05,-0.28953590989112854,1.0,0.0,0.0,0.0,0.0
12799000000,2710,0,,0,-0.025193048641085625,0.15187613666057587,0.2283736914396286,1.0,0.0,0.0,0.0,0.0
12801000000,2711,0,,0,0.13758793473243713,0.3560533821582794,-0.24127304553985596,1.0,0.0,0.0,0.0,0.0
12803000000,2712,0,,0,0.1207151710987091,0.2277706414461136,0.017633331939578056,1.0,0.0,0.0,0.0,0.0
12805000000,2713,0,,0,-0.28634747862815857,0.1300891488790512,-0.07494404911994934,1.0,0.0,0.0,0.0,0.0
12807000000,2714,0,,0,0.10152716934680939,-0.23922552168369293,0.2892012596130371,1.0,0.0,0.0,0.0,0.0
12809000000,2715,0,,0,0.09687267988920212,-0.24420474469661713,-0.12446660548448563,1.0,0.0,0.0,0.0,0.0
12811000000,2716,0,,0,0.13616664707660675,0.21992628276348114,0.17725029587745667,1.0,0.0,0.0,0.0,0.0
12813000000,2717,0,,0,-0.10879319906234741,-0.39769771695137024,0.19453132152557373,1.0,0.0,0.0,0.0,0.0
12815000000,2718,0,,0,-0.12942145764827728,0.32365521788597107,0.2585667073726654,1.0,0.0,0.0,0.0,0.0
12817000000,2719,0,,0,-0.25621265172958374,0.030300084501504898,0.16164615750312805,1.0,0.0,0.0,0.0,0.0
12819000000,2720,0,,0,-0.28203409910202026,0.29310935735702515,-0.18542644381523132,1.0,0.0,0.0,0.0,0.0
12821000000,2721,0,,0,-0.38147208094596863,-0.03838666155934334,-0.2110029011964798,1.0,0.0,0.0,0.0,0.0
12823000000,2722,0,,0,0.2309836447238922,-0.10392538458108902,0.029925890266895294,1.0,0.0,0.0,0.0,0.0
12825000000,2723,0,,0,0.1384171098470688,0.16632802784442902,-0.3239216208457947,1.0,0.0,0.0,0.0,0.0
12827000000,2724,0,,0,-0.21125195920467377,0.3132477402687073,0.3470015227794647,1.0,0.0,0.0,0.0,0.0
12829000000,2725,0,,0,-0.12991297245025635,0.38111642003059387,0.13579495251178741,1.0,0.0,0.0,0.0,0.0
12831000000,2726,0,,0,-0.1543213278055191,0.19512255489826202,-0.06782069802284241,1.0,0.0,0.0,0.0,0.0
12833000000,2727,0,,0,-0.2922186255455017,-0.10311055928468704,0.3512592017650604,1.0,0.0,0.0,0.0,0.0
12835000000,2728,0,,0,0.28797096014022827,-0.3944649398326874,-0.008914987556636333,1.0,0.0,0.0,0.0,0.0
12837000000,2729,0,,0,0.03698016330599785,-0.031015867367386818,0.17591740190982819,1.0,0.0,0.0,0.0,0.0
12839000000,2730,0,,0,0.32755959033966064,-0.1955624520778656,-0.19692321121692657,1.0,0.0,0.0,0.0,0.0
12841000000,2731,0,,0,0.15050391852855682,0.32874542474746704,0.35804635286331177,1.0,0.0,0.0,0.0,0.0
12843000000,2732,0,,0,-0.05018427595496178,0.11726190149784088,0.3044305145740509,1.0,0.0,0.0,0.0,0.0
12845000000,2733,0,,0,0.3499548137187958,-0.22184133529663086,-0.09628739207983017,1.0,0.0,0.0,0.0,0.0
12847000000,2734,0,,0,0.21292218565940857,0.3048379123210907,-0.135215625166893,1.0,0.0,0.0,0.0,0.0
12849000000,2735,0,,0,0.2533940076828003,0.18030177056789398,-0.2757943868637085,1.0,0.0,0.0,0.0,0.0
12851000000,2736,0,,0,0.1540869027376175,0.3386220335960388,0.3857397735118866,1.0,0.0,0.0,0.0,0.0
12853000000,2737,0,,0,-0.30619966983795166,-0.045275602489709854,-0.08867278695106506,1.0,0.0,0.0,0.0,0.0
12855000000,2738,0,,0,-0.20304323732852936,0.12073500454425812,0.04981743171811104,1.0,0.0,0.0,0.0,0.0
12857000000,2739,0,,0,-0.3937804698944092,-0.3075467348098755,0.3687140643596649,1.0,0.0,0.0,0.0,0.0
12859000000,2740,0,,0,0.1210782527923584,-0.05457933619618416,0.07072368264198303,1.0,0.0,0.0,0.0,0.0
12861000000,2741,0,,0,-0.2754012644290924,0.25065967440605164,0.3812854290008545,1.0,0.0,0.0,0.0,0.0
12863000000,2742,0,,0,0.36108624935150146,-0.38677242398262024,-0.16743820905685425,1.0,0.0,0.0,0.0,0.0
12865000000,2743,0,,0,0.3295985162258148,-0.19253745675086975,-0.11481078714132309,1.0,0.0,0.0,0.0,0.0
12867000000,2744,0,,0,-0.1860525906085968,-0.07542566955089569,-0.07700934261083603,1.0,0.0,0.0,0.0,0.0
12869000000,2745,0,,0,-0.0378127247095108,0.1468941569328308,-0.013551576063036919,1.0,0.0,0.0,0.0,0.0
12871000000,2746,0,,0,-0.01871924102306366,0.395413875579834,0.06091702729463577,1.0,0.0,0.0,0.0,0.0
12873000000,2747,0,,0,-0.22255317866802216,0.23838602006435394,0.17325203120708466,1.0,0.0,0.0,0.0,0.0
12875000000,2748,0,,0,-0.20186598598957062,0.17016732692718506,-0.2622469961643219,1.0,0.0,0.0,0.0,0.0
12877000000,2749,0,,0,0.29331880807876587,-0.09033185988664627,-0.037474799901247025,1.0,0.0,0.0,0.0,0.0
12879000000,2750,0,,0,0.19879630208015442,-0.2519305646419525,-0.18929442763328552,1.0,0.0,0.0,0.0,0.0
12881000000,2751,0,,0,0.28591957688331604,-0.31205517053604126,-0.3133317828178406,1.0,0.0,0.0,0.0,0.0
12883000000,2752,0,,0,-0.18452003598213196,0.12404756993055344,0.10937214642763138,1.0,0.0,0.0,0.0,0.0
12885000000,2753,0,,0,0.16188015043735504,0.033187974244356155,-0.09794224053621292,1.0,0.0,0.0,0.0,0.0
12887000000,2754,0,,0,0.17324325442314148,-0.37410393357276917,-0.338150292634964,1.0,0.0,0.0,0.0,0.0
12889000000,2755,0,,0,0.022592388093471527,0.14868053793907166,0.3347950279712677,1.0,0.0,0.0,0.0,0.0
12891000000,2756,0,,0,0.07133381068706512,-0.12657861411571503,-0.18560653924942017,1.0,0.0,0.0,0.0,0.0
12893000000,2757,0,,0,-0.07855453342199326,0.358191579580307,-0.09389868378639221,1.0,0.0,0.0,0.0,0.0
12895000000,2758,0,,0,-0.13342341780662537,-0.06266600638628006,0.2470897138118744,1.0,0.0,0.0,0.0,0.0
12897000000,2759,0,,0,0.11007723957300186,-0.2660592794418335,-0.08889451622962952,1.0,0.0,0.0,0.0,0.0
12899000000,2760,0,,0,-0.25356176495552063,0.10147735476493835,0.2671823799610138,1.0,0.0,0.0,0.0,0.0
12901000000,2761,0,,0,0.051039136946201324,-0.17978185415267944,0.008135532960295677,1.0,0.0,0.0,0.0,0.0
12903000000,2762,0,,0,-0.2200164645910263,0.29727399349212646,0.3974428176879883,1.0,0.0,0.0,0.0,0.0
12905000000,2763,0,,0,-0.18476904928684235,0.0736878514289856,0.2733161449432373,1.0,0.0,0.0,0.0,0.0
12907000000,2764,0,,0,0.39610356092453003,0.26820340752601624,0.25857046246528625,1.0,0.0,0.0,0.0,0.0
12909000000,2765,0,,0,0.059923503547906876,0.2578936815261841,0.1618909388780594,1.0,0.0,0.0,0.0,0.0
12911000000,2766,0,,0,-0.0735776498913765,-0.07315637916326523,-0.04041099548339844,1.0,0.0,0.0,0.0,0.0
12913000000,2767,0,,0,0.20550890266895294,-0.23848026990890503,-0.19111944735050201,1.0,0.0,0.0,0.0,0.0
12915000000,2768,0,,0,-0.09365315735340118,-0.08457016199827194,-0.03664480522274971,1.0,0.0,0.0,0.0,0.0
12917000000,2769,0,,0,0.19274576008319855,-0.2680358290672302,-0.07843980193138123,1.0,0.0,0.0,0.0,0.0
12919000000,2770,0,,0,0.01218420173972845,-0.24910464882850647,-0.07783611863851547,1.0,0.0,0.0,0.0,0.0
12921000000,2771,0,,0,-0.269062876701355,0.2194666862487793,0.05885949358344078,1.0,0.0,0.0,0.0,0.0
12923000000,2772,0,,0,0.37036773562431335,-0.22785557806491852,-0.27833205461502075,1.0,0.0,0.0,0.0,0.0
12925000000,2773,0,,0,-0.04042729362845421,0.36424368619918823,-0.3139699697494507,1.0,0.0,0.0,0.0,0.0
12927000000,2774,0,,0,0.33619529008865356,-0.3948601186275482,0.2987658679485321,1.0,0.0,0.0,0.0,0.0
12929000000,2775,0,,0,-0.3916515111923218,0.13293518126010895,0.009792561642825603,1.0,0.0,0.0,0.0,0.0
12931000000,2776,0,,0,0.32762351632118225,0.28420406579971313,-0.011895858682692051,1.0,0.0,0.0,0.0,0.0
12933000000,2777,0,,0,-0.21350690722465515,-0.21399331092834473,-0.2885388731956482,1.0,0.0,0.0,0.0,0.0
12935000000,2778,0,,0,-0.23443658649921417,-0.18049542605876923,-0.16072005033493042,1.0,0.0,0.0,0.0,0.0
12937000000,2779,0,,0,-0.14543220400810242,-0.2925884425640106,-0.012295078486204147,1.0,0.0,0.0,0.0,0.0
12939000000,2780,0,,0,-0.006231362000107765,-0.04481802135705948,0.15154989063739777,1.0,0.0,0.0,0.0,0.0
12941000000,2781,0,,0,0.25043985247612,0.1826617568731308,0.11884397268295288,1.0,0.0,0.0,0.0,0.0
12943000000,2782,0,,0,0.34334543347358704,-0.2884739637374878,-0.0557522214949131,1.0,0.0,0.0,0.0,0.0
12945000000,2783,0,,0,0.12609891593456268,-0.2913219928741455,0.06218515709042549,1.0,0.0,0.0,0.0,0.0
12947000000,2784,0,,0,0.07520778477191925,-0.31115007400512695,0.3986523449420929,1.0,0.0,0.0,0.0,0.0
12949000000,2785,0,,0,0.2573135495185852,0.297434002161026,-0.39368438720703125,1.0,0.0,0.0,0.0,0.0
12951000000,2786,0,,0,0.2933702766895294,-0.27600955963134766,0.38121914863586426,1.0,0.0,0.0,0.0,0.0
12953000000,2787,0,,0,-0.17012351751327515,-0.1648784726858139,0.3786064386367798,1.0,0.0,0.0,0.0,0.0
12955000000,2788,0,,0,0.2543420195579529,-0.05571731552481651,0.3870183229446411,1.0,0.0,0.0,0.0,0.0
12957000000,2789,0,,0,-0.0799802765250206,-0.1586846560239792,-0.29015928506851196,1.0,0.0,0.0,0.0,0.0
12959000000,2790,0,,0,0.13436071574687958,-0.36276212334632874,0.008968517184257507,1.0,0.0,0.0,0.0,0.0
12961000000,2791,0,,0,-0.0979306623339653,-0.048597585409879684,0.12742295861244202,1.0,0.0,0.0,0.0,0.0
12963000000,2792,0,,0,0.3993658125400543,0.3993132710456848,0.07731463760137558,1.0,0.0,0.0,0.0,0.0
12965000000,2793,0,,0,-0.2171432226896286,-0.043445926159620285,-0.2049778401851654,1.0,0.0,0.0,0.0,0.0
12967000000,2794,0,,0,0.24513910710811615,-0.35993561148643494,0.15163838863372803,1.0,0.0,0.0,0.0,0.0
12970000000,2795,0,,0,-0.37999260425567627,-0.09815417230129242,0.1664007306098938,1.0,0.0,0.0,0.0,0.0
12971000000,2796,0,,0,0.32674410939216614,-0.37420210242271423,0.04757796600461006,1.0,0.0,0.0,0.0,0.0
12973000000,2797,0,,0,0.3774741590023041,0.01180146262049675,-0.3711024820804596,1.0,0.0,0.0,0.0,0.0
12975000000,2798,0,,0,0.1502823382616043,-0.37327685952186584,0.10697044432163239,1.0,0.0,0.0,0.0,0.0
12977000000,2799,0,,0,0.16579140722751617,-0.2168830931186676,0.2794186770915985,1.0,0.0,0.0,0.0,0.0
12979000000,2800,0,,0,0.03867398574948311,-0.09517928212881088,-0.06439979374408722,1.0,0.0,0.0,0.0,0.0
12981000000,2801,0,,0,-0.29928722977638245,0.06815429776906967,0.35268399119377136,1.0,0.0,0.0,0.0,0.0
12984000000,2802,0,,0,-0.1397511065006256,-0.3495986759662628,0.01683861017227173,1.0,0.0,0.0,0.0,0.0
12985000000,2803,0,,0,0.0881316289305687,-0.1147364005446434,0.0862448662519455,1.0,0.0,0.0,0.0,0.0
12987000000,2804,0,,0,0.23017413914203644,-0.2278091311454773,0.26935866475105286,1.0,0.0,0.0,0.0,0.0
12990000000,2805,0,,0,0.2810867130756378,0.3907199501991272,-0.03381480276584625,1.0,0.0,0.0,0.0,0.0
12991000000,2806,0,,0,0.16592438519001007,0.05618429556488991,-0.37022286653518677,1.0,0.0,0.0,0.0,0.0
12994000000,2807,0,,0,0.2068050354719162,0.27799496054649353,-0.15450070798397064,1.0,0.0,0.0,0.0,0.0
12995000000,2808,0,,0,0.23894846439361572,0.14416050910949707,0.39027082920074463,1.0,0.0,0.0,0.0,0.0
12998000000,2809,0,,0,0.15236155688762665,0.25975435972213745,0.3698253631591797,1.0,0.0,0.0,0.0,0.0
12999000000,2810,0,,0,0.06326303631067276,-0.011553005315363407,-0.2691839635372162,1.0,0.0,0.0,0.0,0.0
13002000000,2811,0,,0,0.29917022585868835,0.08721765875816345,0.13370206952095032,1.0,0.0,0.0,0.0,0.0
13003000000,2812,0,,0,0.2468762993812561,-0.3770284354686737,0.14822936058044434,1.0,0.0,0.0,0.0,0.0
13005000000,2813,0,,0,0.19298695027828217,0.35986068844795227,-0.07340153306722641,1.0,0.0,0.0,0.0,0.0
13007000000,2814,0,,0,0.13284344971179962,-0.3080582618713379,-0.3910942077636719,1.0,0.0,0.0,0.0,0.0
13009000000,2815,0,,0,-0.35506337881088257,0.33060789108276367,-0.3011249601840973,1.0,0.0,0.0,0.0,0.0
13011000000,2816,0,,0,-0.10216515511274338,0.3082599639892578,-0.23877090215682983,1.0,0.0,0.0,0.0,0.0
13013000000,2817,0,,0,0.1299034208059311,0.06918756663799286,0.2648150324821472,1.0,0.0,0.0,0.0,0.0
13015000000,2818,0,,0,-0.2916194498538971,-0.3513469696044922,0.19186799228191376,1.0,0.0,0.0,0.0,0.0
13018000000,2819,0,,0,-0.10908929258584976,0.11033841222524643,0.3306334614753723,1.0,0.0,0.0,0.0,0.0
13019000000,2820,0,,0,-0.06725399941205978,0.035334039479494095,-0.24554894864559174,1.0,0.0,0.0,0.0,0.0
13021000000,2821,0,,0,0.050234969705343246,0.04765496402978897,0.25582411885261536,1.0,0.0,0.0,0.0,0.0
13023000000,2822,0,,0,0.29757970571517944,-0.345073401927948,-0.23616604506969452,1.0,0.0,0.0,0.0,0.0
13025000000,2823,0,,0,-0.10146256536245346,0.39817410707473755,0.19974158704280853,1.0,0.0,0.0,0.0,0.0
13027000000,2824,0,,0,-0.2378394603729248,0.222423255443573,0.12939311563968658,1.0,0.0,0.0,0.0,0.0
13029000000,2825,0,,0,-0.3725913465023041,0.254798024892807,-0.32373788952827454,1.0,0.0,0.0,0.0,0.0
13031000000,2826,0,,0,0.3458585739135742,0.023011978715658188,-0.05215730145573616,1.0,0.0,0.0,0.0,0.0
13033000000,2827,0,,0,0.2961985468864441,-0.21236065030097961,-0.3835268020629883,1.0,0.0,0.0,0.0,0.0
13035000000,2828,0,,0,0.038859061896800995,0.005963522009551525,0.23740558326244354,1.0,0.0,0.0,0.0,0.0
13037000000,2829,0,,0,-0.2532920241355896,0.22182293236255646,0.23285464942455292,1.0,0.0,0.0,0.0,0.0
13039000000,2830,0,,0,-0.2955005466938019,0.13016971945762634,-0.1921982616186142,1.0,0.0,0.0,0.0,0.0
13041000000,2831,0,,0,-0.15220732986927032,0.23589801788330078,-0.2329263687133789,1.0,0.0,0.0,0.0,0.0
13043000000,2832,0,,0,0.22142727673053741,0.30966925621032715,-0.005745569244027138,1.0,0.0,0.0,0.0,0.0
13045000000,2833,0,,0,-0.3437560200691223,-0.32399556040763855,0.38382506370544434,1.0,0.0,0.0,0.0,0.0
13047000000,2834,0,,0,-0.3838980495929718,-0.09824942797422409,0.15620703995227814,1.0,0.0,0.0,0.0,0.0
13049000000,2835,0,,0,0.22959233820438385,-0.30202716588974,-0.25010401010513306,1.0,0.0,0.0,0.0,0.0
13051000000,2836,0,,0,-0.3731633424758911,0.2670357823371887,0.36277633905410767,1.0,0.0,0.0,0.0,0.0
13053000000,2837,0,,0,0.3094262480735779,0.2173486202955246,0.1641262024641037,1.0,0.0,0.0,0.0,0.0
13055000000,2838,0,,0,-0.03326671943068504,-0.06961651891469955,-0.27658042311668396,1.0,0.0,0.0,0.0,0.0
13057000000,2839,0,,0,0.012255115434527397,0.2081192284822464,0.3961053490638733,1.0,0.0,0.0,0.0,0.0
13059000000,2840,0,,0,-0.011490138247609138,-0.28933101892471313,-0.15180495381355286,1.0,0.0,0.0,0.0,0.0
13061000000,2841,0,,0,-0.3378177583217621,-0.1716160625219345,-0.09597070515155792,1.0,0.0,0.0,0.0,0.0
13064000000,2842,0,,0,0.3355903923511505,-0.07386142760515213,0.1135445162653923,1.0,0.0,0.0,0.0,0.0
13065000000,2843,0,,0,0.3078566789627075,0.37666764855384827,0.3971825838088989,1.0,0.0,0.0,0.0,0.0
13067000000,2844,0,,0,0.11696267127990723,0.12468808144330978,-0.19050191342830658,1.0,0.0,0.0,0.0,0.0
13069000000,2845,0,,0,-0.04000270739197731,-0.019537312909960747,-0.3519100546836853,1.0,0.0,0.0,0.0,0.0
13071000000,2846,0,,0,0.29886364936828613,0.15356166660785675,0.019503017887473106,1.0,0.0,0.0,0.0,0.0
13073000000,2847,0,,0,0.3185650110244751,0.0710143968462944,-0.34135356545448303,1.0,0.0,0.0,0.0,0.0
13075000000,2848,0,,0,0.2486807256937027,-0.20638102293014526,-0.11648879200220108,1.0,0.0,0.0,0.0,0.0
13077000000,2849,0,,0,0.2934889793395996,0.15933269262313843,0.3967999219894409,1.0,0.0,0.0,0.0,0.0
13079000000,2850,0,,0,-0.12577922642230988,-0.053611986339092255,0.13590741157531738,1.0,0.0,0.0,0.0,0.0
13081000000,2851,0,,0,-0.13886524736881256,0.005521656014025211,0.07785974442958832,1.0,0.0,0.0,0.0,0.0
13084000000,2852,0,,0,-0.3873355984687805,-0.07675746828317642,0.17406664788722992,1.0,0.0,0.0,0.0,0.0
13085000000,2853,0,,0,-0.09912751615047455,-0.1178712323307991,-0.3594790995121002,1.0,0.0,0.0,0.0,0.0
13087000000,2854,0,,0,-0.3406556248664856,-0.06250040978193283,-0.3353847861289978,1.0,0.0,0.0,0.0,0.0
13089000000,2855,0,,0,-0.28749898076057434,0.12633617222309113,0.17003922164440155,1.0,0.0,0.0,0.0,0.0
13091000000,2856,0,,0,0.2608151435852051,0.12603217363357544,0.22407443821430206,1.0,0.0,0.0,0.0,0.0
13093000000,2857,0,,0,-0.3091171979904175,0.0590510331094265,0.05758873000741005,1.0,0.0,0.0,0.0,0.0
13095000000,2858,0,,0,-0.31954318284988403,0.19084544479846954,-0.018047764897346497,1.0,0.0,0.0,0.0,0.0
13097000000,2859,0,,0,0.3939821422100067,0.3401893377304077,0.04816270247101784,1.0,0.0,0.0,0.0,0.0
13099000000,2860,0,,0,-0.3987078070640564,0.08260107040405273,0.13287299871444702,1.0,0.0,0.0,0.0,0.0
13101000000,2861,0,,0,0.14753159880638123,0.39908578991889954,-0.11895596235990524,1.0,0.0,0.0,0.0,0.0
13103000000,2862,0,,0,0.05266667902469635,-0.34997135400772095,0.0913025438785553,1.0,0.0,0.0,0.0,0.0
13105000000,2863,0,,0,0.08702776581048965,-0.08714226633310318,0.03131416440010071,1.0,0.0,0.0,0.0,0.0
13108000000,2864,0,,0,0.3979356288909912,-0.3020515441894531,0.32131752371788025,1.0,0.0,0.0,0.0,0.0
13110000000,2865,0,,0,0.13278637826442719,0.051380082964897156,-0.3052726984024048,1.0,0.0,0.0,0.0,0.0
13112000000,2866,0,,0,0.3255396783351898,-0.04955372214317322,-0.3363642990589142,1.0,0.0,0.0,0.0,0.0
13114000000,2867,0,,0,0.28811365365982056,0.39796581864356995,-0.23596522212028503,1.0,0.0,0.0,0.0,0.0
13116000000,2868,0,,0,-0.223826065659523,-0.15989422798156738,0.08607432246208191,1.0,0.0,0.0,0.0,0.0
13117000000,2869,0,,0,-0.1921883225440979,-0.2245904952287674,0.395778089761734,1.0,0.0,0.0,0.0,0.0
13120000000,2870,0,,0,0.17693185806274414,-0.2217138409614563,-0.13532382249832153,1.0,0.0,0.0,0.0,0.0
13122000000,2871,0,,0,-0.3919515907764435,0.3369193971157074,0.06827832758426666,1.0,0.0,0.0,0.0,0.0
13123000000,2872,0,,0,-0.09249589592218399,0.015433786436915398,-0.2006983906030655,1.0,0.0,0.0,0.0,0.0
13126000000,2873,0,,0,0.016509875655174255,-0.2573878765106201,0.06226712092757225,1.0,0.0,0.0,0.0,0.0
13128000000,2874,0,,0,0.35909855365753174,0.23881368339061737,-0.04463765025138855,1.0,0.0,0.0,0.0,0.0
13130000000,2875,0,,0,-0.14516940712928772,-0.0987963154911995,0.2396426945924759,1.0,0.0,0.0,0.0,0.0
13132000000,2876,0,,0,-0.1313994824886322,0.044482406228780746,-0.2188360095024109,1.0,0.0,0.0,0.0,0.0
13133000000,2877,0,,0,-0.3806231915950775,0.38243675231933594,-0.0651971697807312,1.0,0.0,0.0,0.0,0.0
13135000000,2878,0,,0,-0.1284724771976471,-0.23474055528640747,0.27576375007629395,1.0,0.0,0.0,0.0,0.0
13137000000,2879,0,,0,0.21199586987495422,-0.35287418961524963,-0.04680546745657921,1.0,0.0,0.0,0.0,0.0
13139000000,2880,0,,0,-0.35752707719802856,-0.18737436830997467,0.09922131150960922,1.0,0.0,0.0,0.0,0.0
13141000000,2881,0,,0,-0.020358150824904442,-0.05109125375747681,-0.18714891374111176,1.0,0.0,0.0,0.0,0.0
13143000000,2882,0,,0,0.12282373011112213,0.02330757863819599,-0.1324654519557953,1.0,0.0,0.0,0.0,0.0
13145000000,2883,0,,0,-0.05303936451673508,-0.057048119604587555,-0.1329067051410675,1.0,0.0,0.0,0.0,0.0
13147000000,2884,0,,0,0.23837803304195404,-0.05581017956137657,-0.03628833591938019,1.0,0.0,0.0,0.0,0.0
13149000000,2885,0,,0,-0.1852266788482666,-0.3157060146331787,0.11930685490369797,1.0,0.0,0.0,0.0,0.0
13152000000,2886,0,,0,0.01361452229321003,-0.19292016327381134,0.036767832934856415,1.0,0.0,0.0,0.0,0.0
13153000000,2887,0,,0,-0.2949802577495575,0.029886716976761818,-0.3828173577785492,1.0,0.0,0.0,0.0,0.0
13155000000,2888,0,,0,0.29583391547203064,-0.2827371060848236,0.17256595194339752,1.0,0.0,0.0,0.0,0.0
13157000000,2889,0,,0,-0.3625209927558899,-0.09488990902900696,-0.2727920114994049,1.0,0.0,0.0,0.0,0.0
13160000000,2890,0,,0,-0.38778620958328247,0.08403142541646957,0.30722522735595703,1.0,0.0,0.0,0.0,0.0
13162000000,2891,0,,0,0.2878188192844391,-0.33092206716537476,-0.03155273199081421,1.0,0.0,0.0,0.0,0.0
13163000000,2892,0,,0,0.15731391310691833,-0.12722162902355194,0.1585744321346283,1.0,0.0,0.0,0.0,0.0
13165000000,2893,0,,0,-0.14495201408863068,-0.3245295584201813,-0.006256919354200363,1.0,0.0,0.0,0.0,0.0
13167000000,2894,0,,0,0.3122604489326477,-0.391882985830307,-0.1724133938550949,1.0,0.0,0.0,0.0,0.0
13170000000,2895,0,,0,-0.2802532911300659,0.041667044162750244,-0.12554141879081726,1.0,0.0,0.0,0.0,0.0
13172000000,2896,0,,0,0.19567467272281647,0.2526763081550598,-0.2542771100997925,1.0,0.0,0.0,0.0,0.0
13173000000,2897,0,,0,0.3796965181827545,-0.06600629538297653,0.022171545773744583,1.0,0.0,0.0,0.0,0.0
13175000000,2898,0,,0,0.16530083119869232,-0.2901865243911743,0.2341083288192749,1.0,0.0,0.0,0.0,0.0
13177000000,2899,0,,0,-0.07825269550085068,0.372639000415802,0.2697784900665283,1.0,0.0,0.0,0.0,0.0
13180000000,2900,0,,0,-0.3153250515460968,0.02123776637017727,0.03725048527121544,1.0,0.0,0.0,0.0,0.0
13181000000,2901,0,,0,0.011052542366087437,-0.0540541410446167,-0.08523204177618027,1.0,0.0,0.0,0.0,0.0
13184000000,2902,0,,0,-0.24065792560577393,-0.07498280704021454,-0.042162951081991196,1.0,0.0,0.0,0.0,0.0
13186000000,2903,0,,0,0.16231723129749298,-0.2855723202228546,0.29827946424484253,1.0,0.0,0.0,0.0,0.0
13188000000,2904,0,,0,-0.1863529533147812,-0.3884384036064148,0.18185868859291077,1.0,0.0,0.0,0.0,0.0
13190000000,2905,0,,0,0.18450631201267242,0.2448456883430481,-0.2498360574245453,1.0,0.0,0.0,0.0,0.0
13191000000,2906,0,,0,-0.2321982979774475,0.00013580929953604937,-0.26554837822914124,1.0,0.0,0.0,0.0,0.0
13194000000,2907,0,,0,-0.005731531884521246,0.32815688848495483,-0.3050647974014282,1.0,0.0,0.0,0.0,0.0
13195000000,2908,0,,0,0.3198862075805664,-0.3639170229434967,0.3798041343688965,1.0,0.0,0.0,0.0,0.0
13197000000,2909,0,,0,-0.04395720362663269,0.02225957252085209,-0.39953184127807617,1.0,0.0,0.0,0.0,0.0
13199000000,2910,0,,0,0.19910745322704315,-0.2874350845813751,-0.2758629322052002,1.0,0.0,0.0,0.0,0.0
13201000000,2911,0,,0,0.11641395092010498,0.2657714784145355,0.11812926828861237,1.0,0.0,0.0,0.0,0.0
13204000000,2912,0,,0,-0.19350546598434448,0.3047335743904114,-0.180770605802536,1.0,0.0,0.0,0.0,0.0
13205000000,2913,0,,0,0.10156112164258957,-0.016400203108787537,-0.3966931402683258,1.0,0.0,0.0,0.0,0.0
13207000000,2914,0,,0,-0.08583173900842667,-0.15855401754379272,0.2316964715719223,1.0,0.0,0.0,0.0,0.0
13210000000,2915,0,,0,-0.1264379918575287,-0.3971140384674072,0.20983266830444336,1.0,0.0,0.0,0.0,0.0
13211000000,2916,0,,0,0.02112000435590744,-0.21763868629932404,0.15458858013153076,1.0,0.0,0.0,0.0,0.0
13213000000,2917,0,,0,0.14957557618618011,-0.2549373209476471,0.3865886628627777,1.0,0.0,0.0,0.0,0.0
13215000000,2918,0,,0,0.37460172176361084,0.19927683472633362,-0.21234221756458282,1.0,0.0,0.0,0.0,0.0
13217000000,2919,0,,0,0.3288966119289398,-0.13729599118232727,0.17514944076538086,1.0,0.0,0.0,0.0,0.0
13220000000,2920,0,,0,-0.044126302003860474,0.35047629475593567,-0.09908264875411987,1.0,0.0,0.0,0.0,0.0
13222000000,2921,0,,0,0.024570750072598457,0.3441380560398102,-0.26880988478660583,1.0,0.0,0.0,0.0,0.0
13224000000,2922,0,,0,0.08689754456281662,-0.2619767189025879,-0.21273182332515717,1.0,0.0,0.0,0.0,0.0
13226000000,2923,0,,0,-0.2834210693836212,-0.1665712594985962,0.3410225808620453,1.0,0.0,0.0,0.0,0.0
13228000000,2924,0,,0,-0.17716562747955322,0.11237511783838272,-0.0938894972205162,1.0,0.0,0.0,0.0,0.0
13230000000,2925,0,,0,-0.36431509256362915,-0.20888204872608185,-0.07242339849472046,1.0,0.0,0.0,0.0,0.0
13231000000,2926,0,,0,0.3270997107028961,0.20472626388072968,-0.34569114446640015,1.0,0.0,0.0,0.0,0.0
13234000000,2927,0,,0,0.2219793051481247,-0.25674521923065186,-0.18360286951065063,1.0,0.0,0.0,0.0,0.0
13235000000,2928,0,,0,-0.004544406663626432,-0.24888208508491516,0.17922237515449524,1.0,0.0,0.0,0.0,0.0
13237000000,2929,0,,0,-0.13970176875591278,0.3589200973510742,0.1244385614991188,1.0,0.0,0.0,0.0,0.0
13239000000,2930,0,,0,-0.10547616332769394,0.38152164220809937,-0.0771012231707573,1.0,0.0,0.0,0.0,0.0
13241000000,2931,0,,0,0.18348415195941925,-0.19169709086418152,0.3326926827430725,1.0,0.0,0.0,0.0,0.0
13243000000,2932,0,,0,0.25880831480026245,0.15003284811973572,-0.032395824790000916,1.0,0.0,0.0,0.0,0.0
13245000000,2933,0,,0,-0.09738422185182571,-0.0006947701331228018,-0.18308524787425995,1.0,0.0,0.0,0.0,0.0
13247000000,2934,0,,0,0.0003181129868607968,0.03845735266804695,0.08247451484203339,1.0,0.0,0.0,0.0,0.0
13249000000,2935,0,,0,0.25564098358154297,-0.1316303163766861,-0.1982915699481964,1.0,0.0,0.0,0.0,0.0
13251000000,2936,0,,0,-0.0781581699848175,0.286615788936615,-0.09409807622432709,1.0,0.0,0.0,0.0,0.0
13253000000,2937,0,,0,0.12338065356016159,0.34527644515037537,-0.21612626314163208,1.0,0.0,0.0,0.0,0.0
13255000000,2938,0,,0,0.3916304409503937,-0.2173192948102951,-0.03610844165086746,1.0,0.0,0.0,0.0,0.0
13257000000,2939,0,,0,0.10795026272535324,0.16607721149921417,-0.17983153462409973,1.0,0.0,0.0,0.0,0.0
13259000000,2940,0,,0,-0.17207054793834686,0.23262891173362732,-0.0007546732667833567,1.0,0.0,0.0,0.0,0.0
13261000000,2941,0,,0,-0.13892753422260284,0.17456647753715515,0.09775452315807343,1.0,0.0,0.0,0.0,0.0
13264000000,2942,0,,0,-0.3205495774745941,-0.23480519652366638,0.12911076843738556,1.0,0.0,0.0,0.0,0.0
13265000000,2943,0,,0,0.11170756071805954,-0.3335750997066498,0.2991057336330414,1.0,0.0,0.0,0.0,0.0
13268000000,2944,0,,0,0.15146668255329132,-0.017990192398428917,0.11749614030122757,1.0,0.0,0.0,0.0,0.0
13269000000,2945,0,,0,-0.329955518245697,0.3043348789215088,0.2565513551235199,1.0,0.0,0.0,0.0,0.0
13272000000,2946,0,,0,-0.10354828089475632,-0.30490973591804504,0.18399128317832947,1.0,0.0,0.0,0.0,0.0
13274000000,2947,0,,0,-0.06412380933761597,-0.3101971447467804,0.2958248555660248,1.0,0.0,0.0,0.0,0.0
13276000000,2948,0,,0,-0.39047107100486755,0.32974594831466675,0.20261773467063904,1.0,0.0,0.0,0.0,0.0
13277000000,2949,0,,0,-0.3608855605125427,0.2957858741283417,0.2875072658061981,1.0,0.0,0.0,0.0,0.0
13280000000,2950,0,,0,-0.03286127373576164,-0.1923123151063919,-0.047405172139406204,1.0,0.0,0.0,0.0,0.0
13282000000,2951,0,,0,0.006270217709243298,-0.2041224092245102,-0.36750876903533936,1.0,0.0,0.0,0.0,0.0
13284000000,2952,0,,0,0.09700896590948105,-0.28408947587013245,-0.03824153542518616,1.0,0.0,0.0,0.0,0.0
13285000000,2953,0,,0,-0.10079716145992279,0.04441314935684204,0.1949475109577179,1.0,0.0,0.0,0.0,0.0
13288000000,2954,0,,0,0.28806447982788086,-0.2746705412864685,0.36227330565452576,1.0,0.0,0.0,0.0,0.0
13289000000,2955,0,,0,-0.3032754063606262,0.3045193552970886,-0.09081479161977768,1.0,0.0,0.0,0.0,0.0
13291000000,2956,0,,0,0.20733517408370972,0.05253365635871887,0.1866406500339508,1.0,0.0,0.0,0.0,0.0
13293000000,2957,0,,0,-0.005089641083031893,-0.12988798320293427,-0.14550168812274933,1.0,0.0,0.0,0.0,0.0
13295000000,2958,0,,0,0.00909590907394886,0.003077520290389657,0.17223821580410004,1.0,0.0,0.0,0.0,0.0
13298000000,2959,0,,0,-0.1528494954109192,0.11047744005918503,0.13098429143428802,1.0,0.0,0.0,0.0,0.0
13299000000,2960,0,,0,-0.0757703185081482,0.3821290135383606,0.33268433809280396,1.0,0.0,0.0,0.0,0.0
13302000000,2961,0,,0,-0.13072891533374786,-0.31270402669906616,-0.10325969010591507,1.0,0.0,0.0,0.0,0.0
13303000000,2962,0,,0,-0.3559369742870331,0.1217881515622139,-0.22343726456165314,1.0,0.0,0.0,0.0,0.0
13306000000,2963,0,,0,0.054156344383955,0.39472854137420654,0.03793461248278618,1.0,0.0,0.0,0.0,0.0
13308000000,2964,0,,0,0.05785784125328064,-0.17497983574867249,-0.2954041659832001,1.0,0.0,0.0,0.0,0.0
13309000000,2965,0,,0,-0.21601419150829315,-0.2763296365737915,0.11500939726829529,1.0,0.0,0.0,0.0,0.0
13311000000,2966,0,,0,-0.11539651453495026,0.3441018760204315,-0.016343865543603897,1.0,0.0,0.0,0.0,0.0
13314000000,2967,0,,0,-0.1235777735710144,-0.3266231119632721,-0.09602610766887665,1.0,0.0,0.0,0.0,0.0
13315000000,2968,0,,0,0.24735379219055176,0.30182865262031555,0.20111864805221558,1.0,0.0,0.0,0.0,0.0
13317000000,2969,0,,0,-0.23284289240837097,-0.02466524764895439,-0.2945610582828522,1.0,0.0,0.0,0.0,0.0
13320000000,2970,0,,0,0.2695029079914093,0.21165703237056732,0.27286672592163086,1.0,0.0,0.0,0.0,0.0
13321000000,2971,0,,0,0.2743026912212372,0.10060802102088928,-0.260782927274704,1.0,0.0,0.0,0.0,0.0
13323000000,2972,0,,0,0.3146575689315796,-0.2643249034881592,0.0736786499619484,1.0,0.0,0.0,0.0,0.0
13325000000,2973,0,,0,0.17363373935222626,0.06643787026405334,-0.07751208543777466,1.0,0.0,0.0,0.0,0.0
13327000000,2974,0,,0,-0.3415926694869995,-0.27121424674987793,0.2478441298007965,1.0,0.0,0.0,0.0,0.0
13329000000,2975,0,,0,-0.3281084895133972,0.387668639421463,-0.33087509870529175,1.0,0.0,0.0,0.0,0.0
13331000000,2976,0,,0,-0.39459937810897827,-0.39370837807655334,0.09622624516487122,1.0,0.0,0.0,0.0,0.0
13333000000,2977,0,,0,0.2530473470687866,-0.09324842691421509,-0.35967904329299927,1.0,0.0,0.0,0.0,0.0
13335000000,2978,0,,0,0.2160288393497467,0.2863285541534424,0.026908814907073975,1.0,0.0,0.0,0.0,0.0
13338000000,2979,0,,0,-0.19622771441936493,-0.17466337978839874,0.0843643918633461,1.0,0.0,0.0,0.0,0.0
13340000000,2980,0,,0,0.06486830860376358,-0.0546301007270813,-0.02525383047759533,1.0,0.0,0.0,0.0,0.0
13341000000,2981,0,,0,-0.199614480137825,-0.2283407747745514,-0.36564019322395325,1.0,0.0,0.0,0.0,0.0
13344000000,2982,0,,0,0.10276083648204803,0.2880769670009613,0.06946373730897903,1.0,0.0,0.0,0.0,0.0
13346000000,2983,0,,0,-0.12965233623981476,0.3166520297527313,-0.31573057174682617,1.0,0.0,0.0,0.0,0.0
13348000000,2984,0,,0,0.16754427552223206,0.3726665675640106,-0.24466583132743835,1.0,0.0,0.0,0.0,0.0
13350000000,2985,0,,0,0.06497456878423691,-0.1469823271036148,0.11757521331310272,1.0,0.0,0.0,0.0,0.0
13351000000,2986,0,,0,-0.12714862823486328,-0.08884978294372559,-0.10682857781648636,1.0,0.0,0.0,0.0,0.0
13353000000,2987,0,,0,0.19273512065410614,-0.21796104311943054,-0.10713879764080048,1.0,0.0,0.0,0.0,0.0
13355000000,2988,0,,0,0.019018111750483513,-0.26085928082466125,0.13408488035202026,1.0,0.0,0.0,0.0,0.0
13358000000,2989,0,,0,-0.050488125532865524,-0.22816450893878937,0.34385672211647034,1.0,0.0,0.0,0.0,0.0
13360000000,2990,0,,0,0.33866462111473083,-0.2738766372203827,-0.3558327853679657,1.0,0.0,0.0,0.0,0.0
13361000000,2991,0,,0,0.10224465280771255,-0.10675565153360367,0.21421101689338684,1.0,0.0,0.0,0.0,0.0
13363000000,2992,0,,0,0.1318405121564865,-0.31372785568237305,0.2232048213481903,1.0,0.0,0.0,0.0,0.0
13365000000,2993,0,,0,0.29776450991630554,0.2501436769962311,0.35061579942703247,1.0,0.0,0.0,0.0,0.0
13367000000,2994,0,,0,0.3995129466056824,0.15586571395397186,-0.19637107849121094,1.0,0.0,0.0,0.0,0.0
13369000000,2995,0,,0,-0.14692822098731995,-0.13582639396190643,-0.0660477951169014,1.0,0.0,0.0,0.0,0.0
13371000000,2996,0,,0,0.16113558411598206,0.22302761673927307,0.264240026473999,1.0,0.0,0.0,0.0,0.0
13373000000,2997,0,,0,0.02071748860180378,0.1907130628824234,-0.16173431277275085,1.0,0.0,0.0,0.0,0.0
13375000000,2998,0,,0,-0.2930523157119751,-0.17324674129486084,-0.13091959059238434,1.0,0.0,0.0,0.0,0.0
13377000000,2999,0,,0,0.3863493800163269,-0.33344781398773193,-0.19220472872257233,1.0,0.0,0.0,0.0,0.0
13379000000,3000,0,,0,0.25822094082832336,0.1914982944726944,0.10094401240348816,1.0,0.0,0.0,0.0,0.0
13381000000,3001,0,,0,-0.3382226228713989,0.1116420328617096,-0.11284045875072479,1.0,0.0,0.0,0.0,0.0
13383000000,3002,0,,0,-0.00015827918832655996,-0.23491601645946503,0.36769187450408936,1.0,0.0,0.0,0.0,0.0
13385000000,3003,0,,0,0.3038850724697113,0.25201839208602905,0.3306785821914673,1.0,0.0,0.0,0.0,0.0
13387000000,3004,0,,0,0.04233255609869957,0.06609925627708435,-0.1382957100868225,1.0,0.0,0.0,0.0,0.0
13389000000,3005,0,,0,-0.21673958003520966,0.36390766501426697,0.1131756603717804,1.0,0.0,0.0,0.0,0.0
13391000000,3006,0,,0,0.08038719743490219,-0.23035506904125214,-0.35226693749427795,1.0,0.0,0.0,0.0,0.0
13393000000,3007,0,,0,-0.11545059829950333,-0.38345158100128174,0.03876664489507675,1.0,0.0,0.0,0.0,0.0
13395000000,3008,0,,0,0.05546103045344353,-0.35256433486938477,0.3609854280948639,1.0,0.0,0.0,0.0,0.0
13397000000,3009,0,,0,0.32459354400634766,-0.15527571737766266,0.33807021379470825,1.0,0.0,0.0,0.0,0.0
13399000000,3010,0,,0,-0.20817701518535614,0.17137247323989868,-0.34912046790122986,1.0,0.0,0.0,0.0,0.0
13401000000,3011,0,,0,-0.3897798955440521,0.10118171572685242,0.328125923871994,1.0,0.0,0.0,0.0,0.0
13403000000,3012,0,,0,0.29273879528045654,-0.3385516107082367,-0.09032796323299408,1.0,0.0,0.0,0.0,0.0
13405000000,3013,0,,0,0.3988858461380005,0.32054007053375244,0.1266196370124817,1.0,0.0,0.0,0.0,0.0
13407000000,3014,0,,0,0.3358200788497925,0.3821782171726227,0.2928684949874878,1.0,0.0,0.0,0.0,0.0
13409000000,3015,0,,0,0.05281803384423256,0.1576850265264511,0.03143290802836418,1.0,0.0,0.0,0.0,0.0
13411000000,3016,0,,0,-0.30855849385261536,-0.39014530181884766,-0.04115239530801773,1.0,0.0,0.0,0.0,0.0
13414000000,3017,0,,0,0.05567612871527672,0.12879416346549988,-0.10023237764835358,1.0,0.0,0.0,0.0,0.0
13415000000,3018,0,,0,-0.18461401760578156,0.035605039447546005,-0.19458967447280884,1.0,0.0,0.0,0.0,0.0
13418000000,3019,0,,0,0.09762699902057648,-0.26231804490089417,0.2312794178724289,1.0,0.0,0.0,0.0,0.0
13419000000,3020,0,,0,-0.2515924870967865,-0.277328222990036,0.2691238820552826,1.0,0.0,0.0,0.0,0.0
13421000000,3021,0,,0,-0.15068018436431885,0.02993898093700409,0.24261197447776794,1.0,0.0,0.0,0.0,0.0
13423000000,3022,0,,0,0.05814560130238533,-0.005403595045208931,0.32850438356399536,1.0,0.0,0.0,0.0,0.0
13425000000,3023,0,,0,-0.30701714754104614,0.3837074935436249,0.21328741312026978,1.0,0.0,0.0,0.0,0.0
13427000000,3024,0,,0,-0.29555636644363403,0.27317875623703003,0.198349267244339,1.0,0.0,0.0,0.0,0.0
13429000000,3025,0,,0,0.3591820299625397,-0.17519216239452362,-0.37949925661087036,1.0,0.0,0.0,0.0,0.0
13431000000,3026,0,,0,0.011252125725150108,0.008743751794099808,0.2949092388153076,1.0,0.0,0.0,0.0,0.0
13433000000,3027,0,,0,0.009394037537276745,0.12525096535682678,-0.0788760632276535,1.0,0.0,0.0,0.0,0.0
13435000000,3028,0,,0,-0.18648068606853485,-0.22635328769683838,0.11250689625740051,1.0,0.0,0.0,0.0,0.0
13437000000,3029,0,,0,-0.3283279836177826,0.27979815006256104,-0.27491486072540283,1.0,0.0,0.0,0.0,0.0
13439000000,3030,0,,0,0.0552731454372406,-0.34107327461242676,0.19129422307014465,1.0,0.0,0.0,0.0,0.0
13441000000,3031,0,,0,-0.0374528169631958,-0.046297743916511536,0.23896467685699463,1.0,0.0,0.0,0.0,0.0
13443000000,3032,0,,0,-0.1509275585412979,0.3717188239097595,-0.3488280773162842,1.0,0.0,0.0,0.0,0.0
13445000000,3033,0,,0,-0.055873725563287735,0.05658159404993057,-0.31628522276878357,1.0,0.0,0.0,0.0,0.0
13447000000,3034,0,,0,-0.2569063603878021,0.31227171421051025,-0.34946367144584656,1.0,0.0,0.0,0.0,0.0
13449000000,3035,0,,0,-0.007956172339618206,-0.2658897340297699,0.3854012191295624,1.0,0.0,0.0,0.0,0.0
13451000000,3036,0,,0,0.3407426178455353,0.2354014813899994,-0.13402800261974335,1.0,0.0,0.0,0.0,0.0
13453000000,3037,0,,0,0.08957307040691376,0.1308087259531021,0.24588605761528015,1.0,0.0,0.0,0.0,0.0
13455000000,3038,0,,0,-0.11602809280157089,-0.3635341227054596,0.12253713607788086,1.0,0.0,0.0,0.0,0.0
13458000000,3039,0,,0,-0.09008553624153137,0.27359914779663086,-0.1386469304561615,1.0,0.0,0.0,0.0,0.0
13460000000,3040,0,,0,0.06577872484922409,0.35553690791130066,0.303763747215271,1.0,0.0,0.0,0.0,0.0
13462000000,3041,0,,0,-0.15572205185890198,0.253495991230011,0.09171240776777267,1.0,0.0,0.0,0.0,0.0
13464000000,3042,0,,0,-0.07558374106884003,0.3764641582965851,-0.18666547536849976,1.0,0.0,0.0,0.0,0.0
13466000000,3043,0,,0,-0.19002395868301392,-0.08524667471647263,0.3065241575241089,1.0,0.0,0.0,0.0,0.0
13467000000,3044,0,,0,0.30451855063438416,-0.03355114534497261,-0.14200027287006378,1.0,0.0,0.0,0.0,0.0
13469000000,3045,0,,0,0.31602227687835693,0.05592527613043785,0.3873794376850128,1.0,0.0,0.0,0.0,0.0
13471000000,3046,0,,0,-0.06881023943424225,0.22034704685211182,-0.029516639187932014,1.0,0.0,0.0,0.0,0.0
13473000000,3047,0,,0,0.16857413947582245,-0.37279945611953735,-0.15399837493896484,1.0,0.0,0.0,0.0,0.0
13475000000,3048,0,,0,0.2544056475162506,-0.11556510627269745,-0.17246679961681366,1.0,0.0,0.0,0.0,0.0
13477000000,3049,0,,0,0.31579113006591797,-0.07323933392763138,0.16381381452083588,1.0,0.0,0.0,0.0,0.0
13479000000,3050,0,,0,0.28569480776786804,0.39123252034187317,0.2922099232673645,1.0,0.0,0.0,0.0,0.0
13481000000,3051,0,,0,-0.23903155326843262,0.3948095440864563,0.05823004990816116,1.0,0.0,0.0,0.0,0.0
13483000000,3052,0,,0,-0.32061824202537537,0.36122867465019226,-0.04060164466500282,1.0,0.0,0.0,0.0,0.0
13485000000,3053,0,,0,-0.1398712545633316,0.26005062460899353,0.2975066602230072,1.0,0.0,0.0,0.0,0.0
13487000000,3054,0,,0,-0.02651975490152836,0.10015834867954254,-0.3626197874546051,1.0,0.0,0.0,0.0,0.0
13489000000,3055,0,,0,0.31615152955055237,-0.30836471915245056,0.05603889003396034,1.0,0.0,0.0,0.0,0.0
13491000000,3056,0,,0,0.24437609314918518,-0.033436067402362823,-0.34347909688949585,1.0,0.0,0.0,0.0,0.0
13493000000,3057,0,,0,0.3458252549171448,0.3584841787815094,-0.3517412841320038,1.0,0.0,0.0,0.0,0.0
13495000000,3058,0,,0,0.15513920783996582,-0.3870803415775299,-0.16813978552818298,1.0,0.0,0.0,0.0,0.0
13497000000,3059,0,,0,-0.3989774286746979,0.14918795228004456,0.09182047843933105,1.0,0.0,0.0,0.0,0.0
13499000000,3060,0,,0,-0.3387519419193268,0.3199339210987091,0.0678613930940628,1.0,0.0,0.0,0.0,0.0
13501000000,3061,0,,0,0.0199113842099905,0.182972252368927,-0.3795657455921173,1.0,0.0,0.0,0.0,0.0
13503000000,3062,0,,0,-0.14942258596420288,-0.2746296525001526,-0.22084499895572662,1.0,0.0,0.0,0.0,0.0
13506000000,3063,0,,0,-0.23114462196826935,-0.38438937067985535,0.20846983790397644,1.0,0.0,0.0,0.0,0.0
13507000000,3064,0,,0,0.177187979221344,0.11874579638242722,0.16221818327903748,1.0,0.0,0.0,0.0,0.0
13509000000,3065,0,,0,-0.0022274269722402096,0.24823059141635895,0.008708519861102104,1.0,0.0,0.0,0.0,0.0
13511000000,3066,0,,0,0.11390335857868195,-0.3247728645801544,0.23114566504955292,1.0,0.0,0.0,0.0,0.0
13514000000,3067,0,,0,-0.06435143947601318,0.39014574885368347,-0.12401007860898972,1.0,0.0,0.0,0.0,0.0
13515000000,3068,0,,0,0.3448635935783386,0.3384222984313965,0.0811753198504448,1.0,0.0,0.0,0.0,0.0
13517000000,3069,0,,0,0.15372376143932343,0.2620169520378113,0.31252220273017883,1.0,0.0,0.0,0.0,0.0
13519000000,3070,0,,0,0.04683893918991089,0.03629171475768089,0.3251194655895233,1.0,0.0,0.0,0.0,0.0
13521000000,3071,0,,0,0.28522858023643494,0.2803460955619812,0.3012552559375763,1.0,0.0,0.0,0.0,0.0
13523000000,3072,0,,0,0.20268680155277252,0.2781619429588318,0.0049532935954630375,1.0,0.0,0.0,0.0,0.0
13525000000,3073,0,,0,0.2270747274160385,-0.3843390941619873,0.19476734101772308,1.0,0.0,0.0,0.0,0.0
13527000000,3074,0,,0,-0.037014272063970566,-0.2773730158805847,0.34458309412002563,1.0,0.0,0.0,0.0,0.0
13529000000,3075,0,,0,-0.12026377767324448,0.1711185872554779,-0.21280474960803986,1.0,0.0,0.0,0.0,0.0
13531000000,3076,0,,0,-0.14975394308567047,0.26682260632514954,-0.07811421155929565,1.0,0.0,0.0,0.0,0.0
13533000000,3077,0,,0,0.21643482148647308,-0.25710731744766235,-0.282479465007782,1.0,0.0,0.0,0.0,0.0
13535000000,3078,0,,0,0.18936876952648163,0.006046670489013195,0.046887874603271484,1.0,0.0,0.0,0.0,0.0
13537000000,3079,0,,0,-0.3068941831588745,0.22471502423286438,-0.13122045993804932,1.0,0.0,0.0,0.0,0.0
13539000000,3080,0,,0,0.10994351655244827,0.35508209466934204,0.2564944624900818,1.0,0.0,0.0,0.0,0.0
13541000000,3081,0,,0,0.3024712800979614,-0.11523309350013733,-0.07909388840198517,1.0,0.0,0.0,0.0,0.0
13543000000,3082,0,,0,0.33668243885040283,-0.3421074151992798,-0.2798687517642975,1.0,0.0,0.0,0.0,0.0
13545000000,3083,0,,0,-0.15605658292770386,0.04277321323752403,-0.15459266304969788,1.0,0.0,0.0,0.0,0.0
13547000000,3084,0,,0,0.21403373777866364,0.27090269327163696,-0.326259583234787,1.0,0.0,0.0,0.0,0.0
13549000000,3085,0,,0,-0.16294710338115692,0.10549570620059967,-0.35455188155174255,1.0,0.0,0.0,0.0,0.0
13551000000,3086,0,,0,0.3319489061832428,0.010325239039957523,0.22801147401332855,1.0,0.0,0.0,0.0,0.0
13553000000,3087,0,,0,0.26027393341064453,0.39441123604774475,0.010002532042562962,1.0,0.0,0.0,0.0,0.0
13555000000,3088,0,,0,0.09673412889242172,0.019399920478463173,0.31883782148361206,1.0,0.0,0.0,0.0,0.0
13558000000,3089,0,,0,-0.34123313426971436,-0.2431274801492691,0.3934459090232849,1.0,0.0,0.0,0.0,0.0
13561000000,3090,0,,0,-0.02250155434012413,0.36815276741981506,-0.06319410353899002,1.0,0.0,0.0,0.0,0.0
13562000000,3091,0,,0,0.29872649908065796,-0.21521203219890594,-0.31818437576293945,1.0,0.0,0.0,0.0,0.0
13564000000,3092,0,,0,0.11987528204917908,-0.04057173430919647,-0.16323530673980713,1.0,0.0,0.0,0.0,0.0
13566000000,3093,0,,0,-0.2692730128765106,-0.1039782389998436,-0.24955883622169495,1.0,0.0,0.0,0.0,0.0
13568000000,3094,0,,0,0.09039551019668579,0.2202681005001068,0.165821835398674,1.0,0.0,0.0,0.0,0.0
13570000000,3095,0,,0,-0.3868388533592224,0.1099640354514122,-0.36176592111587524,1.0,0.0,0.0,0.0,0.0
13571000000,3096,0,,0,0.38516390323638916,-0.3490765392780304,0.09041044861078262,1.0,0.0,0.0,0.0,0.0
13573000000,3097,0,,0,-0.36436396837234497,0.041259367018938065,0.23327504098415375,1.0,0.0,0.0,0.0,0.0
13575000000,3098,0,,0,0.33182376623153687,-0.19310574233531952,-0.29154708981513977,1.0,0.0,0.0,0.0,0.0
13577000000,3099,0,,0,-0.003810812020674348,-0.3864230811595917,0.27260416746139526,1.0,0.0,0.0,0.0,0.0
13579000000,3100,0,,0,0.08942967653274536,-0.21740132570266724,0.28674402832984924,1.0,0.0,0.0,0.0,0.0
13581000000,3101,0,,0,0.07144183665513992,0.016770722344517708,0.1357892006635666,1.0,0.0,0.0,0.0,0.0
13584000000,3102,0,,0,0.047908056527376175,-0.1556614190340042,0.06238934397697449,1.0,0.0,0.0,0.0,0.0
13586000000,3103,0,,0,-0.300007164478302,-0.10718979686498642,-0.18736408650875092,1.0,0.0,0.0,0.0,0.0
13587000000,3104,0,,0,0.2236393839120865,0.19743585586547852,-0.07897987961769104,1.0,0.0,0.0,0.0,0.0
13590000000,3105,0,,0,0.2148829847574234,-0.309654176235199,-0.043160855770111084,1.0,0.0,0.0,0.0,0.0
13591000000,3106,0,,0,-0.39762964844703674,0.14605188369750977,0.01396268606185913,1.0,0.0,0.0,0.0,0.0
13593000000,3107,0,,0,0.31628501415252686,0.3231164515018463,0.12687157094478607,1.0,0.0,0.0,0.0,0.0
13595000000,3108,0,,0,0.0782470703125,0.0792495384812355,0.10127254575490952,1.0,0.0,0.0,0.0,0.0
13597000000,3109,0,,0,0.30009186267852783,0.17957723140716553,-0.02425033040344715,1.0,0.0,0.0,0.0,0.0
13599000000,3110,0,,0,0.044214148074388504,0.12215664982795715,-0.12935519218444824,1.0,0.0,0.0,0.0,0.0
13601000000,3111,0,,0,0.3076028823852539,0.12074320763349533,-0.28915509581565857,1.0,0.0,0.0,0.0,0.0
13603000000,3112,0,,0,-0.03386947512626648,-0.23310771584510803,0.3586907386779785,1.0,0.0,0.0,0.0,0.0
13605000000,3113,0,,0,0.20760740339756012,0.10628656297922134,-0.020578106865286827,1.0,0.0,0.0,0.0,0.0
13607000000,3114,0,,0,-0.16309086978435516,-0.0397968664765358,-0.3356149196624756,1.0,0.0,0.0,0.0,0.0
13609000000,3115,0,,0,-0.36365437507629395,-0.290472149848938,0.37585192918777466,1.0,0.0,0.0,0.0,0.0
13611000000,3116,0,,0,-0.24837563931941986,-0.3768295347690582,0.28972432017326355,1.0,0.0,0.0,0.0,0.0
13613000000,3117,0,,0,-0.26319384574890137,-0.20641541481018066,-0.15366749465465546,1.0,0.0,0.0,0.0,0.0
13615000000,3118,0,,0,0.3205653727054596,0.34064576029777527,0.2822312116622925,1.0,0.0,0.0,0.0,0.0
13617000000,3119,0,,0,-0.21309389173984528,-0.007211077027022839,0.2939176559448242,1.0,0.0,0.0,0.0,0.0
13619000000,3120,0,,0,0.37012240290641785,-0.27600863575935364,-0.10779592394828796,1.0,0.0,0.0,0.0,0.0
13621000000,3121,0,,0,0.1309690773487091,-0.32534462213516235,0.37665829062461853,1.0,0.0,0.0,0.0,0.0
13624000000,3122,0,,0,0.007510696072131395,0.3583146631717682,0.08754405379295349,1.0,0.0,0.0,0.0,0.0
13625000000,3123,0,,0,0.17956127226352692,-0.04960654303431511,0.3780626058578491,1.0,0.0,0.0,0.0,0.0
13627000000,3124,0,,0,0.0681220069527626,0.15511509776115417,0.18768352270126343,1.0,0.0,0.0,0.0,0.0
13629000000,3125,0,,0,-0.25115880370140076,-0.15696990489959717,0.18927034735679626,1.0,0.0,0.0,0.0,0.0
13631000000,3126,0,,0,0.18092310428619385,-0.29205843806266785,0.17410220205783844,1.0,0.0,0.0,0.0,0.0
13633000000,3127,0,,0,0.02925877273082733,0.12380000948905945,0.17571498453617096,1.0,0.0,0.0,0.0,0.0
13636000000,3128,0,,0,0.32462242245674133,0.19349978864192963,0.07585076242685318,1.0,0.0,0.0,0.0,0.0
13638000000,3129,0,,0,0.210302472114563,0.35033872723579407,-0.25669294595718384,1.0,0.0,0.0,0.0,0.0
13640000000,3130,0,,0,0.17142391204833984,-0.3371802866458893,-0.105721116065979,1.0,0.0,0.0,0.0,0.0
13642000000,3131,0,,0,-0.026781491935253143,0.2533490061759949,-0.20705246925354004,1.0,0.0,0.0,0.0,0.0
13644000000,3132,0,,0,-0.23571708798408508,0.07044974714517593,0.18210235238075256,1.0,0.0,0.0,0.0,0.0
13645000000,3133,0,,0,-0.16225650906562805,0.10221241414546967,0.09862082451581955,1.0,0.0,0.0,0.0,0.0
13648000000,3134,0,,0,-0.15915605425834656,0.3207176923751831,0.002688986249268055,1.0,0.0,0.0,0.0,0.0
13649000000,3135,0,,0,-0.12457188218832016,0.057280004024505615,0.1800343096256256,1.0,0.0,0.0,0.0,0.0
13651000000,3136,0,,0,-0.35506072640419006,-0.14638717472553253,-0.10494841635227203,1.0,0.0,0.0,0.0,0.0
13653000000,3137,0,,0,0.010662378743290901,0.24972328543663025,-0.010988148860633373,1.0,0.0,0.0,0.0,0.0
13656000000,3138,0,,0,-0.3481411337852478,0.3088001012802124,-0.21431678533554077,1.0,0.0,0.0,0.0,0.0
13658000000,3139,0,,0,-0.0007802775362506509,-0.06330658495426178,0.14639626443386078,1.0,0.0,0.0,0.0,0.0
13660000000,3140,0,,0,0.3350558280944824,-0.3476671874523163,0.16306322813034058,1.0,0.0,0.0,0.0,0.0
13662000000,3141,0,,0,0.22568735480308533,-0.013324776664376259,-0.1744195967912674,1.0,0.0,0.0,0.0,0.0
13664000000,3142,0,,0,0.0304336566478014,0.35721907019615173,-0.3840235769748688,1.0,0.0,0.0,0.0,0.0
13666000000,3143,0,,0,0.24788320064544678,0.3052073121070862,-0.3509978652000427,1.0,0.0,0.0,0.0,0.0
13668000000,3144,0,,0,-0.07742558419704437,-0.2774168848991394,-0.2743014395236969,1.0,0.0,0.0,0.0,0.0
13669000000,3145,0,,0,-0.20133550465106964,-0.15146076679229736,-0.10026972740888596,1.0,0.0,0.0,0.0,0.0
13671000000,3146,0,,0,-0.39193791151046753,-0.3676840662956238,0.017378969117999077,1.0,0.0,0.0,0.0,0.0
13673000000,3147,0,,0,0.30925872921943665,-0.06997131556272507,-0.030236203223466873,1.0,0.0,0.0,0.0,0.0
13675000000,3148,0,,0,0.10459787398576736,0.04604532569646835,-0.19822949171066284,1.0,0.0,0.0,0.0,0.0
13677000000,3149,0,,0,-0.2557072043418884,-0.31264492869377136,0.053595054894685745,1.0,0.0,0.0,0.0,0.0
13679000000,3150,0,,0,-0.15591439604759216,0.03539769724011421,-0.2990553379058838,1.0,0.0,0.0,0.0,0.0
13681000000,3151,0,,0,0.06371115148067474,-0.26748397946357727,-0.0012648412957787514,1.0,0.0,0.0,0.0,0.0
13683000000,3152,0,,0,0.39650341868400574,0.2989198565483093,-0.07353329658508301,1.0,0.0,0.0,0.0,0.0
13685000000,3153,0,,0,0.16631411015987396,-0.07258971035480499,0.09045204520225525,1.0,0.0,0.0,0.0,0.0
13687000000,3154,0,,0,0.3275747299194336,-0.33117929100990295,0.16696709394454956,1.0,0.0,0.0,0.0,0.0
13689000000,3155,0,,0,0.012994884513318539,-0.06658320128917694,0.18549707531929016,1.0,0.0,0.0,0.0,0.0
13691000000,3156,0,,0,-0.36077427864074707,0.01901314966380596,0.22913381457328796,1.0,0.0,0.0,0.0,0.0
13693000000,3157,0,,0,0.06907352060079575,0.13132551312446594,0.11904748529195786,1.0,0.0,0.0,0.0,0.0
13695000000,3158,0,,0,0.20862746238708496,-0.3586205840110779,0.13322263956069946,1.0,0.0,0.0,0.0,0.0
13697000000,3159,0,,0,-0.19257383048534393,0.1515541970729828,0.18369252979755402,1.0,0.0,0.0,0.0,0.0
13699000000,3160,0,,0,0.0498364232480526,-0.26889321208000183,0.19242997467517853,1.0,0.0,0.0,0.0,0.0
13701000000,3161,0,,0,0.059514790773391724,0.34169813990592957,-0.249493807554245,1.0,0.0,0.0,0.0,0.0
13703000000,3162,0,,0,0.37948155403137207,-0.28990086913108826,0.22616106271743774,1.0,0.0,0.0,0.0,0.0
13705000000,3163,0,,0,0.1469532549381256,0.34828171133995056,0.10214650630950928,1.0,0.0,0.0,0.0,0.0
13707000000,3164,0,,0,-0.29102903604507446,0.3249637484550476,0.2824617028236389,1.0,0.0,0.0,0.0,0.0
13709000000,3165,0,,0,0.3596031069755554,0.0589563325047493,0.28917375206947327,1.0,0.0,0.0,0.0,0.0
13711000000,3166,0,,0,0.35290274024009705,0.37565290927886963,-0.39448946714401245,1.0,0.0,0.0,0.0,0.0
13713000000,3167,0,,0,-0.33857980370521545,-0.13499322533607483,-0.0009624712984077632,1.0,0.0,0.0,0.0,0.0
13716000000,3168,0,,0,0.027807194739580154,-0.3086923658847809,0.23044031858444214,1.0,0.0,0.0,0.0,0.0
13718000000,3169,0,,0,0.01105241384357214,-0.002821478061378002,0.18914224207401276,1.0,0.0,0.0,0.0,0.0
13719000000,3170,0,,0,0.04918404668569565,-0.18822059035301208,0.2883364260196686,1.0,0.0,0.0,0.0,0.0
13721000000,3171,0,,0,-0.18301793932914734,-0.1630307286977768,-0.31782227754592896,1.0,0.0,0.0,0.0,0.0
13723000000,3172,0,,0,0.10363698750734329,0.35603204369544983,0.349062979221344,1.0,0.0,0.0,0.0,0.0
13726000000,3173,0,,0,0.015212961472570896,0.18865780532360077,-0.3981533944606781,1.0,0.0,0.0,0.0,0.0
13728000000,3174,0,,0,0.11995882540941238,0.37119215726852417,-0.17218683660030365,1.0,0.0,0.0,0.0,0.0
13730000000,3175,0,,0,0.32219675183296204,-0.2039642482995987,-0.08424699306488037,1.0,0.0,0.0,0.0,0.0
13731000000,3176,0,,0,0.11999111622571945,0.05857139825820923,0.00830281712114811,1.0,0.0,0.0,0.0,0.0
13734000000,3177,0,,0,-0.37536072731018066,-0.1573515385389328,0.39488935470581055,1.0,0.0,0.0,0.0,0.0
13736000000,3178,0,,0,0.25643524527549744,0.12943384051322937,0.38393235206604004,1.0,0.0,0.0,0.0,0.0
13737000000,3179,0,,0,-0.35885030031204224,-0.2926173806190491,-0.2664303183555603,1.0,0.0,0.0,0.0,0.0
13739000000,3180,0,,0,-0.2551618814468384,-0.27420011162757874,-0.2729787230491638,1.0,0.0,0.0,0.0,0.0
13742000000,3181,0,,0,-0.28679195046424866,-0.12846875190734863,0.25043192505836487,1.0,0.0,0.0,0.0,0.0
13743000000,3182,0,,0,0.037543054670095444,0.08765944093465805,-0.3654730021953583,1.0,0.0,0.0,0.0,0.0
13745000000,3183,0,,0,0.3364088237285614,-0.08811229467391968,0.38415950536727905,1.0,0.0,0.0,0.0,0.0
13748000000,3184,0,,0,0.2207643985748291,-0.20604261755943298,-0.23194769024848938,1.0,0.0,0.0,0.0,0.0
13750000000,3185,0,,0,0.30501875281333923,-0.1367168426513672,-0.07557152956724167,1.0,0.0,0.0,0.0,0.0
13751000000,3186,0,,0,0.005304938182234764,0.15144096314907074,-0.1365327686071396,1.0,0.0,0.0,0.0,0.0
13754000000,3187,0,,0,-0.17164470255374908,0.2675660252571106,-0.042853280901908875,1.0,0.0,0.0,0.0,0.0
13755000000,3188,0,,0,0.26857060194015503,0.18053770065307617,0.37197306752204895,1.0,0.0,0.0,0.0,0.0
13758000000,3189,0,,0,0.10726518929004669,-0.2745501399040222,0.025765977799892426,1.0,0.0,0.0,0.0,0.0
13760000000,3190,0,,0,-0.2256672978401184,0.24543876945972443,-0.028999879956245422,1.0,0.0,0.0,0.0,0.0
13761000000,3191,0,,0,0.17259450256824493,-0.1666058748960495,0.0017879223451018333,1.0,0.0,0.0,0.0,0.0
13763000000,3192,0,,0,-0.2937942147254944,0.27670013904571533,0.3124663233757019,1.0,0.0,0.0,0.0,0.0
13765000000,3193,0,,0,-0.10752607882022858,-0.17827293276786804,-0.030265264213085175,1.0,0.0,0.0,0.0,0.0
13768000000,3194,0,,0,0.27959513664245605,0.22916653752326965,-0.01571691781282425,1.0,0.0,0.0,0.0,0.0
13770000000,3195,0,,0,-0.2255372703075409,0.23181405663490295,0.14862078428268433,1.0,0.0,0.0,0.0,0.0
13771000000,3196,0,,0,0.0007010992849245667,0.19843743741512299,-0.2846892774105072,1.0,0.0,0.0,0.0,0.0
13773000000,3197,0,,0,-0.17814713716506958,-0.06103726476430893,0.3883607089519501,1.0,0.0,0.0,0.0,0.0
13775000000,3198,0,,0,0.3612973988056183,-0.2946753203868866,0.2687262296676636,1.0,0.0,0.0,0.0,0.0
13777000000,3199,0,,0,0.31802359223365784,0.3822408616542816,-0.06990445405244827,1.0,0.0,0.0,0.0,0.0
13779000000,3200,0,,0,-0.05211489647626877,0.26944833993911743,0.25577491521835327,1.0,0.0,0.0,0.0,0.0
13781000000,3201,0,,0,0.0778970867395401,-0.3115825653076172,-0.20978310704231262,1.0,0.0,0.0,0.0,0.0
13783000000,3202,0,,0,-0.3423227369785309,-0.1808977872133255,-0.2642255127429962,1.0,0.0,0.0,0.0,0.0
13785000000,3203,0,,0,-0.07061055302619934,0.11660497635602951,-0.232514888048172,1.0,0.0,0.0,0.0,0.0
13787000000,3204,0,,0,0.2828223705291748,0.16598306596279144,0.3040454387664795,1.0,0.0,0.0,0.0,0.0
13789000000,3205,0,,0,-0.3759995996952057,0.19710303843021393,0.22561675310134888,1.0,0.0,0.0,0.0,0.0
13791000000,3206,0,,0,-0.3332362174987793,0.30502307415008545,0.09537174552679062,1.0,0.0,0.0,0.0,0.0
13793000000,3207,0,,0,-0.3887539803981781,0.17191284894943237,-0.31873971223831177,1.0,0.0,0.0,0.0,0.0
13796000000,3208,0,,0,0.14966528117656708,0.33394286036491394,-0.32473045587539673,1.0,0.0,0.0,0.0,0.0
13797000000,3209,0,,0,-0.02534841001033783,-0.2763410210609436,-0.3883827328681946,1.0,0.0,0.0,0.0,0.0
13800000000,3210,0,,0,0.05032079294323921,0.24096687138080597,-0.29902616143226624,1.0,0.0,0.0,0.0,0.0
13801000000,3211,0,,0,0.3186725974082947,-0.2108699381351471,0.37828829884529114,1.0,0.0,0.0,0.0,0.0
13803000000,3212,0,,0,0.36179426312446594,-0.270650178194046,0.055752795189619064,1.0,0.0,0.0,0.0,0.0
13805000000,3213,0,,0,-0.282339870929718,-0.19375886023044586,-0.011190754361450672,1.0,0.0,0.0,0.0,0.0
13808000000,3214,0,,0,-0.024355698376893997,-0.39931416511535645,0.1679588407278061,1.0,0.0,0.0,0.0,0.0
13809000000,3215,0,,0,0.31328368186950684,0.34824472665786743,0.19358578324317932,1.0,0.0,0.0,0.0,0.0
13811000000,3216,0,,0,-0.19064410030841827,0.03212647885084152,-0.022576231509447098,1.0,0.0,0.0,0.0,0.0
13813000000,3217,0,,0,0.062111787497997284,0.25207945704460144,-0.19346001744270325,1.0,0.0,0.0,0.0,0.0
13815000000,3218,0,,0,0.3237467110157013,-0.296511709690094,0.08925793319940567,1.0,0.0,0.0,0.0,0.0
13817000000,3219,0,,0,-0.24968859553337097,0.08225983381271362,0.1151384562253952,1.0,0.0,0.0,0.0,0.0
13819000000,3220,0,,0,-0.32738181948661804,0.24808701872825623,0.24815724790096283,1.0,0.0,0.0,0.0,0.0
13821000000,3221,0,,0,-0.11608724296092987,0.25040891766548157,-0.3491585850715637,1.0,0.0,0.0,0.0,0.0
13823000000,3222,0,,0,-0.2592584490776062,-0.393690288066864,-0.3550153076648712,1.0,0.0,0.0,0.0,0.0
13825000000,3223,0,,0,0.004601574037224054,0.2651250958442688,0.17450323700904846,1.0,0.0,0.0,0.0,0.0
13828000000,3224,0,,0,-0.09286954253911972,-0.3247468173503876,0.3328886330127716,1.0,0.0,0.0,0.0,0.0
13829000000,3225,0,,0,0.33020853996276855,0.1858726590871811,-0.2071422040462494,1.0,0.0,0.0,0.0,0.0
13831000000,3226,0,,0,0.11616160720586777,0.048706166446208954,0.2653508484363556,1.0,0.0,0.0,0.0,0.0
13833000000,3227,0,,0,-0.08982758969068527,0.07463390380144119,0.022756265476346016,1.0,0.0,0.0,0.0,0.0
13835000000,3228,0,,0,0.30202117562294006,0.20523861050605774,0.2158377468585968,1.0,0.0,0.0,0.0,0.0
13837000000,3229,0,,0,-0.3318145275115967,0.09057192504405975,0.35285815596580505,1.0,0.0,0.0,0.0,0.0
13840000000,3230,0,,0,0.32408642768859863,-0.15896159410476685,-0.09552997350692749,1.0,0.0,0.0,0.0,0.0
13841000000,3231,0,,0,0.1526053100824356,0.25901517271995544,0.1314968764781952,1.0,0.0,0.0,0.0,0.0
13843000000,3232,0,,0,0.24072180688381195,0.39344826340675354,-0.033829111605882645,1.0,0.0,0.0,0.0,0.0
13845000000,3233,0,,0,0.3755122125148773,-0.2266879826784134,-0.13112744688987732,1.0,0.0,0.0,0.0,0.0
13848000000,3234,0,,0,-0.09594321995973587,-0.06704692542552948,0.24554486572742462,1.0,0.0,0.0,0.0,0.0
13850000000,3235,0,,0,-0.08223196119070053,0.027311159297823906,-0.06581645458936691,1.0,0.0,0.0,0.0,0.0
13852000000,3236,0,,0,-0.21364399790763855,-0.2802295386791229,-0.023147031664848328,1.0,0.0,0.0,0.0,0.0
13854000000,3237,0,,0,-0.3197226822376251,-0.2972734868526459,-0.18684831261634827,1.0,0.0,0.0,0.0,0.0
13855000000,3238,0,,0,-0.015493692830204964,0.2977192997932434,0.19204463064670563,1.0,0.0,0.0,0.0,0.0
13857000000,3239,0,,0,0.06319432705640793,-0.02198103256523609,0.30918052792549133,1.0,0.0,0.0,0.0,0.0
13860000000,3240,0,,0,-0.14877387881278992,0.07589755207300186,-0.3606663644313812,1.0,0.0,0.0,0.0,0.0
13862000000,3241,0,,0,-0.3798827528953552,-0.38492101430892944,0.10029430687427521,1.0,0.0,0.0,0.0,0.0
13863000000,3242,0,,0,0.19116149842739105,0.029287239536643028,0.3151662051677704,1.0,0.0,0.0,0.0,0.0
13865000000,3243,0,,0,0.3505913317203522,0.2702040672302246,-0.37156689167022705,1.0,0.0,0.0,0.0,0.0
13868000000,3244,0,,0,-0.11373629420995712,-0.1764974445104599,0.08467739075422287,1.0,0.0,0.0,0.0,0.0
13870000000,3245,0,,0,0.2907808721065521,-0.2426958829164505,0.23006094992160797,1.0,0.0,0.0,0.0,0.0
13872000000,3246,0,,0,-0.05318683385848999,-0.13072851300239563,0.28295671939849854,1.0,0.0,0.0,0.0,0.0
13873000000,3247,0,,0,0.2539912760257721,0.31131306290626526,-0.08899061381816864,1.0,0.0,0.0,0.0,0.0
13875000000,3248,0,,0,-0.3120705187320709,0.21430279314517975,0.3369072377681732,1.0,0.0,0.0,0.0,0.0
13877000000,3249,0,,0,-0.14407992362976074,0.33140140771865845,-0.22302938997745514,1.0,0.0,0.0,0.0,0.0
13879000000,3250,0,,0,0.050334956496953964,0.03330390900373459,0.34888947010040283,1.0,0.0,0.0,0.0,0.0
13881000000,3251,0,,0,-0.174838125705719,0.24742452800273895,0.10894344002008438,1.0,0.0,0.0,0.0,0.0
13883000000,3252,0,,0,-0.289732426404953,-0.16381746530532837,0.08885716646909714,1.0,0.0,0.0,0.0,0.0
13885000000,3253,0,,0,-0.14420713484287262,0.39074447751045227,0.19940750300884247,1.0,0.0,0.0,0.0,0.0
13887000000,3254,0,,0,0.38533762097358704,0.13648726046085358,-0.09725336730480194,1.0,0.0,0.0,0.0,0.0
13889000000,3255,0,,0,0.30545341968536377,0.34473782777786255,-0.05081336572766304,1.0,0.0,0.0,0.0,0.0
13891000000,3256,0,,0,-0.21013295650482178,0.09624351561069489,-0.3172893226146698,1.0,0.0,0.0,0.0,0.0
13893000000,3257,0,,0,0.02499890886247158,-0.02255924418568611,0.1150796189904213,1.0,0.0,0.0,0.0,0.0
13895000000,3258,0,,0,-0.05912107974290848,-0.3541623055934906,-0.08887793123722076,1.0,0.0,0.0,0.0,0.0
13897000000,3259,0,,0,0.1021948903799057,-0.3562392294406891,-0.3208821713924408,1.0,0.0,0.0,0.0,0.0
13899000000,3260,0,,0,0.15645384788513184,0.12905588746070862,-0.18534623086452484,1.0,0.0,0.0,0.0,0.0
13901000000,3261,0,,0,0.01140159647911787,0.23140253126621246,0.38231778144836426,1.0,0.0,0.0,0.0,0.0
13904000000,3262,0,,0,0.014241551980376244,-0.1772656887769699,0.08446930348873138,1.0,0.0,0.0,0.0,0.0
13905000000,3263,0,,0,-0.06045203283429146,0.12837719917297363,-0.3800913691520691,1.0,0.0,0.0,0.0,0.0
13907000000,3264,0,,0,-0.38306617736816406,-0.2303926795721054,0.20394766330718994,1.0,0.0,0.0,0.0,0.0
13909000000,3265,0,,0,-0.06059487164020538,-0.36723488569259644,0.20532184839248657,1.0,0.0,0.0,0.0,0.0
13911000000,3266,0,,0,0.16627947986125946,-0.06519265472888947,-0.395896315574646,1.0,0.0,0.0,0.0,0.0
13913000000,3267,0,,0,0.1548566073179245,0.12181813269853592,0.25772416591644287,1.0,0.0,0.0,0.0,0.0
13915000000,3268,0,,0,0.26148226857185364,0.02710547484457493,0.1715307980775833,1.0,0.0,0.0,0.0,0.0
13917000000,3269,0,,0,-0.23433645069599152,-0.030489370226860046,0.1807766854763031,1.0,0.0,0.0,0.0,0.0
13920000000,3270,0,,0,0.028558945283293724,-0.12513530254364014,-0.2637563943862915,1.0,0.0,0.0,0.0,0.0
13921000000,3271,0,,0,-0.3237797021865845,0.3132740557193756,0.25939834117889404,1.0,0.0,0.0,0.0,0.0
13924000000,3272,0,,0,0.04543599486351013,-0.3481305241584778,-0.06108585372567177,1.0,0.0,0.0,0.0,0.0
13925000000,3273,0,,0,-0.22401392459869385,0.39776936173439026,-0.28122609853744507,1.0,0.0,0.0,0.0,0.0
13928000000,3274,0,,0,0.3977839946746826,-0.2797306478023529,-0.21401238441467285,1.0,0.0,0.0,0.0,0.0
13930000000,3275,0,,0,0.12369101494550705,-0.36826208233833313,-0.38211730122566223,1.0,0.0,0.0,0.0,0.0
13932000000,3276,0,,0,-0.1169590950012207,-0.3844992518424988,0.10015598684549332,1.0,0.0,0.0,0.0,0.0
13933000000,3277,0,,0,-0.18064650893211365,-0.009717113338410854,0.26429253816604614,1.0,0.0,0.0,0.0,0.0
13936000000,3278,0,,0,-0.3946343660354614,-0.18048609793186188,-0.1856304556131363,1.0,0.0,0.0,0.0,0.0
13937000000,3279,0,,0,0.17296752333641052,0.2508529722690582,0.2658674418926239,1.0,0.0,0.0,0.0,0.0
13940000000,3280,0,,0,0.3336435556411743,-0.10717789828777313,-0.04479445144534111,1.0,0.0,0.0,0.0,0.0
13941000000,3281,0,,0,-0.3455265760421753,0.11794255673885345,-0.1299971342086792,1.0,0.0,0.0,0.0,0.0
13944000000,3282,0,,0,0.3090454936027527,-0.3838910758495331,-0.2262391895055771,1.0,0.0,0.0,0.0,0.0
13945000000,3283,0,,0,0.2701515257358551,0.13509078323841095,-0.37816888093948364,1.0,0.0,0.0,0.0,0.0
13948000000,3284,0,,0,0.2845779359340668,0.16983410716056824,-0.3523871600627899,1.0,0.0,0.0,0.0,0.0
13949000000,3285,0,,0,-0.3035491406917572,-0.05789801478385925,0.27240702509880066,1.0,0.0,0.0,0.0,0.0
13952000000,3286,0,,0,0.2687876522541046,0.1075095534324646,-0.26673823595046997,1.0,0.0,0.0,0.0,0.0
13953000000,3287,0,,0,-0.017441820353269577,0.23017773032188416,0.35621708631515503,1.0,0.0,0.0,0.0,0.0
13955000000,3288,0,,0,0.06802646070718765,-0.09150779992341995,-0.09652453660964966,1.0,0.0,0.0,0.0,0.0
13957000000,3289,0,,0,-0.326726496219635,-0.32563260197639465,0.11935625970363617,1.0,0.0,0.0,0.0,0.0
13959000000,3290,0,,0,-0.3352290689945221,0.38972151279449463,0.2047651708126068,1.0,0.0,0.0,0.0,0.0
13961000000,3291,0,,0,0.14328047633171082,0.39096251130104065,-0.36511167883872986,1.0,0.0,0.0,0.0,0.0
13963000000,3292,0,,0,-0.37587010860443115,-0.14581730961799622,-0.18936099112033844,1.0,0.0,0.0,0.0,0.0
13965000000,3293,0,,0,-0.05571114271879196,-0.37258225679397583,0.2093782275915146,1.0,0.0,0.0,0.0,0.0
13967000000,3294,0,,0,0.3721420168876648,-0.04953608289361,-0.1526986062526703,1.0,0.0,0.0,0.0,0.0
13969000000,3295,0,,0,-0.3333979547023773,0.24499420821666718,0.24860234558582306,1.0,0.0,0.0,0.0,0.0
13971000000,3296,0,,0,0.22815915942192078,-0.29714664816856384,0.006427357438951731,1.0,0.0,0.0,0.0,0.0
13973000000,3297,0,,0,-0.17186647653579712,-0.04426635801792145,0.11255253851413727,1.0,0.0,0.0,0.0,0.0
13975000000,3298,0,,0,-0.19494687020778656,-0.2932290732860565,0.05773751065135002,1.0,0.0,0.0,0.0,0.0
13977000000,3299,0,,0,0.13395662605762482,-0.2872937321662903,0.13484223186969757,1.0,0.0,0.0,0.0,0.0
13979000000,3300,0,,0,0.3810496926307678,0.17177478969097137,-0.18652591109275818,1.0,0.0,0.0,0.0,0.0
13981000000,3301,0,,0,-0.3212304711341858,0.06049327924847603,-0.21689684689044952,1.0,0.0,0.0,0.0,0.0
13983000000,3302,0,,0,-0.19911254942417145,-0.22818313539028168,-0.3912530541419983,1.0,0.0,0.0,0.0,0.0
13985000000,3303,0,,0,-0.023683084174990654,-0.2975267171859741,-0.24582141637802124,1.0,0.0,0.0,0.0,0.0
13987000000,3304,0,,0,-0.37760084867477417,0.07587261497974396,-0.2545090317726135,1.0,0.0,0.0,0.0,0.0
13989000000,3305,0,,0,-0.28276684880256653,-0.03547200188040733,-0.2219141572713852,1.0,0.0,0.0,0.0,0.0
13991000000,3306,0,,0,0.24854512512683868,0.11477117985486984,-0.05135611817240715,1.0,0.0,0.0,0.0,0.0
13993000000,3307,0,,0,-0.015003333799540997,0.17118923366069794,0.17497190833091736,1.0,0.0,0.0,0.0,0.0
13995000000,3308,0,,0,-0.23393043875694275,0.17080506682395935,-0.26947343349456787,1.0,0.0,0.0,0.0,0.0
13997000000,3309,0,,0,-0.30232417583465576,-0.25535351037979126,0.330045223236084,1.0,0.0,0.0,0.0,0.0
13999000000,3310,0,,0,-0.3251214325428009,-0.08788300305604935,-0.3925158977508545,1.0,0.0,0.0,0.0,0.0
14001000000,3311,0,,0,-0.33858171105384827,0.14755766093730927,-0.34307700395584106,1.0,0.0,0.0,0.0,0.0
14003000000,3312,0,,0,0.013725178316235542,-0.07583393156528473,0.17269498109817505,1.0,0.0,0.0,0.0,0.0
14005000000,3313,0,,0,-0.00027935844263993204,-0.09356401115655899,-0.3085251748561859,1.0,0.0,0.0,0.0,0.0
14007000000,3314,0,,0,-0.07355059683322906,0.1874537169933319,-0.2791593372821808,1.0,0.0,0.0,0.0,0.0
14009000000,3315,0,,0,-0.04649120941758156,-0.12278535962104797,0.37315160036087036,1.0,0.0,0.0,0.0,0.0
14011000000,3316,0,,0,0.20303189754486084,0.18916046619415283,-0.3543740510940552,1.0,0.0,0.0,0.0,0.0
14013000000,3317,0,,0,0.018036294728517532,-0.11296194046735764,-0.19536347687244415,1.0,0.0,0.0,0.0,0.0
14015000000,3318,0,,0,0.3255729675292969,0.04223897308111191,0.2882446348667145,1.0,0.0,0.0,0.0,0.0
14017000000,3319,0,,0,0.31306493282318115,0.22096925973892212,0.24706248939037323,1.0,0.0,0.0,0.0,0.0
14019000000,3320,0,,0,-0.34781211614608765,0.22144028544425964,0.3178166449069977,1.0,0.0,0.0,0.0,0.0
14021000000,3321,0,,0,-0.06533533334732056,0.17516851425170898,-0.03700507432222366,1.0,0.0,0.0,0.0,0.0
14023000000,3322,0,,0,0.04456349089741707,-0.36637380719184875,0.1900833696126938,1.0,0.0,0.0,0.0,0.0
14025000000,3323,0,,0,0.17685237526893616,0.12899422645568848,-0.034186460077762604,1.0,0.0,0.0,0.0,0.0
14027000000,3324,0,,0,0.269781231880188,0.15609055757522583,0.10527346283197403,1.0,0.0,0.0,0.0,0.0
14029000000,3325,0,,0,-0.07599470019340515,0.14035260677337646,0.38779938220977783,1.0,0.0,0.0,0.0,0.0
14031000000,3326,0,,0,-0.1610805094242096,0.13364872336387634,0.3228198289871216,1.0,0.0,0.0,0.0,0.0
14033000000,3327,0,,0,0.20597685873508453,0.20140209794044495,-0.3348751366138458,1.0,0.0,0.0,0.0,0.0
14035000000,3328,0,,0,0.018272586166858673,0.07485032081604004,0.29837772250175476,1.0,0.0,0.0,0.0,0.0
14037000000,3329,0,,0,0.30452871322631836,0.36918121576309204,0.35819223523139954,1.0,0.0,0.0,0.0,0.0
14039000000,3330,0,,0,-0.31252774596214294,-0.18704330921173096,0.020822593942284584,1.0,0.0,0.0,0.0,0.0
14041000000,3331,0,,0,0.3100389838218689,0.2635411024093628,-0.01363377645611763,1.0,0.0,0.0,0.0,0.0
14044000000,3332,0,,0,-0.14359866082668304,0.3701666295528412,-0.10317584872245789,1.0,0.0,0.0,0.0,0.0
14046000000,3333,0,,0,-0.13492490351200104,-0.2998579442501068,0.3724788725376129,1.0,0.0,0.0,0.0,0.0
14048000000,3334,0,,0,-0.0933302715420723,0.12099824845790863,0.043822940438985825,1.0,0.0,0.0,0.0,0.0
14050000000,3335,0,,0,0.1098141223192215,0.2817171812057495,-0.20351745188236237,1.0,0.0,0.0,0.0,0.0
14051000000,3336,0,,0,-0.23862245678901672,0.22455984354019165,0.17808790504932404,1.0,0.0,0.0,0.0,0.0
14054000000,3337,0,,0,-0.17959098517894745,0.01716328039765358,0.33868059515953064,1.0,0.0,0.0,0.0,0.0
14055000000,3338,0,,0,0.39204126596450806,0.24035021662712097,-0.05122622847557068,1.0,0.0,0.0,0.0,0.0
14057000000,3339,0,,0,0.10904476791620255,0.2940775156021118,-0.16666384041309357,1.0,0.0,0.0,0.0,0.0
14060000000,3340,0,,0,-0.19677519798278809,0.04622850567102432,-0.17878159880638123,1.0,0.0,0.0,0.0,0.0
14061000000,3341,0,,0,-0.16114410758018494,0.08872248977422714,0.31130218505859375,1.0,0.0,0.0,0.0,0.0
14064000000,3342,0,,0,-0.06487828493118286,-0.38324305415153503,0.3917543888092041,1.0,0.0,0.0,0.0,0.0
14066000000,3343,0,,0,0.25686413049697876,-0.005496522411704063,-0.35473933815956116,1.0,0.0,0.0,0.0,0.0
14068000000,3344,0,,0,-0.0612013079226017,-0.3183610439300537,-0.04448901116847992,1.0,0.0,0.0,0.0,0.0
14069000000,3345,0,,0,0.12543922662734985,-0.23610332608222961,-0.3454109728336334,1.0,0.0,0.0,0.0,0.0
14071000000,3346,0,,0,0.34486374258995056,0.26713240146636963,0.1090862825512886,1.0,0.0,0.0,0.0,0.0
14073000000,3347,0,,0,0.006803533062338829,-0.3332187831401825,0.03693206235766411,1.0,0.0,0.0,0.0,0.0
14075000000,3348,0,,0,0.3533514440059662,-0.1407713145017624,0.10314011573791504,1.0,0.0,0.0,0.0,0.0
14077000000,3349,0,,0,-0.33466580510139465,0.008751657791435719,0.05494047328829765,1.0,0.0,0.0,0.0,0.0
14079000000,3350,0,,0,-0.13851745426654816,-0.08486028015613556,-0.3190057575702667,1.0,0.0,0.0,0.0,0.0
14081000000,3351,0,,0,-0.05548959597945213,0.33086347579956055,0.09625391662120819,1.0,0.0,0.0,0.0,0.0
14083000000,3352,0,,0,-0.22644208371639252,-0.3372204303741455,0.2602314054965973,1.0,0.0,0.0,0.0,0.0
14085000000,3353,0,,0,-0.33991798758506775,0.3754989802837372,0.10571197420358658,1.0,0.0,0.0,0.0,0.0
14087000000,3354,0,,0,-0.012060429900884628,-0.3867577612400055,-0.27153581380844116,1.0,0.0,0.0,0.0,0.0
14090000000,3355,0,,0,-0.37972432374954224,0.1574505865573883,-0.2090941071510315,1.0,0.0,0.0,0.0,0.0
14091000000,3356,0,,0,-0.2359258234500885,0.1738925576210022,-0.23870877921581268,1.0,0.0,0.0,0.0,0.0
14094000000,3357,0,,0,0.2242160588502884,0.00016069608682300895,-0.26720985770225525,1.0,0.0,0.0,0.0,0.0
14096000000,3358,0,,0,0.0024402316194027662,0.007962503470480442,-0.2718658745288849,1.0,0.0,0.0,0.0,0.0
14098000000,3359,0,,0,0.15576530992984772,0.042441874742507935,-0.29844561219215393,1.0,0.0,0.0,0.0,0.0
14099000000,3360,0,,0,-0.1600937843322754,0.26785606145858765,-0.10724648088216782,1.0,0.0,0.0,0.0,0.0
14101000000,3361,0,,0,-0.2981734871864319,0.10951799899339676,-0.3139609396457672,1.0,0.0,0.0,0.0,0.0
14103000000,3362,0,,0,0.12304826080799103,0.06140199676156044,0.08213474601507187,1.0,0.0,0.0,0.0,0.0
14105000000,3363,0,,0,-0.17282158136367798,0.18862247467041016,-0.009060666896402836,1.0,0.0,0.0,0.0,0.0
14107000000,3364,0,,0,0.2820543348789215,0.02864016219973564,0.2662515640258789,1.0,0.0,0.0,0.0,0.0
14109000000,3365,0,,0,0.0021550189703702927,0.32384538650512695,-0.1376291662454605,1.0,0.0,0.0,0.0,0.0
14111000000,3366,0,,0,0.040943242609500885,0.15689004957675934,-0.3963569700717926,1.0,0.0,0.0,0.0,0.0
14113000000,3367,0,,0,0.22209128737449646,0.0036392647307366133,0.13249380886554718,1.0,0.0,0.0,0.0,0.0
14115000000,3368,0,,0,-0.05795621871948242,0.039481330662965775,-0.0030525310430675745,1.0,0.0,0.0,0.0,0.0
14118000000,3369,0,,0,0.34288647770881653,0.3152132034301758,0.17320996522903442,1.0,0.0,0.0,0.0,0.0
14120000000,3370,0,,0,-0.25688979029655457,0.19101931154727936,0.038265228271484375,1.0,0.0,0.0,0.0,0.0
14121000000,3371,0,,0,0.2472285032272339,-0.19672462344169617,-0.36797159910202026,1.0,0.0,0.0,0.0,0.0
14123000000,3372,0,,0,-0.21908405423164368,-0.0009256887133233249,0.24365706741809845,1.0,0.0,0.0,0.0,0.0
14125000000,3373,0,,0,-0.2515002489089966,0.18975600600242615,0.07800769805908203,1.0,0.0,0.0,0.0,0.0
14127000000,3374,0,,0,-0.2970588505268097,0.16272298991680145,0.16300447285175323,1.0,0.0,0.0,0.0,0.0
14129000000,3375,0,,0,-0.04855799302458763,0.11922354251146317,0.3890742361545563,1.0,0.0,0.0,0.0,0.0
14131000000,3376,0,,0,-0.16168516874313354,0.1389564722776413,0.21110516786575317,1.0,0.0,0.0,0.0,0.0
14133000000,3377,0,,0,-0.15838868916034698,-0.20076964795589447,-0.058262523263692856,1.0,0.0,0.0,0.0,0.0
14135000000,3378,0,,0,-0.31000855565071106,0.3385601341724396,0.14304634928703308,1.0,0.0,0.0,0.0,0.0
14137000000,3379,0,,0,0.2586769461631775,0.317050576210022,-0.06627464294433594,1.0,0.0,0.0,0.0,0.0
14139000000,3380,0,,0,0.17037223279476166,0.16495582461357117,-0.17847616970539093,1.0,0.0,0.0,0.0,0.0
14141000000,3381,0,,0,0.3158982992172241,-0.3357682228088379,0.21492373943328857,1.0,0.0,0.0,0.0,0.0
14143000000,3382,0,,0,-0.28739774227142334,0.182700514793396,-0.3868265748023987,1.0,0.0,0.0,0.0,0.0
14145000000,3383,0,,0,-0.04731175675988197,-0.25787946581840515,0.1077420711517334,1.0,0.0,0.0,0.0,0.0
14147000000,3384,0,,0,-0.11060506850481033,0.32025277614593506,0.23765140771865845,1.0,0.0,0.0,0.0,0.0
14149000000,3385,0,,0,-0.22209951281547546,-0.09927462786436081,-0.3876057267189026,1.0,0.0,0.0,0.0,0.0
14151000000,3386,0,,0,0.29666420817375183,-0.15272285044193268,0.0727258026599884,1.0,0.0,0.0,0.0,0.0
14153000000,3387,0,,0,0.278266578912735,-0.1296244114637375,-0.1828308403491974,1.0,0.0,0.0,0.0,0.0
14155000000,3388,0,,0,0.38110896944999695,0.36934879422187805,-0.37037235498428345,1.0,0.0,0.0,0.0,0.0
14157000000,3389,0,,0,-0.2731746435165405,-0.26475435495376587,-0.080385722219944,1.0,0.0,0.0,0.0,0.0
14159000000,3390,0,,0,-0.16497740149497986,-0.12470057606697083,0.06581023335456848,1.0,0.0,0.0,0.0,0.0
14161000000,3391,0,,0,-0.24469150602817535,-0.25102606415748596,-0.14457176625728607,1.0,0.0,0.0,0.0,0.0
14163000000,3392,0,,0,-0.07472773641347885,0.3053305745124817,0.12364228814840317,1.0,0.0,0.0,0.0,0.0
14165000000,3393,0,,0,-0.15745329856872559,0.11370443552732468,-0.3076701760292053,1.0,0.0,0.0,0.0,0.0
14167000000,3394,0,,0,0.21333478391170502,-0.0508916974067688,-0.3074641525745392,1.0,0.0,0.0,0.0,0.0
14169000000,3395,0,,0,0.3534582257270813,0.2326611578464508,0.10458509624004364,1.0,0.0,0.0,0.0,0.0
14171000000,3396,0,,0,-0.39868584275245667,-0.12720347940921783,-0.09467808157205582,1.0,0.0,0.0,0.0,0.0
14173000000,3397,0,,0,-0.1234552189707756,0.3208162486553192,0.29764091968536377,1.0,0.0,0.0,0.0,0.0
14175000000,3398,0,,0,0.07183843851089478,0.15141905844211578,0.07029733806848526,1.0,0.0,0.0,0.0,0.0
14177000000,3399,0,,0,-0.2635897696018219,0.2689368724822998,-0.06956421583890915,1.0,0.0,0.0,0.0,0.0
14179000000,3400,0,,0,0.1840445101261139,0.15758202970027924,0.2964564263820648,1.0,0.0,0.0,0.0,0.0
14181000000,3401,0,,0,0.1422225683927536,0.2690903842449188,-0.013441565446555614,1.0,0.0,0.0,0.0,0.0
14183000000,3402,0,,0,-0.3939221501350403,0.15610343217849731,0.05932844802737236,1.0,0.0,0.0,0.0,0.0
14185000000,3403,0,,0,0.06677397340536118,0.05055709928274155,0.2724912762641907,1.0,0.0,0.0,0.0,0.0
14187000000,3404,0,,0,0.2587524950504303,-0.03485450893640518,-0.35262054204940796,1.0,0.0,0.0,0.0,0.0
14189000000,3405,0,,0,0.11351794004440308,-0.016969600692391396,0.3992862403392792,1.0,0.0,0.0,0.0,0.0
14191000000,3406,0,,0,-0.34340885281562805,-0.27157682180404663,0.33967456221580505,1.0,0.0,0.0,0.0,0.0
14193000000,3407,0,,0,0.04633554443717003,0.20316070318222046,-0.3857170641422272,1.0,0.0,0.0,0.0,0.0
14195000000,3408,0,,0,0.35724616050720215,0.17998045682907104,0.33439961075782776,1.0,0.0,0.0,0.0,0.0
14197000000,3409,0,,0,-0.09605804830789566,0.33851638436317444,-0.35549822449684143,1.0,0.0,0.0,0.0,0.0
14199000000,3410,0,,0,-0.16512559354305267,0.333496630191803,-0.14462396502494812,1.0,0.0,0.0,0.0,0.0
14201000000,3411,0,,0,-0.3672853112220764,-0.013549425639212132,0.2795383930206299,1.0,0.0,0.0,0.0,0.0
14203000000,3412,0,,0,0.06146756559610367,-0.185698002576828,0.2773287892341614,1.0,0.0,0.0,0.0,0.0
14205000000,3413,0,,0,-0.3165428936481476,-0.17214414477348328,-0.09018309414386749,1.0,0.0,0.0,0.0,0.0
14207000000,3414,0,,0,0.24124616384506226,0.07678908109664917,-0.39011088013648987,1.0,0.0,0.0,0.0,0.0
14209000000,3415,0,,0,0.14103776216506958,-0.2666214406490326,0.2281428575515747,1.0,0.0,0.0,0.0,0.0
14211000000,3416,0,,0,-0.18847906589508057,-0.2110273689031601,0.30441758036613464,1.0,0.0,0.0,0.0,0.0
14213000000,3417,0,,0,-0.34374889731407166,0.3554236590862274,0.3247358500957489,1.0,0.0,0.0,0.0,0.0
14215000000,3418,0,,0,-0.26674264669418335,-0.1812518835067749,-0.3932822644710541,1.0,0.0,0.0,0.0,0.0
14217000000,3419,0,,0,-0.056990161538124084,0.3794609308242798,-0.04473409429192543,1.0,0.0,0.0,0.0,0.0
14219000000,3420,0,,0,-0.17984233796596527,-0.20758463442325592,0.3177291452884674,1.0,0.0,0.0,0.0,0.0
14221000000,3421,0,,0,-0.09769288450479507,0.10330632328987122,0.29549095034599304,1.0,0.0,0.0,0.0,0.0
14223000000,3422,0,,0,0.08986751735210419,-0.3690072298049927,-0.14065028727054596,1.0,0.0,0.0,0.0,0.0
14225000000,3423,0,,0,-0.1386057436466217,-0.3977539539337158,0.1883738934993744,1.0,0.0,0.0,0.0,0.0
14227000000,3424,0,,0,-0.0639987662434578,-0.05807497352361679,-0.3613686263561249,1.0,0.0,0.0,0.0,0.0
14229000000,3425,0,,0,-0.07268352806568146,0.33367085456848145,-0.0034365218598395586,1.0,0.0,0.0,0.0,0.0
14231000000,3426,0,,0,-0.2401476502418518,-0.33532989025115967,-0.022946733981370926,1.0,0.0,0.0,0.0,0.0
14233000000,3427,0,,0,-0.39576053619384766,-0.112134650349617,0.10017096996307373,1.0,0.0,0.0,0.0,0.0
14235000000,3428,0,,0,0.13565172255039215,-0.11931730806827545,0.35933858156204224,1.0,0.0,0.0,0.0,0.0
14237000000,3429,0,,0,-0.2766134440898895,0.1822066605091095,-0.19643284380435944,1.0,0.0,0.0,0.0,0.0
14239000000,3430,0,,0,0.02342226915061474,-0.1648455113172531,-0.08142943680286407,1.0,0.0,0.0,0.0,0.0
14241000000,3431,0,,0,0.3516065776348114,-0.35961294174194336,-0.2699138820171356,1.0,0.0,0.0,0.0,0.0
14244000000,3432,0,,0,0.09712079912424088,-0.021897397935390472,-0.0599142462015152,1.0,0.0,0.0,0.0,0.0
14245000000,3433,0,,0,-0.2887915074825287,0.0887383222579956,-0.24808770418167114,1.0,0.0,0.0,0.0,0.0
14247000000,3434,0,,0,0.33379024267196655,-0.25661227107048035,-0.08709189295768738,1.0,0.0,0.0,0.0,0.0
14250000000,3435,0,,0,-0.3712109625339508,-0.0010306250769644976,0.0048780604265630245,1.0,0.0,0.0,0.0,0.0
14252000000,3436,0,,0,-0.04184883087873459,-0.019759370014071465,-0.15764735639095306,1.0,0.0,0.0,0.0,0.0
14253000000,3437,0,,0,0.04132439196109772,0.3231072425842285,0.3864452540874481,1.0,0.0,0.0,0.0,0.0
14255000000,3438,0,,0,-0.21917618811130524,-0.20604214072227478,-0.2635326385498047,1.0,0.0,0.0,0.0,0.0
14257000000,3439,0,,0,-0.36655309796333313,0.2721330225467682,-0.038300056010484695,1.0,0.0,0.0,0.0,0.0
14259000000,3440,0,,0,0.3184202313423157,-0.043187014758586884,0.07203254103660583,1.0,0.0,0.0,0.0,0.0
14261000000,3441,0,,0,-0.298944890499115,-0.20422442257404327,0.36282792687416077,1.0,0.0,0.0,0.0,0.0
14263000000,3442,0,,0,0.11105473339557648,0.16579669713974,0.177652046084404,1.0,0.0,0.0,0.0,0.0
14265000000,3443,0,,0,0.20626993477344513,-0.1464138776063919,-0.36044007539749146,1.0,0.0,0.0,0.0,0.0
14268000000,3444,0,,0,0.2654225528240204,-0.2855333685874939,0.14172817766666412,1.0,0.0,0.0,0.0,0.0
14270000000,3445,0,,0,-0.39903587102890015,-0.38387492299079895,-0.2257172018289566,1.0,0.0,0.0,0.0,0.0
14272000000,3446,0,,0,-0.21327590942382812,0.01354908850044012,-0.2881358563899994,1.0,0.0,0.0,0.0,0.0
14273000000,3447,0,,0,-0.20490331947803497,-0.29115554690361023,0.20647671818733215,1.0,0.0,0.0,0.0,0.0
14275000000,3448,0,,0,0.12843582034111023,0.04044485464692116,0.04228755086660385,1.0,0.0,0.0,0.0,0.0
14277000000,3449,0,,0,-0.3207796514034271,-0.12904523313045502,-0.21580380201339722,1.0,0.0,0.0,0.0,0.0
14279000000,3450,0,,0,0.2969855070114136,-0.07969122380018234,0.21686480939388275,1.0,0.0,0.0,0.0,0.0
14282000000,3451,0,,0,-0.38809823989868164,0.2825744152069092,0.38557782769203186,1.0,0.0,0.0,0.0,0.0
14284000000,3452,0,,0,0.06563789397478104,-0.38000527024269104,0.17311154305934906,1.0,0.0,0.0,0.0,0.0
14286000000,3453,0,,0,0.13238629698753357,0.18385513126850128,0.18703314661979675,1.0,0.0,0.0,0.0,0.0
14288000000,3454,0,,0,-0.35129669308662415,-0.06035938113927841,0.06542841345071793,1.0,0.0,0.0,0.0,0.0
14290000000,3455,0,,0,0.33003392815589905,0.3881351947784424,-0.2570609152317047,1.0,0.0,0.0,0.0,0.0
14292000000,3456,0,,0,0.31218287348747253,0.28366711735725403,-0.052283138036727905,1.0,0.0,0.0,0.0,0.0
14293000000,3457,0,,0,0.12907305359840393,0.026358546689152718,-0.052853554487228394,1.0,0.0,0.0,0.0,0.0
14295000000,3458,0,,0,-0.3113284111022949,-0.017982425168156624,-0.24972914159297943,1.0,0.0,0.0,0.0,0.0
14297000000,3459,0,,0,-0.12345550209283829,0.1629866063594818,-0.34391868114471436,1.0,0.0,0.0,0.0,0.0
14300000000,3460,0,,0,-0.1758250743150711,0.04901372641324997,-0.02659696899354458,1.0,0.0,0.0,0.0,0.0
14302000000,3461,0,,0,-0.00865347869694233,-0.36226487159729004,-0.18696606159210205,1.0,0.0,0.0,0.0,0.0
14303000000,3462,0,,0,0.05943427234888077,0.1798059493303299,-0.14594615995883942,1.0,0.0,0.0,0.0,0.0
14305000000,3463,0,,0,0.06870701909065247,0.25290006399154663,0.2474592626094818,1.0,0.0,0.0,0.0,0.0
14307000000,3464,0,,0,-0.2934822738170624,-0.1067211702466011,0.24676330387592316,1.0,0.0,0.0,0.0,0.0
14309000000,3465,0,,0,0.09253564476966858,0.12855683267116547,0.31074604392051697,1.0,0.0,0.0,0.0,0.0
14312000000,3466,0,,0,0.05862042307853699,-0.10729032009840012,0.38146737217903137,1.0,0.0,0.0,0.0,0.0
14313000000,3467,0,,0,0.12491131573915482,-0.33056965470314026,-0.2596501111984253,1.0,0.0,0.0,0.0,0.0
14315000000,3468,0,,0,-0.38965049386024475,0.07295969128608704,-0.30788344144821167,1.0,0.0,0.0,0.0,0.0
14318000000,3469,0,,0,-0.25946885347366333,-0.36341017484664917,-0.29293596744537354,1.0,0.0,0.0,0.0,0.0
14320000000,3470,0,,0,0.01094163116067648,-0.08189518004655838,0.32693713903427124,1.0,0.0,0.0,0.0,0.0
14321000000,3471,0,,0,0.2812579870223999,-0.012347188778221607,-0.20436719059944153,1.0,0.0,0.0,0.0,0.0
14323000000,3472,0,,0,-0.2957308292388916,-0.3347906768321991,-0.04416782036423683,1.0,0.0,0.0,0.0,0.0
14325000000,3473,0,,0,-0.2889629006385803,-0.17721876502037048,0.3133019804954529,1.0,0.0,0.0,0.0,0.0
14328000000,3474,0,,0,0.16763520240783691,0.07514117658138275,0.3904712498188019,1.0,0.0,0.0,0.0,0.0
14329000000,3475,0,,0,0.12580327689647675,0.31799349188804626,0.11947741359472275,1.0,0.0,0.0,0.0,0.0
14331000000,3476,0,,0,-0.25903409719467163,-0.29895761609077454,0.1920597404241562,1.0,0.0,0.0,0.0,0.0
14333000000,3477,0,,0,0.35798537731170654,0.12626202404499054,-0.2624594569206238,1.0,0.0,0.0,0.0,0.0
14336000000,3478,0,,0,-0.21705341339111328,0.21269112825393677,-0.29665398597717285,1.0,0.0,0.0,0.0,0.0
14337000000,3479,0,,0,-0.3496306836605072,0.05383376404643059,-0.39720189571380615,1.0,0.0,0.0,0.0,0.0
14339000000,3480,0,,0,0.013132801279425621,0.17196455597877502,0.16919256746768951,1.0,0.0,0.0,0.0,0.0
14341000000,3481,0,,0,-0.14542749524116516,0.38809719681739807,-0.3304264545440674,1.0,0.0,0.0,0.0,0.0
14344000000,3482,0,,0,-0.2894781231880188,-0.13685163855552673,0.36601462960243225,1.0,0.0,0.0,0.0,0.0
14345000000,3483,0,,0,-0.34212660789489746,-0.29266199469566345,-0.07094402611255646,1.0,0.0,0.0,0.0,0.0
14347000000,3484,0,,0,-0.3082559108734131,-0.17810006439685822,-0.34590455889701843,1.0,0.0,0.0,0.0,0.0
14349000000,3485,0,,0,-0.01671733148396015,0.33860236406326294,0.10655395686626434,1.0,0.0,0.0,0.0,0.0
14352000000,3486,0,,0,-0.34875720739364624,0.04188588261604309,-0.24230152368545532,1.0,0.0,0.0,0.0,0.0
14353000000,3487,0,,0,-0.3285684883594513,0.37687331438064575,-0.3895374536514282,1.0,0.0,0.0,0.0,0.0
14355000000,3488,0,,0,-0.1386880874633789,-0.266602486371994,0.059105709195137024,1.0,0.0,0.0,0.0,0.0
14358000000,3489,0,,0,0.39590728282928467,-0.3992178440093994,-0.09348983317613602,1.0,0.0,0.0,0.0,0.0
14359000000,3490,0,,0,0.1467180699110031,-0.19769814610481262,-0.2853146195411682,1.0,0.0,0.0,0.0,0.0
14362000000,3491,0,,0,0.34358957409858704,0.02866099216043949,0.2739180028438568,1.0,0.0,0.0,0.0,0.0
14364000000,3492,0,,0,0.36318352818489075,-0.3831631541252136,-0.19642604887485504,1.0,0.0,0.0,0.0,0.0
14365000000,3493,0,,0,-0.370348185300827,-0.3636804223060608,-0.3945312798023224,1.0,0.0,0.0,0.0,0.0
14368000000,3494,0,,0,-0.31738272309303284,0.21200403571128845,-0.0020134951919317245,1.0,0.0,0.0,0.0,0.0
14370000000,3495,0,,0,0.22714485228061676,0.034445278346538544,0.0954633504152298,1.0,0.0,0.0,0.0,0.0
14371000000,3496,0,,0,-0.247823566198349,-0.1390746533870697,0.06319467723369598,1.0,0.0,0.0,0.0,0.0
14374000000,3497,0,,0,-0.11142925173044205,0.22050093114376068,-0.1702323853969574,1.0,0.0,0.0,0.0,0.0
14375000000,3498,0,,0,0.23932097852230072,0.2840460538864136,0.2701950967311859,1.0,0.0,0.0,0.0,0.0
14377000000,3499,0,,0,0.32354339957237244,0.37666061520576477,0.21126917004585266,1.0,0.0,0.0,0.0,0.0
14380000000,3500,0,,0,-0.22855500876903534,0.061729513108730316,-0.09263550490140915,1.0,0.0,0.0,0.0,0.0
14381000000,3501,0,,0,-0.23834942281246185,0.28484290838241577,-0.2879035770893097,1.0,0.0,0.0,0.0,0.0
14383000000,3502,0,,0,-0.07957414537668228,0.3887926936149597,-0.08135955780744553,1.0,0.0,0.0,0.0,0.0
14385000000,3503,0,,0,-0.12239004671573639,0.3945144712924957,-0.15963955223560333,1.0,0.0,0.0,0.0,0.0
14388000000,3504,0,,0,-0.3486219644546509,0.3832729160785675,-0.06046246737241745,1.0,0.0,0.0,0.0,0.0
14389000000,3505,0,,0,0.1904749870300293,-0.21673688292503357,0.22749218344688416,1.0,0.0,0.0,0.0,0.0
14392000000,3506,0,,0,-0.02942015416920185,-0.22052381932735443,0.07893220335245132,1.0,0.0,0.0,0.0,0.0
14393000000,3507,0,,0,-0.19679075479507446,-0.07644695788621902,0.03607488423585892,1.0,0.0,0.0,0.0,0.0
14395000000,3508,0,,0,0.1670401245355606,-0.049481507390737534,-0.18726429343223572,1.0,0.0,0.0,0.0,0.0
14397000000,3509,0,,0,-0.04661009460687637,-0.1300097405910492,-0.1431930959224701,1.0,0.0,0.0,0.0,0.0
14399000000,3510,0,,0,0.2512807846069336,0.181453675031662,0.025020865723490715,1.0,0.0,0.0,0.0,0.0
14401000000,3511,0,,0,0.2960878610610962,-0.27325546741485596,0.11751382052898407,1.0,0.0,0.0,0.0,0.0
14403000000,3512,0,,0,0.32905465364456177,0.05633344128727913,-0.028215887024998665,1.0,0.0,0.0,0.0,0.0
14405000000,3513,0,,0,-0.01867367886006832,-0.3582823872566223,0.12082864344120026,1.0,0.0,0.0,0.0,0.0
14407000000,3514,0,,0,-0.06281320750713348,0.14486558735370636,0.3946041762828827,1.0,0.0,0.0,0.0,0.0
14409000000,3515,0,,0,0.3342965245246887,-0.2858700454235077,0.0640399307012558,1.0,0.0,0.0,0.0,0.0
14412000000,3516,0,,0,0.13752414286136627,0.2522747218608856,-0.10960271209478378,1.0,0.0,0.0,0.0,0.0
14414000000,3517,0,,0,-0.3436223566532135,0.10331182926893234,0.332704097032547,1.0,0.0,0.0,0.0,0.0
14415000000,3518,0,,0,-0.1525755375623703,-0.36413583159446716,-0.04561765491962433,1.0,0.0,0.0,0.0,0.0
14418000000,3519,0,,0,0.24743077158927917,-0.04336010664701462,0.03513751178979874,1.0,0.0,0.0,0.0,0.0
14420000000,3520,0,,0,0.3565899431705475,0.16504637897014618,-0.14469745755195618,1.0,0.0,0.0,0.0,0.0
14421000000,3521,0,,0,-0.23649664223194122,-0.08811825513839722,-0.016195109114050865,1.0,0.0,0.0,0.0,0.0
14424000000,3522,0,,0,-0.39672142267227173,-0.05066288262605667,-0.2720235586166382,1.0,0.0,0.0,0.0,0.0
14425000000,3523,0,,0,-0.28065115213394165,-0.2756866216659546,0.20320911705493927,1.0,0.0,0.0,0.0,0.0
14427000000,3524,0,,0,0.18012912571430206,-0.25658363103866577,0.22873418033123016,1.0,0.0,0.0,0.0,0.0
14429000000,3525,0,,0,-0.33758729696273804,-0.07915420085191727,0.36219969391822815,1.0,0.0,0.0,0.0,0.0
14432000000,3526,0,,0,0.11124652624130249,0.2995005249977112,-0.07417994737625122,1.0,0.0,0.0,0.0,0.0
14433000000,3527,0,,0,0.2843908667564392,0.3306192457675934,0.3420690596103668,1.0,0.0,0.0,0.0,0.0
14435000000,3528,0,,0,-0.21698330342769623,0.2875882089138031,0.3902372419834137,1.0,0.0,0.0,0.0,0.0
14438000000,3529,0,,0,0.1907663196325302,0.22736112773418427,-0.3429482877254486,1.0,0.0,0.0,0.0,0.0
14440000000,3530,0,,0,0.13688375055789948,0.25030580163002014,-0.3685675263404846,1.0,0.0,0.0,0.0,0.0
14441000000,3531,0,,0,-0.04184962064027786,-0.11043627560138702,0.0012950829695910215,1.0,0.0,0.0,0.0,0.0
14444000000,3532,0,,0,-0.07654010504484177,0.2063397318124771,0.03624323382973671,1.0,0.0,0.0,0.0,0.0
14445000000,3533,0,,0,-0.11103779822587967,0.38414260745048523,-0.3921765387058258,1.0,0.0,0.0,0.0,0.0
14447000000,3534,0,,0,-0.38127031922340393,0.11223824322223663,-0.07951091229915619,1.0,0.0,0.0,0.0,0.0
14449000000,3535,0,,0,-0.09404879063367844,-0.10728246718645096,0.08530236035585403,1.0,0.0,0.0,0.0,0.0
14451000000,3536,0,,0,0.1705726832151413,0.257810115814209,-0.12142112106084824,1.0,0.0,0.0,0.0,0.0
14453000000,3537,0,,0,-0.1902645230293274,-0.1721346378326416,0.36106473207473755,1.0,0.0,0.0,0.0,0.0
14455000000,3538,0,,0,-0.11557178944349289,0.07963894307613373,0.24517790973186493,1.0,0.0,0.0,0.0,0.0
14457000000,3539,0,,0,0.05313456431031227,0.10196557641029358,0.09031720459461212,1.0,0.0,0.0,0.0,0.0
14459000000,3540,0,,0,-0.085953488945961,0.2382415384054184,-0.3662109076976776,1.0,0.0,0.0,0.0,0.0
14461000000,3541,0,,0,-0.2055545151233673,0.2811259925365448,0.2087908238172531,1.0,0.0,0.0,0.0,0.0
14463000000,3542,0,,0,0.36464086174964905,-0.16134876012802124,0.08068596571683884,1.0,0.0,0.0,0.0,0.0
14465000000,3543,0,,0,0.08052068203687668,-0.3575735092163086,-0.2426115721464157,1.0,0.0,0.0,0.0,0.0
14468000000,3544,0,,0,-0.18289461731910706,0.3085139989852905,0.39999741315841675,1.0,0.0,0.0,0.0,0.0
14470000000,3545,0,,0,-0.24990278482437134,0.08913848549127579,0.22973771393299103,1.0,0.0,0.0,0.0,0.0
14471000000,3546,0,,0,0.15589049458503723,-0.16050726175308228,-0.1743514984846115,1.0,0.0,0.0,0.0,0.0
14473000000,3547,0,,0,0.3289918005466461,-0.11213263124227524,0.21980716288089752,1.0,0.0,0.0,0.0,0.0
14475000000,3548,0,,0,-0.23796798288822174,-0.12186139076948166,0.0068217129446566105,1.0,0.0,0.0,0.0,0.0
14477000000,3549,0,,0,0.2718909978866577,-0.35802382230758667,0.38987624645233154,1.0,0.0,0.0,0.0,0.0
14479000000,3550,0,,0,-0.39767080545425415,-0.11439914256334305,-0.2241274118423462,1.0,0.0,0.0,0.0,0.0
14481000000,3551,0,,0,-0.03992779552936554,0.06086970493197441,0.17023983597755432,1.0,0.0,0.0,0.0,0.0
14483000000,3552,0,,0,-0.27329328656196594,-0.2957219183444977,0.32128965854644775,1.0,0.0,0.0,0.0,0.0
14485000000,3553,0,,0,-0.09484837204217911,0.19978100061416626,0.30081304907798767,1.0,0.0,0.0,0.0,0.0
14487000000,3554,0,,0,-0.009124751202762127,0.3417474925518036,0.007656028959900141,1.0,0.0,0.0,0.0,0.0
14489000000,3555,0,,0,-0.36465615034103394,0.10007353872060776,-0.28309187293052673,1.0,0.0,0.0,0.0,0.0
14491000000,3556,0,,0,-0.25675100088119507,0.025467216968536377,0.27265551686286926,1.0,0.0,0.0,0.0,0.0
14493000000,3557,0,,0,-0.20008881390094757,0.2975088357925415,-0.19417981803417206,1.0,0.0,0.0,0.0,0.0
14495000000,3558,0,,0,0.23620806634426117,-0.07899055629968643,0.11553438007831573,1.0,0.0,0.0,0.0,0.0
14497000000,3559,0,,0,0.0991426408290863,0.2793208658695221,-0.17775759100914001,1.0,0.0,0.0,0.0,0.0
14499000000,3560,0,,0,-0.3599521517753601,0.08232484757900238,0.27061164379119873,1.0,0.0,0.0,0.0,0.0
14501000000,3561,0,,0,-0.2651907205581665,0.1605512946844101,0.2954372763633728,1.0,0.0,0.0,0.0,0.0
14503000000,3562,0,,0,0.35582205653190613,-0.30165934562683105,-0.35766512155532837,1.0,0.0,0.0,0.0,0.0
14505000000,3563,0,,0,0.1720912605524063,-0.03861912712454796,-0.29124385118484497,1.0,0.0,0.0,0.0,0.0
14507000000,3564,0,,0,-0.38553571701049805,-0.3640199601650238,0.204416424036026,1.0,0.0,0.0,0.0,0.0
14509000000,3565,0,,0,0.10277369618415833,0.1800411492586136,0.27386248111724854,1.0,0.0,0.0,0.0,0.0
14511000000,3566,0,,0,0.19500279426574707,0.15408754348754883,-0.33599036931991577,1.0,0.0,0.0,0.0,0.0
14513000000,3567,0,,0,-0.2503519356250763,-0.05922555923461914,-0.06271959096193314,1.0,0.0,0.0,0.0,0.0
14515000000,3568,0,,0,-0.3661421537399292,-0.2429099977016449,0.13439679145812988,1.0,0.0,0.0,0.0,0.0
14517000000,3569,0,,0,-0.038355063647031784,-0.007389788515865803,-0.3573625087738037,1.0,0.0,0.0,0.0,0.0
14519000000,3570,0,,0,-0.35264289379119873,0.308992862701416,0.298964262008667,1.0,0.0,0.0,0.0,0.0
14521000000,3571,0,,0,0.23666982352733612,-0.21929235756397247,-0.06984984874725342,1.0,0.0,0.0,0.0,0.0
14523000000,3572,0,,0,0.27332964539527893,0.24375483393669128,-0.015700284391641617,1.0,0.0,0.0,0.0,0.0
14525000000,3573,0,,0,-0.05966154858469963,-0.19587400555610657,-0.3063313961029053,1.0,0.0,0.0,0.0,0.0
14527000000,3574,0,,0,-0.25602811574935913,0.2732542157173157,0.0839248076081276,1.0,0.0,0.0,0.0,0.0
14529000000,3575,0,,0,0.26441052556037903,0.2500400245189667,0.34882473945617676,1.0,0.0,0.0,0.0,0.0
14531000000,3576,0,,0,0.3425444960594177,0.2614109218120575,-0.1513194441795349,1.0,0.0,0.0,0.0,0.0
14533000000,3577,0,,0,0.16806119680404663,0.39873772859573364,-0.21039147675037384,1.0,0.0,0.0,0.0,0.0
14535000000,3578,0,,0,-0.14125917851924896,-0.28212082386016846,-0.222395122051239,1.0,0.0,0.0,0.0,0.0
14537000000,3579,0,,0,0.36964958906173706,-0.1667427271604538,-0.15861432254314423,1.0,0.0,0.0,0.0,0.0
14539000000,3580,0,,0,0.07685452699661255,0.18219131231307983,0.3888026773929596,1.0,0.0,0.0,0.0,0.0
14541000000,3581,0,,0,-0.20056059956550598,0.06075294688344002,-0.14474089443683624,1.0,0.0,0.0,0.0,0.0
14543000000,3582,0,,0,0.07638321071863174,-0.08030330389738083,-0.08988489210605621,1.0,0.0,0.0,0.0,0.0
14545000000,3583,0,,0,-0.24420066177845,0.3099120557308197,-0.34471750259399414,1.0,0.0,0.0,0.0,0.0
14547000000,3584,0,,0,0.21315957605838776,-0.20936349034309387,0.15817531943321228,1.0,0.0,0.0,0.0,0.0
14549000000,3585,0,,0,0.1798415631055832,-0.3577173948287964,0.26643669605255127,1.0,0.0,0.0,0.0,0.0
14551000000,3586,0,,0,-0.23672626912593842,-0.30051782727241516,0.25246483087539673,1.0,0.0,0.0,0.0,0.0
14553000000,3587,0,,0,-0.07397100329399109,0.08812626451253891,-0.0680241510272026,1.0,0.0,0.0,0.0,0.0
14555000000,3588,0,,0,0.11478347331285477,-0.12621650099754333,0.39903849363327026,1.0,0.0,0.0,0.0,0.0
14557000000,3589,0,,0,-0.19673888385295868,0.30084389448165894,0.20046593248844147,1.0,0.0,0.0,0.0,0.0
14559000000,3590,0,,0,0.1492587774991989,0.2108325958251953,-0.012839480303227901,1.0,0.0,0.0,0.0,0.0
14561000000,3591,0,,0,0.12488145381212234,0.26731130480766296,0.09697464853525162,1.0,0.0,0.0,0.0,0.0
14563000000,3592,0,,0,0.33240798115730286,-0.26441261172294617,0.23990169167518616,1.0,0.0,0.0,0.0,0.0
14565000000,3593,0,,0,0.11756432801485062,-0.06654360145330429,0.25019869208335876,1.0,0.0,0.0,0.0,0.0
14567000000,3594,0,,0,0.32692739367485046,-0.12075551599264145,-0.387947678565979,1.0,0.0,0.0,0.0,0.0
14569000000,3595,0,,0,0.22447872161865234,-0.2331756055355072,0.039755307137966156,1.0,0.0,0.0,0.0,0.0
14571000000,3596,0,,0,-0.05079180747270584,0.1903230845928192,0.3765561878681183,1.0,0.0,0.0,0.0,0.0
14573000000,3597,0,,0,0.1974082589149475,0.04030216857790947,-0.1562640368938446,1.0,0.0,0.0,0.0,0.0
14575000000,3598,0,,0,0.1829250603914261,0.1508840024471283,0.08122666925191879,1.0,0.0,0.0,0.0,0.0
14577000000,3599,0,,0,-0.3728524446487427,-0.17200353741645813,-0.27729442715644836,1.0,0.0,0.0,0.0,0.0
14579000000,3600,0,,0,0.08422207087278366,0.06895845383405685,0.3402945101261139,1.0,0.0,0.0,0.0,0.0
14581000000,3601,0,,0,0.06833154708147049,-0.3280531167984009,-0.1763622760772705,1.0,0.0,0.0,0.0,0.0
14583000000,3602,0,,0,-0.21191997826099396,-0.2570217251777649,0.09794675558805466,1.0,0.0,0.0,0.0,0.0
14585000000,3603,0,,0,-0.2737146317958832,0.19575390219688416,-0.024312326684594154,1.0,0.0,0.0,0.0,0.0
14587000000,3604,0,,0,-0.31794896721839905,0.15275895595550537,-0.24506114423274994,1.0,0.0,0.0,0.0,0.0
14589000000,3605,0,,0,-0.12477356195449829,-0.006791997700929642,-0.0767279714345932,1.0,0.0,0.0,0.0,0.0
14591000000,3606,0,,0,-0.25526201725006104,-0.2534203827381134,0.06212424486875534,1.0,0.0,0.0,0.0,0.0
14593000000,3607,0,,0,0.17506349086761475,-0.19587813317775726,-0.09804696589708328,1.0,0.0,0.0,0.0,0.0
14595000000,3608,0,,0,-0.22265441715717316,-0.36229407787323,0.27146396040916443,1.0,0.0,0.0,0.0,0.0
14597000000,3609,0,,0,-0.07458009570837021,-0.3333492875099182,0.22631008923053741,1.0,0.0,0.0,0.0,0.0
14599000000,3610,0,,0,-0.09461924433708191,-0.2575055956840515,-0.10989028960466385,1.0,0.0,0.0,0.0,0.0
14601000000,3611,0,,0,0.30818986892700195,0.1561814844608307,0.3152235150337219,1.0,0.0,0.0,0.0,0.0
14603000000,3612,0,,0,0.2292557954788208,0.33963748812675476,-0.36919721961021423,1.0,0.0,0.0,0.0,0.0
14605000000,3613,0,,0,0.0991203561425209,-0.30334824323654175,-0.3290907144546509,1.0,0.0,0.0,0.0,0.0
14607000000,3614,0,,0,-0.15846361219882965,-0.03611915558576584,0.2744101583957672,1.0,0.0,0.0,0.0,0.0
14609000000,3615,0,,0,-0.27238720655441284,-0.26547670364379883,0.012145762331783772,1.0,0.0,0.0,0.0,0.0
14612000000,3616,0,,0,-0.22444841265678406,-0.20300540328025818,0.27325117588043213,1.0,0.0,0.0,0.0,0.0
14613000000,3617,0,,0,-0.23215103149414062,-0.032489337027072906,-0.0527956448495388,1.0,0.0,0.0,0.0,0.0
14615000000,3618,0,,0,-0.3245384693145752,0.33392682671546936,0.118666872382164,1.0,0.0,0.0,0.0,0.0
14617000000,3619,0,,0,0.15895964205265045,-0.22972425818443298,-0.07826799154281616,1.0,0.0,0.0,0.0,0.0
14619000000,3620,0,,0,0.02745114453136921,0.2319474220275879,0.27724602818489075,1.0,0.0,0.0,0.0,0.0
14621000000,3621,0,,0,0.2837742567062378,0.16070084273815155,0.3724536895751953,1.0,0.0,0.0,0.0,0.0
14623000000,3622,0,,0,0.05033241957426071,0.006727279629558325,0.17571595311164856,1.0,0.0,0.0,0.0,0.0
14626000000,3623,0,,0,-0.08560070395469666,0.05226898193359375,-0.39455533027648926,1.0,0.0,0.0,0.0,0.0
14628000000,3624,0,,0,-0.1742868423461914,0.13062015175819397,-0.35083937644958496,1.0,0.0,0.0,0.0,0.0
14629000000,3625,0,,0,-0.0063386764377355576,0.3253291845321655,0.3079827129840851,1.0,0.0,0.0,0.0,0.0
14631000000,3626,0,,0,0.25070977210998535,-0.007003928534686565,-0.10753337293863297,1.0,0.0,0.0,0.0,0.0
14633000000,3627,0,,0,-0.13901954889297485,0.004349138122051954,-0.39312049746513367,1.0,0.0,0.0,0.0,0.0
14636000000,3628,0,,0,0.3509632349014282,-0.266040176153183,-0.010864806361496449,1.0,0.0,0.0,0.0,0.0
14637000000,3629,0,,0,-0.14562849700450897,0.14530915021896362,-0.0215517096221447,1.0,0.0,0.0,0.0,0.0
14639000000,3630,0,,0,-0.02525094710290432,-0.1399882286787033,-0.033730193972587585,1.0,0.0,0.0,0.0,0.0
14641000000,3631,0,,0,0.24953162670135498,-0.24808984994888306,-0.37969452142715454,1.0,0.0,0.0,0.0,0.0
14644000000,3632,0,,0,-0.22561758756637573,-0.12981706857681274,-0.2997329831123352,1.0,0.0,0.0,0.0,0.0
14646000000,3633,0,,0,0.012060048058629036,-0.07349754869937897,0.38992828130722046,1.0,0.0,0.0,0.0,0.0
14648000000,3634,0,,0,0.17894066870212555,-0.33344563841819763,0.1598823219537735,1.0,0.0,0.0,0.0,0.0
14649000000,3635,0,,0,-0.029019635170698166,-0.12694589793682098,0.10064933449029922,1.0,0.0,0.0,0.0,0.0
14652000000,3636,0,,0,-0.05509546026587486,-0.20797811448574066,0.18972593545913696,1.0,0.0,0.0,0.0,0.0
14653000000,3637,0,,0,-0.05029430612921715,-0.08921779692173004,0.21479880809783936,1.0,0.0,0.0,0.0,0.0
14655000000,3638,0,,0,0.3067519962787628,0.22643601894378662,0.13742679357528687,1.0,0.0,0.0,0.0,0.0
14657000000,3639,0,,0,-0.3587837815284729,-0.2762121856212616,-0.2560306787490845,1.0,0.0,0.0,0.0,0.0
14659000000,3640,0,,0,-0.054026298224925995,0.2336360663175583,-0.3759019374847412,1.0,0.0,0.0,0.0,0.0
14661000000,3641,0,,0,-0.1432514786720276,0.18325765430927277,0.3850511312484741,1.0,0.0,0.0,0.0,0.0
14663000000,3642,0,,0,0.31426161527633667,0.345207154750824,-0.13906607031822205,1.0,0.0,0.0,0.0,0.0
14665000000,3643,0,,0,0.23225629329681396,0.2631571590900421,-0.17516671121120453,1.0,0.0,0.0,0.0,0.0
14667000000,3644,0,,0,-0.312736839056015,-0.17707212269306183,0.040814533829689026,1.0,0.0,0.0,0.0,0.0
14669000000,3645,0,,0,0.10720408707857132,-0.216537743806839,0.005598034244030714,1.0,0.0,0.0,0.0,0.0
14671000000,3646,0,,0,0.2797231376171112,0.14481155574321747,-0.0074568623676896095,1.0,0.0,0.0,0.0,0.0
14673000000,3647,0,,0,0.0012081052409484982,0.15948578715324402,0.23580043017864227,1.0,0.0,0.0,0.0,0.0
14675000000,3648,0,,0,0.05713748559355736,-0.16575418412685394,0.2858997583389282,1.0,0.0,0.0,0.0,0.0
14677000000,3649,0,,0,-0.2216254621744156,-0.06933906674385071,-0.320538192987442,1.0,0.0,0.0,0.0,0.0
14679000000,3650,0,,0,0.3122209906578064,-0.19467592239379883,-0.09067846089601517,1.0,0.0,0.0,0.0,0.0
14681000000,3651,0,,0,0.2498490959405899,-0.018368616700172424,-0.19361808896064758,1.0,0.0,0.0,0.0,0.0
14683000000,3652,0,,0,-0.2674658000469208,-0.2445569932460785,-0.32243821024894714,1.0,0.0,0.0,0.0,0.0
14685000000,3653,0,,0,0.1889096200466156,-0.19410820305347443,-0.1435074806213379,1.0,0.0,0.0,0.0,0.0
14687000000,3654,0,,0,-0.12291154265403748,-0.3104729652404785,-0.042235419154167175,1.0,0.0,0.0,0.0,0.0
14689000000,3655,0,,0,-0.1078425869345665,-0.23580431938171387,-0.24391387403011322,1.0,0.0,0.0,0.0,0.0
14691000000,3656,0,,0,0.3749180734157562,-0.10570555180311203,-0.04013404995203018,1.0,0.0,0.0,0.0,0.0
14693000000,3657,0,,0,-0.2302337884902954,-0.3419788181781769,0.08038085699081421,1.0,0.0,0.0,0.0,0.0
14695000000,3658,0,,0,-0.11314519494771957,0.15781235694885254,-0.23103350400924683,1.0,0.0,0.0,0.0,0.0
14697000000,3659,0,,0,0.30127519369125366,-0.23973681032657623,0.03672627732157707,1.0,0.0,0.0,0.0,0.0
14699000000,3660,0,,0,0.28521403670310974,-0.33271655440330505,-0.040110111236572266,1.0,0.0,0.0,0.0,0.0
14701000000,3661,0,,0,0.360262006521225,0.37104013562202454,-0.12946633994579315,1.0,0.0,0.0,0.0,0.0
14703000000,3662,0,,0,-0.09705989062786102,-0.38107940554618835,0.35817524790763855,1.0,0.0,0.0,0.0,0.0
14705000000,3663,0,,0,-0.10649830847978592,-0.2502410411834717,0.21962688863277435,1.0,0.0,0.0,0.0,0.0
14707000000,3664,0,,0,-0.1558130830526352,0.06516432017087936,0.1419026404619217,1.0,0.0,0.0,0.0,0.0
14709000000,3665,0,,0,0.076143279671669,0.3302208483219147,-0.012349240481853485,1.0,0.0,0.0,0.0,0.0
14711000000,3666,0,,0,-0.17042265832424164,0.36424291133880615,-0.05234036222100258,1.0,0.0,0.0,0.0,0.0
14713000000,3667,0,,0,-0.14414085447788239,0.3989279866218567,0.3807864189147949,1.0,0.0,0.0,0.0,0.0
14715000000,3668,0,,0,0.09936751425266266,0.030034583061933517,-0.0916384607553482,1.0,0.0,0.0,0.0,0.0
14717000000,3669,0,,0,-0.23280730843544006,-0.2883237600326538,-0.282019704580307,1.0,0.0,0.0,0.0,0.0
14719000000,3670,0,,0,-0.2553182542324066,-0.25255003571510315,-0.3159496784210205,1.0,0.0,0.0,0.0,0.0
14721000000,3671,0,,0,-0.2995643615722656,0.10403119027614594,-0.06874027103185654,1.0,0.0,0.0,0.0,0.0
14723000000,3672,0,,0,-0.04349380359053612,-0.040570516139268875,0.2969740927219391,1.0,0.0,0.0,0.0,0.0
14725000000,3673,0,,0,0.17609591782093048,-0.10530565679073334,-0.2953329384326935,1.0,0.0,0.0,0.0,0.0
14727000000,3674,0,,0,-0.2940739393234253,-0.34729862213134766,0.3598536550998688,1.0,0.0,0.0,0.0,0.0
14729000000,3675,0,,0,-0.007469565607607365,0.22669631242752075,-0.375590056180954,1.0,0.0,0.0,0.0,0.0
14731000000,3676,0,,0,0.07186144590377808,-0.2360193133354187,-0.36993303894996643,1.0,0.0,0.0,0.0,0.0
14733000000,3677,0,,0,0.2547711730003357,0.3200274109840393,0.07419105619192123,1.0,0.0,0.0,0.0,0.0
14735000000,3678,0,,0,0.3161209225654602,-0.04226617142558098,-0.04080623388290405,1.0,0.0,0.0,0.0,0.0
14737000000,3679,0,,0,-0.32533979415893555,0.1694810837507248,-0.3059540092945099,1.0,0.0,0.0,0.0,0.0
14739000000,3680,0,,0,-0.19214172661304474,-0.3834548592567444,-0.3057189881801605,1.0,0.0,0.0,0.0,0.0
14741000000,3681,0,,0,0.05757617950439453,-0.30445757508277893,-0.27827078104019165,1.0,0.0,0.0,0.0,0.0
14743000000,3682,0,,0,0.06505805999040604,0.0050588021986186504,-0.27085912227630615,1.0,0.0,0.0,0.0,0.0
14745000000,3683,0,,0,0.20447103679180145,-0.2597680985927582,0.18384021520614624,1.0,0.0,0.0,0.0,0.0
14747000000,3684,0,,0,-0.3465081453323364,0.01813342049717903,-0.19291502237319946,1.0,0.0,0.0,0.0,0.0
14749000000,3685,0,,0,0.24278831481933594,-0.2578532099723816,-0.19955550134181976,1.0,0.0,0.0,0.0,0.0
14752000000,3686,0,,0,-0.2224392145872116,0.18135936558246613,0.15333200991153717,1.0,0.0,0.0,0.0,0.0
14754000000,3687,0,,0,-0.14734773337841034,-0.34780317544937134,-0.02321898564696312,1.0,0.0,0.0,0.0,0.0
14756000000,3688,0,,0,-0.07538208365440369,0.3266448676586151,0.3633522093296051,1.0,0.0,0.0,0.0,0.0
14757000000,3689,0,,0,-0.10637986660003662,0.3518436849117279,-0.16838888823986053,1.0,0.0,0.0,0.0,0.0
14759000000,3690,0,,0,0.00338348257355392,0.10879557579755783,-0.3472243547439575,1.0,0.0,0.0,0.0,0.0
14762000000,3691,0,,0,-0.34085139632225037,-0.3580891489982605,-0.37743687629699707,1.0,0.0,0.0,0.0,0.0
14764000000,3692,0,,0,0.08172772079706192,-0.2112206220626831,-0.2216460257768631,1.0,0.0,0.0,0.0,0.0
14765000000,3693,0,,0,0.2532634735107422,-0.18907703459262848,-0.3530827462673187,1.0,0.0,0.0,0.0,0.0
14768000000,3694,0,,0,0.008298047818243504,0.24291186034679413,-0.380948930978775,1.0,0.0,0.0,0.0,0.0
14769000000,3695,0,,0,-0.19842529296875,-0.21011033654212952,0.04037734493613243,1.0,0.0,0.0,0.0,0.0
14772000000,3696,0,,0,-0.12582194805145264,-0.13694263994693756,-0.1505635380744934,1.0,0.0,0.0,0.0,0.0
14773000000,3697,0,,0,0.36812880635261536,0.08332067728042603,-0.2633726894855499,1.0,0.0,0.0,0.0,0.0
14776000000,3698,0,,0,0.016833245754241943,0.3856130838394165,-0.2803901135921478,1.0,0.0,0.0,0.0,0.0
14778000000,3699,0,,0,0.14737817645072937,-0.1478324681520462,-0.38447117805480957,1.0,0.0,0.0,0.0,0.0
14780000000,3700,0,,0,0.17168453335762024,0.20237644016742706,-0.22521978616714478,1.0,0.0,0.0,0.0,0.0
14781000000,3701,0,,0,0.02470933459699154,0.14722688496112823,-0.37294867634773254,1.0,0.0,0.0,0.0,0.0
14784000000,3702,0,,0,-0.3573978543281555,0.35931891202926636,0.2300630509853363,1.0,0.0,0.0,0.0,0.0
14786000000,3703,0,,0,-0.19165943562984467,0.35568171739578247,0.0876060277223587,1.0,0.0,0.0,0.0,0.0
14788000000,3704,0,,0,-0.1303595006465912,0.10569752752780914,-0.2784833610057831,1.0,0.0,0.0,0.0,0.0
14790000000,3705,0,,0,0.13307440280914307,-0.24678930640220642,0.1441223919391632,1.0,0.0,0.0,0.0,0.0
14792000000,3706,0,,0,0.0825115218758583,-0.2279195338487625,-0.39353373646736145,1.0,0.0,0.0,0.0,0.0
14794000000,3707,0,,0,-0.1927744597196579,0.16593044996261597,-0.3278195858001709,1.0,0.0,0.0,0.0,0.0
14796000000,3708,0,,0,0.06588047742843628,0.07476985454559326,-0.23505425453186035,1.0,0.0,0.0,0.0,0.0
14798000000,3709,0,,0,-0.3145808279514313,0.3385114371776581,-0.31056609749794006,1.0,0.0,0.0,0.0,0.0
14799000000,3710,0,,0,0.31667056679725647,-0.38367316126823425,-0.2758442759513855,1.0,0.0,0.0,0.0,0.0
14802000000,3711,0,,0,-0.20692765712738037,-0.21991218626499176,-0.32949528098106384,1.0,0.0,0.0,0.0,0.0
14804000000,3712,0,,0,-0.11509333550930023,-0.37341880798339844,-0.2920890748500824,1.0,0.0,0.0,0.0,0.0
14806000000,3713,0,,0,-0.11260997503995895,-0.3750642240047455,0.3386806845664978,1.0,0.0,0.0,0.0,0.0
14808000000,3714,0,,0,0.20178236067295074,0.2047150731086731,-0.39763131737709045,1.0,0.0,0.0,0.0,0.0
14809000000,3715,0,,0,0.17601749300956726,0.20474927127361298,-0.32134249806404114,1.0,0.0,0.0,0.0,0.0
14812000000,3716,0,,0,-0.24834761023521423,-0.33378803730010986,-0.15898166596889496,1.0,0.0,0.0,0.0,0.0
14814000000,3717,0,,0,0.25069084763526917,0.02123744785785675,-0.37096548080444336,1.0,0.0,0.0,0.0,0.0
14816000000,3718,0,,0,-0.032213244587183,0.27631455659866333,0.15000396966934204,1.0,0.0,0.0,0.0,0.0
14818000000,3719,0,,0,-0.14827574789524078,-0.1707799881696701,0.030049171298742294,1.0,0.0,0.0,0.0,0.0
14820000000,3720,0,,0,-0.18021972477436066,-0.28469711542129517,-0.011992626823484898,1.0,0.0,0.0,0.0,0.0
14822000000,3721,0,,0,0.3684038519859314,-0.017918122932314873,-0.22433094680309296,1.0,0.0,0.0,0.0,0.0
14824000000,3722,0,,0,-0.16274580359458923,-0.08479799330234528,-0.2782790958881378,1.0,0.0,0.0,0.0,0.0
14826000000,3723,0,,0,-0.11238373816013336,0.29365968704223633,-0.09034501761198044,1.0,0.0,0.0,0.0,0.0
14827000000,3724,0,,0,0.30133381485939026,-0.36072924733161926,0.018539538607001305,1.0,0.0,0.0,0.0,0.0
14829000000,3725,0,,0,-0.28498005867004395,0.26017361879348755,-0.08850334584712982,1.0,0.0,0.0,0.0,0.0
14831000000,3726,0,,0,0.25811082124710083,-0.24317830801010132,-0.10203874856233597,1.0,0.0,0.0,0.0,0.0
14833000000,3727,0,,0,-0.25570347905158997,-0.20199133455753326,0.3152755796909332,1.0,0.0,0.0,0.0,0.0
14835000000,3728,0,,0,0.12559069693088531,-0.08269874006509781,-0.14107248187065125,1.0,0.0,0.0,0.0,0.0
14837000000,3729,0,,0,0.2404095083475113,-0.3900560140609741,0.3726203739643097,1.0,0.0,0.0,0.0,0.0
14839000000,3730,0,,0,0.060584913939237595,0.2590368986129761,-0.3210926651954651,1.0,0.0,0.0,0.0,0.0
14841000000,3731,0,,0,0.242762953042984,0.374036967754364,0.3067609369754791,1.0,0.0,0.0,0.0,0.0
14843000000,3732,0,,0,-0.20626288652420044,-0.3936673402786255,-0.1821739226579666,1.0,0.0,0.0,0.0,0.0
14845000000,3733,0,,0,0.328843355178833,-0.24963171780109406,0.19511783123016357,1.0,0.0,0.0,0.0,0.0
14847000000,3734,0,,0,0.2411559671163559,0.009558619931340218,-0.36062586307525635,1.0,0.0,0.0,0.0,0.0
14849000000,3735,0,,0,-0.13603198528289795,-0.2703533172607422,0.38539764285087585,1.0,0.0,0.0,0.0,0.0
14851000000,3736,0,,0,0.34084731340408325,-0.39500540494918823,0.3993260860443115,1.0,0.0,0.0,0.0,0.0
14853000000,3737,0,,0,-0.01196672860532999,0.3289709985256195,0.16340988874435425,1.0,0.0,0.0,0.0,0.0
14855000000,3738,0,,0,0.28198304772377014,0.30410221219062805,-0.2606864869594574,1.0,0.0,0.0,0.0,0.0
14857000000,3739,0,,0,0.027748826891183853,0.3291914165019989,0.2746902406215668,1.0,0.0,0.0,0.0,0.0
14859000000,3740,0,,0,0.26861658692359924,-0.1258140206336975,0.13857197761535645,1.0,0.0,0.0,0.0,0.0
14861000000,3741,0,,0,0.11497225612401962,0.06952929496765137,-0.2913033366203308,1.0,0.0,0.0,0.0,0.0
14863000000,3742,0,,0,0.05337432399392128,-0.06301239132881165,-0.006722328253090382,1.0,0.0,0.0,0.0,0.0
14865000000,3743,0,,0,0.14702662825584412,-0.05591965839266777,-0.047249868512153625,1.0,0.0,0.0,0.0,0.0
14867000000,3744,0,,0,0.1505710780620575,0.2071446180343628,-0.37844088673591614,1.0,0.0,0.0,0.0,0.0
14869000000,3745,0,,0,-0.3644450604915619,-0.3832981288433075,-0.3282182216644287,1.0,0.0,0.0,0.0,0.0
14871000000,3746,0,,0,-0.2997525930404663,-0.29900410771369934,-0.1932544708251953,1.0,0.0,0.0,0.0,0.0
14873000000,3747,0,,0,0.3306181728839874,-0.10022050142288208,-0.22537142038345337,1.0,0.0,0.0,0.0,0.0
14875000000,3748,0,,0,0.14289458096027374,0.12180791050195694,0.04077715054154396,1.0,0.0,0.0,0.0,0.0
14877000000,3749,0,,0,0.040344513952732086,0.14539450407028198,0.0581665076315403,1.0,0.0,0.0,0.0,0.0
14879000000,3750,0,,0,0.26988497376441956,-0.36697155237197876,0.27128177881240845,1.0,0.0,0.0,0.0,0.0
14881000000,3751,0,,0,0.29861772060394287,0.35687947273254395,0.19388942420482635,1.0,0.0,0.0,0.0,0.0
14883000000,3752,0,,0,-0.007079965900629759,0.11249753087759018,-0.3146502375602722,1.0,0.0,0.0,0.0,0.0
14885000000,3753,0,,0,0.288112998008728,-0.1750575453042984,-0.1617080569267273,1.0,0.0,0.0,0.0,0.0
14887000000,3754,0,,0,-0.3741137683391571,0.08096460998058319,0.11131322383880615,1.0,0.0,0.0,0.0,0.0
14889000000,3755,0,,0,0.32587766647338867,-0.17193898558616638,-0.23632903397083282,1.0,0.0,0.0,0.0,0.0
14891000000,3756,0,,0,-0.07649557292461395,0.0003303323173895478,-0.38007786870002747,1.0,0.0,0.0,0.0,0.0
14893000000,3757,0,,0,0.1529274433851242,0.08110795170068741,-0.22329698503017426,1.0,0.0,0.0,0.0,0.0
14895000000,3758,0,,0,-0.13879691064357758,0.042666640132665634,-0.3218536972999573,1.0,0.0,0.0,0.0,0.0
14897000000,3759,0,,0,-0.3482664227485657,-0.1829555779695511,-0.3300551474094391,1.0,0.0,0.0,0.0,0.0
14899000000,3760,0,,0,-0.384798526763916,-0.31901678442955017,0.03683989495038986,1.0,0.0,0.0,0.0,0.0
14901000000,3761,0,,0,0.12581586837768555,-0.34192079305648804,-0.39572495222091675,1.0,0.0,0.0,0.0,0.0
14903000000,3762,0,,0,-0.31016990542411804,-0.31551796197891235,0.37132418155670166,1.0,0.0,0.0,0.0,0.0
14905000000,3763,0,,0,-0.12312360852956772,-0.2769748270511627,-0.10810790956020355,1.0,0.0,0.0,0.0,0.0
14907000000,3764,0,,0,0.35462257266044617,-0.16688477993011475,-0.14706218242645264,1.0,0.0,0.0,0.0,0.0
14909000000,3765,0,,0,-0.027141766622662544,-0.05436219274997711,0.3301231861114502,1.0,0.0,0.0,0.0,0.0
14911000000,3766,0,,0,-0.14176055788993835,0.10074984282255173,0.038493599742650986,1.0,0.0,0.0,0.0,0.0
14913000000,3767,0,,0,0.13165684044361115,0.09040804952383041,-0.21042849123477936,1.0,0.0,0.0,0.0,0.0
14915000000,3768,0,,0,0.35934117436408997,0.33263060450553894,-0.21671366691589355,1.0,0.0,0.0,0.0,0.0
14917000000,3769,0,,0,-0.1230669766664505,-0.1104465201497078,0.19778385758399963,1.0,0.0,0.0,0.0,0.0
14919000000,3770,0,,0,0.07110028713941574,0.22580091655254364,0.057369526475667953,1.0,0.0,0.0,0.0,0.0
14921000000,3771,0,,0,0.12323769927024841,0.2642475664615631,0.37713849544525146,1.0,0.0,0.0,0.0,0.0
14923000000,3772,0,,0,-0.2501596510410309,0.33032605051994324,-0.3736512362957001,1.0,0.0,0.0,0.0,0.0
14925000000,3773,0,,0,-0.01305012870579958,0.13388079404830933,0.17581802606582642,1.0,0.0,0.0,0.0,0.0
14927000000,3774,0,,0,0.34160158038139343,-0.17965945601463318,-0.1448754370212555,1.0,0.0,0.0,0.0,0.0
14929000000,3775,0,,0,-0.07577449083328247,-0.31175750494003296,-0.31288883090019226,1.0,0.0,0.0,0.0,0.0
14931000000,3776,0,,0,0.20687061548233032,-0.14270280301570892,-0.23217278718948364,1.0,0.0,0.0,0.0,0.0
14933000000,3777,0,,0,-0.17247597873210907,0.048615895211696625,-0.12710389494895935,1.0,0.0,0.0,0.0,0.0
14936000000,3778,0,,0,0.1679902821779251,0.11067536473274231,-0.2917273938655853,1.0,0.0,0.0,0.0,0.0
14937000000,3779,0,,0,-0.06915690749883652,-0.34594547748565674,0.33900269865989685,1.0,0.0,0.0,0.0,0.0
14940000000,3780,0,,0,0.21864622831344604,0.3506827652454376,-0.18571269512176514,1.0,0.0,0.0,0.0,0.0
14941000000,3781,0,,0,0.03694378584623337,-0.3443455696105957,0.313065767288208,1.0,0.0,0.0,0.0,0.0
14944000000,3782,0,,0,0.3050693869590759,0.28204718232154846,0.34082549810409546,1.0,0.0,0.0,0.0,0.0
14945000000,3783,0,,0,-0.13640578091144562,0.10170918703079224,0.20133942365646362,1.0,0.0,0.0,0.0,0.0
14948000000,3784,0,,0,0.38035646080970764,-0.27429842948913574,0.27948927879333496,1.0,0.0,0.0,0.0,0.0
14950000000,3785,0,,0,0.3623409867286682,-0.04815002903342247,-0.39510488510131836,1.0,0.0,0.0,0.0,0.0
14951000000,3786,0,,0,0.2464647889137268,0.1621357947587967,0.18424010276794434,1.0,0.0,0.0,0.0,0.0
14954000000,3787,0,,0,-0.07697322964668274,0.24098917841911316,0.09784353524446487,1.0,0.0,0.0,0.0,0.0
14955000000,3788,0,,0,0.24570170044898987,0.10423030704259872,-0.11078576743602753,1.0,0.0,0.0,0.0,0.0
14957000000,3789,0,,0,0.038408540189266205,-0.3573645353317261,0.3670753240585327,1.0,0.0,0.0,0.0,0.0
14960000000,3790,0,,0,0.21519464254379272,-0.1585880070924759,-0.39222511649131775,1.0,0.0,0.0,0.0,0.0
14962000000,3791,0,,0,0.17299722135066986,-0.3057565689086914,-0.15798218548297882,1.0,0.0,0.0,0.0,0.0
14964000000,3792,0,,0,-0.13384491205215454,0.3200281262397766,-0.3272518515586853,1.0,0.0,0.0,0.0,0.0
14965000000,3793,0,,0,-0.05169864743947983,-0.2259485274553299,0.06485869735479355,1.0,0.0,0.0,0.0,0.0
14968000000,3794,0,,0,-0.3997359275817871,-0.07524079084396362,0.3111445903778076,1.0,0.0,0.0,0.0,0.0
14969000000,3795,0,,0,0.08467494696378708,0.3229849636554718,0.3644726574420929,1.0,0.0,0.0,0.0,0.0
14971000000,3796,0,,0,-0.1913929581642151,0.3474716544151306,0.17389468848705292,1.0,0.0,0.0,0.0,0.0
14973000000,3797,0,,0,-0.3417739272117615,-0.010695178993046284,-0.26532813906669617,1.0,0.0,0.0,0.0,0.0
14976000000,3798,0,,0,0.27053505182266235,0.28662845492362976,-0.26848939061164856,1.0,0.0,0.0,0.0,0.0
14977000000,3799,0,,0,0.2582035958766937,0.10467254370450974,-0.3174613118171692,1.0,0.0,0.0,0.0,0.0
14980000000,3800,0,,0,0.2275359034538269,-0.08389168232679367,-0.32824984192848206,1.0,0.0,0.0,0.0,0.0
14982000000,3801,0,,0,0.3251631259918213,-0.17679983377456665,-0.36571159958839417,1.0,0.0,0.0,0.0,0.0
14983000000,3802,0,,0,0.345172643661499,-0.3884958326816559,-0.29570919275283813,1.0,0.0,0.0,0.0,0.0
14985000000,3803,0,,0,-0.0128170819953084,0.08656362444162369,-0.14583344757556915,1.0,0.0,0.0,0.0,0.0
14987000000,3804,0,,0,0.02448311820626259,-0.3940812349319458,-0.1847524493932724,1.0,0.0,0.0,0.0,0.0
14989000000,3805,0,,0,-0.016904959455132484,0.33643344044685364,-0.35662537813186646,1.0,0.0,0.0,0.0,0.0
14991000000,3806,0,,0,0.1938430815935135,0.038766372948884964,-0.32898926734924316,1.0,0.0,0.0,0.0,0.0
14993000000,3807,0,,0,-0.1950240582227707,-0.3993905186653137,-0.30251795053482056,1.0,0.0,0.0,0.0,0.0
14996000000,3808,0,,0,-0.09447892010211945,0.3381178379058838,0.026466859504580498,1.0,0.0,0.0,0.0,0.0
14997000000,3809,0,,0,-0.29376113414764404,-0.37479060888290405,-0.01853705383837223,1.0,0.0,0.0,0.0,0.0
14999000000,3810,0,,0,0.3414364755153656,0.3310621380805969,0.2417314201593399,1.0,0.0,0.0,0.0,0.0
15002000000,3811,0,,0,-0.32024356722831726,0.2832443118095398,-0.15312637388706207,1.0,0.0,0.0,0.0,0.0
15003000000,3812,0,,0,0.38588035106658936,-0.2839384377002716,0.04431619495153427,1.0,0.0,0.0,0.0,0.0
15005000000,3813,0,,0,0.076906718313694,0.1064554750919342,0.15031282603740692,1.0,0.0,0.0,0.0,0.0
15007000000,3814,0,,0,-0.33658960461616516,0.2021172046661377,0.27229902148246765,1.0,0.0,0.0,0.0,0.0
15009000000,3815,0,,0,0.015005415305495262,0.25779038667678833,0.3787277042865753,1.0,0.0,0.0,0.0,0.0
15011000000,3816,0,,0,-0.2992680072784424,-0.30166032910346985,0.1241864264011383,1.0,0.0,0.0,0.0,0.0
15013000000,3817,0,,0,0.09742249548435211,-0.16460099816322327,0.08823305368423462,1.0,0.0,0.0,0.0,0.0
15016000000,3818,0,,0,-0.020628435537219048,0.25900721549987793,0.39209645986557007,1.0,0.0,0.0,0.0,0.0
15017000000,3819,0,,0,0.1344773769378662,0.30811336636543274,0.019286613911390305,1.0,0.0,0.0,0.0,0.0
15019000000,3820,0,,0,0.11193646490573883,-0.1505664438009262,-0.370961993932724,1.0,0.0,0.0,0.0,0.0
15021000000,3821,0,,0,0.0671471506357193,-0.12092021852731705,0.24423572421073914,1.0,0.0,0.0,0.0,0.0
15023000000,3822,0,,0,-0.2803517282009125,-0.38548916578292847,0.2853868901729584,1.0,0.0,0.0,0.0,0.0
15025000000,3823,0,,0,0.2804536819458008,-0.08034458756446838,-0.3158411383628845,1.0,0.0,0.0,0.0,0.0
15027000000,3824,0,,0,0.3056057393550873,0.19855670630931854,-0.2924483120441437,1.0,0.0,0.0,0.0,0.0
15029000000,3825,0,,0,0.31724119186401367,0.12843488156795502,0.027018669992685318,1.0,0.0,0.0,0.0,0.0
15032000000,3826,0,,0,-0.14343702793121338,0.11991510540246964,-0.0815875381231308,1.0,0.0,0.0,0.0,0.0
15033000000,3827,0,,0,0.13544532656669617,0.23619304597377777,-0.3617807626724243,1.0,0.0,0.0,0.0,0.0
15035000000,3828,0,,0,0.2003360092639923,-0.2899231016635895,-0.2598574757575989,1.0,0.0,0.0,0.0,0.0
15037000000,3829,0,,0,-0.1590464562177658,-0.05469163879752159,0.08325663954019547,1.0,0.0,0.0,0.0,0.0
15039000000,3830,0,,0,0.0003424265014473349,-0.3692430853843689,0.3704254627227783,1.0,0.0,0.0,0.0,0.0
15041000000,3831,0,,0,-0.029157500714063644,0.34610915184020996,-0.15485933423042297,1.0,0.0,0.0,0.0,0.0
15043000000,3832,0,,0,-0.18038113415241241,0.19677309691905975,-0.03557343780994415,1.0,0.0,0.0,0.0,0.0
15045000000,3833,0,,0,-0.23791728913784027,0.2369203120470047,0.3321886658668518,1.0,0.0,0.0,0.0,0.0
15047000000,3834,0,,0,0.3692210912704468,-0.28335148096084595,0.0835118219256401,1.0,0.0,0.0,0.0,0.0
15049000000,3835,0,,0,-0.1570095270872116,0.2539878189563751,-0.1271730661392212,1.0,0.0,0.0,0.0,0.0
15051000000,3836,0,,0,-0.10407379269599915,0.31486302614212036,-0.19821827113628387,1.0,0.0,0.0,0.0,0.0
15053000000,3837,0,,0,0.32079485058784485,-0.38670703768730164,-0.04533838853240013,1.0,0.0,0.0,0.0,0.0
15055000000,3838,0,,0,0.2845419943332672,-0.004740580450743437,-0.026433710008859634,1.0,0.0,0.0,0.0,0.0
15057000000,3839,0,,0,0.3324200510978699,0.27738624811172485,0.18974292278289795,1.0,0.0,0.0,0.0,0.0
15060000000,3840,0,,0,0.21654292941093445,-0.2433072030544281,0.05842674523591995,1.0,0.0,0.0,0.0,0.0
15061000000,3841,0,,0,0.05967407301068306,-0.12237672507762909,0.2891741693019867,1.0,0.0,0.0,0.0,0.0
15063000000,3842,0,,0,0.37988224625587463,-0.1267552524805069,0.17125503718852997,1.0,0.0,0.0,0.0,0.0
15065000000,3843,0,,0,-0.08755569159984589,-0.2540534734725952,-0.23189707100391388,1.0,0.0,0.0,0.0,0.0
15067000000,3844,0,,0,-0.12870267033576965,-0.12362540513277054,0.2667306661605835,1.0,0.0,0.0,0.0,0.0
15069000000,3845,0,,0,-0.13006067276000977,-0.1802261471748352,-0.3572520911693573,1.0,0.0,0.0,0.0,0.0
15071000000,3846,0,,0,-0.2069607526063919,-0.21175220608711243,0.10327669978141785,1.0,0.0,0.0,0.0,0.0
15073000000,3847,0,,0,0.1750890165567398,-0.3005433678627014,-0.11669331789016724,1.0,0.0,0.0,0.0,0.0
15075000000,3848,0,,0,-0.3874182105064392,0.16824154555797577,0.2020995318889618,1.0,0.0,0.0,0.0,0.0
15077000000,3849,0,,0,-0.05768550559878349,0.16771605610847473,-0.26558879017829895,1.0,0.0,0.0,0.0,0.0
15079000000,3850,0,,0,-0.2631767690181732,-0.3114199936389923,-0.2625148594379425,1.0,0.0,0.0,0.0,0.0
15081000000,3851,0,,0,0.09903348982334137,0.16862207651138306,0.03219214081764221,1.0,0.0,0.0,0.0,0.0
15083000000,3852,0,,0,-0.011165345087647438,-0.11561509221792221,-0.37110522389411926,1.0,0.0,0.0,0.0,0.0
15085000000,3853,0,,0,-0.3156440854072571,0.2635466754436493,0.31297826766967773,1.0,0.0,0.0,0.0,0.0
15087000000,3854,0,,0,-0.06349677592515945,0.19862180948257446,0.2734740078449249,1.0,0.0,0.0,0.0,0.0
15089000000,3855,0,,0,0.37225067615509033,0.25200435519218445,-0.14221571385860443,1.0,0.0,0.0,0.0,0.0
15091000000,3856,0,,0,-0.3249899744987488,-0.0060787564143538475,-0.3729153573513031,1.0,0.0,0.0,0.0,0.0
15093000000,3857,0,,0,0.0895349383354187,0.22965987026691437,0.20282426476478577,1.0,0.0,0.0,0.0,0.0
15095000000,3858,0,,0,0.39415013790130615,0.18598750233650208,-0.20022201538085938,1.0,0.0,0.0,0.0,0.0
15097000000,3859,0,,0,-0.3461531400680542,0.02577347867190838,-0.11209124326705933,1.0,0.0,0.0,0.0,0.0
15099000000,3860,0,,0,0.08797885477542877,-0.3806539475917816,-0.2058914601802826,1.0,0.0,0.0,0.0,0.0
15101000000,3861,0,,0,0.16053909063339233,-0.032831091433763504,-0.1424095779657364,1.0,0.0,0.0,0.0,0.0
15103000000,3862,0,,0,0.16958004236221313,0.0317985825240612,-0.22583983838558197,1.0,0.0,0.0,0.0,0.0
15106000000,3863,0,,0,-0.2828206717967987,0.3259849548339844,0.3418692648410797,1.0,0.0,0.0,0.0,0.0
15108000000,3864,0,,0,0.37621408700942993,0.3464663028717041,0.13304080069065094,1.0,0.0,0.0,0.0,0.0
15110000000,3865,0,,0,-0.13047020137310028,-0.1123582050204277,0.06120287999510765,1.0,0.0,0.0,0.0,0.0
15112000000,3866,0,,0,0.1246238425374031,-0.015334051102399826,-0.36682963371276855,1.0,0.0,0.0,0.0,0.0
15114000000,3867,0,,0,-0.3487694561481476,0.026099078357219696,-0.23504018783569336,1.0,0.0,0.0,0.0,0.0
15116000000,3868,0,,0,-0.060999322682619095,-0.3194139003753662,-0.18603849411010742,1.0,0.0,0.0,0.0,0.0
15118000000,3869,0,,0,-0.15782475471496582,-0.23979437351226807,0.08513133972883224,1.0,0.0,0.0,0.0,0.0
15120000000,3870,0,,0,0.16960509121418,0.29412025213241577,-0.17689071595668793,1.0,0.0,0.0,0.0,0.0
15122000000,3871,0,,0,0.08187469094991684,-0.2105521410703659,-0.14712528884410858,1.0,0.0,0.0,0.0,0.0
15124000000,3872,0,,0,0.07123622298240662,0.12815597653388977,0.1374446451663971,1.0,0.0,0.0,0.0,0.0
15126000000,3873,0,,0,-0.22936780750751495,-0.38100743293762207,-0.3214215636253357,1.0,0.0,0.0,0.0,0.0
15128000000,3874,0,,0,-0.036381796002388,0.03571674972772598,0.39096349477767944,1.0,0.0,0.0,0.0,0.0
15130000000,3875,0,,0,-0.24084286391735077,0.39402955770492554,-0.057369813323020935,1.0,0.0,0.0,0.0,0.0
15132000000,3876,0,,0,-0.08861341327428818,0.020353330299258232,-0.37466132640838623,1.0,0.0,0.0,0.0,0.0
15134000000,3877,0,,0,-0.10574772953987122,0.38286063075065613,0.03521810099482536,1.0,0.0,0.0,0.0,0.0
15136000000,3878,0,,0,-0.23792780935764313,0.0031066457740962505,-0.10508746653795242,1.0,0.0,0.0,0.0,0.0
15138000000,3879,0,,0,0.29775723814964294,0.05827084928750992,0.04323213919997215,1.0,0.0,0.0,0.0,0.0
15140000000,3880,0,,0,0.1915062814950943,-0.030855536460876465,0.09900195896625519,1.0,0.0,0.0,0.0,0.0
15142000000,3881,0,,0,-0.15883056819438934,-0.30438005924224854,0.06303441524505615,1.0,0.0,0.0,0.0,0.0
15144000000,3882,0,,0,0.34509196877479553,-0.2764313220977783,0.18227621912956238,1.0,0.0,0.0,0.0,0.0
15146000000,3883,0,,0,0.33795368671417236,0.059078399091959,0.3636906147003174,1.0,0.0,0.0,0.0,0.0
15148000000,3884,0,,0,0.1973247528076172,-0.3820243775844574,0.3775128126144409,1.0,0.0,0.0,0.0,0.0
15150000000,3885,0,,0,0.10350548475980759,0.14753645658493042,0.14481213688850403,1.0,0.0,0.0,0.0,0.0
15151000000,3886,0,,0,-0.12482286989688873,0.3566189110279083,0.31395959854125977,1.0,0.0,0.0,0.0,0.0
15154000000,3887,0,,0,0.38782042264938354,-0.32038360834121704,-0.38041988015174866,1.0,0.0,0.0,0.0,0.0
15155000000,3888,0,,0,0.3653922379016876,-0.283231258392334,0.2257247418165207,1.0,0.0,0.0,0.0,0.0
15157000000,3889,0,,0,-0.2806425094604492,-0.062243565917015076,-0.33508071303367615,1.0,0.0,0.0,0.0,0.0
15159000000,3890,0,,0,-0.38152021169662476,-0.20490027964115143,0.2760462462902069,1.0,0.0,0.0,0.0,0.0
15161000000,3891,0,,0,0.38108861446380615,-0.37290650606155396,0.2375684529542923,1.0,0.0,0.0,0.0,0.0
15163000000,3892,0,,0,-0.29283156991004944,0.015152065083384514,-0.3718634247779846,1.0,0.0,0.0,0.0,0.0
15165000000,3893,0,,0,0.23100455105304718,0.3359161913394928,-0.12988394498825073,1.0,0.0,0.0,0.0,0.0
15167000000,3894,0,,0,0.02222493104636669,-0.030208013951778412,-0.015520187094807625,1.0,0.0,0.0,0.0,0.0
15169000000,3895,0,,0,-0.12870024144649506,0.060794685035943985,-0.3039603531360626,1.0,0.0,0.0,0.0,0.0
15171000000,3896,0,,0,0.21393440663814545,0.3200443387031555,0.038432564586400986,1.0,0.0,0.0,0.0,0.0
15174000000,3897,0,,0,-0.002518745604902506,-0.3398941159248352,0.22560952603816986,1.0,0.0,0.0,0.0,0.0
15175000000,3898,0,,0,-0.3112933039665222,0.17463263869285583,-0.3424348533153534,1.0,0.0,0.0,0.0,0.0
15178000000,3899,0,,0,-0.2933486998081207,0.1617032140493393,-0.09325127303600311,1.0,0.0,0.0,0.0,0.0
15179000000,3900,0,,0,-0.022009169682860374,-0.1244993731379509,0.039341993629932404,1.0,0.0,0.0,0.0,0.0
15181000000,3901,0,,0,-0.31457361578941345,-0.06947064399719238,-0.27496257424354553,1.0,0.0,0.0,0.0,0.0
15183000000,3902,0,,0,-0.20491260290145874,-0.041009917855262756,0.39092808961868286,1.0,0.0,0.0,0.0,0.0
15185000000,3903,0,,0,-0.15416061878204346,0.27467501163482666,-0.08961483836174011,1.0,0.0,0.0,0.0,0.0
15187000000,3904,0,,0,0.08281737565994263,-0.06648142635822296,-0.2662815451622009,1.0,0.0,0.0,0.0,0.0
15189000000,3905,0,,0,-0.2653252184391022,-0.2873842418193817,0.004142875783145428,1.0,0.0,0.0,0.0,0.0
15191000000,3906,0,,0,0.33836638927459717,-0.3985421657562256,-0.2988387942314148,1.0,0.0,0.0,0.0,0.0
15193000000,3907,0,,0,0.12022387236356735,0.13746485114097595,-0.24968604743480682,1.0,0.0,0.0,0.0,0.0
15195000000,3908,0,,0,-0.27006015181541443,0.08695493638515472,-0.1736629605293274,1.0,0.0,0.0,0.0,0.0
15197000000,3909,0,,0,0.37404677271842957,0.07330893725156784,-0.087803915143013,1.0,0.0,0.0,0.0,0.0
15199000000,3910,0,,0,-0.2740110456943512,-0.34060606360435486,0.2961471974849701,1.0,0.0,0.0,0.0,0.0
15201000000,3911,0,,0,0.028143277391791344,0.33934587240219116,0.31307101249694824,1.0,0.0,0.0,0.0,0.0
15203000000,3912,0,,0,0.0996515303850174,0.009889376349747181,-0.11778398603200912,1.0,0.0,0.0,0.0,0.0
15205000000,3913,0,,0,0.10529621690511703,-0.36057981848716736,-0.3206786811351776,1.0,0.0,0.0,0.0,0.0
15208000000,3914,0,,0,0.06426582485437393,-0.022705450654029846,0.1909055858850479,1.0,0.0,0.0,0.0,0.0
15209000000,3915,0,,0,0.2168595790863037,-0.2527923583984375,0.31540852785110474,1.0,0.0,0.0,0.0,0.0
15211000000,3916,0,,0,0.3893490731716156,0.3936806917190552,-0.32441604137420654,1.0,0.0,0.0,0.0,0.0
15213000000,3917,0,,0,-0.08013586699962616,-0.14423997700214386,-0.29839250445365906,1.0,0.0,0.0,0.0,0.0
15215000000,3918,0,,0,0.0737619698047638,0.11468963325023651,-0.31771859526634216,1.0,0.0,0.0,0.0,0.0
15217000000,3919,0,,0,-0.1686696708202362,-0.12394370883703232,0.1989806890487671,1.0,0.0,0.0,0.0,0.0
15219000000,3920,0,,0,-0.10878043621778488,0.11073320358991623,-0.28199443221092224,1.0,0.0,0.0,0.0,0.0
15221000000,3921,0,,0,-0.021290229633450508,0.2401815503835678,-0.07442890107631683,1.0,0.0,0.0,0.0,0.0
15223000000,3922,0,,0,0.28851810097694397,0.06800509989261627,0.21920911967754364,1.0,0.0,0.0,0.0,0.0
15225000000,3923,0,,0,-0.04439518228173256,-0.17696741223335266,0.02858305722475052,1.0,0.0,0.0,0.0,0.0
15227000000,3924,0,,0,-0.37023136019706726,-0.16374100744724274,0.032952483743429184,1.0,0.0,0.0,0.0,0.0
15229000000,3925,0,,0,0.021242797374725342,-0.07179722934961319,0.10405788570642471,1.0,0.0,0.0,0.0,0.0
15231000000,3926,0,,0,-0.15954773128032684,0.25853514671325684,0.28574639558792114,1.0,0.0,0.0,0.0,0.0
15233000000,3927,0,,0,0.10534554719924927,0.3089091181755066,0.20296216011047363,1.0,0.0,0.0,0.0,0.0
15235000000,3928,0,,0,-0.32043856382369995,0.33881843090057373,-0.3274649381637573,1.0,0.0,0.0,0.0,0.0
15237000000,3929,0,,0,-0.03892505541443825,-0.12663283944129944,-0.22550156712532043,1.0,0.0,0.0,0.0,0.0
15239000000,3930,0,,0,-0.3761119544506073,-0.32093125581741333,0.08560745418071747,1.0,0.0,0.0,0.0,0.0
15241000000,3931,0,,0,0.2764904499053955,-0.34051159024238586,0.268130362033844,1.0,0.0,0.0,0.0,0.0
15243000000,3932,0,,0,-0.036843441426754,0.03172345459461212,-0.34362342953681946,1.0,0.0,0.0,0.0,0.0
15245000000,3933,0,,0,0.2806662917137146,-0.3321366012096405,-0.251535564661026,1.0,0.0,0.0,0.0,0.0
15247000000,3934,0,,0,0.1822870820760727,-0.2530190944671631,-0.3937493562698364,1.0,0.0,0.0,0.0,0.0
15249000000,3935,0,,0,-0.16914059221744537,0.23825787007808685,-0.36016443371772766,1.0,0.0,0.0,0.0,0.0
15252000000,3936,0,,0,0.20913945138454437,0.3025345504283905,0.18322797119617462,1.0,0.0,0.0,0.0,0.0
15253000000,3937,0,,0,0.33792993426322937,-0.32752227783203125,0.13735873997211456,1.0,0.0,0.0,0.0,0.0
15256000000,3938,0,,0,0.36191919445991516,-0.36281833052635193,-0.15692004561424255,1.0,0.0,0.0,0.0,0.0
15258000000,3939,0,,0,0.08087119460105896,0.1904754936695099,0.33306393027305603,1.0,0.0,0.0,0.0,0.0
15259000000,3940,0,,0,-0.391399085521698,-0.09831174463033676,0.13856707513332367,1.0,0.0,0.0,0.0,0.0
15262000000,3941,0,,0,-0.349434494972229,0.3739100396633148,0.26660022139549255,1.0,0.0,0.0,0.0,0.0
15264000000,3942,0,,0,-0.09836623817682266,0.16345256567001343,-0.32837218046188354,1.0,0.0,0.0,0.0,0.0
15266000000,3943,0,,0,-0.3969024121761322,-0.1798008382320404,-0.3993661403656006,1.0,0.0,0.0,0.0,0.0
15267000000,3944,0,,0,0.010366124100983143,0.3839527666568756,0.2481037974357605,1.0,0.0,0.0,0.0,0.0
15269000000,3945,0,,0,0.19544656574726105,0.10811510682106018,-0.18273687362670898,1.0,0.0,0.0,0.0,0.0
15271000000,3946,0,,0,0.032898034900426865,-0.27745676040649414,-0.24631202220916748,1.0,0.0,0.0,0.0,0.0
15273000000,3947,0,,0,0.029049662873148918,0.15877054631710052,0.17398062348365784,1.0,0.0,0.0,0.0,0.0
15275000000,3948,0,,0,0.3127261698246002,-0.07777556031942368,-0.3300193250179291,1.0,0.0,0.0,0.0,0.0
15277000000,3949,0,,0,0.38645100593566895,-0.1967477947473526,-0.30578866600990295,1.0,0.0,0.0,0.0,0.0
15279000000,3950,0,,0,0.2192247360944748,-0.1045588031411171,-0.12090197950601578,1.0,0.0,0.0,0.0,0.0
15281000000,3951,0,,0,-0.1921989619731903,-0.13033342361450195,-0.08321543782949448,1.0,0.0,0.0,0.0,0.0
15283000000,3952,0,,0,-0.3242349624633789,0.2235233038663864,0.09615413844585419,1.0,0.0,0.0,0.0,0.0
15285000000,3953,0,,0,-0.2124718576669693,0.020163778215646744,-0.13662119209766388,1.0,0.0,0.0,0.0,0.0
15287000000,3954,0,,0,-0.21887357532978058,-0.12725681066513062,0.01693767122924328,1.0,0.0,0.0,0.0,0.0
15289000000,3955,0,,0,-0.32953348755836487,-0.019371619448065758,-0.26229870319366455,1.0,0.0,0.0,0.0,0.0
15291000000,3956,0,,0,0.11239331215620041,0.30297160148620605,-0.003747360548004508,1.0,0.0,0.0,0.0,0.0
15294000000,3957,0,,0,-0.050338663160800934,-0.0634191706776619,-0.17895540595054626,1.0,0.0,0.0,0.0,0.0
15295000000,3958,0,,0,0.3507896363735199,0.2929111421108246,-0.3062053322792053,1.0,0.0,0.0,0.0,0.0
15298000000,3959,0,,0,-0.3009805381298065,0.3159000873565674,0.2211865335702896,1.0,0.0,0.0,0.0,0.0
15299000000,3960,0,,0,-0.3654332458972931,-0.3480915129184723,0.08101805299520493,1.0,0.0,0.0,0.0,0.0
15301000000,3961,0,,0,-0.3401366174221039,0.047551073133945465,0.014795209281146526,1.0,0.0,0.0,0.0,0.0
15304000000,3962,0,,0,0.3352981209754944,0.21368062496185303,-0.1869024783372879,1.0,0.0,0.0,0.0,0.0
15305000000,3963,0,,0,-0.11329323053359985,0.2442762702703476,-0.10811632871627808,1.0,0.0,0.0,0.0,0.0
15308000000,3964,0,,0,-0.3974224030971527,-0.02731640636920929,0.15599127113819122,1.0,0.0,0.0,0.0,0.0
15310000000,3965,0,,0,-0.3009271025657654,-0.3724883794784546,-0.010627691633999348,1.0,0.0,0.0,0.0,0.0
15311000000,3966,0,,0,0.00699967984110117,-0.07724077999591827,-0.2475380003452301,1.0,0.0,0.0,0.0,0.0
15313000000,3967,0,,0,-0.030085017904639244,0.34380361437797546,0.3532910645008087,1.0,0.0,0.0,0.0,0.0
15315000000,3968,0,,0,0.32501062750816345,-0.19151265919208527,-0.29098230600357056,1.0,0.0,0.0,0.0,0.0
15317000000,3969,0,,0,0.13242118060588837,-0.12115611135959625,0.023642441257834435,1.0,0.0,0.0,0.0,0.0
15319000000,3970,0,,0,0.3833191990852356,0.3459385633468628,-0.15385062992572784,1.0,0.0,0.0,0.0,0.0
15322000000,3971,0,,0,-0.10470584779977798,-0.05629906430840492,-0.055186927318573,1.0,0.0,0.0,0.0,0.0
15323000000,3972,0,,0,0.16925032436847687,-0.06037408113479614,-0.2801961302757263,1.0,0.0,0.0,0.0,0.0
15325000000,3973,0,,0,-0.061111725866794586,-0.10272923111915588,0.02176913619041443,1.0,0.0,0.0,0.0,0.0
15327000000,3974,0,,0,0.041915565729141235,0.21341928839683533,0.3186686336994171,1.0,0.0,0.0,0.0,0.0
15329000000,3975,0,,0,-0.07695890218019485,0.06633073091506958,-0.11357687413692474,1.0,0.0,0.0,0.0,0.0
15331000000,3976,0,,0,-0.26655563712120056,-0.18794575333595276,0.39555442333221436,1.0,0.0,0.0,0.0,0.0
15333000000,3977,0,,0,-0.22706717252731323,-0.039657119661569595,0.015043479390442371,1.0,0.0,0.0,0.0,0.0
15335000000,3978,0,,0,0.012157435528934002,-0.23271411657333374,0.1874808818101883,1.0,0.0,0.0,0.0,0.0
15337000000,3979,0,,0,0.15783575177192688,-0.1552581638097763,0.28227946162223816,1.0,0.0,0.0,0.0,0.0
15339000000,3980,0,,0,0.172476127743721,0.06349333375692368,-0.19621595740318298,1.0,0.0,0.0,0.0,0.0
15341000000,3981,0,,0,0.2678642272949219,-0.13896958529949188,-0.29758158326148987,1.0,0.0,0.0,0.0,0.0
15343000000,3982,0,,0,0.2069472223520279,0.3733912408351898,-0.3571503162384033,1.0,0.0,0.0,0.0,0.0
15345000000,3983,0,,0,0.08898519724607468,-0.30612513422966003,0.24321173131465912,1.0,0.0,0.0,0.0,0.0
15348000000,3984,0,,0,0.37240564823150635,0.0028397426940500736,-0.3034099042415619,1.0,0.0,0.0,0.0,0.0
15350000000,3985,0,,0,-0.21121929585933685,-0.07321522384881973,0.08339358866214752,1.0,0.0,0.0,0.0,0.0
15352000000,3986,0,,0,-0.010929343290627003,0.055139653384685516,-0.07756058126688004,1.0,0.0,0.0,0.0,0.0
15354000000,3987,0,,0,-0.31066155433654785,-0.02499185875058174,0.3919309675693512,1.0,0.0,0.0,0.0,0.0
15355000000,3988,0,,0,0.394645631313324,-0.22595922648906708,0.2140452116727829,1.0,0.0,0.0,0.0,0.0
15358000000,3989,0,,0,0.3646075427532196,-0.01569109968841076,-0.058320753276348114,1.0,0.0,0.0,0.0,0.0
15360000000,3990,0,,0,-0.16328200697898865,-0.1193384900689125,0.06615395843982697,1.0,0.0,0.0,0.0,0.0
15362000000,3991,0,,0,-0.16041848063468933,0.3484369218349457,-0.23246198892593384,1.0,0.0,0.0,0.0,0.0
15364000000,3992,0,,0,0.10530517250299454,0.3930341899394989,0.13547715544700623,1.0,0.0,0.0,0.0,0.0
15366000000,3993,0,,0,-0.009861495345830917,-0.26267170906066895,-0.12701211869716644,1.0,0.0,0.0,0.0,0.0
15367000000,3994,0,,0,0.2979927062988281,-0.11283744126558304,0.01498928852379322,1.0,0.0,0.0,0.0,0.0
15370000000,3995,0,,0,-0.3482547104358673,-0.3685869872570038,-0.23354065418243408,1.0,0.0,0.0,0.0,0.0
15371000000,3996,0,,0,-0.06823965907096863,-0.16213278472423553,0.22544002532958984,1.0,0.0,0.0,0.0,0.0
15374000000,3997,0,,0,0.10134075582027435,-0.2500867545604706,0.39513352513313293,1.0,0.0,0.0,0.0,0.0
15376000000,3998,0,,0,-0.09433811157941818,-0.11346061527729034,-0.3269585072994232,1.0,0.0,0.0,0.0,0.0
15378000000,3999,0,,0,-0.0033288663253188133,0.14860551059246063,0.10582980513572693,1.0,0.0,0.0,0.0,0.0
15380000000,4000,0,,0,-0.0713663250207901,0.25761735439300537,-0.27225983142852783,1.0,0.0,0.0,0.0,0.0
15382000000,4001,0,,0,0.15709388256072998,0.21073894202709198,0.31056636571884155,1.0,0.0,0.0,0.0,0.0
15384000000,4002,0,,0,0.35402679443359375,-0.18835647404193878,0.39157161116600037,1.0,0.0,0.0,0.0,0.0
15386000000,4003,0,,0,-0.2027921825647354,0.3657144606113434,-0.34881988167762756,1.0,0.0,0.0,0.0,0.0
15388000000,4004,0,,0,0.25401273369789124,-0.1385643631219864,-0.0447884127497673,1.0,0.0,0.0,0.0,0.0
15390000000,4005,0,,0,0.07684573531150818,0.34633883833885193,0.24096505343914032,1.0,0.0,0.0,0.0,0.0
15392000000,4006,0,,0,0.08338099718093872,0.34645557403564453,-0.13119541108608246,1.0,0.0,0.0,0.0,0.0
15393000000,4007,0,,0,-0.20183145999908447,-0.08593587577342987,-0.1375216543674469,1.0,0.0,0.0,0.0,0.0
15396000000,4008,0,,0,0.3463829457759857,0.10904908180236816,-0.03445081040263176,1.0,0.0,0.0,0.0,0.0
15398000000,4009,0,,0,0.1600753515958786,-0.3462696969509125,0.16350498795509338,1.0,0.0,0.0,0.0,0.0
15399000000,4010,0,,0,0.16741356253623962,0.18920406699180603,0.19163130223751068,1.0,0.0,0.0,0.0,0.0
15401000000,4011,0,,0,0.17922711372375488,-0.204436793923378,0.1540532410144806,1.0,0.0,0.0,0.0,0.0
15403000000,4012,0,,0,0.3347444236278534,0.023338234052062035,-0.29216834902763367,1.0,0.0,0.0,0.0,0.0
15405000000,4013,0,,0,0.13030467927455902,0.10754650086164474,-0.04127293825149536,1.0,0.0,0.0,0.0,0.0
15408000000,4014,0,,0,-0.1931050568819046,0.06322268396615982,0.20063798129558563,1.0,0.0,0.0,0.0,0.0
15409000000,4015,0,,0,-0.3276694118976593,-0.14881175756454468,0.39862972497940063,1.0,0.0,0.0,0.0,0.0
15411000000,4016,0,,0,0.35155656933784485,0.018107665702700615,-0.02327565662562847,1.0,0.0,0.0,0.0,0.0
15414000000,4017,0,,0,0.17771774530410767,-0.28062084317207336,0.09667523205280304,1.0,0.0,0.0,0.0,0.0
15416000000,4018,0,,0,-0.39820459485054016,0.012549498118460178,-0.20505988597869873,1.0,0.0,0.0,0.0,0.0
15418000000,4019,0,,0,0.14734923839569092,0.33650198578834534,-0.0640895664691925,1.0,0.0,0.0,0.0,0.0
15420000000,4020,0,,0,-0.15530183911323547,0.33016902208328247,0.19042865931987762,1.0,0.0,0.0,0.0,0.0
15422000000,4021,0,,0,0.3169329762458801,0.18562833964824677,-0.3206258714199066,1.0,0.0,0.0,0.0,0.0
15424000000,4022,0,,0,0.1263611763715744,0.19679959118366241,0.3022996485233307,1.0,0.0,0.0,0.0,0.0
15426000000,4023,0,,0,0.01649424619972706,0.27364081144332886,-0.04363380745053291,1.0,0.0,0.0,0.0,0.0
15428000000,4024,0,,0,-0.26777589321136475,0.2631671130657196,-0.33873167634010315,1.0,0.0,0.0,0.0,0.0
15430000000,4025,0,,0,-0.36886873841285706,-0.11516643315553665,-0.26557841897010803,1.0,0.0,0.0,0.0,0.0
15431000000,4026,0,,0,-0.2947207987308502,0.18397125601768494,0.13778682053089142,1.0,0.0,0.0,0.0,0.0
15434000000,4027,0,,0,-0.39219164848327637,0.3519342541694641,0.2546195685863495,1.0,0.0,0.0,0.0,0.0
15436000000,4028,0,,0,-0.35558053851127625,-0.23049131035804749,-0.05225219950079918,1.0,0.0,0.0,0.0,0.0
15438000000,4029,0,,0,-0.3693423569202423,0.13358649611473083,-0.052314870059490204,1.0,0.0,0.0,0.0,0.0
15440000000,4030,0,,0,-0.30370503664016724,-0.03944603353738785,0.09177309274673462,1.0,0.0,0.0,0.0,0.0
15441000000,4031,0,,0,-0.0416220985352993,-0.3334324061870575,-0.365009605884552,1.0,0.0,0.0,0.0,0.0
15443000000,4032,0,,0,-0.2661164402961731,-0.3787696063518524,0.13628414273262024,1.0,0.0,0.0,0.0,0.0
15445000000,4033,0,,0,0.047764282673597336,-0.11154516041278839,-0.34833139181137085,1.0,0.0,0.0,0.0,0.0
15447000000,4034,0,,0,-0.19112998247146606,-0.09395206719636917,0.3924759030342102,1.0,0.0,0.0,0.0,0.0
15449000000,4035,0,,0,-0.030159860849380493,-0.22535979747772217,-0.09978514164686203,1.0,0.0,0.0,0.0,0.0
15451000000,4036,0,,0,0.3459702730178833,-0.2168625146150589,0.10946738719940186,1.0,0.0,0.0,0.0,0.0
15453000000,4037,0,,0,-0.12258075177669525,-0.30333665013313293,0.22175638377666473,1.0,0.0,0.0,0.0,0.0
15455000000,4038,0,,0,-0.2068185657262802,0.2175970822572708,0.08757003396749496,1.0,0.0,0.0,0.0,0.0
15458000000,4039,0,,0,-0.20911259949207306,-0.01287858933210373,0.26273831725120544,1.0,0.0,0.0,0.0,0.0
15460000000,4040,0,,0,-0.17636066675186157,-0.27015620470046997,-0.02338898740708828,1.0,0.0,0.0,0.0,0.0
15462000000,4041,0,,0,0.06327874213457108,-0.17776775360107422,0.3893289268016815,1.0,0.0,0.0,0.0,0.0
15464000000,4042,0,,0,-0.04068513587117195,0.14865557849407196,-0.19892778992652893,1.0,0.0,0.0,0.0,0.0
15466000000,4043,0,,0,-0.0628756731748581,-0.23632121086120605,-0.2503056228160858,1.0,0.0,0.0,0.0,0.0
15468000000,4044,0,,0,-0.18118739128112793,0.19798831641674042,-0.3255164921283722,1.0,0.0,0.0,0.0,0.0
15470000000,4045,0,,0,0.15993909537792206,-0.23502691090106964,-0.05031357705593109,1.0,0.0,0.0,0.0,0.0
15472000000,4046,0,,0,0.18641909956932068,0.30667242407798767,0.23533287644386292,1.0,0.0,0.0,0.0,0.0
15474000000,4047,0,,0,-0.23037120699882507,0.11975415050983429,-0.13823404908180237,1.0,0.0,0.0,0.0,0.0
15476000000,4048,0,,0,0.1734595000743866,-0.29973408579826355,-0.3716062009334564,1.0,0.0,0.0,0.0,0.0
15477000000,4049,0,,0,-0.09549194574356079,0.17406384646892548,0.2475556880235672,1.0,0.0,0.0,0.0,0.0
15479000000,4050,0,,0,0.2161717414855957,-0.16221041977405548,-0.22655807435512543,1.0,0.0,0.0,0.0,0.0
15481000000,4051,0,,0,0.2827630043029785,-0.12598663568496704,0.2191692441701889,1.0,0.0,0.0,0.0,0.0
15483000000,4052,0,,0,-0.2939382493495941,0.1645439714193344,-0.26557105779647827,1.0,0.0,0.0,0.0,0.0
15486000000,4053,0,,0,0.10825320333242416,-0.0938928946852684,0.03720474988222122,1.0,0.0,0.0,0.0,0.0
15487000000,4054,0,,0,-0.3702353835105896,0.021334215998649597,-0.13711397349834442,1.0,0.0,0.0,0.0,0.0
15489000000,4055,0,,0,-0.266841322183609,0.1272680014371872,-0.09074828773736954,1.0,0.0,0.0,0.0,0.0
15492000000,4056,0,,0,-0.20565855503082275,-0.2442011684179306,0.08306747674942017,1.0,0.0,0.0,0.0,0.0
15493000000,4057,0,,0,0.2736479938030243,-0.09149851649999619,-0.3111323118209839,1.0,0.0,0.0,0.0,0.0
15495000000,4058,0,,0,0.10424729436635971,0.13839291036128998,-0.3606456518173218,1.0,0.0,0.0,0.0,0.0
15498000000,4059,0,,0,-0.12077323347330093,0.15079595148563385,0.17255809903144836,1.0,0.0,0.0,0.0,0.0
15500000000,4060,0,,0,-0.327564537525177,-0.06543055921792984,0.06662295758724213,1.0,0.0,0.0,0.0,0.0
15502000000,4061,0,,0,0.11381125450134277,0.3719923198223114,0.0013100133510306478,1.0,0.0,0.0,0.0,0.0
15504000000,4062,0,,0,0.1794019639492035,0.3409726917743683,0.20890849828720093,1.0,0.0,0.0,0.0,0.0
15506000000,4063,0,,0,-0.35348033905029297,-0.18598376214504242,-0.13955579698085785,1.0,0.0,0.0,0.0,0.0
15508000000,4064,0,,0,0.2975556254386902,-0.12336621433496475,-0.005149709992110729,1.0,0.0,0.0,0.0,0.0
15509000000,4065,0,,0,-0.18310588598251343,-0.055513717234134674,-0.09664767235517502,1.0,0.0,0.0,0.0,0.0
15511000000,4066,0,,0,-0.12005560845136642,0.2332998663187027,0.13527792692184448,1.0,0.0,0.0,0.0,0.0
15513000000,4067,0,,0,0.29915013909339905,0.12583763897418976,0.33990174531936646,1.0,0.0,0.0,0.0,0.0
15516000000,4068,0,,0,0.37143799662590027,0.16350816190242767,0.2970128357410431,1.0,0.0,0.0,0.0,0.0
15518000000,4069,0,,0,-0.3729412257671356,-0.2945912480354309,-0.07596323639154434,1.0,0.0,0.0,0.0,0.0
15519000000,4070,0,,0,0.1282902956008911,-0.22784960269927979,-0.3660070598125458,1.0,0.0,0.0,0.0,0.0
15521000000,4071,0,,0,-0.159059077501297,-0.07814174145460129,0.26019275188446045,1.0,0.0,0.0,0.0,0.0
15523000000,4072,0,,0,0.026337485760450363,0.05120531842112541,0.20665793120861053,1.0,0.0,0.0,0.0,0.0
15525000000,4073,0,,0,-0.3173092007637024,-0.11844728887081146,-0.2891412377357483,1.0,0.0,0.0,0.0,0.0
15527000000,4074,0,,0,0.08086973428726196,0.28675466775894165,-0.2651744782924652,1.0,0.0,0.0,0.0,0.0
15529000000,4075,0,,0,0.07327911257743835,0.3307236135005951,-0.16181793808937073,1.0,0.0,0.0,0.0,0.0
15531000000,4076,0,,0,0.365862637758255,0.1654660701751709,-0.3102947771549225,1.0,0.0,0.0,0.0,0.0
15533000000,4077,0,,0,-0.31516632437705994,-0.21994519233703613,-0.32502099871635437,1.0,0.0,0.0,0.0,0.0
15535000000,4078,0,,0,0.10418366640806198,0.15187814831733704,0.003637497080489993,1.0,0.0,0.0,0.0,0.0
15537000000,4079,0,,0,-0.3673918843269348,-0.36581850051879883,0.27718818187713623,1.0,0.0,0.0,0.0,0.0
15539000000,4080,0,,0,-0.13172723352909088,0.21048590540885925,-0.3861074447631836,1.0,0.0,0.0,0.0,0.0
15541000000,4081,0,,0,-0.24750933051109314,-0.09642687439918518,-0.15947245061397552,1.0,0.0,0.0,0.0,0.0
15543000000,4082,0,,0,0.254408061504364,-0.17895779013633728,0.15313471853733063,1.0,0.0,0.0,0.0,0.0
15546000000,4083,0,,0,0.17584192752838135,0.06617759168148041,0.10684576630592346,1.0,0.0,0.0,0.0,0.0
15548000000,4084,0,,0,0.14676564931869507,-0.35852086544036865,0.16980323195457458,1.0,0.0,0.0,0.0,0.0
15549000000,4085,0,,0,-0.17471736669540405,-0.10897311568260193,0.316146582365036,1.0,0.0,0.0,0.0,0.0
15551000000,4086,0,,0,0.12738792598247528,0.2808135151863098,-0.18229083716869354,1.0,0.0,0.0,0.0,0.0
15553000000,4087,0,,0,-0.04371411353349686,0.16462703049182892,0.0837012231349945,1.0,0.0,0.0,0.0,0.0
15555000000,4088,0,,0,-0.2090093344449997,0.24753078818321228,0.3771597743034363,1.0,0.0,0.0,0.0,0.0
15558000000,4089,0,,0,0.22832231223583221,-0.22427259385585785,-0.17270539700984955,1.0,0.0,0.0,0.0,0.0
15560000000,4090,0,,0,-0.367374062538147,0.1203705444931984,-0.21075113117694855,1.0,0.0,0.0,0.0,0.0
15562000000,4091,0,,0,-0.33967337012290955,-0.09913668781518936,0.07204469293355942,1.0,0.0,0.0,0.0,0.0
15564000000,4092,0,,0,-0.3012857437133789,0.3711029887199402,0.22091853618621826,1.0,0.0,0.0,0.0,0.0
15566000000,4093,0,,0,-0.16462969779968262,-0.3369920551776886,0.23175181448459625,1.0,0.0,0.0,0.0,0.0
15568000000,4094,0,,0,-0.3980501890182495,-0.13314096629619598,0.10487158596515656,1.0,0.0,0.0,0.0,0.0
15570000000,4095,0,,0,-0.23134960234165192,0.2707824110984802,-0.2905760109424591,1.0,0.0,0.0,0.0,0.0
15572000000,4096,0,,0,-0.33580100536346436,0.30973702669143677,-0.39582547545433044,1.0,0.0,0.0,0.0,0.0
15574000000,4097,0,,0,-0.15511971712112427,-0.2642606794834137,0.2872801125049591,1.0,0.0,0.0,0.0,0.0
15576000000,4098,0,,0,-0.3706073462963104,0.22207969427108765,0.06902588158845901,1.0,0.0,0.0,0.0,0.0
15578000000,4099,0,,0,0.10886126756668091,0.2898287773132324,-0.1723504364490509,1.0,0.0,0.0,0.0,0.0
15579000000,4100,0,,0,0.3214038908481598,0.029708892107009888,0.05636350065469742,1.0,0.0,0.0,0.0,0.0
15581000000,4101,0,,0,0.2613429129123688,0.1005890816450119,-0.18884573876857758,1.0,0.0,0.0,0.0,0.0
15583000000,4102,0,,0,-0.3481892943382263,0.24508193135261536,-0.29571810364723206,1.0,0.0,0.0,0.0,0.0
15585000000,4103,0,,0,-0.2818170189857483,0.180982306599617,0.05626576393842697,1.0,0.0,0.0,0.0,0.0
15587000000,4104,0,,0,-0.20635680854320526,-0.10371134430170059,0.3091599643230438,1.0,0.0,0.0,0.0,0.0
15589000000,4105,0,,0,-0.16025497019290924,0.3099827468395233,-0.03625387325882912,1.0,0.0,0.0,0.0,0.0
15591000000,4106,0,,0,0.03024057112634182,-0.18429498374462128,-0.39149826765060425,1.0,0.0,0.0,0.0,0.0
15593000000,4107,0,,0,-0.26131537556648254,0.014055824838578701,0.24584171175956726,1.0,0.0,0.0,0.0,0.0
15595000000,4108,0,,0,0.11183864623308182,0.2646438479423523,-0.2984994351863861,1.0,0.0,0.0,0.0,0.0
15597000000,4109,0,,0,0.3863179087638855,0.0502198226749897,0.3199370801448822,1.0,0.0,0.0,0.0,0.0
15599000000,4110,0,,0,0.345352441072464,-0.11870422959327698,0.2237088829278946,1.0,0.0,0.0,0.0,0.0
15602000000,4111,0,,0,-0.18771567940711975,-0.22000810503959656,0.2653612494468689,1.0,0.0,0.0,0.0,0.0
15604000000,4112,0,,0,0.21784690022468567,-0.3411512076854706,-0.08653862774372101,1.0,0.0,0.0,0.0,0.0
15606000000,4113,0,,0,0.09589911252260208,0.07296276092529297,-0.11783122271299362,1.0,0.0,0.0,0.0,0.0
15608000000,4114,0,,0,-0.282281756401062,-0.1012590155005455,0.19225674867630005,1.0,0.0,0.0,0.0,0.0
15610000000,4115,0,,0,-0.2351449877023697,0.3630519509315491,-0.3614697754383087,1.0,0.0,0.0,0.0,0.0
15612000000,4116,0,,0,-0.22773626446723938,-0.06703374534845352,-0.07563651353120804,1.0,0.0,0.0,0.0,0.0
15614000000,4117,0,,0,0.3392442762851715,-0.3562166690826416,-0.03736431524157524,1.0,0.0,0.0,0.0,0.0
15616000000,4118,0,,0,0.3216060400009155,0.2864287793636322,0.024078451097011566,1.0,0.0,0.0,0.0,0.0
15618000000,4119,0,,0,0.10504713654518127,-0.18852461874485016,-0.396716445684433,1.0,0.0,0.0,0.0,0.0
15619000000,4120,0,,0,0.22305813431739807,-0.3266551196575165,0.3954748511314392,1.0,0.0,0.0,0.0,0.0
15622000000,4121,0,,0,-0.11603669822216034,-0.19612708687782288,-0.37089964747428894,1.0,0.0,0.0,0.0,0.0
15623000000,4122,0,,0,-0.09623918682336807,-0.011868787929415703,-0.0451246052980423,1.0,0.0,0.0,0.0,0.0
15626000000,4123,0,,0,-0.14362572133541107,-0.12487082183361053,-0.3360854387283325,1.0,0.0,0.0,0.0,0.0
15628000000,4124,0,,0,-0.1532101333141327,0.1720614731311798,-0.3979485332965851,1.0,0.0,0.0,0.0,0.0
15630000000,4125,0,,0,-0.07336647808551788,-0.3041410446166992,0.042854417115449905,1.0,0.0,0.0,0.0,0.0
15632000000,4126,0,,0,-0.10228117555379868,0.35831496119499207,-0.020312706008553505,1.0,0.0,0.0,0.0,0.0
15634000000,4127,0,,0,-0.19482600688934326,-0.04572293534874916,-0.18962462246418,1.0,0.0,0.0,0.0,0.0
15636000000,4128,0,,0,-0.31288036704063416,-0.23748613893985748,-0.2541738748550415,1.0,0.0,0.0,0.0,0.0
15638000000,4129,0,,0,-0.06946809589862823,-0.360737681388855,-0.13011132180690765,1.0,0.0,0.0,0.0,0.0
15639000000,4130,0,,0,-0.38606056571006775,-0.07026387751102448,0.07094408571720123,1.0,0.0,0.0,0.0,0.0
15642000000,4131,0,,0,0.11774850636720657,0.36638110876083374,0.3032222092151642,1.0,0.0,0.0,0.0,0.0
15644000000,4132,0,,0,-0.22449515759944916,0.11956427991390228,0.13450317084789276,1.0,0.0,0.0,0.0,0.0
15646000000,4133,0,,0,-0.14712917804718018,-0.3236834406852722,-0.06859263777732849,1.0,0.0,0.0,0.0,0.0
15648000000,4134,0,,0,-0.3438016474246979,-0.11298316717147827,-0.07168073952198029,1.0,0.0,0.0,0.0,0.0
15650000000,4135,0,,0,-0.1379861682653427,-0.09627685695886612,-0.14913305640220642,1.0,0.0,0.0,0.0,0.0
15652000000,4136,0,,0,0.06525897979736328,-0.1438612937927246,0.0023218337446451187,1.0,0.0,0.0,0.0,0.0
15654000000,4137,0,,0,0.2995854616165161,0.38762062788009644,-0.16981659829616547,1.0,0.0,0.0,0.0,0.0
15656000000,4138,0,,0,-0.09562341868877411,0.24739305675029755,0.10544232279062271,1.0,0.0,0.0,0.0,0.0
15658000000,4139,0,,0,-0.09653109312057495,-0.30958470702171326,0.2518763542175293,1.0,0.0,0.0,0.0,0.0
15660000000,4140,0,,0,0.22902259230613708,0.38239842653274536,-0.28739112615585327,1.0,0.0,0.0,0.0,0.0
15662000000,4141,0,,0,0.38395941257476807,-0.2512786388397217,-0.3521832823753357,1.0,0.0,0.0,0.0,0.0
15664000000,4142,0,,0,0.2815135717391968,-0.11507522314786911,0.39009013772010803,1.0,0.0,0.0,0.0,0.0
15666000000,4143,0,,0,0.13451553881168365,0.10612214356660843,0.22020408511161804,1.0,0.0,0.0,0.0,0.0
15668000000,4144,0,,0,0.09362457692623138,0.015302611514925957,-0.1929268091917038,1.0,0.0,0.0,0.0,0.0
15670000000,4145,0,,0,-0.022197255864739418,0.31137269735336304,0.22964228689670563,1.0,0.0,0.0,0.0,0.0
15672000000,4146,0,,0,0.043915458023548126,-0.13203130662441254,0.3140735626220703,1.0,0.0,0.0,0.0,0.0
15674000000,4147,0,,0,0.09906599670648575,-0.3710636794567108,0.1607721745967865,1.0,0.0,0.0,0.0,0.0
15675000000,4148,0,,0,0.36130058765411377,-0.242714062333107,0.046831510961055756,1.0,0.0,0.0,0.0,0.0
15677000000,4149,0,,0,-0.2057931274175644,0.1779244989156723,0.004320424050092697,1.0,0.0,0.0,0.0,0.0
15679000000,4150,0,,0,0.28816744685173035,0.105821892619133,-0.3568686544895172,1.0,0.0,0.0,0.0,0.0
15682000000,4151,0,,0,0.23150642216205597,-0.14322839677333832,-0.17668116092681885,1.0,0.0,0.0,0.0,0.0
15684000000,4152,0,,0,-0.242465078830719,-0.1591479480266571,-0.2524365484714508,1.0,0.0,0.0,0.0,0.0
15686000000,4153,0,,0,0.2966013252735138,-0.203811377286911,-0.2249438464641571,1.0,0.0,0.0,0.0,0.0
15688000000,4154,0,,0,-0.27167215943336487,-0.38649263978004456,-0.3297795355319977,1.0,0.0,0.0,0.0,0.0
15690000000,4155,0,,0,0.044546935707330704,0.38998138904571533,-0.3164641261100769,1.0,0.0,0.0,0.0,0.0
15692000000,4156,0,,0,-0.03223874419927597,-0.058542151004076004,0.21037578582763672,1.0,0.0,0.0,0.0,0.0
15694000000,4157,0,,0,-0.26876363158226013,-0.070719413459301,0.06994570791721344,1.0,0.0,0.0,0.0,0.0
15696000000,4158,0,,0,-0.304109126329422,-0.19218307733535767,-0.14189119637012482,1.0,0.0,0.0,0.0,0.0
15698000000,4159,0,,0,-0.045544516295194626,-0.062290988862514496,-0.2134060263633728,1.0,0.0,0.0,0.0,0.0
15700000000,4160,0,,0,0.39694052934646606,0.001442233333364129,-0.15770289301872253,1.0,0.0,0.0,0.0,0.0
15702000000,4161,0,,0,0.1628570258617401,0.3823312222957611,0.27088889479637146,1.0,0.0,0.0,0.0,0.0
15704000000,4162,0,,0,-0.03777765855193138,-0.1144760400056839,-0.14244243502616882,1.0,0.0,0.0,0.0,0.0
15706000000,4163,0,,0,-0.2489803284406662,-0.3963626027107239,0.15115176141262054,1.0,0.0,0.0,0.0,0.0
15708000000,4164,0,,0,-0.28134655952453613,-0.38831114768981934,-0.13244515657424927,1.0,0.0,0.0,0.0,0.0
15710000000,4165,0,,0,-0.14729006588459015,0.3311034142971039,-0.03204818069934845,1.0,0.0,0.0,0.0,0.0
15712000000,4166,0,,0,0.04317750781774521,-0.39422351121902466,0.001609942875802517,1.0,0.0,0.0,0.0,0.0
15714000000,4167,0,,0,-0.03524939343333244,-0.0660741850733757,-0.13652539253234863,1.0,0.0,0.0,0.0,0.0
15716000000,4168,0,,0,-0.006033696699887514,-0.23488815128803253,-0.3000810444355011,1.0,0.0,0.0,0.0,0.0
15718000000,4169,0,,0,0.13857387006282806,-0.14119593799114227,-0.31851398944854736,1.0,0.0,0.0,0.0,0.0
15720000000,4170,0,,0,0.17795774340629578,-0.18344593048095703,-0.33339831233024597,1.0,0.0,0.0,0.0,0.0
15722000000,4171,0,,0,-0.2539445757865906,0.2707420587539673,-0.2288578897714615,1.0,0.0,0.0,0.0,0.0
15724000000,4172,0,,0,0.39598995447158813,-0.20510852336883545,0.2594441771507263,1.0,0.0,0.0,0.0,0.0
15726000000,4173,0,,0,-0.01514953188598156,0.13900354504585266,0.08725196123123169,1.0,0.0,0.0,0.0,0.0
15728000000,4174,0,,0,-0.30198153853416443,-0.05057268589735031,0.023848462849855423,1.0,0.0,0.0,0.0,0.0
15730000000,4175,0,,0,0.33791592717170715,-0.12502187490463257,-0.3149886727333069,1.0,0.0,0.0,0.0,0.0
15732000000,4176,0,,0,-0.31991586089134216,-0.16004511713981628,-0.31285780668258667,1.0,0.0,0.0,0.0,0.0
15734000000,4177,0,,0,-0.11560000479221344,-0.39694929122924805,0.3775644898414612,1.0,0.0,0.0,0.0,0.0
15736000000,4178,0,,0,-0.30795127153396606,-0.21082830429077148,0.16405847668647766,1.0,0.0,0.0,0.0,0.0
15738000000,4179,0,,0,-0.15682922303676605,0.11660543829202652,-0.3663473427295685,1.0,0.0,0.0,0.0,0.0
15740000000,4180,0,,0,0.2791840434074402,0.14143675565719604,-0.3911881446838379,1.0,0.0,0.0,0.0,0.0
15742000000,4181,0,,0,-0.24494047462940216,-0.3468492329120636,-0.02860908769071102,1.0,0.0,0.0,0.0,0.0
15744000000,4182,0,,0,0.2866757810115814,-0.25989392399787903,0.003931205254048109,1.0,0.0,0.0,0.0,0.0
15746000000,4183,0,,0,-0.18020467460155487,-0.1627824902534485,-0.15061214566230774,1.0,0.0,0.0,0.0,0.0
15748000000,4184,0,,0,0.2327466607093811,0.08124662190675735,-0.06279660016298294,1.0,0.0,0.0,0.0,0.0
15750000000,4185,0,,0,-0.2520393431186676,-0.3164668381214142,-0.2608729302883148,1.0,0.0,0.0,0.0,0.0
15752000000,4186,0,,0,0.3095615804195404,0.22604861855506897,0.30069586634635925,1.0,0.0,0.0,0.0,0.0
15754000000,4187,0,,0,-0.2886541783809662,-0.2235916703939438,-0.34007611870765686,1.0,0.0,0.0,0.0,0.0
15756000000,4188,0,,0,-0.15187719464302063,-0.24136434495449066,0.3346318006515503,1.0,0.0,0.0,0.0,0.0
15758000000,4189,0,,0,-0.12414411455392838,-0.3633595108985901,-0.39015844464302063,1.0,0.0,0.0,0.0,0.0
15760000000,4190,0,,0,-0.1310207098722458,0.239912748336792,0.14756952226161957,1.0,0.0,0.0,0.0,0.0
15762000000,4191,0,,0,0.15208619832992554,0.30825066566467285,-0.28390488028526306,1.0,0.0,0.0,0.0,0.0
15764000000,4192,0,,0,-0.28375065326690674,0.11412471532821655,0.1351538598537445,1.0,0.0,0.0,0.0,0.0
15766000000,4193,0,,0,0.21602848172187805,0.3939461410045624,0.31972724199295044,1.0,0.0,0.0,0.0,0.0
15768000000,4194,0,,0,-0.14578120410442352,0.04400685057044029,0.38295337557792664,1.0,0.0,0.0,0.0,0.0
15770000000,4195,0,,0,-0.1949659287929535,-0.23834210634231567,-0.39577794075012207,1.0,0.0,0.0,0.0,0.0
15772000000,4196,0,,0,0.22690574824810028,-0.3226456642150879,-0.2290450930595398,1.0,0.0,0.0,0.0,0.0
15774000000,4197,0,,0,-0.013010921888053417,-0.018805600702762604,-0.0883120745420456,1.0,0.0,0.0,0.0,0.0
15776000000,4198,0,,0,0.01972528174519539,-0.23189455270767212,-0.17731806635856628,1.0,0.0,0.0,0.0,0.0
15778000000,4199,0,,0,-0.2920536994934082,0.3246392607688904,-0.31082573533058167,1.0,0.0,0.0,0.0,0.0
15780000000,4200,0,,0,0.10221684724092484,-0.06589962542057037,-0.06134013831615448,1.0,0.0,0.0,0.0,0.0
15782000000,4201,0,,0,0.18934941291809082,-0.22478574514389038,0.05702190473675728,1.0,0.0,0.0,0.0,0.0
15783000000,4202,0,,0,-0.11851359158754349,0.004824343603104353,0.3467235863208771,1.0,0.0,0.0,0.0,0.0
15786000000,4203,0,,0,-0.3844117224216461,-0.04724549502134323,0.03540432080626488,1.0,0.0,0.0,0.0,0.0
15788000000,4204,0,,0,-0.29399725794792175,-0.022646306082606316,0.10078595578670502,1.0,0.0,0.0,0.0,0.0
15790000000,4205,0,,0,-0.29076382517814636,-0.2827138304710388,-0.03628819063305855,1.0,0.0,0.0,0.0,0.0
15792000000,4206,0,,0,-0.30146917700767517,0.1891883760690689,0.23907999694347382,1.0,0.0,0.0,0.0,0.0
15794000000,4207,0,,0,0.11542104184627533,0.21402624249458313,-0.03578602150082588,1.0,0.0,0.0,0.0,0.0
15795000000,4208,0,,0,0.2028183490037918,-0.11379650235176086,-0.04297548159956932,1.0,0.0,0.0,0.0,0.0
15798000000,4209,0,,0,0.27897998690605164,-0.3601703345775604,0.24826395511627197,1.0,0.0,0.0,0.0,0.0
15800000000,4210,0,,0,-0.3976372182369232,-0.2200455516576767,-0.1855110377073288,1.0,0.0,0.0,0.0,0.0
15802000000,4211,0,,0,0.25878018140792847,0.018374696373939514,0.32797402143478394,1.0,0.0,0.0,0.0,0.0
15803000000,4212,0,,0,-0.3007010221481323,0.052368782460689545,0.23110193014144897,1.0,0.0,0.0,0.0,0.0
15806000000,4213,0,,0,0.10866335779428482,0.29458415508270264,0.3642071485519409,1.0,0.0,0.0,0.0,0.0
15808000000,4214,0,,0,-0.27988332509994507,0.09973829984664917,-0.0703548714518547,1.0,0.0,0.0,0.0,0.0
15810000000,4215,0,,0,0.1873215287923813,-0.054122444242239,-0.029127569869160652,1.0,0.0,0.0,0.0,0.0
15812000000,4216,0,,0,-0.23912981152534485,-0.32482460141181946,-0.36230674386024475,1.0,0.0,0.0,0.0,0.0
15814000000,4217,0,,0,0.2865641713142395,-0.02200435847043991,-0.02595696598291397,1.0,0.0,0.0,0.0,0.0
15816000000,4218,0,,0,-0.025242522358894348,-0.23365375399589539,0.3185346722602844,1.0,0.0,0.0,0.0,0.0
15818000000,4219,0,,0,-0.3437393307685852,-0.353686660528183,-0.08945559710264206,1.0,0.0,0.0,0.0,0.0
15820000000,4220,0,,0,0.28785941004753113,0.06991447508335114,0.3974612355232239,1.0,0.0,0.0,0.0,0.0
15822000000,4221,0,,0,0.13095396757125854,0.3390978276729584,-0.24849461019039154,1.0,0.0,0.0,0.0,0.0
15823000000,4222,0,,0,-0.09965348243713379,0.010329816490411758,0.07637619227170944,1.0,0.0,0.0,0.0,0.0
15826000000,4223,0,,0,0.08295087516307831,0.21842704713344574,0.2433485984802246,1.0,0.0,0.0,0.0,0.0
15828000000,4224,0,,0,-0.24454034864902496,-0.39539679884910583,0.16376003623008728,1.0,0.0,0.0,0.0,0.0
15830000000,4225,0,,0,0.3132985830307007,0.018018905073404312,-0.11890115588903427,1.0,0.0,0.0,0.0,0.0
15832000000,4226,0,,0,-0.34939825534820557,0.28701454401016235,0.036852702498435974,1.0,0.0,0.0,0.0,0.0
15834000000,4227,0,,0,-0.24972981214523315,0.33230721950531006,-0.10597874969244003,1.0,0.0,0.0,0.0,0.0
15836000000,4228,0,,0,0.16472145915031433,0.21054045855998993,-0.37003883719444275,1.0,0.0,0.0,0.0,0.0
15838000000,4229,0,,0,-0.014588827267289162,0.3395136296749115,-0.19658049941062927,1.0,0.0,0.0,0.0,0.0
15840000000,4230,0,,0,-0.1513226479291916,-0.2730748951435089,-0.37905973196029663,1.0,0.0,0.0,0.0,0.0
15842000000,4231,0,,0,0.265603631734848,-0.32893678545951843,-0.30701300501823425,1.0,0.0,0.0,0.0,0.0
15844000000,4232,0,,0,-0.11274335533380508,0.12341223657131195,-0.07363113015890121,1.0,0.0,0.0,0.0,0.0
15846000000,4233,0,,0,-0.363359659910202,0.1592133492231369,0.0738411396741867,1.0,0.0,0.0,0.0,0.0
15848000000,4234,0,,0,-0.3783113360404968,-0.10669826716184616,0.16422058641910553,1.0,0.0,0.0,0.0,0.0
15850000000,4235,0,,0,-0.3896264433860779,-0.2804320454597473,0.3454124331474304,1.0,0.0,0.0,0.0,0.0
15852000000,4236,0,,0,-0.19804303348064423,-0.31337636709213257,-0.33798739314079285,1.0,0.0,0.0,0.0,0.0
15854000000,4237,0,,0,-0.12934328615665436,-0.016649147495627403,0.2323295772075653,1.0,0.0,0.0,0.0,0.0
15856000000,4238,0,,0,0.11714241653680801,-0.08304373919963837,0.015425859950482845,1.0,0.0,0.0,0.0,0.0
15858000000,4239,0,,0,0.29681769013404846,0.09896990656852722,0.23342354595661163,1.0,0.0,0.0,0.0,0.0
15860000000,4240,0,,0,-0.2822220027446747,-0.37649813294410706,0.1478087455034256,1.0,0.0,0.0,0.0,0.0
15862000000,4241,0,,0,-0.08107800036668777,-0.06230558827519417,-0.0936700627207756,1.0,0.0,0.0,0.0,0.0
15864000000,4242,0,,0,0.2179885059595108,0.05849112570285797,0.1238696351647377,1.0,0.0,0.0,0.0,0.0
15866000000,4243,0,,0,0.1569395512342453,0.010443183593451977,-0.3285728693008423,1.0,0.0,0.0,0.0,0.0
15868000000,4244,0,,0,-0.24130524694919586,-0.2718023955821991,0.17462056875228882,1.0,0.0,0.0,0.0,0.0
15869000000,4245,0,,0,0.13320580124855042,-0.14049315452575684,0.0244910791516304,1.0,0.0,0.0,0.0,0.0
15872000000,4246,0,,0,0.1894323229789734,-0.08295025676488876,0.37787142395973206,1.0,0.0,0.0,0.0,0.0
15873000000,4247,0,,0,-0.12555241584777832,0.003277113661170006,-0.12464699894189835,1.0,0.0,0.0,0.0,0.0
15876000000,4248,0,,0,-0.16115160286426544,0.20660823583602905,-0.3309047818183899,1.0,0.0,0.0,0.0,0.0
15878000000,4249,0,,0,0.002516284119337797,0.321137398481369,-0.02498525008559227,1.0,0.0,0.0,0.0,0.0
15879000000,4250,0,,0,0.14582829177379608,-0.36304983496665955,-0.3980173170566559,1.0,0.0,0.0,0.0,0.0
15881000000,4251,0,,0,0.11963456124067307,0.2740537226200104,-0.2973267734050751,1.0,0.0,0.0,0.0,0.0
15884000000,4252,0,,0,0.32537153363227844,-0.01588699035346508,-0.07720806449651718,1.0,0.0,0.0,0.0,0.0
15886000000,4253,0,,0,-0.23619988560676575,-0.017038242891430855,0.33768758177757263,1.0,0.0,0.0,0.0,0.0
15888000000,4254,0,,0,0.2661709189414978,0.17593950033187866,-0.21209198236465454,1.0,0.0,0.0,0.0,0.0
15890000000,4255,0,,0,-0.37037697434425354,0.32330435514450073,0.39309626817703247,1.0,0.0,0.0,0.0,0.0
15892000000,4256,0,,0,0.297137975692749,0.1639372557401657,-0.35281088948249817,1.0,0.0,0.0,0.0,0.0
15894000000,4257,0,,0,-0.3088008165359497,-0.199634850025177,0.06768006831407547,1.0,0.0,0.0,0.0,0.0
15897000000,4258,0,,0,-0.37198349833488464,-0.22742022573947906,0.2969508469104767,1.0,0.0,0.0,0.0,0.0
15899000000,4259,0,,0,-0.0006212372682057321,-0.02247307449579239,0.22509445250034332,1.0,0.0,0.0,0.0,0.0
15902000000,4260,0,,0,-0.38338834047317505,0.24717210233211517,-0.08647160232067108,1.0,0.0,0.0,0.0,0.0
15904000000,4261,0,,0,0.17090311646461487,-0.25306451320648193,0.18188504874706268,1.0,0.0,0.0,0.0,0.0
15906000000,4262,0,,0,0.3622015416622162,-0.3506762981414795,-0.059364259243011475,1.0,0.0,0.0,0.0,0.0
15909000000,4263,0,,0,-0.22671304643154144,0.017391441389918327,0.27575796842575073,1.0,0.0,0.0,0.0,0.0
15911000000,4264,0,,0,-0.2938270568847656,-0.07398607581853867,-0.30960574746131897,1.0,0.0,0.0,0.0,0.0
15913000000,4265,0,,0,0.10466611385345459,-0.08471153676509857,-0.38234665989875793,1.0,0.0,0.0,0.0,0.0
15914000000,4266,0,,0,0.023858249187469482,0.2971009314060211,-0.3532431721687317,1.0,0.0,0.0,0.0,0.0
15915000000,4267,0,,0,0.11015518009662628,0.38138753175735474,0.034890539944171906,1.0,0.0,0.0,0.0,0.0
15917000000,4268,0,,0,0.10113145411014557,-0.23827990889549255,0.17695632576942444,1.0,0.0,0.0,0.0,0.0
15918000000,4269,0,,0,-0.1534416824579239,0.38956308364868164,0.1976507306098938,1.0,0.0,0.0,0.0,0.0
15919000000,4270,0,,0,-0.258047491312027,-0.016238346695899963,0.14618831872940063,1.0,0.0,0.0,0.0,0.0
15921000000,4271,0,,0,-0.19649291038513184,0.2654859721660614,0.14171311259269714,1.0,0.0,0.0,0.0,0.0
15923000000,4272,0,,0,-0.3084903657436371,-0.07323991507291794,-0.027953844517469406,1.0,0.0,0.0,0.0,0.0
15925000000,4273,0,,0,0.33685076236724854,0.21173878014087677,0.23827384412288666,1.0,0.0,0.0,0.0,0.0
15928000000,4274,0,,0,0.3878830671310425,-0.20536628365516663,0.23592348396778107,1.0,0.0,0.0,0.0,0.0
15929000000,4275,0,,0,-0.14744675159454346,-0.006002681329846382,-0.35402029752731323,1.0,0.0,0.0,0.0,0.0
15932000000,4276,0,,0,0.3857547342777252,0.2075154334306717,0.22075113654136658,1.0,0.0,0.0,0.0,0.0
15934000000,4277,0,,0,-0.38717302680015564,0.13276247680187225,0.3266785442829132,1.0,0.0,0.0,0.0,0.0
15935000000,4278,0,,0,-0.2717265486717224,0.024317968636751175,-0.2864375114440918,1.0,0.0,0.0,0.0,0.0
15938000000,4279,0,,0,0.05729575827717781,-0.07280509173870087,-0.26844432950019836,1.0,0.0,0.0,0.0,0.0
15940000000,4280,0,,0,0.2537399232387543,-0.1366690695285797,0.08480633050203323,1.0,0.0,0.0,0.0,0.0
15942000000,4281,0,,0,-0.07073132693767548,-0.37856483459472656,0.18139518797397614,1.0,0.0,0.0,0.0,0.0
15944000000,4282,0,,0,0.27815136313438416,-0.21335823833942413,-0.3574872612953186,1.0,0.0,0.0,0.0,0.0
15946000000,4283,0,,0,0.19014503061771393,0.17538081109523773,-0.042211711406707764,1.0,0.0,0.0,0.0,0.0
15947000000,4284,0,,0,0.29277175664901733,-0.35100990533828735,0.17337551712989807,1.0,0.0,0.0,0.0,0.0
15949000000,4285,0,,0,0.1810169667005539,-0.23742790520191193,0.3439396023750305,1.0,0.0,0.0,0.0,0.0
15951000000,4286,0,,0,-0.36519861221313477,0.2695366442203522,-0.3609560430049896,1.0,0.0,0.0,0.0,0.0
15954000000,4287,0,,0,0.12926456332206726,-0.3246825635433197,0.05771297961473465,1.0,0.0,0.0,0.0,0.0
15956000000,4288,0,,0,-0.3408237099647522,0.028401030227541924,-0.07948895543813705,1.0,0.0,0.0,0.0,0.0
15957000000,4289,0,,0,0.1642078459262848,-0.3271643817424774,-0.10937552154064178,1.0,0.0,0.0,0.0,0.0
15960000000,4290,0,,0,-0.2033810019493103,-0.32775625586509705,0.08632853627204895,1.0,0.0,0.0,0.0,0.0
15961000000,4291,0,,0,-0.03867736831307411,-0.28517213463783264,0.27232474088668823,1.0,0.0,0.0,0.0,0.0
15964000000,4292,0,,0,0.36946719884872437,-0.23390744626522064,0.21303139626979828,1.0,0.0,0.0,0.0,0.0
15966000000,4293,0,,0,-0.24408845603466034,-0.18031352758407593,-0.045372944325208664,1.0,0.0,0.0,0.0,0.0
15968000000,4294,0,,0,-0.023330308496952057,0.3816007673740387,0.28242257237434387,1.0,0.0,0.0,0.0,0.0
15970000000,4295,0,,0,0.2616950571537018,-0.22442345321178436,-0.1918884515762329,1.0,0.0,0.0,0.0,0.0
15971000000,4296,0,,0,-0.19306440651416779,0.3002561032772064,0.30101510882377625,1.0,0.0,0.0,0.0,0.0
15973000000,4297,0,,0,0.08934970945119858,0.3515167832374573,-0.0025436903815716505,1.0,0.0,0.0,0.0,0.0
15975000000,4298,0,,0,-0.01898321323096752,0.17329998314380646,-0.013530965894460678,1.0,0.0,0.0,0.0,0.0
15978000000,4299,0,,0,0.14808908104896545,0.2700243890285492,0.23173032701015472,1.0,0.0,0.0,0.0,0.0
15979000000,4300,0,,0,-0.25395044684410095,0.12317314743995667,-0.05869843438267708,1.0,0.0,0.0,0.0,0.0
15982000000,4301,0,,0,-0.3055652678012848,0.18420332670211792,-0.13830307126045227,1.0,0.0,0.0,0.0,0.0
15984000000,4302,0,,0,0.23710499703884125,0.09607737511396408,-0.2610490620136261,1.0,0.0,0.0,0.0,0.0
15985000000,4303,0,,0,-0.30555200576782227,-0.2921949326992035,-0.19193905591964722,1.0,0.0,0.0,0.0,0.0
15987000000,4304,0,,0,0.002915166085585952,0.1432732194662094,-0.3711112439632416,1.0,0.0,0.0,0.0,0.0
15989000000,4305,0,,0,0.14915873110294342,-0.013494598679244518,-0.07733965665102005,1.0,0.0,0.0,0.0,0.0
15992000000,4306,0,,0,-0.3134244680404663,-0.051842596381902695,-0.18310560286045074,1.0,0.0,0.0,0.0,0.0
15993000000,4307,0,,0,0.12618692219257355,0.3938606083393097,-0.28664112091064453,1.0,0.0,0.0,0.0,0.0
15996000000,4308,0,,0,-0.15932969748973846,-0.10135027021169662,-0.2133510708808899,1.0,0.0,0.0,0.0,0.0
15997000000,4309,0,,0,-0.38144925236701965,-0.14399348199367523,0.013260344974696636,1.0,0.0,0.0,0.0,0.0
15999000000,4310,0,,0,0.22922055423259735,-0.2992957830429077,-0.24799032509326935,1.0,0.0,0.0,0.0,0.0
16001000000,4311,0,,0,0.34810078144073486,0.266283243894577,0.01114664040505886,1.0,0.0,0.0,0.0,0.0
16003000000,4312,0,,0,0.326561838388443,-0.027218401432037354,0.35193729400634766,1.0,0.0,0.0,0.0,0.0
16005000000,4313,0,,0,0.004398856777697802,-0.11510544270277023,0.3824310600757599,1.0,0.0,0.0,0.0,0.0
16007000000,4314,0,,0,0.37344682216644287,-0.18195699155330658,0.08789709210395813,1.0,0.0,0.0,0.0,0.0
16010000000,4315,0,,0,0.014341318048536777,0.2626839578151703,0.06223878636956215,1.0,0.0,0.0,0.0,0.0
16012000000,4316,0,,0,-0.3157508075237274,0.1359197497367859,0.3045000433921814,1.0,0.0,0.0,0.0,0.0
16013000000,4317,0,,0,0.051856182515621185,-0.02457248792052269,0.23361526429653168,1.0,0.0,0.0,0.0,0.0
16016000000,4318,0,,0,-0.39814749360084534,0.24128291010856628,-0.1136285588145256,1.0,0.0,0.0,0.0,0.0
16017000000,4319,0,,0,0.025771543383598328,0.18750181794166565,0.09914158284664154,1.0,0.0,0.0,0.0,0.0
16020000000,4320,0,,0,0.12185263633728027,-0.27303850650787354,-0.0763384997844696,1.0,0.0,0.0,0.0,0.0
16021000000,4321,0,,0,-0.20954777300357819,0.36716341972351074,-0.0786782056093216,1.0,0.0,0.0,0.0,0.0
16023000000,4322,0,,0,0.11791953444480896,-0.22308366000652313,0.12196618318557739,1.0,0.0,0.0,0.0,0.0
16025000000,4323,0,,0,0.3084683120250702,0.1665927916765213,-0.16373160481452942,1.0,0.0,0.0,0.0,0.0
16027000000,4324,0,,0,0.01017336267977953,-0.3366958498954773,-0.06351667642593384,1.0,0.0,0.0,0.0,0.0
16030000000,4325,0,,0,0.18036435544490814,0.14363713562488556,-0.10520226508378983,1.0,0.0,0.0,0.0,0.0
16031000000,4326,0,,0,0.06775552034378052,-0.17759037017822266,0.1789141148328781,1.0,0.0,0.0,0.0,0.0
16034000000,4327,0,,0,0.006163205951452255,0.11052197962999344,0.12470243871212006,1.0,0.0,0.0,0.0,0.0
16035000000,4328,0,,0,0.33177950978279114,0.18803666532039642,-0.06379599869251251,1.0,0.0,0.0,0.0,0.0
16038000000,4329,0,,0,-0.19862820208072662,-0.30544427037239075,-0.02824966423213482,1.0,0.0,0.0,0.0,0.0
16039000000,4330,0,,0,-0.23263970017433167,0.24757499992847443,0.2632914185523987,1.0,0.0,0.0,0.0,0.0
16041000000,4331,0,,0,-0.33444371819496155,0.15606147050857544,0.0936497375369072,1.0,0.0,0.0,0.0,0.0
16043000000,4332,0,,0,-0.02721424773335457,-0.19800736010074615,-0.22643813490867615,1.0,0.0,0.0,0.0,0.0
16045000000,4333,0,,0,0.18183580040931702,-0.18749289214611053,0.15010608732700348,1.0,0.0,0.0,0.0,0.0
16047000000,4334,0,,0,0.18892312049865723,0.3901222348213196,0.3224864900112152,1.0,0.0,0.0,0.0,0.0
16049000000,4335,0,,0,0.293302983045578,-0.3855513036251068,0.16981241106987,1.0,0.0,0.0,0.0,0.0
16051000000,4336,0,,0,-0.399612694978714,0.33001822233200073,-0.0062576583586633205,1.0,0.0,0.0,0.0,0.0
16053000000,4337,0,,0,-0.3087966740131378,0.11609260737895966,-0.14325164258480072,1.0,0.0,0.0,0.0,0.0
16055000000,4338,0,,0,-0.15755729377269745,-0.38060885667800903,0.11721762269735336,1.0,0.0,0.0,0.0,0.0
16057000000,4339,0,,0,0.3711530268192291,0.06546857953071594,0.10475505888462067,1.0,0.0,0.0,0.0,0.0
16059000000,4340,0,,0,0.029721518978476524,-0.19334697723388672,-0.006465235259383917,1.0,0.0,0.0,0.0,0.0
16061000000,4341,0,,0,0.0015802388079464436,0.07711977511644363,-0.30394938588142395,1.0,0.0,0.0,0.0,0.0
16063000000,4342,0,,0,0.2633824944496155,0.07505267858505249,-0.38684898614883423,1.0,0.0,0.0,0.0,0.0
16065000000,4343,0,,0,-0.02683338336646557,0.10310649126768112,0.3285943865776062,1.0,0.0,0.0,0.0,0.0
16068000000,4344,0,,0,0.057831116020679474,0.35454535484313965,0.003405745606869459,1.0,0.0,0.0,0.0,0.0
16070000000,4345,0,,0,-0.3160790503025055,-0.15551123023033142,-0.23429422080516815,1.0,0.0,0.0,0.0,0.0
16071000000,4346,0,,0,0.16288726031780243,-0.18978625535964966,-0.28395894169807434,1.0,0.0,0.0,0.0,0.0
16073000000,4347,0,,0,0.3457903563976288,-0.09484270960092545,0.03489270806312561,1.0,0.0,0.0,0.0,0.0
16075000000,4348,0,,0,-0.06389223784208298,0.15417909622192383,0.17197519540786743,1.0,0.0,0.0,0.0,0.0
16077000000,4349,0,,0,-0.025462687015533447,-0.3196522891521454,-0.11453590542078018,1.0,0.0,0.0,0.0,0.0
16079000000,4350,0,,0,-0.2770819664001465,0.1511363685131073,0.043719202280044556,1.0,0.0,0.0,0.0,0.0
16081000000,4351,0,,0,-0.3317939341068268,-0.14288659393787384,-0.19556762278079987,1.0,0.0,0.0,0.0,0.0
16083000000,4352,0,,0,-0.13472341001033783,0.17647375166416168,0.0330636240541935,1.0,0.0,0.0,0.0,0.0
16085000000,4353,0,,0,-0.1422913372516632,0.039100609719753265,-0.2969472408294678,1.0,0.0,0.0,0.0,0.0
16087000000,4354,0,,0,0.32887279987335205,0.25707805156707764,0.03751778602600098,1.0,0.0,0.0,0.0,0.0
16089000000,4355,0,,0,-0.25445422530174255,0.041448529809713364,0.17606106400489807,1.0,0.0,0.0,0.0,0.0
16091000000,4356,0,,0,0.00029736614669673145,0.0884072408080101,-0.251785546541214,1.0,0.0,0.0,0.0,0.0
16093000000,4357,0,,0,0.054851215332746506,-0.31281864643096924,0.009702252224087715,1.0,0.0,0.0,0.0,0.0
16095000000,4358,0,,0,0.0010980642400681973,-0.3165140151977539,0.2920151352882385,1.0,0.0,0.0,0.0,0.0
16098000000,4359,0,,0,-0.08970679342746735,0.12738938629627228,-0.2117837816476822,1.0,0.0,0.0,0.0,0.0
16099000000,4360,0,,0,0.22262685000896454,0.09839470684528351,0.34187445044517517,1.0,0.0,0.0,0.0,0.0
16101000000,4361,0,,0,-0.07364745438098907,0.23886896669864655,0.26493433117866516,1.0,0.0,0.0,0.0,0.0
16104000000,4362,0,,0,-0.2986515760421753,-0.18778739869594574,-0.34055572748184204,1.0,0.0,0.0,0.0,0.0
16106000000,4363,0,,0,-0.045809511095285416,-0.06284229457378387,0.20854265987873077,1.0,0.0,0.0,0.0,0.0
16107000000,4364,0,,0,0.2326112985610962,0.187168151140213,-0.05996222794055939,1.0,0.0,0.0,0.0,0.0
16110000000,4365,0,,0,0.3577331304550171,0.09668572247028351,0.3942440450191498,1.0,0.0,0.0,0.0,0.0
16111000000,4366,0,,0,0.13104389607906342,0.06081593409180641,0.32967978715896606,1.0,0.0,0.0,0.0,0.0
16113000000,4367,0,,0,-0.3208100199699402,-0.2770557105541229,-0.2338084727525711,1.0,0.0,0.0,0.0,0.0
16116000000,4368,0,,0,-0.08903691172599792,0.35548341274261475,-0.20234058797359467,1.0,0.0,0.0,0.0,0.0
16117000000,4369,0,,0,0.08209170401096344,0.2550658583641052,0.21686697006225586,1.0,0.0,0.0,0.0,0.0
16119000000,4370,0,,0,0.08264041692018509,-0.2709381878376007,0.2008289396762848,1.0,0.0,0.0,0.0,0.0
16122000000,4371,0,,0,-0.37137967348098755,0.2865453362464905,-0.0708589032292366,1.0,0.0,0.0,0.0,0.0
16124000000,4372,0,,0,0.385299950838089,0.06869053840637207,-0.1416558176279068,1.0,0.0,0.0,0.0,0.0
16126000000,4373,0,,0,0.299895316362381,-0.11057822406291962,-0.34148991107940674,1.0,0.0,0.0,0.0,0.0
16128000000,4374,0,,0,-0.23443244397640228,-0.2407083660364151,0.37575608491897583,1.0,0.0,0.0,0.0,0.0
16130000000,4375,0,,0,0.12489206343889236,-0.39504891633987427,0.08681626617908478,1.0,0.0,0.0,0.0,0.0
16131000000,4376,0,,0,-0.30691778659820557,-0.00397705240175128,0.25842681527137756,1.0,0.0,0.0,0.0,0.0
16134000000,4377,0,,0,-0.16490717232227325,0.021408719941973686,-0.3167566955089569,1.0,0.0,0.0,0.0,0.0
16135000000,4378,0,,0,-0.14593099057674408,0.04050271213054657,0.13375155627727509,1.0,0.0,0.0,0.0,0.0
16137000000,4379,0,,0,0.22778092324733734,0.2865968644618988,0.30731284618377686,1.0,0.0,0.0,0.0,0.0
16139000000,4380,0,,0,0.042590364813804626,-0.07080461829900742,-0.2216852456331253,1.0,0.0,0.0,0.0,0.0
16142000000,4381,0,,0,-0.3707573711872101,-0.09946075081825256,-0.3012455999851227,1.0,0.0,0.0,0.0,0.0
16143000000,4382,0,,0,0.05174236744642258,-0.2668205201625824,0.29126137495040894,1.0,0.0,0.0,0.0,0.0
16145000000,4383,0,,0,0.1875220090150833,0.09436876326799393,0.09736782312393188,1.0,0.0,0.0,0.0,0.0
16147000000,4384,0,,0,-0.029533036053180695,0.10912792384624481,-0.0028451713733375072,1.0,0.0,0.0,0.0,0.0
16149000000,4385,0,,0,-0.10207004100084305,-0.049542319029569626,0.3783550262451172,1.0,0.0,0.0,0.0,0.0
16151000000,4386,0,,0,-0.2753254473209381,0.04901992157101631,0.2325655072927475,1.0,0.0,0.0,0.0,0.0
16153000000,4387,0,,0,-0.13781963288784027,0.23215416073799133,-0.2523627281188965,1.0,0.0,0.0,0.0,0.0
16155000000,4388,0,,0,-0.007308484520763159,0.13221797347068787,0.12289541959762573,1.0,0.0,0.0,0.0,0.0
16158000000,4389,0,,0,0.2981678545475006,0.28002142906188965,0.033191513270139694,1.0,0.0,0.0,0.0,0.0
16159000000,4390,0,,0,0.1496306210756302,0.2813907861709595,0.1714136302471161,1.0,0.0,0.0,0.0,0.0
16162000000,4391,0,,0,0.10235493630170822,-0.23467585444450378,-0.0645657628774643,1.0,0.0,0.0,0.0,0.0
16164000000,4392,0,,0,-0.030418727546930313,-0.309952974319458,-0.10566043853759766,1.0,0.0,0.0,0.0,0.0
16166000000,4393,0,,0,-0.00884866900742054,0.013450357131659985,-0.10716506838798523,1.0,0.0,0.0,0.0,0.0
16168000000,4394,0,,0,0.16493017971515656,-0.15402750670909882,0.16987229883670807,1.0,0.0,0.0,0.0,0.0
16169000000,4395,0,,0,0.36410489678382874,-0.13934651017189026,0.19805194437503815,1.0,0.0,0.0,0.0,0.0
16171000000,4396,0,,0,-0.18929466605186462,-0.009139655157923698,-0.04330667480826378,1.0,0.0,0.0,0.0,0.0
16173000000,4397,0,,0,-0.1509936898946762,0.05103500559926033,0.3274112045764923,1.0,0.0,0.0,0.0,0.0
16175000000,4398,0,,0,0.1866665482521057,0.23751242458820343,-0.009161611087620258,1.0,0.0,0.0,0.0,0.0
16178000000,4399,0,,0,-0.05414582043886185,0.24104417860507965,0.005712494719773531,1.0,0.0,0.0,0.0,0.0
16179000000,4400,0,,0,0.2652316093444824,0.2937038242816925,0.018141966313123703,1.0,0.0,0.0,0.0,0.0
16181000000,4401,0,,0,0.3794874846935272,0.3277793824672699,0.13780149817466736,1.0,0.0,0.0,0.0,0.0
16183000000,4402,0,,0,0.32559171319007874,-0.06497623026371002,0.3802420198917389,1.0,0.0,0.0,0.0,0.0
16185000000,4403,0,,0,0.2563371956348419,0.3389095962047577,-0.13723677396774292,1.0,0.0,0.0,0.0,0.0
16187000000,4404,0,,0,-0.02939514070749283,-0.18012844026088715,0.2921086251735687,1.0,0.0,0.0,0.0,0.0
16189000000,4405,0,,0,0.3916647434234619,0.2727622985839844,-0.28387370705604553,1.0,0.0,0.0,0.0,0.0
16192000000,4406,0,,0,0.07753712683916092,-0.11883290857076645,0.33187347650527954,1.0,0.0,0.0,0.0,0.0
16193000000,4407,0,,0,-0.3835551142692566,-0.29165732860565186,0.13611550629138947,1.0,0.0,0.0,0.0,0.0
16195000000,4408,0,,0,-0.03834124654531479,0.026331551373004913,-0.05443570017814636,1.0,0.0,0.0,0.0,0.0
16197000000,4409,0,,0,0.35853371024131775,0.38200250267982483,0.3772105574607849,1.0,0.0,0.0,0.0,0.0
16199000000,4410,0,,0,-0.15436457097530365,0.14398710429668427,0.2040630280971527,1.0,0.0,0.0,0.0,0.0
16201000000,4411,0,,0,0.04602216184139252,-0.34152352809906006,0.3621874451637268,1.0,0.0,0.0,0.0,0.0
16203000000,4412,0,,0,0.13873760402202606,0.15571780502796173,-0.1622249037027359,1.0,0.0,0.0,0.0,0.0
16205000000,4413,0,,0,-0.018967974931001663,-0.3363310694694519,-0.3908350169658661,1.0,0.0,0.0,0.0,0.0
16207000000,4414,0,,0,0.248420849442482,0.2952026128768921,0.28533706068992615,1.0,0.0,0.0,0.0,0.0
16209000000,4415,0,,0,-0.17666864395141602,-0.35035470128059387,0.21196147799491882,1.0,0.0,0.0,0.0,0.0
16211000000,4416,0,,0,-0.3140822649002075,0.19251865148544312,0.08542780578136444,1.0,0.0,0.0,0.0,0.0
16213000000,4417,0,,0,-0.3580510914325714,0.31097331643104553,0.2615050673484802,1.0,0.0,0.0,0.0,0.0
16215000000,4418,0,,0,-0.3315873444080353,0.18836092948913574,-0.05159236863255501,1.0,0.0,0.0,0.0,0.0
16217000000,4419,0,,0,-0.29270869493484497,-0.18160825967788696,-0.08430028706789017,1.0,0.0,0.0,0.0,0.0
16219000000,4420,0,,0,0.31322699785232544,-0.148539200425148,0.06754787266254425,1.0,0.0,0.0,0.0,0.0
16221000000,4421,0,,0,0.1937393844127655,0.38634157180786133,-0.3731451630592346,1.0,0.0,0.0,0.0,0.0
16223000000,4422,0,,0,0.038170501589775085,-0.0530492328107357,0.3207723796367645,1.0,0.0,0.0,0.0,0.0
16225000000,4423,0,,0,-0.36080628633499146,-0.28973767161369324,0.3874758780002594,1.0,0.0,0.0,0.0,0.0
16227000000,4424,0,,0,-0.1390817016363144,-0.21293729543685913,0.32372114062309265,1.0,0.0,0.0,0.0,0.0
16229000000,4425,0,,0,0.07342704385519028,0.13290594518184662,0.17924900352954865,1.0,0.0,0.0,0.0,0.0
16231000000,4426,0,,0,0.36105161905288696,-0.31987282633781433,-0.1344350129365921,1.0,0.0,0.0,0.0,0.0
16233000000,4427,0,,0,0.34371525049209595,-0.16706331074237823,0.2971353232860565,1.0,0.0,0.0,0.0,0.0
16235000000,4428,0,,0,0.022790418937802315,-0.35621151328086853,-0.3259793817996979,1.0,0.0,0.0,0.0,0.0
16237000000,4429,0,,0,-0.24561409652233124,-0.2082449346780777,-0.32449114322662354,1.0,0.0,0.0,0.0,0.0
16240000000,4430,0,,0,0.3680247366428375,0.2222270518541336,-0.22793203592300415,1.0,0.0,0.0,0.0,0.0
16242000000,4431,0,,0,-0.05138283967971802,-0.11346372961997986,0.06498751789331436,1.0,0.0,0.0,0.0,0.0
16243000000,4432,0,,0,-0.17451222240924835,-0.25878098607063293,0.11513563990592957,1.0,0.0,0.0,0.0,0.0
16245000000,4433,0,,0,-0.13127480447292328,-0.1871851235628128,-0.2580290138721466,1.0,0.0,0.0,0.0,0.0
16247000000,4434,0,,0,-0.34640827775001526,0.2645997703075409,0.23914620280265808,1.0,0.0,0.0,0.0,0.0
16249000000,4435,0,,0,-0.3319869339466095,-0.12284062802791595,0.24061742424964905,1.0,0.0,0.0,0.0,0.0
16251000000,4436,0,,0,-0.05174228549003601,0.03956430405378342,0.29801714420318604,1.0,0.0,0.0,0.0,0.0
16253000000,4437,0,,0,0.15583215653896332,0.12200281769037247,-0.2625238001346588,1.0,0.0,0.0,0.0,0.0
16255000000,4438,0,,0,0.2497127503156662,-0.15173691511154175,-0.330522745847702,1.0,0.0,0.0,0.0,0.0
16257000000,4439,0,,0,-0.09113283455371857,-0.07092715799808502,-0.039575349539518356,1.0,0.0,0.0,0.0,0.0
16259000000,4440,0,,0,0.23537229001522064,0.37039193511009216,-0.25260666012763977,1.0,0.0,0.0,0.0,0.0
16261000000,4441,0,,0,0.04040529578924179,-0.09661831706762314,-0.08206678926944733,1.0,0.0,0.0,0.0,0.0
16263000000,4442,0,,0,-0.19625261425971985,0.18215224146842957,0.001669240416958928,1.0,0.0,0.0,0.0,0.0
16265000000,4443,0,,0,0.21068879961967468,-0.33047810196876526,-0.15212881565093994,1.0,0.0,0.0,0.0,0.0
16267000000,4444,0,,0,-0.2795334756374359,-0.2997393310070038,0.15774224698543549,1.0,0.0,0.0,0.0,0.0
16270000000,4445,0,,0,0.2306726723909378,0.35175150632858276,-0.17295147478580475,1.0,0.0,0.0,0.0,0.0
16272000000,4446,0,,0,-0.0826578289270401,0.0861637219786644,-0.19698338210582733,1.0,0.0,0.0,0.0,0.0
16273000000,4447,0,,0,0.14836953580379486,0.20203372836112976,-0.1727936863899231,1.0,0.0,0.0,0.0,0.0
16275000000,4448,0,,0,-0.21779672801494598,0.15999673306941986,0.34767118096351624,1.0,0.0,0.0,0.0,0.0
16277000000,4449,0,,0,0.22821936011314392,-0.05706135556101799,-0.19234372675418854,1.0,0.0,0.0,0.0,0.0
16279000000,4450,0,,0,0.10417947173118591,0.055299390107393265,-0.0614827461540699,1.0,0.0,0.0,0.0,0.0
16281000000,4451,0,,0,-0.011975894682109356,0.19775928556919098,0.21532194316387177,1.0,0.0,0.0,0.0,0.0
16283000000,4452,0,,0,-0.32853376865386963,0.18770097196102142,0.19081678986549377,1.0,0.0,0.0,0.0,0.0
16285000000,4453,0,,0,0.3236526548862457,-0.16243253648281097,0.0034745994489639997,1.0,0.0,0.0,0.0,0.0
16287000000,4454,0,,0,-0.35194772481918335,-0.37425097823143005,-0.39690521359443665,1.0,0.0,0.0,0.0,0.0
16289000000,4455,0,,0,-0.1161477193236351,0.2352435439825058,-0.2755286693572998,1.0,0.0,0.0,0.0,0.0
16291000000,4456,0,,0,-0.10211635380983353,0.11590782552957535,0.06570055335760117,1.0,0.0,0.0,0.0,0.0
16293000000,4457,0,,0,0.053346388041973114,-0.35109296441078186,-0.3127915859222412,1.0,0.0,0.0,0.0,0.0
16295000000,4458,0,,0,-0.015754634514451027,-0.32638412714004517,-0.05639123544096947,1.0,0.0,0.0,0.0,0.0
16297000000,4459,0,,0,-0.27079054713249207,0.35703691840171814,-0.09539943933486938,1.0,0.0,0.0,0.0,0.0
16299000000,4460,0,,0,-0.09728321433067322,-0.23206892609596252,0.24384666979312897,1.0,0.0,0.0,0.0,0.0
16301000000,4461,0,,0,0.0294803436845541,0.04771766439080238,0.08663336932659149,1.0,0.0,0.0,0.0,0.0
16303000000,4462,0,,0,-0.2634095549583435,0.10995878279209137,-0.1606759876012802,1.0,0.0,0.0,0.0,0.0
16305000000,4463,0,,0,-0.2184729278087616,-0.1888372153043747,-0.02978591062128544,1.0,0.0,0.0,0.0,0.0
16307000000,4464,0,,0,-0.02195928245782852,0.23751753568649292,0.28997090458869934,1.0,0.0,0.0,0.0,0.0
16309000000,4465,0,,0,0.12322559207677841,0.25626981258392334,0.2162470817565918,1.0,0.0,0.0,0.0,0.0
16311000000,4466,0,,0,0.09217137098312378,0.23718862235546112,-0.31197455525398254,1.0,0.0,0.0,0.0,0.0
16313000000,4467,0,,0,-0.008172532543540001,-0.3968243896961212,0.1979772448539734,1.0,0.0,0.0,0.0,0.0
16315000000,4468,0,,0,0.19019834697246552,-0.35763785243034363,0.3005827069282532,1.0,0.0,0.0,0.0,0.0
16317000000,4469,0,,0,-0.20691192150115967,0.394212543964386,-0.21077565848827362,1.0,0.0,0.0,0.0,0.0
16319000000,4470,0,,0,0.27124667167663574,0.3908277750015259,0.1274757981300354,1.0,0.0,0.0,0.0,0.0
16321000000,4471,0,,0,0.16215446591377258,-0.02737380750477314,0.3014831244945526,1.0,0.0,0.0,0.0,0.0
16323000000,4472,0,,0,0.36622586846351624,-0.15129943192005157,0.23310138285160065,1.0,0.0,0.0,0.0,0.0
16325000000,4473,0,,0,0.20087291300296783,-0.1790625900030136,-0.36581000685691833,1.0,0.0,0.0,0.0,0.0
16327000000,4474,0,,0,-0.05817444622516632,-0.07087476551532745,-0.19675295054912567,1.0,0.0,0.0,0.0,0.0
16330000000,4475,0,,0,-0.20665015280246735,0.27055659890174866,0.023574398830533028,1.0,0.0,0.0,0.0,0.0
16331000000,4476,0,,0,0.3003203868865967,-0.2316427379846573,-0.10934154689311981,1.0,0.0,0.0,0.0,0.0
16333000000,4477,0,,0,0.05641160160303116,0.26200035214424133,0.2565399408340454,1.0,0.0,0.0,0.0,0.0
16335000000,4478,0,,0,-0.10260525345802307,-0.17440566420555115,-0.34201282262802124,1.0,0.0,0.0,0.0,0.0
16337000000,4479,0,,0,0.3452797532081604,-0.14825087785720825,-0.3380100131034851,1.0,0.0,0.0,0.0,0.0
16339000000,4480,0,,0,0.338275671005249,0.24145902693271637,0.16741372644901276,1.0,0.0,0.0,0.0,0.0
16341000000,4481,0,,0,-0.0929303839802742,0.33046212792396545,0.20396491885185242,1.0,0.0,0.0,0.0,0.0
16343000000,4482,0,,0,-0.05621784180402756,0.029283437877893448,-0.0590796060860157,1.0,0.0,0.0,0.0,0.0
16346000000,4483,0,,0,-0.35293641686439514,0.34153708815574646,-0.008739191107451916,1.0,0.0,0.0,0.0,0.0
16347000000,4484,0,,0,-0.02822570502758026,-0.1523941457271576,0.07629275321960449,1.0,0.0,0.0,0.0,0.0
16349000000,4485,0,,0,0.3554212152957916,0.30300843715667725,-0.04889623820781708,1.0,0.0,0.0,0.0,0.0
16351000000,4486,0,,0,-0.2196653187274933,0.0581330731511116,0.12733201682567596,1.0,0.0,0.0,0.0,0.0
16353000000,4487,0,,0,-0.12206614762544632,0.1282733678817749,0.1926751285791397,1.0,0.0,0.0,0.0,0.0
16355000000,4488,0,,0,0.1997792273759842,-0.10357888787984848,-0.04762199521064758,1.0,0.0,0.0,0.0,0.0
16357000000,4489,0,,0,-0.31945255398750305,-0.39304253458976746,-0.05471672862768173,1.0,0.0,0.0,0.0,0.0
16359000000,4490,0,,0,-0.054565589874982834,0.10849301517009735,-0.0429537408053875,1.0,0.0,0.0,0.0,0.0
16361000000,4491,0,,0,-0.09019216150045395,-0.07851545512676239,-0.17649102210998535,1.0,0.0,0.0,0.0,0.0
16363000000,4492,0,,0,0.0016045973170548677,-0.14782121777534485,-0.322747141122818,1.0,0.0,0.0,0.0,0.0
16365000000,4493,0,,0,-0.16977345943450928,0.28214555978775024,0.1649933159351349,1.0,0.0,0.0,0.0,0.0
16367000000,4494,0,,0,0.12580032646656036,0.17890550196170807,-0.1885370910167694,1.0,0.0,0.0,0.0,0.0
16369000000,4495,0,,0,0.25399795174598694,-0.28628966212272644,0.3306546211242676,1.0,0.0,0.0,0.0,0.0
16371000000,4496,0,,0,0.07452373206615448,-0.18353688716888428,-0.08647272735834122,1.0,0.0,0.0,0.0,0.0
16373000000,4497,0,,0,-0.3801017105579376,0.36291423439979553,-0.2615656852722168,1.0,0.0,0.0,0.0,0.0
16375000000,4498,0,,0,-0.10529012978076935,-0.3540091812610626,-0.33123335242271423,1.0,0.0,0.0,0.0,0.0
16377000000,4499,0,,0,0.2542557120323181,0.39998456835746765,0.12719368934631348,1.0,0.0,0.0,0.0,0.0
16379000000,4500,0,,0,0.3597448468208313,0.3281710743904114,-0.10753699392080307,1.0,0.0,0.0,0.0,0.0
16381000000,4501,0,,0,-0.03326502814888954,-0.35309579968452454,-0.04898010194301605,1.0,0.0,0.0,0.0,0.0
16383000000,4502,0,,0,0.30632123351097107,0.27662912011146545,-0.3315386474132538,1.0,0.0,0.0,0.0,0.0
16385000000,4503,0,,0,-0.22654181718826294,0.20006163418293,0.09439558535814285,1.0,0.0,0.0,0.0,0.0
16387000000,4504,0,,0,-0.030342284590005875,-0.10507068037986755,-0.06375451385974884,1.0,0.0,0.0,0.0,0.0
16389000000,4505,0,,0,0.1817680150270462,0.09178630262613297,0.3608086407184601,1.0,0.0,0.0,0.0,0.0
16391000000,4506,0,,0,-0.02647012658417225,0.13409550487995148,0.20524944365024567,1.0,0.0,0.0,0.0,0.0
16393000000,4507,0,,0,-0.3768335282802582,0.1987345665693283,0.18901406228542328,1.0,0.0,0.0,0.0,0.0
16395000000,4508,0,,0,-0.04496915638446808,0.01681080088019371,-0.24503859877586365,1.0,0.0,0.0,0.0,0.0
16397000000,4509,0,,0,-0.06370547413825989,-0.07861807942390442,0.10235794633626938,1.0,0.0,0.0,0.0,0.0
16399000000,4510,0,,0,0.10430894792079926,-0.04279100149869919,-0.274754136800766,1.0,0.0,0.0,0.0,0.0
16401000000,4511,0,,0,-0.37290769815444946,0.17612279951572418,0.23938104510307312,1.0,0.0,0.0,0.0,0.0
16403000000,4512,0,,0,0.17309491336345673,-0.303648442029953,-0.1948007494211197,1.0,0.0,0.0,0.0,0.0
16405000000,4513,0,,0,0.12780791521072388,-0.09430836886167526,0.382887601852417,1.0,0.0,0.0,0.0,0.0
16407000000,4514,0,,0,-0.2782483994960785,-0.1833324283361435,-0.04438289254903793,1.0,0.0,0.0,0.0,0.0
16409000000,4515,0,,0,-0.22726266086101532,0.2869599163532257,-0.21693821251392365,1.0,0.0,0.0,0.0,0.0
16411000000,4516,0,,0,0.22426187992095947,-0.31229978799819946,0.07013218849897385,1.0,0.0,0.0,0.0,0.0
16413000000,4517,0,,0,0.334511935710907,-0.3337581753730774,-0.03251901641488075,1.0,0.0,0.0,0.0,0.0
16416000000,4518,0,,0,0.08152784407138824,0.2326146960258484,0.2829638719558716,1.0,0.0,0.0,0.0,0.0
16417000000,4519,0,,0,-0.005035107955336571,-0.12913766503334045,0.2960945665836334,1.0,0.0,0.0,0.0,0.0
16420000000,4520,0,,0,0.01688406616449356,-0.35206615924835205,0.26916977763175964,1.0,0.0,0.0,0.0,0.0
16422000000,4521,0,,0,-0.32084158062934875,0.36341312527656555,0.09272657334804535,1.0,0.0,0.0,0.0,0.0
16424000000,4522,0,,0,0.07045076042413712,-0.11466784030199051,-0.2398238182067871,1.0,0.0,0.0,0.0,0.0
16425000000,4523,0,,0,-0.27811890840530396,0.13343502581119537,0.37517425417900085,1.0,0.0,0.0,0.0,0.0
16427000000,4524,0,,0,0.14049141108989716,-0.2416790872812271,-0.370964914560318,1.0,0.0,0.0,0.0,0.0
16430000000,4525,0,,0,-0.3341142237186432,0.39778709411621094,-0.09961936622858047,1.0,0.0,0.0,0.0,0.0
16431000000,4526,0,,0,0.23171766102313995,0.3711039125919342,-0.29002442955970764,1.0,0.0,0.0,0.0,0.0
16433000000,4527,0,,0,-0.3970903158187866,-0.3145940601825714,0.2735961377620697,1.0,0.0,0.0,0.0,0.0
16436000000,4528,0,,0,0.3093239367008209,-0.02916160225868225,-0.19834968447685242,1.0,0.0,0.0,0.0,0.0
16438000000,4529,0,,0,-0.09830836951732635,-0.25546887516975403,0.27468451857566833,1.0,0.0,0.0,0.0,0.0
16440000000,4530,0,,0,0.061179399490356445,-0.35007911920547485,0.08988212794065475,1.0,0.0,0.0,0.0,0.0
16441000000,4531,0,,0,-0.29599517583847046,0.015980057418346405,0.370734840631485,1.0,0.0,0.0,0.0,0.0
16443000000,4532,0,,0,0.08679556101560593,-0.33360376954078674,0.29394760727882385,1.0,0.0,0.0,0.0,0.0
16446000000,4533,0,,0,0.15400031208992004,-0.2935335338115692,-0.06685381382703781,1.0,0.0,0.0,0.0,0.0
16448000000,4534,0,,0,-0.1540265530347824,0.03954938054084778,-0.005924141965806484,1.0,0.0,0.0,0.0,0.0
16450000000,4535,0,,0,0.2518315017223358,-0.3862508237361908,-0.11423543095588684,1.0,0.0,0.0,0.0,0.0
16451000000,4536,0,,0,-0.22678087651729584,0.32520467042922974,-0.0954594612121582,1.0,0.0,0.0,0.0,0.0
16453000000,4537,0,,0,0.013191048055887222,-0.2693388760089874,-0.1140177845954895,1.0,0.0,0.0,0.0,0.0
16456000000,4538,0,,0,-0.2361423224210739,-0.07600656896829605,0.3921758830547333,1.0,0.0,0.0,0.0,0.0
16458000000,4539,0,,0,-0.20003856718540192,0.1181756854057312,-0.18909743428230286,1.0,0.0,0.0,0.0,0.0
16459000000,4540,0,,0,0.20233455300331116,0.1787768006324768,-0.19822439551353455,1.0,0.0,0.0,0.0,0.0
16462000000,4541,0,,0,0.039263851940631866,0.25006771087646484,-0.37489625811576843,1.0,0.0,0.0,0.0,0.0
16463000000,4542,0,,0,-0.3331097960472107,0.19091054797172546,0.13213713467121124,1.0,0.0,0.0,0.0,0.0
16466000000,4543,0,,0,-0.009422384202480316,-0.09860621392726898,0.08976432681083679,1.0,0.0,0.0,0.0,0.0
16467000000,4544,0,,0,-0.22035783529281616,-0.19653178751468658,0.15141527354717255,1.0,0.0,0.0,0.0,0.0
16469000000,4545,0,,0,-0.290108323097229,-0.016254475340247154,-0.25904446840286255,1.0,0.0,0.0,0.0,0.0
16471000000,4546,0,,0,0.009431536309421062,0.2189248949289322,0.2685714364051819,1.0,0.0,0.0,0.0,0.0
16473000000,4547,0,,0,-0.3162156641483307,-0.11251000314950943,0.3790350556373596,1.0,0.0,0.0,0.0,0.0
16475000000,4548,0,,0,0.33425578474998474,-0.3221852779388428,0.06347361952066422,1.0,0.0,0.0,0.0,0.0
16477000000,4549,0,,0,0.36986321210861206,0.015795305371284485,-0.2510497570037842,1.0,0.0,0.0,0.0,0.0
16479000000,4550,0,,0,0.32357555627822876,-0.013847004622220993,-0.06778158992528915,1.0,0.0,0.0,0.0,0.0
16482000000,4551,0,,0,-0.007510237395763397,0.39697524905204773,0.027524391189217567,1.0,0.0,0.0,0.0,0.0
16483000000,4552,0,,0,-0.14484718441963196,0.24194921553134918,0.170460507273674,1.0,0.0,0.0,0.0,0.0
16485000000,4553,0,,0,-0.38484400510787964,0.28358331322669983,0.2273290604352951,1.0,0.0,0.0,0.0,0.0
16487000000,4554,0,,0,0.15091124176979065,-0.19928807020187378,-0.35931745171546936,1.0,0.0,0.0,0.0,0.0
16489000000,4555,0,,0,0.019521338865160942,0.05685868114233017,0.33053579926490784,1.0,0.0,0.0,0.0,0.0
16491000000,4556,0,,0,-0.35517895221710205,0.050799913704395294,0.031650613993406296,1.0,0.0,0.0,0.0,0.0
16493000000,4557,0,,0,-0.016917670145630836,-0.07436568289995193,0.3474830985069275,1.0,0.0,0.0,0.0,0.0
16496000000,4558,0,,0,-0.08285681903362274,-0.09630558639764786,0.05655541643500328,1.0,0.0,0.0,0.0,0.0
16498000000,4559,0,,0,-0.27945640683174133,-0.17685788869857788,-0.39850983023643494,1.0,0.0,0.0,0.0,0.0
16499000000,4560,0,,0,0.027866961434483528,0.16555900871753693,0.008882062509655952,1.0,0.0,0.0,0.0,0.0
16502000000,4561,0,,0,-0.23063306510448456,-0.35469725728034973,-0.17380234599113464,1.0,0.0,0.0,0.0,0.0
16504000000,4562,0,,0,-0.3519192636013031,-0.2388746589422226,0.08334296196699142,1.0,0.0,0.0,0.0,0.0
16506000000,4563,0,,0,-0.30623936653137207,0.16540655493736267,-0.2193536013364792,1.0,0.0,0.0,0.0,0.0
16508000000,4564,0,,0,0.19716763496398926,-0.05935739725828171,0.07784132659435272,1.0,0.0,0.0,0.0,0.0
16510000000,4565,0,,0,-0.0666917935013771,0.10712733864784241,0.14495453238487244,1.0,0.0,0.0,0.0,0.0
16511000000,4566,0,,0,-0.017443660646677017,-0.187062606215477,0.39807140827178955,1.0,0.0,0.0,0.0,0.0
16513000000,4567,0,,0,0.22674353420734406,0.35152336955070496,0.03504151105880737,1.0,0.0,0.0,0.0,0.0
16516000000,4568,0,,0,-0.258851021528244,0.3577967584133148,-0.12265858054161072,1.0,0.0,0.0,0.0,0.0
16517000000,4569,0,,0,-0.10781039297580719,0.18776655197143555,0.06954747438430786,1.0,0.0,0.0,0.0,0.0
16519000000,4570,0,,0,-0.26338499784469604,-0.24486804008483887,0.1333196461200714,1.0,0.0,0.0,0.0,0.0
16521000000,4571,0,,0,0.3777606785297394,-0.04336065426468849,0.2533583641052246,1.0,0.0,0.0,0.0,0.0
16523000000,4572,0,,0,-0.10928509384393692,0.16845367848873138,0.2405812293291092,1.0,0.0,0.0,0.0,0.0
16526000000,4573,0,,0,0.10902073234319687,0.018913669511675835,-0.24762652814388275,1.0,0.0,0.0,0.0,0.0
16528000000,4574,0,,0,0.0004330333322286606,0.2931636869907379,-0.2841207683086395,1.0,0.0,0.0,0.0,0.0
16530000000,4575,0,,0,-0.092627614736557,0.38131973147392273,-0.21686221659183502,1.0,0.0,0.0,0.0,0.0
16532000000,4576,0,,0,0.2365703582763672,0.38056817650794983,0.21634377539157867,1.0,0.0,0.0,0.0,0.0
16534000000,4577,0,,0,0.272909015417099,0.05268922448158264,0.07888439297676086,1.0,0.0,0.0,0.0,0.0
16535000000,4578,0,,0,0.16736243665218353,-0.08117182552814484,0.2791133224964142,1.0,0.0,0.0,0.0,0.0
16538000000,4579,0,,0,0.25863009691238403,-0.30612704157829285,-0.09741328656673431,1.0,0.0,0.0,0.0,0.0
16540000000,4580,0,,0,0.07784681767225266,-0.2253439724445343,0.3778155446052551,1.0,0.0,0.0,0.0,0.0
16542000000,4581,0,,0,0.3059372305870056,-0.21973177790641785,0.20505289733409882,1.0,0.0,0.0,0.0,0.0
16543000000,4582,0,,0,-0.059812743216753006,0.04341667518019676,-0.13994941115379333,1.0,0.0,0.0,0.0,0.0
16545000000,4583,0,,0,0.20430214703083038,-0.14762793481349945,-0.16559149324893951,1.0,0.0,0.0,0.0,0.0
16547000000,4584,0,,0,0.3988555073738098,-0.047055479139089584,-0.2906176447868347,1.0,0.0,0.0,0.0,0.0
16549000000,4585,0,,0,0.3872472643852234,0.23085899651050568,-0.0711716040968895,1.0,0.0,0.0,0.0,0.0
16551000000,4586,0,,0,-0.2978803813457489,0.05652439221739769,-0.258828729391098,1.0,0.0,0.0,0.0,0.0
16553000000,4587,0,,0,0.05995120108127594,-0.04935680329799652,0.39244338870048523,1.0,0.0,0.0,0.0,0.0
16555000000,4588,0,,0,-0.3781411945819855,0.3786860406398773,-0.23130370676517487,1.0,0.0,0.0,0.0,0.0
16557000000,4589,0,,0,0.04554913192987442,-0.1841292381286621,-0.3907248377799988,1.0,0.0,0.0,0.0,0.0
16559000000,4590,0,,0,-0.23271583020687103,0.33929774165153503,0.001918467110954225,1.0,0.0,0.0,0.0,0.0
16561000000,4591,0,,0,0.03926686570048332,-0.06659930944442749,0.12742240726947784,1.0,0.0,0.0,0.0,0.0
16563000000,4592,0,,0,-0.11053057760000229,-0.38967427611351013,0.15332572162151337,1.0,0.0,0.0,0.0,0.0
16565000000,4593,0,,0,0.2256586104631424,-0.1772715300321579,-0.18284647166728973,1.0,0.0,0.0,0.0,0.0
16567000000,4594,0,,0,-0.1506975293159485,0.19028034806251526,-0.21912914514541626,1.0,0.0,0.0,0.0,0.0
16569000000,4595,0,,0,-0.3924883306026459,0.3351105749607086,0.30896836519241333,1.0,0.0,0.0,0.0,0.0
16571000000,4596,0,,0,-0.12494568526744843,0.10064142197370529,-0.07682977616786957,1.0,0.0,0.0,0.0,0.0
16573000000,4597,0,,0,-0.21136298775672913,0.33914968371391296,0.05545574426651001,1.0,0.0,0.0,0.0,0.0
16575000000,4598,0,,0,-0.3781765103340149,0.39063820242881775,-0.2439316064119339,1.0,0.0,0.0,0.0,0.0
16577000000,4599,0,,0,-0.21934078633785248,-0.062282729893922806,-0.16668541729450226,1.0,0.0,0.0,0.0,0.0
16579000000,4600,0,,0,0.2827170789241791,-0.31129419803619385,0.29211390018463135,1.0,0.0,0.0,0.0,0.0
16581000000,4601,0,,0,0.04036986827850342,-0.12545235455036163,-0.31064897775650024,1.0,0.0,0.0,0.0,0.0
16583000000,4602,0,,0,-0.29864245653152466,-0.3311094343662262,-0.03718780726194382,1.0,0.0,0.0,0.0,0.0
16585000000,4603,0,,0,0.01956339180469513,0.35737812519073486,-0.3729722797870636,1.0,0.0,0.0,0.0,0.0
16587000000,4604,0,,0,-0.10768908262252808,-0.09856057912111282,0.2893012464046478,1.0,0.0,0.0,0.0,0.0
16589000000,4605,0,,0,0.24053221940994263,0.2278112918138504,-0.319622665643692,1.0,0.0,0.0,0.0,0.0
16591000000,4606,0,,0,0.07050642371177673,-0.28553077578544617,0.353859007358551,1.0,0.0,0.0,0.0,0.0
16593000000,4607,0,,0,0.0514845997095108,-0.18509824573993683,0.23336440324783325,1.0,0.0,0.0,0.0,0.0
16595000000,4608,0,,0,0.05452065169811249,-0.1834774762392044,0.04615557938814163,1.0,0.0,0.0,0.0,0.0
16597000000,4609,0,,0,0.04319075867533684,0.15143215656280518,-0.08720768243074417,1.0,0.0,0.0,0.0,0.0
16599000000,4610,0,,0,-0.09676142781972885,0.2841106951236725,0.20114216208457947,1.0,0.0,0.0,0.0,0.0
16601000000,4611,0,,0,-0.19106735289096832,0.2257118672132492,-0.39466971158981323,1.0,0.0,0.0,0.0,0.0
16603000000,4612,0,,0,-0.028077764436602592,0.11077558249235153,0.14913170039653778,1.0,0.0,0.0,0.0,0.0
16605000000,4613,0,,0,0.18683582544326782,-0.14876243472099304,0.23269513249397278,1.0,0.0,0.0,0.0,0.0
16607000000,4614,0,,0,0.3036002516746521,0.2762579321861267,-0.3900565207004547,1.0,0.0,0.0,0.0,0.0
16609000000,4615,0,,0,-0.10831812024116516,0.13312651216983795,0.10079274326562881,1.0,0.0,0.0,0.0,0.0
16611000000,4616,0,,0,0.3167992830276489,0.3392846882343292,-0.19312596321105957,1.0,0.0,0.0,0.0,0.0
16613000000,4617,0,,0,-0.1989952176809311,0.07465040683746338,0.2730512320995331,1.0,0.0,0.0,0.0,0.0
16615000000,4618,0,,0,-0.041969966143369675,0.09738592058420181,0.3800281286239624,1.0,0.0,0.0,0.0,0.0
16617000000,4619,0,,0,-0.15764880180358887,-0.21275831758975983,-0.34845250844955444,1.0,0.0,0.0,0.0,0.0
16619000000,4620,0,,0,-0.07523050159215927,0.3446204662322998,-0.37225276231765747,1.0,0.0,0.0,0.0,0.0
16621000000,4621,0,,0,-0.021404685452580452,-0.355485200881958,0.2819589078426361,1.0,0.0,0.0,0.0,0.0
16623000000,4622,0,,0,0.09278234094381332,-0.17261889576911926,0.38917168974876404,1.0,0.0,0.0,0.0,0.0
16625000000,4623,0,,0,0.13500525057315826,0.15572507679462433,-0.04204075410962105,1.0,0.0,0.0,0.0,0.0
16627000000,4624,0,,0,0.12399238348007202,0.3074808716773987,-0.16158631443977356,1.0,0.0,0.0,0.0,0.0
16629000000,4625,0,,0,0.3092900216579437,0.18912507593631744,-0.3847203254699707,1.0,0.0,0.0,0.0,0.0
16631000000,4626,0,,0,-0.061202216893434525,0.06603526324033737,-0.15608380734920502,1.0,0.0,0.0,0.0,0.0
16633000000,4627,0,,0,0.09775399416685104,0.159839928150177,0.2515048086643219,1.0,0.0,0.0,0.0,0.0
16635000000,4628,0,,0,-0.32747939229011536,0.1768031269311905,0.25085607171058655,1.0,0.0,0.0,0.0,0.0
16637000000,4629,0,,0,0.17858536541461945,0.1614898294210434,0.29989027976989746,1.0,0.0,0.0,0.0,0.0
16639000000,4630,0,,0,0.14608125388622284,0.34211620688438416,-0.2728615403175354,1.0,0.0,0.0,0.0,0.0
16641000000,4631,0,,0,0.28938812017440796,0.38503268361091614,-0.026917511597275734,1.0,0.0,0.0,0.0,0.0
16643000000,4632,0,,0,0.37584325671195984,-0.0468238890171051,-0.10207786411046982,1.0,0.0,0.0,0.0,0.0
16645000000,4633,0,,0,0.24180537462234497,0.054114390164613724,0.33553704619407654,1.0,0.0,0.0,0.0,0.0
16647000000,4634,0,,0,0.36147886514663696,0.38835281133651733,-0.285081148147583,1.0,0.0,0.0,0.0,0.0
16649000000,4635,0,,0,0.056443821638822556,-0.019341005012392998,0.36628058552742004,1.0,0.0,0.0,0.0,0.0
16651000000,4636,0,,0,0.12251384556293488,-0.14158205687999725,0.38033443689346313,1.0,0.0,0.0,0.0,0.0
16653000000,4637,0,,0,0.19610151648521423,0.17976094782352448,-0.1495552361011505,1.0,0.0,0.0,0.0,0.0
16655000000,4638,0,,0,-0.29686862230300903,0.12691985070705414,0.398331880569458,1.0,0.0,0.0,0.0,0.0
16657000000,4639,0,,0,0.23827341198921204,0.07223590463399887,-0.22839441895484924,1.0,0.0,0.0,0.0,0.0
16659000000,4640,0,,0,-0.052794672548770905,-0.18303140997886658,0.006989193148910999,1.0,0.0,0.0,0.0,0.0
16661000000,4641,0,,0,-0.18152077496051788,-0.07002449035644531,-0.3809439241886139,1.0,0.0,0.0,0.0,0.0
16663000000,4642,0,,0,0.07423975318670273,-0.25686877965927124,-0.10293207317590714,1.0,0.0,0.0,0.0,0.0
16665000000,4643,0,,0,-0.054253898561000824,0.021146710962057114,-0.12229125946760178,1.0,0.0,0.0,0.0,0.0
16667000000,4644,0,,0,0.32552778720855713,-0.09552113711833954,0.15550386905670166,1.0,0.0,0.0,0.0,0.0
16669000000,4645,0,,0,0.1981731355190277,0.3982401490211487,0.018905090168118477,1.0,0.0,0.0,0.0,0.0
16671000000,4646,0,,0,0.08312255144119263,0.3751705586910248,-0.16372305154800415,1.0,0.0,0.0,0.0,0.0
16673000000,4647,0,,0,0.2417224496603012,0.1389121115207672,-0.3357214033603668,1.0,0.0,0.0,0.0,0.0
16675000000,4648,0,,0,0.271075576543808,0.04261062666773796,0.3607202172279358,1.0,0.0,0.0,0.0,0.0
16677000000,4649,0,,0,-0.3599817156791687,-0.02420424483716488,0.38929834961891174,1.0,0.0,0.0,0.0,0.0
16679000000,4650,0,,0,-0.23854471743106842,-0.3258737027645111,0.1355975866317749,1.0,0.0,0.0,0.0,0.0
16681000000,4651,0,,0,-0.38722512125968933,-0.11492768675088882,-0.20937390625476837,1.0,0.0,0.0,0.0,0.0
16683000000,4652,0,,0,-0.19569344818592072,0.3935668468475342,-0.1206434965133667,1.0,0.0,0.0,0.0,0.0
16685000000,4653,0,,0,-0.3984176218509674,0.007813699543476105,0.21546803414821625,1.0,0.0,0.0,0.0,0.0
16687000000,4654,0,,0,-0.26607635617256165,-0.2078327089548111,0.007745240814983845,1.0,0.0,0.0,0.0,0.0
16689000000,4655,0,,0,-0.13252390921115875,-0.3394741415977478,0.3524749279022217,1.0,0.0,0.0,0.0,0.0
16691000000,4656,0,,0,-0.05893610417842865,0.3999926745891571,0.3552587330341339,1.0,0.0,0.0,0.0,0.0
16693000000,4657,0,,0,0.010682218708097935,-0.1557876616716385,0.169871523976326,1.0,0.0,0.0,0.0,0.0
16695000000,4658,0,,0,-0.2977742850780487,0.19245493412017822,-0.05304399132728577,1.0,0.0,0.0,0.0,0.0
16697000000,4659,0,,0,0.2205868363380432,0.3829565644264221,-0.21076439321041107,1.0,0.0,0.0,0.0,0.0
16699000000,4660,0,,0,-0.0979401245713234,0.07181539386510849,-0.292574018239975,1.0,0.0,0.0,0.0,0.0
16701000000,4661,0,,0,0.3587720990180969,-0.0908733531832695,0.3091406226158142,1.0,0.0,0.0,0.0,0.0
16703000000,4662,0,,0,0.05698765814304352,0.31012967228889465,-0.2349730134010315,1.0,0.0,0.0,0.0,0.0
16705000000,4663,0,,0,0.2526768445968628,0.12867256999015808,0.21700425446033478,1.0,0.0,0.0,0.0,0.0
16707000000,4664,0,,0,0.3603358268737793,0.39701202511787415,0.1055348739027977,1.0,0.0,0.0,0.0,0.0
16709000000,4665,0,,0,0.09156026691198349,0.012450922280550003,-0.34226173162460327,1.0,0.0,0.0,0.0,0.0
16711000000,4666,0,,0,0.09629753977060318,0.1648709923028946,0.1466682404279709,1.0,0.0,0.0,0.0,0.0
16713000000,4667,0,,0,0.00026602507568895817,0.32322725653648376,-0.014065801165997982,1.0,0.0,0.0,0.0,0.0
16715000000,4668,0,,0,-0.39819931983947754,0.103852279484272,-0.28552451729774475,1.0,0.0,0.0,0.0,0.0
16717000000,4669,0,,0,-0.07126869261264801,0.23066242039203644,0.1539270579814911,1.0,0.0,0.0,0.0,0.0
16719000000,4670,0,,0,0.0036610555835068226,-0.3269628584384918,-0.28526413440704346,1.0,0.0,0.0,0.0,0.0
16721000000,4671,0,,0,0.22989290952682495,-0.3247745633125305,0.1886541247367859,1.0,0.0,0.0,0.0,0.0
16723000000,4672,0,,0,0.29745611548423767,-0.3494926393032074,-0.16010932624340057,1.0,0.0,0.0,0.0,0.0
16725000000,4673,0,,0,0.2511078715324402,-0.2837201952934265,-0.07406385987997055,1.0,0.0,0.0,0.0,0.0
16727000000,4674,0,,0,-0.08648762851953506,-0.14079143106937408,-0.22648027539253235,1.0,0.0,0.0,0.0,0.0
16729000000,4675,0,,0,0.08028846979141235,-0.15135641396045685,0.15974102914333344,1.0,0.0,0.0,0.0,0.0
16731000000,4676,0,,0,0.2005915343761444,-0.03488844260573387,-0.28660476207733154,1.0,0.0,0.0,0.0,0.0
16733000000,4677,0,,0,0.10475125908851624,-0.07056920975446701,0.13929300010204315,1.0,0.0,0.0,0.0,0.0
16735000000,4678,0,,0,0.046664901077747345,0.17637726664543152,0.26202449202537537,1.0,0.0,0.0,0.0,0.0
16737000000,4679,0,,0,-0.2752785384654999,0.09331545978784561,0.20743997395038605,1.0,0.0,0.0,0.0,0.0
16739000000,4680,0,,0,-0.08482598513364792,0.3940851390361786,-0.21500883996486664,1.0,0.0,0.0,0.0,0.0
16741000000,4681,0,,0,-0.009744293987751007,0.38781505823135376,0.10194387286901474,1.0,0.0,0.0,0.0,0.0
16743000000,4682,0,,0,-0.08289632946252823,0.06901001930236816,-0.13589012622833252,1.0,0.0,0.0,0.0,0.0
16745000000,4683,0,,0,0.28081175684928894,0.3525960147380829,-0.022662723436951637,1.0,0.0,0.0,0.0,0.0
16747000000,4684,0,,0,0.04537062346935272,-0.33919286727905273,-0.3460167646408081,1.0,0.0,0.0,0.0,0.0
16749000000,4685,0,,0,0.1654796451330185,-0.11913039535284042,0.20793171226978302,1.0,0.0,0.0,0.0,0.0
16751000000,4686,0,,0,-0.3174438178539276,0.06941962242126465,-0.013765762560069561,1.0,0.0,0.0,0.0,0.0
16753000000,4687,0,,0,-0.3350379168987274,0.1591988354921341,0.1793525218963623,1.0,0.0,0.0,0.0,0.0
16755000000,4688,0,,0,0.3154318332672119,-0.14745093882083893,-0.3551155626773834,1.0,0.0,0.0,0.0,0.0
16757000000,4689,0,,0,-0.36201798915863037,-0.39008572697639465,0.028589915484189987,1.0,0.0,0.0,0.0,0.0
16759000000,4690,0,,0,-0.28713247179985046,0.37790727615356445,-0.35590067505836487,1.0,0.0,0.0,0.0,0.0
16761000000,4691,0,,0,0.022251814603805542,-0.3647393584251404,0.16560806334018707,1.0,0.0,0.0,0.0,0.0
16763000000,4692,0,,0,-0.09486224502325058,0.05527348071336746,-0.18461552262306213,1.0,0.0,0.0,0.0,0.0
16765000000,4693,0,,0,-0.04106481000781059,0.22302964329719543,0.054423850029706955,1.0,0.0,0.0,0.0,0.0
16767000000,4694,0,,0,-0.06159378960728645,0.38948574662208557,0.2330024242401123,1.0,0.0,0.0,0.0,0.0
16769000000,4695,0,,0,-0.12914729118347168,-0.049972712993621826,0.22486619651317596,1.0,0.0,0.0,0.0,0.0
16771000000,4696,0,,0,0.3042106628417969,-0.0898076593875885,-0.10889136791229248,1.0,0.0,0.0,0.0,0.0
16773000000,4697,0,,0,0.3106895387172699,-0.24116770923137665,-0.37177199125289917,1.0,0.0,0.0,0.0,0.0
16775000000,4698,0,,0,0.11847565323114395,-0.029597943648695946,0.25266319513320923,1.0,0.0,0.0,0.0,0.0
16777000000,4699,0,,0,0.036965612322092056,-0.05403241887688637,0.09879722446203232,1.0,0.0,0.0,0.0,0.0
16779000000,4700,0,,0,-0.3947488069534302,-0.2255808264017105,-0.35654416680336,1.0,0.0,0.0,0.0,0.0
16781000000,4701,0,,0,-0.10504629462957382,0.0414896085858345,0.10352793335914612,1.0,0.0,0.0,0.0,0.0
16783000000,4702,0,,0,-0.13999556005001068,0.05416542664170265,-0.18883848190307617,1.0,0.0,0.0,0.0,0.0
16785000000,4703,0,,0,-0.1671358346939087,0.1527993232011795,-0.21234895288944244,1.0,0.0,0.0,0.0,0.0
16787000000,4704,0,,0,-0.029566757380962372,0.12254536896944046,0.060033950954675674,1.0,0.0,0.0,0.0,0.0
16789000000,4705,0,,0,0.20332947373390198,-0.11519373953342438,-0.299176961183548,1.0,0.0,0.0,0.0,0.0
16791000000,4706,0,,0,0.015708010643720627,-0.10342811048030853,0.21730470657348633,1.0,0.0,0.0,0.0,0.0
16793000000,4707,0,,0,0.10576596111059189,-0.13294638693332672,-0.26767897605895996,1.0,0.0,0.0,0.0,0.0
16795000000,4708,0,,0,-0.099788136780262,0.007107971236109734,0.3929331600666046,1.0,0.0,0.0,0.0,0.0
16797000000,4709,0,,0,0.14729125797748566,-0.38676851987838745,-0.23143278062343597,1.0,0.0,0.0,0.0,0.0
16799000000,4710,0,,0,0.16156335175037384,-0.10398101061582565,-0.0966351255774498,1.0,0.0,0.0,0.0,0.0
16802000000,4711,0,,0,-0.029857724905014038,-0.25296151638031006,0.16336767375469208,1.0,0.0,0.0,0.0,0.0
16804000000,4712,0,,0,-0.09697964042425156,-0.13882404565811157,0.3967922031879425,1.0,0.0,0.0,0.0,0.0
16806000000,4713,0,,0,0.11857118457555771,-0.02657209523022175,-0.14415624737739563,1.0,0.0,0.0,0.0,0.0
16807000000,4714,0,,0,-0.30153635144233704,-0.22616587579250336,0.26096659898757935,1.0,0.0,0.0,0.0,0.0
16810000000,4715,0,,0,-0.064185231924057,-0.02412867732346058,0.0937921330332756,1.0,0.0,0.0,0.0,0.0
16812000000,4716,0,,0,-0.01070524100214243,-0.07680168747901917,-0.34572386741638184,1.0,0.0,0.0,0.0,0.0
16814000000,4717,0,,0,0.029449505731463432,0.14762550592422485,-0.02665458433330059,1.0,0.0,0.0,0.0,0.0
16816000000,4718,0,,0,-0.1933300793170929,-0.2377682775259018,-0.33220821619033813,1.0,0.0,0.0,0.0,0.0
16818000000,4719,0,,0,0.01738494634628296,0.172285258769989,0.24960410594940186,1.0,0.0,0.0,0.0,0.0
16820000000,4720,0,,0,0.04093431681394577,0.09559641778469086,-0.07009390741586685,1.0,0.0,0.0,0.0,0.0
16822000000,4721,0,,0,-0.11929726600646973,0.04144794121384621,-0.0006053588003851473,1.0,0.0,0.0,0.0,0.0
16823000000,4722,0,,0,-0.13886351883411407,0.0037963020149618387,-0.24303703010082245,1.0,0.0,0.0,0.0,0.0
16825000000,4723,0,,0,-0.26226869225502014,-0.1752689778804779,-0.07265222072601318,1.0,0.0,0.0,0.0,0.0
16827000000,4724,0,,0,-0.23689234256744385,0.0621335469186306,0.10710015147924423,1.0,0.0,0.0,0.0,0.0
16829000000,4725,0,,0,0.17979685962200165,0.23402415215969086,0.27955615520477295,1.0,0.0,0.0,0.0,0.0
16831000000,4726,0,,0,0.028175974264740944,0.2619381546974182,-0.20526814460754395,1.0,0.0,0.0,0.0,0.0
16833000000,4727,0,,0,0.12717212736606598,-0.016622226685285568,0.2684347927570343,1.0,0.0,0.0,0.0,0.0
16835000000,4728,0,,0,-0.09482476115226746,-0.21778090298175812,-0.2808281183242798,1.0,0.0,0.0,0.0,0.0
16837000000,4729,0,,0,-0.26677146553993225,-0.22751447558403015,0.38623881340026855,1.0,0.0,0.0,0.0,0.0
16839000000,4730,0,,0,0.2048422247171402,-0.11454297602176666,0.09019522368907928,1.0,0.0,0.0,0.0,0.0
