%time,field.header.seq,field.header.stamp,field.header.frame_id,field.pose.position.x,field.pose.position.y,field.pose.position.z,field.pose.orientation.x,field.pose.orientation.y,field.pose.orientation.z,field.pose.orientation.w
40177000000,3758,40177000000,map,0.16780659556388855,-0.07631823420524597,3.7960426807403564,0.20501285001596486,0.0986204434284295,-0.173595493317883,-0.9581797303039459
40185000000,3759,40185000000,map,0.1681576669216156,-0.07839737087488174,3.7970614433288574,0.20921470115168272,0.10096016250323904,-0.1747251552985205,-0.9568214638169852
40193000000,3760,40193000000,map,0.16835691034793854,-0.08026375621557236,3.7979865074157715,0.21104458033676807,0.10192575733933575,-0.17526556219012723,-0.9562183424147943
40201000000,3761,40201000000,map,0.16839756071567535,-0.08191037178039551,3.798858642578125,0.21554869813329391,0.10412176619743524,-0.1768446360164363,-0.9546850400659681
40210000000,3762,40210000000,map,0.16827553510665894,-0.08332054316997528,3.7996490001678467,0.2177827708639548,0.10511089478006923,-0.17786796149828088,-0.9538791923224399
40218000000,3763,40218000000,map,0.167982816696167,-0.08449390530586243,3.8003742694854736,0.2193829602613679,0.10582056341529567,-0.17887261592623505,-0.9532458516298665
40226000000,3764,40226000000,map,0.16752241551876068,-0.08543543517589569,3.801039695739746,0.22037831077251333,0.10635208785857866,-0.17986601714563688,-0.9527701822975725
40233000000,3765,40233000000,map,0.16689178347587585,-0.08613943308591843,3.8016488552093506,0.22077540784247085,0.10680252176532673,-0.1808695757555297,-0.9524378543970642
40241000000,3766,40241000000,map,0.16608895361423492,-0.08660627156496048,3.802262783050537,0.22061754155301722,0.10726209626984556,-0.1818896137831904,-0.9522283845599651
40249000000,3767,40249000000,map,0.1651069074869156,-0.08683311939239502,3.802825927734375,0.22035209543273954,0.10750044196653073,-0.18240110793671865,-0.9521651642871987
40257000000,3768,40257000000,map,0.16395233571529388,-0.08682271838188171,3.8033361434936523,0.2188140568318118,0.10828845632478286,-0.18397040369417322,-0.9521286651163883
40265000000,3769,40265000000,map,0.16261981427669525,-0.08656895160675049,3.803783655166626,0.21724860697428378,0.10876565348033533,-0.18499946114741522,-0.9522333578880894
40274000000,3770,40274000000,map,0.1611177772283554,-0.08609174937009811,3.8041629791259766,0.21633036939084513,0.10896977593602965,-0.18551137676942858,-0.9523194217527485
40282000000,3771,40282000000,map,0.15945348143577576,-0.0854031890630722,3.8044562339782715,0.21314928331592475,0.10934910810933983,-0.18691874433490435,-0.9527179623522676
40290000000,3772,40290000000,map,0.15763266384601593,-0.08451283723115921,3.8045995235443115,0.21071843221792258,0.10935577784811668,-0.18779257494508067,-0.9530860307803133
40298000000,3773,40298000000,map,0.1556614637374878,-0.08342722058296204,3.804622173309326,0.2080848653152951,0.10906254114960214,-0.18857642203368624,-0.9535434083803535
40306000000,3774,40305000000,map,0.1535472571849823,-0.08215783536434174,3.8045148849487305,0.20528874855467324,0.10841882179558311,-0.18928187598406165,-0.9540830566286869
40313000000,3775,40313000000,map,0.15128540992736816,-0.08070513606071472,3.8042733669281006,0.203839102431785,0.10796319855811216,-0.18960299282286613,-0.9543815827566896
40321000000,3776,40321000000,map,0.1488940417766571,-0.0790819525718689,3.8039121627807617,0.19930186248068565,0.10611388440750723,-0.1904536426663615,-0.9553773863464565
40329000000,3777,40329000000,map,0.1463310569524765,-0.0772579088807106,3.803441047668457,0.19771706721969112,0.10534970936044406,-0.19071056985488394,-0.9557401021247413
40338000000,3778,40338000000,map,0.1429441124200821,-0.07470152527093887,3.8026721477508545,0.19162081007381776,0.10211180933373103,-0.19148413311245283,-0.9571773939526598
40346000000,3779,40345000000,map,0.1400408297777176,-0.07243237644433975,3.802124261856079,0.18815125252844261,0.10007711490412895,-0.19182084428520635,-0.9580128709306912
40353000000,3780,40353000000,map,0.13699516654014587,-0.06997986137866974,3.8015494346618652,0.1846610166855168,0.09794898617973428,-0.19210883370108134,-0.9588538269990292
40361000000,3781,40361000000,map,0.13379321992397308,-0.06733454018831253,3.8009510040283203,0.18292385793297739,0.09687832188447795,-0.19223274543570334,-0.9592706593308018
40369000000,3782,40369000000,map,0.13044993579387665,-0.0645095705986023,3.8003389835357666,0.17763662271516079,0.09369791806166786,-0.1925661270074246,-0.9605124740753268
40377000000,3783,40377000000,map,0.12694212794303894,-0.06148473545908928,3.7997095584869385,0.1758384353259776,0.09265722017570276,-0.19267052475118596,-0.9609232794077625
40385000000,3784,40385000000,map,0.12328295409679413,-0.058269865810871124,3.7990682125091553,0.17038900059584483,0.08951213277776675,-0.1929342375823187,-0.96214945767149
40394000000,3785,40394000000,map,0.11948033422231674,-0.05487256869673729,3.7984163761138916,0.16674242892090196,0.08738547129053588,-0.19303834029814054,-0.9629626389666591
40402000000,3786,40402000000,map,0.11554089188575745,-0.051299724727869034,3.797779083251953,0.16309619705492523,0.08523579498984,-0.19309557571841834,-0.9637679809480053
40410000000,3787,40410000000,map,0.11150331795215607,-0.047569017857313156,3.7971255779266357,0.1593888548927857,0.08295267913258063,-0.19311201298933767,-0.964583691054085
40418000000,3788,40418000000,map,0.10732176899909973,-0.04365795478224754,3.7964518070220947,0.15578348176226223,0.0805024562893316,-0.19305637914930318,-0.9653911403778568
40426000000,3789,40426000000,map,0.10302023589611053,-0.03959051892161369,3.79575514793396,0.15225727885248844,0.07780295854474294,-0.1929235322827969,-0.9662012870999332
40434000000,3790,40433000000,map,0.09859476238489151,-0.03536126762628555,3.795039415359497,0.14878330115637572,0.07486115329970909,-0.19271827713054884,-0.9670154799194667
40441000000,3791,40441000000,map,0.09407022595405579,-0.030993111431598663,3.7943191528320312,0.14535707583962582,0.07171925589136975,-0.19245827322208514,-0.9678261745505737
40449000000,3792,40449000000,map,0.08944275230169296,-0.026480821892619133,3.793663501739502,0.14191398914929354,0.06841018564259,-0.19215047478741004,-0.968637543531257
40457000000,3793,40457000000,map,0.0847034603357315,-0.021814052015542984,3.793003559112549,0.14020102268779938,0.06670127054690893,-0.19196675667475105,-0.9690426168922952
40465000000,3794,40465000000,map,0.07991088926792145,-0.017050476744771004,3.792351245880127,0.13510236300693265,0.06144154141610175,-0.19133556547145192,-0.9702385758656402
40477000000,3795,40477000000,map,0.07260752469301224,-0.0096403444185853,3.7912728786468506,0.13007449949485209,0.05614724133280351,-0.19057620570183115,-0.9713952961230218
40490000000,3796,40490000000,map,0.06512691080570221,-0.0019431441323831677,3.7902135848999023,0.12502032054423254,0.05091510258270278,-0.18969765464462157,-0.9725185517826856
40501000000,3797,40501000000,map,0.05744487792253494,0.006071306299418211,3.789175033569336,0.12163935040607123,0.04747423650445143,-0.18906170084744073,-0.9732450370104679
40514000000,3798,40513000000,map,0.04956991970539093,0.014393812045454979,3.7881662845611572,0.11487339827660596,0.040695898469880025,-0.1876896944878656,-0.9746387068501776
40521000000,3799,40521000000,map,0.04420142620801926,0.020121540874242783,3.7876076698303223,0.1115104248427588,0.03736097903207293,-0.1869559600021395,-0.9753035733854369
40529000000,3800,40529000000,map,0.0387628898024559,0.025981944054365158,3.7870571613311768,0.10809839774560102,0.03389831776478538,-0.1861931863377892,-0.9759599684041456
40537000000,3801,40537000000,map,0.03326747938990593,0.0319601334631443,3.7865211963653564,0.10640058307614653,0.03211109382457107,-0.18579730098972647,-0.9762823496484054
40545000000,3802,40545000000,map,0.02771519124507904,0.03806082531809807,3.7859997749328613,0.10128805181376363,0.0265545929283305,-0.18457070125751396,-0.9772253010901397
40553000000,3803,40553000000,map,0.022140556946396828,0.04425054043531418,3.7854971885681152,0.09783763684014654,0.022684542857514676,-0.18371524667328826,-0.9778352924286379
40562000000,3804,40562000000,map,0.016490131616592407,0.05062486231327057,3.784996747970581,0.09613183270872118,0.020738259345198292,-0.18328631819599295,-0.9781282551726371
40570000000,3805,40570000000,map,0.010877412743866444,0.0570288710296154,3.7846009731292725,0.09081203905042992,0.014629302827032977,-0.18194642773498304,-0.9789967752799011
40578000000,3806,40578000000,map,0.006412556394934654,0.06364010274410248,3.7843737602233887,0.08722975185617829,0.010564929442801619,-0.1810160360541051,-0.9795471709746049
40586000000,3807,40586000000,map,0.0018953272374346852,0.0703621432185173,3.784162998199463,0.08358095430079843,0.006542536953865139,-0.1800397464551987,-0.9800801600208737
40593000000,3808,40593000000,map,-0.00265413336455822,0.07717616111040115,3.7839717864990234,0.07981464079505807,0.0025816999371788174,-0.17902767418190663,-0.980597849761133
40601000000,3809,40601000000,map,-0.007245481014251709,0.08408557623624802,3.7838001251220703,0.07589973857489257,-0.0013362368560794718,-0.1780124830418247,-0.9810958990699862
40609000000,3810,40609000000,map,-0.011855700984597206,0.0910690575838089,3.783698081970215,0.07185302208600924,-0.005196932960703917,-0.17699134919610282,-0.9815724113392503
40617000000,3811,40617000000,map,-0.016482528299093246,0.09813062101602554,3.783611536026001,0.06977000892876745,-0.007102597447767926,-0.17647441809911668,-0.9818037553907266
40625000000,3812,40625000000,map,-0.021104179322719574,0.10524103045463562,3.783547878265381,0.0633300574041779,-0.012686888922245374,-0.17489458562953436,-0.9824664724367119
40633000000,3813,40633000000,map,-0.025723619386553764,0.11240741610527039,3.783506393432617,0.058818046293179375,-0.016351463886947474,-0.17382662663511683,-0.982882166803575
40642000000,3814,40642000000,map,-0.03035331517457962,0.11965025216341019,3.783482551574707,0.05647726959589004,-0.01820533384845864,-0.17328326946411426,-0.9830828700961838
40650000000,3815,40650000000,map,-0.03499380499124527,0.1269734650850296,3.783475399017334,0.04918199914724351,-0.023880790273354168,-0.17165387230068313,-0.9836390399091335
40658000000,3816,40658000000,map,-0.03957625851035118,0.13428732752799988,3.783510208129883,0.04401399802240874,-0.027733751772732348,-0.1705516057715778,-0.9839745709701289
40666000000,3817,40666000000,map,-0.04411397874355316,0.14160758256912231,3.783531427383423,0.038583978501460336,-0.031619600326294676,-0.16947260430285038,-0.9842715798115851
40673000000,3818,40673000000,map,-0.04864533618092537,0.14898304641246796,3.783508062362671,0.032774359932039906,-0.03556489519868422,-0.16840945004916308,-0.9845300664335023
40681000000,3819,40681000000,map,-0.05317274108529091,0.1564159244298935,3.783414125442505,0.029700663533216917,-0.03757484201958469,-0.16788535398793014,-0.9846423877847839
40689000000,3820,40689000000,map,-0.05764928460121155,0.16385474801063538,3.783231496810913,0.01986743960051243,-0.04359586769941063,-0.16632554127139038,-0.9849063534970076
40697000000,3821,40697000000,map,-0.06204919144511223,0.1712506264448166,3.782963514328003,0.016352688779732453,-0.04561015383471033,-0.16580393187421966,-0.9849677193084394
40705000000,3822,40705000000,map,-0.06645281612873077,0.17871758341789246,3.782599449157715,0.005273816714922013,-0.05156027600299529,-0.164211539643781,-0.985062549717589
40713000000,3823,40713000000,map,-0.07078440487384796,0.18614798784255981,3.782193422317505,-0.002503435873671986,-0.0553485717244121,-0.16315542391379495,-0.985043499342062
40721000000,3824,40721000000,map,-0.07501626759767532,0.19350355863571167,3.781712055206299,-0.006526336758968633,-0.0572152398398914,-0.1626140897915211,-0.9850079274019189
40730000000,3825,40730000000,map,-0.07919710874557495,0.2008562982082367,3.7811546325683594,-0.01866771506967052,-0.06257104666314621,-0.16098991883730523,-0.9847936528240895
40738000000,3826,40738000000,map,-0.08331439644098282,0.2081887573003769,3.7805349826812744,-0.02692013386255437,-0.06608185016814533,-0.15988470202880412,-0.9845533736407288
40746000000,3827,40746000000,map,-0.08739180117845535,0.21554014086723328,3.7798614501953125,-0.03531585720873132,-0.06955202411117994,-0.158737169784398,-0.9842346170254409
40754000000,3828,40754000000,map,-0.09128998219966888,0.22269822657108307,3.779170513153076,-0.043712025730995675,-0.07286327019101407,-0.15759123912023526,-0.983842019131562
40762000000,3829,40762000000,map,-0.09514477849006653,0.2298920899629593,3.7784361839294434,-0.05218623046036695,-0.07605688309956528,-0.15641782871084342,-0.9833745684347277
40769000000,3830,40769000000,map,-0.09888152033090591,0.23698778450489044,3.77768874168396,-0.06054598739824044,-0.07916614765190055,-0.15523291221180818,-0.9828376175846989
40777000000,3831,40777000000,map,-0.10251519083976746,0.2440086454153061,3.776930332183838,-0.06878361462293049,-0.0822032027989355,-0.15402279189736334,-0.9822364349375394
40785000000,3832,40785000000,map,-0.10603407025337219,0.25093546509742737,3.77616810798645,-0.07290333307542948,-0.08371426116064344,-0.1534075743496499,-0.981907900253397
40793000000,3833,40793000000,map,-0.10942816734313965,0.25775355100631714,3.7754058837890625,-0.08510683913355897,-0.08798395621011817,-0.15154384070849813,-0.9808415849860714
40801000000,3834,40801000000,map,-0.11268752813339233,0.2644481062889099,3.7746469974517822,-0.0890866979819837,-0.08932969938254512,-0.15092925536351232,-0.9804612518251092
40809000000,3835,40809000000,map,-0.11579360067844391,0.2709835469722748,3.773895740509033,-0.10053329263607551,-0.09317069391402182,-0.14906889347024138,-0.979280718598319
40817000000,3836,40817000000,map,-0.11876251548528671,0.27738747000694275,3.7731995582580566,-0.10420329631242917,-0.09437160152007218,-0.14845232722337554,-0.9788757295309778
40830000000,3837,40829000000,map,-0.12315019965171814,0.28664204478263855,3.772066593170166,-0.11836315601621886,-0.09867467456866176,-0.1459514596732846,-0.9772162816645584
40837000000,3838,40837000000,map,-0.12577220797538757,0.2927425503730774,3.7713425159454346,-0.1250608328852745,-0.1005231563190086,-0.14468364032322845,-0.9763818162108913
40845000000,3839,40845000000,map,-0.1282348781824112,0.29866814613342285,3.770608901977539,-0.12826592685877788,-0.10136770013782596,-0.14405649521738634,-0.9759714744937891
40853000000,3840,40853000000,map,-0.13052965700626373,0.30439531803131104,3.769864797592163,-0.13723777259940745,-0.10360263819597035,-0.14215040399348117,-0.9747951980986986
40861000000,3841,40861000000,map,-0.13266873359680176,0.3099451959133148,3.7691032886505127,-0.1400571781280096,-0.10423841023486703,-0.14152325888763906,-0.974417478042344
40869000000,3842,40869000000,map,-0.13466140627861023,0.3153378963470459,3.7683165073394775,-0.14807343364070774,-0.10585677677778947,-0.13965046367405748,-0.9733274340993068
40878000000,3843,40878000000,map,-0.13652946054935455,0.3206292688846588,3.7674975395202637,-0.1529312043259995,-0.10671043090133027,-0.13844430516337275,-0.9726551918655579
40886000000,3844,40886000000,map,-0.13815441727638245,0.3255310356616974,3.766698122024536,-0.1573589941798721,-0.10735326517153054,-0.13726305544015793,-0.9720454534081509
40894000000,3845,40894000000,map,-0.13966046273708344,0.33033862709999084,3.7658591270446777,-0.16138130500928957,-0.1078176338800675,-0.1361250062366668,-0.9714944255107194
40902000000,3846,40902000000,map,-0.14098943769931793,0.3349050283432007,3.765007972717285,-0.16505778777578503,-0.1080762759184887,-0.1350024670734276,-0.9710045948373258
40913000000,3847,40913000000,map,-0.1428336352109909,0.3413437008857727,3.763629674911499,-0.16988397598356292,-0.10811425549735308,-0.13335283942271126,-0.9703957414637374
40921000000,3848,40921000000,map,-0.1437688022851944,0.3454529643058777,3.7627158164978027,-0.1713123326795971,-0.10802762265023895,-0.1328008000009155,-0.9702299357616956
40929000000,3849,40929000000,map,-0.14454291760921478,0.34935620427131653,3.7618319988250732,-0.17500534754742098,-0.10747090229408052,-0.1311287080799428,-0.9698600128723154
40937000000,3850,40937000000,map,-0.14514991641044617,0.3530212342739105,3.760934352874756,-0.17607630423643883,-0.10717919868718055,-0.13056849216953603,-0.9697741175950503
40946000000,3851,40946000000,map,-0.14559687674045563,0.3564656674861908,3.7600157260894775,-0.17872898736904405,-0.10602616364486574,-0.1289101401211778,-0.9696373510716324
40954000000,3852,40954000000,map,-0.1458835005760193,0.35968947410583496,3.7590816020965576,-0.18000693513363303,-0.10498891653212249,-0.12778368130102713,-0.9696629342086784
40962000000,3853,40962000000,map,-0.14600728452205658,0.36267292499542236,3.758146047592163,-0.18094111739669896,-0.10376217192011818,-0.12664925672650795,-0.9697699872038963
40970000000,3854,40970000000,map,-0.14597110450267792,0.3654148280620575,3.7572124004364014,-0.1815481452849112,-0.10232761173481879,-0.1255015558947078,-0.9699580885888004
40977000000,3855,40977000000,map,-0.1466091424226761,0.36988475918769836,3.7564873695373535,-0.18186473660585684,-0.10075007100012422,-0.12434348693817404,-0.9702131191691397
40985000000,3856,40985000000,map,-0.14707346260547638,0.37406450510025024,3.755770683288574,-0.18193151301896632,-0.09990374647695728,-0.1237582357997517,-0.9703629090687474
40993000000,3857,40993000000,map,-0.14736908674240112,0.3780016303062439,3.7550549507141113,-0.1817771212103368,-0.09717607356413907,-0.12196564603888632,-0.9708957295276222
41001000000,3858,41001000000,map,-0.14749620854854584,0.38165295124053955,3.7543559074401855,-0.181627078429638,-0.09620549486320594,-0.12136564350348533,-0.9710955055895638
41009000000,3859,41009000000,map,-0.14745287597179413,0.3850367069244385,3.753666639328003,-0.18092479602961312,-0.09313875318829563,-0.1195523174931526,-0.971750299028029
41018000000,3860,41018000000,map,-0.14725306630134583,0.38813361525535583,3.753002643585205,-0.18027473620907125,-0.09097468900718936,-0.11831813132820806,-0.9722271063252328
41029000000,3861,41029000000,map,-0.1463695913553238,0.391333669424057,3.7519474029541016,-0.17910027739682272,-0.08756696352275774,-0.11643968843692598,-0.9729835158154578
41037000000,3862,41037000000,map,-0.14578622579574585,0.39376580715179443,3.751363515853882,-0.17818645996412166,-0.085121466394898,-0.11513777228642452,-0.9735231640637914
41050000000,3863,41049000000,map,-0.1443529576063156,0.39602968096733093,3.75040602684021,-0.17667067489920768,-0.08120304754705987,-0.11311957044548038,-0.9743703578657088
41058000000,3864,41057000000,map,-0.1434013843536377,0.3978193402290344,3.749880075454712,-0.17564915646349305,-0.07849320011698374,-0.1117400198000218,-0.974936137160119
41065000000,3865,41065000000,map,-0.1423276662826538,0.3993472456932068,3.749390125274658,-0.17458376842683468,-0.07567772741618325,-0.11032182049447864,-0.9755113994954442
41073000000,3866,41073000000,map,-0.14111608266830444,0.4006127715110779,3.748924970626831,-0.17347325692048932,-0.07275396365649009,-0.10884360407665616,-0.9760978728924732
41081000000,3867,41081000000,map,-0.13978968560695648,0.40162333846092224,3.748488426208496,-0.17290627117254048,-0.07124323621339741,-0.10810110304643972,-0.9763924372167159
41094000000,3868,41094000000,map,-0.13732539117336273,0.4018665850162506,3.7478039264678955,-0.17063421359465913,-0.06502521155382002,-0.10497464982390153,-0.9775663955351384
41106000000,3869,41106000000,map,-0.13458222150802612,0.4015626013278961,3.747164726257324,-0.16892424746194332,-0.06021320576056602,-0.10252258832438627,-0.9784315438945215
41114000000,3870,41114000000,map,-0.13283006846904755,0.40160834789276123,3.746837854385376,-0.16774439912144148,-0.056886902719101365,-0.10082765281152062,-0.9790094193344543
41122000000,3871,41122000000,map,-0.13097278773784637,0.4014177620410919,3.746526002883911,-0.16653720274461215,-0.053498196000060276,-0.09909326784844891,-0.9795835858517182
41130000000,3872,41130000000,map,-0.1290367990732193,0.40101271867752075,3.746220588684082,-0.16533057535023768,-0.05007522389317982,-0.09730409198231288,-0.9801481428875217
41141000000,3873,41141000000,map,-0.12575586140155792,0.3992568254470825,3.745711326599121,-0.16410850640424007,-0.04672393830726034,-0.09550210347422966,-0.9806960097713148
41153000000,3874,41153000000,map,-0.122309111058712,0.39700576663017273,3.745227336883545,-0.16149346304153311,-0.03982502604163338,-0.09177240240895507,-0.9817900998118092
41166000000,3875,41166000000,map,-0.11871333420276642,0.39426448941230774,3.744781970977783,-0.15934028064987676,-0.03454535881730251,-0.08889975750814949,-0.982605894211586
41174000000,3876,41174000000,map,-0.11639286577701569,0.3926284909248352,3.744549512863159,-0.15780891705608197,-0.03106122636487669,-0.08698810290024095,-0.9831402741038555
41182000000,3877,41182000000,map,-0.1140349730849266,0.3907882273197174,3.744335174560547,-0.15615735591869012,-0.027533656316704326,-0.08506523723062837,-0.9836770985133388
41193000000,3878,41193000000,map,-0.11021486669778824,0.38700124621391296,3.7439920902252197,-0.15353795562551836,-0.02221718435691133,-0.08216005496277246,-0.984470555083405
41205000000,3879,41205000000,map,-0.10628335922956467,0.3827487826347351,3.743727922439575,-0.15160490622363443,-0.018632494792294587,-0.08020444119186704,-0.9850056514720993
41218000000,3880,41218000000,map,-0.10231970995664597,0.3780919015407562,3.7435176372528076,-0.14733175842530433,-0.011591331644587278,-0.07633173586959496,-0.9860692693411202
41229000000,3881,41229000000,map,-0.0983036458492279,0.37298721075057983,3.7433629035949707,-0.14377673497368318,-0.006244561369071015,-0.07340164481426908,-0.9868644539319752
41241000000,3882,41241000000,map,-0.0942559465765953,0.3674517571926117,3.7432689666748047,-0.14123816706759929,-0.0026918243839815876,-0.07145172086791268,-0.9873900672797545
41254000000,3883,41254000000,map,-0.09019864350557327,0.3615056872367859,3.743239641189575,-0.13562175179202243,0.0042829838191013785,-0.06756649793163289,-0.9884448764574367
41265000000,3884,41265000000,map,-0.08615927398204803,0.3551802337169647,3.743279218673706,-0.13253628637966117,0.007784975998583685,-0.0656083974966652,-0.9889737772593998
41277000000,3885,41277000000,map,-0.08214090764522552,0.34845930337905884,3.7434165477752686,-0.12592557426415169,0.014698323559825633,-0.061679468278479754,-0.9900113483760411
41285000000,3886,41285000000,map,-0.07961346209049225,0.344155877828598,3.7435853481292725,-0.12229095122076164,0.01805033091052587,-0.05972006129120827,-0.9905315247803625
41293000000,3887,41293000000,map,-0.07709001004695892,0.33967170119285583,3.743767738342285,-0.11843646387375847,0.021394915147532115,-0.057762888086907827,-0.9910492145206219
41301000000,3888,41301000000,map,-0.07460062205791473,0.33504486083984375,3.743964433670044,-0.11644274935179914,0.023062486819002023,-0.05677951781745172,-0.991304877303689
41309000000,3889,41309000000,map,-0.07215411961078644,0.3302867114543915,3.7441694736480713,-0.11024835853752421,0.02794702733854326,-0.053846307895335954,-0.9920508343754832
41317000000,3890,41317000000,map,-0.06973975151777267,0.3253726363182068,3.7443716526031494,-0.1058631370006476,0.031014496046590383,-0.05191682517050722,-0.9925400749929978
41326000000,3891,41326000000,map,-0.06735578179359436,0.3202982246875763,3.744574546813965,-0.10120754343057362,0.03397533322790494,-0.049976679293005366,-0.9930282619392994
41334000000,3892,41334000000,map,-0.06502588093280792,0.31511685252189636,3.7447750568389893,-0.09636890346323879,0.03684489350623506,-0.04804820809254079,-0.9935023296913499
41342000000,3893,41342000000,map,-0.06273632496595383,0.30980196595191956,3.7449710369110107,-0.0913845723773139,0.03960996121039455,-0.04614022026045267,-0.9939572627741766
41350000000,3894,41350000000,map,-0.060541097074747086,0.3044784963130951,3.745180606842041,-0.08625880700449859,0.042221614385974396,-0.04424534009825143,-0.9943938619779009
41357000000,3895,41357000000,map,-0.058386534452438354,0.2990090847015381,3.7453866004943848,-0.08096774827726866,0.04469098375224849,-0.04236824590612165,-0.9948125066241595
41365000000,3896,41365000000,map,-0.05628006160259247,0.293403297662735,3.745589017868042,-0.07548937315018808,0.04709809695491595,-0.040492879734780884,-0.9952102885804054
41373000000,3897,41373000000,map,-0.0542265884578228,0.287677139043808,3.745788335800171,-0.06979724632961748,0.04950027239086255,-0.038602340697976245,-0.9955842154203941
41381000000,3898,41381000000,map,-0.05299956351518631,0.2830747961997986,3.7459428310394287,-0.067029869768413,0.05063975853847013,-0.03769795362262951,-0.9957517912900734
41389000000,3899,41389000000,map,-0.05182680860161781,0.2783827781677246,3.746091604232788,-0.0584509944932178,0.05400178119868389,-0.03496270744796953,-0.9962153223299961
41397000000,3900,41397000000,map,-0.05070880427956581,0.2736061215400696,3.7462716102600098,-0.052601145110532446,0.05610349026987117,-0.03318023293074679,-0.9964861579785272
41405000000,3901,41405000000,map,-0.04963473975658417,0.2687172591686249,3.7464256286621094,-0.04968991180646492,0.05713286678792728,-0.03229599204898819,-0.9966061079093892
41413000000,3902,41413000000,map,-0.04861970245838165,0.263764888048172,3.7465455532073975,-0.040763928093188025,0.06017143098970228,-0.02965043436795933,-0.9969145385467919
41422000000,3903,41422000000,map,-0.04766178876161575,0.2587434947490692,3.7466206550598145,-0.03482973150673962,0.0620553997279508,-0.02791626013913012,-0.9970741065152542
41430000000,3904,41430000000,map,-0.04677245393395424,0.2536962330341339,3.7466366291046143,-0.02888134921304475,0.06374162928242087,-0.026202316397586186,-0.9972043402771529
41441000000,3905,41441000000,map,-0.04511683061718941,0.24516341090202332,3.7464873790740967,-0.02294705318637563,0.06523579696531581,-0.02451226991914784,-0.9973048605108513
41454000000,3906,41454000000,map,-0.04361841455101967,0.23656480014324188,3.7462034225463867,-0.010686193828501426,0.06791589793996636,-0.021138583283244746,-0.9974098904573405
41462000000,3907,41462000000,map,-0.04298042505979538,0.23133890330791473,3.7459604740142822,-0.004412277179442503,0.06900032581543952,-0.019450559853534995,-0.9974172661558299
41470000000,3908,41469000000,map,-0.04241248592734337,0.2260965257883072,3.7456562519073486,0.0019496578943753577,0.0698657586660501,-0.017775391212620947,-0.9973961084378774
41477000000,3909,41477000000,map,-0.04191986098885536,0.22086362540721893,3.745299816131592,0.00849672826863338,0.07052688993686017,-0.01608445965036392,-0.997344014933118
41485000000,3910,41485000000,map,-0.04150376841425896,0.2156619280576706,3.7448971271514893,0.011846391200885197,0.0708238777048922,-0.015223188801043782,-0.9973023316999408
41498000000,3911,41498000000,map,-0.04064970836043358,0.20712615549564362,3.744168996810913,0.025667404401354215,0.07169692596419307,-0.011731701723552751,-0.997027154926013
41509000000,3912,41509000000,map,-0.039977170526981354,0.19861260056495667,3.7433440685272217,0.03633198743328175,0.0717952150490985,-0.009063384744328157,-0.9967162797713967
41517000000,3913,41517000000,map,-0.039864033460617065,0.19345366954803467,3.742727041244507,0.04357271985995518,0.07162834645622077,-0.007265695214792918,-0.996452735527658
41525000000,3914,41525000000,map,-0.03982700780034065,0.1883254498243332,3.7420787811279297,0.04721436167071128,0.07152085487036078,-0.006383308794368932,-0.9963005854045337
41533000000,3915,41533000000,map,-0.03988306596875191,0.1833827793598175,3.7414207458496094,0.058195593316956645,0.07109022273842326,-0.0037723115291189947,-0.9957636345545049
41541000000,3916,41541000000,map,-0.04001462832093239,0.1784738153219223,3.7407405376434326,0.06184285909781094,0.07087055994942955,-0.0029158454205290797,-0.9955622990591684
41553000000,3917,41553000000,map,-0.040057770907878876,0.17067065834999084,3.739685535430908,0.07621789393904467,0.069476080099975,0.00042083628238132477,-0.9946676900526762
41566000000,3918,41566000000,map,-0.04029067978262901,0.16311423480510712,3.738654375076294,0.08670557742814887,0.06814105891705718,0.0028529623225510047,-0.9938968241934119
41577000000,3919,41577000000,map,-0.04071683809161186,0.15581677854061127,3.737658977508545,0.09678643253510108,0.06659479311959123,0.005244543094453218,-0.9930609678937439
41589000000,3920,41589000000,map,-0.04133329167962074,0.14881432056427002,3.736732006072998,0.10631793310621666,0.06463726034998948,0.007598191702695549,-0.9921999920723633
41602000000,3921,41602000000,map,-0.04214376211166382,0.14216245710849762,3.735903263092041,0.11526904918282395,0.062435972599113994,0.009952725394756615,-0.9913202609033955
41610000000,3922,41610000000,map,-0.04296940565109253,0.13832107186317444,3.7354302406311035,0.12090758891969099,0.060881968245134734,0.0115233698513636,-0.9907280133881202
41618000000,3923,41618000000,map,-0.043865837156772614,0.13464990258216858,3.7350199222564697,0.12616697824153203,0.05918693790185997,0.013064342926618903,-0.9901556591853424
41629000000,3924,41629000000,map,-0.045088060200214386,0.1289655715227127,3.7345921993255615,0.13352386079725642,0.056325838603368414,0.015390806817571826,-0.9893239754236769
41638000000,3925,41638000000,map,-0.04616938903927803,0.12575162947177887,3.7344212532043457,0.13803227493815234,0.054322190596050667,0.016944803269016876,-0.9887917871675299
41646000000,3926,41646000000,map,-0.04731345176696777,0.12273923307657242,3.734320878982544,0.1422954418359194,0.05222202103728691,0.018502550789979647,-0.9882725379938757
41654000000,3927,41654000000,map,-0.0485183484852314,0.11994113028049469,3.7342917919158936,0.14630028279662916,0.05000593447422804,0.0200738274493143,-0.9877716226993237
41662000000,3928,41662000000,map,-0.049781497567892075,0.1173560842871666,3.734328269958496,0.14996009385036052,0.04769227268851039,0.021642069535556033,-0.9873039191213984
41670000000,3929,41669000000,map,-0.05109482631087303,0.11499588191509247,3.7344298362731934,0.15333127274877714,0.04531413676128318,0.023214020544466866,-0.9868623465895496
41682000000,3930,41682000000,map,-0.05293899402022362,0.1114046722650528,3.734647274017334,0.15788876426058596,0.04155657136078687,0.025600712281941777,-0.9862498685869894
41690000000,3931,41690000000,map,-0.05437386780977249,0.1095670834183693,3.734875440597534,0.16063596433515484,0.03893551680381108,0.027197867106262156,-0.9858704205098457
41698000000,3932,41698000000,map,-0.05585358664393425,0.10794279724359512,3.735138177871704,0.16311763399574908,0.036181620648685006,0.028822248794720454,-0.9855216553384181
41706000000,3933,41706000000,map,-0.05734734982252121,0.10656225681304932,3.735419273376465,0.16528586808067985,0.03335345120977061,0.030471033508466642,-0.9852105273027106
41714000000,3934,41714000000,map,-0.05887005105614662,0.10538841784000397,3.735821008682251,0.16708336268104068,0.0304796103921386,0.03212002895645538,-0.9849479945833364
41722000000,3935,41722000000,map,-0.060409218072891235,0.10442013293504715,3.7362236976623535,0.16852383132766569,0.027527123555185256,0.03378676822766724,-0.984733720005507
41734000000,3936,41734000000,map,-0.06255558878183365,0.10301001369953156,3.736754894256592,0.1700992225730862,0.02300265409918471,0.036283673973998065,-0.9844900690742655
41745000000,3937,41745000000,map,-0.06473555415868759,0.1020992174744606,3.7372958660125732,0.1708225257138059,0.019911098467213614,0.037970264410858545,-0.9843685597100087
41757000000,3938,41757000000,map,-0.0669310912489891,0.10169260948896408,3.737842321395874,0.17169369053581396,0.01372951502652994,0.0413406214457292,-0.9841868646460781
41770000000,3939,41770000000,map,-0.0691346749663353,0.10178516805171967,3.7383906841278076,0.17189311361789933,0.009170969843508344,0.04384991836552232,-0.9840964596560222
41778000000,3940,41778000000,map,-0.07119341194629669,0.10143855214118958,3.738755464553833,0.1717980250593027,0.006086436930170369,0.045535117956381876,-0.984060466247394
41786000000,3941,41786000000,map,-0.07322457432746887,0.10131798684597015,3.7391135692596436,0.1715567817667824,0.0029848872267461244,0.047206661968323904,-0.9840380441239862
41794000000,3942,41794000000,map,-0.07521920651197433,0.10142100602388382,3.7394678592681885,0.17115137649931217,-6.46532656156692e-05,0.04883593269120956,-0.9840337029985895
41801000000,3943,41801000000,map,-0.07718577235937119,0.10174888372421265,3.7398221492767334,0.17065106179735146,-0.0031033251394177344,0.050466383525853475,-0.984033492264347
41814000000,3944,41814000000,map,-0.07971783727407455,0.1027979701757431,3.7403125762939453,0.16964785089895879,-0.007728109363230266,0.052925019933736495,-0.9840522476119343
41822000000,3945,41822000000,map,-0.0816064327955246,0.10368244349956512,3.7406609058380127,0.1687701585837876,-0.010846981421392485,0.05457869368191004,-0.9840834362798324
41830000000,3946,41830000000,map,-0.08346007764339447,0.10478905588388443,3.741053819656372,0.16769442876417587,-0.013968877515935358,0.05622671975238297,-0.9841351926098038
41838000000,3947,41838000000,map,-0.08525889366865158,0.10609248280525208,3.741440773010254,0.1663917487020451,-0.01708231263063967,0.05786678006848733,-0.9842121106083361
41846000000,3948,41845000000,map,-0.08701569586992264,0.10761142522096634,3.7418243885040283,0.16482553493288782,-0.020193967040994413,0.05950148773483088,-0.9843192478972509
41853000000,3949,41853000000,map,-0.0887230783700943,0.10933930426836014,3.7422070503234863,0.16298541406361433,-0.023296807491654293,0.0611582803497942,-0.9844555508053351
41861000000,3950,41861000000,map,-0.09037237614393234,0.11127584427595139,3.7425899505615234,0.1619745956590654,-0.02484828566890095,0.06198048107054466,-0.9845330167128981
41869000000,3951,41869000000,map,-0.0919577106833458,0.11341112107038498,3.742997407913208,0.15854171377442883,-0.02943967905198071,0.0644636890911095,-0.9848057068227636
41877000000,3952,41877000000,map,-0.09348486363887787,0.11576993763446808,3.743410110473633,0.15586829702653432,-0.03240127487656848,0.0661418923051163,-0.9850281578892041
41885000000,3953,41885000000,map,-0.09493470937013626,0.11831044405698776,3.743826150894165,0.15440006414345275,-0.0338602565264019,0.06697981380036144,-0.9851537133509181
41893000000,3954,41893000000,map,-0.096305713057518,0.12101208418607712,3.744252920150757,0.14966854829414244,-0.03811117186214248,0.0694856968254251,-0.9855550356424387
41901000000,3955,41901000000,map,-0.09759160876274109,0.12390433251857758,3.7446846961975098,0.1479986638143605,-0.03947207779549106,0.07030844545520631,-0.9856952582074345
41910000000,3956,41910000000,map,-0.0988001823425293,0.12699225544929504,3.745128631591797,0.1426107529463415,-0.043403899341155655,0.07277677563824675,-0.9861450072278942
41918000000,3957,41918000000,map,-0.09992776811122894,0.13027732074260712,3.7455713748931885,0.13861793437416953,-0.04596010043498531,0.07440908093422521,-0.9864766607788265
41926000000,3958,41926000000,map,-0.10096780210733414,0.13374076783657074,3.7460289001464844,0.13433001147125836,-0.048490352241022425,0.07606591569603693,-0.9868222227897672
41934000000,3959,41933000000,map,-0.1019117534160614,0.13733485341072083,3.7464959621429443,0.12992931413844416,-0.050889369297508744,0.07766758023314796,-0.9871658038988281
41941000000,3960,41941000000,map,-0.1027609184384346,0.14106594026088715,3.746974468231201,0.12540394906191277,-0.05319317398903091,0.07923186051562975,-0.9875052124698863
41949000000,3961,41949000000,map,-0.10351866483688354,0.14496925473213196,3.747467041015625,0.12306577361542997,-0.05432110268052339,0.08001010207338344,-0.9876753592973249
41957000000,3962,41957000000,map,-0.10417931526899338,0.1490127146244049,3.747969388961792,0.11573466649174803,-0.05764399182725866,0.0823371138733669,-0.9881817958290317
41965000000,3963,41965000000,map,-0.10474169254302979,0.15317495167255402,3.7484779357910156,0.11323812953034161,-0.05872853560656525,0.08308652698673913,-0.9883444405174353
41973000000,3964,41973000000,map,-0.10520476847887039,0.15745092928409576,3.749018669128418,0.10563502113434954,-0.061793229208055724,0.08527930107421539,-0.9888126498575427
41981000000,3965,41981000000,map,-0.10556750744581223,0.16184274852275848,3.749560594558716,0.10308590466233677,-0.06275864623713527,0.08598247909477114,-0.9889598266525428
41993000000,3966,41993000000,map,-0.10572285205125809,0.1687368005514145,3.7503280639648438,0.09262796236030207,-0.06632071084663577,0.08870520765542339,-0.9895216862900416
42006000000,3967,42006000000,map,-0.1056581512093544,0.17591983079910278,3.7510924339294434,0.08722641040134477,-0.06795278565203638,0.09000404708598359,-0.989784556184204
42014000000,3968,42014000000,map,-0.10561583936214447,0.18078278005123138,3.7516167163848877,0.07903071501038374,-0.07012006978651443,0.09191506949116457,-0.9901460075570334
42022000000,3969,42022000000,map,-0.10546597093343735,0.18575911223888397,3.752126455307007,0.07343381035062684,-0.07138229751747142,0.09313484143391842,-0.9903727154551736
42030000000,3970,42030000000,map,-0.1052287295460701,0.1906518042087555,3.7526028156280518,0.06778748324263484,-0.07249921871983103,0.09426736940025454,-0.9905869478861544
42038000000,3971,42037000000,map,-0.10489238798618317,0.195607990026474,3.753048896789551,0.06193579553295548,-0.0735077067000023,0.09534337844273771,-0.9907927930942817
42045000000,3972,42045000000,map,-0.10445407032966614,0.20063647627830505,3.753471851348877,0.05612351134000285,-0.07434984485573201,0.09637382674198053,-0.9909765112069406
42053000000,3973,42053000000,map,-0.10390864312648773,0.20574703812599182,3.753863573074341,0.050362118808082626,-0.07499947793943271,0.09736305542337975,-0.9911404203007994
42061000000,3974,42061000000,map,-0.1032562255859375,0.21093305945396423,3.7542214393615723,0.044504374629199456,-0.07551269616248281,0.09833942931598322,-0.99128532116598
42069000000,3975,42069000000,map,-0.1025095283985138,0.21612082421779633,3.7545418739318848,0.038754825361710786,-0.07588409682573884,0.0992562497116406,-0.9914070834113278
42077000000,3976,42077000000,map,-0.10167510062456131,0.22129245102405548,3.7548255920410156,0.03296637455304657,-0.07613028973878112,0.10018942308452039,-0.9915036418412664
42085000000,3977,42085000000,map,-0.10074752569198608,0.22647693753242493,3.7550859451293945,0.03011668651378933,-0.07619199535917912,0.10064363967092227,-0.9915436392005033
42093000000,3978,42093000000,map,-0.0997244343161583,0.23167407512664795,3.755312442779541,0.02163340045565296,-0.07611595190775333,0.1019656177213149,-0.991635772211348
42102000000,3979,42102000000,map,-0.09859871119260788,0.23690132796764374,3.7555055618286133,0.015997834705783982,-0.07587144223447344,0.10280404497874213,-0.9916748423399175
42110000000,3980,42110000000,map,-0.09737308323383331,0.24213843047618866,3.7556679248809814,0.010284268310211493,-0.07549571098253291,0.10363442218810387,-0.9916928811910803
42118000000,3981,42118000000,map,-0.09605099260807037,0.24737320840358734,3.7557921409606934,0.004398239644710455,-0.07497562940862061,0.1044663166840118,-0.9916885822125321
42126000000,3982,42126000000,map,-0.09465775638818741,0.25252965092658997,3.755871295928955,0.0014808637667447274,-0.07466477269325048,0.10486081118607371,-0.9916789727310718
42133000000,3983,42133000000,map,-0.09317687153816223,0.25766846537590027,3.755847930908203,-0.007461946746527887,-0.07341817691559754,0.10605546360711504,-0.9916180705349733
42141000000,3984,42141000000,map,-0.09160782396793365,0.2627905011177063,3.755775213241577,-0.01364122001307756,-0.07235366079186772,0.10687623133501623,-0.9915423747950478
42149000000,3985,42149000000,map,-0.0899559035897255,0.2678789496421814,3.7556540966033936,-0.016824542505147037,-0.07173023251122868,0.1072948338344264,-0.9914936530381693
42157000000,3986,42157000000,map,-0.08821585774421692,0.27294984459877014,3.755483865737915,-0.026753502345699516,-0.06955323715016366,0.10856956526763845,-0.9912916431932566
42165000000,3987,42165000000,map,-0.08641453832387924,0.27792495489120483,3.7552719116210938,-0.030102537026490715,-0.06872226593365582,0.10898315229207578,-0.9912083188737504
42173000000,3988,42173000000,map,-0.0845455527305603,0.2828234136104584,3.755023956298828,-0.04025979844289261,-0.06589824005678566,0.11023023539266469,-0.9909016162571367
42185000000,3989,42185000000,map,-0.08227955549955368,0.2899249792098999,3.7546870708465576,-0.04710211078369199,-0.0637677030351253,0.11103658889837509,-0.9906492409282535
42193000000,3990,42193000000,map,-0.08099544793367386,0.2944484353065491,3.7544503211975098,-0.05755634243437838,-0.060306813664154545,0.11222003025771243,-0.9901803572385699
42201000000,3991,42201000000,map,-0.07963023334741592,0.2988918125629425,3.754213333129883,-0.06458199101434017,-0.05784042149528297,0.11293412431203254,-0.9898128788664033
42210000000,3992,42210000000,map,-0.07822337746620178,0.30317211151123047,3.753994941711426,-0.07139773931604879,-0.05534918219517102,0.11359932802208006,-0.989411008665852
42218000000,3993,42218000000,map,-0.07672904431819916,0.307381272315979,3.753803253173828,-0.07819606483498197,-0.05279762581575615,0.11422423934495107,-0.988964378512182
42226000000,3994,42226000000,map,-0.07518059760332108,0.3114456832408905,3.7536542415618896,-0.08494356323024455,-0.050206891965016896,0.11482715001289939,-0.9884729041116964
42234000000,3995,42233000000,map,-0.07357119023799896,0.31538063287734985,3.7535572052001953,-0.09167441362034529,-0.04759895166337306,0.11539052693694452,-0.9879348152967579
42241000000,3996,42241000000,map,-0.07189850509166718,0.31918731331825256,3.753552198410034,-0.09817247511231925,-0.04498693497122482,0.11591757327757318,-0.9873710169042276
42249000000,3997,42249000000,map,-0.07017481327056885,0.32284286618232727,3.7536110877990723,-0.10140371330278955,-0.043650345135289,0.11617239312367006,-0.9870744716781049
42257000000,3998,42257000000,map,-0.06841102987527847,0.3263281583786011,3.7537386417388916,-0.11080749706911597,-0.039554798888227764,0.11692163764964825,-0.9861472831577138
42265000000,3999,42265000000,map,-0.0666145607829094,0.3296482264995575,3.753936290740967,-0.11383507905340359,-0.03815738324735664,0.11716566790252636,-0.9858285686892745
42273000000,4000,42273000000,map,-0.06477350741624832,0.3328036963939667,3.7542028427124023,-0.12270288924975106,-0.03377237507890061,0.11789312250782441,-0.9848373591059952
42282000000,4001,42282000000,map,-0.0628996416926384,0.33577632904052734,3.7545390129089355,-0.1283421481172208,-0.03062929492462494,0.1183939113618308,-0.9841610707747894
42290000000,4002,42290000000,map,-0.06099424883723259,0.33856457471847534,3.7549383640289307,-0.13374208137377752,-0.027365764345661202,0.11889908348808242,-0.9834771117171547
42298000000,4003,42297000000,map,-0.059064432978630066,0.34116339683532715,3.7553975582122803,-0.13894168539100588,-0.023987209748755164,0.11943321049926092,-0.9827795392274508
42305000000,4004,42305000000,map,-0.057159554213285446,0.34352314472198486,3.755904197692871,-0.14142750651617841,-0.022278281482183943,0.11969616468712041,-0.9824331342795398
42313000000,4005,42313000000,map,-0.055223848670721054,0.34570449590682983,3.7564592361450195,-0.14854243191713584,-0.017049185207710087,0.12051516224738407,-0.9813870494994994
42321000000,4006,42321000000,map,-0.05329371616244316,0.3476724326610565,3.7570526599884033,-0.15300753753700877,-0.013521214764476881,0.12108747430331357,-0.9806852623249445
42329000000,4007,42329000000,map,-0.051339808851480484,0.34944581985473633,3.7576816082000732,-0.15516015094621025,-0.011770050087341673,0.12137167050282249,-0.9803344741047884
42337000000,4008,42337000000,map,-0.04945210739970207,0.35096439719200134,3.758268356323242,-0.16130813808027467,-0.00659597125524273,0.12224440529493752,-0.9792816879758348
42346000000,4009,42346000000,map,-0.04754633083939552,0.3522905707359314,3.758890390396118,-0.16504284408380987,-0.0032683616614742274,0.12280634922613326,-0.9786056103788715
42354000000,4010,42354000000,map,-0.04567462578415871,0.353389173746109,3.7595314979553223,-0.16859789387721136,3.4228509346970964e-05,0.12339058884019133,-0.9779312608026971
42362000000,4011,42362000000,map,-0.043840713798999786,0.35426095128059387,3.760187864303589,-0.171857868315832,0.0032707903736198035,0.12396416530157606,-0.9772856132303587
42370000000,4012,42369000000,map,-0.042037010192871094,0.35491058230400085,3.760859966278076,-0.17479795344261098,0.006404666709851895,0.12451468743682542,-0.9766785300244079
42377000000,4013,42377000000,map,-0.040263764560222626,0.3553365170955658,3.7615458965301514,-0.1774504232067956,0.009534238799179827,0.1250505003219443,-0.9761060493810845
42385000000,4014,42385000000,map,-0.03853654861450195,0.3555346131324768,3.762237071990967,-0.1786716070689745,0.011111416017305996,0.12531973439023197,-0.9758320105720666
42393000000,4015,42393000000,map,-0.036842118948698044,0.35550403594970703,3.7629241943359375,-0.18187730163506916,0.015891411279115954,0.12613152483940032,-0.9750686889986857
42401000000,4016,42401000000,map,-0.03520699962973595,0.35524502396583557,3.7636096477508545,-0.18358663029670122,0.01909596261194476,0.126658402592635,-0.974622564607198
42409000000,4017,42409000000,map,-0.03363603726029396,0.3547585606575012,3.7642922401428223,-0.1843029370605681,0.0206952458521149,0.12692700445819494,-0.9744197118253151
42418000000,4018,42418000000,map,-0.03211618959903717,0.3540400564670563,3.7649781703948975,-0.18596819065536996,0.02549466554273231,0.1277153612595912,-0.9738864277511067
42426000000,4019,42426000000,map,-0.030629752203822136,0.3530765175819397,3.7656757831573486,-0.18671387377264892,0.028729794414155775,0.12824847674640544,-0.9735836026445559
42434000000,4020,42434000000,map,-0.029271166771650314,0.351907342672348,3.7663466930389404,-0.18714386118951315,0.03191767140004246,0.12878239302334143,-0.9733312273156727
42442000000,4021,42441000000,map,-0.02796134166419506,0.35049644112586975,3.7670278549194336,-0.18720807191321948,0.03501805679677659,0.12930787993057535,-0.973142578021738
42449000000,4022,42449000000,map,-0.026734963059425354,0.34886300563812256,3.767707109451294,-0.1869048095331154,0.03799576852256369,0.12983576920817425,-0.9730187927276613
42457000000,4023,42457000000,map,-0.025585832074284554,0.3470015525817871,3.7683887481689453,-0.1863133944180984,0.040868171078990274,0.130345156019277,-0.9729477331410721
42465000000,4024,42465000000,map,-0.02451433427631855,0.3449057638645172,3.7690768241882324,-0.18590877940403777,0.042251773090261964,0.13059394886603676,-0.9729326867161536
42473000000,4025,42473000000,map,-0.023529313504695892,0.34258440136909485,3.769768714904785,-0.18419490415112258,0.046244633809282475,0.1313334153231604,-0.9729774888161207
42482000000,4026,42482000000,map,-0.022635599598288536,0.34003904461860657,3.7704622745513916,-0.18260240128520666,0.04875208153609715,0.13181818837473264,-0.9730897680205537
42490000000,4027,42490000000,map,-0.021843943744897842,0.33729156851768494,3.7711539268493652,-0.18071355339069847,0.05115453092655906,0.13229124460241898,-0.9732548150793224
42498000000,4028,42498000000,map,-0.021151550114154816,0.33434155583381653,3.7718966007232666,-0.17856128242464114,0.0534567814530424,0.13276602885089417,-0.9734637370073909
42506000000,4029,42505000000,map,-0.020553119480609894,0.3311700224876404,3.772644281387329,-0.1761646282258495,0.05566027664510864,0.13322353289147998,-0.9737143000217883
42513000000,4030,42513000000,map,-0.0200596172362566,0.3278035521507263,3.77339243888855,-0.17345391678537891,0.057829527522759785,0.1336839872114614,-0.9740113931569414
42521000000,4031,42521000000,map,-0.019664911553263664,0.3242107331752777,3.774148941040039,-0.1704270460291599,0.05998819427307864,0.1341555261526013,-0.9743502538189691
42529000000,4032,42529000000,map,-0.019376792013645172,0.3204279839992523,3.7749009132385254,-0.16880654185076455,0.06104574299591399,0.13437220310079584,-0.9745368379173267
42537000000,4033,42537000000,map,-0.019199039787054062,0.3165011703968048,3.775631904602051,-0.1635600073177193,0.0640266315404076,0.13500659746458182,-0.9751523504929799
42545000000,4034,42545000000,map,-0.019123665988445282,0.3123967945575714,3.7763442993164062,-0.16166811431340622,0.06495799786715739,0.13520696358240264,-0.9753783418946953
42553000000,4035,42553000000,map,-0.0191519632935524,0.30813494324684143,3.777111291885376,-0.1555358453196583,0.06759022397316662,0.13576776954868852,-0.9761185248482436
42565000000,4036,42565000000,map,-0.019277628511190414,0.30148085951805115,3.7781543731689453,-0.14885533275465873,0.06995112710770891,0.13627155082893921,-0.9769232346268621
42578000000,4037,42578000000,map,-0.01965475082397461,0.2957668900489807,3.7790350914001465,-0.14179373628795777,0.07191754891107942,0.1366976976142329,-0.9777711027783558
42586000000,4038,42586000000,map,-0.02010924741625786,0.2922038733959198,3.779555082321167,-0.13690490205822448,0.07303230144405617,0.13695083158638938,-0.9783496104210163
42597000000,4039,42597000000,map,-0.020878838375210762,0.2859914004802704,3.7802250385284424,-0.1292926754549749,0.07444828804005242,0.13728122073186622,-0.9792317861071977
42610000000,4040,42610000000,map,-0.021889736875891685,0.2794724404811859,3.780768394470215,-0.12142327931882393,0.07559003562950041,0.13752044624401405,-0.9801177128628968
42618000000,4041,42618000000,map,-0.022763190791010857,0.27532094717025757,3.7811028957366943,-0.1161027046267462,0.07616190382643145,0.13764444227233313,-0.9807006037778024
42626000000,4042,42626000000,map,-0.023727092891931534,0.27111321687698364,3.781372308731079,-0.11074310722130346,0.07658989848761452,0.13774171719869632,-0.9812732108616715
42633000000,4043,42633000000,map,-0.024787764996290207,0.26679468154907227,3.781578540802002,-0.10523580618525424,0.076935432839686,0.1377996269685502,-0.981843963484206
42646000000,4044,42646000000,map,-0.02647639811038971,0.2596200108528137,3.7817418575286865,-0.09669326231665608,0.07727833894062613,0.13781989960268398,-0.9826923373978818
42657000000,4045,42657000000,map,-0.028390275314450264,0.25224584341049194,3.7817487716674805,-0.08806501941705608,0.07730461025668307,0.13773990488421028,-0.9835121778951157
42670000000,4046,42670000000,map,-0.03052527830004692,0.24472135305404663,3.781585931777954,-0.07935196808558324,0.07700497950258633,0.13756899941349865,-0.9843008718713
42682000000,4047,42682000000,map,-0.03287767618894577,0.2370428889989853,3.781264305114746,-0.07057364297493204,0.07642152018145222,0.13732458983898388,-0.9850487676981259
42690000000,4048,42690000000,map,-0.03459008410573006,0.23221416771411896,3.7809767723083496,-0.06480534593311787,0.07588207772827747,0.13710070577969413,-0.9855179464157491
42701000000,4049,42701000000,map,-0.03727138042449951,0.22437728941440582,3.7803680896759033,-0.05629929794260759,0.07475687541104804,0.13668640225883194,-0.9861838666222214
42709000000,4050,42709000000,map,-0.0392148494720459,0.21940366923809052,3.7798893451690674,-0.05347038171422114,0.07429787384025115,0.13653905687643791,-0.9863964553261102
42717000000,4051,42717000000,map,-0.04124100133776665,0.21438881754875183,3.779340982437134,-0.04503392343895841,0.0726860914253195,0.13602170431096672,-0.987009059769216
42726000000,4052,42726000000,map,-0.043349623680114746,0.20933298766613007,3.778763771057129,-0.03946561615677872,0.0714720435514291,0.13564866255479674,-0.9873873277346015
42737000000,4053,42737000000,map,-0.045555856078863144,0.20419226586818695,3.7781200408935547,-0.03405300196717629,0.07015477541135749,0.13524135541078752,-0.9877390853322733
42742000000,4054,42742000000,map,-0.04776656627655029,0.19923651218414307,3.777449369430542,-0.02874867751937754,0.06867339402862953,0.1347873074117797,-0.9880738577499953
42750000000,4055,42750000000,map,-0.050085846334695816,0.19417396187782288,3.7767174243927,-0.02347586179210773,0.06701356947475154,0.1343065804576643,-0.9883925722184348
42762000000,4056,42762000000,map,-0.053678952157497406,0.18612273037433624,3.7755019664764404,-0.015780438626986654,0.0643658399139354,0.13353343866858053,-0.9888260947022177
42770000000,4057,42770000000,map,-0.05618596076965332,0.18105682730674744,3.7746424674987793,-0.010784938626206391,0.06249588171009421,0.13298426523248363,-0.9890870679881972
42778000000,4058,42778000000,map,-0.05875629186630249,0.1759980320930481,3.773768901824951,-0.008359205736120237,0.06151045414759509,0.13269973185818656,-0.9892105161074856
42789000000,4059,42789000000,map,-0.06267499178647995,0.16810894012451172,3.7724428176879883,0.0009015184554700492,0.0572903665973622,0.1315364366924373,-0.9896541116880628
42801000000,4060,42801000000,map,-0.0667525976896286,0.1602397859096527,3.7711243629455566,0.0076456437857627246,0.05386562168866626,0.13066467127783798,-0.9899327023567197
42814000000,4061,42814000000,map,-0.07099741697311401,0.15237554907798767,3.7698144912719727,0.014385592626785773,0.0502303361495012,0.1297953503804523,-0.9901631613243773
42822000000,4062,42822000000,map,-0.07388406246900558,0.14747241139411926,3.7689592838287354,0.019095566168150946,0.047629944085007855,0.1292243448768267,-0.9902867358842112
42830000000,4063,42829000000,map,-0.07681141793727875,0.14261075854301453,3.768136739730835,0.024021183401377603,0.04494688163570491,0.1286623587987824,-0.990378110251783
42842000000,4064,42842000000,map,-0.08127117902040482,0.13504379987716675,3.766874313354492,0.031930174196798757,0.040809801974341975,0.1278662891241087,-0.9904368629586071
42853000000,4065,42853000000,map,-0.08582949638366699,0.12761083245277405,3.7656514644622803,0.037586241260381875,0.03799987471220708,0.12737026286398395,-0.9904141458072597
42861000000,4066,42861000000,map,-0.0889231488108635,0.12296218425035477,3.7648909091949463,0.04672499131992874,0.03350079725070921,0.1266832692332564,-0.9902756512630528
42869000000,4067,42869000000,map,-0.09203223884105682,0.11840081214904785,3.7641632556915283,0.05314129912104819,0.030334374986348098,0.12626803848172702,-0.9901071481627064
42877000000,4068,42877000000,map,-0.09514608979225159,0.11394396424293518,3.7634787559509277,0.05642655771750831,0.028729959050282756,0.12607395224433443,-0.9899980299719117
42889000000,4069,42889000000,map,-0.09984887391328812,0.10711798071861267,3.762547492980957,0.06989802471276321,0.022174241986634917,0.12532074591459624,-0.9894025371493013
42902000000,4070,42902000000,map,-0.10457144677639008,0.10055828094482422,3.761775255203247,0.08056973846462318,0.01673934791923843,0.12483281184938555,-0.9887593340941765
42910000000,4071,42910000000,map,-0.10777848213911057,0.09646206349134445,3.761370897293091,0.08761338564221458,0.013043993901322229,0.12451835421264584,-0.9882555528139257
42918000000,4072,42918000000,map,-0.11092136055231094,0.09259818494319916,3.7610559463500977,0.09480396463624907,0.00925804786670989,0.12420667826790782,-0.9876737155702329
42926000000,4073,42926000000,map,-0.11403930932283401,0.08888924866914749,3.760833740234375,0.1018463684818094,0.005527754111378159,0.12391181891572556,-0.9870373824514154
42933000000,4074,42933000000,map,-0.11716043204069138,0.08530497550964355,3.760725259780884,0.10905774167722795,0.0016893615921500787,0.12362378735300211,-0.9863167556355761
42941000000,4075,42941000000,map,-0.12025716155767441,0.08188112080097198,3.760702133178711,0.11273439566529547,-0.0002640447375646399,0.12347774852291182,-0.9859229776299387
42949000000,4076,42949000000,map,-0.1233096495270729,0.0786358192563057,3.760751962661743,0.12361679624450532,-0.006015045437148898,0.12303630243160868,-0.9846546946645491
42957000000,4077,42957000000,map,-0.12631800770759583,0.0755702331662178,3.7608633041381836,0.12710080225638562,-0.007836484715819957,0.12287353130265966,-0.9842185590761583
42965000000,4078,42965000000,map,-0.12927590310573578,0.07269209623336792,3.7610273361206055,0.13731500669930377,-0.01331872549916236,0.122422222848805,-0.9828428859407627
42974000000,4079,42974000000,map,-0.13219618797302246,0.0699925497174263,3.761207342147827,0.1438587685459537,-0.0170022020083326,0.12214017613857014,-0.981884550899322
42982000000,4080,42982000000,map,-0.13572722673416138,0.0668349415063858,3.761221170425415,0.15010398319117668,-0.020678587310240852,0.12185678072918293,-0.9809139089781161
42990000000,4081,42990000000,map,-0.13915856182575226,0.06391973793506622,3.761272668838501,0.1558714633085287,-0.024255421755966393,0.12158206757058893,-0.9799661106488031
42998000000,4082,42998000000,map,-0.14252181351184845,0.061215590685606,3.7613635063171387,0.15854129230594372,-0.02601370925049993,0.12145575346560172,-0.9795083537271263
43006000000,4083,43005000000,map,-0.14578959345817566,0.0587453655898571,3.761488437652588,0.16601618340332058,-0.03138774853700275,0.12110968569247882,-0.9781543019250168
43014000000,4084,43013000000,map,-0.14895418286323547,0.05651633441448212,3.761643171310425,0.17046404042544044,-0.03500100312819777,0.12092002487417974,-0.9772897857683613
43021000000,4085,43021000000,map,-0.1520412117242813,0.05451074242591858,3.761845827102661,0.1743881965130321,-0.03856206411586809,0.12075598933977533,-0.9764833479689539
43029000000,4086,43029000000,map,-0.15503039956092834,0.052739813923835754,3.762071371078491,0.17782597796880809,-0.042087215988607145,0.12061016124392765,-0.9757354942889767
43037000000,4087,43037000000,map,-0.15791061520576477,0.05121248960494995,3.762319564819336,0.1793518624722965,-0.04383548833826328,0.12055642401207628,-0.9753858861805788
43045000000,4088,43045000000,map,-0.1606537401676178,0.04995258152484894,3.7625927925109863,0.1832412790200031,-0.048928028823561835,0.1204230292365393,-0.9744366970052649
43053000000,4089,43053000000,map,-0.16328880190849304,0.048935409635305405,3.7628908157348633,0.18529010581474648,-0.052159822825596884,0.12037262160572021,-0.973887692156562
43065000000,4090,43065000000,map,-0.16677160561084747,0.04799630120396614,3.7634329795837402,0.1875321601048441,-0.056769286669975695,0.12034948298588782,-0.9732034380709876
43078000000,4091,43078000000,map,-0.17000144720077515,0.04761374741792679,3.7639989852905273,0.1887618997772707,-0.06112214996390807,0.12036802759923254,-0.9726996146438883
43086000000,4092,43086000000,map,-0.1721654087305069,0.04757951200008392,3.764387845993042,0.18901420134916908,-0.06386212712231344,0.12040385242046686,-0.9724701672005951
43094000000,4093,43094000000,map,-0.1742037981748581,0.04778957739472389,3.7647809982299805,0.18884124648794853,-0.0664633305136406,0.12044608356267478,-0.9723241705173533
43102000000,4094,43102000000,map,-0.17610400915145874,0.0482368990778923,3.7651736736297607,0.18827794858924438,-0.06896858660433271,0.12048528013178983,-0.9722540381614313
43110000000,4095,43110000000,map,-0.17786574363708496,0.048916324973106384,3.7655656337738037,0.18733572418064695,-0.07137117824040835,0.12053998674115701,-0.9722558926227657
43121000000,4096,43121000000,map,-0.18004110455513,0.05052192881703377,3.76619029045105,0.1851864930560385,-0.07491395276418102,0.12065445758171262,-0.9723869693216346
43129000000,4097,43129000000,map,-0.18146547675132751,0.05179579183459282,3.766583204269409,0.18331881341619494,-0.07718464056948572,0.12074330313837361,-0.9725521849677974
43137000000,4098,43137000000,map,-0.1827414184808731,0.05327737331390381,3.7669639587402344,0.18227508359131508,-0.07827332000830246,0.12078877958791684,-0.9726558240682855
43149000000,4099,43149000000,map,-0.18419118225574493,0.05603526160120964,3.767534017562866,0.17714418947387162,-0.08236556826446771,0.12089203936676857,-0.9732527920305939
43162000000,4100,43162000000,map,-0.18533958494663239,0.059273045510053635,3.768070697784424,0.17236845367793927,-0.0852197238696671,0.12090055303016778,-0.9738633312781227
43173000000,4101,43173000000,map,-0.18618279695510864,0.0629715546965599,3.7685630321502686,0.16884636535425135,-0.08699598436091252,0.12089119642979823,-0.9743243335071349
43182000000,4102,43182000000,map,-0.18670344352722168,0.06558981537818909,3.7688345909118652,0.16320867645688864,-0.0893938028663943,0.12087315757863565,-0.9750699955509896
43189000000,4103,43189000000,map,-0.18708296120166779,0.0683688223361969,3.7690701484680176,0.159271244112016,-0.09083721652405902,0.12081984181526928,-0.9755940916122225
43201000000,4104,43201000000,map,-0.18720263242721558,0.07299802452325821,3.7693231105804443,0.15523250391421337,-0.0921757345783142,0.12077040356196606,-0.9761255212250965
43214000000,4105,43214000000,map,-0.18702054023742676,0.07801160961389542,3.769477128982544,0.14677339961041014,-0.09434022813043967,0.12060881254477535,-0.9772466273954863
43225000000,4106,43225000000,map,-0.18653926253318787,0.08336421847343445,3.7695255279541016,0.14026304967791722,-0.09551426020584701,0.12042505228526784,-0.9781109749647476
43237000000,4107,43237000000,map,-0.18575730919837952,0.0890270471572876,3.7694754600524902,0.13587758579666168,-0.09615438654103046,0.12027614746947879,-0.9786854786567996
43250000000,4108,43250000000,map,-0.18466657400131226,0.09502539038658142,3.769333839416504,0.12688696758628756,-0.09701841800892805,0.11991473824349785,-0.9798508811649744
43262000000,4109,43262000000,map,-0.1832786351442337,0.10131622850894928,3.7691051959991455,0.12002141191707892,-0.0972913847074869,0.11957541396613669,-0.9807297693969721
43270000000,4110,43270000000,map,-0.18230164051055908,0.10558202117681503,3.7689080238342285,0.1154534258399909,-0.09733686642538622,0.11930744430330437,-0.981306169697207
43278000000,4111,43278000000,map,-0.1812017560005188,0.10993020236492157,3.7686729431152344,0.11313671960301284,-0.09731899550307309,0.11917712624770876,-0.9815936112040513
43286000000,4112,43286000000,map,-0.17996837198734283,0.11439107358455658,3.7683939933776855,0.10616637797805527,-0.09707605151936091,0.11875666928696405,-0.9824468320053059
43297000000,4113,43297000000,map,-0.17772436141967773,0.12139486521482468,3.7679202556610107,0.10149303251758797,-0.09670745378616699,0.11844807006216734,-0.9830141285862625
43309000000,4114,43309000000,map,-0.17519830167293549,0.1286289542913437,3.7673420906066895,0.09207423558284081,-0.09551639273759997,0.11772938200135952,-0.9841436641263543
43317000000,4115,43317000000,map,-0.17347201704978943,0.13346131145954132,3.766963005065918,0.08971228453935018,-0.09512668140893561,0.1175416177912435,-0.9844219597670718
43325000000,4116,43325000000,map,-0.17163774371147156,0.13834397494792938,3.766547918319702,0.08261022084190592,-0.09374360458690904,0.11693858068274965,-0.9852477008230973
43337000000,4117,43337000000,map,-0.1685083508491516,0.14595282077789307,3.76584792137146,0.07546359903523477,-0.09199922225966156,0.11626987878427575,-0.9860643381598444
43350000000,4118,43350000000,map,-0.16511429846286774,0.153718501329422,3.765069007873535,0.06833889754105633,-0.08987270104241088,0.11554031683655219,-0.9868652968689453
43358000000,4119,43358000000,map,-0.16280902922153473,0.15887919068336487,3.764561176300049,0.06594521008527313,-0.08908521812957669,0.11528478049403068,-0.9871294311685632
43366000000,4120,43366000000,map,-0.16037726402282715,0.16411945223808289,3.764033079147339,0.058816037732430014,-0.08647667723534158,0.11450780334173227,-0.9879021093423135
43373000000,4121,43373000000,map,-0.1578623205423355,0.16935083270072937,3.7635016441345215,0.05413561044895999,-0.08457833971447339,0.11397776457485931,-0.9883951431761939
43381000000,4122,43381000000,map,-0.15591444075107574,0.17388202250003815,3.7630631923675537,0.04952739125370125,-0.08255293998205697,0.11342694741167048,-0.9888712761238214
43389000000,4123,43389000000,map,-0.1538618952035904,0.17845231294631958,3.7626237869262695,0.044894134196249026,-0.08038127224606152,0.11284034757409578,-0.9893383474990192
43397000000,4124,43397000000,map,-0.15168654918670654,0.18309378623962402,3.7622082233428955,0.04256684317339416,-0.0792235351959597,0.11253077897178332,-0.9895698601378895
43406000000,4125,43406000000,map,-0.14935873448848724,0.18784675002098083,3.7617902755737305,0.035497020168699454,-0.07555753382385333,0.11158104188743884,-0.9902427767212144
43414000000,4126,43414000000,map,-0.14697784185409546,0.192542165517807,3.7613914012908936,0.03081399690277896,-0.07298500872875979,0.11092140156139485,-0.9906664789892945
43422000000,4127,43422000000,map,-0.14449810981750488,0.19726915657520294,3.7610087394714355,0.0261965277913611,-0.07033767824591547,0.11025375333413379,-0.991065314616753
43430000000,4128,43430000000,map,-0.14191409945487976,0.2020377814769745,3.760646104812622,0.02160330760581618,-0.06752730926505185,0.10958707448438837,-0.9914454791903213
43437000000,4129,43437000000,map,-0.1392223834991455,0.20684801042079926,3.7603085041046143,0.01929020163166327,-0.06607111194139818,0.10924475778078296,-0.9916289865687378
43445000000,4130,43445000000,map,-0.1364479959011078,0.21165770292282104,3.760000228881836,0.012339027273882789,-0.06152532671676326,0.1082265742144567,-0.9921438524701469
43453000000,4131,43453000000,map,-0.13361497223377228,0.21643348038196564,3.7597241401672363,0.00776332832351726,-0.058436942635142604,0.10755740870064928,-0.9924497121497904
43461000000,4132,43461000000,map,-0.13070501387119293,0.22120854258537292,3.759474039077759,0.0054745252758869375,-0.05684487440860194,0.10722073967474433,-0.9925937700780005
43469000000,4133,43469000000,map,-0.1276831328868866,0.22603818774223328,3.759246826171875,-0.001560199940710322,-0.051854097489032934,0.10621288208630325,-0.9929892339575783
43478000000,4134,43478000000,map,-0.12459631264209747,0.23086011409759521,3.759037494659424,-0.006570012747827076,-0.048343848478509525,0.10554628753025497,-0.9932169112332341
43486000000,4135,43486000000,map,-0.121408611536026,0.2357219159603119,3.758845090866089,-0.011895760965559521,-0.04483478748227853,0.10489646741991404,-0.9934007557864387
43494000000,4136,43494000000,map,-0.11827607452869415,0.24040038883686066,3.758704423904419,-0.017587802175344086,-0.04135318515785238,0.10428811980850783,-0.9935313267231255
43502000000,4137,43502000000,map,-0.11506405472755432,0.24509240686893463,3.758596897125244,-0.023693092576233456,-0.037836601607706695,0.10371104515869656,-0.9936051680017166
43510000000,4138,43510000000,map,-0.11178164929151535,0.24977999925613403,3.7585315704345703,-0.030306058231049246,-0.03420509874819548,0.10318530537037168,-0.9936117429100843
43518000000,4139,43517000000,map,-0.1084432527422905,0.2544398605823517,3.7585206031799316,-0.03738223026334541,-0.03053822217043798,0.10268160838381807,-0.9935424113442839
43526000000,4140,43525000000,map,-0.10509029030799866,0.25901341438293457,3.758575439453125,-0.04487612695522264,-0.02692104001979736,0.1022088471840713,-0.9933854986272777
43533000000,4141,43533000000,map,-0.10170583426952362,0.26351967453956604,3.7586987018585205,-0.052684659090856796,-0.023293559550140903,0.10179007609726703,-0.9931367479273664
43541000000,4142,43541000000,map,-0.09831889718770981,0.26791924238204956,3.7588911056518555,-0.05669825737643368,-0.021417138390498375,0.10159750714642085,-0.9929776435742379
43549000000,4143,43549000000,map,-0.09491898119449615,0.27222490310668945,3.7591726779937744,-0.06905580423896993,-0.01552774192838352,0.10108833106956067,-0.9923565254677329
43557000000,4144,43557000000,map,-0.0915108174085617,0.27642861008644104,3.759523630142212,-0.07323774098876636,-0.013514950689116938,0.10094351449807731,-0.9921007783909688
43565000000,4145,43565000000,map,-0.08809683471918106,0.2805255651473999,3.759942054748535,-0.0858213859372283,-0.007474308944031726,0.10054016915782799,-0.9911965599030159
43577000000,4146,43577000000,map,-0.0827200636267662,0.286752849817276,3.7606496810913086,-0.09426533054645778,-0.003298596756924738,0.10032829695036377,-0.9904733621294175
43585000000,4147,43585000000,map,-0.07933150231838226,0.29051798582077026,3.761234760284424,-0.10690705121798968,0.00321901823858023,0.10009345471046105,-0.9892128341841537
43593000000,4148,43593000000,map,-0.07596706598997116,0.29413294792175293,3.7618818283081055,-0.11502484507419565,0.00746172547557332,0.09996709845862539,-0.9882916726630997
43601000000,4149,43601000000,map,-0.07265801727771759,0.2975598871707916,3.762631893157959,-0.11899911376466679,0.009528259215047338,0.09990257163355515,-0.9878097234503775
43609000000,4150,43609000000,map,-0.06937189400196075,0.30082967877388,3.763441324234009,-0.1304599903764008,0.015552645447497522,0.09972639780677961,-0.9863027207350219
43617000000,4151,43617000000,map,-0.06612608581781387,0.30392059683799744,3.7643070220947266,-0.1341464277016789,0.017544242090319177,0.0996726605749283,-0.9857800576666385
43626000000,4152,43626000000,map,-0.06292539834976196,0.3068295121192932,3.765228509902954,-0.14467853528620261,0.02331870804781188,0.0995356411704193,-0.9841834928981973
43634000000,4153,43634000000,map,-0.05980914458632469,0.3095153570175171,3.7661967277526855,-0.15108093660294697,0.026890558628701003,0.09944409821545369,-0.9831390096984003
43642000000,4154,43642000000,map,-0.05674297735095024,0.3120053708553314,3.7672173976898193,-0.15700602486030546,0.03033515733722359,0.09935006859642587,-0.9821194352860732
43650000000,4155,43650000000,map,-0.05374724417924881,0.31427904963493347,3.7682809829711914,-0.1625034437774679,0.03374102836032076,0.09929460334378559,-0.9811192062772127
43662000000,4156,43662000000,map,-0.04920501634478569,0.3175033628940582,3.769948959350586,-0.1675713546981679,0.037115742325656224,0.09924668237702866,-0.9801491965587344
43670000000,4157,43670000000,map,-0.046399448066949844,0.3192179799079895,3.7711446285247803,-0.17424519225603452,0.04207121072288523,0.09923319538550518,-0.97878566171571
43678000000,4158,43678000000,map,-0.04368630796670914,0.32069703936576843,3.772364854812622,-0.1779815419866617,0.045320975087454106,0.09926067513073428,-0.9779651468688999
43686000000,4159,43686000000,map,-0.041076041758060455,0.3219347298145294,3.773606538772583,-0.1812944686720802,0.048616189559785895,0.09933316771017303,-0.9771906563806637
43693000000,4160,43693000000,map,-0.038564007729291916,0.3229498267173767,3.7748658657073975,-0.184140160663263,0.0518416457294761,0.09942209756053094,-0.976483600850045
43701000000,4161,43701000000,map,-0.0361422561109066,0.3237350285053253,3.7761380672454834,-0.18652496632926702,0.05497175519112255,0.09953968726787638,-0.9758475206123185
43709000000,4162,43709000000,map,-0.03379247710108757,0.3242964744567871,3.7774770259857178,-0.18843619946869056,0.058024978264372994,0.09967771819674953,-0.9752893698974887
43717000000,4163,43717000000,map,-0.03155206888914108,0.3246232271194458,3.7787997722625732,-0.18922743806085374,0.05951516965552874,0.09975320320243253,-0.9750385540020006
43725000000,4164,43725000000,map,-0.029448237270116806,0.3247162997722626,3.7800791263580322,-0.19100605614143773,0.06371984463009682,0.09998100691863399,-0.9744026002048196
43733000000,4165,43733000000,map,-0.027453597635030746,0.32458898425102234,3.781315565109253,-0.19160741264434722,0.06620886364740011,0.10012561275587484,-0.9741036526083318
43741000000,4166,43741000000,map,-0.025565383955836296,0.32424378395080566,3.7825121879577637,-0.1917320619488182,0.06736467774753863,0.10019325844773486,-0.9739929328372937
43750000000,4167,43750000000,map,-0.023781001567840576,0.32368093729019165,3.7836687564849854,-0.1914407007850624,0.07054979938320391,0.1003892412933105,-0.9738045364244501
43758000000,4168,43758000000,map,-0.022107277065515518,0.3229007124900818,3.784817695617676,-0.19079658103598252,0.07247172728543705,0.10050506083301836,-0.9737778996161912
43766000000,4169,43766000000,map,-0.020503370091319084,0.32189178466796875,3.7859487533569336,-0.1903596709992504,0.07337613016585201,0.1005674803156631,-0.9737891528247435
43774000000,4170,43774000000,map,-0.019075028598308563,0.32068562507629395,3.787017345428467,-0.1885567816022802,0.07596284557800355,0.10080046809423121,-0.9739175321253077
43782000000,4171,43781000000,map,-0.01715169847011566,0.3207995295524597,3.787882089614868,-0.18733344825082726,0.07757150649196737,0.10101512199369728,-0.9740044810737857
43789000000,4172,43789000000,map,-0.015377594158053398,0.3206835687160492,3.7887117862701416,-0.18609526340363028,0.07911272717995767,0.1012639148404571,-0.9740920200781429
43797000000,4173,43797000000,map,-0.013734224252402782,0.320325642824173,3.789512872695923,-0.18477429160924577,0.0806307354911306,0.1015597014233065,-0.9741882834801417
43805000000,4174,43805000000,map,-0.012226369231939316,0.3197316825389862,3.790280818939209,-0.18331873965920992,0.082089385234532,0.10186855352919438,-0.974309244935368
43813000000,4175,43813000000,map,-0.010855407454073429,0.3189134895801544,3.7910208702087402,-0.18166772116249266,0.08348278111972642,0.10219076618606016,-0.9744663262397681
43821000000,4176,43821000000,map,-0.009618607349693775,0.3178780972957611,3.791707992553711,-0.18075378255760213,0.08413408163812133,0.10235497030785856,-0.9745630954039491
43833000000,4177,43833000000,map,-0.008210978470742702,0.31537926197052,3.7926266193389893,-0.1767333261895191,0.08641176582027886,0.1029829583506709,-0.9750348029324831
43846000000,4178,43846000000,map,-0.0070920973084867,0.3124590516090393,3.7933831214904785,-0.17320468139670972,0.08770414097794874,0.10339848413013986,-0.975508575656594
43857000000,4179,43857000000,map,-0.006254448555409908,0.30912062525749207,3.793963670730591,-0.17057097488264655,0.08835112934690537,0.10364930002562811,-0.9758876022652525
43869000000,4180,43869000000,map,-0.005697943270206451,0.30538830161094666,3.794363260269165,-0.16479685136829803,0.08905869590806231,0.10404902073690542,-0.9767724332028901
43882000000,4181,43882000000,map,-0.00542573444545269,0.30124878883361816,3.794625997543335,-0.1616746075622549,0.08913840086695247,0.10420947378918638,-0.9772697238684702
43893000000,4182,43893000000,map,-0.005442217458039522,0.296722948551178,3.7947404384613037,-0.15496034590831026,0.08885542165769428,0.1044780335078978,-0.9783539093995645
43901000000,4183,43901000000,map,-0.005488506983965635,0.29382506012916565,3.794750928878784,-0.15316485328325372,0.08868767193226484,0.10453459457859948,-0.9786458184723508
43909000000,4184,43909000000,map,-0.005659743677824736,0.2907714247703552,3.7947075366973877,-0.1476943503972216,0.08792766942320428,0.10468539600257148,-0.9795387416049026
43917000000,4185,43917000000,map,-0.005952273495495319,0.28758591413497925,3.7946128845214844,-0.145838880172556,0.08760711893267664,0.10473352770357092,-0.9798403444528466
43929000000,4186,43929000000,map,-0.006803907919675112,0.2820514738559723,3.794374465942383,-0.1381724263803411,0.08605074645264667,0.1048854249456041,-0.9810722968348201
43942000000,4187,43942000000,map,-0.007932416163384914,0.27616429328918457,3.794008731842041,-0.13217402894835395,0.0845629785052803,0.10495951910528628,-0.9820196736956479
43953000000,4188,43953000000,map,-0.009314865805208683,0.27001696825027466,3.7935519218444824,-0.12610256468611714,0.0827311078816028,0.10499133997591203,-0.9829702115701141
43965000000,4189,43965000000,map,-0.0109562324360013,0.2635669410228729,3.7930054664611816,-0.11991091736826244,0.08057953365563493,0.10499783059058271,-0.9839226460527633
43978000000,4190,43978000000,map,-0.012844225391745567,0.256862074136734,3.7923812866210938,-0.11365268198102761,0.07819823408059139,0.10497287965626423,-0.9848599076699485
43989000000,4191,43989000000,map,-0.01496868021786213,0.24991460144519806,3.7916901111602783,-0.10747556215501905,0.07549650913847672,0.10490940650240688,-0.9857704481851779
44001000000,4192,44001000000,map,-0.01731916517019272,0.24273964762687683,3.7909772396087646,-0.10133900340234614,0.07246004865713249,0.10482110885477658,-0.9866572600246957
44014000000,4193,44014000000,map,-0.019887618720531464,0.23534415662288666,3.7902355194091797,-0.09523368731822096,0.06923093361415592,0.10471510953077162,-0.987508247042979
44025000000,4194,44025000000,map,-0.022674348205327988,0.2277296930551529,3.7894859313964844,-0.08932472945004098,0.0657867471544953,0.10457197883322866,-0.9883107230386265
44037000000,4195,44037000000,map,-0.02567756362259388,0.21989208459854126,3.7887461185455322,-0.08361265334069007,0.06206178563404469,0.10437603813450153,-0.9890717686821877
44045000000,4196,44045000000,map,-0.02769397385418415,0.2147752046585083,3.7882730960845947,-0.0817318410062683,0.06078126822878558,0.10430236544330446,-0.9893162204035509
44053000000,4197,44053000000,map,-0.02977885864675045,0.20961131155490875,3.787851095199585,-0.07620786298909896,0.05688194848876795,0.10405825089672938,-0.9900145093896795
44061000000,4198,44061000000,map,-0.03194265067577362,0.20436866581439972,3.787461519241333,-0.07444179281557009,0.05556224768528385,0.10397302996904034,-0.9902327457712687
44069000000,4199,44069000000,map,-0.034181296825408936,0.19904746115207672,3.7871062755584717,-0.06933992997421652,0.05144429775406105,0.10370008697808375,-0.9908540746120165
44077000000,4200,44077000000,map,-0.036503106355667114,0.1936238706111908,3.7867867946624756,-0.0677080039998747,0.05003494928670526,0.10359889239480913,-0.9910496781359555
44085000000,4201,44085000000,map,-0.03889387473464012,0.18812474608421326,3.786506414413452,-0.06286755830349898,0.045735376731447876,0.10328957667358762,-0.9916084189066643
44093000000,4202,44093000000,map,-0.04133017361164093,0.18259559571743011,3.786290407180786,-0.05974476922260326,0.04280366565663237,0.10306927509642116,-0.9919552453230605
44101000000,4203,44101000000,map,-0.0438157394528389,0.17702588438987732,3.78611421585083,-0.05822132726069496,0.041294072885726944,0.10295712233253373,-0.9921214303467389
44110000000,4204,44110000000,map,-0.04635831341147423,0.17139104008674622,3.7859771251678467,-0.053810006946422496,0.03665868807096942,0.10260523829431628,-0.9925889653372704
44118000000,4205,44118000000,map,-0.04896395653486252,0.16567955911159515,3.7858779430389404,-0.05087079900092811,0.03350200238715883,0.10237954192054038,-0.9928787249207828
44126000000,4206,44126000000,map,-0.05161941424012184,0.15990905463695526,3.7858595848083496,-0.04790776952494648,0.030323040118276707,0.10216160056689061,-0.9931506985342236
44134000000,4207,44133000000,map,-0.05432669445872307,0.15406815707683563,3.7858753204345703,-0.04490809731545167,0.027115983023595032,0.10195078203063912,-0.9934052654992294
44141000000,4208,44141000000,map,-0.05704372748732567,0.148238405585289,3.785923957824707,-0.04190764868198195,0.023902321386042792,0.10175121670294007,-0.9936393912427074
44149000000,4209,44149000000,map,-0.059802982956171036,0.14234624803066254,3.7860045433044434,-0.03880508547855992,0.020635215568945212,0.10156876299573642,-0.9938572483026602
44162000000,4210,44162000000,map,-0.06413976848125458,0.1331508904695511,3.7861437797546387,-0.035572476198424005,0.01740395235378361,0.10141749795643074,-0.994055464931207
44169000000,4211,44169000000,map,-0.06696012616157532,0.12717007100582123,3.7863001823425293,-0.030379710507366535,0.012564129640512435,0.10123268402571056,-0.9943195149371278
44177000000,4212,44177000000,map,-0.07043261080980301,0.12135942280292511,3.7864315509796143,-0.026635963346281228,0.009265894424522516,0.1011413518049874,-0.9944722972629796
44185000000,4213,44185000000,map,-0.07387881726026535,0.11557324975728989,3.78660249710083,-0.02464122017780043,0.007570109389241616,0.10110354608187311,-0.9945418817098711
44198000000,4214,44198000000,map,-0.07887862622737885,0.10651414096355438,3.7868452072143555,-0.015566008632653386,0.0006985076229051997,0.10109018553089522,-0.9947552712038819
44210000000,4215,44210000000,map,-0.08387339115142822,0.09741831570863724,3.7870466709136963,-0.007429206547769013,-0.004529706201927961,0.10118581673016636,-0.9948294918041094
44218000000,4216,44218000000,map,-0.08729363977909088,0.09156827628612518,3.787156581878662,-0.0013786336222311637,-0.00813042704477479,0.1013235947779485,-0.9948194187073154
44226000000,4217,44226000000,map,-0.09070657938718796,0.08568169921636581,3.7872366905212402,0.0052198269312518,-0.011832267726094619,0.10149799843708662,-0.9947516465749099
44233000000,4218,44233000000,map,-0.09415992349386215,0.07965847104787827,3.787280797958374,0.008675243715043161,-0.013674026230923352,0.1016026069150906,-0.9946932310428738
44241000000,4219,44241000000,map,-0.09747273474931717,0.07387427985668182,3.78715443611145,0.019699422485433233,-0.019267456842025972,0.10196216167973704,-0.9944065903261512
44249000000,4220,44249000000,map,-0.1007486879825592,0.06812554597854614,3.7869908809661865,0.027018668419925274,-0.022884085300791987,0.10221811949074372,-0.9941317507270117
44258000000,4221,44258000000,map,-0.10397691279649734,0.06242455169558525,3.78680419921875,0.034395080606942255,-0.026493428302245707,0.10251045003201525,-0.9937840392267967
44266000000,4222,44266000000,map,-0.10717007517814636,0.05673898756504059,3.7866017818450928,0.041961051373223396,-0.030133640742147246,0.1028385632476726,-0.9933556165116835
44274000000,4223,44274000000,map,-0.11031078547239304,0.05112076550722122,3.786386251449585,0.04963323120993523,-0.033729178510444,0.10320077326377514,-0.9928486742177945
44282000000,4224,44282000000,map,-0.11337226629257202,0.04561954364180565,3.786160707473755,0.05725067480277706,-0.03722041138975488,0.10358165433376815,-0.9922740862320454
44290000000,4225,44289000000,map,-0.1163594126701355,0.040222760289907455,3.7859439849853516,0.06471938611849098,-0.04062860048952015,0.10400653671360643,-0.9916366994420153
44297000000,4226,44297000000,map,-0.11928769946098328,0.03488100692629814,3.7857232093811035,0.07207654262873067,-0.04397594271092583,0.10445948889455303,-0.9909386211901292
44305000000,4227,44305000000,map,-0.12213871628046036,0.02963399514555931,3.7855045795440674,0.07574096612819595,-0.04563998721801098,0.10469614344894168,-0.9905649893780802
44318000000,4228,44318000000,map,-0.12615527212619781,0.021731872111558914,3.7852275371551514,0.08994831709845107,-0.052005882778499844,0.10570256804453337,-0.9889548533244186
44326000000,4229,44326000000,map,-0.12879854440689087,0.016760418191552162,3.7850377559661865,0.09668547107658224,-0.05505621747553827,0.10624322781723111,-0.9880957319643724
44334000000,4230,44333000000,map,-0.131341814994812,0.011930455453693867,3.7848663330078125,0.10316887600198651,-0.05810662988082864,0.10681537128576646,-0.9872032724471543
44341000000,4231,44341000000,map,-0.13378402590751648,0.007254011929035187,3.7847518920898438,0.10631369471376326,-0.059619859793051656,0.107107533239644,-0.9867475807210546
44354000000,4232,44354000000,map,-0.13715676963329315,0.0003003758320119232,3.784626007080078,0.11818795551822621,-0.06541981669135934,0.10833822121616205,-0.9848932879739692
44362000000,4233,44362000000,map,-0.13934491574764252,-0.004041232634335756,3.78454852104187,0.12365570305403695,-0.06816606846183675,0.10896498700036766,-0.9839661837472751
44370000000,4234,44369000000,map,-0.14141783118247986,-0.00822930596768856,3.7844817638397217,0.12886945260729676,-0.07089512431812173,0.10963743996835895,-0.9830290485706353
44377000000,4235,44377000000,map,-0.14334319531917572,-0.012185274623334408,3.7844223976135254,0.1337444415972942,-0.07354461219277418,0.11032017676738698,-0.9821064119098835
44385000000,4236,44385000000,map,-0.1451476514339447,-0.015979785472154617,3.7843637466430664,0.1360594836923006,-0.07481238939598187,0.1106621562962043,-0.9816540919316644
44393000000,4237,44393000000,map,-0.14682820439338684,-0.019606199115514755,3.7843024730682373,0.14247469501681426,-0.07830364729998407,0.1116669793115525,-0.9803571069624387
44401000000,4238,44401000000,map,-0.1483786553144455,-0.02304176427423954,3.7842330932617188,0.14444959360509152,-0.07937427998510402,0.1120062192952167,-0.9799431827632132
44409000000,4239,44409000000,map,-0.1497969925403595,-0.026291167363524437,3.7841525077819824,0.14990997334494693,-0.08240819716755843,0.1130652010109014,-0.9787502583629608
44418000000,4240,44418000000,map,-0.15108318626880646,-0.029362211003899574,3.7840592861175537,0.1531161394289093,-0.08423202564570446,0.11377427959024872,-0.9780163974366891
44426000000,4241,44426000000,map,-0.15223073959350586,-0.032237447798252106,3.7839503288269043,0.15602588409311655,-0.08590480245296546,0.11450186063609225,-0.9773258213238383
44434000000,4242,44434000000,map,-0.15324106812477112,-0.03491475060582161,3.7838237285614014,0.15857834201996282,-0.0873651459728414,0.11522843015757162,-0.9766998984766029
44442000000,4243,44442000000,map,-0.15411297976970673,-0.03739650920033455,3.783663511276245,0.16081791228017636,-0.088686373282495,0.11596342904875306,-0.9761274178332794
44454000000,4244,44454000000,map,-0.155087411403656,-0.040883637964725494,3.7834088802337646,0.16363266848455216,-0.0904416209355797,0.11710506073436772,-0.9753620732111701
44465000000,4245,44465000000,map,-0.15574577450752258,-0.043926745653152466,3.783107280731201,0.16514332217065997,-0.09140528228500096,0.11789122589964135,-0.9749228609028382
44473000000,4246,44473000000,map,-0.15605191886425018,-0.045627690851688385,3.7828638553619385,0.16683738313641894,-0.09259271705823477,0.11910003966178234,-0.974375246900136
44482000000,4247,44482000000,map,-0.15621304512023926,-0.04712802171707153,3.7825939655303955,0.16761665465778308,-0.09321478610300933,0.11992152388610816,-0.9740814412191665
44490000000,4248,44490000000,map,-0.15622900426387787,-0.0484318733215332,3.782297372817993,0.1681287757456829,-0.09369745708051218,0.12076129984268769,-0.9738431007908375
44498000000,4249,44497000000,map,-0.156097412109375,-0.04954645782709122,3.782017946243286,0.16838190971783934,-0.09401347415064686,0.12162880842558743,-0.9736608999647249
44505000000,4250,44505000000,map,-0.15582261979579926,-0.05045803636312485,3.781707525253296,0.1683974908808982,-0.09416342473511452,0.12249522119042594,-0.9735350916219199
44513000000,4251,44513000000,map,-0.15540695190429688,-0.05116987228393555,3.7813665866851807,0.16817111752336816,-0.0941418271094307,0.12335316243871364,-0.9734679095453935
44521000000,4252,44521000000,map,-0.1548454910516739,-0.05168931186199188,3.780991315841675,0.16797776358746835,-0.09406299669764714,0.12377753905636979,-0.9734550547565977
44529000000,4253,44529000000,map,-0.1541360765695572,-0.052019115537405014,3.780579090118408,0.1670562569890921,-0.09356059309250712,0.1250707729560781,-0.9734966958429264
44537000000,4254,44537000000,map,-0.1532934010028839,-0.05215255171060562,3.780139923095703,0.16618974149131038,-0.09300703374998702,0.1259230665266654,-0.973588238797892
44546000000,4255,44546000000,map,-0.15230411291122437,-0.05209823697805405,3.7796130180358887,0.16568166650086763,-0.09266525968705612,0.12634997195523223,-0.9736520912733861
44554000000,4256,44554000000,map,-0.1511683464050293,-0.05185363441705704,3.779054880142212,0.16388989860354825,-0.0913856602928411,0.12763384925457116,-0.9739087655808174
44562000000,4257,44562000000,map,-0.14990510046482086,-0.051424022763967514,3.778472423553467,0.16247046913686425,-0.09029804769612733,0.12848749152431072,-0.9741357685068972
44569000000,4258,44569000000,map,-0.14851105213165283,-0.050811249762773514,3.7778663635253906,0.1608921118069798,-0.08906270249284877,0.12932347426452434,-0.9744009143308792
44577000000,4259,44577000000,map,-0.14866839349269867,-0.05174202099442482,3.7773549556732178,0.15916185460088403,-0.08769902277003257,0.13015920412364684,-0.9746973331164562
44585000000,4260,44585000000,map,-0.14864112436771393,-0.05244715139269829,3.7768173217773438,0.15824847180755824,-0.0869732303310727,0.13057987181863412,-0.9748549201830385
44593000000,4261,44593000000,map,-0.1484493464231491,-0.05293551832437515,3.7762610912323,0.15531117890949306,-0.08451174374255914,0.13181452159891222,-0.9753774568108765
44601000000,4262,44601000000,map,-0.14809344708919525,-0.05320685729384422,3.7756807804107666,0.15426236512101157,-0.08361809357687053,0.1322220816240125,-0.9755657689300232
44610000000,4263,44610000000,map,-0.14758126437664032,-0.053266365081071854,3.7750892639160156,0.15095232812889411,-0.08076693566627145,0.13345909162780734,-0.9761550661659026
44618000000,4264,44618000000,map,-0.14693231880664825,-0.05313127487897873,3.7744998931884766,0.14864213818982255,-0.07875328041661042,0.13425073588338743,-0.9765656186172471
44626000000,4265,44626000000,map,-0.1461164951324463,-0.05277849733829498,3.773904800415039,0.14628993311114166,-0.07661897454473088,0.13504254872636162,-0.9769812286904132
44633000000,4266,44633000000,map,-0.14515259861946106,-0.05222203582525253,3.773310899734497,0.14390538296040672,-0.07434166178167582,0.13581012713144203,-0.9774048888116447
44641000000,4267,44641000000,map,-0.14404571056365967,-0.05146723613142967,3.7727224826812744,0.14151231387791652,-0.07198532894601893,0.13656973978215387,-0.9778247135696616
44649000000,4268,44649000000,map,-0.14279550313949585,-0.050514012575149536,3.772177219390869,0.1390821634712708,-0.06954922529702105,0.13731392668631065,-0.9782452969709519
44657000000,4269,44657000000,map,-0.1414191573858261,-0.0493776760995388,3.7716498374938965,0.136678236306933,-0.0670821779586821,0.1380357336139083,-0.9786547957510836
44665000000,4270,44665000000,map,-0.13991805911064148,-0.048061586916446686,3.7711400985717773,0.13548954766495597,-0.06582044882823572,0.13840026170667896,-0.9788542767850856
44674000000,4271,44674000000,map,-0.13826487958431244,-0.046536579728126526,3.770641803741455,0.1320197477752019,-0.06184677809617782,0.1394051690157243,-0.9794447119858749
44682000000,4272,44682000000,map,-0.13650327920913696,-0.04484104737639427,3.7701618671417236,0.1297490388964729,-0.05911967153163649,0.14004386235805832,-0.9798253823216252
44690000000,4273,44690000000,map,-0.1346254050731659,-0.04296841844916344,3.769698143005371,0.12750395530163855,-0.05634776286712808,0.1406516620604339,-0.9801964010290667
44697000000,4274,44697000000,map,-0.1326470524072647,-0.04093236103653908,3.7692534923553467,0.12532655164297857,-0.05350229478107799,0.14122039163423994,-0.9805547335351062
44705000000,4275,44705000000,map,-0.13055498898029327,-0.038716062903404236,3.76881742477417,0.12322337121872431,-0.050538064778458305,0.14176669908463813,-0.9808996633433194
44713000000,4276,44713000000,map,-0.12834759056568146,-0.03631548210978508,3.7683966159820557,0.12114939065795402,-0.04747627272406999,0.14228691763580809,-0.9812356158727997
44721000000,4277,44721000000,map,-0.12604369223117828,-0.0337471179664135,3.767996311187744,0.1201067355777112,-0.04593229141750222,0.14254359194323946,-0.9814000728756893
44729000000,4278,44729000000,map,-0.12365128844976425,-0.03101910650730133,3.767618179321289,0.1169897943720464,-0.0412870159227793,0.1433094423275309,-0.9818713167888895
44738000000,4279,44738000000,map,-0.12119171023368835,-0.028154492378234863,3.7672626972198486,0.11489876277687541,-0.03815635855210222,0.14381634247457142,-0.9821706858538624
44746000000,4280,44746000000,map,-0.11865245550870895,-0.025135880336165428,3.76692795753479,0.11384527859074332,-0.03657955275307856,0.14405847611926648,-0.982317820502014
44754000000,4281,44754000000,map,-0.11597656458616257,-0.021892279386520386,3.766602039337158,0.11063564066013486,-0.031802194303478554,0.14479191557705312,-0.9827429979097919
44761000000,4282,44761000000,map,-0.11332281678915024,-0.01860371232032776,3.766312599182129,0.10841053993985073,-0.028634489852960406,0.1452860030821463,-0.9830153086980209
44769000000,4283,44769000000,map,-0.11051804572343826,-0.01506525557488203,3.7660441398620605,0.10726335804112286,-0.02705744697791387,0.14553981140387895,-0.9831484084456181
44777000000,4284,44777000000,map,-0.10773421823978424,-0.011477086693048477,3.7658114433288574,0.1037011327467624,-0.022295279833024022,0.14626595945687304,-0.9835422707449526
44785000000,4285,44785000000,map,-0.10489233583211899,-0.007744301576167345,3.7656071186065674,0.10248164266105804,-0.020685926130237817,0.1465191777227265,-0.9836674468850299
44798000000,4286,44798000000,map,-0.10012852400541306,-0.0014797765761613846,3.765350580215454,0.09738111271378863,-0.014255383889578312,0.14750524539048748,-0.9841523885239962
44809000000,4287,44809000000,map,-0.09522712230682373,0.005151366349309683,3.7651703357696533,0.0931937653623146,-0.009336904620273681,0.14829077835303345,-0.9844986670313617
44822000000,4288,44821000000,map,-0.09028703719377518,0.012029965408146381,3.765104293823242,0.08874726230770316,-0.004189646988895855,0.14906379370157175,-0.9848281289461713
44829000000,4289,44829000000,map,-0.08723833411931992,0.016487406566739082,3.765131711959839,0.08721070411482937,-0.0024502044040027476,0.1493209316243368,-0.9849322738088417
44837000000,4290,44837000000,map,-0.08417374640703201,0.0210606437176466,3.7652130126953125,0.08243394098946459,0.00272664294920776,0.15009419985396616,-0.985225320846538
44850000000,4291,44850000000,map,-0.07920609414577484,0.028488455340266228,3.7654225826263428,0.07748299547591642,0.007915628594789404,0.1508278500459952,-0.9854870106289422
44862000000,4292,44862000000,map,-0.07421302795410156,0.036186616867780685,3.765758514404297,0.07033275628426292,0.01491595144628965,0.1517989555825347,-0.9857930388959798
44870000000,4293,44870000000,map,-0.07108171284198761,0.041266392916440964,3.7660558223724365,0.0683846051397219,0.016642468119580065,0.15205735791075503,-0.9858626233428711
44878000000,4294,44878000000,map,-0.06802214682102203,0.046342190355062485,3.7663426399230957,0.06437172730183674,0.01996402700640921,0.15254069796947795,-0.9859964817337419
44886000000,4295,44886000000,map,-0.06496065855026245,0.051523931324481964,3.766658067703247,0.062301525469453264,0.02160521606780031,0.15279046019375347,-0.9860562459649304
44894000000,4296,44893000000,map,-0.061904724687337875,0.05681031942367554,3.766993522644043,0.05579443928354192,0.026518471762067623,0.15353898822330703,-0.9862097447872069
44901000000,4297,44901000000,map,-0.0588659830391407,0.06218339875340462,3.7673397064208984,0.051171144687406446,0.02978718772048722,0.15403720611955424,-0.9862894444777411
44909000000,4298,44909000000,map,-0.055866096168756485,0.0676083043217659,3.767683744430542,0.04877370747919479,0.03137977290446666,0.1542866733158903,-0.9863224454601252
44917000000,4299,44917000000,map,-0.052953533828258514,0.07300908863544464,3.768022060394287,0.04121465686323966,0.036048735092688834,0.15503452699586762,-0.9863905547673186
44925000000,4300,44925000000,map,-0.05003869906067848,0.07852216809988022,3.7683279514312744,0.03858643400813544,0.037596565633064793,0.1552816761155355,-0.9864001642487792
44933000000,4301,44933000000,map,-0.04718286916613579,0.0840400829911232,3.768582582473755,0.030375564969688896,0.04230986791112266,0.15598978531736707,-0.9863845277679817
44946000000,4302,44945000000,map,-0.042696788907051086,0.09270865470170975,3.7688493728637695,0.021451806807576728,0.04706023986533004,0.1566539775030502,-0.986298506050171
44958000000,4303,44958000000,map,-0.03833797946572304,0.10142629593610764,3.7689545154571533,0.011682059321452188,0.051618508459658284,0.15725170410863165,-0.9861394438438909
44969000000,4304,44969000000,map,-0.034110892564058304,0.11019029468297958,3.768897771835327,0.001265035023876504,0.05605059597498999,0.15773158812577676,-0.9858891758574331
44982000000,4305,44981000000,map,-0.029823193326592445,0.11810801178216934,3.7686877250671387,-0.009689866037306183,0.06036758966666156,0.15811550376886252,-0.9855259121701178
44994000000,4306,44994000000,map,-0.025719380006194115,0.125999316573143,3.768350601196289,-0.02114105545932777,0.06431766474899843,0.15836619322380524,-0.9850566491587974
45005000000,4307,45005000000,map,-0.02177601493895054,0.13392075896263123,3.7679028511047363,-0.0290641479975706,0.06680469627897663,0.15847889389672343,-0.9846710054949228
45013000000,4308,45013000000,map,-0.019358191639184952,0.13869765400886536,3.7675530910491943,-0.04102948419039854,0.07038072598331341,0.15857503085817676,-0.9839802607946777
45021000000,4309,45021000000,map,-0.0170274805277586,0.14346204698085785,3.767165184020996,-0.04498321946311078,0.07152510511661529,0.1586006139952228,-0.9837207626483961
45030000000,4310,45030000000,map,-0.01480876188725233,0.14815717935562134,3.7667489051818848,-0.056846939604178956,0.07474883985096163,0.158614733189474,-0.9828644651272003
45041000000,4311,45041000000,map,-0.011584382504224777,0.15567171573638916,3.7660772800445557,-0.06865685270767792,0.07777026576118864,0.15861561827329274,-0.9818753207394981
45053000000,4312,45053000000,map,-0.008601229637861252,0.16304808855056763,3.7653326988220215,-0.07994599856895465,0.08059637342072563,0.1586341628866375,-0.9807896179218575
45066000000,4313,45066000000,map,-0.005884579382836819,0.17023606598377228,3.7645363807678223,-0.08724671448097865,0.08236197145900133,0.15865489913610492,-0.9800169818949558
45077000000,4314,45077000000,map,-0.00341102946549654,0.17731957137584686,3.763674736022949,-0.10140732673650484,0.08538501919971536,0.15871335681498955,-0.9783844237178863
45085000000,4315,45085000000,map,-0.001993540907278657,0.1814889758825302,3.7630679607391357,-0.10479984115989109,0.08603740104819238,0.15873944571421772,-0.9779654418968395
45094000000,4316,45094000000,map,-0.0007180653628893197,0.18549615144729614,3.7624523639678955,-0.11430666936101509,0.08769799148933316,0.1588463301220413,-0.9767348382140184
45102000000,4317,45102000000,map,0.00042707441025413573,0.18937982618808746,3.7618143558502197,-0.12021779779189337,0.0885517061989687,0.15893669296524876,-0.9759332051553412
45110000000,4318,45110000000,map,0.0014447515131905675,0.19315937161445618,3.7611501216888428,-0.12584740634814315,0.08917057866870153,0.15902983750045785,-0.9751516339965551
45118000000,4319,45117000000,map,0.0023342312779277563,0.19683235883712769,3.7604565620422363,-0.13117754178938779,0.08955351176338133,0.15914662641768146,-0.9743947187441482
45125000000,4320,45125000000,map,0.003089735982939601,0.20037730038166046,3.7597358226776123,-0.1361302640560185,0.08971661611585145,0.15928672254213172,-0.9736772107950986
45133000000,4321,45133000000,map,0.0037108720280230045,0.20378747582435608,3.7590291500091553,-0.14073243122724885,0.08968748737517436,0.15945712225066117,-0.9729974242754664
45141000000,4322,45141000000,map,0.0041953506879508495,0.20704887807369232,3.7582902908325195,-0.14499847728160487,0.08948283808387365,0.15967750812152465,-0.9723535468707655
45149000000,4323,45149000000,map,0.004539393819868565,0.2101217359304428,3.757528066635132,-0.14893122342375867,0.08908246146226638,0.15993607903713908,-0.9717532493074248
45157000000,4324,45157000000,map,0.004746452439576387,0.21303771436214447,3.756737232208252,-0.1524900506284579,0.08851974835108532,0.1602231412223467,-0.9712052981299347
45166000000,4325,45166000000,map,0.004815963562577963,0.21580903232097626,3.7559192180633545,-0.1556818551737902,0.08778917224481943,0.16057616322547397,-0.9707067009120507
45174000000,4326,45174000000,map,0.00474674953147769,0.21842274069786072,3.7551002502441406,-0.15855769796672647,0.08696383685221092,0.16096142756771203,-0.9702515570949817
45182000000,4327,45181000000,map,0.004537931177765131,0.22084136307239532,3.754276752471924,-0.16111818750239215,0.08603131148712707,0.16138871231791552,-0.9698418897274557
45189000000,4328,45189000000,map,0.004185684956610203,0.22310498356819153,3.753443717956543,-0.16339566358448515,0.08497238508918102,0.16183437309406967,-0.9694799325924442
45197000000,4329,45197000000,map,0.0036949871573597193,0.22516755759716034,3.7526164054870605,-0.16536517264450906,0.08378708136597506,0.16230831440557475,-0.9691698582279495
45205000000,4330,45205000000,map,0.0030643774662166834,0.22704240679740906,3.7517950534820557,-0.16624827556135785,0.08313627080469409,0.1625438731419021,-0.9690352833406543
45213000000,4331,45213000000,map,0.002292965305969119,0.22873403131961823,3.750981569290161,-0.16850292385662613,0.08099868538116478,0.16325324674918895,-0.9687076758871791
45221000000,4332,45221000000,map,0.0013774223625659943,0.23024782538414001,3.7501742839813232,-0.1697209546077008,0.07942527240344625,0.16372769382287605,-0.9685451997861696
45230000000,4333,45230000000,map,0.0003209295973647386,0.23157449066638947,3.749368906021118,-0.17071367620917036,0.07767727927666147,0.16417643131897153,-0.96843650306386
45238000000,4334,45238000000,map,-0.0008562422590330243,0.2326795756816864,3.7485949993133545,-0.17154013376162047,0.07576248472853882,0.16459705686711035,-0.968370753980183
45246000000,4335,45246000000,map,-0.0021724605467170477,0.2335958182811737,3.7478437423706055,-0.17216295354713415,0.07370589237695728,0.16498603013201735,-0.9683527572758688
45254000000,4336,45254000000,map,-0.0036155646666884422,0.23430843651294708,3.747123956680298,-0.17262971935768018,0.07154581370721332,0.16533745055490118,-0.9683717233576987
45265000000,4337,45265000000,map,-0.005999702028930187,0.2352781444787979,3.746103286743164,-0.1729502197988252,0.06924978510924142,0.16567142218250153,-0.9684244069183374
45277000000,4338,45277000000,map,-0.008690512739121914,0.23578402400016785,3.745148181915283,-0.17327446077277558,0.06436493902504847,0.166213219920109,-0.9686104852545129
45290000000,4339,45290000000,map,-0.011646808125078678,0.23580914735794067,3.744285821914673,-0.17320715752405974,0.06051410264879758,0.1665625751474158,-0.9688108092254852
45301000000,4340,45301000000,map,-0.014871891587972641,0.23536142706871033,3.7434816360473633,-0.17295760603402674,0.056529097048668285,0.166835897460009,-0.9690489810664202
45313000000,4341,45313000000,map,-0.01832262985408306,0.23443903028964996,3.742734670639038,-0.1725647078438521,0.052378312088277465,0.1670326810957064,-0.9693183415752534
45326000000,4342,45326000000,map,-0.02199888788163662,0.23304452002048492,3.7420318126678467,-0.17193096675621805,0.04813108987013764,0.16716986908760934,-0.9696274044153839
45337000000,4343,45337000000,map,-0.02590453438460827,0.23117835819721222,3.741365671157837,-0.1710162168244937,0.04372104910784418,0.16725643871445067,-0.9699832081105128
45345000000,4344,45345000000,map,-0.028618240728974342,0.2295209765434265,3.7409541606903076,-0.17066584480446656,0.04223413463416017,0.16727005214651974,-0.9701084263974387
45353000000,4345,45353000000,map,-0.03141152486205101,0.22766998410224915,3.740557909011841,-0.16946568168298248,0.03766329837644158,0.16733011140564774,-0.9704964724316785
45361000000,4346,45361000000,map,-0.03426368534564972,0.22563566267490387,3.74023175239563,-0.1689837166651922,0.03614870395999802,0.16734583218014226,-0.9706355148849158
45370000000,4347,45370000000,map,-0.03717890381813049,0.22341260313987732,3.7399158477783203,-0.16730389606587381,0.0314712625173272,0.16736543046469982,-0.9710859382549518
45381000000,4348,45381000000,map,-0.04137526452541351,0.2208380103111267,3.7394587993621826,-0.1653677646756925,0.02673287146335356,0.16735468301832956,-0.9715613125593061
45394000000,4349,45393000000,map,-0.045717500150203705,0.2178116887807846,3.7390296459198,-0.1630792171433313,0.021889097483034487,0.16733078575522392,-0.972073270328168
45406000000,4350,45406000000,map,-0.05019225925207138,0.2143348604440689,3.7386348247528076,-0.16030553831118538,0.01684967783192783,0.16726073769299882,-0.9726470575237953
45417000000,4351,45417000000,map,-0.05478362366557121,0.21040689945220947,3.738262414932251,-0.1571246735072197,0.011652212767261406,0.16714496030013937,-0.9732618536030238
45430000000,4352,45430000000,map,-0.05946383997797966,0.2060491144657135,3.7379403114318848,-0.1535520906248377,0.006423922551265327,0.166990492100347,-0.9739069111194829
45441000000,4353,45441000000,map,-0.0642210990190506,0.20126263797283173,3.737675905227661,-0.15083674829938698,0.002835666309593341,0.16684584411625758,-0.9743729709703164
45453000000,4354,45453000000,map,-0.06905844807624817,0.19603410363197327,3.7374837398529053,-0.14471415990990644,-0.0044126749403253195,0.16650875362186746,-0.9753528851981947
45466000000,4355,45466000000,map,-0.07392363250255585,0.19041486084461212,3.737375497817993,-0.13956179197314666,-0.00976080445170607,0.1662186147167184,-0.9761140572823015
45474000000,4356,45474000000,map,-0.07707759737968445,0.1865939050912857,3.7373733520507812,-0.13579168788521837,-0.013399389298856128,0.16600375008300988,-0.9766391227210501
45485000000,4357,45485000000,map,-0.08195810765028,0.18033304810523987,3.7374107837677,-0.131797273001159,-0.017048284318823163,0.16577459766765612,-0.9771681921104074
45497000000,4358,45497000000,map,-0.08682519942522049,0.17370936274528503,3.7375476360321045,-0.12324096752797753,-0.024158773763974812,0.16528194315541228,-0.9782177750788742
45510000000,4359,45510000000,map,-0.09167037159204483,0.16672296822071075,3.7377870082855225,-0.11619433055831989,-0.029408500920794754,0.1648734558996447,-0.9790049939153607
45518000000,4360,45518000000,map,-0.09477675706148148,0.16201423108577728,3.738025188446045,-0.11121764122286565,-0.032928742685682286,0.1645916620705009,-0.9795182582365263
45526000000,4361,45525000000,map,-0.09785138070583344,0.15717078745365143,3.7383029460906982,-0.10865683295165812,-0.03465435847008579,0.1644400598564072,-0.9797715186492284
45533000000,4362,45533000000,map,-0.10089833289384842,0.15219038724899292,3.7386231422424316,-0.10076205651016955,-0.0397027685708154,0.1640047672049867,-0.9804964444436157
45541000000,4363,45541000000,map,-0.10389669239521027,0.14710357785224915,3.738978862762451,-0.0952603280777469,-0.04300568537971259,0.16371041361498667,-0.9809560979734755
45549000000,4364,45549000000,map,-0.1068701446056366,0.1418704390525818,3.7393722534179688,-0.09243722943154398,-0.04465177006097603,0.16355872710719588,-0.9811779168371884
45557000000,4365,45557000000,map,-0.10980361700057983,0.1365199238061905,3.73982310295105,-0.08377627860186601,-0.049568869020991925,0.16308596590744917,-0.9817981077130262
45565000000,4366,45565000000,map,-0.11268900334835052,0.1310572773218155,3.7402987480163574,-0.08083248850368509,-0.05116983945219151,0.1629279573723818,-0.981988990789932
45573000000,4367,45573000000,map,-0.11548613756895065,0.12555962800979614,3.740790605545044,-0.07188814094753085,-0.05580618903465323,0.1624558705222114,-0.9825099679843752
45581000000,4368,45581000000,map,-0.11821887642145157,0.1199871227145195,3.7412962913513184,-0.06590737933746747,-0.058780394669479846,0.1621351330050434,-0.9828089577277115
45589000000,4369,45589000000,map,-0.12090079486370087,0.11431372165679932,3.741812229156494,-0.0598735741898738,-0.061761967194763075,0.16179096184010344,-0.9830688351956296
45601000000,4370,45601000000,map,-0.12489225715398788,0.1055460125207901,3.742548704147339,-0.05091861328347472,-0.0660570882361007,0.16128031062354542,-0.9833780244763055
45614000000,4371,45614000000,map,-0.12874555587768555,0.09658591449260712,3.743244171142578,-0.0417605858151818,-0.07009870956612577,0.16075726823352532,-0.9836154798208159
45622000000,4372,45621000000,map,-0.1311604380607605,0.09061320871114731,3.74369478225708,-0.03544303400702394,-0.07270354548895896,0.1603859966449928,-0.9837349661363443
45630000000,4373,45630000000,map,-0.1334812045097351,0.08463418483734131,3.744102954864502,-0.02909506271095336,-0.0752175971000997,0.16001687454573438,-0.9838142865052418
45637000000,4374,45637000000,map,-0.13569600880146027,0.07867903262376785,3.744453191757202,-0.022702990006272183,-0.07759982917416654,0.15959700764086887,-0.9838657056604251
45645000000,4375,45645000000,map,-0.13783569633960724,0.07267908751964569,3.744737386703491,-0.016185477743710448,-0.07981742512123771,0.1591239935600311,-0.9838937333146848
45653000000,4376,45653000000,map,-0.13989576697349548,0.06664831191301346,3.744905471801758,-0.009352957301200263,-0.08187719429152575,0.1585972001004935,-0.9838982430274754
45661000000,4377,45661000000,map,-0.14189288020133972,0.06053238362073898,3.744997501373291,-0.002193366777533424,-0.08379861643157677,0.15800840862679627,-0.983873123505763
45669000000,4378,45669000000,map,-0.14378543198108673,0.05444490537047386,3.7450122833251953,0.0015223283631453483,-0.08471518658032122,0.1576832456905347,-0.9838480461308989
45677000000,4379,45677000000,map,-0.14554482698440552,0.04847472906112671,3.744959831237793,0.012704192837737235,-0.08706918816841985,0.15663880463758623,-0.9837285598153707
45685000000,4380,45685000000,map,-0.14722013473510742,0.04245927929878235,3.7448465824127197,0.01647412306991543,-0.08774022921698606,0.1562615903434138,-0.9836730102690333
45694000000,4381,45694000000,map,-0.1487841159105301,0.036501310765743256,3.7446775436401367,0.02819783006314141,-0.0895350712000687,0.15508438671765595,-0.9834313823865203
45702000000,4382,45702000000,map,-0.15024331212043762,0.03057042881846428,3.7444121837615967,0.03624602366738769,-0.09058327385924676,0.15425847707423646,-0.9832015134747418
45710000000,4383,45710000000,map,-0.1515960991382599,0.024660926312208176,3.744107723236084,0.04428894628139207,-0.0914813310047828,0.1534174367122016,-0.9829206047294168
45718000000,4384,45718000000,map,-0.15283915400505066,0.018771208822727203,3.7437689304351807,0.05219118798342317,-0.09225195188549008,0.15261129394073375,-0.9825861694864828
45726000000,4385,45725000000,map,-0.1539459526538849,0.013015855103731155,3.7434046268463135,0.06001250905340235,-0.09291870054095325,0.15182946990085666,-0.9821977441306065
45733000000,4386,45733000000,map,-0.15493541955947876,0.00729926023632288,3.743016481399536,0.06784727628514552,-0.0935311732751575,0.151070700187115,-0.9817465621172974
45741000000,4387,45741000000,map,-0.1558058112859726,0.001617363072000444,3.7426037788391113,0.075541618778729,-0.09404511918988893,0.15034463642781792,-0.9812469955218978
45749000000,4388,45749000000,map,-0.15653769671916962,-0.003916790708899498,3.742185592651367,0.07928415355937511,-0.09425551625765531,0.1499979785988158,-0.9809844628025234
45757000000,4389,45757000000,map,-0.1571340411901474,-0.009304415434598923,3.741753339767456,0.08998554280848992,-0.09462110971080383,0.1490302869570056,-0.9801731359686887
45765000000,4390,45765000000,map,-0.1575985997915268,-0.014626434072852135,3.741300582885742,0.09336854764338574,-0.09465819519202152,0.14873310952815533,-0.9798982963695491
45773000000,4391,45773000000,map,-0.15792767703533173,-0.01982930675148964,3.740832805633545,0.10332979760868492,-0.09451859392261003,0.14785181892579247,-0.9790449912745975
45782000000,4392,45782000000,map,-0.1598949432373047,-0.024698244407773018,3.7405338287353516,0.1096582361453765,-0.09414862394729759,0.1473084196079415,-0.9784739436241234
45790000000,4393,45790000000,map,-0.1616898477077484,-0.02948802523314953,3.7402188777923584,0.11565122100005253,-0.09349785750849866,0.14679911709053595,-0.9779227471392979
45798000000,4394,45798000000,map,-0.16330896317958832,-0.03412235900759697,3.7399039268493652,0.12130051608582391,-0.09260883822779019,0.14631674640932874,-0.9773951950364871
45805000000,4395,45805000000,map,-0.16475199162960052,-0.03859306499361992,3.739577054977417,0.12661992647121156,-0.0915013520749145,0.1458393490562459,-0.9768959656158756
45813000000,4396,45813000000,map,-0.16602040827274323,-0.042863503098487854,3.739272356033325,0.13161368396322368,-0.09021866674113509,0.14537501722620128,-0.9764243845278873
45821000000,4397,45821000000,map,-0.16711388528347015,-0.04699034243822098,3.7389936447143555,0.13632718466897362,-0.08872767192567961,0.14489998009663507,-0.9759848350447671
45829000000,4398,45829000000,map,-0.16803300380706787,-0.05092618241906166,3.738755226135254,0.13856245068228298,-0.08791446165455206,0.14466952112897746,-0.9757777254311846
45837000000,4399,45837000000,map,-0.16876652836799622,-0.05473417788743973,3.738553285598755,0.14484433045153242,-0.08540021511423697,0.14395791373871952,-0.9751939072856116
45845000000,4400,45845000000,map,-0.16934166848659515,-0.058258119970560074,3.738402843475342,0.14684402455762424,-0.08452961400632776,0.14372121703748236,-0.9750055951664649
45854000000,4401,45854000000,map,-0.16973574459552765,-0.06164408102631569,3.7382938861846924,0.15237688370602823,-0.08189681628368561,0.14299717632691367,-0.9744876525451145
45862000000,4402,45862000000,map,-0.16996927559375763,-0.06480006873607635,3.7382540702819824,0.15580688116571983,-0.080035566672418,0.142506839891338,-0.9741716354749799
45870000000,4403,45870000000,map,-0.17004837095737457,-0.06772525608539581,3.7382562160491943,0.1589830413277205,-0.07811059892873598,0.1419763796559798,-0.9738922018693528
45877000000,4404,45877000000,map,-0.16997018456459045,-0.07044772803783417,3.738295078277588,0.16192077940187305,-0.0761235040961709,0.14142893424067182,-0.9736450106028363
45885000000,4405,45885000000,map,-0.16973565518856049,-0.07296497374773026,3.7383670806884766,0.1646725524095054,-0.07399508297801469,0.14085266038098243,-0.9734311996403405
45893000000,4406,45893000000,map,-0.16935205459594727,-0.07526833564043045,3.738467216491699,0.16726007388013472,-0.07170362204475014,0.14022547312829176,-0.9732521176810177
45901000000,4407,45901000000,map,-0.16882331669330597,-0.07735420763492584,3.738590955734253,0.1696526872498254,-0.06923609265183134,0.13956718150140007,-0.9731111364727487
45909000000,4408,45909000000,map,-0.16816595196723938,-0.07920166105031967,3.7387382984161377,0.1707816063922579,-0.06794844847790682,0.1392208187003376,-0.973054153933562
45921000000,4409,45921000000,map,-0.16642747819423676,-0.08165581524372101,3.7389132976531982,0.17457524949507952,-0.06243746881223604,0.137752422498218,-0.9729591549370185
45934000000,4410,45934000000,map,-0.16442972421646118,-0.08361068367958069,3.7390897274017334,0.17690881513000645,-0.05794918769403818,0.13650377996423424,-0.9729912708355839
45945000000,4411,45945000000,map,-0.16218383610248566,-0.08506093174219131,3.7392659187316895,0.1782264994702071,-0.05486331661825998,0.13562438597005444,-0.9730526787938643
45957000000,4412,45957000000,map,-0.1597335785627365,-0.08598203957080841,3.739448070526123,0.18033145533045486,-0.048648537266017915,0.1337869098155251,-0.9732497996043497
45970000000,4413,45970000000,map,-0.15707367658615112,-0.08637972176074982,3.7396421432495117,0.18125526156625305,-0.04559989766254303,0.1328457706882768,-0.9733546609634447
45981000000,4414,45981000000,map,-0.15415893495082855,-0.08625002950429916,3.739837646484375,0.18275145361496553,-0.039560148903810634,0.13090014572046843,-0.9736026951669313
45989000000,4415,45989000000,map,-0.15242768824100494,-0.08582375943660736,3.7399816513061523,0.18301489249158287,-0.03799854494620925,0.13038317247663378,-0.9736846286404366
45997000000,4416,45997000000,map,-0.15061840415000916,-0.08516915887594223,3.740116834640503,0.18352870472177918,-0.0334186787261972,0.12889391358450125,-0.9739542420303607
46005000000,4417,46005000000,map,-0.14871695637702942,-0.08427668362855911,3.740243434906006,0.18362108007700292,-0.031865135353373535,0.12838659196897573,-0.9740559423758175
46014000000,4418,46014000000,map,-0.14674799144268036,-0.08315809071063995,3.740358352661133,0.18358899578857402,-0.02715127376523322,0.1268567035148787,-0.9744051290157302
46022000000,4419,46022000000,map,-0.1447170227766037,-0.08181169629096985,3.7404630184173584,0.18328027012323173,-0.02392887324206005,0.1258066569310783,-0.9746838039780843
46030000000,4420,46030000000,map,-0.14261862635612488,-0.08023275434970856,3.7404651641845703,0.18274328766306652,-0.02058986292576937,0.12471260903743253,-0.9750014226284623
46038000000,4421,46038000000,map,-0.14046736061573029,-0.07842729240655899,3.7404625415802,0.18199000757634348,-0.017196799276263462,0.12359841495019858,-0.9753498084782535
46050000000,4422,46050000000,map,-0.13678725063800812,-0.07534781843423843,3.7404727935791016,0.1810035289768096,-0.013793283208326852,0.12247924753484024,-0.9757285400589722
46061000000,4423,46061000000,map,-0.13299810886383057,-0.07173296064138412,3.7404911518096924,0.17819897230977344,-0.00691890040853322,0.12022552910441725,-0.9765977345158124
46069000000,4424,46069000000,map,-0.13065801560878754,-0.06899621337652206,3.74050235748291,0.17733362375285988,-0.005182945475354396,0.11963686407126556,-0.9768382665802642
46077000000,4425,46077000000,map,-0.12826617062091827,-0.06602023541927338,3.740544080734253,0.17436058505890142,-1.6648005161451496e-06,0.11787044750332543,-0.977601672447342
46085000000,4426,46085000000,map,-0.12586833536624908,-0.06284762918949127,3.7405953407287598,0.17325075843884438,0.001661971408974054,0.11728675579829817,-0.9778677455019913
46094000000,4427,46094000000,map,-0.12345695495605469,-0.05947134271264076,3.7406561374664307,0.16946342682658724,0.006616380866634235,0.11549226942924973,-0.9787236215547019
46102000000,4428,46102000000,map,-0.12102021276950836,-0.0558752603828907,3.740727663040161,0.16661694985035091,0.009891417535241427,0.11428455148517014,-0.9793262793415592
46110000000,4429,46110000000,map,-0.11857898533344269,-0.05208338424563408,3.740811347961426,0.16510429418893888,0.011524834454349327,0.1136757402584303,-0.9796355107690837
46117000000,4430,46117000000,map,-0.11611971259117126,-0.048074327409267426,3.7409064769744873,0.16022784586431174,0.016289994025483458,0.11184833720069493,-0.9805874394895507
46125000000,4431,46125000000,map,-0.11364678293466568,-0.04385237768292427,3.7410037517547607,0.15662179838421209,0.01941017263594951,0.11061520470696318,-0.9812529382275377
46133000000,4432,46133000000,map,-0.11118262261152267,-0.03944255784153938,3.7411136627197266,0.15470476478476225,0.02097835677027466,0.10998776457318149,-0.9815951284905977
46141000000,4433,46141000000,map,-0.10872957110404968,-0.034844283014535904,3.7412302494049072,0.14865661826646406,0.025607144944695737,0.10806978793799621,-0.9826324045792993
46149000000,4434,46149000000,map,-0.10629149526357651,-0.030071377754211426,3.74135160446167,0.14655257383181536,0.027121849996616626,0.10742106364571657,-0.9829788516740589
46157000000,4435,46157000000,map,-0.1038576140999794,-0.025103557854890823,3.741478204727173,0.13990866580474748,0.03157831551254483,0.10549212882991843,-0.9840221969089461
46166000000,4436,46166000000,map,-0.10145550966262817,-0.019984658807516098,3.741605281829834,0.13516062312246485,0.03450678391420303,0.10419543888863231,-0.9847255435168958
46174000000,4437,46174000000,map,-0.09907879680395126,-0.014705364592373371,3.741705894470215,0.1301893022418397,0.037395787060586834,0.10289259550746349,-0.9854265299013291
46182000000,4438,46182000000,map,-0.09686706960201263,-0.011287232860922813,3.7417056560516357,0.12505748879626308,0.04017770296743856,0.1015914801470838,-0.9861164316646038
46190000000,4439,46190000000,map,-0.09468232840299606,-0.007670157589018345,3.7416810989379883,0.1224891441417062,0.04148576202111053,0.10096475650972675,-0.9864489702993549
46201000000,4440,46201000000,map,-0.09121352434158325,-0.0010224150028079748,3.7416434288024902,0.1115179902020665,0.04652914084179917,0.09846114941448264,-0.9877773546707211
46213000000,4441,46213000000,map,-0.08783740550279617,0.005965894553810358,3.7415223121643066,0.10573781334660058,0.048921849041899015,0.09719392012030553,-0.9884227493619685
46221000000,4442,46221000000,map,-0.08580449223518372,0.010225694626569748,3.7413532733917236,0.09678159750132347,0.05226625415479909,0.09528673307833913,-0.9893544054483019
46229000000,4443,46229000000,map,-0.0838368609547615,0.014577532187104225,3.7411398887634277,0.09378672410565833,0.05328830732865417,0.09465667983994969,-0.9896486325977564
46238000000,4444,46238000000,map,-0.08190421760082245,0.019097954034805298,3.740879774093628,0.08462910164223782,0.05616079154459975,0.09278278880830693,-0.9904925389454899
46246000000,4445,46246000000,map,-0.08004332333803177,0.023694170638918877,3.740579843521118,0.07833185737107264,0.058013050047699875,0.09152483182080218,-0.99102068110418
46257000000,4446,46257000000,map,-0.07713167369365692,0.03162369504570961,3.7401022911071777,0.06874813883028558,0.06059412239196252,0.08963252261636007,-0.9917499901708126
46265000000,4447,46265000000,map,-0.07541215419769287,0.03649322688579559,3.739694356918335,0.062408794271764156,0.06210565082068232,0.08840453203814663,-0.9921857885844152
46273000000,4448,46273000000,map,-0.07376401871442795,0.041416142135858536,3.7392406463623047,0.05607233551701527,0.06349251012685735,0.08717607784459969,-0.9925849613866617
46285000000,4449,46285000000,map,-0.07121847569942474,0.04970347508788109,3.7385025024414062,0.04638626104971374,0.06548322333222155,0.08534332213710344,-0.9931147051255952
46298000000,4450,46298000000,map,-0.06883030384778976,0.05812954530119896,3.7376327514648438,0.0366638833285929,0.0672370649927817,0.08349374983705132,-0.9935612088387197
46309000000,4451,46309000000,map,-0.06660794466733932,0.06666572391986847,3.7365975379943848,0.03022777770392996,0.0681325775223389,0.08227739178902699,-0.9938182203209391
46317000000,4452,46317000000,map,-0.06534748524427414,0.0718872919678688,3.735795497894287,0.02056657152361113,0.0691520676409689,0.08045504635311296,-0.9941439311662312
46325000000,4453,46325000000,map,-0.06416036933660507,0.07713217288255692,3.734931707382202,0.01406392919603965,0.0697309019217054,0.0792239790549582,-0.9943155952802162
46337000000,4454,46337000000,map,-0.06234987452626228,0.08575109392404556,3.7335572242736816,0.004105234753862734,0.07034748924199552,0.07736652529423466,-0.9945093443428208
46345000000,4455,46345000000,map,-0.06134402006864548,0.09108360856771469,3.7325525283813477,-0.002701842163037026,0.07048640788886545,0.07607485082792126,-0.9946039640177277
46353000000,4456,46353000000,map,-0.06041437014937401,0.096424899995327,3.7315518856048584,-0.006158210379006298,0.07047299992268294,0.07542309196254876,-0.9946391144893858
46361000000,4457,46361000000,map,-0.05956592038273811,0.10175494104623795,3.7305150032043457,-0.016809467104270278,0.07028372369437658,0.07336413411909459,-0.9946836215614132
46369000000,4458,46369000000,map,-0.05879683792591095,0.10707393288612366,3.7294437885284424,-0.020455116816901976,0.07019950902269574,0.07266070321744778,-0.9946728319681946
46382000000,4459,46382000000,map,-0.057679928839206696,0.11555566638708115,3.727792978286743,-0.03528855263634135,0.06938479990426803,0.06974553214649476,-0.9945229999217382
46393000000,4460,46393000000,map,-0.05675344914197922,0.12397786974906921,3.7260854244232178,-0.04665440390975148,0.06818709710506576,0.06747841101824525,-0.9942941003874756
46401000000,4461,46401000000,map,-0.0563289150595665,0.1291065663099289,3.7249579429626465,-0.05433427686340556,0.06732781703579328,0.0659334761392299,-0.9940661702307286
46409000000,4462,46409000000,map,-0.05599179118871689,0.13419854640960693,3.723844289779663,-0.05814667070400299,0.06690814966991368,0.06517976404730963,-0.9939285607703405
46418000000,4463,46418000000,map,-0.055746495723724365,0.13917900621891022,3.72277569770813,-0.06967708615842132,0.06550775032851298,0.06284027678016696,-0.993430890783124
46429000000,4464,46429000000,map,-0.05545088276267052,0.14701738953590393,3.721245527267456,-0.0772960090068642,0.06436727224824026,0.06125884273034111,-0.9930406109659131
46441000000,4465,46441000000,map,-0.05536967143416405,0.15458761155605316,3.719837188720703,-0.09236690609771453,0.06195086105566461,0.05803924497259389,-0.9920997247197559
46454000000,4466,46454000000,map,-0.055497825145721436,0.16187743842601776,3.718543529510498,-0.10339783875652185,0.06002258346728549,0.055591903920111825,-0.9912698111257279
46462000000,4467,46462000000,map,-0.05575345456600189,0.16624316573143005,3.717758893966675,-0.1105454595752116,0.05847561500282951,0.053925628264233645,-0.9906827476728197
46470000000,4468,46470000000,map,-0.05609436705708504,0.17042475938796997,3.717052936553955,-0.11407921730758097,0.05762215449137406,0.053077127910012296,-0.990377941664389
46481000000,4469,46481000000,map,-0.05669565126299858,0.17683753371238708,3.7161648273468018,-0.1274672822750779,0.054061596631707835,0.04969543337289223,-0.9891207854670059
46490000000,4470,46490000000,map,-0.057254668325185776,0.180586040019989,3.715672254562378,-0.13384597862371295,0.05204294961467628,0.047943810348779536,-0.9884726512306055
46498000000,4471,46498000000,map,-0.05789367854595184,0.1841811090707779,3.715266466140747,-0.1400922047933002,0.049764722791844164,0.046132254506084214,-0.9878104399468022
46506000000,4472,46506000000,map,-0.05860237777233124,0.18753671646118164,3.714962959289551,-0.14587610637650328,0.04745100305420981,0.044349442814073436,-0.9871685434439813
46517000000,4473,46517000000,map,-0.05974243953824043,0.1925981640815735,3.7146520614624023,-0.1540945995905139,0.04388644914646912,0.041619717876568374,-0.9862031698788393
46525000000,4474,46525000000,map,-0.060623858124017715,0.1954365372657776,3.714524030685425,-0.1566945859915903,0.042668963670247056,0.04071136899746158,-0.9858847925851879
46537000000,4475,46537000000,map,-0.062010567635297775,0.19965146481990814,3.714444160461426,-0.16652702428069677,0.037529366228586075,0.036979602736609996,-0.9846283107373812
46545000000,4476,46545000000,map,-0.06304483115673065,0.20193582773208618,3.7144463062286377,-0.17100873575888298,0.03489282270478253,0.035085481217681846,-0.9840261587127062
46553000000,4477,46553000000,map,-0.06411602348089218,0.2039589136838913,3.7144389152526855,-0.17313806830263825,0.033576228914287104,0.03413734571358079,-0.9837329852344643
46566000000,4478,46566000000,map,-0.06577279418706894,0.20692014694213867,3.7145228385925293,-0.1809818654966749,0.02824710236322869,0.030260467853306217,-0.9826148714903189
46578000000,4479,46578000000,map,-0.06692066043615341,0.21061742305755615,3.7145371437072754,-0.18615833616242683,0.024026648662249364,0.027289915823409894,-0.9818468294699048
46589000000,4480,46589000000,map,-0.06816310435533524,0.21372564136981964,3.714596748352051,-0.18920251346831563,0.021128889508087417,0.025284189449625016,-0.981385110744468
46597000000,4481,46597000000,map,-0.06886422634124756,0.21566984057426453,3.71459698677063,-0.19320975679939045,0.016710461522940298,0.02225943657254359,-0.9807626439388106
46609000000,4482,46609000000,map,-0.07022207230329514,0.21776874363422394,3.7146964073181152,-0.19552156939212972,0.013691740913552087,0.020219613398313407,-0.9803953763008866
46622000000,4483,46622000000,map,-0.07164404541254044,0.2192719280719757,3.714855432510376,-0.19921212657184978,0.007431701114365376,0.016096724383280747,-0.9797960481150617
46630000000,4484,46629000000,map,-0.07245676219463348,0.22013090550899506,3.714928388595581,-0.1999378004727982,0.00581839351035325,0.015044612603903273,-0.9796758031562601
46637000000,4485,46637000000,map,-0.07326903194189072,0.2207166850566864,3.715001106262207,-0.20160902838337644,0.0010420386825834148,0.01192363847167155,-0.979392997802752
46645000000,4486,46645000000,map,-0.07409147918224335,0.22103196382522583,3.715074300765991,-0.20230617940459514,-0.002103507062330146,0.009831679645833313,-0.9792707297952219
46653000000,4487,46653000000,map,-0.07491187006235123,0.22107592225074768,3.7151453495025635,-0.20252501637877582,-0.0036996187521498307,0.008775226741059239,-0.9792308588765306
46661000000,4488,46661000000,map,-0.07573627680540085,0.22084705531597137,3.715207099914551,-0.20267626034465716,-0.008411172800334155,0.005614634571227294,-0.9791936010624469
46670000000,4489,46670000000,map,-0.0765511617064476,0.22034963965415955,3.715266704559326,-0.20233023471838274,-0.011508376110005727,0.003485460078153978,-0.9792435872247809
46678000000,4490,46678000000,map,-0.07735421508550644,0.2195851057767868,3.7153241634368896,-0.20163486440151362,-0.01456198904160487,0.0013520287533810285,-0.9793516095975143
46686000000,4491,46686000000,map,-0.07813864946365356,0.21855801343917847,3.7153782844543457,-0.20061676512888446,-0.017561538103276694,-0.0007696014538088891,-0.9795121469434923
46694000000,4492,46693000000,map,-0.07889855653047562,0.21727493405342102,3.715430974960327,-0.19928079432478613,-0.020537569223479435,-0.0029235582938066398,-0.9797228811860468
46701000000,4493,46701000000,map,-0.07963215559720993,0.21574026346206665,3.715481758117676,-0.19761674191516687,-0.023476943122189828,-0.005091676474903996,-0.9799849502900875
46714000000,4494,46714000000,map,-0.08089017122983932,0.21268273890018463,3.7156004905700684,-0.1945338738023451,-0.027840822548651722,-0.00836286197522851,-0.9804650028946267
46722000000,4495,46721000000,map,-0.0815611332654953,0.21047347784042358,3.715651750564575,-0.19209135856401752,-0.030764612650125214,-0.010585307444056504,-0.9808376231823115
46729000000,4496,46729000000,map,-0.08218556642532349,0.20803457498550415,3.715702772140503,-0.1908006534752199,-0.03220152515640713,-0.011678765281823157,-0.9810309929232794
46737000000,4497,46737000000,map,-0.08276813477277756,0.20534825325012207,3.715754747390747,-0.18650060545082775,-0.03643466505878824,-0.014994036385690026,-0.9816645443500951
46745000000,4498,46745000000,map,-0.08330632001161575,0.20242072641849518,3.715806245803833,-0.18332064153574898,-0.039188924730482716,-0.017192205269775777,-0.9821212897474076
46753000000,4499,46753000000,map,-0.08379402756690979,0.19926667213439941,3.7158710956573486,-0.1816145529130962,-0.040562306130990516,-0.018314702286166388,-0.9823621589866476
46761000000,4500,46761000000,map,-0.08423195034265518,0.1958668828010559,3.715927839279175,-0.17623929136798655,-0.044590491177419214,-0.02163444095597539,-0.9830988858986178
46770000000,4501,46770000000,map,-0.08462374657392502,0.19216857850551605,3.715975522994995,-0.17239755871101398,-0.04716233928875854,-0.023845970391039088,-0.9836087784719028
46778000000,4502,46778000000,map,-0.08495887368917465,0.1882070153951645,3.7160162925720215,-0.16827078164920617,-0.049655230547768776,-0.026095136961822977,-0.9841434112452634
46786000000,4503,46786000000,map,-0.08520649373531342,0.1841936856508255,3.7160463333129883,-0.16415432529692747,-0.05199730457773884,-0.02832323010835131,-0.9846560433637014
46794000000,4504,46794000000,map,-0.08538923412561417,0.17995230853557587,3.716066598892212,-0.16001303391416372,-0.05423865817647999,-0.030516425664312733,-0.9851511423931589
46801000000,4505,46801000000,map,-0.08549726754426956,0.1755850911140442,3.7161026000976562,-0.15581884296816273,-0.05635309180928665,-0.032655420373089106,-0.9856361261789737
46809000000,4506,46809000000,map,-0.08553697168827057,0.17100700736045837,3.716127395629883,-0.15148739554162996,-0.058343766489797125,-0.03478927316634723,-0.9861223743702439
46817000000,4507,46817000000,map,-0.08550328016281128,0.16624639928340912,3.7161405086517334,-0.14925994513454133,-0.059279858531936215,-0.03583982551232973,-0.9863685119655475
46825000000,4508,46825000000,map,-0.08539441227912903,0.16132214665412903,3.7161436080932617,-0.14242189555234214,-0.06195742411023102,-0.03894550033855199,-0.9870970202420584
46833000000,4509,46833000000,map,-0.0852050855755806,0.1562083214521408,3.716139316558838,-0.1400911748296897,-0.06281797846312645,-0.039963009555301916,-0.987335487110933
46841000000,4510,46841000000,map,-0.08493386954069138,0.1509033739566803,3.716125726699829,-0.13291785233594242,-0.06525896851237356,-0.04300946805936646,-0.9880406881802172
46850000000,4511,46850000000,map,-0.08457881957292557,0.14543871581554413,3.7161009311676025,-0.127955585125213,-0.06669244868467986,-0.045015910929576027,-0.9885105412474167
46858000000,4512,46858000000,map,-0.08414276689291,0.13994748890399933,3.7161076068878174,-0.12295321518812545,-0.06796412710555284,-0.04696039793247465,-0.988968256022245
46866000000,4513,46866000000,map,-0.08362240344285965,0.1342695653438568,3.7160980701446533,-0.11791628220108095,-0.06915195700549144,-0.04886707921225903,-0.9894067939810008
46874000000,4514,46874000000,map,-0.08301802724599838,0.12849517166614532,3.7160706520080566,-0.11536955361145412,-0.06971040801661685,-0.04981277019914638,-0.9896206470903451
46882000000,4515,46882000000,map,-0.082326740026474,0.12258774787187576,3.7160236835479736,-0.10762025492013498,-0.07119864484767291,-0.05259656954329101,-0.9902435775113362
46890000000,4516,46889000000,map,-0.0815473422408104,0.11655406653881073,3.715954303741455,-0.10233991598040597,-0.07192302536720767,-0.05440382640743808,-0.9906532448788621
46898000000,4517,46897000000,map,-0.08068426698446274,0.11044026911258698,3.715862274169922,-0.09701609202972585,-0.07247996699432079,-0.05617218173040967,-0.99104955169541
46910000000,4518,46910000000,map,-0.0793323963880539,0.10084965825080872,3.715697765350342,-0.08896050428774394,-0.07309115688382348,-0.05880020632245803,-0.9916079131444823
46918000000,4519,46918000000,map,-0.07824477553367615,0.09451743960380554,3.7155797481536865,-0.08360693651581626,-0.07334088881505167,-0.06050420340775343,-0.9919527586589985
46926000000,4520,46926000000,map,-0.07707177847623825,0.08811075985431671,3.715440034866333,-0.07819113348907007,-0.07337257945850094,-0.062193997005100705,-0.9922875310767205
46934000000,4521,46934000000,map,-0.0758102685213089,0.08161765336990356,3.7152774333953857,-0.07547179585640747,-0.07330900283083773,-0.06302218257833975,-0.9924505550867606
46945000000,4522,46945000000,map,-0.07385941594839096,0.07155400514602661,3.7149770259857178,-0.06464858171789836,-0.07270186521264682,-0.06629665553284814,-0.9930457528814314
46954000000,4523,46954000000,map,-0.07238420844078064,0.06490951776504517,3.714773178100586,-0.05650920571180454,-0.07192980640000637,-0.06868288365498942,-0.993436243432885
46962000000,4524,46962000000,map,-0.07082734256982803,0.05822461098432541,3.7145581245422363,-0.053787092231722726,-0.07158711696020936,-0.06947494937905463,-0.9935569941538687
46970000000,4525,46970000000,map,-0.0691903606057167,0.05149763450026512,3.714372396469116,-0.048394238987171344,-0.07077060145419627,-0.0710096004270333,-0.9937843342547363
46978000000,4526,46978000000,map,-0.06870141625404358,0.045972444117069244,3.7142443656921387,-0.04302800477017713,-0.06979833951350074,-0.07256245891356866,-0.9939877349456498
46990000000,4527,46990000000,map,-0.06727340072393417,0.03682335093617439,3.7139711380004883,-0.0350544980156702,-0.06812189329624126,-0.07482452241999693,-0.994249424728054
46998000000,4528,46998000000,map,-0.06653884053230286,0.03117673099040985,3.713837146759033,-0.029712411308694692,-0.06683442824642291,-0.07630678493527654,-0.994398160956449
47006000000,4529,47006000000,map,-0.06569162011146545,0.025440501049160957,3.713714361190796,-0.024332127703167183,-0.06533941235820169,-0.07778529638103876,-0.9945290690679238
47014000000,4530,47014000000,map,-0.0647750049829483,0.019784225150942802,3.7136175632476807,-0.021676724781744018,-0.06453198279076522,-0.0785155326783385,-0.9945859673134135
47022000000,4531,47021000000,map,-0.06374645233154297,0.014040634967386723,3.7135443687438965,-0.013767025721704537,-0.06187298553341748,-0.08068373515313293,-0.9947221859278008
47029000000,4532,47029000000,map,-0.06263293325901031,0.008281080052256584,3.713486909866333,-0.00834727817799165,-0.05994733290344718,-0.08211428348528965,-0.9947832988581415
47037000000,4533,47037000000,map,-0.06144959479570389,0.002558681182563305,3.7134323120117188,-0.0055688341177860135,-0.05894109006613974,-0.08283486815428043,-0.9948032343174873
47045000000,4534,47045000000,map,-0.06017876788973808,-0.003193098586052656,3.7133724689483643,0.0031247620802416828,-0.05571397173011139,-0.08495337949468046,-0.9948212310218014
47053000000,4535,47053000000,map,-0.058847635984420776,-0.00887732207775116,3.7133052349090576,0.0061852844608186065,-0.05456911317640769,-0.08565381797008303,-0.99481023069434
47065000000,4536,47065000000,map,-0.05630812793970108,-0.018026228994131088,3.713167905807495,0.01919001067021879,-0.04979649361308714,-0.0884639169476984,-0.9946488082645433
47073000000,4537,47073000000,map,-0.05481799319386482,-0.023644937202334404,3.7132537364959717,0.022696505977046692,-0.048549648905610185,-0.08916857010795204,-0.9945736604336484
47081000000,4538,47081000000,map,-0.053256381303071976,-0.02924935892224312,3.713366985321045,0.0337231755479816,-0.04463341082791023,-0.09131102085830628,-0.9942499304902361
47089000000,4539,47089000000,map,-0.051646117120981216,-0.03477594256401062,3.713517189025879,0.041388770659896656,-0.04187380371307239,-0.09274595246270823,-0.9939475689990191
47101000000,4540,47101000000,map,-0.04879288375377655,-0.04343537986278534,3.713744878768921,0.05331036856967162,-0.037569500565080446,-0.09491980261520311,-0.9933463020581627
47114000000,4541,47114000000,map,-0.045838363468647,-0.051925163716077805,3.7141287326812744,0.06151082820087564,-0.03458944442084492,-0.09638301475495581,-0.9928394862048191
47125000000,4542,47125000000,map,-0.04281654581427574,-0.06016454100608826,3.7146873474121094,0.07829059494783595,-0.02823554359002445,-0.09937687399207867,-0.9915631953382122
47137000000,4543,47137000000,map,-0.03975934535264969,-0.06808999925851822,3.7154674530029297,0.09082250200557274,-0.023215385048687295,-0.10166439419500739,-0.9903922294460341
47150000000,4544,47150000000,map,-0.03667584806680679,-0.07567894458770752,3.7164127826690674,0.10323279433193133,-0.018026428379064,-0.1039836931217134,-0.9890428137972608
47161000000,4545,47161000000,map,-0.033583905547857285,-0.08291122317314148,3.717510223388672,0.11530021677729774,-0.012682439795549456,-0.10634610827444607,-0.9875401100604534
47173000000,4546,47173000000,map,-0.030515899881720543,-0.08973902463912964,3.7187438011169434,0.12307736926712654,-0.009057415696907774,-0.10793310570827525,-0.9864687371713065
47186000000,4547,47186000000,map,-0.027499955147504807,-0.09611651301383972,3.72009539604187,0.1378584376272911,-0.0018503994319540517,-0.11109011539598385,-0.9842005202249956
47197000000,4548,47197000000,map,-0.024553071707487106,-0.10202744603157043,3.721550703048706,0.14807734144381823,0.003487772886466005,-0.113456871674113,-0.9824400042158471
47209000000,4549,47209000000,map,-0.021685296669602394,-0.10746932029724121,3.723097562789917,0.15746661615754476,0.008767224108198239,-0.11582969709842783,-0.9806686143197827
47221000000,4550,47221000000,map,-0.01892724819481373,-0.11239723116159439,3.724719762802124,0.16604726670409736,0.013862941412203324,-0.11818406220309485,-0.9789119758206972
47234000000,4551,47234000000,map,-0.016304051503539085,-0.11678232252597809,3.726395606994629,0.17120874362849156,0.01717224346864988,-0.11974037673120819,-0.9777805858192707
47245000000,4552,47245000000,map,-0.01382982637733221,-0.1206292062997818,3.7281177043914795,0.18016092391302374,0.023836334567798413,-0.12287066531696078,-0.9756416754041914
47257000000,4553,47257000000,map,-0.01151292584836483,-0.12393375486135483,3.7298758029937744,0.18572964476115444,0.028715712098397052,-0.12519451610330595,-0.9741695281325544
47265000000,4554,47265000000,map,-0.010238775052130222,-0.1255718618631363,3.7311177253723145,0.18886346841382592,0.03195145736747997,-0.12677645591531383,-0.9732612635471447
47273000000,4555,47273000000,map,-0.009047798812389374,-0.12696412205696106,3.732362985610962,0.19024002663304024,0.033566124207356586,-0.12755663622809899,-0.9728368026357914
47285000000,4556,47285000000,map,-0.007177963387221098,-0.128953754901886,3.7341694831848145,0.19465368675594957,0.03996313072749157,-0.13073990340242975,-0.9712981897840527
47298000000,4557,47298000000,map,-0.005516211036592722,-0.13037899136543274,3.7359843254089355,0.19681833309040087,0.04447382870074117,-0.13313435016003067,-0.970340107623703
47306000000,4558,47306000000,map,-0.004679013509303331,-0.1307983547449112,3.73725962638855,0.19772573366541618,0.0473625947711021,-0.13472779606168211,-0.9697988156482776
47314000000,4559,47314000000,map,-0.003950115758925676,-0.13097353279590607,3.738518238067627,0.19822572172930092,0.05014475038815474,-0.13633620409455477,-0.969332081447868
47321000000,4560,47321000000,map,-0.0033227030653506517,-0.13091573119163513,3.739765167236328,0.19832789095844738,0.05275919842662646,-0.13792796412226582,-0.9689470699867209
47329000000,4561,47329000000,map,-0.0027988399378955364,-0.13062706589698792,3.740999460220337,0.19803920611957204,0.055205254000228944,-0.13950834450087873,-0.968643570530594
47337000000,4562,47337000000,map,-0.0023818223271518946,-0.13010843098163605,3.742217540740967,0.19737065173506796,0.05749686244746328,-0.14110052599707484,-0.9684161039891808
47345000000,4563,47345000000,map,-0.0020747724920511246,-0.12935061752796173,3.7434136867523193,0.1963617510121263,0.0596652440463639,-0.14268423597672014,-0.9682579690135679
47354000000,4564,47354000000,map,-0.001882552751339972,-0.12837474048137665,3.7445809841156006,0.19505723756208532,0.061732889408967394,-0.14424480733653305,-0.9681606519403562
47362000000,4565,47362000000,map,-0.001798595185391605,-0.12717507779598236,3.745734453201294,0.19340366918103313,0.06371060920191685,-0.1458053365494974,-0.9681306433842165
47370000000,4566,47370000000,map,-0.0018326391000300646,-0.12575766444206238,3.7468647956848145,0.19142970572595722,0.06558339914714237,-0.14736321051100554,-0.9681620427863571
47378000000,4567,47378000000,map,-0.0016520556528121233,-0.1255217343568802,3.748073101043701,0.18918479071851693,0.06737892338233528,-0.14892015724184654,-0.9682416581831942
47386000000,4568,47386000000,map,-0.0015969201922416687,-0.12505371868610382,3.7492451667785645,0.18670090834837588,0.06911847133434966,-0.15046669370110533,-0.9683621138762382
47394000000,4569,47394000000,map,-0.0016671295743435621,-0.12435924261808395,3.750380516052246,0.18535454834611964,0.06995729898683772,-0.151227950078909,-0.968442024301015
47402000000,4570,47401000000,map,-0.0018626943929120898,-0.12343137711286545,3.7514798641204834,0.18097573313021667,0.0722942679797819,-0.15350615582831684,-0.968740086813684
47409000000,4571,47409000000,map,-0.0021827761083841324,-0.12227880209684372,3.752533197402954,0.17771871950770396,0.07373087492141212,-0.15501113549494389,-0.9689950752471749
47417000000,4572,47417000000,map,-0.002624357584863901,-0.12093126773834229,3.753530740737915,0.17605542047300182,0.0743837243364898,-0.1557424676103049,-0.9691315467426531
47425000000,4573,47425000000,map,-0.003192473202943802,-0.11937731504440308,3.7544729709625244,0.1707878915410421,0.07616712081602371,-0.1578912825347843,-0.9695877442309351
47433000000,4574,47433000000,map,-0.003879966214299202,-0.11764199286699295,3.7554008960723877,0.1689794492967806,0.07667394193772327,-0.15859079377951968,-0.9697505575067327
47441000000,4575,47441000000,map,-0.004697214812040329,-0.11569901555776596,3.7562689781188965,0.16324714335868895,0.07792658578813753,-0.16063356723314565,-0.9702961906075547
47449000000,4576,47449000000,map,-0.0056284405291080475,-0.11360329389572144,3.7570643424987793,0.15925114796781045,0.0785734872292191,-0.16191584295224115,-0.9706948997944678
47458000000,4577,47458000000,map,-0.006696190219372511,-0.11130159348249435,3.7578020095825195,0.15512803504764505,0.07907095965308335,-0.16318855133672455,-0.9711089925810873
47466000000,4578,47466000000,map,-0.007887009531259537,-0.10883542895317078,3.7584762573242188,0.15090021355071043,0.07943265073611368,-0.1644411978213169,-0.9715341278420166
47474000000,4579,47474000000,map,-0.009170928969979286,-0.10627541691064835,3.7590808868408203,0.14666699462298835,0.07963300631722235,-0.16564781994733524,-0.9719610332705835
47485000000,4580,47485000000,map,-0.011374328285455704,-0.1017552837729454,3.7597885131835938,0.14027364697613973,0.07966005142307618,-0.16737912819046574,-0.9726057114654061
47498000000,4581,47498000000,map,-0.013860727660357952,-0.09689939022064209,3.7604146003723145,0.13380084461731395,0.07947400996539304,-0.16906158823617207,-0.9732417495562841
47506000000,4582,47505000000,map,-0.01567101664841175,-0.0936545804142952,3.7608461380004883,0.12945455886592733,0.07918875746049327,-0.17015542539557532,-0.9736620800764832
47513000000,4583,47513000000,map,-0.01759078912436962,-0.09028694778680801,3.761229991912842,0.12727035902794498,0.07898982696969989,-0.17069515793760587,-0.9738716342072794
47521000000,4584,47521000000,map,-0.019603200256824493,-0.0868346318602562,3.761563539505005,0.12063850368246219,0.07819155117092437,-0.1722164905814551,-0.9745121820109479
47529000000,4585,47529000000,map,-0.021737515926361084,-0.0832442119717598,3.7618508338928223,0.11618267036926165,0.07752411894626192,-0.17318907125769245,-0.9749344934330271
47537000000,4586,47537000000,map,-0.02397952973842621,-0.07954222708940506,3.762094497680664,0.11395040600181967,0.07715113909327576,-0.17364636456403565,-0.9751461549062488
47545000000,4587,47545000000,map,-0.026345467194914818,-0.07570229470729828,3.762336015701294,0.10716647824146452,0.07577847155501459,-0.17499683388402176,-0.975781307913308
47553000000,4588,47553000000,map,-0.028797384351491928,-0.07179466634988785,3.7625350952148438,0.10487680854926168,0.07522428264394485,-0.17541851310337325,-0.9759971419245321
47561000000,4589,47561000000,map,-0.03135829418897629,-0.06777530163526535,3.7626922130584717,0.09805315738418502,0.07328679465207709,-0.17662269071217795,-0.976636636056988
47570000000,4590,47570000000,map,-0.034042298793792725,-0.06362943351268768,3.762817144393921,0.09356677616689268,0.07185707542745588,-0.1773730732030659,-0.9770468934803931
47578000000,4591,47578000000,map,-0.036804016679525375,-0.0594303123652935,3.762915849685669,0.0891183811139098,0.07030297953579,-0.1781052904022457,-0.9774426102410619
47589000000,4592,47589000000,map,-0.041199106723070145,-0.05268217623233795,3.762930393218994,0.08250115006631581,0.0676155983516037,-0.17912119803875237,-0.978027187029908
47597000000,4593,47597000000,map,-0.04422735795378685,-0.04824066162109375,3.7630178928375244,0.08029887384013383,0.06662411283817565,-0.17943961747925213,-0.9782201774492394
47605000000,4594,47605000000,map,-0.04733366146683693,-0.04374300688505173,3.7630984783172607,0.07365278372583878,0.06352103629930965,-0.1803448896384176,-0.9787829643174053
47613000000,4595,47613000000,map,-0.05053090676665306,-0.03917038068175316,3.7631821632385254,0.07146026976344315,0.0624864292914989,-0.18062499759362105,-0.9789604025496361
47625000000,4596,47625000000,map,-0.055546313524246216,-0.031951870769262314,3.763232946395874,0.06277309239873476,0.05807842277319059,-0.1816730632755414,-0.9796333612798096
47633000000,4597,47633000000,map,-0.05896465480327606,-0.027199463918805122,3.7633464336395264,0.06061380546412552,0.05689894173588808,-0.18190364868374448,-0.9797956687934251
47641000000,4598,47641000000,map,-0.062488652765750885,-0.022353889420628548,3.763474702835083,0.05633140042332867,0.05448039825851364,-0.1823476657328068,-0.9801060803327077
47649000000,4599,47649000000,map,-0.06603726744651794,-0.017528053373098373,3.763631820678711,0.04996515999131278,0.050741836929633535,-0.1829450551636002,-0.9805406143408552
47657000000,4600,47657000000,map,-0.0696570947766304,-0.012653827667236328,3.7638134956359863,0.0479009948306388,0.04947966743870647,-0.1831246428851051,-0.9806745991722714
47669000000,4601,47669000000,map,-0.07526269555091858,-0.0050736996345222,3.7640597820281982,0.03976382799441508,0.044007374546383586,-0.1837573935217991,-0.9811806563823415
47682000000,4602,47682000000,map,-0.08102722465991974,0.002606820547953248,3.764381170272827,0.03369942316466768,0.039559486078763466,-0.18414493379385682,-0.981524363931948
47689000000,4603,47689000000,map,-0.08488985151052475,0.007617098744958639,3.7646877765655518,0.029667085665843897,0.03655854189055149,-0.18439532822086008,-0.981723929259647
47697000000,4604,47697000000,map,-0.08878359198570251,0.012630559504032135,3.765021324157715,0.025594017189201387,0.03345277980718193,-0.1846218675316061,-0.9819066358479418
47710000000,4605,47710000000,map,-0.09474455565214157,0.020351339131593704,3.7655088901519775,0.01924919933350727,0.028537208341152292,-0.1849340492385263,-0.9821478422619696
47721000000,4606,47721000000,map,-0.10079190880060196,0.028095852583646774,3.766057014465332,0.014739405541867128,0.02517503503888233,-0.18515308641023737,-0.9822766008841703
47733000000,4607,47733000000,map,-0.10696180164813995,0.035920221358537674,3.766650915145874,0.004440552446437388,0.018400431610215706,-0.18564468725126843,-0.9824347358597832
47741000000,4608,47741000000,map,-0.11098529398441315,0.04092246666550636,3.7671103477478027,0.0015703988195055719,0.016640103286251928,-0.18577251864280203,-0.9824506252216718
47749000000,4609,47749000000,map,-0.11503385752439499,0.0459301620721817,3.7675979137420654,-0.007683551912547859,0.011170273103434705,-0.1861821017166309,-0.9824217967772905
47757000000,4610,47757000000,map,-0.11908414214849472,0.050915345549583435,3.7681190967559814,-0.011012298236455187,0.00929824040207531,-0.18632375727447603,-0.9823827266487207
47769000000,4611,47769000000,map,-0.1252344697713852,0.058515798300504684,3.7689368724823,-0.0256143283481887,0.0016655855012339034,-0.18694909006583216,-0.9820342143583842
47777000000,4612,47777000000,map,-0.12850868701934814,0.06437782943248749,3.7695608139038086,-0.03353996023405432,-0.002478567915961534,-0.1872772875751864,-0.9817312206644393
47785000000,4613,47785000000,map,-0.13177350163459778,0.0701575055718422,3.7702324390411377,-0.04173252391660762,-0.00686935678810863,-0.18762011004097412,-0.9813306570161919
47793000000,4614,47793000000,map,-0.13500744104385376,0.07582920789718628,3.7709527015686035,-0.050152349991776736,-0.011358083082393897,-0.18792424169982874,-0.9808365273642501
47802000000,4615,47802000000,map,-0.13819994032382965,0.08139106631278992,3.7717201709747314,-0.058676727910122205,-0.015794856800444408,-0.18821320049321932,-0.9802466400724916
47810000000,4616,47810000000,map,-0.1413736194372177,0.08686880767345428,3.772594690322876,-0.0672864163182098,-0.020281047698373942,-0.1885137075231021,-0.9795529029460024
47821000000,4617,47821000000,map,-0.14642688632011414,0.09456366300582886,3.773930072784424,-0.07587272244499696,-0.024892679471273046,-0.1887929303944867,-0.9787649676130912
47834000000,4618,47834000000,map,-0.1513262540102005,0.10195700824260712,3.775378942489624,-0.09274651354262903,-0.03395606948395728,-0.18933691976821682,-0.976932296199292
47846000000,4619,47846000000,map,-0.15608510375022888,0.10906713455915451,3.7769486904144287,-0.10474698571913588,-0.04026374575867342,-0.18969238628855778,-0.9754095305625934
47857000000,4620,47857000000,map,-0.1606464385986328,0.11583195626735687,3.7786333560943604,-0.11614197626993525,-0.04658326529782113,-0.19005274184332593,-0.9737664778202446
47865000000,4621,47865000000,map,-0.1633189618587494,0.12031238526105881,3.779865264892578,-0.12329339557334704,-0.050709857967166705,-0.19030452711633,-0.9726312103087552
47873000000,4622,47873000000,map,-0.1658967286348343,0.12461704015731812,3.7811384201049805,-0.12992676425410915,-0.05456048624335309,-0.19053498608398756,-0.9715135601799434
47881000000,4623,47881000000,map,-0.16834668815135956,0.1287057250738144,3.782442569732666,-0.1330904989983332,-0.0564367980846073,-0.19063967885568855,-0.9709574746606906
47894000000,4624,47893000000,map,-0.17214003205299377,0.13422290980815887,3.7844126224517822,-0.1445072083470058,-0.06389920054393476,-0.19114050985654357,-0.9687620874686067
47906000000,4625,47906000000,map,-0.1756981611251831,0.13935525715351105,3.7864789962768555,-0.151852608520689,-0.06927331885577855,-0.1915478591474013,-0.9671874390613912
47917000000,4626,47917000000,map,-0.1789429485797882,0.14402130246162415,3.7886109352111816,-0.15612775039178925,-0.07265174964631706,-0.19182075999150933,-0.9662042795261775
47925000000,4627,47925000000,map,-0.1807381808757782,0.1470526158809662,3.7901082038879395,-0.16173234874471484,-0.07762974026571907,-0.19229465915616584,-0.9648000308274916
47933000000,4628,47933000000,map,-0.18236948549747467,0.14985884726047516,3.791591167449951,-0.16486996297957426,-0.08080315298003242,-0.192622266609641,-0.9639426374882345
47942000000,4629,47942000000,map,-0.18386310338974,0.1524612307548523,3.7931010723114014,-0.16756470339863727,-0.08381136585325127,-0.19294624943414423,-0.9631559665607786
47950000000,4630,47950000000,map,-0.18520523607730865,0.15484872460365295,3.794623613357544,-0.16984002999145623,-0.08665500581974718,-0.19326365735027978,-0.9624418725064585
47958000000,4631,47958000000,map,-0.1863780915737152,0.15699726343154907,3.7961349487304688,-0.17168804812646946,-0.08934887959423768,-0.19360095857891246,-0.961799765269395
47966000000,4632,47966000000,map,-0.1874151974916458,0.15894350409507751,3.7976620197296143,-0.17313632711095917,-0.09184729472458088,-0.1939247306691732,-0.9612393807715942
47973000000,4633,47973000000,map,-0.18829311430454254,0.16067077219486237,3.7992005348205566,-0.1742418310448658,-0.0941961043477786,-0.19423788175360918,-0.9607489600423215
47981000000,4634,47981000000,map,-0.18901164829730988,0.1621861457824707,3.800736904144287,-0.1746712468450971,-0.09527756877296585,-0.19438935752715736,-0.9605336739401278
47989000000,4635,47989000000,map,-0.189575657248497,0.16350223124027252,3.8022701740264893,-0.175433011619261,-0.09828931671310352,-0.1948356926528877,-0.960000853481253
47997000000,4636,47997000000,map,-0.18997003138065338,0.16460475325584412,3.8037843704223633,-0.17553567080552143,-0.09922275350378643,-0.19497047827442548,-0.9598586500143773
48006000000,4637,48006000000,map,-0.19020326435565948,0.16549749672412872,3.8052895069122314,-0.1754209339129846,-0.10180305996078627,-0.19538124146001268,-0.9595258584985352
48014000000,4638,48014000000,map,-0.1902732402086258,0.1661834567785263,3.8068203926086426,-0.17501484902758213,-0.10334866918937778,-0.19562522956604222,-0.9593850458776605
48022000000,4639,48022000000,map,-0.19017507135868073,0.16666264832019806,3.8083302974700928,-0.17437838156568503,-0.1047625141986341,-0.1958670681827978,-0.9592983076634249
48030000000,4640,48030000000,map,-0.18990959227085114,0.1669394075870514,3.8098196983337402,-0.173491709337603,-0.10607756699498085,-0.1960931438782102,-0.9592683834009823
48038000000,4641,48038000000,map,-0.18947774171829224,0.16701535880565643,3.811285972595215,-0.1723979485693627,-0.10725994151221531,-0.19631690149695447,-0.9592882345666309
48046000000,4642,48045000000,map,-0.1888801008462906,0.16689583659172058,3.812727689743042,-0.17109265803680226,-0.10829072962042428,-0.1965165511183506,-0.9593653211525572
48053000000,4643,48053000000,map,-0.18811534345149994,0.16659300029277802,3.8141353130340576,-0.16959344458588718,-0.10914773046715462,-0.1967044839158607,-0.9594958499423956
48061000000,4644,48061000000,map,-0.1871882677078247,0.16610601544380188,3.815478563308716,-0.1687659755090728,-0.10953027633766375,-0.1967957739897353,-0.9595793007024471
48069000000,4645,48069000000,map,-0.18610458076000214,0.1654469519853592,3.8167688846588135,-0.16607961704450738,-0.11045974342205254,-0.19700305219071185,-0.9598990266952507
48082000000,4646,48082000000,map,-0.18434923887252808,0.16395029425621033,3.818603754043579,-0.16410777410274718,-0.11085649541468788,-0.19711276043738568,-0.9601697359032362
48093000000,4647,48093000000,map,-0.1822211742401123,0.16206903755664825,3.820338487625122,-0.15971681796029508,-0.11108391190671857,-0.1972341012142486,-0.9608588790232379
48105000000,4648,48105000000,map,-0.1797250211238861,0.15981662273406982,3.821972131729126,-0.1561017194444777,-0.1108046416201293,-0.1972306873195192,-0.9614857291011405
48113000000,4649,48113000000,map,-0.17774483561515808,0.1582179069519043,3.823028087615967,-0.15352028555928018,-0.11043775593802001,-0.19720046802913688,-0.9619496394626998
48121000000,4650,48121000000,map,-0.17561912536621094,0.1564706563949585,3.824040651321411,-0.15219460648875263,-0.11017266543177665,-0.19717657076603123,-0.9621955663237609
48129000000,4651,48129000000,map,-0.17333832383155823,0.1545657515525818,3.825077772140503,-0.14801834507552597,-0.10910257143606422,-0.19703259713151805,-0.9629980423194083
48137000000,4652,48137000000,map,-0.17090198397636414,0.15250934660434723,3.826077699661255,-0.1465745046810201,-0.10866634628562041,-0.19697451877427002,-0.9632801733233403
48146000000,4653,48146000000,map,-0.16832701861858368,0.15031518042087555,3.8270397186279297,-0.142113759942879,-0.10713102747351064,-0.1967359254648498,-0.9641689239178894
48154000000,4654,48154000000,map,-0.16559632122516632,0.14796721935272217,3.827974319458008,-0.13904922175789242,-0.10595776326099962,-0.19653796171739413,-0.9647854901647552
48162000000,4655,48162000000,map,-0.16271604597568512,0.1454756259918213,3.828883171081543,-0.13587748174662934,-0.10457943487414784,-0.1963005906665808,-0.9654359846246725
48170000000,4656,48170000000,map,-0.1597369909286499,0.14289626479148865,3.8297553062438965,-0.13262702986159414,-0.10299777165083329,-0.19603620348587203,-0.9661115564594536
48181000000,4657,48181000000,map,-0.15633533895015717,0.14062365889549255,3.83113431930542,-0.1293119418331004,-0.1012816428586118,-0.19573628651186847,-0.9668029333624262
48193000000,4658,48193000000,map,-0.15257279574871063,0.13801229000091553,3.8324828147888184,-0.12246431701375515,-0.09748737808977463,-0.19505161095780904,-0.9682219756049395
48206000000,4659,48206000000,map,-0.14849083125591278,0.13509893417358398,3.833794355392456,-0.1171384700143465,-0.09413333451945571,-0.19445649745683513,-0.9693317864199285
48214000000,4660,48214000000,map,-0.14590662717819214,0.13370434939861298,3.8347184658050537,-0.11352763886694087,-0.09170901091461664,-0.19401673723947244,-0.9700817474423313
48225000000,4661,48225000000,map,-0.14130951464176178,0.13028931617736816,3.835989475250244,-0.10804802567618531,-0.08786900759552205,-0.19329143212344851,-0.9712071104444207
48237000000,4662,48237000000,map,-0.13641417026519775,0.12658897042274475,3.8372600078582764,-0.1024996235603039,-0.08367984397829499,-0.1924874809881032,-0.9723373624809373
48245000000,4663,48245000000,map,-0.13320791721343994,0.12455696612596512,3.838172435760498,-0.1006192781339383,-0.08218363678305883,-0.19220551857156531,-0.9727171898797176
48253000000,4664,48253000000,map,-0.1299857646226883,0.12249411642551422,3.839052200317383,-0.09492442032929309,-0.07751877815030202,-0.19129948776912659,-0.9738505607830239
48261000000,4665,48261000000,map,-0.12662798166275024,0.12028324604034424,3.839921236038208,-0.09302258659563202,-0.07593326573433833,-0.19097175387510595,-0.9742231389238603
48269000000,4666,48269000000,map,-0.12315941601991653,0.11795056611299515,3.840776205062866,-0.08741714793991423,-0.07111077327833923,-0.1899721149221245,-0.9753010024276778
48277000000,4667,48277000000,map,-0.11956753581762314,0.11549012362957001,3.8416213989257812,-0.08369416995552167,-0.0677298261892357,-0.18924225794646132,-0.9760098702727825
48286000000,4668,48286000000,map,-0.11584877222776413,0.1128995344042778,3.842454195022583,-0.07994934146435426,-0.06421621926026608,-0.18845959096961412,-0.9767125425311561
48294000000,4669,48294000000,map,-0.1121409460902214,0.11030805855989456,3.8432583808898926,-0.0762499057875776,-0.060692707163351914,-0.18765222593953934,-0.9773889151560591
48302000000,4670,48302000000,map,-0.10830497741699219,0.10757223516702652,3.8440513610839844,-0.07262185040856567,-0.05713489345865045,-0.18680157609604403,-0.9780424020422205
48313000000,4671,48313000000,map,-0.10206267982721329,0.10250295698642731,3.845136880874634,-0.06732268565698696,-0.05166056508757145,-0.1854286846526501,-0.9789868286236525
48326000000,4672,48326000000,map,-0.09564376622438431,0.09724855422973633,3.846198081970215,-0.062102951251238575,-0.04596015641126846,-0.18396273296774424,-0.9798921429296665
48334000000,4673,48334000000,map,-0.09151408076286316,0.09416678547859192,3.8469672203063965,-0.05860227879495026,-0.04208206419492115,-0.18292984015128771,-0.9804751602851177
48341000000,4674,48341000000,map,-0.08735261857509613,0.09102416783571243,3.847717523574829,-0.05690231068495465,-0.04019661043880713,-0.1824179245292744,-0.9807497891500148
48349000000,4675,48349000000,map,-0.083136647939682,0.08779950439929962,3.8484537601470947,-0.05178706292647634,-0.0344344256778438,-0.18082747105386726,-0.9815467017616586
48357000000,4676,48357000000,map,-0.0788588747382164,0.08448176831007004,3.849179983139038,-0.048349576498639954,-0.0304884059125871,-0.1797438755786523,-0.9820514524194252
48365000000,4677,48365000000,map,-0.07451711595058441,0.0810713991522789,3.849900245666504,-0.046582227431676566,-0.028484692050818557,-0.17918905446485478,-0.982298432951699
48373000000,4678,48373000000,map,-0.07013027369976044,0.07758317142724991,3.850614309310913,-0.04105420990249526,-0.022452297917151316,-0.17751329576806169,-0.9830053198949238
48381000000,4679,48381000000,map,-0.06569159030914307,0.07401153445243835,3.851325035095215,-0.039143799943706724,-0.020456548492662322,-0.1769656817653596,-0.9832255371783931
48389000000,4680,48389000000,map,-0.06125199422240257,0.0704013854265213,3.852036237716675,-0.03305354213830107,-0.014386297269409187,-0.17532098529591905,-0.9838511228508404
48397000000,4681,48397000000,map,-0.05689414218068123,0.06683823466300964,3.8527326583862305,-0.02869614015561969,-0.010323899518701772,-0.17424969670046914,-0.9842292643756801
48406000000,4682,48406000000,map,-0.05246453732252121,0.0631759911775589,3.8534295558929443,-0.026329190923949596,-0.00826210005569563,-0.17372829803754086,-0.9844069133421536
48414000000,4683,48414000000,map,-0.048042092472314835,0.05948302894830704,3.8541107177734375,-0.01836101903850182,-0.0019890968078692863,-0.17217404870500458,-0.9848934144145147
48422000000,4684,48422000000,map,-0.04361695423722267,0.055750176310539246,3.8547730445861816,-0.012427118138537486,0.0022250454025455413,-0.17118519934524207,-0.9851579280357691
48430000000,4685,48430000000,map,-0.03920312598347664,0.051989633589982986,3.8554694652557373,-0.006063195556815021,0.0064931514047020175,-0.1702336077995631,-0.9853636046565022
48437000000,4686,48437000000,map,-0.0348082073032856,0.04821159690618515,3.8561465740203857,0.0007902343117886032,0.010844939274873334,-0.16931290989384257,-0.9855023099349517
48450000000,4687,48450000000,map,-0.028047852218151093,0.04201959818601608,3.8570594787597656,0.01199280622452563,0.017450463212112792,-0.16793938624772103,-0.9855699556268116
48458000000,4688,48458000000,map,-0.02370489202439785,0.03821173310279846,3.8577182292938232,0.019869723515184175,0.02185151821691289,-0.16704148978704497,-0.9855074939973185
48466000000,4689,48466000000,map,-0.01940366066992283,0.03441609814763069,3.8583788871765137,0.02789963337202889,0.026310723195676244,-0.16615855545759028,-0.9853531100912232
48474000000,4690,48474000000,map,-0.015210313722491264,0.030703289434313774,3.8590407371520996,0.035980666615254744,0.030771422494246282,-0.16529146834317565,-0.9851077732860412
48481000000,4691,48481000000,map,-0.011057592928409576,0.027010081335902214,3.859715461730957,0.040065887378339195,0.03298681314039634,-0.16486076969824276,-0.984950523394247
48494000000,4692,48494000000,map,-0.004760943818837404,0.02110845036804676,3.860692024230957,0.05662218099778262,0.041752072151782706,-0.16313333896517523,-0.9840925821459592
48502000000,4693,48502000000,map,-0.0007809391827322543,0.017545213922858238,3.8614108562469482,0.06466286587754888,0.04603942475514997,-0.1622728267591284,-0.98354800271635
48510000000,4694,48509000000,map,0.003118851687759161,0.014045941643416882,3.862151861190796,0.07245483825298532,0.05025349847693597,-0.16141400042702186,-0.9829396129580952
48518000000,4695,48517000000,map,0.006957953795790672,0.01059643179178238,3.862920045852661,0.0802056502795838,0.05441296437103101,-0.16054581749454605,-0.9822582248582196
48526000000,4696,48525000000,map,0.01065734587609768,0.007278481498360634,3.863701343536377,0.08390757393751164,0.056386335136049744,-0.16012464403737658,-0.9819065094073962
48533000000,4697,48533000000,map,0.0142518887296319,0.004059609957039356,3.864499092102051,0.09459764000772007,0.06203291438427024,-0.15883119940342583,-0.9808036528224116
48541000000,4698,48541000000,map,0.017747998237609863,0.0009309587185271084,3.8652567863464355,0.09793431512518545,0.06383980904893799,-0.15840884583449805,-0.9804285037238161
48549000000,4699,48549000000,map,0.021133938804268837,-0.0020898673683404922,3.866034507751465,0.10735335473358379,0.06902184968413845,-0.15712842457673715,-0.9792966079602077
48558000000,4700,48558000000,map,0.024381276220083237,-0.004961272701621056,3.8668248653411865,0.11318893757268433,0.07228473884075141,-0.15628342241094223,-0.9785390183582243
48566000000,4701,48566000000,map,0.02749958075582981,-0.007702380418777466,3.8676280975341797,0.1159279914516895,0.07382259963466199,-0.15586448273674397,-0.978170317727451
48574000000,4702,48574000000,map,0.03047347627580166,-0.010293333791196346,3.868438243865967,0.12348040904272409,0.07814271746147942,-0.1545984757011737,-0.9771109145432811
48581000000,4703,48581000000,map,0.03353585675358772,-0.012949889525771141,3.8692848682403564,0.12792974383871986,0.08086003278627607,-0.15377399905060363,-0.9764472702666287
48589000000,4704,48589000000,map,0.03646033629775047,-0.015466025099158287,3.8701539039611816,0.13197300955438138,0.08348684302225164,-0.15296111278337404,-0.9758156154479959
48597000000,4705,48597000000,map,0.03923482075333595,-0.017827339470386505,3.8710196018218994,0.13563288382838548,0.08596797531052733,-0.15217815077858715,-0.9752205440938705
48605000000,4706,48605000000,map,0.04185696318745613,-0.020032105967402458,3.8718698024749756,0.13730001559212407,0.08713694712993532,-0.1517911162687116,-0.9749437657396995
48613000000,4707,48613000000,map,0.04431165009737015,-0.02206648886203766,3.8726861476898193,0.14166044687954216,0.09038943786876724,-0.1506330473121778,-0.9742031191708175
48622000000,4708,48622000000,map,0.04663177207112312,-0.02396145649254322,3.8734664916992188,0.14410350739272237,0.09236393606198363,-0.14988881826117234,-0.9737743171340677
48630000000,4709,48630000000,map,0.048800863325595856,-0.02570035122334957,3.8741984367370605,0.14622158936210325,0.09421549716644982,-0.14914547429398578,-0.9733952905254093
48638000000,4710,48638000000,map,0.05081658810377121,-0.027279818430542946,3.8748795986175537,0.14801642080847377,0.0958732091095462,-0.14841068613704683,-0.9730744687145443
48650000000,4711,48650000000,map,0.05359017103910446,-0.02954700030386448,3.8757588863372803,0.15012183764987713,0.09794755845524096,-0.14726458688549005,-0.972719297222143
48658000000,4712,48658000000,map,0.055244240909814835,-0.03075144998729229,3.8762731552124023,0.15117563266901698,0.09908339758336333,-0.14652330811388042,-0.9725530700516161
48666000000,4713,48666000000,map,0.05675303190946579,-0.03180520236492157,3.8767175674438477,0.1519590240448231,0.10006132300682753,-0.14577975341245125,-0.9724424767211235
48673000000,4714,48673000000,map,0.058109961450099945,-0.032704759389162064,3.877091884613037,0.15248867558752535,0.10085982402782477,-0.14503691520744671,-0.9723882337270899
48681000000,4715,48681000000,map,0.05931786820292473,-0.03345431014895439,3.877399206161499,0.15277085664083992,0.10147709886858122,-0.14428758638777156,-0.9723911418596372
48689000000,4716,48689000000,map,0.060377828776836395,-0.03405128791928291,3.8776395320892334,0.15283925043926097,0.10193315937960548,-0.14353433791118486,-0.9724442468887609
48697000000,4717,48697000000,map,0.061282169073820114,-0.03448867425322533,3.8778178691864014,0.15271271242914108,0.10221325943227479,-0.14276372493301165,-0.9725480124297947
48705000000,4718,48705000000,map,0.06203485280275345,-0.0347718670964241,3.8779337406158447,0.15256138680374076,0.10230174410654538,-0.14238347606574642,-0.972618313373111
48714000000,4719,48714000000,map,0.06263220310211182,-0.03489737957715988,3.8779900074005127,0.15179886602048168,0.10231211223127905,-0.1412220353613317,-0.9729057970268038
48722000000,4720,48722000000,map,0.06307969987392426,-0.03486570343375206,3.877986431121826,0.15106612198569552,0.10214053241099119,-0.14043734533575591,-0.9731514288599252
48730000000,4721,48730000000,map,0.06337811052799225,-0.03467784821987152,3.8779258728027344,0.150158784630953,0.10183020516540549,-0.13964123351423363,-0.973438912513618
48738000000,4722,48738000000,map,0.06352505087852478,-0.034332748502492905,3.8778116703033447,0.14907534457224178,0.10135499154591106,-0.13882341606572818,-0.9737719569105511
48745000000,4723,48745000000,map,0.06352069973945618,-0.03383329510688782,3.877657175064087,0.14783802110126124,0.10070443123154313,-0.13797698090708393,-0.9741483704146019
48753000000,4724,48753000000,map,0.0633687749505043,-0.033183831721544266,3.877450704574585,0.14646756890672497,0.09988196182463335,-0.13711077887648804,-0.9745622524669788
48761000000,4725,48761000000,map,0.06306850165128708,-0.03238545358181,3.8771960735321045,0.14498382598339138,0.09892616086245935,-0.1362479907406215,-0.9750023920059782
48769000000,4726,48769000000,map,0.06261978298425674,-0.031431641429662704,3.8768935203552246,0.14418902861670704,0.09838884386168413,-0.13580452160058987,-0.9752365598963046
48777000000,4727,48777000000,map,0.06202221289277077,-0.03032524138689041,3.8765485286712646,0.14163442383476474,0.09653878687287418,-0.13444979544890429,-0.9759831913176752
48785000000,4728,48785000000,map,0.06128670275211334,-0.029077788814902306,3.876169443130493,0.14073675918175546,0.09582741129028305,-0.13397994238170485,-0.9762477892326265
48793000000,4729,48793000000,map,0.060409530997276306,-0.027679456397891045,3.8757569789886475,0.1379025126941214,0.09346410841955366,-0.13253143949208235,-0.9770787564978674
48802000000,4730,48802000000,map,0.059393927454948425,-0.026135703548789024,3.875319719314575,0.13489124417438553,0.09086843416791551,-0.13104310783061723,-0.9779443263257355
48810000000,4731,48810000000,map,0.05824066326022148,-0.024449771270155907,3.8748607635498047,0.13386952422405146,0.0899365633960726,-0.13055142269588915,-0.97823657257331
48818000000,4732,48818000000,map,0.05695919692516327,-0.02262992225587368,3.874387741088867,0.13179848735723185,0.08797861442634182,-0.12953075246550072,-0.9788313067526473
48826000000,4733,48826000000,map,0.05553475767374039,-0.02065199799835682,3.8739025592803955,0.13075328370974315,0.08695581973137075,-0.12900964883051214,-0.979131645195136
48834000000,4734,48834000000,map,0.05397234112024307,-0.018521953374147415,3.8734121322631836,0.12751905177593956,0.08369825688273834,-0.12738648940066055,-0.9800541554153424
48841000000,4735,48841000000,map,0.05230038985610008,-0.01626642234623432,3.872927665710449,0.12538063263506316,0.08146244427748736,-0.1262809775642198,-0.9806614072086873
48849000000,4736,48849000000,map,0.05049841105937958,-0.013865560293197632,3.8724863529205322,0.12326215158771042,0.07912827936705817,-0.1251530857512197,-0.981265497988394
48857000000,4737,48857000000,map,0.048597726970911026,-0.011355306953191757,3.8720574378967285,0.12113997347148989,0.07664753693713121,-0.12398730392140839,-0.9818744356556794
48865000000,4738,48865000000,map,0.046568453311920166,-0.008695791475474834,3.871638536453247,0.12009682579995512,0.0753772019470545,-0.12339998758740911,-0.9821749005387137
48878000000,4739,48878000000,map,0.043260179460048676,-0.004469503182917833,3.871011257171631,0.11587807114380637,0.06998571649944621,-0.12095677692608114,-0.9833838828882485
48886000000,4740,48886000000,map,0.040942199528217316,-0.0014635184779763222,3.870635747909546,0.11483766038324676,0.06859220997877445,-0.12033253995278625,-0.9836806388486139
48893000000,4741,48893000000,map,0.0385168232023716,0.001674015773460269,3.8702781200408936,0.11178320451467738,0.06426114714223434,-0.11840899993359749,-0.984558009794065
48901000000,4742,48901000000,map,0.03603290021419525,0.004888069350272417,3.8699445724487305,0.10976381729361884,0.06122862343995881,-0.1170949033438764,-0.9851353794718157
48909000000,4743,48909000000,map,0.03341853246092796,0.008270223625004292,3.8696177005767822,0.10875848851608849,0.05969027400602331,-0.11642422054352247,-0.9854208400767801
48917000000,4744,48917000000,map,0.030714841559529305,0.011783136054873466,3.8693058490753174,0.10571485121669624,0.054897674202330556,-0.11434368351363078,-0.9862738922906407
48925000000,4745,48925000000,map,0.02794392965734005,0.015393375419080257,3.8690109252929688,0.10472941048330697,0.05326810318314929,-0.11363237115131236,-0.9865505863511146
48933000000,4746,48933000000,map,0.025103222578763962,0.01911025494337082,3.868727207183838,0.10181185284705703,0.04828056630255955,-0.11148979396041259,-0.987356771269431
48942000000,4747,48942000000,map,0.022183483466506004,0.022949185222387314,3.868452548980713,0.09989309649517433,0.04487036995913397,-0.11001941685641298,-0.9878785071071473
48950000000,4748,48950000000,map,0.019219927489757538,0.026866605505347252,3.868189573287964,0.09793997202250901,0.041425168023842045,-0.10854389783689516,-0.9883875145966134
48958000000,4749,48958000000,map,0.01618051342666149,0.030909975990653038,3.868006944656372,0.09599163385132772,0.038011931838967616,-0.10706382695773803,-0.9888772188294614
48966000000,4750,48966000000,map,0.013076244853436947,0.035066552460193634,3.8678336143493652,0.09402083140989013,0.034577695986822636,-0.1055656750805698,-0.9893534782176345
48974000000,4751,48974000000,map,0.009921634569764137,0.039323847740888596,3.867669105529785,0.09202644517253265,0.03113191453236369,-0.10404644977914618,-0.9898163349079813
48982000000,4752,48982000000,map,0.007878541015088558,0.043526791036129,3.8675124645233154,0.08996260356300725,0.027632098183935756,-0.10253295644911986,-0.9902677276555328
48990000000,4753,48990000000,map,0.005784653127193451,0.04781217500567436,3.8673698902130127,0.08785235300491531,0.02417281129870711,-0.10101027510611832,-0.9907040318313176
49001000000,4754,49001000000,map,0.001968370983377099,0.05447525531053543,3.867140054702759,0.08573074913950574,0.020729924805905256,-0.09948274687553804,-0.9911225078901824
49013000000,4755,49013000000,map,-0.0020158523693680763,0.06147105619311333,3.8669838905334473,0.08120652993041821,0.013655615796022173,-0.09641508850667257,-0.9919290721301353
49021000000,4756,49021000000,map,-0.004283030983060598,0.0661247968673706,3.8669373989105225,0.07874726131980755,0.010022863019034814,-0.09488187045154323,-0.9923185090103759
49029000000,4757,49029000000,map,-0.006608328316360712,0.07089275121688843,3.866898775100708,0.07746741167867952,0.008190821173785235,-0.09410910798409611,-0.9925095606746759
49037000000,4758,49037000000,map,-0.008963184431195259,0.07574202120304108,3.866870641708374,0.07353035075290941,0.0026976301123640884,-0.09183039647250602,-0.9930524963771932
49045000000,4759,49045000000,map,-0.011345996521413326,0.08067606389522552,3.866854667663574,0.072182410243834,0.0008736672911384469,-0.09107390268858401,-0.993224329078572
49054000000,4760,49054000000,map,-0.01377143058925867,0.08572380244731903,3.8668508529663086,0.06788643992703527,-0.004684564260069102,-0.08881403081827838,-0.993721029688273
49062000000,4761,49062000000,map,-0.016195736825466156,0.09083154052495956,3.8668627738952637,0.06480861099678856,-0.008372221209776003,-0.08732928163893666,-0.9940339278916178
49070000000,4762,49070000000,map,-0.018626822158694267,0.09600764513015747,3.866924285888672,0.061576938166943006,-0.011994489958196278,-0.0858338271600731,-0.994332496166469
49077000000,4763,49077000000,map,-0.021045520901679993,0.1012277752161026,3.8670053482055664,0.05822135491956443,-0.015530609231171276,-0.08436260711910337,-0.9946115504504596
49085000000,4764,49085000000,map,-0.023456070572137833,0.10651279240846634,3.8671083450317383,0.05649342896102692,-0.017284450233186914,-0.0836307692415601,-0.9947439758484808
49093000000,4765,49093000000,map,-0.02586519345641136,0.11187624931335449,3.867234945297241,0.05100875024591595,-0.022465755932716467,-0.08143175742050429,-0.9951192935344704
49101000000,4766,49101000000,map,-0.028239086270332336,0.11725543439388275,3.8673834800720215,0.04705167351837022,-0.02587438625730207,-0.07996344551208179,-0.9953505111454011
49114000000,4767,49113000000,map,-0.03220324218273163,0.12550368905067444,3.8675942420959473,0.040756310708864325,-0.030855789454344446,-0.07779182914255794,-0.9956582252863793
49126000000,4768,49126000000,map,-0.03604626655578613,0.1337779015302658,3.867872476577759,0.03414900483250433,-0.03575933532143187,-0.07562771491206904,-0.9959093783566556
49137000000,4769,49137000000,map,-0.0397997684776783,0.14213044941425323,3.8681740760803223,0.027133568137591695,-0.04065618165060345,-0.07350182787317949,-0.996096594657741
49150000000,4770,49149000000,map,-0.043485283851623535,0.1505921334028244,3.8684213161468506,0.019536248347824803,-0.04552104222606813,-0.07141442090698047,-0.9962159123858754
49162000000,4771,49162000000,map,-0.04706668481230736,0.15909263491630554,3.8685505390167236,0.01127945418522991,-0.05030705395050302,-0.06938424936105925,-0.9962569212694764
49170000000,4772,49170000000,map,-0.04912136122584343,0.16469351947307587,3.8685898780822754,0.005386691243590246,-0.05338952298535298,-0.06806901480642824,-0.9962364379011002
49181000000,4773,49181000000,map,-0.05246628820896149,0.17312711477279663,3.868474006652832,-0.004127986149524402,-0.057820737270667104,-0.0661106614903696,-0.9961269825355175
49193000000,4774,49193000000,map,-0.05565455183386803,0.1814994066953659,3.868316173553467,-0.014272996003899792,-0.06192665691081808,-0.06418404475123957,-0.9959125393702939
49206000000,4775,49206000000,map,-0.05869773030281067,0.18983100354671478,3.8680319786071777,-0.02496153951920576,-0.06568611101696328,-0.06224996801992317,-0.9955839203924546
49217000000,4776,49217000000,map,-0.06156080961227417,0.19804979860782623,3.8676445484161377,-0.03605389725845067,-0.06911867416605799,-0.060322550490671485,-0.9951301252745377
49229000000,4777,633437494088684736,map,-0.06424396485090256,0.20617401599884033,3.8671693801879883,-0.04356217656238224,-0.07127194875394548,-0.059040190477879013,-0.9947547654416997
49242000000,4778,633437494100684736,map,-0.06672313064336777,0.2141394466161728,3.866624593734741,-0.05854621558389668,-0.07525060927774034,-0.056599719361704166,-0.9938341096828277
49253000000,4779,633437494112684736,map,-0.06899995356798172,0.22194741666316986,3.8660175800323486,-0.06967351042637909,-0.07799478004757253,-0.05483435646497687,-0.993003395298678
49265000000,4780,633437494124684736,map,-0.07104139029979706,0.22950251400470734,3.8653712272644043,-0.07689401499994533,-0.07970410739211559,-0.05369841460391123,-0.9923966492675151
49278000000,4781,633437494136684736,map,-0.0728570893406868,0.2368311733007431,3.864687204360962,-0.09079238149686651,-0.08278225966771571,-0.051549388945189296,-0.9910835642021583
49289000000,4782,633437494148684736,map,-0.07443950325250626,0.24388693273067474,3.8639681339263916,-0.10064765745096531,-0.08473015595553214,-0.05002712907067287,-0.9900445600926677
49297000000,4783,633437494156684736,map,-0.07518087327480316,0.24843591451644897,3.8635125160217285,-0.10687998108744455,-0.08578628683204181,-0.049031957683633616,-0.989349980029208
49306000000,4784,633437494164684736,map,-0.07579905539751053,0.2527729868888855,3.863126516342163,-0.11282241013878726,-0.08661616091339935,-0.04804083239405139,-0.9886661895589675
49314000000,4785,633437494172684736,map,-0.07631351798772812,0.25696536898612976,3.862718343734741,-0.11849131272873933,-0.08725824312577152,-0.04707048550078508,-0.9879930622413999
49322000000,4786,633437494180684736,map,-0.07672391086816788,0.26101452112197876,3.862288236618042,-0.12382965363455344,-0.0877061798317453,-0.04613153800965942,-0.9873428206625738
49330000000,4787,633437494188613056,map,-0.07702723890542984,0.26489922404289246,3.861842155456543,-0.1288154032253485,-0.08796912479998165,-0.04520325367120693,-0.9867242313669795
49338000000,4788,633437494196613056,map,-0.07722726464271545,0.26863229274749756,3.8614003658294678,-0.13346140707029724,-0.08798940928791654,-0.04427977407348472,-0.9861466931018347
49346000000,4789,633437494204613056,map,-0.07731246948242188,0.2721535265445709,3.8609585762023926,-0.1356717010758639,-0.08792188213406799,-0.04383613634605905,-0.9858708841251793
49353000000,4790,633437494212613056,map,-0.07728656381368637,0.2754804193973541,3.860516309738159,-0.14173457791771665,-0.0874763372617472,-0.042521238966216186,-0.9851147696628939
49366000000,4791,633437494224613056,map,-0.07727956026792526,0.28017088770866394,3.8597545623779297,-0.1469800403403029,-0.08673348588585253,-0.04128098365508621,-0.9844643173498253
49377000000,4792,633437494236613056,map,-0.07719611376523972,0.28604286909103394,3.859191656112671,-0.15147010216285034,-0.08562421244318219,-0.0400993967570833,-0.9839295159890706
49389000000,4793,633437494248613056,map,-0.07685583084821701,0.29139578342437744,3.8586249351501465,-0.15520513217028348,-0.08423905890104968,-0.03896214834371376,-0.9835126415104494
49402000000,4794,633437494260613056,map,-0.07626436650753021,0.29625335335731506,3.8580760955810547,-0.1582274747744656,-0.0826220186667663,-0.03788563353904851,-0.9832102800192322
49413000000,4795,633437494272613056,map,-0.07542646676301956,0.30059894919395447,3.857553005218506,-0.16059567985051243,-0.08066423960151858,-0.03683428040294424,-0.9830288378363927
49426000000,4796,633437494284541376,map,-0.07434096187353134,0.3044377565383911,3.8570590019226074,-0.16186503492636123,-0.07919312756184813,-0.0361447158144575,-0.982965828297869
49433000000,4797,633437494292541376,map,-0.07340844720602036,0.30714914202690125,3.8568506240844727,-0.1633229550024478,-0.07673704367247805,-0.03512813382837477,-0.9829563031101056
49441000000,4798,633437494300541376,map,-0.07237780839204788,0.3096065819263458,3.8566558361053467,-0.16402149423548934,-0.07492536402341529,-0.03444619781946857,-0.9830038447552258
49449000000,4799,633437494308541376,map,-0.07125508040189743,0.31181228160858154,3.8564603328704834,-0.16430066442331337,-0.07397473131853996,-0.034103838969014595,-0.9830412290098549
49457000000,4800,633437494316541376,map,-0.07004433870315552,0.3137725591659546,3.856266975402832,-0.1646283509021295,-0.07089557212838712,-0.033022983038952576,-0.9832501509379235
49465000000,4801,633437494324541376,map,-0.06873780488967896,0.31550145149230957,3.856081247329712,-0.1645963192972612,-0.0697949703997979,-0.032645389423143496,-0.983346877955256
49473000000,4802,633437494332541376,map,-0.06734536588191986,0.31699231266975403,3.85591197013855,-0.16419065588034387,-0.06633507238526584,-0.031481377760969716,-0.9836920606445603
49481000000,4803,633437494340541376,map,-0.06586968153715134,0.31824585795402527,3.855759620666504,-0.16371577153310343,-0.06389520713003836,-0.03067409702459201,-0.9839581758460579
49490000000,4804,633437494348541376,map,-0.06432116776704788,0.3192645311355591,3.855633020401001,-0.16314019309641442,-0.061376511463027354,-0.029876552210220345,-0.9842386631228981
49498000000,4805,633437494356541376,map,-0.06269902735948563,0.3200512230396271,3.8555235862731934,-0.16249270686780973,-0.058813861901375525,-0.029056922447228965,-0.9845266525387729
49506000000,4806,633437494364541376,map,-0.06100044026970863,0.3206061124801636,3.8554258346557617,-0.1617758785366925,-0.05617864600330006,-0.028256848821946682,-0.9848218912125918
49514000000,4807,633437494372541376,map,-0.05923779308795929,0.32092535495758057,3.8553354740142822,-0.16103504230699228,-0.0534781499052373,-0.027438104142774093,-0.985116750564774
49522000000,4808,633437494381541376,map,-0.05740950629115105,0.32100656628608704,3.8552513122558594,-0.16027051428007286,-0.05071083524721656,-0.02660629394056308,-0.9854105140988949
49530000000,4809,633437494389468672,map,-0.05552937835454941,0.32085853815078735,3.8551435470581055,-0.1594560738478044,-0.04785091342630527,-0.025772460689623525,-0.9857078179682908
49537000000,4810,633437494397468672,map,-0.053594157099723816,0.3204798996448517,3.855039119720459,-0.15866058369229763,-0.04498327346376043,-0.024921389377643103,-0.9859930256921641
49545000000,4811,633437494404468672,map,-0.05161607265472412,0.31988075375556946,3.8549365997314453,-0.1582545093436073,-0.04350258091858782,-0.024491280788589368,-0.9861355241869794
49553000000,4812,633437494413468672,map,-0.04958886653184891,0.3190552890300751,3.8548314571380615,-0.15696962578826026,-0.03895290764717777,-0.023177816401595833,-0.9865627246434857
49561000000,4813,633437494421468672,map,-0.04750889539718628,0.3179960250854492,3.8547253608703613,-0.15608396771872052,-0.035809242705379024,-0.022279414178737692,-0.9868430011860831
49569000000,4814,633437494429468672,map,-0.04540422931313515,0.31673043966293335,3.8546206951141357,-0.15562944029931086,-0.034191093482144205,-0.02182435465536559,-0.9869823808141087
49577000000,4815,633437494437468672,map,-0.04383955895900726,0.3167644441127777,3.854609251022339,-0.15422560253239787,-0.029314776866418653,-0.020452896204820995,-0.9873889293148448
49586000000,4816,633437494445468672,map,-0.04222730174660683,0.31654292345046997,3.8545656204223633,-0.1531963238082012,-0.026009020413603062,-0.019541006990439314,-0.9876601864318608
49594000000,4817,633437494453468672,map,-0.04057275503873825,0.3160668611526489,3.854517936706543,-0.15209130192887438,-0.022694544831501795,-0.01861445067277584,-0.9879305163182097
49602000000,4818,633437494461468672,map,-0.038885802030563354,0.31534692645072937,3.854468822479248,-0.15086075092961393,-0.019315631986383405,-0.01768667209650554,-0.9882080533156541
49610000000,4819,633437494469468672,map,-0.03718516603112221,0.3144080936908722,3.8544204235076904,-0.14956097373167437,-0.016056563705005772,-0.016800829634503578,-0.9884793947263673
49618000000,4820,633437494477468672,map,-0.03542768210172653,0.31317993998527527,3.854360580444336,-0.148066030283349,-0.012748020291832389,-0.01591405994183437,-0.9887672577016965
49626000000,4821,633437494485395968,map,-0.03370635211467743,0.31180235743522644,3.854299545288086,-0.1463690085014821,-0.00955622891739026,-0.01506589676240111,-0.9890691977244286
49634000000,4822,633437494493395968,map,-0.031968627125024796,0.3101949691772461,3.8542370796203613,-0.14450779313452888,-0.00644715073315076,-0.014229998315884562,-0.9893803679069846
49641000000,4823,633437494501395968,map,-0.030218619853258133,0.3083620071411133,3.854193925857544,-0.1424532817835926,-0.003360800236970745,-0.013420104474899164,-0.9897048986405184
49649000000,4824,633437494509395968,map,-0.028467178344726562,0.30631592869758606,3.854156970977783,-0.14136424409656356,-0.0018117507718695544,-0.013022828280835563,-0.9898703671677721
49657000000,4825,633437494517395968,map,-0.02670256793498993,0.3040276765823364,3.8541269302368164,-0.13788552751417138,0.002833400916485874,-0.011844023074834398,-0.9903733055110526
49665000000,4826,633437494525395968,map,-0.02495020069181919,0.30154237151145935,3.8541088104248047,-0.13663827582618848,0.00440921889874757,-0.011463900648114589,-0.9905448853313406
49673000000,4827,633437494533395968,map,-0.02322155237197876,0.2988834083080292,3.8541066646575928,-0.1326682428939927,0.009119487468052308,-0.010317042753284655,-0.9910648510014195
49681000000,4828,633437494541395968,map,-0.021513277664780617,0.2960372865200043,3.854123830795288,-0.12984747549534803,0.012296311442917013,-0.009569989863429107,-0.9914115931241185
49690000000,4829,633437494549395968,map,-0.019818123430013657,0.29298481345176697,3.854201316833496,-0.12839886197024827,0.013900910454355583,-0.009190921107922079,-0.9915826250353759
49698000000,4830,633437494557395968,map,-0.01814386248588562,0.2897356450557709,3.854302167892456,-0.12377620089392949,0.018788000858231728,-0.008084313453420032,-0.9920993453981193
49706000000,4831,633437494565395968,map,-0.016500158235430717,0.28630930185317993,3.854426145553589,-0.12046486525204227,0.02199356898378086,-0.007358839750002009,-0.9924466775766976
49714000000,4832,633437494573395968,map,-0.014890938065946102,0.2827095091342926,3.8545711040496826,-0.11693086780947198,0.025144146008735394,-0.006639561633315137,-0.9927995309924308
49722000000,4833,633437494581395968,map,-0.013320285826921463,0.27895021438598633,3.8547284603118896,-0.11322365999041212,0.02820419950562264,-0.0059377744587602015,-0.9931514150306482
49729000000,4834,633437494589323264,map,-0.01180051639676094,0.2750699818134308,3.854891777038574,-0.10934866556743034,0.031138802907917193,-0.005254321163307539,-0.9935017396354708
49742000000,4835,633437494601323264,map,-0.009465625509619713,0.26826411485671997,3.85506010055542,-0.10313461588250313,0.03521747197632784,-0.004267494852273455,-0.9940346443880426
49753000000,4836,633437494613323264,map,-0.007240992039442062,0.261146605014801,3.85524320602417,-0.09634494824821639,0.03897021683102573,-0.003345996156431272,-0.9945791816708034
49761000000,4837,633437494621323264,map,-0.005918013863265514,0.25671759247779846,3.8554294109344482,-0.09165228125652101,0.041314745914921555,-0.0027598599341903092,-0.9949298855972624
49769000000,4838,633437494629323264,map,-0.004648074507713318,0.25215092301368713,3.855630874633789,-0.08925589574388859,0.042463089486161495,-0.0024789511888652057,-0.9951001167183979
49781000000,4839,633437494641323264,map,-0.002751350635662675,0.24448494613170624,3.855893850326538,-0.07918643148129095,0.04690280953234072,-0.001373607939818497,-0.9957549101568632
49789000000,4840,633437494649323264,map,-0.0016377739375457168,0.23962078988552094,3.8561408519744873,-0.07653742829539638,0.04798263286461408,-0.001117439394569261,-0.9959108534963534
49797000000,4841,633437494657323264,map,-0.0005887506995350122,0.2346365600824356,3.856402635574341,-0.06846148757685075,0.051202877313068114,-0.0003727467282302301,-0.9963389390366786
49805000000,4842,633437494665323264,map,0.0003793975920416415,0.22961941361427307,3.8566863536834717,-0.06572441855099265,0.05229587153550113,-0.00013103455202028948,-0.9964665175471211
49813000000,4843,633437494673323264,map,0.001285011414438486,0.22447413206100464,3.8569581508636475,-0.057462182917446356,0.05548711426005005,0.000530249501115635,-0.9968044509784815
49821000000,4844,633437494681323264,map,0.002107664942741394,0.21934230625629425,3.857192277908325,-0.05176888545169475,0.057487273051610305,0.0009550475872568999,-0.9970026676070283
49830000000,4845,633437494689251584,map,0.0028725718148052692,0.21409101784229279,3.857374429702759,-0.048901774629662075,0.05842750371670981,0.0011515783418632498,-0.997092566834902
49838000000,4846,633437494697251584,map,0.0035670525394380093,0.20879796147346497,3.8574860095977783,-0.040261950566344684,0.06109672092627692,0.001732741235979999,-0.9973180103275867
49846000000,4847,633437494705251584,map,0.004192957654595375,0.20345304906368256,3.8575141429901123,-0.03444459492213609,0.06273521654063037,0.002074004268372624,-0.997433534839355
49854000000,4848,633437494713251584,map,0.004745153244584799,0.1980857104063034,3.857462167739868,-0.028628842175259923,0.06419570362320905,0.002395711163056317,-0.9975237712420169
49861000000,4849,633437494721251584,map,0.005222280975431204,0.19271892309188843,3.8573176860809326,-0.022740552067918477,0.06542289999674583,0.0026967239551211647,-0.9975948308286062
49869000000,4850,633437494729251584,map,0.005627824924886227,0.1873343586921692,3.8570804595947266,-0.019777903889206964,0.0659572996453507,0.0028302451712036753,-0.9976223948675325
49882000000,4851,633437494741251584,map,0.006177262403070927,0.17870570719242096,3.856497287750244,-0.007800048765282267,0.067652293110133,0.0033762997405107397,-0.9976728024983514
49890000000,4852,633437494749251584,map,0.006401349324733019,0.17316079139709473,3.8560469150543213,-0.0015188249063627659,0.06833809609239014,0.003681147895790109,-0.9976543000318552
49897000000,4853,633437494757251584,map,0.0065407175570726395,0.16772229969501495,3.8555376529693604,0.004815996572972428,0.06888836271237034,0.003992233784648973,-0.9976047774848549
49905000000,4854,633437494765251584,map,0.006603281479328871,0.1622551679611206,3.854921340942383,0.011508900311434212,0.06928408474139519,0.004334255460314911,-0.9975212002842577
49913000000,4855,633437494773251584,map,0.00658442685380578,0.1568744033575058,3.8542513847351074,0.018217308821791938,0.06952607087212048,0.0047216271449785395,-0.9974026411993966
49921000000,4856,633437494781251584,map,0.00648781331256032,0.1515091359615326,3.853524923324585,0.02492938410797011,0.06967449626750766,0.005137279364992979,-0.9972450119859658
49930000000,4857,633437494789176832,map,0.006310726050287485,0.14614927768707275,3.852745532989502,0.031715391551881474,0.06974392661498427,0.005579441952720703,-0.9970451094834787
49938000000,4858,633437494797176832,map,0.0060501862317323685,0.1407921463251114,3.8519153594970703,0.03859362288577974,0.06969375869436616,0.006027842274028143,-0.9968033973072687
49946000000,4859,633437494805176832,map,0.005709062796086073,0.13552504777908325,3.8510477542877197,0.045701403078825566,0.06948643966363008,0.00651383758420732,-0.9965142277796355
49954000000,4860,633437494813176832,map,0.005287713836878538,0.13036146759986877,3.8501482009887695,0.05266161793561163,0.0691121229652927,0.00699220431480591,-0.9961934902624675
49961000000,4861,633437494821176832,map,0.0047848960384726524,0.12525421380996704,3.8492324352264404,0.05961362634001146,0.06858551752021205,0.007465344836189218,-0.9958346519942458
49969000000,4862,633437494829176832,map,0.004198732320219278,0.12020368874073029,3.848278760910034,0.06305560585238969,0.06828220327972799,0.007702463005911491,-0.995641619428066
49977000000,4863,633437494837176832,map,0.0036358630750328302,0.11526142060756683,3.8476717472076416,0.07342710710839817,0.06713027245191693,0.008389077315002439,-0.9950033897010654
49985000000,4864,633437494845176832,map,0.0029921620152890682,0.11040539294481277,3.847022533416748,0.08022945995626991,0.06614963217871858,0.00882993335042637,-0.9945398586611427
49993000000,4865,633437494853176832,map,0.002269537653774023,0.10566174238920212,3.8463327884674072,0.08691786715283119,0.06497946971084018,0.009249800255291988,-0.9940510395121133
50001000000,4866,633437494861176832,map,0.0014785528182983398,0.10108403116464615,3.845614433288574,0.09339862933912493,0.06364651306495488,0.009634938156984466,-0.9935456987984677
50013000000,4867,633437494873176832,map,0.0001376017607981339,0.0941440761089325,3.844343423843384,0.10281187639003107,0.06147937348099633,0.010102852469152438,-0.9927476903687624
50026000000,4868,633437494885102080,map,-0.0013694613007828593,0.08751509338617325,3.843010187149048,0.11183502669909955,0.05902238606856131,0.010437498446328967,-0.9919174817467948
50037000000,4869,633437494897102080,map,-0.003035984467715025,0.08124186843633652,3.841647148132324,0.12032039639205916,0.056275172823102244,0.01064486094100248,-0.9910816254471269
50050000000,4870,633437494909102080,map,-0.00485363882035017,0.07537291944026947,3.8403005599975586,0.12823266114150175,0.05344128721785857,0.010730461190328226,-0.990245052651034
50062000000,4871,633437494921102080,map,-0.00682843616232276,0.06990960240364075,3.8390004634857178,0.13572020946432203,0.050504713450396116,0.010725614302749379,-0.9894009777159063
50073000000,4872,633437494933102080,map,-0.008950600400567055,0.0648999735713005,3.8377792835235596,0.14260956756622717,0.04736202052029115,0.010666482274288628,-0.9885876699801917
50086000000,4873,633437494945102080,map,-0.011215543374419212,0.060352571308612823,3.8366947174072266,0.14898835611109335,0.04407061506939352,0.010572621242654848,-0.9877998189409775
50098000000,4874,633437494957102080,map,-0.01361851766705513,0.05628751590847969,3.835714101791382,0.1549205039655774,0.0406008125454614,0.010478718064172611,-0.9870367081018392
50106000000,4875,633437494965102080,map,-0.015260182321071625,0.054008688777685165,3.835265636444092,0.1584830558980138,0.03815197001150112,0.01044386262045405,-0.9865690888176109
50117000000,4876,633437494977102080,map,-0.017815804108977318,0.05083960294723511,3.8344626426696777,0.16336931916998793,0.03423944645409843,0.010423589986320316,-0.9859156019314494
50130000000,4877,633437494989027328,map,-0.020464926958084106,0.04819735884666443,3.833733558654785,0.16776702144237982,0.030187769807980977,0.010435770425540005,-0.9853091509282261
50142000000,4878,633437495001027328,map,-0.02320052497088909,0.04608311504125595,3.8330602645874023,0.17164370437348003,0.0258957296848059,0.01051121328437449,-0.9847626748904339
50153000000,4879,633437495013027328,map,-0.026020731776952744,0.04449707642197609,3.832505464553833,0.17395100725342863,0.022923054507415844,0.0105878784018158,-0.9844305155773196
50161000000,4880,633437495021027328,map,-0.02790793776512146,0.04384465888142586,3.832303762435913,0.17699346180688452,0.018510679863386087,0.010705215228070166,-0.9839797128856471
50169000000,4881,633437495029027328,map,-0.029803911224007607,0.04343347251415253,3.8321139812469482,0.17789574153980575,0.017044074902328246,0.01074222016106269,-0.9838430728027747
50177000000,4882,633437495037027328,map,-0.03171283006668091,0.04326076805591583,3.831937789916992,0.18038931241674822,0.012677856325773978,0.010874350531144328,-0.9834535094819885
50186000000,4883,633437495045027328,map,-0.03363891690969467,0.043324753642082214,3.8317296504974365,0.18189724763112702,0.009755493948793811,0.010973690653084567,-0.9832079197957155
50194000000,4884,633437495053027328,map,-0.03559758514165878,0.043628446757793427,3.8315141201019287,0.18327155626230207,0.006847419353458824,0.011067804565809358,-0.9829762385694512
50202000000,4885,633437495061027328,map,-0.037550125271081924,0.04417172819375992,3.8312911987304688,0.18440101804540915,0.003969263752210516,0.011138063362277018,-0.982779960695936
50210000000,4886,633437495069027328,map,-0.03947325795888901,0.04494542255997658,3.831066370010376,0.1852575473742718,0.0010748500041491132,0.011211904640868131,-0.982625450349295
50218000000,4887,633437495077027328,map,-0.04139437526464462,0.0459510013461113,3.83082914352417,0.1858355176446138,-0.0018655143455012797,0.011297842064981856,-0.9825141405223777
50225000000,4888,633437495084953600,map,-0.04330688714981079,0.047187864780426025,3.830575942993164,0.1861030447655367,-0.004845127947827447,0.011374127860786565,-0.9824524375361579
50233000000,4889,633437495092953600,map,-0.04520566761493683,0.0486551895737648,3.830310821533203,0.18602544188071604,-0.007853664824944206,0.01145719929920147,-0.9824467477116088
50241000000,4890,633437495100953600,map,-0.047086622565984726,0.05035070702433586,3.830031156539917,0.1855919141285769,-0.010885798668871002,0.011547477848711851,-0.9824987569226713
50254000000,4891,633437495112953600,map,-0.04988577961921692,0.05325901135802269,3.829440116882324,0.18432098644844302,-0.015540507155126282,0.011708099488386857,-0.982673539903446
50262000000,4892,633437495120953600,map,-0.0517292395234108,0.05556121841073036,3.8291282653808594,0.18303080292689572,-0.018674025243146028,0.011826026370520324,-0.9828586488621058
50269000000,4893,633437495128953600,map,-0.05352551117539406,0.05807705223560333,3.8288516998291016,0.18133704752578844,-0.02178650678540278,0.011965532439091374,-0.983106893799835
50277000000,4894,633437495136953600,map,-0.0552813820540905,0.060809582471847534,3.8285725116729736,0.17926899649976802,-0.02485025603406882,0.012110222570029304,-0.9834116576614172
50285000000,4895,633437495144953600,map,-0.057006727904081345,0.06377820670604706,3.828287363052368,0.17686085728475712,-0.027866616419940426,0.01225465981987611,-0.9837649746924841
50293000000,4896,633437495152953600,map,-0.05867019295692444,0.06693437695503235,3.8280062675476074,0.17552825822853968,-0.029367887163898473,0.01233246290222728,-0.9839590187830283
50301000000,4897,633437495160953600,map,-0.060310591012239456,0.07035229355096817,3.8277175426483154,0.171044365650943,-0.03373201947145145,0.012571688414375113,-0.9846054671454882
50310000000,4898,633437495169953600,map,-0.061898019164800644,0.07397837191820145,3.827432632446289,0.16761802706453774,-0.03652495414501074,0.01271747436337428,-0.9850931483296078
50318000000,4899,633437495176953600,map,-0.06341917812824249,0.07778390496969223,3.827155828475952,0.16387630887908153,-0.03925658095905485,0.01286975092704412,-0.9856154742232033
50326000000,4900,633437495184879872,map,-0.06488270312547684,0.08178509026765823,3.8269457817077637,0.1598984102912824,-0.04191399770958343,0.013030751888355728,-0.9861571455202653
50334000000,4901,633437495192879872,map,-0.06628471612930298,0.08597718179225922,3.826747417449951,0.15567817786125773,-0.04448548757271041,0.013179361676205145,-0.9867176143117633
50342000000,4902,633437495200879872,map,-0.06762057542800903,0.09035388380289078,3.82656192779541,0.1512071822193054,-0.046969638629010706,0.01332662276490226,-0.9872956161922417
50354000000,4903,633437495212879872,map,-0.06950780004262924,0.0972614735364914,3.826165199279785,0.14401293644945048,-0.05061256986991344,0.013552572019769112,-0.9881877385346718
50365000000,4904,633437495225879872,map,-0.07124188542366028,0.10461710393428802,3.8258111476898193,0.13632358901596003,-0.054193231776319364,0.013748301984253749,-0.9890853821142568
50373000000,4905,633437495233879872,map,-0.07229485362768173,0.10972071439027786,3.8256919384002686,0.13367048441486973,-0.05535701426500446,0.013799974020528068,-0.9893823488088644
50381000000,4906,633437495240879872,map,-0.07325129956007004,0.11366742104291916,3.825673818588257,0.1254512035816276,-0.058758235963875256,0.013932820887034455,-0.9902602676633465
50389000000,4907,633437495248879872,map,-0.07412628084421158,0.11776566505432129,3.825660228729248,0.12272700251545546,-0.059828847575570956,0.013962703002628637,-0.9905370460175175
50401000000,4908,633437495260879872,map,-0.07530640810728073,0.12483599781990051,3.825470447540283,0.11123866459773857,-0.0640869041679561,0.0140625488867509,-0.9916254883803113
50414000000,4909,633437495273879872,map,-0.07631056010723114,0.13229966163635254,3.8252506256103516,0.1023467490382209,-0.06701396591854525,0.014049778391652109,-0.9923894843032683
50422000000,4910,633437495280879872,map,-0.07685670256614685,0.13693156838417053,3.825181245803833,0.09632106283891197,-0.06878160869635919,0.01401100329102217,-0.9928721500124151
50430000000,4911,633437495288806144,map,-0.07732407003641129,0.141721710562706,3.82507061958313,0.09023072798379887,-0.07047367756498153,0.013945338501042067,-0.9933264930393626
50438000000,4912,633437495296806144,map,-0.07770738005638123,0.14661693572998047,3.8249168395996094,0.08411172010080824,-0.07205776884189702,0.013858136671473115,-0.9937509539507157
50450000000,4913,633437495308806144,map,-0.07813026756048203,0.15463128685951233,3.824479341506958,0.07489043865050196,-0.07412298956709922,0.01366746432880977,-0.9943392396622308
50461000000,4914,633437495320806144,map,-0.0783643126487732,0.16287483274936676,3.8239235877990723,0.06561675870701097,-0.07578269381312741,0.013377072542569752,-0.9948731559391668
50474000000,4915,633437495332806144,map,-0.07840173691511154,0.17128920555114746,3.823253631591797,0.05625333746285107,-0.07727099748645103,0.013021816756471455,-0.9953367291259381
50481000000,4916,633437495340806144,map,-0.0783136636018753,0.17666035890579224,3.822831153869629,0.049992248602263145,-0.07813896507487282,0.012752329807092727,-0.995606637543802
50489000000,4917,633437495348806144,map,-0.07813848555088043,0.18205846846103668,3.822355031967163,0.046858777929447974,-0.07850613788238758,0.012601233355181258,-0.9957320244181218
50497000000,4918,633437495357806144,map,-0.07787654548883438,0.18750859797000885,3.8218111991882324,0.037542957270141813,-0.079325111735049,0.012120211373126405,-0.996067892653905
50505000000,4919,633437495364806144,map,-0.07753141969442368,0.1929311454296112,3.8212122917175293,0.03138273042785202,-0.07971772148272913,0.011777304613641732,-0.9962537602558381
50513000000,4920,633437495372806144,map,-0.07710062712430954,0.1984061598777771,3.8205485343933105,0.02831491927666074,-0.07990732434911144,0.011592996445103582,-0.996332617009402
50522000000,4921,633437495380806144,map,-0.07658366858959198,0.20391038060188293,3.8198232650756836,0.019105788096003853,-0.08034637070422745,0.011027470031784387,-0.9965228678835802
50533000000,4922,633437495392732416,map,-0.0756460651755333,0.2126637101173401,3.8185017108917236,0.01298003342452892,-0.08039598281328085,0.010632301180146292,-0.9966218286838837
50546000000,4923,633437495404732416,map,-0.07451516389846802,0.221415176987648,3.81708025932312,0.0006027078362399379,-0.07998292525862785,0.009832817610743111,-0.9967475527329919
50553000000,4924,633437495412732416,map,-0.07365836948156357,0.22691167891025543,3.816145658493042,-0.005743569683356127,-0.07963329607680575,0.009493029718048324,-0.9967624727173646
50566000000,4925,633437495424732416,map,-0.0722084641456604,0.23559966683387756,3.814495801925659,-0.015709247331495688,-0.07876989944581386,0.009060855933417595,-0.9967279123015856
50577000000,4926,633437495436732416,map,-0.07056968659162521,0.24422112107276917,3.812701940536499,-0.026197572242950655,-0.0772529632450999,0.008773793748209852,-0.9966286564733426
50585000000,4927,633437495444732416,map,-0.06937401741743088,0.24964956939220428,3.8115057945251465,-0.033455953662438025,-0.07598293250258589,0.008660418725715652,-0.9965100552416328
50594000000,4928,633437495453732416,map,-0.06809098273515701,0.25506606698036194,3.8102495670318604,-0.04092321749732341,-0.07459994557188465,0.008577094406209624,-0.9963366209600106
50602000000,4929,633437495461732416,map,-0.06672981381416321,0.26041993498802185,3.809009075164795,-0.04848651160945185,-0.07309459712033319,0.008522345649993874,-0.9961092387122943
50610000000,4930,633437495469732416,map,-0.06528575718402863,0.2657279372215271,3.8077268600463867,-0.05619528347174974,-0.07134843474728063,0.008483696989909357,-0.9958311116589709
50618000000,4931,633437495477732416,map,-0.06378284841775894,0.2708849012851715,3.8064398765563965,-0.0638773376894504,-0.06938645597906937,0.008456975887953463,-0.9955067495128311
50626000000,4932,633437495485658688,map,-0.06219140812754631,0.27600425481796265,3.8051297664642334,-0.07163161333088863,-0.06734226698402344,0.00838844511227482,-0.995119841443501
50633000000,4933,633437495493658688,map,-0.060522984713315964,0.28102797269821167,3.803816795349121,-0.07935028986722271,-0.06532016902913393,0.008273468509537082,-0.9946700502761927
50641000000,4934,633437495501658688,map,-0.05879303067922592,0.2859020233154297,3.8024866580963135,-0.08701000082222039,-0.06325919274676277,0.008120728330533674,-0.99416378233188
50649000000,4935,633437495509658688,map,-0.05698342248797417,0.2906776964664459,3.801175832748413,-0.09080808119793682,-0.06217610698499685,0.008029564697204502,-0.9938931574175915
50657000000,4936,633437495517658688,map,-0.05511123314499855,0.2952951490879059,3.7999069690704346,-0.1019349545719341,-0.05879296891831526,0.0077500889447288356,-0.9930219399120228
50665000000,4937,633437495525658688,map,-0.05317201092839241,0.29976776242256165,3.798680067062378,-0.10909635082464185,-0.056542481307248385,0.0075212315573146525,-0.9923932775196342
50677000000,4938,633437495536658688,map,-0.050133928656578064,0.30649250745773315,3.7968597412109375,-0.11942044263834004,-0.05323188850356617,0.007128760103981221,-0.9913900982313779
50690000000,4939,633437495548658688,map,-0.046953052282333374,0.31281447410583496,3.795182704925537,-0.1292850442412164,-0.049614482447792846,0.006752051571990821,-0.9903424961647912
50701000000,4940,633437495560658688,map,-0.043636299669742584,0.3187105059623718,3.793657064437866,-0.13859572825336025,-0.045747569683013044,0.006431398348519965,-0.9892709546882502
50713000000,4941,633437495573658688,map,-0.04019353538751602,0.32414746284484863,3.7922921180725098,-0.14741907089035072,-0.04169792662233624,0.006134979562942786,-0.9881757688296946
50726000000,4942,633437495584585984,map,-0.03665296360850334,0.32907000184059143,3.7910940647125244,-0.1557265255648557,-0.037292300742424296,0.005909831098197591,-0.9870783491881681
50737000000,4943,633437495596585984,map,-0.03302596136927605,0.3334673345088959,3.7900478839874268,-0.16343841892812142,-0.03269421654714341,0.005784781398665782,-0.9859947115661044
50750000000,4944,633437495608585984,map,-0.029322879388928413,0.3373338580131531,3.7891318798065186,-0.16827726172716473,-0.029613213432368238,0.00573336224348253,-0.9852781308477221
50762000000,4945,633437495621585984,map,-0.025544876232743263,0.34066319465637207,3.7883214950561523,-0.17737501722645355,-0.02336970573450993,0.005697537422248265,-0.9838493526832028
50770000000,4946,633437495628585984,map,-0.023018350824713707,0.34238532185554504,3.787879228591919,-0.1815616428131468,-0.020238057912892835,0.005736143935484216,-0.9831546040323493
50778000000,4947,633437495636585984,map,-0.020333798602223396,0.3441537022590637,3.787513256072998,-0.18545640674225822,-0.017144484500549284,0.005768175540352526,-0.9824859864275725
50789000000,4948,633437495648585984,map,-0.01636740379035473,0.3464178740978241,3.7869350910186768,-0.18910896326968962,-0.014099074399341549,0.005818498877474542,-0.9818376836037779
50801000000,4949,633437495660585984,map,-0.012382115237414837,0.34809616208076477,3.7864034175872803,-0.19562511366220886,-0.008040406973983824,0.00596365262374604,-0.9806276475830301
50814000000,4950,633437495672585984,map,-0.008417947217822075,0.3491695821285248,3.7859127521514893,-0.1996557959094118,-0.0034390985447918525,0.006105139594197118,-0.9798410609492714
50825000000,4951,633437495684513280,map,-0.004469189792871475,0.34963786602020264,3.7854764461517334,-0.2030166172198069,0.001180080148168713,0.006245657187132436,-0.979154657374423
50837000000,4952,633437495697513280,map,-0.0005461022956296802,0.3494916558265686,3.7850589752197266,-0.20567647321919302,0.005906122175528675,0.0064345172153097985,-0.9785810809130382
50845000000,4953,633437495705513280,map,0.002089203568175435,0.348986953496933,3.7848434448242188,-0.20702463499922313,0.00914185163954341,0.006601123707473345,-0.9782707536674524
50853000000,4954,633437495713513280,map,0.004700349643826485,0.3482058644294739,3.7846314907073975,-0.20755741331124933,0.010763346268878787,0.006686723956798924,-0.9781408149334934
50861000000,4955,633437495721513280,map,0.007277817465364933,0.34714773297309875,3.7844231128692627,-0.20863282176114117,0.01560710444412966,0.006948160858112008,-0.9778448176164014
50869000000,4956,633437495729513280,map,0.009800465777516365,0.3458268344402313,3.784226417541504,-0.20879117800770874,0.017180604349723252,0.007043581323140703,-0.9777839575671516
50877000000,4957,633437495737513280,map,0.012275823391973972,0.3442401885986328,3.784024953842163,-0.20860200187816758,0.021863245659829125,0.0073180416006435895,-0.9777288294892994
50885000000,4958,633437495744513280,map,0.014688239432871342,0.3424018919467926,3.7838261127471924,-0.20794903129090042,0.024925477621948758,0.0074989358744523855,-0.977793314167521
50897000000,4959,633437495757513280,map,0.0182189904153347,0.33917325735092163,3.783444404602051,-0.20624581392230246,0.02931014071308259,0.007780055354020045,-0.9780301794561522
50905000000,4960,633437495765513280,map,0.020535683259367943,0.33664751052856445,3.7832343578338623,-0.20464080924744696,0.03213243066662971,0.007980337178143783,-0.978277075694729
50913000000,4961,633437495773513280,map,0.022793211042881012,0.33386898040771484,3.783085823059082,-0.2037034159213601,0.03352437775390657,0.008091942033000678,-0.9784250954266993
50921000000,4962,633437495781513280,map,0.024985147640109062,0.33084139227867126,3.7829325199127197,-0.200530353552725,0.03759552624403606,0.008409181361742181,-0.9789298039376173
50929000000,4963,633437495789440576,map,0.02710975892841816,0.3275673985481262,3.7827720642089844,-0.19932082856251543,0.0389206178928625,0.008508900805318966,-0.9791241852029495
50937000000,4964,633437495797440576,map,0.0291777141392231,0.324031263589859,3.7826004028320312,-0.19528741730687138,0.04278497813912935,0.008847592879952518,-0.9797724880267441
50946000000,4965,633437495805440576,map,0.031172890216112137,0.3202607333660126,3.7824172973632812,-0.19222988998671675,0.045312550986107994,0.009099420299805098,-0.9802610964415309
50954000000,4966,633437495813440576,map,0.03311745822429657,0.3162057399749756,3.7823002338409424,-0.18895428433565464,0.04781853410993692,0.009365999116636495,-0.9807761730771825
50962000000,4967,633437495821440576,map,0.034948304295539856,0.3120039701461792,3.7821719646453857,-0.18544858850185944,0.05025726140025459,0.009632662227164916,-0.9813206682130947
50970000000,4968,633437495829440576,map,0.036698561161756516,0.3075937330722809,3.782025098800659,-0.18176973234095722,0.05260579443475895,0.009911379336367435,-0.9818829493190786
50981000000,4969,633437495841440576,map,0.039146725088357925,0.3006066083908081,3.7816357612609863,-0.175977238069014,0.05600474810634425,0.010333269289961481,-0.9827455267207026
50993000000,4970,633437495853440576,map,0.04142539203166962,0.29314517974853516,3.7811672687530518,-0.16984814325979458,0.05922809166525284,0.010766328158410946,-0.9836298940430066
51006000000,4971,633437495865440576,map,0.04351618140935898,0.2852649390697479,3.7805986404418945,-0.16332002316229824,0.06212254229180669,0.01115749305944053,-0.9845521092352736
51014000000,4972,633437495873440576,map,0.044833745807409286,0.27976295351982117,3.7802252769470215,-0.1586876630424659,0.06388752586689739,0.011417960583237855,-0.9851935842696093
51025000000,4973,633437495885367872,map,0.04659975692629814,0.271277517080307,3.7794582843780518,-0.15150511565725078,0.06634007995770466,0.011780634214674127,-0.986157440548205
51037000000,4974,633437495897367872,map,0.048178743571043015,0.2624116837978363,3.7785580158233643,-0.14394453738267324,0.06852453267677809,0.012123962442643858,-0.9871360060769309
51050000000,4975,633437495909367872,map,0.049560561776161194,0.25319647789001465,3.777513027191162,-0.13600403951308443,0.07035234666628642,0.01240638847451542,-0.9881293651494842
51058000000,4976,633437495917367872,map,0.0503956563770771,0.2468729019165039,3.7768006324768066,-0.13054201077778102,0.07146163854820298,0.012585891902323182,-0.9887839478537068
51066000000,4977,633437495925367872,map,0.051138874143362045,0.24043817818164825,3.7760181427001953,-0.12485770746596525,0.07252253794549496,0.012737156941628807,-0.9894386148516265
51073000000,4978,633437495933367872,map,0.05179170146584511,0.23389950394630432,3.7751636505126953,-0.11907482530966054,0.07342403532754069,0.012868149346800755,-0.9900831244590551
51086000000,4979,633437495945367872,map,0.052566591650247574,0.2238987237215042,3.7737462520599365,-0.11003487684728244,0.07442586328246661,0.012994674186030347,-0.9910521648000177
51097000000,4980,633437495957367872,map,0.05313992500305176,0.21365998685359955,3.772165298461914,-0.10071968839070394,0.07515372618535958,0.013085964259905053,-0.9919859703756251
51105000000,4981,633437495965367872,map,0.05343541502952576,0.20671284198760986,3.771111249923706,-0.09445588698528765,0.0755643102468406,0.013103834523673646,-0.9925706314581682
51118000000,4982,633437495977367872,map,0.05366210639476776,0.19620120525360107,3.769287109375,-0.08503408148995577,0.07590699968663758,0.013117658689985162,-0.9933958667520115
51129000000,4983,633437495989295168,map,0.053685348480939865,0.18551863729953766,3.7673487663269043,-0.07875069628796107,0.07587090749633307,0.013076818393778116,-0.9939170125338487
51141000000,4984,633437496001295168,map,0.05350583419203758,0.17467136681079865,3.765267848968506,-0.06620529894597826,0.07545297737086554,0.012925637648169513,-0.9948651901847982
51149000000,4985,633437496009295168,map,0.05330214649438858,0.16733798384666443,3.76389217376709,-0.0630897406837802,0.07530047953624099,0.012875777926381232,-0.9950797597905672
51157000000,4986,633437496017295168,map,0.053000159561634064,0.1598619520664215,3.762436866760254,-0.05384582518221167,0.0745620404085498,0.012692523429055807,-0.9956806895566356
51165000000,4987,633437496025295168,map,0.05261872708797455,0.15254369378089905,3.760974884033203,-0.04770022790616671,0.07377688347491781,0.012558960066124785,-0.9960542370749876
51173000000,4988,633437496033295168,map,0.052143748849630356,0.14513365924358368,3.7594492435455322,-0.04473791558515426,0.07333853517698027,0.012490387143597575,-0.9962248896646082
51182000000,4989,633437496041295168,map,0.05131817236542702,0.13861602544784546,3.758195400238037,-0.03605200065026768,0.07191082912291996,0.012258200155151116,-0.9966839109917404
51190000000,4990,633437496049295168,map,0.0504034087061882,0.13200268149375916,3.7568776607513428,-0.030415275862064644,0.07085438148650194,0.012102551843600323,-0.9969493939905104
51198000000,4991,633437496057295168,map,0.04941416531801224,0.12541472911834717,3.7555227279663086,-0.02492040156088109,0.06963361909280816,0.011946692797807083,-0.9971897996144166
51206000000,4992,633437496065295168,map,0.048349447548389435,0.11885178089141846,3.75413179397583,-0.019566163390644292,0.06823711224335803,0.011788894996982328,-0.9974076145275209
51214000000,4993,633437496073295168,map,0.0471988283097744,0.11221002042293549,3.7527079582214355,-0.014245057911693127,0.066699460866601,0.011630001378096225,-0.9976036816667936
51221000000,4994,633437496081295168,map,0.045967310667037964,0.10552848875522614,3.751244068145752,-0.009103666594792411,0.0651048164139451,0.011474058038605909,-0.9977710046553818
51229000000,4995,633437496089220416,map,0.0446748211979866,0.0989449992775917,3.7497823238372803,-0.004045647012602306,0.06343597243448576,0.011313604986324836,-0.9979135874438942
51237000000,4996,633437496097220416,map,0.04330587014555931,0.0923539325594902,3.7483012676239014,0.0009200762397050173,0.061621442604792465,0.011151086738466879,-0.9980369091226371
51245000000,4997,633437496105220416,map,0.04186663776636124,0.08577767759561539,3.746812105178833,0.005790924301836269,0.05963371293532168,0.010981824994847181,-0.9981431191808845
51253000000,4998,633437496113220416,map,0.04036024585366249,0.07923117280006409,3.7453298568725586,0.008178129704027407,0.05861590605645407,0.010900270842978569,-0.9981875841060635
51262000000,4999,633437496121220416,map,0.038768064230680466,0.07263274490833282,3.7438480854034424,0.015210343231871216,0.05549063689694131,0.010657041380222169,-0.9982865027595185
51270000000,5000,633437496129220416,map,0.03710712492465973,0.06605920940637589,3.74236798286438,0.019876220632981872,0.053337075183648344,0.010506071368856177,-0.9983235076925111
51278000000,5001,633437496137220416,map,0.03538809344172478,0.05955411493778229,3.740939140319824,0.02456578456295564,0.051088851648599914,0.010358346664825494,-0.9983382169426414
51285000000,5002,633437496145220416,map,0.033613286912441254,0.053113047033548355,3.7395479679107666,0.02937658456121551,0.04875120237917899,0.010237048034811128,-0.9983264158250583
51293000000,5003,633437496153220416,map,0.03179008513689041,0.04675501212477684,3.7381911277770996,0.03182597829692898,0.047570966155961944,0.010182762893929113,-0.9983087984423809
51301000000,5004,633437496161220416,map,0.029907066375017166,0.04043683782219887,3.7368626594543457,0.03963868362911022,0.04404370496516383,0.010099986483453675,-0.9981917987909146
51309000000,5005,633437496169220416,map,0.027955858036875725,0.03413018584251404,3.7355618476867676,0.042427979370934045,0.04285441949664695,0.010100660833029854,-0.9981289156929364
51318000000,5006,633437496177220416,map,0.025960197672247887,0.027919938787817955,3.734307289123535,0.05152146929222901,0.03904039133379635,0.010176061545015882,-0.9978566891984044
51326000000,5007,633437496185144640,map,0.023940343409776688,0.021861329674720764,3.7331039905548096,0.05801329568480138,0.03635421462751516,0.010318728627225217,-0.9976003099189128
51334000000,5008,633437496193144640,map,0.021870948374271393,0.015861762687563896,3.731933355331421,0.0645037984029127,0.033660616124629006,0.010516565934135415,-0.9972941552113296
51342000000,5009,633437496201144640,map,0.01976216770708561,0.00996827520430088,3.7308337688446045,0.07133471463100144,0.030904857605634356,0.01078567356187743,-0.9969152128963681
51350000000,5010,633437496209144640,map,0.017625266686081886,0.004212571773678064,3.7298226356506348,0.07846332590392376,0.02803649192704171,0.01112086744808455,-0.9964606591351781
51358000000,5011,633437496217144640,map,0.01545751467347145,-0.0014107453171163797,3.7288999557495117,0.08580603921601437,0.025056462124586502,0.011511357999537954,-0.9959302410466686
51369000000,5012,633437496229144640,map,0.012190439738333225,-0.009805862791836262,3.727567434310913,0.09329944858495569,0.02203571846646976,0.011968819893275253,-0.9953223149037473
51381000000,5013,633437496241144640,map,0.0088726244866848,-0.017840884625911713,3.726449489593506,0.10847007763172843,0.016081014145498257,0.01297612957268557,-0.9938849387821318
51389000000,5014,633437496249144640,map,0.006636663340032101,-0.022802477702498436,3.7259039878845215,0.1161292663609313,0.013057504600448001,0.01349588450852196,-0.9930565846214987
51402000000,5015,633437496261144640,map,0.003293347079306841,-0.030099334195256233,3.7251603603363037,0.1276081765554719,0.00845550601661167,0.014393654528652489,-0.9916841567934385
51413000000,5016,633437496273144640,map,-7.249873306136578e-05,-0.036958567798137665,3.724616050720215,0.13509068042736103,0.005420010961516119,0.015038501310869201,-0.9907043268592572
51421000000,5017,633437496281144640,map,-0.002349928254261613,-0.041174016892910004,3.724416494369507,0.14595849292863006,0.0008635099006473042,0.016051837989616624,-0.9891601084766666
51429000000,5018,633437496289068864,map,-0.004587838426232338,-0.04510115832090378,3.7242929935455322,0.14952328918074964,-0.0007267591822975465,0.01641944280232871,-0.9886216403400914
51437000000,5019,633437496297068864,map,-0.006803961470723152,-0.04878362640738487,3.724221706390381,0.15934928427039002,-0.005470539764524524,0.017529422204711487,-0.9870515016456666
51449000000,5020,633437496309068864,map,-0.010066714137792587,-0.05401572585105896,3.7241408824920654,0.16815105298929897,-0.01022865554360128,0.018699039397737316,-0.985530801204545
51462000000,5021,633437496321068864,map,-0.013280362822115421,-0.05868696793913841,3.7241837978363037,0.17599914389352764,-0.014985043301889074,0.01992424828394912,-0.9840746275884936
51473000000,5022,633437496333068864,map,-0.01644865609705448,-0.06279843300580978,3.7243361473083496,0.18061989255659525,-0.018230456004349194,0.02080722476025232,-0.9831638341921731
51481000000,5023,633437496341068864,map,-0.018519949167966843,-0.06509258598089218,3.724539041519165,0.18655288861640562,-0.02302960700880735,0.022186817552559412,-0.9819243375243163
51489000000,5024,633437496349068864,map,-0.02053140103816986,-0.06710272282361984,3.724778890609741,0.18979776921490327,-0.026056282835852,0.02312416346344165,-0.9812049751139323
51497000000,5025,633437496357068864,map,-0.02249911054968834,-0.06885463744401932,3.7251057624816895,0.19253632918552746,-0.029040990938491912,0.02409000064391725,-0.9805641744291728
51506000000,5026,633437496365068864,map,-0.024419408291578293,-0.07033785432577133,3.725461483001709,0.19476430642822246,-0.032013302599313564,0.025109111440910655,-0.9800058972737975
51514000000,5027,633437496373068864,map,-0.0262921042740345,-0.07155583053827286,3.7258410453796387,0.19648726432699173,-0.034918447988677034,0.026151150123494057,-0.9795353698570217
51522000000,5028,633437496381068864,map,-0.028080254793167114,-0.0724850669503212,3.7262344360351562,0.19769656804624663,-0.03774282947958152,0.027196939875594902,-0.979158787765577
51530000000,5029,633437496388993088,map,-0.029796216636896133,-0.07314153760671616,3.726640462875366,0.19840409246055507,-0.04043805195322438,0.028243825445756984,-0.9788783847824339
51537000000,5030,633437496396993088,map,-0.0314546637237072,-0.07353461533784866,3.727086067199707,0.19867054483684093,-0.04310533633466056,0.029342635933284508,-0.9786782293988557
51545000000,5031,633437496404993088,map,-0.03304323926568031,-0.07366196811199188,3.7275428771972656,0.19853134433292158,-0.04567649429135552,0.030470401305739022,-0.978555329188598
51553000000,5032,633437496412993088,map,-0.034555885940790176,-0.07352737337350845,3.72800874710083,0.19831167495848281,-0.0469467370852011,0.031037487152453077,-0.9785219067377289
51561000000,5033,633437496420993088,map,-0.03599681332707405,-0.07313133776187897,3.7284798622131348,0.1970277607806515,-0.050680289318758315,0.03278084939425768,-0.978538175421254
51570000000,5034,633437496428993088,map,-0.03735596314072609,-0.07247619330883026,3.7289505004882812,0.19570949692128384,-0.0531218720580626,0.03395666217401461,-0.9786331744177976
51578000000,5035,633437496436993088,map,-0.03920253366231918,-0.07309965789318085,3.729515314102173,0.1940766963998354,-0.05549925987872874,0.03512758591934434,-0.9787850716598309
51586000000,5036,633437496444993088,map,-0.040955062955617905,-0.07343894243240356,3.7300684452056885,0.19213678233000026,-0.05776530626234121,0.03633121561911833,-0.9789926870355956
51594000000,5037,633437496452993088,map,-0.042608629912137985,-0.07349822670221329,3.730605125427246,0.19105074760592758,-0.05887753525276339,0.036931808210398646,-0.9791165144765206
51601000000,5038,633437496460993088,map,-0.04415640980005264,-0.07329044491052628,3.731119394302368,0.18739050981535504,-0.06209529435424428,0.038731562935510826,-0.979555431756913
51609000000,5039,633437496468993088,map,-0.04559589922428131,-0.07282759249210358,3.7316079139709473,0.18468947634497376,-0.06414543296964757,0.03994109319407645,-0.9798877175105729
51617000000,5040,633437496476993088,map,-0.046929482370615005,-0.07211621850728989,3.7320685386657715,0.18326918550207333,-0.06514821713119909,0.04054354024669115,-0.9800634698688633
51625000000,5041,633437496484918336,map,-0.048157013952732086,-0.0711619183421135,3.732499122619629,0.17870597255557916,-0.06792048404391984,0.04232871216221861,-0.9806423146863119
51633000000,5042,633437496492918336,map,-0.04927888512611389,-0.06996336579322815,3.732905149459839,0.17708892441876167,-0.06878795047997106,0.04291215098615491,-0.980849803621531
51642000000,5043,633437496500918336,map,-0.050291791558265686,-0.06853687018156052,3.733276605606079,0.17199263286394567,-0.07124846242261279,0.044668115135664314,-0.9815024475707222
51650000000,5044,633437496508918336,map,-0.05119449272751808,-0.06689395010471344,3.733611583709717,0.1684259505403552,-0.07277165479615257,0.045820325680255174,-0.9819560319543965
51661000000,5045,633437496520918336,map,-0.052110545337200165,-0.06347725540399551,3.733954906463623,0.16291489448352148,-0.07474758071386228,0.04750350222238613,-0.9826571026325267
51673000000,5046,633437496532918336,map,-0.05278830975294113,-0.05962226539850235,3.734218120574951,0.1590629491183191,-0.07588215016817326,0.04859653859166773,-0.9831476919491935
51686000000,5047,633437496544918336,map,-0.05322607606649399,-0.05529911443591118,3.734402894973755,0.15106276340870478,-0.07783264046280663,0.05076571044397792,-0.9841468672868412
51697000000,5048,633437496556918336,map,-0.053417690098285675,-0.05055728182196617,3.734508991241455,0.14688142198314355,-0.07862843091460901,0.0518365354240941,-0.9846605952233406
51705000000,5049,633437496564918336,map,-0.053554896265268326,-0.04753972962498665,3.7346079349517822,0.1405222844063956,-0.07950729807318244,0.05340359739857769,-0.9854340320403641
51714000000,5050,633437496572918336,map,-0.05358060449361801,-0.04433530941605568,3.7346675395965576,0.13613914650434228,-0.07993655582273179,0.054441842864795024,-0.9859576644862633
51722000000,5051,633437496580918336,map,-0.0534953847527504,-0.0409674346446991,3.7346882820129395,0.13176963783942613,-0.08024144349068156,0.055446792320688824,-0.9864703387515499
51730000000,5052,633437496588843584,map,-0.05329999700188637,-0.037440426647663116,3.7346725463867188,0.12736428591402948,-0.08043204734471601,0.05645115172070347,-0.9869763538147716
51738000000,5053,633437496596843584,map,-0.05299476161599159,-0.033752113580703735,3.734616994857788,0.12286806143197634,-0.08045706018221822,0.05745319304404994,-0.9874863728286019
51745000000,5054,633437496604843584,map,-0.052574630826711655,-0.029887530952692032,3.734520435333252,0.11829024591956215,-0.08030989787519735,0.05843395020889846,-0.9879996371497676
51753000000,5055,633437496612843584,map,-0.05205584317445755,-0.025919852778315544,3.7344417572021484,0.11596970102664707,-0.08016126964810172,0.0589305665249023,-0.9882572808347146
51761000000,5056,633437496620843584,map,-0.05142568424344063,-0.02179132029414177,3.7343242168426514,0.10908991421062093,-0.07952717953187843,0.06037245235930854,-0.9890045866056614
51769000000,5057,633437496628843584,map,-0.050703100860118866,-0.017597490921616554,3.7341771125793457,0.10450732161634584,-0.07892663698998079,0.06129433037678727,-0.9894906662095375
51781000000,5058,633437496640843584,map,-0.04923750087618828,-0.010639303363859653,3.7338123321533203,0.09751498164137137,-0.07771274321550527,0.06265040522762533,-0.9902153812696823
51794000000,5059,633437496652843584,map,-0.04753008484840393,-0.003358591115102172,3.733386278152466,0.09042780137907976,-0.07611868420891696,0.06401267566519447,-0.9909243755553326
51802000000,5060,633437496660843584,map,-0.04638335108757019,0.0013538687489926815,3.733189105987549,0.08574192134708364,-0.07489185662030465,0.06489965609210624,-0.991376653386703
51810000000,5061,633437496668843584,map,-0.04513862356543541,0.0061585563234984875,3.7329721450805664,0.08107799982316169,-0.07354733395722565,0.06579127267235413,-0.9918108923669108
51818000000,5062,633437496676843584,map,-0.04379648342728615,0.011057105846703053,3.7327377796173096,0.07637204060448106,-0.07206722109585621,0.06668343716163283,-0.992233372376384
51825000000,5063,633437496685768832,map,-0.04236002266407013,0.01603998988866806,3.7324867248535156,0.07162836864093887,-0.07044234619872039,0.06756927962363479,-0.992643798387183
51833000000,5064,633437496693768832,map,-0.04083612933754921,0.02109275572001934,3.732224702835083,0.06928276619123358,-0.06957466238124299,0.06801102074287746,-0.9928413406661536
51841000000,5065,633437496701768832,map,-0.03921988978981972,0.02623552642762661,3.731952667236328,0.06231391763073223,-0.06678831728924622,0.06931306333392445,-0.9934042961217135
51849000000,5066,633437496708768832,map,-0.03753769025206566,0.0313895121216774,3.7316854000091553,0.05773210014334303,-0.06478779802688592,0.07016784356857386,-0.9937535670553235
51857000000,5067,633437496716768832,map,-0.03575468808412552,0.03666328638792038,3.7314140796661377,0.05542770539594171,-0.06374105470233754,0.07059668775217232,-0.9939219437151244
51865000000,5068,633437496724768832,map,-0.033901821821928024,0.04197060689330101,3.7311506271362305,0.04853883692187824,-0.06040203154442895,0.07189615938546012,-0.9943976130474184
51874000000,5069,633437496733768832,map,-0.031960804015398026,0.04736772179603577,3.7309000492095947,0.044041879479787695,-0.05800508165915319,0.0727458819982883,-0.9946878783931129
51882000000,5070,633437496741768832,map,-0.029936233535408974,0.05283915996551514,3.730668544769287,0.03958142779395266,-0.055491926327087826,0.07360491906463729,-0.9949554265874601
51890000000,5071,633437496749768832,map,-0.027840090915560722,0.058356571942567825,3.7304625511169434,0.03522835969267832,-0.05293687307633558,0.0744546416774654,-0.9951951157149415
51898000000,5072,633437496757768832,map,-0.02570640668272972,0.06384287029504776,3.7302916049957275,0.030944520424261136,-0.05029708095247415,0.07529918022792675,-0.9954108232856202
51906000000,5073,633437496765768832,map,-0.02352149598300457,0.06933664530515671,3.7301506996154785,0.02680744240925947,-0.0476137294021322,0.07612871450031822,-0.9955997254606461
51913000000,5074,633437496773768832,map,-0.021258193999528885,0.07489734888076782,3.7300407886505127,0.024763842482275936,-0.046238387514624134,0.07653623237856999,-0.9956861686469418
51921000000,5075,633437496781768832,map,-0.018935522064566612,0.0804862454533577,3.7299633026123047,0.018675225111239674,-0.0420608228418162,0.07776527662799626,-0.9959089990350191
51929000000,5076,633437496789694080,map,-0.016546394675970078,0.08612734824419022,3.729917049407959,0.014567443107220118,-0.03922312031260424,0.07859076480293054,-0.9960286117910929
51937000000,5077,633437496797694080,map,-0.014132831245660782,0.09172884374856949,3.729905366897583,0.01244639241919725,-0.03777690915786962,0.07901147464476632,-0.9960798623588822
51945000000,5078,633437496805694080,map,-0.011681311763823032,0.09732591360807419,3.7299840450286865,0.005783457724204745,-0.033402519361060305,0.08027908326057992,-0.9961957661922871
51958000000,5079,633437496817694080,map,-0.007833809591829777,0.10595161467790604,3.730086326599121,-0.0017384797928223833,-0.02890799787510479,0.08161113440776674,-0.9962434342779529
51970000000,5080,633437496829694080,map,-0.0039024772122502327,0.11458691954612732,3.7302680015563965,-0.010477341706150781,-0.024238956826177785,0.08300686944305358,-0.9961990114996224
51981000000,5081,633437496841694080,map,-0.00018738937797024846,0.12304991483688354,3.7306454181671143,-0.020548712743212252,-0.01941057208435254,0.08449979511100636,-0.996022500498059
51989000000,5082,633437496849694080,map,0.00215692026540637,0.12845143675804138,3.731013298034668,-0.02781487260231469,-0.0160922205973905,0.08552792533358117,-0.9958174139332048
51997000000,5083,633437496857694080,map,0.004495837725698948,0.13376662135124207,3.731397867202759,-0.03156905966948505,-0.014394138558865748,0.08605467664627037,-0.9956860843532449
52010000000,5084,633437496868694080,map,0.008226496167480946,0.14190155267715454,3.731907606124878,-0.04736216803426083,-0.007307926357000878,0.0882729917239442,-0.9949429089734523
52022000000,5085,633437496880619328,map,0.011963064782321453,0.14990419149398804,3.7325451374053955,-0.05981492331049416,-0.0018777263948572874,0.09004248501182555,-0.9941383256353794
52033000000,5086,633437496892619328,map,0.015670171007514,0.15770384669303894,3.733259916305542,-0.06828977999892835,0.0017866628602935613,0.09125711503906109,-0.9934815512950341
52046000000,5087,633437496904619328,map,0.01933305338025093,0.16526836156845093,3.7340481281280518,-0.08543445152611798,0.009217655380768285,0.09377648505564828,-0.9918780322965886
52058000000,5088,633437496916619328,map,0.022919533774256706,0.17254231870174408,3.7349114418029785,-0.09792370860733976,0.014555198130638694,0.09568126972724961,-0.9904768181709954
52069000000,5089,633437496929619328,map,0.026414934545755386,0.17950600385665894,3.735860586166382,-0.11001857391944282,0.019805130753345127,0.09762596746439073,-0.9889251819430668
52077000000,5090,633437496937619328,map,0.028557786718010902,0.1837908774614334,3.7366530895233154,-0.11393474317924168,0.02153398394254987,0.09827924361630963,-0.9883807289540032
52085000000,5091,633437496944619328,map,0.030643798410892487,0.18790285289287567,3.737484931945801,-0.12516787402669102,0.026626835260856206,0.100230726996061,-0.9867005026912679
52093000000,5092,633437496952619328,map,0.03266889601945877,0.19183607399463654,3.7383527755737305,-0.12870773514956038,0.02827497723516259,0.1008841717353739,-0.986132531760735
52105000000,5093,633437496964619328,map,0.035746295005083084,0.19759981334209442,3.739609956741333,-0.14186469577578192,0.0347873818265204,0.10355362667950835,-0.983839953935985
52118000000,5094,633437496976619328,map,0.03865069895982742,0.20291735231876373,3.7409658432006836,-0.1506160884740082,0.039623342834796765,0.10563133987054996,-0.9821338073614154
52130000000,5095,633437496988545600,map,0.04136353358626366,0.20776818692684174,3.7424068450927734,-0.1583390506533641,0.04437165420323866,0.10776064080416886,-0.9804833789205774
52141000000,5096,633437497000545600,map,0.043858565390110016,0.21212415397167206,3.7439966201782227,-0.16498635677009316,0.04896101400087779,0.10993423807557262,-0.9789263900428878
52154000000,5097,633437497012545600,map,0.04613475874066353,0.21600086987018585,3.745602607727051,-0.16881858004437045,0.051863899265489864,0.1114129602555774,-0.9779558745622275
52166000000,5098,633437497024545600,map,0.048178285360336304,0.21938441693782806,3.7471981048583984,-0.17508806600597968,0.05725111471050841,0.11436096372152038,-0.9762110793275736
52177000000,5099,633437497036545600,map,0.0499887615442276,0.22228297591209412,3.7487711906433105,-0.17757684794726009,0.05973679885842328,0.11585372080207917,-0.9754363359582463
52185000000,5100,633437497044545600,map,0.05096699297428131,0.22382743656635284,3.749943733215332,-0.18042975758625038,0.06315683649097616,0.11811161177050483,-0.9744259917057432
52193000000,5101,633437497053545600,map,0.051840703934431076,0.22516494989395142,3.751091957092285,-0.18117453981464243,0.06422771942300914,0.11886726261745667,-0.974125863997497
52201000000,5102,633437497061545600,map,0.0525951087474823,0.22627408802509308,3.752202272415161,-0.1828357473119872,0.06725341006746982,0.12115073672292836,-0.9733296678822777
52210000000,5103,633437497069545600,map,0.05324188247323036,0.22717483341693878,3.753283977508545,-0.1834925743358931,0.06911329780869495,0.12268273251945083,-0.972883796371881
52218000000,5104,633437497077545600,map,0.05376546457409859,0.2278553694486618,3.7543299198150635,-0.18376548571671325,0.07087045260667475,0.12421064007166771,-0.972511808286924
52226000000,5105,633437497085471872,map,0.05416510999202728,0.2283158004283905,3.755387306213379,-0.18371708532955458,0.07254205457053352,0.12576665957184152,-0.9721976878249722
52234000000,5106,633437497093471872,map,0.05444687232375145,0.2285699099302292,3.756406307220459,-0.18337105443492407,0.07411167169770803,0.12732465997389525,-0.971941856454511
52242000000,5107,633437497101471872,map,0.05460803210735321,0.22861869633197784,3.7573792934417725,-0.1827356222049935,0.07555480613250136,0.12888270252279743,-0.9717450728188137
52250000000,5108,633437497109471872,map,0.054649561643600464,0.22846457362174988,3.7583041191101074,-0.18187603722961382,0.07689102981769076,0.13043438089757448,-0.9715945242759327
52258000000,5109,633437497117471872,map,0.05457017943263054,0.22810909152030945,3.7591750621795654,-0.1807580235842335,0.07811091239592188,0.13197628120349703,-0.9714976708180547
52265000000,5110,633437497125471872,map,0.05437015742063522,0.22755993902683258,3.759986162185669,-0.1793917755378362,0.07923686018553437,0.1335521940161679,-0.9714443550546885
52273000000,5111,633437497133471872,map,0.05404949188232422,0.22682034969329834,3.7607333660125732,-0.17868431961215658,0.07971463686025386,0.13429010103989658,-0.9714338183425606
52286000000,5112,633437497145471872,map,0.05342280492186546,0.22547391057014465,3.761594772338867,-0.17553789932013641,0.08126929712456307,0.1373116086096426,-0.9714563247596655
52297000000,5113,633437497157471872,map,0.05251326784491539,0.2237040251493454,3.7623167037963867,-0.17383092034530884,0.08182874385498455,0.13881351155632832,-0.9715028970272701
52305000000,5114,633437497165471872,map,0.05169050022959709,0.22221383452415466,3.7628111839294434,-0.17101557935340997,0.08242098610190356,0.141054417344804,-0.9716296326007423
52313000000,5115,633437497173471872,map,0.05075535923242569,0.22056680917739868,3.763242483139038,-0.17001385413142728,0.08255383296840989,0.14179266154332082,-0.9716866994336262
52322000000,5116,633437497181398144,map,0.049695905297994614,0.21873877942562103,3.763718605041504,-0.1667994378018689,0.08271241312011017,0.1439465340896216,-0.9719136180660087
52330000000,5117,633437497189398144,map,0.04852216690778732,0.21675294637680054,3.7641329765319824,-0.16447992814092036,0.08261880496956749,0.14535769487146333,-0.9721068192195828
52341000000,5118,633437497201398144,map,0.046590618789196014,0.21354345977306366,3.764490842819214,-0.16074488496259706,0.08225928181505743,0.1474421937051152,-0.9724482086925209
52354000000,5119,633437497213398144,map,0.04436139017343521,0.20993991196155548,3.7647342681884766,-0.15672978914680902,0.08160762568262821,0.14949499810868677,-0.9728449791244025
52361000000,5120,633437497221398144,map,0.04268329218029976,0.2072913646697998,3.764932155609131,-0.15387933983010055,0.0809694749809687,0.15081099130659092,-0.9731502066013185
52369000000,5121,633437497229398144,map,0.04089028388261795,0.20449598133563995,3.765075445175171,-0.15091669033430002,0.08018790382218267,0.15211796507891373,-0.9734754116844284
52382000000,5122,633437497241398144,map,0.03859710320830345,0.20157352089881897,3.7654175758361816,-0.14633351558667987,0.0787777967115537,0.15403244352567258,-0.9739890974740792
52390000000,5123,633437497249398144,map,0.03705782815814018,0.1998465359210968,3.7657933235168457,-0.14317981442657945,0.07765924042549883,0.15529389870160365,-0.9743471770990277
52398000000,5124,633437497257398144,map,0.03539494797587395,0.19794532656669617,3.7661120891571045,-0.1399126697553559,0.07635663412035294,0.1565385794318273,-0.9747254872112615
52406000000,5125,633437497265398144,map,0.033595290035009384,0.19585366547107697,3.7663745880126953,-0.13659513589255956,0.07490099524244202,0.15775594900421602,-0.9751126481616826
52413000000,5126,633437497273398144,map,0.03170713037252426,0.19364529848098755,3.7665932178497314,-0.13320652663810564,0.0733148855266096,0.1589476511458615,-0.9755083649223515
52421000000,5127,633437497281398144,map,0.02968677133321762,0.1912551075220108,3.7667715549468994,-0.12982431580209128,0.07164385781356179,0.16011714189834175,-0.975897211746713
52429000000,5128,633437497289324416,map,0.0275507140904665,0.1887120008468628,3.766947031021118,-0.1264499047672295,0.06985409979408078,0.16124431721491722,-0.976284288403437
52437000000,5129,633437497297324416,map,0.0252990685403347,0.18601231276988983,3.7670960426330566,-0.12475455305423484,0.06891242856287005,0.16180621899926445,-0.9764764780326467
52445000000,5130,633437497305324416,map,0.02294963225722313,0.18318189680576324,3.767226457595825,-0.11966091938505304,0.06596048173241327,0.16342794543626665,-0.9770474835362722
52454000000,5131,633437497313324416,map,0.020485881716012955,0.18019913136959076,3.7673404216766357,-0.11630063808115451,0.06389718012938442,0.16448174308958446,-0.9774135289155893
52462000000,5132,633437497321324416,map,0.01791330985724926,0.17707420885562897,3.7674450874328613,-0.1130132365808654,0.06173456211201769,0.16550650156427832,-0.9777651179258672
52470000000,5133,633437497329324416,map,0.015241306275129318,0.1738152652978897,3.76753830909729,-0.10976722065163598,0.059471963867449004,0.16649830120343673,-0.9781066759861995
52478000000,5134,633437497337324416,map,0.012467971071600914,0.17041678726673126,3.7676284313201904,-0.10654463573600056,0.05709055629110615,0.16745891217469705,-0.9784408162011939
52485000000,5135,633437497345324416,map,0.009603532962501049,0.1668970286846161,3.767721652984619,-0.1033886533777245,0.05462437032898363,0.16838555278605755,-0.9787610479561797
52493000000,5136,633437497353324416,map,0.006638738792389631,0.16324011981487274,3.767824649810791,-0.10032252019793958,0.05209674216426633,0.16929179432273878,-0.9790615549860624
52501000000,5137,633437497361324416,map,0.003607716178521514,0.1594897359609604,3.7679431438446045,-0.09735744462417165,0.049480510787266986,0.17016221103818574,-0.9793457090387228
52509000000,5138,633437497369324416,map,0.0004919898346997797,0.1556195318698883,3.7680764198303223,-0.09444620374684226,0.046809412116040575,0.17098778350681715,-0.9796183148548911
52517000000,5139,633437497377324416,map,-0.002720120595768094,0.1516084522008896,3.7682275772094727,-0.09299452403851335,0.045449517707056256,0.17139546997246308,-0.9797500237564878
52526000000,5140,633437497385248640,map,-0.0059984903782606125,0.14749470353126526,3.7684497833251953,-0.08868207430394687,0.04128460301570215,0.17261507332782278,-0.9801200309395649
52534000000,5141,633437497393248640,map,-0.00937972404062748,0.14322777092456818,3.768690824508667,-0.08585391803592264,0.038461709835385716,0.17342399779129236,-0.9803437885583093
52542000000,5142,633437497401248640,map,-0.012839158996939659,0.1388423591852188,3.768953800201416,-0.0830252164930458,0.035553708997035624,0.17422373424178655,-0.9805554078846824
52550000000,5143,633437497409248640,map,-0.016290515661239624,0.13445618748664856,3.7692410945892334,-0.0802071201509255,0.03262372330883104,0.1749782471238286,-0.9807574598764437
52558000000,5144,633437497417248640,map,-0.019821612164378166,0.12993833422660828,3.769548177719116,-0.07733596619488606,0.02960540309450368,0.175751852528246,-0.9809453926739538
52565000000,5145,633437497425248640,map,-0.023386426270008087,0.12535342574119568,3.7698757648468018,-0.07446838155007988,0.026589814522795435,0.17651091726992724,-0.9811174361095752
52573000000,5146,633437497433248640,map,-0.02704012021422386,0.12062353640794754,3.7702243328094482,-0.07153600929657837,0.0235142272780539,0.17727116212336674,-0.9812770883717344
52581000000,5147,633437497441248640,map,-0.03060479834675789,0.11682061105966568,3.7707791328430176,-0.07004624991061986,0.021939837020285523,0.17763109620964979,-0.9813559029784498
52589000000,5148,633437497449248640,map,-0.034195441752672195,0.11293279379606247,3.7713496685028076,-0.06549581009340251,0.017137438074313987,0.17873315200451267,-0.981565709990337
52597000000,5149,633437497457248640,map,-0.037819359451532364,0.10894791036844254,3.7719340324401855,-0.06393729075827652,0.015521367217546364,0.17909144236370372,-0.9816299839343162
52605000000,5150,633437497465248640,map,-0.041477303951978683,0.10486266016960144,3.7725331783294678,-0.059125719604397796,0.010615592588889736,0.18018540596365257,-0.9817967168670253
52614000000,5151,633437497473248640,map,-0.045159582048654556,0.1006854698061943,3.773146152496338,-0.05582730197157917,0.007291122935335309,0.1809150522050731,-0.9818859838921714
52622000000,5152,633437497481172864,map,-0.048825304955244064,0.09647145122289658,3.7737717628479004,-0.052401347975166566,0.003905650986917422,0.18164259110406822,-0.9819597408770655
52633000000,5153,633437497493172864,map,-0.054546959698200226,0.08925872296094894,3.7746150493621826,-0.04700803704218214,-0.0011976527498196105,0.18271552342661002,-0.9820407049730548
52646000000,5154,633437497505172864,map,-0.060201872140169144,0.08202773332595825,3.775498628616333,-0.04122584635761081,-0.006350664743108189,0.18379132173485063,-0.9820799436890185
52658000000,5155,633437497517172864,map,-0.06590181589126587,0.07460962980985641,3.7764194011688232,-0.035224287911985355,-0.011601751135792607,0.18485552965975066,-0.9820657823479189
52669000000,5156,633437497529172864,map,-0.07156644761562347,0.06710996478796005,3.7773211002349854,-0.028620829664231313,-0.016978578041197716,0.1859271132831402,-0.9819999068236964
52682000000,5157,633437497541172864,map,-0.07716915756464005,0.059563178569078445,3.7781198024749756,-0.021164850565716653,-0.0223800062761056,0.1870255023021825,-0.9818720754321628
52693000000,5158,633437497553172864,map,-0.08267825096845627,0.05201531574130058,3.7787675857543945,-0.015745581536906885,-0.02597818110356651,0.18775594933372491,-0.9817458456208727
52705000000,5159,633437497565172864,map,-0.08811822533607483,0.04442382976412773,3.7792506217956543,-0.003663271046576251,-0.033394869708055594,0.1892012912097089,-0.9813635315580304
52718000000,5160,633437497577172864,map,-0.0934874415397644,0.03679071366786957,3.7795662879943848,0.006604196476147539,-0.038916349207361645,0.1902799976504968,-0.9809359939267358
52726000000,5161,633437497585097088,map,-0.09688793867826462,0.03212704509496689,3.7798171043395996,0.013820429730034995,-0.042570604779623655,0.19098334425844654,-0.9805722666240868
52734000000,5162,633437497593097088,map,-0.10023103654384613,0.027468444779515266,3.7800025939941406,0.02118105018438667,-0.04629362556940923,0.1916654910015954,-0.9801390391682433
52745000000,5163,633437497605097088,map,-0.10523373633623123,0.02001410350203514,3.7800211906433105,0.032386260061786555,-0.05204537832682161,0.19264456229250343,-0.9793521575065449
52758000000,5164,633437497617097088,map,-0.11007910221815109,0.012627040967345238,3.7799575328826904,0.04389285810162078,-0.05769477614553625,0.1935746167985934,-0.9784035583871102
52770000000,5165,633437497629097088,map,-0.11472673714160919,0.005368828773498535,3.779864549636841,0.05545563657343102,-0.063222829236121,0.19447795020272735,-0.9772952227118192
52778000000,5166,633437497637097088,map,-0.11763086915016174,0.000940649479161948,3.779888391494751,0.06304423295337293,-0.06693635282628468,0.19505713219496407,-0.9764720947604015
52786000000,5167,633437497645097088,map,-0.12042015790939331,-0.0033970950171351433,3.779891014099121,0.07048595342627151,-0.07055775861901069,0.19561043602221506,-0.9755972947727094
52797000000,5168,633437497657097088,map,-0.12451669573783875,-0.01024883333593607,3.779695987701416,0.0778636737142009,-0.0739962156745684,0.19612985378326336,-0.9746768918949285
52805000000,5169,633437497665097088,map,-0.12704502046108246,-0.014418580569326878,3.7796452045440674,0.08862506641079668,-0.07885744799906637,0.1968774545821495,-0.9732248486700311
52816000000,5170,633437497676097088,map,-0.12951938807964325,-0.01862671971321106,3.779569387435913,0.09547373271828132,-0.08195939974391273,0.1973642928292989,-0.9722215429412293
52821000000,5171,633437497681097088,map,-0.13175682723522186,-0.022534212097525597,3.7794952392578125,0.1021980753715542,-0.0849852458048773,0.19785787457220994,-0.9711772704756749
52830000000,5172,633437497689021312,map,-0.13388173282146454,-0.026379598304629326,3.7794113159179688,0.10864022445916689,-0.0877582733365048,0.19834955970693802,-0.9701305113460583
52838000000,5173,633437497697021312,map,-0.1358543038368225,-0.030084749683737755,3.779322385787964,0.11490964061505825,-0.09029957156811881,0.19886750232828843,-0.9690684529104323
52846000000,5174,633437497705021312,map,-0.13768793642520905,-0.033677421510219574,3.7792646884918213,0.12090029619780955,-0.09269626527958094,0.19940542255583305,-0.9680020954962583
52854000000,5175,633437497713021312,map,-0.13939467072486877,-0.03718569874763489,3.77919602394104,0.1265902247968125,-0.09497820234217104,0.1999495383701086,-0.9669406692633599
52862000000,5176,633437497721021312,map,-0.14093784987926483,-0.04054499417543411,3.7791225910186768,0.13199332301827457,-0.09715795437054649,0.20052100748906787,-0.9658826569251908
52870000000,5177,633437497729021312,map,-0.14231528341770172,-0.04375404492020607,3.779046058654785,0.13700200708010465,-0.09917139888596498,0.20110503636888327,-0.9648586149469216
52878000000,5178,633437497737021312,map,-0.1435205638408661,-0.04679156094789505,3.778968572616577,0.13937597705477434,-0.10011714650768011,0.20140980023046562,-0.9643573624775816
52885000000,5179,633437497745021312,map,-0.14455634355545044,-0.04966979846358299,3.7788844108581543,0.14584159469301802,-0.10265213588290763,0.20235646059486873,-0.9629355385430666
52893000000,5180,633437497753021312,map,-0.1454266905784607,-0.052401527762413025,3.778801679611206,0.14972439286841938,-0.10415170099658999,0.2030190512003085,-0.9620386114599063
52901000000,5181,633437497761021312,map,-0.14612418413162231,-0.05496784299612045,3.778697967529297,0.15155399283063334,-0.1048467394070271,0.20335255921257528,-0.961606058353639
52909000000,5182,633437497770021312,map,-0.14665694534778595,-0.05741126835346222,3.7785634994506836,0.15646385570359553,-0.10663664494047792,0.20435451624222473,-0.9604098043523542
52917000000,5183,633437497777021312,map,-0.14701029658317566,-0.05962745472788811,3.7784054279327393,0.15793471749635296,-0.10713463102905837,0.20469620074310246,-0.9600407243999445
52925000000,5184,633437497784945536,map,-0.14719295501708984,-0.06169578805565834,3.778214454650879,0.16170525095530047,-0.10821269209622839,0.2056992114439648,-0.9590773317366823
52934000000,5185,633437497792945536,map,-0.14720068871974945,-0.06360335648059845,3.7779901027679443,0.16389767996545457,-0.10869146712442199,0.2063810631591741,-0.9585043031843282
52942000000,5186,633437497800945536,map,-0.14702917635440826,-0.06534235179424286,3.7777349948883057,0.165795460357669,-0.10896523988145859,0.20704428596734148,-0.9580037672114128
52950000000,5187,633437497808945536,map,-0.14667865633964539,-0.06689766049385071,3.7775137424468994,0.16735657962651254,-0.10901708050512697,0.2077019875383539,-0.9575839424533958
52958000000,5188,633437497816945536,map,-0.1461431384086609,-0.0682922750711441,3.7772645950317383,0.16801673888562882,-0.10895443711734965,0.20803330391449815,-0.9574034275012238
52965000000,5189,633437497825945536,map,-0.14541955292224884,-0.06951434910297394,3.776994228363037,0.16951664512536635,-0.108458995644748,0.20902190039316965,-0.9569800202610832
52973000000,5190,633437497833945536,map,-0.14452555775642395,-0.0705205425620079,3.7767207622528076,0.17011033353602487,-0.1079111208584208,0.20964230200325001,-0.9568008961549119
52981000000,5191,633437497841945536,map,-0.14537334442138672,-0.07247354090213776,3.7765820026397705,0.17028597525883796,-0.1075706428110816,0.20994293547367815,-0.9567420170075422
52989000000,5192,633437497849945536,map,-0.14600402116775513,-0.0742068737745285,3.7764322757720947,0.17035793573431424,-0.10622194892708905,0.21082325669852525,-0.9566862567269623
52997000000,5193,633437497857945536,map,-0.14640317857265472,-0.07573579996824265,3.776279926300049,0.17023429005167343,-0.10568367835386626,0.21110850656924696,-0.956704969927701
53006000000,5194,633437497865945536,map,-0.1465843915939331,-0.07705327868461609,3.7761144638061523,0.16946655359591112,-0.10380547780696317,0.21194440501576356,-0.9568620512321012
53014000000,5195,633437497873945536,map,-0.14654234051704407,-0.07816421985626221,3.7759320735931396,0.16859407168488713,-0.10230700982843109,0.21249631799701368,-0.9570552102388267
53022000000,5196,633437497881869760,map,-0.14631058275699615,-0.07906481623649597,3.775742769241333,0.16750759968726117,-0.1006783186247125,0.21302306930970283,-0.9573015164215244
53030000000,5197,633437497889869760,map,-0.14588281512260437,-0.07976389676332474,3.775548219680786,0.16627357684135463,-0.09890533241676079,0.21353359408571532,-0.9575877356697619
53041000000,5198,633437497901869760,map,-0.14407727122306824,-0.08013537526130676,3.7750935554504395,0.16492619477802198,-0.09696060306948324,0.21403257062523579,-0.9579081781589901
53053000000,5199,633437497913869760,map,-0.14186541736125946,-0.08006983995437622,3.7746357917785645,0.16181775669904425,-0.09260738416151655,0.2149751005984849,-0.9586577598597563
53061000000,5200,633437497921869760,map,-0.14067812263965607,-0.07998793572187424,3.7744524478912354,0.1609681157457351,-0.09143184797045299,0.21519708804959176,-0.9588637315084291
53074000000,5201,633437497932869760,map,-0.13785690069198608,-0.079226054251194,3.774014472961426,0.15737587926105687,-0.08652068381354303,0.21598236813104676,-0.9597387843772123
53086000000,5202,633437497944869760,map,-0.13466449081897736,-0.078050896525383,3.773559808731079,0.15430885836327515,-0.08247732063329434,0.2164256686836843,-0.9604926229096782
53097000000,5203,633437497957869760,map,-0.1311100274324417,-0.07646375149488449,3.773094654083252,0.15212852286446565,-0.0796229621963865,0.21666969893656246,-0.9610262863055231
53105000000,5204,633437497965869760,map,-0.12899601459503174,-0.07536444813013077,3.7728700637817383,0.1487974098139147,-0.07519503009690016,0.21695709829655824,-0.9618392568664498
53113000000,5205,633437497973869760,map,-0.12674692273139954,-0.07409568130970001,3.772648811340332,0.14659824257635493,-0.07216065456746819,0.21707565738141937,-0.9623824875969067
53121000000,5206,633437497981869760,map,-0.12433842569589615,-0.07264480739831924,3.772429943084717,0.14554726612770924,-0.07061865152860237,0.21712315687969114,-0.9626456103721601
53130000000,5207,633437497989793984,map,-0.12180160731077194,-0.07102992385625839,3.772211790084839,0.1424327167556974,-0.06585968491002134,0.2171804344468174,-0.9634355687537999
53141000000,5208,633437498001793984,map,-0.11716517060995102,-0.06804861128330231,3.7717738151550293,0.14044237134744092,-0.06264717045700201,0.21714882431043425,-0.9639490016623595
53154000000,5209,633437498013793984,map,-0.1122814193367958,-0.0647089034318924,3.7713375091552734,0.13660761662807494,-0.056003375699589505,0.21698040550378467,-0.9649464489792184
53165000000,5210,633437498025793984,map,-0.10713110864162445,-0.060993045568466187,3.770904779434204,0.13374060096572365,-0.050874312335878226,0.21675441410206936,-0.9656826701290067
53173000000,5211,633437498033793984,map,-0.10396648198366165,-0.05849170684814453,3.770744800567627,0.13179505765743427,-0.04741939028364848,0.21656892582177284,-0.9661674010337304
53185000000,5212,633437498044793984,map,-0.09849990159273148,-0.05421207472681999,3.7704076766967773,0.12900692245624915,-0.04225035853665872,0.21621834833585923,-0.9668618125097961
53198000000,5213,633437498057793984,map,-0.09283047169446945,-0.04957575350999832,3.770104169845581,0.1262100812966685,-0.03702084869623385,0.2157916114946864,-0.96754041891767
53209000000,5214,633437498069793984,map,-0.0869779959321022,-0.04459095746278763,3.7698323726654053,0.12323590990615632,-0.03173549164735401,0.2153149727848767,-0.9682176766263914
53218000000,5215,633437498077793984,map,-0.08333845436573029,-0.04124847427010536,3.7697436809539795,0.12113127014727237,-0.028245031899295496,0.21499044205134288,-0.9686632531088486
53226000000,5216,633437498085719232,map,-0.07963190227746964,-0.037771936506032944,3.7696642875671387,0.11896821485635234,-0.024775498061522627,0.2146289063848164,-0.9691063850740921
53237000000,5217,633437498097719232,map,-0.07344384491443634,-0.032047007232904434,3.7694954872131348,0.1166846986040321,-0.02124972452276805,0.21424397921736643,-0.969552846640368
53250000000,5218,633437498109719232,map,-0.0671401247382164,-0.026003872975707054,3.769378185272217,0.11162811991722546,-0.014070799132346823,0.21346169156215572,-0.9704511224226807
53257000000,5219,633437498117719232,map,-0.06315988302230835,-0.02191631682217121,3.7694008350372314,0.11027368352512329,-0.012259933444295955,0.2132633484930634,-0.9706741635450005
53265000000,5220,633437498125719232,map,-0.05910620093345642,-0.01766311377286911,3.7694478034973145,0.10601855877288768,-0.006689542527293,0.21262410724169867,-0.9713425704155347
53273000000,5221,633437498133719232,map,-0.05484862998127937,-0.01311346422880888,3.769519329071045,0.10450656165598363,-0.004760576101358534,0.21238939144234154,-0.9715691097262806
53282000000,5222,633437498141719232,map,-0.050821468234062195,-0.008683762513101101,3.769631862640381,0.09796204643441657,0.0030734746339599614,0.21139788683112276,-0.9724736232421729
53290000000,5223,633437498149719232,map,-0.04677668586373329,-0.0041352855041623116,3.7697811126708984,0.09624877704244872,0.0049837067857313394,0.21114964189339364,-0.9726907638057011
53298000000,5224,633437498157719232,map,-0.042681969702243805,0.000565865368116647,3.7699711322784424,0.09268729722047132,0.008827949814368333,0.2106231434617955,-0.9731233590588169
53306000000,5225,633437498165719232,map,-0.03856128454208374,0.00539607647806406,3.7702009677886963,0.08895121354182542,0.012667693666926794,0.21006971319399892,-0.9735492529630194
53314000000,5226,633437498173719232,map,-0.03446022421121597,0.010309334844350815,3.7704691886901855,0.08502460240030796,0.016455093767812755,0.20951463919911045,-0.9739628821343054
53322000000,5227,633437498181641408,map,-0.030328480526804924,0.01536471489816904,3.770812511444092,0.08084104826519992,0.020187097104687208,0.20892820794892986,-0.9743748254316509
53329000000,5228,633437498189641408,map,-0.02624795213341713,0.020473003387451172,3.771186351776123,0.07642960348601545,0.02384143697064624,0.20834607567729746,-0.9747728602689878
53342000000,5229,633437498201641408,map,-0.019735753536224365,0.028566064313054085,3.771710157394409,0.07186010802491512,0.02741683578934437,0.20774206919128785,-0.9751551743318301
53353000000,5230,633437498213641408,map,-0.013309134170413017,0.03682628646492958,3.772294282913208,0.062157488614667286,0.03446264431001098,0.2065077987326463,-0.9758603332542659
53366000000,5231,633437498225641408,map,-0.006974192336201668,0.04524292051792145,3.772923707962036,0.05428949649540737,0.039735581209470267,0.2055274630362829,-0.9763360868802569
53378000000,5232,633437498237641408,map,-0.0008717001765035093,0.052969589829444885,3.773691415786743,0.04607280592351026,0.04503338125103328,0.20453920373239953,-0.9767358918852312
53389000000,5233,633437498249641408,map,0.005127364303916693,0.06084776297211647,3.7744076251983643,0.03737192140761756,0.05038310135319596,0.20349303465866198,-0.9770648058910103
53397000000,5234,633437498257641408,map,0.008778994902968407,0.06574364751577377,3.7749111652374268,0.03433574080768921,0.052159749727156576,0.20314684044499354,-0.9771550001468234
53410000000,5235,633437498269641408,map,0.01453778613358736,0.07376093417406082,3.775369167327881,0.021571588151044693,0.059197462760186545,0.20163406361139202,-0.9774323685568738
53422000000,5236,633437498281566656,map,0.020148737356066704,0.08185282349586487,3.7756409645080566,0.014953788779540308,0.06256933313033655,0.20080082041633168,-0.9775175051908657
53433000000,5237,633437498293566656,map,0.025615869089961052,0.09002620726823807,3.775730609893799,0.0008904153950654485,0.06886282962470681,0.19899533371982198,-0.9775776065968422
53446000000,5238,633437498305566656,map,0.030916420742869377,0.09825590252876282,3.7756521701812744,-0.010333503731806208,0.07321418880298296,0.19747303169845704,-0.9775159457574708
53454000000,5239,633437498313566656,map,0.03410571813583374,0.10337968915700912,3.7756783962249756,-0.018030089886528395,0.07594631874503117,0.1963845471888147,-0.9774151304958327
53461000000,5240,633437498321566656,map,0.03718050196766853,0.10846096277236938,3.7756574153900146,-0.025848290772628756,0.07847078589611016,0.1952701845141866,-0.9772634861348906
53474000000,5241,633437498333566656,map,0.04192151501774788,0.11655431985855103,3.775393486022949,-0.03790270432978447,0.08196374416203198,0.19351320884031298,-0.9769330126957165
53485000000,5242,633437498345566656,map,0.04643958806991577,0.1246160939335823,3.7750470638275146,-0.05009450212510653,0.08522946110876223,0.1916957524388262,-0.976462653866335
53493000000,5243,633437498353566656,map,0.049146868288517,0.12968896329402924,3.7748963832855225,-0.058199684853984614,0.08732873636408414,0.19045596074302978,-0.9760701824130016
53501000000,5244,633437498361566656,map,0.051690179854631424,0.1346258968114853,3.7747178077697754,-0.06221062261974925,0.0883444846328198,0.18984015313943703,-0.9758513138286846
53510000000,5245,633437498369566656,map,0.05410284176468849,0.13948717713356018,3.7745110988616943,-0.07387133653806414,0.09116017004349636,0.1880454981829947,-0.9751265987685397
53518000000,5246,633437498377566656,map,0.05640051141381264,0.14429888129234314,3.7742760181427,-0.08138174030657847,0.09288263403388465,0.18687120268978413,-0.9745916709672394
53526000000,5247,633437498385490880,map,0.05856109783053398,0.14902016520500183,3.7740180492401123,-0.08861759983316507,0.09450150074136093,0.18569564279111828,-0.9740295163018011
53534000000,5248,633437498393490880,map,0.06059688329696655,0.1536732316017151,3.773780107498169,-0.09557243602768219,0.09593930327054537,0.1845457924700441,-0.9734498285473823
53542000000,5249,633437498401490880,map,0.06250084191560745,0.15824006497859955,3.7735090255737305,-0.10225287286006333,0.09717360204660076,0.18340424507812658,-0.9728641137936265
53549000000,5250,633437498409490880,map,0.06426002830266953,0.1626838743686676,3.7732040882110596,-0.108575090126788,0.0981790990822529,0.18226594299354432,-0.9722918438845455
53557000000,5251,633437498417490880,map,0.06588434427976608,0.16702648997306824,3.7728593349456787,-0.11455133445079886,0.09891733241478534,0.18114972585758182,-0.9717398044627499
53565000000,5252,633437498425490880,map,0.06737296283245087,0.1712619960308075,3.772472858428955,-0.12021372140138896,0.09941232607712153,0.18003940928041073,-0.9712115358635143
53573000000,5253,633437498433490880,map,0.06871399283409119,0.17535386979579926,3.7721335887908936,-0.12550481569002234,0.09963353381153096,0.1789459935894927,-0.970721410162181
53585000000,5254,633437498445490880,map,0.07066074758768082,0.1816263347864151,3.771387815475464,-0.1327775178183803,0.09952151802490114,0.1773240985650965,-0.9700628235073498
53598000000,5255,633437498457490880,map,0.07226325571537018,0.1875823587179184,3.77060604095459,-0.13923632742350045,0.09892152075785611,0.17574586767575745,-0.9695057264637329
53609000000,5256,633437498469490880,map,0.07350175082683563,0.19316869974136353,3.769827365875244,-0.144962273138734,0.09789208266588852,0.17417429598848327,-0.9690544180098781
53621000000,5257,633437498481416128,map,0.07437890022993088,0.19839145243167877,3.769078254699707,-0.14991367963343777,0.09658100484419192,0.17261317671963972,-0.9687119327188787
53634000000,5258,633437498493416128,map,0.07488308846950531,0.20320945978164673,3.768383741378784,-0.15419853108476372,0.09502016743239783,0.17109062181718376,-0.968463729927998
53642000000,5259,633437498501416128,map,0.07490342110395432,0.20599165558815002,3.7680530548095703,-0.1567464424203269,0.09386902372990995,0.17007370265631294,-0.9683461402206526
53650000000,5260,633437498509416128,map,0.07476289570331573,0.20854860544204712,3.7677972316741943,-0.15914371038259997,0.09263429229011282,0.16906479139665914,-0.9682506354619269
53658000000,5261,633437498517416128,map,0.07447051256895065,0.21093043684959412,3.767564296722412,-0.1613197231952591,0.09127765635935402,0.1680461442149993,-0.9681967296426814
53670000000,5262,633437498529416128,map,0.07389004528522491,0.2144361287355423,3.7671196460723877,-0.16418678627281497,0.08888586221903126,0.16647082145820757,-0.9682094158440833
53681000000,5263,633437498541416128,map,0.07295702397823334,0.21749059855937958,3.7667477130889893,-0.16586883011839226,0.08705992903263772,0.1653732753761354,-0.9682768086548522
53689000000,5264,633437498549416128,map,0.07204943895339966,0.21909618377685547,3.7666351795196533,-0.16802623509743383,0.08394859335782485,0.16366464213750376,-0.968469841221032
53697000000,5265,633437498557416128,map,0.0710025206208229,0.2204863280057907,3.7665843963623047,-0.16861462090771412,0.0828294101373984,0.16307867450265684,-0.9685626907283016
53706000000,5266,633437498565416128,map,0.06981413066387177,0.22167573869228363,3.766564130783081,-0.17007682679145864,0.0791607113669873,0.16124301066261332,-0.9689211918217352
53714000000,5267,633437498573416128,map,0.06848550587892532,0.22266095876693726,3.766571044921875,-0.17086612136023427,0.07655587807833213,0.15996827922940132,-0.9692028592103336
53722000000,5268,633437498581338304,map,0.06702661514282227,0.22343812882900238,3.7666029930114746,-0.17147444262986017,0.07385386996207903,0.15864638547270565,-0.9695222480283491
53729000000,5269,633437498589338304,map,0.06543990224599838,0.22401325404644012,3.7666525840759277,-0.17190163781801054,0.07106554510007564,0.15730468269720987,-0.9698735841575359
53737000000,5270,633437498597338304,map,0.06373900175094604,0.2243848443031311,3.76676082611084,-0.17218329466989674,0.06821225613944874,0.15592584854817593,-0.9702511777733451
53745000000,5271,633437498605338304,map,0.06192343309521675,0.22455792129039764,3.7668755054473877,-0.17232217907245223,0.06536545779349254,0.15450385602626693,-0.9706498448134095
53753000000,5272,633437498613338304,map,0.05997605621814728,0.22453227639198303,3.7669947147369385,-0.17234351064615483,0.06252344838319837,0.15307667944199105,-0.9710592592998444
53761000000,5273,633437498621338304,map,0.05794508755207062,0.22429881989955902,3.7671196460723877,-0.17229758638634612,0.06105670117652682,0.1523305537828027,-0.9712780435904644
53770000000,5274,633437498629338304,map,0.05581185594201088,0.22385767102241516,3.7672438621520996,-0.17201074020373705,0.05667125310033946,0.15010423080391178,-0.9719411399580864
53778000000,5275,633437498637338304,map,0.054511796683073044,0.22442840039730072,3.7675514221191406,-0.1716925631076162,0.05363506789059955,0.14856077106459425,-0.9724066518998892
53786000000,5276,633437498645338304,map,0.053096745163202286,0.2247713804244995,3.767904758453369,-0.1712365658168647,0.05053347077197073,0.14700247563460095,-0.9728898655180666
53794000000,5277,633437498653338304,map,0.0515785776078701,0.22489026188850403,3.768246650695801,-0.17065501833275531,0.0473355417627142,0.14543962834496854,-0.9733877462395257
53802000000,5278,633437498661338304,map,0.04995502158999443,0.2247847616672516,3.7685775756835938,-0.16994854758965966,0.04401389067965394,0.14385153509307796,-0.97390303360942
53809000000,5279,633437498669338304,map,0.048242516815662384,0.22446244955062866,3.768897294998169,-0.16914372190720772,0.04055273879637868,0.14223878593480865,-0.9744300799500487
53817000000,5280,633437498677338304,map,0.04643328860402107,0.22392074763774872,3.7692041397094727,-0.16819186694372557,0.037022255347303,0.1405857443893629,-0.974975080848143
53825000000,5281,633437498685261504,map,0.044549547135829926,0.22316937148571014,3.7695000171661377,-0.16764900499819313,0.03523753651039705,0.13975717949448724,-0.9752537979573456
53833000000,5282,633437498693261504,map,0.042590294033288956,0.22220537066459656,3.7697858810424805,-0.16580039153894469,0.029918172223125004,0.13725677555972993,-0.9761022983115668
53841000000,5283,633437498701261504,map,0.040546879172325134,0.221016988158226,3.7700605392456055,-0.16510841931173675,0.02814451166559711,0.13641413361745164,-0.9763904563148359
53850000000,5284,633437498709261504,map,0.038440316915512085,0.21961994469165802,3.770324945449829,-0.1627953844603907,0.022761152657217308,0.13385986601029742,-0.9772722526793809
53858000000,5285,633437498717261504,map,0.03627873584628105,0.21801958978176117,3.7705819606781006,-0.16102946311792063,0.019233682707810167,0.13217298054549736,-0.9778700635786595
53866000000,5286,633437498725261504,map,0.0340593047440052,0.2162112444639206,3.77083420753479,-0.15905103209690258,0.015746173239147405,0.13048091101833054,-0.9784833423713414
53874000000,5287,633437498733261504,map,0.031836118549108505,0.2142421156167984,3.7710862159729004,-0.15690704298657765,0.012311668700843164,0.12880696463602337,-0.9791003300866923
53885000000,5288,633437498745261504,map,0.02808994986116886,0.21057535707950592,3.771317958831787,-0.15339170606118557,0.007059449611605032,0.12622138192042548,-0.9800456417519432
53894000000,5289,633437498753261504,map,0.025736257433891296,0.20808768272399902,3.771595001220703,-0.1507876735626521,0.0034933836856740263,0.12447313064419363,-0.9806922587017972
53902000000,5290,633437498761261504,map,0.023290295153856277,0.2053380310535431,3.7718796730041504,-0.1479119835520417,-0.00013711423491800297,0.12267603117053766,-0.9813626043273631
53910000000,5291,633437498769261504,map,0.020889995619654655,0.20247529447078705,3.772174119949341,-0.14482096529238908,-0.003788843630447396,0.12084175817649506,-0.9820437395461477
53918000000,5292,633437498777261504,map,0.018478047102689743,0.19943396747112274,3.7724781036376953,-0.14165642185550925,-0.007382916137213889,0.1190543524779965,-0.9827028741100094
53926000000,5293,633437498785185728,map,0.016054514795541763,0.1962120682001114,3.7727973461151123,-0.1383069275106515,-0.011029387713391549,0.11722007948395385,-0.9833662233587224
53934000000,5294,633437498793185728,map,0.013621747493743896,0.1928122192621231,3.773131847381592,-0.13470378289474302,-0.014670612006929595,0.11536220425474514,-0.9840382548582287
53942000000,5295,633437498801185728,map,0.011163819581270218,0.18920913338661194,3.7734813690185547,-0.13085385794409116,-0.018307758592874215,0.11349020983128533,-0.9847142903083435
53949000000,5296,633437498809185728,map,0.008739911019802094,0.18548345565795898,3.7738800048828125,-0.12676057182178133,-0.02188376590669773,0.11160093519993597,-0.9853924331008836
53957000000,5297,633437498817185728,map,0.0063132368959486485,0.18158262968063354,3.7742831707000732,-0.1225993923948765,-0.025292971799183307,0.10975064640345922,-0.9860448241689839
53965000000,5298,633437498825185728,map,0.0039372676983475685,0.17758741974830627,3.7746903896331787,-0.12042727026317056,-0.026992111460187873,0.10880609338148156,-0.986372178741368
53978000000,5299,633437498837185728,map,0.00017808721167966723,0.17106525599956512,3.7751920223236084,-0.11123330141126546,-0.033506594418012875,0.10507036531686992,-0.9876562246281009
53989000000,5300,633437498849185728,map,-0.0035417114850133657,0.16418783366680145,3.775729179382324,-0.10377486075569803,-0.038164429673592036,0.10226127786361883,-0.9885934019515892
53998000000,5301,633437498857185728,map,-0.005828401073813438,0.1596039980649948,3.776184320449829,-0.09607777674132781,-0.042688330147137694,0.09944060002702731,-0.9894737231764361
54006000000,5302,633437498865185728,map,-0.008078976534307003,0.15488652884960175,3.7767529487609863,-0.09345334780229311,-0.04419082051552452,0.09850169468275011,-0.9897530303415178
54014000000,5303,633437498873185728,map,-0.010273433290421963,0.15007154643535614,3.777333974838257,-0.08809850903946503,-0.047165363325139216,0.09663888827226563,-0.9902904026600317
54022000000,5304,633437498881109952,map,-0.012406397610902786,0.1451769769191742,3.7779223918914795,-0.0826722405880341,-0.05006133518950649,0.09478788297936419,-0.9907949004367071
54030000000,5305,633437498889109952,map,-0.014471592381596565,0.14021247625350952,3.7785146236419678,-0.07726439821193654,-0.052836685407613625,0.092976832898851,-0.991258768651418
54042000000,5306,633437498901109952,map,-0.01767449453473091,0.1323191225528717,3.7792816162109375,-0.06908665902480243,-0.056902820398403844,0.09022670888666673,-0.991891266407021
54050000000,5307,633437498909109952,map,-0.019624022766947746,0.1270473301410675,3.7798802852630615,-0.06345288632699256,-0.05954626365765365,0.08839698775226323,-0.9922772050988353
54058000000,5308,633437498917109952,map,-0.021454062312841415,0.12183716148138046,3.780527353286743,-0.057854544476165046,-0.062009617549119586,0.08662349051377338,-0.9926247901585046
54066000000,5309,633437498925109952,map,-0.023230962455272675,0.11652162671089172,3.7811546325683594,-0.05223906482769792,-0.06433418697215909,0.08485829620444013,-0.9929407229349423
54074000000,5310,633437498933109952,map,-0.02494349516928196,0.11113373190164566,3.7817511558532715,-0.046646692353563016,-0.06649901967470617,0.08312277327645845,-0.9932233597010562
54081000000,5311,633437498941109952,map,-0.02658926695585251,0.10567862540483475,3.782310962677002,-0.043843376384379885,-0.06753087199084004,0.0822535366727698,-0.993353762050349
54089000000,5312,633437498949109952,map,-0.02815808169543743,0.1001841202378273,3.7828280925750732,-0.035307558230841744,-0.07043126664012292,0.07967478174663079,-0.9937025272217768
54097000000,5313,633437498957109952,map,-0.02962377667427063,0.09473996609449387,3.7832984924316406,-0.029566454138123442,-0.07215677705740516,0.07796724432606045,-0.9939016289341422
54105000000,5314,633437498965109952,map,-0.031020108610391617,0.08923733234405518,3.7839083671569824,-0.02672743451989553,-0.07295543612908431,0.07714293626288432,-0.9939880299735895
54113000000,5315,633437498973109952,map,-0.032331887632608414,0.08372703194618225,3.7844691276550293,-0.0181311316874772,-0.07509878249996944,0.07463376578363679,-0.9942138527879109
54125000000,5316,633437498985034176,map,-0.03428306058049202,0.07527509331703186,3.7850124835968018,-0.012301785264867257,-0.07633349023216428,0.07296428696727175,-0.9943330019286512
54133000000,5317,633437498993034176,map,-0.03538760915398598,0.06972065567970276,3.785435676574707,-0.003137358719590264,-0.0779325680064479,0.0703993562074442,-0.9944650480050359
54141000000,5318,633437499002034176,map,-0.036412570625543594,0.06413719058036804,3.7857933044433594,4.658280431671225e-05,-0.07839983431082001,0.0695225753178722,-0.994494845826933
54149000000,5319,633437499010034176,map,-0.037337787449359894,0.05862867832183838,3.7860867977142334,0.009881607856250542,-0.07954372085282993,0.06685004365379638,-0.9945382570808992
54157000000,5320,633437499017034176,map,-0.0381639190018177,0.053198687732219696,3.786388397216797,0.016565007480373116,-0.08002073361592016,0.06507077229706038,-0.994529153361621
54166000000,5321,633437499025034176,map,-0.038910046219825745,0.04774586111307144,3.7866299152374268,0.023474930610173556,-0.08027809280963981,0.0632529787207855,-0.994486585044625
54174000000,5322,633437499034034176,map,-0.03956422209739685,0.042331065982580185,3.786816120147705,0.030588973561490283,-0.08038576483669499,0.06140669387491731,-0.9944001840051775
54182000000,5323,633437499042034176,map,-0.041774932295084,0.036779023706912994,3.787250280380249,0.03782351566978868,-0.08036262226559546,0.059511602978473514,-0.9942683486630355
54190000000,5324,633437499050034176,map,-0.043840836733579636,0.03138752281665802,3.7876367568969727,0.04498276375031137,-0.08015037600485066,0.057665360279453785,-0.9940961787868685
54197000000,5325,633437499058034176,map,-0.04577459767460823,0.026084328070282936,3.7879810333251953,0.05201341257640422,-0.07973498061719433,0.05584925257711936,-0.9938902492850441
54205000000,5326,633437499066034176,map,-0.04759472236037254,0.02079048566520214,3.7882676124572754,0.05560121969072176,-0.07944694510320384,0.05492914472727805,-0.9937703415010307
54213000000,5327,633437499074034176,map,-0.04927636310458183,0.015651602298021317,3.788534164428711,0.06616353010201506,-0.0784453627853794,0.052239459295858374,-0.993347735051012
54221000000,5328,633437499081958400,map,-0.05082537606358528,0.01061747781932354,3.788790225982666,0.0695627047152828,-0.0780849338028986,0.05135504982670568,-0.9931900215438842
54229000000,5329,633437499089958400,map,-0.05224408954381943,0.005682708695530891,3.789043664932251,0.07948929083215625,-0.07682092643772688,0.04877422970498962,-0.9926737226496257
54238000000,5330,633437499097958400,map,-0.05353013053536415,0.0008751199929974973,3.7893049716949463,0.08588304644732757,-0.07579741689269238,0.047090505253827956,-0.992301102361941
54246000000,5331,633437499105958400,map,-0.05468554422259331,-0.003798834513872862,3.789580821990967,0.0921485287876005,-0.07465288201361436,0.04542081570322037,-0.9919035732867862
54254000000,5332,633437499113958400,map,-0.05571208521723747,-0.008339702151715755,3.789877414703369,0.09815241189533913,-0.07346935504349092,0.04377544488420353,-0.9914898176749547
54262000000,5333,633437499121958400,map,-0.056611426174640656,-0.012736321426928043,3.7902157306671143,0.10391015609068513,-0.07217543625749434,0.04212779813536715,-0.9910694871547556
54269000000,5334,633437499129958400,map,-0.05738555267453194,-0.016965551301836967,3.7905890941619873,0.1094184528460304,-0.07071837887471324,0.040490772392355594,-0.9906498309841327
54277000000,5335,633437499137958400,map,-0.05803000181913376,-0.021065741777420044,3.7909996509552,0.11475461001825601,-0.0690487657152686,0.038830102267329296,-0.9902302169603581
54285000000,5336,633437499145958400,map,-0.0585588775575161,-0.024932553991675377,3.7914516925811768,0.11736946372014465,-0.06815965687250702,0.03799243365317528,-0.9900178389907117
54293000000,5337,633437499153958400,map,-0.05896959453821182,-0.028626644983887672,3.7919466495513916,0.12467127088157741,-0.06536539193904162,0.03549953185745291,-0.9894060353377276
54301000000,5338,633437499161958400,map,-0.05927719175815582,-0.03207604959607124,3.792478322982788,0.12698538574591656,-0.06434781950201884,0.034666499396635124,-0.9892079872965749
54314000000,5339,633437499173958400,map,-0.059066303074359894,-0.03700503706932068,3.79317045211792,0.13555815746597566,-0.059969122824127336,0.03128539491539411,-0.9884578576867781
54326000000,5340,633437499185882624,map,-0.05864233523607254,-0.04149516299366951,3.793950080871582,0.14149851341920722,-0.05639025479296115,0.028653155638494795,-0.987915680627534
54334000000,5341,633437499193882624,map,-0.0585566908121109,-0.04416786879301071,3.794626235961914,0.14513538078228047,-0.053883407658737746,0.026872240554666967,-0.987577957930416
54345000000,5342,633437499205882624,map,-0.05783957242965698,-0.04782671853899956,3.7955009937286377,0.14850777140259178,-0.05132038404380539,0.025080451583923354,-0.9872602128394925
54357000000,5343,633437499217882624,map,-0.05694949999451637,-0.05101807415485382,3.7964165210723877,0.15468532981924266,-0.045969451766998674,0.021476010952423127,-0.9866600838635458
54370000000,5344,633437499229882624,map,-0.05591565743088722,-0.053714364767074585,3.7973551750183105,0.1587483966511702,-0.04179218804903088,0.018682222805181555,-0.9862572864323272
54381000000,5345,633437499241882624,map,-0.0547536239027977,-0.05590693652629852,3.798299789428711,0.16123224741117484,-0.038884993269158556,0.01678283293018956,-0.9860073556206577
54393000000,5346,633437499253882624,map,-0.05348378047347069,-0.05759183689951897,3.799271821975708,0.16548182458447522,-0.03297643184477239,0.012998509549244917,-0.9855756454513606
54406000000,5347,633437499265882624,map,-0.05210082605481148,-0.05877797305583954,3.80022931098938,0.16811365292960162,-0.028342227800317685,0.01010243100066732,-0.9853083501381045
54417000000,5348,633437499277882624,map,-0.05064063146710396,-0.059446606785058975,3.801156997680664,0.17026130881574697,-0.023528973406676548,0.007178704119466582,-0.9850918839241525
54429000000,5349,633437499289807872,map,-0.049115683883428574,-0.059606749564409256,3.802056074142456,0.17186032336975784,-0.018773202046048237,0.004302181708598084,-0.9849330745989635
54442000000,5350,633437499301807872,map,-0.047544486820697784,-0.05925470590591431,3.8029205799102783,0.17293387208995914,-0.013980573266397137,0.001414026767540543,-0.9848331865679927
54453000000,5351,633437499313807872,map,-0.04593639075756073,-0.05839082971215248,3.8037924766540527,0.17346840476455463,-0.00926140644370052,-0.0014628749649645563,-0.9847947907889992
54461000000,5352,633437499321807872,map,-0.045071616768836975,-0.057522017508745193,3.804460048675537,0.1735230903004975,-0.007697084014370165,-0.0024298922571984742,-0.9847967295440307
54469000000,5353,633437499329807872,map,-0.04420585557818413,-0.05643492564558983,3.8051023483276367,0.17332624344452738,-0.0030720679828908355,-0.005299123263274641,-0.9848454934477578
54481000000,5354,633437499341807872,map,-0.04258732497692108,-0.05439174920320511,3.805875301361084,0.1729040479262816,-2.2026996702964156e-05,-0.00718966230007928,-0.9849125069368901
54489000000,5355,633437499349807872,map,-0.04172810539603233,-0.0527542382478714,3.806467294692993,0.17178824699044815,0.004542313377988883,-0.010037061238626743,-0.985072369933292
54502000000,5356,633437499361807872,map,-0.040148936212062836,-0.049877289682626724,3.8072218894958496,0.17010794697072795,0.009150270472533431,-0.012864356130434573,-0.9852989513908865
54510000000,5357,633437499369807872,map,-0.03931833431124687,-0.047693587839603424,3.807814359664917,0.1686662033819355,0.012275422411123784,-0.014765263291972974,-0.985486167691972
54521000000,5358,633437499381732096,map,-0.03782552853226662,-0.044017329812049866,3.808525323867798,0.16699909005744312,0.01537744626659378,-0.016657446055869496,-0.9856964383191928
54534000000,5359,633437499393732096,map,-0.03640390560030937,-0.0398726686835289,3.809223175048828,0.16289872853293955,0.02153446863130773,-0.020448091464090767,-0.9861958363271983
54546000000,5360,633437499405732096,map,-0.03505318984389305,-0.035234466195106506,3.809906482696533,0.15913657966266767,0.026123728330181645,-0.023290011312331826,-0.9866360601598947
54554000000,5361,633437499413732096,map,-0.03438978269696236,-0.03192136064171791,3.810441732406616,0.1563094849683903,0.029063439403680127,-0.025178485153559468,-0.9869593686348217
54562000000,5362,633437499421732096,map,-0.03376174718141556,-0.028419090434908867,3.8109540939331055,0.15321775021231304,0.031834120541225655,-0.027032061404220094,-0.9873095667990988
54573000000,5363,633437499433732096,map,-0.03265254944562912,-0.022812025621533394,3.811540365219116,0.14814834834684695,0.03581170829601702,-0.0298219720413988,-0.9878665374021702
54586000000,5364,633437499445732096,map,-0.03219354897737503,-0.018354030326008797,3.8123586177825928,0.14252003185492185,0.03953045644903481,-0.03255334070599575,-0.9884663713501773
54593000000,5365,633437499453732096,map,-0.032274335622787476,-0.01565568707883358,3.8130435943603516,0.1384252284460656,0.04181414655710515,-0.03437404241481784,-0.988892602429168
54601000000,5366,633437499461732096,map,-0.03240806609392166,-0.012805292382836342,3.8137011528015137,0.1362949001830143,0.04288966564247434,-0.03527004226731095,-0.9891108809576059
54614000000,5367,633437499473732096,map,-0.032231323421001434,-0.007426098920404911,3.8143980503082275,0.12729717232613197,0.04705333963597539,-0.03880603641682939,-0.989987661847178
54622000000,5368,633437499481656320,map,-0.0324937105178833,-0.004125022795051336,3.815000534057617,0.12251543060428685,0.049088444997350454,-0.04056735321609972,-0.9904214372120521
54630000000,5369,633437499489656320,map,-0.032811980694532394,-0.0006777424132451415,3.815582513809204,0.11756262009269208,0.05099702025113976,-0.04229946224935183,-0.9908527259128641
54642000000,5370,633437499501656320,map,-0.03296995908021927,0.005498261656612158,3.8162519931793213,0.10977893747552211,0.05367861612182341,-0.04485899821257,-0.9914912928146526
54650000000,5371,633437499509656320,map,-0.033432431519031525,0.009318090975284576,3.8168277740478516,0.10443944806808611,0.055426561833403595,-0.04655987643107562,-0.9918933737494466
54661000000,5372,633437499521656320,map,-0.03383948653936386,0.015936294570565224,3.8173725605010986,0.09909976899983179,0.0571023837504695,-0.04821127424942944,-0.9922672162957382
54673000000,5373,633437499533656320,map,-0.0344083197414875,0.02279822528362274,3.8178067207336426,0.08800170431388071,0.05996670333160511,-0.05144996452955213,-0.9929817318185434
54686000000,5374,633437499545656320,map,-0.035138871520757675,0.029904939234256744,3.818103790283203,0.0794480870193808,0.06168164674371224,-0.053808628612767244,-0.9934727847505438
54694000000,5375,633437499553656320,map,-0.03595703840255737,0.034362733364105225,3.8183677196502686,0.07370988908357624,0.06270228470541968,-0.05532827538267609,-0.993767644102726
54702000000,5376,633437499561656320,map,-0.036833684891462326,0.03886963054537773,3.8185904026031494,0.06794822358495745,0.0635750527540324,-0.05682537358863154,-0.9940383533107116
54709000000,5377,633437499569656320,map,-0.0377715565264225,0.04341963678598404,3.818743944168091,0.06220810656813857,0.06423113241223982,-0.05825170723593719,-0.9942893799404424
54722000000,5378,633437499581581568,map,-0.03896160051226616,0.05099084600806236,3.8186166286468506,0.053519506500338744,0.0648269369733567,-0.06036920705197301,-0.9946299686232589
54733000000,5379,633437499593581568,map,-0.040311701595783234,0.05871916189789772,3.818338394165039,0.04488115428399671,0.06518223227212551,-0.06240586921256496,-0.9949083485576734
54741000000,5380,633437499601581568,map,-0.041517261415719986,0.06362320482730865,3.8182153701782227,0.04202597266645388,0.06525699683011679,-0.06306904987388395,-0.99498627808057
54749000000,5381,633437499609581568,map,-0.04276222363114357,0.06839101761579514,3.818070888519287,0.03349193390017629,0.06521687039615638,-0.06499596164095339,-0.9951887093939679
54761000000,5382,633437499621581568,map,-0.044481318444013596,0.07628589868545532,3.8175394535064697,0.02784441425039841,0.06497162842138363,-0.06623819785396351,-0.9952968582072468
54774000000,5383,633437499633581568,map,-0.046363867819309235,0.08421765267848969,3.816898822784424,0.016684175060359654,0.06418579647963095,-0.06863361398908019,-0.9954352263109081
54782000000,5384,633437499641581568,map,-0.047887496650218964,0.08916570991277695,3.816544532775879,0.011184972804669636,0.06365500170366278,-0.06980049163695279,-0.9954651505733507
54793000000,5385,633437499653581568,map,-0.05002669617533684,0.09710805118083954,3.815742254257202,0.0028933126616441152,0.062473478025932644,-0.07151595266504324,-0.9954768673972368
54805000000,5386,633437499665581568,map,-0.05230751633644104,0.10499783605337143,3.8148674964904785,-0.00544175083281353,0.06093537357055411,-0.07320317530463133,-0.99543885093988
54818000000,5387,633437499677581568,map,-0.054735228419303894,0.11288806051015854,3.813865900039673,-0.014083917338945812,0.0591200587558073,-0.07488614111251984,-0.9953384149998785
54829000000,5388,633437499689506816,map,-0.05729924514889717,0.12071846425533295,3.812757730484009,-0.023220482183179063,0.056932524048436524,-0.07661298178970816,-0.9951633369911643
54837000000,5389,633437499697506816,map,-0.059233617037534714,0.12558455765247345,3.812089204788208,-0.029578471258305088,0.05523856318144274,-0.077753644097807,-0.9950016616802765
54846000000,5390,633437499705506816,map,-0.06121782958507538,0.13043084740638733,3.811384439468384,-0.03612741650877734,0.05343851408693548,-0.07890492741173055,-0.9947930347801476
54854000000,5391,633437499713506816,map,-0.06324146687984467,0.13521376252174377,3.810664653778076,-0.04286667091461672,0.05156080382641857,-0.08006371286468916,-0.994531977200471
54865000000,5392,633437499725506816,map,-0.06615472584962845,0.14266309142112732,3.809502601623535,-0.049713540403990855,0.049591557505073824,-0.08124260236438735,-0.9942177724448225
54877000000,5393,633437499737506816,map,-0.0691794827580452,0.14994016289710999,3.8083605766296387,-0.06360617984801885,0.04523005906686004,-0.08362233987185802,-0.9934363277265819
54890000000,5394,633437499749506816,map,-0.07230116426944733,0.15700604021549225,3.807274103164673,-0.07410749652552731,0.041734201888014105,-0.08541973437345352,-0.9927083673591017
54901000000,5395,633437499761506816,map,-0.0755150094628334,0.16382183134555817,3.806283712387085,-0.08111883550955709,0.039296428170144,-0.08662416486334934,-0.9921551899723963
54909000000,5396,633437499769506816,map,-0.07780659198760986,0.16793270409107208,3.805823802947998,-0.09157673566474325,0.035392594766068645,-0.08843192748967865,-0.9912320054026136
54921000000,5397,633437499781432064,map,-0.08112411201000214,0.17421992123126984,3.8050758838653564,-0.09848348987837129,0.03267438382074116,-0.0896411627203047,-0.9905543262254068
54934000000,5398,633437499793432064,map,-0.08449526876211166,0.18016290664672852,3.8044962882995605,-0.1121012314626503,0.026987024862408344,-0.09202869739474984,-0.9890579445158763
54942000000,5399,633437499801432064,map,-0.08686337620019913,0.18369005620479584,3.804312229156494,-0.11870333771852945,0.02400781955767712,-0.09322431919330687,-0.9882521810660448
54949000000,5400,633437499809432064,map,-0.08922111988067627,0.18702475726604462,3.8041985034942627,-0.12517169885319337,0.020920689344799674,-0.09441345037719318,-0.9874110142634644
54962000000,5401,633437499821432064,map,-0.09260886162519455,0.19200828671455383,3.803997755050659,-0.13448019386339274,0.0162298873511509,-0.09615773984966514,-0.9861062321272642
54973000000,5402,633437499833432064,map,-0.09599216282367706,0.1965540051460266,3.803905725479126,-0.14334733761269813,0.011459069565604168,-0.09791412546765949,-0.9847502415701233
54986000000,5403,633437499845432064,map,-0.09934969246387482,0.2006913721561432,3.8042428493499756,-0.15178535268717774,0.0065519067251247265,-0.09968323943390439,-0.9833522727518654
54994000000,5404,633437499853432064,map,-0.101655013859272,0.20301572978496552,3.8046984672546387,-0.15702186153863346,0.0032650900123587156,-0.10087633242155075,-0.9824242834413526
55001000000,5405,633437499861432064,map,-0.1039179190993309,0.20511658489704132,3.8051793575286865,-0.1594691182974185,0.001659632258881736,-0.10145589373542402,-0.9819743658334987
55014000000,5406,633437499873432064,map,-0.10711793601512909,0.2081110179424286,3.805736541748047,-0.16879490405221947,-0.004878529325272296,-0.1038253052650095,-0.9801555607328596
55025000000,5407,633437499885356288,map,-0.11022959649562836,0.2105918824672699,3.8063347339630127,-0.17296973378968575,-0.008158539322003798,-0.10502809202781338,-0.9792773889972866
55038000000,5408,633437499897356288,map,-0.11322875320911407,0.2125420868396759,3.806957483291626,-0.18029603090428137,-0.014743736789095983,-0.10742569979905264,-0.977617351074988
55049000000,5409,633437499909356288,map,-0.11610620468854904,0.21396969258785248,3.8075883388519287,-0.18492150001438218,-0.019598379387974797,-0.10917841864122663,-0.9764732327253114
55061000000,5410,633437499921356288,map,-0.11885397136211395,0.21487148106098175,3.808218240737915,-0.187580418246389,-0.022861535913658006,-0.11036489457365684,-0.9757614988945078
55074000000,5411,633437499933356288,map,-0.1214568093419075,0.21523141860961914,3.8088436126708984,-0.19165553380863457,-0.029412820972767116,-0.11276494686210964,-0.9745188833598611
55082000000,5412,633437499941356288,map,-0.12317434698343277,0.21503794193267822,3.809448003768921,-0.19316910089564565,-0.032681298538074825,-0.11398922851765414,-0.9739734188464333
55090000000,5413,633437499949356288,map,-0.12479637563228607,0.2146133929491043,3.8100407123565674,-0.19422228741966013,-0.03577553049492636,-0.11518514534415081,-0.973514397519301
55097000000,5414,633437499957356288,map,-0.1263296902179718,0.21395359933376312,3.8106160163879395,-0.1948932599795975,-0.038891894815602186,-0.11641764563515489,-0.9731141288989931
55105000000,5415,633437499965356288,map,-0.1277702897787094,0.21305984258651733,3.8111727237701416,-0.19506870150488015,-0.04042207302928263,-0.11702923855389635,-0.9729431391345844
55113000000,5416,633437499973356288,map,-0.1291152387857437,0.2119326889514923,3.811716318130493,-0.19502483190393638,-0.04488634624889749,-0.11887510193127948,-0.9725324602426941
55121000000,5417,633437499981281536,map,-0.13036856055259705,0.21056701242923737,3.8123364448547363,-0.19481687408502757,-0.046290452701969735,-0.11947982491371384,-0.9724340894982698
55129000000,5418,633437499989281536,map,-0.13150951266288757,0.20898444950580597,3.8129358291625977,-0.19361369219551888,-0.05033915799526718,-0.12131789112412245,-0.9722457352322746
55138000000,5419,633437499997281536,map,-0.1325490027666092,0.20717425644397736,3.813516139984131,-0.19237022318718985,-0.05295484409741389,-0.12253146748014515,-0.9722013967476412
55146000000,5420,633437500005281536,map,-0.1334833800792694,0.20513534545898438,3.8140780925750732,-0.1907967759651569,-0.05550203103401829,-0.12374533886410732,-0.9722156845292864
55154000000,5421,633437500013281536,map,-0.13430939614772797,0.2028665989637375,3.8147122859954834,-0.18883227447757167,-0.057990902537351806,-0.12499520365669797,-0.9722940355206681
55162000000,5422,633437500021281536,map,-0.13502511382102966,0.20035599172115326,3.8153233528137207,-0.18658331864103037,-0.06034343425410862,-0.1261960938113188,-0.9724298748134187
55169000000,5423,633437500029281536,map,-0.13561409711837769,0.19766470789909363,3.815913200378418,-0.18402080078828015,-0.06269009702221029,-0.12744010019196644,-0.9726075659267406
55177000000,5424,633437500037281536,map,-0.13608606159687042,0.19474992156028748,3.816486120223999,-0.18123057931809375,-0.06498998205682095,-0.12865384513538314,-0.9728205760991147
55185000000,5425,633437500045281536,map,-0.1364341527223587,0.19164277613162994,3.8170511722564697,-0.1797823398462745,-0.06609590482503468,-0.1292567558033314,-0.9729350047928218
55193000000,5426,633437500053281536,map,-0.1366589516401291,0.18832816183567047,3.8176045417785645,-0.17512882727684576,-0.06930588783296533,-0.1310780475680327,-0.9733166445060879
55201000000,5427,633437500061281536,map,-0.13675524294376373,0.18482689559459686,3.8181703090667725,-0.17346356841368787,-0.07033502431154827,-0.1316782608376763,-0.9734599859378734
55209000000,5428,633437500069281536,map,-0.13672484457492828,0.18114802241325378,3.818716049194336,-0.1682848270864724,-0.07331001229725037,-0.133456604963745,-0.9739071640005741
55218000000,5429,633437500077281536,map,-0.13656871020793915,0.17730207741260529,3.819242238998413,-0.16469136570900936,-0.07517787632955616,-0.13460042828548213,-0.9742216216373139
55226000000,5430,633437500085204736,map,-0.13628773391246796,0.17328719794750214,3.819748640060425,-0.1609600235508209,-0.0769070324492346,-0.1356779546145117,-0.9745608194741295
55234000000,5431,633437500093204736,map,-0.13588184118270874,0.16910222172737122,3.820230007171631,-0.15702015459126875,-0.07848400156729624,-0.13673221588316326,-0.974930363041873
55242000000,5432,633437500101204736,map,-0.13534939289093018,0.16475126147270203,3.820683717727661,-0.1529082817087656,-0.07993567073891301,-0.13772839879456672,-0.9753257847746022
55250000000,5433,633437500109204736,map,-0.13468995690345764,0.16023822128772736,3.821107864379883,-0.14868784908121052,-0.08128291055663193,-0.13868997914334275,-0.9757305209608522
55257000000,5434,633437500117204736,map,-0.13389486074447632,0.15554001927375793,3.8215672969818115,-0.1443428488087035,-0.0825015840471464,-0.13960212123881544,-0.9761505564531119
55265000000,5435,633437500125204736,map,-0.13298293948173523,0.1507558524608612,3.821990728378296,-0.14213748598441261,-0.08304056584843782,-0.14004019558223774,-0.9763657582616085
55273000000,5436,633437500133204736,map,-0.1319553703069687,0.14588426053524017,3.8223764896392822,-0.1353695002695067,-0.08441194263946332,-0.14127973439694314,-0.9770311727058986
55285000000,5437,633437500145204736,map,-0.13013489544391632,0.13834859430789948,3.8227038383483887,-0.1283431793979203,-0.0855154511835108,-0.14242368415922574,-0.9777171548122618
55298000000,5438,633437500157204736,map,-0.12802450358867645,0.13049305975437164,3.8229756355285645,-0.12113834028110998,-0.08634787646629224,-0.14348220225957692,-0.978408152393598
55306000000,5439,633437500165204736,map,-0.12648513913154602,0.12507906556129456,3.8232364654541016,-0.11868761957821293,-0.08653514281676025,-0.1438111584122045,-0.9786436268362284
55314000000,5440,633437500173204736,map,-0.12484069913625717,0.11961819976568222,3.823505163192749,-0.11122261191681188,-0.08689680492383223,-0.14473236208010704,-0.979352326093939
55321000000,5441,633437500181127936,map,-0.12307348847389221,0.11405254900455475,3.8237340450286865,-0.10619853371856319,-0.08700259878195063,-0.14527900670529337,-0.9798195660565308
55329000000,5442,633437500189127936,map,-0.1211906373500824,0.10840750485658646,3.8239245414733887,-0.10113653125918882,-0.08699064751621977,-0.14579741294197734,-0.9802791352926936
55342000000,5443,633437500201127936,map,-0.11810632795095444,0.09978064894676208,3.8239667415618896,-0.09348173172913167,-0.08664062254914834,-0.146506112199688,-0.9809640637278441
55350000000,5444,633437500209127936,map,-0.11589718610048294,0.09384514391422272,3.8240463733673096,-0.08827604720582498,-0.08616787270929441,-0.14693369197783107,-0.9814239279919464
55357000000,5445,633437500217127936,map,-0.11360541731119156,0.08792167901992798,3.8240811824798584,-0.08298375691804705,-0.08554289298011263,-0.14732211733370743,-0.9818820642352599
55365000000,5446,633437500225127936,map,-0.11121385544538498,0.0819685161113739,3.8240764141082764,-0.08036747178735223,-0.08519089147401855,-0.14750157861466684,-0.9821033351899422
55373000000,5447,633437500233127936,map,-0.10870959609746933,0.07595037668943405,3.8240907192230225,-0.07255532292528023,-0.08390254529164853,-0.1479600941796168,-0.9827532817408285
55381000000,5448,633437500241127936,map,-0.10779081284999847,0.0708225667476654,3.824533700942993,-0.06740106233160453,-0.08278297352996235,-0.14821495617256225,-0.9831767311278176
55389000000,5449,633437500249127936,map,-0.1066981852054596,0.06556793302297592,3.824930429458618,-0.06217407339955621,-0.08149186804610388,-0.1484361849803959,-0.9835956286551673
55398000000,5450,633437500257127936,map,-0.10546733438968658,0.06026613712310791,3.825291872024536,-0.05692887966312923,-0.08009757390620058,-0.14861324389099018,-0.9840007863099025
55406000000,5451,633437500265127936,map,-0.104130819439888,0.05497685819864273,3.8256261348724365,-0.05178380313116183,-0.07860172956898831,-0.14875464656774418,-0.9843841961908062
55414000000,5452,633437500273127936,map,-0.10263931006193161,0.04959607496857643,3.8259940147399902,-0.046636172763592484,-0.0769231193744756,-0.14884336568385964,-0.9847606939885539
55422000000,5453,633437500281051136,map,-0.10102205723524094,0.044169120490550995,3.8263394832611084,-0.041528297410881036,-0.07508217005621105,-0.1488985359085604,-0.9851230304452021
55430000000,5454,633437500289051136,map,-0.09928092360496521,0.03871043026447296,3.8266656398773193,-0.03645060315297045,-0.0731066102892478,-0.14892702717815376,-0.9854682131345063
55437000000,5455,633437500297051136,map,-0.09743767231702805,0.03325981646776199,3.826978921890259,-0.03137657435379127,-0.07101774003715201,-0.1489183449273605,-0.9857967899654972
55445000000,5456,633437500305051136,map,-0.09547150135040283,0.027778277173638344,3.827284812927246,-0.026330747064621962,-0.06878090800500265,-0.14889175026595014,-0.9861071172110829
55453000000,5457,633437500313051136,map,-0.09341240674257278,0.02231956459581852,3.8275938034057617,-0.02136621314369607,-0.06638757682179827,-0.1488300051328817,-0.9864005014235673
55461000000,5458,633437500321051136,map,-0.09122931212186813,0.01682540774345398,3.827906608581543,-0.016436343688581375,-0.06385954562784209,-0.1487400637581594,-0.9866753831695554
55469000000,5459,633437500329051136,map,-0.0889512225985527,0.0113418223336339,3.8283274173736572,-0.01396833487526076,-0.06256060083016059,-0.14868156393242626,-0.9868054483440599
55477000000,5460,633437500337051136,map,-0.08658260107040405,0.005869691260159016,3.8287408351898193,-0.006444300552520212,-0.05851402922106901,-0.1484840216534558,-0.9871611255986434
55486000000,5461,633437500345051136,map,-0.08411940187215805,0.0003991583362221718,3.8291330337524414,-0.0012744574786966013,-0.05563545741969166,-0.14834004801894257,-0.9873694153239843
55494000000,5462,633437500353051136,map,-0.08155553042888641,-0.005082026589661837,3.829493522644043,0.004107942688879566,-0.05257562782793714,-0.14818815077690928,-0.9875521640591275
55502000000,5463,633437500361051136,map,-0.0789446011185646,-0.010488459840416908,3.829834461212158,0.009747263459533065,-0.04942199647355457,-0.14801256700601295,-0.9877017853713412
55510000000,5464,633437500370051136,map,-0.07625340670347214,-0.015876635909080505,3.830159902572632,0.015848466274661386,-0.046175094143417396,-0.147819450146136,-0.9878087540728618
55518000000,5465,633437500378051136,map,-0.07350851595401764,-0.02120750956237316,3.8305156230926514,0.022374301222715002,-0.04287835053073805,-0.14765018840251626,-0.9878563800116792
55526000000,5466,633437500385974336,map,-0.07070787250995636,-0.026484763249754906,3.8308730125427246,0.02928381835982627,-0.03943290921451749,-0.14749062043405403,-0.9878431459012467
55533000000,5467,633437500393974336,map,-0.06785431504249573,-0.031700290739536285,3.8312430381774902,0.03647234944507705,-0.03585855995112896,-0.147322159480556,-0.987765300672047
55541000000,5468,633437500401974336,map,-0.06496845185756683,-0.036826252937316895,3.8316380977630615,0.04390803030854023,-0.032228402333411434,-0.14717169523137208,-0.9876102002695271
55549000000,5469,633437500408974336,map,-0.062056612223386765,-0.0418543703854084,3.8320672512054443,0.04773530066957298,-0.03039990411615931,-0.14710607258824066,-0.987500407729156
55562000000,5470,633437500421974336,map,-0.057163797318935394,-0.049493927508592606,3.8325507640838623,0.06361346993572235,-0.022877215858393078,-0.14689272524107844,-0.9868397137318994
55570000000,5471,633437500429974336,map,-0.05417422577738762,-0.054297253489494324,3.83309268951416,0.0716746539889331,-0.018898891850841787,-0.14680556555835794,-0.9863841062994966
55577000000,5472,633437500437974336,map,-0.05108706280589104,-0.05909471586346626,3.8336637020111084,0.07983379653770628,-0.01478777497743381,-0.14672776247600683,-0.9858391475482506
55585000000,5473,633437500445974336,map,-0.04808655008673668,-0.06363805383443832,3.8342835903167725,0.0839740052732989,-0.01269242596446849,-0.14669775391986706,-0.9855289467432105
55593000000,5474,633437500453974336,map,-0.04512229189276695,-0.06799889355897903,3.834963321685791,0.09622231935829603,-0.006466506673329387,-0.14659938317544263,-0.9844836206064433
55601000000,5475,633437500461974336,map,-0.0421455092728138,-0.07223854213953018,3.835697889328003,0.104295648289323,-0.002234662786539989,-0.14655533971874873,-0.9836864972605568
55609000000,5476,633437500469974336,map,-0.03915753215551376,-0.0763523206114769,3.8364789485931396,0.10834326303291522,-4.982284329587352e-05,-0.14653148460249155,-0.9832549978255023
55618000000,5477,633437500477974336,map,-0.03621422126889229,-0.0802735909819603,3.837294816970825,0.12024294102120828,0.006436703583076244,-0.14648284713931004,-0.9818569868603959
55626000000,5478,633437500485896512,map,-0.0332951582968235,-0.08402819186449051,3.8381948471069336,0.12792392493944732,0.010592514555151993,-0.14641768811151218,-0.9808594552498401
55634000000,5479,633437500493896512,map,-0.030385227873921394,-0.08761689811944962,3.839121103286743,0.13530464944053872,0.014679104596904665,-0.1463518968809867,-0.9798256352027164
55642000000,5480,633437500501896512,map,-0.027580000460147858,-0.09095250070095062,3.8400776386260986,0.14236290840367324,0.01872295773426728,-0.14628336610530795,-0.9787664006059406
55649000000,5481,633437500509896512,map,-0.024829614907503128,-0.09408631920814514,3.841068744659424,0.1491106399236916,0.022639253434611675,-0.14620885047714066,-0.9776892957453962
55657000000,5482,633437500517896512,map,-0.022126128897070885,-0.09702232480049133,3.8420846462249756,0.15558128752488726,0.026400248534905562,-0.1461338712336398,-0.9765973973410245
55665000000,5483,633437500525896512,map,-0.019487369805574417,-0.09974393248558044,3.843118190765381,0.15868953330886867,0.028258039470417256,-0.1460854866515493,-0.9760523542960815
55673000000,5484,633437500533896512,map,-0.01692158356308937,-0.10224476456642151,3.844200611114502,0.1673357380099239,0.03377581004705436,-0.14595133323273912,-0.9744516591364862
55681000000,5485,633437500541896512,map,-0.014471069909632206,-0.10448983311653137,3.84527587890625,0.17235088634464435,0.037377774551204494,-0.14588541556166806,-0.9734555605187798
55693000000,5486,633437500553896512,map,-0.010649171657860279,-0.107618547976017,3.846738576889038,0.1789203577688859,0.04271305981050156,-0.1457934511382173,-0.972063450112465
55709000000,5487,633437500568896512,map,-0.006985167507082224,-0.11025343835353851,3.848220109939575,0.18435733283692762,0.04798420810307715,-0.14575193649243412,-0.9708070947052037
55714000000,5488,633437500573896512,map,-0.004940932150930166,-0.11153455823659897,3.849269151687622,0.1872905954426039,0.05144259936777495,-0.14573621571793954,-0.9700706628211729
55725000000,5489,633437500585819712,map,-0.0017807686235755682,-0.1131805032491684,3.8507230281829834,0.18968378306310557,0.0547756090265089,-0.14573061018708755,-0.9694238351370763
55738000000,5490,633437500597819712,map,0.0011137311812490225,-0.11427104473114014,3.8521783351898193,0.19314453455131997,0.0610768895169635,-0.1457687952318385,-0.9683576041634476
55750000000,5491,633437500609819712,map,0.003726157359778881,-0.11480582505464554,3.853679895401001,0.1946020884766601,0.06543726548664296,-0.14581768557611108,-0.9677733645493896
55761000000,5492,633437500621819712,map,0.006054088938981295,-0.11478562653064728,3.8551459312438965,0.19500531264471987,0.069394533192096,-0.1458953200710681,-0.9674047482123134
55769000000,5493,633437500629819712,map,0.0072919693775475025,-0.11438967287540436,3.856184244155884,0.19493241440186423,0.07062550039148552,-0.14591297960059418,-0.9673276616263868
55781000000,5494,633437500641819712,map,0.008931146934628487,-0.11473581194877625,3.8579211235046387,0.19361839156912797,0.07506873706533737,-0.1459868630260338,-0.9672457702997302
55794000000,5495,633437500653819712,map,0.010264182463288307,-0.11452756077051163,3.859588623046875,0.19159792433507636,0.07798370793875994,-0.14600363747174117,-0.9674150320433499
55805000000,5496,633437500665819712,map,0.011281521990895271,-0.11377739906311035,3.8611936569213867,0.18980372245725546,0.07980871916284231,-0.14603419393691153,-0.9676151874269283
55818000000,5497,633437500677819712,map,0.011976932175457478,-0.11250486224889755,3.86277437210083,0.18530887169904595,0.08322433664465757,-0.14605720611619855,-0.968195043768741
55825000000,5498,633437500685743936,map,0.012098723091185093,-0.11169444024562836,3.863975763320923,0.18400394731723196,0.08401357326151652,-0.1460672370661441,-0.9683743364623065
55833000000,5499,633437500693743936,map,0.012087909504771233,-0.11066292971372604,3.865116834640503,0.17968360031692576,0.08618358805079694,-0.14607267400960194,-0.9689937686948711
55846000000,5500,633437500705743936,map,0.012053513899445534,-0.1082741916179657,3.866403341293335,0.17486173742947628,0.08813503982041197,-0.1460444356210997,-0.9697044488544617
55854000000,5501,633437500713743936,map,0.011714364401996136,-0.10672949999570847,3.867356300354004,0.1714118782674239,0.08927257535918691,-0.14599512380834195,-0.970223698028116
55862000000,5502,633437500721743936,map,0.011250289157032967,-0.10501276701688766,3.8682632446289062,0.16778183605963143,0.09020566180419155,-0.14591458118083767,-0.9707838717916744
55869000000,5503,633437500729743936,map,0.010667743161320686,-0.1031210646033287,3.8690595626831055,0.1639770661888029,0.09096806141526116,-0.14581102637404636,-0.9713782687962234
55882000000,5504,633437500741743936,map,0.009763306938111782,-0.09953094273805618,3.8697669506073,0.15804159136746448,0.09179618113404946,-0.14561040737513448,-0.9723136759520742
55893000000,5505,633437500753743936,map,0.008572555147111416,-0.09558728337287903,3.870241403579712,0.15189236616972507,0.09221722815067328,-0.1453344719579337,-0.9732947281448622
55906000000,5506,633437500765743936,map,0.007098080590367317,-0.09129099547863007,3.8705859184265137,0.14544332673092533,0.09222275202200624,-0.14498267221341327,-0.9743312455902907
55913000000,5507,633437500773743936,map,0.005842186510562897,-0.08851112425327301,3.870899200439453,0.14093771798963342,0.09202822851106028,-0.14471314311718603,-0.9750514930844933
55921000000,5508,633437500781668160,map,0.00447223661467433,-0.0855865404009819,3.8711090087890625,0.13630789721742384,0.09168748177756182,-0.14438979249541056,-0.9757895686956161
55929000000,5509,633437500789668160,map,0.0029897410422563553,-0.0825197771191597,3.8712220191955566,0.13394525552538047,0.09147090492813252,-0.14422230091942823,-0.9761616410742704
55942000000,5510,633437500801668160,map,0.0007000800687819719,-0.0772898867726326,3.8709471225738525,0.12428547970373297,0.09030608457330286,-0.1434435535994924,-0.9776614366785304
55950000000,5511,633437500809668160,map,-0.0010778551222756505,-0.07388147711753845,3.870844841003418,0.11925304589276702,0.08951803860491435,-0.1430046784659485,-0.9784246739582142
55958000000,5512,633437500817668160,map,-0.002965698717162013,-0.0703495666384697,3.870720863342285,0.11419537007081007,0.08862202953279814,-0.14254241183148103,-0.9791768266167397
55965000000,5513,633437500825668160,map,-0.004947010427713394,-0.06673336029052734,3.8705151081085205,0.11164797371705214,0.08813188144095169,-0.14229277604775092,-0.9795510484846679
55978000000,5514,633437500837668160,map,-0.008005562238395214,-0.06073644757270813,3.869767427444458,0.10165159274831691,0.0858541518192231,-0.1412440360162544,-0.980992512850589
55989000000,5515,633437500849668160,map,-0.011311503127217293,-0.05451912060379982,3.868844985961914,0.09662021326710821,0.08447061236967965,-0.14066350532486532,-0.9817042045345439
55997000000,5516,633437500857668160,map,-0.013731089420616627,-0.050465792417526245,3.868312120437622,0.08899066760184318,0.08205536284961608,-0.1397384241468997,-0.9827618796979247
56005000000,5517,633437500865668160,map,-0.016239091753959656,-0.04633302986621857,3.867779016494751,0.08648782507677283,0.08118530899219299,-0.1394212691118552,-0.9831024683807413
56013000000,5518,633437500873668160,map,-0.01882767118513584,-0.04213903099298477,3.8671817779541016,0.0791204845873075,0.07836878023295589,-0.13838538386915444,-0.9840974711803865
56025000000,5519,633437500885592384,map,-0.022795947268605232,-0.035379163920879364,3.8659069538116455,0.07428965446392895,0.07633567997497151,-0.1376584771728871,-0.98473561661369
56038000000,5520,633437500897592384,map,-0.026988472789525986,-0.02845623530447483,3.8645544052124023,0.06450650502084052,0.0717501047503017,-0.13612289889424117,-0.9859824046863392
56046000000,5521,633437500905592384,map,-0.029978688806295395,-0.023912031203508377,3.8637795448303223,0.05971289369278351,0.0692746069688363,-0.1353168404164703,-0.9865722498312492
56054000000,5522,633437500913592384,map,-0.032997146248817444,-0.019400188699364662,3.8630056381225586,0.05514893593245081,0.06678463635471898,-0.13447634796346608,-0.9871243735467419
56065000000,5523,633437500925592384,map,-0.03762160614132881,-0.012218848802149296,3.8616652488708496,0.050610882678884105,0.0642023483372946,-0.13360277023438083,-0.9876573204461621
56077000000,5524,633437500937592384,map,-0.04240548983216286,-0.00497250584885478,3.8603463172912598,0.04178792397334181,0.05885273380804835,-0.1317728805125833,-0.9886485721762899
56090000000,5525,633437500949592384,map,-0.04741116240620613,0.0024447517935186625,3.859036445617676,0.03554332243305574,0.05472670287716809,-0.13032631637799236,-0.9893213201722207
56098000000,5526,633437500957592384,map,-0.05087357386946678,0.00725676491856575,3.8583531379699707,0.031547803828401014,0.05191676458441269,-0.1293133590208816,-0.9897411027833893
56105000000,5527,633437500965592384,map,-0.05436593294143677,0.012054947204887867,3.8576912879943848,0.027653753761536264,0.04902380226844689,-0.12828990709849153,-0.9901382525369073
56118000000,5528,633437500977592384,map,-0.05967109277844429,0.019561845809221268,3.8565421104431152,0.022096101729495738,0.044475014080855566,-0.12669557611302146,-0.9906977940977381
56126000000,5529,633437500985517632,map,-0.06331605464220047,0.02444489486515522,3.855987071990967,0.01860016684239785,0.04133626583235341,-0.12560026381392037,-0.9910449155420737
56134000000,5530,633437500993517632,map,-0.06700946390628815,0.029349341988563538,3.855464220046997,0.015254621130409946,0.03813991996409407,-0.12448606972668635,-0.9913707949747599
56142000000,5531,633437501001517632,map,-0.07074810564517975,0.034279003739356995,3.8549699783325195,0.011961550878996132,0.034838578393659995,-0.12336677587078249,-0.9916773290039798
56150000000,5532,633437501009517632,map,-0.07448197901248932,0.039171002805233,3.854518175125122,0.008768045971744229,0.03149561285905437,-0.1222464704905144,-0.9919612723223976
56162000000,5533,633437501021517632,map,-0.08011163771152496,0.04672449082136154,3.8537447452545166,0.004083618688932722,0.02642092946663426,-0.12054618232788794,-0.9923476746295454
56173000000,5534,633437501033517632,map,-0.08582884818315506,0.05429815873503685,3.8530609607696533,-0.0007725563430161733,0.02135096454561386,-0.11885824319187516,-0.9926814355229033
56181000000,5535,633437501041517632,map,-0.08885452896356583,0.058773450553417206,3.8533241748809814,-0.004314840251130394,0.017915285822451887,-0.11774059306306328,-0.9928733722710219
56189000000,5536,633437501049517632,map,-0.09196319431066513,0.06332386285066605,3.853588104248047,-0.006189096774975184,0.016207791207274544,-0.11719061883684456,-0.9929578767022862
56198000000,5537,633437501057517632,map,-0.09504301846027374,0.06779367476701736,3.8538644313812256,-0.012480306144269222,0.01096443151730229,-0.1155897550898553,-0.9931581163795615
56206000000,5538,633437501065517632,map,-0.09816603362560272,0.07228842377662659,3.854144811630249,-0.0172475243255353,0.007477078782232434,-0.114568916272073,-0.9932373946016104
56214000000,5539,633437501073517632,map,-0.10126779228448868,0.07672825455665588,3.8544259071350098,-0.022576463191408925,0.003916568996315286,-0.1136125199856638,-0.9932608282493824
56222000000,5540,633437501081442880,map,-0.10438162088394165,0.08115266263484955,3.8547050952911377,-0.028493026590111596,0.00027974180445703394,-0.11271571934304897,-0.9932185971071746
56230000000,5541,633437501089442880,map,-0.10751567035913467,0.0855698361992836,3.854985237121582,-0.03488201862358443,-0.0034435568911109007,-0.11187611197386343,-0.9931038312386795
56237000000,5542,633437501097442880,map,-0.11063883453607559,0.08993823081254959,3.8552753925323486,-0.041631191038986284,-0.007225109116765972,-0.11108214964161522,-0.992912568840137
56245000000,5543,633437501105442880,map,-0.1137256845831871,0.09422734379768372,3.8555872440338135,-0.048730340347710475,-0.011122451906170634,-0.11033956431770175,-0.9926363805418452
56253000000,5544,633437501113442880,map,-0.11676383763551712,0.09841971099376678,3.855991840362549,-0.05606826340705003,-0.01505584473903128,-0.10963735567466171,-0.9922748870221672
56261000000,5545,633437501121442880,map,-0.1198132261633873,0.10259297490119934,3.856414794921875,-0.06369575243781664,-0.01905681872639013,-0.10898311014522716,-0.9918178044500665
56269000000,5546,633437501129442880,map,-0.12284451723098755,0.10670307278633118,3.856862783432007,-0.0675848054689548,-0.02108431394743094,-0.10865836867745071,-0.991554934555904
56278000000,5547,633437501137442880,map,-0.12584300339221954,0.1107315942645073,3.8573360443115234,-0.07918530405309328,-0.02715925532466993,-0.10771933689262803,-0.9906506317742543
56285000000,5548,633437501145442880,map,-0.12873795628547668,0.11458839476108551,3.857839345932007,-0.0830412217587678,-0.02919876503171438,-0.10741305574449939,-0.9903100430914378
56294000000,5549,633437501153442880,map,-0.13161224126815796,0.11837533116340637,3.8583691120147705,-0.09439935489054438,-0.035148361681481964,-0.10654664297966088,-0.9891921822283833
56302000000,5550,633437501161442880,map,-0.13442906737327576,0.12204346805810928,3.85892653465271,-0.10183199640646708,-0.039003626111004566,-0.10597083273530505,-0.9883720888500583
56310000000,5551,633437501169442880,map,-0.1371552050113678,0.1255500614643097,3.8595430850982666,-0.1054211614395601,-0.04090911410814044,-0.10569401223428548,-0.9879481758477359
56318000000,5552,633437501177442880,map,-0.1398015171289444,0.12890814244747162,3.8601863384246826,-0.11553213771376292,-0.046382630493841094,-0.1049270660319328,-0.9866565856751195
56325000000,5553,633437501185365056,map,-0.1424015760421753,0.13215413689613342,3.8608577251434326,-0.12194060817669286,-0.04990270367133457,-0.10441262159900877,-0.9857677929337219
56333000000,5554,633437501193365056,map,-0.1448969841003418,0.1352149397134781,3.8615591526031494,-0.12505464124981042,-0.05160957464486285,-0.10415219622206001,-0.9853173695636859
56341000000,5555,633437501201365056,map,-0.1472984403371811,0.13810375332832336,3.862292528152466,-0.13366447058642272,-0.05653117014677926,-0.10344585718786592,-0.9839903760383204
56349000000,5556,633437501209365056,map,-0.1496051549911499,0.14082971215248108,3.863057851791382,-0.13628052020513787,-0.05811874183141943,-0.10322989673609606,-0.9835616582952675
56357000000,5557,633437501217365056,map,-0.15181368589401245,0.1433773785829544,3.863887071609497,-0.14345049465860657,-0.06277302358083353,-0.10260136078425314,-0.9823209815156524
56366000000,5558,633437501225365056,map,-0.15392263233661652,0.14574356377124786,3.864743947982788,-0.1477324722216997,-0.06575060886607512,-0.1022174029943188,-0.9815312338682551
56374000000,5559,633437501233365056,map,-0.15594951808452606,0.14794711768627167,3.8656280040740967,-0.15159173533347475,-0.06866546120148626,-0.10184748010493877,-0.980781483580095
56382000000,5560,633437501241365056,map,-0.15782682597637177,0.14991940557956696,3.8665273189544678,-0.1549801496587543,-0.07153303004122423,-0.10150769221224398,-0.9800819301885111
56389000000,5561,633437501249365056,map,-0.1595935821533203,0.1517019122838974,3.8674442768096924,-0.1578778139825071,-0.07428888075644999,-0.10121156845460633,-0.9794448384264204
56397000000,5562,633437501257365056,map,-0.1612512469291687,0.15329842269420624,3.868373155593872,-0.16037762259302918,-0.0769244127558893,-0.10092939530382589,-0.9788640970007888
56405000000,5563,633437501265365056,map,-0.1627832055091858,0.15469518303871155,3.869304656982422,-0.16250764002307275,-0.0794272612078602,-0.10066934924851367,-0.9783395373242222
56413000000,5564,633437501273365056,map,-0.16418935358524323,0.15589694678783417,3.870270013809204,-0.1642547269926145,-0.0818056763579588,-0.10041018827702025,-0.9778783243609676
56421000000,5565,633437501281287232,map,-0.16546942293643951,0.15690037608146667,3.871220588684082,-0.16560520948349075,-0.08404195389563242,-0.1001501422217081,-0.9774875387815745
56430000000,5566,633437501289287232,map,-0.1666199117898941,0.15770608186721802,3.8721508979797363,-0.16661581451961904,-0.08611531805874323,-0.09988651368427237,-0.9771622072579189
56438000000,5567,633437501297287232,map,-0.1676347851753235,0.15831506252288818,3.873054265975952,-0.16731142981504513,-0.08800916298897798,-0.09961572018258985,-0.9769022033494552
56449000000,5568,633437501309287232,map,-0.16909529268741608,0.15898597240447998,3.874173164367676,-0.16770872444835505,-0.08975956638866195,-0.09935512621824699,-0.9767014579099977
56461000000,5569,633437501321287232,map,-0.17025187611579895,0.15921758115291595,3.8752496242523193,-0.16768668954911795,-0.09285180954109937,-0.0987941095177185,-0.9764729798442202
56469000000,5570,633437501329287232,map,-0.170751690864563,0.15906517207622528,3.876116991043091,-0.16752524868007498,-0.09353941166695234,-0.09865683723211849,-0.9764489982874176
56477000000,5571,633437501337287232,map,-0.17111200094223022,0.1587265282869339,3.8769493103027344,-0.16665690769691716,-0.0953635167337917,-0.09823237632076526,-0.9764638761249418
56485000000,5572,633437501345287232,map,-0.17134010791778564,0.15820445120334625,3.8777472972869873,-0.16580526476830376,-0.09644146716548435,-0.09793671617846139,-0.9765327019285602
56493000000,5573,633437501353287232,map,-0.17143408954143524,0.15750017762184143,3.878509998321533,-0.16475099032876211,-0.09740365074102972,-0.09763865366579239,-0.9766454868951753
56502000000,5574,633437501361287232,map,-0.17139410972595215,0.15661267936229706,3.8792357444763184,-0.16349066521520675,-0.09824556301599317,-0.0973563119276179,-0.9768011352067261
56510000000,5575,633437501369287232,map,-0.1712198257446289,0.15555089712142944,3.8799166679382324,-0.16204863976936484,-0.09894401268698161,-0.09706183189707229,-0.9770001947722431
56518000000,5576,633437501377287232,map,-0.1709153950214386,0.15431846678256989,3.8805458545684814,-0.16041138748704248,-0.09947735471310666,-0.09674977663069756,-0.9772471753045169
56526000000,5577,633437501385209408,map,-0.17048360407352448,0.1529386043548584,3.8812482357025146,-0.1585039185880266,-0.09985362860572178,-0.09642469798813313,-0.9775521077534932
56537000000,5578,633437501397209408,map,-0.16971755027770996,0.15060554444789886,3.881972312927246,-0.155142723224351,-0.10007189132909149,-0.09584454661838065,-0.978125852802272
56549000000,5579,633437501409209408,map,-0.16864897310733795,0.14788278937339783,3.882582426071167,-0.152643254422795,-0.0999730279933751,-0.09543323552376287,-0.9785693640891521
56557000000,5580,633437501417209408,map,-0.167694091796875,0.14583784341812134,3.883061170578003,-0.14857253003532866,-0.09950255589433815,-0.0947693383660192,-0.9793081140498511
56565000000,5581,633437501425209408,map,-0.16661177575588226,0.14365023374557495,3.883479595184326,-0.1457185324808112,-0.09899319279083776,-0.094325405610654,-0.9798311985867197
56573000000,5582,633437501433209408,map,-0.16541032493114471,0.14132727682590485,3.883901596069336,-0.14279505584652352,-0.09835418598131788,-0.09386866021334145,-0.9803697088701435
56582000000,5583,633437501441209408,map,-0.1649046391248703,0.13977323472499847,3.8848624229431152,-0.13979518804930985,-0.09756113244049067,-0.09342447457688513,-0.9809234763127281
56590000000,5584,633437501449209408,map,-0.16424903273582458,0.13804234564304352,3.8857531547546387,-0.1367253011658294,-0.09660422512354327,-0.09297771798266957,-0.9814933017045954
56598000000,5585,633437501457209408,map,-0.16345378756523132,0.13615570962429047,3.8865773677825928,-0.13358282555541207,-0.09551583149304303,-0.09252607235402682,-0.9820750125077428
56605000000,5586,633437501465209408,map,-0.16252253949642181,0.13411898910999298,3.8873372077941895,-0.13040687744474297,-0.0942996775938161,-0.092079779375145,-0.9826612330236808
56613000000,5587,633437501473209408,map,-0.16146206855773926,0.13194149732589722,3.888037919998169,-0.12878544076732432,-0.09364813473104225,-0.0918598571196152,-0.9829578625435005
56621000000,5588,633437501481131584,map,-0.16027875244617462,0.12963150441646576,3.8887970447540283,-0.12386977216597975,-0.09143329413419247,-0.09120780322630312,-0.9838584142556328
56629000000,5589,633437501489131584,map,-0.1589583158493042,0.12716194987297058,3.889505624771118,-0.1222306180071183,-0.09061412798653475,-0.09098552074725669,-0.9841597642224856
56638000000,5590,633437501497131584,map,-0.15751765668392181,0.12456691265106201,3.890164852142334,-0.11724886578148669,-0.08792186632899979,-0.09028963413149332,-0.9850737186324444
56646000000,5591,633437501505131584,map,-0.1559489518404007,0.12183146178722382,3.8907763957977295,-0.11388976458934648,-0.08597609121304357,-0.08980840141519592,-0.9856834149430029
56654000000,5592,633437501513131584,map,-0.15427066385746002,0.11898589134216309,3.891350269317627,-0.11049667459806024,-0.08388366350351566,-0.08931519899392149,-0.9862945442464108
56661000000,5593,633437501521131584,map,-0.15247803926467896,0.11602082848548889,3.891893148422241,-0.10708494516302007,-0.08161288086780179,-0.08881609601385548,-0.986906263605698
56669000000,5594,633437501529131584,map,-0.15057456493377686,0.11293879896402359,3.892486810684204,-0.1053717547963932,-0.08041309179959821,-0.08856304633539602,-0.9872118282574021
56677000000,5595,633437501537131584,map,-0.14856597781181335,0.10974545031785965,3.8930585384368896,-0.10026668484328574,-0.07671271572126415,-0.0877869121200679,-0.9881068165855309
56690000000,5596,633437501549131584,map,-0.14513051509857178,0.1044081300497055,3.893481492996216,-0.09687562712035117,-0.07416364929863398,-0.08725573538828507,-0.9886867150741923
56697000000,5597,633437501557131584,map,-0.1428462713956833,0.1009141206741333,3.894033670425415,-0.0918376174130361,-0.0701503493337192,-0.08644103680656956,-0.9895316750931387
56705000000,5598,633437501565131584,map,-0.1404837816953659,0.09734820574522018,3.894577741622925,-0.08849369237908235,-0.06732076204847913,-0.08586008464669537,-0.9900832087527522
56713000000,5599,633437501573131584,map,-0.1380234658718109,0.09367137402296066,3.8951122760772705,-0.08686228204509028,-0.06589557756133989,-0.08556248574935998,-0.9903493661010985
56721000000,5600,633437501581053760,map,-0.1354881376028061,0.0899176225066185,3.8956398963928223,-0.08206365260788245,-0.061574450844336215,-0.0846425464869126,-0.991115385072784
56734000000,5601,633437501593053760,map,-0.13134166598320007,0.08382765203714371,3.896146297454834,-0.07737583711357736,-0.05707724578951067,-0.08366583541952116,-0.9918444412583254
56745000000,5602,633437501606053760,map,-0.12699756026268005,0.07750377058982849,3.8966574668884277,-0.07278217702030111,-0.052291282797369366,-0.08263572429506638,-0.9925420137480292
56753000000,5603,633437501613053760,map,-0.12419191002845764,0.07345595955848694,3.8972392082214355,-0.06983751500919162,-0.049040990280105105,-0.08192887949869027,-0.9929780228958744
56762000000,5604,633437501621053760,map,-0.12129972875118256,0.06929875165224075,3.8978145122528076,-0.06708170709935887,-0.045781768557857094,-0.08120045551587646,-0.9933834334317008
56773000000,5605,633437501633053760,map,-0.11670256406068802,0.06269117444753647,3.898338556289673,-0.06444532096769273,-0.04244397589036167,-0.08045083166826161,-0.9937671383405439
56786000000,5606,633437501645053760,map,-0.11199776828289032,0.05594396963715553,3.8988707065582275,-0.059312548681312485,-0.035506849604025476,-0.07892216547277153,-0.9944810216606215
56797000000,5607,633437501657053760,map,-0.10720867663621902,0.04907649755477905,3.89949893951416,-0.055564741593335465,-0.030298193233990394,-0.07773944060985882,-0.9949629287264949
56810000000,5608,633437501669053760,map,-0.10236804187297821,0.04211319237947464,3.9001333713531494,-0.051770599313776776,-0.025078020237599703,-0.07658803085538979,-0.9954020567411299
56822000000,5609,633437501680975936,map,-0.09745853394269943,0.035021767020225525,3.9007792472839355,-0.0477667935850336,-0.019735741235627872,-0.07541693852266607,-0.9958118084023528
56833000000,5610,633437501692975936,map,-0.09251445531845093,0.027835410088300705,3.901439666748047,-0.04499229684060881,-0.016222976585083978,-0.07466356360553378,-0.9960611913049919
56846000000,5611,633437501704975936,map,-0.08753830939531326,0.02054690197110176,3.9021244049072266,-0.03914282002947885,-0.009349679066639508,-0.07319154277444234,-0.9965055876756908
56854000000,5612,633437501712975936,map,-0.08432533591985703,0.015827426686882973,3.902796506881714,-0.03599660915461223,-0.0058870507265773525,-0.07247723798587963,-0.9967028349267217
56866000000,5613,633437501724975936,map,-0.07937481254339218,0.008459036238491535,3.903646469116211,-0.030973153939468104,-0.0006466314378332462,-0.07144253285493724,-0.9969635553316101
56877000000,5614,633437501737975936,map,-0.07442043721675873,0.0009982406627386808,3.9045162200927734,-0.025481933243214842,0.0045387216762423676,-0.07046194427748276,-0.9971785885527127
56885000000,5615,633437501745975936,map,-0.07121926546096802,-0.0038500686641782522,3.905325174331665,-0.02145323123934738,0.008048780367402959,-0.06984415577201003,-0.9972947452672087
56893000000,5616,633437501752975936,map,-0.0680476725101471,-0.008696482516825199,3.9061062335968018,-0.019328594776478542,0.009821148202061678,-0.06954466026649164,-0.9973432141429963
56901000000,5617,633437501760975936,map,-0.06493043899536133,-0.01350135076791048,3.9068305492401123,-0.012613737057436078,0.015137676220455925,-0.06867158829958847,-0.9974447459010589
56913000000,5618,633437501772975936,map,-0.06017792969942093,-0.02093762345612049,3.907552480697632,-0.0053395789694890335,0.02030187614407256,-0.06786616202454532,-0.9974735743454404
56926000000,5619,633437501784898112,map,-0.05547920614480972,-0.028392665088176727,3.908118963241577,0.0027867904532998763,0.025395508496165353,-0.06712859217560463,-0.9974172661558298
56934000000,5620,633437501792898112,map,-0.052442025393247604,-0.03325295075774193,3.9086225032806396,0.008693359122004892,0.028773848407561784,-0.06667829524611424,-0.9973215928097101
56941000000,5621,633437501801898112,map,-0.04942948743700981,-0.03811799734830856,3.909041404724121,0.01512687534966244,0.032141911073366634,-0.06624232824511761,-0.9971709599731322
56949000000,5622,633437501809898112,map,-0.046513043344020844,-0.042871128767728806,3.9093894958496094,0.018347641365366797,0.03374238627909621,-0.06603627230274778,-0.9970777732910746
56957000000,5623,633437501817898112,map,-0.043650247156620026,-0.0475815050303936,3.9096627235412598,0.028446566933618057,0.03836300520889575,-0.06542661813903772,-0.99671391954788
56965000000,5624,633437501825898112,map,-0.04082198068499565,-0.05228407308459282,3.909863233566284,0.03548540048012837,0.04134652891923807,-0.06505762248032482,-0.9963929712964696
56973000000,5625,633437501833898112,map,-0.03806748986244202,-0.05690806359052658,3.9099934101104736,0.039094729981419676,0.04283012449323798,-0.06488768638712894,-0.9962061764638694
56982000000,5626,633437501841898112,map,-0.03555159643292427,-0.061765991151332855,3.9106297492980957,0.0499845749123839,0.04716365802413591,-0.06440691728616521,-0.9955546283327394
56990000000,5627,633437501849898112,map,-0.03311678394675255,-0.0665184035897255,3.911194324493408,0.057204880276236464,0.049938699055596544,-0.06412419622635412,-0.9950486975632147
56998000000,5628,633437501857898112,map,-0.03075016662478447,-0.07118642330169678,3.911719560623169,0.06435767923039248,0.052595558018926854,-0.06386541457649725,-0.9944913476385067
57006000000,5629,633437501865898112,map,-0.028441613540053368,-0.07579068094491959,3.912179470062256,0.0714703925803476,0.05521362475946993,-0.06364401718126944,-0.9938777316710365
57013000000,5630,633437501873898112,map,-0.026209324598312378,-0.08029226958751678,3.912572145462036,0.07845889653356307,0.05778472147152565,-0.06347054075279862,-0.9932153517998392
57021000000,5631,633437501881821312,map,-0.02406834252178669,-0.08466023206710815,3.9129021167755127,0.08521219934011899,0.06028512804046098,-0.06331978147567519,-0.9925196337714699
57029000000,5632,633437501889821312,map,-0.0220041386783123,-0.08892006427049637,3.913170337677002,0.08846747440513066,0.0614891792087202,-0.06325879498587988,-0.9921647994538567
57037000000,5633,633437501897821312,map,-0.020034944638609886,-0.09303950518369675,3.9134395122528076,0.09785449162828384,0.06485711543397951,-0.06312447297967572,-0.9910768628532451
57045000000,5634,633437501905821312,map,-0.018163541331887245,-0.0970078706741333,3.9136526584625244,0.10373939154849819,0.06690240847889306,-0.06305615293823957,-0.9903465001153998
57057000000,5635,633437501917821312,map,-0.015387664549052715,-0.10275719314813614,3.913409948348999,0.1121128218459909,0.06981168952776667,-0.06297185924121779,-0.9892379537058662
57070000000,5636,633437501929821312,map,-0.012859035283327103,-0.10813778638839722,3.9130752086639404,0.11968874420760445,0.07237067231359806,-0.06294606536992914,-0.9881674237536895
57081000000,5637,633437501941821312,map,-0.010564090684056282,-0.11316901445388794,3.9126341342926025,0.12632940429315892,0.07450382704967765,-0.06294269362204824,-0.9871820304355048
57093000000,5638,633437501953821312,map,-0.008508589118719101,-0.11783310770988464,3.912083387374878,0.13215474149680428,0.0764354065802198,-0.06295238739720571,-0.9862706469833052
57106000000,5639,633437501965821312,map,-0.00669841468334198,-0.12211504578590393,3.911426544189453,0.1371122066009815,0.07803133387757724,-0.0629905724419566,-0.9854661479389293
57117000000,5640,633437501977821312,map,-0.005129535216838121,-0.1260184943675995,3.9107463359832764,0.1413330211843512,0.07929064219841228,-0.06307971302655713,-0.9847634335337072
57129000000,5641,633437501989744512,map,-0.0038169128820300102,-0.12951567769050598,3.909944772720337,0.1449164621485808,0.08027720509164316,-0.06319005347595863,-0.9841553388033919
57137000000,5642,633437501997744512,map,-0.003140062792226672,-0.13161960244178772,3.909602642059326,0.14693205615327337,0.08076755733228709,-0.06329424048547755,-0.9838096503519056
57145000000,5643,633437502005744512,map,-0.0025754168163985014,-0.13353581726551056,3.9091923236846924,0.1486589705874466,0.08109367910935227,-0.06342038600307065,-0.983515254615057
57158000000,5644,633437502017744512,map,-0.0018539750017225742,-0.13608355820178986,3.9080605506896973,0.1507759303969859,0.08126626255147026,-0.06360077451469731,-0.98316703735266
57166000000,5645,633437502025744512,map,-0.0015661815414205194,-0.13753947615623474,3.907484531402588,0.1518959486518485,0.08119532150289234,-0.06373610804526575,-0.9829917486097032
57173000000,5646,633437502033744512,map,-0.001386725576594472,-0.13881279528141022,3.9068877696990967,0.15273221061493344,0.08096869263009321,-0.06388889037111783,-0.9828709135950224
57186000000,5647,633437502045744512,map,-0.001256969291716814,-0.14037548005580902,3.905503988265991,0.15337386740755346,0.08029321299154321,-0.06410746392749528,-0.9828121608881983
57197000000,5648,633437502057744512,map,-0.0013804099289700389,-0.141518697142601,3.9039978981018066,0.15341441794417698,0.07926638405291622,-0.0643204319530209,-0.982875254720419
57205000000,5649,633437502065744512,map,-0.0016423817723989487,-0.14205865561962128,3.9031431674957275,0.15316181871016105,0.07839252446678151,-0.06448438319372823,-0.9829740469333287
57213000000,5650,633437502073744512,map,-0.0020078939851373434,-0.14240378141403198,3.9022796154022217,0.15295422440782064,0.07790035464329555,-0.06456846615650752,-0.9830400067512481
57221000000,5651,633437502081667712,map,-0.0024753103498369455,-0.1425604671239853,3.9013705253601074,0.15217137040433307,0.07631379711719767,-0.06483306407145889,-0.9832684426701772
57233000000,5652,633437502093667712,map,-0.003329304978251457,-0.14243581891059875,3.899596691131592,0.15159798623794465,0.07510127179820972,-0.06501796229587614,-0.9834380837354336
57246000000,5653,633437502105667712,map,-0.004420484881848097,-0.1418897956609726,3.897759437561035,0.1502069400395547,0.07234871380552388,-0.06544339258474513,-0.9838296279580998
57258000000,5654,633437502117667712,map,-0.005753157660365105,-0.14091424643993378,3.8958699703216553,0.1489668533158187,0.07003428283982091,-0.06577167438779641,-0.9841637260262457
57269000000,5655,633437502128667712,map,-0.006817113142460585,-0.14001382887363434,3.8947484493255615,0.14806505036912124,0.06836618169856658,-0.06597705598059,-0.9844033308600301
57274000000,5656,633437502133667712,map,-0.0079561872407794,-0.13894709944725037,3.8937442302703857,0.14703630374888702,0.0665082274440169,-0.06616102697434012,-0.9846724384877721
57281000000,5657,633437502141667712,map,-0.009194744750857353,-0.13769379258155823,3.892716407775879,0.14585119758903345,0.06457147438782004,-0.06633913955614712,-0.984965611966014
57289000000,5658,633437502149667712,map,-0.010529099963605404,-0.13624726235866547,3.8916730880737305,0.14451626728525774,0.06252656461581013,-0.06648353465914547,-0.9852844950218473
57297000000,5659,633437502157667712,map,-0.011952806264162064,-0.1346179097890854,3.8906261920928955,0.14309955102194666,0.06038450635798263,-0.06659058765436315,-0.9856175394187804
57305000000,5660,633437502165667712,map,-0.013480880297720432,-0.1327846795320511,3.8895652294158936,0.1416212634813172,0.0581277612570009,-0.06668777828702926,-0.9859601090034769
57313000000,5661,633437502173667712,map,-0.015055874362587929,-0.13081605732440948,3.8886454105377197,0.14086288626010235,0.05694451746101589,-0.06672318163977836,-0.9861354398932822
57321000000,5662,633437502181587840,map,-0.01672605238854885,-0.12865079939365387,3.8877367973327637,0.13876106507171254,0.053359337939285205,-0.06685126591240304,-0.9866251441261303
57330000000,5663,633437502189587840,map,-0.018477214500308037,-0.12630212306976318,3.8868496417999268,0.13744547226886927,0.050868901734200736,-0.06690955500389356,-0.9869368200708685
57338000000,5664,633437502197587840,map,-0.020307280123233795,-0.12376980483531952,3.885981798171997,0.1361700190708765,0.04832783135898649,-0.06696413517271521,-0.9872375378349937
57346000000,5665,633437502205587840,map,-0.022215936332941055,-0.12105124443769455,3.885126829147339,0.13490954380917333,0.045688290140582594,-0.06700114010570779,-0.9875337458863283
57354000000,5666,633437502213587840,map,-0.024196723476052284,-0.11815015226602554,3.884265184402466,0.13364679788600664,0.04293893004002751,-0.06702920990681599,-0.987826835070873
57362000000,5667,633437502221587840,map,-0.02622901275753975,-0.11509758979082108,3.883418321609497,0.1323520414313959,0.040151690459373265,-0.06704294977943054,-0.9881174797382042
57369000000,5668,633437502229587840,map,-0.028310447931289673,-0.11189161241054535,3.882579803466797,0.1309579606599132,0.037337756118543425,-0.06703275024209088,-0.9884141935517208
57377000000,5669,633437502237587840,map,-0.0296939630061388,-0.11049624532461166,3.8823509216308594,0.13021954260564628,0.035920499848735785,-0.06702406799129768,-0.9885648263882987
57385000000,5670,633437502245587840,map,-0.031151676550507545,-0.10888011753559113,3.882111072540283,0.12785111625864476,0.031541152528870374,-0.06700333174183037,-0.9890247327992496
57393000000,5671,633437502253587840,map,-0.032680295407772064,-0.1070476770401001,3.8818624019622803,0.12700854807335135,0.03005679320787732,-0.0669947759315826,-0.9891800439360123
57401000000,5672,633437502261587840,map,-0.03426291048526764,-0.10502061992883682,3.8816144466400146,0.12435039902132991,0.02556371788566134,-0.06697252239556883,-0.9896455137309665
57410000000,5673,633437502269587840,map,-0.035916879773139954,-0.1027647852897644,3.881401777267456,0.12246933248872806,0.022561102640760358,-0.06695616941834659,-0.9899541129557634
57418000000,5674,633437502277507968,map,-0.03760407865047455,-0.10034400969743729,3.881194591522217,0.1204945735118865,0.019533568071677294,-0.06693947926633625,-0.9902618692435898
57426000000,5675,633437502285507968,map,-0.03934597223997116,-0.0977146252989769,3.8809802532196045,0.11841884649108103,0.01640853203692037,-0.06693754051130485,-0.9905691197692343
57434000000,5676,633437502293507968,map,-0.04112371802330017,-0.09490575641393661,3.8807661533355713,0.11625785639573803,0.013274803214658046,-0.0669458855873099,-0.9908714812604514
57441000000,5677,633437502301507968,map,-0.0429549515247345,-0.09188104420900345,3.8805458545684814,0.11397554659695641,0.010139514959000836,-0.06696771765483867,-0.9911720725840312
57449000000,5678,633437502309507968,map,-0.044796865433454514,-0.08871790021657944,3.880338430404663,0.1115796721148622,0.006979012351221979,-0.06699679898031108,-0.9914699665093061
57457000000,5679,633437502317507968,map,-0.046673428267240524,-0.0853661373257637,3.880216360092163,0.1090608552756617,0.0038042641086464377,-0.06702541669045003,-0.991765542357913
57465000000,5680,633437502325507968,map,-0.04857223480939865,-0.08184292167425156,3.8801016807556152,0.10639977174931269,0.0005685609864120214,-0.06706178942071489,-0.9920592637451855
57474000000,5681,633437502333507968,map,-0.05050225555896759,-0.07812459766864777,3.8799917697906494,0.10359082654167531,-0.0026629274509713144,-0.06710747660450078,-0.9923499927062136
57482000000,5682,633437502341507968,map,-0.052434999495744705,-0.07426324486732483,3.8798980712890625,0.10060064461708505,-0.005880344109308068,-0.06715177294228564,-0.9926407638140903
57490000000,5683,633437502349507968,map,-0.054381873458623886,-0.07023497670888901,3.8798205852508545,0.0974164581146211,-0.009114917169166788,-0.06719539493049442,-0.9929309448660877
57498000000,5684,633437502357507968,map,-0.056341685354709625,-0.06603299826383591,3.879758834838867,0.09407362033765002,-0.012356718413545135,-0.06724618188295006,-0.9932147195971117
57506000000,5685,633437502365507968,map,-0.058257319033145905,-0.061778657138347626,3.8797311782836914,0.09053564528625153,-0.0156284518229003,-0.06728891878734011,-0.993494574671224
57513000000,5686,633437502373507968,map,-0.06018863618373871,-0.05733000859618187,3.879767656326294,0.08679938511767749,-0.01884000480093798,-0.0673303069925778,-0.993769372123515
57521000000,5687,633437502381429120,map,-0.062105242162942886,-0.05274884030222893,3.879831075668335,0.08284205682612969,-0.021969568987731804,-0.06738463428030833,-0.9940391541008332
57529000000,5688,633437502389429120,map,-0.06401409953832626,-0.0480169951915741,3.879920244216919,0.07866643683525382,-0.025147467707233535,-0.06745822267780843,-0.9942980200443872
57537000000,5689,633437502397429120,map,-0.06589745730161667,-0.04317156597971916,3.88004207611084,0.07432770854064079,-0.028323511965400786,-0.067508925336567,-0.994543019674781
57545000000,5690,633437502405429120,map,-0.06774480640888214,-0.03823601454496384,3.8801989555358887,0.06977702242777746,-0.03146936986041112,-0.06756793092448221,-0.9947740686983177
57553000000,5691,633437502413429120,map,-0.06955338269472122,-0.03321726992726326,3.8803906440734863,0.0674508456622301,-0.03299094221446126,-0.0676021541654731,-0.9948828918611727
57565000000,5692,633437502425429120,map,-0.07241703569889069,-0.02494787611067295,3.8804564476013184,0.05766183574924707,-0.03884621816852851,-0.0677606263158741,-0.9952761219577795
57578000000,5693,633437502437429120,map,-0.07518139481544495,-0.01648285612463951,3.8807311058044434,0.04984750940975942,-0.043279260902669044,-0.06789950018171742,-0.9955058644290123
57589000000,5694,633437502449429120,map,-0.07782314717769623,-0.007876253686845303,3.8810784816741943,0.04441871025410238,-0.04615760674096211,-0.06798834573837848,-0.9956274159401177
57602000000,5695,633437502461429120,map,-0.08032937347888947,0.0008214367553591728,3.8814618587493896,0.03316984570822251,-0.051635556201336315,-0.0682435449061119,-0.9957792710353024
57613000000,5696,633437502473429120,map,-0.08270088583230972,0.009616446681320667,3.88183856010437,0.027340995169627076,-0.05440932920534682,-0.06839700158154,-0.9957981106765869
57625000000,5697,633437502485350272,map,-0.08494727313518524,0.018544621765613556,3.882148027420044,0.015296848321350807,-0.059779469908362394,-0.06873084676859481,-0.9957250701881175
57633000000,5698,633437502493350272,map,-0.08624551445245743,0.024219444021582603,3.8824732303619385,0.01212525582405752,-0.06104720496472157,-0.06882095673071115,-0.9956856207379113
57641000000,5699,633437502501350272,map,-0.08746121823787689,0.029845144599676132,3.882734537124634,0.0024575537607119413,-0.0646607335104319,-0.06905010914606485,-0.99551243933738
57654000000,5700,633437502513350272,map,-0.08934091776609421,0.038784727454185486,3.8826920986175537,-0.007666514378309593,-0.06820464599911437,-0.0691894044803934,-0.995239791374363
57665000000,5701,633437502525350272,map,-0.09105105698108673,0.047683414071798325,3.8824710845947266,-0.018314949898901388,-0.07132791976876794,-0.06925460565503977,-0.9948772863303208
57677000000,5702,633437502537350272,map,-0.09258832782506943,0.05655961111187935,3.8820831775665283,-0.029470346152628436,-0.07388610703283369,-0.06920048910155174,-0.9944263150512542
57690000000,5703,633437502549350272,map,-0.09393870085477829,0.06537232547998428,3.88155198097229,-0.04098152107679315,-0.07614881722996872,-0.06905664190758398,-0.9938576276242967
57698000000,5704,633437502557350272,map,-0.09462223947048187,0.07088159769773483,3.8812670707702637,-0.048705359120344675,-0.07748203136675662,-0.06893062283053647,-0.9934147485401443
57710000000,5705,633437502569350272,map,-0.0956312045454979,0.07944191992282867,3.880526065826416,-0.06030436741826158,-0.07911866132451895,-0.06875495476594307,-0.9926613314761636
57718000000,5706,633437502577271424,map,-0.09609416872262955,0.08484136313199997,3.880120038986206,-0.06804451036528625,-0.08005193940597542,-0.06865397091691094,-0.9920928547834487
57726000000,5707,633437502585271424,map,-0.09646444767713547,0.09017600864171982,3.8796708583831787,-0.0756709477004736,-0.08091878746873364,-0.06856849710813084,-0.9914759092149461
57734000000,5708,633437502593271424,map,-0.09673787653446198,0.09541221708059311,3.8791825771331787,-0.07942635159325857,-0.08133659592810336,-0.0685564852563052,-0.9911487232299561
57742000000,5709,633437502601271424,map,-0.09691117703914642,0.10052414983510971,3.8787450790405273,-0.09031176781240663,-0.08245339044296324,-0.06858485008535303,-0.9901218995596852
57750000000,5710,633437502609271424,map,-0.09698463976383209,0.10551229864358902,3.878276824951172,-0.09723264385446383,-0.08303069163208514,-0.06866981813195105,-0.9894120623370648
57757000000,5711,633437502617271424,map,-0.09695891290903091,0.11041920632123947,3.8777706623077393,-0.10391753310626348,-0.08349687924055316,-0.0687908217340259,-0.9886846498786152
57765000000,5712,633437502625271424,map,-0.0968305841088295,0.11522499471902847,3.877227306365967,-0.11030236840680191,-0.08386472771473313,-0.06897276967904736,-0.9879488080504635
57773000000,5713,633437502633271424,map,-0.09659913182258606,0.11985132098197937,3.8766603469848633,-0.11339561781524754,-0.08399493250067344,-0.06908618684839013,-0.9875795595106596
57781000000,5714,633437502641271424,map,-0.09640409052371979,0.12439677119255066,3.876784086227417,-0.12215007801379202,-0.08411948565764624,-0.06949395760773303,-0.986495753301202
57789000000,5715,633437502649271424,map,-0.09610312432050705,0.12876854836940765,3.876868486404419,-0.12490351845611856,-0.08406002962528754,-0.06964235666134,-0.9861455551369249
57801000000,5716,633437502661271424,map,-0.09548992663621902,0.1352977752685547,3.876380443572998,-0.13498261327360095,-0.083259689948024,-0.07034368022056126,-0.9848347038545391
57814000000,5717,633437502673271424,map,-0.0946318507194519,0.1414666324853897,3.8758177757263184,-0.14168080117319476,-0.08213668716945123,-0.07093415756819887,-0.9839454053509593
57825000000,5718,633437502685192576,map,-0.09351325780153275,0.1473260372877121,3.875176191329956,-0.14771641690659507,-0.08059112272188626,-0.07157542186829208,-0.9831388411110062
57833000000,5719,633437502693192576,map,-0.09263439476490021,0.15072959661483765,3.875065803527832,-0.14955080053611502,-0.07997678498963542,-0.07180162400425005,-0.9828951901797647
57841000000,5720,633437502701192576,map,-0.09163874387741089,0.15401096642017365,3.875009298324585,-0.15421114352918058,-0.07796419131372123,-0.07250492846535128,-0.9822848616664784
57849000000,5721,633437502709192576,map,-0.09053641557693481,0.15710927546024323,3.8749279975891113,-0.15560905439552172,-0.07722271761293727,-0.07273778980337409,-0.9821057797071557
57858000000,5722,633437502717192576,map,-0.08932992815971375,0.16000911593437195,3.8748319149017334,-0.1593542338909119,-0.07488766630160032,-0.07349196551062803,-0.9816297732000736
57869000000,5723,633437502729192576,map,-0.08734657615423203,0.16418007016181946,3.874220132827759,-0.16245550173728673,-0.07237150207967799,-0.07428702366093742,-0.9812501986823845
57877000000,5724,633437502737192576,map,-0.08587565273046494,0.1665705442428589,3.8741207122802734,-0.1641834329641803,-0.0705715840355278,-0.07484943120746684,-0.9810510126763221
57885000000,5725,633437502745192576,map,-0.084302619099617,0.16875770688056946,3.8740179538726807,-0.1657140747931944,-0.0686885313326899,-0.07540568531411362,-0.980884701212098
57893000000,5726,633437502753192576,map,-0.08263745158910751,0.17072269320487976,3.873941659927368,-0.16641973420945622,-0.06772080281238732,-0.07569380117053415,-0.9808103541713249
57902000000,5727,633437502761192576,map,-0.08086322993040085,0.17249080538749695,3.873871088027954,-0.16827253074341936,-0.0647326544732377,-0.07652666504395789,-0.9806313565056992
57910000000,5728,633437502769192576,map,-0.07899744063615799,0.17403753101825714,3.8738183975219727,-0.16930642981588406,-0.06256572167225466,-0.07707242458532548,-0.980551319640377
57918000000,5729,633437502777114752,map,-0.07702433317899704,0.17537231743335724,3.8737781047821045,-0.1702749485895962,-0.060277711512211944,-0.07758965071025115,-0.9804860763188821
57926000000,5730,633437502785114752,map,-0.07499443739652634,0.17646348476409912,3.8737621307373047,-0.17119882858237925,-0.0578980372250141,-0.07807610963576395,-0.9804300210103625
57934000000,5731,633437502793114752,map,-0.07287859916687012,0.17734266817569733,3.8738276958465576,-0.17163495363405784,-0.056674967291364335,-0.07831655740651855,-0.9804060394535599
57941000000,5732,633437502801114752,map,-0.0706779733300209,0.17801232635974884,3.8738889694213867,-0.1728047288777656,-0.05280912136868748,-0.07896911706201276,-0.9803640190455944
57949000000,5733,633437502809114752,map,-0.0684063658118248,0.1784665286540985,3.873948335647583,-0.17346613937144706,-0.05009039675864374,-0.07936095631261847,-0.9803582449273485
57957000000,5734,633437502817114752,map,-0.066058449447155,0.1787095069885254,3.873992919921875,-0.17377050810632455,-0.04868635352584428,-0.07954151341163912,-0.980360436563471
57965000000,5735,633437502825114752,map,-0.06364434957504272,0.17873945832252502,3.8740224838256836,-0.17452302428141836,-0.04442907401597856,-0.08002523279199869,-0.980389644329489
57974000000,5736,633437502833114752,map,-0.061171941459178925,0.1785586029291153,3.8740336894989014,-0.1748826106562012,-0.04156796681495289,-0.08031785836120975,-0.9804270285841182
57982000000,5737,633437502841114752,map,-0.058632008731365204,0.1781667172908783,3.8740217685699463,-0.17513270478690876,-0.03864782768423166,-0.08056660906112106,-0.9804814823123944
57990000000,5738,633437502849114752,map,-0.05602925643324852,0.17756210267543793,3.8740508556365967,-0.17526278049812552,-0.03567600071216787,-0.08078809075004584,-0.9805527526332263
57998000000,5739,633437502857114752,map,-0.05339236930012703,0.17675058543682098,3.8740601539611816,-0.17524684372103233,-0.03270844637687189,-0.0809901427418071,-0.9806423568331605
58006000000,5740,633437502865114752,map,-0.05069851130247116,0.1757272332906723,3.8740434646606445,-0.1750775767090565,-0.02978392397390554,-0.08119923325726963,-0.9807484404508624
58013000000,5741,633437502873114752,map,-0.04796307161450386,0.17449425160884857,3.8740038871765137,-0.17492664357618293,-0.028320906763327196,-0.08129684535842091,-0.9808106491992644
58021000000,5742,633437502881036928,map,-0.045208606868982315,0.17305989563465118,3.8739473819732666,-0.17423180536327626,-0.0238806361739393,-0.08156266553197905,-0.9810303607205517
58029000000,5743,633437502889036928,map,-0.04242189973592758,0.17142023146152496,3.8738694190979004,-0.17355093883065098,-0.020895738410481073,-0.08172050547965237,-0.9812060709319936
58037000000,5744,633437502897036928,map,-0.039597321301698685,0.1695709079504013,3.873878240585327,-0.17268695477795798,-0.017880652966776944,-0.08188171717520654,-0.9814046247353285
58046000000,5745,633437502905036928,map,-0.03673504292964935,0.16750657558441162,3.8738596439361572,-0.17163558056842945,-0.01482603904752563,-0.08204528909427733,-0.9816261907179502
58054000000,5746,633437502913036928,map,-0.03383724018931389,0.16522295773029327,3.8738157749176025,-0.17039523569524628,-0.011705301991316803,-0.0822097460971668,-0.9818706424393134
58062000000,5747,633437502921036928,map,-0.030958421528339386,0.16276119649410248,3.873762369155884,-0.168976688678203,-0.008499560010017554,-0.0823671224295065,-0.982135577529053
58070000000,5748,633437502930036928,map,-0.028025638312101364,0.16006281971931458,3.8736841678619385,-0.16732044397227042,-0.005170570106960351,-0.082512276175778,-0.982430099706447
58078000000,5749,633437502938036928,map,-0.025120003148913383,0.15719494223594666,3.873603582382202,-0.16545016703288734,-0.0019128610614471775,-0.08265292020925885,-0.9827466646856124
58085000000,5750,633437502945036928,map,-0.0222315676510334,0.15414877235889435,3.8735201358795166,-0.16336802315439608,0.0013582664869606542,-0.08280060276644102,-0.9830834180052144
58093000000,5751,633437502953036928,map,-0.01933005452156067,0.15089377760887146,3.87347412109375,-0.16224467793267916,0.0029895655269308787,-0.0828748655135173,-0.9832596761256869
58101000000,5752,633437502962036928,map,-0.016412455588579178,0.1474209427833557,3.8734261989593506,-0.15852753662826088,0.007881286815787153,-0.08306532712193798,-0.9838228001686411
58109000000,5753,633437502970036928,map,-0.013474496081471443,0.1437167376279831,3.873379945755005,-0.15568956804706768,0.01116402055260366,-0.08318055660576679,-0.9842343219975014
58117000000,5754,633437502978036928,map,-0.010617731139063835,0.13991275429725647,3.873353958129883,-0.15417029533043944,0.012796489167620056,-0.08324099518653133,-0.9844484279879366
58126000000,5755,633437502985959104,map,-0.007764552254229784,0.135908842086792,3.873335123062134,-0.14933957106809057,0.017482038610273174,-0.08342188946034018,-0.9851055816499186
58134000000,5756,633437502992959104,map,-0.00495722983032465,0.13176245987415314,3.8733320236206055,-0.14587941490411138,0.020549048971342732,-0.08354428390841573,-0.9855543612928626
58145000000,5757,633437503004959104,map,-0.0007613400230184197,0.12516117095947266,3.873203992843628,-0.14018949025637548,0.02515233303405864,-0.08371249198082276,-0.9862588458657222
58157000000,5758,633437503016959104,map,0.003352909116074443,0.11818588525056839,3.8731296062469482,-0.13393285908356206,0.029648321757177947,-0.08387876129819816,-0.9869890400161734
58165000000,5759,633437503024959104,map,0.006045237183570862,0.113345667719841,3.873265504837036,-0.12949776728818493,0.032582374616263836,-0.08398286401402016,-0.9874794607454462
58178000000,5760,633437503036959104,map,0.009865605272352695,0.10653989017009735,3.8737025260925293,-0.12251987709680462,0.03693950001025186,-0.08413678430478189,-0.9882031221343782
58189000000,5761,633437503048959104,map,0.013569608330726624,0.0994129329919815,3.8741464614868164,-0.11501712166420602,0.041226145336817566,-0.08430296932846038,-0.9889209251113673
58201000000,5762,633437503060959104,map,0.017171114683151245,0.09194309264421463,3.8745644092559814,-0.10709795800249781,0.04529544726814665,-0.0844982778244599,-0.9896152522937357
58214000000,5763,633437503072959104,map,0.020645620301365852,0.08419924974441528,3.8749191761016846,-0.09883759452866966,0.049228246093861124,-0.08468886587342617,-0.9902704672006861
58225000000,5764,633437503084881280,map,0.02396547794342041,0.0762493684887886,3.8751537799835205,-0.09023593772940143,0.053027785804207216,-0.08487920104130131,-0.9908788991057893
58238000000,5765,633437503097881280,map,0.02716676890850067,0.06800680607557297,3.875265598297119,-0.08129079465148153,0.056551347950504004,-0.08509882826889159,-0.9914394100441357
58246000000,5766,633437503104881280,map,0.029176143929362297,0.06265461444854736,3.875486135482788,-0.07515219309374488,0.05875114739079144,-0.08527394842445435,-0.9917805887828315
58254000000,5767,633437503112881280,map,0.031110670417547226,0.057245295494794846,3.875626802444458,-0.07208158312839467,0.0598252611421806,-0.08534972845807692,-0.991937880821474
58261000000,5768,633437503120881280,map,0.032976552844047546,0.05176553502678871,3.8756802082061768,-0.062737838823702,0.06288460476924726,-0.08557824867070307,-0.9923637325788282
58269000000,5769,633437503128881280,map,0.03477100282907486,0.04622385650873184,3.875685691833496,-0.056360454995430395,0.06477058861253117,-0.08573693155534651,-0.9926115139012237
58282000000,5770,633437503140881280,map,0.03735481575131416,0.037520285695791245,3.875174045562744,-0.04665431500624289,0.06730101690849641,-0.08598821106616844,-0.9929250021604477
58290000000,5771,633437503148881280,map,0.03896389156579971,0.03183962032198906,3.874927282333374,-0.04012491667385658,0.0688521348618972,-0.08616371054336786,-0.9930887848137611
58298000000,5772,633437503156881280,map,0.04049041494727135,0.0261249803006649,3.87457537651062,-0.03356237577201703,0.0703175412719505,-0.08634995746693747,-0.9932133287511108
58305000000,5773,633437503164881280,map,0.04192836210131645,0.02041696384549141,3.87412428855896,-0.02692012991128731,0.07168176890379735,-0.08653692088693177,-0.9933018371329836
58313000000,5774,633437503172881280,map,0.0432799868285656,0.014711338095366955,3.8736000061035156,-0.023599361277867742,0.07230949089462843,-0.08662483921292552,-0.9933331100945788
58326000000,5775,633437503184803456,map,0.04517493396997452,0.005848225671797991,3.872323989868164,-0.010243140888598833,0.07451445068968043,-0.08700513022703932,-0.9933644252030223
58337000000,5776,633437503196803456,map,0.04686792194843292,-0.003024548990651965,3.8708646297454834,-8.172537344057647e-05,0.07591843597056322,-0.08721780322462525,-0.9932922697983717
58349000000,5777,633437503208803456,map,0.04835137724876404,-0.011879359371960163,3.8692398071289062,0.010417865917456954,0.0770423396380229,-0.0873232124927511,-0.9931417634023392
58357000000,5778,633437503216803456,map,0.049205996096134186,-0.017584288492798805,3.8682544231414795,0.0139959226217893,0.07735159740732764,-0.08733796388972986,-0.9930724739833874
58369000000,5779,633437503228803456,map,0.050320275127887726,-0.026326552033424377,3.866386890411377,0.028546550453542544,0.07815599371876035,-0.08723314467748328,-0.9927069343662525
58377000000,5780,633437503236803456,map,0.05093054100871086,-0.03196072205901146,3.865349054336548,0.0322409192888748,0.07824374609153806,-0.08715740679070916,-0.9925936857843036
58385000000,5781,633437503244803456,map,0.05144135281443596,-0.037544067949056625,3.8642516136169434,0.0434473606445046,0.07822301511042676,-0.08689887802194335,-0.9921905090314485
58393000000,5782,633437503253803456,map,0.051853977143764496,-0.043106809258461,3.863090753555298,0.04722687006509591,0.07811925878901606,-0.08677618854592817,-0.9920367151812322
58401000000,5783,633437503261803456,map,0.05215804651379585,-0.048554278910160065,3.8618967533111572,0.058625658442072806,0.07766610180072749,-0.08637516128234701,-0.9914991321284756
58409000000,5784,633437503269803456,map,0.05235499516129494,-0.053907979279756546,3.8606648445129395,0.066104828103118,0.07722247395146944,-0.08607848961567882,-0.991088916851919
58417000000,5785,633437503277803456,map,0.052447520196437836,-0.05917193740606308,3.8594982624053955,0.07351098312356577,0.07662330892004637,-0.08577924699125145,-0.990639631446793
58426000000,5786,633437503285725632,map,0.052434470504522324,-0.06435200572013855,3.858290195465088,0.08084980476688645,0.07590824384184927,-0.0854817745344616,-0.9901485363679441
58434000000,5787,633437503293725632,map,0.05231573432683945,-0.06944406032562256,3.8570427894592285,0.08810425286466378,0.07511217861235095,-0.08518885393731085,-0.9896153787342813
58442000000,5788,633437503301725632,map,0.05209118127822876,-0.07440506666898727,3.8557629585266113,0.09519251709121553,0.0742540826061038,-0.08492577330890588,-0.9890461433982931
58450000000,5789,633437503309725632,map,0.05176415294408798,-0.07922707498073578,3.8544538021087646,0.1020001570636696,0.07328177917710428,-0.08469649445300664,-0.9884596278544155
58458000000,5790,633437503317725632,map,0.05133672058582306,-0.08389420062303543,3.853219985961914,0.1084527908383939,0.07213686662275093,-0.08448689817536192,-0.9878746717439328
58465000000,5791,633437503324725632,map,0.05080805718898773,-0.08841804414987564,3.8519537448883057,0.11466400614775876,0.07085295507909765,-0.08429711091651743,-0.9872822134944151
58478000000,5792,633437503337725632,map,0.04981587454676628,-0.0951150506734848,3.849714756011963,0.12343305969260013,0.06876206968080743,-0.08405244846091159,-0.9863930414313808
58489000000,5793,633437503349725632,map,0.04858309030532837,-0.10144335776567459,3.8474738597869873,0.13155915120960668,0.0663267931637116,-0.0838676345301913,-0.9855247742052079
58497000000,5794,633437503357725632,map,0.04762428253889084,-0.10535423457622528,3.8461649417877197,0.13414268716887368,0.06542110217023903,-0.08380635301245659,-0.9852423060264879
58505000000,5795,633437503365725632,map,0.04656870663166046,-0.10903996229171753,3.8448867797851562,0.14156173896032964,0.06250217476141248,-0.083603289496331,-0.9844105801179739
58513000000,5796,633437503373725632,map,0.045414190739393234,-0.11251428723335266,3.843642473220825,0.14390603623655868,0.06150048641792226,-0.08354183939120213,-0.9841390701198668
58521000000,5797,633437503381647808,map,0.0441618338227272,-0.11576027423143387,3.842529535293579,0.1505848313174814,0.05836630451703846,-0.08332785984131236,-0.983348437388651
58534000000,5798,633437503393647808,map,0.042064446955919266,-0.12039711326360703,3.8406782150268555,0.15485473380847617,0.05616636019695926,-0.08318203174546468,-0.9828256478797217
58541000000,5799,633437503401647808,map,0.04055069014430046,-0.12310528010129929,3.8396897315979004,0.1610952174699538,0.05272786224475861,-0.08291241835554047,-0.982035436616991
58549000000,5800,633437503409647808,map,0.038961052894592285,-0.125548854470253,3.8387608528137207,0.16501971600068965,0.050435542569455656,-0.08271605618832817,-0.9815206128624304
58562000000,5801,633437503421647808,map,0.03638646379113197,-0.12890878319740295,3.8371963500976562,0.1704088649323836,0.04684492610426706,-0.0823407385023387,-0.980809047619021
58574000000,5802,633437503433647808,map,0.033616721630096436,-0.1317272037267685,3.835721254348755,0.1753456622757223,0.043072667258708626,-0.08187392000823207,-0.9801506295515838
58585000000,5803,633437503445647808,map,0.03122645430266857,-0.1349952071905136,3.834963083267212,0.17979742841804153,0.03915608179878071,-0.08133625266177857,-0.979553029386548
58593000000,5804,633437503453647808,map,0.029718559235334396,-0.1371018886566162,3.83482027053833,0.18111107192914122,0.03783343993552398,-0.08114604393444891,-0.9793787521679553
58601000000,5805,633437503461647808,map,0.02815929986536503,-0.13892219960689545,3.834684371948242,0.18471128733907816,0.0335883988167946,-0.08050064924320155,-0.9789143360442139
58613000000,5806,633437503473647808,map,0.025401130318641663,-0.14079853892326355,3.8339710235595703,0.18677644603761953,0.03070746679190062,-0.08003020612012296,-0.9786556386880539
58626000000,5807,633437503485569984,map,0.022500641644001007,-0.14208316802978516,3.833258867263794,0.1901080227035041,0.024757011400094623,-0.07901969328022573,-0.9782647688149639
58637000000,5808,633437503497569984,map,0.019481614232063293,-0.14278031885623932,3.8326563835144043,0.19132968598608482,0.02169955783692489,-0.07847296436134243,-0.9781432173038584
58650000000,5809,633437503509569984,map,0.016344547271728516,-0.1428791731595993,3.832034111022949,0.19292007624121915,0.015454048163762326,-0.07731835144638655,-0.9780413483710078
58657000000,5810,633437503517569984,map,0.014365759678184986,-0.14283376932144165,3.8319272994995117,0.19326179235223334,0.012364989732565506,-0.07671944472904668,-0.9780650348998707
58665000000,5811,633437503525569984,map,0.012351867742836475,-0.14252562820911407,3.8318064212799072,0.19330725826506448,0.009257808156508984,-0.07611788276025072,-0.978137401038764
58678000000,5812,633437503537569984,map,0.00903171394020319,-0.1412488967180252,3.8311469554901123,0.19281658465470064,0.004521745715915575,-0.07518319210082458,-0.9783398323521617
58689000000,5813,633437503549569984,map,0.0056510926224291325,-0.13938598334789276,3.830580949783325,0.19159721310700772,-0.00024695945884954207,-0.07420163414585446,-0.9786647424073323
58698000000,5814,633437503557569984,map,0.0035056560300290585,-0.1380106508731842,3.830504894256592,0.1903674734345811,-0.0034387613700037995,-0.0735259358705278,-0.9789496551032659
58706000000,5815,633437503565569984,map,0.0013631132896989584,-0.1363885998725891,3.8304154872894287,0.18886267289206027,-0.0066561148080677935,-0.07282225208778992,-0.9792771361161956
58714000000,5816,633437503573569984,map,-0.0007999641820788383,-0.1345064640045166,3.8303115367889404,0.18707065211364982,-0.009894847235038926,-0.07209231081842965,-0.9796476490614549
58725000000,5817,633437503585492160,map,-0.0042636520229279995,-0.13090965151786804,3.8297102451324463,0.18376891014815488,-0.01477393500605407,-0.0709506369859666,-0.980294181717612
58733000000,5818,633437503593492160,map,-0.006438793148845434,-0.12838312983512878,3.8296456336975098,0.18251277601184834,-0.016393564637342827,-0.07055740688935991,-0.9805314684747283
58741000000,5819,633437503601492160,map,-0.008598240092396736,-0.1256270706653595,3.829580307006836,0.17832100324128067,-0.021191430162921406,-0.06933881505836448,-0.9812974874464138
58750000000,5820,633437503609492160,map,-0.010776950977742672,-0.1225869357585907,3.829495906829834,0.17518696885436663,-0.024375261051351054,-0.06850173650008962,-0.9818467030293592
58758000000,5821,633437503617492160,map,-0.012915586121380329,-0.11934234201908112,3.8294200897216797,0.17186288905916094,-0.027547064282886887,-0.06762967605755071,-0.9824105857155865
58766000000,5822,633437503625492160,map,-0.015037458389997482,-0.11586600542068481,3.829346179962158,0.16831332889277803,-0.03066160575236462,-0.06673755371512063,-0.9829936873647347
58774000000,5823,633437503633492160,map,-0.017147328704595566,-0.11214989423751831,3.8293187618255615,0.16456665845262178,-0.03368200169898113,-0.06581125027854817,-0.9835915825577102
58782000000,5824,633437503641492160,map,-0.019073404371738434,-0.10958399623632431,3.8296778202056885,0.16059910691613208,-0.03662662814868719,-0.06488688559700728,-0.9842033019169973
58790000000,5825,633437503649492160,map,-0.020980097353458405,-0.10675711929798126,3.830008029937744,0.15640208686292478,-0.039515957933146946,-0.06393896082714873,-0.9848293090579296
58797000000,5826,633437503657492160,map,-0.022839060053229332,-0.10371880978345871,3.8303284645080566,0.15424916788907161,-0.04092458463572199,-0.06348255260462432,-0.9851408164152737
58805000000,5827,633437503665492160,map,-0.024647239595651627,-0.10048277676105499,3.830648899078369,0.1476865874745616,-0.04501636927655363,-0.06203531412045721,-0.9860597863002053
58813000000,5828,633437503673492160,map,-0.02643117494881153,-0.09698592126369476,3.830951452255249,0.14543394378877558,-0.046340138568008046,-0.06155416569785682,-0.9863634121968777
58821000000,5829,633437503681415360,map,-0.028186405077576637,-0.09323052316904068,3.831237316131592,0.13852112042896197,-0.050206672011151234,-0.06003936581552671,-0.9872621094476755
58829000000,5830,633437503689415360,map,-0.029910925775766373,-0.08921240270137787,3.831604480743408,0.1337158212529773,-0.05275589253319627,-0.059032435457752996,-0.9878522917673735
58838000000,5831,633437503697415360,map,-0.03154734894633293,-0.08507642149925232,3.831968307495117,0.1288245530427425,-0.05523058689036193,-0.058049107335145345,-0.9884251095854851
58846000000,5832,633437503705415360,map,-0.03313521295785904,-0.08071720600128174,3.8323099613189697,0.12370640571279556,-0.05763321277075199,-0.0570653998909011,-0.9889988967811125
58854000000,5833,633437503713415360,map,-0.03464669734239578,-0.07622753083705902,3.8326332569122314,0.11851325543174543,-0.05991302536875934,-0.05611865523280086,-0.9895533385732733
58862000000,5834,633437503721415360,map,-0.03610524907708168,-0.07154212892055511,3.832923173904419,0.11320355067531646,-0.06209997528860702,-0.05519513348823008,-0.9900919752972424
58870000000,5835,633437503729415360,map,-0.037497323006391525,-0.066708505153656,3.833176612854004,0.10777105370992902,-0.06421794925668858,-0.05428164269360498,-0.9906135004007162
58877000000,5836,633437503737415360,map,-0.038830481469631195,-0.06169899180531502,3.833479404449463,0.10219652845050496,-0.06621960187414715,-0.05340793852397414,-0.9911198526387262
58885000000,5837,633437503745415360,map,-0.040092598646879196,-0.05655839666724205,3.8337318897247314,0.0965260111094193,-0.06809260387070423,-0.052529851082098185,-0.9916081660255733
58893000000,5838,633437503753415360,map,-0.041282135993242264,-0.05129789933562279,3.833927631378174,0.09074149444564578,-0.06982719825092958,-0.05168274157387782,-0.9920781455333183
58901000000,5839,633437503761415360,map,-0.042401667684316635,-0.045910272747278214,3.834062099456787,0.08493051417081895,-0.07138629908085613,-0.05085839136385318,-0.9925241856311091
58914000000,5840,633437503773415360,map,-0.044102780520915985,-0.03702506795525551,3.8337435722351074,0.0760900612304221,-0.07350032573315685,-0.04965033624498539,-0.9931480011359188
58926000000,5841,633437503785338560,map,-0.04562162235379219,-0.027949310839176178,3.8333210945129395,0.06712863761517586,-0.07528105379034442,-0.04848312142232481,-0.9937182479962712
58937000000,5842,633437503797338560,map,-0.046967923641204834,-0.01862828992307186,3.832789897918701,0.06108560535352667,-0.07631347904020021,-0.04771183409457536,-0.9940666338460623
58945000000,5843,633437503805338560,map,-0.047660812735557556,-0.012723824940621853,3.832690477371216,0.05198645834969249,-0.07761452130213964,-0.04658436375006048,-0.9945366976475043
58958000000,5844,633437503817338560,map,-0.04868897423148155,-0.0032179229892790318,3.83205509185791,0.042860166799783765,-0.07860290968074664,-0.04546633429961195,-0.9949459856933935
58970000000,5845,633437503829338560,map,-0.04952797666192055,0.00644276849925518,3.8313140869140625,0.033726785359702104,-0.07934794083896272,-0.04437629035657476,-0.9952875016068774
58978000000,5846,633437503837338560,map,-0.049897123128175735,0.012654507532715797,3.8309903144836426,0.03067758731048445,-0.07952316636164677,-0.04400476588695119,-0.9953886961901521
58986000000,5847,633437503845338560,map,-0.05017848312854767,0.018840258941054344,3.830612897872925,0.021496507491689593,-0.07981401122650832,-0.0429117295176697,-0.9956537155735885
58994000000,5848,633437503853338560,map,-0.050372906029224396,0.024996958673000336,3.8301823139190674,0.015481554250771764,-0.0797999526183519,-0.042164592334117075,-0.9957984057045264
59002000000,5849,633437503861338560,map,-0.050488073378801346,0.03120805136859417,3.829730272293091,0.009484613519236287,-0.0796576464185329,-0.04141893029026234,-0.9959162482929629
59013000000,5850,633437503873338560,map,-0.050623439252376556,0.041016168892383575,3.828604221343994,0.0034108522537555975,-0.07937957204877015,-0.04064389189299545,-0.9960096878561115
59025000000,5851,633437503885258688,map,-0.05056682601571083,0.05084254592657089,3.827335834503174,-0.009442632623941282,-0.07819410500652621,-0.03900075485694977,-0.9961303121365497
59033000000,5852,633437503893258688,map,-0.05035220831632614,0.05707300454378128,3.8266189098358154,-0.016274378618110073,-0.07729491253025841,-0.03811234143718862,-0.9961466229669235
59041000000,5853,633437503901258688,map,-0.05005982890725136,0.06327734142541885,3.8258280754089355,-0.023251760413130224,-0.07625069011408658,-0.037191769972013684,-0.9961235264939394
59049000000,5854,633437503909258688,map,-0.04968956857919693,0.0694509968161583,3.8251349925994873,-0.03039069371267067,-0.07504969986070048,-0.03624156927233552,-0.996057482382323
59062000000,5855,633437503921258688,map,-0.04908328875899315,0.0790594294667244,3.8236401081085205,-0.04152781403921218,-0.0728678154652082,-0.03474303807353075,-0.9958708139902681
59069000000,5856,633437503929258688,map,-0.04851004108786583,0.08516757935285568,3.8228368759155273,-0.049229003420045166,-0.0711984301621633,-0.033718195305139816,-0.9956758426690568
59077000000,5857,633437503937258688,map,-0.04785965755581856,0.09117774665355682,3.8220221996307373,-0.05311081641286257,-0.07031578690938112,-0.033181876657838734,-0.9955571149968014
59085000000,5858,633437503945258688,map,-0.04713008552789688,0.09709879010915756,3.821213722229004,-0.0646569290988093,-0.06763830891750586,-0.03158231946315327,-0.9951116228080414
59093000000,5859,633437503953258688,map,-0.04631749540567398,0.10295948386192322,3.8204219341278076,-0.06849324333388823,-0.066733423900193,-0.03105535741622151,-0.9949326251424156
59102000000,5860,633437503961258688,map,-0.045419927686452866,0.1087302416563034,3.819758176803589,-0.08025876782105307,-0.06393436747920557,-0.029409522981871165,-0.9942866825421377
59110000000,5861,633437503969258688,map,-0.044439781457185745,0.11437946557998657,3.8191449642181396,-0.08815944021152163,-0.06203458445314235,-0.02827986100123359,-0.9937705943821218
59118000000,5862,633437503977178816,map,-0.04338027164340019,0.11990111321210861,3.818584442138672,-0.09206871055905486,-0.06108025072813214,-0.0277002153936633,-0.9934915400981312
59126000000,5863,633437503985178816,map,-0.04224446415901184,0.12527544796466827,3.818087339401245,-0.1035454870693896,-0.0582244329565946,-0.02594471485948763,-0.9925800723522346
59134000000,5864,633437503993178816,map,-0.041043929755687714,0.13045501708984375,3.8176636695861816,-0.11106000937525685,-0.05622880865556212,-0.024762580052454023,-0.991912719152913
59141000000,5865,633437504001178816,map,-0.03976929187774658,0.13549566268920898,3.8173184394836426,-0.1185100364661903,-0.05409248763748816,-0.02353062767048059,-0.9911991730076237
59154000000,5866,633437504013178816,map,-0.037794943898916245,0.14301082491874695,3.816638469696045,-0.12914775088219216,-0.05061089716686314,-0.02161872018148087,-0.9900969907722152
59165000000,5867,633437504025178816,map,-0.035662390291690826,0.15011072158813477,3.8161165714263916,-0.1392268615047427,-0.04669300252045336,-0.019600391899991246,-0.9889648421275156
59173000000,5868,633437504033178816,map,-0.03412759304046631,0.1543959081172943,3.816025972366333,-0.14249010759247902,-0.04530413215311781,-0.018902777263438923,-0.9885781869392767
59181000000,5869,633437504041178816,map,-0.03271034359931946,0.1593334674835205,3.8164193630218506,-0.15191309978501427,-0.04098617698646458,-0.016768545148544204,-0.9874013626351554
59189000000,5870,633437504049178816,map,-0.031253352761268616,0.1640104204416275,3.816842555999756,-0.1577437316865038,-0.037976707610324505,-0.0153006125617583,-0.9866309603912249
59201000000,5871,633437504061178816,map,-0.028947539627552032,0.17043882608413696,3.817152738571167,-0.16326792438918275,-0.03489111048906164,-0.01380010046107344,-0.9858681024331777
59214000000,5872,633437504073178816,map,-0.026535863056778908,0.17636176943778992,3.817523956298828,-0.1737351785105603,-0.028759249792908698,-0.010686417733634103,-0.9843143588628236
59222000000,5873,633437504081099968,map,-0.02492619678378105,0.18006832897663116,3.8180909156799316,-0.17854412865729724,-0.025785204842942014,-0.009107976110052598,-0.9835518802264129
59229000000,5874,633437504089099968,map,-0.023284388706088066,0.18352840840816498,3.818657159805298,-0.18295490698943961,-0.02282864029839525,-0.007515035970583396,-0.9828275023410562
59237000000,5875,633437504097099968,map,-0.021610375493764877,0.18674330413341522,3.819218635559082,-0.1870816735145353,-0.019857540359468295,-0.005909493923409393,-0.9821259259007439
59245000000,5876,633437504105099968,map,-0.019937992095947266,0.18966563045978546,3.8197808265686035,-0.19092883257825366,-0.016957273467819944,-0.00430496340059966,-0.9814479516955976
59253000000,5877,633437504113099968,map,-0.018237898126244545,0.19234256446361542,3.820439577102661,-0.1944533153697726,-0.014068428372118053,-0.0026915820396026255,-0.980807235304535
59261000000,5878,633437504121099968,map,-0.016533732414245605,0.19474248588085175,3.8210794925689697,-0.19760475113676554,-0.011100731791208351,-0.001046759129616493,-0.9802184438308379
59269000000,5879,633437504129099968,map,-0.014827756211161613,0.19686593115329742,3.8216981887817383,-0.20036892058621614,-0.008057086589282003,0.0006127730305000018,-0.9796872670990551
59278000000,5880,633437504137099968,map,-0.013117599301040173,0.19871850311756134,3.822291374206543,-0.20281508152693992,-0.004953814133424883,0.0022926199715986857,-0.9792018618447551
59286000000,5881,633437504145099968,map,-0.011418342590332031,0.20029783248901367,3.8228635787963867,-0.20489134065170783,-0.0017979424106261551,0.003976723744396948,-0.9787749985630367
59294000000,5882,633437504153099968,map,-0.009722542949020863,0.20160754024982452,3.8234140872955322,-0.20660714939129848,0.0014300741801110818,0.005681690207208212,-0.978406508666506
59302000000,5883,633437504161099968,map,-0.00803822185844183,0.2026408463716507,3.8239998817443848,-0.20795340402643342,0.004717486217112306,0.007421764994828939,-0.9780992581408616
59310000000,5884,633437504169099968,map,-0.006388444919139147,0.20339250564575195,3.824547529220581,-0.20884366137081695,0.00801784787331851,0.00917958360567278,-0.9778731402986007
59317000000,5885,633437504177021120,map,-0.0047658695839345455,0.2038692682981491,3.825058937072754,-0.20928668796893918,0.011258708716139446,0.010916708113897833,-0.9777285766082082
59325000000,5886,633437504185021120,map,-0.00316590815782547,0.204072505235672,3.8255293369293213,-0.20932044759459642,0.014446633117230712,0.01267600186443957,-0.977658191371195
59333000000,5887,633437504193021120,map,-0.0015939257573336363,0.20400501787662506,3.8259568214416504,-0.20897954281041603,0.017526029383406416,0.014419785574729284,-0.9776566740846487
59341000000,5888,633437504201021120,map,-6.408017361536622e-05,0.2036711722612381,3.826340436935425,-0.20867177598587738,0.019044506578269033,0.015293489744360069,-0.9776806977882999
59349000000,5889,633437504209021120,map,0.0014271509135141969,0.20306703448295593,3.8267693519592285,-0.20724571629308702,0.023393218407623068,0.017929943706110563,-0.9778448176164014
59357000000,5890,633437504217021120,map,0.002872233046218753,0.2022038698196411,3.8271493911743164,-0.20660428340559972,0.02477314837471825,0.018810812839988256,-0.9779300385440903
59365000000,5891,633437504225021120,map,0.004260971210896969,0.2010892629623413,3.827488660812378,-0.20426110302085626,0.02880871438799243,0.021462903282536253,-0.9782570559416863
59377000000,5892,633437504237021120,map,0.006263486109673977,0.19877980649471283,3.8276116847991943,-0.20232894923950312,0.03143515320486548,0.02322396720071546,-0.9785374167779808
59390000000,5893,633437504249021120,map,0.008143088780343533,0.19588571786880493,3.8276870250701904,-0.1976686246856838,0.03664658994981329,0.02681555304341982,-0.9792165710948854
59398000000,5894,633437504258021120,map,0.009357808157801628,0.1936364769935608,3.8278911113739014,-0.19490265872681542,0.03935298133831151,0.028712919869683166,-0.9796121614150086
59405000000,5895,633437504266021120,map,0.01047257985919714,0.19119952619075775,3.8280649185180664,-0.1919170339302204,0.042030765553382976,0.030605186927276876,-0.9800329976973899
59413000000,5896,633437504274021120,map,0.01149311475455761,0.18860174715518951,3.828277587890625,-0.18863445824408578,0.044618634735512516,0.03242976614616194,-0.9804970766463433
59421000000,5897,633437504281942272,map,0.012447196058928967,0.1857859045267105,3.828425168991089,-0.18684536140329078,0.04588241325646773,0.03332433300580573,-0.9807513485834096
59429000000,5898,633437504289942272,map,0.013334622606635094,0.18275398015975952,3.8284943103790283,-0.18100439298720394,0.0495187643206467,0.036006136976553915,-0.9815747294159185
59437000000,5899,633437504297942272,map,0.014149829745292664,0.17951926589012146,3.8284804821014404,-0.1789297459793916,0.05067420963586074,0.036895561920679276,-0.9818630560065814
59446000000,5900,633437504305942272,map,0.014889942482113838,0.17609398066997528,3.8283779621124268,-0.17241148824444683,0.053891715856250584,0.03952147917030202,-0.9827553890832541
59454000000,5901,633437504313942272,map,0.015553361736238003,0.1724843680858612,3.8281829357147217,-0.16780938956184527,0.055806615771494546,0.041227330716931965,-0.9833747791689702
59462000000,5902,633437504321942272,map,0.016133833676576614,0.16872645914554596,3.827956199645996,-0.16305159515248846,0.05749496057092426,0.04291763007646127,-0.9840054224632387
59470000000,5903,633437504329942272,map,0.016637003049254417,0.16477899253368378,3.8276376724243164,-0.15819499799350992,0.05897730211154485,0.04458154550882288,-0.9846362343449013
59477000000,5904,633437504337942272,map,0.017059804871678352,0.16063398122787476,3.827223777770996,-0.1532526688763042,0.06030301015803076,0.04624116196263645,-0.9852608927866813
59485000000,5905,633437504345942272,map,0.017396043986082077,0.15635353326797485,3.826730728149414,-0.15072828865310028,0.06092079339514738,0.04706728234029845,-0.9855731587872985
59493000000,5906,633437504353942272,map,0.017643684521317482,0.15192455053329468,3.8261606693267822,-0.14310515655279848,0.06260895380211486,0.04952149332908779,-0.9864830249529516
59501000000,5907,633437504361942272,map,0.017803866416215897,0.1473788470029831,3.8255233764648438,-0.14052506083004118,0.06312147265089749,0.05033109214213361,-0.986780202381802
59509000000,5908,633437504369942272,map,0.017878293991088867,0.1426868587732315,3.8248798847198486,-0.1327050766054132,0.06451107005136986,0.05272317867621785,-0.9876476688178533
59517000000,5909,633437504377860352,map,0.017866654321551323,0.1378295123577118,3.824153184890747,-0.13005001481004516,0.06493656356051158,0.053518194679678895,-0.9879301791434216
59526000000,5910,633437504385860352,map,0.017767714336514473,0.13285551965236664,3.8233559131622314,-0.1218930112138339,0.0661479561829458,0.05590661443794271,-0.988757311045448
59534000000,5911,633437504393860352,map,0.017581714317202568,0.1277790665626526,3.8224925994873047,-0.11640140592758799,0.06687698866088496,0.057469208846484106,-0.9892803112886197
59542000000,5912,633437504401860352,map,0.017304647713899612,0.12255598604679108,3.821552038192749,-0.11359723911890054,0.06719891682652329,0.058247071082601194,-0.9895389243510825
59550000000,5913,633437504409860352,map,0.01694224774837494,0.11727548390626907,3.8205583095550537,-0.10519630405148742,0.06792382549875345,0.06053838450189592,-0.9902804138569347
59558000000,5914,633437504417860352,map,0.016489434987306595,0.1118861585855484,3.819596529006958,-0.09971078503358426,0.06821147905692931,0.0620148728989296,-0.9907366956389136
59569000000,5915,633437504429860352,map,0.015639016404747963,0.10350081324577332,3.817793369293213,-0.09146085290476255,0.06835022911640522,0.06417291798323282,-0.9913853777843449
59578000000,5916,633437504437860352,map,0.015191554091870785,0.09915807843208313,3.8171849250793457,-0.08587585612911705,0.06820759561996576,0.06557501719264475,-0.9918029266125422
59586000000,5917,633437504445860352,map,0.014652052894234657,0.09473510831594467,3.816511631011963,-0.08039316885259824,0.06784986765778446,0.06693408446972704,-0.9921961567091488
59594000000,5918,633437504453860352,map,0.014018647372722626,0.09021110087633133,3.815765857696533,-0.07495408512504197,0.06728363660184174,0.06823216525701414,-0.9925719801573205
59602000000,5919,633437504461860352,map,0.013299437239766121,0.0856286957859993,3.814958333969116,-0.06962950022618286,0.06657052740083336,0.06950162833416224,-0.9929196916575354
59614000000,5920,633437504473860352,map,0.01193197537213564,0.0778350681066513,3.813174247741699,-0.061671120239024275,0.06529790462713593,0.07137332772968247,-0.9933975947728004
59622000000,5921,633437504481779456,map,0.010990374721586704,0.07304104417562485,3.812258243560791,-0.05902002617431685,0.0647824743530835,0.07198559499800022,-0.9935481854625298
59630000000,5922,633437504489779456,map,0.009961484931409359,0.0681692436337471,3.8112733364105225,-0.05128366557767378,0.06303504592821434,0.07381615906937394,-0.9939556190470846
59638000000,5923,633437504497779456,map,0.008854793384671211,0.06324794888496399,3.810227155685425,-0.04626496110261025,0.06175117389723154,0.07503593101212763,-0.994191177783412
59646000000,5924,633437504505779456,map,0.007686253637075424,0.05833490192890167,3.809138774871826,-0.041378107116212474,0.06042866966977696,0.07626489096785688,-0.9943942834463859
59658000000,5925,633437504517779456,map,0.005672244355082512,0.05019095167517662,3.806995153427124,-0.03416843691689157,0.058295964061051815,0.0781018613602042,-0.9946528543620003
59666000000,5926,633437504525779456,map,0.004298035055398941,0.045105814933776855,3.805755138397217,-0.029427607931149374,0.05670671572209432,0.0793442661606083,-0.9947979238145749
59674000000,5927,633437504533779456,map,0.002858127234503627,0.04001505300402641,3.804586887359619,-0.02478017372752929,0.055010680439900386,0.08061558369909094,-0.9949176208643458
59682000000,5928,633437504541779456,map,0.001358900568448007,0.03493277728557587,3.8033792972564697,-0.02025802234819685,0.05324862080242512,0.08187855616156842,-0.9950126198608893
59689000000,5929,633437504549779456,map,-0.00021069016656838357,0.02982180379331112,3.802128553390503,-0.01587081990944023,0.051403047184625524,0.0831739816973992,-0.9950819092798413
59697000000,5930,633437504557779456,map,-0.001851870445534587,0.024678414687514305,3.8008453845977783,-0.011550534812317765,0.049446207203846175,0.08445600453540358,-0.9951325697917512
59705000000,5931,633437504565779456,map,-0.0035532088950276375,0.019537823274731636,3.7995450496673584,-0.00940745054214681,0.04841304701831945,0.08510253719156075,-0.995150861524005
59713000000,5932,633437504573779456,map,-0.005316085182130337,0.01439186092466116,3.798233985900879,-0.003105591849614187,0.04514496853098358,0.08702219970068636,-0.9951781305349916
59721000000,5933,633437504581698560,map,-0.007133977487683296,0.009252156130969524,3.7969961166381836,-0.0010870278091906335,0.044027617381378316,0.08765743700144257,-0.9951766975421421
59729000000,5934,633437504589698560,map,-0.008997484110295773,0.004145128186792135,3.795771360397339,0.004744852692686029,0.0406004569314271,0.08956394969383286,-0.9951419263921206
59738000000,5935,633437504597698560,map,-0.010919369757175446,-0.0009655715548433363,3.794560670852661,0.008501749011962228,0.038202712182930205,0.0908213587723069,-0.9950978407885783
59746000000,5936,633437504605698560,map,-0.012892035767436028,-0.006064394023269415,3.7933712005615234,0.012210092161753878,0.035685823562049086,0.09210312872922022,-0.9950349576906001
59754000000,5937,633437504613698560,map,-0.014904736541211605,-0.011124664917588234,3.7922229766845703,0.015765393519157393,0.03313263728497697,0.09336989440806365,-0.9949552158532176
59762000000,5938,633437504621698560,map,-0.01696396991610527,-0.01617114432156086,3.7911181449890137,0.017471253626865923,0.03184845112826387,0.09401141158924803,-0.9949081378234308
59770000000,5939,633437504629698560,map,-0.01904820092022419,-0.021155420690774918,3.7903029918670654,0.02244490707213836,0.027918211406507444,0.0959284188469175,-0.9947435122331473
59777000000,5940,633437504637698560,map,-0.021158583462238312,-0.02607944793999195,3.7895405292510986,0.02568473939191493,0.02527683272544919,0.09717756714308334,-0.9946144585830069
59790000000,5941,633437504649698560,map,-0.02444332465529442,-0.033767763525247574,3.7881059646606445,0.030665221820258055,0.021172851963806805,0.09908066594074427,-0.9943813865107416
59801000000,5942,633437504661698560,map,-0.027785371989011765,-0.041347846388816833,3.7867841720581055,0.03418893411470265,0.018405317351920414,0.10035838980020056,-0.9941934958600801
59814000000,5943,633437504673698560,map,-0.031156213954091072,-0.0487702377140522,3.785550117492676,0.04252481617998372,0.012647199761838385,0.1029824104416403,-0.9936932549151043
59826000000,5944,633437504685617664,map,-0.034540463238954544,-0.05602113530039787,3.784390926361084,0.050022918337088926,0.008085263074600679,0.10495736961601232,-0.9931850060689115
59837000000,5945,633437504697617664,map,-0.037923235446214676,-0.06308364868164062,3.7833030223846436,0.055595728746614205,0.004916698564955097,0.10629211816150375,-0.992767372947017
59850000000,5946,633437504709617664,map,-0.04128171503543854,-0.06991858035326004,3.782395601272583,0.06795563978393408,-0.0017207609942906028,0.1090078924921517,-0.9917138703216386
59862000000,5947,633437504721617664,map,-0.04461192339658737,-0.07653502374887466,3.781541347503662,0.07816756039449854,-0.006998144386267786,0.1111010314297482,-0.9907055912647126
59873000000,5948,633437504733617664,map,-0.04786878824234009,-0.0828564316034317,3.7807536125183105,0.08860376282523569,-0.01229223110114544,0.1132080788273534,-0.9895363112464748
59886000000,5949,633437504745617664,map,-0.05104675143957138,-0.08888515830039978,3.7800281047821045,0.09914301956893806,-0.017554776168268754,0.11533265931393899,-0.9882110035950498
59898000000,5950,633437504757617664,map,-0.05412745848298073,-0.09458992630243301,3.7793655395507812,0.10960094343172651,-0.0228423775368318,0.1174869954755734,-0.9867434924767489
59906000000,5951,633437504765617664,map,-0.05611663684248924,-0.09806445986032486,3.7791669368743896,0.1163319874339126,-0.02631982707959061,0.11895138772708436,-0.9857103467792014
59914000000,5952,633437504773617664,map,-0.05799645185470581,-0.1012786477804184,3.7791213989257812,0.1227046330756083,-0.02969536817682812,0.12042045827878017,-0.9846627447126146
59922000000,5953,633437504781536768,map,-0.05981355160474777,-0.1043248325586319,3.779103994369507,0.1287132405816472,-0.03300924316633812,0.12188202669144094,-0.9836097478494185
59929000000,5954,633437504789536768,map,-0.06155720725655556,-0.10718506574630737,3.7791290283203125,0.1344735399296842,-0.036287978220902156,0.12339374985382967,-0.9825345817439055
59942000000,5955,633437504801536768,map,-0.0640871673822403,-0.11141316592693329,3.778911828994751,0.13991660521733573,-0.03952240113261307,0.12491752701489256,-0.9814565496526939
59950000000,5956,633437504809536768,map,-0.06564528495073318,-0.11381654441356659,3.779170036315918,0.14725725860220537,-0.04428469998640452,0.12727850917477584,-0.979874694134383
59958000000,5957,633437504817536768,map,-0.0670933797955513,-0.11598198860883713,3.7794668674468994,0.15166652491615742,-0.047387751171306954,0.1288880551725583,-0.9788461002964746
59966000000,5958,633437504825536768,map,-0.06844381988048553,-0.11793511360883713,3.779794931411743,0.15561599018627992,-0.050397868555242885,0.1305174523359895,-0.9778594425728346
59978000000,5959,633437504837536768,map,-0.07076358050107956,-0.12088964879512787,3.780298948287964,0.16063606970227612,-0.05479276279385274,0.13298177856842147,-0.9764782060534356
59986000000,5960,633437504845536768,map,-0.0722874253988266,-0.12247675657272339,3.7810685634613037,0.16334080682697028,-0.057647658603079105,0.13465458698581878,-0.9756355219643087
59994000000,5961,633437504853536768,map,-0.07369711995124817,-0.12385732680559158,3.7818381786346436,0.16560814395781842,-0.060421358508649235,0.1363524727780802,-0.9748493567990351
60001000000,5962,633437504861536768,map,-0.07497846335172653,-0.12501214444637299,3.782607078552246,0.16748228260219628,-0.0630498098375387,0.138040664795184,-0.9741248103262843
60009000000,5963,633437504869536768,map,-0.07613082230091095,-0.12594729661941528,3.7833681106567383,0.16890279998440744,-0.06556125624660585,0.13973522098641306,-0.9734720399365475
60017000000,5964,633437504877454848,map,-0.07715411484241486,-0.12667043507099152,3.7841169834136963,0.16984696314803638,-0.06794172078721328,0.14141123256429727,-0.9729022988383773
60025000000,5965,633437504885454848,map,-0.07805433124303818,-0.1271868795156479,3.784857749938965,0.170378951206653,-0.0702262169537614,0.14308699126109037,-0.9724018471591589
60033000000,5966,633437504893454848,map,-0.07882235199213028,-0.12749189138412476,3.785658359527588,0.1705808346110202,-0.07236647606799311,0.1447515388961796,-0.9719631827598576
60042000000,5967,633437504901454848,map,-0.07945071160793304,-0.12758372724056244,3.7864348888397217,0.17042032887517858,-0.07433320607019334,0.14640698281199055,-0.9715948193038724
60050000000,5968,633437504909454848,map,-0.0799468383193016,-0.12747472524642944,3.787179946899414,0.16991992987952084,-0.07618761472111203,0.14805045702282438,-0.9712897604143504
60058000000,5969,633437504917454848,map,-0.08031079173088074,-0.12716713547706604,3.7878987789154053,0.16911435609050787,-0.07790916596881227,0.14966265827206304,-0.9710466573921397
60066000000,5970,633437504925454848,map,-0.08053821325302124,-0.1266629695892334,3.7885847091674805,0.16803370035797643,-0.07950102082693235,0.15126192043880887,-0.9708573758954773
60077000000,5971,633437504937454848,map,-0.08049014210700989,-0.1256464719772339,3.7891464233398438,0.16669099922900651,-0.08093821519026369,0.15286716745804335,-0.9707186706170279
60090000000,5972,633437504949454848,map,-0.0801345705986023,-0.12419293075799942,3.789645195007324,0.16327011075694933,-0.08340382426739719,0.1560539749676491,-0.9705843064639752
60102000000,5973,633437504961454848,map,-0.07946760207414627,-0.12231465429067612,3.790210485458374,0.15896878252203367,-0.08547748082426958,0.15919163925189111,-0.9706083301676264
60110000000,5974,633437504969454848,map,-0.07893238216638565,-0.12077244371175766,3.7908217906951904,0.1577356974435065,-0.08591276820733403,0.1599560987901817,-0.9706455036880128
60118000000,5975,633437504977373952,map,-0.07826513797044754,-0.11906959116458893,3.791382312774658,0.15509919870072947,-0.08666745231094812,0.1614673161903883,-0.9707529781517157
60126000000,5976,633437504985373952,map,-0.07746364176273346,-0.11720272898674011,3.791888952255249,0.15232058605312981,-0.08729244529333814,0.16293162414820234,-0.9708923577797413
60137000000,5977,633437504997373952,map,-0.07588134706020355,-0.11417406052350998,3.792170524597168,0.14801824365967184,-0.08799302338017638,0.16512743280877135,-0.9711234489501265
60149000000,5978,633437505009373952,map,-0.07400084286928177,-0.11080252379179001,3.7923481464385986,0.14353044723023184,-0.08828623900526668,0.16726006334342264,-0.9714055799540584
60162000000,5979,633437505021373952,map,-0.07181330770254135,-0.10708292573690414,3.792487382888794,0.13878617669089094,-0.08816564633496488,0.16933824014979781,-0.9717457893152384
60173000000,5980,633437505033373952,map,-0.06932292133569717,-0.10303038358688354,3.792525053024292,0.13386243960223457,-0.08769254269207401,0.17135559905377168,-0.972125658860867
60181000000,5981,633437505041373952,map,-0.06758040934801102,-0.10012412816286087,3.7927427291870117,0.13219180965006957,-0.08743341596489496,0.17201464932393656,-0.9722611609788295
60189000000,5982,633437505049373952,map,-0.065712571144104,-0.09709307551383972,3.7929158210754395,0.12711635707766417,-0.08640105261822288,0.17393743069985207,-0.9726880664073964
60197000000,5983,633437505057373952,map,-0.06371608376502991,-0.09393007308244705,3.7930469512939453,0.12359799743298044,-0.08554014396838215,0.17518261719225797,-0.9729941368212826
60205000000,5984,633437505065373952,map,-0.06158536300063133,-0.09063200652599335,3.793225049972534,0.12000066908216649,-0.08458942696980978,0.17642021725193185,-0.9733038318641406
60213000000,5985,633437505073373952,map,-0.05928985774517059,-0.08716338127851486,3.793354034423828,0.1163615363259858,-0.08347401589232505,0.17761786209921737,-0.9736242322065203
60222000000,5986,633437505081293056,map,-0.05689452216029167,-0.08361275494098663,3.7934465408325195,0.11078720731282511,-0.08147306001495594,0.17939548972886138,-0.9741178982431284
60230000000,5987,633437505089293056,map,-0.0543966218829155,-0.07997003197669983,3.793505907058716,0.10889386155932743,-0.08073543089700956,0.17995916168084608,-0.9742887615669916
60238000000,5988,633437505097293056,map,-0.05180830508470535,-0.07625481486320496,3.7935357093811035,0.10498795242296294,-0.07921234125641305,0.18105072291042973,-0.974640308430421
60246000000,5989,633437505105293056,map,-0.04909141734242439,-0.07241985946893692,3.793604612350464,0.10098574695737414,-0.07758800566607023,0.1821136242830259,-0.9749957328039134
60253000000,5990,633437505113293056,map,-0.04627933353185654,-0.06850843876600266,3.793647289276123,0.0969689679018237,-0.07578926773367836,0.1831335780169896,-0.975353896722559
60261000000,5991,633437505121293056,map,-0.04333656653761864,-0.06447624415159225,3.793649196624756,0.09295719576016746,-0.07378924501387707,0.18412124726499385,-0.9757117234664164
60269000000,5992,633437505129293056,map,-0.04029946029186249,-0.060368601232767105,3.793617010116577,0.0889191463755537,-0.07164202310856245,0.1850857357463172,-0.9760656727002109
60277000000,5993,633437505138293056,map,-0.037152163684368134,-0.05617288127541542,3.793549060821533,0.08480133671431109,-0.06936677751671796,0.1860285186006574,-0.9764171352699433
60285000000,5994,633437505145293056,map,-0.033920932561159134,-0.05191510170698166,3.7934558391571045,0.08274454350665464,-0.06816999207001533,0.1864948734794304,-0.9765888836776251
60293000000,5995,633437505153293056,map,-0.030591828748583794,-0.047576338052749634,3.7933688163757324,0.07667779310600593,-0.0643123081479704,0.18784058020553474,-0.9770877759234486
60301000000,5996,633437505161293056,map,-0.027207927778363228,-0.043207425624132156,3.7932684421539307,0.0746824697598136,-0.06292843415781692,0.18828577736635532,-0.9772466273954863
60310000000,5997,633437505169293056,map,-0.023713432252407074,-0.0387410894036293,3.793152093887329,0.06883870713937941,-0.05867324289258599,0.1895570949048379,-0.977694648395157
60318000000,5998,633437505177212160,map,-0.020126085728406906,-0.03419899195432663,3.793034076690674,0.06492536336479203,-0.05574986207652423,0.1903722149550386,-0.9779750092314514
60326000000,5999,633437505186212160,map,-0.0164421908557415,-0.029577575623989105,3.792919635772705,0.061134254670509376,-0.05277658070891457,0.19117249931456343,-0.9782281432036078
60334000000,6000,633437505194212160,map,-0.012696849182248116,-0.024915402755141258,3.7928178310394287,0.057441348133257096,-0.049683391557291415,0.19195339612377332,-0.9784610466884791
60342000000,6001,633437505201212160,map,-0.008929506875574589,-0.020253339782357216,3.792731285095215,0.05569089797691306,-0.048170895922194805,0.1923155639930274,-0.9785667088376959
60349000000,6002,633437505209212160,map,-0.005088625941425562,-0.015537132509052753,3.792713165283203,0.05041560381738745,-0.043607219031094754,0.19335136494203115,-0.9788625797142424
60357000000,6003,633437505217212160,map,-0.0011893328046426177,-0.010777102783322334,3.7927098274230957,0.04691573807812142,-0.04060006443890025,0.19400818142922488,-0.9790358875553192
60365000000,6004,633437505226212160,map,0.0028115937020629644,-0.005919699557125568,3.7927207946777344,0.04517644695846514,-0.03908020825183791,0.19431998381450855,-0.9791178210288243
60373000000,6005,633437505234212160,map,0.006848131772130728,-0.001040260773152113,3.792754650115967,0.04008120874558963,-0.03439563905268493,0.1952436319996247,-0.9793316319913201
60381000000,6006,633437505242212160,map,0.010181310586631298,0.003198258113116026,3.7933452129364014,0.03842901606401465,-0.03279112367639888,0.1955368054778665,-0.9793944307956013
60389000000,6007,633437505250212160,map,0.013552858494222164,0.007461498957127333,3.793947219848633,0.03352419237362755,-0.02795201745955238,0.19637729793087083,-0.9795563589875802
60398000000,6008,633437505258212160,map,0.01698129251599312,0.011773457750678062,3.7946414947509766,0.0302745080222164,-0.024665436834992487,0.19691791555671995,-0.9796420435306029
60406000000,6009,633437505265212160,map,0.020429864525794983,0.016097286716103554,3.795349359512329,0.027043855607085953,-0.021251454189918254,0.197451831833656,-0.9797089727260382
60417000000,6010,633437505277131264,map,0.026061220094561577,0.022934425622224808,3.795992612838745,0.02217052549070411,-0.015940527833426973,0.19821721860261393,-0.979777756382808
60430000000,6011,633437505289131264,map,0.031739722937345505,0.029830487444996834,3.7967026233673096,0.016993093349970515,-0.010572684133655256,0.19899288920260838,-0.9797965538772437
60442000000,6012,633437505301131264,map,0.037457242608070374,0.036780040711164474,3.7974612712860107,0.01122191813938421,-0.0050828444052352295,0.19975621077598915,-0.979768189048196
60453000000,6013,633437505313131264,map,0.04312518239021301,0.043684665113687515,3.798213243484497,0.004786320746445309,0.0005010949125665753,0.2005407322141709,-0.9796736115201374
60466000000,6014,633437505325131264,map,0.048813868314027786,0.050641149282455444,3.7989108562469482,-0.002752265269652005,0.006108160667127462,0.2013331351130243,-0.9795000086511212
60478000000,6015,633437505337131264,map,0.0544758103787899,0.05759834498167038,3.799583911895752,-0.011476605041808427,0.011769407594856184,0.20212149191442053,-0.979222555947374
60489000000,6016,633437505349131264,map,0.06006141006946564,0.0645017996430397,3.8001999855041504,-0.02106540038452558,0.017639125347665437,0.20288881743840992,-0.978816260327729
60502000000,6017,633437505361131264,map,0.06555089354515076,0.07132995873689651,3.800786256790161,-0.03151814232521684,0.023732445878941587,0.20362166684031735,-0.9782543585433817
60513000000,6018,633437505373131264,map,0.07093442231416702,0.07807382196187973,3.8013577461242676,-0.042666040391176004,0.029929445846557143,0.20434751986537192,-0.9775100451986793
60525000000,6019,633437505385051392,map,0.07618439197540283,0.08469447493553162,3.80192232131958,-0.050217601874350225,0.034141401689205465,0.20482538083378843,-0.9769131615300679
60538000000,6020,633437505397051392,map,0.08129613846540451,0.09119391441345215,3.8024961948394775,-0.06548549728640751,0.04278376114887859,0.20572981005598368,-0.9754775977229385
60550000000,6021,633437505410051392,map,0.08625990152359009,0.09756762534379959,3.8032336235046387,-0.07695690797609121,0.04905108445032359,0.20634877867321472,-0.9742135294423997
60558000000,6022,633437505418051392,map,0.08925849944353104,0.1015566736459732,3.803983449935913,-0.08445735718582287,0.05314053389232992,0.20674656062946045,-0.9732927893898308
60566000000,6023,633437505426051392,map,0.09216532856225967,0.10545463860034943,3.804715156555176,-0.09147406594177074,0.05708258526838153,0.20710763268065335,-0.9723581830241017
60574000000,6024,633437505434051392,map,0.09491792321205139,0.10918176174163818,3.8054358959198,-0.09813247775308241,0.06086986946543408,0.2074464933426809,-0.9714065914784227
60581000000,6025,633437505442051392,map,0.09782472252845764,0.11285735666751862,3.8064651489257812,-0.10447353169764115,0.0644468856694438,0.2077647020489382,-0.9704462333882534
60589000000,6026,633437505450051392,map,0.10062459856271744,0.11642889678478241,3.8074722290039062,-0.11046485241034551,0.06778738297923352,0.20804826604571947,-0.9694939674929983
60597000000,6027,633437505458051392,map,0.10328375548124313,0.11985442787408829,3.8084540367126465,-0.11603013433905553,0.0709854634537269,0.2083569074173648,-0.9685480657718684
60605000000,6028,633437505466051392,map,0.10583434253931046,0.12317488342523575,3.809415102005005,-0.11862194425152081,0.07253443389348714,0.2085103640927929,-0.9680863470464314
60613000000,6029,633437505474051392,map,0.10820621997117996,0.1263025403022766,3.8103580474853516,-0.12581508366660235,0.07690032056360938,0.20898961590721027,-0.9667368471039611
60621000000,6030,633437505481971520,map,0.11045897752046585,0.1293194741010666,3.811260461807251,-0.12804523937452975,0.0782514457939254,0.20915154409918918,-0.9663006272218734
60633000000,6031,633437505493971520,map,0.11368398368358612,0.13372009992599487,3.81215500831604,-0.13597473955083525,0.08335819766970623,0.2098245449762111,-0.9646429073762429
60641000000,6032,633437505501971520,map,0.11557964235544205,0.13637930154800415,3.813018560409546,-0.1376796849402222,0.08456903448057569,0.2100072937113544,-0.964255915013216
60649000000,6033,633437505509971520,map,0.11732257902622223,0.13888458907604218,3.813856363296509,-0.14222319423503754,0.08808431872240713,0.21056826826503433,-0.9631587482527803
60657000000,6034,633437505517971520,map,0.11889422684907913,0.14121505618095398,3.8146586418151855,-0.14479218426321222,0.09024705000942924,0.21094990797830043,-0.9624920272561864
60669000000,6035,633437505529971520,map,0.12106737494468689,0.14456894993782043,3.815485715866089,-0.1480343437558029,0.09323556449932531,0.21152554963526227,-0.9615871344186575
60682000000,6036,633437505541971520,map,0.12289176136255264,0.14758189022541046,3.8161983489990234,-0.1505293344547046,0.09588885349287785,0.21208753571330646,-0.960814919860241
60693000000,6037,633437505553971520,map,0.12437143176794052,0.15026652812957764,3.8167660236358643,-0.15236105493023427,0.09811005826385276,0.21264471705062055,-0.9601785024477264
60706000000,6038,633437505565971520,map,0.1255032867193222,0.15262675285339355,3.8171651363372803,-0.15363574158241972,0.0998556569228065,0.21316088950433354,-0.9596808746073584
60714000000,6039,633437505573971520,map,0.12600377202033997,0.1539284735918045,3.8175711631774902,-0.15418253635575385,0.100765056838948,0.21348601029374648,-0.9594258861738674
60721000000,6040,633437505581891648,map,0.1263517439365387,0.1550878882408142,3.8178887367248535,-0.1543656670467117,0.10114068799212332,0.2136393826754776,-0.9593227528355612
60734000000,6041,633437505593891648,map,0.12665428221225739,0.15666478872299194,3.8179423809051514,-0.1545213443342208,0.10216752483328438,0.21421072535389135,-0.9590613580810967
60745000000,6042,633437505605891648,map,0.12659309804439545,0.1579105705022812,3.8178462982177734,-0.15424519554859936,0.1023978810679987,0.21448168744296792,-0.9590206863722837
60758000000,6043,633437505617891648,map,0.12616468966007233,0.15883669257164001,3.8176066875457764,-0.1530356784609239,0.10236079974384323,0.21497000082981516,-0.9591091947541566
60765000000,6044,633437505625891648,map,0.12563863396644592,0.15919828414916992,3.81760311126709,-0.15209240828364778,0.10212178760011596,0.21519021811328454,-0.9592351716843557
60773000000,6045,633437505633891648,map,0.12495560199022293,0.159419447183609,3.8175435066223145,-0.15094953590018015,0.10172520419487469,0.2153843886443742,-0.9594143379373754
60786000000,6046,633437505644891648,map,0.12369529902935028,0.15956418216228485,3.8170547485351562,-0.14884167190738515,0.10084426657236818,0.215636806120106,-0.9597798775545104
60797000000,6047,633437505657891648,map,0.1220778152346611,0.15938524901866913,3.8164870738983154,-0.14636326862755053,0.09959530793702061,0.21584041754526206,-0.9602455580837073
60809000000,6048,633437505669891648,map,0.12010422348976135,0.15888822078704834,3.8158228397369385,-0.14349011533038486,0.0979461676092401,0.21598700428438294,-0.9608156363566658
60822000000,6049,633437505681811776,map,0.11778196692466736,0.15808165073394775,3.815067768096924,-0.14030329464988897,0.09591562991257242,0.21607045504443456,-0.9614721999627684
60830000000,6050,633437505689811776,map,0.11602230370044708,0.15732979774475098,3.814703941345215,-0.13803331148720777,0.0943655491667717,0.21608824101450613,-0.9619500609311848
60838000000,6051,633437505697811776,map,0.11411736160516739,0.15644754469394684,3.814303159713745,-0.1356465973592196,0.09263329393663873,0.216058527486306,-0.9624644632172603
60850000000,6052,633437505709811776,map,0.11102674901485443,0.1549459993839264,3.813462972640991,-0.13190255056038316,0.0897256618832131,0.21594721765938868,-0.9632849359172219
60858000000,6053,633437505717811776,map,0.108754962682724,0.15373815596103668,3.8130693435668945,-0.12930701460309169,0.08761288909965557,0.21582503394555558,-0.9638585966723037
60866000000,6054,633437505725811776,map,0.10635526478290558,0.15241163969039917,3.812657356262207,-0.1266617875114059,0.08540212489331021,0.21566904845921675,-0.9644428784332102
60874000000,6055,633437505733811776,map,0.10381509363651276,0.15095455944538116,3.812227725982666,-0.12400064339896212,0.08312646112570317,0.21547930334722076,-0.9650297311518758
60882000000,6056,633437505741811776,map,0.1011599749326706,0.14938482642173767,3.8117990493774414,-0.1213363830539066,0.08072684084244754,0.21525643081229512,-0.9656217257860599
60893000000,6057,633437505753811776,map,0.09693745523691177,0.1468484252691269,3.810960054397583,-0.11735369816462345,0.07697096395006969,0.21482973611797085,-0.9665153232681878
60901000000,6058,633437505761811776,map,0.09395255893468857,0.1449790745973587,3.810598611831665,-0.11601864668865827,0.07568026676380617,0.21467535221187545,-0.9668126692844322
60909000000,6059,633437505769811776,map,0.09085790067911148,0.14300383627414703,3.810251235961914,-0.11211350936645713,0.0717301587542439,0.21412622092262695,-0.967695940788675
60917000000,6060,633437505777732928,map,0.08764947950839996,0.14092081785202026,3.8099098205566406,-0.10953015779965236,0.06897268275117245,0.21371153808012827,-0.9682836785911595
60926000000,6061,633437505785732928,map,0.08435225486755371,0.1387440413236618,3.809579610824585,-0.10692106109385252,0.0661078310660744,0.21323843970559359,-0.968879255707467
60937000000,6062,633437505797732928,map,0.07919900119304657,0.13530440628528595,3.809056520462036,-0.10301293266249612,0.06165517325449134,0.21242567987890948,-0.9697744547698384
60949000000,6063,633437505809732928,map,0.0738193467259407,0.1316279023885727,3.808600664138794,-0.09912460534740573,0.056981442051578485,0.21152348443968522,-0.9706623202805688
60962000000,6064,633437505821732928,map,0.06821364164352417,0.12771669030189514,3.8082211017608643,-0.09544005541068751,0.052049859063654016,0.21049354190262454,-0.9715321047932881
60973000000,6065,633437505833732928,map,0.06243114918470383,0.12359800934791565,3.807925224304199,-0.09192270860745708,0.046994262925253286,0.2093940992123693,-0.9723661909253187
60985000000,6066,633437505845732928,map,0.05681491643190384,0.119949571788311,3.8080732822418213,-0.08965591938563959,0.043613922355641606,0.20863815333747793,-0.972897578391344
60998000000,6067,633437505857732928,map,0.05103723332285881,0.11608460545539856,3.8082985877990723,-0.08529739524311661,0.036722820427879305,0.20701722769059744,-0.9739197659082788
61009000000,6068,633437505869732928,map,0.04510115087032318,0.11199337244033813,3.808652639389038,-0.08208759135929214,0.031517963859655274,0.2057304001118629,-0.9746504236740636
61018000000,6069,633437505877654080,map,0.04117460548877716,0.10933800041675568,3.8092093467712402,-0.07990332303268095,0.028064427385070333,0.20484417832822427,-0.9751240278107806
61026000000,6070,633437505885654080,map,0.03720270097255707,0.10659399628639221,3.8097779750823975,-0.07773836323104383,0.024610042705159107,0.20395353112549208,-0.9755787923062131
61034000000,6071,633437505893654080,map,0.03316901624202728,0.1037473976612091,3.810356616973877,-0.07555255127610594,0.02107412494680356,0.203032453898135,-0.9760254646067316
61042000000,6072,633437505901654080,map,0.029106993228197098,0.1008235439658165,3.8109545707702637,-0.0733388275707417,0.017526975053319852,0.20208735296712665,-0.9764605043770611
61050000000,6073,633437505909654080,map,0.02498698979616165,0.09779376536607742,3.8116652965545654,-0.0710290801735795,0.013987419495102212,0.20112210584253015,-0.9768874519524764
61057000000,6074,633437505917654080,map,0.02085668034851551,0.09469589591026306,3.8123929500579834,-0.06864489090523493,0.010445746057746884,0.20014737567701874,-0.9773023033823691
61065000000,6075,633437505925654080,map,0.01669757440686226,0.09151577949523926,3.8131353855133057,-0.0662217500463322,0.006891778911516546,0.19917184472138555,-0.977700338219706
61073000000,6076,633437505933654080,map,0.012540626339614391,0.08827552944421768,3.813894033432007,-0.06374289105369806,0.0032788852027119102,0.19816280702118627,-0.978088805722431
61081000000,6077,633437505941654080,map,0.008373391814529896,0.08496419340372086,3.8146679401397705,-0.062486667355338414,0.0014707801332384893,0.19765805636341982,-0.9782763591983044
61094000000,6078,633437505953654080,map,0.0019607804715633392,0.07961874455213547,3.815556764602661,-0.05708389445486329,-0.0058482624550571915,0.19559977286954178,-0.9790036452162083
61102000000,6079,633437505961654080,map,-0.002256320556625724,0.07609788328409195,3.8164267539978027,-0.05418617481337182,-0.009615223968593394,0.19453906313306818,-0.9793497129893314
61110000000,6080,633437505969654080,map,-0.0064612883143126965,0.07251515984535217,3.8173108100891113,-0.05118649404279841,-0.013427806811464616,0.1934342256462036,-0.979685033316084
61117000000,6081,633437505977575232,map,-0.010618624277412891,0.06890324503183365,3.8182098865509033,-0.04807777542386026,-0.01723391352764433,0.1923244148312147,-0.9800014718547038
61125000000,6082,633437505985575232,map,-0.014742105267941952,0.06524725258350372,3.8191256523132324,-0.044797602108090785,-0.020989735102283507,0.19123112558084215,-0.9802975956123413
61138000000,6083,633437505997575232,map,-0.021045250818133354,0.05941040813922882,3.8202362060546875,-0.03947179659698614,-0.026695499721069917,0.1895179404825713,-0.9807203285029056
61146000000,6084,633437506005575232,map,-0.025127261877059937,0.055595554411411285,3.8212473392486572,-0.03570017686887272,-0.03051471377786427,0.18835055707251652,-0.9809783515094892
61154000000,6085,633437506013575232,map,-0.02917615696787834,0.05173109844326973,3.822275400161743,-0.031744930565786915,-0.03425521135107494,0.18714389279964966,-0.9812217917064882
61162000000,6086,633437506021575232,map,-0.03314837068319321,0.04786189645528793,3.8233139514923096,-0.027562429114074884,-0.0378751314005075,0.18594860817588071,-0.9814423040178972
61174000000,6087,633437506033575232,map,-0.03912380710244179,0.04180982708930969,3.8245980739593506,-0.020789581035794293,-0.043271199988619106,0.18411222783941256,-0.9817322321888037
61185000000,6088,633437506045575232,map,-0.04499877616763115,0.03568470478057861,3.8258554935455322,-0.015960009226334376,-0.04688377101061483,0.18288145556919738,-0.9818868268291415
61193000000,6089,633437506053575232,map,-0.04877421632409096,0.03169982135295868,3.826809883117676,-0.008334885687440447,-0.05219969506137719,0.18106222900007318,-0.9820500194265758
61201000000,6090,633437506061575232,map,-0.05247149243950844,0.027723301202058792,3.827772855758667,-0.005624175564058867,-0.05395469378463787,0.18045072037502863,-0.9820870665064168
61209000000,6091,633437506069575232,map,-0.056096430867910385,0.02374839596450329,3.828662872314453,0.002918774626500737,-0.059149508866204174,0.17866386258556072,-0.982126347369229
61221000000,6092,633437506081496384,map,-0.06146397069096565,0.017658989876508713,3.829606533050537,0.008955496714674443,-0.06263573549016538,0.1774707274510659,-0.9820899746389642
61234000000,6093,633437506093496384,map,-0.06666284799575806,0.011587576940655708,3.8304286003112793,0.021614768914433116,-0.06935742289198207,0.17509975648808546,-0.981866807076099
61245000000,6094,633437506105496384,map,-0.07163979113101959,0.005592161789536476,3.8311357498168945,0.02823374708060678,-0.07259545462759671,0.17390974022038036,-0.9816762611739812
61257000000,6095,633437506117496384,map,-0.07641109824180603,-0.0003425459726713598,3.831742763519287,0.04170858977500961,-0.07895345423943487,0.17154235173952354,-0.9811217772349718
61265000000,6096,633437506125496384,map,-0.07939231395721436,-0.004124777391552925,3.8323187828063965,0.04511121680786045,-0.08050241809375004,0.1709444986933964,-0.9809497759461989
61278000000,6097,633437506137496384,map,-0.08374657481908798,-0.009859566576778889,3.832862377166748,0.05847538978060776,-0.08622061010594659,0.1685495883204619,-0.9801723773254154
61286000000,6098,633437506145496384,map,-0.08644939213991165,-0.01350491214543581,3.833348512649536,0.06508845816836678,-0.0888911542826973,0.16734136461420013,-0.979723892710411
61294000000,6099,633437506153496384,map,-0.08901607990264893,-0.017062705010175705,3.833796262741089,0.07155182160875963,-0.09145002972577387,0.16614645931206784,-0.9792408476796277
61301000000,6100,633437506161496384,map,-0.09144888073205948,-0.020534573122859,3.8342125415802,0.07473055141143044,-0.09266585698692484,0.16553853316914663,-0.9789920126860193
61314000000,6101,633437506173496384,map,-0.09490115195512772,-0.025689804926514626,3.8346431255340576,0.08675444373554693,-0.09690183949667466,0.16310602780734035,-0.9779980635575869
61325000000,6102,633437506185418560,map,-0.09804325550794601,-0.03062281385064125,3.8350203037261963,0.09242385999021524,-0.09871447930363005,0.1618991949470795,-0.9774977804657626
61337000000,6103,633437506197418560,map,-0.10087006539106369,-0.03532962501049042,3.835362195968628,0.10294795411705258,-0.10184893544714241,0.15947128359176088,-0.9765231767407967
61345000000,6104,633437506205418560,map,-0.10250689089298248,-0.038199398666620255,3.835724115371704,0.10544425560763837,-0.10251088697629619,0.1588457822130107,-0.9762894724658038
61353000000,6105,633437506213418560,map,-0.10399723798036575,-0.040948159992694855,3.836066961288452,0.11222572831406777,-0.10413079846463437,0.15704147562825937,-0.9756538136965625
61365000000,6106,633437506225418560,map,-0.10599641501903534,-0.044932909309864044,3.8363356590270996,0.11831540495394513,-0.10537022697313468,0.15527514335401632,-0.9750836932767557
61378000000,6107,633437506237418560,map,-0.1084292083978653,-0.048400625586509705,3.836897611618042,0.1236773388753022,-0.10621517513827994,0.15351525954759537,-0.97460524225246
61389000000,6108,633437506249418560,map,-0.1104843020439148,-0.051546912640333176,3.8374218940734863,0.1282976245815807,-0.10662159653992599,0.15176494307578647,-0.9742376795865964
61397000000,6109,633437506257418560,map,-0.11186299473047256,-0.05333314090967178,3.837968587875366,0.1309556610224913,-0.1066300858371784,0.15062562946683994,-0.9740599041795776
61406000000,6110,633437506265418560,map,-0.113064244389534,-0.05496963486075401,3.8384861946105957,0.13326064450868275,-0.10644479380314532,0.149513416281486,-0.9739389005775028
61414000000,6111,633437506273418560,map,-0.11409327387809753,-0.05644841864705086,3.838982343673706,0.13527401395002733,-0.10605161243883228,0.14840714580177206,-0.9738733200812197
61425000000,6112,633437506285340736,map,-0.11500714719295502,-0.05853551998734474,3.8394734859466553,0.13696632713866214,-0.10544365336868575,0.14730298266448372,-0.9738704540955211
61433000000,6113,633437506293340736,map,-0.11561421304941177,-0.05962468311190605,3.840010643005371,0.13891394749632974,-0.10412359958534538,0.14565061546861402,-0.9739851356703191
61445000000,6114,633437506304340736,map,-0.1160440668463707,-0.06058862432837486,3.840529680252075,0.13985620483215255,-0.10298019641500432,0.14452875065495113,-0.974138971667384
61450000000,6115,633437506309340736,map,-0.11630290746688843,-0.06135283038020134,3.8410401344299316,0.14053577666627518,-0.10158476035892416,0.14339483184261403,-0.9743553535876388
61458000000,6116,633437506317340736,map,-0.11639123409986496,-0.06194682791829109,3.841559886932373,0.14099314504669228,-0.10008575369098456,0.14230356564096996,-0.9746043571686412
61465000000,6117,633437506325340736,map,-0.11631159484386444,-0.062365349382162094,3.842162609100342,0.14133588321878285,-0.09844598840281972,0.14124091714946474,-0.9748762464883849
61473000000,6118,633437506333340736,map,-0.11606211215257645,-0.06261192262172699,3.842777729034424,0.141555993818042,-0.09666890999929541,0.1401625900303135,-0.9751776386020863
61481000000,6119,633437506341340736,map,-0.11564420163631439,-0.0626850575208664,3.843397617340088,0.1416354775059775,-0.09474531202819,0.139069722248426,-0.9755113573485956
61489000000,6120,633437506349340736,map,-0.11506864428520203,-0.06258697062730789,3.84401798248291,0.1415546082403972,-0.09274916352572916,0.13799308100321522,-0.9758677089527552
61498000000,6121,633437506357340736,map,-0.1143421158194542,-0.062318600714206696,3.844635486602783,0.141276578651661,-0.09069086686096099,0.13690514440260354,-0.9762546591689338
61506000000,6122,633437506365340736,map,-0.1134762093424797,-0.061882779002189636,3.8452956676483154,0.14107560667289284,-0.089607856173269,0.13634981752662406,-0.9764613473140312
61514000000,6123,633437506373340736,map,-0.11245619505643845,-0.061278726905584335,3.845949172973633,0.14027079942968718,-0.08616451396766762,0.1346327970651387,-0.9771253709123203
61521000000,6124,633437506381259840,map,-0.11130529642105103,-0.060513634234666824,3.84659481048584,0.13955081798746574,-0.08371250251753493,0.13344594181107194,-0.9776042434051011
61529000000,6125,633437506389259840,map,-0.11000555008649826,-0.059581149369478226,3.847231388092041,0.13913602714366774,-0.08245315731820745,0.13283814210869627,-0.9778531205455581
61537000000,6126,633437506397259840,map,-0.10856441408395767,-0.05847970023751259,3.84785795211792,0.137654167657627,-0.0784603097700771,0.13094157607255463,-0.9786467878498666
61545000000,6127,633437506405259840,map,-0.10700411349534988,-0.05721977353096008,3.848473310470581,0.1370935329129131,-0.07702908445416613,0.13028172501226798,-0.9789272329798582
61554000000,6128,633437506413259840,map,-0.1053209975361824,-0.055798351764678955,3.8491404056549072,0.13528459280900357,-0.07255125312022091,0.1282432926840386,-0.9797897682346335
61562000000,6129,633437506421259840,map,-0.10353199392557144,-0.0542292445898056,3.8497891426086426,0.1339627332966223,-0.06942558751691436,0.12683676805553307,-0.9803808356381503
61570000000,6130,633437506429259840,map,-0.10163366049528122,-0.05250909551978111,3.8504159450531006,0.13253844113729138,-0.06622468452065977,0.1253987597311899,-0.9809806274393089
61578000000,6131,633437506437259840,map,-0.09961789846420288,-0.05062619596719742,3.851022481918335,0.131025840793618,-0.0628989320224038,0.1239087843426328,-0.9815918410364138
61586000000,6132,633437506446259840,map,-0.09750629961490631,-0.048594240099191666,3.8516035079956055,0.1302548959090128,-0.06120980750627662,0.12315359711101459,-0.9818962255763595
61593000000,6133,633437506454259840,map,-0.0953015685081482,-0.046412963420152664,3.852159261703491,0.12789101088493832,-0.05603589726157171,0.12085069330837933,-0.9828016241760705
61601000000,6134,633437506462259840,map,-0.09300599992275238,-0.044082868844270706,3.8526933193206787,0.12623975794637624,-0.052566771721393804,0.11928510647359364,-0.9833978334951057
61609000000,6135,633437506469259840,map,-0.09065180271863937,-0.04162641242146492,3.853250741958618,0.12543163163885032,-0.0508253824789351,0.11849460018292335,-0.9836883938687397
61617000000,6136,633437506477178944,map,-0.08822597563266754,-0.039030738174915314,3.853790760040283,0.1230562826719809,-0.045651767262169775,0.11608004937858268,-0.9845296871118658
61630000000,6137,633437506489178944,map,-0.08427763730287552,-0.03490528091788292,3.854393482208252,0.12071220666670658,-0.04038872696957646,0.11362684991415761,-0.985335619149091
61641000000,6138,633437506501178944,map,-0.08018485456705093,-0.030454425141215324,3.854978322982788,0.11818708623947569,-0.03508056057311814,0.11113449602746595,-0.9861290335723086
61653000000,6139,633437506513178944,map,-0.07598423957824707,-0.02569444477558136,3.8555455207824707,0.11546999745398978,-0.029745156775809634,0.10859447405510836,-0.9869089188571543
61666000000,6140,633437506525178944,map,-0.07168620079755783,-0.020627355203032494,3.856105327606201,0.11357323385449566,-0.026134623290521616,0.10688128895683757,-0.9874180527871659
61678000000,6141,633437506538178944,map,-0.06728925555944443,-0.01524436753243208,3.856642723083496,0.10939982657316663,-0.018792131249385675,0.10343620555955707,-0.9884227493619685
61686000000,6142,633437506546178944,map,-0.06439764052629471,-0.011446652002632618,3.857088565826416,0.10706119277970626,-0.015070722576555652,0.10169912319818059,-0.9889227374258532
61694000000,6143,633437506554178944,map,-0.061494775116443634,-0.007539389189332724,3.857527494430542,0.1046213275244788,-0.011349982984945738,0.0999705123533548,-0.9894097021135482
61702000000,6144,633437506562178944,map,-0.058469805866479874,-0.003379609901458025,3.8579699993133545,0.10200380803442184,-0.007492292477455731,0.09817678462757967,-0.9898991534653051
61710000000,6145,633437506570178944,map,-0.05555078014731407,0.0007525185937993228,3.8584046363830566,0.09933689243791013,-0.0037909983880775244,0.0964735040387088,-0.9903588491420134
61717000000,6146,633437506578098048,map,-0.052625492215156555,0.004995789844542742,3.8588407039642334,0.09649542566829056,-0.00015259793338970204,0.09476929621917085,-0.9908115484418689
61725000000,6147,633437506586098048,map,-0.049688518047332764,0.009364373050630093,3.859283208847046,0.09501505449283784,0.0016503125370047414,0.09391556965573417,-0.9910345052704915
61733000000,6148,633437506594098048,map,-0.04677186161279678,0.013816880993545055,3.859736204147339,0.09036935752962982,0.006939591876974129,0.09135485358075773,-0.9916852104646513
61746000000,6149,633437506606098048,map,-0.04225694760680199,0.02073795534670353,3.8603577613830566,0.08542636459956005,0.012089062217898775,0.08880517998009119,-0.9923053170467921
61754000000,6150,633437506614098048,map,-0.03934003412723541,0.025502260774374008,3.860858201980591,0.08191624861502725,0.015466531533455655,0.08709890696497619,-0.9927056278139486
61761000000,6151,633437506622098048,map,-0.03646084666252136,0.030335742980241776,3.8613758087158203,0.07823091501034452,0.018812224759413347,0.08540713246574899,-0.9930920301210964
61774000000,6152,633437506634098048,map,-0.032077495008707047,0.037752531468868256,3.8622214794158936,0.07245349613927803,0.023815416560046848,0.08284397187355891,-0.9936398970048894
61785000000,6153,633437506646098048,map,-0.028095347806811333,0.04445526376366615,3.863248348236084,0.0683994460987538,0.02713355101543448,0.0811280893769834,-0.9939836467013443
61793000000,6154,633437506654098048,map,-0.02567342109978199,0.048716358840465546,3.8640801906585693,0.06202694665393889,0.03206580835293512,0.07857812074837733,-0.9944596532084264
61806000000,6155,633437506666098048,map,-0.02186412177979946,0.05570041760802269,3.8651914596557617,0.05527470344549631,0.036873617242039726,0.07603750872014059,-0.9948886238325703
61818000000,6156,633437506678017152,map,-0.01816333644092083,0.06285496801137924,3.8663337230682373,0.04816915802323834,0.0415094627086806,0.07349529511166053,-0.995266428182622
61829000000,6157,633437506690017152,map,-0.01456544827669859,0.07019743323326111,3.8674750328063965,0.04317975832603069,0.04450024831278953,0.07180773529728435,-0.9954893007175476
61837000000,6158,633437506698017152,map,-0.012382175773382187,0.07491620630025864,3.868312358856201,0.03530654473084406,0.04881246414057858,0.06926733400329022,-0.9957775430145135
61845000000,6159,633437506706017152,map,-0.010290305130183697,0.07960877567529678,3.86916184425354,0.03260480464220571,0.05018978692996666,0.0684210674320399,-0.9958596872222611
61853000000,6160,633437506714017152,map,-0.008256444707512856,0.08433568477630615,3.8699493408203125,0.024330569586861417,0.054103145521805465,0.06596222028991439,-0.9960571873543833
61866000000,6161,633437506726017152,map,-0.0050916532054543495,0.09189856052398682,3.8708415031433105,0.015439797260609593,0.05775538594787304,0.06347538764037763,-0.996191214332648
61873000000,6162,633437506734017152,map,-0.003201984567567706,0.0967235118150711,3.8714449405670166,0.009196761080619004,0.06004146525541836,0.06182828880057185,-0.9962368172227367
61886000000,6163,633437506746017152,map,-0.00029566764715127647,0.10434985905885696,3.8720669746398926,-0.0006797970563442738,0.06329503073888731,0.05932556678914642,-0.9962297786990354
61894000000,6164,633437506754017152,map,0.0014050481840968132,0.10915402323007584,3.872544527053833,-0.007490293136329483,0.06529077094375318,0.057674632586126214,-0.9961700566146955
61905000000,6165,633437506766017152,map,0.003991130739450455,0.11666982620954514,3.8729686737060547,-0.014526245879889621,0.06712422207424985,0.05600553309139778,-0.9960656167240856
61918000000,6166,633437506777936256,map,0.006398994475603104,0.12416171282529831,3.8732612133026123,-0.02896969164170162,0.0703526759385404,0.05266982076600308,-0.9957094337073199
61930000000,6167,633437506789936256,map,0.008616176433861256,0.13160058856010437,3.873429298400879,-0.040058802756522176,0.0725542047167058,0.05014526668704906,-0.9952972796757319
61938000000,6168,633437506797936256,map,0.009860306978225708,0.13625206053256989,3.8735718727111816,-0.04743123618225805,0.07381458383091082,0.04849302593172495,-0.9949623808174644
61949000000,6169,633437506809936256,map,0.011720040813088417,0.1434565633535385,3.8736252784729004,-0.05481795343837208,0.07486700380911801,0.046838635687126824,-0.9945833542088058
61961000000,6170,633437506820936256,map,0.013357095420360565,0.15049508213996887,3.873579502105713,-0.06912237090565357,0.076542068729272,0.04357663819977765,-0.9937125160248739
61974000000,6171,633437506833936256,map,0.014775479212403297,0.1573626548051834,3.873440742492676,-0.0794175681735653,0.07742210834402381,0.04122084010226124,-0.9929750726164785
61982000000,6172,633437506841936256,map,0.015502234920859337,0.16163648664951324,3.873401403427124,-0.0860601771392731,0.07773558384394799,0.03965921507123555,-0.9924606281835547
61990000000,6173,633437506849936256,map,0.0161336287856102,0.1658092588186264,3.873321533203125,-0.09248262883137977,0.07786057131102381,0.038122793855619515,-0.9919332025212894
61997000000,6174,633437506857936256,map,0.016665438190102577,0.16986073553562164,3.873278856277466,-0.09857353201040325,0.07787517651112186,0.036654144772408866,-0.9914006349435058
62005000000,6175,633437506865936256,map,0.017100542783737183,0.17380952835083008,3.873204231262207,-0.10150443373401845,0.07783152357132121,0.03592660587341379,-0.9911349412104931
62013000000,6176,633437506873936256,map,0.017434831708669662,0.1776205599308014,3.873110294342041,-0.10989097170139805,0.07743392073918157,0.03375250283982784,-0.9903478066677035
62021000000,6177,633437506881855360,map,0.01767192967236042,0.18134357035160065,3.8729939460754395,-0.1151566619770915,0.0768979708768049,0.03234016194622775,-0.9898382512692069
62029000000,6178,633437506889855360,map,0.017801795154809952,0.18488961458206177,3.8728678226470947,-0.11769127861612752,0.07657789717250105,0.03163951273658267,-0.9895875618142641
62038000000,6179,633437506897855360,map,0.01782623864710331,0.188245952129364,3.8727831840515137,-0.12472168641493044,0.07548812981815714,0.02960727599508445,-0.9888728355572163
62046000000,6180,633437506905855360,map,0.017748454585671425,0.19142155349254608,3.8727056980133057,-0.12896641670065206,0.07465839007987925,0.028289091161057715,-0.9884298721793668
62054000000,6181,633437506913855360,map,0.017569877207279205,0.19444629549980164,3.87263560295105,-0.13295420399278304,0.07365360921137953,0.02696513220878494,-0.9880137563440188
62062000000,6182,633437506921855360,map,0.017291899770498276,0.19730544090270996,3.8725757598876953,-0.13667820733097452,0.07252829625867276,0.02564471359178711,-0.9876239401421416
62070000000,6183,633437506929855360,map,0.016915159299969673,0.19999079406261444,3.872530698776245,-0.14015960023824714,0.07128669224839032,0.024319785261998742,-0.9872598756647044
62077000000,6184,633437506937855360,map,0.01644197106361389,0.2024696320295334,3.8725130558013916,-0.1432980257999404,0.06996717715445748,0.023024233285622312,-0.9869347970221399
62085000000,6185,633437506945855360,map,0.015874750912189484,0.20475324988365173,3.8725180625915527,-0.14475845097933532,0.06925858853222414,0.022375213965403044,-0.9867864822622301
62093000000,6186,633437506953855360,map,0.015215241350233555,0.20684967935085297,3.8725454807281494,-0.14880550464300674,0.06688023396822029,0.020406913993095802,-0.9863911869700464
62101000000,6187,633437506961855360,map,0.01446444634348154,0.20876047015190125,3.8725967407226562,-0.1512326731601203,0.06509005184607614,0.019079372558699684,-0.9861683144351208
62109000000,6188,633437506969855360,map,0.013625390827655792,0.21046875417232513,3.872676372528076,-0.15236673158389308,0.06415652812751818,0.01841324161798508,-0.9860676256140283
62118000000,6189,633437506977774464,map,0.012696580961346626,0.21197740733623505,3.8727853298187256,-0.1553677347118385,0.061170255323127296,0.01640848462171585,-0.9858245225918174
62126000000,6190,633437506985774464,map,0.011693854816257954,0.21325567364692688,3.872933864593506,-0.15715290662736592,0.05901948057019212,0.015067498342644762,-0.9856939938019792
62134000000,6191,633437506993774464,map,0.010611360892653465,0.214328333735466,3.8731606006622314,-0.15884340091606972,0.056771783870750075,0.013718757043447553,-0.9855747603675418
62142000000,6192,633437507001774464,map,0.009450998157262802,0.2151929885149002,3.8734123706817627,-0.1604041303265645,0.054438945268959954,0.012357835305030766,-0.9854715848823872
62149000000,6193,633437507009774464,map,0.008213355205953121,0.21585388481616974,3.873684883117676,-0.16179760523709985,0.05203548435413378,0.010989495721276114,-0.9853898199962761
62157000000,6194,633437507017774464,map,0.006902621127665043,0.2163064181804657,3.8739724159240723,-0.1630373284442675,0.04952161976963331,0.009607542705452447,-0.985329507856057
62165000000,6195,633437507025774464,map,0.005529893562197685,0.21655045449733734,3.874263048171997,-0.16360853941377956,0.04823214220779857,0.008909970215748578,-0.9853053577118602
62173000000,6196,633437507033774464,map,0.004110937938094139,0.21658894419670105,3.8745431900024414,-0.1649414071561563,0.0442861909311707,0.006776243863036105,-0.985285380105666
62181000000,6197,633437507041774464,map,0.003437969135120511,0.218199223279953,3.8749637603759766,-0.1654596342687341,0.04154867936340323,0.005330354078021351,-0.9853265997235097
62189000000,6198,633437507049774464,map,0.00269946176558733,0.21956390142440796,3.8754374980926514,-0.16559583180969706,0.04012963712088995,0.0045987690815692565,-0.98536621776111
62198000000,6199,633437507057774464,map,0.0018888498889282346,0.22068515419960022,3.8758904933929443,-0.16563866881285233,0.03574731844820453,0.002392760883660585,-0.9855355216515782
62206000000,6200,633437507065774464,map,0.0010129091097041965,0.22156402468681335,3.8763210773468018,-0.16544950848837936,0.03271534265495964,0.0008958734119476361,-0.9856751120138463
62214000000,6201,633437507073692544,map,8.596171392127872e-05,0.22220386564731598,3.8767287731170654,-0.1651096099602072,0.029606891405091734,-0.000633635720512669,-0.9858305495911545
62221000000,6202,633437507081692544,map,-0.0008896130020730197,0.2226072996854782,3.8771142959594727,-0.1646117134336798,0.026502370348847462,-0.002140764876413735,-0.9860000220690168
62229000000,6203,633437507089692544,map,-0.0019111167639493942,0.22277754545211792,3.877476215362549,-0.16398883569624945,0.02334985983721749,-0.003659526562503844,-0.9861790197346425
62237000000,6204,633437507097692544,map,-0.0029633701778948307,0.2227247953414917,3.8778598308563232,-0.1632495588999441,0.020229412540592184,-0.0051492069231213735,-0.9863639179590598
62250000000,6205,633437507109692544,map,-0.0049076685681939125,0.22158683836460114,3.8782308101654053,-0.1619584165375932,0.015567965826931235,-0.007337344857261451,-0.9866475241026897
62258000000,6206,633437507117692544,map,-0.006037025712430477,0.22097542881965637,3.8785595893859863,-0.16095671765739084,0.012480050629000261,-0.008787912942460896,-0.9868434648014168
62265000000,6207,633437507125692544,map,-0.007188908755779266,0.2201462686061859,3.878864049911499,-0.15983508991975073,0.009438096569370419,-0.010219093477345342,-0.9870457275274206
62278000000,6208,633437507137692544,map,-0.009224222972989082,0.21791677176952362,3.879138946533203,-0.1579249684034567,0.004826204012846156,-0.012346371362235709,-0.9873622082128889
62286000000,6209,633437507145692544,map,-0.01041707769036293,0.2165554165840149,3.8793935775756836,-0.1564906479283582,0.0017110566824210813,-0.013765877220082656,-0.9875820461747217
62293000000,6210,633437507153692544,map,-0.011622657999396324,0.21497581899166107,3.879626512527466,-0.15489871931325322,-0.0014469750663638195,-0.015183655057140588,-0.9878126315829248
62301000000,6211,633437507161692544,map,-0.012830429710447788,0.21319010853767395,3.879794120788574,-0.15316479796551505,-0.004630294924255262,-0.016585712119704,-0.9880506769833143
62309000000,6212,633437507169692544,map,-0.014033772982656956,0.21120427548885345,3.879946708679199,-0.15224536973360595,-0.006239150767393425,-0.017281219413830762,-0.9881719756133287
62317000000,6213,633437507177609600,map,-0.015250470489263535,0.2089783102273941,3.8800859451293945,-0.149173955026867,-0.011110235905547562,-0.01937583349112515,-0.9885587150952646
62325000000,6214,633437507185609600,map,-0.01644604653120041,0.20657207071781158,3.880215644836426,-0.14802618043808197,-0.012770273827846136,-0.020085207098411995,-0.9886969989052289
62334000000,6215,633437507193609600,map,-0.017612062394618988,0.20400062203407288,3.8803436756134033,-0.14433717742340074,-0.017649208816535422,-0.02220215900541722,-0.9891220077256127
62342000000,6216,633437507201609600,map,-0.01875429041683674,0.2012469619512558,3.880471706390381,-0.14161511267561253,-0.020820896144237863,-0.02359987494258392,-0.9894214610842826
62350000000,6217,633437507209609600,map,-0.019881052896380424,0.19828204810619354,3.880674362182617,-0.14016860122458225,-0.02239339506217932,-0.024305455333504866,-0.9895760135777721
62358000000,6218,633437507217609600,map,-0.020971229299902916,0.19515393674373627,3.8808794021606445,-0.13543541530639971,-0.02705282399546781,-0.026415579451051274,-0.9900644112583163
62366000000,6219,633437507225609600,map,-0.02203015610575676,0.19184398651123047,3.8810884952545166,-0.1320014744821943,-0.03003591998115218,-0.027808111325851263,-0.9904041148573142
62373000000,6220,633437507233609600,map,-0.023050161078572273,0.188370943069458,3.8813059329986572,-0.12833048924525148,-0.03294300412554715,-0.029207302402715855,-0.9907537651125605
62386000000,6221,633437507245609600,map,-0.02469777874648571,0.18241044878959656,3.881561279296875,-0.122416622586309,-0.03708588128348613,-0.03128670146769791,-0.9912921068085901
62394000000,6222,633437507253609600,map,-0.02561172842979431,0.1785135120153427,3.88181209564209,-0.1182309769138436,-0.03977820089293778,-0.032651964331511185,-0.9916516615732366
62402000000,6223,633437507261609600,map,-0.026473140344023705,0.17447498440742493,3.882131814956665,-0.11383615906639666,-0.042428687121064346,-0.03400475172816536,-0.9920105419883068
62410000000,6224,633437507269609600,map,-0.027292177081108093,0.17024526000022888,3.8824691772460938,-0.10925150654490062,-0.04499931033961883,-0.03535758127166805,-0.9923654184527686
62417000000,6225,633437507277526656,map,-0.02804056741297245,0.16594824194908142,3.882822275161743,-0.10452122349090925,-0.04746277783001238,-0.03666012962489723,-0.9927127506313469
62425000000,6226,633437507285526656,map,-0.028745749965310097,0.16144153475761414,3.883195638656616,-0.09969739550664797,-0.049883666466697826,-0.03793511393920035,-0.9930422968398536
62433000000,6227,633437507293526656,map,-0.029367096722126007,0.15691672265529633,3.8835806846618652,-0.0971974815290046,-0.0511048977440813,-0.03858248953232768,-0.993203044920074
62441000000,6228,633437507301526656,map,-0.029936272650957108,0.15220683813095093,3.883981227874756,-0.08968758747393946,-0.05462622479031798,-0.04044099696426401,-0.9936481999340462
62449000000,6229,633437507309526656,map,-0.030448904260993004,0.14730757474899292,3.8844339847564697,-0.08709270874406697,-0.05577627794310065,-0.041049808191003956,-0.9937901083729823
62457000000,6230,633437507317526656,map,-0.030870147049427032,0.14246733486652374,3.8848862648010254,-0.07922833269270037,-0.059008883930514025,-0.04279923957899407,-0.9941876374481371
62465000000,6231,633437507325526656,map,-0.03122517094016075,0.13749322295188904,3.885345220565796,-0.0766371029579466,-0.060031945336010833,-0.04336181571291748,-0.9943051428617855
62474000000,6232,633437507333526656,map,-0.03150659054517746,0.1324383020401001,3.885802984237671,-0.06887197812501161,-0.0630025079026193,-0.045026869110188834,-0.9946155122542197
62482000000,6233,633437507341526656,map,-0.031713128089904785,0.12730242311954498,3.88625431060791,-0.06367423544267604,-0.06484932324724772,-0.04610662922218945,-0.9947936669828752
62490000000,6234,633437507349526656,map,-0.0318453386425972,0.12208866328001022,3.886691093444824,-0.06106835082887291,-0.06570719892919791,-0.04662688992020792,-0.9948765276870477
62498000000,6235,633437507357526656,map,-0.03190134838223457,0.11680934578180313,3.887134075164795,-0.05321746308611882,-0.06803541652417551,-0.04812226010537441,-0.9950997373967614
62505000000,6236,633437507365526656,map,-0.03187934681773186,0.11147803068161011,3.887545347213745,-0.04800666578788827,-0.06942463262737775,-0.04908122734954285,-0.9952219211105945
62513000000,6237,633437507373443712,map,-0.03177965059876442,0.10613303631544113,3.887925386428833,-0.04273380264541388,-0.07070241707292875,-0.04998923905386155,-0.9953271196444777
62521000000,6238,633437507381443712,map,-0.031604453921318054,0.10072948038578033,3.888272762298584,-0.03742881965310715,-0.07181766614846453,-0.05087423857889329,-0.9954161337885327
62529000000,6239,633437507389443712,map,-0.03135080263018608,0.09527795761823654,3.8885843753814697,-0.03473486158491963,-0.07232043063599493,-0.051295074861274555,-0.9954557939729813
62537000000,6240,633437507397443712,map,-0.031017519533634186,0.08983331173658371,3.88885498046875,-0.026679682140532675,-0.07354896912323898,-0.05251821855190925,-0.9955504136478883
62545000000,6241,633437507405443712,map,-0.030603976920247078,0.08431678265333176,3.8890891075134277,-0.02397776095215463,-0.07389573495354039,-0.05291267090712266,-0.9955726250370536
62554000000,6242,633437507413443712,map,-0.030116531997919083,0.07888023555278778,3.8893394470214844,-0.01577486207209305,-0.07478703016406846,-0.05403858181824268,-0.995609292795258
62562000000,6243,633437507421443712,map,-0.02955225668847561,0.07341600209474564,3.889540195465088,-0.010157516931670928,-0.07518246506768782,-0.054779692002458254,-0.9956122430746539
62570000000,6244,633437507429443712,map,-0.02891373634338379,0.0679585412144661,3.889681339263916,-0.0073024472666944635,-0.07531206135850277,-0.05515526256953885,-0.9956067218374989
62578000000,6245,633437507437443712,map,-0.029217099770903587,0.06325850635766983,3.889953851699829,0.0015546023123925777,-0.07546774128018988,-0.0562423140863318,-0.9955596859545608
62585000000,6246,633437507445443712,map,-0.029423091560602188,0.05858204513788223,3.890155792236328,0.007725203864861139,-0.07535284633697115,-0.05699518324128195,-0.9954968450034309
62593000000,6247,633437507453443712,map,-0.02952735498547554,0.05389471724629402,3.8902862071990967,0.01089279504572392,-0.07521704128853496,-0.05736940510921019,-0.9954559204135269
62601000000,6248,633437507461443712,map,-0.029542891308665276,0.049290839582681656,3.890350103378296,0.020753126646010506,-0.07451372365654349,-0.05854020241399433,-0.995283919124754
62609000000,6249,633437507469443712,map,-0.02945730835199356,0.044661760330200195,3.890376567840576,0.024126341764045815,-0.07416053043184417,-0.05894169329290911,-0.9952105836083449
62617000000,6250,633437507477361792,map,-0.029284480959177017,0.04009202867746353,3.8903415203094482,0.03446539702605437,-0.07275718657331218,-0.060178914030946336,-0.9949357440092055
62625000000,6251,633437507485361792,map,-0.029013067483901978,0.03551730513572693,3.890245199203491,0.04142826186594056,-0.07160248409630315,-0.060998122325452604,-0.9947040627829411
62634000000,6252,633437507493361792,map,-0.02865762822329998,0.03102782741189003,3.890097141265869,0.04846862751624869,-0.07026426041144303,-0.061785046133999495,-0.9944327635190764
62642000000,6253,633437507501361792,map,-0.028212260454893112,0.026588425040245056,3.8899002075195312,0.055465337592578136,-0.06879309700530094,-0.06252935947870186,-0.9941233213573095
62650000000,6254,633437507509361792,map,-0.02768433280289173,0.02223016321659088,3.8896665573120117,0.06247674078469744,-0.0671774914102282,-0.06323671003726022,-0.9937731231930325
62658000000,6255,633437507517361792,map,-0.02707880735397339,0.017963118851184845,3.889460563659668,0.06926526798453245,-0.06549606643185224,-0.06387464473632104,-0.9933945601997076
62666000000,6256,633437507525361792,map,-0.026396386325359344,0.013798760250210762,3.88923978805542,0.07589837670485004,-0.06372597699655502,-0.06446630219571703,-0.9929866629998192
62677000000,6257,633437507537361792,map,-0.02492760494351387,0.007311567198485136,3.8887646198272705,0.08552241199896031,-0.060938076237214756,-0.06521769621096929,-0.9923301836874134
62689000000,6258,633437507549361792,map,-0.0233094971626997,0.0011098928516730666,3.888321876525879,0.09178806654862207,-0.05896736467491926,-0.06566554862324603,-0.9918598248580319
62702000000,6259,633437507561361792,map,-0.021547311916947365,-0.004779510665684938,3.887938976287842,0.10363366354483056,-0.05490046379686626,-0.06644454882427286,-0.9908739679245135
62710000000,6260,633437507569361792,map,-0.020491566509008408,-0.00822476390749216,3.8878185749053955,0.10645476021572924,-0.05383427760426421,-0.06662316716826205,-0.9906213397145394
62721000000,6261,633437507581279872,map,-0.018529873341321945,-0.013469868339598179,3.8875973224639893,0.11751742550019821,-0.0492312912036659,-0.06731142520444489,-0.9895631166421277
62733000000,6262,633437507593279872,map,-0.01645505055785179,-0.018326321616768837,3.887439489364624,0.12278835779017519,-0.04676347205116358,-0.0676405499444665,-0.989020223086459
62746000000,6263,633437507605279872,map,-0.014276458881795406,-0.022773288190364838,3.8873860836029053,0.1326340301897141,-0.041420020839967556,-0.06829761931275136,-0.987941348058277
62757000000,6264,633437507617279872,map,-0.012019554153084755,-0.026774471625685692,3.887425184249878,0.13951483511554957,-0.03706809004505848,-0.06885935250970449,-0.9871271552387436
62765000000,6265,633437507625279872,map,-0.010654540732502937,-0.028942104429006577,3.887545585632324,0.14380937770785499,-0.03409501974096364,-0.0692387584399996,-0.9865913002067761
62777000000,6266,633437507637279872,map,-0.008309162221848965,-0.03217346593737602,3.887694835662842,0.1496967814142887,-0.029609673097093333,-0.06984074187728068,-0.9858176948023587
62790000000,6267,633437507649279872,map,-0.00593836372718215,-0.03492525964975357,3.8878870010375977,0.15514622668113356,-0.02504128662494445,-0.07050143587453744,-0.9850544153758263
62801000000,6268,633437507661279872,map,-0.0035304164048284292,-0.037215620279312134,3.88812255859375,0.160170863325125,-0.020474027580993228,-0.07118080092568463,-0.9843066038426975
62809000000,6269,633437507669279872,map,-0.0020835278555750847,-0.038256727159023285,3.888333797454834,0.16170384430423146,-0.018949075576528123,-0.07140325199212505,-0.9840703286099455
62821000000,6270,633437507681197952,map,0.0003019684227183461,-0.039723195135593414,3.88857102394104,0.16715996457820922,-0.012861953760069484,-0.07234253665803886,-0.9831880264832185
62834000000,6271,633437507693197952,map,0.002657907549291849,-0.04068606346845627,3.8887999057769775,0.1706646594243523,-0.008245340756512004,-0.073049044279627,-0.9825830927665415
62845000000,6272,633437507705197952,map,0.004995581693947315,-0.041151124984025955,3.8890483379364014,0.17354983247587769,-0.0035219329071839818,-0.07376355980243221,-0.9820525060906379
62858000000,6273,633437507717197952,map,0.007281013298779726,-0.04110526666045189,3.8892741203308105,0.17574756935476613,0.0012735987366583091,-0.07447015171771731,-0.981613630957094
62865000000,6274,633437507725197952,map,0.008634110912680626,-0.040618445724248886,3.889460802078247,0.17690614934183813,0.004466196169578209,-0.07491821486423661,-0.9813621407120294
62873000000,6275,633437507733197952,map,0.009958417154848576,-0.03991395980119705,3.8896284103393555,0.17738346240122405,0.006053425411074222,-0.07513371170067279,-0.9812509994725063
62886000000,6276,633437507745197952,map,0.01207403838634491,-0.03868755325675011,3.889774799346924,0.1785230236229055,0.012367955817029463,-0.07600513994048408,-0.9809177864881791
62894000000,6277,633437507753197952,map,0.01331294421106577,-0.0374286025762558,3.8899343013763428,0.17862490836082454,0.015474584215699255,-0.07643271971862708,-0.9808219867015139
62901000000,6278,633437507761197952,map,0.014511150307953358,-0.035950977355241776,3.890078544616699,0.17844620572313835,0.018494511278626103,-0.0768279307171138,-0.9807713683364523
62909000000,6279,633437507769197952,map,0.015655964612960815,-0.034268803894519806,3.8902060985565186,0.17824860022389502,0.01997713204211807,-0.07701455696231996,-0.9807636133163262
62917000000,6280,633437507777116032,map,0.016749098896980286,-0.032375093549489975,3.8903212547302246,0.17722448448864092,0.02431224097611522,-0.07758404517939915,-0.9808063502207163
62925000000,6281,633437507785116032,map,0.01778576523065567,-0.030273733660578728,3.890425443649292,0.17614714255207364,0.027161183542989426,-0.07795666546708402,-0.980896165154893
62934000000,6282,633437507793116032,map,0.01876882091164589,-0.027953067794442177,3.890605926513672,0.17474544900607863,0.029954734614208185,-0.0783152508542147,-0.9810369356289195
62942000000,6283,633437507801116032,map,0.01969575323164463,-0.0254167839884758,3.890777587890625,0.1730577838245812,0.03267836933210345,-0.07867075952140412,-0.9812207380352755
62950000000,6284,633437507809116032,map,0.02055344358086586,-0.022687288001179695,3.8909385204315186,0.17106021813433916,0.035416497297530374,-0.07903233733477905,-0.9814468558775364
62958000000,6285,633437507817116032,map,0.02133851684629917,-0.019772058352828026,3.8910903930664062,0.16882414869673007,0.03804143463292523,-0.07938616012802802,-0.9817072812544851
62966000000,6286,633437507825116032,map,0.022054215893149376,-0.016655851155519485,3.891240358352661,0.16628839409278426,0.04068626528081724,-0.0797291511812096,-0.9820061867041244
62978000000,6287,633437507837116032,map,0.023407811298966408,-0.013028227724134922,3.8914618492126465,0.16190901516278247,0.04450195118541008,-0.08024144612485956,-0.9825306199401456
62989000000,6288,633437507849116032,map,0.024574100971221924,-0.008924600668251514,3.8916754722595215,0.1586580285396068,0.04694024120217445,-0.08057107662706325,-0.9829204361420227
62997000000,6289,633437507857116032,map,0.025250278413295746,-0.006221121642738581,3.8918964862823486,0.1533182599092994,0.05044695909704605,-0.08105171928748145,-0.9835544933310206
63005000000,6290,633437507865116032,map,0.025834769010543823,-0.0033419812098145485,3.8921022415161133,0.14941492963322817,0.052659315664011705,-0.0813585904914893,-0.9840136832455468
63013000000,6291,633437507873116032,map,0.02632664330303669,-0.0002859872183762491,3.892289400100708,0.14526252728752573,0.054754488187048894,-0.08164485188657528,-0.9844972761853609
63025000000,6292,633437507885035136,map,0.026880670338869095,0.005070176441222429,3.8924009799957275,0.1386232659505062,0.05764133130744651,-0.08202286697086952,-0.985258068947831
63038000000,6293,633437507897035136,map,0.027227027341723442,0.010843254625797272,3.8924381732940674,0.13148178540080885,0.06025611388652828,-0.08236404570956524,-0.9860516519584426
63046000000,6294,633437507905035136,map,0.0273504126816988,0.0145887965336442,3.8924691677093506,0.12641715666593667,0.061869990472995316,-0.08255707827574515,-0.9865977908214468
63054000000,6295,633437507913035136,map,0.027381716296076775,0.01847139559686184,3.892460346221924,0.12125849040950253,0.06334038601624108,-0.08274180791276842,-0.9871363853985675
63061000000,6296,633437507921035136,map,0.02732156589627266,0.022499606013298035,3.8924055099487305,0.11590722622626379,0.06468198869297168,-0.08291557936917882,-0.9876775087865988
63069000000,6297,633437507929035136,map,0.02717006206512451,0.02668900042772293,3.892302989959717,0.11318154211785968,0.06531811634590265,-0.08297500642557915,-0.9879466585611895
63077000000,6298,633437507938035136,map,0.02692444808781147,0.031018011271953583,3.89214825630188,0.10478970418427982,0.06708783090473872,-0.08315320330108322,-0.988738513551012
63085000000,6299,633437507946035136,map,0.026587851345539093,0.03542489930987358,3.8919689655303955,0.09897180326521862,0.06814072503499165,-0.08322291418852024,-0.9892600386544859
63093000000,6300,633437507954035136,map,0.02615818940103054,0.03994715213775635,3.891725540161133,0.09602136186750708,0.06862558633152802,-0.08324579992726167,-0.9895153221159163
63102000000,6301,633437507962035136,map,0.025635769590735435,0.0445825532078743,3.8914120197296143,0.08708672718430106,0.0699084922777176,-0.08329342586607896,-0.9902479186367328
63110000000,6302,633437507970035136,map,0.025029810145497322,0.049246132373809814,3.8910326957702637,0.08110300838012462,0.07062809077630765,-0.08328419570625506,-0.9907057598521066
63118000000,6303,633437507977954240,map,0.024330144748091698,0.05403008311986923,3.8905739784240723,0.07509883913479726,0.07120098531485439,-0.08323787631974161,-0.9911417689999518
63126000000,6304,633437507985954240,map,0.023543918505311012,0.05887049809098244,3.8900375366210938,0.06904623920926384,0.07165204780233532,-0.08316867119448668,-0.9915551452901467
63134000000,6305,633437507993954240,map,0.022674696519970894,0.06377444416284561,3.889518976211548,0.06295748189751962,0.07197243991290879,-0.08306102814338984,-0.9919460994569337
63142000000,6306,633437508001954240,map,0.02171975001692772,0.0687330961227417,3.8889102935791016,0.056919862213181543,0.07217493378803486,-0.08292784410209542,-0.9923073822423691
63149000000,6307,633437508009954240,map,0.020678764209151268,0.07374683767557144,3.8882086277008057,0.05390667271911588,0.07221574840100611,-0.08284578418804478,-0.9924795521185361
63162000000,6308,633437508021954240,map,0.01893320120871067,0.08162612468004227,3.886873483657837,0.041944130072090795,0.07203085281076685,-0.08241740361978,-0.993106107168499
63173000000,6309,633437508033954240,map,0.016983773559331894,0.08963234722614288,3.885324239730835,0.03598719723650428,0.0717185262240549,-0.08213902368536552,-0.9933854986272778
63181000000,6310,633437508041954240,map,0.015594939701259136,0.09483139216899872,3.8842461109161377,0.027078633671824802,0.07100799884679006,-0.0816838798682964,-0.9937566859221132
63189000000,6311,633437508049954240,map,0.014124215580523014,0.10004407167434692,3.883108139038086,0.024134215322183263,0.07070314805733273,-0.08150087825206209,-0.9938693023013343
63197000000,6312,633437508057954240,map,0.012586819939315319,0.1052190288901329,3.881899356842041,0.015381205238645364,0.06958235271995072,-0.08094534064184006,-0.9941678284293369
63206000000,6313,633437508065954240,map,0.01096593588590622,0.1104145497083664,3.880603551864624,0.00964804582687138,0.06866422313781137,-0.0805211747584264,-0.994338270284715
63214000000,6314,633437508073873344,map,0.009264037944376469,0.115629643201828,3.8792240619659424,0.003993429701475473,0.06761569384055735,-0.08009772537143739,-0.9944831290030469
63222000000,6315,633437508081873344,map,0.007481326349079609,0.12084793299436569,3.8777670860290527,-0.0016465983459795998,0.06641437168073921,-0.07964097997412484,-0.9946073357656086
63230000000,6316,633437508089873344,map,0.005622020922601223,0.1260531097650528,3.8762409687042236,-0.007209861177228142,0.06511252401886652,-0.07916779730589307,-0.9947064230064576
63237000000,6317,633437508097873344,map,0.0036965596955269575,0.1312210112810135,3.8746602535247803,-0.012766290950661856,0.0636772763131008,-0.07868340357595738,-0.9947819080121407
63245000000,6318,633437508105873344,map,0.0017076454823836684,0.13634498417377472,3.8730125427246094,-0.018264518560480062,0.06213193313649052,-0.07817271021255079,-0.9948341279574457
63253000000,6319,633437508113873344,map,-0.0003529229434207082,0.14144493639469147,3.871312379837036,-0.02100314306846601,0.061308366594430445,-0.07792320086936633,-0.9948509024031531
63261000000,6320,633437508121873344,map,-0.0024976341519504786,0.14654773473739624,3.869546413421631,-0.029385487424418787,0.058627526732841946,-0.07718799124394232,-0.9948574773115207
63270000000,6321,633437508129873344,map,-0.004702461883425713,0.15159298479557037,3.86773419380188,-0.035220555940258594,0.056672038743937496,-0.07672804268614292,-0.9948168898964047
63278000000,6322,633437508137873344,map,-0.00698508694767952,0.15662738680839539,3.865865707397461,-0.04122527539952237,0.05455060346592196,-0.0762844471055657,-0.994738876079811
63286000000,6323,633437508145873344,map,-0.00930843222886324,0.16155457496643066,3.864055871963501,-0.047431130156592255,0.05228739672622791,-0.07586377941057859,-0.9946160180164018
63294000000,6324,633437508153873344,map,-0.011675029061734676,0.1663825958967209,3.8622331619262695,-0.050528063709969734,0.051137995285553954,-0.07566134809718067,-0.9945386785493844
63302000000,6325,633437508161873344,map,-0.014093427918851376,0.1711297184228897,3.860402822494507,-0.060040176483816106,0.04750608437540198,-0.07509072191519173,-0.9942332403382259
63309000000,6326,633437508169873344,map,-0.016573496162891388,0.17581066489219666,3.8585681915283203,-0.06665652969158097,0.0449822112314692,-0.0747288069270286,-0.9939563776903577
63317000000,6327,633437508177789376,map,-0.01911200024187565,0.18040812015533447,3.8567445278167725,-0.07003622554611934,0.04367847947375917,-0.07456165252583447,-0.9937946180857731
63325000000,6328,633437508185789376,map,-0.021711383014917374,0.18492290377616882,3.8549420833587646,-0.08032809872830896,0.03965074487177394,-0.07408585675299495,-0.993220282981115
63333000000,6329,633437508193789376,map,-0.02430609241127968,0.1892370879650116,3.8532145023345947,-0.08376817850441778,0.03828323637118832,-0.07393960718866216,-0.9930006136066762
63341000000,6330,633437508201789376,map,-0.026945386081933975,0.19343645870685577,3.8515682220458984,-0.09404433618046892,0.03415394366936001,-0.07351346040336848,-0.992262495848705
63350000000,6331,633437508209789376,map,-0.0296221524477005,0.1975061148405075,3.8499755859375,-0.10100277033290539,0.0313003386073693,-0.07324827243253801,-0.9916921646946556
63358000000,6332,633437508217789376,map,-0.03233528509736061,0.20143389701843262,3.848444700241089,-0.10791713205268966,0.02838697721672422,-0.07298177790940363,-0.9910710465881505
63366000000,6333,633437508225789376,map,-0.03508959338068962,0.20521976053714752,3.846978187561035,-0.11473055470446833,0.025387623084226766,-0.07272737953179187,-0.9904055478501634
63373000000,6334,633437508233789376,map,-0.03783547878265381,0.20878900587558746,3.845609188079834,-0.12142652989451533,0.02232239869586285,-0.07248701605473423,-0.9896983658789993
63381000000,6335,633437508241789376,map,-0.03973177820444107,0.2131892740726471,3.844533920288086,-0.12802907078976977,0.019225042603865445,-0.07225773719883499,-0.9889478148007171
63394000000,6336,633437508253789376,map,-0.04307358339428902,0.21901504695415497,3.8428938388824463,-0.13448395020126627,0.016049683231986498,-0.07204190318761072,-0.9881631669219899
63405000000,6337,633437508265789376,map,-0.046482257544994354,0.22440209984779358,3.841440200805664,-0.14677150563640506,0.009486143976672847,-0.0716003728026105,-0.9865300608358898
63414000000,6338,633437508273706432,map,-0.04847748950123787,0.22794371843338013,3.8406646251678467,-0.15263114510638223,0.006136718120443895,-0.07139688781799991,-0.9856818133627595
63422000000,6339,633437508281706432,map,-0.050464779138565063,0.23122544586658478,3.839946746826172,-0.15831258770085532,0.002786059468896017,-0.07121064089443035,-0.9848138833113746
63430000000,6340,633437508289706432,map,-0.05244165658950806,0.23425595462322235,3.8392791748046875,-0.16371753643238482,-0.0005688138675029554,-0.07101967352382749,-0.9839473862528392
63441000000,6341,633437508301706432,map,-0.055787891149520874,0.23800645768642426,3.8382022380828857,-0.1711240337313406,-0.005558705703253226,-0.07075789944772631,-0.9826896821464256
63453000000,6342,633437508313706432,map,-0.05908931419253349,0.24120260775089264,3.8372082710266113,-0.17571458944580626,-0.008859631073558246,-0.07060987971575605,-0.9818657112580376
63466000000,6343,633437508325706432,map,-0.06233835220336914,0.24383415281772614,3.836460828781128,-0.1839370128534405,-0.015259298113505498,-0.07031948792951598,-0.9803007144791311
63474000000,6344,633437508333706432,map,-0.06421652436256409,0.24547185003757477,3.8361384868621826,-0.1874171518919699,-0.018435663741392643,-0.07018487089537218,-0.9795964406405142
63481000000,6345,633437508341706432,map,-0.06605555862188339,0.24684040248394012,3.835827112197876,-0.190509782268578,-0.021638002364674624,-0.0700682505655425,-0.9789424479921706
63494000000,6346,633437508353706432,map,-0.06907597184181213,0.24809567630290985,3.835177421569824,-0.19324887434316462,-0.02483268079823976,-0.06996857326881428,-0.9783366713385235
63505000000,6347,633437508365706432,map,-0.07197536528110504,0.24876071512699127,3.834559917449951,-0.19741680780254334,-0.03118951083503174,-0.06982455748745259,-0.9773322697916603
63517000000,6348,633437508377622464,map,-0.07473770529031754,0.2488313764333725,3.833970308303833,-0.19937783217512642,-0.03593725322101871,-0.06980162960186265,-0.9767726439371327
63530000000,6349,633437508389622464,map,-0.077358178794384,0.2483038604259491,3.8334577083587646,-0.20040042535547803,-0.04063358698853455,-0.06982013206835891,-0.9763779387008281
63541000000,6350,633437508401622464,map,-0.07983317226171494,0.2471747100353241,3.832963466644287,-0.2004271569941461,-0.04516463662125885,-0.06990067469586325,-0.9761674994862133
63553000000,6351,633437508413622464,map,-0.08214027434587479,0.24545152485370636,3.8324878215789795,-0.19954643010588213,-0.04950831717057191,-0.07002884326218489,-0.9761281764765526
63561000000,6352,633437508421622464,map,-0.08340874314308167,0.24413593113422394,3.832298517227173,-0.19846754454098814,-0.05227535260572127,-0.07013437897085606,-0.9761962857837463
63569000000,6353,633437508429622464,map,-0.08455504477024078,0.2426050752401352,3.832122802734375,-0.19699197810626565,-0.054910147035311614,-0.07022769209345919,-0.9763437997535344
63577000000,6354,633437508437622464,map,-0.08563659340143204,0.24079664051532745,3.8319520950317383,-0.19508304723844205,-0.057411789033743936,-0.070329392438916,-0.9765758181545868
63585000000,6355,633437508445622464,map,-0.08662805706262589,0.2387513816356659,3.8317792415618896,-0.19284659847919638,-0.05981098784851443,-0.070443231076744,-0.9768677693742218
63597000000,6356,633437508457622464,map,-0.08820811659097672,0.23496486246585846,3.8313405513763428,-0.19032464696813783,-0.062052241348490376,-0.07055323435135741,-0.9772145536437695
63610000000,6357,633437508469622464,map,-0.08957016468048096,0.23064544796943665,3.830909490585327,-0.1843526545367428,-0.06635013988360847,-0.07081488198691305,-0.9780578277887754
63621000000,6358,633437508481538496,map,-0.09070538729429245,0.2258177548646927,3.8304901123046875,-0.17912700903549075,-0.06949623880590873,-0.07103042097019774,-0.9787944704070488
63633000000,6359,633437508493538496,map,-0.09161421656608582,0.22046756744384766,3.830101251602173,-0.17536899582472903,-0.07150176498216324,-0.07116689246567603,-0.9793204630764648
63641000000,6360,633437508501538496,map,-0.09193036705255508,0.21681131422519684,3.8299524784088135,-0.16939535439788597,-0.07442188830781629,-0.07135655328397494,-0.9801402192800016
63649000000,6361,633437508509538496,map,-0.09214600175619125,0.21295253932476044,3.829791784286499,-0.1651509402135282,-0.07634165091570719,-0.07148227733308299,-0.9807076423015038
63657000000,6362,633437508517538496,map,-0.09226401150226593,0.20890042185783386,3.8296103477478027,-0.16071335648573287,-0.07818378956535316,-0.07160690556412974,-0.9812904910695609
63665000000,6363,633437508525538496,map,-0.0922834500670433,0.20467716455459595,3.8293967247009277,-0.15619496671263003,-0.07985619231933361,-0.07168331780047998,-0.9818796618648948
63673000000,6364,633437508533538496,map,-0.09220542013645172,0.20029319822788239,3.82920241355896,-0.1538971047267479,-0.08062494556781627,-0.07171438002783254,-0.9821774293496243
63685000000,6365,633437508545538496,map,-0.09210887551307678,0.19311003386974335,3.8286352157592773,-0.14440555278257555,-0.08339306365013673,-0.07174093254239439,-0.9833849365594614
63693000000,6366,633437508553538496,map,-0.09178230166435242,0.18827152252197266,3.8283069133758545,-0.14193558677497722,-0.08400433256498038,-0.07173756079451354,-0.9836926928472878
63701000000,6367,633437508561538496,map,-0.09135521948337555,0.18330730497837067,3.8279314041137695,-0.13442180203895893,-0.08556963754271664,-0.07166806064131903,-0.9846178583189505
63709000000,6368,633437508569538496,map,-0.09083057194948196,0.17821726202964783,3.827504873275757,-0.1318854178664635,-0.08598799506356987,-0.0716219941358966,-0.9849277640960511
63718000000,6369,633437508577454528,map,-0.09021204710006714,0.17302384972572327,3.8270692825317383,-0.12424464204170382,-0.08702971237643331,-0.0714478855046981,-0.985841971387101
63726000000,6370,633437508585454528,map,-0.08949458599090576,0.16766224801540375,3.826580762863159,-0.1190100126762739,-0.08762009621075081,-0.07131723027431436,-0.9864447556145037
63734000000,6371,633437508593454528,map,-0.08867781609296799,0.16219620406627655,3.8260509967803955,-0.1163772439295901,-0.08788503393466832,-0.07124292538038962,-0.9867405843442016
63741000000,6372,633437508601454528,map,-0.0877593457698822,0.15659117698669434,3.825472116470337,-0.10843338155611,-0.0884635448700514,-0.07098283717822895,-0.9876122233182556
63749000000,6373,633437508609454528,map,-0.08674117177724838,0.15084969997406006,3.8248403072357178,-0.10310646639750941,-0.08863113786188792,-0.07075515990257314,-0.9881838188777602
63757000000,6374,633437508617454528,map,-0.08563153445720673,0.14504030346870422,3.8241641521453857,-0.10042987546508642,-0.08866621721073914,-0.0706362636429238,-0.9884648119167824
63765000000,6375,633437508625454528,map,-0.0844147726893425,0.13907437026500702,3.8235132694244385,-0.0923523937523921,-0.08868163900602707,-0.07026343262099644,-0.9892774031560725
63773000000,6376,633437508633454528,map,-0.0831252858042717,0.13316258788108826,3.8228344917297363,-0.0895819414590631,-0.08863172956412835,-0.07011684588187556,-0.9895469743991481
63782000000,6377,633437508641454528,map,-0.08251769840717316,0.12893855571746826,3.8221545219421387,-0.08154005045503046,-0.08827964368201918,-0.06967282883281334,-0.9903048168822224
63793000000,6378,633437508653454528,map,-0.08114134520292282,0.1212877482175827,3.820847511291504,-0.07616510369419563,-0.08780569315089108,-0.06933135506617805,-0.9907987779467702
63801000000,6379,633437508661454528,map,-0.08025339990854263,0.11675379425287247,3.820028066635132,-0.06799721764998998,-0.0867986633528966,-0.06876780955473893,-0.9915207113149132
63809000000,6380,633437508669454528,map,-0.07926380634307861,0.1121571883559227,3.819162607192993,-0.06250132128773003,-0.08598466019418144,-0.06834912276163163,-0.9919822193061075
63818000000,6381,633437508677371584,map,-0.07816967368125916,0.10747665911912918,3.818300247192383,-0.057008098616172495,-0.0850064239377095,-0.06788150347740324,-0.9924293552219596
63826000000,6382,633437508685371584,map,-0.0769723579287529,0.10271138697862625,3.817394256591797,-0.051508742261067615,-0.08381486272458868,-0.0673840863712778,-0.9928652379292593
63837000000,6383,633437508697371584,map,-0.07476326078176498,0.09451509267091751,3.8157920837402344,-0.045983639449878634,-0.08242981059831042,-0.06685674500270938,-0.9932880551135206
63845000000,6384,633437508705371584,map,-0.0733126774430275,0.0895775854587555,3.8147971630096436,-0.03769262599755995,-0.08012962658449313,-0.06603281626116997,-0.9938804290693413
63853000000,6385,633437508713371584,map,-0.07175688445568085,0.08456071466207504,3.8137664794921875,-0.03493963995094391,-0.079309107786416,-0.0657530033339061,-0.9940653272937585
63862000000,6386,633437508721371584,map,-0.0701199471950531,0.07953205704689026,3.8127174377441406,-0.02682837885625714,-0.07666468280194091,-0.06489860242089329,-0.9945807832510467
63870000000,6387,633437508729371584,map,-0.06839271634817123,0.07445543259382248,3.811643123626709,-0.021511345816543338,-0.07468694983810131,-0.06432215997380974,-0.9948979382860912
63881000000,6388,633437508741371584,map,-0.06545452773571014,0.0660138800740242,3.8098747730255127,-0.013585644124959871,-0.07150798954485271,-0.0634527126358786,-0.9953270353507806
63894000000,6389,633437508753371584,map,-0.06233187019824982,0.057545095682144165,3.808091878890991,-0.005839827816998941,-0.06813752714286077,-0.06260269499511079,-0.9956927857021581
63902000000,6390,633437508761371584,map,-0.06027519702911377,0.052393633872270584,3.8069941997528076,-0.0008012853471769264,-0.0657274676120646,-0.0620418468819764,-0.995906680958351
63910000000,6391,633437508769371584,map,-0.05813728645443916,0.04722749814391136,3.8059027194976807,0.004218907438474655,-0.06317215950458777,-0.06148521345369302,-0.996097985503742
63918000000,6392,633437508777288640,map,-0.05594002455472946,0.04210296645760536,3.8048384189605713,0.009198259927919174,-0.06049846616799989,-0.06095930507797404,-0.9962626953877225
63930000000,6393,633437508789288640,map,-0.05234736204147339,0.033776190131902695,3.8032004833221436,0.01664134595973848,-0.056347612718980235,-0.06018059990488678,-0.9964569080656607
63941000000,6394,633437508801288640,map,-0.04860617592930794,0.025484193116426468,3.801605224609375,0.024303666726621306,-0.051939423783843225,-0.0594434093775828,-0.9965833064643448
63949000000,6395,633437508809288640,map,-0.046152327209711075,0.020434357225894928,3.8006412982940674,0.02980531876788102,-0.04886867025579028,-0.05897397777886837,-0.9966171082368506
63957000000,6396,633437508817288640,map,-0.04361306130886078,0.01534214522689581,3.7996819019317627,0.03267773647083128,-0.047314205579199936,-0.05874887146097174,-0.9966153802160616
63965000000,6397,633437508825288640,map,-0.04110828414559364,0.010471664369106293,3.7987868785858154,0.04183945347588921,-0.042624516813882865,-0.0581667813361878,-0.996518568905032
63977000000,6398,633437508837288640,map,-0.03707636147737503,0.0025884993374347687,3.7974088191986084,0.051694339201207994,-0.03792022885768639,-0.057686222969466516,-0.9962741171836689
63990000000,6399,633437508849288640,map,-0.0329551100730896,-0.005121663212776184,3.796220302581787,0.06252638417461495,-0.03308486910054582,-0.0573265417642746,-0.9958461580838893
63998000000,6400,633437508857288640,map,-0.03025219216942787,-0.009794352576136589,3.795595645904541,0.07018214715528728,-0.029821355643739292,-0.057155425559320405,-0.9954488818898255
64006000000,6401,633437508865288640,map,-0.027538157999515533,-0.014336363412439823,3.795048952102661,0.07796186270034114,-0.02651090245149277,-0.057014528644748486,-0.9949715688304397
64014000000,6402,633437508873205696,map,-0.024819307029247284,-0.018741555511951447,3.794578790664673,0.08187361971193652,-0.024830346916503473,-0.056957166783925095,-0.9947040627829411
64021000000,6403,633437508881205696,map,-0.022090595215559006,-0.023015299811959267,3.794184684753418,0.09382794372350198,-0.019637652348252873,-0.05687215659047862,-0.9937686977739388
64034000000,6404,633437508893205696,map,-0.01783587969839573,-0.029697272926568985,3.7936513423919678,0.10601349061435428,-0.014231900192423635,-0.05688492708557741,-0.9926342310525711
64045000000,6405,633437508905205696,map,-0.013571405783295631,-0.03604282811284065,3.793278455734253,0.11791111921213848,-0.008621864896040134,-0.056991811493401046,-0.9913499322847472
64053000000,6406,633437508913205696,map,-0.01086463499814272,-0.03968260809779167,3.7931902408599854,0.12180171587160336,-0.006723454935276072,-0.057059288597866964,-0.9908902366080388
64065000000,6407,633437508925205696,map,-0.006707135122269392,-0.04527691751718521,3.793086051940918,0.1370640064113532,0.0007018609315398334,-0.05735739325738454,-0.9888999359808088
64078000000,6408,633437508937205696,map,-0.0026238937862217426,-0.05039395019412041,3.7931272983551025,0.1478791985722564,0.006144383578516797,-0.05764133657580245,-0.9873051413800051
64089000000,6409,633437508949205696,map,0.00142941833473742,-0.055082157254219055,3.793297290802002,0.15794153738327765,0.011437321791772526,-0.0579640549948503,-0.9856794109923943
64102000000,6410,633437508961205696,map,0.00537630170583725,-0.059243228286504745,3.793590784072876,0.16722378544356684,0.016524103963893286,-0.058291451714082954,-0.9840555772129667
64110000000,6411,633437508969205696,map,0.007848354056477547,-0.06142937391996384,3.7938930988311768,0.17276560606563546,0.019811858444038658,-0.058531478016352556,-0.9830226843965102
64121000000,6412,633437508981122752,map,0.011565938591957092,-0.06467239558696747,3.794299840927124,0.1799730912142789,0.02467160607994336,-0.05893010290956857,-0.9815947491689611
64133000000,6413,633437508993122752,map,0.015159820206463337,-0.06737223267555237,3.7947587966918945,0.18408849389534482,0.027887753064468727,-0.05922062113635418,-0.9807275777608494
64141000000,6414,633437509001122752,map,0.01740981452167034,-0.06861782819032669,3.795145273208618,0.1892629362440122,0.032681314343143135,-0.05970741723665496,-0.9795644933293428
64149000000,6415,633437509009122752,map,0.01957867667078972,-0.06960675120353699,3.7955431938171387,0.19204255778179807,0.035857822216644,-0.06007224035736525,-0.9788898065783804
64157000000,6416,633437509017122752,map,0.021671507507562637,-0.07034443318843842,3.795955181121826,0.19323944925416653,0.0374248789227715,-0.06026122682608814,-0.9785839047518885
64165000000,6417,633437509025122752,map,0.023679064586758614,-0.0708308145403862,3.796375036239624,0.19610605661892283,0.042057671047801094,-0.06088862481302132,-0.9777864020843653
64174000000,6418,633437509033122752,map,0.025609154254198074,-0.07107360661029816,3.7967941761016846,0.19741876236264316,0.0450677778950249,-0.06133407485493292,-0.9773601710053745
64182000000,6419,633437509041122752,map,0.0276962760835886,-0.07167791575193405,3.797050952911377,0.19828780930551354,0.047948557137593,-0.061801820579706845,-0.977017685714375
64190000000,6420,633437509049122752,map,0.029687469825148582,-0.07202861458063126,3.7972142696380615,0.19874226823629437,0.05068981977487793,-0.06227475036684754,-0.9767568388689412
64198000000,6421,633437509057122752,map,0.03158752620220184,-0.07212749868631363,3.797356367111206,0.19876962680933402,0.05325704226959319,-0.06274999823065636,-0.9765842053774405
64206000000,6422,633437509065122752,map,0.03337595984339714,-0.07197417318820953,3.797473907470703,0.19837936279719132,0.055709467285676904,-0.06322937648561933,-0.9764958655829616
64213000000,6423,633437509073039808,map,0.035064809024333954,-0.07157829403877258,3.797569513320923,0.19804857325665357,0.05687866301021761,-0.0634862615272932,-0.9764789646967088
64221000000,6424,633437509081039808,map,0.03664781153202057,-0.07094235718250275,3.7976391315460205,0.19649262751346475,0.06016408360862669,-0.0642234942014458,-0.9765481698219638
64229000000,6425,633437509089039808,map,0.038128677755594254,-0.07006686925888062,3.797661542892456,0.1950303742145157,0.06219262196416816,-0.06470911018998826,-0.9766821968002284
64237000000,6426,633437509097039808,map,0.039503470063209534,-0.06895449757575989,3.7976574897766113,0.19417853372254987,0.06316630899517894,-0.06496274992432688,-0.9767725596434356
64245000000,6427,633437509105039808,map,0.040767066180706024,-0.06761372834444046,3.797626495361328,0.19124108277380278,0.06601853901623701,-0.06571844291812723,-0.9771128532983127
64254000000,6428,633437509113039808,map,0.04191935434937477,-0.06604613363742828,3.7975659370422363,0.18895896790419553,0.06786405468211992,-0.06624591072724101,-0.977394773568002
64262000000,6429,633437509121039808,map,0.04295668005943298,-0.06426572799682617,3.7974700927734375,0.18641027948611294,0.06962259505774451,-0.06679601139400526,-0.977723013224205
64270000000,6430,633437509129039808,map,0.043885573744773865,-0.062267005443573,3.7973320484161377,0.18362092729467708,0.07128991384812336,-0.06735580583592687,-0.9780922196171603
64282000000,6431,633437509142039808,map,0.04503573104739189,-0.05882972106337547,3.797088384628296,0.17908398763987338,0.07364731352588319,-0.06818310632534724,-0.9787012837249912
64290000000,6432,633437509150039808,map,0.045686934143304825,-0.056292567402124405,3.7968883514404297,0.1758276220251565,0.07510630571242874,-0.06874129918702554,-0.9791416339982331
64298000000,6433,633437509158039808,map,0.046221617609262466,-0.05358091741800308,3.7966225147247314,0.17237998874354113,0.07640335390192726,-0.06927997805784325,-0.9796162496593142
64306000000,6434,633437509166039808,map,0.04664178192615509,-0.050697531551122665,3.7962841987609863,0.16878875588069306,0.07753219928737484,-0.06981975274672225,-0.9801144675555615
64314000000,6435,633437509173957888,map,0.04695140942931175,-0.04764784127473831,3.7958667278289795,0.16692274104136567,0.07803398386067736,-0.07007646920100213,-0.9803758201631776
64321000000,6436,633437509181957888,map,0.04714976251125336,-0.04441962018609047,3.7953667640686035,0.16118018551655178,0.07928823719386913,-0.07082984411813442,-0.9811817100535543
64329000000,6437,633437509189957888,map,0.047235339879989624,-0.04100700095295906,3.7947847843170166,0.15722527803461533,0.07991866448553903,-0.07131276270837222,-0.981737121223231
64337000000,6438,633437509197957888,map,0.047208257019519806,-0.037443116307258606,3.794128179550171,0.15521085360496897,0.08017994860452624,-0.07154575048694034,-0.9820193365208598
64345000000,6439,633437509205957888,map,0.047068510204553604,-0.033717911690473557,3.7934086322784424,0.14893704495720936,0.08072764426674728,-0.07221352515474705,-0.9828968339068567
64353000000,6440,633437509213957888,map,0.04681776463985443,-0.029849624261260033,3.7926230430603027,0.14677613125302927,0.0808369126056898,-0.07242712538300022,-0.9831970880556482
64361000000,6441,633437509221957888,map,0.046455904841423035,-0.025832585990428925,3.7917747497558594,0.14027135524125195,0.0809477798906977,-0.07305928596381511,-0.9840903062161397
64373000000,6442,633437509233957888,map,0.04566212743520737,-0.019477827474474907,3.7904038429260254,0.1358689720344973,0.08086887835610729,-0.0734536540253316,-0.9846849561017799
64381000000,6443,633437509241957888,map,0.04501897469162941,-0.015101187862455845,3.7894058227539062,0.12905436663678227,0.08053988795916533,-0.07404476357569689,-0.9855839905273658
64389000000,6444,633437509249957888,map,0.044271424412727356,-0.010624280199408531,3.788360357284546,0.1244526446416393,0.08018353898918376,-0.07441654092641148,-0.9861766173642774
64402000000,6445,633437509261957888,map,0.04290786758065224,-0.00362311489880085,3.786659002304077,0.11772756046725044,0.0794253448433421,-0.07499715591149753,-0.9870194700407984
64413000000,6446,633437509273875968,map,0.041297752410173416,0.003663104958832264,3.784841299057007,0.11331840347168669,0.0787616860787104,-0.0753698604928793,-0.9875601719603445
64425000000,6447,633437509285875968,map,0.03944744914770126,0.011202899739146233,3.7829132080078125,0.10439909377772594,0.0770325734229695,-0.07610233057315019,-0.9886229047455468
64433000000,6448,633437509293875968,map,0.038109131157398224,0.01633100025355816,3.781543493270874,0.10214748795808451,0.07648602889654842,-0.07627584914846958,-0.9888872076325586
64441000000,6449,633437509301875968,map,0.03667802736163139,0.02152266725897789,3.780141830444336,0.09538688123439056,0.0746500482965966,-0.07676020073155676,-0.9896649012812817
64454000000,6450,633437509313875968,map,0.03430325910449028,0.029538007453083992,3.778020143508911,0.08863045297559974,0.07244920703889754,-0.07719511406134066,-0.990422490883265
64466000000,6451,633437509325875968,map,0.03169672563672066,0.037774909287691116,3.7758729457855225,0.08175409256664865,0.0699401386340487,-0.07758674257770387,-0.9911635167737834
64477000000,6452,633437509337875968,map,0.029527392238378525,0.04431518539786339,3.7741549015045166,0.0771841871615921,0.06810263778410021,-0.077842742535559,-0.991637668819531
64482000000,6453,633437509342875968,map,0.0276689063757658,0.04972841218113899,3.77272367477417,0.07205150081527015,0.065908157737076,-0.07810923705869344,-0.9921509752875453
64490000000,6454,633437509350875968,map,0.025677328929305077,0.055335987359285355,3.771256685256958,0.0676255427029465,0.06392269510707395,-0.07832865355204116,-0.9925751411709587
64498000000,6455,633437509357875968,map,0.02358267270028591,0.06105222925543785,3.769782543182373,0.06334786008481638,0.061865706394016694,-0.0785577216736979,-0.9929695092324752
64506000000,6456,633437509365875968,map,0.021403269842267036,0.06683912128210068,3.7683353424072266,0.059208275011452344,0.05973173306653416,-0.07877654811116641,-0.9933382941569455
64514000000,6457,633437509373790976,map,0.01914321817457676,0.0726776272058487,3.7668964862823486,0.05520184841962401,0.05749511557583781,-0.07898888393396425,-0.9936839826084318
64522000000,6458,633437509381790976,map,0.016788708046078682,0.07860182970762253,3.7654623985290527,0.05129949649373744,0.05517944811050303,-0.07919392835196981,-0.9940080497266321
64529000000,6459,633437509389790976,map,0.014382408000528812,0.08451066166162491,3.764064311981201,0.04752502987771601,0.05280329868278417,-0.07936980715080577,-0.9943106219520919
64537000000,6460,633437509397790976,map,0.011909176595509052,0.09044957160949707,3.7626965045928955,0.043868090571947835,0.050381376954401834,-0.07955150221473628,-0.9945898448234765
64545000000,6461,633437509405790976,map,0.00935671292245388,0.0964491218328476,3.7614002227783203,0.04027079613617604,0.04784147384932798,-0.07971789797265721,-0.9948540212699428
64558000000,6462,633437509417790976,map,0.005371538922190666,0.10554566979408264,3.7595322132110596,0.036754371295256785,0.045207551332666206,-0.07986642346680967,-0.9951014232707018
64569000000,6463,633437509429790976,map,0.0012375048827379942,0.11473546177148819,3.7577784061431885,0.02999949720150481,0.039671751124489556,-0.08013961933885727,-0.9955419421313376
64582000000,6464,633437509441790976,map,-0.0017773773288354278,0.12437081336975098,3.7563185691833496,0.025095649144806283,0.035300384376244144,-0.08033404275103795,-0.9958265597993317
64593000000,6465,633437509453790976,map,-0.004905492998659611,0.1339731216430664,3.755018711090088,0.021935161025006603,0.03234758802337205,-0.08045243324850504,-0.9959919018860399
64605000000,6466,633437509465790976,map,-0.008178778924047947,0.1436375230550766,3.7538604736328125,0.015632052414997828,0.026268908747505752,-0.08072701996655357,-0.9962674158347558
64618000000,6467,633437509477705984,map,-0.011563487350940704,0.15331225097179413,3.7528462409973145,0.012440332163362555,0.023195931973193862,-0.080891308382049,-0.9963753960606405
64629000000,6468,633437509489705984,map,-0.015007562935352325,0.1629057377576828,3.751986026763916,0.005707260173364111,0.016928099946116448,-0.08126696324282662,-0.9965323087776466
64641000000,6469,633437509501705984,map,-0.01853269338607788,0.17249330878257751,3.7512495517730713,0.002056965087773107,0.013778713569632341,-0.08149742221048428,-0.996576141500098
64654000000,6470,633437509513705984,map,-0.022120214998722076,0.1820497065782547,3.750582218170166,-0.006421608384705106,0.007339670877622835,-0.08205494072258634,-0.996580187597555
64662000000,6471,633437509521705984,map,-0.024180283769965172,0.1884709894657135,3.750183343887329,-0.011432866079631407,0.0040537339391604615,-0.08239919618122327,-0.996525565281885
64669000000,6472,633437509529705984,map,-0.026243403553962708,0.194830060005188,3.749783992767334,-0.0169627716559171,0.0007352695529743296,-0.0827664638191472,-0.9964244128454587
64677000000,6473,633437509537705984,map,-0.028316818177700043,0.20114107429981232,3.7493770122528076,-0.01992057360559437,-0.0009336040609878583,-0.08297357343272976,-0.9963522574408081
64690000000,6474,633437509549705984,map,-0.0319686122238636,0.21045014262199402,3.7486987113952637,-0.03302366529106292,-0.007682901599846229,-0.08389515642226891,-0.9958976615327696
64698000000,6475,633437509557705984,map,-0.03402824327349663,0.21659192442893982,3.7482781410217285,-0.03661661695507682,-0.009393622424568178,-0.0841560032677029,-0.9957352697254571
64706000000,6476,633437509565705984,map,-0.03612091764807701,0.22273485362529755,3.7478532791137695,-0.04766760361124124,-0.014471418098333003,-0.08497824613530192,-0.9951367423297539
64713000000,6477,633437509573622016,map,-0.038193270564079285,0.22877779603004456,3.747438669204712,-0.05547017855325619,-0.01795842970734772,-0.08557740573373274,-0.9946241523581645
64721000000,6478,633437509581622016,map,-0.04022159427404404,0.23468130826950073,3.747042655944824,-0.05943213114433903,-0.01971978733637748,-0.08588832303519767,-0.9943350671242281
64729000000,6479,633437509589622016,map,-0.04223854839801788,0.24050067365169525,3.7466626167297363,-0.07141926516038122,-0.024964898096196456,-0.08685681546712942,-0.9933438996877975
64737000000,6480,633437509597622016,map,-0.04422183334827423,0.24619580805301666,3.7463035583496094,-0.0754171150125942,-0.02670549971942361,-0.08719883714279542,-0.9929729652740531
64749000000,6481,633437509609622016,map,-0.04755065590143204,0.25437062978744507,3.7457773685455322,-0.09118529680919833,-0.03364041329621298,-0.08861631995191377,-0.9913126323238151
64762000000,6482,633437509621622016,map,-0.05079188570380211,0.2622743844985962,3.7453114986419678,-0.1026127746776655,-0.03871662978024767,-0.0897558021482543,-0.9899068663385826
64773000000,6483,633437509633622016,map,-0.05389680340886116,0.2698148787021637,3.7449584007263184,-0.10992291637839127,-0.0420323724019823,-0.09054698278850087,-0.9889143080561511
64785000000,6484,633437509645622016,map,-0.056521225720644,0.2781441807746887,3.7448418140411377,-0.12361926446932114,-0.0484244556433756,-0.0922166301922599,-0.9868483116889957
64793000000,6485,633437509653622016,map,-0.05779656022787094,0.2838412821292877,3.7448854446411133,-0.12991564275445833,-0.05150238994074359,-0.09308009267770256,-0.9858019318810156
64801000000,6486,633437509661622016,map,-0.059024278074502945,0.2893425524234772,3.744950532913208,-0.1329276277706189,-0.05299017105900012,-0.0935156803570627,-0.9852802803369962
64809000000,6487,633437509669622016,map,-0.06017770245671272,0.29460012912750244,3.745037317276001,-0.1413384765670552,-0.05728876765129669,-0.09485489646849637,-0.9837398551707716
64817000000,6488,633437509677538048,map,-0.0612533800303936,0.2996167242527008,3.7451469898223877,-0.1439286269473604,-0.058674013389660294,-0.09530481407635005,-0.9832390241699166
64829000000,6489,633437509689538048,map,-0.06321010738611221,0.306165874004364,3.7452781200408936,-0.15323650555990026,-0.06400293447483221,-0.09720723852443486,-0.9813119016686045
64842000000,6490,633437509701538048,map,-0.06495442986488342,0.3122258186340332,3.7454540729522705,-0.1591616201590391,-0.0677630813697998,-0.09869519086426348,-0.9799669114389249
64853000000,6491,633437509713538048,map,-0.0664622038602829,0.31778302788734436,3.7456674575805664,-0.16267669366662796,-0.07015849223656041,-0.09970300630585593,-0.9791187482594916
64865000000,6492,633437509725538048,map,-0.0677105039358139,0.32281070947647095,3.745899200439453,-0.16847647934336357,-0.07460361498188313,-0.10175294472372887,-0.9775972470282484
64878000000,6493,633437509737538048,map,-0.06870422512292862,0.32733452320098877,3.7461366653442383,-0.17078722245982186,-0.07666666106964287,-0.10278689121139811,-0.9769282922486834
64889000000,6494,633437509749538048,map,-0.06943652033805847,0.33135294914245605,3.746396064758301,-0.17443683397621357,-0.08033688239495643,-0.10487349738747542,-0.975766050754147
64901000000,6495,633437509761538048,map,-0.06990978866815567,0.3348572552204132,3.7466256618499756,-0.17577416401617638,-0.08197446658371084,-0.10592232171266902,-0.9752764308149959
64914000000,6496,633437509773454080,map,-0.07011670619249344,0.337846964597702,3.746812582015991,-0.1774794202385711,-0.08484323924280941,-0.10807830160139525,-0.9744854187621435
64926000000,6497,633437509785454080,map,-0.07005245238542557,0.34032687544822693,3.746946334838867,-0.17799170991386493,-0.08654395414227706,-0.10966411892346617,-0.9740651303887928
64934000000,6498,633437509793454080,map,-0.06960892677307129,0.3419950604438782,3.74707293510437,-0.1779916150834558,-0.08749654667560818,-0.11073426955400623,-0.9738589901527261
64942000000,6499,633437509801454080,map,-0.06904784590005875,0.34342992305755615,3.74717116355896,-0.17771526346612593,-0.0883190793027907,-0.11182519858086226,-0.9737104646585737
64950000000,6500,633437509809454080,map,-0.06836746633052826,0.34463608264923096,3.7471132278442383,-0.17718766131393243,-0.08897624086730668,-0.11289433768703816,-0.9736234314163987
64957000000,6501,633437509817454080,map,-0.06757096201181412,0.3456158936023712,3.7470288276672363,-0.17640945136631517,-0.08946566060892729,-0.11396882944297487,-0.9735947715594113
64965000000,6502,633437509825454080,map,-0.06665873527526855,0.3463750183582306,3.7469162940979004,-0.17540059279022202,-0.08977859042240853,-0.11504968537303673,-0.9736211133397306
64973000000,6503,633437509833454080,map,-0.06562840193510056,0.34691327810287476,3.746774196624756,-0.17417319753624383,-0.08994211492627475,-0.11612923475079484,-0.9736981577788084
64981000000,6504,633437509841454080,map,-0.06447973847389221,0.3472282588481903,3.746638298034668,-0.1727359741969542,-0.08995171913937917,-0.11721919440013495,-0.9738227017161583
64990000000,6505,633437509849454080,map,-0.0632171705365181,0.3473292589187622,3.7464733123779297,-0.1711207989607174,-0.0898137962118053,-0.11828559396115762,-0.9739916262849899
64998000000,6506,633437509857454080,map,-0.061842046678066254,0.34722432494163513,3.746279239654541,-0.16933078279178926,-0.0895311146646647,-0.11935641894127397,-0.9741998738634822
65006000000,6507,633437509865454080,map,-0.06035121530294418,0.3469070792198181,3.74605655670166,-0.16734532114960396,-0.08911513317239629,-0.12041565353804978,-0.974450647612122
65013000000,6508,633437509874370112,map,-0.058751195669174194,0.3463766872882843,3.7458019256591797,-0.16521572782222355,-0.08853615928022408,-0.12146426712900071,-0.974736740419814
65021000000,6509,633437509882370112,map,-0.05704395845532417,0.3456386923789978,3.745539903640747,-0.16296386912149105,-0.08781497928699812,-0.12250091101497473,-0.9750512402034022
65029000000,6510,633437509890370112,map,-0.05522717908024788,0.3446944057941437,3.7452468872070312,-0.1605943996399889,-0.08692350495236388,-0.12354155885155715,-0.9753929247042801
65037000000,6511,633437509898370112,map,-0.0533079095184803,0.3435520529747009,3.7449240684509277,-0.15936479957899796,-0.08640833085212506,-0.12405233650866077,-0.9755755469988778
65045000000,6512,633437509905370112,map,-0.05129118636250496,0.3422217071056366,3.7445762157440186,-0.15548579593705164,-0.08466169959538282,-0.12555187923182975,-0.976162610451786
65054000000,6513,633437509914370112,map,-0.04916609823703766,0.340694785118103,3.744204044342041,-0.15278783391825557,-0.08332150883807735,-0.1265317513128596,-0.9765772932942848
65062000000,6514,633437509922370112,map,-0.04693184792995453,0.33897560834884644,3.743807792663574,-0.14998999967355692,-0.08180930098693072,-0.12749497538872762,-0.9770134288826754
65070000000,6515,633437509930370112,map,-0.04459977149963379,0.3370742201805115,3.7433691024780273,-0.14709972421918366,-0.08013439839799795,-0.1284471569902857,-0.9774669289726527
65078000000,6516,633437509938370112,map,-0.04217144474387169,0.33499372005462646,3.7429139614105225,-0.14413989856223336,-0.07830796471777836,-0.1293928058303246,-0.9779310922153032
65085000000,6517,633437509945370112,map,-0.03966347500681877,0.3327597975730896,3.7424535751342773,-0.14113826059738224,-0.07638198281555406,-0.1303104270161038,-0.9783992594085622
65098000000,6518,633437509957370112,map,-0.035907648503780365,0.32881638407707214,3.741734743118286,-0.13653811910905841,-0.07328379168912054,-0.1316760270547052,-0.9791059356175442
65109000000,6519,633437509970370112,map,-0.03189393877983093,0.3244696855545044,3.7410266399383545,-0.1318388403305029,-0.06991049491156623,-0.13303905613554762,-0.9798121482111929
65117000000,6520,633437509977286144,map,-0.02902713231742382,0.32160231471061707,3.7405951023101807,-0.13023212607410467,-0.0687181315912347,-0.13349289340031284,-0.9800495192620062
65130000000,6521,633437509989286144,map,-0.02470172382891178,0.31672096252441406,3.739961862564087,-0.12408555876199945,-0.06392377742497267,-0.13520262245700582,-0.9809367104231606
65141000000,6522,633437510001286144,map,-0.020194577053189278,0.31152549386024475,3.7394556999206543,-0.11952287528528968,-0.06008912280437191,-0.13642226795921408,-0.981576583877253
65153000000,6523,633437510013286144,map,-0.015501117333769798,0.3060108423233032,3.739013195037842,-0.11509733765363439,-0.05604747447402202,-0.1375741413290168,-0.9821836670832038
65166000000,6524,633437510026286144,map,-0.010625610128045082,0.30016982555389404,3.7386417388916016,-0.11084080625032973,-0.05181801188417349,-0.1386660818802371,-0.9827517223074336
65177000000,6525,633437510037286144,map,-0.00572487898170948,0.2954854667186737,3.7383620738983154,-0.10805132761834832,-0.04889245161506254,-0.13937507616588735,-0.9831119092748077
65190000000,6526,633437510049286144,map,-0.0006980194011703134,0.29050618410110474,3.7381491661071777,-0.10271775194059399,-0.04282161692137534,-0.14065819482195302,-0.9837838143337684
65201000000,6527,633437510061286144,map,0.004474439192563295,0.28519707918167114,3.7380006313323975,-0.09888673775403337,-0.03810030851193876,-0.14154690326965363,-0.9842430463951432
65214000000,6528,633437510073202176,map,0.00977920088917017,0.2795736491680145,3.7379207611083984,-0.09504032416269806,-0.03332773372964475,-0.142424442802499,-0.9846683502434666
65225000000,6529,633437510085202176,map,0.015152442269027233,0.27372241020202637,3.7379236221313477,-0.09116444992425363,-0.02845594526595609,-0.1432834798688481,-0.9850630976266196
65237000000,6530,633437510097202176,map,0.020593693479895592,0.26761558651924133,3.738007068634033,-0.08857537428858547,-0.02523140052186493,-0.1438522515895026,-0.9853042197469505
65250000000,6531,633437510109202176,map,0.02609517052769661,0.26127365231513977,3.7381725311279297,-0.08323399354132252,-0.01885236436426378,-0.14501546246155472,-0.9857419147687361
65261000000,6532,633437510121202176,map,0.031645312905311584,0.25469231605529785,3.7384252548217773,-0.07903010618598602,-0.013999083635427475,-0.14589093679882303,-0.98603955581292
65273000000,6533,633437510133202176,map,0.03724389523267746,0.24786387383937836,3.738781213760376,-0.07470257578218673,-0.009068653100391967,-0.14675638018614579,-0.9863061767765999
65281000000,6534,633437510141202176,map,0.04102339223027229,0.243693009018898,3.7390925884246826,-0.07321569818699514,-0.007409958608889667,-0.1470488371679628,-0.9863879838095595
65289000000,6535,633437510149202176,map,0.044802647083997726,0.23941560089588165,3.739445209503174,-0.06860078159409022,-0.002405789528206329,-0.14794837735573085,-0.9866101398480605
65297000000,6536,633437510157202176,map,0.04857495799660683,0.23503482341766357,3.739840030670166,-0.06701592838117901,-0.0007163699841395885,-0.1482554592939812,-0.9866756360506463
65306000000,6537,633437510165202176,map,0.05235179886221886,0.23053300380706787,3.7402796745300293,-0.06211965259850551,0.004449313722571592,-0.14916009925041906,-0.9868498711223905
65314000000,6538,633437510173118208,map,0.05610830709338188,0.22593772411346436,3.7407679557800293,-0.058697410158939915,0.007905131395332185,-0.14977763487480067,-0.9869442800630548
65322000000,6539,633437510181118208,map,0.05982891097664833,0.22127078473567963,3.741302490234375,-0.055114619836684184,0.01134832081860771,-0.1503843809059635,-0.9870249491311047
65330000000,6540,633437510189118208,map,0.06352905929088593,0.216505765914917,3.7418835163116455,-0.051335826912517556,0.014789549096338455,-0.15100899720089495,-0.987087747935386
65338000000,6541,633437510197118208,map,0.06717101484537125,0.21170395612716675,3.742499351501465,-0.04937484863805005,0.01653675855515871,-0.15133188420733684,-0.9871106336741273
65345000000,6542,633437510205118208,map,0.0707876980304718,0.20681095123291016,3.7431726455688477,-0.04330772747684336,0.02162730035787554,-0.15229097789205076,-0.9871495773621515
65358000000,6543,633437510217118208,map,0.07609416544437408,0.1987553834915161,3.7441751956939697,-0.03673687343840728,0.026586263980080665,-0.15323936627724294,-0.9871480600756051
65366000000,6544,633437510225118208,map,0.07961991429328918,0.1936732679605484,3.7448482513427734,-0.03198907803958739,0.029904922966168906,-0.15389930163122656,-0.9871157755896456
65374000000,6545,633437510234118208,map,0.08311589062213898,0.18848681449890137,3.7454826831817627,-0.026968405504261748,0.03326667973903757,-0.1545518191398722,-0.9870561799458513
65381000000,6546,633437510241118208,map,0.08648991584777832,0.18337301909923553,3.746049642562866,-0.021667655965324578,0.03658669071700069,-0.15521322963355366,-0.9869655220747044
65389000000,6547,633437510249118208,map,0.08984610438346863,0.17813825607299805,3.7465696334838867,-0.01605500690578889,0.03983411659002172,-0.15585550545801113,-0.9868456985843879
65397000000,6548,633437510257118208,map,0.09312526136636734,0.17289447784423828,3.747016429901123,-0.013094657047410233,0.04144525626551356,-0.15618003619154497,-0.9867718573057968
65405000000,6549,633437510265118208,map,0.09636139124631882,0.16757173836231232,3.7473926544189453,-0.00369565958256783,0.046258165581832496,-0.1571133360049703,-0.9864897263018648
65413000000,6550,633437510274034240,map,0.09953771531581879,0.16219952702522278,3.7477006912231445,0.003109057110815322,0.049562665531726856,-0.15769913505242322,-0.9862377302946183
65421000000,6551,633437510282034240,map,0.10259642452001572,0.1568988412618637,3.74794340133667,0.006562393387869838,0.05117493263541638,-0.15797359532992616,-0.9860945153033782
65430000000,6552,633437510290034240,map,0.10557062923908234,0.1515974998474121,3.7481305599212646,0.01724636660429041,0.055805417220490004,-0.1587738375426025,-0.9855856764013062
65438000000,6553,633437510297034240,map,0.10845860838890076,0.146306112408638,3.7482259273529053,0.024583880048945992,0.05875051255388575,-0.15925941138429645,-0.9851804344528738
65446000000,6554,633437510306034240,map,0.11126930266618729,0.14099690318107605,3.748274326324463,0.032104127740765646,0.061701196295976236,-0.1597214672845214,-0.9847087690711886
65454000000,6555,633437510314034240,map,0.11398148536682129,0.13571323454380035,3.748279333114624,0.039744493950841335,0.06468793666696779,-0.16015174446096908,-0.9841683200327334
65461000000,6556,633437510322034240,map,0.11660786718130112,0.13041336834430695,3.7482454776763916,0.047382357691786704,0.0676023161674222,-0.16056668018455883,-0.9835665051828463
65469000000,6557,633437510330034240,map,0.119101382791996,0.12520931661128998,3.7481775283813477,0.05500163269690523,0.07033660415982308,-0.16096374564437999,-0.9829131025903819
65477000000,6558,633437510338034240,map,0.12148042023181915,0.12006139755249023,3.7480783462524414,0.05872443682554768,0.07161489239192269,-0.1611449349461283,-0.9825758013617492
65485000000,6559,633437510346034240,map,0.12374932318925858,0.11495114117860794,3.747950553894043,0.06976641261720937,0.07540418185700205,-0.1617087754855071,-0.9814769487273731
65493000000,6560,633437510354034240,map,0.12589222192764282,0.1099303662776947,3.7478175163269043,0.07696709998132815,0.07788125384795475,-0.16206575929239436,-0.9806861052619148
65502000000,6561,633437510362034240,map,0.12792281806468964,0.104947529733181,3.747654676437378,0.0839562125531461,0.08018690168207768,-0.16242173157491735,-0.9798676977575302
65510000000,6562,633437510370034240,map,0.12980112433433533,0.10010819882154465,3.7474682331085205,0.09067535517434781,0.08224225876879834,-0.16278853559750772,-0.9790372784013202
65518000000,6563,633437510377951296,map,0.13154903054237366,0.09534642100334167,3.7472567558288574,0.09706157308908078,0.08408684621619723,-0.1631576576967661,-0.9782066483108673
65529000000,6564,633437510389951296,map,0.13388419151306152,0.08812479674816132,3.746894598007202,0.10614478924272235,0.08667969794607416,-0.16371880083784013,-0.9769422428555405
65541000000,6565,633437510401951296,map,0.13590678572654724,0.08116143196821213,3.7464759349823,0.11455768413694495,0.08894205187063038,-0.16431581094699693,-0.9756876576159168
65554000000,6566,633437510413951296,map,0.13760337233543396,0.07448557764291763,3.7459962368011475,0.12220734636129534,0.09071107232355502,-0.16494400972405177,-0.9744898020343886
65565000000,6567,633437510425951296,map,0.1389659345149994,0.06811755895614624,3.745333194732666,0.12908217302008734,0.09215908920733053,-0.16562704155101937,-0.9733509941876244
65578000000,6568,633437510437951296,map,0.14027853310108185,0.0629170686006546,3.744579315185547,0.1332820959374858,0.09294855236350022,-0.16611881097944453,-0.9726258155121459
65590000000,6569,633437510449951296,map,0.1412467658519745,0.058016419410705566,3.743753671646118,0.14068542168609113,0.09394779092142075,-0.1671633784729385,-0.971307377797028
65601000000,6570,633437510461951296,map,0.14186441898345947,0.053445350378751755,3.742849111557007,0.14389888180902394,0.09414571779038397,-0.16773775572444494,-0.9707182491485429
65609000000,6571,633437510469951296,map,0.14218810200691223,0.050958599895238876,3.742151975631714,0.14813893379456083,0.0941028386403802,-0.16862296598371923,-0.9699309038715108
65617000000,6572,633437510477868352,map,0.14235134422779083,0.04862377047538757,3.741421937942505,0.14939123783600897,0.09399931017536925,-0.16892195572705548,-0.9696967359811842
65625000000,6573,633437510485868352,map,0.14235734939575195,0.046452317386865616,3.7406718730926514,0.1526915599795447,0.09339714497980395,-0.16985449689720755,-0.9690777673639532
65633000000,6574,633437510493868352,map,0.1422077864408493,0.044423505663871765,3.73988938331604,0.15449452049932175,0.09275168443410582,-0.1704915886592982,-0.9687421098624125
65645000000,6575,633437510505868352,map,0.14154194295406342,0.041147515177726746,3.738724708557129,0.15664701273633375,0.09146882919584336,-0.17146884763572035,-0.9683458873395616
65653000000,6576,633437510513868352,map,0.1409945785999298,0.03951351344585419,3.7378807067871094,0.15773072411538222,0.09040003780116773,-0.1721336720241312,-0.9681523490111996
65661000000,6577,633437510521868352,map,0.14029301702976227,0.038054462522268295,3.7370262145996094,0.15817341353871642,0.08980802209355945,-0.17246966670046,-0.9680753888658187
65669000000,6578,633437510529868352,map,0.13944049179553986,0.0367712676525116,3.7360904216766357,0.1591018532936727,0.08786015544024588,-0.17346968497507798,-0.9679233651832398
65682000000,6579,633437510541868352,map,0.13772208988666534,0.03468596935272217,3.734776496887207,0.15949914265862658,0.08560912123723739,-0.17446616291442107,-0.9678805861320012
65689000000,6580,633437510549868352,map,0.13647334277629852,0.03382010757923126,3.7338457107543945,0.15949347917585793,0.08394650708882358,-0.17514215621768725,-0.9679050734509862
65697000000,6581,633437510557868352,map,0.1350729912519455,0.03312148526310921,3.7329275608062744,0.1594238841922543,0.08309015688406711,-0.1754602384833991,-0.9679326796367607
65705000000,6582,633437510565868352,map,0.1335216760635376,0.03258894756436348,3.7320263385772705,0.1589747989846586,0.08034878887966089,-0.17643661237600233,-0.9680605531751427
65718000000,6583,633437510577785408,map,0.13078026473522186,0.031716298311948776,3.730787992477417,0.1581881543989831,0.07732476830407244,-0.17736278937202932,-0.9682665248238156
65726000000,6584,633437510585785408,map,0.12886595726013184,0.0316196046769619,3.7299370765686035,0.15751881766360354,0.0751484973419662,-0.17793586007123197,-0.9684417292730754
65737000000,6585,633437510597785408,map,0.12559525668621063,0.031429748982191086,3.728787899017334,0.15674343682319258,0.07287727216434295,-0.17848254684326675,-0.9686404516638042
65746000000,6586,633437510605785408,map,0.12332350760698318,0.031768929213285446,3.7280125617980957,0.15539033332517457,0.06920843114831814,-0.17919946473643705,-0.9689951595408719
65754000000,6587,633437510613785408,map,0.12091872096061707,0.032275471836328506,3.7272746562957764,0.15443600486852044,0.0666166923586597,-0.1796407422403461,-0.9692477034571492
65765000000,6588,633437510625785408,map,0.1169632077217102,0.033026762306690216,3.7263102531433105,0.15290426722144507,0.06261929031671215,-0.18023640365035054,-0.9696462862035167
65778000000,6589,633437510637785408,map,0.11272887140512466,0.034184787422418594,3.725501298904419,0.1512308740165246,0.058383589993284,-0.18073592809890165,-0.9700798929809968
65789000000,6590,633437510649785408,map,0.10824058949947357,0.03573852404952049,3.7247607707977295,0.14950532935492794,0.0539622275338093,-0.18116978775747278,-0.9705224348903612
65801000000,6591,633437510661785408,map,0.10350733250379562,0.03769061714410782,3.7240850925445557,0.14829496669610423,0.050973752556583714,-0.18141849631053564,-0.9708231526544864
65814000000,6592,633437510673702464,map,0.09855738282203674,0.040020640939474106,3.7234742641448975,0.14561078669677124,0.04497212035397336,-0.18186883538687448,-0.9714415733626867
65825000000,6593,633437510685702464,map,0.09337957948446274,0.04273674637079239,3.7229220867156982,0.14339947326430624,0.04035903714897867,-0.18213229533691605,-0.9719236911628029
65834000000,6594,633437510693702464,map,0.08986669033765793,0.044934116303920746,3.7226006984710693,0.14182695327294054,0.0372205510011907,-0.1822900509908924,-0.9722500342108228
65842000000,6595,633437510701702464,map,0.08628658950328827,0.04728236049413681,3.722304105758667,0.1401179828595208,0.034044216983439936,-0.18243828145710522,-0.9725864082087882
65850000000,6596,633437510709702464,map,0.08264268934726715,0.04977477341890335,3.7220308780670166,0.1382640220188675,0.030752353185564737,-0.18257117047046006,-0.9729363534919742
65861000000,6597,633437510721702464,map,0.07694824039936066,0.05356988310813904,3.721677541732788,0.13638394066884962,0.027458287214854857,-0.1826806679828914,-0.9732796817199438
65873000000,6598,633437510733702464,map,0.07111424952745438,0.05771949142217636,3.7213826179504395,0.1322360006207333,0.02063297915179611,-0.18286902224888651,-0.9739850092297737
65886000000,6599,633437510745702464,map,0.06513499468564987,0.06223342940211296,3.7211692333221436,0.12870027515737406,0.015379284922860084,-0.1829450551636002,-0.9745413476301175
65894000000,6600,633437510753702464,map,0.0611497201025486,0.0655640959739685,3.721062421798706,0.1261238383079031,0.011760651340123874,-0.1829699218042216,-0.9749237881335053
65902000000,6601,633437510761702464,map,0.057117901742458344,0.06903661042451859,3.7209906578063965,0.12342322103765087,0.00811599734678824,-0.18298298732725998,-0.9753040370007706
65909000000,6602,633437510769702464,map,0.05305610969662666,0.07263848930597305,3.7209582328796387,0.12053799530256486,0.0044666913950482294,-0.18297839332077237,-0.9756893013430086
65922000000,6603,633437510781620544,map,0.046812504529953,0.07812552154064178,3.7209949493408203,0.1157561771895568,-0.001062569466164144,-0.18290632220981867,-0.9762912426334414
65930000000,6604,633437510789620544,map,0.042666155844926834,0.08207497000694275,3.721069574356079,0.11224110368196791,-0.004874388397406111,-0.18281844603067343,-0.9767065155318191
65938000000,6605,633437510797620544,map,0.038471873849630356,0.08618247509002686,3.7211923599243164,0.10864016650725022,-0.008562906723329444,-0.18269769530968977,-0.9771108302495841
65945000000,6606,633437510805620544,map,0.03431098908185959,0.09037012606859207,3.721365213394165,0.10477542693934677,-0.012233370393021924,-0.1825867226575606,-0.977514470617773
65953000000,6607,633437510813620544,map,0.03015562705695629,0.09466803818941116,3.7215914726257324,0.10072033639849992,-0.01586585448385003,-0.1824347832686788,-0.9779167622868095
65961000000,6608,633437510821620544,map,0.025967242196202278,0.0991118848323822,3.721874475479126,0.09860042104120881,-0.017711794252396076,-0.18235474640335658,-0.9781160747334174
65969000000,6609,633437510829620544,map,0.021827464923262596,0.10362591594457626,3.7223193645477295,0.09193375898430112,-0.02327424048845472,-0.18208715606216092,-0.9786985020329895
65977000000,6610,633437510837620544,map,0.018544934689998627,0.10874265432357788,3.722557783126831,0.08963173763130658,-0.02509758954619892,-0.18200168225338081,-0.9788828523483761
65989000000,6611,633437510849620544,map,0.0131441755220294,0.11621815711259842,3.723116874694824,0.0799237194731823,-0.032269916320650155,-0.18154143866764183,-0.9795986744234852
66000000000,6612,633437510859620544,map,0.009707272052764893,0.12173478305339813,3.7235324382781982,0.07476185400752841,-0.035922756022220004,-0.181273005389476,-0.979928810687871
66005000000,6613,633437510864620544,map,0.00710578728467226,0.12639254331588745,3.7238850593566895,0.07008871812885076,-0.03915807323737274,-0.1810193656551375,-0.9801971175254913
66016000000,6614,633437510876538624,map,0.0018375500803813338,0.13427118957042694,3.7247321605682373,0.06466043650685893,-0.04275617010962751,-0.18073900481884297,-0.9804715778029944
66028000000,6615,633437510888538624,map,-0.0033573945984244347,0.14232130348682404,3.725679874420166,0.0532361672318708,-0.04979579736690607,-0.18014928611447856,-0.9809346030807351
66041000000,6616,633437510900538624,map,-0.008453539572656155,0.15049660205841064,3.726681709289551,0.04426907239595794,-0.05511246935959337,-0.17969190851443834,-0.9811798134453714
66053000000,6617,633437510912538624,map,-0.013383951969444752,0.15871044993400574,3.7276837825775146,0.03503772225287397,-0.06019429367938578,-0.17920330009965146,-0.9813435539518361
66064000000,6618,633437510924538624,map,-0.018173106014728546,0.1669807881116867,3.728633165359497,0.02543466160134296,-0.06495977066897275,-0.1786773917239326,-0.9814314722778299
66077000000,6619,633437510936538624,map,-0.02284415066242218,0.17533214390277863,3.72948956489563,0.015324865438898423,-0.06973024601137531,-0.17807536613980302,-0.9814235486703098
66089000000,6620,633437510948538624,map,-0.027345385402441025,0.18369020521640778,3.730212926864624,0.004632310070449811,-0.07426135359601631,-0.1773691535461545,-0.981327706736796
66097000000,6621,633437510956538624,map,-0.029999934136867523,0.18941159546375275,3.7305166721343994,-0.0027576524929995455,-0.07699403671545126,-0.17682006440375453,-0.9812231825524891
66105000000,6622,633437510964538624,map,-0.032580986618995667,0.19510875642299652,3.7307660579681396,-0.010296864949560074,-0.07956033197949926,-0.17621985113411087,-0.9810763007854286
66117000000,6623,633437510976453632,map,-0.03665074333548546,0.20341387391090393,3.731146812438965,-0.017944971691782597,-0.08208725418450401,-0.17555827205303537,-0.9808766511640326
66125000000,6624,633437510984453632,map,-0.039032816886901855,0.20906277000904083,3.731292724609375,-0.02966820980131889,-0.08571980939813897,-0.17448812142249526,-0.9804722521525705
66133000000,6625,633437510992453632,map,-0.04131348803639412,0.2146550863981247,3.7314059734344482,-0.03760307843245348,-0.08787704578978649,-0.17371051206746924,-0.9801470470694604
66140000000,6626,633437511000453632,map,-0.043473098427057266,0.2201574742794037,3.7315375804901123,-0.04554268068151144,-0.08982779159968896,-0.17292708644734878,-0.9797720244114105
66148000000,6627,633437511008453632,map,-0.04551674798130989,0.22557349503040314,3.731642484664917,-0.05342608801061422,-0.09171881795942953,-0.17214113201631753,-0.979336900347384
66156000000,6628,633437511016453632,map,-0.047452010214328766,0.23091447353363037,3.7317261695861816,-0.05727170081182781,-0.09264556657208935,-0.17174111627710065,-0.979102437429118
66169000000,6629,633437511028453632,map,-0.05042358860373497,0.23861190676689148,3.731879472732544,-0.07241966539081383,-0.09601496740033443,-0.170194495524145,-0.9780441300630094
66177000000,6630,633437511036453632,map,-0.052074331790208817,0.24376869201660156,3.7319257259368896,-0.07980663486947442,-0.09737606101886778,-0.1694318483003403,-0.9774670132663497
66184000000,6631,633437511044453632,map,-0.053575389087200165,0.24874787032604218,3.7320497035980225,-0.08694649474113758,-0.09857122512899176,-0.16868584908169748,-0.9768670107309486
66197000000,6632,633437511056453632,map,-0.05594389885663986,0.256102591753006,3.732224225997925,-0.09373550679436661,-0.09966643436587738,-0.16798621139641667,-0.9762484635822029
66205000000,6633,633437511064453632,map,-0.057049255818128586,0.26059553027153015,3.7323083877563477,-0.10342304380670232,-0.10099629428853193,-0.16697919674494582,-0.9753058493152565
66217000000,6634,633437511076368640,map,-0.058814264833927155,0.2672483026981354,3.7324254512786865,-0.11250892385519674,-0.10172605701001239,-0.16601748995562432,-0.9743878909546894
66228000000,6635,633437511088368640,map,-0.06025876849889755,0.2735917568206787,3.73252010345459,-0.12081697978083751,-0.10199756108121899,-0.16513645223435253,-0.9735141024913614
66241000000,6636,633437511100368640,map,-0.061368584632873535,0.27956944704055786,3.7326114177703857,-0.12835278887938079,-0.10185742807827633,-0.1643000901725023,-0.9727055573495285
66252000000,6637,633437511112368640,map,-0.06214900314807892,0.2851981520652771,3.7327229976654053,-0.1330049659205474,-0.10147959475226632,-0.16375015809313226,-0.9722126078093449
66264000000,6638,633437511124368640,map,-0.06258679181337357,0.29045596718788147,3.7328624725341797,-0.1413242124930123,-0.1000899433511443,-0.16268380067895816,-0.9713616207910616
66272000000,6639,633437511132368640,map,-0.06255652755498886,0.2937859892845154,3.732969045639038,-0.14319792835181602,-0.09961236292268819,-0.16242497688225266,-0.9711795885523431
66280000000,6640,633437511140368640,map,-0.06238199770450592,0.29691463708877563,3.7330968379974365,-0.14827141714449865,-0.09798037504516262,-0.16166376265129745,-0.9707112949185386
66292000000,6641,633437511152368640,map,-0.062015824019908905,0.301131010055542,3.7333531379699707,-0.1527024602082407,-0.09594215608535381,-0.16090145260228095,-0.9703545218458938
66305000000,6642,633437511164368640,map,-0.06130304932594299,0.3049125671386719,3.733708381652832,-0.15646373189722793,-0.09351807745907172,-0.16011124133955013,-0.9701225877385383
66313000000,6643,633437511172284672,map,-0.06053405627608299,0.30725085735321045,3.7339894771575928,-0.1586598461224487,-0.0917770016837988,-0.15957858946806952,-0.9700200023092628
66321000000,6644,633437511180284672,map,-0.05962083861231804,0.3093779683113098,3.7343029975891113,-0.16064853726690115,-0.08995051268584053,-0.15902566496245513,-0.9699545482535253
66328000000,6645,633437511188284672,map,-0.05857812613248825,0.31126824021339417,3.73464298248291,-0.16237204834305713,-0.08800233783369724,-0.15844559788639967,-0.9699411877025474
66341000000,6646,633437511200284672,map,-0.05689390376210213,0.313610702753067,3.735208511352539,-0.1645849317456292,-0.08485819873985273,-0.15754095792996176,-0.9699957257245205
66352000000,6647,633437511212284672,map,-0.05489536374807358,0.31548309326171875,3.7358505725860596,-0.16583197533354754,-0.08259528966227629,-0.15689375092422853,-0.9700836440505143
66361000000,6648,633437511220284672,map,-0.053308773785829544,0.3165370225906372,3.7363088130950928,-0.1673859717849927,-0.07899580128547615,-0.15585727562564855,-0.97028358869985
66369000000,6649,633437511228284672,map,-0.0516035258769989,0.3173689842224121,3.7367773056030273,-0.16824124724511216,-0.07640306414234362,-0.15512063300737516,-0.9704613641068689
66377000000,6650,633437511236284672,map,-0.04979449138045311,0.3179774582386017,3.737253427505493,-0.1689706406054417,-0.07367308632374746,-0.1543315175627057,-0.9706714661466957
66385000000,6651,633437511244284672,map,-0.0484224297106266,0.3212961256504059,3.7373733520507812,-0.1695554913488031,-0.07083544438063025,-0.1534895921168521,-0.9709141477004215
66393000000,6652,633437511252284672,map,-0.04693252593278885,0.32434025406837463,3.7375259399414062,-0.16997351959740237,-0.06792729602831037,-0.15262575030977288,-0.9711849833489523
66401000000,6653,633437511260284672,map,-0.045324236154556274,0.3270889222621918,3.7376880645751953,-0.17026894793203945,-0.06489980360607582,-0.15172806458333926,-0.9714809806660445
66409000000,6654,633437511268284672,map,-0.043607309460639954,0.32954517006874084,3.737856149673462,-0.1705038112453664,-0.06179250612618592,-0.15077811676475228,-0.971790127799872
66417000000,6655,633437511276200704,map,-0.04178513213992119,0.33171334862709045,3.7380270957946777,-0.17065520272521756,-0.0586089649973398,-0.14977763487480067,-0.972115417176679
66424000000,6656,633437511284200704,map,-0.03988244757056236,0.3336288332939148,3.7381954193115234,-0.17067342596884244,-0.05543891612837321,-0.14874642793228465,-0.9724565116216777
66432000000,6657,633437511292200704,map,-0.037877652794122696,0.3352811634540558,3.7383649349212646,-0.17055054156365287,-0.052237025315356664,-0.14768921638423727,-0.9728164457079607
66440000000,6658,633437511300200704,map,-0.035781316459178925,0.33665212988853455,3.738605499267578,-0.17034921133667238,-0.049023765389954295,-0.14660511514684005,-0.9731827861152174
66448000000,6659,633437511308200704,map,-0.03359442949295044,0.33773934841156006,3.738844871520996,-0.1700575867551134,-0.04579461083430725,-0.14548704354954312,-0.9735589045913285
66456000000,6660,633437511316200704,map,-0.03132859990000725,0.3385489284992218,3.739081859588623,-0.16986129834488603,-0.04416159957861628,-0.14492058990555673,-0.9737530329755697
66464000000,6661,633437511324200704,map,-0.02898547053337097,0.3390844762325287,3.73931884765625,-0.16900445818301563,-0.03922643015730134,-0.1431886494596985,-0.9743694306350416
66472000000,6662,633437511332200704,map,-0.02660026215016842,0.33937105536460876,3.7395541667938232,-0.16862283954317375,-0.037548795925749466,-0.14259817211206088,-0.974588172778813
66481000000,6663,633437511340200704,map,-0.024144763126969337,0.3393893539905548,3.7397916316986084,-0.16738663559785677,-0.032537698956842144,-0.1408289317052706,-0.9752386672387302
66489000000,6664,633437511348200704,map,-0.02163044735789299,0.33914661407470703,3.7400901317596436,-0.16642007665260036,-0.02912534785578643,-0.13961463885282321,-0.9756863932104614
66500000000,6665,633437511360200704,map,-0.01764065772294998,0.33730795979499817,3.7405879497528076,-0.16461343091775665,-0.023859836704199174,-0.1377959601927296,-0.9763941652375049
66512000000,6666,633437511372116736,map,-0.013542426750063896,0.3349592685699463,3.7410855293273926,-0.1623842630265912,-0.018458170158497454,-0.13592729537030207,-0.9771460228680907
66520000000,6667,633437511380116736,map,-0.010848945006728172,0.33375513553619385,3.741384267807007,-0.16158021179248067,-0.016656429263149176,-0.1352978321877919,-0.9773991146933987
66533000000,6668,633437511392116736,map,-0.006630087736994028,0.3305733799934387,3.741898536682129,-0.15797994896733913,-0.009505926653692492,-0.1327590746208897,-0.9784309538386423
66544000000,6669,633437511404116736,map,-0.002350098919123411,0.32689881324768066,3.742436170578003,-0.15466886620654302,-0.004115118189838402,-0.13079385136852378,-0.9792617525164891
66553000000,6670,633437511412116736,map,0.0004634311480913311,0.32474344968795776,3.7427806854248047,-0.1522504958440561,-0.0005529139689022165,-0.12946521411606632,-0.9798255930558678
66561000000,6671,633437511420116736,map,0.003294236958026886,0.32234448194503784,3.743164300918579,-0.149660682638539,0.00293965312158185,-0.12813497528336548,-0.980395081272947
66569000000,6672,633437511428116736,map,0.00610042130574584,0.3197576403617859,3.7435624599456787,-0.14689768276413456,0.006377466187494193,-0.12678947929150375,-0.9809713972794849
66577000000,6673,633437511436116736,map,0.008921884000301361,0.31692689657211304,3.743983030319214,-0.14542939719749237,0.008101298633370078,-0.1261192601064835,-0.9812637278207565
66588000000,6674,633437511448116736,map,0.013235965743660927,0.3115374743938446,3.7446930408477783,-0.13896610948971794,0.01496290566970885,-0.12336483711575108,-0.9824691698350165
66601000000,6675,633437511460116736,map,0.017564695328474045,0.3056630790233612,3.7454581260681152,-0.13361865959626942,0.019944152133158317,-0.12127140315021484,-0.9833826606296417
66608000000,6676,633437511468116736,map,0.02031996101140976,0.30208078026771545,3.745948314666748,-0.12978379160724807,0.023236253007056375,-0.11985514259970337,-0.9839974567088702
66616000000,6677,633437511476032768,map,0.02306467853486538,0.2982763350009918,3.7464656829833984,-0.12777579984035567,0.024884300150953616,-0.11914635904829562,-0.9843060137868185
66624000000,6678,633437511484032768,map,0.02576526813209057,0.29431599378585815,3.746999979019165,-0.12150099283912195,0.02977199114742103,-0.117014360716372,-0.9852201367841712
66636000000,6679,633437511496032768,map,0.029868006706237793,0.2873396873474121,3.7478747367858887,-0.11475963339576281,0.03444361369081933,-0.11486714737213599,-0.9861285699569751
66649000000,6680,633437511508032768,map,0.033864110708236694,0.2800527811050415,3.7487549781799316,-0.10755265400930153,0.03893878055039266,-0.11271163109874338,-0.9870220409985575
66660000000,6681,633437511520032768,map,0.037765953689813614,0.2724180519580841,3.7496352195739746,-0.1024634088807209,0.04190352948608465,-0.11124892472117281,-0.9876078400460104
66668000000,6682,633437511528032768,map,0.04023713245987892,0.2675826847553253,3.750217914581299,-0.09454127123201464,0.04614219062562069,-0.10906129254921487,-0.9884525893307142
66676000000,6683,633437511536032768,map,0.04264749214053154,0.2626170814037323,3.7507848739624023,-0.09183858613200735,0.04746367081636535,-0.10833969635585988,-0.9887241414756699
66685000000,6684,633437511544032768,map,0.04499868303537369,0.2575297951698303,3.751331090927124,-0.08344629116853895,0.05128246373394684,-0.10620188175884182,-0.9895090422354882
66693000000,6685,633437511552032768,map,0.04729752987623215,0.252305269241333,3.751854181289673,-0.07765755323446925,0.05376594044067096,-0.10474608746442693,-0.9900034669153696
66701000000,6686,633437511560032768,map,0.049554724246263504,0.24689710140228271,3.7523560523986816,-0.07172662895568101,0.05616126042828946,-0.10329374921159007,-0.9904704118500218
66709000000,6687,633437511568032768,map,0.0516851544380188,0.2415340393781662,3.7528154850006104,-0.0657174939554912,0.05841255080511157,-0.10183926146947908,-0.9909076432564738
66716000000,6688,633437511575949824,map,0.053758446127176285,0.23603813350200653,3.753237247467041,-0.0596705270138839,0.060501243785257605,-0.10042059854860247,-0.9913095556038736
66724000000,6689,633437511583949824,map,0.05576007813215256,0.23045898973941803,3.753610610961914,-0.05349575312920792,0.06249652543735078,-0.09899982828530024,-0.9916812065140428
66732000000,6690,633437511591949824,map,0.05769222974777222,0.2247905135154724,3.753931999206543,-0.047165696548660235,0.06442201507755535,-0.09756797340083961,-0.9920210365535861
66740000000,6691,633437511599949824,map,0.05955277383327484,0.21902960538864136,3.7542014122009277,-0.040850229692414655,0.06622494530428504,-0.09614126043189736,-0.9923218386114083
66749000000,6692,633437511607949824,map,0.061331767588853836,0.21319618821144104,3.7544143199920654,-0.03438639670978761,0.06788849458590018,-0.09467889122911483,-0.9925949080429104
66757000000,6693,633437511615949824,map,0.0630163624882698,0.2073446363210678,3.7545840740203857,-0.027903679304849664,0.06937904422526828,-0.0932530633439913,-0.9928302560449953
66765000000,6694,633437511623949824,map,0.06461451947689056,0.20145080983638763,3.754690408706665,-0.021245960282360383,0.07073808252639222,-0.09179958712624453,-0.993034499672879
66773000000,6695,633437511631949824,map,0.06611526012420654,0.1955513060092926,3.7547342777252197,-0.014463333805953002,0.07201281659378223,-0.09033957814697874,-0.993198830235223
66780000000,6696,633437511639949824,map,0.06793034076690674,0.19188430905342102,3.7545571327209473,-0.0075155496352996235,0.07313613810789686,-0.08884922343678503,-0.9933279260322119
66788000000,6697,633437511647949824,map,0.0696425661444664,0.1881415843963623,3.754330635070801,-0.0003920394481361308,0.07407908691545306,-0.08732346537384217,-0.9934217027701486
66796000000,6698,633437511655949824,map,0.07124949246644974,0.18433153629302979,3.754061460494995,0.003247812438647279,0.0744732732186853,-0.08654147274657098,-0.9934555045426543
66804000000,6699,633437511663949824,map,0.07275200635194778,0.18044617772102356,3.75380802154541,0.014418895222554481,0.075457099200941,-0.08416906879074126,-0.9934858081267337
66812000000,6700,633437511671865856,map,0.07415050268173218,0.17649370431900024,3.753514289855957,0.02206172043782298,0.07595624432785551,-0.08253836507500628,-0.9934442091872535
66821000000,6701,633437511679865856,map,0.07543067634105682,0.17256282269954681,3.7531867027282715,0.029692241407504334,0.07625734931615144,-0.08090327808702608,-0.9933569230639874
66829000000,6702,633437511687865856,map,0.07660873979330063,0.1685517281293869,3.752824544906616,0.03734585621599162,0.0763387875641866,-0.0792492250172161,-0.99322580421827
66837000000,6703,633437511695865856,map,0.07767096906900406,0.16456520557403564,3.752434730529785,0.04497290797320492,0.07628222649348498,-0.07761051340026409,-0.9930434348047633
66845000000,6704,633437511704865856,map,0.07862827181816101,0.16051270067691803,3.7520158290863037,0.0526602046990975,0.07613246161856857,-0.0759500540094803,-0.9928053472575253
66853000000,6705,633437511712865856,map,0.07946833223104477,0.15652741491794586,3.7515785694122314,0.06029853139683197,0.07586106686575028,-0.07430695912028318,-0.992515840555104
66860000000,6706,633437511720865856,map,0.0801953673362732,0.15257440507411957,3.751114845275879,0.06764308698718366,0.07541774161769366,-0.07269471572419589,-0.9921955666532697
66868000000,6707,633437511728865856,map,0.08080648630857468,0.1487055867910385,3.7506463527679443,0.07465766234703888,0.0748311401749168,-0.07109874101163388,-0.9918526177469366
66876000000,6708,633437511736865856,map,0.08130636811256409,0.14487825334072113,3.750180721282959,0.07810902895862906,0.07449007400617294,-0.07030861404260019,-0.9916688153405805
66884000000,6709,633437511744865856,map,0.08169552683830261,0.1410505771636963,3.7497260570526123,0.08822720970974923,0.07335414531599749,-0.06794400725374494,-0.9910694871547556
66892000000,6710,633437511752865856,map,0.08196679502725601,0.13738903403282166,3.7493014335632324,0.09464513292054676,0.07246843851416415,-0.06638874639684444,-0.9906478922291011
66900000000,6711,633437511759865856,map,0.08212389796972275,0.13379056751728058,3.7489066123962402,0.09776451732633619,0.07195981956595779,-0.06561307579685,-0.9904337019449688
66912000000,6712,633437511771781888,map,0.08205897361040115,0.12773704528808594,3.7484021186828613,0.1095567972420894,0.06960399776083909,-0.06252822151379206,-0.9895670362990393
66925000000,6713,633437511783781888,map,0.08174151182174683,0.12198154628276825,3.748002290725708,0.1179288656695396,0.06752925855679559,-0.06020656236356952,-0.9888922231075313
66936000000,6714,633437511795781888,map,0.0811767578125,0.11654621362686157,3.747729778289795,0.12319967942150516,0.06594224795207623,-0.058632925480718294,-0.9884511563378648
66949000000,6715,633437511807781888,map,0.08037349581718445,0.11151763051748276,3.74760103225708,0.13307014207050255,0.06228012145585481,-0.055434738322014614,-0.9875932993832741
66961000000,6716,633437511819781888,map,0.07933273911476135,0.10686944425106049,3.747614622116089,0.1399258827923642,0.05924724740790103,-0.052989040996624374,-0.9869664071585231
66972000000,6717,633437511831781888,map,0.07805580645799637,0.10259722918272018,3.7477669715881348,0.1463847398126889,0.05589349623134366,-0.05042360447461486,-0.9863594503931177
66980000000,6718,633437511840781888,map,0.07713405787944794,0.10047265142202377,3.747899055480957,0.1483900078394963,0.05472300975956731,-0.04957645281954587,-0.9861683565819693
66988000000,6719,633437511848781888,map,0.07612773776054382,0.09855882823467255,3.748082399368286,0.15415916329407664,0.05107457835493388,-0.04694151614434172,-0.9856078877904715
66996000000,6720,633437511856781888,map,0.0750519409775734,0.09687111526727676,3.748300313949585,0.15595451367351942,0.04983392264874296,-0.04605272340294403,-0.9854308710267257
67005000000,6721,633437511864781888,map,0.07387541234493256,0.095321886241436,3.748556137084961,0.16099141505042755,0.046030195912415084,-0.043381709025414716,-0.9849269633059294
67013000000,6722,633437511872697920,map,0.07262835651636124,0.0939895361661911,3.7488372325897217,0.1640733295908018,0.04341217066017602,-0.041569816007931304,-0.98461532950804
67021000000,6723,633437511880697920,map,0.07130918651819229,0.09285985678434372,3.7491402626037598,0.16695645852017438,0.04071061035418834,-0.0397215924070316,-0.9843223246171922
67029000000,6724,633437511888697920,map,0.06993339210748672,0.09194639325141907,3.749455213546753,0.16957812947480966,0.03796245670717188,-0.03786856406540162,-0.9840569680589675
67037000000,6725,633437511896697920,map,0.06849683076143265,0.09123456478118896,3.749783754348755,0.17199079420767938,0.035111043281303725,-0.03595804742240277,-0.9838158037917882
67045000000,6726,633437511904697920,map,0.06699191778898239,0.09071485698223114,3.750121593475342,0.17417213069414103,0.032192769148629105,-0.03401613137726334,-0.9836008970112311
67052000000,6727,633437511912697920,map,0.06546315550804138,0.09042306989431381,3.750447988510132,0.1760078103392527,0.02924885919534773,-0.03210291733595977,-0.9834303708621561
67065000000,6728,633437511924697920,map,0.06299658864736557,0.08980508148670197,3.750974178314209,0.17821659496080705,0.02464113917682605,-0.02915554607274451,-0.9832505302595602
67076000000,6729,633437511936697920,map,0.06043780967593193,0.08968082815408707,3.7514986991882324,0.17934198957303282,0.02149429741632078,-0.027184211527344404,-0.9831762253656353
67084000000,6730,633437511944697920,map,0.05869384855031967,0.09019598364830017,3.751819372177124,0.18053518265944443,0.016726314006336424,-0.024193513303859937,-0.9831287258673637
67092000000,6731,633437511952697920,map,0.056986045092344284,0.09092355519533157,3.7521159648895264,0.18099503638683467,0.0135960570307202,-0.022232841911133172,-0.9831387568173091
67104000000,6732,633437511964697920,map,0.054288800805807114,0.09193761646747589,3.7525808811187744,0.18127437516205275,0.008860995577778906,-0.01925971892347761,-0.983204000138804
67117000000,6733,633437511976614976,map,0.05153647065162659,0.0934547632932663,3.7530195713043213,0.18105134457644523,0.004134658522479393,-0.016267545560295193,-0.9833304406843368
67125000000,6734,633437511984614976,map,0.04973386600613594,0.09501923620700836,3.753272294998169,0.18056734070485825,0.0009839181784868515,-0.014261777039661805,-0.9834587356912039
67133000000,6735,633437511992614976,map,0.0479317232966423,0.09677916020154953,3.7535171508789062,0.17985772475319245,-0.00216871877368864,-0.012236915996652942,-0.9836141311216635
67141000000,6736,633437512000614976,map,0.04611319303512573,0.09874793887138367,3.7537529468536377,0.17892331331663772,-0.005356089997393203,-0.01021226568788658,-0.9837954468639574
67149000000,6737,633437512008614976,map,0.04431509971618652,0.10090392082929611,3.7539749145507812,0.17774202671493045,-0.008550394377677795,-0.008161400039346456,-0.9840060968128149
67160000000,6738,633437512020614976,map,0.041585855185985565,0.10417496412992477,3.754321575164795,0.17629947179930416,-0.011781787984651973,-0.006100924909345829,-0.9842471767862973
67172000000,6739,633437512032614976,map,0.038881320506334305,0.10794541239738464,3.7546560764312744,0.17257624554363207,-0.018273113883398293,-0.0019452456461717682,-0.9848247571982904
67185000000,6740,633437512044614976,map,0.03679608553647995,0.11281466484069824,3.754678726196289,0.16912107851284536,-0.023189069610148327,0.0012626352876894383,-0.9853216685422339
67193000000,6741,633437512052614976,map,0.0356447771191597,0.11671079695224762,3.754572629928589,0.1665481451201569,-0.026343208043802024,0.0033671960212324197,-0.9856756177760284
67201000000,6742,633437512060614976,map,0.03452678769826889,0.12076101452112198,3.7544517517089844,0.16358275081084708,-0.029453756099383346,0.00547841595684012,-0.9860746641377296
67209000000,6743,633437512068614976,map,0.03343331813812256,0.12497788667678833,3.75431752204895,0.16020110895728762,-0.03249076317266923,0.007582007312867343,-0.9865204513544292
67216000000,6744,633437512076532032,map,0.03236358240246773,0.12935730814933777,3.7541754245758057,0.15651715829607166,-0.03543459410060964,0.009649984581902913,-0.9869922431766602
67224000000,6745,633437512084532032,map,0.031323887407779694,0.13388915359973907,3.7540292739868164,0.1525719340525806,-0.03826242109637989,0.011722429416880563,-0.9874819052626598
67232000000,6746,633437512092532032,map,0.030311277136206627,0.13858674466609955,3.7538788318634033,0.14829986626724362,-0.040994695918219866,0.013814978298597956,-0.9879958860802501
67240000000,6747,633437512100532032,map,0.02931790053844452,0.14348042011260986,3.75376558303833,0.14605887618507085,-0.042349590657299575,0.014852970883724224,-0.9882574494221087
67248000000,6748,633437512108532032,map,0.02840188890695572,0.14843377470970154,3.7536416053771973,0.13896639924930154,-0.04629846060318683,0.018003279222519538,-0.9890504002299927
67256000000,6749,633437512116532032,map,0.02754150703549385,0.15350033342838287,3.7535104751586914,0.13663278619917005,-0.047492043547947164,0.018999082812286457,-0.9893002888948138
67264000000,6750,633437512124532032,map,0.02673269622027874,0.15870092809200287,3.753373622894287,0.12944238106088568,-0.05094703672298377,0.02201924168288005,-0.990032463947145
67273000000,6751,633437512132532032,map,0.02597283199429512,0.16403724253177643,3.7532339096069336,0.12441405920182755,-0.05324835211626575,0.024061762255415006,-0.99050838616053
67284000000,6752,633437512144532032,map,0.024712588638067245,0.17190147936344147,3.753173828125,0.11669347831941251,-0.05659934794260173,0.027102193760142387,-0.9911834522331291
67292000000,6753,633437512152532032,map,0.024116452783346176,0.17749519646167755,3.753070831298828,0.11151724999803952,-0.05869935154814947,0.029094812464040495,-0.99160062173969
67300000000,6754,633437512160532032,map,0.02358236163854599,0.18319129943847656,3.752962350845337,0.10894639497181823,-0.059693724779245026,0.03007072274131017,-0.9917979111375694
67308000000,6755,633437512168532032,map,0.023109691217541695,0.18899483978748322,3.7528443336486816,0.10113129714743947,-0.06259168676511542,0.03298939200068967,-0.9923539966568222
67317000000,6756,633437512176449088,map,0.022706830874085426,0.1948610544204712,3.7527153491973877,0.09581112416751161,-0.06444698840238695,0.03490576705563141,-0.9926975356190344
67328000000,6757,633437512188449088,map,0.022044509649276733,0.2035149484872818,3.7525734901428223,0.08777149822731417,-0.06696454478739916,0.0377492463372675,-0.9931701703782356
67336000000,6758,633437512196449088,map,0.02181972563266754,0.20960578322410583,3.7524163722991943,0.08510463333872959,-0.06770505635465697,0.0386828833254808,-0.9933160827677803
67344000000,6759,633437512204449088,map,0.021670689806342125,0.215714231133461,3.752236843109131,0.07708848714441978,-0.06966451075713301,0.04141492633965393,-0.9937248229046389
67352000000,6760,633437512212449088,map,0.021595539525151253,0.22186340391635895,3.7520365715026855,0.07174177086955315,-0.07080357016789941,0.04318256516620083,-0.9939694432133962
67360000000,6761,633437512220449088,map,0.021595384925603867,0.2280680239200592,3.751816511154175,0.0690334049176658,-0.071333723768471,0.04406031543328864,-0.994084841284619
67372000000,6762,633437512232449088,map,0.02158910222351551,0.23721139132976532,3.751508951187134,0.05825781721188239,-0.07293460636629683,0.04747576959606597,-0.9945012100010582
67380000000,6763,633437512240449088,map,0.02178831584751606,0.2435695379972458,3.7512364387512207,0.05556328686851744,-0.07320849568571135,0.04831086725246086,-0.9945950288858434
67388000000,6764,633437512248449088,map,0.022065943107008934,0.24996137619018555,3.750933885574341,0.047372861479981564,-0.07386408662157576,0.05081527513782668,-0.9948455919002406
67396000000,6765,633437512256449088,map,0.022421110421419144,0.2562892735004425,3.7506234645843506,0.04465212830918849,-0.07403417681418656,0.0516247053634784,-0.9949171151021636
67405000000,6766,633437512264449088,map,0.022854382172226906,0.26265615224838257,3.750304937362671,0.03653457679736147,-0.07429940166350954,0.054017592687684406,-0.9951015075643987
67413000000,6767,633437512272363072,map,0.02337000146508217,0.2690528631210327,3.7499794960021973,0.03114695305474798,-0.07425638290207008,0.05558381172519771,-0.9952016906233092
67421000000,6768,633437512280363072,map,0.023965267464518547,0.275467187166214,3.7496511936187744,0.025762782719534354,-0.07408886498430747,0.05714758624549748,-0.9952795358525088
67428000000,6769,633437512288363072,map,0.024639006704092026,0.28187045454978943,3.7493245601654053,0.020338269947761705,-0.07381338527990616,0.058708874101735024,-0.9953347482240581
67436000000,6770,633437512296363072,map,0.02538350410759449,0.28817301988601685,3.749018430709839,0.014917700540502852,-0.07342016045165559,0.060248962093171536,-0.9953678335001392
67444000000,6771,633437512304363072,map,0.026207465678453445,0.29448822140693665,3.748713254928589,0.009482150562776416,-0.07284669725992621,0.06177299213532549,-0.9953830906593
67452000000,6772,633437512312363072,map,0.027107907459139824,0.3007830083370209,3.7484004497528076,0.0040038847540841815,-0.07210143824531035,0.06327211339000954,-0.9953803511141468
67464000000,6773,633437512324363072,map,0.02850174345076084,0.3100694715976715,3.747929334640503,-0.004524422040795917,-0.07063701701784099,0.06555179427911528,-0.9953356333078769
67472000000,6774,633437512332363072,map,0.02958817034959793,0.3163367807865143,3.7475361824035645,-0.010491346313657548,-0.069418135427262,0.06708349504769817,-0.995274267496445
67480000000,6775,633437512340363072,map,0.030738260596990585,0.32254862785339355,3.7471022605895996,-0.013548997440179658,-0.06873317274779704,0.06785495096284161,-0.9952326264101161
67488000000,6776,633437512348363072,map,0.03194186091423035,0.32865700125694275,3.7466516494750977,-0.02303983947337238,-0.06634088733327133,0.07014213399098229,-0.9950618895267985
67496000000,6777,633437512356363072,map,0.03320510685443878,0.33469414710998535,3.746173143386841,-0.02628753073983012,-0.06543113443727352,0.07090419115890773,-0.9949876689265709
67505000000,6778,633437512364363072,map,0.03453017771244049,0.3406723737716675,3.7456798553466797,-0.03634807172434459,-0.06246634203764402,0.07317860369194962,-0.9946968556718456
67513000000,6779,633437512372278080,map,0.0359271802008152,0.3466278612613678,3.7451868057250977,-0.04331845911814546,-0.06030763906737724,0.07470204367822442,-0.9944376525535037
67521000000,6780,633437512380278080,map,0.03736283257603645,0.35241395235061646,3.7447216510772705,-0.04692238015802884,-0.05916475680574199,0.0754661660417269,-0.9942849966681973
67528000000,6781,633437512388278080,map,0.03886948898434639,0.3581591844558716,3.744292736053467,-0.057788933933788915,-0.05572202268367568,0.07771980017845292,-0.9937380570150715
67536000000,6782,633437512396278080,map,0.040410205721855164,0.36370915174484253,3.7439253330230713,-0.06521175548096278,-0.05335818219367358,0.07922663430641447,-0.9932892773721274
67544000000,6783,633437512404278080,map,0.042007867246866226,0.36916154623031616,3.743553876876831,-0.06895476704783267,-0.05215594070572229,0.07997132697275344,-0.9930406531127616
67557000000,6784,633437512416278080,map,0.044430460780858994,0.3769882917404175,3.7432076930999756,-0.08404026670460299,-0.04724386841593583,0.08300164323383818,-0.9918749977234957
67568000000,6785,633437512428278080,map,0.04696563258767128,0.3845195174217224,3.743053913116455,-0.09541963526258397,-0.043435211815421204,0.08527369554336339,-0.9908263841325449
67577000000,6786,633437512436278080,map,0.04873931035399437,0.38938406109809875,3.743020534515381,-0.10294933833644923,-0.04074120633202911,0.08680661857055316,-0.9900537059587946
67585000000,6787,633437512444278080,map,0.05042333900928497,0.3954507112503052,3.74311900138855,-0.11028469175511864,-0.037894249935391,0.08834105888428934,-0.9892407353978679
67596000000,6788,633437512456278080,map,0.053016722202301025,0.40343472361564636,3.7434654235839844,-0.11740895268302123,-0.03489237226033894,0.089881484050514,-0.9883921086031011
67604000000,6789,633437512464278080,map,0.054761260747909546,0.4089641571044922,3.7437665462493896,-0.1278145907460539,-0.03011352813432893,0.09223648135790868,-0.9870405434650538
67613000000,6790,633437512472193088,map,0.05653532221913338,0.41429394483566284,3.7441468238830566,-0.13446969929811353,-0.026753965961033126,0.09382946364422645,-0.9861025232045952
67621000000,6791,633437512480193088,map,0.058297574520111084,0.41933971643447876,3.744588851928711,-0.14081622969880064,-0.02326913281725082,0.09542497474145478,-0.9851514374210985
67629000000,6792,633437512488193088,map,0.060052238404750824,0.4241199195384979,3.7450876235961914,-0.1468549458597445,-0.019751514693683074,0.09703949406736168,-0.9841884240794729
67637000000,6793,633437512496193088,map,0.061793696135282516,0.42863574624061584,3.7456345558166504,-0.15264169235522207,-0.016277249872164883,0.098646637694779,-0.9832112915435964
67649000000,6794,633437512508193088,map,0.06440584361553192,0.43435022234916687,3.7465803623199463,-0.16084233111053226,-0.011162403167291925,0.10108913185968238,-0.9817261208957695
67657000000,6795,633437512516193088,map,0.06611864268779755,0.4382675588130951,3.7473044395446777,-0.16594583504479973,-0.007780250283194282,0.1027254411062693,-0.9807389574099474
67665000000,6796,633437512524193088,map,0.06781991571187973,0.44193512201309204,3.748068332672119,-0.17076883062880294,-0.004450443784947153,0.10434872697666642,-0.9797599282658878
67673000000,6797,633437512532193088,map,0.06946723163127899,0.4452989399433136,3.7488484382629395,-0.17529744628102573,-0.0012329322962012427,0.10595957952675272,-0.9787961984278377
67681000000,6798,633437512540193088,map,0.07107468694448471,0.4483985900878906,3.7496466636657715,-0.17741438765131878,0.0003461836769564148,0.1067654272702811,-0.9783277783534876
67692000000,6799,633437512552193088,map,0.07341421395540237,0.45199236273765564,3.7508795261383057,-0.18491222770770982,0.006631248167446459,0.10991788509835043,-0.9765662508199748
67704000000,6800,633437512564193088,map,0.07565832883119583,0.45501235127449036,3.7521445751190186,-0.18967460031848615,0.011470897024967529,0.11232569240692925,-0.9753333290604858
67717000000,6801,633437512576108096,map,0.07780180126428604,0.4574463963508606,3.753459930419922,-0.1936775394026568,0.016459355867868432,0.11476026296431258,-0.9741910651721434
67725000000,6802,633437512584108096,map,0.07912643998861313,0.4590514004230499,3.7543344497680664,-0.19582239779173227,0.019821320411529376,0.11635535259305585,-0.9735103092749955
67733000000,6803,633437512592108096,map,0.08037662506103516,0.4603697955608368,3.7552075386047363,-0.1975963481088437,0.023201213170875624,0.11795339250119485,-0.9728846814556997
67741000000,6804,633437512600108096,map,0.08155164122581482,0.46141549944877625,3.756080389022827,-0.1983587477199133,0.024873025868976946,0.11876290702054365,-0.9725895270755779
67748000000,6805,633437512608108096,map,0.08265591412782669,0.46217989921569824,3.7569570541381836,-0.20010773656599412,0.029778855815372242,0.12115179039414115,-0.9717985993164224
67756000000,6806,633437512616108096,map,0.08367664366960526,0.4626663625240326,3.7578301429748535,-0.20078307659310846,0.032944674194419536,0.12274237031009377,-0.9713574482530589
67764000000,6807,633437512624108096,map,0.08461511135101318,0.4628717303276062,3.7587344646453857,-0.20098519180514243,0.03448425642367398,0.12353666981713002,-0.9711613811137864
67772000000,6808,633437512632108096,map,0.08545487374067307,0.46280765533447266,3.759624481201172,-0.20106866363861825,0.038905734786982095,0.12588778961446184,-0.9706750907756676
67785000000,6809,633437512644108096,map,0.08655720949172974,0.46180546283721924,3.760936975479126,-0.20039314448739776,0.04291848355014368,0.12817973523648418,-0.9703455867140095
67792000000,6810,633437512652108096,map,0.0871625691652298,0.4610867202281952,3.761817216873169,-0.19949952593184556,0.04545429083765012,0.1297057040336697,-0.9702115597357448
67800000000,6811,633437512660108096,map,0.0876704603433609,0.46009641885757446,3.7626965045928955,-0.19891746741719796,0.04668292415530332,0.1304824704517254,-0.9701684856565667
67808000000,6812,633437512668108096,map,0.08807481080293655,0.4588196873664856,3.7635481357574463,-0.19749712915909295,0.04909969820590288,0.13201825946461387,-0.9701316071641195
67816000000,6813,633437512676023104,map,0.0883638858795166,0.45731136202812195,3.764380931854248,-0.1947861701058874,0.05261014082851163,0.13434463906186972,-0.9701762406766926
67824000000,6814,633437512684023104,map,0.08854293078184128,0.4555682837963104,3.7651965618133545,-0.19376573695152194,0.053708629946319246,0.13508359975681122,-0.9702179239098699
67833000000,6815,633437512692023104,map,0.08861108869314194,0.45357587933540344,3.766000747680664,-0.1900755380200142,0.05702399588059532,0.13734389309560202,-0.9704412600601292
67844000000,6816,633437512704023104,map,0.08850488066673279,0.44980043172836304,3.7671773433685303,-0.18717674099970769,0.059225093970652516,0.13884638609816674,-0.970659032826385
67852000000,6817,633437512712023104,map,0.08828451484441757,0.44720423221588135,3.7679412364959717,-0.1822765060474522,0.062335499780620106,0.14106175089644496,-0.9710773402978556
67860000000,6818,633437512720023104,map,0.08794909715652466,0.4444063901901245,3.768568277359009,-0.17872881614747196,0.06427425481212122,0.14252234993158996,-0.9713971084375077
67868000000,6819,633437512728023104,map,0.08750031888484955,0.44141635298728943,3.7691574096679688,-0.17688799985519804,0.06519523720906915,0.14323589607687937,-0.9715677188802798
67880000000,6820,633437512740023104,map,0.08662020415067673,0.4362882673740387,3.76999831199646,-0.1690563304168204,0.06855761268450307,0.14603200230078905,-0.9723139709800137
67893000000,6821,633437512752023104,map,0.08547987788915634,0.430728942155838,3.770723342895508,-0.1627260792363706,0.07051944838391998,0.14802752913723444,-0.972951779238529
67905000000,6822,633437512764023104,map,0.08407808840274811,0.42477697134017944,3.77132511138916,-0.15609060057900492,0.07204394730976359,0.14993935233253708,-0.9736342631564661
67913000000,6823,633437512771939136,map,0.0830092802643776,0.420820415019989,3.771634340286255,-0.1515468700132349,0.07291883685950878,0.15116502483408234,-0.9740973305810552
67924000000,6824,633437512783939136,map,0.08119171857833862,0.4143172800540924,3.772028684616089,-0.14690962612733136,0.07367043634064749,0.1523693288834327,-0.9745633904318887
67936000000,6825,633437512795939136,map,0.07911086082458496,0.4074786901473999,3.772333860397339,-0.13732920228471773,0.07468925474387937,0.15462056064979357,-0.975527878913212
67949000000,6826,633437512807939136,map,0.07676704227924347,0.40033429861068726,3.772557020187378,-0.12994170531190624,0.07520763727296108,0.15624688109328344,-0.9762407085620766
67960000000,6827,633437512819939136,map,0.07415591925382614,0.39288008213043213,3.772704839706421,-0.12241179677215451,0.07559831221687674,0.1578132687181909,-0.9769316218497158
67972000000,6828,633437512831939136,map,0.07128589600324631,0.38514450192451477,3.7727622985839844,-0.11473708746598751,0.0756531031199409,0.15931517166487646,-0.9776148644109259
67980000000,6829,633437512839939136,map,0.06960824131965637,0.38165098428726196,3.772435188293457,-0.10957977385997279,0.07551089306762007,0.16026364434376572,-0.9780622953547176
67988000000,6830,633437512847939136,map,0.06782004237174988,0.3780287802219391,3.772092819213867,-0.10700950493836361,0.0753998637806632,0.16071655437786375,-0.9782812060858831
67996000000,6831,633437512855939136,map,0.06591548025608063,0.37426745891571045,3.7717020511627197,-0.09926691023013572,0.0749037400559513,0.16204101909231855,-0.978916907001973
68004000000,6832,633437512863939136,map,0.0639130249619484,0.3704112768173218,3.7712628841400146,-0.09671550136469066,0.07465337394636193,0.1624781240582251,-0.9791190011405826
68013000000,6833,633437512871855168,map,0.061799392104148865,0.3664191663265228,3.7707712650299072,-0.08924132939791653,0.07358574949255443,0.16371298457274575,-0.9797036200762772
68021000000,6834,633437512879855168,map,0.05960175395011902,0.36236506700515747,3.7702300548553467,-0.08431127357470607,0.07263356986662983,0.16448271246710022,-0.9800823095101476
68029000000,6835,633437512887855168,map,0.05727816000580788,0.35815513134002686,3.7695958614349365,-0.08186393548567426,0.07211486563855599,0.16485453196466332,-0.980265732594867
68037000000,6836,633437512896855168,map,0.05484817177057266,0.35384029150009155,3.7689356803894043,-0.0744998925755146,0.070323253816285,0.1658891528019088,-0.9808084997099904
68045000000,6837,633437512904855168,map,0.05233084410429001,0.3494665324687958,3.768258571624756,-0.06960665062507132,0.06891566835489514,0.1665087957687159,-0.981162786118573
68052000000,6838,633437512911855168,map,0.049727972596883774,0.34503570199012756,3.767571210861206,-0.06473216245817219,0.06733981316486876,0.16709392046659266,-0.9815064093744823
68060000000,6839,633437512919855168,map,0.04701115936040878,0.3404841721057892,3.7668778896331787,-0.05985033983413346,0.06564073203200733,0.16764182949723433,-0.9818378521911719
68068000000,6840,633437512927855168,map,0.044211484491825104,0.33587658405303955,3.7660953998565674,-0.057408633617733934,0.06476014969426287,0.16790979916006654,-0.9819963243415728
68076000000,6841,633437512935855168,map,0.04131148383021355,0.3311712145805359,3.765322208404541,-0.05015347478579638,0.06202536746420875,0.16862102722868794,-0.9824481807044582
68085000000,6842,633437512944855168,map,0.03830653801560402,0.32636159658432007,3.7645599842071533,-0.04534017561112872,0.060032308852579375,0.1690565727611995,-0.9827310703516633
68093000000,6843,633437512952855168,map,0.035222429782152176,0.3214999735355377,3.7638113498687744,-0.040558110543930166,0.057917115917955,0.16944765336853201,-0.9829995036298292
68101000000,6844,633437512960855168,map,0.032067280262708664,0.3165998160839081,3.763080596923828,-0.03577230494392628,0.055683648389696944,0.16981576394342623,-0.9832508674343481
68109000000,6845,633437512968855168,map,0.02884654700756073,0.31166908144950867,3.762371063232422,-0.031080594158856483,0.05339713707695439,0.17013881953726223,-0.9834813685488543
68116000000,6846,633437512976771200,map,0.02556273527443409,0.3067125380039215,3.761726140975952,-0.026495703244248534,0.051024357750755124,0.17044472136375427,-0.9836885624561338
68124000000,6847,633437512984771200,map,0.02221641130745411,0.30173033475875854,3.7611145973205566,-0.02197320547050489,0.048521186611975284,0.1707180015294989,-0.9838791505051001
68132000000,6848,633437512992771200,map,0.018779436126351357,0.2966727614402771,3.7605416774749756,-0.017434410037277696,0.04585160654438428,0.17097905910917538,-0.9840527955209649
68143000000,6849,633437513003771200,map,0.015203454531729221,0.2914665937423706,3.760012149810791,-0.012934055164070472,0.04313553060035165,0.1712037018117385,-0.9842059571684536
68148000000,6850,633437513008771200,map,0.011732259765267372,0.28650742769241333,3.7595431804656982,-0.010590210966462956,0.04170421835656562,0.17131695039368727,-0.9842758787901331
68156000000,6851,633437513016771200,map,0.008144809864461422,0.2814329266548157,3.759120225906372,-0.0038330253814879652,0.037516130801064626,0.17164898326625605,-0.9844361211081715
68168000000,6852,633437513027771200,map,0.0026022070087492466,0.273352712392807,3.7586939334869385,0.0009698740583096352,0.0345362564151133,0.17187194009487866,-0.9845133341346435
68181000000,6853,633437513040771200,map,-0.0030578291043639183,0.2652653157711029,3.75842547416687,0.011717251939958782,0.028304049341011973,0.17238929266034986,-0.9845524885569101
68193000000,6854,633437513052771200,map,-0.0087886992841959,0.25723996758461,3.758263111114502,0.020851790113468723,0.023438673454469802,0.1728154394456436,-0.9844545814278194
68201000000,6855,633437513060771200,map,-0.012583775445818901,0.2522299289703369,3.7581725120544434,0.027418829532842304,0.020032942701352845,0.17309862412078825,-0.9843189107224628
68209000000,6856,633437513068687232,map,-0.016329793259501457,0.24734988808631897,3.7581446170806885,0.03089308678109867,0.018232710860744614,0.17325195435567087,-0.9842240803133131
68220000000,6857,633437513080687232,map,-0.022072026506066322,0.2396593689918518,3.758310317993164,0.04544893160244415,0.01090980788454313,0.1738946516486135,-0.9836544656556885
68233000000,6858,633437513092687232,map,-0.027827739715576172,0.23210686445236206,3.7586443424224854,0.056957741034736185,0.004993384755820663,0.1743609222336896,-0.9830205349072362
68245000000,6859,633437513104687232,map,-0.03353741765022278,0.22477853298187256,3.7591447830200195,0.06886531892294699,-0.00130026978923151,0.174856105556844,-0.9821818547687178
68256000000,6860,633437513115687232,map,-0.03914894163608551,0.21774470806121826,3.7598137855529785,0.08100923789836068,-0.007670418230152926,0.17537573405213486,-0.9811331147372213
68269000000,6861,633437513127687232,map,-0.044696465134620667,0.21095284819602966,3.760643482208252,0.09310342095835347,-0.014164006887828668,0.17588583735966212,-0.9798955568243959
68281000000,6862,633437513140687232,map,-0.05015283823013306,0.20443959534168243,3.761608839035034,0.10511280982749843,-0.020645799696277414,0.17637971413051284,-0.978476050966549
68289000000,6863,633437513148687232,map,-0.05368616804480553,0.20048803091049194,3.762281894683838,0.11303245290960845,-0.0248938042652927,0.1766950568510714,-0.9774367939759674
68296000000,6864,633437513156687232,map,-0.057084158062934875,0.19677087664604187,3.7630157470703125,0.12055829427847889,-0.02898737487883,0.1769808546308237,-0.9763724596105217
68308000000,6865,633437513167687232,map,-0.06211605295538902,0.1911551058292389,3.764225959777832,0.127506139035227,-0.03294065443874271,0.17726336495639222,-0.9753126771047153
68321000000,6866,633437513179604288,map,-0.06696006655693054,0.18592414259910583,3.765510082244873,0.14033104571545546,-0.04081817437994413,0.1778116533086705,-0.9731516817410163
68332000000,6867,633437513191604288,map,-0.07159584760665894,0.18110933899879456,3.7668654918670654,0.1488078780374136,-0.04649208322524589,0.17822182643837842,-0.9715615654403973
68344000000,6868,633437513203604288,map,-0.07600193470716476,0.17673231661319733,3.7682831287384033,0.15617415143782182,-0.05212254920644505,0.17867098540295906,-0.9700358916711513
68357000000,6869,633437513215604288,map,-0.08013702929019928,0.1728348433971405,3.769702672958374,0.16251685701200658,-0.05767981664849292,0.17917055199835874,-0.9685861665229221
68368000000,6870,633437513228604288,map,-0.08401221036911011,0.16939495503902435,3.7711703777313232,0.16615169605799524,-0.06124871694998628,0.17951653547778462,-0.9676859519855779
68381000000,6871,633437513240604288,map,-0.0877825990319252,0.16741691529750824,3.7721939086914062,0.1720018735604817,-0.06808718536649257,0.1803000032447537,-0.9660598001294822
68389000000,6872,633437513248604288,map,-0.09014245122671127,0.16684319078922272,3.7726986408233643,0.173112548385865,-0.06962565070426148,0.1804934151325701,-0.9657155868176936
68396000000,6873,633437513256604288,map,-0.09235019981861115,0.16645322740077972,3.7732250690460205,0.17595289826399904,-0.07426322649659707,0.18111836860228964,-0.9647392129250904
68404000000,6874,633437513264604288,map,-0.09441647678613663,0.1662357598543167,3.773777961730957,0.1772627116802403,-0.07709623755473413,0.18154497900291694,-0.9641968672784521
68412000000,6875,633437513272521344,map,-0.09633073210716248,0.16620776057243347,3.7743332386016846,0.17814492951327032,-0.07978493253521388,0.18197327527748464,-0.9637346849376816
68425000000,6876,633437513284521344,map,-0.09887928515672684,0.165901780128479,3.7754645347595215,0.17879211544557938,-0.08354801390450904,0.1826399962740785,-0.9631696221396961
68432000000,6877,633437513292521344,map,-0.10041597485542297,0.16635382175445557,3.7760610580444336,0.17882238741952233,-0.08473917867383605,0.1828660719694909,-0.9630171348417838
68440000000,6878,633437513300521344,map,-0.10178641974925995,0.16699163615703583,3.776668071746826,0.17836160646146484,-0.08813523474958625,0.18353751341311791,-0.9626699712505995
68448000000,6879,633437513308521344,map,-0.10299958288669586,0.1678129881620407,3.777287006378174,0.17803889331077297,-0.08919667678755278,0.18376118673816527,-0.9625892600357011
68456000000,6880,633437513316521344,map,-0.10404471307992935,0.16881629824638367,3.777909517288208,0.17662920503445106,-0.09223205330463688,0.1844299729303362,-0.9624349182764542
68464000000,6881,633437513324521344,map,-0.10492640733718872,0.16999781131744385,3.778538942337036,0.17535739227049846,-0.09411777706399918,0.18486808942060695,-0.9624008214760089
68477000000,6882,633437513336521344,map,-0.10589311271905899,0.171597421169281,3.7797319889068604,0.17295058594957174,-0.09679929654351992,0.1855086372242754,-0.9624470987156739
68485000000,6883,633437513344521344,map,-0.10636741667985916,0.17322255671024323,3.7803847789764404,0.17103185593946935,-0.09845121592912408,0.1859344889816295,-0.9625402432508829
68493000000,6884,633437513352521344,map,-0.1066737174987793,0.1750032901763916,3.78102445602417,0.16885412564273344,-0.10000858676262815,0.1863320602036328,-0.9626873778990344
68500000000,6885,633437513360521344,map,-0.10681667178869247,0.17691819369792938,3.7816314697265625,0.16648591529833057,-0.10137473471026028,0.1866933008422197,-0.9628869432267335
68508000000,6886,633437513368521344,map,-0.10680164396762848,0.17898644506931305,3.7822163105010986,0.16521602548434125,-0.10199682746263714,0.18684814836364871,-0.9630099277306883
68516000000,6887,633437513376437376,map,-0.10662739723920822,0.18119709193706512,3.7827768325805664,0.16108195438356301,-0.10363945083396664,0.18727804621845978,-0.9634513738219914
68524000000,6888,633437513384437376,map,-0.10629404336214066,0.18354465067386627,3.783306360244751,0.15808155975074295,-0.10451962717902191,0.18750416406072073,-0.9638091584190004
68532000000,6889,633437513392437376,map,-0.1057998463511467,0.1860310435295105,3.7838056087493896,0.15493790271147828,-0.10521937813395814,0.18770162204599428,-0.9642049594733662
68540000000,6890,633437513400437376,map,-0.10514993220567703,0.18864507973194122,3.784236431121826,0.15169130989725985,-0.10574570797816217,0.1878702094400379,-0.9646306426433262
68548000000,6891,633437513408437376,map,-0.10434485971927643,0.191384419798851,3.784630298614502,0.1500360266663089,-0.10594081364245321,0.1879351155867447,-0.9648555382269803
68557000000,6892,633437513416437376,map,-0.1033921018242836,0.19424545764923096,3.784985065460205,0.14484987012793354,-0.10631468516470317,0.18811904443364624,-0.9655708545399073
68565000000,6893,633437513424437376,map,-0.10227417945861816,0.19724613428115845,3.7853143215179443,0.14126346703050705,-0.10635780270781885,0.18820696275963994,-0.9660801570573129
68573000000,6894,633437513432437376,map,-0.10100086778402328,0.20036230981349945,3.7856132984161377,0.13757161646937333,-0.10626233746176363,0.18824927819554488,-0.9666150005649161
68581000000,6895,633437513440437376,map,-0.1006879210472107,0.20296397805213928,3.785552978515625,0.1338417033527672,-0.10598208330967947,0.1882567381877313,-0.9671678407768336
68588000000,6896,633437513448437376,map,-0.10019271075725555,0.20569302141666412,3.785494565963745,0.13195564373570584,-0.10579002934063843,0.18826112145997642,-0.9674471057950667
68596000000,6897,633437513456437376,map,-0.09955334663391113,0.20849013328552246,3.7854130268096924,0.1261815722463734,-0.10501450164480217,0.18820595123527561,-0.9683123384481469
68604000000,6898,633437513464437376,map,-0.098729707300663,0.21141834557056427,3.78532338142395,0.12226100193362771,-0.10434214021449746,0.1881267573069237,-0.9689031951174211
68612000000,6899,633437513472350336,map,-0.09772332012653351,0.21447403728961945,3.785223960876465,0.12028107535803201,-0.10394540600256384,0.188075548885983,-0.9692034914130612
68620000000,6900,633437513480350336,map,-0.09652768820524216,0.21766451001167297,3.7851147651672363,0.11427048234030153,-0.10251611088060576,0.18786709057324802,-0.9701230513538719
68629000000,6901,633437513488350336,map,-0.09518109261989594,0.22093334794044495,3.7849888801574707,0.11017192391066079,-0.10134652398062732,0.18770870271654416,-0.970750449340805
68637000000,6902,633437513496350336,map,-0.09368107467889786,0.22428521513938904,3.784851551055908,0.10602205136368578,-0.10003736812107729,0.1875017195435072,-0.9713881733056234
68645000000,6903,633437513504350336,map,-0.09203352779150009,0.22771595418453217,3.784672498703003,0.10187281678170287,-0.09859712980039394,0.18726776238742315,-0.9720243799838952
68653000000,6904,633437513512350336,map,-0.09023076295852661,0.23123684525489807,3.784489870071411,0.0977436030640565,-0.09698193880024801,0.18699245917295004,-0.9726635790884115
68660000000,6905,633437513520350336,map,-0.08826442807912827,0.23485463857650757,3.784306764602661,0.0935696762322697,-0.09518502697061774,0.18668272198324348,-0.9733109968283874
68668000000,6906,633437513528350336,map,-0.08614108711481094,0.23856262862682343,3.7841274738311768,0.09145181619238799,-0.09420812821804152,0.18650359787707216,-0.9736415967081069
68676000000,6907,633437513536350336,map,-0.0838877484202385,0.2423279583454132,3.7839558124542236,0.08506323723095778,-0.09105417598784743,0.18595766974831046,-0.9746246719496235
68684000000,6908,633437513544350336,map,-0.08148954063653946,0.24616801738739014,3.7837960720062256,0.08081587079157072,-0.08882208613470008,0.18555276497466638,-0.9752689708228095
68692000000,6909,633437513552350336,map,-0.07895875722169876,0.2500710189342499,3.7837491035461426,0.07871631631337743,-0.0876663234010332,0.18532588848913228,-0.9755884017876736
68700000000,6910,633437513560350336,map,-0.07628820091485977,0.2540464997291565,3.7837185859680176,0.07235897919731431,-0.08389880739302126,0.18460294359662482,-0.9765485491436002
68709000000,6911,633437513568264320,map,-0.07347255200147629,0.25809773802757263,3.7837090492248535,0.06808242145552189,-0.08118203339181018,0.18408580176539618,-0.9771830278010832
68717000000,6912,633437513576264320,map,-0.07056901603937149,0.26216182112693787,3.7837178707122803,0.06379999344798531,-0.07837845927317992,0.18352916833711286,-0.9778054103130436
68725000000,6913,633437513584264320,map,-0.06754150241613388,0.266285240650177,3.7837512493133545,0.0595935476472353,-0.07549573139741268,0.18296368407064217,-0.9784035162402618
68733000000,6914,633437513592264320,map,-0.06441564857959747,0.2704392373561859,3.783810615539551,0.05537525331369764,-0.07248419748424008,0.18236882345075933,-0.9789899474904424
68740000000,6915,633437513600264320,map,-0.061185821890830994,0.2746332287788391,3.7838962078094482,0.05115894515039607,-0.06930462935441062,0.18175794702844256,-0.9795630603364935
68748000000,6916,633437513608264320,map,-0.05783815681934357,0.2788836359977722,3.7840020656585693,0.049052526004251557,-0.0676557748349466,0.181430887483998,-0.9798467086269718
68756000000,6917,633437513616264320,map,-0.05438651517033577,0.28317829966545105,3.784130573272705,0.04274107297678213,-0.0626150058261431,0.1804205432314948,-0.9806635988448098
68764000000,6918,633437513624264320,map,-0.05085993930697441,0.28748735785484314,3.784276008605957,0.038598181330863984,-0.05917949371474164,0.179711085330511,-0.9811789283615526
68772000000,6919,633437513632264320,map,-0.04727386683225632,0.29179519414901733,3.784435272216797,0.03654079938441739,-0.05743353351485303,0.17934048809155467,-0.9814291542011617
68780000000,6920,633437513640264320,map,-0.04362460970878601,0.2961151897907257,3.7846057415008545,0.03033791202890047,-0.052007768191426204,0.1782188761589828,-0.9821470836186964
68792000000,6921,633437513652264320,map,-0.0377100333571434,0.30271729826927185,3.7850024700164795,0.02616280241001829,-0.048279047698924035,0.1774385272588035,-0.9825986871004906
68805000000,6922,633437513664264320,map,-0.03164653852581978,0.30937516689300537,3.7854533195495605,0.01745597210155817,-0.04075026395319192,0.17582611527532227,-0.983422531548333
68813000000,6923,633437513672178304,map,-0.0277717262506485,0.3137289881706238,3.7857000827789307,0.012695364390063224,-0.036873480923326485,0.1750070755682101,-0.9837944774864417
68825000000,6924,633437513684178304,map,-0.021580874919891357,0.3203560411930084,3.7862043380737305,0.004696952799353387,-0.030819832924208607,0.17381693285995942,-0.9842843924535323
68836000000,6925,633437513696178304,map,-0.015301856212317944,0.3269781768321991,3.7867794036865234,-0.004451234038356748,-0.02467355800586493,0.17263825409450378,-0.984666242901041
68844000000,6926,633437513704178304,map,-0.01126371044665575,0.3313114643096924,3.7871549129486084,-0.011196300758023584,-0.020538118778871368,0.1718940671903469,-0.9848377384276318
68853000000,6927,633437513712178304,map,-0.007205569185316563,0.335613489151001,3.7875771522521973,-0.01477685005331865,-0.018395206388816997,0.1715262094965438,-0.9848969126029411
68861000000,6928,633437513720178304,map,-0.003144850954413414,0.339869886636734,3.788048028945923,-0.026214853767929147,-0.011700606568974904,0.1704643617951604,-0.9849456343598197
68869000000,6929,633437513728178304,map,0.000909859430976212,0.34406834840774536,3.7885568141937256,-0.034298985463065056,-0.007150013969431709,0.16978061347176815,-0.9848589382924329
68877000000,6930,633437513736178304,map,0.004953934345394373,0.34820184111595154,3.789121150970459,-0.04262803512907581,-0.002621464171659711,0.16910988852456577,-0.9846714691102563
68885000000,6931,633437513744178304,map,0.009002329781651497,0.35228464007377625,3.7897448539733887,-0.05125045451959172,0.0020343941333064927,0.16844653927585285,-0.9843754717931643
68892000000,6932,633437513752178304,map,0.013014116324484348,0.3562749922275543,3.7904233932495117,-0.06003114191171111,0.006875710425521774,0.1678188884078285,-0.9839642871390921
68900000000,6933,633437513760178304,map,0.016972102224826813,0.36015212535858154,3.791156530380249,-0.06883970680994243,0.01176772147396157,0.16719119539295585,-0.9834478618042881
68908000000,6934,633437513768178304,map,0.02089001052081585,0.3639301061630249,3.791959285736084,-0.07324303568661053,0.014195769806537788,0.16688668441246463,-0.9831495042636794
68916000000,6935,633437513776092288,map,0.02473084256052971,0.36757442355155945,3.792814254760742,-0.08613431838488758,0.02117904952617144,0.16598284524614848,-0.9821314471378988
68924000000,6936,633437513784092288,map,0.028529798611998558,0.37110811471939087,3.7937352657318115,-0.09454889190906104,0.025785797532999335,0.16540690856124712,-0.9813441018608668
68932000000,6937,633437513792092288,map,0.032264288514852524,0.37450993061065674,3.7947194576263428,-0.09868723037825097,0.028079679275875225,0.1651148730479151,-0.9809227598163034
68940000000,6938,633437513800092288,map,0.035923395305871964,0.3777669072151184,3.795767307281494,-0.11065406936964614,0.03478760309747508,0.16423737566191826,-0.9795773481181387
68948000000,6939,633437513808092288,map,0.03950023651123047,0.38086819648742676,3.7968790531158447,-0.11441582311321324,0.03687959353344968,0.1639372058068237,-0.9791187061126432
68960000000,6940,633437513820092288,map,0.04485896974802017,0.3852837383747101,3.798703908920288,-0.12847424951134412,0.04485528665572314,0.162715705843281,-0.9772440142908785
68973000000,6941,633437513832092288,map,0.04998158663511276,0.3893063962459564,3.8006529808044434,-0.1379193529942794,0.05070882536937834,0.16183390947873605,-0.9758159104759354
68984000000,6942,633437513844092288,map,0.05509999394416809,0.39396536350250244,3.8021411895751953,-0.14628810762576544,0.05629733679706294,0.16093576013696897,-0.9744383828792054
68992000000,6943,633437513852092288,map,0.058315303176641464,0.397087424993515,3.802969455718994,-0.14879759947473292,0.058087392478661556,0.16064865580491267,-0.9740005614168742
69000000000,6944,633437513860092288,map,0.06137453764677048,0.39996758103370667,3.8038454055786133,-0.155668389255691,0.06342096025388179,0.15981065001597056,-0.9727310561928776
69012000000,6945,633437513872006272,map,0.06577732414007187,0.4034910798072815,3.8055803775787354,-0.1615034255028499,0.0685948704985867,0.15901297876105341,-0.9715586151610014
69025000000,6946,633437513884006272,map,0.06987016648054123,0.4065442681312561,3.8073716163635254,-0.16623455149381147,0.0733220452225004,0.15824527391542753,-0.9705403051541297
69036000000,6947,633437513896006272,map,0.0736376941204071,0.4091292917728424,3.8091766834259033,-0.17000367039915584,0.07764651207724853,0.15752034812104004,-0.9696685397395305
69049000000,6948,633437513908006272,map,0.07710223644971848,0.4112575948238373,3.810966730117798,-0.1728860301485431,0.0815627550940323,0.1567759083357922,-0.9689579017267882
69061000000,6949,633437513920006272,map,0.08021803945302963,0.4129152297973633,3.812696933746338,-0.174878306409297,0.08495789974418344,0.1560488751989793,-0.9684257556174897
69072000000,6950,633437513932006272,map,0.08301443606615067,0.4141218662261963,3.814380168914795,-0.1757352203281523,0.08700119476505977,0.15556224768607252,-0.968167479729815
69085000000,6951,633437513944006272,map,0.08546535670757294,0.41487112641334534,3.8160181045532227,-0.1764590819146148,0.09058632160322981,0.15458726463946998,-0.9678632216304148
69097000000,6952,633437513956006272,map,0.0875711515545845,0.4151528775691986,3.8176074028015137,-0.17615574577752582,0.09293550791388608,0.15384657592373957,-0.9678138255239601
69105000000,6953,633437513964006272,map,0.08874735236167908,0.4152887165546417,3.818464756011963,-0.17560330596066928,0.09437136674895522,0.15335733530622503,-0.9678528535056811
69113000000,6954,633437513971921280,map,0.08976041525602341,0.4152168929576874,3.819295644760132,-0.17479732914241744,0.09568182027045823,0.15289999985303332,-0.9679424998524638
69121000000,6955,633437513979921280,map,0.09062102437019348,0.41494664549827576,3.820096492767334,-0.17376235795949374,0.0968900571476102,0.15242588995413436,-0.9680833967670357
69132000000,6956,633437513991921280,map,0.09165631234645844,0.41388899087905884,3.821458101272583,-0.1725181434787817,0.09797424004452639,0.1519553625373587,-0.9682706973618181
69140000000,6957,633437513999921280,map,0.09214166551828384,0.4131452143192291,3.8221347332000732,-0.1702670618605686,0.0993165934619961,0.15122769719781815,-0.9686462679288987
69149000000,6958,633437514007921280,map,0.09248073399066925,0.4122188091278076,3.822749376296997,-0.1685782718850515,0.10001010668335268,0.15073508483242276,-0.9689469435461754
69157000000,6959,633437514015921280,map,0.09267231076955795,0.41112738847732544,3.823286294937134,-0.166732953782521,0.10051492319556994,0.15022236842028774,-0.9692936013751775
69165000000,6960,633437514023921280,map,0.09272114187479019,0.4098636507987976,3.8237504959106445,-0.16473481910982407,0.10082294816955577,0.14969013801729214,-0.9696856513600258
69173000000,6961,633437514031921280,map,0.09262776374816895,0.4084329903125763,3.824138641357422,-0.16257146615678644,0.10094264258514866,0.14912823623294497,-0.9701246529341153
69181000000,6962,633437514039921280,map,0.09239228069782257,0.40682581067085266,3.8244142532348633,-0.16033168252815233,0.10087642461778197,0.1485451345837967,-0.970593705211193
69189000000,6963,633437514047921280,map,0.09201561659574509,0.4050540328025818,3.8246209621429443,-0.1579831969088525,0.10063182538244902,0.14795254989373358,-0.9710945783588966
69197000000,6964,633437514055921280,map,0.0914946049451828,0.4031029939651489,3.824772357940674,-0.15552863030602884,0.10024156400448436,0.14732557337528546,-0.971626387293407
69204000000,6965,633437514063921280,map,0.09083497524261475,0.4010089337825775,3.824868679046631,-0.15295710619858746,0.09968891081920724,0.1466735194819735,-0.9721899328048462
69212000000,6966,633437514071836288,map,0.09002110362052917,0.39873889088630676,3.824920177459717,-0.15025857256315847,0.09899569789414626,0.14599520810203914,-0.9727834447255765
69220000000,6967,633437514079836288,map,0.08906669169664383,0.3963148891925812,3.824857234954834,-0.1474816589603894,0.09815232365037509,0.14530964746416092,-0.973396344196622
69228000000,6968,633437514087836288,map,0.08796021342277527,0.3937023878097534,3.824763536453247,-0.1460673529699775,0.09767762896395295,0.14495333800684979,-0.9737104225117251
69236000000,6969,633437514095836288,map,0.08671809732913971,0.3909468352794647,3.8246381282806396,-0.1416718344311741,0.09606277509743608,0.14385933226005254,-0.9746822866915379
69244000000,6970,633437514103836288,map,0.08533813059329987,0.38804253935813904,3.8244857788085938,-0.13862371771203855,0.09482434658877113,0.14312176241111196,-0.9753502299467385
69252000000,6971,633437514111836288,map,0.08382787555456161,0.385003924369812,3.824308395385742,-0.13706287503188838,0.09415003652526731,0.14274357873942367,-0.9756914929791312
69260000000,6972,633437514119836288,map,0.0821790024638176,0.38181328773498535,3.824110984802246,-0.1323552129817462,0.09191189794081414,0.14156169681348113,-0.9767265352848618
69269000000,6973,633437514127836288,map,0.0804101899266243,0.37850409746170044,3.8238942623138428,-0.12917514238245717,0.09023226831940305,0.1407316567789076,-0.9774285331936592
69277000000,6974,633437514135836288,map,0.07850205153226852,0.3750359117984772,3.823676824569702,-0.12594133718549477,0.08841742897379101,0.13990026804518174,-0.9781355044305811
69285000000,6975,633437514143836288,map,0.07647046446800232,0.3714400827884674,3.823448657989502,-0.12263963341558129,0.08647642303716162,0.13904135741937818,-0.9788508628903563
69296000000,6976,633437514155836288,map,0.07318431884050369,0.3656470775604248,3.8232579231262207,-0.11765369811523498,0.0832963642916737,0.1377045436783097,-0.9799269562265365
69304000000,6977,633437514163836288,map,0.07085103541612625,0.36174675822257996,3.8230254650115967,-0.11439084978838152,0.08102653259422933,0.13676197155821201,-0.9806353604563076
69316000000,6978,633437514175751296,map,0.06712756305932999,0.35552752017974854,3.8228423595428467,-0.10954079592763431,0.07744270704000705,0.13530933827743552,-0.9816795907750135
69329000000,6979,633437514187751296,map,0.06313557177782059,0.3490297496318817,3.8226943016052246,-0.10464326232495058,0.0736397402640414,0.13379601353480336,-0.9827134529689857
69337000000,6980,633437514195751296,map,0.06029968708753586,0.3445831537246704,3.822554111480713,-0.10144166917405163,0.07099508083772146,0.1327569672784643,-0.9833844729441277
69344000000,6981,633437514204751296,map,0.05733814463019371,0.3399902582168579,3.8224456310272217,-0.09833216952132702,0.06827057157271962,0.1316790616277982,-0.9840378755365922
69352000000,6982,633437514211751296,map,0.054397258907556534,0.335485577583313,3.8223650455474854,-0.09530171496589558,0.06548724769770983,0.13058063046190727,-0.9846714269634078
69360000000,6983,633437514219751296,map,0.05128984898328781,0.3307647705078125,3.822323799133301,-0.09228390314792838,0.06263160114774437,0.1294649190881269,-0.9852918285734882
69368000000,6984,633437514227751296,map,0.0481187105178833,0.3259795010089874,3.822314739227295,-0.09077457708754869,0.06114957570848761,0.12889644239541198,-0.9855995848613148
69376000000,6985,633437514236751296,map,0.04484127461910248,0.32106441259384155,3.8223397731781006,-0.0864438119131262,0.05662141050070827,0.12715489246809336,-0.9864853008827712
69384000000,6986,633437514244751296,map,0.04203081876039505,0.3176487386226654,3.8220949172973633,-0.08366933492503664,0.05346474062196588,0.1259551824252308,-0.9870544097782139
69392000000,6987,633437514252751296,map,0.03913884982466698,0.31411534547805786,3.821889877319336,-0.08229540824967624,0.05184192100108044,0.12533979629012315,-0.9873347284676597
69401000000,6988,633437514260751296,map,0.03617212176322937,0.3104815185070038,3.8217239379882812,-0.07821646259257223,0.04684319413221107,0.12348672580164466,-0.9881492163151329
69409000000,6989,633437514267666304,map,0.0331498421728611,0.3067696988582611,3.82159161567688,-0.07565766683338111,0.043463330348823166,0.12225780799276403,-0.9886555685531426
69417000000,6990,633437514275666304,map,0.03004075586795807,0.3029181659221649,3.8214948177337646,-0.07323945583866513,0.0400413789859301,0.12100790105332498,-0.9891359583324698
69425000000,6991,633437514284666304,map,0.026859989389777184,0.2989460825920105,3.821431875228882,-0.07086341540006234,0.036543939983175976,0.11973139945247552,-0.9895995315192412
69433000000,6992,633437514292666304,map,0.023608436807990074,0.2948545813560486,3.8213913440704346,-0.06843505755156737,0.033015715341762675,0.11844756429998521,-0.9900489433649129
69441000000,6993,633437514300666304,map,0.020316652953624725,0.29068616032600403,3.8213815689086914,-0.06591931479813014,0.02948711532997983,0.1171595987563408,-0.9904841095757878
69448000000,6994,633437514308666304,map,0.01698000729084015,0.2864287197589874,3.821403741836548,-0.06338896025914978,0.0260148946306144,0.11587921964542824,-0.9908971065443462
69456000000,6995,633437514315666304,map,0.013623225502669811,0.2821144461631775,3.821453332901001,-0.06082076443565172,0.022537046009883748,0.11458653365475063,-0.991293581948288
69469000000,6996,633437514327666304,map,0.008268466219305992,0.2747873365879059,3.821772575378418,-0.056769162863608176,0.017307047529433954,0.11263968642833544,-0.9918618900536089
69480000000,6997,633437514339666304,map,0.0028527353424578905,0.26731908321380615,3.8221399784088135,-0.052328868566617996,0.012026892982167185,0.11070350235459347,-0.992402086210973
69492000000,6998,633437514352666304,map,-0.002633074065670371,0.25968021154403687,3.8225436210632324,-0.04921327737719453,0.008453273550729622,0.10942308109683258,-0.9927402725234244
69501000000,6999,633437514360666304,map,-0.006154848262667656,0.2549421489238739,3.8227179050445557,-0.044296291686834015,0.0029975510376346573,0.10752950748693507,-0.993210125590624
69508000000,7000,633437514368582336,map,-0.009674055501818657,0.250162810087204,3.822913646697998,-0.04075607626701937,-0.000695841834736768,0.10631163215236428,-0.9934970613352861
69516000000,7001,633437514375582336,map,-0.013194209896028042,0.2453324943780899,3.8231310844421387,-0.0369179484826835,-0.004448651226796429,0.1051101940887128,-0.9937651995855123
69529000000,7002,633437514387582336,map,-0.01865578442811966,0.23745521903038025,3.8236379623413086,-0.030565531352639515,-0.010115950260871575,0.10336190066563239,-0.9941226470077333
69540000000,7003,633437514400582336,map,-0.024123193696141243,0.22946444153785706,3.824110507965088,-0.023393613534327742,-0.015847291431259024,0.10169414987005632,-0.9944143874931257
69548000000,7004,633437514408582336,map,-0.027611084282398224,0.22448228299617767,3.8242788314819336,-0.018006844088577237,-0.019647234664752405,0.10066100417250878,-0.9945638823647939
69556000000,7005,633437514415582336,map,-0.03107353486120701,0.21948297321796417,3.824376344680786,-0.012157749068625778,-0.02335612325403279,0.09968610541960327,-0.9946704717446779
69568000000,7006,633437514427582336,map,-0.0363694466650486,0.21150562167167664,3.824613332748413,-0.0025231750867542764,-0.028787647549181932,0.09835017676235341,-0.9947322168777463
69581000000,7007,633437514439582336,map,-0.04158257320523262,0.2035476416349411,3.824775218963623,0.007862609176451723,-0.034076573909295034,0.09712808674293155,-0.994657279781094
69592000000,7008,633437514452582336,map,-0.04672420024871826,0.1955815851688385,3.82489275932312,0.015160969515929702,-0.037576344159607415,0.09636607172185463,-0.9945208925793128
69600000000,7009,633437514460582336,map,-0.04995593801140785,0.19064569473266602,3.824866771697998,0.02654865285686848,-0.04282020236777222,0.09528302415567008,-0.9941744876314017
69609000000,7010,633437514467498368,map,-0.05313246324658394,0.18573519587516785,3.8248205184936523,0.034181049361308564,-0.04629148793393631,0.09459598837809402,-0.9938513477438686
69620000000,7011,633437514480498368,map,-0.05792383477091789,0.17803576588630676,3.8249387741088867,0.04570490653560801,-0.0515877636507585,0.09364085649714016,-0.9932176277296589
69628000000,7012,633437514488498368,map,-0.060952913016080856,0.17321620881557465,3.8249387741088867,0.049545209821726006,-0.05335774327375902,0.09333116145428216,-0.9929690456171416
69636000000,7013,633437514496498368,map,-0.06386644393205643,0.16852796077728271,3.824953317642212,0.06091502026471813,-0.058522183648439134,0.09244127289482312,-0.9921285531641373
69648000000,7014,633437514508498368,map,-0.06822976469993591,0.1612311452627182,3.825148105621338,0.07194608397388255,-0.06352230597312092,0.09159749298763498,-0.9911601871727511
69656000000,7015,633437514515498368,map,-0.07092994451522827,0.1567430943250656,3.8252029418945312,0.07896546345708254,-0.06670509800758921,0.09105270282378314,-0.9904667029273528
69668000000,7016,633437514527498368,map,-0.07491599768400192,0.14986467361450195,3.825442314147949,0.08909239165490224,-0.07109716906589335,0.09022207273333055,-0.9893774597744373
69681000000,7017,633437514539498368,map,-0.07867196202278137,0.14325329661369324,3.825697898864746,0.09865428603069473,-0.07505719541429035,0.08939220128615105,-0.9882524760939845
69692000000,7018,633437514552498368,map,-0.08219366520643234,0.13691416382789612,3.8259787559509277,0.10462497849523104,-0.07750742220880641,0.08884252208787191,-0.9874984689741246
69700000000,7019,633437514559498368,map,-0.0843115970492363,0.13310116529464722,3.8261022567749023,0.11294649177789244,-0.08085232518135453,0.0880250418141546,-0.9863862136419221
69712000000,7020,633437514571414400,map,-0.08738096058368683,0.12733973562717438,3.826436758041382,0.11813374940268515,-0.08285985069873526,0.08747966159442372,-0.9856601920294734
69724000000,7021,633437514583414400,map,-0.09016937017440796,0.12194690108299255,3.82678484916687,0.12754876662122872,-0.08661018132926689,0.0864865132561129,-0.9842510542963603
69737000000,7022,633437514595414400,map,-0.09267295897006989,0.1169261783361435,3.8271615505218506,0.13366264510104672,-0.08918913250166932,0.08580246990478119,-0.9832687798449653
69748000000,7023,633437514607414400,map,-0.09487694501876831,0.11230231076478958,3.8275537490844727,0.1373673636218664,-0.09074050531179467,0.08537893622409509,-0.9826529722413726
69760000000,7024,633437514619414400,map,-0.09678775817155838,0.10808009654283524,3.8279366493225098,0.14382458218345529,-0.09347911796597949,0.08459369828948865,-0.9815396632379574
69773000000,7025,633437514631414400,map,-0.0984044149518013,0.10425562411546707,3.8282907009124756,0.14654956560050286,-0.09463984217396952,0.08424185639811971,-0.9810554802422642
69784000000,7026,633437514643414400,map,-0.10022182017564774,0.10104347765445709,3.8281126022338867,0.15113828529288026,-0.09636056892394576,0.08357947652692249,-0.9802481152121896
69796000000,7027,633437514655414400,map,-0.10172973573207855,0.09824899584054947,3.8278751373291016,0.15299758297822622,-0.09691860373494211,0.08324533631192815,-0.9799330253727221
69809000000,7028,633437514667330432,map,-0.10292994230985641,0.0958678126335144,3.827587127685547,0.15584835103047653,-0.0974043909450567,0.08260740161286723,-0.9794895562326904
69821000000,7029,633437514680330432,map,-0.10381986200809479,0.09390423446893692,3.8272573947906494,0.1572903501345381,-0.09722898893244453,0.08214724232082538,-0.9793151525735524
69829000000,7030,633437514688330432,map,-0.10434602946043015,0.09302165359258652,3.8268182277679443,0.1579357421916074,-0.09686739267982335,0.08184618738191202,-0.9792722892286168
69837000000,7031,633437514695330432,map,-0.1047322079539299,0.09233807027339935,3.82633638381958,0.158320637748921,-0.09636376945025454,0.08155217096669998,-0.979284343227291
69845000000,7032,633437514703330432,map,-0.10498114675283432,0.09182897210121155,3.8258557319641113,0.15848003976416722,-0.09570992168170277,0.08128871101665841,-0.9793445710738129
69853000000,7033,633437514711330432,map,-0.10509444773197174,0.09149926900863647,3.8253772258758545,0.15839671281048318,-0.09492455994072879,0.08102929716407387,-0.9794560494881243
69865000000,7034,633437514723330432,map,-0.1048646792769432,0.09110289812088013,3.824946165084839,0.1578430560033759,-0.09349708306015725,0.080654611680812,-0.9797135667325259
69873000000,7035,633437514732330432,map,-0.10463805496692657,0.09123175591230392,3.824448823928833,0.15755291709822689,-0.09295640221403526,0.08054743224504879,-0.979820577580895
69881000000,7036,633437514740330432,map,-0.1042822077870369,0.09154079854488373,3.823956251144409,0.15637658275121963,-0.09111573870408718,0.08020342966750288,-0.9802100144611356
69889000000,7037,633437514748330432,map,-0.10380303114652634,0.09202916920185089,3.823467254638672,0.1553352790043072,-0.08969695197684298,0.07998612051658072,-0.9805241770699358
69896000000,7038,633437514756330432,map,-0.10320115089416504,0.092694491147995,3.822981357574463,0.15411735625453182,-0.08814064271708577,0.07978604942669948,-0.9808737008846368
69904000000,7039,633437514764330432,map,-0.10247308015823364,0.09353690594434738,3.8224613666534424,0.15274443846935765,-0.0864398540606332,0.07958176365196723,-0.9812563521222671
69912000000,7040,633437514772247488,map,-0.1016022264957428,0.09456313401460648,3.821960210800171,0.1520136832389856,-0.08551883215101481,0.07948149629935974,-0.9814586148482709
69920000000,7041,633437514780247488,map,-0.10062123090028763,0.09575604647397995,3.8214807510375977,0.149634277637947,-0.08255321657075032,0.07916906171134858,-0.9821033351899421
69929000000,7042,633437514788247488,map,-0.09950707107782364,0.09712760150432587,3.8210251331329346,0.14788257032013724,-0.08040347441560367,0.07894159516993526,-0.982565222502773
69937000000,7043,633437514796247488,map,-0.09828384220600128,0.09866386651992798,3.820592164993286,0.14609192458265946,-0.07816688341074424,0.07871105190858063,-0.9830319567031827
69945000000,7044,633437514804247488,map,-0.09696327149868011,0.10036002099514008,3.820178508758545,0.14424974115198697,-0.07578753312744432,0.07845656923727184,-0.9835104920211752
69953000000,7045,633437514812247488,map,-0.09553816169500351,0.10221518576145172,3.819751501083374,0.14241175133274128,-0.07333868269094995,0.07818219325346598,-0.9839857398849841
69960000000,7046,633437514820247488,map,-0.09400199353694916,0.10423853993415833,3.819347620010376,0.1405283114057327,-0.0708288615697285,0.0778782301820054,-0.9844644437903709
69968000000,7047,633437514828247488,map,-0.09236221015453339,0.1064261868596077,3.818965435028076,0.1385525277336367,-0.0682150009529579,0.07757106395005803,-0.9849531786457032
69976000000,7048,633437514836247488,map,-0.09062708169221878,0.10877210646867752,3.8186051845550537,0.1375668314849783,-0.06687242099617746,0.07740403598940931,-0.9851964081084595
69984000000,7049,633437514844247488,map,-0.0888124331831932,0.11125963181257248,3.818265199661255,0.1346616070702739,-0.06274698209680987,0.07686986683138225,-0.9859108814844162
69992000000,7050,633437514852247488,map,-0.08691155910491943,0.1138947382569313,3.8179430961608887,0.13370571127769076,-0.061345899680118304,0.07668433640423727,-0.9861434477944995
70000000000,7051,633437514860247488,map,-0.084925577044487,0.11668113619089127,3.8176376819610596,0.13082983950879612,-0.0570161987136207,0.07608711556083791,-0.986835077578563
70009000000,7052,633437514868161472,map,-0.08284760266542435,0.1196313351392746,3.817312002182007,0.12886511938443423,-0.05399047909320165,0.07565325590226679,-0.9872970913319394
70017000000,7053,633437514876161472,map,-0.08070427179336548,0.12271537631750107,3.8169984817504883,0.12694510126127423,-0.050868258994760836,0.07519153717682997,-0.9877467560587023
70025000000,7054,633437514884161472,map,-0.07849156856536865,0.12594470381736755,3.816696882247925,0.12504632514976374,-0.04768169119535603,0.0747103044605325,-0.9881843246399424
70033000000,7055,633437514892161472,map,-0.07622590661048889,0.1293005645275116,3.8164079189300537,0.12314852631830307,-0.04442864991331544,0.07421444678780181,-0.9886114829496003
70040000000,7056,633437514900161472,map,-0.07390749454498291,0.13278734683990479,3.8161327838897705,0.12120725301260342,-0.04114800244550021,0.07369625128536039,-0.9890321506445876
70048000000,7057,633437514908161472,map,-0.07152784615755081,0.13641414046287537,3.815871477127075,0.1192098769831797,-0.037785943071430135,0.07316014337230187,-0.9894488143889661
70056000000,7058,633437514916161472,map,-0.06911817193031311,0.14014388620853424,3.8156251907348633,0.1181992060926006,-0.03610029040194905,0.07290932747681356,-0.9896514142897581
70069000000,7059,633437514928161472,map,-0.06528586149215698,0.14601004123687744,3.8154776096343994,0.11410409711909267,-0.029410389626443673,0.07189388345564057,-0.9904275485050862
70076000000,7060,633437514936161472,map,-0.06273918598890305,0.15011388063430786,3.815310001373291,0.11190788806346275,-0.026064498837133573,0.07140814102655257,-0.9908069122885328
70084000000,7061,633437514944161472,map,-0.0601610466837883,0.1543433517217636,3.8151602745056152,0.10959166585669805,-0.022732579728104847,0.07093112299510618,-0.9911819349465827
70092000000,7062,633437514952161472,map,-0.05755719169974327,0.1586935818195343,3.815030813217163,0.10838680072742696,-0.02104258856740519,0.07069349906320171,-0.991368729779183
70100000000,7063,633437514960161472,map,-0.054925594478845596,0.16317106783390045,3.8149218559265137,0.10472937623899253,-0.01602493776355442,0.07000709548835338,-0.9919042476363624
70108000000,7064,633437514968076480,map,-0.05229722335934639,0.16772808134555817,3.8148345947265625,0.10214966774040593,-0.012690526722107482,0.06957770339572439,-0.9922517062554862
70116000000,7065,633437514976076480,map,-0.049646008759737015,0.17241372168064117,3.8147361278533936,0.1008122692118143,-0.011017881623748078,0.06937539852287211,-0.9924226538730463
70125000000,7066,633437514984076480,map,-0.04698236286640167,0.17721791565418243,3.814664602279663,0.09655458403853165,-0.006003333881618928,0.06877569101541064,-0.9929305655444511
70133000000,7067,633437514992076480,map,-0.04429998621344566,0.18215829133987427,3.814622640609741,0.09358025459733754,-0.0026323604490887985,0.06839776022481336,-0.9932560656555008
70141000000,7068,633437515000076480,map,-0.04162278026342392,0.187197744846344,3.814613103866577,0.0905373680386844,0.0007184931316334506,0.068042251557624,-0.9935657185515103
70148000000,7069,633437515008076480,map,-0.03893573582172394,0.19236892461776733,3.8146369457244873,0.08727662178590041,0.004108714503042908,0.06768004154152141,-0.993873896307822
70156000000,7070,633437515016076480,map,-0.03627397119998932,0.19761183857917786,3.814694881439209,0.08558943075644869,0.005779879193348369,0.06751010544832547,-0.9940238547948237
70164000000,7071,633437515024076480,map,-0.03363367170095444,0.20293352007865906,3.81475567817688,0.0802993348212894,0.010798401910127698,0.06702373081650975,-0.9944562814605455
70172000000,7072,633437515032076480,map,-0.03099798783659935,0.20837396383285522,3.814859390258789,0.07847104667973534,0.012453540261286897,0.0668552277161632,-0.9945942702425702
70180000000,7073,633437515040076480,map,-0.028857141733169556,0.21303494274616241,3.8144359588623047,0.0727281645168455,0.017385042906781393,0.06641226433831371,-0.9949864045211155
70189000000,7074,633437515048076480,map,-0.026750531047582626,0.21776241064071655,3.814074754714966,0.06862912271553588,0.020610538589142077,0.0661277731108651,-0.9952348180462388
70197000000,7075,633437515056076480,map,-0.024658221751451492,0.2226024866104126,3.8137764930725098,0.06425150736772647,0.023792068523060827,0.06584791803675277,-0.9954746336142657
70205000000,7076,633437515064076480,map,-0.022610574960708618,0.22749057412147522,3.813530445098877,0.059723109035191325,0.02691804100810812,0.0655908222608364,-0.9956939658139164
70213000000,7077,633437515071990464,map,-0.020590486004948616,0.23246778547763824,3.813333511352539,0.05508573870874223,0.029960790589503603,0.06536824475385039,-0.9958890635756734
70224000000,7078,633437515083990464,map,-0.017380107194185257,0.24045544862747192,3.8133761882781982,0.04773666517379351,0.03440783760187864,0.06504738079613692,-0.9961456957362562
70236000000,7079,633437515095990464,map,-0.014256551861763,0.24860325455665588,3.813427686691284,0.04247126630404485,0.03734033991792048,0.06484494948273911,-0.9962916502726494
70249000000,7080,633437515107990464,map,-0.011262433603405952,0.25680336356163025,3.8134188652038574,0.03127965240728454,0.04300277197880938,0.06448598477397183,-0.996500825081809
70260000000,7081,633437515119990464,map,-0.008388247340917587,0.26508086919784546,3.813300848007202,0.022336542914805295,0.04704098929227269,0.06422652877453877,-0.9965757621784614
70272000000,7082,633437515131990464,map,-0.005643047858029604,0.27339741587638855,3.8130545616149902,0.015880866664454135,0.04967961513381048,0.06404567664757849,-0.9965831378769507
70285000000,7083,633437515143990464,map,-0.0030284819658845663,0.2817608416080475,3.812680959701538,0.0018609150706576287,0.05473343583621769,0.06358867836917492,-0.9964724181059127
70296000000,7084,633437515155990464,map,-0.0005643129115924239,0.29013392329216003,3.812062978744507,-0.005539031027532752,0.05704660503064337,0.06330646307154592,-0.9963469890847443
70309000000,7085,633437515167904448,map,0.0017177050467580557,0.2984370291233063,3.811345100402832,-0.02109285790387752,0.061377408400647336,0.06267522972139822,-0.9959216009427238
70320000000,7086,633437515179904448,map,0.0038201366551220417,0.3066656291484833,3.8105390071868896,-0.03332031456721783,0.06438256035899309,0.06211998713911577,-0.9954325289126034
70332000000,7087,633437515191904448,map,0.005747128743678331,0.31482192873954773,3.809657096862793,-0.04152952362075491,0.0661727964817869,0.06173565002754495,-0.9950302372435669
70345000000,7088,633437515203904448,map,0.007484641391783953,0.3228868246078491,3.808704376220703,-0.057931137647618855,0.06927778708026536,0.06092339596304292,-0.9940487214354452
70352000000,7089,633437515211904448,map,0.008394444361329079,0.32791149616241455,3.8078298568725586,-0.06620368715829497,0.07069275392009099,0.06053185174037674,-0.993456389626473
70360000000,7090,633437515219904448,map,0.009216668084263802,0.33287161588668823,3.806889772415161,-0.07433533300431797,0.07198249868635985,0.06015720840396333,-0.9928110792289229
70368000000,7091,633437515227904448,map,0.009945739060640335,0.33775272965431213,3.805936098098755,-0.08221372601090085,0.07304682399681847,0.05978736980828037,-0.9921343272823834
70376000000,7092,633437515235904448,map,0.010580873116850853,0.3425501883029938,3.8049709796905518,-0.08606070759687429,0.07350482688486903,0.05962025755393458,-0.9917842977055005
70384000000,7093,633437515243904448,map,0.011114346794784069,0.3472256362438202,3.803997755050659,-0.0973315216781594,0.07466869235016212,0.059161531254742,-0.9906821576169406
70393000000,7094,633437515251904448,map,0.0115432720631361,0.3517466187477112,3.8028969764709473,-0.10459082374286893,0.07532345154431297,0.058891327808938694,-0.989908552212523
70401000000,7095,633437515259904448,map,0.011881978251039982,0.3562195599079132,3.8017866611480713,-0.11162175442601119,0.07581347846396995,0.05864375722078564,-0.9891177087470646
70409000000,7096,633437515267818432,map,0.01210510078817606,0.3604312241077423,3.8006842136383057,-0.11819510336031576,0.07609628381747804,0.05844962883654448,-0.9883435554336166
70417000000,7097,633437515275818432,map,0.01222951989620924,0.36451396346092224,3.799576997756958,-0.12435061765810643,0.07621125120059266,0.05831024920851902,-0.9875873145307856
70425000000,7098,633437515283818432,map,0.012253590859472752,0.36846306920051575,3.798415184020996,-0.13024280766602414,0.07619131837542503,0.05820934965318387,-0.9868350775785631
70433000000,7099,633437515291818432,map,0.01217865850776434,0.3722682595252991,3.797250509262085,-0.13584932106637895,0.0760542225797532,0.05816829862273427,-0.986091860051922
70440000000,7100,633437515299818432,map,0.012004852294921875,0.37590542435646057,3.796081304550171,-0.1411124614577375,0.07573178865193272,0.058161470833275504,-0.9853777238507535
70448000000,7101,633437515307818432,map,0.011731531471014023,0.37938210368156433,3.794905185699463,-0.1459357705089265,0.07522024971737798,0.05820922321263839,-0.9847113400289477
70456000000,7102,633437515315818432,map,0.011355663649737835,0.3826868236064911,3.7937238216400146,-0.14820162196336462,0.07490756751663172,0.058253308816180745,-0.9843941428470547
70464000000,7103,633437515323818432,map,0.010877295397222042,0.3858107328414917,3.792541027069092,-0.15452554321400366,0.07376905733198497,0.05843011484568395,-0.9834967942954091
70472000000,7104,633437515331818432,map,0.010300143621861935,0.3887340724468231,3.7913646697998047,-0.156402194864224,0.07333437580986787,0.05849868776821122,-0.9832285296046375
70480000000,7105,633437515339818432,map,0.009625240229070187,0.39144253730773926,3.790166139602661,-0.16147369090122546,0.07178536585743714,0.05876084116594899,-0.9825071441455249
70489000000,7106,633437515347818432,map,0.008848248049616814,0.39397314190864563,3.788980007171631,-0.16437215601509997,0.07059089782885808,0.058958847060253124,-0.982101101406971
70497000000,7107,633437515355818432,map,0.007967309094965458,0.3963111639022827,3.7878119945526123,-0.16696230639540516,0.06929362310004883,0.05919364715330739,-0.9817423895792947
70505000000,7108,633437515363818432,map,0.006992825772613287,0.39840930700302124,3.7866785526275635,-0.16929547163527123,0.06791950939804814,0.059428953008543624,-0.9814245601946741
70513000000,7109,633437515371732416,map,0.0059164357371628284,0.40030166506767273,3.7855730056762695,-0.1714155002622177,0.06641147408490411,0.059680148225668535,-0.9811445365331677
70521000000,7110,633437515379732416,map,0.004753895569592714,0.4019572138786316,3.7844998836517334,-0.17321284208025264,0.06483281119036793,0.05993138558964201,-0.980919093040483
70529000000,7111,633437515387732416,map,0.0034950203262269497,0.4034046232700348,3.783451795578003,-0.1747122320210959,0.06315309595817081,0.06017276059106392,-0.9807480189823772
70540000000,7112,633437515399732416,map,0.0015237655024975538,0.4053490161895752,3.7821238040924072,-0.1765351938546694,0.06044252149495787,0.06051621525957913,-0.9805712129528741
70552000000,7113,633437515411732416,map,-0.0006657628109678626,0.4067867696285248,3.7808589935302734,-0.17752385882196975,0.05849998905215896,0.060732344298743086,-0.9804971187931919
70565000000,7114,633437515423732416,map,-0.0030657665338367224,0.40770602226257324,3.779662847518921,-0.179125955364278,0.054188861674964506,0.06109809465012056,-0.9804307796536357
70576000000,7115,633437515435732416,map,-0.005176987498998642,0.409241259098053,3.777836561203003,-0.17974193682362077,0.05186344618686837,0.06125981210785686,-0.9804337720798801
70588000000,7116,633437515447732416,map,-0.007463508285582066,0.4102202355861664,3.776110887527466,-0.18073603346602296,0.04689934822240676,0.06154927666342974,-0.9804829153052437
70601000000,7117,633437515459732416,map,-0.009936644695699215,0.4106524586677551,3.7744739055633545,-0.18132800175842667,0.04292825635064213,0.06171407084110725,-0.9805451240536458
70612000000,7118,633437515471646400,map,-0.012588807381689548,0.4105337858200073,3.7728183269500732,-0.181619652681766,0.040185850480091344,0.06182694010141948,-0.980600252131498
70621000000,7119,633437515479646400,map,-0.014352330937981606,0.4103775918483734,3.7713959217071533,-0.18191649293582823,0.03594912282723075,0.061942043144702696,-0.9807024582391369
70629000000,7120,633437515487646400,map,-0.016164792701601982,0.4099799394607544,3.770021677017212,-0.18201009581801486,0.033149650123796205,0.062014788605232574,-0.9807790812097298
70637000000,7121,633437515495646400,map,-0.018022429198026657,0.40934640169143677,3.768683910369873,-0.18192503294100776,0.03032245006239757,0.06207851464018099,-0.9808823409885815
70645000000,7122,633437515503646400,map,-0.019936561584472656,0.4084773063659668,3.767373561859131,-0.1816313273588035,0.02748915451303303,0.06215585410719843,-0.9810153142956334
70657000000,7123,633437515515646400,map,-0.023053355515003204,0.4064124524593353,3.7659318447113037,-0.1811540933247586,0.02466220206436939,0.0622221932467546,-0.9811745450893075
70665000000,7124,633437515523646400,map,-0.025109969079494476,0.40494561195373535,3.7646701335906982,-0.18015175170511644,0.020356927830761883,0.06230947937002068,-0.9814522506741459
70673000000,7125,633437515531646400,map,-0.02719910442829132,0.40325281023979187,3.7634401321411133,-0.17933554637356658,0.01748654832306384,0.06237480698521253,-0.9816528696730576
70681000000,7126,633437515539646400,map,-0.029308924451470375,0.40134623646736145,3.762240171432495,-0.17833410564281138,0.014536700932498477,0.06242706907736617,-0.9818801254802284
70689000000,7127,633437515547646400,map,-0.03146107494831085,0.3991975486278534,3.761068344116211,-0.17717657405859605,0.011534422862385579,0.06248034269388386,-0.9821260944881379
70697000000,7128,633437515555646400,map,-0.033629536628723145,0.3968361020088196,3.759891986846924,-0.17587516893863275,0.008466211316133464,0.06251026695632655,-0.982389343703937
70704000000,7129,633437515563646400,map,-0.03583544120192528,0.39423003792762756,3.758754014968872,-0.17444499992811258,0.005353687627028186,0.06255776645459837,-0.9826631717787122
70712000000,7130,633437515571561408,map,-0.0380537323653698,0.39140042662620544,3.7576568126678467,-0.17366176923716642,0.0037766526545157486,0.06257116915242483,-0.9828083255249838
70725000000,7131,633437515583561408,map,-0.041559889912605286,0.3864274322986603,3.756477117538452,-0.16992148931291567,-0.002708114140931046,0.06257133773981888,-0.9834653948932686
70733000000,7132,633437515591561408,map,-0.043840087950229645,0.3829950988292694,3.7554731369018555,-0.16772985845870522,-0.005994857096712162,0.06256265548902568,-0.9838276049093713
70740000000,7133,633437515599561408,map,-0.04609709233045578,0.379390686750412,3.754512310028076,-0.16535094808313666,-0.009220234241061404,0.06255616487435495,-0.984205662140514
70748000000,7134,633437515607561408,map,-0.04835345223546028,0.37557071447372437,3.753530502319336,-0.16272021555607152,-0.012428578790256207,0.06253762026101023,-0.9846099347114305
70756000000,7135,633437515615561408,map,-0.05061352998018265,0.3715274930000305,3.7526025772094727,-0.16128092702120483,-0.014029363511904525,0.06252843224803478,-0.9848258108695034
70764000000,7136,633437515623561408,map,-0.05286729335784912,0.36727067828178406,3.751732110977173,-0.1565890397462069,-0.018839072301914676,0.062484051616552794,-0.9855053445080444
70772000000,7137,633437515631561408,map,-0.05510395020246506,0.36281928420066833,3.7509212493896484,-0.15490878714169126,-0.020416486596063713,0.06246769863933055,-0.9857405239227353
70780000000,7138,633437515639561408,map,-0.0574214942753315,0.3596866726875305,3.749581813812256,-0.14950843241664946,-0.025006230983695494,0.062439923866161984,-0.9864701280173074
70789000000,7139,633437515647561408,map,-0.059716541320085526,0.35631778836250305,3.7483201026916504,-0.14555182852406046,-0.02800800855998233,0.06243604635609895,-0.9869812849960474
70797000000,7140,633437515655561408,map,-0.061972156167030334,0.35275188088417053,3.7471301555633545,-0.14347274556044232,-0.02951298822660933,0.062423781623182295,-0.9872425533099665
70805000000,7141,633437515663561408,map,-0.06418396532535553,0.34901440143585205,3.7460122108459473,-0.13694944074038837,-0.03399032696926257,0.0623935201859514,-0.9880266532796631
70816000000,7142,633437515675476416,map,-0.067496657371521,0.34212470054626465,3.745039701461792,-0.13235385374588177,-0.036935696257173634,0.06238943194164587,-0.9885472932993181
70828000000,7143,633437515687476416,map,-0.07071088254451752,0.33484071493148804,3.744202136993408,-0.1224423927499954,-0.04266696959747676,0.062381887655762414,-0.9895938416946921
70841000000,7144,633437515699476416,map,-0.07381480187177658,0.32717791199684143,3.743497133255005,-0.11450908355225571,-0.0469980930201116,0.06238597590006795,-0.9903468794370364
70852000000,7145,633437515711476416,map,-0.076787568628788,0.31919705867767334,3.7429115772247314,-0.10903129189560923,-0.049809548599413396,0.062397439842862945,-0.9908268477478783
70864000000,7146,633437515723476416,map,-0.07962267100811005,0.31093350052833557,3.74237322807312,-0.0975862769868945,-0.0551471479841115,0.0624569511929603,-0.9917332578719537
70877000000,7147,633437515735476416,map,-0.08231028914451599,0.30240610241889954,3.7418978214263916,-0.08864364296355001,-0.05898501893608925,0.06254529098743922,-0.9923463259303932
70888000000,7148,633437515747476416,map,-0.08484997600317001,0.2935929000377655,3.741466760635376,-0.07955904847625322,-0.06261314543790802,0.0626913298175294,-0.9928845833327258
70897000000,7149,633437515755476416,map,-0.08641335368156433,0.2881202697753906,3.7408788204193115,-0.07648182606549837,-0.06374949493802409,0.06275678387326683,-0.993049925419434
70905000000,7150,633437515763476416,map,-0.08790210634469986,0.2825477719306946,3.740302801132202,-0.06711747413331257,-0.06695918472901256,0.06295036434847734,-0.9935033833625626
70916000000,7151,633437515775391424,map,-0.0900222510099411,0.273404061794281,3.7398741245269775,-0.06085856060987063,-0.06900238080357657,0.06310264091214718,-0.9937569809500527
70928000000,7152,633437515787391424,map,-0.09198588132858276,0.2640465497970581,3.739408493041992,-0.0482940756845962,-0.07281532551665493,0.06349464875014699,-0.9941499160187199
70936000000,7153,633437515795391424,map,-0.09318161755800247,0.25810927152633667,3.738785743713379,-0.045079020566865066,-0.07368423416517862,0.06360380908779029,-0.9942299107371935
70944000000,7154,633437515803391424,map,-0.09428340196609497,0.2521805167198181,3.7381412982940674,-0.03528061454084213,-0.07609750080772867,0.06395059335733788,-0.9944218474853121
70952000000,7155,633437515811391424,map,-0.09529252350330353,0.246250718832016,3.737476110458374,-0.03200563714124064,-0.07684683884702696,0.06406527493213598,-0.9944676611096435
70960000000,7156,633437515819391424,map,-0.09621178358793259,0.2403174787759781,3.7367892265319824,-0.0222437105296929,-0.0789583011270136,0.06440135390216195,-0.994546812891147
70969000000,7157,633437515827391424,map,-0.09705280512571335,0.2342858612537384,3.7360165119171143,-0.015551449530670914,-0.08021283895143282,0.06460597685168235,-0.9945603420295189
70977000000,7158,633437515835391424,map,-0.09780114889144897,0.22827975451946259,3.7352073192596436,-0.012089691786448304,-0.08077838116982017,0.06469195642264447,-0.994557054575335
70985000000,7159,633437515843391424,map,-0.09845960885286331,0.22227393090724945,3.7343621253967285,-0.001375920748130534,-0.08217344185553077,0.0648528309434106,-0.99450483463003
70993000000,7160,633437515851391424,map,-0.09903398901224136,0.21619711816310883,3.7334794998168945,0.006056907794432435,-0.08288953788515513,0.06489679010640748,-0.994425050645799
71001000000,7161,633437515859391424,map,-0.09951562434434891,0.21014884114265442,3.732557773590088,0.013667372132578673,-0.08342678639730153,0.0648870963312499,-0.9943052693023311
71008000000,7162,633437515867306432,map,-0.0999036356806755,0.20414182543754578,3.7314889430999756,0.021412598384660454,-0.08379509190137002,0.06481270714362825,-0.9941424560265334
71016000000,7163,633437515875306432,map,-0.10019636154174805,0.19815842807292938,3.730402946472168,0.02536878607712042,-0.08391496807524715,0.06476124584159648,-0.9940426101424111
71024000000,7164,633437515883306432,map,-0.10039423406124115,0.1921928972005844,3.7293057441711426,0.03752673468473217,-0.08393608891470716,0.06454722414485808,-0.9936700320015748
71032000000,7165,633437515891306432,map,-0.10049660503864288,0.18624597787857056,3.7282021045684814,0.04159835074146232,-0.08385797104808124,0.06445892649722773,-0.9935202842488156
71040000000,7166,633437515900306432,map,-0.10050058364868164,0.18033532798290253,3.7270944118499756,0.05369777054738261,-0.08340722367414738,0.06420006055367383,-0.9929945444604907
71048000000,7167,633437515907306432,map,-0.10040390491485596,0.17451691627502441,3.7259886264801025,0.061846437628667296,-0.08296324284503306,0.06406476916995385,-0.992566248185923
71056000000,7168,633437515915306432,map,-0.10020908713340759,0.16879934072494507,3.72485089302063,0.06567873861119652,-0.08272097880852539,0.0640125913714974,-0.9923436285320884
71065000000,7169,633437515923306432,map,-0.09991556406021118,0.1631641983985901,3.723726511001587,0.07741934517358637,-0.08176866944933273,0.0638971933002746,-0.9915832993849519
71076000000,7170,633437515935306432,map,-0.09929580241441727,0.15449318289756775,3.7223713397979736,0.08500164965466286,-0.08099685314570733,0.06390987950167643,-0.99102464290794
71084000000,7171,633437515943306432,map,-0.0987468808889389,0.14909350872039795,3.721271276473999,0.0959435884196588,-0.07974088183453037,0.0640649799041964,-0.9901171369658035
71092000000,7172,633437515952306432,map,-0.09809035062789917,0.1437736451625824,3.720186471939087,0.09947576893793156,-0.07928570574878033,0.06414510106321564,-0.9897998976370619
71100000000,7173,633437515960306432,map,-0.09733688086271286,0.13863462209701538,3.7191267013549805,0.10973009586354307,-0.07765483476274031,0.06446128672074436,-0.9888244509751258
71108000000,7174,633437515968222464,map,-0.09648080915212631,0.13363347947597504,3.7180943489074707,0.11612635954547304,-0.07630890149732522,0.06471534792356809,-0.9881819644164258
71117000000,7175,633437515975222464,map,-0.09552513062953949,0.12879982590675354,3.717071533203125,0.1221657092262336,-0.07482568936086507,0.06499752107434847,-0.9875484551364586
71125000000,7176,633437515983222464,map,-0.09446757286787033,0.12413446605205536,3.7160985469818115,0.12799998419594127,-0.07319836529554505,0.06530527736217512,-0.9869110261995797
71136000000,7177,633437515996222464,map,-0.09269149601459503,0.11715442687273026,3.7150003910064697,0.13358648574578752,-0.07142617460935897,0.06562441329909952,-0.9862790763530074
71144000000,7178,633437516004222464,map,-0.091370590031147,0.11291195452213287,3.7141735553741455,0.14145783644203816,-0.06836736181032478,0.06611972306279956,-0.985364826915109
71153000000,7179,633437516012222464,map,-0.08994171768426895,0.10883665084838867,3.713418483734131,0.14634475035598615,-0.0662095827780027,0.06642743720377758,-0.9847775948748068
71161000000,7180,633437516020222464,map,-0.08844568580389023,0.1050558015704155,3.7127363681793213,0.1509885770527915,-0.06404483371060812,0.06670531137600993,-0.9842007309592382
71169000000,7181,633437516027222464,map,-0.0868489220738411,0.10145621001720428,3.712026596069336,0.15539716374881135,-0.06186539383232949,0.06697623131823793,-0.983635373133313
71180000000,7182,633437516040222464,map,-0.08520042151212692,0.0955955907702446,3.7107455730438232,0.1615478588178926,-0.05842191728364849,0.06729186906673601,-0.9828331921656053
71188000000,7183,633437516048222464,map,-0.08426964282989502,0.09192270040512085,3.7096033096313477,0.16537524047294722,-0.056039139934729025,0.06746500832041874,-0.9823233838860175
71197000000,7184,633437516056222464,map,-0.08322825282812119,0.0884782150387764,3.7085320949554443,0.16900030145008132,-0.05364350252865768,0.06761631550657288,-0.9818295914088637
71204000000,7185,633437516064222464,map,-0.08210625499486923,0.0853041559457779,3.7075233459472656,0.17237108522179317,-0.05120711438843236,0.0677363075842834,-0.9813653438725163
71212000000,7186,633437516072138496,map,-0.08090635389089584,0.08239324390888214,3.706571340560913,0.17396444156139146,-0.0499401221702782,0.06777832799224875,-0.9811465595818962
71220000000,7187,633437516080138496,map,-0.07961496710777283,0.07972387969493866,3.705639362335205,0.1784917664663786,-0.04596559533035994,0.06784302340471304,-0.9805229969581776
71232000000,7188,633437516092138496,map,-0.07714059203863144,0.07627740502357483,3.7048232555389404,0.1828092580176982,-0.04183359205933678,0.06781524863154426,-0.9799141857314377
71245000000,7189,633437516104138496,map,-0.07449141889810562,0.07338804751634598,3.704071283340454,0.18686590799193997,-0.03748170341127622,0.06772707742445949,-0.9793310419354411
71253000000,7190,633437516112138496,map,-0.07290679216384888,0.0717376247048378,3.7032973766326904,0.1893214466064574,-0.034481817174816305,0.06762925458906571,-0.9789763762052218
71265000000,7191,633437516124138496,map,-0.07004579156637192,0.06982442736625671,3.70261287689209,0.19258642598333872,-0.029898969065272122,0.06746623057902568,-0.9785013812225041
71276000000,7192,633437516136138496,map,-0.06707180291414261,0.06849491596221924,3.7019400596618652,0.19439346157653117,-0.026866787806140744,0.06733587037658134,-0.9782409558455553
71284000000,7193,633437516144138496,map,-0.06527389585971832,0.06787553429603577,3.7011606693267822,0.19659718330790815,-0.022293591324905552,0.06715122503325516,-0.9779280997890588
71297000000,7194,633437516156138496,map,-0.062128882855176926,0.06752432882785797,3.7004473209381104,0.19817043560076675,-0.017715310880068728,0.06693530672833392,-0.9777189249798992
71305000000,7195,633437516164138496,map,-0.06021677702665329,0.06755965948104858,3.6997032165527344,0.19882148850642667,-0.014695478647551042,0.0668078125115884,-0.9776455473166419
71312000000,7196,633437516172054528,map,-0.058263231068849564,0.06785619258880615,3.6989755630493164,0.19911402978194076,-0.011717508772316799,0.06668647173472553,-0.9776345469891805
71325000000,7197,633437516184054528,map,-0.05498000234365463,0.06888339668512344,3.6982927322387695,0.19903093727010154,-0.0071896517633671985,0.06646612801071061,-0.977710242729106
71336000000,7198,633437516196054528,map,-0.05164586380124092,0.07050827145576477,3.697612762451172,0.19861024850169007,-0.004090172523876047,0.06628004967453499,-0.9778262730030565
71344000000,7199,633437516204054528,map,-0.049595728516578674,0.07185638695955276,3.6968767642974854,0.1973245799612895,0.0006374184001666743,0.06599340895781242,-0.9781142624189314
71352000000,7200,633437516212054528,map,-0.047555435448884964,0.07344557344913483,3.6961634159088135,0.19673280659806014,0.0022233305526467117,0.06589971651357268,-0.9782374576571288
71364000000,7201,633437516224054528,map,-0.04418329522013664,0.07642515748739243,3.6954879760742188,0.1936593635742366,0.008644708487933136,0.06542994774007033,-0.9788463953244142
71377000000,7202,633437516236054528,map,-0.04080066457390785,0.0799957662820816,3.694845676422119,0.1916880184921244,0.011850871937717482,0.06518149206809859,-0.9792173297381586
71384000000,7203,633437516244054528,map,-0.03875463083386421,0.0825948640704155,3.6942107677459717,0.18810012049866479,0.016621684454908133,0.0647863653633089,-0.9798698050999557
71392000000,7204,633437516252054528,map,-0.03670680522918701,0.08544889092445374,3.6935369968414307,0.18532335440986547,0.019749133396742318,0.0645111042956843,-0.9803589192769246
71400000000,7205,633437516260054528,map,-0.03467283770442009,0.08853672444820404,3.6928887367248535,0.18383760951122766,0.021267647470097375,0.06437459065335749,-0.9806158043185986
71412000000,7206,633437516270968512,map,-0.031542904675006866,0.09351421892642975,3.6922812461853027,0.17740962505743715,0.02698025239068821,0.06385196973182244,-0.981692824885446
71423000000,7207,633437516282968512,map,-0.028339797630906105,0.09919022768735886,3.691687822341919,0.17169234710501768,0.03117699848938017,0.0634434824760548,-0.9826112047144984
71436000000,7208,633437516294968512,map,-0.025207307189702988,0.10538025200366974,3.6911118030548096,0.16537542486540946,0.03525933696778929,0.06305261260296474,-0.9835813408735221
71448000000,7209,633437516306968512,map,-0.0221706572920084,0.11202777922153473,3.69051194190979,0.15829768352155077,0.03917292473311687,0.06264311382283294,-0.9846233795561055
71459000000,7210,633437516318968512,map,-0.019245056435465813,0.11909034103155136,3.6899240016937256,0.15060631567350985,0.042952770011407265,0.062281831037397595,-0.9856945838578584
71472000000,7211,633437516330968512,map,-0.016410689800977707,0.1266227662563324,3.6893389225006104,0.14239051458944788,0.046659975196289116,0.061907356288378235,-0.9867701292850078
71479000000,7212,633437516338968512,map,-0.014733904041349888,0.13177058100700378,3.6887478828430176,0.13672759816907334,0.0490625378564064,0.06166231451113596,-0.9874695983828946
71487000000,7213,633437516346968512,map,-0.013112383894622326,0.13706547021865845,3.688150644302368,0.13084494388563123,0.05139349828925975,0.06141369025177018,-0.9881632933625354
71495000000,7214,633437516355968512,map,-0.011545145884156227,0.1425037831068039,3.687532901763916,0.12785709057442118,0.0525127289248908,0.061283582930417024,-0.9885035448705639
71503000000,7215,633437516363968512,map,-0.0100320503115654,0.14808006584644318,3.686816930770874,0.11873305124672975,0.05573195262935746,0.060919939921464994,-0.9894873366085052
71511000000,7216,633437516371883520,map,-0.00858098641037941,0.1537710577249527,3.6860570907592773,0.11566305372777197,0.056768153973422046,0.06080095936811886,-0.9897993497280313
71520000000,7217,633437516379883520,map,-0.007181835360825062,0.1596127152442932,3.6852455139160156,0.10627930288537839,0.059664135057412436,0.060466397684639246,-0.9907012079924675
71528000000,7218,633437516387883520,map,-0.005842945072799921,0.16557064652442932,3.6843748092651367,0.09983673825618115,0.06141943275987973,0.06023218764746425,-0.991278156201733
71536000000,7219,633437516395883520,map,-0.004579890985041857,0.17158161103725433,3.683398485183716,0.09656607564019597,0.0622295096762383,0.060117211044726566,-0.9915586013317246
71544000000,7220,633437516403883520,map,-0.003385208547115326,0.17766885459423065,3.6823601722717285,0.08681297220796617,0.06441998280920369,0.05978437738203602,-0.992340383224753
71551000000,7221,633437516410883520,map,-0.002255647210404277,0.18384239077568054,3.681260347366333,0.08032017446224453,0.06570873004517908,0.0595821146560322,-0.9928147460047432
71564000000,7222,633437516423883520,map,-0.0005323363002389669,0.19339443743228912,3.679745674133301,0.07043134698255303,0.06740096486701744,0.05926782560668654,-0.9934706774081183
71575000000,7223,633437516435883520,map,0.0010421683546155691,0.20319537818431854,3.678067445755005,0.06368220798828496,0.06835304719299098,0.059089965905970494,-0.9938716625248509
71583000000,7224,633437516443883520,map,0.0021560145542025566,0.20833411812782288,3.6761035919189453,0.053469534167439485,0.06958011827843513,0.05881436766355786,-0.9944046094242711
71592000000,7225,633437516451883520,map,0.003195421537384391,0.2135733664035797,3.6740500926971436,0.04695220300461745,0.07024829926820317,0.05864409439557378,-0.9946967713781487
71600000000,7226,633437516459883520,map,0.0041578104719519615,0.21889552474021912,3.671959161758423,0.040349552790974706,0.07082085235142252,0.05849969929257549,-0.9949543729162473
71611000000,7227,633437516471797504,map,0.00545846950262785,0.22772926092147827,3.669243097305298,0.03367189567496174,0.0712697215564196,0.058353871196727754,-0.9951791842062044
71619000000,7228,633437516479797504,map,0.006227004341781139,0.23323673009872437,3.6670310497283936,0.02357860922333233,0.07169343567830076,0.05816349388200404,-0.9954502305889779
71628000000,7229,633437516487797504,map,0.006910127587616444,0.2387317717075348,3.6647861003875732,0.01702666825389327,0.07183750677740117,0.05803899209150288,-0.9955807172319677
71636000000,7230,633437516495797504,map,0.007509519811719656,0.24421633780002594,3.662505626678467,0.010547823090662255,0.07185970762985427,0.05792464769149281,-0.9956755054942686
71647000000,7231,633437516507797504,map,0.008255310356616974,0.25320571660995483,3.6594159603118896,0.0007849271015987604,0.0716137386219447,0.05776019068860328,-0.9957582819047441
71655000000,7232,633437516515797504,map,0.008654636330902576,0.2588050961494446,3.6569886207580566,-0.0025187509847496444,0.07144142913434201,0.057689383983104976,-0.9957719374836616
71663000000,7233,633437516523797504,map,0.008968096226453781,0.2644011080265045,3.654534339904785,-0.012608422027030214,0.07072097090589677,0.05742959080888394,-0.995761737946322
71671000000,7234,633437516531797504,map,0.009194682352244854,0.269961416721344,3.6520743370056152,-0.019390716597005572,0.07006972043688448,0.05718851083540156,-0.9957126790146553
71679000000,7235,633437516539797504,map,0.009337005205452442,0.2755337059497833,3.649602174758911,-0.02630986330118482,0.0692378957466943,0.05689027973533851,-0.9956291439609066
71687000000,7236,633437516547797504,map,0.009393834508955479,0.2810409367084503,3.647141933441162,-0.033396572704153214,0.06826734733880854,0.056532748019420605,-0.9955040942613749
71699000000,7237,633437516559797504,map,0.009303987957537174,0.2898000180721283,3.6437313556671143,-0.040851571806121936,0.06713901166681013,0.05611410337316187,-0.9953264452949014
71712000000,7238,633437516571711488,map,0.009012958966195583,0.2984817326068878,3.640331268310547,-0.05617615209524834,0.06440097655615883,0.05519256253047112,-0.9948118744214318
71720000000,7239,633437516579711488,map,0.008714544586837292,0.30384084582328796,3.637845516204834,-0.06397985952802186,0.06286853052098802,0.054669730874693574,-0.9944674082285525
71728000000,7240,633437516587711488,map,0.008329934440553188,0.3090757429599762,3.6354379653930664,-0.07197392032096261,0.061321062015455334,0.05411621631319997,-0.9940477520579294
71736000000,7241,633437516595711488,map,0.007855466566979885,0.31424209475517273,3.633096218109131,-0.0799910872592598,0.05978975769066623,0.05353543274071982,-0.9935596072584763
71743000000,7242,633437516603711488,map,0.007293219678103924,0.31929245591163635,3.6308512687683105,-0.08795821271748439,0.05823275695917564,0.05293011970240636,-0.9930109395845614
71751000000,7243,633437516611711488,map,0.006635271478444338,0.32427555322647095,3.628594160079956,-0.09585809024473183,0.05660580563004712,0.05230381753353447,-0.9924068909517033
71759000000,7244,633437516619711488,map,0.005896762479096651,0.3290720582008362,3.6264655590057373,-0.09977849789698406,0.05578260128746643,0.05197865459727291,-0.9920840882389583
71767000000,7245,633437516627711488,map,0.00507069518789649,0.33372336626052856,3.6244537830352783,-0.11139671001129825,0.053337819338942376,0.05096569724016203,-0.991034041655158
71775000000,7246,633437516635711488,map,0.004150949418544769,0.33826038241386414,3.6225507259368896,-0.1152769912295901,0.05249144740057085,0.050605594566485,-0.9906537927878927
71783000000,7247,633437516643711488,map,0.0031583961099386215,0.3425873816013336,3.620770215988159,-0.12640404899604965,0.0496859582345114,0.04949468793343487,-0.9894966932088746
71791000000,7248,633437516651711488,map,0.0020645051263272762,0.346822053194046,3.6190028190612793,-0.12992981463227013,0.04866305158697396,0.04911127805253124,-0.989109827286393
71800000000,7249,633437516659711488,map,0.0008880285313352942,0.3508666455745697,3.617363929748535,-0.14064226858157192,0.04532648578789691,0.04786828319624803,-0.9878632920948349
71808000000,7250,633437516667624448,map,-0.0003616864560171962,0.35468366742134094,3.6158547401428223,-0.14755549497062442,0.04291367880941344,0.04699289315267674,-0.9870043393221828
71819000000,7251,633437516678624448,map,-0.0017148802289739251,0.35836654901504517,3.6144633293151855,-0.15392927330887382,0.04036967922822768,0.046100602222852616,-0.9861799048184613
71824000000,7252,633437516683624448,map,-0.003097469685599208,0.3616991341114044,3.6132161617279053,-0.16029853666597652,0.037499952996681546,0.04511845421200317,-0.9853235230035684
71832000000,7253,633437516691624448,map,-0.004544515162706375,0.36479848623275757,3.612093448638916,-0.1660811843804364,0.03477284643214021,0.044163153743655315,-0.9845087401281558
71840000000,7254,633437516699624448,map,-0.006035382393747568,0.36761778593063354,3.611096143722534,-0.1717705716558538,0.032084651945486556,0.04316949964316252,-0.9836675733255754
71848000000,7255,633437516707624448,map,-0.007589191664010286,0.37021470069885254,3.6100587844848633,-0.17719365933731115,0.029406651727816476,0.042150978902048164,-0.9828331500187568
71855000000,7256,633437516715624448,map,-0.009194236248731613,0.37256181240081787,3.609121322631836,-0.18232056530921428,0.02671857314499623,0.04112200574250324,-0.9820154168639483
71863000000,7257,633437516723624448,map,-0.010849924758076668,0.3746618628501892,3.608275890350342,-0.18715886019922695,0.024100405647143438,0.04006441487281931,-0.9812164390567273
71871000000,7258,633437516731624448,map,-0.012544875033199787,0.37649866938591003,3.6075127124786377,-0.191712658593435,0.021593110702654596,0.03903384013303096,-0.9804368066529727
71879000000,7259,633437516739624448,map,-0.014281338080763817,0.37808001041412354,3.606823205947876,-0.19386053575053508,0.020347091809990652,0.03851981716859215,-0.9800613625264378
71892000000,7260,633437516751624448,map,-0.016963379457592964,0.3802235424518585,3.606196641921997,-0.2015690731709881,0.015166985978554646,0.03637879941108718,-0.9786810110908575
71903000000,7261,633437516763624448,map,-0.01972447894513607,0.3817555606365204,3.6056182384490967,-0.20638964004284588,0.011020262920689068,0.03467261068966915,-0.977793314167521
71915000000,7262,633437516775537408,map,-0.02255536988377571,0.3826633095741272,3.605125665664673,-0.20917253322974744,0.008088001302664889,0.03348971723936239,-0.9772717047703503
71928000000,7263,633437516787537408,map,-0.025410622358322144,0.3829260468482971,3.604708194732666,-0.21367083476117876,0.0016994557623684744,0.030975742019384578,-0.9764130891724863
71940000000,7264,633437516799537408,map,-0.028284715488553047,0.3825443685054779,3.604358434677124,-0.21601492657152127,-0.0033302332350882164,0.029000572110770062,-0.9759536042300204
71951000000,7265,633437516811537408,map,-0.03117462433874607,0.38151299953460693,3.6040661334991455,-0.21746869781720757,-0.008376538627570334,0.026962308369934795,-0.9756588713183838
71959000000,7266,633437516819537408,map,-0.03306323289871216,0.38031476736068726,3.6037259101867676,-0.2177589210160536,-0.010048483034573246,0.026263766502715225,-0.975597421213255
71967000000,7267,633437516827537408,map,-0.03494567796587944,0.3788412809371948,3.6034085750579834,-0.21798999111301456,-0.014850716027328752,0.02416202960802244,-0.9755388792406733
71976000000,7268,633437516835537408,map,-0.03680815175175667,0.37710121273994446,3.6029880046844482,-0.21759621310737726,-0.017898417863424262,0.022755968594850462,-0.975609390918232
71987000000,7269,633437516847537408,map,-0.03959664702415466,0.375310480594635,3.6019372940063477,-0.21627466706218182,-0.022243726334761058,0.02062970223432442,-0.9758611340443876
71995000000,7270,633437516855537408,map,-0.04143017157912254,0.37395817041397095,3.6008431911468506,-0.21563306558730044,-0.02364226413547381,0.019918516312551537,-0.9759850457790096
72003000000,7271,633437516863537408,map,-0.043208569288253784,0.37234413623809814,3.599787950515747,-0.21316539921712402,-0.027762803463701996,0.017762199249037214,-0.9764601250554243
72011000000,7272,633437516871449344,map,-0.044934678822755814,0.37047913670539856,3.598773956298828,-0.2110984966927255,-0.030472993336922286,0.016299197843527066,-0.9768537766205161
72019000000,7273,633437516879449344,map,-0.04662993922829628,0.36832815408706665,3.597733974456787,-0.20996881363866376,-0.031816655940873836,0.015559267771069805,-0.9770664496181022
72031000000,7274,633437516891449344,map,-0.04912696033716202,0.3642544150352478,3.5968518257141113,-0.20474442727451098,-0.03730580880737204,0.012535104949867646,-0.9780239838694211
72039000000,7275,633437516899449344,map,-0.05072132498025894,0.3614085018634796,3.5959060192108154,-0.20326452498274797,-0.03870514739820649,0.011766852195211062,-0.9782878231410993
72047000000,7276,633437516907449344,map,-0.05226755887269974,0.3582841753959656,3.595008373260498,-0.19845406808617677,-0.04296343843243647,0.009379401814462947,-0.9791231736785853
72055000000,7277,633437516915449344,map,-0.05376368761062622,0.3548840880393982,3.594151258468628,-0.1967378747565935,-0.04438595252159584,0.00857903316124103,-0.9794133968774312
72063000000,7278,633437516923449344,map,-0.055181317031383514,0.3512846529483795,3.5933430194854736,-0.1913089866151098,-0.048580464837316734,0.006168022692175365,-0.9803075422685898
72072000000,7279,633437516931449344,map,-0.05653729289770126,0.34745484590530396,3.592547655105591,-0.1874626494149374,-0.051265508847044186,0.004572469448098467,-0.9809224226415153
72080000000,7280,633437516939449344,map,-0.057827044278383255,0.3434095084667206,3.591766595840454,-0.1833832980944165,-0.05383497039308659,0.0029802879519024127,-0.9815618324802742
72091000000,7281,633437516951449344,map,-0.059669557958841324,0.336620032787323,3.5910675525665283,-0.1769963383292953,-0.05734300537697415,0.0006798708133293162,-0.9825394286314844
72103000000,7282,633437516963449344,map,-0.061354972422122955,0.3293550908565521,3.5903403759002686,-0.1702423374655609,-0.060445466505997435,-0.0015681999393932814,-0.9835453474648939
72116000000,7283,633437516975360256,map,-0.06287748366594315,0.32161596417427063,3.589588165283203,-0.16310110189442056,-0.06323088850380967,-0.00378702077924931,-0.9845738570091052
72124000000,7284,633437516983360256,map,-0.06377206742763519,0.3164520263671875,3.588698625564575,-0.15819714221442793,-0.06491394387375127,-0.005244079479119428,-0.9852575210388004
72132000000,7285,633437516991360256,map,-0.06459011137485504,0.3110811114311218,3.5878264904022217,-0.1532161328270013,-0.06644236772486245,-0.006675807923034465,-0.9859338936637032
72144000000,7286,633437517003360256,map,-0.06567932665348053,0.3024395704269409,3.5869832038879395,-0.14562521935820807,-0.06859680135108398,-0.008799208297861853,-0.9869196663035245
72152000000,7287,633437517011360256,map,-0.06628666073083878,0.29660072922706604,3.58614444732666,-0.14042148494982565,-0.07000245143248293,-0.010211043429279757,-0.9875612256315573
72160000000,7288,633437517019360256,map,-0.06681030988693237,0.29054737091064453,3.585325002670288,-0.13509419442085552,-0.07133554834834842,-0.01164913604731999,-0.98819288045019
72168000000,7289,633437517027360256,map,-0.06724291294813156,0.284354031085968,3.584522008895874,-0.12973152688091652,-0.07253954419886896,-0.013060971178737895,-0.9888060328023266
72176000000,7290,633437517035360256,map,-0.06758061051368713,0.278128981590271,3.5836739540100098,-0.12433567133195325,-0.07363111069680867,-0.014424506021762323,-0.989399376135663
72183000000,7291,633437517043360256,map,-0.0678316205739975,0.27176201343536377,3.5828280448913574,-0.11883736733097214,-0.0746166884074556,-0.015743196617971193,-0.9899809183514163
72191000000,7292,633437517051360256,map,-0.06799621134996414,0.265237957239151,3.5819833278656006,-0.11322452663498461,-0.07548687068105775,-0.017048610956899194,-0.9905510387712231
72199000000,7293,633437517059360256,map,-0.06807210296392441,0.2585758566856384,3.5811355113983154,-0.11036580995052293,-0.07585005139176514,-0.017683047467533634,-0.99083472920855
72207000000,7294,633437517067271168,map,-0.0680592879652977,0.2517891824245453,3.5802884101867676,-0.10173865167372759,-0.07660944672278935,-0.019563766288635268,-0.9916640527466988
72216000000,7295,633437517075271168,map,-0.06795443594455719,0.2449083775281906,3.5793721675872803,-0.09314403998360575,-0.07696626721063864,-0.021369379425690452,-0.9924433901225138
72224000000,7296,633437517083271168,map,-0.06776121258735657,0.23797453939914703,3.5784549713134766,-0.09026378296683246,-0.07699955729406169,-0.02194556899168282,-0.9926942903116991
72232000000,7297,633437517091271168,map,-0.06748049706220627,0.23099012672901154,3.5775434970855713,-0.08441659196368971,-0.07695666299753422,-0.023085009041174945,-0.9931861018869728
72240000000,7298,633437517099271168,map,-0.06710972636938095,0.22387823462486267,3.576636552810669,-0.07853769706388945,-0.07670302285160535,-0.024212900854174938,-0.9936610547228419
72247000000,7299,633437517107271168,map,-0.06665213406085968,0.21668943762779236,3.5757339000701904,-0.07263787822943708,-0.07625624279674177,-0.025310278348853025,-0.9941167885957902
72255000000,7300,633437517115271168,map,-0.06610850989818573,0.20943884551525116,3.5748345851898193,-0.06680152341153706,-0.0756694073648694,-0.026397161278251983,-0.9945425560594474
72263000000,7301,633437517123271168,map,-0.06548208743333817,0.20215919613838196,3.5738470554351807,-0.06103807951347446,-0.07501181050243369,-0.027495423856748916,-0.9949330044640523
72276000000,7302,633437517135271168,map,-0.06438992917537689,0.19094820320606232,3.572719097137451,-0.05238111419515879,-0.07377777448563701,-0.029151837150075525,-0.995471430453779
72287000000,7303,633437517147271168,map,-0.06311676651239395,0.17971505224704742,3.571591377258301,-0.04382332765537885,-0.07227013495774225,-0.03082536206389758,-0.9959449502967989
72299000000,7304,633437517159271168,map,-0.061649058014154434,0.16832534968852997,3.5704691410064697,-0.0381970868957429,-0.07109874232872292,-0.031957468561748754,-0.9962252689862447
72307000000,7305,633437517167184128,map,-0.06056823208928108,0.16083766520023346,3.569530963897705,-0.029886242034110826,-0.0691376731751133,-0.0336642894858944,-0.9965909771907738
72315000000,7306,633437517175184128,map,-0.059410687536001205,0.15334531664848328,3.56862473487854,-0.027147377815923968,-0.06841186624817425,-0.0342194899213284,-0.9967005168500536
72323000000,7307,633437517183184128,map,-0.058173615485429764,0.14583608508110046,3.5677566528320312,-0.01891993629913889,-0.06597677675771867,-0.035944939752515954,-0.996994069649932
72331000000,7308,633437517191184128,map,-0.05685542896389961,0.13829171657562256,3.56683349609375,-0.013433112046020915,-0.06411745273059238,-0.03709483222043864,-0.9971621934286419
72340000000,7309,633437517199184128,map,-0.05546465516090393,0.13075748085975647,3.5659706592559814,-0.008027014812869498,-0.06214059694803742,-0.03825749518346017,-0.997301615203516
72349000000,7310,633437517207184128,map,-0.054003115743398666,0.12323394417762756,3.5651614665985107,-0.0024441958439118962,-0.05997851103463313,-0.03943912422831159,-0.9974172661558299
72356000000,7311,633437517215184128,map,-0.0524812676012516,0.11575890332460403,3.564396381378174,0.003332482823127618,-0.057723997082444446,-0.04062020536413242,-0.9975003375942448
72364000000,7312,633437517223184128,map,-0.050896987318992615,0.10835340619087219,3.5636708736419678,0.009416361966428954,-0.055397319823071015,-0.04182421438554307,-0.9975436224076655
72372000000,7313,633437517231184128,map,-0.049252938479185104,0.10098337382078171,3.5629122257232666,0.015807964470331438,-0.05300390961452567,-0.043039898083991335,-0.9975410935967548
72380000000,7314,633437517239184128,map,-0.048499323427677155,0.09408526122570038,3.561600923538208,0.022570826708965236,-0.05057741544698829,-0.04432786362763569,-0.9974806128691418
72391000000,7315,633437517251184128,map,-0.04677986353635788,0.08351128548383713,3.560401678085327,0.03351595233547143,-0.046817974511733244,-0.04630480370388762,-0.9972665911724035
72403000000,7316,633437517263184128,map,-0.04492512345314026,0.07308171689510345,3.5594003200531006,0.045274529260395095,-0.04299744567082871,-0.04835250833878946,-0.9968768592642232
72411000000,7317,633437517271096064,map,-0.04390585795044899,0.06643456220626831,3.5584850311279297,0.053467763341257524,-0.04034577933094384,-0.049754143932867756,-0.9965128790804831
72419000000,7318,633437517279096064,map,-0.042833007872104645,0.05990596115589142,3.5576908588409424,0.057607513729872585,-0.03898284244633264,-0.05045677404439286,-0.9963010911667158
72431000000,7319,633437517291096064,map,-0.04072503000497818,0.05006458982825279,3.5571718215942383,0.07463465481872253,-0.03319896325364284,-0.05338269256171618,-0.9952275266414464
72444000000,7320,633437517303096064,map,-0.038530487567186356,0.040497902780771255,3.5569169521331787,0.08760796713800292,-0.028574088150688213,-0.055661066898518075,-0.9941882696508648
72452000000,7321,633437517311096064,map,-0.03727332130074501,0.03444778546690941,3.5565483570098877,0.09637292058473759,-0.025233044248956876,-0.05726711470787421,-0.9933760998800598
72460000000,7322,633437517319096064,map,-0.03599443659186363,0.028590122237801552,3.556303024291992,0.10482753098081835,-0.02183899541686703,-0.05886178286813237,-0.9925066946889771
72468000000,7323,633437517327096064,map,-0.034697119146585464,0.02291213534772396,3.5561671257019043,0.11318966592291015,-0.018389360159947386,-0.0604964062407789,-0.9915594864155433
72476000000,7324,633437517335096064,map,-0.03338657319545746,0.017424507066607475,3.5561373233795166,0.12125075646280077,-0.014952379494293132,-0.06215062789798298,-0.9905614911896539
72483000000,7325,633437517343096064,map,-0.03207412734627724,0.0121380053460598,3.5562028884887695,0.12901022834967923,-0.011512706698690232,-0.06382722953174635,-0.9895200425629496
72496000000,7326,633437517355096064,map,-0.02976769208908081,0.004354296252131462,3.556802272796631,0.14003919459458572,-0.006450648921577175,-0.06634284847881605,-0.9878997912656453
72507000000,7327,633437517367009024,map,-0.02749442122876644,-0.002914572600275278,3.557590961456299,0.15052684779064257,-0.0016449809606680175,-0.0688665596207999,-0.9862030012914453
72519000000,7328,633437517379009024,map,-0.02526925504207611,-0.009654795750975609,3.5585508346557617,0.1599322594789927,0.00292776771030175,-0.07134799747372728,-0.9845418254042368
72532000000,7329,633437517391009024,map,-0.023114405572414398,-0.01584623008966446,3.5596580505371094,0.16859518594219464,0.007532985259693097,-0.07388152883141413,-0.9828837683838183
72540000000,7330,633437517399009024,map,-0.021921630948781967,-0.019544970244169235,3.5601718425750732,0.17129877983362296,0.00907586547984352,-0.0747210519069027,-0.9823396104226942
72548000000,7331,633437517408009024,map,-0.02075689472258091,-0.02300361916422844,3.5606632232666016,0.1787592830505894,0.013722655626934801,-0.07727978707999911,-0.9807572491422011
72556000000,7332,633437517415009024,map,-0.019642187282443047,-0.02618747018277645,3.5612080097198486,0.18313771367649967,0.016949750255360874,-0.07903301168435517,-0.979758706007281
72564000000,7333,633437517423009024,map,-0.018574068322777748,-0.029112977907061577,3.561805009841919,0.18699202189939668,0.020272165250050395,-0.08079689944138463,-0.9788232567045818
72571000000,7334,633437517431009024,map,-0.0175534188747406,-0.03178716078400612,3.5624542236328125,0.19038984287442826,0.023591392889321276,-0.08258156559472996,-0.9779445792068266
72584000000,7335,633437517443009024,map,-0.01586935482919216,-0.03544778376817703,3.563915967941284,0.1945821003337538,0.02848372003912491,-0.08527255757845353,-0.9767574710716689
72595000000,7336,633437517455009024,map,-0.014346855692565441,-0.03851141408085823,3.5653977394104004,0.19676575489688355,0.031679225604592055,-0.08707543117035554,-0.9760623852460271
72607000000,7337,633437517466921984,map,-0.012995208613574505,-0.04098886623978615,3.566725015640259,0.19989394140856667,0.037622494958726944,-0.09070811019035796,-0.974884170095905
72620000000,7338,633437517478921984,map,-0.01181857194751501,-0.0428936593234539,3.56803297996521,0.2008326202135331,0.04027521233564655,-0.09248797160297301,-0.9744178573639806
