%time,field.header.seq,field.header.stamp,field.header.frame_id,field.pose.position.x,field.pose.position.y,field.pose.position.z,field.pose.orientation.x,field.pose.orientation.y,field.pose.orientation.z,field.pose.orientation.w
14113000000,3817,14113000000,map,0.2805288019903537,-0.22163065703271945,0.1459048367172041,0.0,0.0,0.0,0.0
14115000000,3818,14115000000,map,-0.2297872951322562,0.21567540653760153,0.14377819255611823,0.0,0.0,0.0,0.0
14117000000,3819,14117000000,map,-0.026615098031427198,0.37420777329512844,-0.15416002496587652,0.0,0.0,0.0,0.0
14119000000,3820,14119000000,map,0.058495614157741016,-0.1501124089910848,0.05050380793508058,0.0,0.0,0.0,0.0
14121000000,3821,14121000000,map,0.21284651498914509,-0.25113710884032414,0.05876574168483267,0.0,0.0,0.0,0.0
14123000000,3822,14123000000,map,-0.2146434349609261,0.23788391722191005,-0.09485048997703177,0.0,0.0,0.0,0.0
14125000000,3823,14125000000,map,0.13057500716455628,0.06251613088893865,0.05049146757758838,0.0,0.0,0.0,0.0
14127000000,3824,14127000000,map,0.31087166051555937,-0.22548788919956864,0.23418989133006674,0.0,0.0,0.0,0.0
14129000000,3825,14129000000,map,0.39487584721851954,0.048373983078755234,0.07043019157381059,0.0,0.0,0.0,0.0
14131000000,3826,14131000000,map,0.23434608747184937,-0.22893962817210814,0.209851338863978,0.0,0.0,0.0,0.0
14133000000,3827,14133000000,map,-0.12938555540283514,-0.16571041064003486,-0.02185663025693224,0.0,0.0,0.0,0.0
14135000000,3828,14135000000,map,-0.2716464344959331,0.13987741919515773,0.03471897340079433,0.0,0.0,0.0,0.0
14137000000,3829,14137000000,map,-0.3338188119088303,-0.25923096034803117,0.15540910050950552,0.0,0.0,0.0,0.0
14139000000,3830,14139000000,map,-0.34940078586729717,0.3432185689129026,0.08826733147718757,0.0,0.0,0.0,0.0
14141000000,3831,14141000000,map,0.17199063348438937,0.3644546691063969,0.32241686226911304,0.0,0.0,0.0,0.0
14143000000,3832,14143000000,map,-0.03116130210421164,-0.05720355494160834,0.21809332048334729,0.0,0.0,0.0,0.0
14145000000,3833,14145000000,map,-0.3948165139597095,-0.1436514527707209,-0.08759927362686082,0.0,0.0,0.0,0.0
14147000000,3834,14147000000,map,-0.3338978491541329,0.2656433394561122,0.1793833323853523,0.0,0.0,0.0,0.0
14149000000,3835,14149000000,map,-0.013326024082554677,0.13761691187927383,-0.04213478022985562,0.0,0.0,0.0,0.0
14151000000,3836,14151000000,map,0.18467358776608556,-0.32736892869737916,-0.3377566167242074,0.0,0.0,0.0,0.0
14153000000,3837,14153000000,map,-0.03522052595716452,-0.19872741066036342,-0.3206770700034641,0.0,0.0,0.0,0.0
14155000000,3838,14155000000,map,-0.3242734552860912,0.03755043155868104,-0.28335540885811317,0.0,0.0,0.0,0.0
14157000000,3839,14157000000,map,0.03714772253889337,-0.2545998866843955,-0.03700435053442391,0.0,0.0,0.0,0.0
14159000000,3840,14159000000,map,0.01385903536748112,0.04196742562911843,0.23673980375099268,0.0,0.0,0.0,0.0
14161000000,3841,14161000000,map,0.13407255758336856,-0.32000526126320494,0.15189692896795248,0.0,0.0,0.0,0.0
14163000000,3842,14163000000,map,0.008243456413733863,-0.274501749408966,0.3276467250496834,0.0,0.0,0.0,0.0
14165000000,3843,14165000000,map,-0.11435276765395724,0.2674309203481977,0.19624014343689766,0.0,0.0,0.0,0.0
14168000000,3844,14167000000,map,0.09967946370824199,-0.33933393651295296,0.3019236487204824,0.0,0.0,0.0,0.0
14170000000,3845,14170000000,map,0.328751728768112,0.0538381818803641,0.39866289432278534,0.0,0.0,0.0,0.0
14171000000,3846,14171000000,map,-0.20788116249363878,0.053827861674290545,0.09820617323606762,0.0,0.0,0.0,0.0
14173000000,3847,14173000000,map,0.10985619815445935,0.23161936521537996,-0.05199869729004114,0.0,0.0,0.0,0.0
14175000000,3848,14175000000,map,-0.0788964490178603,0.1951652133819618,0.3249038513919087,0.0,0.0,0.0,0.0
14177000000,3849,14177000000,map,0.31159659665125516,0.07385674608316711,-0.05806379220502539,0.0,0.0,0.0,0.0
14179000000,3850,14179000000,map,0.34902720427258505,0.13419168760754485,-0.2587459758570696,0.0,0.0,0.0,0.0
14181000000,3851,14181000000,map,-0.04141113437306715,-0.27873948249216135,-0.28034597560505764,0.0,0.0,0.0,0.0
14183000000,3852,14183000000,map,-0.3322628506291678,0.005892763754599628,-0.2705682538326985,0.0,0.0,0.0,0.0
14186000000,3853,14186000000,map,-0.07700464426744735,0.06087150908163991,-0.3538227540496203,0.0,0.0,0.0,0.0
14187000000,3854,14187000000,map,0.3913253606271171,0.28750923725040145,-0.16423829864975714,0.0,0.0,0.0,0.0
14189000000,3855,14189000000,map,-0.1257106459331796,-0.388251726596435,-0.36576776065393696,0.0,0.0,0.0,0.0
14191000000,3856,14191000000,map,0.1824099931431914,-0.023483458300108506,0.23634836423847105,0.0,0.0,0.0,0.0
14193000000,3857,14193000000,map,-0.146400549433024,0.18170900321463446,0.3755818327826982,0.0,0.0,0.0,0.0
14195000000,3858,14195000000,map,0.03451226206488467,0.035306728507888685,0.021122160686900426,0.0,0.0,0.0,0.0
14198000000,3859,14197000000,map,0.26914387464034506,-0.027453131185043778,0.16105944163651897,0.0,0.0,0.0,0.0
14199000000,3860,14199000000,map,0.27388316970887316,-0.19395215068848437,0.37859264347575905,0.0,0.0,0.0,0.0
14202000000,3861,14202000000,map,0.11615084756867522,0.3450052921647998,-0.3064901310737508,0.0,0.0,0.0,0.0
14204000000,3862,14203000000,map,-0.1754175672368068,-0.21637390849948623,0.2749815202166398,0.0,0.0,0.0,0.0
14205000000,3863,14205000000,map,0.17635270804347236,-0.18789056607648347,0.024792834235432437,0.0,0.0,0.0,0.0
14207000000,3864,14207000000,map,-0.11112830663031742,-0.31213144934346965,-0.2824594006689144,0.0,0.0,0.0,0.0
14209000000,3865,14209000000,map,-0.22941953083326047,-0.37665696584370106,0.15424509065958292,0.0,0.0,0.0,0.0
14211000000,3866,14211000000,map,0.060704699191315215,0.2447984168196533,-0.16394673307137886,0.0,0.0,0.0,0.0
14213000000,3867,14213000000,map,-0.09391272498549258,-0.3910602659773006,-0.11186001490369846,0.0,0.0,0.0,0.0
14215000000,3868,14215000000,map,-0.33954775610029325,0.17871110335966256,-0.09369509204111631,0.0,0.0,0.0,0.0
14217000000,3869,14217000000,map,0.04600150415878562,-0.14693166283373998,0.31065653811768323,0.0,0.0,0.0,0.0
14219000000,3870,14219000000,map,-0.023378957561199343,0.21367586641951453,0.20044383543104272,0.0,0.0,0.0,0.0
14221000000,3871,14221000000,map,-0.21221758092228926,-0.16240057015206869,0.07526036406298431,0.0,0.0,0.0,0.0
14223000000,3872,14223000000,map,-0.10354250401985515,0.02263110855225625,-0.04325562521413778,0.0,0.0,0.0,0.0
14225000000,3873,14225000000,map,-0.02396622120276598,0.14670128287534623,-0.029689940583582985,0.0,0.0,0.0,0.0
14227000000,3874,14227000000,map,0.2193734265900198,0.2718406706490314,-0.08164723799375262,0.0,0.0,0.0,0.0
14229000000,3875,14229000000,map,0.05250913186568995,0.20960904648033163,-0.388152948515865,0.0,0.0,0.0,0.0
14231000000,3876,14231000000,map,-0.3183710138992515,-0.3667099819806172,0.28684563769663296,0.0,0.0,0.0,0.0
14233000000,3877,14233000000,map,0.34797739700998065,-0.2834699647863838,-0.3829793433091741,0.0,0.0,0.0,0.0
14235000000,3878,14235000000,map,-0.3598489355532733,-0.24633719343963323,-0.1773843399958787,0.0,0.0,0.0,0.0
14237000000,3879,14237000000,map,0.3010560584428663,-0.2475491418050662,0.345231675813252,0.0,0.0,0.0,0.0
14239000000,3880,14239000000,map,0.38519022295959526,0.24270345817645445,0.24009902486474366,0.0,0.0,0.0,0.0
14241000000,3881,14241000000,map,-0.3789853909015709,0.23420331463784405,-0.3656204244141748,0.0,0.0,0.0,0.0
14243000000,3882,14243000000,map,-0.3324353611611991,-0.08402294185885884,-0.06352995031180664,0.0,0.0,0.0,0.0
14245000000,3883,14245000000,map,-0.1311526180030942,0.0650505481585989,-0.3914370334828482,0.0,0.0,0.0,0.0
14247000000,3884,14247000000,map,0.1152275149394566,-0.26473362156864017,-0.05402961889616098,0.0,0.0,0.0,0.0
14249000000,3885,14249000000,map,-0.14789296506317906,-0.3868719801304519,-0.04561280253284655,0.0,0.0,0.0,0.0
14251000000,3886,14251000000,map,0.2535153724052268,0.21545907002349585,0.2415263759425148,0.0,0.0,0.0,0.0
14253000000,3887,14253000000,map,0.001763591259037356,0.04099837018450925,0.3803991149977919,0.0,0.0,0.0,0.0
14255000000,3888,14255000000,map,-0.23252918854572313,0.2472912980665225,0.25317973966745166,0.0,0.0,0.0,0.0
14257000000,3889,14257000000,map,0.24679155459919044,0.3596168921296532,0.2230246777566025,0.0,0.0,0.0,0.0
14259000000,3890,14259000000,map,0.24488617882541042,0.1720047301616916,0.21637595944811394,0.0,0.0,0.0,0.0
14261000000,3891,14261000000,map,0.25795455612285545,-0.24232546673966027,-0.31336363794615607,0.0,0.0,0.0,0.0
14263000000,3892,14263000000,map,-0.14672229187317654,0.37962451756872706,0.2313913928380772,0.0,0.0,0.0,0.0
14265000000,3893,14265000000,map,-0.13308581957308313,0.08778042551343646,-0.32815214256680614,0.0,0.0,0.0,0.0
14267000000,3894,14267000000,map,0.19083311698990546,-0.24880711301780437,0.3787345308504041,0.0,0.0,0.0,0.0
14269000000,3895,14269000000,map,-0.09655974755276486,0.3771331380243559,-0.18371347508155733,0.0,0.0,0.0,0.0
14271000000,3896,14271000000,map,0.3441976317933384,0.012896589912332168,-0.04168630682962193,0.0,0.0,0.0,0.0
14273000000,3897,14273000000,map,-0.08307676266340147,-0.12652405493534302,-0.14246520466763324,0.0,0.0,0.0,0.0
14275000000,3898,14275000000,map,-0.19181897931536995,-0.3538785554008215,-0.299374836142991,0.0,0.0,0.0,0.0
14277000000,3899,14277000000,map,-0.22370164386588834,0.37477255827188694,-0.15346516942890975,0.0,0.0,0.0,0.0
14279000000,3900,14279000000,map,0.15277801237996402,0.2678881272249537,0.08781244544917033,0.0,0.0,0.0,0.0
14281000000,3901,14281000000,map,-0.27287261148438724,0.23025404600871702,-0.20031157141427192,0.0,0.0,0.0,0.0
14283000000,3902,14283000000,map,0.3485527433558626,-0.3945988500781351,0.17750498211932997,0.0,0.0,0.0,0.0
14286000000,3903,14286000000,map,0.2950564432099,0.03066363069383027,0.018996944058216614,0.0,0.0,0.0,0.0
14287000000,3904,14287000000,map,0.2641284284417659,-0.04289842646401937,-0.04515120709909115,0.0,0.0,0.0,0.0
14289000000,3905,14289000000,map,-0.27504218291671,0.2503871474646452,0.2233633599197793,0.0,0.0,0.0,0.0
14292000000,3906,14291000000,map,0.15763252683878337,-0.04038648390341992,0.31316816630361877,0.0,0.0,0.0,0.0
14293000000,3907,14293000000,map,0.2006657052957126,0.3383961377881536,-0.010143920815011365,0.0,0.0,0.0,0.0
14295000000,3908,14295000000,map,-0.03565930714523946,-0.18204009521365913,-0.08429239846285963,0.0,0.0,0.0,0.0
14297000000,3909,14297000000,map,0.1485247072666226,0.2855032118436237,0.11422327824940448,0.0,0.0,0.0,0.0
14299000000,3910,14299000000,map,0.3555562439908858,-0.29065934495109125,0.24830100267004673,0.0,0.0,0.0,0.0
14301000000,3911,14301000000,map,-0.1303245003384424,-0.16665703616219685,-0.24031883672098983,0.0,0.0,0.0,0.0
14303000000,3912,14303000000,map,-0.19476372438530087,0.13204634044126395,0.0351328949853712,0.0,0.0,0.0,0.0
14305000000,3913,14305000000,map,-0.036265556802058396,0.13073879893545315,-0.09405210288431054,0.0,0.0,0.0,0.0
14307000000,3914,14307000000,map,0.3899290433986161,0.3942863407992976,0.23258214065499527,0.0,0.0,0.0,0.0
14309000000,3915,14309000000,map,-0.04519278852662617,0.0391742979051119,-0.37895177277517916,0.0,0.0,0.0,0.0
14311000000,3916,14311000000,map,0.27338368990345685,-0.3912602774376733,-0.14989223856049327,0.0,0.0,0.0,0.0
14313000000,3917,14313000000,map,0.2615744005874483,-0.06712175160938477,0.1664778424732789,0.0,0.0,0.0,0.0
14315000000,3918,14315000000,map,-0.3480296613565167,-0.12476826626710513,-0.0010003273007240798,0.0,0.0,0.0,0.0
14317000000,3919,14317000000,map,-0.2962742506477044,0.257962984100783,0.06240564029921358,0.0,0.0,0.0,0.0
14319000000,3920,14319000000,map,-0.2786413359050111,0.22384160404359743,0.3757745922633535,0.0,0.0,0.0,0.0
14321000000,3921,14321000000,map,0.27078497109092703,0.09107054113484558,0.36190155299061,0.0,0.0,0.0,0.0
14323000000,3922,14323000000,map,-0.35577540743653735,0.012537895142329614,0.06169806163819036,0.0,0.0,0.0,0.0
14325000000,3923,14325000000,map,-0.1791109745711253,0.3208826597679173,0.3799218673433642,0.0,0.0,0.0,0.0
14327000000,3924,14327000000,map,0.37696802935165996,-0.0453364501785799,0.21621371816429402,0.0,0.0,0.0,0.0
14329000000,3925,14329000000,map,-0.22850087153809914,0.29125645692716917,-0.214969013101246,0.0,0.0,0.0,0.0
14331000000,3926,14331000000,map,0.3960683214719952,-0.3698368705891408,-0.3935488931638704,0.0,0.0,0.0,0.0
14333000000,3927,14333000000,map,0.1653479658436301,0.04023339381259089,0.13760936217218467,0.0,0.0,0.0,0.0
14335000000,3928,14335000000,map,0.05316383608110353,-0.27519049062129874,-0.38519176379746367,0.0,0.0,0.0,0.0
14337000000,3929,14337000000,map,-0.3557372560071914,-0.27517390875640374,-0.39801707418810683,0.0,0.0,0.0,0.0
14339000000,3930,14339000000,map,0.16817867829923028,-0.059353376880219244,0.05215178680563931,0.0,0.0,0.0,0.0
14341000000,3931,14341000000,map,0.009581859877254129,-0.3513844401768482,-0.3993272667253837,0.0,0.0,0.0,0.0
14343000000,3932,14343000000,map,-0.35813878905411245,-0.20105411363130468,-0.1020232492254472,0.0,0.0,0.0,0.0
14345000000,3933,14345000000,map,-0.3082230759825347,0.3087702721788014,0.349687388031373,0.0,0.0,0.0,0.0
14347000000,3934,14347000000,map,-0.08131341171796225,0.3298408583685628,0.10187498274942397,0.0,0.0,0.0,0.0
14349000000,3935,14349000000,map,-0.19186563085799763,-0.01044374224454292,0.0025277166130431294,0.0,0.0,0.0,0.0
14351000000,3936,14351000000,map,0.25842131695044335,0.2398371927149866,-0.01629273941669923,0.0,0.0,0.0,0.0
14353000000,3937,14353000000,map,-0.23106479137969516,0.1825963942111447,0.3290169480017313,0.0,0.0,0.0,0.0
14355000000,3938,14355000000,map,-0.025733169445569304,-0.15200793923689335,-0.1920939188380472,0.0,0.0,0.0,0.0
14357000000,3939,14357000000,map,0.25765001755398176,0.3640598195070063,-0.09635759568105623,0.0,0.0,0.0,0.0
14359000000,3940,14359000000,map,0.13151593240585513,0.09044045914270837,-0.003962625855176427,0.0,0.0,0.0,0.0
14361000000,3941,14361000000,map,-0.13689426421890172,-0.25642681165136316,0.1856823280120382,0.0,0.0,0.0,0.0
14363000000,3942,14363000000,map,0.2586945036499533,0.2612931143779402,0.227197215253942,0.0,0.0,0.0,0.0
14365000000,3943,14365000000,map,-0.17209913331627102,-0.155984260687012,-0.048481028004479954,0.0,0.0,0.0,0.0
14367000000,3944,14367000000,map,-0.14206508304849585,0.06295118290797197,0.2960302981127796,0.0,0.0,0.0,0.0
14369000000,3945,14369000000,map,0.08648656960811751,0.04246412660986215,0.2549029547925209,0.0,0.0,0.0,0.0
14371000000,3946,14371000000,map,0.07193917781263537,0.29053669066418775,0.33090620643612867,0.0,0.0,0.0,0.0
14373000000,3947,14373000000,map,0.28344451536757975,0.3536469132763326,0.13827172717132707,0.0,0.0,0.0,0.0
14375000000,3948,14375000000,map,-0.157976471276132,-0.10763157424906228,-0.11115194112670823,0.0,0.0,0.0,0.0
14377000000,3949,14377000000,map,0.1862686995190297,0.28754295153236564,0.2012157599928105,0.0,0.0,0.0,0.0
14379000000,3950,14379000000,map,-0.1938880908739481,-0.06257128084871766,-0.3071316120325637,0.0,0.0,0.0,0.0
14381000000,3951,14381000000,map,0.3216201915414898,0.14024576721958837,0.28940668042849005,0.0,0.0,0.0,0.0
14383000000,3952,14383000000,map,0.016078413547295,0.1900506518705416,-0.3916598737072298,0.0,0.0,0.0,0.0
14385000000,3953,14385000000,map,0.04331069584441716,0.11937890600435808,0.18925743500277759,0.0,0.0,0.0,0.0
14387000000,3954,14387000000,map,-0.007990440798334997,0.019517960067307105,-0.0206384873696126,0.0,0.0,0.0,0.0
14389000000,3955,14389000000,map,0.19056791021141273,0.16250228132375166,0.3690326038982291,0.0,0.0,0.0,0.0
14391000000,3956,14391000000,map,-0.3680477854665797,-0.3944193121496923,0.2792431384327225,0.0,0.0,0.0,0.0
14393000000,3957,14393000000,map,0.16709075106441496,0.1622230843873298,0.27344714091313793,0.0,0.0,0.0,0.0
14395000000,3958,14395000000,map,-0.23658131172144314,0.24566651444782384,-0.19292978462178195,0.0,0.0,0.0,0.0
14397000000,3959,14397000000,map,0.11280501944344479,0.1852538331569744,0.31861496630247366,0.0,0.0,0.0,0.0
14399000000,3960,14399000000,map,0.1505870161125198,-0.2400116260413174,0.1887189073736878,0.0,0.0,0.0,0.0
14401000000,3961,14401000000,map,0.3671224206307502,-0.31537234207910736,0.3410468000904434,0.0,0.0,0.0,0.0
14403000000,3962,14403000000,map,0.28043978094173505,-0.242117840586196,-0.3030670774195674,0.0,0.0,0.0,0.0
14405000000,3963,14405000000,map,-0.24516924851775568,0.19305934572988792,-0.08840693733245641,0.0,0.0,0.0,0.0
14407000000,3964,14407000000,map,0.23235889590916103,0.331010758968456,-0.31754003450614854,0.0,0.0,0.0,0.0
14409000000,3965,14409000000,map,-0.2187854950368695,0.07342917270305704,-0.09796942043397067,0.0,0.0,0.0,0.0
14411000000,3966,14411000000,map,-0.16131984490688955,0.2618578441015895,0.1466611007508577,0.0,0.0,0.0,0.0
14413000000,3967,14413000000,map,0.12840095417077657,0.03888074181463913,0.03543645116363309,0.0,0.0,0.0,0.0
14415000000,3968,14415000000,map,0.31053568887342464,-0.1573577186232456,-0.15548319126006038,0.0,0.0,0.0,0.0
14417000000,3969,14417000000,map,-0.344331445680663,0.05680263486062842,0.13349660986088385,0.0,0.0,0.0,0.0
14419000000,3970,14419000000,map,-0.3319394700016842,-0.08006212842326754,-0.35947366189495183,0.0,0.0,0.0,0.0
14421000000,3971,14421000000,map,0.0015075761676531796,-0.052577152995820886,-0.3076626239020765,0.0,0.0,0.0,0.0
14423000000,3972,14423000000,map,-0.18866303115847383,-0.04614210549713038,-0.17275902250399855,0.0,0.0,0.0,0.0
14425000000,3973,14425000000,map,-0.14445751175483806,0.14855225433577357,-0.1760718793483702,0.0,0.0,0.0,0.0
14427000000,3974,14427000000,map,0.04248419305104145,-0.15950414827844314,-0.22269024551371752,0.0,0.0,0.0,0.0
14429000000,3975,14429000000,map,0.16001665682758792,0.13757576251712678,0.15569391036520208,0.0,0.0,0.0,0.0
14431000000,3976,14431000000,map,-0.37918511486660844,-0.2981796553245919,0.19609620790980642,0.0,0.0,0.0,0.0
14433000000,3977,14433000000,map,0.255799710942863,-0.26536752860993273,0.029969208926544977,0.0,0.0,0.0,0.0
14435000000,3978,14435000000,map,0.01946338197317299,0.27159644194233046,0.0054194139738689695,0.0,0.0,0.0,0.0
14437000000,3979,14437000000,map,0.23508991590893058,-0.37836166482591754,-0.2244893084953353,0.0,0.0,0.0,0.0
14439000000,3980,14439000000,map,0.3962621426110352,0.3729488241596911,-0.2183823289528268,0.0,0.0,0.0,0.0
14441000000,3981,14441000000,map,-0.0013559265214832528,0.2821992326379247,-0.04434805302551148,0.0,0.0,0.0,0.0
14443000000,3982,14443000000,map,0.06948451496756947,-0.2771276281523802,0.23566765725870187,0.0,0.0,0.0,0.0
14445000000,3983,14445000000,map,0.13694900049587777,-0.04093548230048083,-0.3424482015356277,0.0,0.0,0.0,0.0
14447000000,3984,14447000000,map,-0.1993109603045778,0.3035272715587418,0.04236266205088707,0.0,0.0,0.0,0.0
14449000000,3985,14449000000,map,0.11601286388606247,-0.14680544772779608,-0.3464935761612891,0.0,0.0,0.0,0.0
14451000000,3986,14451000000,map,0.021341973810769077,0.3952639832248005,-0.255700177290869,0.0,0.0,0.0,0.0
14453000000,3987,14453000000,map,0.21343188695416204,-0.3806313318072045,-0.3945568223048412,0.0,0.0,0.0,0.0
14455000000,3988,14455000000,map,-0.09240243275743404,-0.14133861279634047,-0.2373663633859472,0.0,0.0,0.0,0.0
14457000000,3989,14457000000,map,0.08823084314275098,-0.06064323382538578,-0.1558293468508119,0.0,0.0,0.0,0.0
14459000000,3990,14459000000,map,0.06635294489328142,0.18441494852048257,-0.012891589732749176,0.0,0.0,0.0,0.0
14461000000,3991,14461000000,map,-0.2156664888330035,0.28464081050123513,-0.08281315608937068,0.0,0.0,0.0,0.0
14463000000,3992,14463000000,map,-0.056907363947431844,-0.2035684567164382,0.09263258384653794,0.0,0.0,0.0,0.0
14465000000,3993,14465000000,map,0.16126332888371064,-0.022127994302965193,-0.14232672177543687,0.0,0.0,0.0,0.0
14467000000,3994,14467000000,map,0.16383480390826166,-0.09931635223911667,-0.2776295029036077,0.0,0.0,0.0,0.0
14469000000,3995,14469000000,map,0.36022907524764614,0.09375619772725913,0.05961504137913315,0.0,0.0,0.0,0.0
14471000000,3996,14471000000,map,0.34085538158764117,-0.394766762262336,-0.002805812682701858,0.0,0.0,0.0,0.0
14473000000,3997,14473000000,map,0.33191276633917377,0.19269592819877002,-0.3714871693415898,0.0,0.0,0.0,0.0
14475000000,3998,14475000000,map,-0.021681249587820584,0.1597772925850678,-0.16498797363389586,0.0,0.0,0.0,0.0
14477000000,3999,14477000000,map,-0.03131614163697005,-0.10541904135197161,0.17938738930024123,0.0,0.0,0.0,0.0
14479000000,4000,14479000000,map,-0.28627022503494237,-0.03818604398631276,0.19638306604181255,0.0,0.0,0.0,0.0
14481000000,4001,14481000000,map,-0.28314549321060833,0.3349787964137291,0.17121906608435888,0.0,0.0,0.0,0.0
14483000000,4002,14483000000,map,0.17172639300038361,-0.36343903481499645,0.3796576879616669,0.0,0.0,0.0,0.0
14485000000,4003,14485000000,map,0.3756118597361938,0.3444881667140226,-0.21997441562425568,0.0,0.0,0.0,0.0
14487000000,4004,14487000000,map,-0.11060486628505811,0.10877053646582946,-0.23465554248897655,0.0,0.0,0.0,0.0
14489000000,4005,14489000000,map,0.36707324446208645,0.11709048181758519,-0.005123522851581519,0.0,0.0,0.0,0.0
14491000000,4006,14491000000,map,0.021734732454442074,-0.3136594586417081,0.3068833214853436,0.0,0.0,0.0,0.0
14493000000,4007,14493000000,map,0.013989745578562918,-0.19575805300627694,-0.2627748588544778,0.0,0.0,0.0,0.0
14495000000,4008,14495000000,map,0.36864285741319314,-0.04755770230498685,0.08023742048503013,0.0,0.0,0.0,0.0
14497000000,4009,14497000000,map,0.3110265647383872,0.32347215932971307,-0.309439065558264,0.0,0.0,0.0,0.0
14500000000,4010,14499000000,map,0.248558674694901,0.307908850969002,0.37101306350145735,0.0,0.0,0.0,0.0
14501000000,4011,14501000000,map,0.04528814793995284,-0.3576396185754538,0.09529338746481236,0.0,0.0,0.0,0.0
14503000000,4012,14503000000,map,-0.1510189045228414,-0.255415939026819,0.2868289225286015,0.0,0.0,0.0,0.0
14505000000,4013,14505000000,map,0.1489542658478299,0.1375378849300114,-0.046284268004674445,0.0,0.0,0.0,0.0
14507000000,4014,14507000000,map,0.04100539190400976,-0.1227902422743084,-0.16525379949638538,0.0,0.0,0.0,0.0
14509000000,4015,14509000000,map,-0.09126541518163855,0.03700164772296982,0.2828820715405914,0.0,0.0,0.0,0.0
14511000000,4016,14511000000,map,0.33242118714969204,0.34779655608213467,0.3775566050188418,0.0,0.0,0.0,0.0
14513000000,4017,14513000000,map,0.06193210695692131,0.1297324634039796,0.20488476079135665,0.0,0.0,0.0,0.0
14515000000,4018,14515000000,map,0.32343707428401247,-0.34177204157659324,-0.0015518785009679958,0.0,0.0,0.0,0.0
14517000000,4019,14517000000,map,0.08776988419014015,-0.15187787638624528,0.34149828963448914,0.0,0.0,0.0,0.0
14519000000,4020,14519000000,map,0.05175274567190441,-0.2493410726871126,-0.18316796309191563,0.0,0.0,0.0,0.0
14521000000,4021,14521000000,map,-0.3981436551100472,-0.39176088535501563,0.12310929083990518,0.0,0.0,0.0,0.0
14523000000,4022,14523000000,map,0.061348043747057546,-0.23707990025621892,-0.308863958111316,0.0,0.0,0.0,0.0
14525000000,4023,14525000000,map,-0.07781742855025764,0.17421414093922705,-0.01927687555303692,0.0,0.0,0.0,0.0
14527000000,4024,14527000000,map,0.1539919228666562,0.2646203966292886,-0.3552133204299434,0.0,0.0,0.0,0.0
14529000000,4025,14529000000,map,-0.33184857076534613,-0.13165513999264178,0.09876952540416478,0.0,0.0,0.0,0.0
14531000000,4026,14531000000,map,-0.39913962672668396,-0.08377274748510005,-0.2651742834096208,0.0,0.0,0.0,0.0
14533000000,4027,14533000000,map,-0.006411412932184224,-0.016976027134613603,0.12684086401038563,0.0,0.0,0.0,0.0
14535000000,4028,14535000000,map,0.3319350906591555,-0.2185032101649914,0.3912885995624248,0.0,0.0,0.0,0.0
14538000000,4029,14538000000,map,0.3940269830417579,-0.18634856593700314,0.20926572234287844,0.0,0.0,0.0,0.0
14539000000,4030,14539000000,map,-0.043459780952316174,0.03692713711013501,-0.2009972498539984,0.0,0.0,0.0,0.0
14541000000,4031,14541000000,map,0.38458202052510304,0.3031031614241936,-0.348127326165491,0.0,0.0,0.0,0.0
14543000000,4032,14543000000,map,-0.24886232046614293,0.3680166136740646,-0.33748802196006195,0.0,0.0,0.0,0.0
14545000000,4033,14545000000,map,0.03434934157683589,-0.25396017368581725,0.12120130110033511,0.0,0.0,0.0,0.0
14547000000,4034,14547000000,map,0.1376350973940733,-0.018792862748121086,0.16429465819951994,0.0,0.0,0.0,0.0
14549000000,4035,14549000000,map,0.23838120719331346,0.1029030240085389,0.12160279223541504,0.0,0.0,0.0,0.0
14551000000,4036,14551000000,map,-0.31729301494725237,0.1293948250970116,-0.048160182350909575,0.0,0.0,0.0,0.0
14553000000,4037,14553000000,map,-0.39068252031670814,-0.011130796329625436,-0.1841999761653689,0.0,0.0,0.0,0.0
14555000000,4038,14555000000,map,0.2749465276043205,-0.39884290560115787,-0.13246560646075772,0.0,0.0,0.0,0.0
14557000000,4039,14557000000,map,0.08387074796285193,-0.08543748510088334,-0.14655824712190463,0.0,0.0,0.0,0.0
14559000000,4040,14559000000,map,0.13853496721386682,0.09304441578020073,0.2846502283849982,0.0,0.0,0.0,0.0
14561000000,4041,14561000000,map,0.10895111451470152,0.01826926461982953,-0.14774259251400546,0.0,0.0,0.0,0.0
14563000000,4042,14563000000,map,0.16730687844549097,-0.10988075125209246,0.2194288526402287,0.0,0.0,0.0,0.0
14565000000,4043,14565000000,map,-0.28371478735054945,0.17486199088677723,0.11797025920287951,0.0,0.0,0.0,0.0
14567000000,4044,14567000000,map,-0.29577986374178833,-0.04996393109878816,0.2050818405531788,0.0,0.0,0.0,0.0
14569000000,4045,14569000000,map,-0.03388985648189802,0.38509830666489886,0.3567235457069099,0.0,0.0,0.0,0.0
14571000000,4046,14571000000,map,-0.33782006048360785,-0.06666780956690832,0.027112956072926964,0.0,0.0,0.0,0.0
14573000000,4047,14573000000,map,-0.2219056466291227,0.03905962090626758,-0.13545932470824323,0.0,0.0,0.0,0.0
14575000000,4048,14575000000,map,-0.24155355368555548,0.08889230896970562,0.19459451323465604,0.0,0.0,0.0,0.0
14577000000,4049,14577000000,map,-0.03375176854312495,-0.36244876022451344,-0.15864995504825968,0.0,0.0,0.0,0.0
14579000000,4050,14579000000,map,0.3755308532423044,0.3345455031520589,-0.23961832231323407,0.0,0.0,0.0,0.0
14581000000,4051,14581000000,map,-0.3774055797609398,0.05312510213477645,0.3614521637472575,0.0,0.0,0.0,0.0
14583000000,4052,14583000000,map,-0.33830047539080843,0.2752667200304193,0.009809857035082359,0.0,0.0,0.0,0.0
14585000000,4053,14585000000,map,-0.1944901424701203,0.06386866847574674,-0.026113140198456564,0.0,0.0,0.0,0.0
14587000000,4054,14587000000,map,0.10211212427444016,-0.29692370416028957,-0.017493473013236394,0.0,0.0,0.0,0.0
14589000000,4055,14589000000,map,-0.30562710905504786,-0.06342948270362203,0.354818010417313,0.0,0.0,0.0,0.0
14591000000,4056,14591000000,map,-0.13387488063068564,0.32063214977984766,-0.32785855326351554,0.0,0.0,0.0,0.0
14593000000,4057,14593000000,map,0.37139074955225604,0.24238151409182984,0.1341825280854807,0.0,0.0,0.0,0.0
14595000000,4058,14595000000,map,-0.27467553140123957,-0.1181063486210907,0.11558824628189912,0.0,0.0,0.0,0.0
14597000000,4059,14597000000,map,0.21516549873856539,-0.3072397603167479,0.1725709312076955,0.0,0.0,0.0,0.0
14599000000,4060,14599000000,map,-0.03977794685682873,-0.03731192721486232,-0.09098508534487026,0.0,0.0,0.0,0.0
14601000000,4061,14601000000,map,0.022679573126620223,-0.35646537190105754,0.32536127665866876,0.0,0.0,0.0,0.0
14603000000,4062,14603000000,map,0.14867115011726628,0.21755815288747293,-0.06994233378477821,0.0,0.0,0.0,0.0
14606000000,4063,14605000000,map,0.11906759494163477,-0.048615120239480114,0.27582499291901896,0.0,0.0,0.0,0.0
14607000000,4064,14607000000,map,-0.08059887284969042,0.3554833913685994,0.3846879503827617,0.0,0.0,0.0,0.0
14609000000,4065,14609000000,map,0.1754828591568972,0.009060197426858985,-0.07059217919557015,0.0,0.0,0.0,0.0
14611000000,4066,14611000000,map,-0.10146269565335675,-0.07562662426285544,-0.3719112550992192,0.0,0.0,0.0,0.0
14613000000,4067,14613000000,map,-0.12030787419428018,0.03700759810369386,0.31467520066232724,0.0,0.0,0.0,0.0
14615000000,4068,14615000000,map,-0.005912541865666143,-0.16072958425333728,-0.15703323960179383,0.0,0.0,0.0,0.0
14617000000,4069,14617000000,map,-0.1416173762706991,-0.11906665238302161,0.19608418614959455,0.0,0.0,0.0,0.0
14619000000,4070,14619000000,map,0.251974992099265,-0.3528380598188793,-0.11751188845983446,0.0,0.0,0.0,0.0
14621000000,4071,14621000000,map,0.2627625592510151,0.07824661203634242,-0.20397736863150034,0.0,0.0,0.0,0.0
14623000000,4072,14623000000,map,-0.3947786585061869,-0.23609551988359892,0.0014120581398733845,0.0,0.0,0.0,0.0
14625000000,4073,14625000000,map,0.30933501715007006,-0.3970529670201864,0.14390364637709108,0.0,0.0,0.0,0.0
14627000000,4074,14627000000,map,-0.03393067800532734,-0.3219332595338056,-0.23982918723162894,0.0,0.0,0.0,0.0
14629000000,4075,14629000000,map,0.23169165180894336,-0.22939014657318513,0.0587294165660307,0.0,0.0,0.0,0.0
14631000000,4076,14631000000,map,-0.25310630699878645,0.07379733099452962,-0.08076551344473837,0.0,0.0,0.0,0.0
14633000000,4077,14633000000,map,-0.29051804479169474,-0.2891256524316134,0.3515677634880743,0.0,0.0,0.0,0.0
14635000000,4078,14635000000,map,-0.29712728427107227,0.04723958399156264,-0.325952412170711,0.0,0.0,0.0,0.0
14637000000,4079,14637000000,map,-0.10679312763350829,0.18001515554543102,-0.12272896696421093,0.0,0.0,0.0,0.0
14639000000,4080,14639000000,map,0.30591464821287573,-0.09115464414381774,-0.33105921532144783,0.0,0.0,0.0,0.0
14641000000,4081,14641000000,map,-0.13465179982141373,-0.2729493153642538,-0.12547061878640237,0.0,0.0,0.0,0.0
14643000000,4082,14643000000,map,0.26129914695891565,-0.19833637070418356,0.030146804975104025,0.0,0.0,0.0,0.0
14645000000,4083,14645000000,map,-0.2871451888447347,-0.29189023356490673,0.20613052649656616,0.0,0.0,0.0,0.0
14647000000,4084,14647000000,map,-0.06619786983133946,-0.346515275565087,0.09073822892506139,0.0,0.0,0.0,0.0
14649000000,4085,14649000000,map,0.034818923399630886,-0.2693013428974189,0.3449363512841308,0.0,0.0,0.0,0.0
14651000000,4086,14651000000,map,0.2112113210477674,0.2852975709135208,-0.39237665857135906,0.0,0.0,0.0,0.0
14653000000,4087,14653000000,map,-0.15873669495180334,-0.19547598420607615,0.18749227246295852,0.0,0.0,0.0,0.0
14655000000,4088,14655000000,map,0.30766843677987654,-0.34623617986763555,0.34620595382011554,0.0,0.0,0.0,0.0
14657000000,4089,14657000000,map,-0.26044550018534,0.3107429365285498,0.25563701659007476,0.0,0.0,0.0,0.0
14659000000,4090,14659000000,map,-0.2569348055117229,-0.08880498817005195,0.30084249974149646,0.0,0.0,0.0,0.0
14661000000,4091,14661000000,map,-0.10720558528399937,0.11867869759332139,-0.1577351145143395,0.0,0.0,0.0,0.0
14663000000,4092,14663000000,map,-0.3197253339212357,-0.13134182309468673,-0.09884099265642032,0.0,0.0,0.0,0.0
14665000000,4093,14665000000,map,0.03097789994420941,-0.15085136841281585,0.3580363567555154,0.0,0.0,0.0,0.0
14667000000,4094,14667000000,map,0.028863212317337072,-0.04861271511558479,0.09595136209617988,0.0,0.0,0.0,0.0
14669000000,4095,14669000000,map,-0.04811258389046508,-0.019309079444906785,0.24461131845072737,0.0,0.0,0.0,0.0
14671000000,4096,14671000000,map,-0.1041480666192317,0.2268502692371952,-0.3681701203195311,0.0,0.0,0.0,0.0
14673000000,4097,14673000000,map,0.3585049356572555,0.0976392576600536,0.30955770883321454,0.0,0.0,0.0,0.0
14675000000,4098,14675000000,map,0.27978449763910107,0.30846323811147225,0.3313742871613815,0.0,0.0,0.0,0.0
14678000000,4099,14677000000,map,0.2861865698726964,0.09476206935452713,-0.28072760259308477,0.0,0.0,0.0,0.0
14679000000,4100,14679000000,map,-0.286896643232192,-0.16371449029410315,-0.24200092473073084,0.0,0.0,0.0,0.0
14681000000,4101,14681000000,map,-0.11898224795915346,0.013410800261908828,0.36594614138101667,0.0,0.0,0.0,0.0
14683000000,4102,14683000000,map,-0.10862518285555328,-0.34514752240706215,-0.17787311293452335,0.0,0.0,0.0,0.0
14686000000,4103,14685000000,map,-0.15462742315314038,-0.09715308001999151,-0.19822645010548703,0.0,0.0,0.0,0.0
14687000000,4104,14687000000,map,0.19629834163465076,-0.3321730596158615,0.29776542864389965,0.0,0.0,0.0,0.0
14689000000,4105,14689000000,map,0.22058947786545535,0.25653826331401086,-0.0073906098010944055,0.0,0.0,0.0,0.0
14691000000,4106,14691000000,map,0.20043377690924336,-0.07649212778732711,-0.23477698010821063,0.0,0.0,0.0,0.0
14693000000,4107,14693000000,map,0.3798847993221476,0.2750793861732901,0.18587234487715432,0.0,0.0,0.0,0.0
14695000000,4108,14695000000,map,0.2389769173864511,-0.15164110112905074,0.1077415656065468,0.0,0.0,0.0,0.0
14697000000,4109,14697000000,map,-0.3752273647901173,0.34464795711747,-0.06918033814199359,0.0,0.0,0.0,0.0
14699000000,4110,14699000000,map,0.05164244228090914,0.1712110150465711,0.1325622285665642,0.0,0.0,0.0,0.0
14701000000,4111,14701000000,map,0.0890624819070891,-0.26531054279992755,-0.2247764021787938,0.0,0.0,0.0,0.0
14703000000,4112,14703000000,map,-0.12767016271678883,-0.251719472763952,0.04059526239120004,0.0,0.0,0.0,0.0
14705000000,4113,14705000000,map,0.03304366790306423,-0.27612327584522695,0.20518804891731013,0.0,0.0,0.0,0.0
14707000000,4114,14707000000,map,-0.1933381059226869,0.24559882775680697,0.3459297032133466,0.0,0.0,0.0,0.0
14709000000,4115,14709000000,map,0.04300292480860507,0.06685270434940421,0.12104975784389249,0.0,0.0,0.0,0.0
14711000000,4116,14711000000,map,-0.21050285841600272,0.11117517675950017,0.1272951151151015,0.0,0.0,0.0,0.0
14713000000,4117,14713000000,map,-0.3683057403676504,-0.10359335964223193,0.37671296175612967,0.0,0.0,0.0,0.0
14716000000,4118,14715000000,map,-0.09588505372139833,-0.007240362657525479,-0.2022557586202188,0.0,0.0,0.0,0.0
14717000000,4119,14717000000,map,-0.06517585463481668,0.36472904947332674,-0.2089534456906534,0.0,0.0,0.0,0.0
14719000000,4120,14719000000,map,0.19428421761843195,0.12919020876616005,0.24531646255484663,0.0,0.0,0.0,0.0
14722000000,4121,14721000000,map,0.30538474744935973,-0.34148989391936313,-0.17891892687346475,0.0,0.0,0.0,0.0
14723000000,4122,14723000000,map,-0.3994762517490074,0.1364147549201291,-0.027074207712429188,0.0,0.0,0.0,0.0
14725000000,4123,14725000000,map,0.27772231457464724,-0.052411929364426624,-0.2808888901656598,0.0,0.0,0.0,0.0
14727000000,4124,14727000000,map,0.2727290236039015,-0.29081452806437197,0.058565238410423714,0.0,0.0,0.0,0.0
14729000000,4125,14729000000,map,0.17728023766172663,0.1778257768478061,0.2813554280119791,0.0,0.0,0.0,0.0
14731000000,4126,14731000000,map,-0.26082517290847285,0.19296048465929216,0.017309630422425726,0.0,0.0,0.0,0.0
14733000000,4127,14733000000,map,-0.10292066464620186,0.3645990342590608,-0.3475848051352225,0.0,0.0,0.0,0.0
14735000000,4128,14735000000,map,-0.06967472439298972,0.2859723120589702,0.3303412733222023,0.0,0.0,0.0,0.0
14737000000,4129,14737000000,map,0.10020197083757754,-0.2744659843983709,-0.0905022493804189,0.0,0.0,0.0,0.0
14739000000,4130,14739000000,map,0.011269050926081381,-0.08141585190047251,-0.04412715794637262,0.0,0.0,0.0,0.0
14741000000,4131,14741000000,map,0.11755813266500315,0.2565546069908753,-0.32898053355199114,0.0,0.0,0.0,0.0
14743000000,4132,14743000000,map,-0.1589983541112363,0.06358529245638322,0.25003687748548475,0.0,0.0,0.0,0.0
14745000000,4133,14745000000,map,0.03456732492897291,-0.23442203824782792,-0.29695883306443965,0.0,0.0,0.0,0.0
14747000000,4134,14747000000,map,0.05586774208286982,-0.0713913119938015,-0.1835786923258465,0.0,0.0,0.0,0.0
14749000000,4135,14749000000,map,-0.06856344727740271,0.160673635916324,0.16998072142208298,0.0,0.0,0.0,0.0
14751000000,4136,14751000000,map,0.3546817364669873,0.2540398533067493,0.17110832738827497,0.0,0.0,0.0,0.0
14753000000,4137,14753000000,map,-0.018393473644206515,-0.26495198883995996,0.1973048820668889,0.0,0.0,0.0,0.0
14755000000,4138,14755000000,map,0.06255123056556933,0.39799456667852817,0.38086227535529615,0.0,0.0,0.0,0.0
14757000000,4139,14757000000,map,-0.1537291437361415,-0.3863627915753522,-0.02551767054508025,0.0,0.0,0.0,0.0
14759000000,4140,14759000000,map,0.18565143665891126,0.3520748986723913,-0.11896201752984514,0.0,0.0,0.0,0.0
14761000000,4141,14761000000,map,-0.12540231823703885,-0.059920618388958846,0.30823336812750035,0.0,0.0,0.0,0.0
14763000000,4142,14763000000,map,0.27871011316348837,0.2603804591265917,0.1737313234037472,0.0,0.0,0.0,0.0
14765000000,4143,14765000000,map,-0.27899378539410524,0.2900136097602696,0.12471617621247544,0.0,0.0,0.0,0.0
14767000000,4144,14767000000,map,0.17715025300204135,-0.3809869834624844,0.022141298658555797,0.0,0.0,0.0,0.0
14769000000,4145,14769000000,map,0.232390630661228,-0.13137181236795792,0.1201951932393156,0.0,0.0,0.0,0.0
14771000000,4146,14771000000,map,0.10003182707803004,-0.16825224508356743,-0.25728365803472997,0.0,0.0,0.0,0.0
14773000000,4147,14773000000,map,0.22612081459796307,0.054230850923027596,-0.2856223943677788,0.0,0.0,0.0,0.0
14775000000,4148,14775000000,map,0.06630621976140583,0.27282008623891163,-0.38730004208676183,0.0,0.0,0.0,0.0
14777000000,4149,14777000000,map,-0.34018743043086613,0.329611650254817,0.12284369348978186,0.0,0.0,0.0,0.0
14779000000,4150,14779000000,map,-0.34560305685881776,-0.25248277003402253,0.3573406282292193,0.0,0.0,0.0,0.0
14781000000,4151,14781000000,map,0.1890699341525044,0.249664345011558,-0.37172469678303965,0.0,0.0,0.0,0.0
14783000000,4152,14783000000,map,0.3646833137058215,0.3044420023216051,-0.2951363904888708,0.0,0.0,0.0,0.0
14785000000,4153,14785000000,map,-0.17593141675470425,-0.023187414358457337,0.11370500840873532,0.0,0.0,0.0,0.0
14787000000,4154,14787000000,map,0.10755861228156216,-0.3039937306959783,0.09908150479551708,0.0,0.0,0.0,0.0
14789000000,4155,14789000000,map,0.31830934835304814,-0.10382071727631043,0.3420337518611406,0.0,0.0,0.0,0.0
14791000000,4156,14791000000,map,0.1166029523528812,0.13382105269077338,-0.3124510398324493,0.0,0.0,0.0,0.0
14793000000,4157,14793000000,map,0.05652948650828871,0.2127587328925319,0.1592074583139238,0.0,0.0,0.0,0.0
14795000000,4158,14795000000,map,0.3084854186826601,0.1388134082341299,0.3756974569081607,0.0,0.0,0.0,0.0
14797000000,4159,14797000000,map,0.12468297616734936,0.12903360352135151,-0.22927095444388756,0.0,0.0,0.0,0.0
14799000000,4160,14799000000,map,-0.06679904054575225,-0.23284130494618271,-0.369919030054968,0.0,0.0,0.0,0.0
14801000000,4161,14801000000,map,0.2011387487509083,0.046332800030822685,-0.30828159158355917,0.0,0.0,0.0,0.0
14803000000,4162,14803000000,map,-0.21355484972368555,-0.04363680316749552,0.30099783613872,0.0,0.0,0.0,0.0
14805000000,4163,14805000000,map,-0.11338147795438036,0.16405148369294187,-0.13754709300679452,0.0,0.0,0.0,0.0
14807000000,4164,14807000000,map,-0.23643395826788682,-0.24191370838967044,0.2487016391974739,0.0,0.0,0.0,0.0
14809000000,4165,14809000000,map,-0.26175898406298936,-0.18863386291831952,-0.2765547945127399,0.0,0.0,0.0,0.0
14811000000,4166,14811000000,map,0.2873043870994807,0.39522132507208896,0.21323434359461058,0.0,0.0,0.0,0.0
14813000000,4167,14813000000,map,0.004745522470793073,-0.1451848042204678,0.2957689588852064,0.0,0.0,0.0,0.0
14815000000,4168,14815000000,map,0.19053966156872448,-0.20837343393679245,0.34982050043686663,0.0,0.0,0.0,0.0
14817000000,4169,14817000000,map,0.11721318206030662,-0.16524351995006714,0.22080499057931136,0.0,0.0,0.0,0.0
14819000000,4170,14819000000,map,0.37755969356849695,0.1788686604877734,-0.19101328927825403,0.0,0.0,0.0,0.0
14821000000,4171,14821000000,map,0.27617523806957134,-0.19218657570036823,0.268666341732373,0.0,0.0,0.0,0.0
14823000000,4172,14823000000,map,-0.3767247672254871,0.08362687027783255,-0.30252234569513414,0.0,0.0,0.0,0.0
14825000000,4173,14825000000,map,0.07689549560936149,0.06310330464774266,0.09781871084926114,0.0,0.0,0.0,0.0
14827000000,4174,14827000000,map,-0.06115776587439459,-0.1967978541479971,-0.25728593997134575,0.0,0.0,0.0,0.0
14829000000,4175,14829000000,map,-0.31886853835478535,0.2617382265270978,0.1559763547591254,0.0,0.0,0.0,0.0
14831000000,4176,14831000000,map,-0.04243067559262226,0.10209742971999969,-0.3931043721808428,0.0,0.0,0.0,0.0
14833000000,4177,14833000000,map,0.34880104783560606,-0.37356288022504824,-0.16030502228365306,0.0,0.0,0.0,0.0
14835000000,4178,14835000000,map,0.12546043513517324,-0.22745942299181446,-0.044545840347446686,0.0,0.0,0.0,0.0
14837000000,4179,14837000000,map,0.023287934458124326,0.2748840213155159,0.3719234720766691,0.0,0.0,0.0,0.0
14839000000,4180,14839000000,map,-0.15942389392972023,-0.12497979524579345,-0.33294274477058894,0.0,0.0,0.0,0.0
14841000000,4181,14841000000,map,0.17840939338982809,0.36277341123533224,-0.18350929831651525,0.0,0.0,0.0,0.0
14843000000,4182,14843000000,map,-0.32236831896675205,-0.3890000376141197,0.09156245708418975,0.0,0.0,0.0,0.0
14845000000,4183,14845000000,map,-0.0654181393142198,0.06443709823477428,0.307195361034747,0.0,0.0,0.0,0.0
14847000000,4184,14847000000,map,0.18683329376278457,0.34746593016552285,0.3819548549644749,0.0,0.0,0.0,0.0
14849000000,4185,14849000000,map,0.3617316039465822,-0.0028536636163297158,-0.0908794716567623,0.0,0.0,0.0,0.0
14851000000,4186,14851000000,map,-0.392933124897377,0.19039112431992633,-0.07959727458789584,0.0,0.0,0.0,0.0
14853000000,4187,14853000000,map,-0.2271956474997775,-0.19501118795284086,-0.13803171512141804,0.0,0.0,0.0,0.0
14855000000,4188,14855000000,map,0.05815036932083706,-0.29891783279308115,0.3450539514630706,0.0,0.0,0.0,0.0
14857000000,4189,14857000000,map,-0.34092074093506924,-0.2190749249231052,0.38233171148743306,0.0,0.0,0.0,0.0
14859000000,4190,14859000000,map,-0.2864240993586498,0.21850481243088948,0.273915997851084,0.0,0.0,0.0,0.0
14861000000,4191,14861000000,map,0.2816610598699719,-0.3158460936163031,0.06358209362650635,0.0,0.0,0.0,0.0
14863000000,4192,14863000000,map,-0.1315065682003002,-0.31540568984604905,-0.2847034671040227,0.0,0.0,0.0,0.0
14866000000,4193,14865000000,map,-0.06221883888666779,-0.1511392792494705,0.3151936245823964,0.0,0.0,0.0,0.0
14868000000,4194,14867000000,map,0.08005270292444644,-0.28616737806334785,-0.2387101155472899,0.0,0.0,0.0,0.0
14869000000,4195,14869000000,map,0.10143946597400455,-0.3775250337564203,-0.13587439182047073,0.0,0.0,0.0,0.0
14871000000,4196,14871000000,map,0.1800491659702731,0.25117779004707985,-0.16118419910278461,0.0,0.0,0.0,0.0
14873000000,4197,14873000000,map,-0.2815259215489264,0.3333627650638119,-0.18083087907624212,0.0,0.0,0.0,0.0
14875000000,4198,14875000000,map,0.2669234068878844,0.3263683963617322,0.07377178649143412,0.0,0.0,0.0,0.0
14877000000,4199,14877000000,map,-0.17682776716875503,0.1486675723813795,-0.20467117769443088,0.0,0.0,0.0,0.0
14879000000,4200,14879000000,map,-0.0947838794387359,-0.3492753059608689,0.33246764157641806,0.0,0.0,0.0,0.0
14881000000,4201,14881000000,map,-0.11306105738573313,0.32218446238156717,0.2480378818434935,0.0,0.0,0.0,0.0
14883000000,4202,14883000000,map,0.3729190574476191,-0.03686812853879701,-0.17742837897424782,0.0,0.0,0.0,0.0
14885000000,4203,14885000000,map,0.21016913952557037,0.14591786280776353,-0.20453956984347055,0.0,0.0,0.0,0.0
14887000000,4204,14887000000,map,0.22823177098302805,0.34889635887063775,0.2815707153161763,0.0,0.0,0.0,0.0
14889000000,4205,14889000000,map,0.3943902566996573,-0.1074658690082847,-0.09127238351785866,0.0,0.0,0.0,0.0
14891000000,4206,14891000000,map,0.012114864824099236,-0.27575579806663897,-0.06815691879931063,0.0,0.0,0.0,0.0
14893000000,4207,14893000000,map,0.3356559035209232,0.3316139909680339,-0.06983961794254617,0.0,0.0,0.0,0.0
14895000000,4208,14895000000,map,-0.3815504232322988,-0.07583608189527363,0.006377727373656383,0.0,0.0,0.0,0.0
14897000000,4209,14897000000,map,-0.043704829063417105,0.32881516755814066,0.004142536538465191,0.0,0.0,0.0,0.0
14899000000,4210,14899000000,map,-0.20061826627519297,-0.22825487684247994,-0.24442937431143996,0.0,0.0,0.0,0.0
14901000000,4211,14901000000,map,0.36120456385378297,-0.1139329630283501,0.08989022797616564,0.0,0.0,0.0,0.0
14903000000,4212,14903000000,map,-0.07619796619918223,-0.09819288746996535,-0.04617269557170345,0.0,0.0,0.0,0.0
14905000000,4213,14905000000,map,-0.1572638704151438,0.13460076274377442,-0.2212037405357809,0.0,0.0,0.0,0.0
14907000000,4214,14907000000,map,-0.0967948395566437,-0.11925438692846652,0.06869803458788504,0.0,0.0,0.0,0.0
14909000000,4215,14909000000,map,0.0646849510152151,0.13537222920318548,0.11218874592193695,0.0,0.0,0.0,0.0
14911000000,4216,14911000000,map,-0.2234065864266558,0.3787028496575191,-0.0636839929542744,0.0,0.0,0.0,0.0
14913000000,4217,14913000000,map,0.0025824733032029923,-0.09910707580896666,-0.2100533500735031,0.0,0.0,0.0,0.0
14915000000,4218,14915000000,map,0.3487872158280846,-0.28042953597389286,-0.07623805865912059,0.0,0.0,0.0,0.0
14917000000,4219,14917000000,map,0.2931601180146679,-0.11955847291611577,-0.17123523929423057,0.0,0.0,0.0,0.0
14919000000,4220,14919000000,map,0.09918471444701238,0.3986278051211728,0.3119648219987059,0.0,0.0,0.0,0.0
14921000000,4221,14921000000,map,-0.29173789098741665,0.23357790358026997,0.18240131225306544,0.0,0.0,0.0,0.0
14923000000,4222,14923000000,map,-0.13948945305832566,-0.2808959350022795,0.2607439402339655,0.0,0.0,0.0,0.0
14925000000,4223,14925000000,map,0.1580083092936635,0.13605692223247046,-0.11501034498415397,0.0,0.0,0.0,0.0
14927000000,4224,14927000000,map,0.07820330115962076,-0.38852673900449075,0.18341006446349706,0.0,0.0,0.0,0.0
14929000000,4225,14929000000,map,0.3450094021016996,-0.038892868968468,-0.21866098113760946,0.0,0.0,0.0,0.0
14931000000,4226,14931000000,map,-0.2834377097789443,-0.21966537054994154,0.06739342702898155,0.0,0.0,0.0,0.0
14933000000,4227,14933000000,map,-0.17137809186272426,-0.11775623698335985,0.25762567873536124,0.0,0.0,0.0,0.0
14935000000,4228,14935000000,map,0.030194507825536843,0.1273274867584392,0.16861968288260132,0.0,0.0,0.0,0.0
14937000000,4229,14937000000,map,-0.009056350569503324,0.049778990888601604,0.12794332079664017,0.0,0.0,0.0,0.0
14939000000,4230,14939000000,map,0.27548158273935874,-0.02562126147009558,-0.29245281001885765,0.0,0.0,0.0,0.0
14941000000,4231,14941000000,map,0.2913583972819187,0.33456422802787933,-0.12527776465774848,0.0,0.0,0.0,0.0
14943000000,4232,14943000000,map,0.06966187098006316,0.0364322984052044,-0.3029615646548276,0.0,0.0,0.0,0.0
14945000000,4233,14945000000,map,0.33908997600716195,-0.047782677227583226,0.08292393662227066,0.0,0.0,0.0,0.0
14947000000,4234,14947000000,map,0.10720308367427678,-0.3527142579159812,-0.0562486889131556,0.0,0.0,0.0,0.0
14949000000,4235,14949000000,map,0.11539789784409082,-0.18087908169747025,-0.35232727595377417,0.0,0.0,0.0,0.0
14951000000,4236,14951000000,map,-0.038117579057948436,-0.2307083084765254,-0.12477004893654975,0.0,0.0,0.0,0.0
14953000000,4237,14953000000,map,-0.33202346355084866,-0.2991177798212327,0.10872581446609575,0.0,0.0,0.0,0.0
14955000000,4238,14955000000,map,0.39359920813908866,0.18891258050801407,-0.07982271495535842,0.0,0.0,0.0,0.0
14957000000,4239,14957000000,map,0.07421954141239667,0.04140702287229675,0.3012417949859376,0.0,0.0,0.0,0.0
14959000000,4240,14959000000,map,0.333937665210411,0.28277900001692235,0.03262790803989163,0.0,0.0,0.0,0.0
14961000000,4241,14961000000,map,-0.31949297832444035,0.37595988701549776,0.13430360984739675,0.0,0.0,0.0,0.0
14963000000,4242,14963000000,map,0.2530121802474613,-0.3210986666166506,0.24912803957346819,0.0,0.0,0.0,0.0
14965000000,4243,14965000000,map,-0.02213618773817938,0.1582928755788756,-0.34243264416723157,0.0,0.0,0.0,0.0
14967000000,4244,14967000000,map,-0.38284584167942637,-0.327389044091593,0.13731433327872,0.0,0.0,0.0,0.0
14969000000,4245,14969000000,map,-0.3372089837571856,-0.26299501504593203,0.33031060143879765,0.0,0.0,0.0,0.0
14971000000,4246,14971000000,map,0.019922871071663573,0.18783008467702766,-0.37215159904802825,0.0,0.0,0.0,0.0
14973000000,4247,14973000000,map,0.3371808561939318,0.10071487164199522,0.26489469231773055,0.0,0.0,0.0,0.0
14975000000,4248,14975000000,map,-0.28959003363759844,-0.2517041604005287,0.2883709672838001,0.0,0.0,0.0,0.0
14977000000,4249,14977000000,map,-0.1687172089472414,-0.2244535722966795,0.2606806523112971,0.0,0.0,0.0,0.0
14979000000,4250,14979000000,map,0.35247520489318107,0.29897719126708644,-0.21667451932277323,0.0,0.0,0.0,0.0
14981000000,4251,14981000000,map,-0.3493217649388347,-0.3395153316916109,0.3262636611062468,0.0,0.0,0.0,0.0
14983000000,4252,14983000000,map,0.32633644377234317,0.10351085308222752,-0.0282364177065193,0.0,0.0,0.0,0.0
14985000000,4253,14985000000,map,-0.06322118842189212,0.3045412498613923,-0.35545100008310293,0.0,0.0,0.0,0.0
14988000000,4254,14988000000,map,0.33029224471051666,0.30573363383417806,0.3796166212227531,0.0,0.0,0.0,0.0
14989000000,4255,14989000000,map,-0.11906834066841504,-0.2752440517325851,-0.023354741306807425,0.0,0.0,0.0,0.0
14991000000,4256,14991000000,map,0.16082475166873844,-0.02154229035084143,0.15961649356541496,0.0,0.0,0.0,0.0
14993000000,4257,14993000000,map,0.249377426425048,-0.03201749611816862,-0.05299978345808709,0.0,0.0,0.0,0.0
14995000000,4258,14995000000,map,-0.10654135714427232,-0.06382211381748049,-0.1345749043328605,0.0,0.0,0.0,0.0
14998000000,4259,14998000000,map,0.1313963206765818,0.0565693837548939,-0.34304484372435406,0.0,0.0,0.0,0.0
14999000000,4260,14999000000,map,-0.07397170051123964,-0.19838022164110886,0.015644404597933925,0.0,0.0,0.0,0.0
15001000000,4261,15001000000,map,-0.03423517538718163,0.3029692572836298,0.08597440036609633,0.0,0.0,0.0,0.0
15003000000,4262,15003000000,map,0.3107403235054368,-0.2898819220574816,-0.388230201522593,0.0,0.0,0.0,0.0
15005000000,4263,15005000000,map,0.18201551864354748,-0.18538093348996135,0.2933876676660153,0.0,0.0,0.0,0.0
15007000000,4264,15007000000,map,-0.3440859261926256,0.2914570600093068,-0.285240887785797,0.0,0.0,0.0,0.0
15009000000,4265,15009000000,map,-0.03918931531909875,0.19979037657824583,0.03357409651646365,0.0,0.0,0.0,0.0
15011000000,4266,15011000000,map,-0.3618995054985724,-0.06431396909358822,0.2775324690313048,0.0,0.0,0.0,0.0
15013000000,4267,15013000000,map,0.277361055343723,0.24829258151050027,0.04810516812083909,0.0,0.0,0.0,0.0
15015000000,4268,15015000000,map,-0.06899756266758356,0.39112378058151587,0.023929826509927032,0.0,0.0,0.0,0.0
15017000000,4269,15017000000,map,0.3686832810501611,-0.08437217072520409,0.11742119663001838,0.0,0.0,0.0,0.0
15019000000,4270,15019000000,map,-0.39164870398813284,0.07196339636719512,-0.22887539361850362,0.0,0.0,0.0,0.0
15021000000,4271,15021000000,map,0.08429020836180118,0.3323813076520449,-0.26555421822921454,0.0,0.0,0.0,0.0
15023000000,4272,15023000000,map,-0.08687691617801141,0.20946047252409483,-0.1174434323113453,0.0,0.0,0.0,0.0
15025000000,4273,15025000000,map,0.08720173141973991,-0.2926042633912116,-0.20516467554537596,0.0,0.0,0.0,0.0
15027000000,4274,15027000000,map,-0.3581475293355496,-0.23953156806460552,0.13664509447497397,0.0,0.0,0.0,0.0
15029000000,4275,15029000000,map,-0.15708504093776618,-0.250967195065505,-0.017114980243406852,0.0,0.0,0.0,0.0
15031000000,4276,15031000000,map,0.18443172345839642,0.33174845411098186,-0.022036821751944546,0.0,0.0,0.0,0.0
15033000000,4277,15033000000,map,0.17974591407134388,0.018601629271207787,-0.35450107436321376,0.0,0.0,0.0,0.0
15035000000,4278,15035000000,map,0.3038954906410727,0.20467450048803648,-0.1524620501567569,0.0,0.0,0.0,0.0
15037000000,4279,15037000000,map,-0.37612883427324023,0.25947484855488623,0.007679240224517492,0.0,0.0,0.0,0.0
15039000000,4280,15039000000,map,-0.3909671280695541,0.05126867282983688,0.26478700432916114,0.0,0.0,0.0,0.0
15041000000,4281,15041000000,map,-0.3843640763471169,-0.3825030745982998,0.332613346448859,0.0,0.0,0.0,0.0
15043000000,4282,15043000000,map,-0.11580360863769829,-0.23839039864090986,-0.14585423139844728,0.0,0.0,0.0,0.0
15045000000,4283,15045000000,map,0.24419377500591644,0.23016069200474665,-0.32226174130370683,0.0,0.0,0.0,0.0
15047000000,4284,15047000000,map,0.061166364215774816,0.1289460779510352,-0.12779148817318542,0.0,0.0,0.0,0.0
15049000000,4285,15049000000,map,-0.1457731073911434,0.07479091879474292,-0.10440908273570931,0.0,0.0,0.0,0.0
15051000000,4286,15051000000,map,-0.0790017500890543,0.1684365205073325,-0.19148938119690753,0.0,0.0,0.0,0.0
15053000000,4287,15053000000,map,-0.220093620619625,0.23834977077073716,0.37610186333737927,0.0,0.0,0.0,0.0
15055000000,4288,15055000000,map,-0.2586922685966111,-0.13995173422799656,-0.015461583656473488,0.0,0.0,0.0,0.0
15057000000,4289,15057000000,map,-0.20770882952652048,-0.14515491336117775,0.3138227364017021,0.0,0.0,0.0,0.0
15059000000,4290,15059000000,map,0.04945068595359503,0.16201243218535777,0.02228689802441075,0.0,0.0,0.0,0.0
15061000000,4291,15061000000,map,-0.2774557246015837,-0.060279407052509615,-0.06569126538669856,0.0,0.0,0.0,0.0
15063000000,4292,15063000000,map,-0.3887460336105253,-0.24517149664300997,-0.2624332833004096,0.0,0.0,0.0,0.0
15066000000,4293,15065000000,map,-0.1797078058129291,0.35243632085634424,0.21377836660230976,0.0,0.0,0.0,0.0
15067000000,4294,15067000000,map,-0.3878497130626015,-0.39930803565305545,0.38102341638299386,0.0,0.0,0.0,0.0
15069000000,4295,15069000000,map,0.011011570388952674,-0.2431104452884446,-0.05857153749722621,0.0,0.0,0.0,0.0
15071000000,4296,15071000000,map,0.17488121856304628,0.057936243566328205,0.03129234472179654,0.0,0.0,0.0,0.0
15073000000,4297,15073000000,map,0.3698748183051489,0.16655551315303807,0.02567194224931091,0.0,0.0,0.0,0.0
15075000000,4298,15075000000,map,-0.39998122391311014,-0.03496602108705876,0.23178589365859703,0.0,0.0,0.0,0.0
15077000000,4299,15077000000,map,0.017349315132705267,-0.3861924811901184,0.35143339257506434,0.0,0.0,0.0,0.0
15079000000,4300,15079000000,map,-0.010941766318333435,-0.3189680310838531,-0.3914950433128647,0.0,0.0,0.0,0.0
15081000000,4301,15081000000,map,-0.17352088606079358,-0.04566032068673953,0.3649070814573159,0.0,0.0,0.0,0.0
15083000000,4302,15083000000,map,0.13138519434081863,-0.2030865127398025,0.034603784830184836,0.0,0.0,0.0,0.0
15085000000,4303,15085000000,map,-0.15332345385758972,-0.3368751741637759,0.18285624720691196,0.0,0.0,0.0,0.0
15087000000,4304,15087000000,map,0.2500337632146258,0.30887629286322427,-0.28413121494012633,0.0,0.0,0.0,0.0
15089000000,4305,15089000000,map,-0.2031006874000751,0.1517597695100661,0.1337771860969057,0.0,0.0,0.0,0.0
15091000000,4306,15091000000,map,-0.09264118501795782,0.03712145078924556,-0.29519468178400027,0.0,0.0,0.0,0.0
15093000000,4307,15093000000,map,0.18992823737644315,0.29191869136724313,0.11246578222871473,0.0,0.0,0.0,0.0
15095000000,4308,15095000000,map,0.04079252625059776,-0.09243202340938589,-0.19309651342641404,0.0,0.0,0.0,0.0
15097000000,4309,15097000000,map,0.13596389142512955,-0.08902206632245552,0.16369969757904823,0.0,0.0,0.0,0.0
15099000000,4310,15099000000,map,0.25647513329052085,0.14492878383562435,0.2715345929375297,0.0,0.0,0.0,0.0
15101000000,4311,15101000000,map,0.007041719227240062,-0.12780392012710912,-0.11239869029676286,0.0,0.0,0.0,0.0
15103000000,4312,15103000000,map,-0.3634748488923059,0.13105574339178339,-0.031236458660955646,0.0,0.0,0.0,0.0
15105000000,4313,15105000000,map,-0.2960727687964012,0.16778184634160598,0.3338176765771913,0.0,0.0,0.0,0.0
15107000000,4314,15107000000,map,-0.20612567404241258,-0.37881479606842533,0.07558404162978283,0.0,0.0,0.0,0.0
15109000000,4315,15109000000,map,0.1232840977357228,-0.29814855575310073,-0.19092797384968732,0.0,0.0,0.0,0.0
15111000000,4316,15111000000,map,-0.059567056149704256,-0.01357970513303286,-0.012837072470021416,0.0,0.0,0.0,0.0
15113000000,4317,15113000000,map,0.08539502250944758,0.052676994791810317,-0.30801074698623027,0.0,0.0,0.0,0.0
15115000000,4318,15115000000,map,0.35577491430785757,-0.16478384036222843,0.25958956636506203,0.0,0.0,0.0,0.0
15117000000,4319,15117000000,map,0.1320578674892191,0.34544692751239514,-0.004265039755785405,0.0,0.0,0.0,0.0
15119000000,4320,15119000000,map,0.2517515974494896,-0.35635677639610686,-0.19501099083496906,0.0,0.0,0.0,0.0
15121000000,4321,15121000000,map,-0.35569615868794985,-0.00943328144119282,-0.2525077903307571,0.0,0.0,0.0,0.0
15123000000,4322,15123000000,map,0.34334516872680887,0.352490580576169,0.17831643808443576,0.0,0.0,0.0,0.0
15125000000,4323,15125000000,map,-0.3147083032068095,0.10880699883912981,-0.3389408760346444,0.0,0.0,0.0,0.0
15127000000,4324,15127000000,map,0.1895061425228397,0.31719391870128333,0.1616611420004519,0.0,0.0,0.0,0.0
15129000000,4325,15129000000,map,0.3014783743222682,0.23752989462733065,-0.1539038315697878,0.0,0.0,0.0,0.0
15131000000,4326,15131000000,map,0.024627977759443476,-0.25117972030271946,-0.10983292194457522,0.0,0.0,0.0,0.0
15133000000,4327,15133000000,map,0.2500640127732633,0.34448239450020146,0.11836998984116653,0.0,0.0,0.0,0.0
15135000000,4328,15135000000,map,-0.04565523236752228,0.37739142878488585,9.593584134010014e-05,0.0,0.0,0.0,0.0
15137000000,4329,15137000000,map,0.20896331662687162,0.00307872741864601,-0.20327406403090456,0.0,0.0,0.0,0.0
15139000000,4330,15139000000,map,0.10206763091415172,0.29745028502494975,-0.21661749491431023,0.0,0.0,0.0,0.0
15141000000,4331,15141000000,map,-0.22135211341164296,-0.2524083442389723,0.18762802224082942,0.0,0.0,0.0,0.0
15143000000,4332,15143000000,map,0.0250330982096284,-0.3910666510074179,-0.021191415120114354,0.0,0.0,0.0,0.0
15145000000,4333,15145000000,map,0.16834185235157317,0.3713907647108652,-0.034275276281152955,0.0,0.0,0.0,0.0
15147000000,4334,15147000000,map,-0.25342104737511784,0.2180078478343278,0.11241214686199463,0.0,0.0,0.0,0.0
15149000000,4335,15149000000,map,-0.17887361230675186,-0.3856631018418762,-0.2466171241636349,0.0,0.0,0.0,0.0
15151000000,4336,15151000000,map,0.08458743929201307,-0.03648959514034922,-0.3294144274115284,0.0,0.0,0.0,0.0
15153000000,4337,15153000000,map,0.13731691002652935,0.25052934835959206,0.3594610114467197,0.0,0.0,0.0,0.0
15155000000,4338,15155000000,map,0.04207701791643731,0.12262414974472613,0.120156579387806,0.0,0.0,0.0,0.0
15157000000,4339,15157000000,map,0.1626110871159494,-0.07502293790149084,-0.1617764096053597,0.0,0.0,0.0,0.0
15159000000,4340,15159000000,map,0.04297487573751574,0.1825462166125268,0.37633082819569375,0.0,0.0,0.0,0.0
15161000000,4341,15161000000,map,-0.09868513180885008,-0.2969530661426588,-0.24867722397113332,0.0,0.0,0.0,0.0
15163000000,4342,15163000000,map,-0.021237015516306135,0.07291413921949691,-0.16457207932042417,0.0,0.0,0.0,0.0
15165000000,4343,15165000000,map,-0.32261613756455076,-0.3195455780237086,0.28192105666295475,0.0,0.0,0.0,0.0
15167000000,4344,15167000000,map,0.27104383220998685,0.34076571188214155,0.16188081226562467,0.0,0.0,0.0,0.0
15169000000,4345,15169000000,map,-0.1984468822301275,-0.12010100646846394,-0.15950648252579122,0.0,0.0,0.0,0.0
15171000000,4346,15171000000,map,0.29978103071243456,0.28059576578062273,0.10704231432448752,0.0,0.0,0.0,0.0
15173000000,4347,15173000000,map,0.08826147225719988,-0.17644178360467921,0.22845465074764415,0.0,0.0,0.0,0.0
15175000000,4348,15175000000,map,0.09186339226875828,-0.38751046996798993,-0.3056703610072005,0.0,0.0,0.0,0.0
15177000000,4349,15177000000,map,0.24831452190333902,-0.2982092683728267,0.3808812378462578,0.0,0.0,0.0,0.0
15179000000,4350,15179000000,map,-0.3981137015857816,-0.33371219312306016,-0.30381867515336836,0.0,0.0,0.0,0.0
15181000000,4351,15181000000,map,0.1948182110927379,-0.29685296540380784,-0.19053037301165163,0.0,0.0,0.0,0.0
15183000000,4352,15183000000,map,0.28018354267116663,0.08626261237441896,0.2013796687753645,0.0,0.0,0.0,0.0
15185000000,4353,15185000000,map,-0.05153022819813119,-0.13858885904909263,0.23780802637554121,0.0,0.0,0.0,0.0
15187000000,4354,15187000000,map,0.019867772795289063,-0.1584550882103286,0.19521576039690547,0.0,0.0,0.0,0.0
15189000000,4355,15189000000,map,-0.107154669499818,-0.12127932814839171,0.28419970253806714,0.0,0.0,0.0,0.0
15191000000,4356,15191000000,map,0.3696894021873165,-0.2623908373286802,0.2784728041007186,0.0,0.0,0.0,0.0
15193000000,4357,15193000000,map,-0.03458087965844092,0.0001636291232496312,0.39517802535914204,0.0,0.0,0.0,0.0
15195000000,4358,15195000000,map,0.19400063853988325,-0.23196627707239942,-0.32561852924318063,0.0,0.0,0.0,0.0
15197000000,4359,15197000000,map,-0.11974353038218044,-0.1060998633043535,0.2692536398693611,0.0,0.0,0.0,0.0
15199000000,4360,15199000000,map,0.34761550555717835,-0.09717368935633935,0.2577856719199808,0.0,0.0,0.0,0.0
15201000000,4361,15201000000,map,-0.028989974280141717,0.14183047733327936,0.3707068894877322,0.0,0.0,0.0,0.0
15203000000,4362,15203000000,map,-0.08036165617366631,0.12021693653738852,-0.07289304889217918,0.0,0.0,0.0,0.0
15205000000,4363,15205000000,map,-0.32482933483768445,0.2182954323624441,0.13556839302058854,0.0,0.0,0.0,0.0
15207000000,4364,15207000000,map,-0.039345047101327024,0.09652473728510713,-0.2286305243350433,0.0,0.0,0.0,0.0
15209000000,4365,15209000000,map,0.03786669849891949,0.30494796856197015,-0.129046679428294,0.0,0.0,0.0,0.0
15211000000,4366,15211000000,map,-0.14864491465325447,-0.37143139802897396,0.2433130659929933,0.0,0.0,0.0,0.0
15213000000,4367,15213000000,map,0.2935456301019058,-0.06989924828806332,-0.3133239674179891,0.0,0.0,0.0,0.0
15215000000,4368,15215000000,map,0.06629147041549038,-0.275904774994936,-0.04114332947635868,0.0,0.0,0.0,0.0
15217000000,4369,15217000000,map,0.14726539990190324,0.0693130008917825,0.11475930739929607,0.0,0.0,0.0,0.0
15219000000,4370,15219000000,map,-0.3396642861363175,-0.00447148081668336,-0.19903865556138944,0.0,0.0,0.0,0.0
15221000000,4371,15221000000,map,0.1696658857208605,-0.25489434150280765,0.2252177002312148,0.0,0.0,0.0,0.0
15223000000,4372,15223000000,map,0.3907151538809007,0.24150202590236025,0.2870007242337759,0.0,0.0,0.0,0.0
15225000000,4373,15225000000,map,-0.26222812446472876,-0.002547415530271435,0.3444580374604931,0.0,0.0,0.0,0.0
15227000000,4374,15227000000,map,0.3462560039187509,-0.37226207112541276,0.2609879258945139,0.0,0.0,0.0,0.0
15229000000,4375,15229000000,map,0.22311260189565807,0.08797822906878272,0.20958053141793243,0.0,0.0,0.0,0.0
15231000000,4376,15231000000,map,0.23027709704049837,0.023105076259970048,-0.34144409272773124,0.0,0.0,0.0,0.0
15233000000,4377,15233000000,map,-0.03854560696051157,-0.1279530091910126,-0.26033183942694427,0.0,0.0,0.0,0.0
15235000000,4378,15235000000,map,0.3004177087070212,0.024007745264614744,-0.08014962192830938,0.0,0.0,0.0,0.0
15237000000,4379,15237000000,map,0.24141558495680815,-0.008880978741281353,-0.3929245606715788,0.0,0.0,0.0,0.0
15239000000,4380,15239000000,map,-0.028214207067277397,-0.16400589631172735,0.004563825134624444,0.0,0.0,0.0,0.0
15241000000,4381,15241000000,map,0.0891070442803269,-0.37171412474275356,-0.389793286229083,0.0,0.0,0.0,0.0
15243000000,4382,15243000000,map,-0.3750843177859461,0.31204566535037526,0.11823908377518433,0.0,0.0,0.0,0.0
15245000000,4383,15245000000,map,0.030133277003555115,-0.0707582548578925,-0.04446694921955502,0.0,0.0,0.0,0.0
15247000000,4384,15247000000,map,-0.3630885159327349,0.20258869865621454,-0.23465694397674655,0.0,0.0,0.0,0.0
15249000000,4385,15249000000,map,0.272412770510723,0.13474293493476563,-0.13900170160326492,0.0,0.0,0.0,0.0
15251000000,4386,15251000000,map,-0.26998806505877104,-0.2274093975028123,-0.33197020800604893,0.0,0.0,0.0,0.0
15253000000,4387,15253000000,map,-0.18096810405612135,0.18616105977385045,-0.3524137851081196,0.0,0.0,0.0,0.0
15255000000,4388,15255000000,map,0.02808401000722982,-0.2951708117659748,-0.33988989352147064,0.0,0.0,0.0,0.0
15257000000,4389,15257000000,map,-0.3196031978952605,0.019969531382145966,0.07326330783284069,0.0,0.0,0.0,0.0
15259000000,4390,15259000000,map,0.00909245120551716,-0.33517039471547516,0.009831083597537205,0.0,0.0,0.0,0.0
15261000000,4391,15261000000,map,0.06441858529194838,0.2191377925384792,-0.2725550234677533,0.0,0.0,0.0,0.0
15263000000,4392,15263000000,map,0.04173831219891716,-0.29294364939452844,0.24897261459509012,0.0,0.0,0.0,0.0
15265000000,4393,15265000000,map,0.3513290314376081,-0.39607488405366015,0.3502283957345881,0.0,0.0,0.0,0.0
15267000000,4394,15267000000,map,-0.057164155165011554,-0.30945229063401253,0.35251645159923684,0.0,0.0,0.0,0.0
15269000000,4395,15269000000,map,0.3490048650607245,0.3698874186101522,-0.2083475493409047,0.0,0.0,0.0,0.0
15271000000,4396,15271000000,map,-0.060073997703891824,0.19014451839369084,0.025166051853411642,0.0,0.0,0.0,0.0
15273000000,4397,15273000000,map,-0.3600199606646414,-0.028708492514095352,-0.36825877434077076,0.0,0.0,0.0,0.0
15275000000,4398,15275000000,map,0.023460471683456607,0.12870066051941476,-0.2116769250750663,0.0,0.0,0.0,0.0
15277000000,4399,15277000000,map,0.13673770814900588,0.22997903981457446,-0.31668651762039335,0.0,0.0,0.0,0.0
15279000000,4400,15279000000,map,-0.330730737031875,0.06485614787786859,-0.06064572796526868,0.0,0.0,0.0,0.0
15281000000,4401,15281000000,map,-0.09697410372971899,-0.00948371609235421,-0.06302071667009901,0.0,0.0,0.0,0.0
15283000000,4402,15283000000,map,0.35576380578913147,0.20493936156572845,-0.19933285610990026,0.0,0.0,0.0,0.0
15286000000,4403,15286000000,map,-0.05289790843680564,0.1815137083589471,-0.05254993264442159,0.0,0.0,0.0,0.0
15287000000,4404,15287000000,map,0.2048855640891628,0.3055404905440179,-0.1857920353131875,0.0,0.0,0.0,0.0
15289000000,4405,15289000000,map,0.2858910919280494,-0.03546613487788375,0.2649962222962804,0.0,0.0,0.0,0.0
15291000000,4406,15291000000,map,0.012938744951687564,0.23724750381354165,0.16285870649201828,0.0,0.0,0.0,0.0
15294000000,4407,15294000000,map,-0.16003280098017436,0.21263094623683865,-0.32231599529318744,0.0,0.0,0.0,0.0
15295000000,4408,15295000000,map,-0.020562566697515494,-0.3659057461845311,-0.041129219123745175,0.0,0.0,0.0,0.0
15297000000,4409,15297000000,map,-0.3429629098520732,0.1964054133869646,0.005645522205285469,0.0,0.0,0.0,0.0
15299000000,4410,15299000000,map,0.3557223693164435,-0.08949375576927182,-0.025656631464852198,0.0,0.0,0.0,0.0
15301000000,4411,15301000000,map,0.20557737040179513,-0.12998479444921957,0.15713813570101465,0.0,0.0,0.0,0.0
15303000000,4412,15303000000,map,-0.30133142870108914,-0.33794126774289507,0.2840094680027677,0.0,0.0,0.0,0.0
15305000000,4413,15305000000,map,-0.3346995213270672,-0.2946467757942066,-0.2693348350232667,0.0,0.0,0.0,0.0
15307000000,4414,15307000000,map,0.04167194693457121,0.2842055813618266,-0.10464066834506941,0.0,0.0,0.0,0.0
15309000000,4415,15309000000,map,-0.2727645600018449,-0.2217255675941035,0.2806526066041072,0.0,0.0,0.0,0.0
15311000000,4416,15311000000,map,-0.2901014560926638,-0.18799202032143794,-0.13256475908085175,0.0,0.0,0.0,0.0
15313000000,4417,15313000000,map,0.3636762595836338,-0.13510322575873313,-0.34225669290644134,0.0,0.0,0.0,0.0
15315000000,4418,15315000000,map,0.0928552899466597,-0.2186025661813118,0.31105975283938647,0.0,0.0,0.0,0.0
15317000000,4419,15317000000,map,-0.3463654248626216,0.24053173709784337,-0.19199627999614846,0.0,0.0,0.0,0.0
15320000000,4420,15319000000,map,-0.2031350805694318,-0.1884058034755609,0.0018022930393999381,0.0,0.0,0.0,0.0
15321000000,4421,15321000000,map,0.050219256260620626,0.39416076583004045,-0.07958670610015534,0.0,0.0,0.0,0.0
15323000000,4422,15323000000,map,-0.082935736382932,0.08110662512619526,-0.07231152379806266,0.0,0.0,0.0,0.0
15325000000,4423,15325000000,map,-0.04964757110122975,0.15919971061366778,0.13967368987884332,0.0,0.0,0.0,0.0
15327000000,4424,15327000000,map,0.3118783002531683,0.22205544993550663,0.08475188988714982,0.0,0.0,0.0,0.0
15329000000,4425,15329000000,map,0.031241445381792243,-0.18944212599758392,0.18581554906107212,0.0,0.0,0.0,0.0
15331000000,4426,15331000000,map,-0.37477587444868904,-0.21033793937573364,0.2955099090815372,0.0,0.0,0.0,0.0
15333000000,4427,15333000000,map,0.3055611702232016,-0.3843309843392963,0.03251342474253177,0.0,0.0,0.0,0.0
15336000000,4428,15335000000,map,-0.1518503643842769,0.2916146271544958,-0.19250056638450547,0.0,0.0,0.0,0.0
15337000000,4429,15337000000,map,0.031085939146086983,-0.029009653106982836,-0.2652171227208294,0.0,0.0,0.0,0.0
15339000000,4430,15339000000,map,0.0342426385102943,-0.20012048693356368,0.33686860685990994,0.0,0.0,0.0,0.0
15341000000,4431,15341000000,map,-0.19931766220033853,-0.3247033257048193,0.1556086255064124,0.0,0.0,0.0,0.0
15343000000,4432,15343000000,map,-0.2774461692470797,-0.18727499132726544,-0.222195635534423,0.0,0.0,0.0,0.0
15345000000,4433,15345000000,map,-0.0033698024050600184,0.13177124584625344,0.3942311354616722,0.0,0.0,0.0,0.0
15347000000,4434,15347000000,map,0.07515107606985394,0.16186624583245757,0.24190701698783668,0.0,0.0,0.0,0.0
15349000000,4435,15349000000,map,0.20762582053946488,0.2467186830432737,-0.10285784211001009,0.0,0.0,0.0,0.0
15351000000,4436,15351000000,map,0.20468267002317375,-0.11650201156944512,-0.05706566769347943,0.0,0.0,0.0,0.0
15353000000,4437,15353000000,map,0.05580681155799805,0.1942265455466876,0.02880195138399949,0.0,0.0,0.0,0.0
15355000000,4438,15355000000,map,0.053527202457565815,0.3169088129787969,-0.3092752783277201,0.0,0.0,0.0,0.0
15357000000,4439,15357000000,map,0.38858548451597175,0.02503757962501635,-0.3118170915242051,0.0,0.0,0.0,0.0
15359000000,4440,15359000000,map,-0.3899835473523831,0.07788276144649126,0.2293369320688391,0.0,0.0,0.0,0.0
15361000000,4441,15361000000,map,-0.07433373086348338,0.3981233272074157,0.396166375840321,0.0,0.0,0.0,0.0
15363000000,4442,15363000000,map,0.19471828075256936,-0.29690537176844867,-0.32794889769591895,0.0,0.0,0.0,0.0
15365000000,4443,15365000000,map,-0.1470029555487845,-0.17524341567257673,-0.07915118101161783,0.0,0.0,0.0,0.0
15367000000,4444,15367000000,map,0.02653333647081979,0.32658439015579643,0.37960592387126046,0.0,0.0,0.0,0.0
15369000000,4445,15369000000,map,-0.2073405369157908,-0.1645737105241051,0.034135989997448934,0.0,0.0,0.0,0.0
15371000000,4446,15371000000,map,-0.1766924315751715,0.28299869831752233,0.001346300984241211,0.0,0.0,0.0,0.0
15373000000,4447,15373000000,map,-0.35067902183692046,0.02789478551299418,-0.23195128814123633,0.0,0.0,0.0,0.0
15375000000,4448,15375000000,map,-0.04304636853863453,0.17833734277121727,-0.39490921499055187,0.0,0.0,0.0,0.0
15377000000,4449,15377000000,map,0.2784580014829461,-0.2962524991100831,0.13914677290747512,0.0,0.0,0.0,0.0
15379000000,4450,15379000000,map,-0.14472194958094659,-0.31028520669233467,0.2367289166215688,0.0,0.0,0.0,0.0
15381000000,4451,15381000000,map,-0.07119984854259809,-0.015130478998044206,-0.21680026824627155,0.0,0.0,0.0,0.0
15383000000,4452,15383000000,map,-0.10756054632982431,0.20117680841865881,0.09637468387214126,0.0,0.0,0.0,0.0
15385000000,4453,15385000000,map,0.11170254048261175,-0.34889374250780214,0.07520940577330404,0.0,0.0,0.0,0.0
15388000000,4454,15387000000,map,0.1131516514279799,-0.2724947680659052,0.38033918335876704,0.0,0.0,0.0,0.0
15389000000,4455,15389000000,map,-0.28744422243797535,0.0966906082132234,0.39708466072435633,0.0,0.0,0.0,0.0
15391000000,4456,15391000000,map,0.12197273636167016,0.02630663354360746,0.36308627867149423,0.0,0.0,0.0,0.0
15393000000,4457,15393000000,map,0.38864042415396705,0.002861242311715362,0.30252104433818694,0.0,0.0,0.0,0.0
15395000000,4458,15395000000,map,-0.22134195519356278,0.336629338013988,-0.020186234067101072,0.0,0.0,0.0,0.0
15397000000,4459,15397000000,map,0.1327721089553029,-0.31755132480460546,0.35995994485494753,0.0,0.0,0.0,0.0
15399000000,4460,15399000000,map,-0.19279033565389347,0.15618258931596352,-0.2537414398252016,0.0,0.0,0.0,0.0
15401000000,4461,15401000000,map,-0.06444593811819482,-0.19749588045958288,-0.052978752394368556,0.0,0.0,0.0,0.0
15403000000,4462,15403000000,map,0.3676890361059144,-0.19268376251723335,0.01441349601208286,0.0,0.0,0.0,0.0
15405000000,4463,15405000000,map,-0.3351876779576912,-0.14078115995571183,-0.38840447696904945,0.0,0.0,0.0,0.0
15407000000,4464,15407000000,map,-0.059263676398279785,0.006036195648426168,0.09091946240019827,0.0,0.0,0.0,0.0
15409000000,4465,15409000000,map,-0.2576252163592434,-0.37034565179699086,0.014994269845474029,0.0,0.0,0.0,0.0
15411000000,4466,15411000000,map,0.335031788757595,-0.32801205933685584,0.06259553603645901,0.0,0.0,0.0,0.0
15413000000,4467,15413000000,map,0.33281256253857794,-0.04267016943890345,0.07103784340490582,0.0,0.0,0.0,0.0
15415000000,4468,15415000000,map,-0.3784854984362608,0.2793232495927126,0.37550991687196655,0.0,0.0,0.0,0.0
15417000000,4469,15417000000,map,-0.30114381763314585,0.038323144951658894,0.23758309005523293,0.0,0.0,0.0,0.0
15419000000,4470,15419000000,map,-0.19936197197014285,0.17265854603215347,-0.11535147185933237,0.0,0.0,0.0,0.0
15421000000,4471,15421000000,map,-0.14180922632849957,-0.17425558349685633,0.015211161166329201,0.0,0.0,0.0,0.0
15423000000,4472,15423000000,map,0.2657857535283633,-0.25952473789159525,0.17729121678566018,0.0,0.0,0.0,0.0
15425000000,4473,15425000000,map,-0.3468255785884123,0.34547181360047563,-0.12362289941042753,0.0,0.0,0.0,0.0
15427000000,4474,15427000000,map,-0.07397687830697552,-0.33683912310015196,-0.14118411258126123,0.0,0.0,0.0,0.0
15429000000,4475,15429000000,map,-0.20470813045744476,-0.02210152732266385,0.3844797997744046,0.0,0.0,0.0,0.0
15431000000,4476,15431000000,map,-0.14812306114326595,-0.25793828587677375,0.14713020108595765,0.0,0.0,0.0,0.0
15433000000,4477,15433000000,map,0.386108247998704,-0.3426388593910213,0.293410531105987,0.0,0.0,0.0,0.0
15435000000,4478,15435000000,map,0.21547429884763936,-0.06030476502136489,0.27654620325895685,0.0,0.0,0.0,0.0
15437000000,4479,15437000000,map,-0.3930686593964122,-0.02005728814627944,-0.3960569593294556,0.0,0.0,0.0,0.0
15439000000,4480,15439000000,map,0.21181223408891225,0.2979744029652702,-0.34412012996431607,0.0,0.0,0.0,0.0
15441000000,4481,15441000000,map,0.3693791112130138,-0.0359597079527344,0.33970488456743353,0.0,0.0,0.0,0.0
15443000000,4482,15443000000,map,0.2894463341725776,-0.11265906045141166,-0.05419030263139807,0.0,0.0,0.0,0.0
15445000000,4483,15445000000,map,-0.343803144334368,0.3770332583317735,0.1435742331906381,0.0,0.0,0.0,0.0
15447000000,4484,15447000000,map,0.37653955327569466,-0.39048617923669615,-0.07063566790097953,0.0,0.0,0.0,0.0
15449000000,4485,15449000000,map,0.08662621311281737,-0.04358108676272243,-0.052796162014164816,0.0,0.0,0.0,0.0
15452000000,4486,15452000000,map,0.1895710400009758,0.045126625401134546,0.2362430640078289,0.0,0.0,0.0,0.0
15453000000,4487,15453000000,map,-0.3279823069999004,0.3838536534616448,-0.3679952239778212,0.0,0.0,0.0,0.0
15455000000,4488,15455000000,map,0.15696225556721655,-0.2492318756826258,0.08632798439341399,0.0,0.0,0.0,0.0
15457000000,4489,15457000000,map,-0.041976067989544286,-0.12986496520309848,0.22889556061332006,0.0,0.0,0.0,0.0
15459000000,4490,15459000000,map,0.21442875037647502,0.10372399553759004,0.25331806515978594,0.0,0.0,0.0,0.0
15461000000,4491,15461000000,map,-0.169451477791733,0.13798874746787337,-0.1640864284036149,0.0,0.0,0.0,0.0
15463000000,4492,15463000000,map,0.04491653330059647,-0.10136891144966109,-0.045146171871719765,0.0,0.0,0.0,0.0
15465000000,4493,15465000000,map,-0.2552707540376894,-0.3569743653324284,0.3984574367318138,0.0,0.0,0.0,0.0
15467000000,4494,15467000000,map,-0.011513377152355564,-0.21689859305349646,0.32454184115240925,0.0,0.0,0.0,0.0
15469000000,4495,15469000000,map,0.08515181706656627,0.3656103469148343,0.2485890056639971,0.0,0.0,0.0,0.0
15471000000,4496,15471000000,map,-0.2250084164079886,-0.22346992189365178,-0.001979750390250612,0.0,0.0,0.0,0.0
15473000000,4497,15473000000,map,0.07618471722184833,0.2186216435772096,-0.21308982032934146,0.0,0.0,0.0,0.0
15476000000,4498,15476000000,map,0.23405187553941142,0.09716735768043466,-0.06612639581414631,0.0,0.0,0.0,0.0
15477000000,4499,15477000000,map,0.045282903200449975,0.05451542059206432,0.10317962627777633,0.0,0.0,0.0,0.0
15479000000,4500,15479000000,map,0.0170919777075052,-0.36584845024062856,-0.06379819283616517,0.0,0.0,0.0,0.0
15482000000,4501,15482000000,map,0.27787345039222766,0.06073191512149084,-0.31735096859356776,0.0,0.0,0.0,0.0
15483000000,4502,15483000000,map,-0.12767074350778723,0.2925859178116007,-0.24372268802274663,0.0,0.0,0.0,0.0
15486000000,4503,15486000000,map,-0.08884770582603457,-0.005578614856107111,-0.27275196349735387,0.0,0.0,0.0,0.0
15487000000,4504,15487000000,map,-0.25526143454217587,0.37035166469575664,-0.03912707366942447,0.0,0.0,0.0,0.0
15489000000,4505,15489000000,map,-0.29213764306083023,-0.14354066024680057,0.19238319579092034,0.0,0.0,0.0,0.0
15491000000,4506,15491000000,map,-0.233775766078582,-0.14109099140521603,-0.32052402944347347,0.0,0.0,0.0,0.0
15493000000,4507,15493000000,map,-0.3401150836331891,0.12294293497671582,0.11406394145087395,0.0,0.0,0.0,0.0
15495000000,4508,15495000000,map,-0.19156804841783753,0.05035333761333288,-0.25661016648292867,0.0,0.0,0.0,0.0
15498000000,4509,15497000000,map,0.059879698918274216,-0.34398965280632465,-0.2539660312205857,0.0,0.0,0.0,0.0
15500000000,4510,15499000000,map,0.06391405491371493,0.13997766315500004,-0.21470388118390082,0.0,0.0,0.0,0.0
15501000000,4511,15501000000,map,-0.38263503534287974,0.14028867429005032,0.39586172343426174,0.0,0.0,0.0,0.0
15504000000,4512,15503000000,map,0.09388148887493208,-0.33445012604136826,-0.3484114663865686,0.0,0.0,0.0,0.0
15506000000,4513,15505000000,map,0.06539016288710303,0.3022180343138354,0.37945361531671773,0.0,0.0,0.0,0.0
15507000000,4514,15507000000,map,-0.3253097085839598,-0.3775476469439088,-0.2749034938623589,0.0,0.0,0.0,0.0
15509000000,4515,15509000000,map,0.3871476879975807,-0.18924694214766996,0.05615028909594244,0.0,0.0,0.0,0.0
15511000000,4516,15511000000,map,-0.24171887027526365,0.25614802907085366,0.06708357059298053,0.0,0.0,0.0,0.0
15514000000,4517,15513000000,map,0.07521781933615745,0.2152637749464129,0.03245674570635371,0.0,0.0,0.0,0.0
15515000000,4518,15515000000,map,-0.3196327658175394,-0.14201433623599174,0.20965313410431485,0.0,0.0,0.0,0.0
15517000000,4519,15517000000,map,-0.3630857218525559,-0.06150549842472036,-0.058322540824345015,0.0,0.0,0.0,0.0
15519000000,4520,15519000000,map,0.1795144787532299,-0.3058575637566455,-0.24280923307613167,0.0,0.0,0.0,0.0
15521000000,4521,15521000000,map,0.244208746966741,-0.18112182448481426,-0.10315241307814155,0.0,0.0,0.0,0.0
15523000000,4522,15523000000,map,0.10803541177203857,-0.3291315489362632,0.12358338040448569,0.0,0.0,0.0,0.0
15525000000,4523,15525000000,map,0.18343322603137302,-0.25236166171057817,-0.009547084866056932,0.0,0.0,0.0,0.0
15527000000,4524,15527000000,map,-0.08093312338601377,0.38139281479927956,0.023192921856451332,0.0,0.0,0.0,0.0
15529000000,4525,15529000000,map,-0.33880993659696024,0.020962880407454976,0.21759166179923228,0.0,0.0,0.0,0.0
15531000000,4526,15531000000,map,0.10097292278246761,0.32293565773619715,-0.39269333964046577,0.0,0.0,0.0,0.0
15533000000,4527,15533000000,map,0.38981538410646976,-0.18137173378750374,-0.10013859676705567,0.0,0.0,0.0,0.0
15536000000,4528,15535000000,map,0.19445379324267464,0.3897847228066814,0.16554258575517566,0.0,0.0,0.0,0.0
15537000000,4529,15537000000,map,0.17797425549488843,-0.28220290439970896,-0.385807243597953,0.0,0.0,0.0,0.0
15540000000,4530,15539000000,map,-0.3791357850806137,-0.351160880144591,0.3668482410398485,0.0,0.0,0.0,0.0
15541000000,4531,15541000000,map,0.0997485246116917,0.30196953239118174,0.2538330135520862,0.0,0.0,0.0,0.0
15544000000,4532,15543000000,map,0.3405975247797721,-0.2843689533219528,0.22789178998315973,0.0,0.0,0.0,0.0
15545000000,4533,15545000000,map,0.055552899954911805,0.01725475115960584,-0.17098864672712588,0.0,0.0,0.0,0.0
15548000000,4534,15548000000,map,0.11715684427046014,0.06946994567273468,-0.1039661539602722,0.0,0.0,0.0,0.0
15550000000,4535,15549000000,map,0.3863156999806401,0.14848762603074017,0.01236967407220757,0.0,0.0,0.0,0.0
15551000000,4536,15551000000,map,0.300885736081529,-0.09340607530979034,-0.32625119880126346,0.0,0.0,0.0,0.0
15553000000,4537,15553000000,map,0.01966662305390854,-0.23710856563396557,0.011606958274701984,0.0,0.0,0.0,0.0
15556000000,4538,15555000000,map,0.28216762618644176,0.31382725969245073,0.02803881327079455,0.0,0.0,0.0,0.0
15557000000,4539,15557000000,map,0.2074339193494078,0.14603679853663531,-0.21718228961777805,0.0,0.0,0.0,0.0
15560000000,4540,15559000000,map,-0.1948583196755206,-0.04270274357368692,-0.14257202211112813,0.0,0.0,0.0,0.0
15561000000,4541,15561000000,map,-0.2958760208414756,-0.3190838021506962,0.18495042945167328,0.0,0.0,0.0,0.0
15563000000,4542,15563000000,map,-0.06071722384195288,0.2116381094900237,0.3514056770670536,0.0,0.0,0.0,0.0
15565000000,4543,15565000000,map,-0.07711513935934428,0.0886491310519566,-0.28196555031530923,0.0,0.0,0.0,0.0
15567000000,4544,15567000000,map,0.05915894318764747,0.2158729849780564,0.2788011074473844,0.0,0.0,0.0,0.0
15569000000,4545,15569000000,map,-0.137944585980129,0.3184060562357036,0.27909315944943724,0.0,0.0,0.0,0.0
15571000000,4546,15571000000,map,0.23912597132432634,0.00463261367752843,0.025998392253133773,0.0,0.0,0.0,0.0
15573000000,4547,15573000000,map,0.19625988332482647,-0.34152343608768243,0.2641887172384946,0.0,0.0,0.0,0.0
15575000000,4548,15575000000,map,-0.19663130729374212,0.09659981747986873,-0.0202863214798204,0.0,0.0,0.0,0.0
15577000000,4549,15577000000,map,0.09837013599814598,-0.2542135609116032,0.14033466426267116,0.0,0.0,0.0,0.0
15579000000,4550,15579000000,map,0.3065035692141712,0.24302135199824515,0.35518444364426915,0.0,0.0,0.0,0.0
15581000000,4551,15581000000,map,-0.29496719196117416,-0.17635723141933748,0.03181877308624015,0.0,0.0,0.0,0.0
15583000000,4552,15583000000,map,-0.39965688302787233,0.09930349897650298,0.23518902860780677,0.0,0.0,0.0,0.0
15585000000,4553,15585000000,map,0.3883194464346875,0.35729542959288496,0.06352443511067263,0.0,0.0,0.0,0.0
15587000000,4554,15587000000,map,0.11372558616443029,-0.006079146901506738,0.089540952442694,0.0,0.0,0.0,0.0
15589000000,4555,15589000000,map,-0.3618370002914374,-0.2959530210629961,-0.3365840418409592,0.0,0.0,0.0,0.0
15591000000,4556,15591000000,map,0.34023246235737814,-0.3377330450563232,-0.2372710875563674,0.0,0.0,0.0,0.0
15593000000,4557,15593000000,map,-0.2967893641027085,0.20075667150630794,-0.24328104482358093,0.0,0.0,0.0,0.0
15595000000,4558,15595000000,map,-0.07204288512499174,0.20412730179322025,-0.10798801836755467,0.0,0.0,0.0,0.0
15597000000,4559,15597000000,map,-0.005642117129739221,0.2148859332492037,0.29294110303431753,0.0,0.0,0.0,0.0
15599000000,4560,15599000000,map,-0.04711966993090011,-0.2541980188874141,0.1522041062953854,0.0,0.0,0.0,0.0
15601000000,4561,15601000000,map,-0.37615360890749866,-0.17344133397481198,-0.15113673781565717,0.0,0.0,0.0,0.0
15603000000,4562,15603000000,map,0.08972823929472024,-0.3225445419169994,-0.3504909343306097,0.0,0.0,0.0,0.0
15605000000,4563,15605000000,map,-0.38313840443495856,0.293747511741436,-0.2091599524809461,0.0,0.0,0.0,0.0
15607000000,4564,15607000000,map,0.23151813769676577,0.05669472450328711,0.39172909935295475,0.0,0.0,0.0,0.0
15610000000,4565,15610000000,map,0.36830758686860443,0.33947942343531623,-0.19764619756811466,0.0,0.0,0.0,0.0
15611000000,4566,15611000000,map,0.12531453583148067,0.010708973442357828,-0.30023804685469624,0.0,0.0,0.0,0.0
15613000000,4567,15613000000,map,0.26441150990886386,-0.3901638510846621,0.009282852439093436,0.0,0.0,0.0,0.0
15615000000,4568,15615000000,map,-0.23308516681223052,0.17648484855620283,0.3808748145663938,0.0,0.0,0.0,0.0
15617000000,4569,15617000000,map,0.12000092398412732,-0.28905282974306196,0.3100165697602064,0.0,0.0,0.0,0.0
15619000000,4570,15619000000,map,0.30727281982841015,-0.31417671299181127,0.12437285770934292,0.0,0.0,0.0,0.0
15621000000,4571,15621000000,map,-0.35271500415805607,-0.09758015390110891,0.02851090405008322,0.0,0.0,0.0,0.0
15623000000,4572,15623000000,map,-0.3145838004812996,0.30583280730029216,0.028684743299659032,0.0,0.0,0.0,0.0
15625000000,4573,15625000000,map,0.16251170498593237,0.12781412189151486,-0.37051409111176486,0.0,0.0,0.0,0.0
15627000000,4574,15627000000,map,-0.06887384557081627,-0.397119516660801,0.26839599939244385,0.0,0.0,0.0,0.0
15629000000,4575,15629000000,map,0.3894288463055452,0.26222920286979057,0.2636018595879216,0.0,0.0,0.0,0.0
15631000000,4576,15631000000,map,-0.0271533411506808,-0.3601165523363039,-0.17273949097884503,0.0,0.0,0.0,0.0
15634000000,4577,15634000000,map,-0.3881957878908136,-0.10308188553636649,-0.08153559256888482,0.0,0.0,0.0,0.0
15636000000,4578,15635000000,map,-0.19134547631730406,0.3724259607204118,0.09281286217946416,0.0,0.0,0.0,0.0
15638000000,4579,15638000000,map,0.21279958800989784,0.24515674197920034,-0.03951493321469546,0.0,0.0,0.0,0.0
15640000000,4580,15640000000,map,-0.3152785463033755,-0.021417995105235177,-0.08055048865217196,0.0,0.0,0.0,0.0
15642000000,4581,15641000000,map,0.08109278500953582,-0.23296018436319746,0.27616446825543584,0.0,0.0,0.0,0.0
15643000000,4582,15643000000,map,0.29891302190626823,0.3301705624094251,-0.12875242635517725,0.0,0.0,0.0,0.0
15645000000,4583,15645000000,map,-0.3025753614949382,0.14759514684691988,-0.2557081936028348,0.0,0.0,0.0,0.0
15647000000,4584,15647000000,map,0.17674992462654937,0.09029105255350167,-0.14220715683336932,0.0,0.0,0.0,0.0
15649000000,4585,15649000000,map,-0.1464467464792809,0.2333620439986469,-0.1460095253670488,0.0,0.0,0.0,0.0
15651000000,4586,15651000000,map,0.30692451864952186,0.07988936660495038,0.09093651723429491,0.0,0.0,0.0,0.0
15653000000,4587,15653000000,map,-0.3075338656714201,-0.18766879621552626,-0.3956050697613731,0.0,0.0,0.0,0.0
15655000000,4588,15655000000,map,0.2973482529391499,0.36297846276478274,0.17638430361517599,0.0,0.0,0.0,0.0
15657000000,4589,15657000000,map,-0.2958248803310936,0.27620033948412237,0.0719487646403067,0.0,0.0,0.0,0.0
15659000000,4590,15659000000,map,0.3844364033315648,0.11290977892411624,-0.2462753015599555,0.0,0.0,0.0,0.0
15661000000,4591,15661000000,map,-0.26682457163841566,-0.3559549517445984,-0.127333159891183,0.0,0.0,0.0,0.0
15664000000,4592,15664000000,map,-0.27219102463274414,-0.24836508949681885,0.16214987430331218,0.0,0.0,0.0,0.0
15665000000,4593,15665000000,map,0.0966480726778764,0.3119400546364838,-0.0698476113747239,0.0,0.0,0.0,0.0
15668000000,4594,15667000000,map,-0.2825214495870047,0.33492744541600594,0.1779835163761394,0.0,0.0,0.0,0.0
15670000000,4595,15669000000,map,-0.020923228706028196,-0.10440983437327128,-0.3358721401733626,0.0,0.0,0.0,0.0
15671000000,4596,15671000000,map,-0.32477622116112187,0.12462713890525934,-0.1443178836990805,0.0,0.0,0.0,0.0
15674000000,4597,15674000000,map,0.17267251662955674,-0.06648881140523155,0.1643397002656546,0.0,0.0,0.0,0.0
15676000000,4598,15675000000,map,0.0649458479984582,0.3789024148967848,0.10091887918009546,0.0,0.0,0.0,0.0
15678000000,4599,15678000000,map,-0.17603180586158962,0.29189843205859267,-0.21092942162720216,0.0,0.0,0.0,0.0
15680000000,4600,15680000000,map,0.05757066815453643,0.16149049983414077,0.16380571723023474,0.0,0.0,0.0,0.0
15682000000,4601,15682000000,map,-0.1759204905064521,-0.23962988000031876,0.26794043135689216,0.0,0.0,0.0,0.0
15683000000,4602,15683000000,map,0.03716781047921369,0.3142565432353661,-0.08831655872827787,0.0,0.0,0.0,0.0
15686000000,4603,15685000000,map,-0.19442646718384526,0.004969228442097129,0.23209061594131597,0.0,0.0,0.0,0.0
15687000000,4604,15687000000,map,-0.066715854510911,0.12210189852735254,-0.23003132187214814,0.0,0.0,0.0,0.0
15689000000,4605,15689000000,map,0.034314378921998845,-0.25638459484644116,-0.37681569048333347,0.0,0.0,0.0,0.0
15692000000,4606,15691000000,map,0.0016025455483920092,-0.2576745556361424,0.2396729361543336,0.0,0.0,0.0,0.0
15694000000,4607,15694000000,map,-0.24522993548143499,-0.33595708696491405,0.008322917915766226,0.0,0.0,0.0,0.0
15695000000,4608,15695000000,map,0.12772889459071535,-0.2574446157964758,0.3147072589285662,0.0,0.0,0.0,0.0
15697000000,4609,15697000000,map,-0.33144351644243064,-0.022744698043671574,0.3146362206537363,0.0,0.0,0.0,0.0
15700000000,4610,15700000000,map,-0.3755315334150892,0.3385967142474321,0.35105077597878054,0.0,0.0,0.0,0.0
15702000000,4611,15702000000,map,0.29794864021817036,-0.3153475412652269,0.3847599794523463,0.0,0.0,0.0,0.0
15704000000,4612,15703000000,map,0.2855281270169898,-0.016278265018370264,0.11796920131673228,0.0,0.0,0.0,0.0
15706000000,4613,15706000000,map,-0.13921944391702706,0.29353778908354344,-0.23298380220994586,0.0,0.0,0.0,0.0
15708000000,4614,15708000000,map,0.355178126824094,-0.21398513507174194,0.24443255007510356,0.0,0.0,0.0,0.0
15710000000,4615,15710000000,map,0.3952877865458978,0.26364956949968554,0.10271779619790677,0.0,0.0,0.0,0.0
15712000000,4616,15712000000,map,0.08482355557914467,-0.05463456710248321,-0.3851793658704522,0.0,0.0,0.0,0.0
15714000000,4617,15714000000,map,0.18545458949650184,-0.22788621232888462,0.14275298410545934,0.0,0.0,0.0,0.0
15716000000,4618,15716000000,map,-0.36257673894551934,0.020715288521378716,-0.07750440029142053,0.0,0.0,0.0,0.0
15718000000,4619,15717000000,map,0.2792514186380941,0.08166976677722415,0.1405543980720999,0.0,0.0,0.0,0.0
15720000000,4620,15719000000,map,0.0018704027806950019,-0.30136582088923336,0.3872028128199545,0.0,0.0,0.0,0.0
15722000000,4621,15722000000,map,0.013912844790709866,0.12202774393278049,-0.19854187394936218,0.0,0.0,0.0,0.0
15724000000,4622,15724000000,map,0.25338470375584476,-0.3885118748745582,0.368055067550338,0.0,0.0,0.0,0.0
15726000000,4623,15726000000,map,0.09596272190746957,-0.12112519152975154,0.24021858542438712,0.0,0.0,0.0,0.0
15728000000,4624,15728000000,map,0.1635082168806411,0.2728639501281962,-0.007698592996440379,0.0,0.0,0.0,0.0
15730000000,4625,15729000000,map,0.04778341978517747,-0.17665577263888077,-0.2821947095936595,0.0,0.0,0.0,0.0
15732000000,4626,15732000000,map,-0.16070372939111033,-0.3619961667977469,0.07619983774274114,0.0,0.0,0.0,0.0
15734000000,4627,15733000000,map,0.39766112435406153,-0.23808273947743572,-0.2949053209944255,0.0,0.0,0.0,0.0
15735000000,4628,15735000000,map,-0.375888591020308,0.19615804544972038,-0.06322733651091828,0.0,0.0,0.0,0.0
15738000000,4629,15738000000,map,0.003929114507783271,-0.22117807419146723,-0.34622835296655197,0.0,0.0,0.0,0.0
15739000000,4630,15739000000,map,0.02580943785708445,-0.058651385044247495,-0.35023329449858887,0.0,0.0,0.0,0.0
15741000000,4631,15741000000,map,0.12543418610120993,0.2818131667787299,-0.2841073487059284,0.0,0.0,0.0,0.0
15743000000,4632,15743000000,map,0.333028104295923,-0.03219696866163824,-0.0629318452676812,0.0,0.0,0.0,0.0
15745000000,4633,15745000000,map,-0.07485103726195075,-0.26238505202462603,-0.2716475374442916,0.0,0.0,0.0,0.0
15748000000,4634,15748000000,map,0.05122464972968599,0.31034397745173825,-0.13526948649566323,0.0,0.0,0.0,0.0
15750000000,4635,15750000000,map,0.16531734932129438,-0.29316909112406886,-0.010214296007667323,0.0,0.0,0.0,0.0
15751000000,4636,15751000000,map,-0.1942276436530547,0.34262131294108544,0.28202973322157354,0.0,0.0,0.0,0.0
15754000000,4637,15754000000,map,-0.015522899405698953,-0.3463600392076647,0.1275771515460633,0.0,0.0,0.0,0.0
15755000000,4638,15755000000,map,-0.20167004977275932,0.2724756834732015,-0.11679700713030594,0.0,0.0,0.0,0.0
15757000000,4639,15757000000,map,-0.29634710324306657,0.3217457851283817,-0.37333828464832347,0.0,0.0,0.0,0.0
15759000000,4640,15759000000,map,-0.3882781840388339,-0.1798193417725601,0.3153951468122316,0.0,0.0,0.0,0.0
15761000000,4641,15761000000,map,0.3444713861302787,-0.32091037298508096,-0.3543488753021845,0.0,0.0,0.0,0.0
15763000000,4642,15763000000,map,0.0671185460370105,0.2391635273053726,-0.3198569223966311,0.0,0.0,0.0,0.0
15765000000,4643,15765000000,map,0.15354602549900942,-0.2729864589659752,-0.06034719306330161,0.0,0.0,0.0,0.0
15767000000,4644,15767000000,map,-0.16136731812931115,-0.2967867065844918,0.03469856507333996,0.0,0.0,0.0,0.0
15769000000,4645,15769000000,map,-0.12619548497090122,-0.2651191269516167,0.08641334447050852,0.0,0.0,0.0,0.0
15771000000,4646,15771000000,map,0.3907508686075557,-0.18620353511644305,0.000528551421157597,0.0,0.0,0.0,0.0
15773000000,4647,15773000000,map,-0.19004222642777183,-0.24800042614296025,0.01683158812244956,0.0,0.0,0.0,0.0
15775000000,4648,15775000000,map,-0.3926036231587421,-0.1426185184463054,-0.26623667877221635,0.0,0.0,0.0,0.0
15777000000,4649,15777000000,map,-0.24357099126960713,-0.3405447472203683,0.3619473384555234,0.0,0.0,0.0,0.0
15780000000,4650,15780000000,map,-0.0430863077807947,-0.21996784460977412,0.344905247833204,0.0,0.0,0.0,0.0
15781000000,4651,15781000000,map,0.026166811520868305,0.10046052363432634,-0.14871324459417823,0.0,0.0,0.0,0.0
15783000000,4652,15783000000,map,-0.12307871220183131,0.04159384656163995,0.20308651997032556,0.0,0.0,0.0,0.0
15786000000,4653,15786000000,map,0.09687975437696306,0.35001077940945446,-0.06380087097921194,0.0,0.0,0.0,0.0
15788000000,4654,15788000000,map,-0.3521355884733159,-0.06914532022567882,0.2844239637210192,0.0,0.0,0.0,0.0
15790000000,4655,15790000000,map,0.3650319222860595,-0.3335021790370393,-0.37985689212772733,0.0,0.0,0.0,0.0
15792000000,4656,15792000000,map,-0.2858650561008805,0.09229917836368101,0.05162788575897326,0.0,0.0,0.0,0.0
15794000000,4657,15794000000,map,0.18859513160820163,-0.22979516445428413,-0.13482925272288065,0.0,0.0,0.0,0.0
15796000000,4658,15796000000,map,0.25389125453945194,-0.06498561349087628,0.035115769284944975,0.0,0.0,0.0,0.0
15798000000,4659,15798000000,map,-0.0050020857645359795,0.018878069711576462,0.3182400244045226,0.0,0.0,0.0,0.0
15800000000,4660,15800000000,map,-0.35188774843017445,-0.36512767156262205,0.2278181918957103,0.0,0.0,0.0,0.0
15802000000,4661,15802000000,map,0.3380792375212288,0.07089659664737125,0.08810190172594518,0.0,0.0,0.0,0.0
15804000000,4662,15804000000,map,0.2213020589622453,-0.39226706006477174,0.12906625183394327,0.0,0.0,0.0,0.0
15806000000,4663,15806000000,map,-0.008587390710795062,0.16206587370048575,-0.03825997950565113,0.0,0.0,0.0,0.0
15808000000,4664,15808000000,map,0.21852392775396678,-0.008071263359222758,-0.21657294898608298,0.0,0.0,0.0,0.0
15810000000,4665,15810000000,map,-0.06902525443276436,0.0902733208576505,0.07127357824015162,0.0,0.0,0.0,0.0
15812000000,4666,15812000000,map,0.29271781652859286,0.00955542232609874,-0.0026174973494623166,0.0,0.0,0.0,0.0
15814000000,4667,15814000000,map,0.13081728388055291,0.2781294389559492,-0.14620387398540474,0.0,0.0,0.0,0.0
15816000000,4668,15816000000,map,-0.12052964847908337,0.17254930514912514,0.02086909947697746,0.0,0.0,0.0,0.0
15818000000,4669,15818000000,map,-0.28555509327952777,-0.05172772249442181,-0.3164199996510498,0.0,0.0,0.0,0.0
15820000000,4670,15820000000,map,-0.14771543780171204,0.0886577209517232,-0.03802518752910211,0.0,0.0,0.0,0.0
15822000000,4671,15822000000,map,-0.2594553528370691,-0.379663127656086,-0.20413175663857996,0.0,0.0,0.0,0.0
15823000000,4672,15823000000,map,0.20049690692488686,-0.23675284248639117,-0.015531574718080421,0.0,0.0,0.0,0.0
15826000000,4673,15826000000,map,-0.16572876580642296,0.15182700960492357,-0.13796050873423765,0.0,0.0,0.0,0.0
15828000000,4674,15828000000,map,-0.22811871726719032,-0.011446044966273772,-0.33725010623643525,0.0,0.0,0.0,0.0
15830000000,4675,15830000000,map,-0.28434596872534074,-0.33165407841447236,0.24748088220314102,0.0,0.0,0.0,0.0
15831000000,4676,15831000000,map,-0.2917708813025146,0.3205599052839092,0.24071332847419424,0.0,0.0,0.0,0.0
15833000000,4677,15833000000,map,0.19378211253752697,0.13569736715559744,0.3883130697545699,0.0,0.0,0.0,0.0
15835000000,4678,15835000000,map,-0.2770462386024789,-0.2962279892122863,0.2425476483502419,0.0,0.0,0.0,0.0
15837000000,4679,15837000000,map,-0.28913479645396584,-0.2469276743938394,-0.11856176661705065,0.0,0.0,0.0,0.0
15840000000,4680,15840000000,map,-0.04606201441490171,0.2167511913960064,-0.15516798794348063,0.0,0.0,0.0,0.0
15842000000,4681,15842000000,map,-0.06677074261134253,-0.22755271224215903,0.10375052153912212,0.0,0.0,0.0,0.0
15844000000,4682,15844000000,map,-0.27902686994091697,-0.020847161083156984,-0.3794641856957254,0.0,0.0,0.0,0.0
15846000000,4683,15846000000,map,-0.29320169733342416,-0.28095055895494514,0.10017928872977888,0.0,0.0,0.0,0.0
15847000000,4684,15847000000,map,-0.03992822747323682,0.009023112698741176,0.048018374183728785,0.0,0.0,0.0,0.0
15849000000,4685,15849000000,map,-0.3004228854088416,0.33770687651303966,0.2679534008245593,0.0,0.0,0.0,0.0
15851000000,4686,15851000000,map,-0.3557028110980389,0.28838464327860824,0.35683421001450133,0.0,0.0,0.0,0.0
15853000000,4687,15853000000,map,-0.1935145056109141,-0.2536499442072947,0.12230334656453246,0.0,0.0,0.0,0.0
15856000000,4688,15856000000,map,0.3949290686545649,-0.13464825417541093,-0.35511723791594857,0.0,0.0,0.0,0.0
15858000000,4689,15858000000,map,-0.09954897965122195,0.11602026261912801,0.09374664599155763,0.0,0.0,0.0,0.0
15860000000,4690,15860000000,map,0.2345432334268841,-0.3175674398117042,-0.39985436108748823,0.0,0.0,0.0,0.0
15861000000,4691,15861000000,map,-0.12005107761597755,0.1312021009009755,0.376415648820814,0.0,0.0,0.0,0.0
15863000000,4692,15863000000,map,-0.2623166507834211,0.1653426043795564,0.17035382899434703,0.0,0.0,0.0,0.0
15865000000,4693,15865000000,map,0.24089427116778261,0.02085188572553276,-0.37704758212974404,0.0,0.0,0.0,0.0
15867000000,4694,15867000000,map,-0.08535874472138072,0.35459177506294615,-0.23435879086724798,0.0,0.0,0.0,0.0
15869000000,4695,15869000000,map,-0.203126943890407,-0.17759438915553868,0.3689102215737248,0.0,0.0,0.0,0.0
15871000000,4696,15871000000,map,0.027386638545505715,0.09159987302930317,0.10749085830826055,0.0,0.0,0.0,0.0
15873000000,4697,15873000000,map,0.29796843167515585,-0.027470213057086357,-0.33602948597738147,0.0,0.0,0.0,0.0
15875000000,4698,15875000000,map,0.15225504974161086,-0.11187733131468619,0.1747546907630435,0.0,0.0,0.0,0.0
15877000000,4699,15877000000,map,0.21756046585010003,0.10666985220847103,-0.3706595182052363,0.0,0.0,0.0,0.0
15880000000,4700,15880000000,map,0.08687999430195859,0.18429592507898263,-0.3704856511033552,0.0,0.0,0.0,0.0
15882000000,4701,15882000000,map,-0.3530191067496338,0.3916883018682915,-0.15036614977364252,0.0,0.0,0.0,0.0
15884000000,4702,15884000000,map,-0.19491585008754997,-0.19596581599075674,0.17367350414028282,0.0,0.0,0.0,0.0
15886000000,4703,15886000000,map,-0.07875983756486055,-0.2543114040174651,-0.31919893728780036,0.0,0.0,0.0,0.0
15888000000,4704,15888000000,map,0.09440425645564499,-0.2499663225830463,-0.21291527945482666,0.0,0.0,0.0,0.0
15890000000,4705,15889000000,map,0.19243710654693635,0.36134232103988473,-0.010534131773552224,0.0,0.0,0.0,0.0
15891000000,4706,15891000000,map,-0.14404112615574727,0.1843342433036843,-0.19341962460949996,0.0,0.0,0.0,0.0
15893000000,4707,15893000000,map,0.2332887598841289,0.16530600331679524,-0.2771840481041174,0.0,0.0,0.0,0.0
15895000000,4708,15895000000,map,0.23136509556734142,0.0612281673989995,-0.06276867735624853,0.0,0.0,0.0,0.0
15897000000,4709,15897000000,map,0.2976911514608367,-0.2838772115016683,-0.29170375108190383,0.0,0.0,0.0,0.0
15899000000,4710,15899000000,map,0.24718940096959885,0.2881450391376631,-0.05231927941335551,0.0,0.0,0.0,0.0
15901000000,4711,15901000000,map,-0.3549420108042067,-0.06121926995862054,-0.05017823086176432,0.0,0.0,0.0,0.0
15903000000,4712,15903000000,map,-0.15984825782938447,0.2605148024991666,-0.33933293732479497,0.0,0.0,0.0,0.0
15905000000,4713,15905000000,map,0.06385864404548841,0.1022345928725461,-0.07052145469171733,0.0,0.0,0.0,0.0
15907000000,4714,15907000000,map,-0.3542024061611196,-0.29364295643633886,0.2826983955880731,0.0,0.0,0.0,0.0
15910000000,4715,15910000000,map,0.18851252721306444,0.11266199748176864,0.3444247615275565,0.0,0.0,0.0,0.0
15912000000,4716,15911000000,map,-0.13242375003760076,-0.13455445747532602,0.0810892967024624,0.0,0.0,0.0,0.0
15915000000,4717,15914000000,map,-0.3953420094931979,0.33294500739157284,-0.3433763004525434,0.0,0.0,0.0,0.0
15917000000,4718,15917000000,map,0.28423977235745224,-0.22072099147464855,-0.3807800317275595,0.0,0.0,0.0,0.0
15919000000,4719,15919000000,map,-0.29363111651840157,-0.2643343869943766,0.38190030160601296,0.0,0.0,0.0,0.0
15921000000,4720,15921000000,map,-0.19788199245370094,-0.37534851842921924,-0.09424841776738713,0.0,0.0,0.0,0.0
15923000000,4721,15923000000,map,0.27344629285821676,-0.17156730544615326,-0.19967305634721308,0.0,0.0,0.0,0.0
15925000000,4722,15925000000,map,-0.28514727054098593,0.0076869683369190644,0.2797895574092072,0.0,0.0,0.0,0.0
15927000000,4723,15927000000,map,0.046467420431772044,0.11928563337039733,-0.06855270218199583,0.0,0.0,0.0,0.0
15929000000,4724,15929000000,map,0.0347833890640481,-0.06402328102334182,-0.38888230019948206,0.0,0.0,0.0,0.0
15930000000,4725,15930000000,map,-0.10749503854157633,0.05567053708294206,-0.12064278066477274,0.0,0.0,0.0,0.0
15931000000,4726,15931000000,map,0.12726190524113867,-0.22599618055644866,-0.03232531296072183,0.0,0.0,0.0,0.0
15934000000,4727,15933000000,map,0.11625520228937536,-0.03798340376262971,-0.37518905169740924,0.0,0.0,0.0,0.0
15935000000,4728,15935000000,map,-0.03407898278172,0.1087285199994692,0.0430120828329672,0.0,0.0,0.0,0.0
15937000000,4729,15937000000,map,-0.337760401000998,-0.2850907344274047,-0.2678276048485606,0.0,0.0,0.0,0.0
15939000000,4730,15939000000,map,0.39491345948202095,0.10206485325262216,-0.14155032071145257,0.0,0.0,0.0,0.0
15941000000,4731,15941000000,map,0.1453859256493487,0.2606363704693634,-0.206597546520699,0.0,0.0,0.0,0.0
15943000000,4732,15943000000,map,-0.055610544643432736,0.09239409461726522,-0.3987105473880274,0.0,0.0,0.0,0.0
15946000000,4733,15946000000,map,0.17218453217194152,-0.29225386854155233,0.37847826615069347,0.0,0.0,0.0,0.0
15947000000,4734,15947000000,map,-0.24024586744963655,-0.000851609184702784,-0.309413824277104,0.0,0.0,0.0,0.0
15950000000,4735,15950000000,map,0.025704664213532458,0.051807414043695765,0.1291477165816407,0.0,0.0,0.0,0.0
15951000000,4736,15951000000,map,0.030707502438485967,-0.22643435038929535,-0.39755923617889893,0.0,0.0,0.0,0.0
15954000000,4737,15954000000,map,0.062041569223899196,-0.24522333049494227,0.3679324040944809,0.0,0.0,0.0,0.0
15956000000,4738,15956000000,map,-0.36592604215450736,0.30782312637915865,0.2945696437504738,0.0,0.0,0.0,0.0
15958000000,4739,15958000000,map,-0.08581446898546236,0.39488254360110986,-0.07658823830199746,0.0,0.0,0.0,0.0
15959000000,4740,15959000000,map,-0.3587055551262939,-0.14598780662757155,-0.23837164442640607,0.0,0.0,0.0,0.0
15961000000,4741,15961000000,map,0.025038061811748613,-0.1082499864389504,-0.3873409460411482,0.0,0.0,0.0,0.0
15964000000,4742,15963000000,map,-0.06955829192115826,-0.1848899637833209,0.13805726524559125,0.0,0.0,0.0,0.0
15966000000,4743,15966000000,map,0.34824674680087087,0.1372051515261582,0.1603357902919209,0.0,0.0,0.0,0.0
15967000000,4744,15967000000,map,-0.12926186956381897,-0.3913322605994862,-0.012019934049676273,0.0,0.0,0.0,0.0
15969000000,4745,15969000000,map,-0.21661387545430008,-0.06923044266752054,-0.2112766976378449,0.0,0.0,0.0,0.0
15972000000,4746,15972000000,map,-0.39770107336549504,0.1585020517242136,-0.3181365921675868,0.0,0.0,0.0,0.0
15974000000,4747,15974000000,map,0.08177320592306947,-0.17850545425002934,-0.12521899637428796,0.0,0.0,0.0,0.0
15976000000,4748,15976000000,map,0.22643371797894907,0.16245191735475195,0.12054019515230452,0.0,0.0,0.0,0.0
15978000000,4749,15978000000,map,-0.0755040855656729,0.1257339554189214,0.04072755681583751,0.0,0.0,0.0,0.0
15980000000,4750,15980000000,map,0.19959644776892305,-0.06177149185473041,-0.08611387598948733,0.0,0.0,0.0,0.0
15982000000,4751,15982000000,map,0.09222740813749003,0.2278830027528408,0.1831709021173723,0.0,0.0,0.0,0.0
15984000000,4752,15984000000,map,-0.24025698625111472,-0.3415366971118934,-0.1398442931807769,0.0,0.0,0.0,0.0
15986000000,4753,15986000000,map,-0.292800306527262,-0.10306778640042319,-0.21393970472351886,0.0,0.0,0.0,0.0
15988000000,4754,15988000000,map,-0.3431182917201282,0.07041599773154428,-0.39293354859140567,0.0,0.0,0.0,0.0
15990000000,4755,15990000000,map,-0.05021997557212726,-0.28096397640756665,-0.3995341277370509,0.0,0.0,0.0,0.0
15992000000,4756,15992000000,map,-0.16204549983981603,-0.05267132411359421,0.03524259078069292,0.0,0.0,0.0,0.0
15993000000,4757,15993000000,map,0.055840880972109264,0.030319097126661476,-0.1792760107839711,0.0,0.0,0.0,0.0
15995000000,4758,15995000000,map,0.33779929056393276,-0.3776983311113606,-0.28682578005750625,0.0,0.0,0.0,0.0
15997000000,4759,15997000000,map,0.3826056660155799,-0.21608391394217571,-0.04041105344521756,0.0,0.0,0.0,0.0
15999000000,4760,15999000000,map,-0.3855299652819959,-0.278083246964532,-0.2725307009981115,0.0,0.0,0.0,0.0
16001000000,4761,16001000000,map,-0.0754128578686924,0.09274063318600778,0.10081469707047996,0.0,0.0,0.0,0.0
16003000000,4762,16003000000,map,-0.19476073314589928,0.17276318296940818,0.32821012149110274,0.0,0.0,0.0,0.0
16005000000,4763,16005000000,map,-0.06547171201148866,0.2540054204008463,0.3235742315283151,0.0,0.0,0.0,0.0
16008000000,4764,16008000000,map,0.21214357252027316,-0.258893583698215,-0.3332401801102267,0.0,0.0,0.0,0.0
16009000000,4765,16009000000,map,-0.14514188762740077,-0.0352618475417007,-0.21371172157376847,0.0,0.0,0.0,0.0
16012000000,4766,16012000000,map,0.10921060947121985,0.0420249481126323,0.05702980870697355,0.0,0.0,0.0,0.0
16014000000,4767,16014000000,map,-0.09171765944491306,0.3239052656733611,0.15132455065576256,0.0,0.0,0.0,0.0
16016000000,4768,16016000000,map,0.09315520452078196,0.040735223773829876,-0.24785508768668457,0.0,0.0,0.0,0.0
16018000000,4769,16018000000,map,0.12577963207144793,-0.18207756709986522,-0.22682978142637433,0.0,0.0,0.0,0.0
16019000000,4770,16019000000,map,-0.37672895751285934,0.08346092716395831,-0.22966899268291374,0.0,0.0,0.0,0.0
16022000000,4771,16021000000,map,-0.357518548260084,-0.09067217447318993,0.36872213681893795,0.0,0.0,0.0,0.0
16024000000,4772,16024000000,map,-0.02022137594362905,0.048897088969936386,-0.39935589037643987,0.0,0.0,0.0,0.0
16026000000,4773,16026000000,map,0.3439708135820747,0.30100380630034884,0.126053207101105,0.0,0.0,0.0,0.0
16028000000,4774,16028000000,map,-0.17349702283144597,0.26094012885264406,-0.13959530450616053,0.0,0.0,0.0,0.0
16030000000,4775,16030000000,map,0.34057365771205816,-0.30919723650891484,-0.3114722363137117,0.0,0.0,0.0,0.0
16032000000,4776,16032000000,map,-0.35646832440309656,0.262416167568164,-0.24877033841525042,0.0,0.0,0.0,0.0
16034000000,4777,16034000000,map,0.16704981585727363,-0.2971593816280822,0.23528901345070186,0.0,0.0,0.0,0.0
16036000000,4778,16036000000,map,0.38036068191960204,-0.1271685112571636,-0.2695945634656733,0.0,0.0,0.0,0.0
16038000000,4779,16038000000,map,-0.07261035857580611,0.09710672114885188,-0.3071534517100484,0.0,0.0,0.0,0.0
16040000000,4780,16040000000,map,-0.36355681973191534,-0.003517436920101258,0.28254479995429027,0.0,0.0,0.0,0.0
16042000000,4781,16042000000,map,0.053726262303595784,0.339250421227299,0.22544498320099515,0.0,0.0,0.0,0.0
16044000000,4782,16043000000,map,-0.057471604581647795,-0.001039722610649274,-0.38276429845108406,0.0,0.0,0.0,0.0
16046000000,4783,16045000000,map,-0.23969986999773468,0.2459532941186664,-0.19326564973679924,0.0,0.0,0.0,0.0
16047000000,4784,16047000000,map,-0.3363751218353891,-0.03284450881933332,0.34535931088216176,0.0,0.0,0.0,0.0
16050000000,4785,16050000000,map,0.09867047975444077,-0.1312617483899413,0.14254373725287173,0.0,0.0,0.0,0.0
16051000000,4786,16051000000,map,0.20765382193553472,-0.07552954423239694,-0.16709833105709754,0.0,0.0,0.0,0.0
16053000000,4787,16053000000,map,-0.23722552016134332,-0.39348640791356665,0.207548007156804,0.0,0.0,0.0,0.0
16056000000,4788,16056000000,map,-0.24246316716835692,-0.17179756003632735,-0.3843476634498988,0.0,0.0,0.0,0.0
16058000000,4789,16057000000,map,-0.33232054636111735,0.17742319757028568,0.09894699715002125,0.0,0.0,0.0,0.0
16060000000,4790,16060000000,map,-0.33648817786445173,-0.08857175487516117,0.03467706075812582,0.0,0.0,0.0,0.0
16061000000,4791,16061000000,map,0.038699011860630794,0.25347072749002286,-0.17950728452368395,0.0,0.0,0.0,0.0
16063000000,4792,16063000000,map,-0.32147014935608054,-0.2621588209439737,-0.39381921896794725,0.0,0.0,0.0,0.0
16065000000,4793,16065000000,map,-0.2601055186555171,0.08724179674919308,-0.33681632103502723,0.0,0.0,0.0,0.0
16067000000,4794,16067000000,map,0.25862803972880555,0.25120491464737016,-0.29212251666017963,0.0,0.0,0.0,0.0
16069000000,4795,16069000000,map,0.06944984763840373,-0.03082710129579369,-0.14133631968073918,0.0,0.0,0.0,0.0
16071000000,4796,16071000000,map,0.1628456407224803,-0.3586225847676373,-0.3104727282118096,0.0,0.0,0.0,0.0
16073000000,4797,16073000000,map,0.2818521213937806,0.06551458076816258,0.06596718133958596,0.0,0.0,0.0,0.0
16075000000,4798,16075000000,map,0.07162507234072912,0.11525718738613011,0.09577890382363946,0.0,0.0,0.0,0.0
16077000000,4799,16077000000,map,0.1242242133410092,0.09904356507116219,-0.22274136088273225,0.0,0.0,0.0,0.0
16079000000,4800,16079000000,map,-0.03200544541470152,0.06429095602921542,-0.3718863294631914,0.0,0.0,0.0,0.0
16081000000,4801,16081000000,map,-0.04715922763181196,-0.2796421352047168,-0.23366632049614314,0.0,0.0,0.0,0.0
16083000000,4802,16083000000,map,0.18799564840461502,0.07225748646849706,0.27641645095117695,0.0,0.0,0.0,0.0
16085000000,4803,16085000000,map,0.14804960687657076,-0.34576080832073425,-0.3809462560873914,0.0,0.0,0.0,0.0
16087000000,4804,16087000000,map,-0.3085907266142171,0.334540553498618,-0.11588752753756915,0.0,0.0,0.0,0.0
16089000000,4805,16089000000,map,-0.22742771874649548,0.383914784443783,-0.2807049940186469,0.0,0.0,0.0,0.0
16091000000,4806,16091000000,map,0.06707826794506311,-0.06175641272286081,0.1758030905587019,0.0,0.0,0.0,0.0
16093000000,4807,16093000000,map,0.3168916222305501,-0.0427858318866679,-0.35095839411295376,0.0,0.0,0.0,0.0
16095000000,4808,16095000000,map,0.2105124923745162,0.1749171466839945,0.2867758944343466,0.0,0.0,0.0,0.0
16097000000,4809,16097000000,map,-0.25860659302564215,0.09554859934317445,-0.08690208423658924,0.0,0.0,0.0,0.0
16099000000,4810,16099000000,map,0.22223509169566114,-0.19188501667774882,0.10557595356284666,0.0,0.0,0.0,0.0
16101000000,4811,16101000000,map,-0.20652189797888487,-0.023583664572804808,0.16506621316881664,0.0,0.0,0.0,0.0
16103000000,4812,16103000000,map,0.24508946661953268,0.13337370490909772,0.33726188230824117,0.0,0.0,0.0,0.0
16105000000,4813,16105000000,map,0.034513211521818854,-0.19648571854927202,-0.37982995273742387,0.0,0.0,0.0,0.0
16107000000,4814,16107000000,map,0.11868432883818159,0.32737629919835864,0.06703192736980157,0.0,0.0,0.0,0.0
16110000000,4815,16110000000,map,-0.23547098738227917,0.3631429502015505,0.30780996991183807,0.0,0.0,0.0,0.0
16111000000,4816,16111000000,map,-0.0310255206607718,0.18694563932119346,-0.20583526865925394,0.0,0.0,0.0,0.0
16113000000,4817,16113000000,map,-0.13204630942416556,-0.3561434242160012,-0.023124825597841403,0.0,0.0,0.0,0.0
16116000000,4818,16116000000,map,-0.27279728048660695,-0.20273954091263496,0.29013014420052907,0.0,0.0,0.0,0.0
16117000000,4819,16117000000,map,-0.30216048845349386,0.16709699259390953,-0.34675520210804067,0.0,0.0,0.0,0.0
16120000000,4820,16119000000,map,0.14274901736977896,0.3575679558590452,0.3048952204580666,0.0,0.0,0.0,0.0
16121000000,4821,16121000000,map,0.29798858734687117,0.31135745683536376,0.28935538619152046,0.0,0.0,0.0,0.0
16123000000,4822,16123000000,map,0.3039091187387083,0.0799665020066967,0.0870993480539905,0.0,0.0,0.0,0.0
16125000000,4823,16125000000,map,-0.3432155253285136,-0.36467675399427085,0.2826240816863247,0.0,0.0,0.0,0.0
16128000000,4824,16128000000,map,0.38656127850565747,-0.24586045503670345,-0.27601719931974894,0.0,0.0,0.0,0.0
16129000000,4825,16129000000,map,0.3623786691449068,0.360958748081054,0.3412111711405822,0.0,0.0,0.0,0.0
16132000000,4826,16131000000,map,-0.2867060010476318,0.0032876431731943545,0.3709967412600542,0.0,0.0,0.0,0.0
16133000000,4827,16133000000,map,0.37138000545948746,-0.23294460343686696,-0.15300363828218627,0.0,0.0,0.0,0.0
16136000000,4828,16136000000,map,-0.04267171042767365,0.037370751834579274,-0.14679648473319412,0.0,0.0,0.0,0.0
16137000000,4829,16137000000,map,-0.24983158386275794,0.2682088975713932,0.01286959067834026,0.0,0.0,0.0,0.0
16139000000,4830,16139000000,map,-0.10599558271769133,-0.1274079938389731,0.22135969622654716,0.0,0.0,0.0,0.0
16141000000,4831,16141000000,map,-0.1937653366233222,-0.29998358567649497,-0.03932062148243076,0.0,0.0,0.0,0.0
16144000000,4832,16144000000,map,-0.25137779688236317,0.12357816230648422,0.3484426135269437,0.0,0.0,0.0,0.0
16145000000,4833,16145000000,map,0.24373976509118367,-0.22064446666795745,0.0641577349076422,0.0,0.0,0.0,0.0
16148000000,4834,16147000000,map,0.1657328547867597,0.06272897473586897,-0.33461034921476807,0.0,0.0,0.0,0.0
16150000000,4835,16150000000,map,-0.3662820121674131,-0.3168936374960974,0.3783724296652853,0.0,0.0,0.0,0.0
16152000000,4836,16151000000,map,-0.2277711960444583,-0.04985582902559449,0.08094942155658041,0.0,0.0,0.0,0.0
16154000000,4837,16154000000,map,-0.22808302137293857,-0.22165318439909598,0.0830610693506898,0.0,0.0,0.0,0.0
16156000000,4838,16156000000,map,0.2360664532636474,0.04423951067177584,-0.3256235973709288,0.0,0.0,0.0,0.0
16157000000,4839,16157000000,map,-0.2676708649493523,-0.31128589513808896,-0.3505876574947122,0.0,0.0,0.0,0.0
16159000000,4840,16159000000,map,-0.21533574703103614,-0.23731857253938143,0.23951423121133364,0.0,0.0,0.0,0.0
16162000000,4841,16161000000,map,0.1777281602365297,0.12494700999671404,0.22135720279162663,0.0,0.0,0.0,0.0
16163000000,4842,16163000000,map,-0.3892109854854551,-0.21548514492899887,-0.3706782062141688,0.0,0.0,0.0,0.0
16165000000,4843,16165000000,map,0.20582479068736836,0.2033976452702888,-0.359353417411668,0.0,0.0,0.0,0.0
16167000000,4844,16167000000,map,0.21645122831658814,-0.3780261879447867,-0.16754233245075234,0.0,0.0,0.0,0.0
16169000000,4845,16169000000,map,0.2111455724721697,-0.16549600056503933,-0.3622605975967764,0.0,0.0,0.0,0.0
16171000000,4846,16171000000,map,0.2975220891742456,0.10239981916181606,-0.14184564044786563,0.0,0.0,0.0,0.0
16173000000,4847,16173000000,map,0.12311452088947306,0.24734389112255062,-0.2729652214936714,0.0,0.0,0.0,0.0
16175000000,4848,16175000000,map,0.11985706426897669,-0.3433461368198617,-0.2810127711121946,0.0,0.0,0.0,0.0
16177000000,4849,16177000000,map,0.13999623331624123,-0.3947313622242501,-0.1467432300039761,0.0,0.0,0.0,0.0
16179000000,4850,16179000000,map,0.1389364892393582,-0.01468424281855285,0.219757125735349,0.0,0.0,0.0,0.0
16181000000,4851,16181000000,map,-0.3755925113321916,-0.09104381045277571,0.06671209566584729,0.0,0.0,0.0,0.0
16183000000,4852,16183000000,map,0.3071286966838679,-0.2475057993977946,-0.012423368747011665,0.0,0.0,0.0,0.0
16185000000,4853,16185000000,map,-0.034806300569735216,0.2340435429701484,0.2340510086640354,0.0,0.0,0.0,0.0
16187000000,4854,16187000000,map,-0.1734526656953352,-0.19676741526816235,0.37931321838524323,0.0,0.0,0.0,0.0
16189000000,4855,16189000000,map,0.22736252443177773,0.12809971670929854,0.32976641518444894,0.0,0.0,0.0,0.0
16191000000,4856,16191000000,map,-0.3471717612129137,0.03746224754047456,-0.28340009522729115,0.0,0.0,0.0,0.0
16193000000,4857,16193000000,map,0.18442512760740581,-0.06371299160452093,0.24025398498535655,0.0,0.0,0.0,0.0
16195000000,4858,16195000000,map,-0.1994778387723026,0.2584494372469116,-0.342121129346605,0.0,0.0,0.0,0.0
16197000000,4859,16197000000,map,-0.06323658554170075,0.04715091216538464,0.036060060339581756,0.0,0.0,0.0,0.0
16199000000,4860,16199000000,map,0.2538025255046752,-0.0006363916802830105,-0.2765595613428428,0.0,0.0,0.0,0.0
16201000000,4861,16201000000,map,-0.008719393763143901,-0.31756812673083384,0.17783598388598043,0.0,0.0,0.0,0.0
16203000000,4862,16203000000,map,-0.2334148669090383,-0.009197383171736628,0.11381605300917363,0.0,0.0,0.0,0.0
16205000000,4863,16205000000,map,0.3545413889374528,-0.05863378177510897,-0.10451876178263936,0.0,0.0,0.0,0.0
16207000000,4864,16207000000,map,0.3480981730931856,-0.196772269767922,0.19030461641394836,0.0,0.0,0.0,0.0
16209000000,4865,16209000000,map,-0.29090926403757644,0.1596324709802387,0.14699603075047762,0.0,0.0,0.0,0.0
16211000000,4866,16211000000,map,0.0973214211819326,-0.09373486666871017,-0.05435129196506877,0.0,0.0,0.0,0.0
16213000000,4867,16213000000,map,-0.34414103437364524,-0.20304175823688986,0.014808209959946417,0.0,0.0,0.0,0.0
16216000000,4868,16216000000,map,-0.033137613170432734,-0.022208807065057568,-0.3699408978331354,0.0,0.0,0.0,0.0
16217000000,4869,16217000000,map,0.17217363696350496,0.06911567379779332,-0.03896619495049458,0.0,0.0,0.0,0.0
16219000000,4870,16219000000,map,0.13388582654345316,-0.3446223413143629,0.0509326943943057,0.0,0.0,0.0,0.0
16221000000,4871,16221000000,map,-0.23440072175537066,-0.15029221830213238,-0.002975603736407706,0.0,0.0,0.0,0.0
16223000000,4872,16223000000,map,0.23446338839796155,-0.24054132280455387,-0.12672548396438565,0.0,0.0,0.0,0.0
16225000000,4873,16225000000,map,0.16901216832930266,-0.06635294146021997,-0.30630846035694187,0.0,0.0,0.0,0.0
16227000000,4874,16227000000,map,0.1835867251421095,0.17616413690869437,0.028645148029130485,0.0,0.0,0.0,0.0
16229000000,4875,16229000000,map,0.38928404576773545,0.23004529137552376,-0.14439352444868042,0.0,0.0,0.0,0.0
16231000000,4876,16231000000,map,-0.3292442079593132,-0.01228469726250847,-0.21005261135192912,0.0,0.0,0.0,0.0
16233000000,4877,16233000000,map,0.20376702165052085,0.09966156681718097,-0.26906870640470887,0.0,0.0,0.0,0.0
16235000000,4878,16235000000,map,0.3655210990920764,0.17784601299058156,0.1909479100824426,0.0,0.0,0.0,0.0
16237000000,4879,16237000000,map,-0.3100039215834574,-0.31967142009806016,0.2341021113034124,0.0,0.0,0.0,0.0
16239000000,4880,16239000000,map,0.10399516165638234,-0.07431198594118349,-0.25063770255801143,0.0,0.0,0.0,0.0
16241000000,4881,16241000000,map,-0.11663432057070161,0.20331172723492386,0.3291738183226033,0.0,0.0,0.0,0.0
16243000000,4882,16243000000,map,-0.22094475175096462,0.08751926176109903,0.3360754210500757,0.0,0.0,0.0,0.0
16245000000,4883,16245000000,map,-0.33742950283794637,0.07165823301359309,-0.3780568828175568,0.0,0.0,0.0,0.0
16247000000,4884,16247000000,map,-0.08314058119839196,-0.3758992615454821,-0.11270682179312047,0.0,0.0,0.0,0.0
16249000000,4885,16249000000,map,-0.23415679152775393,0.07559181710842411,-0.05670152928285266,0.0,0.0,0.0,0.0
16251000000,4886,16251000000,map,0.08624250386304338,0.2563532133709957,-0.16803011583269822,0.0,0.0,0.0,0.0
16253000000,4887,16253000000,map,-0.35192678873926864,0.37055623941914695,-0.17277264969857906,0.0,0.0,0.0,0.0
16255000000,4888,16255000000,map,-0.27868299886192743,-0.2357280188174194,-0.36224183238484037,0.0,0.0,0.0,0.0
16257000000,4889,16257000000,map,0.022735509372807272,-0.15787849128062065,-0.19241166367374954,0.0,0.0,0.0,0.0
16259000000,4890,16259000000,map,-0.07005795064029169,-0.3534890708492704,0.3294644604226965,0.0,0.0,0.0,0.0
16261000000,4891,16261000000,map,-0.1472416178064776,0.10834216417553721,0.28538228772919527,0.0,0.0,0.0,0.0
16264000000,4892,16264000000,map,-0.3544374730770773,0.19931499692323196,-0.11476902426988295,0.0,0.0,0.0,0.0
16266000000,4893,16266000000,map,0.11256315142243101,0.1008345965448808,-0.2385466698970907,0.0,0.0,0.0,0.0
16268000000,4894,16268000000,map,-0.037099327444843566,-0.18484912829502875,0.06977506388227078,0.0,0.0,0.0,0.0
16270000000,4895,16270000000,map,-0.011467192030838458,-0.35026482969875183,0.21498845185158144,0.0,0.0,0.0,0.0
16271000000,4896,16271000000,map,-0.23581644631727444,0.1793424496165782,0.08286825685131732,0.0,0.0,0.0,0.0
16274000000,4897,16273000000,map,-0.051540479759568325,-0.10871422328911923,0.053168583591466145,0.0,0.0,0.0,0.0
16275000000,4898,16275000000,map,-0.34800956332725086,0.13149112432613397,0.15909112341160392,0.0,0.0,0.0,0.0
16278000000,4899,16278000000,map,-0.13185260281880612,-0.21599723096350937,-0.16394498543164526,0.0,0.0,0.0,0.0
16283000000,4900,16280000000,map,-0.27919692504608223,0.16676992686277192,-0.37826242715267255,0.0,0.0,0.0,0.0
16284000000,4901,16284000000,map,-0.12478822059812517,0.3547132952962112,-0.3736538171387205,0.0,0.0,0.0,0.0
16286000000,4902,16286000000,map,-0.004606101919723604,-0.0574809672403126,0.31307439895122924,0.0,0.0,0.0,0.0
16288000000,4903,16288000000,map,0.015451129737531377,-0.362897994459125,-0.027087980148968682,0.0,0.0,0.0,0.0
16290000000,4904,16290000000,map,-0.059052045784251384,-0.3968920039330367,0.14278698941850443,0.0,0.0,0.0,0.0
16291000000,4905,16291000000,map,-0.11579126690211894,-0.1596527380413585,-0.22894110750372526,0.0,0.0,0.0,0.0
16293000000,4906,16293000000,map,0.36122789577111325,-0.05325875152423626,-0.2980942971344711,0.0,0.0,0.0,0.0
16294000000,4907,16294000000,map,0.3395310357917778,0.2947847360040824,-0.09657368098271885,0.0,0.0,0.0,0.0
16295000000,4908,16295000000,map,0.37447681143366673,0.38166017289391296,0.35202338687889145,0.0,0.0,0.0,0.0
16297000000,4909,16297000000,map,-0.03972454903885536,0.027280894436111036,0.06731103218927581,0.0,0.0,0.0,0.0
16300000000,4910,16300000000,map,-0.31276292579008985,0.30959178423447886,-0.18111741784580487,0.0,0.0,0.0,0.0
16302000000,4911,16302000000,map,-0.31856421125378975,0.06853108945573716,-0.03023655747671883,0.0,0.0,0.0,0.0
16304000000,4912,16304000000,map,-0.03907834942414529,0.0901553515761841,-0.2376191699193439,0.0,0.0,0.0,0.0
16305000000,4913,16305000000,map,-0.08677087676713241,-0.15538045908329212,0.2646826461453252,0.0,0.0,0.0,0.0
16307000000,4914,16307000000,map,0.059844801824278204,0.14062232466689195,-0.21994683806129878,0.0,0.0,0.0,0.0
16310000000,4915,16310000000,map,-0.1377461390447356,-0.28825620657083745,0.09365336947784914,0.0,0.0,0.0,0.0
16311000000,4916,16311000000,map,-0.1775698689551938,0.30911158621269264,-0.3562572776574335,0.0,0.0,0.0,0.0
16314000000,4917,16313000000,map,0.38198000839262836,0.06540714285124,-0.0639166483824059,0.0,0.0,0.0,0.0
16316000000,4918,16315000000,map,-0.20064016159292797,0.030468485532807232,-0.0007805186493036187,0.0,0.0,0.0,0.0
16317000000,4919,16317000000,map,-0.19597138692615668,-0.3630116478663094,0.2703852151276892,0.0,0.0,0.0,0.0
16319000000,4920,16319000000,map,-0.11760545128181316,0.07300328155446623,0.3565687494937392,0.0,0.0,0.0,0.0
16321000000,4921,16321000000,map,0.17727960953047006,-0.3310395637920427,-0.16653304189846962,0.0,0.0,0.0,0.0
16323000000,4922,16323000000,map,-0.377885660411118,0.008130357028328039,-0.024818493020020482,0.0,0.0,0.0,0.0
16325000000,4923,16325000000,map,0.3082199954393313,0.3983222325225311,-0.13922526166851473,0.0,0.0,0.0,0.0
16327000000,4924,16327000000,map,-0.39761331520070137,0.12981449648524435,-0.09033011104535349,0.0,0.0,0.0,0.0
16329000000,4925,16329000000,map,0.1131502950056914,0.39566484269280566,0.08774522833725734,0.0,0.0,0.0,0.0
16331000000,4926,16331000000,map,-0.31496387034463197,0.3891910412901697,0.11938060857700639,0.0,0.0,0.0,0.0
16333000000,4927,16333000000,map,-0.17801083892557956,-0.012293545704181175,-0.3632885583117001,0.0,0.0,0.0,0.0
16335000000,4928,16335000000,map,-0.28235692697396936,0.05169050015974708,-0.17545699741650617,0.0,0.0,0.0,0.0
16337000000,4929,16337000000,map,-0.2729932637615762,0.18603900060265866,0.30657394515999614,0.0,0.0,0.0,0.0
16339000000,4930,16339000000,map,-0.011512096644088476,0.3816691878804582,0.39186948569064906,0.0,0.0,0.0,0.0
16341000000,4931,16341000000,map,0.10779203331302567,0.20447921971685612,0.36876966330471106,0.0,0.0,0.0,0.0
16343000000,4932,16343000000,map,-0.038692380916317604,0.07758791566671092,-0.25848747217205537,0.0,0.0,0.0,0.0
16345000000,4933,16345000000,map,0.007896678235197796,0.397069420865514,-0.31559608911105236,0.0,0.0,0.0,0.0
16347000000,4934,16347000000,map,-0.20327988188929427,0.1541465405258592,-0.19631525556015206,0.0,0.0,0.0,0.0
16349000000,4935,16349000000,map,0.21316018326711883,0.2419735587470465,-0.17796065861849686,0.0,0.0,0.0,0.0
16351000000,4936,16351000000,map,0.19326708665847003,0.14753890199530473,-0.26453407466461387,0.0,0.0,0.0,0.0
16353000000,4937,16353000000,map,-0.07875054121999986,-0.21927779185300228,0.21281889818959676,0.0,0.0,0.0,0.0
16355000000,4938,16355000000,map,-0.3654160018636322,-0.29319765702746764,0.14713866463873304,0.0,0.0,0.0,0.0
16357000000,4939,16357000000,map,-0.03624282860832617,0.3122353737677316,-0.36375930183873073,0.0,0.0,0.0,0.0
16359000000,4940,16359000000,map,0.27989490954475715,-0.11006123229425496,-0.300196419782994,0.0,0.0,0.0,0.0
16361000000,4941,16361000000,map,0.2724351889548926,0.247894362437882,0.03591743492005994,0.0,0.0,0.0,0.0
16363000000,4942,16363000000,map,0.3293043043330641,-0.13625609870341776,-0.07981858422371069,0.0,0.0,0.0,0.0
16365000000,4943,16365000000,map,0.3611619522907261,-0.025259043157898287,-0.04199676220985704,0.0,0.0,0.0,0.0
16367000000,4944,16367000000,map,0.3563514701984193,0.2746272893440076,0.08246762543550307,0.0,0.0,0.0,0.0
16369000000,4945,16369000000,map,0.032356414988258364,-0.1488691111023412,-0.23592381518142394,0.0,0.0,0.0,0.0
16371000000,4946,16371000000,map,-0.33772296092146825,0.30750976237134775,0.2607091605610544,0.0,0.0,0.0,0.0
16373000000,4947,16373000000,map,0.10710845522084278,-0.005989490450840351,0.11872394420704624,0.0,0.0,0.0,0.0
16375000000,4948,16375000000,map,0.008994861289222833,-0.04946499445766939,-0.33484166644755253,0.0,0.0,0.0,0.0
16377000000,4949,16377000000,map,-0.16128743721392574,-0.3334569294979677,0.05424634707107512,0.0,0.0,0.0,0.0
16379000000,4950,16379000000,map,-0.2575040723456863,-0.3634538404938485,-0.07097042186079144,0.0,0.0,0.0,0.0
16381000000,4951,16381000000,map,-0.033217969681223425,-0.012310850742537849,-0.21804908355853317,0.0,0.0,0.0,0.0
16383000000,4952,16383000000,map,0.14957896573007567,-0.04676276906744231,-0.30250766549894575,0.0,0.0,0.0,0.0
16385000000,4953,16385000000,map,0.36767263764572566,0.130702030094214,-0.10024408838266691,0.0,0.0,0.0,0.0
16387000000,4954,16387000000,map,-0.17647943575273173,0.04985520114053499,-0.022649741712353177,0.0,0.0,0.0,0.0
16389000000,4955,16389000000,map,0.2280651927070274,0.04929751642805574,-0.025635141494123048,0.0,0.0,0.0,0.0
16391000000,4956,16391000000,map,0.03482587401379106,0.3587323210570009,-0.12283964854358026,0.0,0.0,0.0,0.0
16393000000,4957,16393000000,map,-0.23056969071768985,0.05746025376274522,-0.15670336015294614,0.0,0.0,0.0,0.0
16395000000,4958,16395000000,map,-0.11073510455540875,0.16875851933685615,0.30433920577879214,0.0,0.0,0.0,0.0
16397000000,4959,16397000000,map,0.03499986995893767,0.1392145471590186,-0.0942718198964278,0.0,0.0,0.0,0.0
16399000000,4960,16399000000,map,-0.0762624488422301,-0.12492426367211257,0.182661705813553,0.0,0.0,0.0,0.0
16401000000,4961,16401000000,map,0.11568711619187066,-0.3627348120020324,-0.19090679597201066,0.0,0.0,0.0,0.0
16403000000,4962,16403000000,map,-0.1591696773849919,-0.11732155501048569,-0.3726680719567813,0.0,0.0,0.0,0.0
16405000000,4963,16405000000,map,0.3169702281670833,0.027225317523727366,0.3100238791204053,0.0,0.0,0.0,0.0
16407000000,4964,16407000000,map,-0.37197394583297916,-0.12427776740128804,-0.17806903241147537,0.0,0.0,0.0,0.0
16409000000,4965,16409000000,map,-0.15547558278529316,-0.15977440577476665,0.32064341953899766,0.0,0.0,0.0,0.0
16411000000,4966,16411000000,map,-0.3848222535746567,-0.08848503075474895,-0.16744822567512607,0.0,0.0,0.0,0.0
16413000000,4967,16413000000,map,0.29269948010277247,-0.24804974526451964,-0.378458994575408,0.0,0.0,0.0,0.0
16415000000,4968,16415000000,map,-0.1428821439102585,0.11694565550018166,-0.37742268509742544,0.0,0.0,0.0,0.0
16417000000,4969,16417000000,map,-0.07764345355034574,0.26895898212368974,0.20252639347533774,0.0,0.0,0.0,0.0
16419000000,4970,16419000000,map,0.30275540774929255,0.25937915535193434,0.24113904317720136,0.0,0.0,0.0,0.0
16421000000,4971,16421000000,map,0.14544899512603826,-0.19388267086313907,-0.23541196736406889,0.0,0.0,0.0,0.0
16423000000,4972,16423000000,map,-0.3925653479844704,-0.009645546757819257,-0.2958228810315787,0.0,0.0,0.0,0.0
16425000000,4973,16425000000,map,-0.15801838844546504,0.3683196305359935,-0.2953229099105242,0.0,0.0,0.0,0.0
16427000000,4974,16427000000,map,0.3401781708780197,0.06642903417978124,-0.39937184436880757,0.0,0.0,0.0,0.0
16429000000,4975,16429000000,map,-0.3603229069651928,-0.19216524944391755,0.3618382201678968,0.0,0.0,0.0,0.0
16431000000,4976,16431000000,map,-0.30343741658521395,-0.3447906133596333,-0.29463533299944483,0.0,0.0,0.0,0.0
16433000000,4977,16433000000,map,0.16257407929867607,-0.3882527901792595,0.19120279461156597,0.0,0.0,0.0,0.0
16435000000,4978,16435000000,map,0.1227691845641612,-0.3325889565483101,0.3584388573354106,0.0,0.0,0.0,0.0
16437000000,4979,16437000000,map,-0.22818660886243422,-0.23823437226794614,-0.32738417859342817,0.0,0.0,0.0,0.0
16439000000,4980,16439000000,map,-0.3977483419403904,-0.22039769489758188,-0.12555961106529473,0.0,0.0,0.0,0.0
16441000000,4981,16441000000,map,-0.2508332947414914,-0.12050577074306634,-0.027109840212115377,0.0,0.0,0.0,0.0
16443000000,4982,16443000000,map,-0.23069620718181663,-0.028933539096711702,0.1923835931857114,0.0,0.0,0.0,0.0
16445000000,4983,16445000000,map,-0.3009385513628903,-0.296943183457234,-0.3714587787999949,0.0,0.0,0.0,0.0
16447000000,4984,16447000000,map,0.3965736470981056,-0.0801561130987295,0.39107395336821227,0.0,0.0,0.0,0.0
16449000000,4985,16449000000,map,0.25996621662463715,0.26890835418085524,-0.13190654656903472,0.0,0.0,0.0,0.0
16451000000,4986,16451000000,map,0.1693647538989489,0.14534035326426242,-0.1291556373872359,0.0,0.0,0.0,0.0
16453000000,4987,16453000000,map,-0.185494065795049,-0.37332824961678845,0.30272326832487273,0.0,0.0,0.0,0.0
16455000000,4988,16455000000,map,0.23445967837715176,0.09262115950957323,0.2254377763918104,0.0,0.0,0.0,0.0
16457000000,4989,16457000000,map,-0.20913193260933735,0.20307110171933418,-0.35035219879429946,0.0,0.0,0.0,0.0
16459000000,4990,16459000000,map,-0.20333201780607565,-0.21837440160225816,0.3985666587184159,0.0,0.0,0.0,0.0
16461000000,4991,16461000000,map,-0.005248587140540162,-0.17322285222038808,-0.380048521790895,0.0,0.0,0.0,0.0
16463000000,4992,16463000000,map,-0.041886948210830055,0.33843579984055183,0.33436927025471896,0.0,0.0,0.0,0.0
16465000000,4993,16465000000,map,0.04208006923430008,0.16693511150340434,-0.025560168269461392,0.0,0.0,0.0,0.0
16467000000,4994,16467000000,map,-0.16700193724984802,0.34502809531821854,-0.21392984266543863,0.0,0.0,0.0,0.0
16469000000,4995,16469000000,map,0.2727273584803188,0.3599078634306071,-0.10573600462254656,0.0,0.0,0.0,0.0
16471000000,4996,16471000000,map,0.005734054578322101,0.14071426496954842,0.22928093138719707,0.0,0.0,0.0,0.0
16473000000,4997,16473000000,map,0.231542045287079,0.2783736681240202,-0.2891858821721853,0.0,0.0,0.0,0.0
16475000000,4998,16475000000,map,-0.01760877659994664,0.1302653752953261,-0.2622918061629765,0.0,0.0,0.0,0.0
16477000000,4999,16477000000,map,-0.07390855860634443,0.06353124134122218,0.2106596302056276,0.0,0.0,0.0,0.0
16479000000,5000,16479000000,map,-0.2540322820141151,-0.07595934595203296,0.09841125848594234,0.0,0.0,0.0,0.0
16481000000,5001,16481000000,map,-0.0303579065893248,-0.35672421959925127,-0.09402938777069719,0.0,0.0,0.0,0.0
16484000000,5002,16484000000,map,-0.2763180245067122,-0.39724714371017394,0.054872981467650295,0.0,0.0,0.0,0.0
16485000000,5003,16485000000,map,0.2853135356676022,-0.37434560686123797,-0.12824971795120393,0.0,0.0,0.0,0.0
16487000000,5004,16487000000,map,-0.016191041159115016,-0.027919853057367106,0.11665676494463872,0.0,0.0,0.0,0.0
16489000000,5005,16489000000,map,0.2054612005044899,-0.24928644260893446,0.11305466528042474,0.0,0.0,0.0,0.0
16491000000,5006,16491000000,map,-0.035917755086994574,-0.32027772821126627,0.11953887257505114,0.0,0.0,0.0,0.0
16494000000,5007,16493000000,map,0.19319217084402118,0.11282077891255482,0.04280052212076163,0.0,0.0,0.0,0.0
16496000000,5008,16495000000,map,0.39709039889661757,-0.25026565234705134,-0.18097230675994372,0.0,0.0,0.0,0.0
16498000000,5009,16497000000,map,0.3846863253077365,-0.31488910349125854,0.289621065146377,0.0,0.0,0.0,0.0
16499000000,5010,16499000000,map,-0.08369974713169792,0.2696002448351481,0.034255987244124486,0.0,0.0,0.0,0.0
16501000000,5011,16501000000,map,0.2081440466100326,-0.34596438634119137,0.256643564570456,0.0,0.0,0.0,0.0
16504000000,5012,16503000000,map,-0.35624501649309337,0.14251385923213689,0.39458829405960283,0.0,0.0,0.0,0.0
16505000000,5013,16505000000,map,0.21980512792552875,-0.12316809889863467,-0.29438145583701913,0.0,0.0,0.0,0.0
16507000000,5014,16507000000,map,0.11592973302556575,-0.3908098027918448,-0.07135594765153541,0.0,0.0,0.0,0.0
16509000000,5015,16509000000,map,0.16359482480473464,0.22601535466593603,-0.2195575963309947,0.0,0.0,0.0,0.0
16511000000,5016,16511000000,map,-0.17320223131094853,0.13018472641264167,-0.14272789251329382,0.0,0.0,0.0,0.0
16515000000,5017,16514000000,map,-0.1284193926404053,-0.30376537522248104,0.19895963684266804,0.0,0.0,0.0,0.0
16516000000,5018,16516000000,map,0.13976713228804638,-0.21882154150311817,0.3792151956473019,0.0,0.0,0.0,0.0
16518000000,5019,16518000000,map,-0.16435779009095622,-0.10147228448158369,-0.22769086589643667,0.0,0.0,0.0,0.0
16520000000,5020,16520000000,map,0.11639128279674116,-0.3319786219513684,0.261061423542295,0.0,0.0,0.0,0.0
16522000000,5021,16522000000,map,0.1344225122125643,0.1444846731583891,0.34180209167738584,0.0,0.0,0.0,0.0
16524000000,5022,16523000000,map,-0.18751288043623593,-0.006729370922106348,0.11481072297519279,0.0,0.0,0.0,0.0
16525000000,5023,16525000000,map,0.2798474393632471,0.0792538778119492,0.10893873003914079,0.0,0.0,0.0,0.0
16528000000,5024,16528000000,map,-0.020509081256752548,-0.03735735670110685,0.04537713026575274,0.0,0.0,0.0,0.0
16529000000,5025,16529000000,map,0.16416203076639635,0.20717047641224795,0.35452481432984395,0.0,0.0,0.0,0.0
16532000000,5026,16532000000,map,0.3725265199966774,-0.1507256916744556,-0.17148352329377514,0.0,0.0,0.0,0.0
16533000000,5027,16533000000,map,0.31144941427030515,0.14958764152305992,0.22558242986722998,0.0,0.0,0.0,0.0
16535000000,5028,16535000000,map,0.39893709544248035,-0.14511307895129266,-0.16063142729515603,0.0,0.0,0.0,0.0
16538000000,5029,16538000000,map,0.0929904837837211,-0.3997412756965527,0.2399440943733222,0.0,0.0,0.0,0.0
16539000000,5030,16539000000,map,0.2820225873878869,-0.33334607783627107,-0.38823473857043145,0.0,0.0,0.0,0.0
16541000000,5031,16541000000,map,0.38961215591488696,0.2019891223917346,-0.025357024296247477,0.0,0.0,0.0,0.0
16543000000,5032,16543000000,map,-0.3751775156484171,0.06482203406825288,-0.31843336093429253,0.0,0.0,0.0,0.0
16546000000,5033,16545000000,map,0.2845499920046538,-0.26198068573219024,-0.020540033468555374,0.0,0.0,0.0,0.0
16548000000,5034,16548000000,map,-0.005105305262662396,-0.16466893106538733,0.21552353067854135,0.0,0.0,0.0,0.0
16549000000,5035,16549000000,map,0.2811518456142499,-0.24781831865363724,0.3598323680153034,0.0,0.0,0.0,0.0
16551000000,5036,16551000000,map,0.2894870590519186,-0.31962563627005647,0.30607521807414106,0.0,0.0,0.0,0.0
16553000000,5037,16553000000,map,-0.11552550205849904,0.010328231531859355,-0.337723070560574,0.0,0.0,0.0,0.0
16555000000,5038,16555000000,map,0.27119577853359234,0.11719750432068221,-0.19942940772405932,0.0,0.0,0.0,0.0
16557000000,5039,16557000000,map,0.2029611381917541,0.022004298429954328,0.0705667049293569,0.0,0.0,0.0,0.0
16559000000,5040,16559000000,map,0.24809503238124275,0.203874355625426,-0.10631220237024841,0.0,0.0,0.0,0.0
16561000000,5041,16561000000,map,0.3007301482915621,0.1899307778037198,0.14716329492934266,0.0,0.0,0.0,0.0
16564000000,5042,16563000000,map,-0.07876607747738723,0.03828379829895445,0.2961105733946944,0.0,0.0,0.0,0.0
16566000000,5043,16565000000,map,0.2053341630906299,-0.3391207022767318,-0.27220608349902853,0.0,0.0,0.0,0.0
16567000000,5044,16567000000,map,0.17789614648629992,-0.3194638126979061,-0.12865943373035343,0.0,0.0,0.0,0.0
16569000000,5045,16569000000,map,-0.0916414376807918,0.262895859300296,0.18200525864956274,0.0,0.0,0.0,0.0
16572000000,5046,16571000000,map,-0.06253089185687633,-0.28792936098226557,-0.12804792409082877,0.0,0.0,0.0,0.0
16573000000,5047,16573000000,map,-0.219883130287985,-0.2862803794825002,-0.23880411442773594,0.0,0.0,0.0,0.0
16575000000,5048,16575000000,map,0.006662909144986517,0.009617164133086331,0.2160498150782677,0.0,0.0,0.0,0.0
16577000000,5049,16577000000,map,-0.3757663581728422,0.2741540515450517,0.3177340479955485,0.0,0.0,0.0,0.0
16579000000,5050,16579000000,map,-0.2969882794659745,0.32176588815891793,0.14670977360896909,0.0,0.0,0.0,0.0
16581000000,5051,16581000000,map,0.33000769040720046,0.3067192245158329,-0.16987800619120808,0.0,0.0,0.0,0.0
16583000000,5052,16583000000,map,0.2716123528311789,0.15112828289614022,-0.1114665074882299,0.0,0.0,0.0,0.0
16585000000,5053,16585000000,map,0.22190898086877242,0.36828280312340544,0.33354833689057606,0.0,0.0,0.0,0.0
16588000000,5054,16587000000,map,0.3279370929768427,-0.3250318084959322,0.2602231804824823,0.0,0.0,0.0,0.0
16589000000,5055,16589000000,map,-0.17196923660465901,0.20917842033156464,0.22193770701872162,0.0,0.0,0.0,0.0
16591000000,5056,16591000000,map,-0.07077570619324314,-0.3504893741462807,0.06480246498635234,0.0,0.0,0.0,0.0
16593000000,5057,16593000000,map,0.1621243520464295,0.20647468858401508,-0.19032740040189983,0.0,0.0,0.0,0.0
16595000000,5058,16595000000,map,-0.1091147763817491,0.2780693151675663,0.1172298952856049,0.0,0.0,0.0,0.0
16598000000,5059,16597000000,map,0.22773087124157576,0.062331755631837626,0.3335924565610324,0.0,0.0,0.0,0.0
16599000000,5060,16599000000,map,-0.07653766693435632,-0.17680065438210352,-0.27650523676008376,0.0,0.0,0.0,0.0
16601000000,5061,16601000000,map,0.05908846969201409,0.27838480303940727,0.0875453197588672,0.0,0.0,0.0,0.0
16604000000,5062,16604000000,map,-0.16739379123689258,0.06231027637782516,-0.007980476458375463,0.0,0.0,0.0,0.0
16605000000,5063,16605000000,map,-0.13380323901677516,-0.19200184837979803,0.3201577424258576,0.0,0.0,0.0,0.0
16607000000,5064,16607000000,map,0.08995321615203522,-0.1896713495505271,-0.06273262470552843,0.0,0.0,0.0,0.0
16609000000,5065,16609000000,map,0.1436540179422796,0.054680413384642246,-0.37298398670080574,0.0,0.0,0.0,0.0
16611000000,5066,16611000000,map,-0.24294634277598406,-0.014374569465007425,0.027743624469344585,0.0,0.0,0.0,0.0
16613000000,5067,16613000000,map,-0.3161330693390618,-0.3231551513872401,0.3089246523839456,0.0,0.0,0.0,0.0
16615000000,5068,16615000000,map,-0.001667521436856556,0.37223576270123737,-0.39393766705730515,0.0,0.0,0.0,0.0
16617000000,5069,16617000000,map,-0.09982886419174647,-0.05669726230925226,0.21577375713251978,0.0,0.0,0.0,0.0
16619000000,5070,16619000000,map,-0.392530638149934,-0.2121927855299369,-0.2198894866209279,0.0,0.0,0.0,0.0
16621000000,5071,16621000000,map,-0.2324718065263978,0.22493905995754848,0.3382224628004312,0.0,0.0,0.0,0.0
16623000000,5072,16623000000,map,-0.31192964881367846,0.3336610703998282,-0.24811782807477448,0.0,0.0,0.0,0.0
16625000000,5073,16625000000,map,0.19297625959708886,0.09638627847536918,-0.24757265883717772,0.0,0.0,0.0,0.0
16627000000,5074,16627000000,map,-0.038956940240210236,0.3947059820730344,0.04136938314709421,0.0,0.0,0.0,0.0
16629000000,5075,16629000000,map,0.1330841421475435,-0.1563564286137932,0.027368310223900127,0.0,0.0,0.0,0.0
16631000000,5076,16631000000,map,-0.04247639241078904,-0.3001569589585141,-0.12701384405287786,0.0,0.0,0.0,0.0
16633000000,5077,16633000000,map,-0.23543622576354326,-0.3620954714356588,0.00546969811532616,0.0,0.0,0.0,0.0
16635000000,5078,16635000000,map,-0.2145848845198162,-0.20863870497521586,0.30398929303663114,0.0,0.0,0.0,0.0
16637000000,5079,16637000000,map,-0.20899026162223222,-0.2819943956959835,0.19287765769673537,0.0,0.0,0.0,0.0
16640000000,5080,16640000000,map,-0.2448040201632039,0.3481858163644953,-0.06227023317405733,0.0,0.0,0.0,0.0
16642000000,5081,16641000000,map,-0.12358194408388051,-0.35515624947611907,-0.16169430537233156,0.0,0.0,0.0,0.0
16643000000,5082,16643000000,map,0.2827756730255495,-0.16613015693996525,0.3996774721580234,0.0,0.0,0.0,0.0
16647000000,5083,16645000000,map,0.3359774204028674,-0.3822534057662209,0.3998800057507985,0.0,0.0,0.0,0.0
16648000000,5084,16648000000,map,-0.17802072569842192,-0.06262220615195196,0.22005816095228248,0.0,0.0,0.0,0.0
16649000000,5085,16649000000,map,0.36847424941142803,-0.09441706235013231,-0.30711019863810435,0.0,0.0,0.0,0.0
16652000000,5086,16652000000,map,0.23675755313445446,-0.35273174016100745,0.31356186670144715,0.0,0.0,0.0,0.0
16653000000,5087,16653000000,map,0.2668339476592637,-0.05001865779865888,-0.30761438152492304,0.0,0.0,0.0,0.0
16655000000,5088,16655000000,map,0.32142225082494813,0.10488053489865057,-0.3201926061866996,0.0,0.0,0.0,0.0
16657000000,5089,16657000000,map,-0.06652764512635978,-0.23178767868465544,0.2540093155651031,0.0,0.0,0.0,0.0
16660000000,5090,16660000000,map,-0.3088234766222685,-0.23241139790831414,-0.3485236069622838,0.0,0.0,0.0,0.0
16662000000,5091,16661000000,map,-0.3719817816292396,0.37571116890131717,-0.2360431450605781,0.0,0.0,0.0,0.0
16664000000,5092,16663000000,map,0.2596581526124834,0.21205516318536333,0.09186299893886912,0.0,0.0,0.0,0.0
16666000000,5093,16665000000,map,0.2465900963256379,-0.37527210587831883,-0.09473390200135795,0.0,0.0,0.0,0.0
16667000000,5094,16667000000,map,-0.168930880170617,0.31373832958012904,0.07969909557778737,0.0,0.0,0.0,0.0
16670000000,5095,16669000000,map,0.11456867890534606,0.3012536642985454,0.3389378051029467,0.0,0.0,0.0,0.0
16671000000,5096,16671000000,map,0.3560630890659735,-0.2886348559512727,-0.28690465784615904,0.0,0.0,0.0,0.0
16674000000,5097,16673000000,map,-0.22575480450744076,-0.2833685485752783,0.2978534580267832,0.0,0.0,0.0,0.0
16675000000,5098,16675000000,map,-0.35949545860018467,0.2673111640598955,0.13729448491821805,0.0,0.0,0.0,0.0
16677000000,5099,16677000000,map,0.3361264013399977,0.22059890937450832,0.11756660599724966,0.0,0.0,0.0,0.0
16680000000,5100,16680000000,map,-0.0473746044908685,-0.12978614507194525,-0.07027200060965694,0.0,0.0,0.0,0.0
16681000000,5101,16681000000,map,0.06311504489335124,0.21919125660564842,0.29177476788705825,0.0,0.0,0.0,0.0
16684000000,5102,16683000000,map,0.2793078339440652,0.09926535638657424,-0.1525891019730465,0.0,0.0,0.0,0.0
16685000000,5103,16685000000,map,0.24361463206940037,-0.07382204892697353,-0.24629623120574323,0.0,0.0,0.0,0.0
16688000000,5104,16688000000,map,-0.3177076936736123,0.03855416443423437,-0.11137893530710702,0.0,0.0,0.0,0.0
16690000000,5105,16690000000,map,-0.14967144274708716,-0.0762824732882793,0.0482528543269824,0.0,0.0,0.0,0.0
16692000000,5106,16692000000,map,-0.12733551688250122,0.2895330129340099,0.1789964371803372,0.0,0.0,0.0,0.0
16694000000,5107,16693000000,map,-0.1593122441767109,0.37153144565459173,-0.38934972571520776,0.0,0.0,0.0,0.0
16696000000,5108,16695000000,map,-0.29478490453328654,-0.03312961247992535,0.30465112851564147,0.0,0.0,0.0,0.0
16697000000,5109,16697000000,map,-0.3582423881214817,0.3561723486432211,0.2285799102947943,0.0,0.0,0.0,0.0
16700000000,5110,16700000000,map,0.2941209075552337,0.2392625850391702,0.28147075557265644,0.0,0.0,0.0,0.0
16702000000,5111,16701000000,map,-0.3364512464187084,0.2472910148387032,-0.020450689807681055,0.0,0.0,0.0,0.0
16704000000,5112,16703000000,map,0.22353573098250323,0.06112563881573074,0.13714134812236622,0.0,0.0,0.0,0.0
16705000000,5113,16705000000,map,0.0566782215334703,-0.1755103147934753,0.214357173138905,0.0,0.0,0.0,0.0
16708000000,5114,16708000000,map,-0.12823611779934385,-0.34745007535356276,-0.022019735483808922,0.0,0.0,0.0,0.0
16709000000,5115,16709000000,map,-0.168522982047875,-0.05781844923690621,-0.138899285801189,0.0,0.0,0.0,0.0
16711000000,5116,16711000000,map,-0.28545351894604065,-0.1502676975485127,0.3363118628134494,0.0,0.0,0.0,0.0
16714000000,5117,16714000000,map,0.2166871312819365,0.007951041813161808,-0.24833475178163314,0.0,0.0,0.0,0.0
16715000000,5118,16715000000,map,0.2656564264632254,-0.32106094980677813,-0.2530205912462807,0.0,0.0,0.0,0.0
16717000000,5119,16717000000,map,0.24389958615208918,0.07311480460600206,0.04486879811644168,0.0,0.0,0.0,0.0
16719000000,5120,16719000000,map,-0.22752748535528966,-0.012937070310705123,-0.1441616985486398,0.0,0.0,0.0,0.0
16721000000,5121,16721000000,map,-0.149489961477056,0.35760485001538445,-0.29162295502546515,0.0,0.0,0.0,0.0
16724000000,5122,16724000000,map,-0.3653182263160729,0.21360608905679412,0.27053420317373555,0.0,0.0,0.0,0.0
16725000000,5123,16725000000,map,0.05767292824550402,-0.20728207716524538,-0.05875252745285631,0.0,0.0,0.0,0.0
16728000000,5124,16727000000,map,-0.029638810997704712,0.2811866799587279,0.15685969273822886,0.0,0.0,0.0,0.0
16729000000,5125,16729000000,map,0.3313078821154194,-0.20230022810079484,-0.3408562450066626,0.0,0.0,0.0,0.0
16731000000,5126,16731000000,map,-0.3066031738768038,-0.28326949175228777,-0.34830612668535116,0.0,0.0,0.0,0.0
16733000000,5127,16733000000,map,0.3555907635454255,0.32787281209943175,0.2943552583008152,0.0,0.0,0.0,0.0
16735000000,5128,16735000000,map,-0.11713526310128869,0.0911330792201886,0.3197295729675529,0.0,0.0,0.0,0.0
16737000000,5129,16737000000,map,-0.09923376126780487,-0.09986824774526765,-0.3607168329761432,0.0,0.0,0.0,0.0
16740000000,5130,16739000000,map,-0.05337030498979389,-0.3205520178800756,-0.16433569640985368,0.0,0.0,0.0,0.0
16742000000,5131,16741000000,map,0.3564517584185787,0.33032984588769165,-0.3831734596359767,0.0,0.0,0.0,0.0
16744000000,5132,16744000000,map,-0.3014109550861021,0.007526756391745437,0.2663682126461373,0.0,0.0,0.0,0.0
16746000000,5133,16745000000,map,0.3253000504737591,0.0853241261440636,-0.18894915347000998,0.0,0.0,0.0,0.0
16748000000,5134,16748000000,map,0.25107171305100695,0.2359406353486272,0.21529835302901723,0.0,0.0,0.0,0.0
16750000000,5135,16749000000,map,0.25673348135425067,-0.08148148813499134,0.3477710139072746,0.0,0.0,0.0,0.0
16752000000,5136,16751000000,map,0.3378795209554698,0.08496934113658022,-0.17058484035006855,0.0,0.0,0.0,0.0
16753000000,5137,16753000000,map,-0.3228735955935119,-0.11229979322960326,0.007993200113687426,0.0,0.0,0.0,0.0
16756000000,5138,16755000000,map,0.363713715927235,-0.2926422089645736,0.3429769309690923,0.0,0.0,0.0,0.0
16758000000,5139,16758000000,map,-0.23468221309502216,0.3417078226694604,-0.1792017667299518,0.0,0.0,0.0,0.0
16759000000,5140,16759000000,map,0.061095912572930566,-0.0055896883654816265,0.13202237984043896,0.0,0.0,0.0,0.0
16761000000,5141,16761000000,map,-0.270318631060962,-0.3782294073183313,0.02497184067250019,0.0,0.0,0.0,0.0
16763000000,5142,16763000000,map,0.22084921351992248,0.2158677688034606,0.1726664628909711,0.0,0.0,0.0,0.0
16765000000,5143,16765000000,map,-0.09046725563130986,0.03479318388013286,-0.35936731038734826,0.0,0.0,0.0,0.0
16767000000,5144,16767000000,map,0.33034170420040565,0.029905244144102117,-0.07853408684533797,0.0,0.0,0.0,0.0
16769000000,5145,16769000000,map,-0.09352131985508555,0.2036092098844552,-0.0986369423349781,0.0,0.0,0.0,0.0
16771000000,5146,16771000000,map,-0.05771248469099349,0.3736167648685923,-0.3687943605463463,0.0,0.0,0.0,0.0
16773000000,5147,16773000000,map,-0.06498520086149073,0.36961412023169005,-0.05530573110791004,0.0,0.0,0.0,0.0
16775000000,5148,16775000000,map,0.3254909370284479,-0.24850322018937354,-0.11283425486303061,0.0,0.0,0.0,0.0
16777000000,5149,16777000000,map,-0.242103021494848,0.21535012011126742,0.029027351448403682,0.0,0.0,0.0,0.0
16779000000,5150,16779000000,map,0.35529956549643604,-0.13323266069919715,0.17553454263220636,0.0,0.0,0.0,0.0
16781000000,5151,16781000000,map,-0.04461463389720066,0.007214108449272227,0.08333331763702023,0.0,0.0,0.0,0.0
16783000000,5152,16783000000,map,0.2602735544023611,-0.1351961241082757,0.24636668063924838,0.0,0.0,0.0,0.0
16785000000,5153,16785000000,map,0.22448308861627686,0.08635291539170897,0.0184963695545467,0.0,0.0,0.0,0.0
16787000000,5154,16787000000,map,0.1469938263061581,-0.11652282599076003,0.21626764632290774,0.0,0.0,0.0,0.0
16789000000,5155,16789000000,map,0.24649321248542444,-0.12546893339806975,-0.056795187649472945,0.0,0.0,0.0,0.0
16791000000,5156,16791000000,map,0.38223022214110147,-0.2913886061812742,0.2795268388946336,0.0,0.0,0.0,0.0
16793000000,5157,16793000000,map,0.30978617144005305,-0.16193947981758977,0.04117965749977631,0.0,0.0,0.0,0.0
16795000000,5158,16795000000,map,0.13396380813170716,0.16097767970341303,-0.25087780786366976,0.0,0.0,0.0,0.0
16797000000,5159,16797000000,map,0.2883262499235414,-0.3489163044706752,-0.18556299533101295,0.0,0.0,0.0,0.0
16799000000,5160,16799000000,map,-0.3356915455120193,-0.1482942280205538,0.20700114690094773,0.0,0.0,0.0,0.0
16802000000,5161,16801000000,map,-0.05577876777644275,0.11609708101373051,-0.3061375463528444,0.0,0.0,0.0,0.0
16803000000,5162,16803000000,map,0.29545607617080694,0.3708662495546392,-0.0008649058169721835,0.0,0.0,0.0,0.0
16805000000,5163,16805000000,map,0.25237743012384994,0.045055536216137004,0.09940846320647323,0.0,0.0,0.0,0.0
16808000000,5164,16808000000,map,-0.125876208588927,0.2525921795491668,0.38832416861840835,0.0,0.0,0.0,0.0
16809000000,5165,16809000000,map,-0.28091129034901074,0.22470749003855406,0.24862006432199768,0.0,0.0,0.0,0.0
16811000000,5166,16811000000,map,0.21903481315583317,0.1756780621752062,-0.29671572092687143,0.0,0.0,0.0,0.0
16813000000,5167,16813000000,map,-0.08477191391558059,-0.11490365536000191,0.11960264468239623,0.0,0.0,0.0,0.0
16815000000,5168,16815000000,map,-0.24770352420672337,-0.22383442169234544,-0.20247060379924287,0.0,0.0,0.0,0.0
16817000000,5169,16817000000,map,0.08971710945308625,-0.3536001149622407,-0.3040329113485601,0.0,0.0,0.0,0.0
16819000000,5170,16819000000,map,-0.090932028168694,0.17338822800993192,-0.04890012012346251,0.0,0.0,0.0,0.0
16821000000,5171,16821000000,map,-0.36602442844553373,-0.11089560227642892,-0.24736776073477976,0.0,0.0,0.0,0.0
16823000000,5172,16823000000,map,0.042106644219701894,0.2840704844410692,-0.03003864434873965,0.0,0.0,0.0,0.0
16825000000,5173,16825000000,map,0.10390459075941127,-0.2554013078551687,-0.22128336888948327,0.0,0.0,0.0,0.0
16827000000,5174,16827000000,map,0.04854083751399596,-0.34033946544562527,-0.17854351779510955,0.0,0.0,0.0,0.0
16829000000,5175,16829000000,map,-0.33269755661663014,0.2725423888521451,-0.013647268532544887,0.0,0.0,0.0,0.0
16831000000,5176,16831000000,map,0.18854684178589254,-0.3493362066536994,-0.021145496285775334,0.0,0.0,0.0,0.0
16833000000,5177,16833000000,map,-0.11769682596518483,0.38628258174985386,0.20902165569741793,0.0,0.0,0.0,0.0
16835000000,5178,16835000000,map,-0.17498532300198855,0.3740912350894454,0.08920791124719968,0.0,0.0,0.0,0.0
16837000000,5179,16837000000,map,-0.2151674250392101,-0.06169551875220042,-0.09355776556511963,0.0,0.0,0.0,0.0
16839000000,5180,16839000000,map,-0.2546556772253915,-0.25921237964951793,-0.313171871169311,0.0,0.0,0.0,0.0
16841000000,5181,16841000000,map,-0.3148833363154888,-0.3651595255995967,-0.1302248261129626,0.0,0.0,0.0,0.0
16843000000,5182,16843000000,map,-0.026977018982071166,0.35426904116015734,0.09654896694917581,0.0,0.0,0.0,0.0
16845000000,5183,16845000000,map,-0.009471301130722254,0.34689021274600307,-0.10869241581989464,0.0,0.0,0.0,0.0
16847000000,5184,16847000000,map,-0.28983815288956244,-0.25010137260165966,-0.12592928369872242,0.0,0.0,0.0,0.0
16849000000,5185,16849000000,map,0.32558188806119304,-0.023562846308754548,-0.07593309298474316,0.0,0.0,0.0,0.0
16851000000,5186,16851000000,map,-0.05392446478822471,-0.3853455071939035,-0.17390976390116766,0.0,0.0,0.0,0.0
16853000000,5187,16853000000,map,-0.26109824383427493,0.13942115807011712,0.00908308533519192,0.0,0.0,0.0,0.0
16855000000,5188,16855000000,map,0.3880034522681285,-0.12107588319600826,0.14933428009877958,0.0,0.0,0.0,0.0
16857000000,5189,16857000000,map,0.14305496849432486,-0.2874957448011559,0.18201987090451754,0.0,0.0,0.0,0.0
16859000000,5190,16859000000,map,-0.14907140671171398,0.3333203131391336,-0.06997361466966007,0.0,0.0,0.0,0.0
16861000000,5191,16861000000,map,0.3031031839468774,0.3925134651714489,0.09900551209365255,0.0,0.0,0.0,0.0
16863000000,5192,16863000000,map,0.3319861290402686,0.21748491699808803,0.06248590082853889,0.0,0.0,0.0,0.0
16865000000,5193,16865000000,map,0.3563132261246741,0.10712624882965494,0.12143909552050669,0.0,0.0,0.0,0.0
16867000000,5194,16867000000,map,0.01853178602076644,-0.20334237994501653,-0.2344699654956415,0.0,0.0,0.0,0.0
16869000000,5195,16869000000,map,0.394790319737106,0.32177897935849853,-0.0010149945040248687,0.0,0.0,0.0,0.0
16871000000,5196,16871000000,map,-0.2739552685343427,-0.39702149717037966,0.026712271544377164,0.0,0.0,0.0,0.0
16873000000,5197,16873000000,map,-0.25548483143124423,0.32401518755948133,0.3699136350082143,0.0,0.0,0.0,0.0
16875000000,5198,16875000000,map,-0.10913945538082859,0.3916630482863238,0.3630567320239021,0.0,0.0,0.0,0.0
16877000000,5199,16877000000,map,0.2232437209026018,-0.2524141581543703,0.04536698262105476,0.0,0.0,0.0,0.0
16879000000,5200,16879000000,map,0.0945433411782669,-0.17116178366314017,0.3923454628342644,0.0,0.0,0.0,0.0
16881000000,5201,16881000000,map,0.3948535288731031,0.3415760150834084,-0.3468801066054157,0.0,0.0,0.0,0.0
16883000000,5202,16883000000,map,0.222290821826712,-0.23882880164614884,0.13230724369807445,0.0,0.0,0.0,0.0
16885000000,5203,16885000000,map,-0.28632071221833616,-0.018512649683478377,-0.1591797554927065,0.0,0.0,0.0,0.0
16887000000,5204,16887000000,map,-0.021585499824243848,-0.23985402500812644,-0.20608595085774437,0.0,0.0,0.0,0.0
16889000000,5205,16889000000,map,-0.37995275483785407,0.17372878576489592,-0.28821149123707446,0.0,0.0,0.0,0.0
16891000000,5206,16891000000,map,-0.2660655031288005,-0.22998348834357074,-0.37164977603946453,0.0,0.0,0.0,0.0
16893000000,5207,16893000000,map,0.19629044100729298,0.20991898214300475,0.2236106496052278,0.0,0.0,0.0,0.0
16895000000,5208,16895000000,map,-0.0037508379936878056,0.037931219447663256,0.2589820019983462,0.0,0.0,0.0,0.0
16897000000,5209,16897000000,map,-0.19459953046263376,-0.33178968543549636,-0.3760529897571497,0.0,0.0,0.0,0.0
16899000000,5210,16899000000,map,-0.18129468007359548,-0.14043224867433363,-0.01962554376381087,0.0,0.0,0.0,0.0
16901000000,5211,16901000000,map,0.14085415762581321,0.04150790335457166,0.3060665859582107,0.0,0.0,0.0,0.0
16903000000,5212,16903000000,map,0.2695264421998953,0.35706999508969806,0.020700177968452027,0.0,0.0,0.0,0.0
16905000000,5213,16905000000,map,-0.2565623088596267,-0.3006288187141452,-0.07943733654819723,0.0,0.0,0.0,0.0
16907000000,5214,16907000000,map,0.16596451592626693,-0.2098150540578837,0.3859395245982984,0.0,0.0,0.0,0.0
16909000000,5215,16909000000,map,0.17703810678971943,-0.17680906800419552,-0.25818913372786473,0.0,0.0,0.0,0.0
16911000000,5216,16911000000,map,0.31083871371170557,-0.056279009109149125,0.1018852578738243,0.0,0.0,0.0,0.0
16913000000,5217,16913000000,map,-0.28990274735327237,0.08990268285067166,-0.3124504000109244,0.0,0.0,0.0,0.0
16915000000,5218,16915000000,map,0.37703330177708094,-0.021229156355072054,0.29005577481665124,0.0,0.0,0.0,0.0
16917000000,5219,16917000000,map,-0.2151148330969176,-0.0705263519470804,-0.28309698364003966,0.0,0.0,0.0,0.0
16919000000,5220,16919000000,map,-0.13445295613449865,-0.1882004768118788,0.1793336064880522,0.0,0.0,0.0,0.0
16921000000,5221,16921000000,map,-0.28858305542096635,-0.20261861196563646,0.15442690635103407,0.0,0.0,0.0,0.0
16923000000,5222,16923000000,map,-0.055549227033998894,-0.2601392116506236,0.026738686959523528,0.0,0.0,0.0,0.0
16925000000,5223,16925000000,map,0.04253576132712339,-0.36884603490926177,0.2360319982969774,0.0,0.0,0.0,0.0
16927000000,5224,16927000000,map,-0.08779992918659207,0.2380501784824981,-0.32848680691660537,0.0,0.0,0.0,0.0
16929000000,5225,16929000000,map,-0.05900391500653107,0.09488931035823045,-0.32228217565216943,0.0,0.0,0.0,0.0
16931000000,5226,16931000000,map,0.1231528645145914,-0.2188390178069129,0.37747424899421445,0.0,0.0,0.0,0.0
16933000000,5227,16933000000,map,-0.012602795836566316,0.20551869534736278,-0.3934922152247195,0.0,0.0,0.0,0.0
16935000000,5228,16935000000,map,0.0977912373168488,0.264930213155244,-0.06774059227481921,0.0,0.0,0.0,0.0
16937000000,5229,16937000000,map,0.10356283248426035,-0.32940596056100435,0.0837658241578147,0.0,0.0,0.0,0.0
16939000000,5230,16939000000,map,-0.3265712676461869,0.3851036240643859,0.23062021291318668,0.0,0.0,0.0,0.0
16941000000,5231,16941000000,map,-0.2836660886857232,-0.3976806593142754,-0.24080444177123844,0.0,0.0,0.0,0.0
16943000000,5232,16943000000,map,-0.3541767353653272,-0.024344558932316518,0.09615717563112058,0.0,0.0,0.0,0.0
16945000000,5233,16945000000,map,0.08142118574736823,-0.34400757484124006,0.022864473686970588,0.0,0.0,0.0,0.0
16947000000,5234,16947000000,map,-0.1964376635225009,0.11686009139442044,-0.14404931002531945,0.0,0.0,0.0,0.0
16949000000,5235,16949000000,map,0.2101915243397705,-0.2249496766304443,-0.18046732231416573,0.0,0.0,0.0,0.0
16951000000,5236,16951000000,map,-0.3382610729821386,-0.28404362587965554,-0.342380760830371,0.0,0.0,0.0,0.0
16953000000,5237,16953000000,map,-0.013033322044860296,0.20061153241019225,0.3892131911162656,0.0,0.0,0.0,0.0
16955000000,5238,16955000000,map,-0.07385046140509416,-0.3642080937389376,0.10021395727822735,0.0,0.0,0.0,0.0
16957000000,5239,16957000000,map,0.15661681165952657,-0.3819604849536355,0.08336504390482657,0.0,0.0,0.0,0.0
16959000000,5240,16959000000,map,-0.19806915432895564,-0.08450166492657235,0.10375086315213389,0.0,0.0,0.0,0.0
16961000000,5241,16961000000,map,-0.31790104273416375,-0.22433953588451294,-0.11953650429940127,0.0,0.0,0.0,0.0
16963000000,5242,16963000000,map,0.15404467993568915,-0.1323742694319539,0.08570729601084065,0.0,0.0,0.0,0.0
16965000000,5243,16965000000,map,-0.00036132062568322576,0.23417097656754948,-0.35335956710389343,0.0,0.0,0.0,0.0
16967000000,5244,16967000000,map,0.10596685421996477,-0.09853917309997873,0.3323475031491475,0.0,0.0,0.0,0.0
16969000000,5245,16969000000,map,-0.1811762058120514,-0.39371071523805073,-0.24944030777940276,0.0,0.0,0.0,0.0
16971000000,5246,16971000000,map,0.2587776645175307,-0.04455970766732531,0.03041785178188333,0.0,0.0,0.0,0.0
16973000000,5247,16973000000,map,0.3725237066956988,0.11474522698486389,0.39059148239015895,0.0,0.0,0.0,0.0
16975000000,5248,16975000000,map,-0.19036016706397116,0.18045619661640733,-0.33740100719598515,0.0,0.0,0.0,0.0
16977000000,5249,16977000000,map,0.07643678770560891,-0.11321010067218967,0.1479113442628499,0.0,0.0,0.0,0.0
16979000000,5250,16979000000,map,0.38763553661751116,0.21950171093797421,0.20120711420137638,0.0,0.0,0.0,0.0
16981000000,5251,16981000000,map,-0.20146998075130057,-0.25518204092367375,0.08991733645268979,0.0,0.0,0.0,0.0
16983000000,5252,16983000000,map,0.39532029706984306,0.25199240003489976,-0.2427464749458856,0.0,0.0,0.0,0.0
16985000000,5253,16985000000,map,0.11143947116132469,0.18140487518595205,-0.2854167184928046,0.0,0.0,0.0,0.0
16987000000,5254,16987000000,map,-0.2986352466850166,0.13715060435373283,0.22885475551791024,0.0,0.0,0.0,0.0
16989000000,5255,16989000000,map,-0.17914109389045363,0.1770764130292084,-0.18789673460430978,0.0,0.0,0.0,0.0
16991000000,5256,16991000000,map,0.3052860531150523,-0.0003292002231528035,-0.10280315447661081,0.0,0.0,0.0,0.0
16993000000,5257,16993000000,map,-0.06278573963828371,-0.024376224763392407,0.34403147967693526,0.0,0.0,0.0,0.0
16995000000,5258,16995000000,map,-0.02729685590759462,-0.3982976520436319,0.07664058005455382,0.0,0.0,0.0,0.0
16997000000,5259,16997000000,map,-0.11611927579007197,0.07400369434053361,-0.35352533682962956,0.0,0.0,0.0,0.0
16999000000,5260,16999000000,map,-0.14472483752881166,0.17324577227123272,0.20973868035449061,0.0,0.0,0.0,0.0
17001000000,5261,17001000000,map,0.09614716009519808,-0.30557191021898245,-0.046124513622230245,0.0,0.0,0.0,0.0
17003000000,5262,17003000000,map,-0.15099274613634878,0.20125613212584115,-0.32167553685263417,0.0,0.0,0.0,0.0
17005000000,5263,17005000000,map,-0.03029557056216642,0.0019850059903121497,0.3316304234449605,0.0,0.0,0.0,0.0
17007000000,5264,17007000000,map,0.08994127679465036,-0.32174117561307664,-0.05397130042971271,0.0,0.0,0.0,0.0
17009000000,5265,17009000000,map,-0.09640422557685702,0.23710666814874637,0.395515762689849,0.0,0.0,0.0,0.0
17012000000,5266,17012000000,map,0.07815372208431504,0.1332235184761944,0.24738826368293276,0.0,0.0,0.0,0.0
17014000000,5267,17014000000,map,0.061391652089620774,-0.3764952954367703,0.2258491469820334,0.0,0.0,0.0,0.0
17015000000,5268,17015000000,map,-0.2930151832987012,0.04882411586435492,0.18067939909435649,0.0,0.0,0.0,0.0
17017000000,5269,17017000000,map,0.24284798430960242,-0.31320089105370597,0.04785184963839306,0.0,0.0,0.0,0.0
17020000000,5270,17020000000,map,0.09158432039180803,0.08422913571551521,-0.2908692406408148,0.0,0.0,0.0,0.0
17021000000,5271,17021000000,map,-0.3135185931309656,0.2467373733243159,-0.34522842089245404,0.0,0.0,0.0,0.0
17024000000,5272,17023000000,map,-0.20035718805683017,0.3370989750957166,-0.09428205104081144,0.0,0.0,0.0,0.0
17026000000,5273,17025000000,map,0.3218786994296816,0.028158949995574833,-0.2191071934436708,0.0,0.0,0.0,0.0
17028000000,5274,17028000000,map,0.12555651842883297,0.17926939230736272,0.22169473864835554,0.0,0.0,0.0,0.0
17030000000,5275,17030000000,map,-0.15198160731681198,-0.32322677518181453,-0.1320207397893502,0.0,0.0,0.0,0.0
17032000000,5276,17031000000,map,-0.22458105404865247,-0.24193799185156295,-0.3468800202541619,0.0,0.0,0.0,0.0
17033000000,5277,17033000000,map,-0.08814902824162096,0.06156195551549126,0.14910215115994307,0.0,0.0,0.0,0.0
17036000000,5278,17035000000,map,-0.2787883270916518,-0.063246853358561,-0.2572366347447298,0.0,0.0,0.0,0.0
17037000000,5279,17037000000,map,0.03432379049364931,-0.354687545202814,0.04755852897204915,0.0,0.0,0.0,0.0
17039000000,5280,17039000000,map,0.03397821984325544,0.3004642962300246,0.2833686910778773,0.0,0.0,0.0,0.0
17041000000,5281,17041000000,map,0.04814629395169606,-0.13101664011654313,-0.20846156461513557,0.0,0.0,0.0,0.0
17043000000,5282,17043000000,map,0.17869112036007362,0.21493142192885095,0.38988772775498093,0.0,0.0,0.0,0.0
17045000000,5283,17045000000,map,0.31563535884262306,0.22577202115468886,0.07439927550926317,0.0,0.0,0.0,0.0
17047000000,5284,17047000000,map,0.040420546777214295,0.2876897553331207,-0.12799083596437755,0.0,0.0,0.0,0.0
17049000000,5285,17049000000,map,-0.08642496728254523,0.22155473302056616,-0.005975304361523492,0.0,0.0,0.0,0.0
17051000000,5286,17051000000,map,-0.003456960190351799,0.11280286811626472,0.16246557476709378,0.0,0.0,0.0,0.0
17053000000,5287,17053000000,map,-0.2175880017966251,0.19560945155963771,0.11031105745062286,0.0,0.0,0.0,0.0
17055000000,5288,17055000000,map,0.21664958276568702,0.22538058707543696,0.09151695125026371,0.0,0.0,0.0,0.0
17057000000,5289,17057000000,map,-0.19081666569021472,-0.005692493003624843,-0.32556732411361455,0.0,0.0,0.0,0.0
17059000000,5290,17059000000,map,0.2307002983061791,0.15480389213870072,0.33433711912115915,0.0,0.0,0.0,0.0
17061000000,5291,17061000000,map,-0.2799877936886272,0.1389385625384727,0.24189203503877155,0.0,0.0,0.0,0.0
17063000000,5292,17063000000,map,0.21713970610452138,-0.39659280266213226,-0.3243726230202703,0.0,0.0,0.0,0.0
17066000000,5293,17065000000,map,-0.14830397174660287,0.06944613577634035,-0.0077285468413224034,0.0,0.0,0.0,0.0
17067000000,5294,17067000000,map,-0.05951898514609638,-0.37594176016404124,0.11909345316821751,0.0,0.0,0.0,0.0
17070000000,5295,17069000000,map,-0.39061318193483696,-0.1562694683509779,0.23502613088812163,0.0,0.0,0.0,0.0
17072000000,5296,17071000000,map,0.2644325390034694,-0.21472406085084572,-0.290283036007765,0.0,0.0,0.0,0.0
17073000000,5297,17073000000,map,0.13901638783726955,-0.08889968761577455,0.0796768172510281,0.0,0.0,0.0,0.0
17076000000,5298,17075000000,map,-0.22561819342396017,-0.137661821833432,-0.31878147531591133,0.0,0.0,0.0,0.0
17078000000,5299,17078000000,map,0.16287577382616125,-0.12398313083384122,0.02440203951863873,0.0,0.0,0.0,0.0
17079000000,5300,17079000000,map,-0.15111356200195336,0.1051774414691079,-0.31489113682918984,0.0,0.0,0.0,0.0
17082000000,5301,17081000000,map,0.16141865640744624,0.06591621139940146,0.32361646484590767,0.0,0.0,0.0,0.0
17083000000,5302,17083000000,map,-0.10501163970283961,-0.05103780985482864,-0.10731676406074547,0.0,0.0,0.0,0.0
17086000000,5303,17085000000,map,-0.2496389825998338,-0.28433841061566106,0.12520121970069342,0.0,0.0,0.0,0.0
17088000000,5304,17087000000,map,-0.005765415340056035,-0.25181735781972103,-0.21473999346915787,0.0,0.0,0.0,0.0
17090000000,5305,17089000000,map,-0.042085646751475025,-0.18845891530980682,0.38870810702603853,0.0,0.0,0.0,0.0
17091000000,5306,17091000000,map,-0.08665739009028722,0.1276416466350767,-0.08708358357732998,0.0,0.0,0.0,0.0
17094000000,5307,17094000000,map,-0.3186360655303379,0.3243669543232033,0.31602391888727177,0.0,0.0,0.0,0.0
17096000000,5308,17096000000,map,-0.18304987763024727,0.3850547302013537,0.16904999430120637,0.0,0.0,0.0,0.0
17098000000,5309,17098000000,map,-0.2044599521528696,-0.06638581582952602,0.3567268602350224,0.0,0.0,0.0,0.0
17100000000,5310,17099000000,map,-0.38934657062370137,-0.11881927975128892,0.30159993984583433,0.0,0.0,0.0,0.0
17102000000,5311,17101000000,map,0.11255706161317358,-0.3384485690808462,0.20175191466756415,0.0,0.0,0.0,0.0
17103000000,5312,17103000000,map,-0.06202158949373604,-0.23169412020354235,0.10988819169746411,0.0,0.0,0.0,0.0
17106000000,5313,17106000000,map,0.13546298165351023,-0.19854641677310522,0.2680627551863012,0.0,0.0,0.0,0.0
17108000000,5314,17108000000,map,-0.2807344773917403,-0.12769535600757087,-0.249708375679411,0.0,0.0,0.0,0.0
17109000000,5315,17109000000,map,0.022866977746709427,-0.10311322017534807,-0.2075562711131691,0.0,0.0,0.0,0.0
17111000000,5316,17111000000,map,0.09087824903800679,0.07530879118075806,-0.30375505187296986,0.0,0.0,0.0,0.0
17113000000,5317,17113000000,map,-0.22816895167960438,0.34944619170965596,-0.38852268590561184,0.0,0.0,0.0,0.0
17116000000,5318,17116000000,map,-0.2150085691650074,-0.38715686420677503,-0.2426775123521775,0.0,0.0,0.0,0.0
17117000000,5319,17117000000,map,0.20461252909362126,-0.030462883957844078,0.27838766575749707,0.0,0.0,0.0,0.0
17120000000,5320,17120000000,map,0.08282863155262038,-0.3301395898214564,0.0633483680117205,0.0,0.0,0.0,0.0
17121000000,5321,17121000000,map,-0.24171878794272386,-0.1941063940362674,0.043670372989110695,0.0,0.0,0.0,0.0
17124000000,5322,17123000000,map,-0.021870592435514757,0.3873021621274553,-0.3698617437128892,0.0,0.0,0.0,0.0
17125000000,5323,17125000000,map,0.20120278514602663,-0.3239019708851019,-0.0882285131897132,0.0,0.0,0.0,0.0
17127000000,5324,17127000000,map,0.0688501330099543,-0.027484535110065766,-0.11805658457756546,0.0,0.0,0.0,0.0
17129000000,5325,17129000000,map,-0.27062976090871954,0.017118975276460335,-0.12454217890793534,0.0,0.0,0.0,0.0
17131000000,5326,17131000000,map,-0.11355480273636837,0.2154856679785624,0.11522441229927805,0.0,0.0,0.0,0.0
17133000000,5327,17133000000,map,0.29324004127262493,0.34544895260406594,-0.13505038252758667,0.0,0.0,0.0,0.0
17135000000,5328,17135000000,map,0.1167386446023001,-0.07664628931862116,0.2905788633684768,0.0,0.0,0.0,0.0
17137000000,5329,17137000000,map,0.39374810245274716,0.11518690902317519,-0.15479989396457522,0.0,0.0,0.0,0.0
17140000000,5330,17140000000,map,0.03288688177523208,-0.37991770779186723,0.37924022458887563,0.0,0.0,0.0,0.0
17141000000,5331,17141000000,map,-0.14984807840504305,-0.08225282029268766,0.166176211028481,0.0,0.0,0.0,0.0
17144000000,5332,17144000000,map,-0.3069917049911505,0.26011488400582294,-0.36807090192553943,0.0,0.0,0.0,0.0
17146000000,5333,17145000000,map,0.30532591082078075,-0.11845542807069953,-0.23072438172015486,0.0,0.0,0.0,0.0
17148000000,5334,17147000000,map,-0.3875967817189308,-0.33049337415483493,0.1754397794096234,0.0,0.0,0.0,0.0
17149000000,5335,17149000000,map,0.39695691295082225,-0.18929368548263212,-0.23594669083902423,0.0,0.0,0.0,0.0
17152000000,5336,17152000000,map,0.19692312598027029,0.18082694777654296,-0.09564001253480792,0.0,0.0,0.0,0.0
17153000000,5337,17153000000,map,0.28010288335113087,0.04218764298059946,0.08975402507888308,0.0,0.0,0.0,0.0
17156000000,5338,17155000000,map,-0.07728207824172917,-0.3381660747757328,0.21399444068525186,0.0,0.0,0.0,0.0
17157000000,5339,17157000000,map,0.13455391842192754,-0.14165205999647257,0.0593566631197196,0.0,0.0,0.0,0.0
17159000000,5340,17159000000,map,-0.05333781997792114,0.17564017418022893,0.2939130419403032,0.0,0.0,0.0,0.0
17162000000,5341,17161000000,map,-0.13162727212048825,-0.12434324586106665,-0.2904047478335602,0.0,0.0,0.0,0.0
17163000000,5342,17163000000,map,0.3762926020872045,-0.03247181003731958,0.16814091852628543,0.0,0.0,0.0,0.0
17165000000,5343,17165000000,map,0.21236188758869756,-0.2661849007804363,-0.39867563074645557,0.0,0.0,0.0,0.0
17167000000,5344,17167000000,map,0.22887660668384313,-0.3974727221049949,0.3912208507370274,0.0,0.0,0.0,0.0
17169000000,5345,17169000000,map,0.07102556993816966,-0.08195097407098906,-0.24242564103992403,0.0,0.0,0.0,0.0
17171000000,5346,17171000000,map,0.3052812021664594,-0.31132446640450806,0.10121588353054889,0.0,0.0,0.0,0.0
17173000000,5347,17173000000,map,0.3045241059056618,0.06842611776865948,0.17297557119613372,0.0,0.0,0.0,0.0
17176000000,5348,17175000000,map,0.2717308177485367,0.38859961237147655,0.3690135353595343,0.0,0.0,0.0,0.0
17177000000,5349,17177000000,map,-0.1635783360824509,-0.20227950449098384,0.02172829830070977,0.0,0.0,0.0,0.0
17180000000,5350,17180000000,map,-0.30520652590176306,0.2677221837330991,-0.24698754225615815,0.0,0.0,0.0,0.0
17182000000,5351,17182000000,map,0.04491155168577138,-0.38941366544826855,0.21072443744700198,0.0,0.0,0.0,0.0
17184000000,5352,17183000000,map,-0.33023654747209313,0.3204273505603177,0.07736321438499277,0.0,0.0,0.0,0.0
17185000000,5353,17185000000,map,0.017956993618451544,-0.31818310477070527,0.12550979179705823,0.0,0.0,0.0,0.0
17188000000,5354,17188000000,map,0.21770062740165874,-0.04268939987130166,-0.02339501229628116,0.0,0.0,0.0,0.0
17189000000,5355,17189000000,map,-0.24772206337137503,-0.128529875132518,-0.15804064710003113,0.0,0.0,0.0,0.0
17191000000,5356,17191000000,map,0.24901417218775046,-0.2709039329737545,-0.3731268273287401,0.0,0.0,0.0,0.0
17194000000,5357,17193000000,map,-0.11599623972958545,0.3054213433092724,-0.26526056376021057,0.0,0.0,0.0,0.0
17196000000,5358,17195000000,map,0.1408631238287812,-0.17718699415184924,-0.28687806289654383,0.0,0.0,0.0,0.0
17198000000,5359,17198000000,map,-0.034717949820499805,-0.10946526115049116,-0.239501000148048,0.0,0.0,0.0,0.0
17200000000,5360,17200000000,map,-0.07589344352093724,0.2998813504217912,0.09509968170980343,0.0,0.0,0.0,0.0
17202000000,5361,17201000000,map,-0.08544147842861627,-0.1947679430554643,-0.002439511231091651,0.0,0.0,0.0,0.0
17203000000,5362,17203000000,map,-0.3907721087302092,-0.366638895161094,0.3287799655328363,0.0,0.0,0.0,0.0
17205000000,5363,17205000000,map,0.10602324941035302,0.3160051251099264,0.2495287565996408,0.0,0.0,0.0,0.0
17208000000,5364,17208000000,map,-0.24937337647028934,-0.11130665997777878,-0.051721509523884435,0.0,0.0,0.0,0.0
17209000000,5365,17209000000,map,-0.2970214341986396,0.08566890508111474,0.1119811715754111,0.0,0.0,0.0,0.0
17211000000,5366,17211000000,map,-0.05973220371944815,0.0852446920897233,-0.31291988849285785,0.0,0.0,0.0,0.0
17213000000,5367,17213000000,map,0.0013118362660232141,-0.25656651374820993,0.39305257055662357,0.0,0.0,0.0,0.0
17215000000,5368,17215000000,map,0.21939136957940986,-0.016536985625340228,-0.09152070978441035,0.0,0.0,0.0,0.0
17217000000,5369,17217000000,map,0.0032039526943178354,0.08882870733851655,0.05870877100721189,0.0,0.0,0.0,0.0
17219000000,5370,17219000000,map,-0.31581887682601756,0.2676939667450057,-0.18749598820709076,0.0,0.0,0.0,0.0
17221000000,5371,17221000000,map,-0.10323379762117219,-0.055978373165734396,-0.17667055003493806,0.0,0.0,0.0,0.0
17223000000,5372,17223000000,map,0.15768396915705463,-0.2649917231712376,-0.21317822750135068,0.0,0.0,0.0,0.0
17226000000,5373,17226000000,map,0.03702662667586665,-0.1945270768131449,-0.3470815725745166,0.0,0.0,0.0,0.0
17227000000,5374,17227000000,map,0.23824042063884265,-0.13573934041846808,-0.187766403873895,0.0,0.0,0.0,0.0
17229000000,5375,17229000000,map,-0.021974326598477145,0.006123790014733621,-0.27686026192585167,0.0,0.0,0.0,0.0
17232000000,5376,17231000000,map,-0.12406487064389565,0.010092539448579962,0.08926490893759487,0.0,0.0,0.0,0.0
17233000000,5377,17233000000,map,0.05585042125466205,-0.38976801685351187,0.243566156787124,0.0,0.0,0.0,0.0
17236000000,5378,17236000000,map,0.06104721174053179,0.26383861350609206,0.06351564965585865,0.0,0.0,0.0,0.0
17238000000,5379,17237000000,map,-0.39873065213185327,0.1316685267515827,0.08912147235497575,0.0,0.0,0.0,0.0
17239000000,5380,17239000000,map,0.046679212532477365,0.34801452606249894,0.10762776904530769,0.0,0.0,0.0,0.0
17242000000,5381,17242000000,map,-0.17163962536147112,-0.29840242755196067,-0.2830311362752092,0.0,0.0,0.0,0.0
17244000000,5382,17243000000,map,0.3203149851750243,0.15748004247706215,-0.073423924124285,0.0,0.0,0.0,0.0
17246000000,5383,17245000000,map,-0.10664109437759145,-0.32184443058895174,0.21164367176267507,0.0,0.0,0.0,0.0
17248000000,5384,17248000000,map,0.03388238532190774,0.12926235995333157,-0.3095617181923545,0.0,0.0,0.0,0.0
17249000000,5385,17249000000,map,0.37843443515291664,-0.045514607580480815,-0.1739412420865587,0.0,0.0,0.0,0.0
17252000000,5386,17252000000,map,-0.2205664881232683,0.02466900381338394,0.30927283898675184,0.0,0.0,0.0,0.0
17254000000,5387,17253000000,map,0.24994261396829287,-0.14589786605644345,-0.056001690542767824,0.0,0.0,0.0,0.0
17256000000,5388,17256000000,map,0.16759528619852426,-0.2071708130607567,-0.04685156386413858,0.0,0.0,0.0,0.0
17258000000,5389,17257000000,map,0.22636058588232044,-0.3380903392440983,-0.2988984953933178,0.0,0.0,0.0,0.0
17260000000,5390,17259000000,map,-0.05624640301327044,-0.20194729119023172,0.3594953844242036,0.0,0.0,0.0,0.0
17261000000,5391,17261000000,map,-0.0405523500029929,0.19948979553660062,-0.005025488622815932,0.0,0.0,0.0,0.0
17263000000,5392,17263000000,map,-0.28339757454817244,-0.07380876270981152,-0.0587085751917813,0.0,0.0,0.0,0.0
17265000000,5393,17265000000,map,0.10109920859410493,0.2198105736338417,-0.0958343024168381,0.0,0.0,0.0,0.0
17267000000,5394,17267000000,map,0.14974297767188538,-0.159727487402769,-0.3435693290782338,0.0,0.0,0.0,0.0
17269000000,5395,17269000000,map,0.2935035611911311,0.22598074633119336,0.23470245191888706,0.0,0.0,0.0,0.0
17272000000,5396,17272000000,map,-0.1816512643466143,0.03919226642508289,0.04973800495844005,0.0,0.0,0.0,0.0
17273000000,5397,17273000000,map,-0.3714229170166659,0.38062058169328994,-0.2018401210068454,0.0,0.0,0.0,0.0
17275000000,5398,17275000000,map,0.24840562011216782,0.31997335391333803,-0.02261425043816767,0.0,0.0,0.0,0.0
17277000000,5399,17277000000,map,0.12780148375591804,-0.07724087609952496,-0.30533652724798577,0.0,0.0,0.0,0.0
17280000000,5400,17279000000,map,0.3437911350928874,0.32236114606296284,0.08614692137084329,0.0,0.0,0.0,0.0
17281000000,5401,17281000000,map,-0.10989462424066948,-0.23001702653037534,0.2502280759787121,0.0,0.0,0.0,0.0
17284000000,5402,17284000000,map,-0.10041819962692089,-0.19129515276428136,-0.08251285178140766,0.0,0.0,0.0,0.0
17286000000,5403,17285000000,map,-0.3669736361013655,0.22705330809082824,0.13905356516837608,0.0,0.0,0.0,0.0
17287000000,5404,17287000000,map,0.0667282831826258,0.2122710172839416,0.1533737306121019,0.0,0.0,0.0,0.0
17289000000,5405,17289000000,map,0.3207947556858074,-0.25411649350044146,-0.3595707396376112,0.0,0.0,0.0,0.0
17291000000,5406,17291000000,map,0.07103688305118305,-0.29303813453763866,-0.3742496851709053,0.0,0.0,0.0,0.0
