%time,field.clock
10891000000,10883000000
10891000000,10884000000
10891000000,10885000000
10891000000,10886000000
10891000000,10887000000
10891000000,10888000000
10891000000,10889000000
10891000000,10890000000
10891000000,10891000000
10892000000,10892000000
10893000000,10893000000
10894000000,10894000000
10895000000,10895000000
10896000000,10896000000
10897000000,10897000000
10898000000,10898000000
10899000000,10899000000
10900000000,10900000000
10901000000,10901000000
10902000000,10902000000
10903000000,10903000000
10904000000,10904000000
10905000000,10905000000
10906000000,10906000000
10907000000,10907000000
10908000000,10908000000
10909000000,10909000000
10910000000,10910000000
10911000000,10911000000
10912000000,10912000000
10913000000,10913000000
10914000000,10914000000
10915000000,10915000000
10916000000,10916000000
10917000000,10917000000
10917000000,10918000000
10919000000,10919000000
10919000000,10920000000
10921000000,10921000000
10921000000,10922000000
10923000000,10923000000
10924000000,10924000000
10925000000,10925000000
10926000000,10926000000
10927000000,10927000000
10928000000,10928000000
10929000000,10929000000
10930000000,10930000000
10931000000,10931000000
10932000000,10932000000
10933000000,10933000000
10934000000,10934000000
10934000000,10935000000
10936000000,10936000000
10937000000,10937000000
10938000000,10938000000
10938000000,10939000000
10940000000,10940000000
10941000000,10941000000
10941000000,10942000000
10943000000,10943000000
10944000000,10944000000
10945000000,10945000000
10946000000,10946000000
10947000000,10947000000
10948000000,10948000000
10949000000,10949000000
10950000000,10950000000
10951000000,10951000000
10952000000,10952000000
10952000000,10953000000
10952000000,10954000000
10952000000,10955000000
10956000000,10956000000
10957000000,10957000000
10958000000,10958000000
10959000000,10959000000
10960000000,10960000000
10961000000,10961000000
10962000000,10962000000
10963000000,10963000000
10964000000,10964000000
10965000000,10965000000
10966000000,10966000000
10967000000,10967000000
10968000000,10968000000
10969000000,10969000000
10970000000,10970000000
10970000000,10971000000
10972000000,10972000000
10973000000,10973000000
10974000000,10974000000
10975000000,10975000000
10975000000,10976000000
10976000000,10977000000
10978000000,10978000000
10979000000,10979000000
10980000000,10980000000
10981000000,10981000000
10982000000,10982000000
10983000000,10983000000
10984000000,10984000000
10985000000,10985000000
10986000000,10986000000
10987000000,10987000000
10988000000,10988000000
10989000000,10989000000
10990000000,10990000000
10991000000,10991000000
10992000000,10992000000
10993000000,10993000000
10994000000,10994000000
10995000000,10995000000
10996000000,10996000000
10997000000,10997000000
10998000000,10998000000
10999000000,10999000000
11000000000,11000000000
11001000000,11001000000
11002000000,11002000000
11003000000,11003000000
11004000000,11004000000
11005000000,11005000000
11006000000,11006000000
11007000000,11007000000
11008000000,11008000000
11009000000,11009000000
11010000000,11010000000
11011000000,11011000000
11012000000,11012000000
11013000000,11013000000
11014000000,11014000000
11015000000,11015000000
11016000000,11016000000
11017000000,11017000000
11018000000,11018000000
11019000000,11019000000
11020000000,11020000000
11021000000,11021000000
11022000000,11022000000
11023000000,11023000000
11024000000,11024000000
11025000000,11025000000
11026000000,11026000000
11027000000,11027000000
11028000000,11028000000
11029000000,11029000000
11030000000,11030000000
11031000000,11031000000
11031000000,11032000000
11033000000,11033000000
11034000000,11034000000
11035000000,11035000000
11036000000,11036000000
11037000000,11037000000
11038000000,11038000000
11039000000,11039000000
11040000000,11040000000
11041000000,11041000000
11042000000,11042000000
11043000000,11043000000
11044000000,11044000000
11044000000,11045000000
11046000000,11046000000
11047000000,11047000000
11048000000,11048000000
11049000000,11049000000
11050000000,11050000000
11051000000,11051000000
11052000000,11052000000
11053000000,11053000000
11054000000,11054000000
11055000000,11055000000
11056000000,11056000000
11057000000,11057000000
11058000000,11058000000
11059000000,11059000000
11060000000,11060000000
11061000000,11061000000
11062000000,11062000000
11063000000,11063000000
11064000000,11064000000
11065000000,11065000000
11066000000,11066000000
11067000000,11067000000
11068000000,11068000000
11069000000,11069000000
11070000000,11070000000
11071000000,11071000000
11072000000,11072000000
11073000000,11073000000
11074000000,11074000000
11075000000,11075000000
11076000000,11076000000
11077000000,11077000000
11077000000,11078000000
11079000000,11079000000
11079000000,11080000000
11080000000,11081000000
11081000000,11082000000
11082000000,11083000000
11084000000,11084000000
11085000000,11085000000
11085000000,11086000000
11087000000,11087000000
11088000000,11088000000
11088000000,11089000000
11089000000,11090000000
11090000000,11091000000
11091000000,11092000000
11092000000,11093000000
11094000000,11094000000
11095000000,11095000000
11095000000,11096000000
11096000000,11097000000
11097000000,11098000000
11098000000,11099000000
11100000000,11100000000
11101000000,11101000000
11102000000,11102000000
11103000000,11103000000
11104000000,11104000000
11105000000,11105000000
11106000000,11106000000
11107000000,11107000000
11108000000,11108000000
11109000000,11109000000
11109000000,11110000000
11111000000,11111000000
11112000000,11112000000
11113000000,11113000000
11113000000,11114000000
11115000000,11115000000
11116000000,11116000000
11117000000,11117000000
11118000000,11118000000
11119000000,11119000000
11120000000,11120000000
11121000000,11121000000
11122000000,11122000000
11123000000,11123000000
11124000000,11124000000
11125000000,11125000000
11126000000,11126000000
11127000000,11127000000
11128000000,11128000000
11129000000,11129000000
11130000000,11130000000
11131000000,11131000000
11132000000,11132000000
11133000000,11133000000
11134000000,11134000000
11135000000,11135000000
11136000000,11136000000
11137000000,11137000000
11138000000,11138000000
11139000000,11139000000
11140000000,11140000000
11141000000,11141000000
11142000000,11142000000
11143000000,11143000000
11144000000,11144000000
11145000000,11145000000
11146000000,11146000000
11147000000,11147000000
11148000000,11148000000
11149000000,11149000000
11150000000,11150000000
11151000000,11151000000
11152000000,11152000000
11153000000,11153000000
11154000000,11154000000
11155000000,11155000000
11156000000,11156000000
11157000000,11157000000
11158000000,11158000000
11159000000,11159000000
11160000000,11160000000
11161000000,11161000000
11162000000,11162000000
11163000000,11163000000
11164000000,11164000000
11165000000,11165000000
11166000000,11166000000
11167000000,11167000000
11168000000,11168000000
11169000000,11169000000
11170000000,11170000000
11171000000,11171000000
11172000000,11172000000
11173000000,11173000000
11174000000,11174000000
11175000000,11175000000
11176000000,11176000000
11177000000,11177000000
11178000000,11178000000
11179000000,11179000000
11180000000,11180000000
11180000000,11181000000
11182000000,11182000000
11183000000,11183000000
11184000000,11184000000
11185000000,11185000000
11186000000,11186000000
11187000000,11187000000
11188000000,11188000000
11189000000,11189000000
11190000000,11190000000
11191000000,11191000000
11192000000,11192000000
11193000000,11193000000
11194000000,11194000000
11195000000,11195000000
11196000000,11196000000
11197000000,11197000000
11198000000,11198000000
11199000000,11199000000
11200000000,11200000000
11201000000,11201000000
11202000000,11202000000
11203000000,11203000000
11204000000,11204000000
11205000000,11205000000
11206000000,11206000000
11207000000,11207000000
11208000000,11208000000
11209000000,11209000000
11209000000,11210000000
11211000000,11211000000
11211000000,11212000000
11212000000,11213000000
11213000000,11214000000
11215000000,11215000000
11216000000,11216000000
11217000000,11217000000
11217000000,11218000000
11218000000,11219000000
11219000000,11220000000
11220000000,11221000000
11222000000,11222000000
11223000000,11223000000
11224000000,11224000000
11225000000,11225000000
11226000000,11226000000
11227000000,11227000000
11228000000,11228000000
11229000000,11229000000
11230000000,11230000000
11231000000,11231000000
11231000000,11232000000
11232000000,11233000000
11233000000,11234000000
11235000000,11235000000
11236000000,11236000000
11237000000,11237000000
11237000000,11238000000
11239000000,11239000000
11239000000,11240000000
11241000000,11241000000
11242000000,11242000000
11243000000,11243000000
11243000000,11244000000
11244000000,11245000000
11245000000,11246000000
11247000000,11247000000
11248000000,11248000000
11249000000,11249000000
11250000000,11250000000
11251000000,11251000000
11252000000,11252000000
11253000000,11253000000
11253000000,11254000000
11254000000,11255000000
11255000000,11256000000
11257000000,11257000000
11257000000,11258000000
11259000000,11259000000
11260000000,11260000000
11261000000,11261000000
11261000000,11262000000
11263000000,11263000000
11264000000,11264000000
11265000000,11265000000
11266000000,11266000000
11267000000,11267000000
11268000000,11268000000
11269000000,11269000000
11270000000,11270000000
11271000000,11271000000
11271000000,11272000000
11273000000,11273000000
11274000000,11274000000
11274000000,11275000000
11275000000,11276000000
11277000000,11277000000
11277000000,11278000000
11279000000,11279000000
11280000000,11280000000
11281000000,11281000000
11282000000,11282000000
11283000000,11283000000
11283000000,11284000000
11284000000,11285000000
11286000000,11286000000
11286000000,11287000000
11287000000,11288000000
11289000000,11289000000
11290000000,11290000000
11290000000,11291000000
11291000000,11292000000
11292000000,11293000000
11294000000,11294000000
11295000000,11295000000
11295000000,11296000000
11297000000,11297000000
11297000000,11298000000
11299000000,11299000000
11300000000,11300000000
11301000000,11301000000
11302000000,11302000000
11303000000,11303000000
11303000000,11304000000
11305000000,11305000000
11306000000,11306000000
11307000000,11307000000
11308000000,11308000000
11309000000,11309000000
11310000000,11310000000
11310000000,11311000000
11311000000,11312000000
11312000000,11313000000
11314000000,11314000000
11315000000,11315000000
11315000000,11316000000
11317000000,11317000000
11318000000,11318000000
11319000000,11319000000
11320000000,11320000000
11321000000,11321000000
11322000000,11322000000
11323000000,11323000000
11324000000,11324000000
11325000000,11325000000
11326000000,11326000000
11327000000,11327000000
11328000000,11328000000
11329000000,11329000000
11330000000,11330000000
11331000000,11331000000
11332000000,11332000000
11333000000,11333000000
11333000000,11334000000
11335000000,11335000000
11336000000,11336000000
11337000000,11337000000
11338000000,11338000000
11339000000,11339000000
11339000000,11340000000
11341000000,11341000000
11342000000,11342000000
11343000000,11343000000
11344000000,11344000000
11345000000,11345000000
11346000000,11346000000
11347000000,11347000000
11348000000,11348000000
11349000000,11349000000
11350000000,11350000000
11351000000,11351000000
11352000000,11352000000
11353000000,11353000000
11354000000,11354000000
11355000000,11355000000
11356000000,11356000000
11357000000,11357000000
11358000000,11358000000
11359000000,11359000000
11360000000,11360000000
11361000000,11361000000
11362000000,11362000000
11363000000,11363000000
11364000000,11364000000
11365000000,11365000000
11366000000,11366000000
11367000000,11367000000
11368000000,11368000000
11369000000,11369000000
11370000000,11370000000
11371000000,11371000000
11372000000,11372000000
11373000000,11373000000
11374000000,11374000000
11375000000,11375000000
11376000000,11376000000
11377000000,11377000000
11378000000,11378000000
11379000000,11379000000
11379000000,11380000000
11381000000,11381000000
11382000000,11382000000
11383000000,11383000000
11384000000,11384000000
11385000000,11385000000
11385000000,11386000000
11387000000,11387000000
11388000000,11388000000
11389000000,11389000000
11389000000,11390000000
11391000000,11391000000
11391000000,11392000000
11393000000,11393000000
11393000000,11394000000
11395000000,11395000000
11396000000,11396000000
11397000000,11397000000
11398000000,11398000000
11399000000,11399000000
11400000000,11400000000
11401000000,11401000000
11402000000,11402000000
11403000000,11403000000
11404000000,11404000000
11405000000,11405000000
11405000000,11406000000
11407000000,11407000000
11408000000,11408000000
11409000000,11409000000
11410000000,11410000000
11410000000,11411000000
11412000000,11412000000
11413000000,11413000000
11413000000,11414000000
11415000000,11415000000
11416000000,11416000000
11417000000,11417000000
11418000000,11418000000
11419000000,11419000000
11420000000,11420000000
11421000000,11421000000
11422000000,11422000000
11423000000,11423000000
11424000000,11424000000
11425000000,11425000000
11426000000,11426000000
11427000000,11427000000
11428000000,11428000000
11429000000,11429000000
11430000000,11430000000
11431000000,11431000000
11432000000,11432000000
11433000000,11433000000
11434000000,11434000000
11435000000,11435000000
11436000000,11436000000
11437000000,11437000000
11438000000,11438000000
11439000000,11439000000
11440000000,11440000000
11441000000,11441000000
11442000000,11442000000
11443000000,11443000000
11444000000,11444000000
11445000000,11445000000
11446000000,11446000000
11447000000,11447000000
11448000000,11448000000
11449000000,11449000000
11450000000,11450000000
11451000000,11451000000
11452000000,11452000000
11453000000,11453000000
11454000000,11454000000
11455000000,11455000000
11456000000,11456000000
11457000000,11457000000
11458000000,11458000000
11459000000,11459000000
11460000000,11460000000
11461000000,11461000000
11462000000,11462000000
11463000000,11463000000
11464000000,11464000000
11465000000,11465000000
11466000000,11466000000
11467000000,11467000000
11468000000,11468000000
11469000000,11469000000
11470000000,11470000000
11471000000,11471000000
11472000000,11472000000
11473000000,11473000000
11474000000,11474000000
11475000000,11475000000
11476000000,11476000000
11477000000,11477000000
11478000000,11478000000
11479000000,11479000000
11480000000,11480000000
11481000000,11481000000
11482000000,11482000000
11483000000,11483000000
11484000000,11484000000
11485000000,11485000000
11486000000,11486000000
11487000000,11487000000
11488000000,11488000000
11489000000,11489000000
11490000000,11490000000
11490000000,11491000000
11491000000,11492000000
11492000000,11493000000
11494000000,11494000000
11495000000,11495000000
11496000000,11496000000
11497000000,11497000000
11497000000,11498000000
11499000000,11499000000
11500000000,11500000000
11501000000,11501000000
11502000000,11502000000
11502000000,11503000000
11504000000,11504000000
11504000000,11505000000
11506000000,11506000000
11506000000,11507000000
11508000000,11508000000
11508000000,11509000000
11510000000,11510000000
11511000000,11511000000
11511000000,11512000000
11512000000,11513000000
11514000000,11514000000
11514000000,11515000000
11516000000,11516000000
11517000000,11517000000
11518000000,11518000000
11519000000,11519000000
11520000000,11520000000
11521000000,11521000000
11522000000,11522000000
11523000000,11523000000
11523000000,11524000000
11524000000,11525000000
11525000000,11526000000
11527000000,11527000000
11528000000,11528000000
11529000000,11529000000
11530000000,11530000000
11531000000,11531000000
11532000000,11532000000
11532000000,11533000000
11533000000,11534000000
11534000000,11535000000
11536000000,11536000000
11537000000,11537000000
11538000000,11538000000
11539000000,11539000000
11540000000,11540000000
11541000000,11541000000
11541000000,11542000000
11542000000,11543000000
11544000000,11544000000
11544000000,11545000000
11546000000,11546000000
11547000000,11547000000
11548000000,11548000000
11549000000,11549000000
11550000000,11550000000
11551000000,11551000000
11551000000,11552000000
11552000000,11553000000
11554000000,11554000000
11554000000,11555000000
11556000000,11556000000
11557000000,11557000000
11557000000,11558000000
11559000000,11559000000
11560000000,11560000000
11561000000,11561000000
11562000000,11562000000
11563000000,11563000000
11564000000,11564000000
11564000000,11565000000
11566000000,11566000000
11567000000,11567000000
11568000000,11568000000
11569000000,11569000000
11570000000,11570000000
11570000000,11571000000
11571000000,11572000000
11572000000,11573000000
11574000000,11574000000
11574000000,11575000000
11576000000,11576000000
11576000000,11577000000
11577000000,11578000000
11578000000,11579000000
11580000000,11580000000
11581000000,11581000000
11582000000,11582000000
11582000000,11583000000
11584000000,11584000000
11584000000,11585000000
11585000000,11586000000
11587000000,11587000000
11587000000,11588000000
11588000000,11589000000
11590000000,11590000000
11591000000,11591000000
11592000000,11592000000
11593000000,11593000000
11594000000,11594000000
11595000000,11595000000
11596000000,11596000000
11596000000,11597000000
11597000000,11598000000
11598000000,11599000000
11600000000,11600000000
11601000000,11601000000
11602000000,11602000000
11603000000,11603000000
11604000000,11604000000
11605000000,11605000000
11606000000,11606000000
11607000000,11607000000
11608000000,11608000000
11609000000,11609000000
11610000000,11610000000
11611000000,11611000000
11612000000,11612000000
11613000000,11613000000
11613000000,11614000000
11615000000,11615000000
11616000000,11616000000
11617000000,11617000000
11618000000,11618000000
11619000000,11619000000
11620000000,11620000000
11621000000,11621000000
11622000000,11622000000
11623000000,11623000000
11624000000,11624000000
11625000000,11625000000
11626000000,11626000000
11627000000,11627000000
11627000000,11628000000
11629000000,11629000000
11630000000,11630000000
11631000000,11631000000
11631000000,11632000000
11633000000,11633000000
11634000000,11634000000
11635000000,11635000000
11636000000,11636000000
11637000000,11637000000
11638000000,11638000000
11639000000,11639000000
11640000000,11640000000
11641000000,11641000000
11642000000,11642000000
11643000000,11643000000
11644000000,11644000000
11645000000,11645000000
11646000000,11646000000
11647000000,11647000000
11648000000,11648000000
11649000000,11649000000
11650000000,11650000000
11651000000,11651000000
11652000000,11652000000
11652000000,11653000000
11654000000,11654000000
11655000000,11655000000
11656000000,11656000000
11657000000,11657000000
11658000000,11658000000
11659000000,11659000000
11660000000,11660000000
11661000000,11661000000
11661000000,11662000000
11663000000,11663000000
11664000000,11664000000
11665000000,11665000000
11666000000,11666000000
11667000000,11667000000
11668000000,11668000000
11669000000,11669000000
11670000000,11670000000
11671000000,11671000000
11672000000,11672000000
11673000000,11673000000
11674000000,11674000000
11675000000,11675000000
11676000000,11676000000
11676000000,11677000000
11678000000,11678000000
11679000000,11679000000
11680000000,11680000000
11681000000,11681000000
11682000000,11682000000
11683000000,11683000000
11684000000,11684000000
11685000000,11685000000
11686000000,11686000000
11687000000,11687000000
11688000000,11688000000
11689000000,11689000000
11690000000,11690000000
11690000000,11691000000
11692000000,11692000000
11693000000,11693000000
11694000000,11694000000
11695000000,11695000000
11696000000,11696000000
11697000000,11697000000
11698000000,11698000000
11699000000,11699000000
11700000000,11700000000
11701000000,11701000000
11702000000,11702000000
11703000000,11703000000
11703000000,11704000000
11705000000,11705000000
11706000000,11706000000
11707000000,11707000000
11708000000,11708000000
11709000000,11709000000
11710000000,11710000000
11711000000,11711000000
11712000000,11712000000
11713000000,11713000000
11714000000,11714000000
11714000000,11715000000
11716000000,11716000000
11717000000,11717000000
11718000000,11718000000
11718000000,11719000000
11720000000,11720000000
11721000000,11721000000
11722000000,11722000000
11723000000,11723000000
11724000000,11724000000
11725000000,11725000000
11725000000,11726000000
11727000000,11727000000
11728000000,11728000000
11729000000,11729000000
11730000000,11730000000
11731000000,11731000000
11732000000,11732000000
11733000000,11733000000
11734000000,11734000000
11735000000,11735000000
11736000000,11736000000
11737000000,11737000000
11738000000,11738000000
11738000000,11739000000
11739000000,11740000000
11741000000,11741000000
11742000000,11742000000
11743000000,11743000000
11744000000,11744000000
11745000000,11745000000
11746000000,11746000000
11747000000,11747000000
11748000000,11748000000
11749000000,11749000000
11750000000,11750000000
11751000000,11751000000
11752000000,11752000000
11753000000,11753000000
11754000000,11754000000
11755000000,11755000000
11756000000,11756000000
11757000000,11757000000
11758000000,11758000000
11759000000,11759000000
11759000000,11760000000
11761000000,11761000000
11761000000,11762000000
11763000000,11763000000
11764000000,11764000000
11765000000,11765000000
11765000000,11766000000
11767000000,11767000000
11768000000,11768000000
11768000000,11769000000
11769000000,11770000000
11771000000,11771000000
11772000000,11772000000
11773000000,11773000000
11774000000,11774000000
11775000000,11775000000
11776000000,11776000000
11777000000,11777000000
11777000000,11778000000
11779000000,11779000000
11780000000,11780000000
11781000000,11781000000
11782000000,11782000000
11783000000,11783000000
11784000000,11784000000
11785000000,11785000000
11786000000,11786000000
11787000000,11787000000
11788000000,11788000000
11789000000,11789000000
11789000000,11790000000
11791000000,11791000000
11792000000,11792000000
11793000000,11793000000
11794000000,11794000000
11795000000,11795000000
11796000000,11796000000
11797000000,11797000000
11798000000,11798000000
11799000000,11799000000
11800000000,11800000000
11801000000,11801000000
11802000000,11802000000
11803000000,11803000000
11804000000,11804000000
11805000000,11805000000
11806000000,11806000000
11807000000,11807000000
11807000000,11808000000
11809000000,11809000000
11810000000,11810000000
11811000000,11811000000
11812000000,11812000000
11813000000,11813000000
11814000000,11814000000
11815000000,11815000000
11816000000,11816000000
11817000000,11817000000
11818000000,11818000000
11819000000,11819000000
11819000000,11820000000
11821000000,11821000000
11822000000,11822000000
11823000000,11823000000
11824000000,11824000000
11825000000,11825000000
11826000000,11826000000
11827000000,11827000000
11828000000,11828000000
11829000000,11829000000
11830000000,11830000000
11831000000,11831000000
11832000000,11832000000
11833000000,11833000000
11834000000,11834000000
11835000000,11835000000
11836000000,11836000000
11837000000,11837000000
11838000000,11838000000
11839000000,11839000000
11840000000,11840000000
11841000000,11841000000
11842000000,11842000000
11843000000,11843000000
11844000000,11844000000
11845000000,11845000000
11846000000,11846000000
11847000000,11847000000
11848000000,11848000000
11849000000,11849000000
11850000000,11850000000
11851000000,11851000000
11852000000,11852000000
11853000000,11853000000
11854000000,11854000000
11855000000,11855000000
11856000000,11856000000
11857000000,11857000000
11858000000,11858000000
11859000000,11859000000
11860000000,11860000000
11861000000,11861000000
11862000000,11862000000
11863000000,11863000000
11864000000,11864000000
11865000000,11865000000
11866000000,11866000000
11867000000,11867000000
11868000000,11868000000
11869000000,11869000000
11870000000,11870000000
11871000000,11871000000
11872000000,11872000000
11873000000,11873000000
11874000000,11874000000
11875000000,11875000000
11876000000,11876000000
11877000000,11877000000
11878000000,11878000000
11879000000,11879000000
11880000000,11880000000
11881000000,11881000000
11882000000,11882000000
11883000000,11883000000
11884000000,11884000000
11885000000,11885000000
11886000000,11886000000
11887000000,11887000000
11888000000,11888000000
11889000000,11889000000
11890000000,11890000000
11891000000,11891000000
11892000000,11892000000
11893000000,11893000000
11894000000,11894000000
11895000000,11895000000
11896000000,11896000000
11897000000,11897000000
11897000000,11898000000
11898000000,11899000000
11900000000,11900000000
11900000000,11901000000
11902000000,11902000000
11903000000,11903000000
11903000000,11904000000
11905000000,11905000000
11906000000,11906000000
11907000000,11907000000
11908000000,11908000000
11908000000,11909000000
11910000000,11910000000
11910000000,11911000000
11912000000,11912000000
11913000000,11913000000
11913000000,11914000000
11915000000,11915000000
11915000000,11916000000
11916000000,11917000000
11918000000,11918000000
11919000000,11919000000
11919000000,11920000000
11920000000,11921000000
11921000000,11922000000
11922000000,11923000000
11924000000,11924000000
11925000000,11925000000
11926000000,11926000000
11926000000,11927000000
11927000000,11928000000
11929000000,11929000000
11930000000,11930000000
11931000000,11931000000
11932000000,11932000000
11933000000,11933000000
11933000000,11934000000
11935000000,11935000000
11936000000,11936000000
11937000000,11937000000
11938000000,11938000000
11939000000,11939000000
11940000000,11940000000
11941000000,11941000000
11942000000,11942000000
11943000000,11943000000
11944000000,11944000000
11945000000,11945000000
11946000000,11946000000
11947000000,11947000000
11947000000,11948000000
11948000000,11949000000
11949000000,11950000000
11951000000,11951000000
11952000000,11952000000
11953000000,11953000000
11953000000,11954000000
11955000000,11955000000
11956000000,11956000000
11957000000,11957000000
11958000000,11958000000
11958000000,11959000000
11959000000,11960000000
11961000000,11961000000
11962000000,11962000000
11963000000,11963000000
11963000000,11964000000
11965000000,11965000000
11966000000,11966000000
11967000000,11967000000
11968000000,11968000000
11969000000,11969000000
11969000000,11970000000
11970000000,11971000000
11971000000,11972000000
11973000000,11973000000
11973000000,11974000000
11975000000,11975000000
11976000000,11976000000
11977000000,11977000000
11978000000,11978000000
11979000000,11979000000
11980000000,11980000000
11981000000,11981000000
11982000000,11982000000
11983000000,11983000000
11984000000,11984000000
11985000000,11985000000
11986000000,11986000000
11987000000,11987000000
11987000000,11988000000
11989000000,11989000000
11990000000,11990000000
11990000000,11991000000
11992000000,11992000000
11993000000,11993000000
11994000000,11994000000
11994000000,11995000000
11996000000,11996000000
11997000000,11997000000
11998000000,11998000000
11999000000,11999000000
12000000000,12000000000
12001000000,12001000000
12002000000,12002000000
12003000000,12003000000
12004000000,12004000000
12005000000,12005000000
12006000000,12006000000
12007000000,12007000000
12008000000,12008000000
12009000000,12009000000
12010000000,12010000000
12011000000,12011000000
12012000000,12012000000
12013000000,12013000000
12014000000,12014000000
12015000000,12015000000
12016000000,12016000000
12017000000,12017000000
12018000000,12018000000
12019000000,12019000000
12020000000,12020000000
12021000000,12021000000
12022000000,12022000000
12023000000,12023000000
12024000000,12024000000
12025000000,12025000000
12026000000,12026000000
12027000000,12027000000
12028000000,12028000000
12029000000,12029000000
12030000000,12030000000
12031000000,12031000000
12032000000,12032000000
12033000000,12033000000
12034000000,12034000000
12035000000,12035000000
12036000000,12036000000
12037000000,12037000000
12038000000,12038000000
12039000000,12039000000
12040000000,12040000000
12041000000,12041000000
12042000000,12042000000
12043000000,12043000000
12044000000,12044000000
12045000000,12045000000
12046000000,12046000000
12047000000,12047000000
12048000000,12048000000
12049000000,12049000000
12050000000,12050000000
12051000000,12051000000
12052000000,12052000000
12053000000,12053000000
12054000000,12054000000
12055000000,12055000000
12056000000,12056000000
12057000000,12057000000
12058000000,12058000000
12059000000,12059000000
12060000000,12060000000
12061000000,12061000000
12062000000,12062000000
12063000000,12063000000
12064000000,12064000000
12065000000,12065000000
12066000000,12066000000
12067000000,12067000000
12068000000,12068000000
12069000000,12069000000
12070000000,12070000000
12071000000,12071000000
12072000000,12072000000
12073000000,12073000000
12074000000,12074000000
12075000000,12075000000
12076000000,12076000000
12077000000,12077000000
12078000000,12078000000
12079000000,12079000000
12080000000,12080000000
12081000000,12081000000
12082000000,12082000000
12083000000,12083000000
12084000000,12084000000
12085000000,12085000000
12086000000,12086000000
12087000000,12087000000
12088000000,12088000000
12089000000,12089000000
12090000000,12090000000
12091000000,12091000000
12092000000,12092000000
12093000000,12093000000
12094000000,12094000000
12095000000,12095000000
12096000000,12096000000
12097000000,12097000000
12098000000,12098000000
12099000000,12099000000
12100000000,12100000000
12101000000,12101000000
12102000000,12102000000
12103000000,12103000000
12104000000,12104000000
12105000000,12105000000
12106000000,12106000000
12107000000,12107000000
12108000000,12108000000
12109000000,12109000000
12110000000,12110000000
12111000000,12111000000
12112000000,12112000000
12113000000,12113000000
12114000000,12114000000
12115000000,12115000000
12116000000,12116000000
12117000000,12117000000
12118000000,12118000000
12119000000,12119000000
12119000000,12120000000
12121000000,12121000000
12122000000,12122000000
12123000000,12123000000
12124000000,12124000000
12125000000,12125000000
12126000000,12126000000
12127000000,12127000000
12128000000,12128000000
12129000000,12129000000
12130000000,12130000000
12131000000,12131000000
12132000000,12132000000
12133000000,12133000000
12134000000,12134000000
12135000000,12135000000
12136000000,12136000000
12137000000,12137000000
12138000000,12138000000
12139000000,12139000000
12140000000,12140000000
12141000000,12141000000
12142000000,12142000000
12143000000,12143000000
12144000000,12144000000
12145000000,12145000000
12146000000,12146000000
12147000000,12147000000
12148000000,12148000000
12149000000,12149000000
12150000000,12150000000
12151000000,12151000000
12152000000,12152000000
12153000000,12153000000
12154000000,12154000000
12155000000,12155000000
12156000000,12156000000
12157000000,12157000000
12158000000,12158000000
12159000000,12159000000
12160000000,12160000000
12161000000,12161000000
12162000000,12162000000
12163000000,12163000000
12164000000,12164000000
12165000000,12165000000
12166000000,12166000000
12167000000,12167000000
12168000000,12168000000
12169000000,12169000000
12170000000,12170000000
12171000000,12171000000
12172000000,12172000000
12173000000,12173000000
12174000000,12174000000
12175000000,12175000000
12176000000,12176000000
12177000000,12177000000
12178000000,12178000000
12179000000,12179000000
12180000000,12180000000
12181000000,12181000000
12182000000,12182000000
12183000000,12183000000
12184000000,12184000000
12185000000,12185000000
12186000000,12186000000
12187000000,12187000000
12188000000,12188000000
12189000000,12189000000
12190000000,12190000000
12191000000,12191000000
12192000000,12192000000
12193000000,12193000000
12194000000,12194000000
12195000000,12195000000
12196000000,12196000000
12197000000,12197000000
12198000000,12198000000
12199000000,12199000000
12200000000,12200000000
12201000000,12201000000
12202000000,12202000000
12203000000,12203000000
12204000000,12204000000
12205000000,12205000000
12206000000,12206000000
12207000000,12207000000
12208000000,12208000000
12209000000,12209000000
12210000000,12210000000
12211000000,12211000000
12212000000,12212000000
12213000000,12213000000
12214000000,12214000000
12215000000,12215000000
12216000000,12216000000
12217000000,12217000000
12218000000,12218000000
12219000000,12219000000
12220000000,12220000000
12221000000,12221000000
12222000000,12222000000
12223000000,12223000000
12224000000,12224000000
12225000000,12225000000
12226000000,12226000000
12227000000,12227000000
12228000000,12228000000
12229000000,12229000000
12230000000,12230000000
12231000000,12231000000
12232000000,12232000000
12233000000,12233000000
12234000000,12234000000
12235000000,12235000000
12236000000,12236000000
12237000000,12237000000
12238000000,12238000000
12239000000,12239000000
12240000000,12240000000
12241000000,12241000000
12242000000,12242000000
12243000000,12243000000
12244000000,12244000000
12245000000,12245000000
12246000000,12246000000
12247000000,12247000000
12248000000,12248000000
12249000000,12249000000
12250000000,12250000000
12251000000,12251000000
12252000000,12252000000
12253000000,12253000000
12254000000,12254000000
12255000000,12255000000
12256000000,12256000000
12257000000,12257000000
12258000000,12258000000
12259000000,12259000000
12260000000,12260000000
12261000000,12261000000
12262000000,12262000000
12263000000,12263000000
12264000000,12264000000
12265000000,12265000000
12266000000,12266000000
12267000000,12267000000
12268000000,12268000000
12269000000,12269000000
12270000000,12270000000
12271000000,12271000000
12272000000,12272000000
12273000000,12273000000
12274000000,12274000000
12275000000,12275000000
12276000000,12276000000
12277000000,12277000000
12278000000,12278000000
12279000000,12279000000
12280000000,12280000000
12281000000,12281000000
12282000000,12282000000
12283000000,12283000000
12284000000,12284000000
12285000000,12285000000
12286000000,12286000000
12287000000,12287000000
12288000000,12288000000
12289000000,12289000000
12290000000,12290000000
12291000000,12291000000
12292000000,12292000000
12293000000,12293000000
12294000000,12294000000
12295000000,12295000000
12295000000,12296000000
12297000000,12297000000
12298000000,12298000000
12299000000,12299000000
12300000000,12300000000
12301000000,12301000000
12302000000,12302000000
12303000000,12303000000
12304000000,12304000000
12305000000,12305000000
12306000000,12306000000
12307000000,12307000000
12308000000,12308000000
12309000000,12309000000
12310000000,12310000000
12311000000,12311000000
12312000000,12312000000
12313000000,12313000000
12314000000,12314000000
12315000000,12315000000
12316000000,12316000000
12317000000,12317000000
12318000000,12318000000
12319000000,12319000000
12320000000,12320000000
12321000000,12321000000
12322000000,12322000000
12323000000,12323000000
12324000000,12324000000
12325000000,12325000000
12326000000,12326000000
12327000000,12327000000
12328000000,12328000000
12329000000,12329000000
12330000000,12330000000
12331000000,12331000000
12332000000,12332000000
12333000000,12333000000
12334000000,12334000000
12334000000,12335000000
12336000000,12336000000
12337000000,12337000000
12338000000,12338000000
12339000000,12339000000
12340000000,12340000000
12341000000,12341000000
12342000000,12342000000
12343000000,12343000000
12344000000,12344000000
12345000000,12345000000
12346000000,12346000000
12347000000,12347000000
12348000000,12348000000
12349000000,12349000000
12350000000,12350000000
12351000000,12351000000
12352000000,12352000000
12353000000,12353000000
12354000000,12354000000
12355000000,12355000000
12356000000,12356000000
12357000000,12357000000
12358000000,12358000000
12359000000,12359000000
12360000000,12360000000
12361000000,12361000000
12362000000,12362000000
12363000000,12363000000
12364000000,12364000000
12365000000,12365000000
12366000000,12366000000
12367000000,12367000000
12368000000,12368000000
12368000000,12369000000
12370000000,12370000000
12371000000,12371000000
12372000000,12372000000
12373000000,12373000000
12374000000,12374000000
12375000000,12375000000
12376000000,12376000000
12377000000,12377000000
12378000000,12378000000
12379000000,12379000000
12380000000,12380000000
12381000000,12381000000
12382000000,12382000000
12383000000,12383000000
12384000000,12384000000
12385000000,12385000000
12386000000,12386000000
12387000000,12387000000
12388000000,12388000000
12389000000,12389000000
12390000000,12390000000
12391000000,12391000000
12392000000,12392000000
12393000000,12393000000
12394000000,12394000000
12395000000,12395000000
12396000000,12396000000
12396000000,12397000000
12398000000,12398000000
12399000000,12399000000
12400000000,12400000000
12401000000,12401000000
12402000000,12402000000
12403000000,12403000000
12404000000,12404000000
12404000000,12405000000
12406000000,12406000000
12407000000,12407000000
12408000000,12408000000
12409000000,12409000000
12410000000,12410000000
12411000000,12411000000
12412000000,12412000000
12413000000,12413000000
12414000000,12414000000
12415000000,12415000000
12416000000,12416000000
12417000000,12417000000
12418000000,12418000000
12419000000,12419000000
12420000000,12420000000
12421000000,12421000000
12422000000,12422000000
12423000000,12423000000
12424000000,12424000000
12425000000,12425000000
12426000000,12426000000
12427000000,12427000000
12428000000,12428000000
12429000000,12429000000
12430000000,12430000000
12431000000,12431000000
12432000000,12432000000
12433000000,12433000000
12434000000,12434000000
12435000000,12435000000
12436000000,12436000000
12436000000,12437000000
12438000000,12438000000
12439000000,12439000000
12440000000,12440000000
12441000000,12441000000
12442000000,12442000000
12443000000,12443000000
12444000000,12444000000
12445000000,12445000000
12446000000,12446000000
12447000000,12447000000
12448000000,12448000000
12449000000,12449000000
12449000000,12450000000
12451000000,12451000000
12452000000,12452000000
12453000000,12453000000
12454000000,12454000000
12455000000,12455000000
12456000000,12456000000
12457000000,12457000000
12458000000,12458000000
12459000000,12459000000
12460000000,12460000000
12461000000,12461000000
12462000000,12462000000
12463000000,12463000000
12464000000,12464000000
12465000000,12465000000
12466000000,12466000000
12467000000,12467000000
12467000000,12468000000
12469000000,12469000000
12470000000,12470000000
12471000000,12471000000
12472000000,12472000000
12473000000,12473000000
12474000000,12474000000
12475000000,12475000000
12476000000,12476000000
12477000000,12477000000
12478000000,12478000000
12479000000,12479000000
12480000000,12480000000
12481000000,12481000000
12482000000,12482000000
12483000000,12483000000
12484000000,12484000000
12485000000,12485000000
12486000000,12486000000
12487000000,12487000000
12488000000,12488000000
12489000000,12489000000
12490000000,12490000000
12491000000,12491000000
12491000000,12492000000
12493000000,12493000000
12494000000,12494000000
12495000000,12495000000
12496000000,12496000000
12497000000,12497000000
12498000000,12498000000
12499000000,12499000000
12500000000,12500000000
12501000000,12501000000
12502000000,12502000000
12503000000,12503000000
12504000000,12504000000
12505000000,12505000000
12505000000,12506000000
12507000000,12507000000
12507000000,12508000000
12509000000,12509000000
12510000000,12510000000
12511000000,12511000000
12512000000,12512000000
12513000000,12513000000
12514000000,12514000000
12515000000,12515000000
12516000000,12516000000
12517000000,12517000000
12518000000,12518000000
12519000000,12519000000
12520000000,12520000000
12521000000,12521000000
12522000000,12522000000
12523000000,12523000000
12524000000,12524000000
12525000000,12525000000
12526000000,12526000000
12527000000,12527000000
12528000000,12528000000
12529000000,12529000000
12530000000,12530000000
12531000000,12531000000
12532000000,12532000000
12532000000,12533000000
12533000000,12534000000
12535000000,12535000000
12535000000,12536000000
12536000000,12537000000
12537000000,12538000000
12538000000,12539000000
12539000000,12540000000
12540000000,12541000000
12541000000,12542000000
12543000000,12543000000
12543000000,12544000000
12545000000,12545000000
12546000000,12546000000
12547000000,12547000000
12548000000,12548000000
12549000000,12549000000
12550000000,12550000000
12550000000,12551000000
12552000000,12552000000
12553000000,12553000000
12554000000,12554000000
12555000000,12555000000
12556000000,12556000000
12556000000,12557000000
12558000000,12558000000
12559000000,12559000000
12560000000,12560000000
12561000000,12561000000
12562000000,12562000000
12563000000,12563000000
12564000000,12564000000
12565000000,12565000000
12566000000,12566000000
12567000000,12567000000
12568000000,12568000000
12569000000,12569000000
12569000000,12570000000
12571000000,12571000000
12571000000,12572000000
12573000000,12573000000
12574000000,12574000000
12575000000,12575000000
12576000000,12576000000
12577000000,12577000000
12578000000,12578000000
12579000000,12579000000
12580000000,12580000000
12581000000,12581000000
12582000000,12582000000
12583000000,12583000000
12584000000,12584000000
12585000000,12585000000
12586000000,12586000000
12587000000,12587000000
12587000000,12588000000
12589000000,12589000000
12590000000,12590000000
12591000000,12591000000
12592000000,12592000000
12592000000,12593000000
12594000000,12594000000
12595000000,12595000000
12596000000,12596000000
12597000000,12597000000
12598000000,12598000000
12599000000,12599000000
12600000000,12600000000
12600000000,12601000000
12601000000,12602000000
12602000000,12603000000
12604000000,12604000000
12605000000,12605000000
12606000000,12606000000
12607000000,12607000000
12608000000,12608000000
12609000000,12609000000
12610000000,12610000000
12610000000,12611000000
12612000000,12612000000
12613000000,12613000000
12613000000,12614000000
12615000000,12615000000
12616000000,12616000000
12616000000,12617000000
12618000000,12618000000
12619000000,12619000000
12620000000,12620000000
12621000000,12621000000
12621000000,12622000000
12623000000,12623000000
12624000000,12624000000
12625000000,12625000000
12626000000,12626000000
12627000000,12627000000
12627000000,12628000000
12629000000,12629000000
12630000000,12630000000
12631000000,12631000000
12632000000,12632000000
12633000000,12633000000
12633000000,12634000000
12635000000,12635000000
12635000000,12636000000
12637000000,12637000000
12638000000,12638000000
12639000000,12639000000
12640000000,12640000000
12641000000,12641000000
12642000000,12642000000
12642000000,12643000000
12644000000,12644000000
12644000000,12645000000
12646000000,12646000000
12647000000,12647000000
12648000000,12648000000
12649000000,12649000000
12650000000,12650000000
12650000000,12651000000
12652000000,12652000000
12653000000,12653000000
12654000000,12654000000
12655000000,12655000000
12656000000,12656000000
12657000000,12657000000
12658000000,12658000000
12659000000,12659000000
12660000000,12660000000
12661000000,12661000000
12661000000,12662000000
12663000000,12663000000
12664000000,12664000000
12665000000,12665000000
12666000000,12666000000
12667000000,12667000000
12668000000,12668000000
12669000000,12669000000
12670000000,12670000000
12670000000,12671000000
12672000000,12672000000
12673000000,12673000000
12674000000,12674000000
12674000000,12675000000
12675000000,12676000000
12677000000,12677000000
12678000000,12678000000
12679000000,12679000000
12680000000,12680000000
12681000000,12681000000
12682000000,12682000000
12683000000,12683000000
12684000000,12684000000
12685000000,12685000000
12686000000,12686000000
12687000000,12687000000
12687000000,12688000000
12689000000,12689000000
12689000000,12690000000
12691000000,12691000000
12692000000,12692000000
12693000000,12693000000
12694000000,12694000000
12695000000,12695000000
12696000000,12696000000
12696000000,12697000000
12697000000,12698000000
12698000000,12699000000
12700000000,12700000000
12701000000,12701000000
12702000000,12702000000
12702000000,12703000000
12704000000,12704000000
12705000000,12705000000
12706000000,12706000000
12707000000,12707000000
12707000000,12708000000
12709000000,12709000000
12709000000,12710000000
12711000000,12711000000
12712000000,12712000000
12713000000,12713000000
12713000000,12714000000
12714000000,12715000000
12716000000,12716000000
12717000000,12717000000
12718000000,12718000000
12719000000,12719000000
12720000000,12720000000
12721000000,12721000000
12722000000,12722000000
12723000000,12723000000
12724000000,12724000000
12725000000,12725000000
12726000000,12726000000
12727000000,12727000000
12728000000,12728000000
12729000000,12729000000
12730000000,12730000000
12731000000,12731000000
12732000000,12732000000
12733000000,12733000000
12733000000,12734000000
12735000000,12735000000
12735000000,12736000000
12737000000,12737000000
12738000000,12738000000
12739000000,12739000000
12740000000,12740000000
12740000000,12741000000
12742000000,12742000000
12742000000,12743000000
12743000000,12744000000
12744000000,12745000000
12746000000,12746000000
12747000000,12747000000
12748000000,12748000000
12749000000,12749000000
12749000000,12750000000
12751000000,12751000000
12752000000,12752000000
12753000000,12753000000
12754000000,12754000000
12755000000,12755000000
12756000000,12756000000
12757000000,12757000000
12758000000,12758000000
12759000000,12759000000
12760000000,12760000000
12761000000,12761000000
12761000000,12762000000
12763000000,12763000000
12764000000,12764000000
12765000000,12765000000
12765000000,12766000000
12767000000,12767000000
12768000000,12768000000
12768000000,12769000000
12769000000,12770000000
12770000000,12771000000
12772000000,12772000000
12773000000,12773000000
12774000000,12774000000
12775000000,12775000000
12776000000,12776000000
12777000000,12777000000
12778000000,12778000000
12779000000,12779000000
12780000000,12780000000
12781000000,12781000000
12781000000,12782000000
12782000000,12783000000
12783000000,12784000000
12784000000,12785000000
12786000000,12786000000
12787000000,12787000000
12788000000,12788000000
12788000000,12789000000
12790000000,12790000000
12790000000,12791000000
12792000000,12792000000
12792000000,12793000000
12793000000,12794000000
12795000000,12795000000
12796000000,12796000000
12797000000,12797000000
12798000000,12798000000
12799000000,12799000000
12800000000,12800000000
12801000000,12801000000
12802000000,12802000000
12803000000,12803000000
12804000000,12804000000
12805000000,12805000000
12806000000,12806000000
12807000000,12807000000
12808000000,12808000000
12809000000,12809000000
12810000000,12810000000
12811000000,12811000000
12812000000,12812000000
12813000000,12813000000
12814000000,12814000000
12815000000,12815000000
12816000000,12816000000
12817000000,12817000000
12818000000,12818000000
12819000000,12819000000
12820000000,12820000000
12821000000,12821000000
12821000000,12822000000
12823000000,12823000000
12824000000,12824000000
12825000000,12825000000
12826000000,12826000000
12827000000,12827000000
12828000000,12828000000
12829000000,12829000000
12830000000,12830000000
12831000000,12831000000
12832000000,12832000000
12833000000,12833000000
12834000000,12834000000
12835000000,12835000000
12836000000,12836000000
12837000000,12837000000
12838000000,12838000000
12839000000,12839000000
12840000000,12840000000
12841000000,12841000000
12842000000,12842000000
12843000000,12843000000
12843000000,12844000000
12845000000,12845000000
12845000000,12846000000
12847000000,12847000000
12848000000,12848000000
12849000000,12849000000
12849000000,12850000000
12851000000,12851000000
12852000000,12852000000
12853000000,12853000000
12854000000,12854000000
12854000000,12855000000
12855000000,12856000000
12857000000,12857000000
12858000000,12858000000
12858000000,12859000000
12860000000,12860000000
12861000000,12861000000
12862000000,12862000000
12863000000,12863000000
12863000000,12864000000
12865000000,12865000000
12865000000,12866000000
12867000000,12867000000
12868000000,12868000000
12869000000,12869000000
12870000000,12870000000
12871000000,12871000000
12872000000,12872000000
12873000000,12873000000
12874000000,12874000000
12875000000,12875000000
12876000000,12876000000
12877000000,12877000000
12878000000,12878000000
12879000000,12879000000
12880000000,12880000000
12881000000,12881000000
12881000000,12882000000
12882000000,12883000000
12884000000,12884000000
12884000000,12885000000
12885000000,12886000000
12887000000,12887000000
12887000000,12888000000
12889000000,12889000000
12890000000,12890000000
12890000000,12891000000
12892000000,12892000000
12892000000,12893000000
12893000000,12894000000
12895000000,12895000000
12895000000,12896000000
12897000000,12897000000
12898000000,12898000000
12899000000,12899000000
12900000000,12900000000
12901000000,12901000000
12902000000,12902000000
12903000000,12903000000
12903000000,12904000000
12904000000,12905000000
12906000000,12906000000
12906000000,12907000000
12908000000,12908000000
12909000000,12909000000
12909000000,12910000000
12911000000,12911000000
12912000000,12912000000
12913000000,12913000000
12914000000,12914000000
12915000000,12915000000
12915000000,12916000000
12917000000,12917000000
12918000000,12918000000
12919000000,12919000000
12919000000,12920000000
12920000000,12921000000
12921000000,12922000000
12923000000,12923000000
12924000000,12924000000
12925000000,12925000000
12926000000,12926000000
12927000000,12927000000
12928000000,12928000000
12929000000,12929000000
12930000000,12930000000
12930000000,12931000000
12932000000,12932000000
12933000000,12933000000
12934000000,12934000000
12935000000,12935000000
12935000000,12936000000
12936000000,12937000000
12938000000,12938000000
12939000000,12939000000
12940000000,12940000000
12940000000,12941000000
12941000000,12942000000
12943000000,12943000000
12943000000,12944000000
12945000000,12945000000
12946000000,12946000000
12947000000,12947000000
12948000000,12948000000
12949000000,12949000000
12950000000,12950000000
12951000000,12951000000
12952000000,12952000000
12953000000,12953000000
12954000000,12954000000
12955000000,12955000000
12956000000,12956000000
12957000000,12957000000
12958000000,12958000000
12959000000,12959000000
12960000000,12960000000
12961000000,12961000000
12961000000,12962000000
12963000000,12963000000
12964000000,12964000000
12965000000,12965000000
12966000000,12966000000
12966000000,12967000000
12968000000,12968000000
12969000000,12969000000
12969000000,12970000000
12971000000,12971000000
12972000000,12972000000
12972000000,12973000000
12974000000,12974000000
12975000000,12975000000
12976000000,12976000000
12977000000,12977000000
12978000000,12978000000
12979000000,12979000000
12980000000,12980000000
12981000000,12981000000
12982000000,12982000000
12983000000,12983000000
12983000000,12984000000
12985000000,12985000000
12986000000,12986000000
12987000000,12987000000
12988000000,12988000000
12989000000,12989000000
12989000000,12990000000
12991000000,12991000000
12992000000,12992000000
12993000000,12993000000
12994000000,12994000000
12995000000,12995000000
12996000000,12996000000
12997000000,12997000000
12998000000,12998000000
12999000000,12999000000
13000000000,13000000000
13001000000,13001000000
13002000000,13002000000
13003000000,13003000000
13004000000,13004000000
13005000000,13005000000
13006000000,13006000000
13007000000,13007000000
13008000000,13008000000
13009000000,13009000000
13010000000,13010000000
13011000000,13011000000
13012000000,13012000000
13013000000,13013000000
13014000000,13014000000
13015000000,13015000000
13016000000,13016000000
13017000000,13017000000
13017000000,13018000000
13019000000,13019000000
13020000000,13020000000
13021000000,13021000000
13022000000,13022000000
13022000000,13023000000
13024000000,13024000000
13024000000,13025000000
13026000000,13026000000
13027000000,13027000000
13028000000,13028000000
13028000000,13029000000
13029000000,13030000000
13031000000,13031000000
13032000000,13032000000
13032000000,13033000000
13034000000,13034000000
13035000000,13035000000
13036000000,13036000000
13036000000,13037000000
13038000000,13038000000
13039000000,13039000000
13039000000,13040000000
13041000000,13041000000
13041000000,13042000000
13042000000,13043000000
13044000000,13044000000
13045000000,13045000000
13046000000,13046000000
13047000000,13047000000
13048000000,13048000000
13049000000,13049000000
13050000000,13050000000
13051000000,13051000000
13052000000,13052000000
13053000000,13053000000
13053000000,13054000000
13055000000,13055000000
13056000000,13056000000
13057000000,13057000000
13057000000,13058000000
13058000000,13059000000
13060000000,13060000000
13061000000,13061000000
13062000000,13062000000
13063000000,13063000000
13064000000,13064000000
13065000000,13065000000
13066000000,13066000000
13067000000,13067000000
13067000000,13068000000
13069000000,13069000000
13070000000,13070000000
13070000000,13071000000
13072000000,13072000000
13073000000,13073000000
13074000000,13074000000
13075000000,13075000000
13076000000,13076000000
13077000000,13077000000
13078000000,13078000000
13079000000,13079000000
13080000000,13080000000
13081000000,13081000000
13082000000,13082000000
13083000000,13083000000
13084000000,13084000000
13085000000,13085000000
13086000000,13086000000
13087000000,13087000000
13088000000,13088000000
13089000000,13089000000
13090000000,13090000000
13091000000,13091000000
13092000000,13092000000
13093000000,13093000000
13094000000,13094000000
13095000000,13095000000
13096000000,13096000000
13097000000,13097000000
13098000000,13098000000
13099000000,13099000000
13100000000,13100000000
13101000000,13101000000
13102000000,13102000000
13103000000,13103000000
13104000000,13104000000
13105000000,13105000000
13106000000,13106000000
13107000000,13107000000
13108000000,13108000000
13109000000,13109000000
13110000000,13110000000
13111000000,13111000000
13112000000,13112000000
13113000000,13113000000
13114000000,13114000000
13115000000,13115000000
13116000000,13116000000
13117000000,13117000000
13118000000,13118000000
13119000000,13119000000
13120000000,13120000000
13121000000,13121000000
13122000000,13122000000
13123000000,13123000000
13123000000,13124000000
13124000000,13125000000
13126000000,13126000000
13127000000,13127000000
13127000000,13128000000
13129000000,13129000000
13130000000,13130000000
13131000000,13131000000
13132000000,13132000000
13133000000,13133000000
13134000000,13134000000
13135000000,13135000000
13136000000,13136000000
13137000000,13137000000
13138000000,13138000000
13138000000,13139000000
13140000000,13140000000
13141000000,13141000000
13142000000,13142000000
13143000000,13143000000
13144000000,13144000000
13144000000,13145000000
13146000000,13146000000
13147000000,13147000000
13148000000,13148000000
13149000000,13149000000
13149000000,13150000000
13151000000,13151000000
13152000000,13152000000
13153000000,13153000000
13154000000,13154000000
13155000000,13155000000
13156000000,13156000000
13157000000,13157000000
13158000000,13158000000
13159000000,13159000000
13160000000,13160000000
13160000000,13161000000
13162000000,13162000000
13163000000,13163000000
13164000000,13164000000
13165000000,13165000000
13166000000,13166000000
13167000000,13167000000
13168000000,13168000000
13169000000,13169000000
13170000000,13170000000
13171000000,13171000000
13172000000,13172000000
13172000000,13173000000
13174000000,13174000000
13175000000,13175000000
13176000000,13176000000
13177000000,13177000000
13177000000,13178000000
13178000000,13179000000
13179000000,13180000000
13180000000,13181000000
13182000000,13182000000
13182000000,13183000000
13184000000,13184000000
13184000000,13185000000
13186000000,13186000000
13187000000,13187000000
13187000000,13188000000
13188000000,13189000000
13190000000,13190000000
13191000000,13191000000
13192000000,13192000000
13193000000,13193000000
13194000000,13194000000
13194000000,13195000000
13196000000,13196000000
13197000000,13197000000
13197000000,13198000000
13199000000,13199000000
13200000000,13200000000
13201000000,13201000000
13202000000,13202000000
13202000000,13203000000
13204000000,13204000000
13205000000,13205000000
13205000000,13206000000
13207000000,13207000000
13207000000,13208000000
13209000000,13209000000
13209000000,13210000000
13211000000,13211000000
13211000000,13212000000
13212000000,13213000000
13214000000,13214000000
13215000000,13215000000
13215000000,13216000000
13216000000,13217000000
13217000000,13218000000
13218000000,13219000000
13219000000,13220000000
13221000000,13221000000
13221000000,13222000000
13222000000,13223000000
13223000000,13224000000
13225000000,13225000000
13226000000,13226000000
13227000000,13227000000
13227000000,13228000000
13229000000,13229000000
13230000000,13230000000
13231000000,13231000000
13232000000,13232000000
13233000000,13233000000
13234000000,13234000000
13235000000,13235000000
13236000000,13236000000
13237000000,13237000000
13237000000,13238000000
13239000000,13239000000
13239000000,13240000000
13241000000,13241000000
13242000000,13242000000
13243000000,13243000000
13244000000,13244000000
13245000000,13245000000
13246000000,13246000000
13247000000,13247000000
13248000000,13248000000
13249000000,13249000000
13250000000,13250000000
13251000000,13251000000
13252000000,13252000000
13253000000,13253000000
13254000000,13254000000
13255000000,13255000000
13256000000,13256000000
13257000000,13257000000
13258000000,13258000000
13259000000,13259000000
13260000000,13260000000
13261000000,13261000000
13262000000,13262000000
13263000000,13263000000
13263000000,13264000000
13265000000,13265000000
13266000000,13266000000
13267000000,13267000000
13268000000,13268000000
13269000000,13269000000
13270000000,13270000000
13271000000,13271000000
13272000000,13272000000
13273000000,13273000000
13273000000,13274000000
13274000000,13275000000
13275000000,13276000000
13277000000,13277000000
13278000000,13278000000
13279000000,13279000000
13280000000,13280000000
13281000000,13281000000
13281000000,13282000000
13283000000,13283000000
13283000000,13284000000
13285000000,13285000000
13286000000,13286000000
13287000000,13287000000
13288000000,13288000000
13289000000,13289000000
13290000000,13290000000
13291000000,13291000000
13292000000,13292000000
13293000000,13293000000
13294000000,13294000000
13295000000,13295000000
13296000000,13296000000
13297000000,13297000000
13298000000,13298000000
13299000000,13299000000
13299000000,13300000000
13301000000,13301000000
13302000000,13302000000
13303000000,13303000000
13303000000,13304000000
13305000000,13305000000
13305000000,13306000000
13307000000,13307000000
13307000000,13308000000
13309000000,13309000000
13310000000,13310000000
13311000000,13311000000
13312000000,13312000000
13313000000,13313000000
13314000000,13314000000
13315000000,13315000000
13316000000,13316000000
13317000000,13317000000
13318000000,13318000000
13319000000,13319000000
13320000000,13320000000
13321000000,13321000000
13322000000,13322000000
13322000000,13323000000
13324000000,13324000000
13325000000,13325000000
13326000000,13326000000
13327000000,13327000000
13328000000,13328000000
13328000000,13329000000
13330000000,13330000000
13331000000,13331000000
13332000000,13332000000
13333000000,13333000000
13334000000,13334000000
13335000000,13335000000
13335000000,13336000000
13337000000,13337000000
13338000000,13338000000
13339000000,13339000000
13340000000,13340000000
13341000000,13341000000
13341000000,13342000000
13343000000,13343000000
13344000000,13344000000
13345000000,13345000000
13346000000,13346000000
13347000000,13347000000
13348000000,13348000000
13349000000,13349000000
13350000000,13350000000
13351000000,13351000000
13352000000,13352000000
13353000000,13353000000
13354000000,13354000000
13355000000,13355000000
13356000000,13356000000
13357000000,13357000000
13357000000,13358000000
13359000000,13359000000
13360000000,13360000000
13360000000,13361000000
13361000000,13362000000
13363000000,13363000000
13364000000,13364000000
13365000000,13365000000
13366000000,13366000000
13367000000,13367000000
13368000000,13368000000
13369000000,13369000000
13370000000,13370000000
13371000000,13371000000
13372000000,13372000000
13373000000,13373000000
13374000000,13374000000
13375000000,13375000000
13375000000,13376000000
13377000000,13377000000
13377000000,13378000000
13379000000,13379000000
13379000000,13380000000
13381000000,13381000000
13381000000,13382000000
13383000000,13383000000
13384000000,13384000000
13385000000,13385000000
13386000000,13386000000
13387000000,13387000000
13388000000,13388000000
13389000000,13389000000
13390000000,13390000000
13391000000,13391000000
13392000000,13392000000
13393000000,13393000000
13394000000,13394000000
13395000000,13395000000
13396000000,13396000000
13397000000,13397000000
13398000000,13398000000
13399000000,13399000000
13400000000,13400000000
13400000000,13401000000
13402000000,13402000000
13403000000,13403000000
13404000000,13404000000
13405000000,13405000000
13406000000,13406000000
13406000000,13407000000
13408000000,13408000000
13409000000,13409000000
13410000000,13410000000
13411000000,13411000000
13412000000,13412000000
13413000000,13413000000
13414000000,13414000000
13415000000,13415000000
13415000000,13416000000
13417000000,13417000000
13418000000,13418000000
13419000000,13419000000
13419000000,13420000000
13421000000,13421000000
13422000000,13422000000
13423000000,13423000000
13424000000,13424000000
13424000000,13425000000
13426000000,13426000000
13426000000,13427000000
13428000000,13428000000
13429000000,13429000000
13430000000,13430000000
13431000000,13431000000
13432000000,13432000000
13432000000,13433000000
13433000000,13434000000
13435000000,13435000000
13436000000,13436000000
13437000000,13437000000
13438000000,13438000000
13438000000,13439000000
13440000000,13440000000
13441000000,13441000000
13442000000,13442000000
13443000000,13443000000
13443000000,13444000000
13444000000,13445000000
13445000000,13446000000
13446000000,13447000000
13448000000,13448000000
13449000000,13449000000
13450000000,13450000000
13451000000,13451000000
13452000000,13452000000
13453000000,13453000000
13454000000,13454000000
13455000000,13455000000
13455000000,13456000000
13457000000,13457000000
13458000000,13458000000
13458000000,13459000000
13460000000,13460000000
13461000000,13461000000
13462000000,13462000000
13463000000,13463000000
13463000000,13464000000
13465000000,13465000000
13465000000,13466000000
13467000000,13467000000
13468000000,13468000000
13469000000,13469000000
13470000000,13470000000
13471000000,13471000000
13472000000,13472000000
13473000000,13473000000
13473000000,13474000000
13475000000,13475000000
13475000000,13476000000
13477000000,13477000000
13478000000,13478000000
13479000000,13479000000
13480000000,13480000000
13481000000,13481000000
13481000000,13482000000
13483000000,13483000000
13484000000,13484000000
13485000000,13485000000
13485000000,13486000000
13487000000,13487000000
13488000000,13488000000
13489000000,13489000000
13490000000,13490000000
13491000000,13491000000
13492000000,13492000000
13493000000,13493000000
13494000000,13494000000
13495000000,13495000000
13496000000,13496000000
13497000000,13497000000
13498000000,13498000000
13499000000,13499000000
13499000000,13500000000
13501000000,13501000000
13502000000,13502000000
13503000000,13503000000
13504000000,13504000000
13505000000,13505000000
13506000000,13506000000
13507000000,13507000000
13508000000,13508000000
13509000000,13509000000
13510000000,13510000000
13511000000,13511000000
13511000000,13512000000
13513000000,13513000000
13514000000,13514000000
13515000000,13515000000
13516000000,13516000000
13517000000,13517000000
13517000000,13518000000
13519000000,13519000000
13520000000,13520000000
13521000000,13521000000
13522000000,13522000000
13523000000,13523000000
13524000000,13524000000
13525000000,13525000000
13525000000,13526000000
13527000000,13527000000
13528000000,13528000000
13529000000,13529000000
13530000000,13530000000
13530000000,13531000000
13532000000,13532000000
13533000000,13533000000
13534000000,13534000000
13535000000,13535000000
13536000000,13536000000
13537000000,13537000000
13538000000,13538000000
13538000000,13539000000
13540000000,13540000000
13541000000,13541000000
13542000000,13542000000
13543000000,13543000000
13544000000,13544000000
13545000000,13545000000
13546000000,13546000000
13547000000,13547000000
13548000000,13548000000
13549000000,13549000000
13550000000,13550000000
13551000000,13551000000
13552000000,13552000000
13553000000,13553000000
13554000000,13554000000
13555000000,13555000000
13556000000,13556000000
13557000000,13557000000
13558000000,13558000000
13559000000,13559000000
13560000000,13560000000
13561000000,13561000000
13562000000,13562000000
13563000000,13563000000
13564000000,13564000000
13565000000,13565000000
13566000000,13566000000
13567000000,13567000000
13568000000,13568000000
13569000000,13569000000
13570000000,13570000000
13570000000,13571000000
13572000000,13572000000
13573000000,13573000000
13574000000,13574000000
13575000000,13575000000
13576000000,13576000000
13577000000,13577000000
13578000000,13578000000
13579000000,13579000000
13580000000,13580000000
13581000000,13581000000
13582000000,13582000000
13583000000,13583000000
13584000000,13584000000
13584000000,13585000000
13586000000,13586000000
13587000000,13587000000
13587000000,13588000000
13589000000,13589000000
13590000000,13590000000
13591000000,13591000000
13592000000,13592000000
13593000000,13593000000
13594000000,13594000000
13594000000,13595000000
13595000000,13596000000
13597000000,13597000000
13598000000,13598000000
13599000000,13599000000
13600000000,13600000000
13601000000,13601000000
13601000000,13602000000
13602000000,13603000000
13604000000,13604000000
13605000000,13605000000
13606000000,13606000000
13607000000,13607000000
13608000000,13608000000
13609000000,13609000000
13610000000,13610000000
13610000000,13611000000
13612000000,13612000000
13613000000,13613000000
13614000000,13614000000
13615000000,13615000000
13616000000,13616000000
13617000000,13617000000
13618000000,13618000000
13619000000,13619000000
13620000000,13620000000
13621000000,13621000000
13622000000,13622000000
13623000000,13623000000
13624000000,13624000000
13625000000,13625000000
13626000000,13626000000
13627000000,13627000000
13628000000,13628000000
13629000000,13629000000
13630000000,13630000000
13631000000,13631000000
13632000000,13632000000
13633000000,13633000000
13634000000,13634000000
13634000000,13635000000
13636000000,13636000000
13637000000,13637000000
13638000000,13638000000
13639000000,13639000000
13640000000,13640000000
13640000000,13641000000
13642000000,13642000000
13642000000,13643000000
13644000000,13644000000
13645000000,13645000000
13646000000,13646000000
13647000000,13647000000
13648000000,13648000000
13649000000,13649000000
13650000000,13650000000
13651000000,13651000000
13652000000,13652000000
13653000000,13653000000
13654000000,13654000000
13655000000,13655000000
13656000000,13656000000
13657000000,13657000000
13658000000,13658000000
13659000000,13659000000
13660000000,13660000000
13661000000,13661000000
13662000000,13662000000
13663000000,13663000000
13664000000,13664000000
13665000000,13665000000
13666000000,13666000000
13667000000,13667000000
13668000000,13668000000
13669000000,13669000000
13670000000,13670000000
13671000000,13671000000
13671000000,13672000000
13673000000,13673000000
13674000000,13674000000
13675000000,13675000000
13676000000,13676000000
13676000000,13677000000
13678000000,13678000000
13679000000,13679000000
13680000000,13680000000
13681000000,13681000000
13682000000,13682000000
13682000000,13683000000
13684000000,13684000000
13685000000,13685000000
13686000000,13686000000
13687000000,13687000000
13688000000,13688000000
13689000000,13689000000
13690000000,13690000000
13691000000,13691000000
13692000000,13692000000
13693000000,13693000000
13694000000,13694000000
13695000000,13695000000
13696000000,13696000000
13696000000,13697000000
13697000000,13698000000
13699000000,13699000000
13700000000,13700000000
13701000000,13701000000
13702000000,13702000000
13703000000,13703000000
13703000000,13704000000
13705000000,13705000000
13706000000,13706000000
13706000000,13707000000
13708000000,13708000000
13709000000,13709000000
13710000000,13710000000
13710000000,13711000000
13712000000,13712000000
13713000000,13713000000
13714000000,13714000000
13715000000,13715000000
13715000000,13716000000
13717000000,13717000000
13717000000,13718000000
13719000000,13719000000
13720000000,13720000000
13721000000,13721000000
13722000000,13722000000
13722000000,13723000000
13724000000,13724000000
13725000000,13725000000
13726000000,13726000000
13726000000,13727000000
13728000000,13728000000
13729000000,13729000000
13729000000,13730000000
13730000000,13731000000
13731000000,13732000000
13733000000,13733000000
13734000000,13734000000
13735000000,13735000000
13735000000,13736000000
13736000000,13737000000
13737000000,13738000000
13739000000,13739000000
13740000000,13740000000
13741000000,13741000000
13742000000,13742000000
13743000000,13743000000
13744000000,13744000000
13745000000,13745000000
13746000000,13746000000
13747000000,13747000000
13748000000,13748000000
13748000000,13749000000
13749000000,13750000000
13750000000,13751000000
13752000000,13752000000
13753000000,13753000000
13753000000,13754000000
13755000000,13755000000
13756000000,13756000000
13757000000,13757000000
13758000000,13758000000
13759000000,13759000000
13760000000,13760000000
13761000000,13761000000
13762000000,13762000000
13763000000,13763000000
13764000000,13764000000
13765000000,13765000000
13766000000,13766000000
13767000000,13767000000
13768000000,13768000000
13769000000,13769000000
13770000000,13770000000
13771000000,13771000000
13772000000,13772000000
13773000000,13773000000
13774000000,13774000000
13775000000,13775000000
13776000000,13776000000
13777000000,13777000000
13778000000,13778000000
13779000000,13779000000
13780000000,13780000000
13781000000,13781000000
13782000000,13782000000
13783000000,13783000000
13784000000,13784000000
13785000000,13785000000
13785000000,13786000000
13787000000,13787000000
13787000000,13788000000
13788000000,13789000000
13789000000,13790000000
13791000000,13791000000
13792000000,13792000000
13792000000,13793000000
13793000000,13794000000
13794000000,13795000000
13796000000,13796000000
13796000000,13797000000
13797000000,13798000000
13799000000,13799000000
13800000000,13800000000
13801000000,13801000000
13802000000,13802000000
13803000000,13803000000
13804000000,13804000000
13805000000,13805000000
13806000000,13806000000
13807000000,13807000000
13808000000,13808000000
13809000000,13809000000
13810000000,13810000000
13811000000,13811000000
13812000000,13812000000
13813000000,13813000000
13814000000,13814000000
13815000000,13815000000
13816000000,13816000000
13817000000,13817000000
13818000000,13818000000
13819000000,13819000000
13820000000,13820000000
13821000000,13821000000
13822000000,13822000000
13823000000,13823000000
13824000000,13824000000
13825000000,13825000000
13826000000,13826000000
13827000000,13827000000
13828000000,13828000000
13829000000,13829000000
13830000000,13830000000
13831000000,13831000000
13832000000,13832000000
13833000000,13833000000
13834000000,13834000000
13835000000,13835000000
13836000000,13836000000
13837000000,13837000000
13838000000,13838000000
13839000000,13839000000
13840000000,13840000000
13841000000,13841000000
13842000000,13842000000
13843000000,13843000000
13844000000,13844000000
13845000000,13845000000
13846000000,13846000000
13847000000,13847000000
13848000000,13848000000
13849000000,13849000000
13850000000,13850000000
13851000000,13851000000
13852000000,13852000000
13853000000,13853000000
13854000000,13854000000
13855000000,13855000000
13856000000,13856000000
13857000000,13857000000
13858000000,13858000000
13859000000,13859000000
13860000000,13860000000
13861000000,13861000000
13862000000,13862000000
13863000000,13863000000
13864000000,13864000000
13865000000,13865000000
13866000000,13866000000
13867000000,13867000000
13868000000,13868000000
13869000000,13869000000
13870000000,13870000000
13870000000,13871000000
13872000000,13872000000
13873000000,13873000000
13874000000,13874000000
13875000000,13875000000
13876000000,13876000000
13877000000,13877000000
13877000000,13878000000
13879000000,13879000000
13880000000,13880000000
13881000000,13881000000
13881000000,13882000000
13883000000,13883000000
13883000000,13884000000
13885000000,13885000000
13886000000,13886000000
13887000000,13887000000
13888000000,13888000000
13889000000,13889000000
13890000000,13890000000
13891000000,13891000000
13892000000,13892000000
13892000000,13893000000
13894000000,13894000000
13895000000,13895000000
13896000000,13896000000
13896000000,13897000000
13898000000,13898000000
13898000000,13899000000
13900000000,13900000000
13901000000,13901000000
13901000000,13902000000
13903000000,13903000000
13904000000,13904000000
13904000000,13905000000
13905000000,13906000000
13906000000,13907000000
13908000000,13908000000
13908000000,13909000000
13910000000,13910000000
13911000000,13911000000
13912000000,13912000000
13912000000,13913000000
13913000000,13914000000
13915000000,13915000000
13916000000,13916000000
13916000000,13917000000
13918000000,13918000000
13919000000,13919000000
13919000000,13920000000
13920000000,13921000000
13921000000,13922000000
13922000000,13923000000
13923000000,13924000000
13924000000,13925000000
13925000000,13926000000
13927000000,13927000000
13928000000,13928000000
13928000000,13929000000
13930000000,13930000000
13930000000,13931000000
13932000000,13932000000
13933000000,13933000000
13934000000,13934000000
13934000000,13935000000
13935000000,13936000000
13937000000,13937000000
13937000000,13938000000
13939000000,13939000000
13940000000,13940000000
13940000000,13941000000
13941000000,13942000000
13943000000,13943000000
13944000000,13944000000
13944000000,13945000000
13945000000,13946000000
13947000000,13947000000
13947000000,13948000000
13949000000,13949000000
13949000000,13950000000
13950000000,13951000000
13951000000,13952000000
13952000000,13953000000
13954000000,13954000000
13955000000,13955000000
13956000000,13956000000
13957000000,13957000000
13958000000,13958000000
13959000000,13959000000
13960000000,13960000000
13960000000,13961000000
13961000000,13962000000
13963000000,13963000000
13964000000,13964000000
13965000000,13965000000
13966000000,13966000000
13967000000,13967000000
13968000000,13968000000
13969000000,13969000000
13970000000,13970000000
13971000000,13971000000
13972000000,13972000000
13973000000,13973000000
13974000000,13974000000
13975000000,13975000000
13976000000,13976000000
13977000000,13977000000
13978000000,13978000000
13979000000,13979000000
13980000000,13980000000
13981000000,13981000000
13982000000,13982000000
13983000000,13983000000
13984000000,13984000000
13985000000,13985000000
13986000000,13986000000
13987000000,13987000000
13988000000,13988000000
13989000000,13989000000
13990000000,13990000000
13991000000,13991000000
13992000000,13992000000
13993000000,13993000000
13994000000,13994000000
13995000000,13995000000
13996000000,13996000000
13997000000,13997000000
13998000000,13998000000
13999000000,13999000000
14000000000,14000000000
14001000000,14001000000
14002000000,14002000000
14003000000,14003000000
14003000000,14004000000
14005000000,14005000000
14005000000,14006000000
14007000000,14007000000
14008000000,14008000000
14009000000,14009000000
14010000000,14010000000
14011000000,14011000000
14012000000,14012000000
14012000000,14013000000
14014000000,14014000000
14015000000,14015000000
14016000000,14016000000
14017000000,14017000000
14018000000,14018000000
14019000000,14019000000
14020000000,14020000000
14021000000,14021000000
14021000000,14022000000
14023000000,14023000000
14024000000,14024000000
14025000000,14025000000
14026000000,14026000000
14026000000,14027000000
14027000000,14028000000
14029000000,14029000000
14030000000,14030000000
14030000000,14031000000
14032000000,14032000000
14033000000,14033000000
14034000000,14034000000
14034000000,14035000000
14036000000,14036000000
14036000000,14037000000
14037000000,14038000000
14039000000,14039000000
14039000000,14040000000
14040000000,14041000000
14042000000,14042000000
14042000000,14043000000
14043000000,14044000000
14044000000,14045000000
14045000000,14046000000
14046000000,14047000000
14047000000,14048000000
14049000000,14049000000
14050000000,14050000000
14051000000,14051000000
14051000000,14052000000
14052000000,14053000000
14053000000,14054000000
14054000000,14055000000
14056000000,14056000000
14057000000,14057000000
14057000000,14058000000
14058000000,14059000000
14059000000,14060000000
14061000000,14061000000
14061000000,14062000000
14062000000,14063000000
14063000000,14064000000
14064000000,14065000000
14065000000,14066000000
14067000000,14067000000
14068000000,14068000000
14069000000,14069000000
14070000000,14070000000
14071000000,14071000000
14072000000,14072000000
14073000000,14073000000
14074000000,14074000000
14075000000,14075000000
14076000000,14076000000
14077000000,14077000000
14078000000,14078000000
14079000000,14079000000
14080000000,14080000000
14081000000,14081000000
14082000000,14082000000
14083000000,14083000000
14084000000,14084000000
14085000000,14085000000
14086000000,14086000000
14087000000,14087000000
14088000000,14088000000
14089000000,14089000000
14090000000,14090000000
14091000000,14091000000
14092000000,14092000000
14093000000,14093000000
14094000000,14094000000
14095000000,14095000000
14096000000,14096000000
14097000000,14097000000
14098000000,14098000000
14099000000,14099000000
14100000000,14100000000
14101000000,14101000000
14102000000,14102000000
14103000000,14103000000
14104000000,14104000000
14105000000,14105000000
14106000000,14106000000
14107000000,14107000000
14108000000,14108000000
14109000000,14109000000
14110000000,14110000000
14111000000,14111000000
14112000000,14112000000
14113000000,14113000000
14114000000,14114000000
14115000000,14115000000
14116000000,14116000000
14117000000,14117000000
14118000000,14118000000
14119000000,14119000000
14120000000,14120000000
14121000000,14121000000
14122000000,14122000000
14123000000,14123000000
14124000000,14124000000
14125000000,14125000000
14126000000,14126000000
14127000000,14127000000
14128000000,14128000000
14129000000,14129000000
14130000000,14130000000
14131000000,14131000000
14132000000,14132000000
14133000000,14133000000
14134000000,14134000000
14135000000,14135000000
14136000000,14136000000
14137000000,14137000000
14138000000,14138000000
14139000000,14139000000
14140000000,14140000000
14141000000,14141000000
14142000000,14142000000
14143000000,14143000000
14144000000,14144000000
14145000000,14145000000
14146000000,14146000000
14147000000,14147000000
14148000000,14148000000
14149000000,14149000000
14150000000,14150000000
14151000000,14151000000
14152000000,14152000000
14153000000,14153000000
14154000000,14154000000
14155000000,14155000000
14156000000,14156000000
14157000000,14157000000
14158000000,14158000000
14159000000,14159000000
14160000000,14160000000
14161000000,14161000000
14161000000,14162000000
14163000000,14163000000
14164000000,14164000000
14165000000,14165000000
14166000000,14166000000
14167000000,14167000000
14168000000,14168000000
14169000000,14169000000
14169000000,14170000000
14171000000,14171000000
14171000000,14172000000
14173000000,14173000000
14174000000,14174000000
14175000000,14175000000
14176000000,14176000000
14177000000,14177000000
14178000000,14178000000
14178000000,14179000000
14180000000,14180000000
14181000000,14181000000
14182000000,14182000000
14182000000,14183000000
14184000000,14184000000
14185000000,14185000000
14186000000,14186000000
14186000000,14187000000
14188000000,14188000000
14189000000,14189000000
14190000000,14190000000
14191000000,14191000000
14191000000,14192000000
14193000000,14193000000
14193000000,14194000000
14195000000,14195000000
14196000000,14196000000
14197000000,14197000000
14197000000,14198000000
14198000000,14199000000
14199000000,14200000000
14200000000,14201000000
14202000000,14202000000
14202000000,14203000000
14204000000,14204000000
14204000000,14205000000
14206000000,14206000000
14207000000,14207000000
14208000000,14208000000
14208000000,14209000000
14210000000,14210000000
14210000000,14211000000
14211000000,14212000000
14213000000,14213000000
14213000000,14214000000
14215000000,14215000000
14215000000,14216000000
14217000000,14217000000
14218000000,14218000000
14219000000,14219000000
14220000000,14220000000
14221000000,14221000000
14222000000,14222000000
14223000000,14223000000
14224000000,14224000000
14225000000,14225000000
14226000000,14226000000
14227000000,14227000000
14228000000,14228000000
14229000000,14229000000
14230000000,14230000000
14231000000,14231000000
14232000000,14232000000
14233000000,14233000000
14233000000,14234000000
14235000000,14235000000
14236000000,14236000000
14237000000,14237000000
14238000000,14238000000
14239000000,14239000000
14240000000,14240000000
14241000000,14241000000
14241000000,14242000000
14243000000,14243000000
14243000000,14244000000
14245000000,14245000000
14246000000,14246000000
14247000000,14247000000
14248000000,14248000000
14249000000,14249000000
14250000000,14250000000
14251000000,14251000000
14251000000,14252000000
14253000000,14253000000
14253000000,14254000000
14255000000,14255000000
14256000000,14256000000
14257000000,14257000000
14258000000,14258000000
14259000000,14259000000
14260000000,14260000000
14261000000,14261000000
14261000000,14262000000
14262000000,14263000000
14263000000,14264000000
14264000000,14265000000
14265000000,14266000000
14267000000,14267000000
14268000000,14268000000
14269000000,14269000000
14269000000,14270000000
14271000000,14271000000
14272000000,14272000000
14273000000,14273000000
14273000000,14274000000
14275000000,14275000000
14276000000,14276000000
14277000000,14277000000
14278000000,14278000000
14279000000,14279000000
14280000000,14280000000
14281000000,14281000000
14282000000,14282000000
14283000000,14283000000
14284000000,14284000000
14285000000,14285000000
14286000000,14286000000
14287000000,14287000000
14288000000,14288000000
14289000000,14289000000
14290000000,14290000000
14291000000,14291000000
14292000000,14292000000
14293000000,14293000000
14294000000,14294000000
14295000000,14295000000
14296000000,14296000000
14297000000,14297000000
14298000000,14298000000
14299000000,14299000000
14300000000,14300000000
14301000000,14301000000
14302000000,14302000000
14303000000,14303000000
14304000000,14304000000
14305000000,14305000000
14306000000,14306000000
14307000000,14307000000
14308000000,14308000000
14309000000,14309000000
14310000000,14310000000
14311000000,14311000000
14312000000,14312000000
14313000000,14313000000
14314000000,14314000000
14314000000,14315000000
14316000000,14316000000
14317000000,14317000000
14318000000,14318000000
14319000000,14319000000
14320000000,14320000000
14321000000,14321000000
14322000000,14322000000
14323000000,14323000000
14324000000,14324000000
14325000000,14325000000
14326000000,14326000000
14327000000,14327000000
14328000000,14328000000
14329000000,14329000000
14329000000,14330000000
14331000000,14331000000
14332000000,14332000000
14332000000,14333000000
14334000000,14334000000
14335000000,14335000000
14336000000,14336000000
14337000000,14337000000
14338000000,14338000000
14339000000,14339000000
14339000000,14340000000
14341000000,14341000000
14342000000,14342000000
14343000000,14343000000
14344000000,14344000000
14345000000,14345000000
14346000000,14346000000
14347000000,14347000000
14348000000,14348000000
14349000000,14349000000
14349000000,14350000000
14351000000,14351000000
14352000000,14352000000
14353000000,14353000000
14353000000,14354000000
14355000000,14355000000
14356000000,14356000000
14357000000,14357000000
14358000000,14358000000
14359000000,14359000000
14359000000,14360000000
14361000000,14361000000
14362000000,14362000000
14363000000,14363000000
14364000000,14364000000
14364000000,14365000000
14365000000,14366000000
14367000000,14367000000
14367000000,14368000000
14369000000,14369000000
14370000000,14370000000
14371000000,14371000000
14371000000,14372000000
14372000000,14373000000
14374000000,14374000000
14375000000,14375000000
14376000000,14376000000
14377000000,14377000000
14377000000,14378000000
14379000000,14379000000
14380000000,14380000000
14381000000,14381000000
14382000000,14382000000
14383000000,14383000000
14384000000,14384000000
14384000000,14385000000
14385000000,14386000000
14387000000,14387000000
14387000000,14388000000
14389000000,14389000000
14389000000,14390000000
14390000000,14391000000
14392000000,14392000000
14393000000,14393000000
14394000000,14394000000
14395000000,14395000000
14396000000,14396000000
14397000000,14397000000
14398000000,14398000000
14399000000,14399000000
14400000000,14400000000
14401000000,14401000000
14402000000,14402000000
14403000000,14403000000
14404000000,14404000000
14405000000,14405000000
14406000000,14406000000
14407000000,14407000000
14408000000,14408000000
14409000000,14409000000
14410000000,14410000000
14411000000,14411000000
14412000000,14412000000
14413000000,14413000000
14414000000,14414000000
14415000000,14415000000
14416000000,14416000000
14417000000,14417000000
14418000000,14418000000
14419000000,14419000000
14420000000,14420000000
14421000000,14421000000
14422000000,14422000000
14423000000,14423000000
14424000000,14424000000
14425000000,14425000000
14426000000,14426000000
14427000000,14427000000
14428000000,14428000000
14429000000,14429000000
14430000000,14430000000
14431000000,14431000000
14432000000,14432000000
14433000000,14433000000
14434000000,14434000000
14435000000,14435000000
14436000000,14436000000
14437000000,14437000000
14437000000,14438000000
14438000000,14439000000
14440000000,14440000000
14441000000,14441000000
14442000000,14442000000
14442000000,14443000000
14444000000,14444000000
14445000000,14445000000
14446000000,14446000000
14447000000,14447000000
14448000000,14448000000
14449000000,14449000000
14449000000,14450000000
14450000000,14451000000
14452000000,14452000000
14453000000,14453000000
14454000000,14454000000
14455000000,14455000000
14456000000,14456000000
14457000000,14457000000
14458000000,14458000000
14459000000,14459000000
14459000000,14460000000
14461000000,14461000000
14462000000,14462000000
14463000000,14463000000
14464000000,14464000000
14464000000,14465000000
14466000000,14466000000
14466000000,14467000000
14468000000,14468000000
14468000000,14469000000
14469000000,14470000000
14471000000,14471000000
14472000000,14472000000
14472000000,14473000000
14474000000,14474000000
14475000000,14475000000
14475000000,14476000000
14476000000,14477000000
14478000000,14478000000
14479000000,14479000000
14480000000,14480000000
14480000000,14481000000
14482000000,14482000000
14483000000,14483000000
14484000000,14484000000
14484000000,14485000000
14486000000,14486000000
14487000000,14487000000
14488000000,14488000000
14489000000,14489000000
14490000000,14490000000
14491000000,14491000000
14492000000,14492000000
14493000000,14493000000
14494000000,14494000000
14495000000,14495000000
14496000000,14496000000
14497000000,14497000000
14498000000,14498000000
14499000000,14499000000
14500000000,14500000000
14501000000,14501000000
14502000000,14502000000
14503000000,14503000000
14504000000,14504000000
14504000000,14505000000
14506000000,14506000000
14507000000,14507000000
14508000000,14508000000
14509000000,14509000000
14510000000,14510000000
14510000000,14511000000
14512000000,14512000000
14513000000,14513000000
14514000000,14514000000
14515000000,14515000000
14516000000,14516000000
14517000000,14517000000
14518000000,14518000000
14519000000,14519000000
14520000000,14520000000
14521000000,14521000000
14522000000,14522000000
14523000000,14523000000
14524000000,14524000000
14525000000,14525000000
14526000000,14526000000
14527000000,14527000000
14528000000,14528000000
14529000000,14529000000
14530000000,14530000000
14531000000,14531000000
14532000000,14532000000
14532000000,14533000000
14534000000,14534000000
14535000000,14535000000
14536000000,14536000000
14537000000,14537000000
14538000000,14538000000
14539000000,14539000000
14540000000,14540000000
14541000000,14541000000
14542000000,14542000000
14543000000,14543000000
14543000000,14544000000
14545000000,14545000000
14546000000,14546000000
14547000000,14547000000
14548000000,14548000000
14549000000,14549000000
14550000000,14550000000
14551000000,14551000000
14552000000,14552000000
14553000000,14553000000
14554000000,14554000000
14555000000,14555000000
14556000000,14556000000
14557000000,14557000000
14558000000,14558000000
14559000000,14559000000
14560000000,14560000000
14561000000,14561000000
14562000000,14562000000
14563000000,14563000000
14564000000,14564000000
14565000000,14565000000
14566000000,14566000000
14567000000,14567000000
14568000000,14568000000
14569000000,14569000000
14570000000,14570000000
14571000000,14571000000
14572000000,14572000000
14573000000,14573000000
14574000000,14574000000
14575000000,14575000000
14576000000,14576000000
14577000000,14577000000
14578000000,14578000000
14579000000,14579000000
14580000000,14580000000
14581000000,14581000000
14582000000,14582000000
14583000000,14583000000
14584000000,14584000000
14585000000,14585000000
14586000000,14586000000
14587000000,14587000000
14588000000,14588000000
14589000000,14589000000
14590000000,14590000000
14591000000,14591000000
14592000000,14592000000
14593000000,14593000000
14594000000,14594000000
14595000000,14595000000
14596000000,14596000000
14597000000,14597000000
14597000000,14598000000
14599000000,14599000000
14600000000,14600000000
14601000000,14601000000
14602000000,14602000000
14603000000,14603000000
14604000000,14604000000
14604000000,14605000000
14606000000,14606000000
14606000000,14607000000
14608000000,14608000000
14609000000,14609000000
14610000000,14610000000
14611000000,14611000000
14612000000,14612000000
14613000000,14613000000
14614000000,14614000000
14615000000,14615000000
14616000000,14616000000
14617000000,14617000000
14618000000,14618000000
14619000000,14619000000
14620000000,14620000000
14621000000,14621000000
14622000000,14622000000
14623000000,14623000000
14624000000,14624000000
14625000000,14625000000
14626000000,14626000000
14626000000,14627000000
14628000000,14628000000
14629000000,14629000000
14629000000,14630000000
14630000000,14631000000
14632000000,14632000000
14633000000,14633000000
14634000000,14634000000
14634000000,14635000000
14635000000,14636000000
14637000000,14637000000
14638000000,14638000000
14638000000,14639000000
14640000000,14640000000
14641000000,14641000000
14642000000,14642000000
14643000000,14643000000
14644000000,14644000000
14645000000,14645000000
14646000000,14646000000
14647000000,14647000000
14648000000,14648000000
14649000000,14649000000
14650000000,14650000000
14651000000,14651000000
14651000000,14652000000
14653000000,14653000000
14653000000,14654000000
14654000000,14655000000
14655000000,14656000000
14656000000,14657000000
14658000000,14658000000
14659000000,14659000000
14659000000,14660000000
14661000000,14661000000
14662000000,14662000000
14663000000,14663000000
14664000000,14664000000
14664000000,14665000000
14666000000,14666000000
14667000000,14667000000
14668000000,14668000000
14669000000,14669000000
14670000000,14670000000
14671000000,14671000000
14672000000,14672000000
14673000000,14673000000
14674000000,14674000000
14675000000,14675000000
14676000000,14676000000
14677000000,14677000000
14678000000,14678000000
14679000000,14679000000
14680000000,14680000000
14681000000,14681000000
14682000000,14682000000
14683000000,14683000000
14684000000,14684000000
14685000000,14685000000
14686000000,14686000000
14687000000,14687000000
14688000000,14688000000
14689000000,14689000000
14690000000,14690000000
14691000000,14691000000
14692000000,14692000000
14693000000,14693000000
14694000000,14694000000
14695000000,14695000000
14696000000,14696000000
14697000000,14697000000
14698000000,14698000000
14699000000,14699000000
14700000000,14700000000
14701000000,14701000000
14702000000,14702000000
14703000000,14703000000
14704000000,14704000000
14705000000,14705000000
14706000000,14706000000
14707000000,14707000000
14708000000,14708000000
14709000000,14709000000
14710000000,14710000000
14711000000,14711000000
14712000000,14712000000
14713000000,14713000000
14714000000,14714000000
14715000000,14715000000
14716000000,14716000000
14717000000,14717000000
14718000000,14718000000
14719000000,14719000000
14720000000,14720000000
14721000000,14721000000
14722000000,14722000000
14723000000,14723000000
14724000000,14724000000
14725000000,14725000000
14726000000,14726000000
14727000000,14727000000
14728000000,14728000000
14729000000,14729000000
14730000000,14730000000
14731000000,14731000000
14732000000,14732000000
14733000000,14733000000
14734000000,14734000000
14735000000,14735000000
14736000000,14736000000
14737000000,14737000000
14738000000,14738000000
14739000000,14739000000
14740000000,14740000000
14741000000,14741000000
14742000000,14742000000
14743000000,14743000000
14744000000,14744000000
14745000000,14745000000
14746000000,14746000000
14747000000,14747000000
14748000000,14748000000
14749000000,14749000000
14750000000,14750000000
14751000000,14751000000
14752000000,14752000000
14753000000,14753000000
14754000000,14754000000
14755000000,14755000000
14756000000,14756000000
14757000000,14757000000
14758000000,14758000000
14759000000,14759000000
14760000000,14760000000
14761000000,14761000000
14762000000,14762000000
14763000000,14763000000
14764000000,14764000000
14765000000,14765000000
14766000000,14766000000
14767000000,14767000000
14768000000,14768000000
14769000000,14769000000
14770000000,14770000000
14770000000,14771000000
14772000000,14772000000
14773000000,14773000000
14774000000,14774000000
14775000000,14775000000
14776000000,14776000000
14777000000,14777000000
14777000000,14778000000
14779000000,14779000000
14780000000,14780000000
14781000000,14781000000
14782000000,14782000000
14783000000,14783000000
14784000000,14784000000
14784000000,14785000000
14786000000,14786000000
14787000000,14787000000
14788000000,14788000000
14789000000,14789000000
14790000000,14790000000
14791000000,14791000000
14792000000,14792000000
14793000000,14793000000
14794000000,14794000000
14795000000,14795000000
14796000000,14796000000
14797000000,14797000000
14798000000,14798000000
14799000000,14799000000
14800000000,14800000000
14801000000,14801000000
14802000000,14802000000
14803000000,14803000000
14804000000,14804000000
14805000000,14805000000
14806000000,14806000000
14807000000,14807000000
14808000000,14808000000
14809000000,14809000000
14810000000,14810000000
14811000000,14811000000
14812000000,14812000000
14813000000,14813000000
14814000000,14814000000
14815000000,14815000000
14816000000,14816000000
14817000000,14817000000
14818000000,14818000000
14819000000,14819000000
14820000000,14820000000
14821000000,14821000000
14822000000,14822000000
14823000000,14823000000
14824000000,14824000000
14825000000,14825000000
14826000000,14826000000
14827000000,14827000000
14828000000,14828000000
14829000000,14829000000
14830000000,14830000000
14831000000,14831000000
14832000000,14832000000
14833000000,14833000000
14834000000,14834000000
14835000000,14835000000
14836000000,14836000000
14837000000,14837000000
14838000000,14838000000
14839000000,14839000000
14840000000,14840000000
14840000000,14841000000
14842000000,14842000000
14843000000,14843000000
14844000000,14844000000
14845000000,14845000000
14846000000,14846000000
14847000000,14847000000
14848000000,14848000000
14849000000,14849000000
14850000000,14850000000
14851000000,14851000000
14852000000,14852000000
14853000000,14853000000
14854000000,14854000000
14855000000,14855000000
14856000000,14856000000
14857000000,14857000000
14858000000,14858000000
14859000000,14859000000
14860000000,14860000000
14861000000,14861000000
14862000000,14862000000
14863000000,14863000000
14864000000,14864000000
14865000000,14865000000
14866000000,14866000000
14867000000,14867000000
14868000000,14868000000
14869000000,14869000000
14870000000,14870000000
14871000000,14871000000
14872000000,14872000000
14873000000,14873000000
14874000000,14874000000
14875000000,14875000000
14876000000,14876000000
14877000000,14877000000
14878000000,14878000000
14879000000,14879000000
14880000000,14880000000
14881000000,14881000000
14882000000,14882000000
14883000000,14883000000
14884000000,14884000000
14885000000,14885000000
14886000000,14886000000
14887000000,14887000000
14888000000,14888000000
14889000000,14889000000
14890000000,14890000000
14891000000,14891000000
14892000000,14892000000
14893000000,14893000000
14894000000,14894000000
14895000000,14895000000
14896000000,14896000000
14897000000,14897000000
14898000000,14898000000
14899000000,14899000000
14900000000,14900000000
14901000000,14901000000
14902000000,14902000000
14903000000,14903000000
14904000000,14904000000
14905000000,14905000000
14906000000,14906000000
14907000000,14907000000
14908000000,14908000000
14908000000,14909000000
14910000000,14910000000
14911000000,14911000000
14912000000,14912000000
14913000000,14913000000
14914000000,14914000000
14915000000,14915000000
14916000000,14916000000
14917000000,14917000000
14917000000,14918000000
14919000000,14919000000
14920000000,14920000000
14921000000,14921000000
14921000000,14922000000
14923000000,14923000000
14924000000,14924000000
14925000000,14925000000
14925000000,14926000000
14926000000,14927000000
14928000000,14928000000
14929000000,14929000000
14930000000,14930000000
14931000000,14931000000
14932000000,14932000000
14933000000,14933000000
14934000000,14934000000
14935000000,14935000000
14936000000,14936000000
14937000000,14937000000
14938000000,14938000000
14939000000,14939000000
14940000000,14940000000
14941000000,14941000000
14942000000,14942000000
14943000000,14943000000
14944000000,14944000000
14945000000,14945000000
14946000000,14946000000
14947000000,14947000000
14948000000,14948000000
14949000000,14949000000
14949000000,14950000000
14951000000,14951000000
14952000000,14952000000
14953000000,14953000000
14953000000,14954000000
14955000000,14955000000
14956000000,14956000000
14956000000,14957000000
14957000000,14958000000
14958000000,14959000000
14960000000,14960000000
14961000000,14961000000
14962000000,14962000000
14963000000,14963000000
14964000000,14964000000
14965000000,14965000000
14966000000,14966000000
14967000000,14967000000
14968000000,14968000000
14969000000,14969000000
14970000000,14970000000
14971000000,14971000000
14972000000,14972000000
14973000000,14973000000
14974000000,14974000000
14975000000,14975000000
14976000000,14976000000
14977000000,14977000000
14978000000,14978000000
14979000000,14979000000
14980000000,14980000000
14981000000,14981000000
14982000000,14982000000
14983000000,14983000000
14984000000,14984000000
14985000000,14985000000
14986000000,14986000000
14987000000,14987000000
14988000000,14988000000
14989000000,14989000000
14990000000,14990000000
14991000000,14991000000
14992000000,14992000000
14993000000,14993000000
14994000000,14994000000
14995000000,14995000000
14996000000,14996000000
14997000000,14997000000
14998000000,14998000000
14999000000,14999000000
15000000000,15000000000
15001000000,15001000000
15002000000,15002000000
15003000000,15003000000
15004000000,15004000000
15005000000,15005000000
15006000000,15006000000
15007000000,15007000000
15008000000,15008000000
15009000000,15009000000
15010000000,15010000000
15011000000,15011000000
15012000000,15012000000
15013000000,15013000000
15014000000,15014000000
15015000000,15015000000
15016000000,15016000000
15017000000,15017000000
15018000000,15018000000
15019000000,15019000000
15020000000,15020000000
15021000000,15021000000
15022000000,15022000000
15023000000,15023000000
15024000000,15024000000
15025000000,15025000000
15026000000,15026000000
15027000000,15027000000
15028000000,15028000000
15029000000,15029000000
15030000000,15030000000
15031000000,15031000000
15032000000,15032000000
15033000000,15033000000
15033000000,15034000000
15034000000,15035000000
15036000000,15036000000
15037000000,15037000000
15038000000,15038000000
15039000000,15039000000
15040000000,15040000000
15041000000,15041000000
15042000000,15042000000
15043000000,15043000000
15044000000,15044000000
15045000000,15045000000
15046000000,15046000000
15047000000,15047000000
15048000000,15048000000
15049000000,15049000000
15050000000,15050000000
15051000000,15051000000
15052000000,15052000000
15053000000,15053000000
15054000000,15054000000
15055000000,15055000000
15056000000,15056000000
15057000000,15057000000
15058000000,15058000000
15059000000,15059000000
15060000000,15060000000
15061000000,15061000000
15062000000,15062000000
15063000000,15063000000
15064000000,15064000000
15065000000,15065000000
15066000000,15066000000
15067000000,15067000000
15068000000,15068000000
15069000000,15069000000
15070000000,15070000000
15071000000,15071000000
15072000000,15072000000
15073000000,15073000000
15074000000,15074000000
15075000000,15075000000
15076000000,15076000000
15077000000,15077000000
15078000000,15078000000
15079000000,15079000000
15080000000,15080000000
15081000000,15081000000
15082000000,15082000000
15083000000,15083000000
