%time,field.header.seq,field.header.stamp,field.header.frame_id,field.group_mix,field.controls0,field.controls1,field.controls2,field.controls3,field.controls4,field.controls5,field.controls6,field.controls7
11800000000,3254,0,,0,0.008194232359528542,-0.36771780252456665,0.11406272649765015,1.0,0.0,0.0,0.0,0.0
11803000000,3255,0,,0,-0.07523639500141144,0.23109227418899536,-0.28570854663848877,1.0,0.0,0.0,0.0,0.0
11804000000,3256,0,,0,0.34605860710144043,0.36475369334220886,0.056967660784721375,1.0,0.0,0.0,0.0,0.0
11806000000,3257,0,,0,0.034711804240942,-0.00785102043300867,-0.13867096602916718,1.0,0.0,0.0,0.0,0.0
11808000000,3258,0,,0,-0.007124216761440039,-0.26334893703460693,0.037851039320230484,1.0,0.0,0.0,0.0,0.0
11811000000,3259,0,,0,-0.16818402707576752,0.15688714385032654,-0.3367653489112854,1.0,0.0,0.0,0.0,0.0
11813000000,3260,0,,0,0.04927743598818779,-0.34234029054641724,0.0027498339768499136,1.0,0.0,0.0,0.0,0.0
11814000000,3261,0,,0,-0.32502540946006775,0.03739174082875252,0.20172879099845886,1.0,0.0,0.0,0.0,0.0
11817000000,3262,0,,0,-0.13204063475131989,0.29781562089920044,0.15771180391311646,1.0,0.0,0.0,0.0,0.0
11819000000,3263,0,,0,-0.22492823004722595,0.1587427705526352,0.13484404981136322,1.0,0.0,0.0,0.0,0.0
11820000000,3264,0,,0,0.20077084004878998,0.13519348204135895,0.06501097232103348,1.0,0.0,0.0,0.0,0.0
11822000000,3265,0,,0,0.07971345633268356,0.2717161476612091,-0.11163915693759918,1.0,0.0,0.0,0.0,0.0
11824000000,3266,0,,0,0.17474249005317688,-0.007872248068451881,-0.03997063636779785,1.0,0.0,0.0,0.0,0.0
11826000000,3267,0,,0,0.2630682587623596,0.36368420720100403,-0.19451327621936798,1.0,0.0,0.0,0.0,0.0
11828000000,3268,0,,0,0.36114513874053955,-0.24766124784946442,0.32185280323028564,1.0,0.0,0.0,0.0,0.0
11830000000,3269,0,,0,-0.06570139527320862,0.14344659447669983,-0.2927563190460205,1.0,0.0,0.0,0.0,0.0
11832000000,3270,0,,0,0.3012586534023285,0.06546711921691895,0.27569156885147095,1.0,0.0,0.0,0.0,0.0
11834000000,3271,0,,0,0.0709957480430603,-0.10594964772462845,-0.2883601486682892,1.0,0.0,0.0,0.0,0.0
11836000000,3272,0,,0,0.011920638382434845,-0.0520494319498539,-0.3010987639427185,1.0,0.0,0.0,0.0,0.0
11838000000,3273,0,,0,-0.130671426653862,0.17275266349315643,0.23441874980926514,1.0,0.0,0.0,0.0,0.0
11840000000,3274,0,,0,-0.04935940355062485,-0.059534307569265366,-0.031358636915683746,1.0,0.0,0.0,0.0,0.0
11842000000,3275,0,,0,-0.2841906249523163,-0.30070924758911133,0.3651995360851288,1.0,0.0,0.0,0.0,0.0
11844000000,3276,0,,0,0.3496852517127991,0.28491464257240295,-0.3871094286441803,1.0,0.0,0.0,0.0,0.0
11846000000,3277,0,,0,-0.3728012144565582,0.1950119584798813,0.17696510255336761,1.0,0.0,0.0,0.0,0.0
11848000000,3278,0,,0,0.3494385778903961,0.19866943359375,0.13099835813045502,1.0,0.0,0.0,0.0,0.0
11850000000,3279,0,,0,0.1112452819943428,0.10534358024597168,0.047759681940078735,1.0,0.0,0.0,0.0,0.0
11852000000,3280,0,,0,0.05531744658946991,-0.29301440715789795,0.1435077041387558,1.0,0.0,0.0,0.0,0.0
11854000000,3281,0,,0,0.2724338471889496,0.15226341784000397,-0.3551368713378906,1.0,0.0,0.0,0.0,0.0
11857000000,3282,0,,0,-0.21426619589328766,-0.09647678583860397,0.05274619907140732,1.0,0.0,0.0,0.0,0.0
11858000000,3283,0,,0,-0.387841135263443,-0.10881321132183075,-0.16410519182682037,1.0,0.0,0.0,0.0,0.0
11860000000,3284,0,,0,-0.29300498962402344,0.2419770210981369,-0.3355257511138916,1.0,0.0,0.0,0.0,0.0
11862000000,3285,0,,0,0.2330406904220581,0.32176196575164795,0.2264026552438736,1.0,0.0,0.0,0.0,0.0
11864000000,3286,0,,0,-0.1723138689994812,0.24614787101745605,-0.1390710324048996,1.0,0.0,0.0,0.0,0.0
11866000000,3287,0,,0,0.04661524295806885,0.10697037726640701,0.12740111351013184,1.0,0.0,0.0,0.0,0.0
11868000000,3288,0,,0,0.3242199718952179,-0.04994666948914528,0.30834269523620605,1.0,0.0,0.0,0.0,0.0
11870000000,3289,0,,0,0.12966901063919067,-0.30172330141067505,0.3443354666233063,1.0,0.0,0.0,0.0,0.0
11872000000,3290,0,,0,-0.24042454361915588,0.3676723539829254,-0.18220427632331848,1.0,0.0,0.0,0.0,0.0
11874000000,3291,0,,0,-0.3685920238494873,-0.04252585768699646,-0.32968249917030334,1.0,0.0,0.0,0.0,0.0
11876000000,3292,0,,0,0.19549299776554108,-0.07027158886194229,-0.15586641430854797,1.0,0.0,0.0,0.0,0.0
11878000000,3293,0,,0,0.30022162199020386,-0.32144829630851746,0.18175771832466125,1.0,0.0,0.0,0.0,0.0
11880000000,3294,0,,0,-0.3541749119758606,0.007950562052428722,0.2293584644794464,1.0,0.0,0.0,0.0,0.0
11882000000,3295,0,,0,-0.10219623148441315,0.13011965155601501,-0.36542990803718567,1.0,0.0,0.0,0.0,0.0
11884000000,3296,0,,0,0.2977375388145447,-0.3306077718734741,-0.01506598200649023,1.0,0.0,0.0,0.0,0.0
11886000000,3297,0,,0,-0.0862332135438919,0.16279639303684235,0.31201234459877014,1.0,0.0,0.0,0.0,0.0
11888000000,3298,0,,0,0.3908955752849579,-0.06360089778900146,-0.3348081111907959,1.0,0.0,0.0,0.0,0.0
11890000000,3299,0,,0,-0.24511860311031342,0.22651538252830505,0.048931777477264404,1.0,0.0,0.0,0.0,0.0
11892000000,3300,0,,0,-0.11991070210933685,-0.39583542943000793,-0.13209281861782074,1.0,0.0,0.0,0.0,0.0
11894000000,3301,0,,0,0.312743604183197,-0.2608834505081177,0.23262958228588104,1.0,0.0,0.0,0.0,0.0
11896000000,3302,0,,0,-0.004318570252507925,-0.11599560081958771,0.31402015686035156,1.0,0.0,0.0,0.0,0.0
11898000000,3303,0,,0,-0.07163213193416595,-0.3171085715293884,-0.21975259482860565,1.0,0.0,0.0,0.0,0.0
11900000000,3304,0,,0,-0.16015033423900604,-0.05907976254820824,0.24209724366664886,1.0,0.0,0.0,0.0,0.0
11902000000,3305,0,,0,-0.35214856266975403,-0.23726537823677063,-0.14701518416404724,1.0,0.0,0.0,0.0,0.0
11904000000,3306,0,,0,0.19315144419670105,0.1509496122598648,-0.09821992367506027,1.0,0.0,0.0,0.0,0.0
11906000000,3307,0,,0,0.06916645914316177,0.10755787044763565,0.04556842893362045,1.0,0.0,0.0,0.0,0.0
11908000000,3308,0,,0,0.03893393278121948,0.0037068002857267857,0.22159059345722198,1.0,0.0,0.0,0.0,0.0
11911000000,3309,0,,0,-0.1902880072593689,0.09592464566230774,-0.2781834006309509,1.0,0.0,0.0,0.0,0.0
11912000000,3310,0,,0,0.06309884786605835,-0.015116849914193153,-0.07945401221513748,1.0,0.0,0.0,0.0,0.0
11914000000,3311,0,,0,-0.25211092829704285,-0.22665926814079285,-0.18690632283687592,1.0,0.0,0.0,0.0,0.0
11916000000,3312,0,,0,0.08096011728048325,0.12357726693153381,-0.27485018968582153,1.0,0.0,0.0,0.0,0.0
11918000000,3313,0,,0,-0.17680363357067108,-0.11856472492218018,0.31586959958076477,1.0,0.0,0.0,0.0,0.0
11920000000,3314,0,,0,-0.3609054684638977,-0.11566169559955597,-0.3081357181072235,1.0,0.0,0.0,0.0,0.0
11922000000,3315,0,,0,0.18108263611793518,-0.33772003650665283,0.24557261168956757,1.0,0.0,0.0,0.0,0.0
11924000000,3316,0,,0,0.19898605346679688,-0.11076522618532181,0.38734132051467896,1.0,0.0,0.0,0.0,0.0
11926000000,3317,0,,0,0.2622648775577545,0.07677154988050461,0.27029845118522644,1.0,0.0,0.0,0.0,0.0
11928000000,3318,0,,0,0.024003004655241966,-0.324572890996933,0.3720952868461609,1.0,0.0,0.0,0.0,0.0
11930000000,3319,0,,0,-0.3356557786464691,0.03050532378256321,0.16086480021476746,1.0,0.0,0.0,0.0,0.0
11932000000,3320,0,,0,0.35722944140434265,0.38702845573425293,-0.281904935836792,1.0,0.0,0.0,0.0,0.0
11934000000,3321,0,,0,0.39971861243247986,0.3747369349002838,-0.39821165800094604,1.0,0.0,0.0,0.0,0.0
11936000000,3322,0,,0,-0.21184445917606354,-0.10381107032299042,-0.30348020792007446,1.0,0.0,0.0,0.0,0.0
11938000000,3323,0,,0,-0.06183173879981041,-0.23085235059261322,-0.05934189632534981,1.0,0.0,0.0,0.0,0.0
11940000000,3324,0,,0,0.0010806367499753833,-0.31890976428985596,-0.05370698124170303,1.0,0.0,0.0,0.0,0.0
11942000000,3325,0,,0,0.2861887216567993,-0.03292039409279823,-0.16141705214977264,1.0,0.0,0.0,0.0,0.0
11944000000,3326,0,,0,-0.0012323061237111688,-0.26174572110176086,0.30811917781829834,1.0,0.0,0.0,0.0,0.0
11946000000,3327,0,,0,-0.21344979107379913,0.1583428829908371,-0.12263850122690201,1.0,0.0,0.0,0.0,0.0
11948000000,3328,0,,0,0.11474529653787613,-0.19110900163650513,0.2821999192237854,1.0,0.0,0.0,0.0,0.0
11950000000,3329,0,,0,0.3116348683834076,-0.2514682412147522,-0.3413586914539337,1.0,0.0,0.0,0.0,0.0
11952000000,3330,0,,0,0.37696024775505066,0.1994088590145111,-0.39478346705436707,1.0,0.0,0.0,0.0,0.0
11954000000,3331,0,,0,0.2350560426712036,0.35066837072372437,0.3121402859687805,1.0,0.0,0.0,0.0,0.0
11956000000,3332,0,,0,-0.24992799758911133,0.19133421778678894,0.2566148042678833,1.0,0.0,0.0,0.0,0.0
11959000000,3333,0,,0,-0.013732599094510078,0.31670239567756653,-0.33519914746284485,1.0,0.0,0.0,0.0,0.0
11960000000,3334,0,,0,0.19160735607147217,-0.1396450251340866,0.07017111033201218,1.0,0.0,0.0,0.0,0.0
11962000000,3335,0,,0,0.06401324272155762,0.11905300617218018,-0.3783838152885437,1.0,0.0,0.0,0.0,0.0
11964000000,3336,0,,0,0.35459664463996887,-0.13774369657039642,-0.09648983925580978,1.0,0.0,0.0,0.0,0.0
11966000000,3337,0,,0,-0.07165436446666718,-0.28862741589546204,-0.06966158747673035,1.0,0.0,0.0,0.0,0.0
11968000000,3338,0,,0,-0.24153658747673035,-0.1629943996667862,0.14191873371601105,1.0,0.0,0.0,0.0,0.0
11970000000,3339,0,,0,0.16431212425231934,-0.35473278164863586,0.3287809193134308,1.0,0.0,0.0,0.0,0.0
11972000000,3340,0,,0,-0.16955260932445526,-0.3073972165584564,0.22860364615917206,1.0,0.0,0.0,0.0,0.0
11974000000,3341,0,,0,0.2775970995426178,-0.3365209996700287,-0.2987394332885742,1.0,0.0,0.0,0.0,0.0
11976000000,3342,0,,0,0.36038243770599365,0.25749680399894714,-0.14850500226020813,1.0,0.0,0.0,0.0,0.0
11978000000,3343,0,,0,0.04921373352408409,-0.25106683373451233,0.0842365249991417,1.0,0.0,0.0,0.0,0.0
11980000000,3344,0,,0,-0.09210685640573502,0.3903064727783203,0.33193954825401306,1.0,0.0,0.0,0.0,0.0
11982000000,3345,0,,0,-0.39367958903312683,0.0216376855969429,0.10830686241388321,1.0,0.0,0.0,0.0,0.0
11984000000,3346,0,,0,0.12502633035182953,0.09295192360877991,-0.2882936894893646,1.0,0.0,0.0,0.0,0.0
11986000000,3347,0,,0,-0.30877864360809326,0.3682972192764282,-0.16233326494693756,1.0,0.0,0.0,0.0,0.0
11988000000,3348,0,,0,-0.22780238091945648,-0.18974977731704712,0.09202192723751068,1.0,0.0,0.0,0.0,0.0
11990000000,3349,0,,0,0.2824299931526184,0.24044917523860931,0.3343603312969208,1.0,0.0,0.0,0.0,0.0
11992000000,3350,0,,0,-0.3536951541900635,-0.12577910721302032,0.21550185978412628,1.0,0.0,0.0,0.0,0.0
11994000000,3351,0,,0,-0.046214617788791656,0.21771641075611115,-0.15307451784610748,1.0,0.0,0.0,0.0,0.0
11996000000,3352,0,,0,0.10229911655187607,0.3984067738056183,-0.018550347536802292,1.0,0.0,0.0,0.0,0.0
11998000000,3353,0,,0,0.2946578860282898,-0.031563643366098404,-0.16696877777576447,1.0,0.0,0.0,0.0,0.0
12000000000,3354,0,,0,-0.14955061674118042,-0.004395391326397657,0.2877556383609772,1.0,0.0,0.0,0.0,0.0
12002000000,3355,0,,0,0.2518540620803833,0.06925761699676514,0.2167203277349472,1.0,0.0,0.0,0.0,0.0
12004000000,3356,0,,0,-0.2954886555671692,0.10283694416284561,-0.20666512846946716,1.0,0.0,0.0,0.0,0.0
12006000000,3357,0,,0,-0.3132959306240082,0.12867358326911926,0.37360405921936035,1.0,0.0,0.0,0.0,0.0
12008000000,3358,0,,0,-0.1580764204263687,-0.10915389657020569,-0.017044615000486374,1.0,0.0,0.0,0.0,0.0
12010000000,3359,0,,0,-0.24684399366378784,-0.22333303093910217,0.09990300238132477,1.0,0.0,0.0,0.0,0.0
12012000000,3360,0,,0,-0.39912280440330505,0.12439904361963272,0.2820367217063904,1.0,0.0,0.0,0.0,0.0
12014000000,3361,0,,0,0.19221383333206177,0.09918633103370667,-0.3996116518974304,1.0,0.0,0.0,0.0,0.0
12016000000,3362,0,,0,-0.3800492584705353,0.3280872404575348,0.21231867372989655,1.0,0.0,0.0,0.0,0.0
12018000000,3363,0,,0,0.20417949557304382,-0.07958048582077026,-0.28048452734947205,1.0,0.0,0.0,0.0,0.0
12020000000,3364,0,,0,0.11190482974052429,-0.2658076882362366,-0.270307719707489,1.0,0.0,0.0,0.0,0.0
12022000000,3365,0,,0,-0.31980302929878235,0.31699076294898987,-0.047875456511974335,1.0,0.0,0.0,0.0,0.0
12024000000,3366,0,,0,0.20507334172725677,0.378785640001297,0.23641212284564972,1.0,0.0,0.0,0.0,0.0
12026000000,3367,0,,0,-0.26330313086509705,0.20796023309230804,0.32818254828453064,1.0,0.0,0.0,0.0,0.0
12028000000,3368,0,,0,-0.2318284809589386,-0.3180394470691681,0.259569376707077,1.0,0.0,0.0,0.0,0.0
12030000000,3369,0,,0,-0.06554564833641052,0.2510393559932709,0.03363557159900665,1.0,0.0,0.0,0.0,0.0
12032000000,3370,0,,0,-0.1956617683172226,0.34297966957092285,-0.3819538950920105,1.0,0.0,0.0,0.0,0.0
12034000000,3371,0,,0,-0.18652527034282684,-0.3800492584705353,0.0639193058013916,1.0,0.0,0.0,0.0,0.0
12036000000,3372,0,,0,0.32323911786079407,0.2906206250190735,0.011717482469975948,1.0,0.0,0.0,0.0,0.0
12038000000,3373,0,,0,0.23685476183891296,0.34825029969215393,-0.3953778147697449,1.0,0.0,0.0,0.0,0.0
12040000000,3374,0,,0,-0.053386837244033813,0.27813291549682617,0.31319546699523926,1.0,0.0,0.0,0.0,0.0
12042000000,3375,0,,0,-0.32436344027519226,-0.16937342286109924,0.2745436131954193,1.0,0.0,0.0,0.0,0.0
12044000000,3376,0,,0,-0.27997156977653503,-0.09854218363761902,-0.0325026698410511,1.0,0.0,0.0,0.0,0.0
12046000000,3377,0,,0,-0.17264997959136963,0.04507945850491524,0.22341711819171906,1.0,0.0,0.0,0.0,0.0
12048000000,3378,0,,0,-0.1283545047044754,0.3338658809661865,0.0321885384619236,1.0,0.0,0.0,0.0,0.0
12051000000,3379,0,,0,0.3593733608722687,0.27959123253822327,-0.1761133223772049,1.0,0.0,0.0,0.0,0.0
12052000000,3380,0,,0,0.019409557804465294,-0.12291908264160156,0.337572306394577,1.0,0.0,0.0,0.0,0.0
12054000000,3381,0,,0,0.11686091125011444,-0.14492107927799225,-0.0798080638051033,1.0,0.0,0.0,0.0,0.0
12056000000,3382,0,,0,0.3727158010005951,-0.3098751902580261,0.3756718635559082,1.0,0.0,0.0,0.0,0.0
12059000000,3383,0,,0,-0.16856594383716583,0.10155552625656128,0.04729144647717476,1.0,0.0,0.0,0.0,0.0
12060000000,3384,0,,0,0.04581620544195175,0.2620526850223541,0.28131452202796936,1.0,0.0,0.0,0.0,0.0
12062000000,3385,0,,0,0.2759212851524353,0.32412078976631165,-0.09657740592956543,1.0,0.0,0.0,0.0,0.0
12064000000,3386,0,,0,-0.257373183965683,-0.2744308114051819,0.32665982842445374,1.0,0.0,0.0,0.0,0.0
12066000000,3387,0,,0,-0.37444478273391724,-0.3448038399219513,-0.07931984961032867,1.0,0.0,0.0,0.0,0.0
12068000000,3388,0,,0,-0.05714176967740059,-0.24520552158355713,0.3991985619068146,1.0,0.0,0.0,0.0,0.0
12071000000,3389,0,,0,0.11267122626304626,-0.1528828889131546,0.19974875450134277,1.0,0.0,0.0,0.0,0.0
12072000000,3390,0,,0,-0.023822380229830742,0.383308082818985,0.11385705322027206,1.0,0.0,0.0,0.0,0.0
12074000000,3391,0,,0,-0.3483230471611023,0.026860613375902176,0.07302440702915192,1.0,0.0,0.0,0.0,0.0
12076000000,3392,0,,0,-0.06800241768360138,-0.23934364318847656,-0.24777117371559143,1.0,0.0,0.0,0.0,0.0
12078000000,3393,0,,0,0.11005362123250961,0.22650691866874695,-0.3250885009765625,1.0,0.0,0.0,0.0,0.0
12080000000,3394,0,,0,0.27481889724731445,-0.06468836963176727,0.28967970609664917,1.0,0.0,0.0,0.0,0.0
12082000000,3395,0,,0,0.3716520369052887,0.21813249588012695,-0.1502993106842041,1.0,0.0,0.0,0.0,0.0
12084000000,3396,0,,0,-0.1314428597688675,0.17222373187541962,0.04925360903143883,1.0,0.0,0.0,0.0,0.0
12086000000,3397,0,,0,0.3903062641620636,0.29894185066223145,-0.29474058747291565,1.0,0.0,0.0,0.0,0.0
12088000000,3398,0,,0,-0.07221349328756332,-0.36954283714294434,0.1407080888748169,1.0,0.0,0.0,0.0,0.0
12090000000,3399,0,,0,-0.09067875146865845,0.37812528014183044,-0.37891528010368347,1.0,0.0,0.0,0.0,0.0
12092000000,3400,0,,0,-0.2206726223230362,-0.09291673451662064,0.1410989910364151,1.0,0.0,0.0,0.0,0.0
12094000000,3401,0,,0,-0.12052111327648163,0.08813727647066116,-0.3916286826133728,1.0,0.0,0.0,0.0,0.0
12096000000,3402,0,,0,-0.19972531497478485,-0.007666951976716518,-0.07127971202135086,1.0,0.0,0.0,0.0,0.0
12098000000,3403,0,,0,-0.16724500060081482,0.335104376077652,0.1604144424200058,1.0,0.0,0.0,0.0,0.0
12100000000,3404,0,,0,0.37131011486053467,-0.15856081247329712,0.3794199228286743,1.0,0.0,0.0,0.0,0.0
12102000000,3405,0,,0,0.05505102127790451,0.014549621380865574,-0.1261938512325287,1.0,0.0,0.0,0.0,0.0
12104000000,3406,0,,0,-0.18071654438972473,0.2610945999622345,0.011644335463643074,1.0,0.0,0.0,0.0,0.0
12106000000,3407,0,,0,0.1617041677236557,-0.0715208500623703,0.29600781202316284,1.0,0.0,0.0,0.0,0.0
12108000000,3408,0,,0,0.25544583797454834,0.008592314086854458,-0.10895717889070511,1.0,0.0,0.0,0.0,0.0
12110000000,3409,0,,0,0.018161721527576447,-0.34295037388801575,-0.11943656206130981,1.0,0.0,0.0,0.0,0.0
12112000000,3410,0,,0,-0.26162150502204895,-0.1477414220571518,-0.3349130153656006,1.0,0.0,0.0,0.0,0.0
12114000000,3411,0,,0,-6.632073927903548e-05,-0.3514541685581207,0.3974098265171051,1.0,0.0,0.0,0.0,0.0
12116000000,3412,0,,0,0.07094518095254898,-0.39964935183525085,0.2068690061569214,1.0,0.0,0.0,0.0,0.0
12118000000,3413,0,,0,-0.13349729776382446,-0.17409482598304749,0.19408047199249268,1.0,0.0,0.0,0.0,0.0
12120000000,3414,0,,0,0.14848221838474274,-0.3601726293563843,-0.28443294763565063,1.0,0.0,0.0,0.0,0.0
12122000000,3415,0,,0,0.24277092516422272,-0.35230839252471924,-0.2137080430984497,1.0,0.0,0.0,0.0,0.0
12124000000,3416,0,,0,0.0034173978492617607,-0.18660765886306763,0.320451945066452,1.0,0.0,0.0,0.0,0.0
12126000000,3417,0,,0,-0.26449841260910034,0.12376845628023148,-0.3594599664211273,1.0,0.0,0.0,0.0,0.0
12128000000,3418,0,,0,0.3010169267654419,-0.35683417320251465,-0.20424720644950867,1.0,0.0,0.0,0.0,0.0
12130000000,3419,0,,0,0.06903824210166931,-0.36447620391845703,-0.0935012474656105,1.0,0.0,0.0,0.0,0.0
12132000000,3420,0,,0,0.36994385719299316,-0.0864664763212204,-0.06880845874547958,1.0,0.0,0.0,0.0,0.0
12134000000,3421,0,,0,-0.3605507016181946,0.0632016658782959,-0.01355771441012621,1.0,0.0,0.0,0.0,0.0
12136000000,3422,0,,0,0.33921563625335693,-0.343222051858902,0.3829329013824463,1.0,0.0,0.0,0.0,0.0
12138000000,3423,0,,0,0.23724378645420074,-0.33670657873153687,-0.32345467805862427,1.0,0.0,0.0,0.0,0.0
12140000000,3424,0,,0,-0.3207876682281494,0.09125445783138275,-0.2874497175216675,1.0,0.0,0.0,0.0,0.0
12142000000,3425,0,,0,-0.12732580304145813,-0.1992163360118866,-0.36810630559921265,1.0,0.0,0.0,0.0,0.0
12144000000,3426,0,,0,-0.2527834177017212,-0.1289224773645401,-0.0018726798007264733,1.0,0.0,0.0,0.0,0.0
12146000000,3427,0,,0,0.17416879534721375,-0.191745325922966,0.15015548467636108,1.0,0.0,0.0,0.0,0.0
12148000000,3428,0,,0,-0.34213966131210327,-0.277972012758255,-0.2220064401626587,1.0,0.0,0.0,0.0,0.0
12150000000,3429,0,,0,-0.16104866564273834,0.343873530626297,0.2729336619377136,1.0,0.0,0.0,0.0,0.0
12152000000,3430,0,,0,-0.049420591443777084,0.3723629117012024,0.229422926902771,1.0,0.0,0.0,0.0,0.0
12154000000,3431,0,,0,0.23389387130737305,0.3010041415691376,-0.0015276073245331645,1.0,0.0,0.0,0.0,0.0
12156000000,3432,0,,0,-0.39027121663093567,0.3911764919757843,-0.31094419956207275,1.0,0.0,0.0,0.0,0.0
12158000000,3433,0,,0,0.038917385041713715,-0.025210190564393997,-0.35586246848106384,1.0,0.0,0.0,0.0,0.0
12160000000,3434,0,,0,0.032644011080265045,0.1573656052350998,-0.366367906332016,1.0,0.0,0.0,0.0,0.0
12162000000,3435,0,,0,0.12768742442131042,0.24788916110992432,0.004626031033694744,1.0,0.0,0.0,0.0,0.0
12164000000,3436,0,,0,0.3676457405090332,0.39043059945106506,0.1707494705915451,1.0,0.0,0.0,0.0,0.0
12166000000,3437,0,,0,0.04561537131667137,-0.2693427801132202,0.11173179000616074,1.0,0.0,0.0,0.0,0.0
12168000000,3438,0,,0,-0.1498216837644577,-0.26431313157081604,0.053114473819732666,1.0,0.0,0.0,0.0,0.0
12170000000,3439,0,,0,0.2136344015598297,-0.05545593053102493,0.37711867690086365,1.0,0.0,0.0,0.0,0.0
12172000000,3440,0,,0,0.0027384967543184757,-0.0674842819571495,-0.19537591934204102,1.0,0.0,0.0,0.0,0.0
12174000000,3441,0,,0,-0.1977880746126175,-0.15053381025791168,0.2808523178100586,1.0,0.0,0.0,0.0,0.0
12176000000,3442,0,,0,0.058222346007823944,-0.3578469753265381,-0.2096676081418991,1.0,0.0,0.0,0.0,0.0
12178000000,3443,0,,0,-0.341296911239624,-0.24315400421619415,0.20563188195228577,1.0,0.0,0.0,0.0,0.0
12180000000,3444,0,,0,0.15583723783493042,-0.048422783613204956,-0.23565323650836945,1.0,0.0,0.0,0.0,0.0
12182000000,3445,0,,0,-0.30331456661224365,-0.2352076768875122,-0.1191391572356224,1.0,0.0,0.0,0.0,0.0
12184000000,3446,0,,0,-0.1979089081287384,-0.3975065350532532,-0.3366098999977112,1.0,0.0,0.0,0.0,0.0
12186000000,3447,0,,0,0.2052406668663025,0.1149076446890831,0.25174185633659363,1.0,0.0,0.0,0.0,0.0
12188000000,3448,0,,0,-0.2163439840078354,0.17923641204833984,-0.13681600987911224,1.0,0.0,0.0,0.0,0.0
12190000000,3449,0,,0,-0.14843474328517914,0.12259761244058609,-0.0770982876420021,1.0,0.0,0.0,0.0,0.0
12192000000,3450,0,,0,-0.30452147126197815,-0.09245532751083374,0.14125899970531464,1.0,0.0,0.0,0.0,0.0
12194000000,3451,0,,0,0.3543686866760254,-0.08173532038927078,-0.03153982758522034,1.0,0.0,0.0,0.0,0.0
12196000000,3452,0,,0,-0.134320929646492,-0.13777482509613037,0.09087381511926651,1.0,0.0,0.0,0.0,0.0
12199000000,3453,0,,0,0.2331102341413498,0.37679746747016907,-0.33452650904655457,1.0,0.0,0.0,0.0,0.0
12201000000,3454,0,,0,-0.20865558087825775,0.06440771371126175,0.11958778649568558,1.0,0.0,0.0,0.0,0.0
12203000000,3455,0,,0,0.1557733565568924,0.09852709621191025,0.3531399667263031,1.0,0.0,0.0,0.0,0.0
12204000000,3456,0,,0,-0.12492101639509201,-0.09966173022985458,-0.09106140583753586,1.0,0.0,0.0,0.0,0.0
12207000000,3457,0,,0,-0.35736390948295593,-0.39525219798088074,0.045643825083971024,1.0,0.0,0.0,0.0,0.0
12209000000,3458,0,,0,0.35549435019493103,0.13567222654819489,0.2227197289466858,1.0,0.0,0.0,0.0,0.0
12210000000,3459,0,,0,0.10580702871084213,-0.29602599143981934,-0.12933512032032013,1.0,0.0,0.0,0.0,0.0
12212000000,3460,0,,0,0.1713874191045761,0.07845255732536316,-0.388731986284256,1.0,0.0,0.0,0.0,0.0
12214000000,3461,0,,0,0.1836005002260208,0.03928514942526817,0.36316365003585815,1.0,0.0,0.0,0.0,0.0
12216000000,3462,0,,0,0.04978923872113228,-0.17344661056995392,-0.003990499768406153,1.0,0.0,0.0,0.0,0.0
12218000000,3463,0,,0,-0.08067739754915237,0.3971042037010193,0.15423958003520966,1.0,0.0,0.0,0.0,0.0
12221000000,3464,0,,0,-0.33293813467025757,-0.012691148556768894,0.12766306102275848,1.0,0.0,0.0,0.0,0.0
12222000000,3465,0,,0,0.20614397525787354,-0.2919391989707947,0.017260774970054626,1.0,0.0,0.0,0.0,0.0
12224000000,3466,0,,0,0.12077680975198746,-0.1767731010913849,0.09838345646858215,1.0,0.0,0.0,0.0,0.0
12226000000,3467,0,,0,-0.2741938829421997,0.32944944500923157,-0.16804075241088867,1.0,0.0,0.0,0.0,0.0
12228000000,3468,0,,0,-0.1593785285949707,0.2728971242904663,0.11783981323242188,1.0,0.0,0.0,0.0,0.0
12230000000,3469,0,,0,-0.2826654314994812,-0.3278645873069763,0.23687946796417236,1.0,0.0,0.0,0.0,0.0
12232000000,3470,0,,0,0.13791035115718842,-0.31976261734962463,0.11936677247285843,1.0,0.0,0.0,0.0,0.0
12234000000,3471,0,,0,0.12984265387058258,-0.09569545090198517,0.012723391875624657,1.0,0.0,0.0,0.0,0.0
12236000000,3472,0,,0,0.03417978063225746,0.09898953139781952,-0.1517782211303711,1.0,0.0,0.0,0.0,0.0
12238000000,3473,0,,0,0.1124165877699852,-0.3630684018135071,-0.369723916053772,1.0,0.0,0.0,0.0,0.0
12241000000,3474,0,,0,0.0023429032880812883,0.3138482868671417,-0.27854326367378235,1.0,0.0,0.0,0.0,0.0
12242000000,3475,0,,0,0.3448377549648285,0.29199185967445374,0.1984199732542038,1.0,0.0,0.0,0.0,0.0
12244000000,3476,0,,0,0.39346927404403687,0.061783116310834885,-0.29295608401298523,1.0,0.0,0.0,0.0,0.0
12246000000,3477,0,,0,-0.26835209131240845,-0.10034765303134918,0.061480049043893814,1.0,0.0,0.0,0.0,0.0
12249000000,3478,0,,0,0.07657530158758163,-0.27880987524986267,-0.024674084037542343,1.0,0.0,0.0,0.0,0.0
12250000000,3479,0,,0,0.11531690508127213,0.3972271680831909,-0.05965358018875122,1.0,0.0,0.0,0.0,0.0
12252000000,3480,0,,0,0.2160622626543045,0.06589235365390778,-0.08523064106702805,1.0,0.0,0.0,0.0,0.0
12254000000,3481,0,,0,0.14423295855522156,-0.16941697895526886,0.32224491238594055,1.0,0.0,0.0,0.0,0.0
12256000000,3482,0,,0,-0.19220878183841705,-0.0425407700240612,-0.3357430100440979,1.0,0.0,0.0,0.0,0.0
12258000000,3483,0,,0,0.3944045901298523,-0.17700380086898804,0.20563429594039917,1.0,0.0,0.0,0.0,0.0
12260000000,3484,0,,0,-0.057385243475437164,-0.3647879362106323,0.14323441684246063,1.0,0.0,0.0,0.0,0.0
12262000000,3485,0,,0,0.12481895089149475,-0.011472574435174465,-0.3345925807952881,1.0,0.0,0.0,0.0,0.0
12264000000,3486,0,,0,0.007196958176791668,0.25326046347618103,0.2988332509994507,1.0,0.0,0.0,0.0,0.0
12266000000,3487,0,,0,0.3260834217071533,-0.10687360167503357,0.01981445960700512,1.0,0.0,0.0,0.0,0.0
12268000000,3488,0,,0,0.3761444091796875,-0.042918890714645386,-0.03698943182826042,1.0,0.0,0.0,0.0,0.0
12270000000,3489,0,,0,-0.0753021314740181,-0.029682135209441185,0.08386829495429993,1.0,0.0,0.0,0.0,0.0
12272000000,3490,0,,0,-0.16748863458633423,-0.06818604469299316,-0.3132025897502899,1.0,0.0,0.0,0.0,0.0
12274000000,3491,0,,0,-0.2333352416753769,0.13117395341396332,0.12156371772289276,1.0,0.0,0.0,0.0,0.0
12276000000,3492,0,,0,-0.31735000014305115,-0.09561195969581604,-0.006311655975878239,1.0,0.0,0.0,0.0,0.0
12278000000,3493,0,,0,-0.2191680520772934,0.1063263788819313,-0.2718063294887543,1.0,0.0,0.0,0.0,0.0
12280000000,3494,0,,0,-0.15565325319766998,-0.3809537887573242,-0.20427094399929047,1.0,0.0,0.0,0.0,0.0
12282000000,3495,0,,0,-0.3069906532764435,-0.17283567786216736,0.26984933018684387,1.0,0.0,0.0,0.0,0.0
12284000000,3496,0,,0,0.3118414282798767,0.08451016992330551,-0.12626060843467712,1.0,0.0,0.0,0.0,0.0
12286000000,3497,0,,0,0.06796682626008987,0.261044979095459,0.03927643597126007,1.0,0.0,0.0,0.0,0.0
12288000000,3498,0,,0,0.0005864267004653811,0.2725422978401184,-0.38560110330581665,1.0,0.0,0.0,0.0,0.0
12290000000,3499,0,,0,-0.0732518658041954,0.20786084234714508,-0.31778016686439514,1.0,0.0,0.0,0.0,0.0
12292000000,3500,0,,0,-0.2503087818622589,-0.17400389909744263,0.36662667989730835,1.0,0.0,0.0,0.0,0.0
12294000000,3501,0,,0,0.3583676517009735,-0.18377965688705444,-0.09603175520896912,1.0,0.0,0.0,0.0,0.0
12296000000,3502,0,,0,0.3860454559326172,-0.2927672564983368,0.3698267936706543,1.0,0.0,0.0,0.0,0.0
12298000000,3503,0,,0,-0.056147120893001556,0.015234488993883133,0.1420152336359024,1.0,0.0,0.0,0.0,0.0
12300000000,3504,0,,0,-0.16891519725322723,-0.046111542731523514,0.30854108929634094,1.0,0.0,0.0,0.0,0.0
12302000000,3505,0,,0,-0.3435586392879486,-0.3441373109817505,-0.12493923306465149,1.0,0.0,0.0,0.0,0.0
12304000000,3506,0,,0,-0.3426697850227356,0.3096402585506439,0.08921125531196594,1.0,0.0,0.0,0.0,0.0
12306000000,3507,0,,0,0.38522717356681824,0.2403397411108017,-0.16700930893421173,1.0,0.0,0.0,0.0,0.0
12308000000,3508,0,,0,-0.22026240825653076,-0.040511634200811386,-0.30844882130622864,1.0,0.0,0.0,0.0,0.0
12310000000,3509,0,,0,0.05805299058556557,-0.3920905888080597,-0.23413078486919403,1.0,0.0,0.0,0.0,0.0
12312000000,3510,0,,0,-0.07512310147285461,0.3791433274745941,0.2480720430612564,1.0,0.0,0.0,0.0,0.0
12314000000,3511,0,,0,0.1129123792052269,0.36698663234710693,0.12961168587207794,1.0,0.0,0.0,0.0,0.0
12316000000,3512,0,,0,0.15738846361637115,-0.09998029470443726,0.21967990696430206,1.0,0.0,0.0,0.0,0.0
12318000000,3513,0,,0,-0.19485890865325928,0.280693918466568,-0.36047449707984924,1.0,0.0,0.0,0.0,0.0
12320000000,3514,0,,0,-0.2296200841665268,0.018817735835909843,-0.21440351009368896,1.0,0.0,0.0,0.0,0.0
12322000000,3515,0,,0,-0.3975279927253723,0.3686431348323822,0.08700951933860779,1.0,0.0,0.0,0.0,0.0
12324000000,3516,0,,0,-0.044650085270404816,-0.06589154899120331,0.0864214077591896,1.0,0.0,0.0,0.0,0.0
12326000000,3517,0,,0,-0.38341251015663147,-0.2088095247745514,-0.24326904118061066,1.0,0.0,0.0,0.0,0.0
12328000000,3518,0,,0,-0.10848379135131836,0.08067578822374344,-0.22496117651462555,1.0,0.0,0.0,0.0,0.0
12330000000,3519,0,,0,-0.1976374387741089,0.3731231391429901,0.12297265231609344,1.0,0.0,0.0,0.0,0.0
12332000000,3520,0,,0,0.1817885935306549,-0.09052327275276184,0.3393779993057251,1.0,0.0,0.0,0.0,0.0
12334000000,3521,0,,0,0.08359627425670624,-0.26489195227622986,-0.06839428842067719,1.0,0.0,0.0,0.0,0.0
12336000000,3522,0,,0,0.16769522428512573,0.2780876159667969,0.15495404601097107,1.0,0.0,0.0,0.0,0.0
12338000000,3523,0,,0,0.09250565618276596,0.38819268345832825,0.3726719617843628,1.0,0.0,0.0,0.0,0.0
12341000000,3524,0,,0,0.020109519362449646,0.007454254198819399,0.2669723927974701,1.0,0.0,0.0,0.0,0.0
12342000000,3525,0,,0,-0.05879108980298042,0.31870248913764954,-0.3092920482158661,1.0,0.0,0.0,0.0,0.0
12344000000,3526,0,,0,0.1846810281276703,0.272512823343277,-0.240898996591568,1.0,0.0,0.0,0.0,0.0
12347000000,3527,0,,0,0.02141009084880352,-0.04388400539755821,0.35503631830215454,1.0,0.0,0.0,0.0,0.0
12349000000,3528,0,,0,-0.13321299850940704,-0.13959303498268127,-0.13886240124702454,1.0,0.0,0.0,0.0,0.0
12350000000,3529,0,,0,0.12935036420822144,0.2379949688911438,0.32714757323265076,1.0,0.0,0.0,0.0,0.0
12352000000,3530,0,,0,-0.14102047681808472,-0.10556712746620178,-0.16026143729686737,1.0,0.0,0.0,0.0,0.0
12355000000,3531,0,,0,-0.1645413190126419,-0.23208670318126678,0.35105207562446594,1.0,0.0,0.0,0.0,0.0
12356000000,3532,0,,0,-0.331694632768631,0.26923349499702454,0.3355882167816162,1.0,0.0,0.0,0.0,0.0
12358000000,3533,0,,0,0.2748754024505615,0.1799784153699875,-0.030509479343891144,1.0,0.0,0.0,0.0,0.0
12360000000,3534,0,,0,0.20782119035720825,-0.3670498728752136,-0.06924691796302795,1.0,0.0,0.0,0.0,0.0
12362000000,3535,0,,0,0.3190183639526367,-0.21119056642055511,0.28930243849754333,1.0,0.0,0.0,0.0,0.0
12364000000,3536,0,,0,0.20909777283668518,-0.16757242381572723,-0.06421277672052383,1.0,0.0,0.0,0.0,0.0
12366000000,3537,0,,0,0.22985899448394775,0.2030632644891739,0.2956976592540741,1.0,0.0,0.0,0.0,0.0
12368000000,3538,0,,0,-0.018574511632323265,-0.17530208826065063,-0.04591041058301926,1.0,0.0,0.0,0.0,0.0
12370000000,3539,0,,0,0.3224877417087555,-0.37187737226486206,-0.2498856782913208,1.0,0.0,0.0,0.0,0.0
12372000000,3540,0,,0,0.16248373687267303,-0.35045862197875977,0.36214977502822876,1.0,0.0,0.0,0.0,0.0
12374000000,3541,0,,0,0.18661172688007355,0.011778133921325207,0.36819788813591003,1.0,0.0,0.0,0.0,0.0
12376000000,3542,0,,0,-0.15833549201488495,0.3185243606567383,0.07021866738796234,1.0,0.0,0.0,0.0,0.0
12378000000,3543,0,,0,0.06722451001405716,0.2967962920665741,0.24422572553157806,1.0,0.0,0.0,0.0,0.0
12380000000,3544,0,,0,0.2785669267177582,-0.012986522167921066,0.37209710478782654,1.0,0.0,0.0,0.0,0.0
12382000000,3545,0,,0,0.08546581119298935,-0.3673727810382843,0.12871533632278442,1.0,0.0,0.0,0.0,0.0
12384000000,3546,0,,0,0.19966687262058258,-0.30981603264808655,0.37282025814056396,1.0,0.0,0.0,0.0,0.0
12386000000,3547,0,,0,-0.06770758330821991,-0.17926861345767975,0.05901549383997917,1.0,0.0,0.0,0.0,0.0
12388000000,3548,0,,0,0.05929826200008392,0.1918937861919403,0.15262281894683838,1.0,0.0,0.0,0.0,0.0
12390000000,3549,0,,0,0.09598744660615921,-0.16241197288036346,-0.36885470151901245,1.0,0.0,0.0,0.0,0.0
12392000000,3550,0,,0,-0.3983452320098877,-0.09275955706834793,-0.18507900834083557,1.0,0.0,0.0,0.0,0.0
12394000000,3551,0,,0,-0.375376433134079,0.10747931897640228,-0.21212713420391083,1.0,0.0,0.0,0.0,0.0
12396000000,3552,0,,0,-0.35188597440719604,0.08922398835420609,0.016636138781905174,1.0,0.0,0.0,0.0,0.0
12398000000,3553,0,,0,0.21594077348709106,0.18283039331436157,-0.37156984210014343,1.0,0.0,0.0,0.0,0.0
12400000000,3554,0,,0,-0.37951844930648804,0.1740417331457138,0.11328385770320892,1.0,0.0,0.0,0.0,0.0
12402000000,3555,0,,0,-0.22131316363811493,-0.03753640502691269,0.2636231780052185,1.0,0.0,0.0,0.0,0.0
12404000000,3556,0,,0,-0.311945378780365,0.2968975007534027,0.3406737148761749,1.0,0.0,0.0,0.0,0.0
12406000000,3557,0,,0,-0.34267669916152954,-0.0831754207611084,-0.2654445171356201,1.0,0.0,0.0,0.0,0.0
12408000000,3558,0,,0,-0.1715593785047531,-0.2877069115638733,0.34705567359924316,1.0,0.0,0.0,0.0,0.0
12410000000,3559,0,,0,0.36512109637260437,-0.011908309534192085,0.15553157031536102,1.0,0.0,0.0,0.0,0.0
12412000000,3560,0,,0,-0.199897900223732,0.3364814519882202,-0.19230212271213531,1.0,0.0,0.0,0.0,0.0
12414000000,3561,0,,0,-0.1569952368736267,0.011750799603760242,0.17525295913219452,1.0,0.0,0.0,0.0,0.0
12416000000,3562,0,,0,0.3255029022693634,-0.12447855621576309,-0.24255551397800446,1.0,0.0,0.0,0.0,0.0
12418000000,3563,0,,0,0.060403164476156235,-0.33220914006233215,0.2650589644908905,1.0,0.0,0.0,0.0,0.0
12420000000,3564,0,,0,0.15335966646671295,0.18215689063072205,-0.34763145446777344,1.0,0.0,0.0,0.0,0.0
12422000000,3565,0,,0,-0.3871355354785919,0.36519888043403625,0.15025851130485535,1.0,0.0,0.0,0.0,0.0
12424000000,3566,0,,0,-0.30894315242767334,0.31538692116737366,0.1594967544078827,1.0,0.0,0.0,0.0,0.0
12427000000,3567,0,,0,-0.27130356431007385,-0.29598385095596313,-0.22389699518680573,1.0,0.0,0.0,0.0,0.0
12428000000,3568,0,,0,0.13329973816871643,-0.2484162300825119,-0.12658384442329407,1.0,0.0,0.0,0.0,0.0
12430000000,3569,0,,0,-0.24602095782756805,-0.21014702320098877,-0.22000551223754883,1.0,0.0,0.0,0.0,0.0
12433000000,3570,0,,0,-0.028455454856157303,-0.15727706253528595,0.33492597937583923,1.0,0.0,0.0,0.0,0.0
12435000000,3571,0,,0,0.1624184548854828,-0.018892910331487656,0.3006075918674469,1.0,0.0,0.0,0.0,0.0
12437000000,3572,0,,0,0.2544225752353668,-0.04397045448422432,0.07449495047330856,1.0,0.0,0.0,0.0,0.0
12439000000,3573,0,,0,0.3119471073150635,0.041492924094200134,0.06402473896741867,1.0,0.0,0.0,0.0,0.0
12441000000,3574,0,,0,-0.33548861742019653,-0.0210882518440485,0.16025210916996002,1.0,0.0,0.0,0.0,0.0
12443000000,3575,0,,0,-0.3679742217063904,-0.08977843821048737,0.37958255410194397,1.0,0.0,0.0,0.0,0.0
12444000000,3576,0,,0,0.0063344682566821575,-0.3778377175331116,0.24858537316322327,1.0,0.0,0.0,0.0,0.0
12446000000,3577,0,,0,0.15765567123889923,-0.009166896343231201,0.15931156277656555,1.0,0.0,0.0,0.0,0.0
12449000000,3578,0,,0,0.1531926691532135,0.07335976511240005,0.34429308772087097,1.0,0.0,0.0,0.0,0.0
12451000000,3579,0,,0,-0.1692596971988678,-0.30991995334625244,0.2596423625946045,1.0,0.0,0.0,0.0,0.0
12452000000,3580,0,,0,-0.3085300922393799,-0.29184895753860474,0.23620343208312988,1.0,0.0,0.0,0.0,0.0
12454000000,3581,0,,0,0.3695169985294342,-0.10655078291893005,-0.36406466364860535,1.0,0.0,0.0,0.0,0.0
12457000000,3582,0,,0,-0.11673584580421448,-0.148034930229187,0.12012419104576111,1.0,0.0,0.0,0.0,0.0
12459000000,3583,0,,0,0.25496017932891846,-0.20530730485916138,-0.38811996579170227,1.0,0.0,0.0,0.0,0.0
12460000000,3584,0,,0,-0.2702013850212097,0.28617793321609497,-0.23164688050746918,1.0,0.0,0.0,0.0,0.0
12462000000,3585,0,,0,-0.16032017767429352,-0.10074340552091599,0.28988349437713623,1.0,0.0,0.0,0.0,0.0
12465000000,3586,0,,0,0.1026628315448761,-0.036107536405324936,0.180601567029953,1.0,0.0,0.0,0.0,0.0
12466000000,3587,0,,0,-0.3982708752155304,-0.18969032168388367,-0.36672157049179077,1.0,0.0,0.0,0.0,0.0
12469000000,3588,0,,0,0.1157609224319458,0.38880982995033264,-0.20656506717205048,1.0,0.0,0.0,0.0,0.0
12470000000,3589,0,,0,-0.05089670419692993,0.18383002281188965,0.22457075119018555,1.0,0.0,0.0,0.0,0.0
12472000000,3590,0,,0,0.14485003054141998,0.1925312727689743,0.1955135017633438,1.0,0.0,0.0,0.0,0.0
12474000000,3591,0,,0,-0.14944982528686523,0.02231859602034092,-0.13377968966960907,1.0,0.0,0.0,0.0,0.0
12476000000,3592,0,,0,0.2249765396118164,0.3337757885456085,-0.15627077221870422,1.0,0.0,0.0,0.0,0.0
12478000000,3593,0,,0,-0.3330475091934204,-0.08213280141353607,0.04285608232021332,1.0,0.0,0.0,0.0,0.0
12480000000,3594,0,,0,-0.3671115040779114,0.3380950689315796,0.020866600796580315,1.0,0.0,0.0,0.0,0.0
12482000000,3595,0,,0,0.10941170156002045,-0.05133290961384773,0.17270812392234802,1.0,0.0,0.0,0.0,0.0
12485000000,3596,0,,0,-0.03013753890991211,-0.23371057212352753,-0.03380042687058449,1.0,0.0,0.0,0.0,0.0
12486000000,3597,0,,0,-0.29084286093711853,0.04542377591133118,-0.08833029121160507,1.0,0.0,0.0,0.0,0.0
12488000000,3598,0,,0,-0.3052864968776703,-0.25164005160331726,-0.20556719601154327,1.0,0.0,0.0,0.0,0.0
12491000000,3599,0,,0,0.2343347668647766,-0.3292248547077179,0.3344463109970093,1.0,0.0,0.0,0.0,0.0
12492000000,3600,0,,0,0.00660213828086853,0.20880547165870667,0.3877052366733551,1.0,0.0,0.0,0.0,0.0
12494000000,3601,0,,0,0.37713125348091125,0.13026876747608185,0.03301157429814339,1.0,0.0,0.0,0.0,0.0
12497000000,3602,0,,0,-0.2521405518054962,0.3196513056755066,0.13381174206733704,1.0,0.0,0.0,0.0,0.0
12498000000,3603,0,,0,-0.25110384821891785,-0.36269891262054443,0.3868504464626312,1.0,0.0,0.0,0.0,0.0
12501000000,3604,0,,0,0.1839420646429062,-0.04459448531270027,0.03006974793970585,1.0,0.0,0.0,0.0,0.0
12502000000,3605,0,,0,0.10419139266014099,0.29907965660095215,0.10475097596645355,1.0,0.0,0.0,0.0,0.0
12504000000,3606,0,,0,-0.2971664369106293,-0.3671290874481201,-0.02375868521630764,1.0,0.0,0.0,0.0,0.0
12506000000,3607,0,,0,-0.02642924338579178,0.3308798670768738,0.03232970088720322,1.0,0.0,0.0,0.0,0.0
12508000000,3608,0,,0,0.12484224140644073,0.11494817584753036,0.14155477285385132,1.0,0.0,0.0,0.0,0.0
12510000000,3609,0,,0,-0.10367563366889954,0.25452879071235657,0.06186295300722122,1.0,0.0,0.0,0.0,0.0
12512000000,3610,0,,0,-0.19519415497779846,0.31664884090423584,0.22747403383255005,1.0,0.0,0.0,0.0,0.0
12514000000,3611,0,,0,0.30167290568351746,0.005065773613750935,0.164436936378479,1.0,0.0,0.0,0.0,0.0
12516000000,3612,0,,0,0.22065332531929016,0.0809970572590828,0.2721029222011566,1.0,0.0,0.0,0.0,0.0
12518000000,3613,0,,0,-0.06235116720199585,-0.3369329273700714,0.35928842425346375,1.0,0.0,0.0,0.0,0.0
12520000000,3614,0,,0,-0.23037241399288177,0.2517281770706177,0.08429689705371857,1.0,0.0,0.0,0.0,0.0
12522000000,3615,0,,0,-0.11752273887395859,-0.3858705461025238,0.225795179605484,1.0,0.0,0.0,0.0,0.0
12524000000,3616,0,,0,0.0078637870028615,-0.0551365464925766,-0.06565943360328674,1.0,0.0,0.0,0.0,0.0
12526000000,3617,0,,0,0.048302020877599716,0.3730243742465973,-0.1957811564207077,1.0,0.0,0.0,0.0,0.0
12528000000,3618,0,,0,0.08498873561620712,-0.313573956489563,0.2600118815898895,1.0,0.0,0.0,0.0,0.0
12530000000,3619,0,,0,-0.010576575063169003,0.20508265495300293,-0.08829980343580246,1.0,0.0,0.0,0.0,0.0
12532000000,3620,0,,0,0.1641923189163208,-0.030570605769753456,0.16694816946983337,1.0,0.0,0.0,0.0,0.0
12534000000,3621,0,,0,0.18890011310577393,-0.08947529643774033,-0.16343693435192108,1.0,0.0,0.0,0.0,0.0
12536000000,3622,0,,0,-0.07002980262041092,0.3751819133758545,0.17722421884536743,1.0,0.0,0.0,0.0,0.0
12538000000,3623,0,,0,0.15514631569385529,-0.28365254402160645,0.11511602997779846,1.0,0.0,0.0,0.0,0.0
12540000000,3624,0,,0,0.07499038428068161,-0.12845268845558167,-0.33828455209732056,1.0,0.0,0.0,0.0,0.0
12542000000,3625,0,,0,0.12164324522018433,0.30479538440704346,-0.041408613324165344,1.0,0.0,0.0,0.0,0.0
12545000000,3626,0,,0,-0.0030858954414725304,-0.21394559741020203,-0.21694009006023407,1.0,0.0,0.0,0.0,0.0
12546000000,3627,0,,0,0.39245811104774475,-0.3770831823348999,-0.12190684676170349,1.0,0.0,0.0,0.0,0.0
12548000000,3628,0,,0,0.2219616174697876,-0.31381621956825256,-0.33768853545188904,1.0,0.0,0.0,0.0,0.0
12550000000,3629,0,,0,0.3053489625453949,-0.33132150769233704,0.13288964331150055,1.0,0.0,0.0,0.0,0.0
12552000000,3630,0,,0,-0.31824806332588196,0.21090185642242432,-0.2698718011379242,1.0,0.0,0.0,0.0,0.0
12554000000,3631,0,,0,0.23570972681045532,-0.13398604094982147,0.19582632184028625,1.0,0.0,0.0,0.0,0.0
12556000000,3632,0,,0,0.04258882254362106,0.05526906996965408,0.027125487104058266,1.0,0.0,0.0,0.0,0.0
12558000000,3633,0,,0,0.2543472647666931,-0.2627423107624054,0.12249499559402466,1.0,0.0,0.0,0.0,0.0
12561000000,3634,0,,0,0.34944799542427063,-0.302108496427536,-0.06844533234834671,1.0,0.0,0.0,0.0,0.0
12562000000,3635,0,,0,0.2819037437438965,0.10230249166488647,-0.39252763986587524,1.0,0.0,0.0,0.0,0.0
12564000000,3636,0,,0,-0.3484067916870117,0.13625679910182953,-0.31981077790260315,1.0,0.0,0.0,0.0,0.0
12566000000,3637,0,,0,-0.24155500531196594,-0.34321996569633484,-0.30443301796913147,1.0,0.0,0.0,0.0,0.0
12568000000,3638,0,,0,-0.0815974548459053,-0.06689142435789108,0.3128826916217804,1.0,0.0,0.0,0.0,0.0
12570000000,3639,0,,0,0.1901133954524994,0.03582801669836044,0.0022139339707791805,1.0,0.0,0.0,0.0,0.0
12572000000,3640,0,,0,-0.2023470252752304,0.008614436723291874,-0.34970957040786743,1.0,0.0,0.0,0.0,0.0
12574000000,3641,0,,0,-0.08497776091098785,0.23993560671806335,-0.06825032830238342,1.0,0.0,0.0,0.0,0.0
12576000000,3642,0,,0,-0.26550763845443726,0.012303611263632774,0.27396515011787415,1.0,0.0,0.0,0.0,0.0
12578000000,3643,0,,0,0.39473170042037964,-0.3504439890384674,-0.08190643787384033,1.0,0.0,0.0,0.0,0.0
12580000000,3644,0,,0,0.3355662524700165,0.37562406063079834,-0.2665908932685852,1.0,0.0,0.0,0.0,0.0
12582000000,3645,0,,0,-0.17798449099063873,-0.26700279116630554,-0.1673632711172104,1.0,0.0,0.0,0.0,0.0
12584000000,3646,0,,0,-0.18935728073120117,0.18642558157444,-0.35418254137039185,1.0,0.0,0.0,0.0,0.0
12586000000,3647,0,,0,-0.11484239250421524,0.19438450038433075,0.3582683503627777,1.0,0.0,0.0,0.0,0.0
12588000000,3648,0,,0,0.0013813810655847192,0.08373545855283737,-0.06355535238981247,1.0,0.0,0.0,0.0,0.0
12590000000,3649,0,,0,0.3718295395374298,-0.3186763525009155,0.042526889592409134,1.0,0.0,0.0,0.0,0.0
12592000000,3650,0,,0,-0.027527401223778725,0.14347977936267853,-0.019241536036133766,1.0,0.0,0.0,0.0,0.0
12594000000,3651,0,,0,0.017954636365175247,0.20446369051933289,-0.03769104927778244,1.0,0.0,0.0,0.0,0.0
12596000000,3652,0,,0,-0.20903204381465912,-0.20716039836406708,0.2388145476579666,1.0,0.0,0.0,0.0,0.0
12598000000,3653,0,,0,-0.2694794237613678,0.04896620288491249,0.10211921483278275,1.0,0.0,0.0,0.0,0.0
12600000000,3654,0,,0,-0.16089433431625366,0.15961039066314697,-0.21803033351898193,1.0,0.0,0.0,0.0,0.0
12602000000,3655,0,,0,0.19934861361980438,-0.35686469078063965,-0.10355863720178604,1.0,0.0,0.0,0.0,0.0
12604000000,3656,0,,0,0.3150310218334198,0.041739124804735184,0.3355603814125061,1.0,0.0,0.0,0.0,0.0
12606000000,3657,0,,0,-0.23664183914661407,0.11118430644273758,0.08326598256826401,1.0,0.0,0.0,0.0,0.0
12608000000,3658,0,,0,-0.2911381423473358,0.17244866490364075,0.07188897579908371,1.0,0.0,0.0,0.0,0.0
12610000000,3659,0,,0,0.1712191253900528,0.2640259563922882,0.15881268680095673,1.0,0.0,0.0,0.0,0.0
12612000000,3660,0,,0,-0.23853403329849243,-0.18052075803279877,-0.004356467165052891,1.0,0.0,0.0,0.0,0.0
12614000000,3661,0,,0,-0.055482927709817886,-0.3343780040740967,-0.12353519350290298,1.0,0.0,0.0,0.0,0.0
12616000000,3662,0,,0,0.05454093962907791,0.030856914818286896,-0.3085070848464966,1.0,0.0,0.0,0.0,0.0
12618000000,3663,0,,0,-0.38741740584373474,-0.06721861660480499,-0.056761231273412704,1.0,0.0,0.0,0.0,0.0
12620000000,3664,0,,0,0.3622985780239105,-0.0634438544511795,-0.30203330516815186,1.0,0.0,0.0,0.0,0.0
12623000000,3665,0,,0,0.3180694282054901,-0.03450401499867439,0.2755446434020996,1.0,0.0,0.0,0.0,0.0
12624000000,3666,0,,0,-0.3953910768032074,0.3673359751701355,-0.1274571567773819,1.0,0.0,0.0,0.0,0.0
12626000000,3667,0,,0,0.3225089907646179,0.3946901559829712,0.08545857667922974,1.0,0.0,0.0,0.0,0.0
12629000000,3668,0,,0,0.0321451798081398,-0.035915303975343704,-0.08768563717603683,1.0,0.0,0.0,0.0,0.0
12631000000,3669,0,,0,0.26428860425949097,-0.3957160711288452,-0.2758380174636841,1.0,0.0,0.0,0.0,0.0
12633000000,3670,0,,0,-0.08809968084096909,0.39108502864837646,-0.02702854946255684,1.0,0.0,0.0,0.0,0.0
12635000000,3671,0,,0,0.057419873774051666,-0.3556808829307556,0.029872650280594826,1.0,0.0,0.0,0.0,0.0
12637000000,3672,0,,0,-0.34290793538093567,0.026958690956234932,0.17082282900810242,1.0,0.0,0.0,0.0,0.0
12638000000,3673,0,,0,-0.07120168954133987,-0.15062394738197327,-0.3455268442630768,1.0,0.0,0.0,0.0,0.0
12640000000,3674,0,,0,0.36562758684158325,0.2277275174856186,0.019890720024704933,1.0,0.0,0.0,0.0,0.0
12642000000,3675,0,,0,0.28050264716148376,-0.14620140194892883,-0.028294820338487625,1.0,0.0,0.0,0.0,0.0
12645000000,3676,0,,0,0.130238339304924,-0.24731266498565674,-0.22879399359226227,1.0,0.0,0.0,0.0,0.0
12647000000,3677,0,,0,0.10647014528512955,-0.3944682478904724,-0.09315720945596695,1.0,0.0,0.0,0.0,0.0
12648000000,3678,0,,0,0.35995206236839294,0.2856472134590149,0.20899775624275208,1.0,0.0,0.0,0.0,0.0
12650000000,3679,0,,0,-0.09360531717538834,0.31559550762176514,0.028766026720404625,1.0,0.0,0.0,0.0,0.0
12652000000,3680,0,,0,0.3434997498989105,-0.2527959942817688,-0.3304601013660431,1.0,0.0,0.0,0.0,0.0
12654000000,3681,0,,0,-0.03822125121951103,-0.29681551456451416,-0.22230415046215057,1.0,0.0,0.0,0.0,0.0
12656000000,3682,0,,0,-0.24048055708408356,-0.2090594619512558,0.30657798051834106,1.0,0.0,0.0,0.0,0.0
12659000000,3683,0,,0,-0.07740899920463562,0.36780503392219543,-0.21219198405742645,1.0,0.0,0.0,0.0,0.0
12661000000,3684,0,,0,-0.32648372650146484,-0.16253820061683655,0.19383147358894348,1.0,0.0,0.0,0.0,0.0
12663000000,3685,0,,0,0.12143706530332565,-0.2326766699552536,-0.059806518256664276,1.0,0.0,0.0,0.0,0.0
12665000000,3686,0,,0,-0.14448761940002441,-0.12799112498760223,0.387895792722702,1.0,0.0,0.0,0.0,0.0
12667000000,3687,0,,0,0.08386644721031189,-0.10118889063596725,0.1251785159111023,1.0,0.0,0.0,0.0,0.0
12669000000,3688,0,,0,0.05926157534122467,0.3952615559101105,-0.2118680328130722,1.0,0.0,0.0,0.0,0.0
12670000000,3689,0,,0,0.3044622540473938,-0.002523672766983509,-0.20784065127372742,1.0,0.0,0.0,0.0,0.0
12672000000,3690,0,,0,0.10958388447761536,0.3783804774284363,-0.37472066283226013,1.0,0.0,0.0,0.0,0.0
12674000000,3691,0,,0,0.3235341012477875,0.24102823436260223,0.3084409236907959,1.0,0.0,0.0,0.0,0.0
12677000000,3692,0,,0,-0.38856783509254456,0.31196194887161255,0.15457968413829803,1.0,0.0,0.0,0.0,0.0
12679000000,3693,0,,0,-0.3126450777053833,-0.005815716926008463,-0.1861780434846878,1.0,0.0,0.0,0.0,0.0
12680000000,3694,0,,0,0.30657902359962463,0.06634140759706497,-0.24573670327663422,1.0,0.0,0.0,0.0,0.0
12682000000,3695,0,,0,0.23270732164382935,-0.09459972381591797,-0.03641099855303764,1.0,0.0,0.0,0.0,0.0
12684000000,3696,0,,0,0.27472028136253357,-0.38096389174461365,0.38753288984298706,1.0,0.0,0.0,0.0,0.0
12686000000,3697,0,,0,0.30086374282836914,-0.32010871171951294,0.2405429482460022,1.0,0.0,0.0,0.0,0.0
12688000000,3698,0,,0,-0.2063131332397461,-0.28552117943763733,0.23868781328201294,1.0,0.0,0.0,0.0,0.0
12690000000,3699,0,,0,0.2483232468366623,0.04983540251851082,0.10857951641082764,1.0,0.0,0.0,0.0,0.0
12692000000,3700,0,,0,-0.2958473563194275,-0.21581058204174042,0.3663202226161957,1.0,0.0,0.0,0.0,0.0
12694000000,3701,0,,0,-0.22452734410762787,-0.37238797545433044,0.16442523896694183,1.0,0.0,0.0,0.0,0.0
12697000000,3702,0,,0,-0.114796943962574,-0.3061703145503998,-0.17798061668872833,1.0,0.0,0.0,0.0,0.0
12699000000,3703,0,,0,0.1302178055047989,0.09984149038791656,-0.09277157485485077,1.0,0.0,0.0,0.0,0.0
12700000000,3704,0,,0,-0.2908206582069397,-0.33633434772491455,0.24850785732269287,1.0,0.0,0.0,0.0,0.0
12703000000,3705,0,,0,-0.33360469341278076,-0.2737663686275482,-0.20935027301311493,1.0,0.0,0.0,0.0,0.0
12704000000,3706,0,,0,0.21042652428150177,-0.24190068244934082,0.16424256563186646,1.0,0.0,0.0,0.0,0.0
12707000000,3707,0,,0,0.3530154824256897,-0.14971689879894257,0.07190337032079697,1.0,0.0,0.0,0.0,0.0
12709000000,3708,0,,0,0.21259503066539764,0.38862115144729614,-0.23560087382793427,1.0,0.0,0.0,0.0,0.0
12711000000,3709,0,,0,0.23055042326450348,-0.340498149394989,-0.3785181939601898,1.0,0.0,0.0,0.0,0.0
12712000000,3710,0,,0,0.19183723628520966,0.12324869632720947,-0.08215349167585373,1.0,0.0,0.0,0.0,0.0
12715000000,3711,0,,0,-0.2289532721042633,0.2624876797199249,-0.2168363630771637,1.0,0.0,0.0,0.0,0.0
12717000000,3712,0,,0,-0.12935617566108704,-0.22835783660411835,-0.11327540129423141,1.0,0.0,0.0,0.0,0.0
12719000000,3713,0,,0,-0.2818728983402252,-0.02424757555127144,-0.39763981103897095,1.0,0.0,0.0,0.0,0.0
12721000000,3714,0,,0,0.27751830220222473,-0.28245964646339417,-0.11121677607297897,1.0,0.0,0.0,0.0,0.0
12723000000,3715,0,,0,-0.1803525686264038,0.173018679022789,0.36990177631378174,1.0,0.0,0.0,0.0,0.0
12725000000,3716,0,,0,-0.11121069639921188,0.17503170669078827,-0.2815278172492981,1.0,0.0,0.0,0.0,0.0
12727000000,3717,0,,0,0.2868579924106598,-0.2617890238761902,-0.00397182023152709,1.0,0.0,0.0,0.0,0.0
12729000000,3718,0,,0,-0.3675767183303833,0.22802050411701202,0.17017032206058502,1.0,0.0,0.0,0.0,0.0
12730000000,3719,0,,0,0.39036741852760315,0.048909738659858704,0.06384971737861633,1.0,0.0,0.0,0.0,0.0
12732000000,3720,0,,0,-0.31783393025398254,0.030409496277570724,-0.2802754044532776,1.0,0.0,0.0,0.0,0.0
12735000000,3721,0,,0,-0.2931554913520813,-0.1164710521697998,-0.2646609842777252,1.0,0.0,0.0,0.0,0.0
12736000000,3722,0,,0,0.2167450189590454,0.07390344142913818,-0.2537916898727417,1.0,0.0,0.0,0.0,0.0
12738000000,3723,0,,0,-0.1844986528158188,-0.24982839822769165,-0.2275504320859909,1.0,0.0,0.0,0.0,0.0
12740000000,3724,0,,0,-0.2516458034515381,-0.002241346286609769,-0.16938422620296478,1.0,0.0,0.0,0.0,0.0
12742000000,3725,0,,0,-0.1427885890007019,0.39937475323677063,0.3073986768722534,1.0,0.0,0.0,0.0,0.0
12744000000,3726,0,,0,0.3790789544582367,-0.16941899061203003,0.37542635202407837,1.0,0.0,0.0,0.0,0.0
12746000000,3727,0,,0,0.2088245153427124,0.2390243411064148,0.04695282503962517,1.0,0.0,0.0,0.0,0.0
12748000000,3728,0,,0,0.023399122059345245,-0.1874827891588211,0.2293529510498047,1.0,0.0,0.0,0.0,0.0
12750000000,3729,0,,0,-0.2133089303970337,0.24309487640857697,0.2579905688762665,1.0,0.0,0.0,0.0,0.0
12752000000,3730,0,,0,-0.26088187098503113,-0.14037442207336426,0.2138914167881012,1.0,0.0,0.0,0.0,0.0
12754000000,3731,0,,0,-0.3118133246898651,0.18867236375808716,0.3173408508300781,1.0,0.0,0.0,0.0,0.0
12756000000,3732,0,,0,0.23966939747333527,-0.22815284132957458,0.08681094646453857,1.0,0.0,0.0,0.0,0.0
12759000000,3733,0,,0,0.040593940764665604,-0.18721960484981537,-0.2835335433483124,1.0,0.0,0.0,0.0,0.0
12761000000,3734,0,,0,-0.21293866634368896,0.09354646503925323,0.0847557783126831,1.0,0.0,0.0,0.0,0.0
12763000000,3735,0,,0,-0.3661292493343353,-0.20664797723293304,0.13926564157009125,1.0,0.0,0.0,0.0,0.0
12765000000,3736,0,,0,0.17868955433368683,-0.26726365089416504,0.26825758814811707,1.0,0.0,0.0,0.0,0.0
12767000000,3737,0,,0,0.3234105408191681,-0.21506302058696747,-0.3930361866950989,1.0,0.0,0.0,0.0,0.0
12768000000,3738,0,,0,-0.27922579646110535,0.1391075849533081,-0.08428753912448883,1.0,0.0,0.0,0.0,0.0
12771000000,3739,0,,0,0.3565993010997772,-0.19112195074558258,0.23237727582454681,1.0,0.0,0.0,0.0,0.0
12772000000,3740,0,,0,0.30674734711647034,0.2554452121257782,0.14517603814601898,1.0,0.0,0.0,0.0,0.0
12774000000,3741,0,,0,0.2460438758134842,0.3716244399547577,0.21987415850162506,1.0,0.0,0.0,0.0,0.0
12776000000,3742,0,,0,-0.35317856073379517,-0.20094630122184753,0.06491832435131073,1.0,0.0,0.0,0.0,0.0
12778000000,3743,0,,0,0.18467195332050323,0.3796199560165405,0.14767158031463623,1.0,0.0,0.0,0.0,0.0
12780000000,3744,0,,0,0.19595925509929657,-0.0657687708735466,0.14336252212524414,1.0,0.0,0.0,0.0,0.0
12782000000,3745,0,,0,0.13361401855945587,-0.1964889019727707,0.24901923537254333,1.0,0.0,0.0,0.0,0.0
12784000000,3746,0,,0,-0.19782648980617523,0.1455654352903366,0.05006784200668335,1.0,0.0,0.0,0.0,0.0
12786000000,3747,0,,0,0.018980009481310844,-0.2924547791481018,0.1675739586353302,1.0,0.0,0.0,0.0,0.0
12788000000,3748,0,,0,0.2706599533557892,-0.22296153008937836,0.19573171436786652,1.0,0.0,0.0,0.0,0.0
12790000000,3749,0,,0,0.21678364276885986,-0.13406020402908325,0.3207695186138153,1.0,0.0,0.0,0.0,0.0
12793000000,3750,0,,0,0.16120052337646484,0.33562782406806946,0.17895884811878204,1.0,0.0,0.0,0.0,0.0
12795000000,3751,0,,0,0.05731794983148575,0.39924103021621704,-0.3096616864204407,1.0,0.0,0.0,0.0,0.0
12797000000,3752,0,,0,0.16485381126403809,-0.1709633320569992,0.28991109132766724,1.0,0.0,0.0,0.0,0.0
12799000000,3753,0,,0,0.16572190821170807,0.034203026443719864,0.23166970908641815,1.0,0.0,0.0,0.0,0.0
12801000000,3754,0,,0,-0.2740265429019928,0.3837128281593323,0.33203309774398804,1.0,0.0,0.0,0.0,0.0
12802000000,3755,0,,0,0.23129276931285858,-0.09439604729413986,0.07867825031280518,1.0,0.0,0.0,0.0,0.0
12804000000,3756,0,,0,0.16050364077091217,-0.03372710198163986,0.2413914054632187,1.0,0.0,0.0,0.0,0.0
12806000000,3757,0,,0,0.30988451838493347,-0.39556774497032166,0.29294854402542114,1.0,0.0,0.0,0.0,0.0
12808000000,3758,0,,0,0.34120404720306396,0.009351616725325584,-0.10418529808521271,1.0,0.0,0.0,0.0,0.0
12811000000,3759,0,,0,0.002022546250373125,0.25919416546821594,0.24590063095092773,1.0,0.0,0.0,0.0,0.0
12812000000,3760,0,,0,-0.38421282172203064,0.10139836370944977,-0.15611833333969116,1.0,0.0,0.0,0.0,0.0
12815000000,3761,0,,0,0.2621074318885803,-0.3130152225494385,-0.21094177663326263,1.0,0.0,0.0,0.0,0.0
12816000000,3762,0,,0,-0.34028446674346924,0.09796328842639923,0.15145905315876007,1.0,0.0,0.0,0.0,0.0
12819000000,3763,0,,0,0.021304136142134666,-0.1662544161081314,0.24626685678958893,1.0,0.0,0.0,0.0,0.0
12821000000,3764,0,,0,-0.12355838716030121,-0.20069937407970428,0.10000846534967422,1.0,0.0,0.0,0.0,0.0
12823000000,3765,0,,0,0.13712328672409058,-0.11982057243585587,0.2446555197238922,1.0,0.0,0.0,0.0,0.0
12824000000,3766,0,,0,0.3279016613960266,0.2273605465888977,0.28611230850219727,1.0,0.0,0.0,0.0,0.0
12827000000,3767,0,,0,0.2295629233121872,-0.11139204353094101,0.02271067164838314,1.0,0.0,0.0,0.0,0.0
12829000000,3768,0,,0,-0.14084912836551666,0.13767090439796448,0.11450286954641342,1.0,0.0,0.0,0.0,0.0
12831000000,3769,0,,0,-0.08440586924552917,-0.3318069279193878,-0.04801538214087486,1.0,0.0,0.0,0.0,0.0
12833000000,3770,0,,0,0.3884134590625763,0.22925323247909546,-0.12637266516685486,1.0,0.0,0.0,0.0,0.0
12835000000,3771,0,,0,-0.3861212730407715,0.24418818950653076,-0.3605327904224396,1.0,0.0,0.0,0.0,0.0
12837000000,3772,0,,0,0.30211594700813293,-0.006481379736214876,0.09527486562728882,1.0,0.0,0.0,0.0,0.0
12839000000,3773,0,,0,0.08638611435890198,-0.1726236343383789,0.23352928459644318,1.0,0.0,0.0,0.0,0.0
12841000000,3774,0,,0,-0.2875809371471405,-0.25750309228897095,0.13334175944328308,1.0,0.0,0.0,0.0,0.0
12842000000,3775,0,,0,-0.38792547583580017,0.2964157164096832,-0.09318135678768158,1.0,0.0,0.0,0.0,0.0
12844000000,3776,0,,0,-0.33761066198349,-0.3254198133945465,-0.23775584995746613,1.0,0.0,0.0,0.0,0.0
12847000000,3777,0,,0,0.2805442810058594,-0.3464435636997223,0.0637824609875679,1.0,0.0,0.0,0.0,0.0
12848000000,3778,0,,0,-0.13248905539512634,0.29185420274734497,0.15440243482589722,1.0,0.0,0.0,0.0,0.0
12850000000,3779,0,,0,-0.2611638903617859,0.07077871263027191,0.3823123872280121,1.0,0.0,0.0,0.0,0.0
12853000000,3780,0,,0,-0.17001862823963165,-0.10888531059026718,0.3940655291080475,1.0,0.0,0.0,0.0,0.0
12855000000,3781,0,,0,-0.049391552805900574,0.37059783935546875,0.23483678698539734,1.0,0.0,0.0,0.0,0.0
12857000000,3782,0,,0,0.36695969104766846,-0.05764078348875046,-0.11054006218910217,1.0,0.0,0.0,0.0,0.0
12859000000,3783,0,,0,-0.04450172558426857,0.2537384629249573,-0.1619037240743637,1.0,0.0,0.0,0.0,0.0
12860000000,3784,0,,0,0.2987786531448364,0.2006097435951233,-0.15993632376194,1.0,0.0,0.0,0.0,0.0
12863000000,3785,0,,0,0.21429750323295593,-0.27877888083457947,0.26486697793006897,1.0,0.0,0.0,0.0,0.0
12864000000,3786,0,,0,-0.18763889372348785,-0.001245800987817347,-0.22783596813678741,1.0,0.0,0.0,0.0,0.0
12866000000,3787,0,,0,0.2802489399909973,0.07559966295957565,0.3785584568977356,1.0,0.0,0.0,0.0,0.0
12868000000,3788,0,,0,0.2698294520378113,-0.23596113920211792,0.27578628063201904,1.0,0.0,0.0,0.0,0.0
12870000000,3789,0,,0,0.10753922164440155,-0.30950111150741577,-0.28452426195144653,1.0,0.0,0.0,0.0,0.0
12872000000,3790,0,,0,0.021037422120571136,-0.19555692374706268,-0.22575920820236206,1.0,0.0,0.0,0.0,0.0
12874000000,3791,0,,0,0.24908089637756348,0.288382351398468,-0.22117815911769867,1.0,0.0,0.0,0.0,0.0
12877000000,3792,0,,0,0.19510750472545624,0.03672828897833824,0.30617108941078186,1.0,0.0,0.0,0.0,0.0
12879000000,3793,0,,0,-0.30708742141723633,0.07873257249593735,0.3982904851436615,1.0,0.0,0.0,0.0,0.0
12881000000,3794,0,,0,0.33442050218582153,-0.3830379843711853,0.03169882670044899,1.0,0.0,0.0,0.0,0.0
12883000000,3795,0,,0,-0.11740869283676147,0.09875807911157608,0.07832933962345123,1.0,0.0,0.0,0.0,0.0
12885000000,3796,0,,0,0.1812799572944641,0.03907398506999016,-0.23227815330028534,1.0,0.0,0.0,0.0,0.0
12886000000,3797,0,,0,0.13806287944316864,0.3569364547729492,0.27399322390556335,1.0,0.0,0.0,0.0,0.0
12888000000,3798,0,,0,-0.2659532427787781,0.10549139976501465,0.2274523377418518,1.0,0.0,0.0,0.0,0.0
12890000000,3799,0,,0,-0.10551301389932632,-0.05983647331595421,0.089032381772995,1.0,0.0,0.0,0.0,0.0
12892000000,3800,0,,0,0.23670920729637146,0.3333096504211426,0.18078020215034485,1.0,0.0,0.0,0.0,0.0
12894000000,3801,0,,0,-0.23739317059516907,-0.32025668025016785,0.08209461718797684,1.0,0.0,0.0,0.0,0.0
12896000000,3802,0,,0,0.17119106650352478,0.33285439014434814,0.18626636266708374,1.0,0.0,0.0,0.0,0.0
12898000000,3803,0,,0,0.29420745372772217,-0.24402444064617157,0.25592777132987976,1.0,0.0,0.0,0.0,0.0
12900000000,3804,0,,0,0.3003184497356415,-0.01924458146095276,-0.04023458808660507,1.0,0.0,0.0,0.0,0.0
12902000000,3805,0,,0,-0.2951115071773529,0.28870758414268494,-0.3340030908584595,1.0,0.0,0.0,0.0,0.0
12904000000,3806,0,,0,0.12357232719659805,-0.3373144567012787,0.2257116436958313,1.0,0.0,0.0,0.0,0.0
12906000000,3807,0,,0,0.1171194314956665,0.3289579451084137,-0.21775907278060913,1.0,0.0,0.0,0.0,0.0
12908000000,3808,0,,0,-0.0635756403207779,0.27531328797340393,0.19355186820030212,1.0,0.0,0.0,0.0,0.0
12910000000,3809,0,,0,-0.3314659297466278,0.1474945992231369,-0.12286454439163208,1.0,0.0,0.0,0.0,0.0
12912000000,3810,0,,0,0.22281381487846375,0.13400284945964813,-0.17584146559238434,1.0,0.0,0.0,0.0,0.0
12915000000,3811,0,,0,0.3739915192127228,0.23373419046401978,-0.3199768662452698,1.0,0.0,0.0,0.0,0.0
12917000000,3812,0,,0,-0.24273701012134552,0.301794171333313,0.18082396686077118,1.0,0.0,0.0,0.0,0.0
12919000000,3813,0,,0,0.2930273711681366,-0.03304526209831238,0.35738739371299744,1.0,0.0,0.0,0.0,0.0
12921000000,3814,0,,0,-0.0477767288684845,-0.29160064458847046,0.005089661572128534,1.0,0.0,0.0,0.0,0.0
12922000000,3815,0,,0,0.19603905081748962,-0.1071026548743248,-0.050256140530109406,1.0,0.0,0.0,0.0,0.0
12925000000,3816,0,,0,-0.38502389192581177,-0.26639536023139954,-0.3366737365722656,1.0,0.0,0.0,0.0,0.0
12927000000,3817,0,,0,0.23032377660274506,0.07984522730112076,-0.2098398059606552,1.0,0.0,0.0,0.0,0.0
12929000000,3818,0,,0,0.37974780797958374,0.24909555912017822,-0.22254404425621033,1.0,0.0,0.0,0.0,0.0
12931000000,3819,0,,0,-0.23932288587093353,-0.33698010444641113,-0.06954684108495712,1.0,0.0,0.0,0.0,0.0
12933000000,3820,0,,0,0.08580714464187622,-0.3683435320854187,-0.15236099064350128,1.0,0.0,0.0,0.0,0.0
12935000000,3821,0,,0,-0.3678145408630371,0.12036589533090591,-0.056323353201150894,1.0,0.0,0.0,0.0,0.0
12937000000,3822,0,,0,-0.3260755240917206,-0.05547701194882393,-0.020909620448946953,1.0,0.0,0.0,0.0,0.0
12939000000,3823,0,,0,0.282255619764328,-0.2659755349159241,-0.24039262533187866,1.0,0.0,0.0,0.0,0.0
12941000000,3824,0,,0,-0.008380209095776081,-0.33502933382987976,0.3422551155090332,1.0,0.0,0.0,0.0,0.0
12943000000,3825,0,,0,0.3874102234840393,-0.2443818897008896,-0.3627321422100067,1.0,0.0,0.0,0.0,0.0
12945000000,3826,0,,0,-0.2730123698711395,0.32493627071380615,0.15476392209529877,1.0,0.0,0.0,0.0,0.0
12947000000,3827,0,,0,-0.12674084305763245,-0.07070845365524292,0.013212964870035648,1.0,0.0,0.0,0.0,0.0
12949000000,3828,0,,0,-0.018773168325424194,-0.3990938365459442,0.18024402856826782,1.0,0.0,0.0,0.0,0.0
12950000000,3829,0,,0,-0.2029770016670227,-0.3621082603931427,0.369541198015213,1.0,0.0,0.0,0.0,0.0
12952000000,3830,0,,0,-0.2987487316131592,0.21103407442569733,0.1947469562292099,1.0,0.0,0.0,0.0,0.0
12954000000,3831,0,,0,-0.13366086781024933,0.3036195635795593,0.13717202842235565,1.0,0.0,0.0,0.0,0.0
12956000000,3832,0,,0,0.3808715343475342,-0.25449198484420776,0.043478116393089294,1.0,0.0,0.0,0.0,0.0
12958000000,3833,0,,0,0.07935578376054764,0.15576758980751038,0.23153936862945557,1.0,0.0,0.0,0.0,0.0
12961000000,3834,0,,0,0.14716415107250214,-0.150504007935524,0.027080683037638664,1.0,0.0,0.0,0.0,0.0
12962000000,3835,0,,0,-0.38365116715431213,0.22088855504989624,-0.26032939553260803,1.0,0.0,0.0,0.0,0.0
12965000000,3836,0,,0,-0.33444273471832275,-0.24303428828716278,0.014631476253271103,1.0,0.0,0.0,0.0,0.0
12967000000,3837,0,,0,-0.14436857402324677,0.2569855749607086,-0.28054842352867126,1.0,0.0,0.0,0.0,0.0
12969000000,3838,0,,0,-0.39644429087638855,0.13509367406368256,0.38678500056266785,1.0,0.0,0.0,0.0,0.0
12971000000,3839,0,,0,0.2258785516023636,-0.14634361863136292,-0.3342411518096924,1.0,0.0,0.0,0.0,0.0
12972000000,3840,0,,0,0.3163352608680725,-0.2839350998401642,0.0014798667980358005,1.0,0.0,0.0,0.0,0.0
12974000000,3841,0,,0,0.3451439440250397,-0.040433257818222046,0.2527751922607422,1.0,0.0,0.0,0.0,0.0
12976000000,3842,0,,0,-0.18535077571868896,0.14641942083835602,-0.3181289732456207,1.0,0.0,0.0,0.0,0.0
12978000000,3843,0,,0,0.3058113157749176,-0.2601928114891052,-0.27038174867630005,1.0,0.0,0.0,0.0,0.0
12980000000,3844,0,,0,0.3207034170627594,-0.06369756162166595,0.07883790135383606,1.0,0.0,0.0,0.0,0.0
12982000000,3845,0,,0,0.08608462661504745,0.20742802321910858,0.14325128495693207,1.0,0.0,0.0,0.0,0.0
12984000000,3846,0,,0,-0.2797295153141022,-0.058162279427051544,0.34089505672454834,1.0,0.0,0.0,0.0,0.0
12986000000,3847,0,,0,0.043071918189525604,-0.22491909563541412,0.03135335072875023,1.0,0.0,0.0,0.0,0.0
12989000000,3848,0,,0,0.01478020939975977,0.09609173983335495,-0.05081142112612724,1.0,0.0,0.0,0.0,0.0
12990000000,3849,0,,0,-0.06663455814123154,-0.005682968534529209,0.01335189025849104,1.0,0.0,0.0,0.0,0.0
12993000000,3850,0,,0,0.021613650023937225,0.2437848448753357,0.1420602798461914,1.0,0.0,0.0,0.0,0.0
12994000000,3851,0,,0,0.39017874002456665,-0.3773880898952484,0.16264265775680542,1.0,0.0,0.0,0.0,0.0
12997000000,3852,0,,0,0.28390681743621826,0.051093704998493195,-0.32745471596717834,1.0,0.0,0.0,0.0,0.0
12999000000,3853,0,,0,-0.08640025556087494,0.3424152433872223,-0.05022171139717102,1.0,0.0,0.0,0.0,0.0
13001000000,3854,0,,0,-0.3928655683994293,-0.2791828215122223,-0.39978399872779846,1.0,0.0,0.0,0.0,0.0
13003000000,3855,0,,0,-0.15727654099464417,-0.2218698114156723,0.3051997721195221,1.0,0.0,0.0,0.0,0.0
13004000000,3856,0,,0,0.07709411531686783,0.3363974690437317,-0.19165609776973724,1.0,0.0,0.0,0.0,0.0
13007000000,3857,0,,0,0.234491229057312,0.06634131819009781,0.3632309138774872,1.0,0.0,0.0,0.0,0.0
13009000000,3858,0,,0,-0.15908916294574738,0.03542810678482056,-0.18591506779193878,1.0,0.0,0.0,0.0,0.0
13011000000,3859,0,,0,0.22413551807403564,0.15660928189754486,-0.22301506996154785,1.0,0.0,0.0,0.0,0.0
13013000000,3860,0,,0,0.37649717926979065,0.15750738978385925,0.3117953836917877,1.0,0.0,0.0,0.0,0.0
13015000000,3861,0,,0,0.1366559863090515,0.3741556704044342,0.167148157954216,1.0,0.0,0.0,0.0,0.0
13017000000,3862,0,,0,-0.032837964594364166,-0.048311393707990646,-0.018549082800745964,1.0,0.0,0.0,0.0,0.0
13019000000,3863,0,,0,-0.029250390827655792,0.3502057194709778,0.330687552690506,1.0,0.0,0.0,0.0,0.0
13021000000,3864,0,,0,0.0006884890026412904,-0.14098383486270905,-0.3915630280971527,1.0,0.0,0.0,0.0,0.0
13023000000,3865,0,,0,0.029368586838245392,-0.3046499490737915,0.11335203051567078,1.0,0.0,0.0,0.0,0.0
13025000000,3866,0,,0,-0.002965252147987485,0.1814691722393036,-0.33021119236946106,1.0,0.0,0.0,0.0,0.0
13027000000,3867,0,,0,0.2349335104227066,0.3655194044113159,0.12162640690803528,1.0,0.0,0.0,0.0,0.0
13029000000,3868,0,,0,-0.08360468596220016,-0.36414507031440735,-0.3143634498119354,1.0,0.0,0.0,0.0,0.0
13031000000,3869,0,,0,0.07205414026975632,0.2082032561302185,-0.2336885780096054,1.0,0.0,0.0,0.0,0.0
13033000000,3870,0,,0,0.1273050606250763,0.38562101125717163,0.3941422700881958,1.0,0.0,0.0,0.0,0.0
13035000000,3871,0,,0,0.33057940006256104,0.29772013425827026,0.031920332461595535,1.0,0.0,0.0,0.0,0.0
13036000000,3872,0,,0,-0.08663448691368103,-0.23039469122886658,-0.22529336810112,1.0,0.0,0.0,0.0,0.0
13039000000,3873,0,,0,-0.31296348571777344,-0.3401816785335541,0.2630874216556549,1.0,0.0,0.0,0.0,0.0
13040000000,3874,0,,0,0.3844637870788574,0.03679640218615532,0.0646791085600853,1.0,0.0,0.0,0.0,0.0
13043000000,3875,0,,0,0.2930392324924469,0.15753088891506195,0.30755871534347534,1.0,0.0,0.0,0.0,0.0
13044000000,3876,0,,0,0.0017013443866744637,-0.043764468282461166,-0.25594550371170044,1.0,0.0,0.0,0.0,0.0
13046000000,3877,0,,0,-0.36818310618400574,-0.11730526387691498,0.24040046334266663,1.0,0.0,0.0,0.0,0.0
13049000000,3878,0,,0,-0.21718855202198029,0.08645658195018768,-0.02625761181116104,1.0,0.0,0.0,0.0,0.0
13051000000,3879,0,,0,-0.2539777159690857,0.34999197721481323,-0.2853229343891144,1.0,0.0,0.0,0.0,0.0
13053000000,3880,0,,0,-0.18969154357910156,-0.1802937090396881,0.2913912534713745,1.0,0.0,0.0,0.0,0.0
13055000000,3881,0,,0,0.16269665956497192,-0.13410668075084686,0.036842040717601776,1.0,0.0,0.0,0.0,0.0
13057000000,3882,0,,0,0.11066903173923492,0.23901742696762085,0.06198563054203987,1.0,0.0,0.0,0.0,0.0
13059000000,3883,0,,0,-0.19509486854076385,0.23800700902938843,0.14642783999443054,1.0,0.0,0.0,0.0,0.0
13061000000,3884,0,,0,-0.3695005774497986,0.36459052562713623,-0.30580103397369385,1.0,0.0,0.0,0.0,0.0
13063000000,3885,0,,0,-0.09020831435918808,-0.10991676896810532,-0.3466663956642151,1.0,0.0,0.0,0.0,0.0
13065000000,3886,0,,0,0.22489990293979645,0.1469753533601761,-0.060877833515405655,1.0,0.0,0.0,0.0,0.0
13067000000,3887,0,,0,0.20631098747253418,0.22083087265491486,-0.00873255729675293,1.0,0.0,0.0,0.0,0.0
13069000000,3888,0,,0,0.31094446778297424,-0.20399969816207886,-0.3181476891040802,1.0,0.0,0.0,0.0,0.0
13071000000,3889,0,,0,0.10852203518152237,-0.3307052552700043,-0.06657692044973373,1.0,0.0,0.0,0.0,0.0
13072000000,3890,0,,0,0.2854870855808258,-0.3895209729671478,0.03417287394404411,1.0,0.0,0.0,0.0,0.0
13075000000,3891,0,,0,0.2848990857601166,0.13581708073616028,-0.23775888979434967,1.0,0.0,0.0,0.0,0.0
13077000000,3892,0,,0,-0.32980841398239136,0.09548599272966385,0.30293068289756775,1.0,0.0,0.0,0.0,0.0
13079000000,3893,0,,0,-0.22345228493213654,-0.08843263238668442,-0.043090950697660446,1.0,0.0,0.0,0.0,0.0
13081000000,3894,0,,0,0.14866118133068085,0.36032789945602417,0.14746440947055817,1.0,0.0,0.0,0.0,0.0
13083000000,3895,0,,0,-0.3571970760822296,-0.032136596739292145,-0.0606132447719574,1.0,0.0,0.0,0.0,0.0
13085000000,3896,0,,0,-0.2668397128582001,0.35959213972091675,-0.3761375844478607,1.0,0.0,0.0,0.0,0.0
13087000000,3897,0,,0,-0.3677840530872345,0.24426834285259247,0.10734036564826965,1.0,0.0,0.0,0.0,0.0
13089000000,3898,0,,0,-0.04063141345977783,-0.17297382652759552,-0.12012171745300293,1.0,0.0,0.0,0.0,0.0
13091000000,3899,0,,0,-0.39432576298713684,-0.10085950046777725,-0.34796109795570374,1.0,0.0,0.0,0.0,0.0
13093000000,3900,0,,0,-0.054945796728134155,-0.20828308165073395,0.38547948002815247,1.0,0.0,0.0,0.0,0.0
13095000000,3901,0,,0,-0.08561674505472183,0.17378048598766327,-0.22993777692317963,1.0,0.0,0.0,0.0,0.0
13097000000,3902,0,,0,-0.29857125878334045,-0.13486778736114502,0.1759229302406311,1.0,0.0,0.0,0.0,0.0
13099000000,3903,0,,0,0.20740346610546112,-0.08358144760131836,0.3390464186668396,1.0,0.0,0.0,0.0,0.0
13101000000,3904,0,,0,-0.2068251371383667,0.19411534070968628,-0.17925432324409485,1.0,0.0,0.0,0.0,0.0
13104000000,3905,0,,0,-0.06638262420892715,0.015345733612775803,0.05741944909095764,1.0,0.0,0.0,0.0,0.0
13106000000,3906,0,,0,-0.28060856461524963,0.2467944324016571,0.022248774766921997,1.0,0.0,0.0,0.0,0.0
13108000000,3907,0,,0,0.2362174540758133,0.1500215381383896,0.2439785897731781,1.0,0.0,0.0,0.0,0.0
13110000000,3908,0,,0,-0.19899621605873108,0.2509225010871887,0.2767654359340668,1.0,0.0,0.0,0.0,0.0
13112000000,3909,0,,0,0.21895825862884521,0.013540823943912983,-0.26449987292289734,1.0,0.0,0.0,0.0,0.0
13114000000,3910,0,,0,-0.3304528295993805,0.3387482464313507,0.1347282975912094,1.0,0.0,0.0,0.0,0.0
13116000000,3911,0,,0,0.20045387744903564,0.018188269808888435,-0.06369481980800629,1.0,0.0,0.0,0.0,0.0
13117000000,3912,0,,0,0.3486006557941437,-0.19958767294883728,-0.02087358385324478,1.0,0.0,0.0,0.0,0.0
13119000000,3913,0,,0,0.2153903841972351,-0.3354531526565552,0.2747829556465149,1.0,0.0,0.0,0.0,0.0
13121000000,3914,0,,0,-0.17210538685321808,0.18887384235858917,0.08662573248147964,1.0,0.0,0.0,0.0,0.0
13123000000,3915,0,,0,-0.026900900527834892,0.2959570586681366,-0.3175489604473114,1.0,0.0,0.0,0.0,0.0
13124000000,3916,0,,0,0.3502943515777588,0.2912643253803253,0.10668408125638962,1.0,0.0,0.0,0.0,0.0
13126000000,3917,0,,0,-0.2952401340007782,0.31887078285217285,0.3700336217880249,1.0,0.0,0.0,0.0,0.0
13128000000,3918,0,,0,0.17443613708019257,-0.3493499755859375,0.3060525357723236,1.0,0.0,0.0,0.0,0.0
13131000000,3919,0,,0,-0.07678967714309692,0.053342726081609726,0.36565011739730835,1.0,0.0,0.0,0.0,0.0
13132000000,3920,0,,0,0.07748628407716751,0.36994919180870056,-0.08942461013793945,1.0,0.0,0.0,0.0,0.0
13134000000,3921,0,,0,-0.10459821671247482,0.18342746794223785,0.15696988999843597,1.0,0.0,0.0,0.0,0.0
13137000000,3922,0,,0,-0.33427831530570984,-0.23121096193790436,-0.32145193219184875,1.0,0.0,0.0,0.0,0.0
13139000000,3923,0,,0,0.3126453161239624,0.10369135439395905,0.34102049469947815,1.0,0.0,0.0,0.0,0.0
13141000000,3924,0,,0,-0.25110647082328796,0.2741595506668091,-0.07024528831243515,1.0,0.0,0.0,0.0,0.0
13143000000,3925,0,,0,0.22322431206703186,0.17018301784992218,0.04488557204604149,1.0,0.0,0.0,0.0,0.0
13145000000,3926,0,,0,-0.18086357414722443,-0.3713662028312683,0.207681804895401,1.0,0.0,0.0,0.0,0.0
13147000000,3927,0,,0,-0.30529871582984924,0.014157763682305813,0.34178054332733154,1.0,0.0,0.0,0.0,0.0
13149000000,3928,0,,0,-0.15584437549114227,-0.02730570174753666,0.06532678008079529,1.0,0.0,0.0,0.0,0.0
13150000000,3929,0,,0,0.0816197469830513,-0.2090984582901001,-0.15175698697566986,1.0,0.0,0.0,0.0,0.0
13153000000,3930,0,,0,-0.31424546241760254,0.23515434563159943,0.24848589301109314,1.0,0.0,0.0,0.0,0.0
13154000000,3931,0,,0,0.29319554567337036,0.35959333181381226,0.12882429361343384,1.0,0.0,0.0,0.0,0.0
13156000000,3932,0,,0,-0.12401407957077026,-0.10912995040416718,0.16349755227565765,1.0,0.0,0.0,0.0,0.0
13158000000,3933,0,,0,-0.3227173388004303,0.012614497914910316,0.011579809710383415,1.0,0.0,0.0,0.0,0.0
13161000000,3934,0,,0,-0.18198244273662567,-0.28676530718803406,-0.1407206803560257,1.0,0.0,0.0,0.0,0.0
13162000000,3935,0,,0,0.0376165434718132,0.11037200689315796,-0.06293459236621857,1.0,0.0,0.0,0.0,0.0
13165000000,3936,0,,0,-0.3818359971046448,-0.34648045897483826,0.3745926320552826,1.0,0.0,0.0,0.0,0.0
13166000000,3937,0,,0,0.08328569680452347,0.37215474247932434,-0.04982263967394829,1.0,0.0,0.0,0.0,0.0
13168000000,3938,0,,0,-0.22911714017391205,-0.1185077428817749,-0.22399158775806427,1.0,0.0,0.0,0.0,0.0
13170000000,3939,0,,0,-0.12319988012313843,0.3011477291584015,0.1333722323179245,1.0,0.0,0.0,0.0,0.0
13172000000,3940,0,,0,-0.16209203004837036,0.21128436923027039,0.37024345993995667,1.0,0.0,0.0,0.0,0.0
13174000000,3941,0,,0,0.23959194123744965,-0.12788061797618866,0.2091246098279953,1.0,0.0,0.0,0.0,0.0
13176000000,3942,0,,0,-0.23979341983795166,-0.1510734111070633,-0.014754061587154865,1.0,0.0,0.0,0.0,0.0
13178000000,3943,0,,0,0.028809988871216774,-0.1825597733259201,-0.20509900152683258,1.0,0.0,0.0,0.0,0.0
13180000000,3944,0,,0,-0.3876916766166687,0.361215740442276,-0.005462682340294123,1.0,0.0,0.0,0.0,0.0
13182000000,3945,0,,0,-0.11991275101900101,0.2162451148033142,0.15221858024597168,1.0,0.0,0.0,0.0,0.0
13184000000,3946,0,,0,-0.07769445329904556,-0.027544580399990082,0.016906321048736572,1.0,0.0,0.0,0.0,0.0
13186000000,3947,0,,0,-0.2189813107252121,0.24017255008220673,0.2785298526287079,1.0,0.0,0.0,0.0,0.0
13188000000,3948,0,,0,0.3083370625972748,-0.09510750323534012,-0.22645646333694458,1.0,0.0,0.0,0.0,0.0
13190000000,3949,0,,0,0.18246665596961975,0.2914562523365021,-0.3778409957885742,1.0,0.0,0.0,0.0,0.0
13192000000,3950,0,,0,-0.022422391921281815,0.3859895169734955,-0.11299173533916473,1.0,0.0,0.0,0.0,0.0
13194000000,3951,0,,0,0.14270272850990295,-0.18564419448375702,0.29974862933158875,1.0,0.0,0.0,0.0,0.0
13196000000,3952,0,,0,0.046056054532527924,-0.3278571665287018,-0.24673624336719513,1.0,0.0,0.0,0.0,0.0
13199000000,3953,0,,0,-0.140962153673172,-0.31665608286857605,-0.18503524363040924,1.0,0.0,0.0,0.0,0.0
13200000000,3954,0,,0,0.20760761201381683,-0.34772810339927673,-0.37528038024902344,1.0,0.0,0.0,0.0,0.0
13203000000,3955,0,,0,0.36710822582244873,-0.23983775079250336,0.2650274932384491,1.0,0.0,0.0,0.0,0.0
13205000000,3956,0,,0,-0.15178337693214417,0.15494799613952637,-0.3084893524646759,1.0,0.0,0.0,0.0,0.0
13207000000,3957,0,,0,-0.29611173272132874,0.23038692772388458,-0.21554243564605713,1.0,0.0,0.0,0.0,0.0
13209000000,3958,0,,0,-0.315510630607605,-0.28621622920036316,-0.15303228795528412,1.0,0.0,0.0,0.0,0.0
13211000000,3959,0,,0,-0.17269569635391235,0.24211914837360382,-0.045225489884614944,1.0,0.0,0.0,0.0,0.0
13213000000,3960,0,,0,0.32912176847457886,0.26393142342567444,0.26520636677742004,1.0,0.0,0.0,0.0,0.0
13214000000,3961,0,,0,0.2742553949356079,0.27251216769218445,-0.18263736367225647,1.0,0.0,0.0,0.0,0.0
13216000000,3962,0,,0,-0.08348783850669861,0.018076006323099136,-0.39179468154907227,1.0,0.0,0.0,0.0,0.0
13218000000,3963,0,,0,-0.1254507154226303,0.38659995794296265,-0.37740886211395264,1.0,0.0,0.0,0.0,0.0
13220000000,3964,0,,0,-0.10503171384334564,-0.2902100384235382,-0.34252408146858215,1.0,0.0,0.0,0.0,0.0
13222000000,3965,0,,0,-0.33654287457466125,0.2055019587278366,-0.005002506542950869,1.0,0.0,0.0,0.0,0.0
13224000000,3966,0,,0,-0.040799736976623535,0.2269645482301712,-0.010083598084747791,1.0,0.0,0.0,0.0,0.0
13226000000,3967,0,,0,0.06815394759178162,0.05089610815048218,-0.07186880707740784,1.0,0.0,0.0,0.0,0.0
13228000000,3968,0,,0,0.26423436403274536,-0.13413989543914795,-0.14245359599590302,1.0,0.0,0.0,0.0,0.0
13230000000,3969,0,,0,0.24348512291908264,0.36148637533187866,0.31255772709846497,1.0,0.0,0.0,0.0,0.0
13232000000,3970,0,,0,-0.37460950016975403,-0.1482285112142563,0.34826117753982544,1.0,0.0,0.0,0.0,0.0
13234000000,3971,0,,0,-0.027041299268603325,-0.21815675497055054,-0.0964125320315361,1.0,0.0,0.0,0.0,0.0
13236000000,3972,0,,0,0.07832523435354233,-0.1929854154586792,-0.04239003360271454,1.0,0.0,0.0,0.0,0.0
13238000000,3973,0,,0,0.17013795673847198,0.10307728499174118,0.20721295475959778,1.0,0.0,0.0,0.0,0.0
13240000000,3974,0,,0,-0.17704513669013977,-0.24814806878566742,-0.03480891138315201,1.0,0.0,0.0,0.0,0.0
13242000000,3975,0,,0,-0.20560328662395477,-0.03463089093565941,-0.08833759278059006,1.0,0.0,0.0,0.0,0.0
13244000000,3976,0,,0,-0.07671598345041275,-0.30767497420310974,0.09404881298542023,1.0,0.0,0.0,0.0,0.0
13247000000,3977,0,,0,0.10849650949239731,0.048946090042591095,-0.3575782775878906,1.0,0.0,0.0,0.0,0.0
13248000000,3978,0,,0,0.0844246968626976,0.3183034062385559,0.32552236318588257,1.0,0.0,0.0,0.0,0.0
13251000000,3979,0,,0,-0.10673876851797104,-0.2567461133003235,-0.3896101117134094,1.0,0.0,0.0,0.0,0.0
13253000000,3980,0,,0,-0.23400524258613586,-0.1315182000398636,0.3817187547683716,1.0,0.0,0.0,0.0,0.0
13254000000,3981,0,,0,0.30644458532333374,-0.35779276490211487,0.34866809844970703,1.0,0.0,0.0,0.0,0.0
13257000000,3982,0,,0,0.06551721692085266,-0.3968263864517212,-0.1711025834083557,1.0,0.0,0.0,0.0,0.0
13259000000,3983,0,,0,-0.10859814286231995,-0.10253916680812836,-0.27415698766708374,1.0,0.0,0.0,0.0,0.0
13260000000,3984,0,,0,0.07999781519174576,0.25662800669670105,-0.12947508692741394,1.0,0.0,0.0,0.0,0.0
13263000000,3985,0,,0,-0.1789713203907013,-0.019627278670668602,0.06567602604627609,1.0,0.0,0.0,0.0,0.0
13264000000,3986,0,,0,-0.23101402819156647,-0.08758696913719177,0.21586596965789795,1.0,0.0,0.0,0.0,0.0
13267000000,3987,0,,0,0.09259623289108276,-0.02707759290933609,0.323417603969574,1.0,0.0,0.0,0.0,0.0
13269000000,3988,0,,0,-0.03900062292814255,-0.021076470613479614,0.2557665705680847,1.0,0.0,0.0,0.0,0.0
13270000000,3989,0,,0,-0.38364076614379883,-0.0920778438448906,0.18232768774032593,1.0,0.0,0.0,0.0,0.0
13272000000,3990,0,,0,-0.3294479250907898,-0.33708012104034424,0.21053381264209747,1.0,0.0,0.0,0.0,0.0
13274000000,3991,0,,0,0.22465939819812775,0.0777435153722763,0.05574246123433113,1.0,0.0,0.0,0.0,0.0
13276000000,3992,0,,0,0.2326984703540802,0.3960524797439575,0.04254555702209473,1.0,0.0,0.0,0.0,0.0
13279000000,3993,0,,0,-0.09977627545595169,-0.23305705189704895,-0.2442590594291687,1.0,0.0,0.0,0.0,0.0
13280000000,3994,0,,0,0.05717364698648453,-0.21582849323749542,0.25195613503456116,1.0,0.0,0.0,0.0,0.0
13283000000,3995,0,,0,-0.1705295741558075,0.39660799503326416,0.32256150245666504,1.0,0.0,0.0,0.0,0.0
13285000000,3996,0,,0,0.39697790145874023,0.1140739843249321,0.23470783233642578,1.0,0.0,0.0,0.0,0.0
13287000000,3997,0,,0,0.04060136154294014,-0.2884981632232666,0.23851020634174347,1.0,0.0,0.0,0.0,0.0
13288000000,3998,0,,0,0.20477578043937683,0.09682867676019669,0.018918611109256744,1.0,0.0,0.0,0.0,0.0
13290000000,3999,0,,0,0.04479910060763359,-0.3933190703392029,-0.31811991333961487,1.0,0.0,0.0,0.0,0.0
13293000000,4000,0,,0,0.1364143043756485,0.24999715387821198,0.3854769170284271,1.0,0.0,0.0,0.0,0.0
13295000000,4001,0,,0,0.09587819129228592,-0.017506994307041168,-0.29717323184013367,1.0,0.0,0.0,0.0,0.0
13297000000,4002,0,,0,0.064372718334198,0.34457650780677795,-0.07405029982328415,1.0,0.0,0.0,0.0,0.0
13299000000,4003,0,,0,-0.09398245811462402,0.2716411054134369,0.37267211079597473,1.0,0.0,0.0,0.0,0.0
13301000000,4004,0,,0,0.32573047280311584,-0.3430994153022766,0.11315052211284637,1.0,0.0,0.0,0.0,0.0
13302000000,4005,0,,0,0.13015247881412506,-0.28902411460876465,-0.10338437557220459,1.0,0.0,0.0,0.0,0.0
13304000000,4006,0,,0,-0.18178625404834747,0.3824799060821533,-0.27470114827156067,1.0,0.0,0.0,0.0,0.0
13306000000,4007,0,,0,-0.2885037362575531,-0.3168119788169861,-0.3707239031791687,1.0,0.0,0.0,0.0,0.0
13308000000,4008,0,,0,0.27375876903533936,0.014549171552062035,0.14535170793533325,1.0,0.0,0.0,0.0,0.0
13310000000,4009,0,,0,-0.04643024131655693,-0.3605360686779022,0.051848188042640686,1.0,0.0,0.0,0.0,0.0
13312000000,4010,0,,0,0.06406991183757782,0.20596258342266083,-0.1262214481830597,1.0,0.0,0.0,0.0,0.0
13314000000,4011,0,,0,-0.04672631993889809,-0.33824995160102844,-0.16116438806056976,1.0,0.0,0.0,0.0,0.0
13316000000,4012,0,,0,-0.12870417535305023,0.172752246260643,0.3555891513824463,1.0,0.0,0.0,0.0,0.0
13318000000,4013,0,,0,-0.28959962725639343,0.28428858518600464,-0.23559877276420593,1.0,0.0,0.0,0.0,0.0
13320000000,4014,0,,0,-0.3008114993572235,-0.17083005607128143,0.1496473252773285,1.0,0.0,0.0,0.0,0.0
13322000000,4015,0,,0,-0.25711700320243835,0.3397471606731415,0.10000162571668625,1.0,0.0,0.0,0.0,0.0
13324000000,4016,0,,0,-0.38998734951019287,0.1728045642375946,0.19034473598003387,1.0,0.0,0.0,0.0,0.0
13326000000,4017,0,,0,0.3735327422618866,0.2571354806423187,0.011377326212823391,1.0,0.0,0.0,0.0,0.0
13328000000,4018,0,,0,-0.34607329964637756,-0.15497927367687225,0.08876148611307144,1.0,0.0,0.0,0.0,0.0
13330000000,4019,0,,0,0.022249678149819374,-0.3122859597206116,0.30315595865249634,1.0,0.0,0.0,0.0,0.0
13332000000,4020,0,,0,0.33866456151008606,-0.3021247088909149,-0.27540454268455505,1.0,0.0,0.0,0.0,0.0
13334000000,4021,0,,0,-0.07732779532670975,0.3211570084095001,-0.08907322585582733,1.0,0.0,0.0,0.0,0.0
13337000000,4022,0,,0,0.16545678675174713,-0.1933332085609436,0.19872213900089264,1.0,0.0,0.0,0.0,0.0
13339000000,4023,0,,0,0.046838194131851196,0.01148531399667263,-0.2236119508743286,1.0,0.0,0.0,0.0,0.0
13341000000,4024,0,,0,-0.13227039575576782,0.17967461049556732,0.009258238598704338,1.0,0.0,0.0,0.0,0.0
13343000000,4025,0,,0,-0.2120530605316162,-0.17284268140792847,-0.06584933400154114,1.0,0.0,0.0,0.0,0.0
13345000000,4026,0,,0,-0.015852902084589005,-0.09103729575872421,-0.1827159970998764,1.0,0.0,0.0,0.0,0.0
13347000000,4027,0,,0,-0.2391214668750763,-0.25721853971481323,-0.15441563725471497,1.0,0.0,0.0,0.0,0.0
13349000000,4028,0,,0,-0.2794875502586365,0.07382827997207642,-0.1047654002904892,1.0,0.0,0.0,0.0,0.0
13351000000,4029,0,,0,-0.2894255220890045,0.22329998016357422,0.04130326583981514,1.0,0.0,0.0,0.0,0.0
13353000000,4030,0,,0,0.1799253523349762,-0.31515389680862427,-0.18918202817440033,1.0,0.0,0.0,0.0,0.0
13355000000,4031,0,,0,-0.10488621145486832,0.11090748012065887,-0.24476969242095947,1.0,0.0,0.0,0.0,0.0
13357000000,4032,0,,0,-0.16943764686584473,-0.029655303806066513,-0.06879948079586029,1.0,0.0,0.0,0.0,0.0
13358000000,4033,0,,0,0.3210207223892212,-0.23873388767242432,0.17265737056732178,1.0,0.0,0.0,0.0,0.0
13361000000,4034,0,,0,0.21426980197429657,-0.2960072457790375,0.07320210337638855,1.0,0.0,0.0,0.0,0.0
13362000000,4035,0,,0,-0.14225557446479797,-0.19960089027881622,-0.3255666196346283,1.0,0.0,0.0,0.0,0.0
13364000000,4036,0,,0,0.18486444652080536,0.3374156653881073,0.023654552176594734,1.0,0.0,0.0,0.0,0.0
13367000000,4037,0,,0,-0.22339683771133423,0.02018161676824093,0.3766744136810303,1.0,0.0,0.0,0.0,0.0
13368000000,4038,0,,0,0.3730587065219879,-0.14340394735336304,0.07372786849737167,1.0,0.0,0.0,0.0,0.0
13370000000,4039,0,,0,-0.1329522430896759,0.1979898065328598,0.39683350920677185,1.0,0.0,0.0,0.0,0.0
13372000000,4040,0,,0,-0.3197461664676666,-0.05722293630242348,0.10079600661993027,1.0,0.0,0.0,0.0,0.0
13375000000,4041,0,,0,-0.023784762248396873,0.18412135541439056,-0.367309033870697,1.0,0.0,0.0,0.0,0.0
13377000000,4042,0,,0,0.27146071195602417,0.396629273891449,-0.3070485591888428,1.0,0.0,0.0,0.0,0.0
13378000000,4043,0,,0,0.2846827805042267,0.3773263096809387,-0.10898861289024353,1.0,0.0,0.0,0.0,0.0
13380000000,4044,0,,0,0.29606977105140686,-0.17886944115161896,0.30802619457244873,1.0,0.0,0.0,0.0,0.0
13382000000,4045,0,,0,0.35791194438934326,0.2096889168024063,-0.11374864727258682,1.0,0.0,0.0,0.0,0.0
13385000000,4046,0,,0,0.11920519173145294,-0.34895753860473633,0.11207341402769089,1.0,0.0,0.0,0.0,0.0
13387000000,4047,0,,0,0.12280890345573425,-0.32533809542655945,-0.37750402092933655,1.0,0.0,0.0,0.0,0.0
13388000000,4048,0,,0,0.2796791195869446,-0.07045390456914902,-0.2447446584701538,1.0,0.0,0.0,0.0,0.0
13390000000,4049,0,,0,-0.34951090812683105,-0.25353071093559265,-0.3778022527694702,1.0,0.0,0.0,0.0,0.0
13392000000,4050,0,,0,0.1649680882692337,0.04617539793252945,0.29806333780288696,1.0,0.0,0.0,0.0,0.0
13394000000,4051,0,,0,-0.23806650936603546,0.11485384404659271,-0.37439975142478943,1.0,0.0,0.0,0.0,0.0
13396000000,4052,0,,0,0.0071268221363425255,-0.12995293736457825,-0.37251967191696167,1.0,0.0,0.0,0.0,0.0
13398000000,4053,0,,0,-0.17582136392593384,-0.1793772280216217,0.08184810727834702,1.0,0.0,0.0,0.0,0.0
13400000000,4054,0,,0,-0.36370834708213806,-0.023190421983599663,-0.25325635075569153,1.0,0.0,0.0,0.0,0.0
13402000000,4055,0,,0,-0.29623720049858093,0.31170782446861267,0.1267438530921936,1.0,0.0,0.0,0.0,0.0
13404000000,4056,0,,0,-0.3475073575973511,0.0634470283985138,0.2155817747116089,1.0,0.0,0.0,0.0,0.0
13406000000,4057,0,,0,-0.12878336012363434,-0.15643766522407532,0.2478487193584442,1.0,0.0,0.0,0.0,0.0
13409000000,4058,0,,0,0.0382259301841259,-0.24078814685344696,-0.00972627755254507,1.0,0.0,0.0,0.0,0.0
13411000000,4059,0,,0,-0.02131192944943905,-0.1925337314605713,-0.39130669832229614,1.0,0.0,0.0,0.0,0.0
13412000000,4060,0,,0,0.0871657058596611,0.25065910816192627,-0.04756781831383705,1.0,0.0,0.0,0.0,0.0
13414000000,4061,0,,0,-0.15572364628314972,0.10498198866844177,0.33715805411338806,1.0,0.0,0.0,0.0,0.0
13416000000,4062,0,,0,-0.08590418100357056,0.3363831639289856,-0.09148285537958145,1.0,0.0,0.0,0.0,0.0
13418000000,4063,0,,0,-0.16573692858219147,-0.3468320667743683,-0.07836676388978958,1.0,0.0,0.0,0.0,0.0
13420000000,4064,0,,0,-0.3456622064113617,0.3573439121246338,-0.09976349025964737,1.0,0.0,0.0,0.0,0.0
13422000000,4065,0,,0,0.19717572629451752,0.018556639552116394,-0.3392467498779297,1.0,0.0,0.0,0.0,0.0
13424000000,4066,0,,0,-0.21602001786231995,-0.12416436523199081,-0.35011738538742065,1.0,0.0,0.0,0.0,0.0
13426000000,4067,0,,0,-0.3563230037689209,0.05978739634156227,0.14742536842823029,1.0,0.0,0.0,0.0,0.0
13429000000,4068,0,,0,-0.05623893439769745,0.172180637717247,0.2799654006958008,1.0,0.0,0.0,0.0,0.0
13431000000,4069,0,,0,0.22485552728176117,-0.29358887672424316,0.282209187746048,1.0,0.0,0.0,0.0,0.0
13432000000,4070,0,,0,0.3013395667076111,0.18766473233699799,0.005620733369141817,1.0,0.0,0.0,0.0,0.0
13435000000,4071,0,,0,-0.12436900287866592,0.11565349996089935,0.25421103835105896,1.0,0.0,0.0,0.0,0.0
13436000000,4072,0,,0,-0.022308511659502983,-0.2579718232154846,0.3508940041065216,1.0,0.0,0.0,0.0,0.0
13439000000,4073,0,,0,0.03547799587249756,-0.06078704446554184,0.21013040840625763,1.0,0.0,0.0,0.0,0.0
13441000000,4074,0,,0,-0.10801099240779877,0.09960769861936569,-0.12955978512763977,1.0,0.0,0.0,0.0,0.0
13443000000,4075,0,,0,-0.15934914350509644,-0.33485209941864014,0.0377669595181942,1.0,0.0,0.0,0.0,0.0
13445000000,4076,0,,0,-0.23395420610904694,0.06684304028749466,-0.21469591557979584,1.0,0.0,0.0,0.0,0.0
13446000000,4077,0,,0,0.19424089789390564,-0.2686460316181183,0.245920792222023,1.0,0.0,0.0,0.0,0.0
13449000000,4078,0,,0,0.290978342294693,0.37873509526252747,0.0899360328912735,1.0,0.0,0.0,0.0,0.0
13450000000,4079,0,,0,-0.1611308753490448,-0.24092648923397064,0.02816968783736229,1.0,0.0,0.0,0.0,0.0
13452000000,4080,0,,0,-0.11530449241399765,-0.2861560881137848,-0.2750398814678192,1.0,0.0,0.0,0.0,0.0
13454000000,4081,0,,0,0.30440467596054077,0.23870456218719482,0.3260304033756256,1.0,0.0,0.0,0.0,0.0
13457000000,4082,0,,0,-0.19416257739067078,-0.35312992334365845,0.34992825984954834,1.0,0.0,0.0,0.0,0.0
13458000000,4083,0,,0,0.37546423077583313,0.045767199248075485,-0.01351139135658741,1.0,0.0,0.0,0.0,0.0
13460000000,4084,0,,0,0.21716555953025818,-0.3947761654853821,0.3312409222126007,1.0,0.0,0.0,0.0,0.0
13462000000,4085,0,,0,-0.010864765383303165,0.051124293357133865,-0.03444507718086243,1.0,0.0,0.0,0.0,0.0
13464000000,4086,0,,0,-0.22795142233371735,-0.043608978390693665,-0.08725012838840485,1.0,0.0,0.0,0.0,0.0
13466000000,4087,0,,0,-0.07330013066530228,0.22114591300487518,0.18066079914569855,1.0,0.0,0.0,0.0,0.0
13468000000,4088,0,,0,0.19474594295024872,0.32309165596961975,-0.10825540125370026,1.0,0.0,0.0,0.0,0.0
13470000000,4089,0,,0,0.20366017520427704,-0.20311956107616425,0.16583183407783508,1.0,0.0,0.0,0.0,0.0
13473000000,4090,0,,0,0.0295619647949934,-0.19497038424015045,0.09492182731628418,1.0,0.0,0.0,0.0,0.0
13475000000,4091,0,,0,-0.3622734844684601,-0.04346287250518799,0.012495859526097775,1.0,0.0,0.0,0.0,0.0
13476000000,4092,0,,0,0.07325946539640427,0.08058775216341019,0.0461898110806942,1.0,0.0,0.0,0.0,0.0
13478000000,4093,0,,0,0.29642266035079956,-0.16916266083717346,0.19875353574752808,1.0,0.0,0.0,0.0,0.0
13481000000,4094,0,,0,-0.05096626281738281,0.3196467161178589,-0.018705373629927635,1.0,0.0,0.0,0.0,0.0
13482000000,4095,0,,0,0.35006070137023926,0.13125886023044586,0.30537205934524536,1.0,0.0,0.0,0.0,0.0
13484000000,4096,0,,0,-0.08639606833457947,0.38128039240837097,0.24499443173408508,1.0,0.0,0.0,0.0,0.0
13487000000,4097,0,,0,0.1323036104440689,-0.2500693202018738,-0.380523145198822,1.0,0.0,0.0,0.0,0.0
13488000000,4098,0,,0,-0.2511906623840332,0.3886054456233978,-0.3420638144016266,1.0,0.0,0.0,0.0,0.0
13490000000,4099,0,,0,0.2883084714412689,-0.020219864323735237,-0.30878058075904846,1.0,0.0,0.0,0.0,0.0
13492000000,4100,0,,0,-0.12952767312526703,-0.1264980584383011,0.2487582564353943,1.0,0.0,0.0,0.0,0.0
13494000000,4101,0,,0,0.33260399103164673,-0.2888948619365692,0.3292772173881531,1.0,0.0,0.0,0.0,0.0
13496000000,4102,0,,0,-0.2912262976169586,0.38753703236579895,-0.33105307817459106,1.0,0.0,0.0,0.0,0.0
13498000000,4103,0,,0,0.002600459847599268,-0.024139534682035446,-0.18780826032161713,1.0,0.0,0.0,0.0,0.0
13500000000,4104,0,,0,0.37258845567703247,0.1563669890165329,0.023229515179991722,1.0,0.0,0.0,0.0,0.0
13502000000,4105,0,,0,-0.2310331165790558,-0.06327555328607559,0.2341519594192505,1.0,0.0,0.0,0.0,0.0
13504000000,4106,0,,0,-0.05191966891288757,-0.3989313840866089,-0.11622617393732071,1.0,0.0,0.0,0.0,0.0
13506000000,4107,0,,0,-0.011562700383365154,0.0740208625793457,-0.3804590106010437,1.0,0.0,0.0,0.0,0.0
13508000000,4108,0,,0,0.03804730623960495,0.24381127953529358,-0.06258370727300644,1.0,0.0,0.0,0.0,0.0
13511000000,4109,0,,0,-0.2126440405845642,-0.017881743609905243,-0.057209841907024384,1.0,0.0,0.0,0.0,0.0
13513000000,4110,0,,0,0.2818923890590668,-0.04736361280083656,0.38207823038101196,1.0,0.0,0.0,0.0,0.0
13514000000,4111,0,,0,-0.39149579405784607,-0.2905590236186981,0.27879858016967773,1.0,0.0,0.0,0.0,0.0
13516000000,4112,0,,0,-0.05817215517163277,0.02543998509645462,-0.12535472214221954,1.0,0.0,0.0,0.0,0.0
13518000000,4113,0,,0,0.012817746959626675,-0.0859438106417656,0.3522132337093353,1.0,0.0,0.0,0.0,0.0
13520000000,4114,0,,0,-0.30780550837516785,-0.1654587686061859,-0.39353784918785095,1.0,0.0,0.0,0.0,0.0
13523000000,4115,0,,0,-0.09692602604627609,0.31376245617866516,0.2312500774860382,1.0,0.0,0.0,0.0,0.0
13524000000,4116,0,,0,-0.20006729662418365,-0.15397347509860992,0.26712822914123535,1.0,0.0,0.0,0.0,0.0
13526000000,4117,0,,0,0.3876458406448364,-0.33058640360832214,0.2825605869293213,1.0,0.0,0.0,0.0,0.0
13528000000,4118,0,,0,-0.24051819741725922,-0.3068861663341522,-0.05198337137699127,1.0,0.0,0.0,0.0,0.0
13531000000,4119,0,,0,-0.10558708012104034,0.3502849340438843,0.04934731870889664,1.0,0.0,0.0,0.0,0.0
13532000000,4120,0,,0,-0.1730818748474121,-0.3924225866794586,-0.17967309057712555,1.0,0.0,0.0,0.0,0.0
13534000000,4121,0,,0,-0.08013362437486649,-0.16642560064792633,0.32654520869255066,1.0,0.0,0.0,0.0,0.0
13536000000,4122,0,,0,0.2830861210823059,-0.24740678071975708,0.0185615923255682,1.0,0.0,0.0,0.0,0.0
13538000000,4123,0,,0,0.08848597854375839,0.34649592638015747,0.3561343848705292,1.0,0.0,0.0,0.0,0.0
13540000000,4124,0,,0,0.13222722709178925,0.3503726124763489,-0.3966103494167328,1.0,0.0,0.0,0.0,0.0
13542000000,4125,0,,0,0.3355898857116699,0.20250295102596283,0.2847696840763092,1.0,0.0,0.0,0.0,0.0
13544000000,4126,0,,0,-0.15153080224990845,-0.19007545709609985,0.0792471319437027,1.0,0.0,0.0,0.0,0.0
13546000000,4127,0,,0,-0.1389094740152359,-0.2695292532444,-0.37840256094932556,1.0,0.0,0.0,0.0,0.0
13548000000,4128,0,,0,0.07453848421573639,-0.22847320139408112,-0.00850621610879898,1.0,0.0,0.0,0.0,0.0
13550000000,4129,0,,0,0.2180308848619461,0.08921565115451813,-0.3869576156139374,1.0,0.0,0.0,0.0,0.0
13552000000,4130,0,,0,0.11755695939064026,-0.0920589417219162,-0.29799726605415344,1.0,0.0,0.0,0.0,0.0
13555000000,4131,0,,0,-0.0839582085609436,0.17808982729911804,-0.04890856891870499,1.0,0.0,0.0,0.0,0.0
13556000000,4132,0,,0,0.2625525891780853,-0.10716578364372253,0.04279505833983421,1.0,0.0,0.0,0.0,0.0
13558000000,4133,0,,0,-0.3966713547706604,0.2423657923936844,-0.06178326904773712,1.0,0.0,0.0,0.0,0.0
13560000000,4134,0,,0,0.08214068412780762,-0.10111178457736969,-0.021465089172124863,1.0,0.0,0.0,0.0,0.0
13562000000,4135,0,,0,0.14442601799964905,-0.05150029435753822,-0.3198705315589905,1.0,0.0,0.0,0.0,0.0
13564000000,4136,0,,0,0.11766942590475082,0.2322743535041809,-0.012101907283067703,1.0,0.0,0.0,0.0,0.0
13566000000,4137,0,,0,-0.049883998930454254,0.1984490603208542,-0.12954425811767578,1.0,0.0,0.0,0.0,0.0
13568000000,4138,0,,0,0.3229856491088867,-0.21358858048915863,-0.08905412256717682,1.0,0.0,0.0,0.0,0.0
13570000000,4139,0,,0,-0.19433389604091644,-0.08606887608766556,0.09357983618974686,1.0,0.0,0.0,0.0,0.0
13572000000,4140,0,,0,0.07515032589435577,0.19013799726963043,0.27267301082611084,1.0,0.0,0.0,0.0,0.0
13574000000,4141,0,,0,-0.28175875544548035,0.3750695288181305,-0.33431363105773926,1.0,0.0,0.0,0.0,0.0
13576000000,4142,0,,0,-0.11693121492862701,-0.390069842338562,0.25002846121788025,1.0,0.0,0.0,0.0,0.0
13578000000,4143,0,,0,0.38647451996803284,-0.2940949499607086,-0.29460975527763367,1.0,0.0,0.0,0.0,0.0
13580000000,4144,0,,0,0.060803838074207306,0.20180319249629974,-0.032843030989170074,1.0,0.0,0.0,0.0,0.0
13583000000,4145,0,,0,-0.34939223527908325,0.05284971743822098,0.39379584789276123,1.0,0.0,0.0,0.0,0.0
13585000000,4146,0,,0,0.3119669556617737,-0.027450615540146828,-0.03852323442697525,1.0,0.0,0.0,0.0,0.0
13586000000,4147,0,,0,-0.2496742159128189,-0.2586795687675476,-0.3781171143054962,1.0,0.0,0.0,0.0,0.0
13588000000,4148,0,,0,-0.20862825214862823,0.39582082629203796,-0.04097965732216835,1.0,0.0,0.0,0.0,0.0
13590000000,4149,0,,0,0.06834591180086136,0.24622085690498352,-0.25874340534210205,1.0,0.0,0.0,0.0,0.0
13592000000,4150,0,,0,-0.3374035358428955,-0.006111121736466885,-0.11247796565294266,1.0,0.0,0.0,0.0,0.0
13594000000,4151,0,,0,0.33092886209487915,-0.2450808882713318,-0.3079720735549927,1.0,0.0,0.0,0.0,0.0
13596000000,4152,0,,0,-0.17302146553993225,0.11259625107049942,0.19302095472812653,1.0,0.0,0.0,0.0,0.0
13598000000,4153,0,,0,0.05038215592503548,-0.2705439329147339,-0.06008818373084068,1.0,0.0,0.0,0.0,0.0
13601000000,4154,0,,0,-0.1297958344221115,-0.2939050495624542,0.23450982570648193,1.0,0.0,0.0,0.0,0.0
13603000000,4155,0,,0,0.05562471225857735,0.3011045455932617,0.08098246902227402,1.0,0.0,0.0,0.0,0.0
13605000000,4156,0,,0,0.2523137629032135,-0.2554866373538971,-0.03325968235731125,1.0,0.0,0.0,0.0,0.0
13607000000,4157,0,,0,-0.2202996015548706,0.1570882797241211,0.00331493909470737,1.0,0.0,0.0,0.0,0.0
13608000000,4158,0,,0,-0.19302670657634735,-0.11921314895153046,-0.2769112288951874,1.0,0.0,0.0,0.0,0.0
13610000000,4159,0,,0,-0.07286262512207031,0.35846084356307983,0.37026068568229675,1.0,0.0,0.0,0.0,0.0
13613000000,4160,0,,0,-0.38739585876464844,-0.278696745634079,0.17484839260578156,1.0,0.0,0.0,0.0,0.0
13614000000,4161,0,,0,-0.1263483762741089,0.3042023479938507,-0.34126344323158264,1.0,0.0,0.0,0.0,0.0
13617000000,4162,0,,0,-0.23861025273799896,-0.20881390571594238,-0.1882752925157547,1.0,0.0,0.0,0.0,0.0
13619000000,4163,0,,0,0.07138468325138092,-0.14614155888557434,0.04683766886591911,1.0,0.0,0.0,0.0,0.0
13621000000,4164,0,,0,-0.05419610068202019,-0.008291086181998253,0.32628369331359863,1.0,0.0,0.0,0.0,0.0
13622000000,4165,0,,0,0.21711260080337524,0.16927802562713623,-0.14486871659755707,1.0,0.0,0.0,0.0,0.0
13624000000,4166,0,,0,-0.2516435980796814,0.18432439863681793,0.3335704505443573,1.0,0.0,0.0,0.0,0.0
13626000000,4167,0,,0,-0.14110703766345978,-0.02357713133096695,-0.2877212166786194,1.0,0.0,0.0,0.0,0.0
13629000000,4168,0,,0,0.3946744203567505,0.07403168082237244,0.07568641752004623,1.0,0.0,0.0,0.0,0.0
13631000000,4169,0,,0,-0.24639013409614563,-0.18114858865737915,0.36630576848983765,1.0,0.0,0.0,0.0,0.0
13633000000,4170,0,,0,0.3331431746482849,0.3778667747974396,-0.29607734084129333,1.0,0.0,0.0,0.0,0.0
13634000000,4171,0,,0,0.3099055588245392,-0.37592020630836487,-0.3081442415714264,1.0,0.0,0.0,0.0,0.0
13636000000,4172,0,,0,-0.15513662993907928,-0.31749847531318665,-0.004710213281214237,1.0,0.0,0.0,0.0,0.0
13638000000,4173,0,,0,0.16929078102111816,-0.03509485349059105,-0.029756495729088783,1.0,0.0,0.0,0.0,0.0
13640000000,4174,0,,0,-0.12572553753852844,0.027077093720436096,0.2728568911552429,1.0,0.0,0.0,0.0,0.0
13643000000,4175,0,,0,0.19026140868663788,0.05378085374832153,-0.2905363440513611,1.0,0.0,0.0,0.0,0.0
13644000000,4176,0,,0,0.1195920780301094,-0.33497050404548645,-0.2849363088607788,1.0,0.0,0.0,0.0,0.0
13646000000,4177,0,,0,0.27366238832473755,0.3562259078025818,-0.04748522862792015,1.0,0.0,0.0,0.0,0.0
13648000000,4178,0,,0,0.27295851707458496,0.04558911174535751,0.3746298551559448,1.0,0.0,0.0,0.0,0.0
13650000000,4179,0,,0,-0.30711954832077026,0.3910539150238037,0.29276296496391296,1.0,0.0,0.0,0.0,0.0
13652000000,4180,0,,0,-0.04789045453071594,0.22585676610469818,-0.15876483917236328,1.0,0.0,0.0,0.0,0.0
13654000000,4181,0,,0,0.16918036341667175,-0.1879643052816391,-0.14147460460662842,1.0,0.0,0.0,0.0,0.0
13656000000,4182,0,,0,0.22536447644233704,0.04051152989268303,0.050959210842847824,1.0,0.0,0.0,0.0,0.0
13658000000,4183,0,,0,-0.08417372405529022,-0.10571213811635971,-0.15794123709201813,1.0,0.0,0.0,0.0,0.0
13660000000,4184,0,,0,0.36792612075805664,0.20167295634746552,-0.1820344775915146,1.0,0.0,0.0,0.0,0.0
13662000000,4185,0,,0,-0.27894771099090576,0.033180322498083115,-0.1487952470779419,1.0,0.0,0.0,0.0,0.0
13664000000,4186,0,,0,0.12198185175657272,0.33353185653686523,0.1392054259777069,1.0,0.0,0.0,0.0,0.0
13666000000,4187,0,,0,-0.31796276569366455,0.12348495423793793,0.07359189540147781,1.0,0.0,0.0,0.0,0.0
13668000000,4188,0,,0,0.038379501551389694,0.07494213432073593,-0.18148460984230042,1.0,0.0,0.0,0.0,0.0
13670000000,4189,0,,0,-0.3349236249923706,0.34552231431007385,0.05215450003743172,1.0,0.0,0.0,0.0,0.0
13672000000,4190,0,,0,-0.08014023303985596,-0.003891583066433668,-0.15646447241306305,1.0,0.0,0.0,0.0,0.0
13674000000,4191,0,,0,-0.07915753126144409,0.2799106240272522,0.26033735275268555,1.0,0.0,0.0,0.0,0.0
13676000000,4192,0,,0,-0.04673752188682556,0.11907825618982315,0.10881730914115906,1.0,0.0,0.0,0.0,0.0
13678000000,4193,0,,0,0.197991743683815,0.3324894905090332,-0.3694653809070587,1.0,0.0,0.0,0.0,0.0
13680000000,4194,0,,0,0.21180970966815948,-0.03124784119427204,-0.08435600996017456,1.0,0.0,0.0,0.0,0.0
13682000000,4195,0,,0,-0.24285537004470825,-0.24011951684951782,0.2476782351732254,1.0,0.0,0.0,0.0,0.0
13684000000,4196,0,,0,0.25304320454597473,-0.0676160678267479,0.13917602598667145,1.0,0.0,0.0,0.0,0.0
13686000000,4197,0,,0,-0.18804271519184113,-0.1624574065208435,-0.2873516082763672,1.0,0.0,0.0,0.0,0.0
13688000000,4198,0,,0,-0.2895520031452179,-0.2922082543373108,-0.29058322310447693,1.0,0.0,0.0,0.0,0.0
13690000000,4199,0,,0,-0.018970303237438202,0.24730844795703888,0.38862207531929016,1.0,0.0,0.0,0.0,0.0
13692000000,4200,0,,0,-0.09168676286935806,0.3511543273925781,0.2707255780696869,1.0,0.0,0.0,0.0,0.0
13694000000,4201,0,,0,0.3360467553138733,0.16932763159275055,-0.20450755953788757,1.0,0.0,0.0,0.0,0.0
13696000000,4202,0,,0,0.24431945383548737,-0.23904334008693695,0.25485196709632874,1.0,0.0,0.0,0.0,0.0
13698000000,4203,0,,0,0.07323428243398666,-0.16717688739299774,-0.2271684855222702,1.0,0.0,0.0,0.0,0.0
13700000000,4204,0,,0,-0.3115259110927582,-0.1218719556927681,-0.3579168915748596,1.0,0.0,0.0,0.0,0.0
13702000000,4205,0,,0,0.10876911878585815,0.2605767846107483,-0.054270822554826736,1.0,0.0,0.0,0.0,0.0
13704000000,4206,0,,0,-0.04721036180853844,0.13933205604553223,0.13344337046146393,1.0,0.0,0.0,0.0,0.0
13706000000,4207,0,,0,0.3863199055194855,0.34782707691192627,0.06013895943760872,1.0,0.0,0.0,0.0,0.0
13708000000,4208,0,,0,-0.3211541473865509,-0.3848635256290436,0.19807276129722595,1.0,0.0,0.0,0.0,0.0
13710000000,4209,0,,0,-0.19517679512500763,-0.24650239944458008,-0.18564064800739288,1.0,0.0,0.0,0.0,0.0
13712000000,4210,0,,0,0.13621091842651367,-0.22755223512649536,0.15608571469783783,1.0,0.0,0.0,0.0,0.0
13714000000,4211,0,,0,0.2810182273387909,-0.07687220722436905,-0.12404917925596237,1.0,0.0,0.0,0.0,0.0
13716000000,4212,0,,0,-0.19525140523910522,0.39172255992889404,-0.11546597629785538,1.0,0.0,0.0,0.0,0.0
13718000000,4213,0,,0,0.11893602460622787,-0.03466662019491196,0.0244226586073637,1.0,0.0,0.0,0.0,0.0
13720000000,4214,0,,0,0.32236701250076294,0.013644624501466751,0.11257488280534744,1.0,0.0,0.0,0.0,0.0
13722000000,4215,0,,0,-0.1943325698375702,-0.2409396469593048,-0.2741251289844513,1.0,0.0,0.0,0.0,0.0
13724000000,4216,0,,0,0.15761347115039825,0.35385221242904663,-0.24245469272136688,1.0,0.0,0.0,0.0,0.0
13726000000,4217,0,,0,0.09142477810382843,-0.061882104724645615,-0.19515255093574524,1.0,0.0,0.0,0.0,0.0
13728000000,4218,0,,0,0.31138667464256287,0.1696433573961258,0.17524322867393494,1.0,0.0,0.0,0.0,0.0
13730000000,4219,0,,0,0.38185280561447144,-0.22588111460208893,-0.37446799874305725,1.0,0.0,0.0,0.0,0.0
13732000000,4220,0,,0,-0.3757175803184509,0.36423516273498535,0.37039893865585327,1.0,0.0,0.0,0.0,0.0
13734000000,4221,0,,0,0.3472178280353546,0.17843914031982422,0.33367571234703064,1.0,0.0,0.0,0.0,0.0
13736000000,4222,0,,0,0.10146363079547882,0.21818038821220398,-0.3519737720489502,1.0,0.0,0.0,0.0,0.0
13738000000,4223,0,,0,-0.2650495171546936,0.2360941469669342,0.3743809163570404,1.0,0.0,0.0,0.0,0.0
13740000000,4224,0,,0,0.13665062189102173,-0.06601320207118988,0.09907635301351547,1.0,0.0,0.0,0.0,0.0
13742000000,4225,0,,0,-0.15028703212738037,-0.24101385474205017,-0.18553045392036438,1.0,0.0,0.0,0.0,0.0
13744000000,4226,0,,0,-0.2712959349155426,0.14345680177211761,0.19705331325531006,1.0,0.0,0.0,0.0,0.0
13746000000,4227,0,,0,0.28872647881507874,-0.2950493395328522,0.09551666676998138,1.0,0.0,0.0,0.0,0.0
13748000000,4228,0,,0,-0.35158535838127136,0.10877633839845657,0.06759963929653168,1.0,0.0,0.0,0.0,0.0
13750000000,4229,0,,0,-0.06691837310791016,0.09011210501194,-0.04755602031946182,1.0,0.0,0.0,0.0,0.0
13752000000,4230,0,,0,0.34691768884658813,-0.28501302003860474,-0.30400550365448,1.0,0.0,0.0,0.0,0.0
13754000000,4231,0,,0,-0.29426419734954834,-0.3117572069168091,0.2407476156949997,1.0,0.0,0.0,0.0,0.0
13756000000,4232,0,,0,-0.31900349259376526,-0.12823347747325897,0.28460732102394104,1.0,0.0,0.0,0.0,0.0
13758000000,4233,0,,0,0.3220585286617279,-0.036901652812957764,-0.31495875120162964,1.0,0.0,0.0,0.0,0.0
13760000000,4234,0,,0,0.2666221559047699,0.29879721999168396,0.26058945059776306,1.0,0.0,0.0,0.0,0.0
13762000000,4235,0,,0,-0.2523619532585144,0.19900356233119965,0.1431637853384018,1.0,0.0,0.0,0.0,0.0
13764000000,4236,0,,0,0.3863566517829895,-0.12179555743932724,0.028041157871484756,1.0,0.0,0.0,0.0,0.0
13766000000,4237,0,,0,-0.12976615130901337,0.22720219194889069,-0.16747714579105377,1.0,0.0,0.0,0.0,0.0
13768000000,4238,0,,0,0.24343428015708923,0.11657208949327469,0.05698166787624359,1.0,0.0,0.0,0.0,0.0
13770000000,4239,0,,0,-0.3629007637500763,0.39000239968299866,-0.31517043709754944,1.0,0.0,0.0,0.0,0.0
13772000000,4240,0,,0,-0.3576490879058838,0.08043278753757477,-0.35993432998657227,1.0,0.0,0.0,0.0,0.0
13774000000,4241,0,,0,0.0946166142821312,0.33689823746681213,0.3455694615840912,1.0,0.0,0.0,0.0,0.0
13776000000,4242,0,,0,-0.12263598293066025,-0.3125694990158081,-0.28325486183166504,1.0,0.0,0.0,0.0,0.0
13778000000,4243,0,,0,0.3963296413421631,-0.39568713307380676,-0.11188319325447083,1.0,0.0,0.0,0.0,0.0
13780000000,4244,0,,0,-0.26445576548576355,-0.19400784373283386,-0.207673579454422,1.0,0.0,0.0,0.0,0.0
13782000000,4245,0,,0,-0.11803554743528366,0.36529308557510376,0.3360796868801117,1.0,0.0,0.0,0.0,0.0
13784000000,4246,0,,0,0.15728576481342316,-0.14441636204719543,0.22691357135772705,1.0,0.0,0.0,0.0,0.0
13786000000,4247,0,,0,-0.2349810004234314,0.33112630248069763,-0.02762850746512413,1.0,0.0,0.0,0.0,0.0
13788000000,4248,0,,0,-0.39207080006599426,-0.352615624666214,-0.30386587977409363,1.0,0.0,0.0,0.0,0.0
13790000000,4249,0,,0,0.021295148879289627,0.38886362314224243,-0.3091053068637848,1.0,0.0,0.0,0.0,0.0
13792000000,4250,0,,0,0.23419904708862305,0.04118097573518753,-0.06196159869432449,1.0,0.0,0.0,0.0,0.0
13794000000,4251,0,,0,0.36180251836776733,0.3094087839126587,-0.15080498158931732,1.0,0.0,0.0,0.0,0.0
13796000000,4252,0,,0,-0.2247103452682495,-0.07560881972312927,-0.11957064270973206,1.0,0.0,0.0,0.0,0.0
13798000000,4253,0,,0,-0.3511340618133545,0.23501981794834137,-0.32467058300971985,1.0,0.0,0.0,0.0,0.0
13800000000,4254,0,,0,-0.3823539614677429,0.0322134904563427,-0.0018047794001176953,1.0,0.0,0.0,0.0,0.0
13802000000,4255,0,,0,-0.06202944740653038,0.30531400442123413,-0.0689229816198349,1.0,0.0,0.0,0.0,0.0
13804000000,4256,0,,0,-0.33466053009033203,-0.2814347743988037,0.22194033861160278,1.0,0.0,0.0,0.0,0.0
13806000000,4257,0,,0,-0.1208367571234703,0.32505905628204346,-0.2534794807434082,1.0,0.0,0.0,0.0,0.0
13808000000,4258,0,,0,-0.3033115863800049,-0.1913924664258957,-0.3015836477279663,1.0,0.0,0.0,0.0,0.0
13810000000,4259,0,,0,0.24173897504806519,-0.2567456066608429,-0.18490827083587646,1.0,0.0,0.0,0.0,0.0
13812000000,4260,0,,0,-0.331604540348053,-0.20306746661663055,-0.3058359622955322,1.0,0.0,0.0,0.0,0.0
13814000000,4261,0,,0,-0.12473982572555542,0.09135964512825012,-0.13392747938632965,1.0,0.0,0.0,0.0,0.0
13816000000,4262,0,,0,0.18375439941883087,0.35238558053970337,0.07351826131343842,1.0,0.0,0.0,0.0,0.0
13818000000,4263,0,,0,-0.15701216459274292,-0.1408001184463501,-0.32301458716392517,1.0,0.0,0.0,0.0,0.0
13820000000,4264,0,,0,-0.3701626658439636,0.010289210826158524,-0.3489369750022888,1.0,0.0,0.0,0.0,0.0
13822000000,4265,0,,0,-0.15090420842170715,-0.2507267892360687,0.16597317159175873,1.0,0.0,0.0,0.0,0.0
13824000000,4266,0,,0,-0.22082127630710602,0.35156580805778503,-0.22215032577514648,1.0,0.0,0.0,0.0,0.0
13826000000,4267,0,,0,-0.04242789372801781,-0.07269299030303955,-0.1913679540157318,1.0,0.0,0.0,0.0,0.0
13828000000,4268,0,,0,-0.3022617697715759,0.2547982335090637,0.13461202383041382,1.0,0.0,0.0,0.0,0.0
13830000000,4269,0,,0,0.3575175404548645,0.3913328945636749,0.2766026556491852,1.0,0.0,0.0,0.0,0.0
13832000000,4270,0,,0,0.3954397439956665,0.18958769738674164,-0.16346874833106995,1.0,0.0,0.0,0.0,0.0
13834000000,4271,0,,0,0.36297866702079773,0.1499006599187851,-0.11748751252889633,1.0,0.0,0.0,0.0,0.0
13836000000,4272,0,,0,0.24861693382263184,0.15132249891757965,-0.2664099633693695,1.0,0.0,0.0,0.0,0.0
13838000000,4273,0,,0,0.06625999510288239,0.13629032671451569,-0.04054863005876541,1.0,0.0,0.0,0.0,0.0
13840000000,4274,0,,0,0.25348755717277527,0.024734817445278168,0.32288336753845215,1.0,0.0,0.0,0.0,0.0
13842000000,4275,0,,0,-0.29578742384910583,0.37295523285865784,0.049222927540540695,1.0,0.0,0.0,0.0,0.0
13844000000,4276,0,,0,0.19750766456127167,-0.11650045216083527,0.20929200947284698,1.0,0.0,0.0,0.0,0.0
13846000000,4277,0,,0,0.31249430775642395,-0.10390012711286545,-0.1792878359556198,1.0,0.0,0.0,0.0,0.0
13848000000,4278,0,,0,0.0027119324076920748,-0.32429784536361694,-0.02238127589225769,1.0,0.0,0.0,0.0,0.0
13850000000,4279,0,,0,0.16617366671562195,-0.39514780044555664,-0.035360321402549744,1.0,0.0,0.0,0.0,0.0
13852000000,4280,0,,0,0.1626206934452057,-0.23517267405986786,0.20016586780548096,1.0,0.0,0.0,0.0,0.0
13854000000,4281,0,,0,-0.12382686138153076,-0.2871854603290558,0.28631317615509033,1.0,0.0,0.0,0.0,0.0
13856000000,4282,0,,0,0.03462141379714012,0.23815275728702545,0.18895268440246582,1.0,0.0,0.0,0.0,0.0
13858000000,4283,0,,0,0.2085908204317093,0.09582407027482986,0.24314455687999725,1.0,0.0,0.0,0.0,0.0
13860000000,4284,0,,0,0.05935877561569214,-0.13693372905254364,0.018278881907463074,1.0,0.0,0.0,0.0,0.0
13862000000,4285,0,,0,-0.22475340962409973,-0.2871561348438263,0.17721392214298248,1.0,0.0,0.0,0.0,0.0
13864000000,4286,0,,0,0.04225623607635498,0.012791501358151436,0.17948071658611298,1.0,0.0,0.0,0.0,0.0
13866000000,4287,0,,0,0.14771130681037903,-0.18125233054161072,-0.18667839467525482,1.0,0.0,0.0,0.0,0.0
13868000000,4288,0,,0,-0.14612585306167603,-0.3764623999595642,0.13097929954528809,1.0,0.0,0.0,0.0,0.0
13870000000,4289,0,,0,0.1839761584997177,-0.10566042363643646,-0.14868883788585663,1.0,0.0,0.0,0.0,0.0
13872000000,4290,0,,0,-0.2330009937286377,-0.39844658970832825,-0.034188397228717804,1.0,0.0,0.0,0.0,0.0
13874000000,4291,0,,0,0.005997636821120977,0.24136103689670563,0.1998981237411499,1.0,0.0,0.0,0.0,0.0
13876000000,4292,0,,0,-0.14039508998394012,-0.23717539012432098,0.32349106669425964,1.0,0.0,0.0,0.0,0.0
13878000000,4293,0,,0,-0.17765076458454132,-0.1691131591796875,0.24221926927566528,1.0,0.0,0.0,0.0,0.0
13880000000,4294,0,,0,-0.07517828792333603,0.06202881410717964,-0.2762993574142456,1.0,0.0,0.0,0.0,0.0
13882000000,4295,0,,0,-0.19692851603031158,-0.30351918935775757,0.0461362786591053,1.0,0.0,0.0,0.0,0.0
13884000000,4296,0,,0,-0.21478693187236786,-0.06136985123157501,-0.21384772658348083,1.0,0.0,0.0,0.0,0.0
13886000000,4297,0,,0,0.24151811003684998,-0.18976141512393951,-0.2729293406009674,1.0,0.0,0.0,0.0,0.0
13888000000,4298,0,,0,0.3664036989212036,0.29371050000190735,0.0361257903277874,1.0,0.0,0.0,0.0,0.0
13890000000,4299,0,,0,0.07680533826351166,-0.2165215164422989,0.32238149642944336,1.0,0.0,0.0,0.0,0.0
13892000000,4300,0,,0,-0.17890842258930206,0.1137816309928894,0.07486733794212341,1.0,0.0,0.0,0.0,0.0
13894000000,4301,0,,0,0.08106772601604462,-0.2564796507358551,0.029180049896240234,1.0,0.0,0.0,0.0,0.0
13896000000,4302,0,,0,0.1888788938522339,-0.18618083000183105,0.17873017489910126,1.0,0.0,0.0,0.0,0.0
13898000000,4303,0,,0,-0.055863771587610245,0.23164916038513184,0.0194341242313385,1.0,0.0,0.0,0.0,0.0
13900000000,4304,0,,0,0.018749192357063293,0.014471213333308697,-0.11426253616809845,1.0,0.0,0.0,0.0,0.0
13902000000,4305,0,,0,0.16634513437747955,0.2660572826862335,-0.1382436752319336,1.0,0.0,0.0,0.0,0.0
13904000000,4306,0,,0,0.08841109275817871,0.38319048285484314,-0.07946570962667465,1.0,0.0,0.0,0.0,0.0
13906000000,4307,0,,0,0.36360228061676025,-0.17447778582572937,0.3190223276615143,1.0,0.0,0.0,0.0,0.0
13908000000,4308,0,,0,0.11740387976169586,-0.14522239565849304,0.3108082115650177,1.0,0.0,0.0,0.0,0.0
13910000000,4309,0,,0,0.23113232851028442,-0.12500542402267456,-0.18542009592056274,1.0,0.0,0.0,0.0,0.0
13912000000,4310,0,,0,-0.07595691829919815,0.13663923740386963,-0.1398009955883026,1.0,0.0,0.0,0.0,0.0
13914000000,4311,0,,0,-0.3912659287452698,0.2736828923225403,-0.22044456005096436,1.0,0.0,0.0,0.0,0.0
13916000000,4312,0,,0,-0.2629651725292206,0.3398112952709198,0.264527827501297,1.0,0.0,0.0,0.0,0.0
13918000000,4313,0,,0,-0.3576658368110657,-0.16433179378509521,0.26534539461135864,1.0,0.0,0.0,0.0,0.0
13920000000,4314,0,,0,-0.2866534888744354,-0.013938444666564465,0.16400682926177979,1.0,0.0,0.0,0.0,0.0
13922000000,4315,0,,0,-0.09693140536546707,-0.3097612261772156,0.37220627069473267,1.0,0.0,0.0,0.0,0.0
13924000000,4316,0,,0,-0.019947078078985214,0.3722386658191681,0.3401241898536682,1.0,0.0,0.0,0.0,0.0
13926000000,4317,0,,0,0.29247352480888367,-0.017091207206249237,-0.3415219485759735,1.0,0.0,0.0,0.0,0.0
13928000000,4318,0,,0,0.02258436195552349,-0.19751635193824768,0.1435939520597458,1.0,0.0,0.0,0.0,0.0
13930000000,4319,0,,0,0.37864282727241516,0.1334950178861618,-0.28596848249435425,1.0,0.0,0.0,0.0,0.0
13932000000,4320,0,,0,-0.3292188048362732,-0.14228707551956177,-0.15091101825237274,1.0,0.0,0.0,0.0,0.0
13934000000,4321,0,,0,0.2341279834508896,0.039782486855983734,0.09542389959096909,1.0,0.0,0.0,0.0,0.0
13936000000,4322,0,,0,0.10438394546508789,0.37399670481681824,0.29422086477279663,1.0,0.0,0.0,0.0,0.0
13938000000,4323,0,,0,0.03599280118942261,0.3365269899368286,0.2198685109615326,1.0,0.0,0.0,0.0,0.0
13940000000,4324,0,,0,0.27415570616722107,-0.38336387276649475,0.33469557762145996,1.0,0.0,0.0,0.0,0.0
13942000000,4325,0,,0,-0.05450413003563881,-0.1937255859375,-0.07703779637813568,1.0,0.0,0.0,0.0,0.0
13944000000,4326,0,,0,-0.0957840159535408,0.27156513929367065,-0.1815498322248459,1.0,0.0,0.0,0.0,0.0
13946000000,4327,0,,0,0.39773625135421753,0.18856513500213623,0.016023017466068268,1.0,0.0,0.0,0.0,0.0
13948000000,4328,0,,0,0.13349604606628418,0.10002386569976807,0.09986806660890579,1.0,0.0,0.0,0.0,0.0
13950000000,4329,0,,0,-0.07911393791437149,-0.06980247050523758,-0.10129373520612717,1.0,0.0,0.0,0.0,0.0
13952000000,4330,0,,0,-0.19942481815814972,-0.1595974713563919,0.2646954357624054,1.0,0.0,0.0,0.0,0.0
13954000000,4331,0,,0,-0.3676420748233795,-0.1450992077589035,0.384846568107605,1.0,0.0,0.0,0.0,0.0
13956000000,4332,0,,0,0.050043560564517975,0.36463308334350586,0.3677828311920166,1.0,0.0,0.0,0.0,0.0
13958000000,4333,0,,0,0.36237260699272156,0.09382730722427368,0.08774331212043762,1.0,0.0,0.0,0.0,0.0
13960000000,4334,0,,0,0.12600187957286835,0.23590822517871857,0.38307785987854004,1.0,0.0,0.0,0.0,0.0
13962000000,4335,0,,0,-0.10929073393344879,-0.25924360752105713,-0.10757500678300858,1.0,0.0,0.0,0.0,0.0
13964000000,4336,0,,0,-0.1335247904062271,0.10484661161899567,-0.23237484693527222,1.0,0.0,0.0,0.0,0.0
13966000000,4337,0,,0,0.06884800642728806,0.11762181669473648,-0.050569795072078705,1.0,0.0,0.0,0.0,0.0
13968000000,4338,0,,0,0.19651862978935242,-0.00658315047621727,-0.04327365756034851,1.0,0.0,0.0,0.0,0.0
13970000000,4339,0,,0,-0.3920605480670929,-0.29372599720954895,-0.2033446580171585,1.0,0.0,0.0,0.0,0.0
13972000000,4340,0,,0,-0.3535248935222626,0.06600406765937805,0.21186713874340057,1.0,0.0,0.0,0.0,0.0
13974000000,4341,0,,0,-0.19103655219078064,-0.1141386330127716,-0.2772781252861023,1.0,0.0,0.0,0.0,0.0
13976000000,4342,0,,0,-0.0025084498338401318,-0.14046281576156616,0.07493270188570023,1.0,0.0,0.0,0.0,0.0
13978000000,4343,0,,0,-0.172630175948143,0.08933114260435104,-0.29870641231536865,1.0,0.0,0.0,0.0,0.0
13980000000,4344,0,,0,0.03388042747974396,-0.18020646274089813,-0.029873203486204147,1.0,0.0,0.0,0.0,0.0
13982000000,4345,0,,0,0.1360384225845337,-0.14148490130901337,-0.10938499867916107,1.0,0.0,0.0,0.0,0.0
13984000000,4346,0,,0,0.25631916522979736,-0.02334539406001568,0.3621476888656616,1.0,0.0,0.0,0.0,0.0
13986000000,4347,0,,0,0.0046827825717628,-0.12300222367048264,-0.3950212001800537,1.0,0.0,0.0,0.0,0.0
13988000000,4348,0,,0,0.01239633746445179,0.09438620507717133,-0.21837615966796875,1.0,0.0,0.0,0.0,0.0
13990000000,4349,0,,0,-0.07870018482208252,-0.066839300096035,-0.28259363770484924,1.0,0.0,0.0,0.0,0.0
13992000000,4350,0,,0,-0.06267109513282776,-0.09940579533576965,-0.22925443947315216,1.0,0.0,0.0,0.0,0.0
13994000000,4351,0,,0,-0.3327160179615021,0.23627535998821259,-0.34648221731185913,1.0,0.0,0.0,0.0,0.0
13996000000,4352,0,,0,-0.3370680809020996,-0.11964927613735199,-0.20138542354106903,1.0,0.0,0.0,0.0,0.0
13998000000,4353,0,,0,-0.3638884127140045,-0.09576359391212463,-0.19984328746795654,1.0,0.0,0.0,0.0,0.0
14000000000,4354,0,,0,-0.0569535568356514,0.13798704743385315,0.35345467925071716,1.0,0.0,0.0,0.0,0.0
14002000000,4355,0,,0,-0.24308951199054718,0.3161074221134186,-0.017500687390565872,1.0,0.0,0.0,0.0,0.0
14004000000,4356,0,,0,0.37398573756217957,-0.02335382252931595,-0.004634052515029907,1.0,0.0,0.0,0.0,0.0
14006000000,4357,0,,0,0.34508225321769714,0.18767081201076508,-0.21659572422504425,1.0,0.0,0.0,0.0,0.0
14008000000,4358,0,,0,-0.23323571681976318,-0.3455500900745392,-0.2148856818675995,1.0,0.0,0.0,0.0,0.0
14010000000,4359,0,,0,0.395942360162735,-0.23452168703079224,-0.3778858184814453,1.0,0.0,0.0,0.0,0.0
14012000000,4360,0,,0,-0.2655210793018341,-0.036690305918455124,0.3129216432571411,1.0,0.0,0.0,0.0,0.0
14014000000,4361,0,,0,-0.06251852214336395,0.05541845038533211,-0.364452064037323,1.0,0.0,0.0,0.0,0.0
14016000000,4362,0,,0,-0.32567331194877625,-0.28411051630973816,-0.15504147112369537,1.0,0.0,0.0,0.0,0.0
14018000000,4363,0,,0,0.16413526237010956,0.13347329199314117,-0.06167715787887573,1.0,0.0,0.0,0.0,0.0
14020000000,4364,0,,0,0.35026416182518005,0.03816256672143936,0.02932766266167164,1.0,0.0,0.0,0.0,0.0
14022000000,4365,0,,0,0.20806972682476044,-0.14604981243610382,0.26778483390808105,1.0,0.0,0.0,0.0,0.0
14024000000,4366,0,,0,0.2070176899433136,0.00534316711127758,0.24818122386932373,1.0,0.0,0.0,0.0,0.0
14026000000,4367,0,,0,0.1930825412273407,-0.3534274697303772,0.36552512645721436,1.0,0.0,0.0,0.0,0.0
14028000000,4368,0,,0,-0.007445067632943392,0.010545133613049984,0.37188443541526794,1.0,0.0,0.0,0.0,0.0
14030000000,4369,0,,0,0.11144089698791504,0.0034532893914729357,0.25947657227516174,1.0,0.0,0.0,0.0,0.0
14032000000,4370,0,,0,-0.15866489708423615,-0.15494929254055023,-0.22457687556743622,1.0,0.0,0.0,0.0,0.0
14034000000,4371,0,,0,0.14787404239177704,-0.2365151196718216,0.39049991965293884,1.0,0.0,0.0,0.0,0.0
14036000000,4372,0,,0,0.12905657291412354,-0.19693297147750854,-0.17546488344669342,1.0,0.0,0.0,0.0,0.0
14038000000,4373,0,,0,0.32093873620033264,0.18164803087711334,0.3800216615200043,1.0,0.0,0.0,0.0,0.0
14041000000,4374,0,,0,0.22341521084308624,-0.28420600295066833,0.11026708036661148,1.0,0.0,0.0,0.0,0.0
14042000000,4375,0,,0,-0.09347239136695862,0.19819685816764832,0.03227003663778305,1.0,0.0,0.0,0.0,0.0
14044000000,4376,0,,0,0.07004471868276596,0.07931716740131378,0.30155909061431885,1.0,0.0,0.0,0.0,0.0
14046000000,4377,0,,0,-0.14106839895248413,-0.014664596877992153,-0.11986055970191956,1.0,0.0,0.0,0.0,0.0
14048000000,4378,0,,0,0.3977052867412567,0.27971336245536804,-0.00544830784201622,1.0,0.0,0.0,0.0,0.0
14050000000,4379,0,,0,-0.37442323565483093,0.19573357701301575,0.13359947502613068,1.0,0.0,0.0,0.0,0.0
14052000000,4380,0,,0,0.2291293889284134,0.23740185797214508,0.061767272651195526,1.0,0.0,0.0,0.0,0.0
14055000000,4381,0,,0,-0.31908419728279114,-0.3426330089569092,0.1770729273557663,1.0,0.0,0.0,0.0,0.0
14057000000,4382,0,,0,-0.2672630548477173,-0.18753698468208313,0.21295517683029175,1.0,0.0,0.0,0.0,0.0
14058000000,4383,0,,0,0.09537451714277267,0.18590477108955383,-0.04477984458208084,1.0,0.0,0.0,0.0,0.0
14060000000,4384,0,,0,-0.02688702940940857,0.11854521930217743,0.39597201347351074,1.0,0.0,0.0,0.0,0.0
14062000000,4385,0,,0,-0.1343444138765335,0.060755833983421326,-0.19190701842308044,1.0,0.0,0.0,0.0,0.0
14064000000,4386,0,,0,0.09828575700521469,-0.38010019063949585,0.3347189724445343,1.0,0.0,0.0,0.0,0.0
14067000000,4387,0,,0,-0.035526446998119354,-0.05041823908686638,-0.15725275874137878,1.0,0.0,0.0,0.0,0.0
14069000000,4388,0,,0,-0.15592987835407257,-0.38514047861099243,0.33854642510414124,1.0,0.0,0.0,0.0,0.0
14070000000,4389,0,,0,-0.26552286744117737,0.24368344247341156,0.11922987550497055,1.0,0.0,0.0,0.0,0.0
14072000000,4390,0,,0,0.39303261041641235,0.25929948687553406,-0.08431445062160492,1.0,0.0,0.0,0.0,0.0
14075000000,4391,0,,0,0.336494505405426,-0.299288809299469,0.15843713283538818,1.0,0.0,0.0,0.0,0.0
14077000000,4392,0,,0,-0.3690922260284424,0.23508119583129883,-0.022101610898971558,1.0,0.0,0.0,0.0,0.0
14078000000,4393,0,,0,0.08205697685480118,-0.36700543761253357,0.05592862144112587,1.0,0.0,0.0,0.0,0.0
14080000000,4394,0,,0,0.040020085871219635,0.09307648241519928,-0.27940672636032104,1.0,0.0,0.0,0.0,0.0
14083000000,4395,0,,0,0.3635255694389343,0.005010955035686493,-0.3849619925022125,1.0,0.0,0.0,0.0,0.0
14085000000,4396,0,,0,0.04700222238898277,0.11298052221536636,-0.07299566268920898,1.0,0.0,0.0,0.0,0.0
14087000000,4397,0,,0,0.3097071945667267,-0.07790987193584442,0.29119065403938293,1.0,0.0,0.0,0.0,0.0
14089000000,4398,0,,0,-0.2534466087818146,0.005433420650660992,-0.21776814758777618,1.0,0.0,0.0,0.0,0.0
14091000000,4399,0,,0,-0.3050849139690399,0.3010939359664917,-0.0009593932190909982,1.0,0.0,0.0,0.0,0.0
14092000000,4400,0,,0,0.28787675499916077,0.36320915818214417,0.33740466833114624,1.0,0.0,0.0,0.0,0.0
14095000000,4401,0,,0,-0.25231775641441345,-0.26941514015197754,-0.32250314950942993,1.0,0.0,0.0,0.0,0.0
14097000000,4402,0,,0,-0.07861445099115372,0.20764625072479248,-0.05431848019361496,1.0,0.0,0.0,0.0,0.0
14099000000,4403,0,,0,0.24494712054729462,0.21640902757644653,-0.37461158633232117,1.0,0.0,0.0,0.0,0.0
14100000000,4404,0,,0,0.1690717339515686,0.21131789684295654,0.032805901020765305,1.0,0.0,0.0,0.0,0.0
14102000000,4405,0,,0,0.3030637800693512,-0.29697123169898987,-0.28729963302612305,1.0,0.0,0.0,0.0,0.0
14104000000,4406,0,,0,0.24473795294761658,0.1331883668899536,-0.3997938632965088,1.0,0.0,0.0,0.0,0.0
14106000000,4407,0,,0,0.06426321715116501,0.257133424282074,-0.3976934850215912,1.0,0.0,0.0,0.0,0.0
14109000000,4408,0,,0,-0.14379939436912537,0.34734445810317993,0.3463857173919678,1.0,0.0,0.0,0.0,0.0
14110000000,4409,0,,0,-0.14019201695919037,0.22697760164737701,-0.06100378930568695,1.0,0.0,0.0,0.0,0.0
14113000000,4410,0,,0,-0.030523251742124557,0.3467763662338257,0.07403287291526794,1.0,0.0,0.0,0.0,0.0
14115000000,4411,0,,0,-0.05661676079034805,-0.21115566790103912,-0.021920232102274895,1.0,0.0,0.0,0.0,0.0
14117000000,4412,0,,0,0.044013384729623795,0.30823659896850586,-0.16200102865695953,1.0,0.0,0.0,0.0,0.0
14118000000,4413,0,,0,-0.1947980672121048,0.09143230319023132,-0.27769678831100464,1.0,0.0,0.0,0.0,0.0
14121000000,4414,0,,0,-0.21686099469661713,-0.24106839299201965,-0.061197564005851746,1.0,0.0,0.0,0.0,0.0
14122000000,4415,0,,0,0.26558688282966614,0.048935700207948685,-0.3386213779449463,1.0,0.0,0.0,0.0,0.0
14124000000,4416,0,,0,0.08008609712123871,0.25492221117019653,-0.37635374069213867,1.0,0.0,0.0,0.0,0.0
14126000000,4417,0,,0,0.19195562601089478,0.3144837021827698,-0.2422667294740677,1.0,0.0,0.0,0.0,0.0
14128000000,4418,0,,0,0.03594383969902992,0.27843359112739563,0.05937008932232857,1.0,0.0,0.0,0.0,0.0
14130000000,4419,0,,0,-0.04962659254670143,0.15435101091861725,0.3944719433784485,1.0,0.0,0.0,0.0,0.0
14132000000,4420,0,,0,0.26329508423805237,0.1209891140460968,0.03662465512752533,1.0,0.0,0.0,0.0,0.0
14134000000,4421,0,,0,-0.2800498902797699,-0.23474091291427612,0.06907332688570023,1.0,0.0,0.0,0.0,0.0
14136000000,4422,0,,0,-0.09900037944316864,-0.35025304555892944,0.10700205713510513,1.0,0.0,0.0,0.0,0.0
14138000000,4423,0,,0,0.3495791554450989,0.32148852944374084,0.2796314060688019,1.0,0.0,0.0,0.0,0.0
14140000000,4424,0,,0,-0.1910327970981598,-0.013565846718847752,-0.38648590445518494,1.0,0.0,0.0,0.0,0.0
14142000000,4425,0,,0,-0.22623701393604279,0.3840007483959198,0.08989202231168747,1.0,0.0,0.0,0.0,0.0
14144000000,4426,0,,0,0.2556163966655731,-0.32171830534935,0.010038401931524277,1.0,0.0,0.0,0.0,0.0
14146000000,4427,0,,0,-0.2872878313064575,0.3355311453342438,0.2932661771774292,1.0,0.0,0.0,0.0,0.0
14148000000,4428,0,,0,0.058040518313646317,0.17804867029190063,-0.22879603505134583,1.0,0.0,0.0,0.0,0.0
14150000000,4429,0,,0,0.31186845898628235,0.1277661770582199,0.24361355602741241,1.0,0.0,0.0,0.0,0.0
14152000000,4430,0,,0,0.359978586435318,-0.15737609565258026,0.11111311614513397,1.0,0.0,0.0,0.0,0.0
14154000000,4431,0,,0,-0.047481246292591095,-0.36773884296417236,0.16084785759449005,1.0,0.0,0.0,0.0,0.0
14156000000,4432,0,,0,-0.30469927191734314,0.16588455438613892,0.33452099561691284,1.0,0.0,0.0,0.0,0.0
14158000000,4433,0,,0,0.245234876871109,-0.3334202468395233,-0.37527039647102356,1.0,0.0,0.0,0.0,0.0
14160000000,4434,0,,0,-0.05773715674877167,-0.15814347565174103,-0.018087932839989662,1.0,0.0,0.0,0.0,0.0
14162000000,4435,0,,0,-0.1551877111196518,-0.3233098089694977,-0.14109133183956146,1.0,0.0,0.0,0.0,0.0
14164000000,4436,0,,0,0.1259409785270691,0.187074676156044,-0.05879925563931465,1.0,0.0,0.0,0.0,0.0
14166000000,4437,0,,0,-0.16505776345729828,0.33658429980278015,-0.1135130524635315,1.0,0.0,0.0,0.0,0.0
14168000000,4438,0,,0,-0.07398580014705658,-0.3382846713066101,-0.3293285667896271,1.0,0.0,0.0,0.0,0.0
14170000000,4439,0,,0,-0.3622077405452728,0.1293988674879074,-0.16308894753456116,1.0,0.0,0.0,0.0,0.0
14172000000,4440,0,,0,-0.26332488656044006,0.35614386200904846,-0.1548779457807541,1.0,0.0,0.0,0.0,0.0
14174000000,4441,0,,0,-0.2941518723964691,0.06856399029493332,-0.011560491286218166,1.0,0.0,0.0,0.0,0.0
14176000000,4442,0,,0,0.19664597511291504,0.05620193853974342,0.3231590688228607,1.0,0.0,0.0,0.0,0.0
14178000000,4443,0,,0,0.17915694415569305,-0.08813472092151642,0.2136460542678833,1.0,0.0,0.0,0.0,0.0
14180000000,4444,0,,0,0.3949332535266876,-0.3303173780441284,-0.13466915488243103,1.0,0.0,0.0,0.0,0.0
14182000000,4445,0,,0,0.03451114520430565,0.31150951981544495,-0.20094338059425354,1.0,0.0,0.0,0.0,0.0
14184000000,4446,0,,0,0.06878464668989182,-0.11123308539390564,0.12319482862949371,1.0,0.0,0.0,0.0,0.0
14186000000,4447,0,,0,-0.09515847265720367,0.10055335611104965,0.3812635540962219,1.0,0.0,0.0,0.0,0.0
14188000000,4448,0,,0,-0.02823435328900814,-0.22862984240055084,0.18531768023967743,1.0,0.0,0.0,0.0,0.0
14190000000,4449,0,,0,0.29481756687164307,0.38727137446403503,-0.16509757936000824,1.0,0.0,0.0,0.0,0.0
14192000000,4450,0,,0,-0.00786604080349207,0.3511587083339691,0.05093446373939514,1.0,0.0,0.0,0.0,0.0
14194000000,4451,0,,0,-0.23524555563926697,-0.037065330892801285,-0.19350183010101318,1.0,0.0,0.0,0.0,0.0
14196000000,4452,0,,0,0.030887292698025703,0.3947570323944092,0.25338926911354065,1.0,0.0,0.0,0.0,0.0
14198000000,4453,0,,0,-0.1355125904083252,0.026870781555771828,-0.044752754271030426,1.0,0.0,0.0,0.0,0.0
14200000000,4454,0,,0,-0.1938793659210205,-0.26712507009506226,0.18821243941783905,1.0,0.0,0.0,0.0,0.0
14202000000,4455,0,,0,-0.1436433345079422,0.0004215503577142954,-0.14877618849277496,1.0,0.0,0.0,0.0,0.0
14204000000,4456,0,,0,0.05676696449518204,0.09052625298500061,0.12373219430446625,1.0,0.0,0.0,0.0,0.0
14206000000,4457,0,,0,-0.3638347089290619,-0.14429974555969238,0.09170056879520416,1.0,0.0,0.0,0.0,0.0
14208000000,4458,0,,0,-0.08768511563539505,-0.2996704578399658,0.03157884255051613,1.0,0.0,0.0,0.0,0.0
14210000000,4459,0,,0,0.21661975979804993,0.3280121982097626,0.18088342249393463,1.0,0.0,0.0,0.0,0.0
14212000000,4460,0,,0,0.377888560295105,-0.029204552993178368,0.3633573055267334,1.0,0.0,0.0,0.0,0.0
14214000000,4461,0,,0,-0.3427049219608307,0.317073255777359,0.21965502202510834,1.0,0.0,0.0,0.0,0.0
14216000000,4462,0,,0,0.22899675369262695,0.2556907534599304,-0.06288949400186539,1.0,0.0,0.0,0.0,0.0
14218000000,4463,0,,0,0.2981387674808502,0.3800581693649292,0.1428060233592987,1.0,0.0,0.0,0.0,0.0
14220000000,4464,0,,0,0.39933478832244873,-0.21412530541419983,-0.14884547889232635,1.0,0.0,0.0,0.0,0.0
14222000000,4465,0,,0,-0.389877051115036,-0.18726444244384766,-0.3119392395019531,1.0,0.0,0.0,0.0,0.0
14224000000,4466,0,,0,0.2154821753501892,-0.368497371673584,-0.20103362202644348,1.0,0.0,0.0,0.0,0.0
14226000000,4467,0,,0,-0.35783636569976807,-0.13101138174533844,0.011171321384608746,1.0,0.0,0.0,0.0,0.0
14228000000,4468,0,,0,-0.006118183955550194,-0.01899907737970352,-0.04900221526622772,1.0,0.0,0.0,0.0,0.0
14230000000,4469,0,,0,-0.24188853800296783,0.34719324111938477,-0.10016947984695435,1.0,0.0,0.0,0.0,0.0
14232000000,4470,0,,0,-0.16656813025474548,0.00659010699018836,0.11365321278572083,1.0,0.0,0.0,0.0,0.0
14234000000,4471,0,,0,0.2092224359512329,0.04327647387981415,0.3892209529876709,1.0,0.0,0.0,0.0,0.0
14236000000,4472,0,,0,0.13307353854179382,0.16127145290374756,0.21670947968959808,1.0,0.0,0.0,0.0,0.0
14238000000,4473,0,,0,-0.246871218085289,0.06725010275840759,0.14683915674686432,1.0,0.0,0.0,0.0,0.0
14240000000,4474,0,,0,0.3760926127433777,-0.15968681871891022,-0.25610464811325073,1.0,0.0,0.0,0.0,0.0
14242000000,4475,0,,0,0.07244521379470825,0.03421036899089813,-0.14672206342220306,1.0,0.0,0.0,0.0,0.0
14244000000,4476,0,,0,0.13567887246608734,-0.07866512984037399,0.0201104748994112,1.0,0.0,0.0,0.0,0.0
14246000000,4477,0,,0,-0.2707744240760803,-0.19182918965816498,-0.08083819597959518,1.0,0.0,0.0,0.0,0.0
14248000000,4478,0,,0,-0.16066229343414307,0.25902679562568665,0.3443920910358429,1.0,0.0,0.0,0.0,0.0
14250000000,4479,0,,0,-0.15185001492500305,-0.10078620910644531,0.2593744397163391,1.0,0.0,0.0,0.0,0.0
14252000000,4480,0,,0,-0.13196682929992676,-0.2686411142349243,0.21513572335243225,1.0,0.0,0.0,0.0,0.0
14254000000,4481,0,,0,0.03617604821920395,-0.27243173122406006,-0.1066875010728836,1.0,0.0,0.0,0.0,0.0
14256000000,4482,0,,0,0.19177256524562836,0.3626938760280609,0.1503930687904358,1.0,0.0,0.0,0.0,0.0
14258000000,4483,0,,0,0.011679766699671745,0.08171780407428741,-0.13657139241695404,1.0,0.0,0.0,0.0,0.0
14261000000,4484,0,,0,0.34771594405174255,0.37681230902671814,-0.1699148714542389,1.0,0.0,0.0,0.0,0.0
14262000000,4485,0,,0,0.04970342293381691,0.2795509099960327,-0.18790848553180695,1.0,0.0,0.0,0.0,0.0
14264000000,4486,0,,0,-0.3334657847881317,-0.3319508135318756,0.3834615647792816,1.0,0.0,0.0,0.0,0.0
14266000000,4487,0,,0,-0.02742941305041313,-0.1833701878786087,-0.13959890604019165,1.0,0.0,0.0,0.0,0.0
14268000000,4488,0,,0,-0.21482278406620026,-0.11711305379867554,0.09677518159151077,1.0,0.0,0.0,0.0,0.0
14270000000,4489,0,,0,0.3703923523426056,-0.3300629258155823,-0.1548262983560562,1.0,0.0,0.0,0.0,0.0
14272000000,4490,0,,0,0.01909218728542328,-0.24397049844264984,-0.17774491012096405,1.0,0.0,0.0,0.0,0.0
14274000000,4491,0,,0,-0.34815850853919983,-0.39874938130378723,-0.31084999442100525,1.0,0.0,0.0,0.0,0.0
14276000000,4492,0,,0,-0.02657162770628929,-0.14727641642093658,-0.39803794026374817,1.0,0.0,0.0,0.0,0.0
14279000000,4493,0,,0,-0.2441932111978531,-0.09669665992259979,0.06202946603298187,1.0,0.0,0.0,0.0,0.0
14280000000,4494,0,,0,0.04904027655720711,-0.2153172641992569,-0.38747638463974,1.0,0.0,0.0,0.0,0.0
14283000000,4495,0,,0,0.3559463322162628,0.37081843614578247,-0.2625390887260437,1.0,0.0,0.0,0.0,0.0
14284000000,4496,0,,0,0.21708622574806213,0.00030119490111246705,-0.11912999302148819,1.0,0.0,0.0,0.0,0.0
14287000000,4497,0,,0,0.11179964244365692,0.006105450913310051,-0.06920680403709412,1.0,0.0,0.0,0.0,0.0
14288000000,4498,0,,0,-0.06595943123102188,-0.18237324059009552,-0.13196136057376862,1.0,0.0,0.0,0.0,0.0
14291000000,4499,0,,0,0.3165651857852936,-0.15575307607650757,0.33690813183784485,1.0,0.0,0.0,0.0,0.0
