%time,field.header.seq,field.header.stamp,field.header.frame_id,field.pose.position.x,field.pose.position.y,field.pose.position.z,field.pose.orientation.x,field.pose.orientation.y,field.pose.orientation.z,field.pose.orientation.w
16140000000,2323,16140000000,map,0.26758520017622,0.1425879950848845,0.02712306334625192,0.0,0.0,0.0,0.0
16142000000,2324,16142000000,map,-0.38510564142773984,0.38351314007043213,0.0024314725846186214,0.0,0.0,0.0,0.0
16144000000,2325,16144000000,map,-0.24218750900104155,0.39945853154935196,0.11581360283856457,0.0,0.0,0.0,0.0
16146000000,2326,16146000000,map,0.36512161153941824,-0.28686042708911297,-0.26779805444406846,0.0,0.0,0.0,0.0
16148000000,2327,16148000000,map,-0.22246032985881417,-0.031362040623080456,0.07871758970830822,0.0,0.0,0.0,0.0
16150000000,2328,16150000000,map,-0.05275682451310809,-0.23517345222734187,-0.2873182480984367,0.0,0.0,0.0,0.0
16152000000,2329,16152000000,map,-0.05149698688968163,0.019694451728964668,0.28442794948774863,0.0,0.0,0.0,0.0
16154000000,2330,16154000000,map,0.39335137224723826,-0.17074075663090402,-0.07735485761254418,0.0,0.0,0.0,0.0
16156000000,2331,16156000000,map,-0.2772861203256703,-0.0930617965253202,0.14837998807733555,0.0,0.0,0.0,0.0
16158000000,2332,16158000000,map,-0.25114641178705976,-0.18965796860108566,-0.1978110194169872,0.0,0.0,0.0,0.0
16160000000,2333,16160000000,map,-0.3984127100262634,-0.05772015439325051,0.0298272713711622,0.0,0.0,0.0,0.0
16162000000,2334,16162000000,map,0.1764827953166347,0.27865117233741465,0.15568756557573393,0.0,0.0,0.0,0.0
16164000000,2335,16164000000,map,0.2766647287621492,-0.34935686027422097,-0.35064709067591077,0.0,0.0,0.0,0.0
16166000000,2336,16166000000,map,0.2097057692715717,0.226560950371687,-0.34511977769044344,0.0,0.0,0.0,0.0
16168000000,2337,16168000000,map,0.37507101503293827,0.034629560193043585,0.13453397946629364,0.0,0.0,0.0,0.0
16170000000,2338,16170000000,map,0.3262780547798464,0.10754369336377734,0.19591319249897388,0.0,0.0,0.0,0.0
16172000000,2339,16172000000,map,0.2779815824955969,-0.16095577672678077,-0.09901967518683036,0.0,0.0,0.0,0.0
16174000000,2340,16174000000,map,0.3047823958817254,0.25630031558644684,0.27844290563805973,0.0,0.0,0.0,0.0
16176000000,2341,16176000000,map,0.32930477883332976,-0.16755146724512665,-0.036762117970672414,0.0,0.0,0.0,0.0
16178000000,2342,16178000000,map,-0.011747753136064687,-0.331243076102749,-0.3167233702255438,0.0,0.0,0.0,0.0
16180000000,2343,16180000000,map,0.3466914082618281,-0.07951764709943415,0.3949319141642681,0.0,0.0,0.0,0.0
16182000000,2344,16182000000,map,0.3689922544719133,-0.08420274949646173,-0.2246219881033899,0.0,0.0,0.0,0.0
16184000000,2345,16184000000,map,-0.33668893771840813,-0.10931604333758632,0.16819952988227893,0.0,0.0,0.0,0.0
16186000000,2346,16186000000,map,0.21478958204756038,0.20640646751458813,0.32975976963286313,0.0,0.0,0.0,0.0
16188000000,2347,16188000000,map,-0.13202841157292483,0.1151916297274378,-0.2816688035744353,0.0,0.0,0.0,0.0
16190000000,2348,16190000000,map,0.09874276138233284,0.3711921137404768,-0.10901145394553308,0.0,0.0,0.0,0.0
16192000000,2349,16192000000,map,-0.05158726315258316,-0.15339631747245944,0.07659377304308279,0.0,0.0,0.0,0.0
16194000000,2350,16194000000,map,-0.30435318075003814,0.09001440353388812,0.019994963736016058,0.0,0.0,0.0,0.0
16197000000,2351,16196000000,map,0.16857592117670317,0.19153197677687306,-0.33639441106458323,0.0,0.0,0.0,0.0
16198000000,2352,16198000000,map,-0.15151690405327556,0.13093802172394875,-0.2820483102589556,0.0,0.0,0.0,0.0
16200000000,2353,16200000000,map,-0.1411460989691024,0.3080267547682677,-0.2730083865790124,0.0,0.0,0.0,0.0
16203000000,2354,16202000000,map,-0.2198929620745739,0.16921417397801064,0.1486826056020606,0.0,0.0,0.0,0.0
16204000000,2355,16204000000,map,-0.3653336299736546,-0.027080348520251596,0.3805141539973915,0.0,0.0,0.0,0.0
16206000000,2356,16206000000,map,-0.17134554068563143,-0.34841571794243853,-0.07209011957079431,0.0,0.0,0.0,0.0
16208000000,2357,16208000000,map,0.03632981646338651,0.32584593420914054,0.108582779899556,0.0,0.0,0.0,0.0
16211000000,2358,16210000000,map,0.05644217051142525,-0.11302579237158067,0.15924208098723058,0.0,0.0,0.0,0.0
16213000000,2359,16212000000,map,0.356366345606955,0.0008888670634822349,-0.15762896306480575,0.0,0.0,0.0,0.0
16214000000,2360,16214000000,map,0.0687608049088963,0.11074548965386766,0.2724339372239376,0.0,0.0,0.0,0.0
16216000000,2361,16216000000,map,0.011263009414195557,-0.15007525019681195,-0.32865981396799443,0.0,0.0,0.0,0.0
16219000000,2362,16218000000,map,-0.12885657277847584,0.039609717852862936,-0.07950912061453258,0.0,0.0,0.0,0.0
16221000000,2363,16221000000,map,0.24053841911562357,-0.03419890873073933,0.12469420016031385,0.0,0.0,0.0,0.0
16222000000,2364,16222000000,map,-0.03875411118075511,-0.2761943611508667,0.22068527437930985,0.0,0.0,0.0,0.0
16224000000,2365,16224000000,map,-0.08236445502708317,0.2350229189371026,0.3415762554201771,0.0,0.0,0.0,0.0
16226000000,2366,16226000000,map,-0.1769053492173912,0.3760454428091816,-0.36390708195760885,0.0,0.0,0.0,0.0
16228000000,2367,16228000000,map,0.014219623547044424,0.3280906247772356,0.3754256585325002,0.0,0.0,0.0,0.0
16230000000,2368,16230000000,map,0.1864452837987437,-0.0062208129005527635,-0.1873283182130117,0.0,0.0,0.0,0.0
16232000000,2369,16232000000,map,-0.1954946423034979,0.15037955805357062,0.33136899516351814,0.0,0.0,0.0,0.0
16234000000,2370,16234000000,map,0.07418581894252985,0.09495385238595916,0.20032703450927813,0.0,0.0,0.0,0.0
16236000000,2371,16236000000,map,0.20904836589660336,0.2838835961497471,0.364673291314489,0.0,0.0,0.0,0.0
16238000000,2372,16238000000,map,0.0522731984476244,-0.007249629061363838,0.05898666728496271,0.0,0.0,0.0,0.0
16240000000,2373,16240000000,map,-0.2748801288284223,0.18869787788928427,0.18020691822481238,0.0,0.0,0.0,0.0
16242000000,2374,16242000000,map,0.12089295387256482,0.0815439486044302,-0.20403952169799197,0.0,0.0,0.0,0.0
16244000000,2375,16244000000,map,0.24950602292947455,0.0995204470655569,-0.08944747398269814,0.0,0.0,0.0,0.0
16247000000,2376,16246000000,map,-0.3887847656943162,0.37398826176536637,-0.1850479539226314,0.0,0.0,0.0,0.0
16248000000,2377,16248000000,map,-0.16680236651838834,-0.35445379540254224,0.3275448278157692,0.0,0.0,0.0,0.0
16250000000,2378,16250000000,map,0.37535472764283695,0.07463321096263725,-0.25484581610637425,0.0,0.0,0.0,0.0
16252000000,2379,16252000000,map,0.1001167124882324,0.3628965500522603,-0.10639341134495256,0.0,0.0,0.0,0.0
16254000000,2380,16254000000,map,-0.06712906059491969,-0.032607592206259084,0.22564178603526486,0.0,0.0,0.0,0.0
16256000000,2381,16256000000,map,-0.14435021582015733,0.0042742314827459715,-0.08231513213837444,0.0,0.0,0.0,0.0
16258000000,2382,16258000000,map,-0.016693485173438716,0.3058206080474376,-0.09016735625800326,0.0,0.0,0.0,0.0
16260000000,2383,16260000000,map,0.22499014891724822,-0.29710208854890113,0.0605307074116917,0.0,0.0,0.0,0.0
16262000000,2384,16262000000,map,-0.22558620309337504,-0.14794939034441013,-0.09778861587941567,0.0,0.0,0.0,0.0
16264000000,2385,16264000000,map,0.2545496877107255,0.3385968581202403,-0.3528278402067223,0.0,0.0,0.0,0.0
16266000000,2386,16266000000,map,0.16487811770625593,0.11741534409977061,-0.07261696429712006,0.0,0.0,0.0,0.0
16268000000,2387,16268000000,map,0.39543434636472585,-0.014138627972088424,0.004349044841324701,0.0,0.0,0.0,0.0
16270000000,2388,16270000000,map,0.13874188735764614,0.24769383514848187,0.2875432786483948,0.0,0.0,0.0,0.0
16272000000,2389,16272000000,map,-0.36878829193824125,-0.37338875743073346,0.33544134173735796,0.0,0.0,0.0,0.0
16274000000,2390,16274000000,map,0.3089303186590151,-0.06234955247231311,-0.36081843835866156,0.0,0.0,0.0,0.0
16276000000,2391,16276000000,map,0.25275070105989283,-0.28851912352206244,-0.001801145431437834,0.0,0.0,0.0,0.0
16278000000,2392,16278000000,map,-0.0923165646016062,-0.08436991086809498,0.15404271186709473,0.0,0.0,0.0,0.0
16280000000,2393,16280000000,map,-0.12283212771667273,0.13423667706691422,-0.28916841853150943,0.0,0.0,0.0,0.0
16282000000,2394,16282000000,map,0.23577671702535175,0.33872535881311017,0.39171198188937884,0.0,0.0,0.0,0.0
16284000000,2395,16284000000,map,-0.3841868445439959,0.3498730442434933,-0.23503764386755435,0.0,0.0,0.0,0.0
16286000000,2396,16286000000,map,-0.03779711632347876,0.38277063907486275,0.15843291351386302,0.0,0.0,0.0,0.0
16288000000,2397,16288000000,map,0.22236219400376844,-0.273985650685319,0.09033282004147392,0.0,0.0,0.0,0.0
16290000000,2398,16290000000,map,0.09325047513563434,-0.029481802757709397,0.027313328793490688,0.0,0.0,0.0,0.0
16292000000,2399,16292000000,map,0.22327732911859244,-0.27996179857049663,0.1588306468724956,0.0,0.0,0.0,0.0
16294000000,2400,16294000000,map,-0.3710964891940708,0.10614599079557041,-0.08200419959105537,0.0,0.0,0.0,0.0
16296000000,2401,16296000000,map,0.018991307528397894,0.0759224039750877,-0.36986310267084566,0.0,0.0,0.0,0.0
16298000000,2402,16298000000,map,-0.20871602790253158,-0.28669821517515154,-0.2937408129325484,0.0,0.0,0.0,0.0
16300000000,2403,16300000000,map,-0.02233676790261857,0.2888368643234872,-0.2942425306418043,0.0,0.0,0.0,0.0
16303000000,2404,16302000000,map,-0.35646071372080856,-0.2917814108697414,0.1278114156302198,0.0,0.0,0.0,0.0
16304000000,2405,16304000000,map,0.1223282873112379,-0.04806628422571768,0.34258875158329705,0.0,0.0,0.0,0.0
16306000000,2406,16306000000,map,0.1438038431112869,-0.30228288791756985,0.06996662784120006,0.0,0.0,0.0,0.0
16308000000,2407,16308000000,map,0.005368110629057843,-0.12308402600555962,0.10626599744984278,0.0,0.0,0.0,0.0
16310000000,2408,16310000000,map,0.1530996845974103,-0.0019459635725821989,-0.08362418842467367,0.0,0.0,0.0,0.0
16312000000,2409,16312000000,map,0.06079805991113452,-0.17596109773312885,-0.06717164202515136,0.0,0.0,0.0,0.0
16314000000,2410,16314000000,map,-0.2697788180004784,0.26497690369709204,0.09026422344319274,0.0,0.0,0.0,0.0
16317000000,2411,16316000000,map,0.1603145619316132,0.3443802502226342,0.17640410540227447,0.0,0.0,0.0,0.0
16318000000,2412,16318000000,map,-0.29988127797423936,0.29788500629368,0.3932020393585631,0.0,0.0,0.0,0.0
16320000000,2413,16320000000,map,0.3966973811160933,0.31766131050305724,-0.30372663837052627,0.0,0.0,0.0,0.0
16323000000,2414,16322000000,map,-0.21917706742921073,0.2688653805447826,-0.0367315568307075,0.0,0.0,0.0,0.0
16324000000,2415,16324000000,map,0.3931420059914582,-0.3906172296137345,-0.2509248869515842,0.0,0.0,0.0,0.0
16327000000,2416,16326000000,map,0.25821351750501564,-0.06064559491907007,0.027477658327330623,0.0,0.0,0.0,0.0
16328000000,2417,16328000000,map,-0.25493197418342406,-0.30612843773491766,0.0787272003615544,0.0,0.0,0.0,0.0
16331000000,2418,16330000000,map,-0.04463981879167722,0.35948923723287896,-0.09599286818420272,0.0,0.0,0.0,0.0
16332000000,2419,16332000000,map,0.24725917202764136,0.16449991055143798,-0.09915996001900262,0.0,0.0,0.0,0.0
16335000000,2420,16334000000,map,-0.35115766365040635,0.17631250295376188,-0.23183293518058684,0.0,0.0,0.0,0.0
16336000000,2421,16336000000,map,0.10375503661571217,-0.22047294696493858,0.24207524613715514,0.0,0.0,0.0,0.0
16339000000,2422,16339000000,map,-0.2551560964813556,-0.3242358792440867,0.3866642043693469,0.0,0.0,0.0,0.0
16340000000,2423,16340000000,map,0.26421622526940913,-0.20340082309244178,-0.38030656737027324,0.0,0.0,0.0,0.0
16342000000,2424,16342000000,map,-0.2776979945970849,0.18112942370189666,-0.33268138951911563,0.0,0.0,0.0,0.0
16344000000,2425,16344000000,map,-0.31348466439679434,0.261302339035524,0.280653294102294,0.0,0.0,0.0,0.0
16346000000,2426,16346000000,map,-0.31202242903290167,0.016191540512120794,-0.06805854494692415,0.0,0.0,0.0,0.0
16348000000,2427,16348000000,map,-0.31269236648364296,0.39930114605544664,-0.2423517750101186,0.0,0.0,0.0,0.0
16351000000,2428,16350000000,map,0.19698565973951854,-0.01891596243206467,-0.2560010973205779,0.0,0.0,0.0,0.0
16352000000,2429,16352000000,map,0.2544598861255425,0.3047914969934278,-0.026442263596510363,0.0,0.0,0.0,0.0
16354000000,2430,16354000000,map,-9.883175252967114e-05,0.36972541412013393,-0.059920121395939996,0.0,0.0,0.0,0.0
16356000000,2431,16356000000,map,-0.31121012060784303,0.25326596094342413,0.010296605880636467,0.0,0.0,0.0,0.0
16358000000,2432,16358000000,map,-0.3678966893204258,0.15819155223472658,-0.3358304635340991,0.0,0.0,0.0,0.0
16360000000,2433,16360000000,map,-0.25474437068016287,-0.029202274609771206,0.3889562396472529,0.0,0.0,0.0,0.0
16362000000,2434,16362000000,map,-0.04070026891492229,-0.2791729167992885,0.18657090978308744,0.0,0.0,0.0,0.0
16364000000,2435,16364000000,map,0.25625879986308975,0.022030187442246052,0.31692461874395306,0.0,0.0,0.0,0.0
16366000000,2436,16366000000,map,0.31606002253446475,-0.3795847107506336,0.23770102243248958,0.0,0.0,0.0,0.0
16368000000,2437,16368000000,map,-0.3821081124236444,-0.1733439203186214,0.3555406643470981,0.0,0.0,0.0,0.0
16370000000,2438,16370000000,map,0.16878953257241158,-0.10370075873081308,-0.027659606641346868,0.0,0.0,0.0,0.0
16372000000,2439,16372000000,map,0.0834158678169521,0.16057440979675563,-0.15074089182310604,0.0,0.0,0.0,0.0
16374000000,2440,16374000000,map,0.3945425955352493,-0.3167580366180995,-0.14365492663363388,0.0,0.0,0.0,0.0
16377000000,2441,16376000000,map,-0.27058025057543417,0.33125623100571344,-0.21127062144665618,0.0,0.0,0.0,0.0
16378000000,2442,16378000000,map,-0.21698673059064727,-0.16532285861850227,-0.36943759027468814,0.0,0.0,0.0,0.0
16380000000,2443,16380000000,map,0.3805656852563116,-0.19507893194645076,-0.07815712591990154,0.0,0.0,0.0,0.0
16382000000,2444,16382000000,map,-0.06493720336775222,0.04170828061940207,-0.26863338022715033,0.0,0.0,0.0,0.0
16384000000,2445,16384000000,map,0.22766120453673566,0.2814193453756467,0.09414860326177193,0.0,0.0,0.0,0.0
16386000000,2446,16386000000,map,-0.35601159779986896,-0.02407951595311536,0.2701187094752834,0.0,0.0,0.0,0.0
16388000000,2447,16388000000,map,0.1774574900189385,0.2627274020763587,0.39271566858806384,0.0,0.0,0.0,0.0
16390000000,2448,16390000000,map,0.37079875249343974,-0.31604271452502425,-0.35384725554627716,0.0,0.0,0.0,0.0
16392000000,2449,16392000000,map,0.2431609169040848,-0.35938237054321687,-0.18886928897642427,0.0,0.0,0.0,0.0
16394000000,2450,16394000000,map,-0.11576495749490029,-0.1682743812227,-0.39405369928043205,0.0,0.0,0.0,0.0
16396000000,2451,16396000000,map,0.029950496027554785,-0.04843866268301489,0.05774357045979289,0.0,0.0,0.0,0.0
16398000000,2452,16398000000,map,0.13713059444096243,-0.2893161219734231,0.09726669660254156,0.0,0.0,0.0,0.0
16400000000,2453,16400000000,map,-0.34263675481517075,-0.3172327305779878,-0.30292474908299644,0.0,0.0,0.0,0.0
16402000000,2454,16402000000,map,0.3657702467730658,0.11795488030413026,-0.2269102518728644,0.0,0.0,0.0,0.0
16404000000,2455,16404000000,map,-0.36247539177516314,0.25711582045990355,0.34377799274029364,0.0,0.0,0.0,0.0
16406000000,2456,16406000000,map,0.3511781062691808,-0.02112552961177372,-0.34795726506930125,0.0,0.0,0.0,0.0
16408000000,2457,16408000000,map,-0.16455348790031357,0.22828444745148135,-0.2234636669763426,0.0,0.0,0.0,0.0
16410000000,2458,16410000000,map,-0.07344666621689849,0.3460960303095243,-0.1697184855280864,0.0,0.0,0.0,0.0
16412000000,2459,16412000000,map,-0.30868708712680326,0.26580466894953936,0.09329491543151375,0.0,0.0,0.0,0.0
16414000000,2460,16414000000,map,-0.39451854832539773,-0.2809174027490754,-0.34092421565749054,0.0,0.0,0.0,0.0
16416000000,2461,16416000000,map,-0.209638545876103,0.15380036042561518,0.1625447988592681,0.0,0.0,0.0,0.0
16418000000,2462,16418000000,map,0.2189229442226721,-0.28165343146064925,-0.02627012595671685,0.0,0.0,0.0,0.0
16420000000,2463,16420000000,map,0.051693249450084244,0.2634515609621205,0.2636013429501748,0.0,0.0,0.0,0.0
16422000000,2464,16422000000,map,0.10658866039308124,0.2463439545711904,-0.13930095328977438,0.0,0.0,0.0,0.0
16424000000,2465,16424000000,map,0.09518019309207526,-0.033328403514226335,0.2647745502766322,0.0,0.0,0.0,0.0
16426000000,2466,16426000000,map,0.37144817584793965,0.030818596484092686,0.3948819463512204,0.0,0.0,0.0,0.0
16428000000,2467,16428000000,map,-0.10562340810470383,0.20842080166673582,0.2460914846515293,0.0,0.0,0.0,0.0
16430000000,2468,16430000000,map,0.19637365976657228,-0.08452451827531393,-0.14903873582815685,0.0,0.0,0.0,0.0
16432000000,2469,16432000000,map,-0.3702808538566181,0.38378353736267046,-0.1275781206699111,0.0,0.0,0.0,0.0
16434000000,2470,16434000000,map,-0.1194999790007979,0.10697681024538452,-0.12596996369332203,0.0,0.0,0.0,0.0
16436000000,2471,16436000000,map,-0.20937802135806005,0.05366295399949078,-0.12464867523850426,0.0,0.0,0.0,0.0
16438000000,2472,16438000000,map,0.08461064218977288,-0.2754481214014657,-0.12121853591709819,0.0,0.0,0.0,0.0
16440000000,2473,16440000000,map,-0.12474609290409594,0.37636633255931284,-0.1130557851936631,0.0,0.0,0.0,0.0
16442000000,2474,16442000000,map,-0.06458868005187834,0.0932649212049611,-0.2547694999761284,0.0,0.0,0.0,0.0
16444000000,2475,16444000000,map,-0.2456893663574885,0.26832240702427546,0.10779847204908544,0.0,0.0,0.0,0.0
16446000000,2476,16446000000,map,0.22496044518742342,0.18096594591481918,-0.17154162125721656,0.0,0.0,0.0,0.0
16448000000,2477,16448000000,map,0.09719064889900492,-0.08316617160210582,-0.1876463219437169,0.0,0.0,0.0,0.0
16450000000,2478,16450000000,map,-0.20705595248384026,-0.07150734777465279,-0.0558885191376835,0.0,0.0,0.0,0.0
16452000000,2479,16452000000,map,0.04390224525968822,-0.17371515196974152,-0.3767064660674504,0.0,0.0,0.0,0.0
16454000000,2480,16454000000,map,0.29453824648675775,0.34372107982010436,0.20241573037246186,0.0,0.0,0.0,0.0
16456000000,2481,16456000000,map,0.1962327366541613,0.3490031827480987,-0.15250312372975153,0.0,0.0,0.0,0.0
16458000000,2482,16458000000,map,0.25242095053653946,-0.2142985754668083,-0.23171932592451236,0.0,0.0,0.0,0.0
16460000000,2483,16460000000,map,0.052491325350179696,0.00891441817185068,0.040500341279095964,0.0,0.0,0.0,0.0
16462000000,2484,16462000000,map,0.2313490419087496,-0.11063219343778313,-0.17482110529562955,0.0,0.0,0.0,0.0
16464000000,2485,16464000000,map,0.09701278392361434,-0.24198242559657737,0.14799665734135004,0.0,0.0,0.0,0.0
16466000000,2486,16466000000,map,-0.32539870603682514,-0.396603528491919,-0.30430830520168956,0.0,0.0,0.0,0.0
16468000000,2487,16468000000,map,-0.15430163041363879,0.23662318794103043,0.17851407069559966,0.0,0.0,0.0,0.0
16470000000,2488,16470000000,map,0.2396784209683399,0.03776513994059255,-0.20520960581382522,0.0,0.0,0.0,0.0
16472000000,2489,16472000000,map,0.1493775192213198,-0.3948963957467006,0.3107470089130585,0.0,0.0,0.0,0.0
16474000000,2490,16474000000,map,-0.2874689769539247,0.35075903327528424,0.2746178441774868,0.0,0.0,0.0,0.0
16476000000,2491,16476000000,map,-0.2812846360929855,-0.08433695941577107,0.2632839298542521,0.0,0.0,0.0,0.0
16478000000,2492,16478000000,map,0.21995359391861125,-0.005460337343987709,-0.22266000551045048,0.0,0.0,0.0,0.0
16480000000,2493,16480000000,map,0.042624646450808545,-0.33592645601227167,0.27808210474135486,0.0,0.0,0.0,0.0
16482000000,2494,16482000000,map,0.06895477739564732,0.11102503954970078,-0.23266913686458435,0.0,0.0,0.0,0.0
16484000000,2495,16484000000,map,-0.19907618125133883,-0.13700859899379364,0.122736910651977,0.0,0.0,0.0,0.0
16486000000,2496,16486000000,map,-0.38748533005460567,-0.3132543175934541,-0.24390210682475566,0.0,0.0,0.0,0.0
16488000000,2497,16488000000,map,0.10187793346134966,-0.0150402971820362,0.12564738206435178,0.0,0.0,0.0,0.0
16490000000,2498,16490000000,map,-0.3140684570726157,-0.2187942330275723,0.22039940558877658,0.0,0.0,0.0,0.0
16492000000,2499,16492000000,map,-0.38849932319515434,0.3899319321217247,-0.057389827769285806,0.0,0.0,0.0,0.0
16494000000,2500,16494000000,map,0.14807239107897008,-0.19139694793365536,0.37083486555821465,0.0,0.0,0.0,0.0
16496000000,2501,16496000000,map,-0.10735966986517081,0.13822352278671868,0.08020034305671536,0.0,0.0,0.0,0.0
16498000000,2502,16498000000,map,0.03533255352767928,-0.02969153273250763,0.12029795928054554,0.0,0.0,0.0,0.0
16500000000,2503,16500000000,map,-0.3712761549094096,0.07862898920670747,-0.008342809536259266,0.0,0.0,0.0,0.0
16502000000,2504,16502000000,map,-0.16111009330644804,-0.009163461263947348,-0.09653060744843617,0.0,0.0,0.0,0.0
16504000000,2505,16504000000,map,0.036695108953429756,0.040577424817214436,0.38094906778838566,0.0,0.0,0.0,0.0
16506000000,2506,16506000000,map,0.22409082364380295,-0.18600226605758033,-0.24539888772586937,0.0,0.0,0.0,0.0
16508000000,2507,16508000000,map,-0.3997241557867135,0.2220603641255564,-0.27519327671543536,0.0,0.0,0.0,0.0
16510000000,2508,16510000000,map,-0.1918455743590477,0.3924800594308412,-0.11211148393131215,0.0,0.0,0.0,0.0
16512000000,2509,16512000000,map,-0.25286715825708894,-0.20249567733839918,-0.14207857427638598,0.0,0.0,0.0,0.0
16514000000,2510,16514000000,map,0.3664147780816178,0.37208186035798707,0.1947878348885822,0.0,0.0,0.0,0.0
16516000000,2511,16516000000,map,0.007387262554396146,0.31363312321316106,-0.13652797566326247,0.0,0.0,0.0,0.0
16518000000,2512,16518000000,map,0.33211132154559453,-0.04987675332290742,0.0628176918662442,0.0,0.0,0.0,0.0
16520000000,2513,16520000000,map,-0.031642181652085155,0.09966176232642637,0.16788518983024237,0.0,0.0,0.0,0.0
16522000000,2514,16522000000,map,-0.19921678576134855,0.3941157459337702,-0.2560287844141933,0.0,0.0,0.0,0.0
16524000000,2515,16524000000,map,-0.13604587518624278,-0.26969624249204305,0.38678744840056356,0.0,0.0,0.0,0.0
16526000000,2516,16526000000,map,0.029801547834718556,0.07572395777747998,0.38589366061328156,0.0,0.0,0.0,0.0
16528000000,2517,16528000000,map,0.17688967732538796,-0.1356286336406171,-0.3823065217201389,0.0,0.0,0.0,0.0
16530000000,2518,16530000000,map,0.0016868543949488668,0.14182840009501718,-0.028197653669490452,0.0,0.0,0.0,0.0
16532000000,2519,16532000000,map,-0.08880984488139776,-0.371493283727605,-0.012585882209432908,0.0,0.0,0.0,0.0
16534000000,2520,16534000000,map,0.22031855666245848,-0.363020834377501,0.08410682859249297,0.0,0.0,0.0,0.0
16536000000,2521,16536000000,map,0.27295296493010157,-0.24347105125196633,-0.18083502763023135,0.0,0.0,0.0,0.0
16538000000,2522,16538000000,map,-0.17232811532861703,-0.09474719458518754,0.10948819620961647,0.0,0.0,0.0,0.0
16540000000,2523,16540000000,map,-0.17765587922219633,0.036601145758791365,0.27748633818859947,0.0,0.0,0.0,0.0
16542000000,2524,16542000000,map,0.23091630058421952,0.1658048218367545,0.3669961158957661,0.0,0.0,0.0,0.0
16544000000,2525,16544000000,map,-0.10119035923579695,0.21194196958632283,0.11383959585489667,0.0,0.0,0.0,0.0
16546000000,2526,16546000000,map,0.38346528842223504,-0.35703383974678493,0.20594327369017884,0.0,0.0,0.0,0.0
16548000000,2527,16548000000,map,-0.13810244936937788,0.38521168526987315,0.256553734104756,0.0,0.0,0.0,0.0
16550000000,2528,16550000000,map,-0.029838162900044707,0.3009519026297013,-0.0844551053765975,0.0,0.0,0.0,0.0
16552000000,2529,16552000000,map,0.3841986326690642,0.36918634355738666,0.2497589486019295,0.0,0.0,0.0,0.0
16554000000,2530,16554000000,map,-0.1092161680112077,-0.04927755247492943,-0.25689520196838833,0.0,0.0,0.0,0.0
16556000000,2531,16556000000,map,-0.19902103790419523,-0.3328519019328621,0.17354198235275686,0.0,0.0,0.0,0.0
16558000000,2532,16558000000,map,-0.37331022887337284,-0.1672325734212753,0.17495162183317814,0.0,0.0,0.0,0.0
16560000000,2533,16560000000,map,-0.02572282594534875,0.24585259668544335,-0.2170063019688473,0.0,0.0,0.0,0.0
16562000000,2534,16562000000,map,0.09321830945111237,-0.04543688560962661,0.10499516108184548,0.0,0.0,0.0,0.0
16564000000,2535,16564000000,map,0.043421772733334585,0.3517312908891651,0.24507411203479368,0.0,0.0,0.0,0.0
16566000000,2536,16566000000,map,-0.07361105985848215,0.27780316186750864,-0.34294543742954015,0.0,0.0,0.0,0.0
16568000000,2537,16568000000,map,0.3612283560508608,-0.15599002567890663,0.14226253015112078,0.0,0.0,0.0,0.0
16570000000,2538,16570000000,map,0.18283982075303273,0.3978651782723629,-0.03362564460161488,0.0,0.0,0.0,0.0
16572000000,2539,16572000000,map,0.34743011490272546,-0.06642334261245059,0.20316317186128985,0.0,0.0,0.0,0.0
16574000000,2540,16574000000,map,-0.1165610727465704,-0.04405295920262048,-0.03810686301472682,0.0,0.0,0.0,0.0
16576000000,2541,16576000000,map,-0.15906525428105844,-0.14306669442794562,0.3601596242848282,0.0,0.0,0.0,0.0
16578000000,2542,16578000000,map,0.23119695977809074,-0.2469557800255836,-0.2031339826228149,0.0,0.0,0.0,0.0
16580000000,2543,16580000000,map,-0.3407742270652929,-0.30355164058184836,-0.12968356522399727,0.0,0.0,0.0,0.0
16582000000,2544,16582000000,map,0.16702635144572198,0.3618397809829389,-0.17348696368400252,0.0,0.0,0.0,0.0
16584000000,2545,16584000000,map,0.26622573776496805,0.344334750436757,0.1614386804875111,0.0,0.0,0.0,0.0
16586000000,2546,16586000000,map,0.1696347668497401,0.32427034570960045,0.25596912387632986,0.0,0.0,0.0,0.0
16588000000,2547,16588000000,map,0.11502652852500206,0.2797533638013028,-0.21157465463069763,0.0,0.0,0.0,0.0
16590000000,2548,16590000000,map,-0.3549434321065647,0.21304232600058404,-0.08758969675713402,0.0,0.0,0.0,0.0
16592000000,2549,16592000000,map,-0.21310330644463837,-0.22443874881801512,-0.35412152535658353,0.0,0.0,0.0,0.0
16594000000,2550,16594000000,map,-0.31729992573751176,-0.32924409471480126,-0.3041981978189743,0.0,0.0,0.0,0.0
16596000000,2551,16596000000,map,-0.33313034256613044,0.3535941375063921,0.36695506585887194,0.0,0.0,0.0,0.0
16598000000,2552,16598000000,map,-0.03550333306042419,-0.18337803555323445,-0.04372874274777511,0.0,0.0,0.0,0.0
16600000000,2553,16600000000,map,-0.22957287860048908,-0.06026134740928296,-0.30512579653226585,0.0,0.0,0.0,0.0
16602000000,2554,16602000000,map,0.06380434996052592,0.06088874381820242,-0.1632524977493268,0.0,0.0,0.0,0.0
16604000000,2555,16604000000,map,0.27195984226122427,-0.08230888965848904,0.2632457322196594,0.0,0.0,0.0,0.0
16606000000,2556,16606000000,map,0.11049125832569584,0.3559726686032625,-0.35000082407548677,0.0,0.0,0.0,0.0
16608000000,2557,16608000000,map,0.269514548515735,0.23539997800042467,0.038989587575218365,0.0,0.0,0.0,0.0
16610000000,2558,16610000000,map,0.2293057082225909,0.006855518893266521,0.037666449844848515,0.0,0.0,0.0,0.0
16612000000,2559,16612000000,map,0.07574890269285406,-0.01535598211394179,0.30333123063036904,0.0,0.0,0.0,0.0
16615000000,2560,16614000000,map,0.0025874700862166256,-0.2711201359955439,0.19509583792224283,0.0,0.0,0.0,0.0
16616000000,2561,16616000000,map,-0.14480313353378166,0.016383511371194814,0.34099602696449793,0.0,0.0,0.0,0.0
16618000000,2562,16618000000,map,-0.36806791651092885,0.38488765156414884,-0.2607300093824375,0.0,0.0,0.0,0.0
16620000000,2563,16620000000,map,-0.027112527378323925,-0.06600566264688706,0.07611074692879766,0.0,0.0,0.0,0.0
16622000000,2564,16622000000,map,0.2990639323038097,-0.35293693710093715,0.39823418868821137,0.0,0.0,0.0,0.0
16624000000,2565,16624000000,map,-0.19468276594291073,0.25993851746961383,0.31224115120864704,0.0,0.0,0.0,0.0
16627000000,2566,16627000000,map,-0.05138889602283103,0.25663697095393634,0.1889665241290439,0.0,0.0,0.0,0.0
16628000000,2567,16628000000,map,-0.3661111223405125,0.27352902762399856,-0.12228884365312326,0.0,0.0,0.0,0.0
16630000000,2568,16630000000,map,-0.2859144035509933,-0.21180014712833217,0.19039840031771427,0.0,0.0,0.0,0.0
16632000000,2569,16632000000,map,-0.13121562795274266,-0.1055960304167215,-0.09692474849950355,0.0,0.0,0.0,0.0
16634000000,2570,16634000000,map,-0.3621656000154347,0.38842991214101275,-0.23046794100671658,0.0,0.0,0.0,0.0
16636000000,2571,16636000000,map,-0.05072295245059061,0.029073410663211507,-0.056973946935393704,0.0,0.0,0.0,0.0
16638000000,2572,16638000000,map,-0.10995271977736393,0.12481209976865992,-0.36105282004714345,0.0,0.0,0.0,0.0
16640000000,2573,16640000000,map,-0.3146980994756525,0.36707343715406215,-0.07163740139032632,0.0,0.0,0.0,0.0
16643000000,2574,16642000000,map,-0.04740798103407523,-0.39167111466617105,0.18081540287331888,0.0,0.0,0.0,0.0
16644000000,2575,16644000000,map,-0.15821482615794907,0.33691865270276944,0.3862870296804125,0.0,0.0,0.0,0.0
16646000000,2576,16646000000,map,0.19927283492019754,0.34239921878769575,-0.22364738926401037,0.0,0.0,0.0,0.0
16648000000,2577,16648000000,map,-0.08178141968446645,0.18031917043711443,-0.3446492188540107,0.0,0.0,0.0,0.0
16650000000,2578,16650000000,map,-0.3789478985366844,-0.31749215214638804,0.13342182881105336,0.0,0.0,0.0,0.0
16652000000,2579,16652000000,map,-0.20577898394819788,-0.23919896637597446,0.10160776102465652,0.0,0.0,0.0,0.0
16654000000,2580,16654000000,map,-0.37673254612360346,0.15386992938098287,-0.22854890312611198,0.0,0.0,0.0,0.0
16656000000,2581,16656000000,map,0.36348311650680265,-0.11685358794108802,-0.11532548392660558,0.0,0.0,0.0,0.0
16658000000,2582,16658000000,map,0.001462423867812368,0.11684326995856442,0.17296559201867412,0.0,0.0,0.0,0.0
16660000000,2583,16660000000,map,0.20875643886136375,-0.2743940058301802,0.0050396289749481404,0.0,0.0,0.0,0.0
16662000000,2584,16662000000,map,-0.36951177374239835,0.2959636514577625,-0.19484945381735097,0.0,0.0,0.0,0.0
16664000000,2585,16664000000,map,-0.3906180586082279,-0.2938877836215523,-0.31935097248174443,0.0,0.0,0.0,0.0
16666000000,2586,16666000000,map,-0.08679581639495493,0.0038466207679627717,0.2070444019116836,0.0,0.0,0.0,0.0
16668000000,2587,16668000000,map,-0.2747751315700363,-0.36927321734307533,-0.10403312334162423,0.0,0.0,0.0,0.0
16670000000,2588,16670000000,map,-0.14926509996892517,-0.2981889811917331,-0.09929613527061515,0.0,0.0,0.0,0.0
16672000000,2589,16672000000,map,0.21699856385540184,0.044364449331883105,0.011676134910515112,0.0,0.0,0.0,0.0
16674000000,2590,16674000000,map,0.10347903853712404,-0.16392073312704786,0.23064527269739143,0.0,0.0,0.0,0.0
16676000000,2591,16676000000,map,-0.3985633778057804,-0.11750920537419901,0.0625574354063575,0.0,0.0,0.0,0.0
16679000000,2592,16678000000,map,0.23977510577680183,0.0486139835349898,0.35122272704137314,0.0,0.0,0.0,0.0
16680000000,2593,16680000000,map,0.026132256413002097,0.09673565414756657,-0.09238097255570032,0.0,0.0,0.0,0.0
16682000000,2594,16682000000,map,0.16222464242516232,-0.057595641545987786,0.2322630726271696,0.0,0.0,0.0,0.0
16684000000,2595,16684000000,map,-0.05293890535962481,-0.32694752242824565,-0.09389748965943556,0.0,0.0,0.0,0.0
16686000000,2596,16686000000,map,0.13120951520166935,-0.34885222849182285,-0.3302420339982408,0.0,0.0,0.0,0.0
16688000000,2597,16688000000,map,0.03246485285521494,0.34219790068166966,0.2714682282919795,0.0,0.0,0.0,0.0
16690000000,2598,16690000000,map,0.3829606286395806,0.27655849035924407,-0.2494782893149587,0.0,0.0,0.0,0.0
16692000000,2599,16692000000,map,0.10103427128528308,-0.31918256891952745,-0.18859752652366854,0.0,0.0,0.0,0.0
16694000000,2600,16694000000,map,0.04547908607551554,-0.3704751487698587,-0.2425321378155138,0.0,0.0,0.0,0.0
16696000000,2601,16696000000,map,-0.09563236159322197,0.32332009208762724,0.18735747792010105,0.0,0.0,0.0,0.0
16699000000,2602,16698000000,map,-0.34102777796353456,0.18960975759811005,0.31290622413213953,0.0,0.0,0.0,0.0
16700000000,2603,16700000000,map,0.2445186451522503,-0.37203715262958914,-0.38625692552228885,0.0,0.0,0.0,0.0
16702000000,2604,16702000000,map,-0.3302218869786091,-0.22804256649435883,0.3598862059340606,0.0,0.0,0.0,0.0
16704000000,2605,16704000000,map,-0.3251910804085557,0.24336012132997953,-0.2542324242121805,0.0,0.0,0.0,0.0
16706000000,2606,16706000000,map,0.2354118381940039,0.16202082145524221,-0.1961965956795267,0.0,0.0,0.0,0.0
16708000000,2607,16708000000,map,-0.28200797923772514,0.07457901610442652,-0.04783315378406533,0.0,0.0,0.0,0.0
16710000000,2608,16710000000,map,0.35026155961684813,-0.1618079845860399,-0.23459813758864853,0.0,0.0,0.0,0.0
16712000000,2609,16712000000,map,-0.06276598806091493,0.23608172745494538,-0.1270942413813323,0.0,0.0,0.0,0.0
16714000000,2610,16714000000,map,-0.2929016177200328,0.1216709800520197,0.14201969483086685,0.0,0.0,0.0,0.0
16716000000,2611,16716000000,map,-0.036260194934883916,-0.09635949428208679,0.3761210416094233,0.0,0.0,0.0,0.0
16718000000,2612,16718000000,map,0.15827629269813104,0.02019162218603726,0.009485597002288515,0.0,0.0,0.0,0.0
16720000000,2613,16720000000,map,-0.1609217889683624,0.24943879362155197,-0.08970574036368373,0.0,0.0,0.0,0.0
16722000000,2614,16722000000,map,-0.37835343207998,-0.176744317820281,0.22410924254240594,0.0,0.0,0.0,0.0
16724000000,2615,16724000000,map,0.25989483484981724,0.251159575199862,0.32737797873415386,0.0,0.0,0.0,0.0
16726000000,2616,16726000000,map,0.16822711906970733,-0.04663746907044097,0.3114361530619092,0.0,0.0,0.0,0.0
16728000000,2617,16728000000,map,-0.062446583943982836,-0.1926555514094666,0.12290384031341195,0.0,0.0,0.0,0.0
16730000000,2618,16730000000,map,0.3922941276111248,-0.07275579061154724,0.1324007337510651,0.0,0.0,0.0,0.0
16732000000,2619,16732000000,map,-0.21505568059371521,-0.03963874627027303,0.2500016545358944,0.0,0.0,0.0,0.0
16734000000,2620,16734000000,map,-0.1275545933903826,0.37865981413378824,-0.3775448500663498,0.0,0.0,0.0,0.0
16736000000,2621,16736000000,map,0.3640726697796469,0.25750040344371194,-0.19424691799333577,0.0,0.0,0.0,0.0
16738000000,2622,16738000000,map,-0.1276028758480841,-0.10298464966459203,-0.2751940526214206,0.0,0.0,0.0,0.0
16740000000,2623,16740000000,map,0.07063032389796442,0.018072048686674336,-0.05460575826618197,0.0,0.0,0.0,0.0
16742000000,2624,16742000000,map,-0.3648262162195734,-0.24347442338278757,-0.30359598076551564,0.0,0.0,0.0,0.0
16744000000,2625,16744000000,map,-0.30802597973457446,-0.28599097922804967,-0.1848344215639285,0.0,0.0,0.0,0.0
16746000000,2626,16746000000,map,0.38724915610362176,0.1610066889974886,0.13540981445184563,0.0,0.0,0.0,0.0
16748000000,2627,16748000000,map,-0.30773690748260657,-0.22224159291659515,0.3055562638121032,0.0,0.0,0.0,0.0
16750000000,2628,16750000000,map,-0.39293428256285945,-0.02099666649399734,-0.08285707479869575,0.0,0.0,0.0,0.0
16752000000,2629,16752000000,map,-0.32820408031976217,-0.21653498415529399,0.03493563432658481,0.0,0.0,0.0,0.0
16754000000,2630,16754000000,map,-0.25544039089312326,0.0043247346752236515,-0.263322069128898,0.0,0.0,0.0,0.0
16756000000,2631,16756000000,map,-0.34144250330190307,-0.24933896422616017,0.2500593763216217,0.0,0.0,0.0,0.0
16758000000,2632,16758000000,map,0.36711176599929163,0.19083840711496358,0.02657755812323026,0.0,0.0,0.0,0.0
16760000000,2633,16760000000,map,-0.11573559356719326,0.07959136771557446,0.03558293605878554,0.0,0.0,0.0,0.0
16763000000,2634,16762000000,map,0.122135547588068,0.2173689545607922,0.06775922944448515,0.0,0.0,0.0,0.0
16764000000,2635,16764000000,map,-0.22898641996683505,0.06964242761513717,-0.3983268950868592,0.0,0.0,0.0,0.0
16766000000,2636,16766000000,map,-0.36742752049974725,0.027960282001787184,0.2827887466431337,0.0,0.0,0.0,0.0
16768000000,2637,16768000000,map,0.2536560426042338,0.16356214128725766,0.2565484324672126,0.0,0.0,0.0,0.0
16770000000,2638,16770000000,map,0.31293958535228616,0.0986216055545322,0.2636681849284018,0.0,0.0,0.0,0.0
16772000000,2639,16772000000,map,-0.3337593229076819,0.038481796854819006,-0.39129249956089646,0.0,0.0,0.0,0.0
16774000000,2640,16774000000,map,-0.3312023455011178,0.010103848749900668,-0.3723227407488633,0.0,0.0,0.0,0.0
16776000000,2641,16776000000,map,-0.036126810408411314,-0.1013765480936012,0.3035328519385021,0.0,0.0,0.0,0.0
16778000000,2642,16778000000,map,0.13200254319024163,-0.19702498235275387,-0.23667194626378163,0.0,0.0,0.0,0.0
16780000000,2643,16780000000,map,-0.23816559328407422,0.36869972066750156,-0.14069474971291296,0.0,0.0,0.0,0.0
16782000000,2644,16782000000,map,-0.16920379930544416,-0.315477196953219,-0.20473089865648958,0.0,0.0,0.0,0.0
16784000000,2645,16784000000,map,0.384730259240596,0.23589663786069703,0.1698730944151986,0.0,0.0,0.0,0.0
16786000000,2646,16786000000,map,-0.06903722537791185,-0.23916474429026013,0.06366448776209355,0.0,0.0,0.0,0.0
16788000000,2647,16788000000,map,-0.34843028169062495,0.0006749043797121823,0.385603749899034,0.0,0.0,0.0,0.0
16790000000,2648,16790000000,map,0.32211670627355804,-0.37965136374747677,-0.2467909542077753,0.0,0.0,0.0,0.0
16793000000,2649,16792000000,map,-0.28669190276869905,0.17092854917626676,0.003536599060175505,0.0,0.0,0.0,0.0
16794000000,2650,16794000000,map,0.13746417481564932,0.35628813331088505,-0.13835266184273903,0.0,0.0,0.0,0.0
16796000000,2651,16796000000,map,0.23077260425562562,-0.28204920928526217,-0.13470101926367428,0.0,0.0,0.0,0.0
16798000000,2652,16798000000,map,0.116109391107863,0.35638760854375295,-0.1335945483928831,0.0,0.0,0.0,0.0
16800000000,2653,16800000000,map,0.07688310946352461,-0.24729982560384112,-0.17177199159669976,0.0,0.0,0.0,0.0
16802000000,2654,16802000000,map,-0.0664170331065368,0.34717087578051486,0.3757065982009322,0.0,0.0,0.0,0.0
16804000000,2655,16804000000,map,0.2406529826980237,0.21405208747618065,-0.24215396335006237,0.0,0.0,0.0,0.0
16806000000,2656,16806000000,map,-0.23101192792387978,0.1446118388285721,-0.08248277535422016,0.0,0.0,0.0,0.0
16808000000,2657,16808000000,map,0.18030654630467768,-0.09407789781804587,-0.3798580237083839,0.0,0.0,0.0,0.0
16810000000,2658,16810000000,map,-0.2555745984360831,0.27819666899779516,0.329205220825738,0.0,0.0,0.0,0.0
16812000000,2659,16812000000,map,-0.026286723624714736,-0.10936105927397366,0.04334488043371315,0.0,0.0,0.0,0.0
16814000000,2660,16814000000,map,-0.024194339119230468,-0.09452830168517529,-0.1992024303386939,0.0,0.0,0.0,0.0
16816000000,2661,16816000000,map,-0.3451000113952013,0.3790545710492579,-0.007164079362658671,0.0,0.0,0.0,0.0
16818000000,2662,16818000000,map,0.16338775105113412,-0.21361931706636722,0.38267347974441124,0.0,0.0,0.0,0.0
16820000000,2663,16820000000,map,0.2524929800075272,-0.3742030503165006,-0.22041606172982423,0.0,0.0,0.0,0.0
16822000000,2664,16822000000,map,-0.18311736134280282,-0.09734816580869021,-0.03564722546899285,0.0,0.0,0.0,0.0
16824000000,2665,16824000000,map,0.38312126068316044,0.07763359338018788,-0.059936822029026116,0.0,0.0,0.0,0.0
16826000000,2666,16826000000,map,0.06020362796192524,0.056842202397496766,0.11894953262891472,0.0,0.0,0.0,0.0
16828000000,2667,16828000000,map,-0.27145627545974943,-0.15783706660953942,-0.24444549121294182,0.0,0.0,0.0,0.0
16830000000,2668,16830000000,map,-0.37119011725760626,-0.3715629108967251,-0.2957214708771954,0.0,0.0,0.0,0.0
16832000000,2669,16832000000,map,-0.20618367722453879,0.1263791135053698,0.261437486251507,0.0,0.0,0.0,0.0
16834000000,2670,16834000000,map,-0.24460467767895655,0.06327873676242113,-0.35461003747952646,0.0,0.0,0.0,0.0
16836000000,2671,16836000000,map,-0.1299676255306751,-0.2794376187600461,-0.08635032953184651,0.0,0.0,0.0,0.0
16838000000,2672,16838000000,map,0.13517722156811085,0.27336698648775026,0.2674013811485302,0.0,0.0,0.0,0.0
16840000000,2673,16840000000,map,0.3421171588543376,-0.15975911912466845,-0.26224358628279,0.0,0.0,0.0,0.0
16842000000,2674,16842000000,map,0.3212014921606834,-0.18484786717244597,-0.3813402972136296,0.0,0.0,0.0,0.0
16844000000,2675,16844000000,map,-0.07241841052876541,0.23544387144949996,-0.1377749249141063,0.0,0.0,0.0,0.0
16846000000,2676,16846000000,map,-0.05038031433128365,-0.16386471506910288,-0.3859100993577847,0.0,0.0,0.0,0.0
16848000000,2677,16848000000,map,0.1192631956012925,0.03383370541190167,0.13258084296279837,0.0,0.0,0.0,0.0
16850000000,2678,16850000000,map,-0.2547118565048856,-0.14912703849200615,0.03105283200277187,0.0,0.0,0.0,0.0
16852000000,2679,16852000000,map,-0.3504677911274843,-0.37653852468570204,-0.20725219174784063,0.0,0.0,0.0,0.0
16854000000,2680,16854000000,map,-0.22294522035865283,0.275278559654653,0.3007204441114206,0.0,0.0,0.0,0.0
16856000000,2681,16856000000,map,-0.032629306807963554,-0.16273041977342945,0.12855539885854483,0.0,0.0,0.0,0.0
16858000000,2682,16858000000,map,-0.2519376760473222,0.22276519752119162,0.12891964712733694,0.0,0.0,0.0,0.0
16860000000,2683,16860000000,map,-0.2445586032869035,0.12531872381449316,0.17378846677578297,0.0,0.0,0.0,0.0
16862000000,2684,16862000000,map,-0.11246919757938584,0.2684611012454894,-0.3178517099465883,0.0,0.0,0.0,0.0
16864000000,2685,16864000000,map,0.21061780988263257,0.2163852767089316,0.08017426424408586,0.0,0.0,0.0,0.0
16866000000,2686,16866000000,map,0.3848279971149866,0.25147091426203105,0.2886258683564634,0.0,0.0,0.0,0.0
16868000000,2687,16868000000,map,0.054419243867511624,0.023059385873775262,0.3263837060384791,0.0,0.0,0.0,0.0
16870000000,2688,16870000000,map,0.17243899497586823,0.22074472442875337,-0.1347009913487085,0.0,0.0,0.0,0.0
16872000000,2689,16872000000,map,0.326721787662418,-0.10749897213379733,-0.38509685885525685,0.0,0.0,0.0,0.0
16874000000,2690,16874000000,map,-0.2747630044832575,0.12527944559333704,0.2767828302883597,0.0,0.0,0.0,0.0
16876000000,2691,16876000000,map,0.03210341845274084,-0.23057182313973548,-0.0053218533334060125,0.0,0.0,0.0,0.0
16878000000,2692,16878000000,map,0.22592199858173756,0.22384263289777862,-0.3321143322345921,0.0,0.0,0.0,0.0
16880000000,2693,16880000000,map,-0.038555791476656,0.11227879261803642,-0.17415427442985495,0.0,0.0,0.0,0.0
16882000000,2694,16882000000,map,-0.09644947481437471,0.2105969532471672,-0.14103875263618798,0.0,0.0,0.0,0.0
16884000000,2695,16884000000,map,0.17899067716497352,-0.39189152309279607,0.03632538239908112,0.0,0.0,0.0,0.0
16886000000,2696,16886000000,map,0.022210366519146152,0.15731803594913685,-0.19276197422880803,0.0,0.0,0.0,0.0
16888000000,2697,16888000000,map,-0.27649740364717423,0.1508322907206192,0.3290388427490508,0.0,0.0,0.0,0.0
16890000000,2698,16890000000,map,-0.013354564490287546,-0.08361032378195399,0.3730814704248314,0.0,0.0,0.0,0.0
16892000000,2699,16892000000,map,-0.15078075639423885,0.10730097441598097,-0.24809422473078413,0.0,0.0,0.0,0.0
16894000000,2700,16894000000,map,0.22639184079118901,0.2774380325239647,0.13869019630177015,0.0,0.0,0.0,0.0
16896000000,2701,16896000000,map,-0.1426125892804086,0.2724760111042893,0.1507019285391612,0.0,0.0,0.0,0.0
16898000000,2702,16898000000,map,0.20342689010073844,-0.08253077154900479,-0.3714811333401062,0.0,0.0,0.0,0.0
16900000000,2703,16900000000,map,0.03838601298631622,-0.36522584986192275,-0.2536430483150033,0.0,0.0,0.0,0.0
16902000000,2704,16902000000,map,0.20645195328245025,0.018852022546658298,-0.3307377443365123,0.0,0.0,0.0,0.0
16904000000,2705,16904000000,map,-0.08886360915951852,0.26850275406257207,-0.25029409418928494,0.0,0.0,0.0,0.0
16906000000,2706,16906000000,map,0.34860674005134684,-0.2161235202476566,-0.22140758995736642,0.0,0.0,0.0,0.0
16908000000,2707,16908000000,map,0.1606632001628121,0.20545326068003333,-0.21463404262016814,0.0,0.0,0.0,0.0
16910000000,2708,16910000000,map,0.08078339761884257,-0.3138553800515377,-0.0028908060578470285,0.0,0.0,0.0,0.0
16912000000,2709,16912000000,map,0.1534856961571175,0.3721702364728475,0.044699486688845824,0.0,0.0,0.0,0.0
16914000000,2710,16914000000,map,0.16866128596967989,-0.35176948958768894,0.38415867553188476,0.0,0.0,0.0,0.0
16916000000,2711,16916000000,map,0.30014791066912394,0.18999477248441765,0.3749311374160239,0.0,0.0,0.0,0.0
16918000000,2712,16918000000,map,-0.21282139054614438,-0.1958376170379742,0.32530828110261856,0.0,0.0,0.0,0.0
16920000000,2713,16920000000,map,0.02414916141070711,-0.2900714419260859,0.1819913544484898,0.0,0.0,0.0,0.0
16922000000,2714,16922000000,map,0.27775825581215086,-0.21133246585776144,0.1341784205413623,0.0,0.0,0.0,0.0
16924000000,2715,16924000000,map,0.055623853436630566,-0.181777491866395,0.36836362450657245,0.0,0.0,0.0,0.0
16926000000,2716,16926000000,map,-0.2031413430383032,-0.2865332239114092,-0.14552415161463456,0.0,0.0,0.0,0.0
16928000000,2717,16928000000,map,-0.3064134176428774,0.21962022397946013,-0.03048806192788711,0.0,0.0,0.0,0.0
16930000000,2718,16930000000,map,0.04054836358694153,-0.18413076294707095,0.3330323767142678,0.0,0.0,0.0,0.0
16932000000,2719,16932000000,map,0.36033632317466435,-0.17593225899457746,0.26984569675536074,0.0,0.0,0.0,0.0
16934000000,2720,16934000000,map,-0.13351605115269777,-0.026133347955652864,-0.3726398915815401,0.0,0.0,0.0,0.0
16936000000,2721,16936000000,map,-0.018370220621365507,0.018464203633601795,0.013267113901793859,0.0,0.0,0.0,0.0
16938000000,2722,16938000000,map,0.023105031726798952,-0.032232587835259396,0.056016634776819896,0.0,0.0,0.0,0.0
16940000000,2723,16940000000,map,-0.30015996990632,0.23117999848841908,0.2624791042597394,0.0,0.0,0.0,0.0
16942000000,2724,16942000000,map,0.11887965489740981,-0.08681370415274392,0.12334769173295468,0.0,0.0,0.0,0.0
16944000000,2725,16944000000,map,0.13492371486995214,0.25274344568190044,-0.2877173772285942,0.0,0.0,0.0,0.0
16946000000,2726,16946000000,map,0.18727640477031415,0.06100905428304981,0.06982435427919392,0.0,0.0,0.0,0.0
16948000000,2727,16948000000,map,-0.23282681872209665,-0.18521517672944815,0.12768853856857965,0.0,0.0,0.0,0.0
16950000000,2728,16950000000,map,-0.06886441629601603,0.2758766580760751,0.23027479509485715,0.0,0.0,0.0,0.0
16952000000,2729,16952000000,map,-0.39825405997214247,-0.390374084541707,-0.010327868649443794,0.0,0.0,0.0,0.0
16954000000,2730,16954000000,map,0.16093024695203084,-0.20581522763530186,-0.18415613474779732,0.0,0.0,0.0,0.0
16956000000,2731,16956000000,map,-0.39586706821924805,0.2743373076056925,-0.3348274344475052,0.0,0.0,0.0,0.0
16958000000,2732,16958000000,map,-0.22718077675769274,-0.11972349286162576,0.39832054393801053,0.0,0.0,0.0,0.0
16960000000,2733,16960000000,map,-0.34323254723729857,-0.02798162906570789,0.34236618342438463,0.0,0.0,0.0,0.0
16962000000,2734,16962000000,map,0.13326405585571532,0.38695487761304015,-0.20153617774740548,0.0,0.0,0.0,0.0
16964000000,2735,16964000000,map,0.004366444135895431,-0.394078680590306,0.07833249628979483,0.0,0.0,0.0,0.0
16966000000,2736,16966000000,map,-0.16082010556197865,-0.37249065150052996,0.09317622735347941,0.0,0.0,0.0,0.0
16968000000,2737,16968000000,map,0.31688364042481876,-0.29199458439504633,0.21423603470479624,0.0,0.0,0.0,0.0
16970000000,2738,16970000000,map,-0.068840790450654,-0.22818663289880625,-0.15157413239262907,0.0,0.0,0.0,0.0
16972000000,2739,16972000000,map,0.18713136607556713,0.11976157249980512,-0.2933010748627292,0.0,0.0,0.0,0.0
16974000000,2740,16974000000,map,0.0213473908778144,-0.34715575914925123,0.12421456963101096,0.0,0.0,0.0,0.0
16976000000,2741,16976000000,map,0.1486870660396461,0.26944850487736494,-0.11134288741083531,0.0,0.0,0.0,0.0
16978000000,2742,16978000000,map,-0.28345024226641224,-0.11181979409665371,-0.36517554128450247,0.0,0.0,0.0,0.0
16980000000,2743,16980000000,map,-0.07026295511428576,-0.10523573997416596,0.2705298914186819,0.0,0.0,0.0,0.0
16982000000,2744,16982000000,map,0.08274282475637229,0.37714768126463827,0.34564727484488755,0.0,0.0,0.0,0.0
16984000000,2745,16984000000,map,-0.28578696206114307,-0.2431212327325711,0.26686459555681086,0.0,0.0,0.0,0.0
16986000000,2746,16986000000,map,-0.3167973462781458,0.36581883792859204,0.07490692934217397,0.0,0.0,0.0,0.0
16988000000,2747,16988000000,map,-0.1500141045199834,-0.07905274817478253,-0.32660179088705565,0.0,0.0,0.0,0.0
16990000000,2748,16990000000,map,0.27233226592486715,0.36229653602237466,0.3657644239963771,0.0,0.0,0.0,0.0
16992000000,2749,16992000000,map,0.28634442663615234,0.10840081031669357,-0.008678852654798952,0.0,0.0,0.0,0.0
16994000000,2750,16994000000,map,0.04903453867490981,-0.36450169218489215,-0.3338945576208321,0.0,0.0,0.0,0.0
16996000000,2751,16996000000,map,-0.10672420479871336,0.3772470587446738,-0.1377090041382335,0.0,0.0,0.0,0.0
16998000000,2752,16998000000,map,0.32977579321131234,0.11337540053583572,0.09753497707489112,0.0,0.0,0.0,0.0
17000000000,2753,17000000000,map,-0.22892268656714027,0.14051631541745957,0.012810187089226488,0.0,0.0,0.0,0.0
17002000000,2754,17002000000,map,-0.026665929848754932,0.2302121817989583,0.1670547697923136,0.0,0.0,0.0,0.0
17004000000,2755,17004000000,map,-0.1516705780781313,-0.10907776999744673,-0.388426263979666,0.0,0.0,0.0,0.0
17006000000,2756,17006000000,map,0.24322522171061656,-0.37085541012904405,0.378974246634883,0.0,0.0,0.0,0.0
17008000000,2757,17008000000,map,-0.24951292985770906,-0.22554091846106358,0.3155496724661383,0.0,0.0,0.0,0.0
17010000000,2758,17010000000,map,-0.022299065169265497,0.22634970687551192,-0.021808322040154315,0.0,0.0,0.0,0.0
17012000000,2759,17012000000,map,-0.1225560322043937,-0.18200566645398975,0.31368498915215925,0.0,0.0,0.0,0.0
17014000000,2760,17014000000,map,0.27468112105896814,-0.3105478679665889,-0.10138660219083179,0.0,0.0,0.0,0.0
17016000000,2761,17016000000,map,-0.1866096722880069,-0.07286665499904471,0.07246565865941201,0.0,0.0,0.0,0.0
17018000000,2762,17018000000,map,0.15585289470068786,-0.22997347629220505,0.11185860165458927,0.0,0.0,0.0,0.0
17020000000,2763,17020000000,map,0.255439115553033,0.0032026746176703758,0.1949333465663049,0.0,0.0,0.0,0.0
17022000000,2764,17022000000,map,-0.19610472634192322,-0.3691571034888833,-0.03363325955489954,0.0,0.0,0.0,0.0
17024000000,2765,17024000000,map,-0.33970519417291484,0.36531576830198587,-0.3381425475796195,0.0,0.0,0.0,0.0
17026000000,2766,17026000000,map,0.08693075057573141,-0.16149451187035951,-0.15646619947238102,0.0,0.0,0.0,0.0
17028000000,2767,17028000000,map,0.00283410554439556,0.19334470892493005,0.04001998840680043,0.0,0.0,0.0,0.0
17030000000,2768,17030000000,map,0.2430367309636361,-0.3513160706399757,-0.2215580036192825,0.0,0.0,0.0,0.0
17032000000,2769,17032000000,map,0.3054982732367584,0.05756221017766033,0.19373843902411114,0.0,0.0,0.0,0.0
17034000000,2770,17034000000,map,0.3513872932035216,-0.21269237378333322,0.372422450564338,0.0,0.0,0.0,0.0
17036000000,2771,17036000000,map,0.3374557764199696,-0.07113016390693205,0.04500094259050841,0.0,0.0,0.0,0.0
17038000000,2772,17038000000,map,-0.2556690668731438,-0.3276344143914153,-0.04761793622410454,0.0,0.0,0.0,0.0
17040000000,2773,17040000000,map,-0.23583898704003053,0.32965663072224183,0.18571857524375202,0.0,0.0,0.0,0.0
17042000000,2774,17042000000,map,-0.08445036374020726,-0.2717812254712309,0.34893728943179225,0.0,0.0,0.0,0.0
17044000000,2775,17044000000,map,0.36516465167694767,0.22661298791077622,-0.050209280517284016,0.0,0.0,0.0,0.0
17046000000,2776,17046000000,map,-0.04363316436338427,-0.24126370282270684,-0.27777280917793745,0.0,0.0,0.0,0.0
17049000000,2777,17048000000,map,-0.110056203060308,-0.3540945522967128,0.09349895598897257,0.0,0.0,0.0,0.0
17051000000,2778,17050000000,map,-0.3027917244014825,0.21140105998984138,-0.35551948326817157,0.0,0.0,0.0,0.0
17052000000,2779,17052000000,map,0.23842755070080746,0.3321851024000172,0.2550562006554735,0.0,0.0,0.0,0.0
17054000000,2780,17054000000,map,0.26162367312859913,0.311485726746097,0.022873193434951478,0.0,0.0,0.0,0.0
17056000000,2781,17056000000,map,0.20191730201221503,0.0005290137876676759,-0.3874885755522657,0.0,0.0,0.0,0.0
17058000000,2782,17058000000,map,-0.32961806590455883,-0.3500762711401267,-0.25667834575917814,0.0,0.0,0.0,0.0
17060000000,2783,17060000000,map,0.02535695131995619,-0.0518936694535963,0.07258981109223434,0.0,0.0,0.0,0.0
17062000000,2784,17062000000,map,0.17856219540109808,0.0309811668005473,0.17437194021649638,0.0,0.0,0.0,0.0
17064000000,2785,17064000000,map,0.2628916426321938,0.07702446225541182,-0.10878971890877692,0.0,0.0,0.0,0.0
17066000000,2786,17066000000,map,-0.1950456746333462,-0.15912679973045357,0.2984400130510868,0.0,0.0,0.0,0.0
17068000000,2787,17068000000,map,-0.30640494915346134,0.25015115887196926,-0.14844716974661537,0.0,0.0,0.0,0.0
17070000000,2788,17070000000,map,0.2463535776814455,0.008094153520618985,0.3031876946222618,0.0,0.0,0.0,0.0
17072000000,2789,17072000000,map,0.18934191305079207,-0.2803103128586931,-0.22932825726255657,0.0,0.0,0.0,0.0
17074000000,2790,17074000000,map,-0.15579764601154042,-0.21538029389819874,-0.23040722163707694,0.0,0.0,0.0,0.0
17076000000,2791,17076000000,map,0.23266709825916365,0.3136862639292105,-0.16798974364906832,0.0,0.0,0.0,0.0
17078000000,2792,17078000000,map,0.19526075128176135,-0.3599474258730883,-0.37952379573519984,0.0,0.0,0.0,0.0
17080000000,2793,17080000000,map,0.1943349946980285,-0.13728548205188318,-0.1477303570272434,0.0,0.0,0.0,0.0
17082000000,2794,17082000000,map,-0.26002500821376984,-0.37532146889156237,-0.21050126288232487,0.0,0.0,0.0,0.0
17084000000,2795,17084000000,map,-0.2506231584667582,0.04778700230092492,-0.19792448993246894,0.0,0.0,0.0,0.0
17086000000,2796,17086000000,map,0.035995561250029506,0.04161135682812089,0.190866111104654,0.0,0.0,0.0,0.0
17088000000,2797,17088000000,map,0.2181610702005935,-0.13140845357609454,0.2025800438078117,0.0,0.0,0.0,0.0
17090000000,2798,17090000000,map,-0.39555116239979726,0.31229460714442103,0.08388052560905424,0.0,0.0,0.0,0.0
17092000000,2799,17092000000,map,0.38575914595270555,-0.09456717559798056,-0.26174131052035454,0.0,0.0,0.0,0.0
17094000000,2800,17094000000,map,0.11589394663987818,0.03931452516566408,-0.20889723299283366,0.0,0.0,0.0,0.0
17096000000,2801,17096000000,map,0.3807965200023916,-0.04379371362415069,-0.058290460446873804,0.0,0.0,0.0,0.0
17098000000,2802,17098000000,map,-0.2907608424888425,0.13482653020306412,0.08196946317928744,0.0,0.0,0.0,0.0
17100000000,2803,17100000000,map,-0.30102293148354714,0.3282167984686518,-0.20418567663526743,0.0,0.0,0.0,0.0
17103000000,2804,17102000000,map,0.18528798748226338,0.29134155359484737,-0.3236188285296663,0.0,0.0,0.0,0.0
17104000000,2805,17104000000,map,0.24244722937901952,0.3499532177723944,0.25083594854134394,0.0,0.0,0.0,0.0
17107000000,2806,17107000000,map,-0.04897591569772064,-0.3300596601566047,-0.1726725816071919,0.0,0.0,0.0,0.0
17108000000,2807,17108000000,map,0.3962922330526166,0.22553105002287743,0.050412432898980786,0.0,0.0,0.0,0.0
17110000000,2808,17110000000,map,0.3634553893253829,-0.29180087318549663,-0.35931361010912427,0.0,0.0,0.0,0.0
17112000000,2809,17112000000,map,-0.09655541354494224,-0.2843468559690978,0.27023535056730674,0.0,0.0,0.0,0.0
17114000000,2810,17114000000,map,0.1569149013825083,0.17721873124828547,0.2861890196853406,0.0,0.0,0.0,0.0
17116000000,2811,17116000000,map,-0.2799972152078528,0.09491915440237708,0.251513397995461,0.0,0.0,0.0,0.0
17118000000,2812,17118000000,map,0.014240762220720071,0.3474518197761304,0.1358625565719236,0.0,0.0,0.0,0.0
17120000000,2813,17120000000,map,-0.28202387171714244,0.38253097953129356,-0.17311182884943532,0.0,0.0,0.0,0.0
17122000000,2814,17122000000,map,0.036174762459020626,0.3239694431432121,-0.03341590460872296,0.0,0.0,0.0,0.0
17124000000,2815,17124000000,map,0.10584976601106055,-0.2119396897699593,-0.06139331812421278,0.0,0.0,0.0,0.0
17126000000,2816,17126000000,map,-0.07229667813508561,0.3614324522266482,0.28871141448633186,0.0,0.0,0.0,0.0
17128000000,2817,17128000000,map,-0.19422311270895817,-0.27305595198049304,0.24503670445614067,0.0,0.0,0.0,0.0
17130000000,2818,17130000000,map,-0.10219819133758634,0.1420584225383621,0.24398884264133336,0.0,0.0,0.0,0.0
17132000000,2819,17132000000,map,0.3522060948985639,0.16846783417737987,-0.1142785492307718,0.0,0.0,0.0,0.0
17134000000,2820,17134000000,map,0.3957853628249043,0.24138337076146854,-0.2106496819243655,0.0,0.0,0.0,0.0
17136000000,2821,17136000000,map,-0.3316980736121511,0.1749456756366995,-0.04755049569523123,0.0,0.0,0.0,0.0
17138000000,2822,17138000000,map,0.2098776365289169,-0.08912321226643022,-0.30526857301777033,0.0,0.0,0.0,0.0
17141000000,2823,17140000000,map,-0.12517284556210678,-0.3203495749596418,0.3541809066648305,0.0,0.0,0.0,0.0
17142000000,2824,17142000000,map,0.3883280895325759,0.07702422654680319,0.03344206711964803,0.0,0.0,0.0,0.0
17144000000,2825,17144000000,map,0.3816866156457446,-0.18752082240367907,-0.30583833709718333,0.0,0.0,0.0,0.0
17146000000,2826,17146000000,map,0.3698643051648195,-0.3332660291534155,0.20414004146201437,0.0,0.0,0.0,0.0
17148000000,2827,17148000000,map,0.02259396950459669,0.1472047166863194,0.34582542302756225,0.0,0.0,0.0,0.0
17150000000,2828,17150000000,map,-0.25773320081304596,0.1995744042678289,0.14446876359076222,0.0,0.0,0.0,0.0
17152000000,2829,17152000000,map,-0.23273073700079325,0.1934173286220945,0.04116340464838181,0.0,0.0,0.0,0.0
17154000000,2830,17154000000,map,0.1415183085385825,0.20168401707666683,-0.3677531105933866,0.0,0.0,0.0,0.0
17156000000,2831,17156000000,map,0.2685236122422866,-0.1149816110083679,-0.07423099493269103,0.0,0.0,0.0,0.0
17158000000,2832,17158000000,map,0.13142183942236374,-0.25077588343589885,0.23536227767611817,0.0,0.0,0.0,0.0
17160000000,2833,17160000000,map,0.05000291172531712,0.33320460714046785,-0.09106675588666513,0.0,0.0,0.0,0.0
17162000000,2834,17162000000,map,0.20435112161461277,-0.12268333935668296,0.0627993367447714,0.0,0.0,0.0,0.0
17164000000,2835,17164000000,map,-0.2837595160301397,0.2674724855727658,0.15590939067560938,0.0,0.0,0.0,0.0
17166000000,2836,17166000000,map,0.3910235652483641,-0.32957158463255787,0.14686197118082478,0.0,0.0,0.0,0.0
17168000000,2837,17168000000,map,0.02384268385008792,-0.22177869379750734,0.39335574477937785,0.0,0.0,0.0,0.0
17170000000,2838,17170000000,map,-0.09558357387650196,0.3981178968860356,-0.3565196104938857,0.0,0.0,0.0,0.0
17172000000,2839,17172000000,map,-0.17901318594306317,-0.1324718814404568,-0.35516091916934966,0.0,0.0,0.0,0.0
17175000000,2840,17174000000,map,-0.3954443785173282,-0.08409016930975832,0.3679788683354881,0.0,0.0,0.0,0.0
17176000000,2841,17176000000,map,0.21265456678113537,0.10352917090709779,-0.35937318330384727,0.0,0.0,0.0,0.0
17178000000,2842,17178000000,map,0.07950215142911599,-0.19235365354956532,-0.15379620521587445,0.0,0.0,0.0,0.0
17180000000,2843,17180000000,map,-0.23613426641630023,-0.014662195369518793,-0.35457194925514535,0.0,0.0,0.0,0.0
17182000000,2844,17182000000,map,-0.3834830802707345,0.2677460717126683,-0.25874690517544774,0.0,0.0,0.0,0.0
17184000000,2845,17184000000,map,0.23992279423971385,0.04864236554522411,0.16731239127511244,0.0,0.0,0.0,0.0
17186000000,2846,17186000000,map,0.2807439294130334,0.0029101276721894,0.1986801502241241,0.0,0.0,0.0,0.0
17188000000,2847,17188000000,map,0.32888745293264365,0.17818855470612371,-0.12542486627427085,0.0,0.0,0.0,0.0
17190000000,2848,17190000000,map,-0.2199642453805986,-0.026129482097326684,-0.05503512749051748,0.0,0.0,0.0,0.0
17192000000,2849,17192000000,map,-0.33576958870532225,-0.3579774205865075,-0.059903970259132966,0.0,0.0,0.0,0.0
17194000000,2850,17194000000,map,-0.39882988305793493,-0.3397432613728559,0.07837315189581406,0.0,0.0,0.0,0.0
17196000000,2851,17196000000,map,-0.26183612561295116,0.27735573629034593,0.09787421743256919,0.0,0.0,0.0,0.0
17198000000,2852,17198000000,map,0.1173197276841641,-0.19208225913597354,-0.3436292122183722,0.0,0.0,0.0,0.0
17200000000,2853,17200000000,map,0.197993090367785,-0.06613346697146971,0.1876910643012586,0.0,0.0,0.0,0.0
17202000000,2854,17202000000,map,0.21397240690921693,-0.20044168929382522,0.1802505152024385,0.0,0.0,0.0,0.0
17204000000,2855,17204000000,map,-0.06866814237879948,0.02604454376783749,-0.15788350508741786,0.0,0.0,0.0,0.0
17207000000,2856,17206000000,map,0.021644099861558908,-0.3427844373071276,0.10156270234766118,0.0,0.0,0.0,0.0
17208000000,2857,17208000000,map,0.2713695142430599,-0.13814654775004043,0.3750435516642998,0.0,0.0,0.0,0.0
17210000000,2858,17210000000,map,-0.3097368612041631,0.29015611402738917,0.06763363162454433,0.0,0.0,0.0,0.0
17212000000,2859,17212000000,map,0.3146182666564248,-0.09233103151695554,0.15561416450822374,0.0,0.0,0.0,0.0
17215000000,2860,17215000000,map,0.20327680757851896,-0.15203234349434142,0.12440330424413448,0.0,0.0,0.0,0.0
17216000000,2861,17216000000,map,-0.30797263728353474,-0.03672224705162369,0.3094512608610698,0.0,0.0,0.0,0.0
17218000000,2862,17218000000,map,0.2828916800985568,-0.13887666255422992,0.1284901820446923,0.0,0.0,0.0,0.0
17221000000,2863,17220000000,map,0.18076409692675854,-0.2035453891916636,0.09456376893382978,0.0,0.0,0.0,0.0
17222000000,2864,17222000000,map,-0.057952634330811215,0.3375508751679739,-0.23378424941085355,0.0,0.0,0.0,0.0
17224000000,2865,17224000000,map,-0.13053090735300443,-0.27618725786041115,0.2040309052119621,0.0,0.0,0.0,0.0
17226000000,2866,17226000000,map,0.3417024717238263,0.08532615664045717,0.389138587887488,0.0,0.0,0.0,0.0
17228000000,2867,17228000000,map,0.12270088404736601,0.16928130435501132,-0.002714699498841733,0.0,0.0,0.0,0.0
17230000000,2868,17230000000,map,-0.0678696219842635,-0.31734930483918194,-0.22515553521903436,0.0,0.0,0.0,0.0
17232000000,2869,17232000000,map,0.13466077159109024,-0.34287822717935723,-0.08902726343293216,0.0,0.0,0.0,0.0
17234000000,2870,17234000000,map,-0.2671215872371415,0.39214050103715603,0.3860842321086779,0.0,0.0,0.0,0.0
17236000000,2871,17236000000,map,-0.048586996964451956,0.25346085635895643,-0.03130854294047403,0.0,0.0,0.0,0.0
17238000000,2872,17238000000,map,-0.22094130025116876,-0.29314228041428625,0.16285532961870175,0.0,0.0,0.0,0.0
17240000000,2873,17240000000,map,-0.2786902588811525,-0.07561500737096083,-0.24125971964795,0.0,0.0,0.0,0.0
17242000000,2874,17242000000,map,-0.26094754284197813,0.3162810160737878,0.3166224443985647,0.0,0.0,0.0,0.0
17245000000,2875,17245000000,map,0.045474389200910015,0.22022144874776572,-0.1474558836721746,0.0,0.0,0.0,0.0
17246000000,2876,17246000000,map,0.05362881302729344,0.1322766173251395,0.37737219375104836,0.0,0.0,0.0,0.0
17248000000,2877,17248000000,map,0.3177579149118509,-0.39561252622075505,0.24278082260035416,0.0,0.0,0.0,0.0
17251000000,2878,17250000000,map,-0.08917258118776444,0.10789067566154409,0.2511635877230749,0.0,0.0,0.0,0.0
17252000000,2879,17252000000,map,-0.03227301503844904,-0.30682531271810887,-0.19133883390877773,0.0,0.0,0.0,0.0
17254000000,2880,17254000000,map,-0.3531278193563304,0.26409859391752366,0.38331749736388976,0.0,0.0,0.0,0.0
17257000000,2881,17256000000,map,0.3968458287596843,-0.10880608574273215,-0.11812115792042388,0.0,0.0,0.0,0.0
17258000000,2882,17258000000,map,-0.11189846597633157,-0.0687612854802061,0.30765820410245526,0.0,0.0,0.0,0.0
17260000000,2883,17260000000,map,0.24657565740895737,-0.35438570982966067,0.21599016686252204,0.0,0.0,0.0,0.0
17262000000,2884,17262000000,map,0.3576878352434013,-0.09898892545029836,-0.3649423998294146,0.0,0.0,0.0,0.0
17264000000,2885,17264000000,map,0.2952436882690249,0.3839494463254919,-0.08735587776276821,0.0,0.0,0.0,0.0
17266000000,2886,17266000000,map,0.30208367648816037,-0.01836533769792681,-0.2351348650661652,0.0,0.0,0.0,0.0
17268000000,2887,17268000000,map,0.04826957912423796,-0.21032459640323822,-0.07617531591371207,0.0,0.0,0.0,0.0
17270000000,2888,17270000000,map,0.2623527019925097,-0.38877048192313524,-0.28594945715085063,0.0,0.0,0.0,0.0
17272000000,2889,17272000000,map,0.00256871757732291,0.3066164735331346,-0.14156347335776204,0.0,0.0,0.0,0.0
17274000000,2890,17274000000,map,0.014525634130426013,-0.09973031235905505,0.06268157608067859,0.0,0.0,0.0,0.0
17276000000,2891,17276000000,map,-0.037431298490995635,-0.11601534832148125,-0.19371824603119966,0.0,0.0,0.0,0.0
17278000000,2892,17278000000,map,-0.18236151919390564,-0.29307869636443945,-0.18047410285062254,0.0,0.0,0.0,0.0
17280000000,2893,17280000000,map,0.23741641122797963,-0.17455786928524142,0.3586243111177527,0.0,0.0,0.0,0.0
17282000000,2894,17282000000,map,0.2901850212859608,0.12611828757035382,0.3072903502869504,0.0,0.0,0.0,0.0
17284000000,2895,17284000000,map,-0.3153282467872808,0.3315793749572784,-0.328448387668681,0.0,0.0,0.0,0.0
17286000000,2896,17286000000,map,-0.2516570867685659,0.2369589777172164,-0.07285049396593912,0.0,0.0,0.0,0.0
17288000000,2897,17288000000,map,-0.27892118140867356,0.0664306400918443,-0.34927299977509446,0.0,0.0,0.0,0.0
17290000000,2898,17290000000,map,-0.31486914516801134,-0.0574434818944502,-0.23723875037699044,0.0,0.0,0.0,0.0
17292000000,2899,17292000000,map,0.002168493609512545,-0.2724181193119492,0.16506635240784573,0.0,0.0,0.0,0.0
17294000000,2900,17294000000,map,0.3007457113231692,0.3536376982173165,-0.05158970066515145,0.0,0.0,0.0,0.0
17296000000,2901,17296000000,map,0.023987258299215497,-0.3852912011159212,-0.32165774188492746,0.0,0.0,0.0,0.0
17298000000,2902,17298000000,map,0.08175349380717678,0.3330042046907138,-0.39288053504887493,0.0,0.0,0.0,0.0
17300000000,2903,17300000000,map,0.30446501323427844,0.31901427106178004,0.12443930798320735,0.0,0.0,0.0,0.0
17302000000,2904,17302000000,map,0.13206771726680078,-0.26954372863901127,0.09470344633821337,0.0,0.0,0.0,0.0
17304000000,2905,17304000000,map,0.0897608537880884,0.11030811288424291,0.2196576844303667,0.0,0.0,0.0,0.0
17306000000,2906,17306000000,map,-0.20113044846059996,-0.3686056478111094,-0.37716229348100744,0.0,0.0,0.0,0.0
17308000000,2907,17308000000,map,-0.17620304313440258,0.09026582301355629,0.0892043801550827,0.0,0.0,0.0,0.0
17310000000,2908,17310000000,map,0.29969458743894073,0.17250494573000497,0.37392813959516447,0.0,0.0,0.0,0.0
17312000000,2909,17312000000,map,0.30494114915368287,-0.34959139061502903,0.3304270712209857,0.0,0.0,0.0,0.0
17314000000,2910,17314000000,map,0.3236714971988285,0.25609531191807944,0.3820636802040749,0.0,0.0,0.0,0.0
17316000000,2911,17316000000,map,0.380501307581687,0.3533684842412903,-0.3762211393161424,0.0,0.0,0.0,0.0
17318000000,2912,17318000000,map,0.2687752927641808,0.3523839513625555,0.2474534935960513,0.0,0.0,0.0,0.0
17320000000,2913,17320000000,map,-0.12416071933802109,-0.08845292882185124,-0.12741717517136858,0.0,0.0,0.0,0.0
17322000000,2914,17322000000,map,-0.26211266425165136,0.2776459745469021,0.20625836162012967,0.0,0.0,0.0,0.0
17324000000,2915,17324000000,map,-0.33796595777079524,0.2993382049878337,-0.08249456792257887,0.0,0.0,0.0,0.0
17326000000,2916,17326000000,map,-0.1537633081428485,0.3840796817700619,0.29472192886526805,0.0,0.0,0.0,0.0
17328000000,2917,17328000000,map,-0.2843789233457875,-0.36674475757720204,0.37300323311778916,0.0,0.0,0.0,0.0
17330000000,2918,17330000000,map,-0.18608423090136883,0.3330613032668305,0.16621490936726124,0.0,0.0,0.0,0.0
17332000000,2919,17332000000,map,0.37046721596368526,-0.06065765985425464,0.27132371244173703,0.0,0.0,0.0,0.0
17334000000,2920,17334000000,map,0.168084169131276,0.0021638208949360527,0.36516397588332505,0.0,0.0,0.0,0.0
17336000000,2921,17336000000,map,0.02299536131363078,-0.1557621545575256,0.06296270598128917,0.0,0.0,0.0,0.0
17338000000,2922,17338000000,map,0.2714670697637398,0.30062897275050904,0.12601641328844393,0.0,0.0,0.0,0.0
17340000000,2923,17340000000,map,-0.03330391072158434,0.27192774482206805,0.2337264319336314,0.0,0.0,0.0,0.0
17342000000,2924,17342000000,map,-0.3356733978714165,-0.12586983222371922,0.09747972487772649,0.0,0.0,0.0,0.0
17344000000,2925,17344000000,map,-0.06369110621705454,-0.022868097635227236,-0.16510031549429818,0.0,0.0,0.0,0.0
17346000000,2926,17346000000,map,0.362979432560371,-0.26938522898534667,-0.10102425405369336,0.0,0.0,0.0,0.0
17348000000,2927,17348000000,map,0.011591785390509313,-0.13075446060754903,-0.3760635346421837,0.0,0.0,0.0,0.0
17350000000,2928,17350000000,map,-0.14534488396676087,-0.08943202969150943,0.280161546372762,0.0,0.0,0.0,0.0
17352000000,2929,17352000000,map,-0.32676148963304463,-0.3782082050044541,0.18804908829571454,0.0,0.0,0.0,0.0
17354000000,2930,17354000000,map,0.04470345031716888,-0.3266257844179399,0.06865728653676273,0.0,0.0,0.0,0.0
17356000000,2931,17356000000,map,0.007175971542771109,0.0726791346489028,-0.05800979023512365,0.0,0.0,0.0,0.0
17358000000,2932,17358000000,map,0.04467437651860068,-0.2107628400521648,0.3539819465216413,0.0,0.0,0.0,0.0
17360000000,2933,17360000000,map,0.3315658020243445,0.34942687351782675,0.19516390374096326,0.0,0.0,0.0,0.0
17362000000,2934,17362000000,map,0.3925645740269845,-0.33582530090686324,0.1848437423669561,0.0,0.0,0.0,0.0
17365000000,2935,17364000000,map,0.23140939997213916,-0.025097204877620793,-0.09310914359202965,0.0,0.0,0.0,0.0
17366000000,2936,17366000000,map,0.2386535699662412,-0.3905866532770697,0.21928526147047134,0.0,0.0,0.0,0.0
17369000000,2937,17369000000,map,0.25187615031838984,0.18054640323439064,-0.060957613187657744,0.0,0.0,0.0,0.0
17370000000,2938,17370000000,map,0.030205170253192748,-0.07795119172977977,0.19833474587537891,0.0,0.0,0.0,0.0
17372000000,2939,17372000000,map,6.175602921698609e-05,-0.023661378267323452,-0.2722491897106951,0.0,0.0,0.0,0.0
17374000000,2940,17374000000,map,0.26911909177336557,0.32689969415498965,-0.2080365187052961,0.0,0.0,0.0,0.0
17377000000,2941,17376000000,map,-0.19439566641861253,0.09847552391680958,0.22859442026583499,0.0,0.0,0.0,0.0
17378000000,2942,17378000000,map,0.3374533354703614,-0.3040580635040303,-0.061438659623920144,0.0,0.0,0.0,0.0
17381000000,2943,17380000000,map,0.005172817191372192,-0.14079611875570397,-0.14886236555833765,0.0,0.0,0.0,0.0
17382000000,2944,17382000000,map,-0.12159342409120805,0.19971684977972914,-0.2254228431521682,0.0,0.0,0.0,0.0
17384000000,2945,17384000000,map,0.1474574794172635,-0.1095462333778442,-0.17888983566988306,0.0,0.0,0.0,0.0
17386000000,2946,17386000000,map,0.02935229646161952,-0.11595218326288009,0.04436795477767619,0.0,0.0,0.0,0.0
17388000000,2947,17388000000,map,-0.11573045386015451,-0.32759651729756534,-0.31396981206321795,0.0,0.0,0.0,0.0
17390000000,2948,17390000000,map,0.31861187675878033,-0.08081302413897384,-0.0866001049729121,0.0,0.0,0.0,0.0
17392000000,2949,17392000000,map,0.19785448837979325,-0.03436075003914396,-0.13329156724460356,0.0,0.0,0.0,0.0
17395000000,2950,17394000000,map,-0.2898535929684407,-0.1923685126545964,0.347473938914888,0.0,0.0,0.0,0.0
17396000000,2951,17396000000,map,-0.25033338019803103,0.05069775042485303,0.07836019538845695,0.0,0.0,0.0,0.0
17398000000,2952,17398000000,map,0.16714125087686493,0.10202428645132311,0.3189877021345312,0.0,0.0,0.0,0.0
17401000000,2953,17400000000,map,0.33911311053463133,-0.24875741914700814,0.25422856328545673,0.0,0.0,0.0,0.0
17402000000,2954,17402000000,map,-0.0647066612858137,0.07133259226458077,0.044484409412398396,0.0,0.0,0.0,0.0
17404000000,2955,17404000000,map,0.22017557518803077,0.19516143240668804,0.11798912443821241,0.0,0.0,0.0,0.0
17406000000,2956,17406000000,map,-0.33099882528104935,-0.04948238553387052,-0.3583804080410601,0.0,0.0,0.0,0.0
17408000000,2957,17408000000,map,-0.34206749616097654,-0.21045442593789984,-0.22960963890982233,0.0,0.0,0.0,0.0
17410000000,2958,17410000000,map,0.3756857420362866,-0.16787244835920634,0.11978409531967205,0.0,0.0,0.0,0.0
17412000000,2959,17412000000,map,0.17736293077715692,0.12063905590062085,-0.3873418642894186,0.0,0.0,0.0,0.0
17414000000,2960,17414000000,map,0.28431492900632827,0.3819733835258198,-0.01126689574974854,0.0,0.0,0.0,0.0
17416000000,2961,17416000000,map,0.25656735495243266,-0.1779687247103532,0.3701271368532465,0.0,0.0,0.0,0.0
17418000000,2962,17418000000,map,0.024256546630563647,0.008568831096828766,-0.19562917608450175,0.0,0.0,0.0,0.0
17420000000,2963,17420000000,map,-0.02849564577610325,-0.03455850416644635,0.3240350843254629,0.0,0.0,0.0,0.0
17422000000,2964,17422000000,map,0.18563089664386578,-0.18628984828693085,-0.332410427723198,0.0,0.0,0.0,0.0
17424000000,2965,17424000000,map,-0.022346893253373135,-0.13738521461717673,0.3289813093861159,0.0,0.0,0.0,0.0
17426000000,2966,17426000000,map,-0.09730894511231586,0.055463596799462445,0.2878550729509468,0.0,0.0,0.0,0.0
17428000000,2967,17428000000,map,-0.13177443427438845,0.3263633594905626,0.1436388211627886,0.0,0.0,0.0,0.0
17430000000,2968,17430000000,map,-0.11087244699985133,0.14572430814720994,0.24488530986074863,0.0,0.0,0.0,0.0
17432000000,2969,17432000000,map,0.2098929676601049,-0.011759519268680685,-0.34543933131418547,0.0,0.0,0.0,0.0
17434000000,2970,17434000000,map,-0.3744742923192551,0.07361077255608628,0.013084164009466714,0.0,0.0,0.0,0.0
17436000000,2971,17436000000,map,-0.3119039378267765,-0.1493103204743686,0.39996811583315395,0.0,0.0,0.0,0.0
17438000000,2972,17438000000,map,0.21182094012905262,-0.22053675688725213,-0.3942829698070362,0.0,0.0,0.0,0.0
17440000000,2973,17440000000,map,-0.2205485220181918,-0.07066015802982772,0.2715406949519713,0.0,0.0,0.0,0.0
17442000000,2974,17442000000,map,0.25909814986003354,0.23906254301798702,-0.11792467148962843,0.0,0.0,0.0,0.0
17444000000,2975,17444000000,map,-0.211529578308555,0.2109063967133955,-0.1701251557893463,0.0,0.0,0.0,0.0
17447000000,2976,17447000000,map,-0.3056459242586804,0.06351063872328161,0.22630429450334466,0.0,0.0,0.0,0.0
17448000000,2977,17448000000,map,-0.056113423367955106,0.3155015576786069,0.3849681508385733,0.0,0.0,0.0,0.0
17451000000,2978,17451000000,map,-0.24675483529957576,-0.003060683236393802,-0.018185765397161824,0.0,0.0,0.0,0.0
17452000000,2979,17452000000,map,-0.11499878046310646,0.2663159178619513,0.3078921488820583,0.0,0.0,0.0,0.0
17454000000,2980,17454000000,map,-0.2444586713790248,0.2672367372615758,-0.12584772366733954,0.0,0.0,0.0,0.0
17456000000,2981,17456000000,map,0.29745480489497655,0.2974104319558849,-0.018435112425805367,0.0,0.0,0.0,0.0
17458000000,2982,17458000000,map,-0.10706573954089504,-0.0651563845118196,-0.35981881891913514,0.0,0.0,0.0,0.0
17460000000,2983,17460000000,map,0.05657144301699091,0.07877170702489289,-0.20355358558875836,0.0,0.0,0.0,0.0
17462000000,2984,17462000000,map,0.33157533833090425,0.0588936171714301,0.31543592667583453,0.0,0.0,0.0,0.0
17464000000,2985,17464000000,map,-0.3083908320984221,0.13070184747567537,-0.03255520284185942,0.0,0.0,0.0,0.0
17466000000,2986,17466000000,map,0.054271776628228796,-0.27300234881159025,0.3195101854490193,0.0,0.0,0.0,0.0
17468000000,2987,17468000000,map,-0.26140165289136547,0.10426977790226377,-0.3079908758773357,0.0,0.0,0.0,0.0
17470000000,2988,17470000000,map,0.04902258232096529,0.046625096125212095,0.2744220789610201,0.0,0.0,0.0,0.0
17472000000,2989,17472000000,map,-0.2900026898179897,-0.03132817935805321,0.03394396176130332,0.0,0.0,0.0,0.0
17474000000,2990,17474000000,map,0.3421661175314229,0.18408905343773097,-0.05228509941458065,0.0,0.0,0.0,0.0
17476000000,2991,17476000000,map,0.15938019632273626,-0.38793477242870417,-0.1791490379399544,0.0,0.0,0.0,0.0
17478000000,2992,17478000000,map,-0.16519453097586445,0.3358049000446742,0.06821060791317485,0.0,0.0,0.0,0.0
17480000000,2993,17480000000,map,-0.042292013862872346,0.11669326375497402,0.06674700384249715,0.0,0.0,0.0,0.0
17482000000,2994,17482000000,map,-0.2138212173810695,0.3064650809409556,0.2941184043888747,0.0,0.0,0.0,0.0
17484000000,2995,17484000000,map,-0.38927095576339177,-0.3191197016423446,0.13972993189905902,0.0,0.0,0.0,0.0
17486000000,2996,17486000000,map,-0.16987404435569042,0.28435225429075883,0.3098808091148314,0.0,0.0,0.0,0.0
17488000000,2997,17488000000,map,0.251714888529595,0.16479958686055662,-0.14653074665162563,0.0,0.0,0.0,0.0
17490000000,2998,17490000000,map,0.09088571328836537,0.3674143423867471,-0.22540952577321893,0.0,0.0,0.0,0.0
17492000000,2999,17492000000,map,0.1447090393903533,-0.043842207894288554,0.1641808896522502,0.0,0.0,0.0,0.0
17494000000,3000,17494000000,map,-0.1341740385809167,-0.3067414798650148,-0.2585716347161821,0.0,0.0,0.0,0.0
17496000000,3001,17496000000,map,-0.28016311784313264,-0.2046837238561097,0.18014767726331504,0.0,0.0,0.0,0.0
17498000000,3002,17498000000,map,0.3065355299740923,-0.07031343340931823,-0.24176294404423923,0.0,0.0,0.0,0.0
17500000000,3003,17500000000,map,0.034329509392263646,0.033886951038690216,0.2241213668202915,0.0,0.0,0.0,0.0
17503000000,3004,17502000000,map,-0.21488237435697266,-0.15248277328448265,0.06816258223377042,0.0,0.0,0.0,0.0
17504000000,3005,17504000000,map,0.33525416068004976,0.1066119392703565,-0.23449527021070624,0.0,0.0,0.0,0.0
17506000000,3006,17506000000,map,-0.07317783332315053,0.30544041162063007,0.37976402705815115,0.0,0.0,0.0,0.0
17508000000,3007,17508000000,map,-0.3627234537242443,-0.28895754776828286,0.23695889120750324,0.0,0.0,0.0,0.0
17510000000,3008,17510000000,map,-0.32374394988919286,-0.3576228161628892,0.19191271663067633,0.0,0.0,0.0,0.0
17513000000,3009,17512000000,map,-0.02419778676793749,0.36831841445712266,-0.11078599804347777,0.0,0.0,0.0,0.0
17514000000,3010,17514000000,map,-0.1620083156254092,0.02218038941443823,-0.10768127899399688,0.0,0.0,0.0,0.0
17516000000,3011,17516000000,map,0.37124067820700657,0.22346946277121205,-0.19536643580404603,0.0,0.0,0.0,0.0
17518000000,3012,17518000000,map,0.3074602459364656,-0.30019356049488316,0.2697679410334993,0.0,0.0,0.0,0.0
17520000000,3013,17520000000,map,0.2265608454528273,0.20444915025209487,0.08901508720140494,0.0,0.0,0.0,0.0
17522000000,3014,17522000000,map,0.026552688103127053,0.35643555662028104,0.32369222081532245,0.0,0.0,0.0,0.0
17524000000,3015,17524000000,map,-0.272607179671859,0.03756800395955767,-0.0487271361974983,0.0,0.0,0.0,0.0
17526000000,3016,17526000000,map,-0.1473199307149755,-0.1033765394386657,0.19623924345590216,0.0,0.0,0.0,0.0
17528000000,3017,17528000000,map,-0.023990163874213766,-0.101007601185435,-0.04962313858059464,0.0,0.0,0.0,0.0
17530000000,3018,17530000000,map,0.15921631089053612,-0.20956960102573347,-0.3014849061230864,0.0,0.0,0.0,0.0
17532000000,3019,17532000000,map,0.08290308747493402,0.3814323982513771,-0.031080606733498717,0.0,0.0,0.0,0.0
17534000000,3020,17534000000,map,-0.1326177914829435,-0.14556369458023904,-0.0576089064900821,0.0,0.0,0.0,0.0
17536000000,3021,17536000000,map,-0.06949421247612875,-0.2680669665749893,0.3721231449140543,0.0,0.0,0.0,0.0
17538000000,3022,17538000000,map,-0.22467269999451978,0.21003642880428364,0.14230336577251013,0.0,0.0,0.0,0.0
17540000000,3023,17540000000,map,-0.14494046615182388,0.2079569219997216,0.25758583167433136,0.0,0.0,0.0,0.0
17542000000,3024,17542000000,map,-0.3353312904549539,-0.09555436938660267,-0.15404643054979283,0.0,0.0,0.0,0.0
17544000000,3025,17544000000,map,0.26430714546504497,0.07207204812401857,0.29031299136985744,0.0,0.0,0.0,0.0
17546000000,3026,17546000000,map,-0.19357641774033532,0.3968717581815512,0.20519305779381036,0.0,0.0,0.0,0.0
17548000000,3027,17548000000,map,-0.06188172160081684,-0.20000633941705181,0.3862258270623212,0.0,0.0,0.0,0.0
17550000000,3028,17550000000,map,0.3849797686372749,-0.12463807983829034,-0.22978389069200428,0.0,0.0,0.0,0.0
17552000000,3029,17552000000,map,0.006989523361773831,0.2235761110086817,0.11944675981847619,0.0,0.0,0.0,0.0
17554000000,3030,17554000000,map,-0.11682849023549019,-0.3823410688059572,-0.24694788810427107,0.0,0.0,0.0,0.0
17556000000,3031,17556000000,map,0.2784693534092947,-0.04534169319350506,-0.20080341292589654,0.0,0.0,0.0,0.0
17559000000,3032,17558000000,map,-0.019936406240158078,-0.13033945544524267,0.2488438649637409,0.0,0.0,0.0,0.0
17560000000,3033,17560000000,map,0.2339931769212098,0.1692348990912984,-0.28401433682987043,0.0,0.0,0.0,0.0
17562000000,3034,17562000000,map,0.2576494494859731,-0.053371226267936334,-0.2465932147186541,0.0,0.0,0.0,0.0
17564000000,3035,17564000000,map,-0.30559693362286305,0.11389909709079216,0.09650991761169686,0.0,0.0,0.0,0.0
17566000000,3036,17566000000,map,-0.38683547241390775,-0.09528007353333756,0.2894380790694213,0.0,0.0,0.0,0.0
17568000000,3037,17568000000,map,-0.28133607805595895,0.36505455734278036,-0.2341007998492908,0.0,0.0,0.0,0.0
17570000000,3038,17570000000,map,-0.2702254662161982,0.16250737251135017,-0.3322948550860079,0.0,0.0,0.0,0.0
17572000000,3039,17572000000,map,0.031386427115650484,-0.3009043313571862,0.2059682380800124,0.0,0.0,0.0,0.0
17574000000,3040,17574000000,map,0.2245943691132415,0.07689500507173525,0.25791277054574946,0.0,0.0,0.0,0.0
17576000000,3041,17576000000,map,0.2930585050664315,0.24915286363511535,-0.29741314727214596,0.0,0.0,0.0,0.0
17578000000,3042,17578000000,map,0.10771054037117778,-0.27560111951380994,0.029521605286385477,0.0,0.0,0.0,0.0
17580000000,3043,17580000000,map,0.07403507079297356,0.03376420911350103,0.24755362830231775,0.0,0.0,0.0,0.0
17582000000,3044,17582000000,map,-0.04660332645239923,-0.3061581007098915,0.00016435895773769804,0.0,0.0,0.0,0.0
17584000000,3045,17584000000,map,-0.29848245915579985,0.34048162951093264,-0.1753799131567051,0.0,0.0,0.0,0.0
17586000000,3046,17586000000,map,-0.09274011886545702,-0.17682110821892208,-0.3420101617666125,0.0,0.0,0.0,0.0
17588000000,3047,17588000000,map,0.07665403063024029,-0.06025056141753815,0.33966495677330344,0.0,0.0,0.0,0.0
17590000000,3048,17590000000,map,-0.11172909665954567,-0.21837505182627787,-0.16556551655538795,0.0,0.0,0.0,0.0
17592000000,3049,17592000000,map,0.09474961898468448,-0.3940891117578497,-0.3207479591318552,0.0,0.0,0.0,0.0
17595000000,3050,17594000000,map,0.21168350250952217,-0.14387800944299062,-0.2978698713260348,0.0,0.0,0.0,0.0
17596000000,3051,17596000000,map,0.3192079555692299,0.3741508820040087,0.2672885148872224,0.0,0.0,0.0,0.0
17598000000,3052,17598000000,map,0.045704962441017016,-0.14443090853962887,-0.07104822824181933,0.0,0.0,0.0,0.0
17600000000,3053,17600000000,map,0.01050785513385799,-0.12496727373297645,-0.11811849920637468,0.0,0.0,0.0,0.0
17602000000,3054,17602000000,map,0.1170218818561709,0.1121965698803804,-0.1986103781842309,0.0,0.0,0.0,0.0
17604000000,3055,17604000000,map,0.3295424286991001,0.33938064495233966,-0.05970015616855867,0.0,0.0,0.0,0.0
17607000000,3056,17606000000,map,-0.1670271382077338,0.03500150842592714,-0.3974431486017542,0.0,0.0,0.0,0.0
17608000000,3057,17608000000,map,-0.03799196894374096,-0.24158100397512156,-0.34178105722775376,0.0,0.0,0.0,0.0
17611000000,3058,17610000000,map,-0.20185081684252443,0.04096506085804802,0.24672676970555096,0.0,0.0,0.0,0.0
17612000000,3059,17612000000,map,0.1622315647507384,0.2499314163524019,-0.2073367461487139,0.0,0.0,0.0,0.0
17614000000,3060,17614000000,map,0.08573813020391119,-0.07482603094183171,0.3522529704565236,0.0,0.0,0.0,0.0
17616000000,3061,17616000000,map,-0.142991615003014,-0.03863011098381841,0.39080576883147555,0.0,0.0,0.0,0.0
17618000000,3062,17618000000,map,-0.08747125864726352,-0.1567568644261618,-0.3759612754785869,0.0,0.0,0.0,0.0
17620000000,3063,17620000000,map,0.2143944332607901,0.0905222309930564,-0.35654807410459266,0.0,0.0,0.0,0.0
17623000000,3064,17622000000,map,0.2992774482128956,-0.23351940783192357,-0.2503464307240664,0.0,0.0,0.0,0.0
17624000000,3065,17624000000,map,-0.021767924087756574,0.15309509101842256,0.3688681748363435,0.0,0.0,0.0,0.0
17626000000,3066,17626000000,map,-0.3867724359125967,0.09465464489375658,0.25541788955534095,0.0,0.0,0.0,0.0
17628000000,3067,17628000000,map,-0.21536670140183328,-0.3170290861019451,0.22107762348887883,0.0,0.0,0.0,0.0
17630000000,3068,17630000000,map,0.17044725001578287,-0.22314537431873485,0.21128221400109015,0.0,0.0,0.0,0.0
17632000000,3069,17632000000,map,-0.35995984744822324,0.06620993590671248,0.023952340787291804,0.0,0.0,0.0,0.0
17634000000,3070,17634000000,map,-0.39765963038387464,0.09226076041655584,-0.16361424228696642,0.0,0.0,0.0,0.0
17637000000,3071,17637000000,map,-0.2768059194785532,0.32963312554295454,0.15979792486567002,0.0,0.0,0.0,0.0
17638000000,3072,17638000000,map,0.09030060269428636,-0.032500298842610076,0.33461091744305327,0.0,0.0,0.0,0.0
17640000000,3073,17640000000,map,-0.12848594046270623,-0.25859159630343304,-0.12299860794355816,0.0,0.0,0.0,0.0
17642000000,3074,17642000000,map,-0.37448012798594227,-0.33279257716454386,0.37882278654762314,0.0,0.0,0.0,0.0
17644000000,3075,17644000000,map,-0.268004129810388,-0.15060206573348822,0.1933148024395367,0.0,0.0,0.0,0.0
17646000000,3076,17646000000,map,0.004775474544363778,-0.02082788610951719,-0.17151384954420698,0.0,0.0,0.0,0.0
17648000000,3077,17648000000,map,-0.11513596655676844,0.005262517637403985,0.3560504912152237,0.0,0.0,0.0,0.0
17650000000,3078,17650000000,map,0.1433625131298364,-0.19820493870193556,0.184792332264354,0.0,0.0,0.0,0.0
17652000000,3079,17652000000,map,-0.01878900053641791,-0.2355265155954508,-0.269378056382673,0.0,0.0,0.0,0.0
17654000000,3080,17654000000,map,-0.16591021669372474,-0.15933123369434032,-0.342421265134025,0.0,0.0,0.0,0.0
17656000000,3081,17656000000,map,-0.13660637855188318,0.005899873472128392,-0.1290913631594165,0.0,0.0,0.0,0.0
17658000000,3082,17658000000,map,0.17890110091133615,0.15788178023577948,0.2372199329493876,0.0,0.0,0.0,0.0
17660000000,3083,17660000000,map,0.3098275018664256,-0.32282579272745987,0.08641713315552596,0.0,0.0,0.0,0.0
17662000000,3084,17662000000,map,0.3877030725550962,0.26219656684049963,-0.1483200869978331,0.0,0.0,0.0,0.0
17664000000,3085,17664000000,map,-0.11551509877409966,-0.24667238043256223,0.17004518035974758,0.0,0.0,0.0,0.0
17666000000,3086,17666000000,map,0.11060210848363272,0.21239022328084867,0.23961003753324872,0.0,0.0,0.0,0.0
17668000000,3087,17668000000,map,-0.24214681251368317,0.37102756037189555,-0.30486829085438427,0.0,0.0,0.0,0.0
17670000000,3088,17670000000,map,0.3614096640634713,0.012300166213881247,0.3132738339345974,0.0,0.0,0.0,0.0
17672000000,3089,17672000000,map,0.1847415209299701,-0.22929658852499127,0.29123433451055114,0.0,0.0,0.0,0.0
17674000000,3090,17674000000,map,-0.31130528472891306,-0.32348359982569375,0.10450293631908236,0.0,0.0,0.0,0.0
17676000000,3091,17676000000,map,-0.0794914126819472,0.10917380857806847,-0.39015505433724507,0.0,0.0,0.0,0.0
17678000000,3092,17678000000,map,0.2847091773466107,0.1565163832485693,-0.03429906349823536,0.0,0.0,0.0,0.0
17680000000,3093,17680000000,map,0.2784152819121014,0.257828779589268,0.062212000625624486,0.0,0.0,0.0,0.0
17682000000,3094,17682000000,map,0.04847499182400039,-0.14591726371397828,-0.245448959049947,0.0,0.0,0.0,0.0
17684000000,3095,17684000000,map,-0.16853598318865448,-0.06089709398276372,-0.35002691569584427,0.0,0.0,0.0,0.0
17686000000,3096,17686000000,map,-0.19434668856618847,-0.3534123188059286,0.2320488000042834,0.0,0.0,0.0,0.0
17688000000,3097,17688000000,map,-0.39540809213019573,-0.1449313695913716,0.08509861116252881,0.0,0.0,0.0,0.0
17690000000,3098,17690000000,map,-0.21725630666250784,-0.3546173184805285,-0.38394343707349493,0.0,0.0,0.0,0.0
17692000000,3099,17692000000,map,0.3792158467141167,0.11956863916384564,-0.1585018951615055,0.0,0.0,0.0,0.0
17694000000,3100,17694000000,map,-0.3294240935174599,0.13862424604119905,-0.0019201582696253272,0.0,0.0,0.0,0.0
17696000000,3101,17696000000,map,-0.21670173755648167,0.05901492512150652,0.2239429866560666,0.0,0.0,0.0,0.0
17698000000,3102,17698000000,map,0.24734225726161974,0.17929841293371174,-0.155579360068354,0.0,0.0,0.0,0.0
17701000000,3103,17700000000,map,0.06856295412035757,-0.34943457138279355,-0.3115575439930983,0.0,0.0,0.0,0.0
17702000000,3104,17702000000,map,-0.25477251603124323,0.28743248568492064,0.011061617933134815,0.0,0.0,0.0,0.0
17704000000,3105,17704000000,map,-0.3005370269495435,0.3678859965438759,-0.33859123726980644,0.0,0.0,0.0,0.0
17706000000,3106,17706000000,map,-0.25107678635774544,-0.31888715847904847,0.3401282629335869,0.0,0.0,0.0,0.0
17708000000,3107,17708000000,map,0.04047378030276805,0.12497992864906515,0.35301442092928437,0.0,0.0,0.0,0.0
17710000000,3108,17710000000,map,0.1518091349569668,-0.3444260923769979,0.056478847013221034,0.0,0.0,0.0,0.0
17712000000,3109,17712000000,map,0.2877516513192958,-0.047736385162052086,-0.027120723592091944,0.0,0.0,0.0,0.0
17714000000,3110,17714000000,map,0.2063698430438745,0.03242656728675053,0.28136831914976723,0.0,0.0,0.0,0.0
17716000000,3111,17716000000,map,-0.1739860833011959,0.2823897738446357,0.24021273363199214,0.0,0.0,0.0,0.0
17718000000,3112,17718000000,map,-0.1699082358067377,-0.095963275429991,0.17897394543417244,0.0,0.0,0.0,0.0
17720000000,3113,17720000000,map,-0.3653597210540409,0.038828777396800684,0.3215488927339597,0.0,0.0,0.0,0.0
17722000000,3114,17722000000,map,0.38670534598172146,-0.20366713679433138,0.06829127865406737,0.0,0.0,0.0,0.0
17724000000,3115,17724000000,map,-0.3807855106694069,0.3913191466772251,-0.3454314241020045,0.0,0.0,0.0,0.0
17726000000,3116,17726000000,map,-0.07442458681174474,-0.05687758177394775,0.3432036346032178,0.0,0.0,0.0,0.0
17728000000,3117,17728000000,map,-0.11766993562253725,-0.10012428174573573,-0.21685442958561052,0.0,0.0,0.0,0.0
17731000000,3118,17731000000,map,0.2668871797805141,-0.20646113715138348,0.17036785445570657,0.0,0.0,0.0,0.0
17732000000,3119,17732000000,map,-0.3858032638580663,-0.2082173570679262,0.08800597122368192,0.0,0.0,0.0,0.0
17734000000,3120,17734000000,map,-0.35556799733986666,0.17240820382590216,-0.07899226378411583,0.0,0.0,0.0,0.0
17736000000,3121,17736000000,map,0.3213347956513195,-0.3200824965363819,-0.3991820470203791,0.0,0.0,0.0,0.0
17738000000,3122,17738000000,map,0.11570746574307367,0.04474325344885316,0.21600392184131878,0.0,0.0,0.0,0.0
17741000000,3123,17740000000,map,0.0944766551854831,0.15297576988347605,-0.18850968961019215,0.0,0.0,0.0,0.0
17742000000,3124,17742000000,map,0.25740529342026064,-0.36784743078378795,-0.06832617687495507,0.0,0.0,0.0,0.0
17744000000,3125,17744000000,map,0.2696211910741938,-0.3856957746368395,-0.0325431670480959,0.0,0.0,0.0,0.0
17747000000,3126,17746000000,map,-0.057078761704402514,-0.3510610384138769,0.1489342759294343,0.0,0.0,0.0,0.0
17748000000,3127,17748000000,map,-0.05938110682575132,0.3988215948810624,0.008660211753700353,0.0,0.0,0.0,0.0
17750000000,3128,17750000000,map,0.16772862838465097,-0.10666233719332902,-0.02342742741391246,0.0,0.0,0.0,0.0
17752000000,3129,17752000000,map,0.04817171586340585,0.21927450930343229,-0.16240036428827198,0.0,0.0,0.0,0.0
17754000000,3130,17754000000,map,0.18179949653816008,0.10742344808529447,-0.0033621953807044247,0.0,0.0,0.0,0.0
17756000000,3131,17756000000,map,0.014243644890846174,0.16122833068407927,-0.05218128174306769,0.0,0.0,0.0,0.0
17759000000,3132,17758000000,map,0.3164730737411302,-0.2493125629533568,-0.2979562444359024,0.0,0.0,0.0,0.0
17760000000,3133,17760000000,map,-0.012295023299203067,-0.07397234778744838,0.061127402286795196,0.0,0.0,0.0,0.0
17762000000,3134,17762000000,map,0.23294937573341123,0.157114507544016,0.15868510868163554,0.0,0.0,0.0,0.0
17764000000,3135,17764000000,map,0.16094507052265983,-0.016775245737737643,0.06950021710549531,0.0,0.0,0.0,0.0
17766000000,3136,17766000000,map,-0.2839389560356367,-0.12579025276076233,0.3146662937463228,0.0,0.0,0.0,0.0
17768000000,3137,17768000000,map,0.2157237171270312,0.2243434073735131,0.17965619465998828,0.0,0.0,0.0,0.0
17770000000,3138,17770000000,map,0.30952755667391585,-0.2325943628593669,0.01587359965758628,0.0,0.0,0.0,0.0
17772000000,3139,17772000000,map,0.19913549844164202,0.2304352235233944,-0.298515721562934,0.0,0.0,0.0,0.0
17774000000,3140,17774000000,map,0.3564662255709806,0.36289240811895895,0.26731941553974303,0.0,0.0,0.0,0.0
17776000000,3141,17776000000,map,-0.20092552085838353,0.07501241189690278,0.047650265503251465,0.0,0.0,0.0,0.0
17778000000,3142,17778000000,map,0.04304041832504896,-0.05941775962530571,-0.16109957611542472,0.0,0.0,0.0,0.0
17780000000,3143,17780000000,map,-0.26697094318103265,-0.2381241757927931,0.3455128091615891,0.0,0.0,0.0,0.0
17782000000,3144,17782000000,map,-0.23509842794118005,0.14610007166932681,0.3804487484893363,0.0,0.0,0.0,0.0
17784000000,3145,17784000000,map,0.15195199990776198,-0.2810261734279279,-0.15695273206984509,0.0,0.0,0.0,0.0
17786000000,3146,17786000000,map,-0.16140761242381965,-0.2420039420588321,-0.04160373056705102,0.0,0.0,0.0,0.0
17788000000,3147,17788000000,map,0.09187272046417333,-0.3612504920898902,-0.07294478405136245,0.0,0.0,0.0,0.0
17790000000,3148,17790000000,map,0.0808483524793977,0.15077742601052535,-0.13426533007680924,0.0,0.0,0.0,0.0
17792000000,3149,17792000000,map,-0.22596135419338947,-0.2670363910654673,-0.24719403489394576,0.0,0.0,0.0,0.0
17794000000,3150,17794000000,map,0.2621446063494651,0.23374420603021961,0.2618789307265742,0.0,0.0,0.0,0.0
17796000000,3151,17796000000,map,0.22710517861629664,-0.0008578723220503681,-0.3851521280838755,0.0,0.0,0.0,0.0
17798000000,3152,17798000000,map,-0.18479014134706953,0.2798176824772203,0.1715407408922125,0.0,0.0,0.0,0.0
17800000000,3153,17800000000,map,-0.09762146695328855,-0.20512609031898713,0.07016173243790369,0.0,0.0,0.0,0.0
17802000000,3154,17802000000,map,-0.07517285248765238,-0.3911632268781909,-0.2878006324579881,0.0,0.0,0.0,0.0
17805000000,3155,17804000000,map,-0.12111225660728953,0.1820690094278048,0.32274137010375004,0.0,0.0,0.0,0.0
17807000000,3156,17806000000,map,-0.3753174934650839,-0.22016641859934077,-0.3762000784763854,0.0,0.0,0.0,0.0
17808000000,3157,17808000000,map,-0.30194795194158824,0.2911988842889558,0.29073257206620196,0.0,0.0,0.0,0.0
17810000000,3158,17810000000,map,-0.2792596962054218,0.17835194379736685,0.3517808111478451,0.0,0.0,0.0,0.0
17813000000,3159,17812000000,map,-0.03865822156905363,-0.3969026830567744,0.2545194385219073,0.0,0.0,0.0,0.0
17814000000,3160,17814000000,map,0.08518149168660011,0.21866339932663337,0.03543991472851066,0.0,0.0,0.0,0.0
17816000000,3161,17816000000,map,-0.24090884925065165,0.2896644340669261,0.167438304702192,0.0,0.0,0.0,0.0
17818000000,3162,17818000000,map,0.31937753428716664,-0.23838564936173223,-0.2956581163881886,0.0,0.0,0.0,0.0
17820000000,3163,17820000000,map,-0.3769274512946261,0.2183156137008161,0.11799655608518467,0.0,0.0,0.0,0.0
17822000000,3164,17822000000,map,-0.06401034054368332,0.3225852315517239,0.2967887995966605,0.0,0.0,0.0,0.0
17824000000,3165,17824000000,map,-0.11596117469888345,-0.33487422885620327,0.16765339587461914,0.0,0.0,0.0,0.0
17826000000,3166,17826000000,map,0.009432663933217178,0.37570631260181697,0.3972235696830574,0.0,0.0,0.0,0.0
17828000000,3167,17828000000,map,-0.14581776231832383,-0.2923849237307722,-0.20120765192720744,0.0,0.0,0.0,0.0
17830000000,3168,17830000000,map,0.27604500446392477,0.273273330023429,-0.18970857651262688,0.0,0.0,0.0,0.0
17832000000,3169,17832000000,map,0.20449119716251718,0.3006816048946236,0.37517454509201986,0.0,0.0,0.0,0.0
17834000000,3170,17834000000,map,0.16488907640227513,0.20619090177796584,-0.15031247464281702,0.0,0.0,0.0,0.0
17836000000,3171,17836000000,map,-0.3299083538198012,-0.24237195098349235,-0.01270771888037786,0.0,0.0,0.0,0.0
17838000000,3172,17838000000,map,-0.23375085966506137,0.2187256903821897,-0.28857129981301144,0.0,0.0,0.0,0.0
17840000000,3173,17840000000,map,-0.08494029136429393,0.3251407210542049,-0.21348796113238458,0.0,0.0,0.0,0.0
17843000000,3174,17843000000,map,0.14927319548388818,0.10292943403254651,-0.19753262657116066,0.0,0.0,0.0,0.0
17845000000,3175,17844000000,map,0.2108476489997403,-0.3216109028250332,0.09612928793539577,0.0,0.0,0.0,0.0
17846000000,3176,17846000000,map,0.01831946627700748,0.1332162512088957,0.23648852580122437,0.0,0.0,0.0,0.0
17848000000,3177,17848000000,map,-0.3027092282190304,-0.3788341106957473,0.11828423685827716,0.0,0.0,0.0,0.0
17850000000,3178,17850000000,map,0.12591094982909934,-0.2239396716194224,-0.24577695707087577,0.0,0.0,0.0,0.0
17853000000,3179,17852000000,map,-0.38670528596573006,0.06540347823867732,-0.015716174974063246,0.0,0.0,0.0,0.0
17854000000,3180,17854000000,map,0.08531908740273109,0.3632839407922863,0.3250010686275341,0.0,0.0,0.0,0.0
17856000000,3181,17856000000,map,0.08787897818081386,0.39135767120688947,0.06472368353018726,0.0,0.0,0.0,0.0
17859000000,3182,17859000000,map,-0.20671340152965823,0.3456751049322132,-0.035242413122342275,0.0,0.0,0.0,0.0
17860000000,3183,17860000000,map,0.1588623136263987,0.21817477197550905,0.33057851262144644,0.0,0.0,0.0,0.0
17862000000,3184,17862000000,map,-0.12532095498712892,-0.33096728064336667,-0.39733933985395126,0.0,0.0,0.0,0.0
17864000000,3185,17864000000,map,-0.1937004276764212,0.3223912386889891,-0.09501027145577212,0.0,0.0,0.0,0.0
17867000000,3186,17866000000,map,-0.31303570805998004,0.005473909411640776,-0.17805382505161524,0.0,0.0,0.0,0.0
17868000000,3187,17868000000,map,-0.14483567376048317,0.39260076360626683,-0.2401102790747347,0.0,0.0,0.0,0.0
17870000000,3188,17870000000,map,-0.2807600303309665,0.3635216836369528,-0.2664586414012289,0.0,0.0,0.0,0.0
17873000000,3189,17872000000,map,0.386082679052695,-0.3022295988233442,0.3924194247847017,0.0,0.0,0.0,0.0
17874000000,3190,17874000000,map,0.26780935499731595,-0.3422855986275851,-0.3087518085274822,0.0,0.0,0.0,0.0
17876000000,3191,17876000000,map,-0.031243555961623537,-0.36718823243301335,0.30013726723814715,0.0,0.0,0.0,0.0
17878000000,3192,17878000000,map,0.3084394128991562,-0.30645901112566587,0.12006799375210586,0.0,0.0,0.0,0.0
17880000000,3193,17880000000,map,-0.24574231509583777,-0.2887530647076991,-0.3382113567829188,0.0,0.0,0.0,0.0
17882000000,3194,17882000000,map,-0.23434101789461653,0.36743007615059364,0.08633008008536508,0.0,0.0,0.0,0.0
17884000000,3195,17884000000,map,-0.27300540779189675,0.16353930823366847,0.14824566900658076,0.0,0.0,0.0,0.0
17886000000,3196,17886000000,map,0.049824488437563375,0.21278534459186615,-0.31223463267398693,0.0,0.0,0.0,0.0
17888000000,3197,17888000000,map,-0.09689345559712226,0.09590258327228496,0.18999668048253726,0.0,0.0,0.0,0.0
17890000000,3198,17890000000,map,-0.33439873603716685,-0.3203152329738559,-0.14183054210179924,0.0,0.0,0.0,0.0
17892000000,3199,17892000000,map,-0.07549552539659499,0.1956564761118924,-0.35150980153403727,0.0,0.0,0.0,0.0
17894000000,3200,17894000000,map,-0.19257523160396497,0.15533654163930932,0.05898254291636862,0.0,0.0,0.0,0.0
17896000000,3201,17896000000,map,0.1723912307993224,-0.09576788143229115,0.32633411028555914,0.0,0.0,0.0,0.0
17899000000,3202,17898000000,map,0.21763113359619068,-0.27510621107481126,0.2933434671344174,0.0,0.0,0.0,0.0
17901000000,3203,17901000000,map,0.023990279472766662,0.25377587977353866,-0.17116577036344013,0.0,0.0,0.0,0.0
17903000000,3204,17902000000,map,-0.2633244855356248,0.2672751743883174,-0.029829901232980294,0.0,0.0,0.0,0.0
17904000000,3205,17904000000,map,0.15452122345092223,-0.17969499555227775,-0.15847523709032815,0.0,0.0,0.0,0.0
17906000000,3206,17906000000,map,0.2124281945161629,0.36026273302108136,0.020119981655819186,0.0,0.0,0.0,0.0
17909000000,3207,17908000000,map,-0.14949401446923954,0.01811356022689764,-0.27882644875874585,0.0,0.0,0.0,0.0
17910000000,3208,17910000000,map,-0.3010074036908665,0.31508764539736445,-0.18561958632490888,0.0,0.0,0.0,0.0
17912000000,3209,17912000000,map,-0.2985598488231775,0.13133471548663622,0.2834095001614634,0.0,0.0,0.0,0.0
17914000000,3210,17914000000,map,-0.05663380525896178,-0.04574357591808409,0.19726276787491437,0.0,0.0,0.0,0.0
17916000000,3211,17916000000,map,0.10811439408874746,-0.04819929309318688,-0.038383947704455634,0.0,0.0,0.0,0.0
17918000000,3212,17918000000,map,0.05141127728880851,0.2632058143378625,-0.03366237961973051,0.0,0.0,0.0,0.0
17920000000,3213,17920000000,map,-0.34896870371035754,0.1119644551396608,-0.040282179513744465,0.0,0.0,0.0,0.0
17922000000,3214,17922000000,map,0.07432607114119472,-0.21970857320378698,0.0011760143788152044,0.0,0.0,0.0,0.0
17924000000,3215,17924000000,map,-0.39346800562976214,0.33360057581772806,0.008885139078076754,0.0,0.0,0.0,0.0
17926000000,3216,17926000000,map,-0.004877885293490369,0.15801214367754057,0.014665646488669803,0.0,0.0,0.0,0.0
17928000000,3217,17928000000,map,0.14174781273673487,0.12645634686408003,0.003477457986542365,0.0,0.0,0.0,0.0
17930000000,3218,17930000000,map,-0.2574747623803211,0.17151447644284112,0.009604030388316698,0.0,0.0,0.0,0.0
17932000000,3219,17932000000,map,0.1956401667013351,0.062262007619641846,-0.3181684307405581,0.0,0.0,0.0,0.0
17934000000,3220,17934000000,map,0.22181762045463482,-0.019223097440256243,0.2430091329342181,0.0,0.0,0.0,0.0
17936000000,3221,17936000000,map,0.1639247598900737,0.34309130536552734,-0.3987009938507257,0.0,0.0,0.0,0.0
17938000000,3222,17938000000,map,0.06913316861426011,0.2612529064075766,-0.016026759895797826,0.0,0.0,0.0,0.0
17940000000,3223,17940000000,map,0.25537197061888894,0.08617715125606706,0.2590354138937724,0.0,0.0,0.0,0.0
17942000000,3224,17942000000,map,0.05506816298578593,0.18221664467718646,-0.03499672107748991,0.0,0.0,0.0,0.0
17944000000,3225,17944000000,map,0.2152130576509793,-0.14430982892083433,-0.03960817015070839,0.0,0.0,0.0,0.0
17946000000,3226,17946000000,map,0.22305949035453665,0.37194589017145663,-0.26361056762194923,0.0,0.0,0.0,0.0
17948000000,3227,17948000000,map,-0.05697863533579034,0.03437646385632365,0.0314133007122136,0.0,0.0,0.0,0.0
17950000000,3228,17950000000,map,-0.017845800416013635,0.32100507406491363,0.23641266146580475,0.0,0.0,0.0,0.0
17952000000,3229,17952000000,map,-0.14617456703172527,-0.35754991796233915,0.07884313566182594,0.0,0.0,0.0,0.0
17954000000,3230,17954000000,map,0.17299258838304388,-0.26820535726268924,0.09826698497882669,0.0,0.0,0.0,0.0
17956000000,3231,17956000000,map,-0.0542296338971921,0.2425129293127294,-0.3020859629365825,0.0,0.0,0.0,0.0
17958000000,3232,17958000000,map,0.25131240083544115,-0.04778728340744354,0.0018751461868557473,0.0,0.0,0.0,0.0
17960000000,3233,17960000000,map,-0.17745670308926292,-0.13143679430779787,-0.215391676050235,0.0,0.0,0.0,0.0
17962000000,3234,17962000000,map,0.1488664778964095,0.24425925546141702,-0.05574728864536649,0.0,0.0,0.0,0.0
17964000000,3235,17964000000,map,0.2763711180560714,-0.2724400159168432,-0.17044231469152213,0.0,0.0,0.0,0.0
17966000000,3236,17966000000,map,-0.2042238950512045,-0.37868843507564237,0.28423449577674453,0.0,0.0,0.0,0.0
17968000000,3237,17968000000,map,0.170001250556563,0.07993282909021016,0.12325004302254494,0.0,0.0,0.0,0.0
17970000000,3238,17970000000,map,0.34930695225393926,-0.32287959888669854,0.06843502836377724,0.0,0.0,0.0,0.0
17972000000,3239,17972000000,map,0.1873511276848545,0.04539229440207482,0.3917572696442483,0.0,0.0,0.0,0.0
17974000000,3240,17974000000,map,-0.3562326170266093,-0.28381607807053255,0.2939103185039321,0.0,0.0,0.0,0.0
17976000000,3241,17976000000,map,-0.38544957870861996,-0.17748201118180373,-0.3381722888061234,0.0,0.0,0.0,0.0
17978000000,3242,17978000000,map,-0.1384172180214418,-0.3018281002306553,0.14932203189427284,0.0,0.0,0.0,0.0
17980000000,3243,17980000000,map,-0.3313635608799663,0.3016869815870956,-0.25086384318311117,0.0,0.0,0.0,0.0
17982000000,3244,17982000000,map,0.15406402489698823,0.12157362401577443,0.3972973057395077,0.0,0.0,0.0,0.0
17984000000,3245,17984000000,map,0.3979530216253746,-0.10706259232098175,-0.3171440984858319,0.0,0.0,0.0,0.0
17986000000,3246,17986000000,map,-0.20470017396865847,-0.13918592798224333,0.27037153518469215,0.0,0.0,0.0,0.0
17988000000,3247,17988000000,map,0.17698009467664366,-0.029757050438906585,-0.37773954599511445,0.0,0.0,0.0,0.0
17990000000,3248,17990000000,map,-0.2021889111263034,-0.22038313972017995,0.3869028909544745,0.0,0.0,0.0,0.0
17993000000,3249,17992000000,map,-0.19770066125388627,0.19133648620726706,-0.058679204880044133,0.0,0.0,0.0,0.0
17995000000,3250,17994000000,map,0.11388026913757265,0.21816183911802467,0.11545820549986141,0.0,0.0,0.0,0.0
17996000000,3251,17996000000,map,0.14201308159379344,0.38253304492462714,-0.13225039472883876,0.0,0.0,0.0,0.0
17998000000,3252,17998000000,map,0.25342014901035137,-0.38759014031807393,-0.34287052124334993,0.0,0.0,0.0,0.0
18000000000,3253,18000000000,map,0.07622407142826787,0.3380332922214151,0.06685835955997066,0.0,0.0,0.0,0.0
18002000000,3254,18002000000,map,-0.3134467867363616,-0.24304670098111394,-0.1665421225210984,0.0,0.0,0.0,0.0
18004000000,3255,18004000000,map,0.04181873127434449,-0.1930261953720005,0.2638991101481132,0.0,0.0,0.0,0.0
18006000000,3256,18006000000,map,0.037190228909384726,0.06158418232996682,0.39446665552313265,0.0,0.0,0.0,0.0
18008000000,3257,18008000000,map,-0.29996345185728324,-0.31584999702344607,0.18464829185214193,0.0,0.0,0.0,0.0
18010000000,3258,18010000000,map,-0.08692082470725587,-0.10869428944494114,-0.09250485209425535,0.0,0.0,0.0,0.0
18012000000,3259,18012000000,map,0.38203000155426947,-0.11978955324982732,0.34668346982162235,0.0,0.0,0.0,0.0
18014000000,3260,18014000000,map,0.11559886747696357,0.3331022977695266,-0.14332096523562043,0.0,0.0,0.0,0.0
18016000000,3261,18016000000,map,0.19668146448365365,0.15300635396327,-0.2844877565163821,0.0,0.0,0.0,0.0
18018000000,3262,18018000000,map,-0.0632171207100024,0.3295295003410078,-0.006493142928471807,0.0,0.0,0.0,0.0
18020000000,3263,18020000000,map,0.2784010885138849,0.05816377078067364,-0.0760261155372971,0.0,0.0,0.0,0.0
18022000000,3264,18022000000,map,-0.33572007699715556,-0.11373128094421503,-0.23032941548696734,0.0,0.0,0.0,0.0
18024000000,3265,18024000000,map,0.26884832151858606,0.27575566164366705,0.17245407331884588,0.0,0.0,0.0,0.0
18026000000,3266,18026000000,map,-0.25107883254100105,-0.3303531167732756,-0.39118917990507945,0.0,0.0,0.0,0.0
18029000000,3267,18028000000,map,-0.2111004295206557,-0.06638816344353976,-0.021855321427557473,0.0,0.0,0.0,0.0
18030000000,3268,18030000000,map,0.10628982748719107,-0.37704861346703417,0.2503253987470141,0.0,0.0,0.0,0.0
18032000000,3269,18032000000,map,0.11445551507576135,0.11521537476107346,-0.25263630658964326,0.0,0.0,0.0,0.0
18034000000,3270,18034000000,map,-0.272983743605103,-0.27899043152602726,-0.03566908213119474,0.0,0.0,0.0,0.0
18036000000,3271,18036000000,map,0.3941442469525026,-0.18001274198598735,-0.004766408835338021,0.0,0.0,0.0,0.0
18038000000,3272,18038000000,map,0.08630848671977082,0.23364211253818845,0.04207152879830722,0.0,0.0,0.0,0.0
18040000000,3273,18040000000,map,0.05452872478817267,0.15899882219685335,0.15851456185748225,0.0,0.0,0.0,0.0
18042000000,3274,18042000000,map,-0.04356633978913593,0.26750181710161114,0.05158475778646954,0.0,0.0,0.0,0.0
18044000000,3275,18044000000,map,0.04870073181446921,0.1221017707893084,0.013568627794234955,0.0,0.0,0.0,0.0
18046000000,3276,18046000000,map,0.07714973678125059,0.05648263027727518,0.1708411335112503,0.0,0.0,0.0,0.0
18048000000,3277,18048000000,map,-0.22977779560180686,0.06206485450656751,0.031105393106794554,0.0,0.0,0.0,0.0
18050000000,3278,18050000000,map,-0.08448993719724618,-0.355899434508413,-0.2681776789593182,0.0,0.0,0.0,0.0
18052000000,3279,18052000000,map,0.13069131111618915,-0.0717199815679172,0.06933309854553177,0.0,0.0,0.0,0.0
18054000000,3280,18054000000,map,0.16669628532269065,-0.3011833940674201,-0.26084286655872546,0.0,0.0,0.0,0.0
18056000000,3281,18056000000,map,0.3995884696861126,-0.29541800557773185,-0.221441431838168,0.0,0.0,0.0,0.0
18058000000,3282,18058000000,map,0.21338852019148258,0.00834042827301229,0.05259740195674889,0.0,0.0,0.0,0.0
18060000000,3283,18060000000,map,-0.19917528610425372,0.07249723715612566,-0.0077617070429547574,0.0,0.0,0.0,0.0
18062000000,3284,18062000000,map,0.12384127895115937,-0.02297686637716856,0.09108112196308521,0.0,0.0,0.0,0.0
18064000000,3285,18064000000,map,-0.27445281768954277,0.26004745453609324,0.1291376078840556,0.0,0.0,0.0,0.0
18066000000,3286,18066000000,map,0.2793132087431204,0.31010247004078473,0.3307503838774022,0.0,0.0,0.0,0.0
18068000000,3287,18068000000,map,0.2968211910081625,0.21034004728343092,-0.36363459917240826,0.0,0.0,0.0,0.0
18070000000,3288,18070000000,map,0.21858179689687984,-0.19297081453878967,0.1457925100957752,0.0,0.0,0.0,0.0
18072000000,3289,18072000000,map,-0.3372360303360151,0.11819510802546707,0.035710249278092465,0.0,0.0,0.0,0.0
18074000000,3290,18074000000,map,0.14744762168416714,0.36648302403395194,-0.035896572739160415,0.0,0.0,0.0,0.0
18076000000,3291,18076000000,map,0.39776412020513796,0.16506392588154817,0.13483794549018724,0.0,0.0,0.0,0.0
18078000000,3292,18078000000,map,-0.2860844198862753,-0.24978944212780552,0.09630630949374275,0.0,0.0,0.0,0.0
18080000000,3293,18080000000,map,0.22021383426018093,-0.01726222046870346,-0.3324944324670207,0.0,0.0,0.0,0.0
18082000000,3294,18082000000,map,0.12688587619905978,-0.2278807543846545,-0.11313008005656344,0.0,0.0,0.0,0.0
18084000000,3295,18084000000,map,0.35656316099491936,0.009629394749892661,0.3349869546667831,0.0,0.0,0.0,0.0
18086000000,3296,18086000000,map,-0.12733954432311395,-0.022665724977176116,-0.2807489129786819,0.0,0.0,0.0,0.0
18088000000,3297,18088000000,map,-0.17245633586845122,0.3063435698528957,-0.055778289793164015,0.0,0.0,0.0,0.0
18090000000,3298,18090000000,map,0.35538661599815435,-0.3123853073434382,-0.180399501671669,0.0,0.0,0.0,0.0
18092000000,3299,18092000000,map,-0.11400471344203383,0.16798397015750532,0.33052045607374814,0.0,0.0,0.0,0.0
18094000000,3300,18094000000,map,0.13777556058644969,0.23573467163763284,-0.17588100456552175,0.0,0.0,0.0,0.0
18096000000,3301,18096000000,map,0.15819156276666468,0.19338953519645208,0.14133627617330402,0.0,0.0,0.0,0.0
18098000000,3302,18098000000,map,0.01733126595111789,-0.2769208748296454,0.016303438973856443,0.0,0.0,0.0,0.0
18100000000,3303,18100000000,map,0.11341249671151021,-0.31249845074019345,0.10418021087142904,0.0,0.0,0.0,0.0
18102000000,3304,18102000000,map,-0.0828581891189305,-0.11004511575821813,0.054548191904733645,0.0,0.0,0.0,0.0
18104000000,3305,18104000000,map,0.10674098507012886,-0.10484415819833454,0.03700940740327219,0.0,0.0,0.0,0.0
18106000000,3306,18106000000,map,0.1693970948422432,0.3228498075658651,0.026055450916326883,0.0,0.0,0.0,0.0
18108000000,3307,18108000000,map,0.13207603736097095,0.18577107393683046,-0.16539303678108436,0.0,0.0,0.0,0.0
18110000000,3308,18110000000,map,-0.2335021460097109,-0.1494562128027183,0.0342278745597947,0.0,0.0,0.0,0.0
18112000000,3309,18112000000,map,-0.08990956662223809,0.2500395325964705,0.3363463901031548,0.0,0.0,0.0,0.0
18114000000,3310,18114000000,map,-0.25625230376716546,0.15732280432439116,0.13895430160319777,0.0,0.0,0.0,0.0
18116000000,3311,18116000000,map,0.03475980250348665,-0.28198524158535027,-0.02996273826872764,0.0,0.0,0.0,0.0
18118000000,3312,18118000000,map,-0.0922837566551794,-0.364629667180455,-0.1646210018444658,0.0,0.0,0.0,0.0
18120000000,3313,18120000000,map,-0.1441785733531718,-0.08244331098995039,0.1917544628355613,0.0,0.0,0.0,0.0
18122000000,3314,18122000000,map,-0.2701651098283109,0.24157995533907672,0.35247062131776685,0.0,0.0,0.0,0.0
18124000000,3315,18124000000,map,-0.3374126092367398,0.12143546923018722,-0.2505838245329931,0.0,0.0,0.0,0.0
18126000000,3316,18126000000,map,-0.28782674029478056,-0.16402978866384374,0.3253533945066559,0.0,0.0,0.0,0.0
18128000000,3317,18128000000,map,0.3238657020325618,-0.04181565909409374,0.23217894497326952,0.0,0.0,0.0,0.0
18130000000,3318,18130000000,map,-0.18960312420964842,-0.14969893181653,0.3774882162938328,0.0,0.0,0.0,0.0
18132000000,3319,18132000000,map,-0.27949421202225366,-0.3703808143687479,-0.07343949103252989,0.0,0.0,0.0,0.0
18134000000,3320,18134000000,map,0.19181156691032875,-0.3354732046296958,-0.1404901640526588,0.0,0.0,0.0,0.0
18136000000,3321,18136000000,map,-0.2622485251829808,0.37474906449964185,0.011535102200115888,0.0,0.0,0.0,0.0
18138000000,3322,18138000000,map,0.38032994033631196,0.21737482840647926,0.23205745457612592,0.0,0.0,0.0,0.0
18140000000,3323,18140000000,map,-0.2866158048303911,0.24969661543487243,0.06572627224123873,0.0,0.0,0.0,0.0
18142000000,3324,18142000000,map,0.24112542130698233,-0.15945795429394366,0.1103905123717085,0.0,0.0,0.0,0.0
18144000000,3325,18144000000,map,0.01575839558783787,0.24666217774570398,-0.23607512977832806,0.0,0.0,0.0,0.0
18146000000,3326,18146000000,map,0.15859048690300404,-0.39334408305292967,-0.23935387029567837,0.0,0.0,0.0,0.0
18148000000,3327,18148000000,map,-0.07912551149982133,-0.2359033270803088,0.15608640549049968,0.0,0.0,0.0,0.0
18151000000,3328,18150000000,map,-0.212200963627222,0.2514692858667783,-0.18030651704280012,0.0,0.0,0.0,0.0
18152000000,3329,18152000000,map,0.363123973628372,0.0017161719071780435,-0.27987040686647413,0.0,0.0,0.0,0.0
18155000000,3330,18154000000,map,0.19069124361688272,0.0826348793730326,0.05219101549199506,0.0,0.0,0.0,0.0
18157000000,3331,18157000000,map,-0.38388509276221106,-0.3399236553402041,0.1298635383093235,0.0,0.0,0.0,0.0
18158000000,3332,18158000000,map,0.0958896893795626,0.37860865956575873,-0.0869636777624726,0.0,0.0,0.0,0.0
18161000000,3333,18160000000,map,0.3887402008126326,-0.19577500093757194,-0.10179512807603502,0.0,0.0,0.0,0.0
18162000000,3334,18162000000,map,0.27123893348240935,-0.2560701726977531,0.37365299662704,0.0,0.0,0.0,0.0
18165000000,3335,18165000000,map,-0.1932026657678938,0.17796030649977723,0.35981469777211017,0.0,0.0,0.0,0.0
18166000000,3336,18166000000,map,-0.3134634425181755,0.008028329314828775,-0.23078848494180232,0.0,0.0,0.0,0.0
18169000000,3337,18169000000,map,0.15114964012591625,-0.306102297962264,-0.23626366914874367,0.0,0.0,0.0,0.0
18170000000,3338,18170000000,map,0.32591963167212323,0.04524012992630605,-0.2035577496279931,0.0,0.0,0.0,0.0
18172000000,3339,18172000000,map,0.0826224892665236,-0.0064944442488760745,-0.38349899422541234,0.0,0.0,0.0,0.0
18174000000,3340,18174000000,map,-0.38841941186952156,-0.07508250957498458,-0.08019335676436518,0.0,0.0,0.0,0.0
18176000000,3341,18176000000,map,-0.023774912211001087,0.05984891437801687,-0.28527069416774004,0.0,0.0,0.0,0.0
18179000000,3342,18179000000,map,-0.2533805169528738,0.3122760271431163,-0.2628600122307255,0.0,0.0,0.0,0.0
18180000000,3343,18180000000,map,-0.39567464416232795,0.15808885669259065,-0.17626232914423834,0.0,0.0,0.0,0.0
18182000000,3344,18182000000,map,0.12815325110548537,-0.14676408024414167,0.08593715334714702,0.0,0.0,0.0,0.0
18185000000,3345,18185000000,map,-0.16512727334085803,0.09762824930057645,0.243276998363683,0.0,0.0,0.0,0.0
18186000000,3346,18186000000,map,0.0326971040517976,0.08597535290743241,-0.31332192255866353,0.0,0.0,0.0,0.0
18188000000,3347,18188000000,map,-0.25408494000479986,0.2522615601841378,0.03531566761353727,0.0,0.0,0.0,0.0
18191000000,3348,18190000000,map,0.2594142659802533,0.35782253708286005,-0.03436786395695618,0.0,0.0,0.0,0.0
18193000000,3349,18192000000,map,0.16772139035199785,0.39417086389365974,-0.19486422330883638,0.0,0.0,0.0,0.0
18194000000,3350,18194000000,map,0.23667561034095264,0.288661597479952,-0.26974786220941643,0.0,0.0,0.0,0.0
18196000000,3351,18196000000,map,0.23658734163781148,0.020047779052770776,-0.28285097348783517,0.0,0.0,0.0,0.0
18198000000,3352,18198000000,map,0.1841812554382748,0.06012902400787007,0.12085696184050954,0.0,0.0,0.0,0.0
18200000000,3353,18200000000,map,-0.3898193821676901,-0.28578038948363527,-0.3883318757055427,0.0,0.0,0.0,0.0
18202000000,3354,18202000000,map,-0.16626900378828338,-0.06096701536204219,-0.38278982190898114,0.0,0.0,0.0,0.0
18204000000,3355,18204000000,map,-0.156934999617449,-0.3605139672926505,-0.28526671827893724,0.0,0.0,0.0,0.0
18206000000,3356,18206000000,map,0.3105379470458025,0.08638741717063192,0.3355509855671982,0.0,0.0,0.0,0.0
18208000000,3357,18208000000,map,-0.0009575068086125627,-0.13894962987657083,0.12349144383353394,0.0,0.0,0.0,0.0
18210000000,3358,18210000000,map,-0.349138142729461,-0.11313848798618364,0.26575569033063207,0.0,0.0,0.0,0.0
18212000000,3359,18212000000,map,0.2796274196337264,0.2438662257504508,-0.14882105877192003,0.0,0.0,0.0,0.0
18215000000,3360,18214000000,map,0.055691099922050846,-0.302909876123176,-0.2272348828917312,0.0,0.0,0.0,0.0
18217000000,3361,18216000000,map,0.16500380339854537,0.13616112197434604,-0.19007260681418134,0.0,0.0,0.0,0.0
18218000000,3362,18218000000,map,-0.15726883197406782,-0.11827711748632064,0.05643152552613839,0.0,0.0,0.0,0.0
18221000000,3363,18221000000,map,-0.13531804476118164,0.20829538262653713,-0.2705231330194534,0.0,0.0,0.0,0.0
18223000000,3364,18223000000,map,0.044898110312575235,-0.22104362655433882,-0.022481457477459887,0.0,0.0,0.0,0.0
18225000000,3365,18225000000,map,0.3418519694936547,0.3820319113107197,0.060710342537239725,0.0,0.0,0.0,0.0
18226000000,3366,18226000000,map,-0.39309311443235806,0.05423907281361562,0.39483747344410247,0.0,0.0,0.0,0.0
18229000000,3367,18229000000,map,0.23183560387690771,0.08610792177313736,0.3616648214539977,0.0,0.0,0.0,0.0
18231000000,3368,18231000000,map,0.2801317800653198,-0.04009898875621548,-0.10203882549959731,0.0,0.0,0.0,0.0
18233000000,3369,18233000000,map,-0.19599315902507286,0.04323493447162663,0.24387751838691363,0.0,0.0,0.0,0.0
18235000000,3370,18235000000,map,-0.27476075656416477,0.23944054579587015,-0.11940885711841304,0.0,0.0,0.0,0.0
18237000000,3371,18237000000,map,-0.29228343661255,-0.3030545697113891,-0.17407478713037108,0.0,0.0,0.0,0.0
18238000000,3372,18238000000,map,-0.35849658713037513,-0.30987260996332844,0.2575839572303378,0.0,0.0,0.0,0.0
18241000000,3373,18241000000,map,-0.030699212529601838,0.3508429391818181,-0.090786279265054,0.0,0.0,0.0,0.0
18243000000,3374,18243000000,map,-0.0515949583193816,-0.02945749223143096,-0.03885652519141436,0.0,0.0,0.0,0.0
18245000000,3375,18245000000,map,0.2660103707827971,-0.3638448621777294,0.36837716203993776,0.0,0.0,0.0,0.0
18246000000,3376,18246000000,map,0.3270021680864025,-0.017060895311752644,-0.14967848254686789,0.0,0.0,0.0,0.0
18249000000,3377,18249000000,map,0.3417206926934886,0.12628550702230734,-0.2888424756298074,0.0,0.0,0.0,0.0
18251000000,3378,18250000000,map,-0.19840233602463808,-0.10035427996561991,-0.18280928983711126,0.0,0.0,0.0,0.0
18253000000,3379,18253000000,map,0.004399668331749429,0.07561687803306344,-0.3683677096939594,0.0,0.0,0.0,0.0
18254000000,3380,18254000000,map,0.12218216072061883,0.2547463805174568,-0.027106287964823117,0.0,0.0,0.0,0.0
18257000000,3381,18257000000,map,-0.38169813644453354,-0.16856164343095498,0.2956707662049357,0.0,0.0,0.0,0.0
18259000000,3382,18259000000,map,-0.05541306340438501,0.27084010665996805,0.034427327995691315,0.0,0.0,0.0,0.0
18261000000,3383,18261000000,map,-0.0779417147559095,0.05634201938403882,-0.11334232345371964,0.0,0.0,0.0,0.0
18263000000,3384,18263000000,map,-0.07256050044732654,-0.17639985887529153,0.17062537551990165,0.0,0.0,0.0,0.0
18265000000,3385,18264000000,map,0.26885721001895524,0.07612450148174144,-0.1868911711093343,0.0,0.0,0.0,0.0
18266000000,3386,18266000000,map,0.13663684145118327,-0.38912406187180887,-0.2288888333550481,0.0,0.0,0.0,0.0
18269000000,3387,18268000000,map,0.01105485459851313,-0.03761792654154261,-0.2608969307468998,0.0,0.0,0.0,0.0
18271000000,3388,18271000000,map,-0.16782525306099708,0.03525162491527223,-0.2884167745965073,0.0,0.0,0.0,0.0
18273000000,3389,18272000000,map,0.38001202497072206,0.09564574192432318,0.345586352145835,0.0,0.0,0.0,0.0
18274000000,3390,18274000000,map,0.34173946035638036,0.33562433402341896,-0.23719600528345433,0.0,0.0,0.0,0.0
18277000000,3391,18276000000,map,0.004174937298015657,0.18711191013654427,0.27192635641673635,0.0,0.0,0.0,0.0
18279000000,3392,18279000000,map,0.10297083840585963,0.31212571470612616,0.023117929544309912,0.0,0.0,0.0,0.0
18280000000,3393,18280000000,map,0.37312372594921583,-0.05009374866043287,-0.10728174457042677,0.0,0.0,0.0,0.0
18282000000,3394,18282000000,map,-0.24035732647210659,-0.3709430416143495,-0.10470522098553203,0.0,0.0,0.0,0.0
18284000000,3395,18284000000,map,-0.15260828664684267,0.325081224859593,-0.009566557284101163,0.0,0.0,0.0,0.0
18287000000,3396,18286000000,map,0.10846274708596071,0.10817889822185245,0.27341973206144166,0.0,0.0,0.0,0.0
18288000000,3397,18288000000,map,0.32275945813122875,0.2398053592613244,-0.25119445672972907,0.0,0.0,0.0,0.0
18290000000,3398,18290000000,map,-0.19914193868324423,0.14974056570564698,0.017405710558190735,0.0,0.0,0.0,0.0
18293000000,3399,18293000000,map,-0.26988314921845924,-0.3158539336736381,-0.31262158367179055,0.0,0.0,0.0,0.0
18294000000,3400,18294000000,map,-0.21844125425450647,-0.25095537420713665,-0.07298689668017688,0.0,0.0,0.0,0.0
18296000000,3401,18296000000,map,0.32799481264007546,0.07107485604040747,-0.3610788367556427,0.0,0.0,0.0,0.0
18298000000,3402,18298000000,map,-0.3906624149846696,0.21134691315225573,0.2848993209588343,0.0,0.0,0.0,0.0
18300000000,3403,18300000000,map,-0.016402843810401857,-0.2121736933912205,0.020326655956044437,0.0,0.0,0.0,0.0
18303000000,3404,18303000000,map,0.14307682795564203,0.2578473618021486,-0.10369037865825376,0.0,0.0,0.0,0.0
18304000000,3405,18304000000,map,0.31619616760481295,0.39408028088534885,0.07481687111032331,0.0,0.0,0.0,0.0
18306000000,3406,18306000000,map,0.3680335816365099,0.175582180041309,-0.39387584417141636,0.0,0.0,0.0,0.0
18309000000,3407,18308000000,map,-0.13355474154809327,-0.06118343317039249,0.3206179285907461,0.0,0.0,0.0,0.0
18310000000,3408,18310000000,map,-0.07157370628856463,0.39764004792656704,-0.33887412288272667,0.0,0.0,0.0,0.0
18313000000,3409,18312000000,map,0.018412138604711636,0.2603436523499022,0.21492873019112235,0.0,0.0,0.0,0.0
18315000000,3410,18314000000,map,-0.33036906001759453,-0.39769638003747576,0.08066933944122479,0.0,0.0,0.0,0.0
18316000000,3411,18316000000,map,-0.2268770437150333,0.38743119965926853,0.3836447875831952,0.0,0.0,0.0,0.0
18319000000,3412,18319000000,map,0.20105545714994977,0.19667858349001055,0.10547397468072506,0.0,0.0,0.0,0.0
18321000000,3413,18320000000,map,-0.33482028083753795,0.09491608720803468,0.34735562178870905,0.0,0.0,0.0,0.0
18322000000,3414,18322000000,map,0.3573965640068074,-0.11773238280187687,-0.09685021966084123,0.0,0.0,0.0,0.0
18324000000,3415,18324000000,map,-0.23960256525626356,-0.10605500414379837,0.10882672856128672,0.0,0.0,0.0,0.0
18326000000,3416,18326000000,map,0.17229270467034818,0.38134619349688226,0.04726068981857717,0.0,0.0,0.0,0.0
18328000000,3417,18328000000,map,0.058547317268434707,-0.2801515237910564,0.008679632618056377,0.0,0.0,0.0,0.0
18330000000,3418,18330000000,map,0.08098513066827301,0.05012628965655297,0.3734259151573761,0.0,0.0,0.0,0.0
18332000000,3419,18332000000,map,0.35480420434844184,0.05472417591983303,-0.10429379640077374,0.0,0.0,0.0,0.0
18334000000,3420,18334000000,map,-0.09476679046498954,-0.2096058414139642,0.20843759421872332,0.0,0.0,0.0,0.0
18336000000,3421,18336000000,map,0.07137923043002825,-0.06822004329467385,-0.059103132384037305,0.0,0.0,0.0,0.0
18338000000,3422,18338000000,map,0.37115805367681376,0.20474003528293483,0.22124235573440676,0.0,0.0,0.0,0.0
18340000000,3423,18340000000,map,0.2956322884819349,0.10337806768704838,0.249642448417,0.0,0.0,0.0,0.0
18342000000,3424,18342000000,map,-0.32591085917226015,0.10052675428839941,0.11710008355465873,0.0,0.0,0.0,0.0
18344000000,3425,18344000000,map,-0.21218725136328645,-0.35247432593979017,-0.19501439226850703,0.0,0.0,0.0,0.0
18346000000,3426,18346000000,map,-0.3034809083854082,-0.22487279650801184,0.12062188438833144,0.0,0.0,0.0,0.0
18348000000,3427,18348000000,map,-0.06845382002897255,-0.014738121414868577,-0.10245002054729568,0.0,0.0,0.0,0.0
18350000000,3428,18350000000,map,0.15913726489709878,-0.3339576089270496,0.3675098028895817,0.0,0.0,0.0,0.0
18352000000,3429,18352000000,map,-0.2587907652280781,-0.2470354869367701,-0.3310276298280335,0.0,0.0,0.0,0.0
18354000000,3430,18354000000,map,-0.3004007960020267,-0.1738120452561649,0.24550552699954964,0.0,0.0,0.0,0.0
18356000000,3431,18356000000,map,0.275445518864213,-0.11638493497255648,-0.09860968821494231,0.0,0.0,0.0,0.0
18358000000,3432,18358000000,map,0.03385695881045764,-0.22197320152904754,-0.17279214542531732,0.0,0.0,0.0,0.0
18360000000,3433,18360000000,map,0.18498860938785877,-0.11002066288437218,0.09092972002699862,0.0,0.0,0.0,0.0
18362000000,3434,18362000000,map,-0.2776759245702687,0.1041156132900447,0.0985238843281116,0.0,0.0,0.0,0.0
18365000000,3435,18364000000,map,-0.2269850108342554,0.1614154606184952,0.35126819547431687,0.0,0.0,0.0,0.0
18367000000,3436,18367000000,map,-0.3922001866555876,0.38616190188446653,0.16882631636924894,0.0,0.0,0.0,0.0
18369000000,3437,18368000000,map,0.13119998950825373,0.357044009080988,-0.39872745202497584,0.0,0.0,0.0,0.0
18371000000,3438,18371000000,map,-0.1665610600365712,-0.30759604528321094,0.04163793181596426,0.0,0.0,0.0,0.0
18373000000,3439,18373000000,map,-0.06305104954739699,0.1073436100184153,0.3264276738779366,0.0,0.0,0.0,0.0
18375000000,3440,18374000000,map,-0.3727409388025872,0.35648027632411006,0.310078823995373,0.0,0.0,0.0,0.0
18377000000,3441,18376000000,map,-0.2089349649356617,0.008883635802184542,-0.2940080049807628,0.0,0.0,0.0,0.0
18379000000,3442,18379000000,map,-0.07138616804552556,-0.06269605803314954,-0.3740281504969731,0.0,0.0,0.0,0.0
18381000000,3443,18380000000,map,-0.27385699146441156,0.26082229175346217,-0.3188915771243327,0.0,0.0,0.0,0.0
18383000000,3444,18383000000,map,0.30632983162987515,0.25598174596982737,-0.017799923983318366,0.0,0.0,0.0,0.0
18385000000,3445,18384000000,map,-0.36768882189419017,-0.23937096375902234,-0.34423810151710554,0.0,0.0,0.0,0.0
18387000000,3446,18387000000,map,0.35587865923720075,0.32263956240305347,0.12848708132012954,0.0,0.0,0.0,0.0
18389000000,3447,18389000000,map,-0.2450225908965391,-0.3259986926947182,0.29971319060172263,0.0,0.0,0.0,0.0
18391000000,3448,18391000000,map,0.20065271446441735,-0.389700573800136,-0.01957169656790464,0.0,0.0,0.0,0.0
18393000000,3449,18393000000,map,-0.06730006549503448,-0.17173506912403674,0.18818413632920095,0.0,0.0,0.0,0.0
18394000000,3450,18394000000,map,-0.2119712595760302,-0.09725886497710384,-0.1497249054469344,0.0,0.0,0.0,0.0
18397000000,3451,18397000000,map,0.03444435578938271,-0.3709519428884106,0.2551998564621829,0.0,0.0,0.0,0.0
18398000000,3452,18398000000,map,-0.04603194903233704,0.3877088043644682,-0.17901034271463195,0.0,0.0,0.0,0.0
18400000000,3453,18400000000,map,-0.35036067658862946,-0.3740975893983446,-0.04192975999686471,0.0,0.0,0.0,0.0
18403000000,3454,18402000000,map,-0.28328549083288773,-0.07232733679398418,0.007027411862529143,0.0,0.0,0.0,0.0
18405000000,3455,18405000000,map,0.08064656585164143,-0.1099550335516779,0.3122634487480198,0.0,0.0,0.0,0.0
18407000000,3456,18407000000,map,0.12455239847773403,-0.39476143745631864,0.06363449895646589,0.0,0.0,0.0,0.0
18409000000,3457,18409000000,map,-0.18276096600932848,0.29702916376959665,-0.1118519604393658,0.0,0.0,0.0,0.0
18410000000,3458,18410000000,map,-0.1373116147719861,0.13940879262607442,0.32290375522169934,0.0,0.0,0.0,0.0
18412000000,3459,18412000000,map,-0.2085429954362833,-0.05362635329940796,-0.11236115650887946,0.0,0.0,0.0,0.0
18414000000,3460,18414000000,map,0.29162994547747034,0.2423757049019274,-0.032800503101495515,0.0,0.0,0.0,0.0
18416000000,3461,18416000000,map,-0.2941699291241663,-0.369105497563637,0.058646897990594915,0.0,0.0,0.0,0.0
18418000000,3462,18418000000,map,-0.01731750029306689,0.3117211307780611,-0.23866553953559133,0.0,0.0,0.0,0.0
18421000000,3463,18421000000,map,0.12496187030733386,0.3755555838359199,-0.16326026236629396,0.0,0.0,0.0,0.0
18422000000,3464,18422000000,map,-0.02452996571803312,-0.011503739914694666,-0.19900793357175314,0.0,0.0,0.0,0.0
18425000000,3465,18425000000,map,-0.03967143918450389,-0.3187183084235392,0.18495231058347827,0.0,0.0,0.0,0.0
18426000000,3466,18426000000,map,0.0767412567148339,-0.3172863895589192,-0.10709405842499725,0.0,0.0,0.0,0.0
18429000000,3467,18428000000,map,-0.10033942997495732,0.1825432967082492,-0.03741331152051636,0.0,0.0,0.0,0.0
18430000000,3468,18430000000,map,-0.08920523589916396,-0.007202690479883089,-0.1367379464650222,0.0,0.0,0.0,0.0
18432000000,3469,18432000000,map,-0.2132223285629154,0.3142052720637114,0.344752268858893,0.0,0.0,0.0,0.0
18434000000,3470,18434000000,map,0.05403949759066762,-0.31589617951997817,-0.1266585593287478,0.0,0.0,0.0,0.0
18436000000,3471,18436000000,map,0.2494055680955174,0.3450332408526202,0.1576342327400928,0.0,0.0,0.0,0.0
18438000000,3472,18438000000,map,-0.23203860599883946,0.2684084134763709,0.374383375665707,0.0,0.0,0.0,0.0
18441000000,3473,18441000000,map,-0.30703616296823666,0.3863479062188918,0.0809457857144098,0.0,0.0,0.0,0.0
18442000000,3474,18442000000,map,-0.06477263351128137,-0.37750342971140277,-0.0925139614112806,0.0,0.0,0.0,0.0
18445000000,3475,18445000000,map,0.30120858881283297,-0.3205359082566327,0.16741817486542487,0.0,0.0,0.0,0.0
18447000000,3476,18446000000,map,-0.07007769986533491,-0.24471058899289477,0.39429940421215104,0.0,0.0,0.0,0.0
18448000000,3477,18448000000,map,0.06073494958218423,0.030641080522793573,0.08615222508481979,0.0,0.0,0.0,0.0
18450000000,3478,18450000000,map,0.12635564756306428,-0.0031650567169142496,-0.11264807271689814,0.0,0.0,0.0,0.0
18452000000,3479,18452000000,map,0.12810433240639452,-0.36393475738166886,-0.1356850363011899,0.0,0.0,0.0,0.0
18454000000,3480,18454000000,map,0.09394747395892827,-0.21694473108211793,-0.1823638104115203,0.0,0.0,0.0,0.0
18456000000,3481,18456000000,map,0.05619329135610318,0.29435470242389805,-0.02219906550107148,0.0,0.0,0.0,0.0
18458000000,3482,18458000000,map,0.29070774326716076,-0.35730827645274926,-0.15978386475848674,0.0,0.0,0.0,0.0
18461000000,3483,18460000000,map,0.061893605155502684,-0.38533874579540606,0.32526262734292055,0.0,0.0,0.0,0.0
18462000000,3484,18462000000,map,-0.17773112730782248,-0.12740300204395427,0.14892154575292982,0.0,0.0,0.0,0.0
18464000000,3485,18464000000,map,-0.11500307272468652,0.36222787037915727,0.13828415464562693,0.0,0.0,0.0,0.0
18466000000,3486,18466000000,map,-0.13486229542856482,0.3454564219239006,-0.16987661955493547,0.0,0.0,0.0,0.0
18468000000,3487,18468000000,map,0.21046398531447508,-0.1410858606255797,-0.12149661291231795,0.0,0.0,0.0,0.0
18470000000,3488,18470000000,map,-0.25844907267952666,0.0726296307133133,0.04394766379374032,0.0,0.0,0.0,0.0
18472000000,3489,18472000000,map,0.05924824913418103,-0.28860767996989856,-0.2423007492063001,0.0,0.0,0.0,0.0
18474000000,3490,18474000000,map,0.3378598249658791,-0.003163032690089218,0.01907093912158142,0.0,0.0,0.0,0.0
18477000000,3491,18476000000,map,0.20417064004157293,-0.12647816398174688,-0.15032932850554107,0.0,0.0,0.0,0.0
18478000000,3492,18478000000,map,-0.18664368320661687,0.29564050934385167,-0.08965838470902426,0.0,0.0,0.0,0.0
18480000000,3493,18480000000,map,-0.17816503684018492,0.3562312065788217,-0.1643588493446639,0.0,0.0,0.0,0.0
18482000000,3494,18482000000,map,0.026957799065067956,0.16032179800637547,-0.07158796836995523,0.0,0.0,0.0,0.0
18484000000,3495,18484000000,map,0.33083536062536945,0.023634451919557264,0.22612690712856465,0.0,0.0,0.0,0.0
18486000000,3496,18486000000,map,-0.38437932121155094,-0.038133891784863094,-0.2694678182075684,0.0,0.0,0.0,0.0
18488000000,3497,18488000000,map,0.0398301197690506,-0.34904152860746696,0.3880670987375153,0.0,0.0,0.0,0.0
18490000000,3498,18490000000,map,-0.11308625615938361,-0.014314851362821401,-0.08282285578829307,0.0,0.0,0.0,0.0
18493000000,3499,18492000000,map,-0.031095981058044786,0.1531446325275162,-0.1219384243103569,0.0,0.0,0.0,0.0
18494000000,3500,18494000000,map,0.06007255875584622,-0.31048377595156323,-0.31178672165888466,0.0,0.0,0.0,0.0
18496000000,3501,18496000000,map,0.3655030956207167,-0.22364521711610705,-0.3983821931033249,0.0,0.0,0.0,0.0
18498000000,3502,18498000000,map,-0.3494969795507351,-0.3003450167987639,-0.3902995739582305,0.0,0.0,0.0,0.0
18500000000,3503,18500000000,map,-0.13557687628140158,-0.02664644797245569,-0.25756341922135995,0.0,0.0,0.0,0.0
18502000000,3504,18502000000,map,-0.03871209978197493,-0.2287717843518229,0.07146879784974614,0.0,0.0,0.0,0.0
18504000000,3505,18504000000,map,-0.33379914907261765,-0.21385963523375773,-0.25891754806141537,0.0,0.0,0.0,0.0
18506000000,3506,18506000000,map,-0.3360373887372629,-0.10070371477890477,-0.2864513495390546,0.0,0.0,0.0,0.0
18508000000,3507,18508000000,map,-0.234571089502184,-0.21225099394877933,0.3337845973214084,0.0,0.0,0.0,0.0
18511000000,3508,18510000000,map,-0.2334355544705089,-0.2834079548953728,-0.33169366716185467,0.0,0.0,0.0,0.0
18512000000,3509,18512000000,map,-0.07113573667945838,-0.02832020756448228,-0.08351483979207042,0.0,0.0,0.0,0.0
18514000000,3510,18514000000,map,-0.041617709510538226,-0.3147483506569118,-0.025691797495213997,0.0,0.0,0.0,0.0
18516000000,3511,18516000000,map,-0.3180324207470948,0.10920685838937039,0.3929182533686755,0.0,0.0,0.0,0.0
18518000000,3512,18518000000,map,0.23124922857624153,0.13028192407995853,-0.11819107402048384,0.0,0.0,0.0,0.0
18520000000,3513,18520000000,map,0.21620204642766383,-0.10672829390443578,-0.2679314993235885,0.0,0.0,0.0,0.0
18522000000,3514,18522000000,map,0.055758383845182724,0.302499002253552,-0.08720425934134857,0.0,0.0,0.0,0.0
18525000000,3515,18524000000,map,0.06965482516464022,0.019203564994402733,0.10974212939603012,0.0,0.0,0.0,0.0
18526000000,3516,18526000000,map,0.07496913110673786,0.3550181053174214,0.3224305478941131,0.0,0.0,0.0,0.0
18528000000,3517,18528000000,map,-0.28022970656364043,-0.12895758310000344,-0.21330293036809825,0.0,0.0,0.0,0.0
18530000000,3518,18530000000,map,-0.1637131407544517,-0.3660609912408023,-0.17124586258299082,0.0,0.0,0.0,0.0
18532000000,3519,18532000000,map,0.06254240109777365,-0.27054240250836703,0.37025886012216813,0.0,0.0,0.0,0.0
18534000000,3520,18534000000,map,-0.024279169926913036,0.31588394947094467,-0.23149269261656963,0.0,0.0,0.0,0.0
18536000000,3521,18536000000,map,-0.2608773254221993,-0.28030505282968793,0.27863869425463406,0.0,0.0,0.0,0.0
18538000000,3522,18538000000,map,0.0988975944685217,-0.19780549831812438,-0.24032729520882923,0.0,0.0,0.0,0.0
18540000000,3523,18540000000,map,0.36164462998812186,-0.37244026546838627,-0.10057958570249553,0.0,0.0,0.0,0.0
18543000000,3524,18542000000,map,0.08781322079355391,0.39619952396121216,0.31584752753574963,0.0,0.0,0.0,0.0
18544000000,3525,18544000000,map,-0.33697909179955726,-0.28459272307091743,0.20063830930181115,0.0,0.0,0.0,0.0
18546000000,3526,18546000000,map,0.1136977730271358,0.20362557902123868,-0.2099410576279372,0.0,0.0,0.0,0.0
18548000000,3527,18548000000,map,0.24465001928992336,0.06326295391394438,-0.09269017673850616,0.0,0.0,0.0,0.0
18550000000,3528,18550000000,map,-0.14482220723214118,-0.2919220347027521,-0.3968217032312522,0.0,0.0,0.0,0.0
18552000000,3529,18552000000,map,0.3712504436928492,-0.13526760773612034,-0.16724650562187968,0.0,0.0,0.0,0.0
18555000000,3530,18554000000,map,-0.05092477086227487,0.17025051002031355,0.016965331123143135,0.0,0.0,0.0,0.0
18556000000,3531,18556000000,map,-0.17076190689579118,-0.16837510085963361,0.19260725823322922,0.0,0.0,0.0,0.0
18558000000,3532,18558000000,map,0.19286316175572116,-0.24097750088069644,-0.31069804239823645,0.0,0.0,0.0,0.0
18561000000,3533,18561000000,map,-0.04940209473680157,0.3123759040447329,-0.3321679439544833,0.0,0.0,0.0,0.0
18562000000,3534,18562000000,map,0.33038463881756774,0.12847684765344503,-0.3521126529901456,0.0,0.0,0.0,0.0
18565000000,3535,18564000000,map,-0.19844852706070162,-0.15326620095079335,-0.1667096007875284,0.0,0.0,0.0,0.0
18566000000,3536,18566000000,map,-0.12373950184789256,0.05211853040274167,0.06021609754826168,0.0,0.0,0.0,0.0
18568000000,3537,18568000000,map,-0.2151757674484922,-0.26901322100720526,-0.06287833375932894,0.0,0.0,0.0,0.0
18570000000,3538,18570000000,map,-0.37384604716948105,0.1311456905670113,0.32789262568981925,0.0,0.0,0.0,0.0
18572000000,3539,18572000000,map,0.23915739370454114,0.16189890582020872,-0.2851775126996131,0.0,0.0,0.0,0.0
18574000000,3540,18574000000,map,-0.187994688460137,-0.273619046496968,-0.2702773179806397,0.0,0.0,0.0,0.0
18577000000,3541,18577000000,map,0.027766799585203117,-0.08990383349589037,0.1488437740868045,0.0,0.0,0.0,0.0
18578000000,3542,18578000000,map,-0.2697964300405452,-0.15426971269046375,-0.2573451095592552,0.0,0.0,0.0,0.0
18580000000,3543,18580000000,map,0.10400742950017217,0.13415472301900166,0.3674435733986149,0.0,0.0,0.0,0.0
18582000000,3544,18582000000,map,0.3723505847913551,0.020335698303542593,0.20597750227773293,0.0,0.0,0.0,0.0
18584000000,3545,18584000000,map,-0.321990772108986,0.39276238201779534,-0.38997697962032507,0.0,0.0,0.0,0.0
18586000000,3546,18586000000,map,0.3322232559346684,-0.007458275286705507,0.3030946294544783,0.0,0.0,0.0,0.0
18588000000,3547,18588000000,map,-0.3638570890388184,-0.13726834801824456,-0.27366299704694574,0.0,0.0,0.0,0.0
18591000000,3548,18590000000,map,0.36981031733460534,0.18799833982604974,-0.15778456711298205,0.0,0.0,0.0,0.0
18592000000,3549,18592000000,map,0.36757718519011273,0.012684800169237065,0.26726647900878675,0.0,0.0,0.0,0.0
18594000000,3550,18594000000,map,-0.16226117590784106,0.15429445810367715,-0.008353335937308193,0.0,0.0,0.0,0.0
18596000000,3551,18596000000,map,0.10664658389934856,0.16834767444766796,0.28842585384637864,0.0,0.0,0.0,0.0
18598000000,3552,18598000000,map,0.30149082288518825,0.18021431612962036,-0.2109776544597305,0.0,0.0,0.0,0.0
18600000000,3553,18600000000,map,-0.16982040026277026,-0.11892789986678948,0.1863424708545015,0.0,0.0,0.0,0.0
18602000000,3554,18602000000,map,-0.2216318180434214,0.3752847071583977,-0.0018934623019369878,0.0,0.0,0.0,0.0
18604000000,3555,18604000000,map,-0.330258424773256,-0.3785407892524283,0.34169492741721674,0.0,0.0,0.0,0.0
18606000000,3556,18606000000,map,0.1497252856210054,-0.013142222860956343,0.3594078558724898,0.0,0.0,0.0,0.0
18608000000,3557,18608000000,map,0.3111452068015582,-0.2755492265324588,0.10137422383330541,0.0,0.0,0.0,0.0
18610000000,3558,18610000000,map,-0.3965781976345829,-0.08948538561531283,-0.18707374384154996,0.0,0.0,0.0,0.0
18612000000,3559,18612000000,map,-0.15610865025295168,0.10529677488491862,-0.038313892569930896,0.0,0.0,0.0,0.0
18615000000,3560,18615000000,map,-0.21085376215725601,-0.385038102404177,-0.3870019152112164,0.0,0.0,0.0,0.0
18616000000,3561,18616000000,map,-0.30651640591237106,-0.30732528139260795,-0.36113872227832006,0.0,0.0,0.0,0.0
18618000000,3562,18618000000,map,-0.3505702811526354,0.1996875981598808,0.28215647222816154,0.0,0.0,0.0,0.0
18620000000,3563,18620000000,map,-0.383693003753553,-0.05924971501086773,0.3173520390654516,0.0,0.0,0.0,0.0
18622000000,3564,18622000000,map,-0.12782506304135327,-0.13142970054975373,-0.15002367379907808,0.0,0.0,0.0,0.0
18624000000,3565,18624000000,map,-0.28434613357560967,-0.0780153198587561,-0.05159669525989674,0.0,0.0,0.0,0.0
18626000000,3566,18626000000,map,-0.03269603852326164,-0.20464333451821762,-0.07968904448361169,0.0,0.0,0.0,0.0
18628000000,3567,18628000000,map,0.21105264170428428,0.22052749554704432,-0.1495036047722489,0.0,0.0,0.0,0.0
18630000000,3568,18630000000,map,0.19326384812638908,0.2170922201844797,-0.3555604575712581,0.0,0.0,0.0,0.0
18632000000,3569,18632000000,map,0.22076042700675058,0.19575861654697924,0.1289776588795818,0.0,0.0,0.0,0.0
18634000000,3570,18634000000,map,-0.26926449240911243,-0.28934460424529174,0.08853658357203154,0.0,0.0,0.0,0.0
18636000000,3571,18636000000,map,0.1431557669676098,0.07331169869473236,-0.3411603024159444,0.0,0.0,0.0,0.0
18638000000,3572,18638000000,map,-0.08674231440014896,0.2688093879822211,-0.16553473439034525,0.0,0.0,0.0,0.0
18640000000,3573,18640000000,map,0.062093509976801464,-0.019518677311649302,-0.023784183513836987,0.0,0.0,0.0,0.0
18643000000,3574,18643000000,map,-0.3721333607696728,-0.23730501731360423,0.272403437650084,0.0,0.0,0.0,0.0
18645000000,3575,18644000000,map,0.3870970291417497,-0.1829628251512614,0.08437802967540636,0.0,0.0,0.0,0.0
18647000000,3576,18647000000,map,-0.38818507207166103,-0.3968435491867275,-0.16394111022806876,0.0,0.0,0.0,0.0
18649000000,3577,18649000000,map,-0.18477341067789899,-0.16418431061468716,-0.02208809977794879,0.0,0.0,0.0,0.0
18651000000,3578,18651000000,map,-0.10620087953456003,-0.28171701633315693,0.19756932216324163,0.0,0.0,0.0,0.0
18653000000,3579,18653000000,map,0.14110430350736258,0.17188064984081308,0.39809864293613095,0.0,0.0,0.0,0.0
18655000000,3580,18655000000,map,0.2009642610110861,0.2624625323458717,0.2927503847365188,0.0,0.0,0.0,0.0
18657000000,3581,18657000000,map,0.17457509544875383,0.36493477267307306,-0.33119707113230673,0.0,0.0,0.0,0.0
18659000000,3582,18659000000,map,0.09632360600144274,-0.16459580270251106,-0.28709354248957375,0.0,0.0,0.0,0.0
18661000000,3583,18661000000,map,-0.04864386197557241,-0.34639576898862534,-0.26091371515146045,0.0,0.0,0.0,0.0
18663000000,3584,18663000000,map,0.025812727255452472,-0.3546209343326259,0.0220888732852364,0.0,0.0,0.0,0.0
18665000000,3585,18665000000,map,0.3059629711488877,0.2577710936671339,-0.24368162641299773,0.0,0.0,0.0,0.0
18667000000,3586,18667000000,map,-0.32485760827993815,0.16148931431579028,-0.36768043153925556,0.0,0.0,0.0,0.0
18669000000,3587,18669000000,map,-0.09626208000047204,0.1847422559308458,-0.2926351006378698,0.0,0.0,0.0,0.0
18671000000,3588,18671000000,map,0.15236569215192053,0.26017327839884474,0.07239384945177285,0.0,0.0,0.0,0.0
18673000000,3589,18673000000,map,0.2763699277437127,-0.20930146614397097,0.16215579344504805,0.0,0.0,0.0,0.0
18675000000,3590,18675000000,map,-0.2512109818087018,-0.0042645264278878825,0.2650637637414972,0.0,0.0,0.0,0.0
18677000000,3591,18677000000,map,-0.2764709867396257,0.032060260021859854,-0.2834535411249555,0.0,0.0,0.0,0.0
18679000000,3592,18679000000,map,0.38203787756543084,-0.1187346281793244,-0.39660724682977144,0.0,0.0,0.0,0.0
18681000000,3593,18681000000,map,0.23912880135342662,0.06889509929652515,-0.004998008558086353,0.0,0.0,0.0,0.0
18683000000,3594,18683000000,map,0.253617503200788,-0.33208289564832827,0.029529670849519074,0.0,0.0,0.0,0.0
18685000000,3595,18685000000,map,-0.1464030024197564,0.3681097270487633,-0.351352013134618,0.0,0.0,0.0,0.0
18687000000,3596,18687000000,map,0.22909916451635848,0.2557777738695014,0.038487919771409196,0.0,0.0,0.0,0.0
18689000000,3597,18688000000,map,-0.18977720435379852,0.12362709582626918,0.32162987449177327,0.0,0.0,0.0,0.0
18690000000,3598,18690000000,map,-0.19982209092320305,0.36022031961171286,0.3318109570402913,0.0,0.0,0.0,0.0
18692000000,3599,18692000000,map,0.07627711031261641,-0.3087756126345803,0.1115799026124884,0.0,0.0,0.0,0.0
18694000000,3600,18694000000,map,0.31376927194167936,0.08127502225738026,0.09509603253857535,0.0,0.0,0.0,0.0
18696000000,3601,18696000000,map,-0.002154819861014068,0.21632222744609308,0.16324110334823838,0.0,0.0,0.0,0.0
18698000000,3602,18698000000,map,-0.3113533186779852,0.34007458636614174,0.38717890485487183,0.0,0.0,0.0,0.0
18700000000,3603,18700000000,map,-0.34911106155703797,-0.20433262148252354,0.26285247485636265,0.0,0.0,0.0,0.0
18702000000,3604,18702000000,map,-0.2587166823969902,0.020786003386282892,0.3174109010930336,0.0,0.0,0.0,0.0
18704000000,3605,18704000000,map,-0.3205928480589405,0.25619293543215527,-0.004486502442024032,0.0,0.0,0.0,0.0
18706000000,3606,18706000000,map,-0.2122597074399638,-0.3734885045087034,0.1269874632440834,0.0,0.0,0.0,0.0
18709000000,3607,18709000000,map,-0.35289010208437877,-0.14042901983800987,0.2644295683133778,0.0,0.0,0.0,0.0
18711000000,3608,18710000000,map,0.2198950483360429,0.11834531121680625,-0.1735538988158148,0.0,0.0,0.0,0.0
18712000000,3609,18712000000,map,-0.26782044320605536,0.34585255475009524,-0.08733161867088352,0.0,0.0,0.0,0.0
18715000000,3610,18715000000,map,0.3488278190473746,-0.17754705487436265,-0.29907710963089656,0.0,0.0,0.0,0.0
18717000000,3611,18716000000,map,0.26979366120208303,0.3462348046045455,0.292563772897124,0.0,0.0,0.0,0.0
18718000000,3612,18718000000,map,0.09362141899298831,-0.38068597263065046,-0.1894079205397596,0.0,0.0,0.0,0.0
18720000000,3613,18720000000,map,-0.16152175987504638,-0.38164444778203455,0.3958270875610641,0.0,0.0,0.0,0.0
18723000000,3614,18723000000,map,0.12452744715088249,-0.16590030612948486,0.3844310420670768,0.0,0.0,0.0,0.0
18725000000,3615,18725000000,map,0.3140594215400906,0.09014195061252372,0.12313181703469378,0.0,0.0,0.0,0.0
18727000000,3616,18727000000,map,0.28010720606937567,0.18798855682730808,0.1620815397425831,0.0,0.0,0.0,0.0
18729000000,3617,18729000000,map,-0.356841679885085,-0.12490498169807651,0.16662484235784192,0.0,0.0,0.0,0.0
18731000000,3618,18731000000,map,-0.24272011377376196,0.1108515169586689,-0.19431464933339637,0.0,0.0,0.0,0.0
18733000000,3619,18733000000,map,0.26216057550407423,0.21839481927824556,-0.09595526382202069,0.0,0.0,0.0,0.0
18735000000,3620,18735000000,map,0.16699655139708258,0.23833187099008546,0.015360517205440238,0.0,0.0,0.0,0.0
18737000000,3621,18736000000,map,-0.3466514260282506,0.04792445526287398,0.03745542183583728,0.0,0.0,0.0,0.0
18739000000,3622,18738000000,map,-0.3823329351093326,-0.28747917091627556,0.15498152169153,0.0,0.0,0.0,0.0
18740000000,3623,18740000000,map,0.3868676953891931,-0.2519831000862101,-0.31570462221848306,0.0,0.0,0.0,0.0
18743000000,3624,18742000000,map,-0.3683616496613644,0.3589094946172712,0.06468996039875241,0.0,0.0,0.0,0.0
18745000000,3625,18745000000,map,-0.1092438738686618,0.25356994537303557,-0.011132247590710298,0.0,0.0,0.0,0.0
18747000000,3626,18746000000,map,-0.33378740831016285,-0.3233378844618118,-0.05335408353457183,0.0,0.0,0.0,0.0
18749000000,3627,18749000000,map,-0.35272253884025,0.04468511349346799,-0.09252438767135912,0.0,0.0,0.0,0.0
18751000000,3628,18751000000,map,0.2583883971732619,-0.3920351456632023,-0.32131832682353134,0.0,0.0,0.0,0.0
18753000000,3629,18752000000,map,-0.32618738822863375,0.08122433049641142,-0.02588575858072123,0.0,0.0,0.0,0.0
18755000000,3630,18755000000,map,-0.31573514942417863,0.1441536526673779,-0.36633917568726004,0.0,0.0,0.0,0.0
18757000000,3631,18756000000,map,0.15872745819527023,0.35904847792986905,-0.07542289185903772,0.0,0.0,0.0,0.0
18759000000,3632,18759000000,map,-0.20474613756164362,-0.3076851026129744,0.10678935411347512,0.0,0.0,0.0,0.0
18761000000,3633,18761000000,map,0.22146848767539118,0.39922181674340207,-0.17186723210641774,0.0,0.0,0.0,0.0
18763000000,3634,18763000000,map,-0.15589261524513187,-0.2104961974968175,-0.044011135578698124,0.0,0.0,0.0,0.0
18765000000,3635,18765000000,map,-0.2145644407001773,-0.254262743636136,0.35313559228112124,0.0,0.0,0.0,0.0
18767000000,3636,18767000000,map,0.19756177880529713,-0.13446952936234896,-0.07002209374279833,0.0,0.0,0.0,0.0
18769000000,3637,18768000000,map,0.09512206290687003,0.2922600498360751,0.1791885933888071,0.0,0.0,0.0,0.0
18771000000,3638,18771000000,map,-0.051143227719727125,0.3492886654148787,0.08015631318326816,0.0,0.0,0.0,0.0
18773000000,3639,18773000000,map,0.16820462306485207,0.1561769928349278,-0.3485595752955934,0.0,0.0,0.0,0.0
18775000000,3640,18775000000,map,0.11230240723053664,0.28163885198652905,-0.11626518891080101,0.0,0.0,0.0,0.0
18777000000,3641,18777000000,map,0.24355846706862383,-0.23694315937843746,0.058829820310265624,0.0,0.0,0.0,0.0
18779000000,3642,18779000000,map,-0.1676874129131063,-0.14425932510182066,0.23101142304093925,0.0,0.0,0.0,0.0
18780000000,3643,18780000000,map,0.053167931870920504,-0.1289180225017526,-0.3606665108620033,0.0,0.0,0.0,0.0
18783000000,3644,18783000000,map,0.39955425523178156,-0.3837687518750486,-0.3608686375768742,0.0,0.0,0.0,0.0
18785000000,3645,18784000000,map,0.20196898391273865,-0.05151465404461547,0.06758291737876332,0.0,0.0,0.0,0.0
18787000000,3646,18787000000,map,0.11109571548362351,-0.011434977416632353,-0.2412832746014069,0.0,0.0,0.0,0.0
18789000000,3647,18789000000,map,0.11261375280904429,0.025996665122903384,-0.2570005487878124,0.0,0.0,0.0,0.0
18791000000,3648,18791000000,map,-0.0856590102829286,-0.2598966981383456,0.06892692734661543,0.0,0.0,0.0,0.0
18793000000,3649,18793000000,map,-0.1628365527910719,0.3431680374837772,0.24762852951066328,0.0,0.0,0.0,0.0
18795000000,3650,18795000000,map,-0.06518485192632817,-0.3094377460855984,-0.2789992208967558,0.0,0.0,0.0,0.0
18797000000,3651,18797000000,map,-0.3018302924877165,0.25219888839346327,0.31894793638207675,0.0,0.0,0.0,0.0
18799000000,3652,18799000000,map,-0.2576043666025889,-0.24317573973806783,0.30768449826255273,0.0,0.0,0.0,0.0
18801000000,3653,18801000000,map,0.38842859292821796,-0.10101619865129186,-0.2370211063383029,0.0,0.0,0.0,0.0
18803000000,3654,18803000000,map,0.3271788164152297,0.043433847240085366,-0.28309932145785055,0.0,0.0,0.0,0.0
18805000000,3655,18805000000,map,0.07845734734511689,-0.040695239578530384,0.2692433186136768,0.0,0.0,0.0,0.0
18807000000,3656,18807000000,map,0.04505672710096631,-0.10795812891725126,-0.15094331160732405,0.0,0.0,0.0,0.0
18809000000,3657,18809000000,map,0.33144772191039107,-0.21326186247842158,0.0026797328121345165,0.0,0.0,0.0,0.0
18810000000,3658,18810000000,map,0.10819796803655779,0.25705370772475844,0.34788358930130914,0.0,0.0,0.0,0.0
18812000000,3659,18812000000,map,-0.04169930868267624,-0.14961701449360415,-0.38936902451828,0.0,0.0,0.0,0.0
18814000000,3660,18814000000,map,-0.15363880646192354,0.16003554193248215,0.12150505363100828,0.0,0.0,0.0,0.0
18816000000,3661,18816000000,map,-0.3158432686467706,-0.1996384675298169,0.3752299418893402,0.0,0.0,0.0,0.0
18818000000,3662,18818000000,map,0.21542993236963692,-0.1287689708079771,0.19627023318975367,0.0,0.0,0.0,0.0
18820000000,3663,18820000000,map,0.0031929002192644385,0.06574431877746212,-0.26314444818743576,0.0,0.0,0.0,0.0
18822000000,3664,18822000000,map,-0.1676906457583477,-0.2772271063774493,0.3826681987685995,0.0,0.0,0.0,0.0
18824000000,3665,18824000000,map,0.06907388155022931,0.26211658189558773,-0.07723064328116652,0.0,0.0,0.0,0.0
18826000000,3666,18826000000,map,0.17045683630036068,-0.07425991866194254,-0.26522051667314084,0.0,0.0,0.0,0.0
18828000000,3667,18828000000,map,-0.1873763668137004,-0.20560719747482775,-0.27622195772543845,0.0,0.0,0.0,0.0
18830000000,3668,18830000000,map,-0.2993709224334792,0.04905559080242322,0.20047743023184128,0.0,0.0,0.0,0.0
18832000000,3669,18832000000,map,-0.15011923600752333,0.024077323660249728,0.3371743968996548,0.0,0.0,0.0,0.0
18835000000,3670,18835000000,map,0.387078176970742,-0.29737738041290307,-0.1658371814825051,0.0,0.0,0.0,0.0
18836000000,3671,18836000000,map,-0.15543450782816995,0.2936703178567658,-0.2574386604723744,0.0,0.0,0.0,0.0
18838000000,3672,18838000000,map,0.16575869991903613,-0.0792346372551943,-0.31986155165636165,0.0,0.0,0.0,0.0
18841000000,3673,18840000000,map,0.33735276034140527,-0.3445336888115954,0.05050448720696582,0.0,0.0,0.0,0.0
18843000000,3674,18842000000,map,-0.22161285479725937,0.221335914109836,-0.3581696255289865,0.0,0.0,0.0,0.0
18845000000,3675,18845000000,map,0.08997017008662322,-0.24083115351639336,-0.37447197926690395,0.0,0.0,0.0,0.0
18847000000,3676,18847000000,map,0.3149737859641686,-0.13090324672355352,-0.2572143534394331,0.0,0.0,0.0,0.0
18848000000,3677,18848000000,map,-0.1296684894995183,0.16969834024020192,0.2028985863910483,0.0,0.0,0.0,0.0
18851000000,3678,18851000000,map,0.007959078551626753,-0.3694323892967844,-0.18623245095971766,0.0,0.0,0.0,0.0
18853000000,3679,18853000000,map,0.2620138490944346,-0.26263229652179043,-0.3814188647191001,0.0,0.0,0.0,0.0
18855000000,3680,18855000000,map,0.2971714426747728,-0.21102089484405528,-0.1021800737150757,0.0,0.0,0.0,0.0
18856000000,3681,18856000000,map,-0.3528157608579043,-0.21570248107204115,-0.3914392744240521,0.0,0.0,0.0,0.0
18859000000,3682,18859000000,map,0.031065217195619943,-0.34170543395081626,-0.20844532579321906,0.0,0.0,0.0,0.0
18861000000,3683,18860000000,map,-0.29495967564392667,0.3279996199694686,0.25195378287630565,0.0,0.0,0.0,0.0
18863000000,3684,18863000000,map,-0.16226631663895585,-0.32511942922777554,-0.34588063176312944,0.0,0.0,0.0,0.0
18864000000,3685,18864000000,map,-0.3549099728855846,0.018833322643162287,0.33453846000820053,0.0,0.0,0.0,0.0
18867000000,3686,18867000000,map,0.3273840789437481,-0.379584240245518,-0.33619676745727634,0.0,0.0,0.0,0.0
18868000000,3687,18868000000,map,-0.27580308007359555,-0.17036331338342744,-0.34562888634104133,0.0,0.0,0.0,0.0
18871000000,3688,18871000000,map,-0.028130622616121648,0.18271673127011456,-0.31848863690068835,0.0,0.0,0.0,0.0
18873000000,3689,18873000000,map,0.3030971642645054,0.21411678744692664,0.1163261244700935,0.0,0.0,0.0,0.0
18874000000,3690,18874000000,map,-0.0615244062318,0.3887652595093082,0.37587150858333485,0.0,0.0,0.0,0.0
18876000000,3691,18876000000,map,-0.042818468752452876,0.32714383819673154,-0.1632137604682099,0.0,0.0,0.0,0.0
18879000000,3692,18879000000,map,0.07968849814205542,-0.2315170182646859,-0.32776887784969866,0.0,0.0,0.0,0.0
18881000000,3693,18881000000,map,-0.0632972557171157,0.14983713048962266,-0.11788852577404013,0.0,0.0,0.0,0.0
18883000000,3694,18883000000,map,0.38743063131193656,-0.32177366822652936,0.2067948590726244,0.0,0.0,0.0,0.0
18885000000,3695,18885000000,map,-0.0416502326760263,-0.25554315035256947,0.22995597170680826,0.0,0.0,0.0,0.0
18887000000,3696,18887000000,map,-0.08729267082342501,-0.06888219382912097,0.1553315441327613,0.0,0.0,0.0,0.0
18889000000,3697,18889000000,map,-0.28688591352191944,-0.39260740329397925,-0.23924543607985238,0.0,0.0,0.0,0.0
18891000000,3698,18891000000,map,0.060924283718770345,0.18751841105928047,0.12226325170031538,0.0,0.0,0.0,0.0
18892000000,3699,18892000000,map,0.15600110020161373,-0.2885541649810531,-0.27644586091654144,0.0,0.0,0.0,0.0
18895000000,3700,18895000000,map,-0.02748873719825906,0.20637755442185568,-0.2938137524016391,0.0,0.0,0.0,0.0
18896000000,3701,18896000000,map,0.033635585619525454,0.24668644223130343,-0.022855791261489067,0.0,0.0,0.0,0.0
18899000000,3702,18899000000,map,-0.31182131251298695,0.057830593799873764,-0.3508249047594809,0.0,0.0,0.0,0.0
18900000000,3703,18900000000,map,-0.29428472973491804,0.140982156814359,0.28812279115959416,0.0,0.0,0.0,0.0
18903000000,3704,18903000000,map,0.15342235466777465,0.3657182103726414,-0.2926266380876812,0.0,0.0,0.0,0.0
18905000000,3705,18904000000,map,-0.1428317111083538,0.266855657655915,0.10988940258899604,0.0,0.0,0.0,0.0
18906000000,3706,18906000000,map,0.1605935293162799,0.11572397183105154,0.09343616120192227,0.0,0.0,0.0,0.0
18909000000,3707,18909000000,map,0.23019662230214633,0.21908602558891221,0.29252055794524634,0.0,0.0,0.0,0.0
18911000000,3708,18911000000,map,0.3329601910639023,0.08189853202348718,0.3001364800318257,0.0,0.0,0.0,0.0
18913000000,3709,18913000000,map,-0.23230210641113835,0.05259047991444116,-0.2152455384562974,0.0,0.0,0.0,0.0
18915000000,3710,18915000000,map,0.2674365545467795,0.1247805200853287,0.053639932056695094,0.0,0.0,0.0,0.0
18917000000,3711,18917000000,map,-0.2470997706808673,-0.29889332961537063,-0.34302915841088666,0.0,0.0,0.0,0.0
18919000000,3712,18919000000,map,0.0865740109152579,-0.2479683699711146,-0.03470145496433097,0.0,0.0,0.0,0.0
18921000000,3713,18921000000,map,-0.10860341382172484,0.16907232766059188,0.035183887801847724,0.0,0.0,0.0,0.0
18923000000,3714,18923000000,map,-0.17705283006000272,0.1207280239236801,0.009929325548275858,0.0,0.0,0.0,0.0
18925000000,3715,18925000000,map,0.031204762279310017,-0.1504689304467664,-0.38326982869797593,0.0,0.0,0.0,0.0
18927000000,3716,18927000000,map,0.14894195002339428,-0.21083996792378734,0.25260845559879996,0.0,0.0,0.0,0.0
18929000000,3717,18929000000,map,0.04823254795350029,0.08395789938647613,-0.24777586608710198,0.0,0.0,0.0,0.0
18931000000,3718,18931000000,map,0.13456212911239007,-0.35664611380494093,-0.3956171436498452,0.0,0.0,0.0,0.0
18932000000,3719,18932000000,map,0.1495390750277681,-0.2332608749912609,-0.31493589901869257,0.0,0.0,0.0,0.0
18935000000,3720,18935000000,map,-0.3318410905020852,-0.18207936172834815,-0.3780827931831022,0.0,0.0,0.0,0.0
18936000000,3721,18936000000,map,0.23797184947208272,-0.16511140856785778,0.12523577173626388,0.0,0.0,0.0,0.0
18938000000,3722,18938000000,map,0.24937321539643198,-0.31160834613150346,-0.36893397931265365,0.0,0.0,0.0,0.0
18941000000,3723,18941000000,map,0.25939933403243387,0.11336521289745272,0.13331868693197246,0.0,0.0,0.0,0.0
18943000000,3724,18942000000,map,-0.07296695483139659,0.0325079576858639,0.03669683363940851,0.0,0.0,0.0,0.0
18944000000,3725,18944000000,map,0.040608986492426946,0.3522300148582205,0.0019043464503950003,0.0,0.0,0.0,0.0
18947000000,3726,18947000000,map,0.2939534378089864,0.11360667234394395,-0.18165468164004178,0.0,0.0,0.0,0.0
18948000000,3727,18948000000,map,-0.20243172056882758,-0.24360479429963017,-0.3935204907870032,0.0,0.0,0.0,0.0
18951000000,3728,18951000000,map,0.055840721983668296,0.10788028429771834,0.10316397173021818,0.0,0.0,0.0,0.0
18952000000,3729,18952000000,map,0.3335047234783447,-0.346299140663259,-0.18350029564477205,0.0,0.0,0.0,0.0
18954000000,3730,18954000000,map,-0.006081653318885216,-0.3740871877087598,0.028149652766800592,0.0,0.0,0.0,0.0
18957000000,3731,18957000000,map,0.29145425326362484,0.31188966885983216,-0.12182198924356197,0.0,0.0,0.0,0.0
18959000000,3732,18958000000,map,-0.17097477590153726,0.32826324143381935,0.2494236644901333,0.0,0.0,0.0,0.0
18961000000,3733,18961000000,map,0.09799444016980469,0.24235676426597585,0.17795216713322248,0.0,0.0,0.0,0.0
18962000000,3734,18962000000,map,-0.19910075803083516,0.07407728598799751,-0.3280513440243837,0.0,0.0,0.0,0.0
18964000000,3735,18964000000,map,0.1607520227437218,0.06245276240268771,-0.16576661846231291,0.0,0.0,0.0,0.0
18967000000,3736,18967000000,map,-0.29554991583650825,-0.285412035313549,-0.27044997397123793,0.0,0.0,0.0,0.0
18968000000,3737,18968000000,map,-0.14500496171678395,-0.1873695377522492,0.147604503412188,0.0,0.0,0.0,0.0
18971000000,3738,18970000000,map,0.20414021831649387,-0.213666211425954,-0.15716346105757262,0.0,0.0,0.0,0.0
18972000000,3739,18972000000,map,-0.20988430077409095,0.34051282954866957,0.19423766398565434,0.0,0.0,0.0,0.0
18975000000,3740,18975000000,map,0.1076526911439285,0.27466130691269586,-0.13352036409778129,0.0,0.0,0.0,0.0
18977000000,3741,18977000000,map,0.06716786005457687,-0.30448127655605417,0.205414255380583,0.0,0.0,0.0,0.0
18979000000,3742,18979000000,map,-0.3906821502015416,-0.04386287603213873,-0.2594582685271559,0.0,0.0,0.0,0.0
18981000000,3743,18981000000,map,-0.2916662722418074,0.3262237817518323,-0.22775142935385775,0.0,0.0,0.0,0.0
18983000000,3744,18983000000,map,0.39201362390216676,-0.3823635983496186,-0.06010129829442812,0.0,0.0,0.0,0.0
18984000000,3745,18984000000,map,-0.32755117036901615,-0.009866924540589905,-0.07964218223282782,0.0,0.0,0.0,0.0
18986000000,3746,18986000000,map,-0.06263644293866105,0.2646249505534627,-0.13953277545690462,0.0,0.0,0.0,0.0
18989000000,3747,18988000000,map,0.050211435313793296,-0.006902347163161182,-0.05330976081178218,0.0,0.0,0.0,0.0
18991000000,3748,18991000000,map,0.15254146595185136,0.03355928524974294,-0.18939904193355664,0.0,0.0,0.0,0.0
18993000000,3749,18992000000,map,-0.2870778511015549,0.12815323166526726,-0.25621696718929843,0.0,0.0,0.0,0.0
18995000000,3750,18995000000,map,0.09623130070885555,0.20520113517055139,0.283790558448202,0.0,0.0,0.0,0.0
18997000000,3751,18997000000,map,0.11934939785777021,-0.12345032991387045,0.17052111315945584,0.0,0.0,0.0,0.0
18999000000,3752,18999000000,map,0.07868274376738749,0.10161771975259692,0.11576063193170127,0.0,0.0,0.0,0.0
19001000000,3753,19001000000,map,0.27143170121279403,0.07042826776681654,0.1186391370449178,0.0,0.0,0.0,0.0
19003000000,3754,19003000000,map,-0.32205982260859234,-0.3115328356963776,-0.3906285091043771,0.0,0.0,0.0,0.0
19004000000,3755,19004000000,map,0.2772060143449183,-0.0055443987184815025,0.19492481743421908,0.0,0.0,0.0,0.0
19006000000,3756,19006000000,map,0.3179374022967171,-0.2638924782359558,-0.20142651404149042,0.0,0.0,0.0,0.0
19008000000,3757,19008000000,map,-0.14043899082045552,-0.3748250886936253,0.03275650608349051,0.0,0.0,0.0,0.0
19010000000,3758,19010000000,map,-0.34706700506302146,-0.23539732294798654,-0.05863377149891724,0.0,0.0,0.0,0.0
19012000000,3759,19012000000,map,0.08060280898886651,0.37729083357408466,-0.32659989638501763,0.0,0.0,0.0,0.0
19014000000,3760,19014000000,map,0.07473462813440629,-0.056835563517012466,-0.027030993122779345,0.0,0.0,0.0,0.0
19016000000,3761,19016000000,map,-0.38667751878723505,0.34485714758776287,-0.3724420282158754,0.0,0.0,0.0,0.0
19019000000,3762,19018000000,map,-0.26901305985915713,-0.11703235458198774,0.12098145109076974,0.0,0.0,0.0,0.0
19020000000,3763,19020000000,map,-0.1181004422667919,0.10373676530385434,0.14678535235089474,0.0,0.0,0.0,0.0
19022000000,3764,19022000000,map,-0.12932320867146568,-0.25070357686398503,-0.3998980208350534,0.0,0.0,0.0,0.0
19024000000,3765,19024000000,map,-0.030183467939929653,0.15214283742578116,-0.35021374013525547,0.0,0.0,0.0,0.0
19026000000,3766,19026000000,map,-0.3700437332820101,-0.11156685589948145,-0.06073094547475871,0.0,0.0,0.0,0.0
19028000000,3767,19028000000,map,-0.22684922224312937,-0.3211975083030769,-0.22355628885277437,0.0,0.0,0.0,0.0
19031000000,3768,19031000000,map,0.03536272500910159,0.06757701072581801,0.2455264951168984,0.0,0.0,0.0,0.0
19032000000,3769,19032000000,map,-0.2176058677737443,-0.34501798272545503,0.10435919046130837,0.0,0.0,0.0,0.0
19035000000,3770,19035000000,map,0.3571338250546491,-0.06536429449459402,-0.35055053507070894,0.0,0.0,0.0,0.0
19037000000,3771,19037000000,map,0.04613147661400524,-0.022231921649657538,0.20263955071883633,0.0,0.0,0.0,0.0
19039000000,3772,19038000000,map,-0.2230755442294266,-0.11129268502778167,0.06102877635461157,0.0,0.0,0.0,0.0
19041000000,3773,19041000000,map,0.058631862022687276,-0.07426098142950238,-0.2855049907016429,0.0,0.0,0.0,0.0
19043000000,3774,19042000000,map,0.03341874820841495,0.2952600737130937,0.04800766211996599,0.0,0.0,0.0,0.0
19044000000,3775,19044000000,map,-0.28387958668271057,-0.30901821309485805,-0.39630945365498066,0.0,0.0,0.0,0.0
19046000000,3776,19046000000,map,-0.04451452150907559,0.254663042328226,0.01326106382590797,0.0,0.0,0.0,0.0
19048000000,3777,19048000000,map,-0.30468101635144496,0.259856522845899,-0.29192285229199205,0.0,0.0,0.0,0.0
19050000000,3778,19050000000,map,-0.14235603648318162,0.0366229028700622,0.2114756175847755,0.0,0.0,0.0,0.0
19052000000,3779,19052000000,map,-0.34132914341186826,-0.35985769565762205,-0.009143232179528948,0.0,0.0,0.0,0.0
19054000000,3780,19054000000,map,0.17569367687319448,-0.03833309424833853,-0.3137103926070576,0.0,0.0,0.0,0.0
19056000000,3781,19056000000,map,0.14546563293249937,0.2914400318312256,0.19600771258796001,0.0,0.0,0.0,0.0
19058000000,3782,19058000000,map,0.09120076189027415,-0.047800446077398695,0.10238978706989366,0.0,0.0,0.0,0.0
19060000000,3783,19060000000,map,-0.16234968950010686,0.33746654095334716,0.09263239697907871,0.0,0.0,0.0,0.0
19062000000,3784,19062000000,map,0.27165906825464525,0.010620748267509028,0.376870536226074,0.0,0.0,0.0,0.0
19065000000,3785,19064000000,map,0.1493218863147432,-0.00027519935451086885,-0.21319875311909262,0.0,0.0,0.0,0.0
19066000000,3786,19066000000,map,0.1414299196265021,0.12302893716361307,-0.16154153742429336,0.0,0.0,0.0,0.0
19068000000,3787,19068000000,map,0.13437244905380896,-0.29946889283953443,-0.13974924594392885,0.0,0.0,0.0,0.0
19070000000,3788,19070000000,map,0.17883859351452347,-0.3350938435595591,0.3120486355368197,0.0,0.0,0.0,0.0
19072000000,3789,19072000000,map,-0.14717583337693818,0.2675700415654644,0.3596927608912369,0.0,0.0,0.0,0.0
19075000000,3790,19075000000,map,0.3661166200149649,0.0023306788930068656,-0.31171359660587783,0.0,0.0,0.0,0.0
19076000000,3791,19076000000,map,0.032680804474864655,-0.056660280943570396,0.24863182267577277,0.0,0.0,0.0,0.0
19079000000,3792,19079000000,map,0.2627478179997278,-0.05423685213773233,0.10758916858910861,0.0,0.0,0.0,0.0
19080000000,3793,19080000000,map,-0.21414484181734023,-0.07841382033189304,0.023393255170630844,0.0,0.0,0.0,0.0
19083000000,3794,19083000000,map,-0.09069063611161798,-0.3556350031242812,-0.15920302158330177,0.0,0.0,0.0,0.0
19084000000,3795,19084000000,map,-0.03853073198450441,-0.19571636039812,-0.353817975000283,0.0,0.0,0.0,0.0
19086000000,3796,19086000000,map,-0.08218295755953409,-0.20355137547188906,-0.2953214559461923,0.0,0.0,0.0,0.0
19090000000,3797,19090000000,map,-0.1495750556294197,0.25505283945885715,-0.12232675076500849,0.0,0.0,0.0,0.0
19091000000,3798,19091000000,map,0.38553914439227177,0.17395080745233327,0.007418374404479899,0.0,0.0,0.0,0.0
19092000000,3799,19092000000,map,-0.38889028527251485,0.2172514276767732,0.2468663039577006,0.0,0.0,0.0,0.0
19095000000,3800,19095000000,map,0.14505452241545336,0.12718226304880154,0.013295852855215728,0.0,0.0,0.0,0.0
19097000000,3801,19096000000,map,-0.3655710011651802,-0.3842217357600059,-0.0803268789410091,0.0,0.0,0.0,0.0
19099000000,3802,19099000000,map,-0.294538263865364,0.2748400579874011,-0.15868013418140975,0.0,0.0,0.0,0.0
19101000000,3803,19101000000,map,0.2021592477302494,0.344170872051335,0.2902387518693528,0.0,0.0,0.0,0.0
19103000000,3804,19103000000,map,0.21690175610029883,-0.14126651382430627,0.2905084998174663,0.0,0.0,0.0,0.0
19105000000,3805,19105000000,map,0.30416545361293645,-0.2107781805771738,0.14933185728684772,0.0,0.0,0.0,0.0
19107000000,3806,19107000000,map,0.12637287266494446,0.23436147486061154,-0.24577408314513033,0.0,0.0,0.0,0.0
19109000000,3807,19109000000,map,-0.06173208137307079,-0.20518538531862535,-0.33346123918865367,0.0,0.0,0.0,0.0
19111000000,3808,19111000000,map,0.2492500365198761,-0.3117291768726861,0.34654525584628504,0.0,0.0,0.0,0.0
19113000000,3809,19113000000,map,0.360446352124311,0.12668017713773216,0.04682867833659665,0.0,0.0,0.0,0.0
19115000000,3810,19115000000,map,0.1986822349912314,0.24343284482769156,-0.25502172796395317,0.0,0.0,0.0,0.0
19117000000,3811,19117000000,map,-0.3271939732338171,-0.2984055563217369,0.14744990227502053,0.0,0.0,0.0,0.0
19118000000,3812,19118000000,map,0.3191631226915629,-0.11990416867837433,-0.05685193277524092,0.0,0.0,0.0,0.0
19120000000,3813,19120000000,map,0.21495793737226365,-0.2541671132742387,0.1771834257977234,0.0,0.0,0.0,0.0
19123000000,3814,19123000000,map,0.07821956114135953,-0.12456521400714021,-0.2952843609518332,0.0,0.0,0.0,0.0
19124000000,3815,19124000000,map,0.34051038731403616,-0.13300661878885783,-0.3135869763591862,0.0,0.0,0.0,0.0
19127000000,3816,19126000000,map,-0.3351644405493597,-0.2994645760913448,0.3982843682050933,0.0,0.0,0.0,0.0
19128000000,3817,19128000000,map,-0.14975675661947324,-0.041771081741665106,0.30277167150742246,0.0,0.0,0.0,0.0
19131000000,3818,19131000000,map,0.07791948267227389,0.3236746591254206,0.253525035373556,0.0,0.0,0.0,0.0
19133000000,3819,19133000000,map,-0.31886157449305913,-0.09228562795010253,0.08695996005278728,0.0,0.0,0.0,0.0
19135000000,3820,19135000000,map,0.34912411834817325,0.1706430091473714,0.044771653733048755,0.0,0.0,0.0,0.0
19136000000,3821,19136000000,map,0.10401583888627752,0.2699045170389346,0.30765059406505835,0.0,0.0,0.0,0.0
19139000000,3822,19138000000,map,-0.3738989850436726,0.19916670488114385,-0.23851192989522185,0.0,0.0,0.0,0.0
19141000000,3823,19140000000,map,0.17295388651597343,-0.22855040899980078,-0.3341082776628315,0.0,0.0,0.0,0.0
19143000000,3824,19143000000,map,-0.34336170286316253,-0.026250664273827218,-0.21133739036308163,0.0,0.0,0.0,0.0
19145000000,3825,19145000000,map,0.2117094062228787,0.2272387830494872,0.3664310909005509,0.0,0.0,0.0,0.0
19147000000,3826,19147000000,map,-0.35968319566689716,-0.2963584474739872,0.10613768671954271,0.0,0.0,0.0,0.0
19149000000,3827,19149000000,map,-0.11641495363282495,0.10637946887813843,0.3420306362522837,0.0,0.0,0.0,0.0
19151000000,3828,19151000000,map,-0.15755402338812163,-0.12397576320862785,0.10886168665306761,0.0,0.0,0.0,0.0
19153000000,3829,19153000000,map,0.18503263708841533,0.3030933194230182,-0.1291986424757645,0.0,0.0,0.0,0.0
19155000000,3830,19155000000,map,-0.09016076242092358,0.20901514862623305,0.05567822275804979,0.0,0.0,0.0,0.0
19157000000,3831,19157000000,map,-0.21896734881670132,-0.3683037446041191,0.28049107093899694,0.0,0.0,0.0,0.0
19158000000,3832,19158000000,map,-0.2417691716412001,0.36594369072379107,0.3188499107486614,0.0,0.0,0.0,0.0
19161000000,3833,19161000000,map,0.14304763235943208,-0.26989358847771905,0.15378000724884044,0.0,0.0,0.0,0.0
19162000000,3834,19162000000,map,0.06885356119812513,-0.2545199558376533,0.3301062950398598,0.0,0.0,0.0,0.0
19164000000,3835,19164000000,map,-0.32521786563495036,-0.3238618188384349,0.2683819186667349,0.0,0.0,0.0,0.0
19166000000,3836,19166000000,map,0.0866840451621731,0.3037824763975613,0.1264424736665496,0.0,0.0,0.0,0.0
19168000000,3837,19168000000,map,0.1858316986224614,0.08495727043537649,-0.23363590953815108,0.0,0.0,0.0,0.0
19170000000,3838,19170000000,map,-0.38903647593966734,-0.22341400834283112,0.24271136901433743,0.0,0.0,0.0,0.0
19172000000,3839,19172000000,map,-0.06069135311267582,-0.3856106268840114,-0.2536252031391409,0.0,0.0,0.0,0.0
19174000000,3840,19174000000,map,0.36348461973810686,-0.3347713650487794,-0.2789288754696219,0.0,0.0,0.0,0.0
19176000000,3841,19176000000,map,-0.04972329626519584,0.09816135962207684,-0.06891079108402526,0.0,0.0,0.0,0.0
19179000000,3842,19178000000,map,-0.1164321683469608,-0.08214932872372266,-0.37050809188532124,0.0,0.0,0.0,0.0
19180000000,3843,19180000000,map,-0.15725809554195747,0.15063621273111027,-0.17381796910440717,0.0,0.0,0.0,0.0
19183000000,3844,19183000000,map,0.37377618844795923,-0.06986286561776228,0.35430058832037836,0.0,0.0,0.0,0.0
19185000000,3845,19185000000,map,0.3879687364307799,0.3316847620500252,-0.2591887835568407,0.0,0.0,0.0,0.0
19187000000,3846,19187000000,map,-0.11588272437451869,0.18653672636705976,0.21684089248021365,0.0,0.0,0.0,0.0
19189000000,3847,19189000000,map,0.32430939713848206,-0.3915444900227113,-0.1353502702610337,0.0,0.0,0.0,0.0
19191000000,3848,19191000000,map,0.18795761360102825,0.3964027505904678,0.3032417394929342,0.0,0.0,0.0,0.0
19193000000,3849,19193000000,map,0.37790912224754336,0.08391749999819476,-0.39833861797564135,0.0,0.0,0.0,0.0
19195000000,3850,19195000000,map,-0.10674725340438279,0.026530258444252275,0.36420035350381197,0.0,0.0,0.0,0.0
19197000000,3851,19197000000,map,0.127314642879076,-0.3676140422454751,-0.341960408288447,0.0,0.0,0.0,0.0
19199000000,3852,19199000000,map,0.1317727170700389,-0.12910008205252094,-0.12903351209457886,0.0,0.0,0.0,0.0
19201000000,3853,19201000000,map,-0.10494726318457248,-0.15413520334752204,-0.16957019280937163,0.0,0.0,0.0,0.0
19203000000,3854,19202000000,map,0.016726359296511784,-0.2728924282935067,0.3423033446455095,0.0,0.0,0.0,0.0
19204000000,3855,19204000000,map,0.3414057967338008,0.07090327218834691,0.37096794421809653,0.0,0.0,0.0,0.0
19206000000,3856,19206000000,map,-0.020030225664081303,0.2756856146215205,-0.15389127942295025,0.0,0.0,0.0,0.0
19209000000,3857,19208000000,map,-0.12279062201534963,-0.2448772735542734,-0.10904145008097904,0.0,0.0,0.0,0.0
19210000000,3858,19210000000,map,-0.06909335253523569,-0.22172023232079674,0.02452548769542373,0.0,0.0,0.0,0.0
19213000000,3859,19212000000,map,0.2389566897198162,0.06463501485794543,-0.34351213487656324,0.0,0.0,0.0,0.0
19214000000,3860,19214000000,map,0.17186601747252772,-0.33486044921737584,-0.06894177675442364,0.0,0.0,0.0,0.0
19217000000,3861,19217000000,map,0.10771647708646481,0.34172614624643305,0.04985835811963585,0.0,0.0,0.0,0.0
19219000000,3862,19219000000,map,0.03139722455152977,0.0005565283674940358,-0.15796338045582825,0.0,0.0,0.0,0.0
19221000000,3863,19220000000,map,0.28098122241457246,-0.17520808549469302,0.049062407621063175,0.0,0.0,0.0,0.0
19223000000,3864,19223000000,map,0.21445554278733026,0.21632020134902752,0.3592974185169784,0.0,0.0,0.0,0.0
19225000000,3865,19225000000,map,-0.040902544161157406,-0.28870166896646354,0.13728821553802983,0.0,0.0,0.0,0.0
19227000000,3866,19227000000,map,-0.35817347010837663,-0.2885189366754445,0.2017586522768393,0.0,0.0,0.0,0.0
19229000000,3867,19228000000,map,0.12271740982417756,0.006522912629441879,-0.09186010633022579,0.0,0.0,0.0,0.0
19230000000,3868,19230000000,map,-0.3140694652866981,0.37979169314607153,-0.21385405886124081,0.0,0.0,0.0,0.0
19233000000,3869,19233000000,map,0.3242261054287209,0.23418017975923933,-0.15663143855153738,0.0,0.0,0.0,0.0
19234000000,3870,19234000000,map,0.1410014256945138,0.32723374565010754,0.3032568067894811,0.0,0.0,0.0,0.0
19237000000,3871,19237000000,map,-0.08293150011896105,0.18033465634348855,0.38399145585297645,0.0,0.0,0.0,0.0
19239000000,3872,19238000000,map,-0.12818968455449986,-0.08585416571113164,0.0012801331389862836,0.0,0.0,0.0,0.0
19241000000,3873,19240000000,map,0.15377219347397486,-0.266374086656049,0.2912016275443746,0.0,0.0,0.0,0.0
19243000000,3874,19242000000,map,0.3310349295990087,-0.22912569768700736,0.15559333994283953,0.0,0.0,0.0,0.0
19244000000,3875,19244000000,map,0.22622785867091633,0.3977807738298279,0.021624538750708133,0.0,0.0,0.0,0.0
19246000000,3876,19246000000,map,-0.2507865135442445,0.33504889386594905,-0.046936952096979956,0.0,0.0,0.0,0.0
19249000000,3877,19249000000,map,-0.36526964521557065,-0.14778095940225594,0.046738929311047006,0.0,0.0,0.0,0.0
19251000000,3878,19251000000,map,0.25053762479360797,0.2944084829082183,-0.05972974618821786,0.0,0.0,0.0,0.0
19253000000,3879,19252000000,map,0.10341101065449498,-0.3767789535688551,0.147060643321836,0.0,0.0,0.0,0.0
19255000000,3880,19254000000,map,0.22748735983931678,-0.1661656731459659,-0.2810829194994867,0.0,0.0,0.0,0.0
19257000000,3881,19257000000,map,0.13954269919325135,-0.37494624115270564,0.20733937816707804,0.0,0.0,0.0,0.0
19259000000,3882,19259000000,map,0.10435631705529436,-0.26230724252728316,0.3292176472771392,0.0,0.0,0.0,0.0
19261000000,3883,19261000000,map,0.04578281827063746,-0.3932607554581109,-0.28736868793361753,0.0,0.0,0.0,0.0
19263000000,3884,19263000000,map,-0.24866458960563936,0.17728748919456305,0.03958657769918872,0.0,0.0,0.0,0.0
19265000000,3885,19265000000,map,0.2831794438669254,-0.38186259642665316,0.31259482151674767,0.0,0.0,0.0,0.0
19266000000,3886,19266000000,map,-0.291461378856538,-0.07209273925315995,-0.30681340719303074,0.0,0.0,0.0,0.0
19268000000,3887,19268000000,map,-0.3961990609002979,-0.061541969756697124,0.3921265816865728,0.0,0.0,0.0,0.0
19270000000,3888,19270000000,map,-0.3795657176571826,0.2778540903552683,0.0256514574976916,0.0,0.0,0.0,0.0
19273000000,3889,19273000000,map,0.07383725715121414,-0.27315376083006726,-0.2786208201349462,0.0,0.0,0.0,0.0
19275000000,3890,19275000000,map,0.007258780744051951,0.3135342645731598,0.2595910402568923,0.0,0.0,0.0,0.0
19277000000,3891,19277000000,map,-0.12688379613248252,0.01972998182393393,-0.29313034482604605,0.0,0.0,0.0,0.0
19279000000,3892,19279000000,map,0.12763845727134426,0.3826568575668049,0.36974443231722487,0.0,0.0,0.0,0.0
19281000000,3893,19281000000,map,0.04634426471808989,-0.2309183053247429,-0.2215540309160735,0.0,0.0,0.0,0.0
19283000000,3894,19283000000,map,-0.33800242929007807,-0.3452419506010187,0.10265737410169484,0.0,0.0,0.0,0.0
19285000000,3895,19285000000,map,-0.034828574749024344,0.28151349208397836,-0.10545183644782236,0.0,0.0,0.0,0.0
19287000000,3896,19287000000,map,0.28082601304536126,0.2739154790051076,-0.05702531540598321,0.0,0.0,0.0,0.0
19289000000,3897,19289000000,map,-0.27934283654868935,0.11723317815214629,-0.09079492388990829,0.0,0.0,0.0,0.0
19291000000,3898,19291000000,map,0.05811901414615661,-0.32634803655876077,0.05909721329143797,0.0,0.0,0.0,0.0
19293000000,3899,19293000000,map,-0.0334073100184058,0.04353401953905134,0.1291011209675671,0.0,0.0,0.0,0.0
19295000000,3900,19295000000,map,0.03781639689162902,-0.0783449794693854,-0.17476644368592315,0.0,0.0,0.0,0.0
19297000000,3901,19297000000,map,0.06548244228049149,0.37394946562446696,0.25041409937378667,0.0,0.0,0.0,0.0
19299000000,3902,19299000000,map,0.14208586426887782,0.30540128023231006,-0.2550069944187771,0.0,0.0,0.0,0.0
19301000000,3903,19301000000,map,-0.2130935812145476,-0.3752138815846442,0.2718499776465426,0.0,0.0,0.0,0.0
19303000000,3904,19303000000,map,-0.017447305869612018,-0.08397549199718363,0.09661309934267048,0.0,0.0,0.0,0.0
19305000000,3905,19305000000,map,-0.25343993896354156,0.10181477257512117,-0.3761447342393381,0.0,0.0,0.0,0.0
19307000000,3906,19307000000,map,0.13883011858004557,-0.22647115051377745,-0.18779186474136803,0.0,0.0,0.0,0.0
19309000000,3907,19309000000,map,-0.019171575180362388,0.3303586411916214,0.31288652909600256,0.0,0.0,0.0,0.0
19311000000,3908,19311000000,map,0.38763824362176724,0.2507511528372198,0.34883976188673205,0.0,0.0,0.0,0.0
19313000000,3909,19313000000,map,-0.24580104080203174,0.29755574574661414,-0.2083437363806363,0.0,0.0,0.0,0.0
19315000000,3910,19315000000,map,-0.01909576643277522,-0.11862238513244672,-0.37545925332926344,0.0,0.0,0.0,0.0
19317000000,3911,19317000000,map,0.31713569628815097,-0.20748034567392115,-0.36900593305847756,0.0,0.0,0.0,0.0
19319000000,3912,19319000000,map,0.23345508853422892,-0.06833988204856012,0.1617434308051655,0.0,0.0,0.0,0.0
19321000000,3913,19321000000,map,-0.335328432012852,0.14320902886473053,-0.11819409649775653,0.0,0.0,0.0,0.0
19323000000,3914,19323000000,map,-0.20794708513489604,0.17892010986813223,0.3501388743346727,0.0,0.0,0.0,0.0
19325000000,3915,19324000000,map,0.06169242106595674,0.2743040825749262,-0.11069496367133796,0.0,0.0,0.0,0.0
19327000000,3916,19326000000,map,0.3553648133197157,-0.20555119890489085,0.06773967062875669,0.0,0.0,0.0,0.0
19329000000,3917,19328000000,map,-0.2837820517788391,0.3489670637572092,-0.1757030489252229,0.0,0.0,0.0,0.0
19331000000,3918,19330000000,map,0.19167693109646033,-0.18293249418403176,-0.27050075513611305,0.0,0.0,0.0,0.0
19333000000,3919,19333000000,map,0.2516343530870919,-0.07290292130950488,0.10686231702793358,0.0,0.0,0.0,0.0
19335000000,3920,19335000000,map,0.2668759789060635,0.12091190288450393,-0.14344390090503306,0.0,0.0,0.0,0.0
19336000000,3921,19336000000,map,0.29452311953121757,0.26009405901711535,0.3249108252975269,0.0,0.0,0.0,0.0
19338000000,3922,19338000000,map,0.10310124944405241,0.10797572621499674,0.36340813141032735,0.0,0.0,0.0,0.0
19341000000,3923,19341000000,map,-0.10376278918784193,0.051059281746469676,-0.3460751918941106,0.0,0.0,0.0,0.0
19343000000,3924,19343000000,map,-0.24431002629150764,0.36450675914426944,0.2730453006517707,0.0,0.0,0.0,0.0
19345000000,3925,19345000000,map,0.27270089935061004,0.36586897044023814,0.31862980101956706,0.0,0.0,0.0,0.0
19347000000,3926,19347000000,map,0.3086695662429392,0.15907689131114855,-0.3209752871605705,0.0,0.0,0.0,0.0
19349000000,3927,19349000000,map,-0.2662962014396828,-0.0670287143064795,-0.3533616189622382,0.0,0.0,0.0,0.0
19352000000,3928,19352000000,map,0.349226505137861,0.31310945370657506,-0.21248330581563324,0.0,0.0,0.0,0.0
19353000000,3929,19353000000,map,0.11039783701565153,0.2010063429610338,-0.3720804626479421,0.0,0.0,0.0,0.0
19355000000,3930,19355000000,map,-0.28799861890916234,0.32410019164382564,-0.11773384654669056,0.0,0.0,0.0,0.0
19357000000,3931,19356000000,map,-0.09677736434104084,0.21225152497816568,-0.08020443819029449,0.0,0.0,0.0,0.0
19359000000,3932,19359000000,map,0.3543150265753131,0.07298058671199115,-0.29708218849836,0.0,0.0,0.0,0.0
19360000000,3933,19360000000,map,-0.3804952190434292,0.2819351812999721,0.051108096304181505,0.0,0.0,0.0,0.0
19363000000,3934,19363000000,map,0.14330627574806054,-0.009623140499732563,0.18949565256101852,0.0,0.0,0.0,0.0
19365000000,3935,19365000000,map,-0.050699770932238986,-0.2245969527216256,0.09977194666279576,0.0,0.0,0.0,0.0
19367000000,3936,19367000000,map,0.1735620721389013,0.3496762053796013,0.29528838106911093,0.0,0.0,0.0,0.0
19368000000,3937,19368000000,map,0.10521453376476853,0.04960680810870538,0.38863088161504344,0.0,0.0,0.0,0.0
19371000000,3938,19370000000,map,-0.03419125823396929,0.09600544725292998,-0.166013632516851,0.0,0.0,0.0,0.0
19372000000,3939,19372000000,map,0.13567012621149843,-0.3956866058873626,-0.3951763564284147,0.0,0.0,0.0,0.0
19374000000,3940,19374000000,map,0.06344541418262428,0.2778517954585159,0.14202900975353383,0.0,0.0,0.0,0.0
19376000000,3941,19376000000,map,0.07703874426519375,-0.3161137303441198,0.29770067695326774,0.0,0.0,0.0,0.0
19378000000,3942,19378000000,map,0.12322057745181003,0.23289942437927924,0.008903745601376578,0.0,0.0,0.0,0.0
19381000000,3943,19380000000,map,0.08139997771061547,0.21085389348618788,-0.2151841504590112,0.0,0.0,0.0,0.0
19382000000,3944,19382000000,map,-0.3724095415328582,0.3210305436932478,0.1247417139072361,0.0,0.0,0.0,0.0
19385000000,3945,19384000000,map,0.023531315600013092,0.28344775926855725,0.013760980990073057,0.0,0.0,0.0,0.0
19386000000,3946,19386000000,map,-0.0691124927414214,0.300514010046961,0.36774504502857297,0.0,0.0,0.0,0.0
19389000000,3947,19388000000,map,-0.10537937743762926,-0.33077583866968063,0.28622658294874914,0.0,0.0,0.0,0.0
19390000000,3948,19390000000,map,0.11775206711102415,-0.09046102934856703,0.15191964851659578,0.0,0.0,0.0,0.0
19393000000,3949,19393000000,map,0.1871783650170309,-0.21672737186133975,0.050709732806843544,0.0,0.0,0.0,0.0
19394000000,3950,19394000000,map,0.14273451978519225,-0.07056495644400818,0.10275856321265742,0.0,0.0,0.0,0.0
19396000000,3951,19396000000,map,0.3854824414958602,0.3938792593946234,0.27892174705733264,0.0,0.0,0.0,0.0
19399000000,3952,19398000000,map,0.09790056255447449,-0.042437280895251006,-0.3272784430581183,0.0,0.0,0.0,0.0
19401000000,3953,19400000000,map,-0.25865488954660215,-0.3484728940499967,-0.286340103685755,0.0,0.0,0.0,0.0
19403000000,3954,19403000000,map,0.19644946149689102,0.10976271751168554,0.2210743650883783,0.0,0.0,0.0,0.0
19404000000,3955,19404000000,map,0.35585776004675795,0.062250220129536515,0.3815071255271475,0.0,0.0,0.0,0.0
19407000000,3956,19407000000,map,0.20870115241945864,-0.1436990514418876,0.23631162165506303,0.0,0.0,0.0,0.0
19409000000,3957,19408000000,map,-0.2788763333401565,0.33900273091180444,-0.34590467479265,0.0,0.0,0.0,0.0
19411000000,3958,19411000000,map,0.34771900902672603,0.0916940749440564,0.10629955491786414,0.0,0.0,0.0,0.0
19413000000,3959,19412000000,map,-0.3064393190943097,0.04737419684815125,0.3681078987007783,0.0,0.0,0.0,0.0
19415000000,3960,19415000000,map,0.14540854927807012,-0.04637309936751316,-0.37006397107167577,0.0,0.0,0.0,0.0
19416000000,3961,19416000000,map,0.13695352549220108,-0.12169690148459822,-0.07451727923465745,0.0,0.0,0.0,0.0
19419000000,3962,19419000000,map,-0.21550699218930652,-0.3009133536141709,0.21402037136933305,0.0,0.0,0.0,0.0
19420000000,3963,19420000000,map,0.0051599805291074885,0.2943183447475213,-0.3656049838920192,0.0,0.0,0.0,0.0
19422000000,3964,19422000000,map,0.12435510371664038,0.3386914961387837,-0.32440367869971143,0.0,0.0,0.0,0.0
19424000000,3965,19424000000,map,-0.154392124007342,0.302708049015025,0.030116840215184015,0.0,0.0,0.0,0.0
19427000000,3966,19427000000,map,-0.13780479286935415,0.1912700500714144,-0.07162413879528745,0.0,0.0,0.0,0.0
19428000000,3967,19428000000,map,-0.014883127516729322,-0.21900942580293384,0.0032009101697427766,0.0,0.0,0.0,0.0
19431000000,3968,19431000000,map,-0.14040438508951197,-0.2971683378448746,0.10251770248035563,0.0,0.0,0.0,0.0
19433000000,3969,19433000000,map,-0.2223143410172075,0.37961127304910514,-0.04522011003606924,0.0,0.0,0.0,0.0
19435000000,3970,19435000000,map,-0.2610481399424952,-0.09449246172675135,0.030989246773983126,0.0,0.0,0.0,0.0
19437000000,3971,19436000000,map,0.06943205877074687,-0.316210401010816,-0.16813002226922166,0.0,0.0,0.0,0.0
19439000000,3972,19439000000,map,-0.36439421539347927,0.2993386306101762,-0.01770717782739134,0.0,0.0,0.0,0.0
19441000000,3973,19441000000,map,-0.38243424928899267,-0.09109970635927928,-0.12335955519604447,0.0,0.0,0.0,0.0
19443000000,3974,19443000000,map,0.34188749158414034,-0.2888436248826092,0.04846911909555579,0.0,0.0,0.0,0.0
19446000000,3975,19445000000,map,-0.3755724975269672,0.18347999398974335,-0.37688650716704636,0.0,0.0,0.0,0.0
19448000000,3976,19448000000,map,-0.27797789831862035,0.37810024673560927,-0.12958857304552301,0.0,0.0,0.0,0.0
19450000000,3977,19450000000,map,0.2982482460129504,-0.2911006396728175,0.09377297514067484,0.0,0.0,0.0,0.0
19452000000,3978,19452000000,map,0.20440833314915707,0.0150611859658496,-0.274587265409181,0.0,0.0,0.0,0.0
19453000000,3979,19453000000,map,-0.010045562847047385,0.37328408972686666,0.29436284717961547,0.0,0.0,0.0,0.0
19455000000,3980,19455000000,map,-0.1512257561067597,0.18841062098545813,-0.03675352808645638,0.0,0.0,0.0,0.0
19457000000,3981,19457000000,map,-0.026447435800596275,-0.0677767501820829,0.19030196862970594,0.0,0.0,0.0,0.0
19458000000,3982,19458000000,map,0.23433517281735317,-0.31496002432434456,-0.34219933772224936,0.0,0.0,0.0,0.0
19461000000,3983,19461000000,map,0.17678490624684806,-0.3957914205638854,0.33382050892439863,0.0,0.0,0.0,0.0
19463000000,3984,19462000000,map,-0.15348373864580625,0.36705580113562497,0.2308984273317195,0.0,0.0,0.0,0.0
19464000000,3985,19464000000,map,0.022699110842764103,-0.11711991664088367,0.06164893936417071,0.0,0.0,0.0,0.0
19466000000,3986,19466000000,map,0.3173833935807735,-0.3833070048689785,-0.381751007981923,0.0,0.0,0.0,0.0
19468000000,3987,19468000000,map,0.018426727845306357,0.011372255984035795,0.20972414502171355,0.0,0.0,0.0,0.0
19470000000,3988,19470000000,map,-0.2322451537559151,0.2047593213366613,0.04161373195707868,0.0,0.0,0.0,0.0
19472000000,3989,19472000000,map,0.16030342748648563,0.23979602694371382,-0.17959304912600949,0.0,0.0,0.0,0.0
19475000000,3990,19475000000,map,-0.250929879210633,-0.19431240476412215,0.14937278288116396,0.0,0.0,0.0,0.0
19476000000,3991,19476000000,map,-0.21311828999374138,0.10201089570334132,0.1891166949869505,0.0,0.0,0.0,0.0
19479000000,3992,19479000000,map,-0.053523180695632,-0.09380043206131228,-0.07770582327636633,0.0,0.0,0.0,0.0
19480000000,3993,19480000000,map,-0.20757386233418174,-0.3426720594506003,-0.2986152378959312,0.0,0.0,0.0,0.0
19482000000,3994,19482000000,map,-0.33980029769255937,0.3284618223395709,-0.05307448639888285,0.0,0.0,0.0,0.0
19484000000,3995,19484000000,map,0.1673658851400217,0.01433445543903833,0.35845849181337275,0.0,0.0,0.0,0.0
19486000000,3996,19486000000,map,-0.32489448327183695,-0.32240836631972525,0.17611138355913492,0.0,0.0,0.0,0.0
19488000000,3997,19488000000,map,0.29588551167445887,0.1432913176877575,-0.16019040096062498,0.0,0.0,0.0,0.0
19490000000,3998,19490000000,map,0.22038427038760888,-0.04981304529920483,-0.2127731350398824,0.0,0.0,0.0,0.0
19492000000,3999,19492000000,map,0.277289273553053,-0.3451489694113207,-0.07696419350445655,0.0,0.0,0.0,0.0
19495000000,4000,19494000000,map,-0.3127852316195179,-0.06803790372058138,0.2553249211738996,0.0,0.0,0.0,0.0
19497000000,4001,19497000000,map,0.18662355394629682,0.07498402751729316,0.3131170476847398,0.0,0.0,0.0,0.0
19499000000,4002,19499000000,map,0.28576158458417733,-0.03065267222536211,0.30791082132737524,0.0,0.0,0.0,0.0
19501000000,4003,19501000000,map,0.18252600433882127,-0.3120809042985619,-0.39841755293577935,0.0,0.0,0.0,0.0
19503000000,4004,19503000000,map,-0.37239592984384673,-0.3035630484312309,0.3942402721334103,0.0,0.0,0.0,0.0
19505000000,4005,19505000000,map,0.23727755898928637,-0.14456955315502013,-0.110696828046284,0.0,0.0,0.0,0.0
19507000000,4006,19507000000,map,-0.03316711971241221,-0.31800085400706535,0.10002489964431249,0.0,0.0,0.0,0.0
19509000000,4007,19509000000,map,-0.20597114177202216,-0.23479941308245106,0.11948956548255452,0.0,0.0,0.0,0.0
19511000000,4008,19511000000,map,-0.16846468551918306,-0.18033956317578023,0.13757615124902167,0.0,0.0,0.0,0.0
19512000000,4009,19512000000,map,-0.38464376749260837,-0.19329204175677606,0.1859464158988452,0.0,0.0,0.0,0.0
19515000000,4010,19515000000,map,0.2883288533134394,-0.3305007877889902,-0.3530816780344255,0.0,0.0,0.0,0.0
19517000000,4011,19516000000,map,-0.2052418571674661,-0.012012745872878205,0.33003368618857165,0.0,0.0,0.0,0.0
19519000000,4012,19519000000,map,-0.3336786858623504,-0.3684604604984313,0.3549128468014694,0.0,0.0,0.0,0.0
19520000000,4013,19520000000,map,-0.05378233684372996,0.028942029554476723,0.21432403086183305,0.0,0.0,0.0,0.0
19523000000,4014,19523000000,map,-0.3358395418964113,-0.34444628132677657,0.14017261253134083,0.0,0.0,0.0,0.0
19525000000,4015,19525000000,map,-0.1332506229587317,-0.31371641715729404,-0.04126426869764177,0.0,0.0,0.0,0.0
19527000000,4016,19527000000,map,-0.2918579936569714,0.26278262692735266,0.15598913566739891,0.0,0.0,0.0,0.0
19529000000,4017,19529000000,map,-0.13829875133547515,-0.07330475389505964,-0.0213064758376727,0.0,0.0,0.0,0.0
19531000000,4018,19531000000,map,0.2801093126213483,0.09399455830627013,0.09463326438834524,0.0,0.0,0.0,0.0
19533000000,4019,19533000000,map,-0.0428563835518504,0.31619439661452564,-0.31349945081106834,0.0,0.0,0.0,0.0
19535000000,4020,19534000000,map,-0.25140765977889196,0.27419699926150665,-0.3746203019221198,0.0,0.0,0.0,0.0
19537000000,4021,19537000000,map,0.2236688083728937,-0.04699343156223862,0.23527659820970415,0.0,0.0,0.0,0.0
19539000000,4022,19538000000,map,-0.32008282825809364,-0.02867071165882973,0.0185273093211335,0.0,0.0,0.0,0.0
19540000000,4023,19540000000,map,0.038149283058977634,-0.23467202905594178,-0.32154751018933336,0.0,0.0,0.0,0.0
19543000000,4024,19543000000,map,-0.13844802034938214,0.14684573214428465,-0.13025906811110943,0.0,0.0,0.0,0.0
19545000000,4025,19545000000,map,0.13928228678963106,0.35167433621793287,-0.35496529594110204,0.0,0.0,0.0,0.0
19547000000,4026,19547000000,map,0.3246782849040185,-0.3532027697212496,0.14367135810792475,0.0,0.0,0.0,0.0
19549000000,4027,19549000000,map,0.2665220890154405,-0.24384926984030392,-0.0021774125371876174,0.0,0.0,0.0,0.0
19551000000,4028,19551000000,map,0.013520873620128104,0.14984212325466184,-0.1910997388551095,0.0,0.0,0.0,0.0
19553000000,4029,19553000000,map,-0.08126253309390064,-0.27537542578514496,-0.24443953104038574,0.0,0.0,0.0,0.0
19555000000,4030,19555000000,map,-0.28620208285104237,-0.35949043425967797,0.37089329749028777,0.0,0.0,0.0,0.0
19557000000,4031,19557000000,map,-0.3352755360611087,-0.10202924091424709,0.3746245045123374,0.0,0.0,0.0,0.0
19559000000,4032,19559000000,map,-0.24236300212266304,0.22293017980845675,0.03782171793598321,0.0,0.0,0.0,0.0
19561000000,4033,19561000000,map,-0.30396545152259935,0.10966278364890714,-0.08875576318986622,0.0,0.0,0.0,0.0
19564000000,4034,19564000000,map,-0.09025679511739393,-0.16953019187542215,0.38503868466458024,0.0,0.0,0.0,0.0
19565000000,4035,19565000000,map,0.2630287373840434,-0.04890742025422634,0.12941918648511508,0.0,0.0,0.0,0.0
19568000000,4036,19567000000,map,-0.11385918638672654,-0.37016724298929915,0.19041807686370416,0.0,0.0,0.0,0.0
19570000000,4037,19570000000,map,0.19286409926252523,-0.13246022932821677,0.06062651669005198,0.0,0.0,0.0,0.0
19572000000,4038,19572000000,map,0.005159861367010521,0.3415715572298692,-0.35616444200307035,0.0,0.0,0.0,0.0
19574000000,4039,19574000000,map,-0.24036741759305824,0.06319768212348398,0.38169769131704134,0.0,0.0,0.0,0.0
19576000000,4040,19576000000,map,0.3393568168929394,-0.1390672786562892,0.2732887154196122,0.0,0.0,0.0,0.0
19578000000,4041,19578000000,map,0.1513378950371329,0.17126804540518226,0.25987231763940144,0.0,0.0,0.0,0.0
19580000000,4042,19580000000,map,0.07184075662958439,-0.16867356379418955,0.26292313427170944,0.0,0.0,0.0,0.0
19581000000,4043,19581000000,map,0.0942573112943278,-0.31612669121071985,0.2666979688251153,0.0,0.0,0.0,0.0
19582000000,4044,19582000000,map,0.06426353827419345,-0.36074318054224164,0.18182304878354816,0.0,0.0,0.0,0.0
19585000000,4045,19584000000,map,0.32644001120561683,-0.1797650724299532,0.16108472595619028,0.0,0.0,0.0,0.0
19587000000,4046,19586000000,map,-0.17622240091369915,0.23361039065954936,-0.3347181084354731,0.0,0.0,0.0,0.0
19588000000,4047,19588000000,map,0.2803319010078055,0.31357342740830907,0.13152818718604875,0.0,0.0,0.0,0.0
19590000000,4048,19590000000,map,-0.22488659346119955,0.10454184780494913,0.2773365564230653,0.0,0.0,0.0,0.0
19592000000,4049,19592000000,map,0.31083224524448305,-0.15438227309092203,0.34772786140971934,0.0,0.0,0.0,0.0
19595000000,4050,19595000000,map,-0.013403471805260081,0.16743461028466156,0.006480899695859577,0.0,0.0,0.0,0.0
19597000000,4051,19597000000,map,-0.16439466672451047,-0.31337781769384987,0.030640997762127475,0.0,0.0,0.0,0.0
19598000000,4052,19598000000,map,0.3860084540812585,-0.21473047974588264,-0.2683062696493241,0.0,0.0,0.0,0.0
19601000000,4053,19601000000,map,-0.020709790176065057,-0.05123579373050163,-0.08067976129669147,0.0,0.0,0.0,0.0
19603000000,4054,19603000000,map,0.3083628094277445,0.2941997152997806,-0.36486110467597493,0.0,0.0,0.0,0.0
19604000000,4055,19604000000,map,-0.13527875999595013,0.38857104220586247,-0.19026686168333257,0.0,0.0,0.0,0.0
19606000000,4056,19606000000,map,0.29553021806702395,-0.1925439592766659,-0.31013223992196753,0.0,0.0,0.0,0.0
19609000000,4057,19609000000,map,0.028207299145504794,0.05539888003092042,0.14991992309142332,0.0,0.0,0.0,0.0
19610000000,4058,19610000000,map,-0.34402846634917467,0.3886684254497266,0.07409403256254132,0.0,0.0,0.0,0.0
19612000000,4059,19612000000,map,-0.12543795271769825,-0.21773617806693202,0.3102206454837517,0.0,0.0,0.0,0.0
19615000000,4060,19615000000,map,0.2837218918526059,0.13102856768357019,-0.0671963191161547,0.0,0.0,0.0,0.0
19617000000,4061,19617000000,map,0.3426871750582996,0.1390648298581303,0.03411904199997212,0.0,0.0,0.0,0.0
19619000000,4062,19619000000,map,0.07793762377586883,-0.06373305044259292,0.2934983763857917,0.0,0.0,0.0,0.0
19621000000,4063,19621000000,map,-0.3204933112873768,-0.3210988298472186,-0.3988714114541981,0.0,0.0,0.0,0.0
19624000000,4064,19624000000,map,-0.35057664721955734,0.2753779287339502,0.10703635915414911,0.0,0.0,0.0,0.0
19626000000,4065,19626000000,map,0.1631223273443131,-0.15718100928826761,0.36084412870094995,0.0,0.0,0.0,0.0
19628000000,4066,19628000000,map,0.32161171876955896,-0.0828346945072792,-0.1871454831541847,0.0,0.0,0.0,0.0
19630000000,4067,19630000000,map,-0.09364979746756685,0.05773492060847474,-0.30927853782748677,0.0,0.0,0.0,0.0
19632000000,4068,19632000000,map,-0.28325998011563347,0.21002131441378136,0.17256724260401846,0.0,0.0,0.0,0.0
19634000000,4069,19634000000,map,-0.1940637374246777,0.02495447441881027,-0.3036006554446119,0.0,0.0,0.0,0.0
19636000000,4070,19636000000,map,-0.05715620220950424,-0.3651265876112974,0.2830741066366188,0.0,0.0,0.0,0.0
19638000000,4071,19638000000,map,-0.2060909851611245,0.14963043643862572,-0.0011298431705835665,0.0,0.0,0.0,0.0
19640000000,4072,19640000000,map,0.11533653549748202,0.36789786864492247,-0.38783823640696463,0.0,0.0,0.0,0.0
19642000000,4073,19642000000,map,0.20390024754817204,0.3506249663175277,-0.19551374598743987,0.0,0.0,0.0,0.0
19643000000,4074,19643000000,map,0.3057261056571753,0.3175198510268895,0.17247986568692641,0.0,0.0,0.0,0.0
19645000000,4075,19645000000,map,-0.1669651256184539,-0.0303990077115589,-0.30969324024309963,0.0,0.0,0.0,0.0
19646000000,4076,19646000000,map,0.2162941760016749,-0.03159174672991805,-0.12929721007229528,0.0,0.0,0.0,0.0
19649000000,4077,19649000000,map,-0.27214210716884935,-0.31939337668863593,0.1612907672945616,0.0,0.0,0.0,0.0
19650000000,4078,19650000000,map,-0.28355082138884063,0.353508151086978,-0.27534511684844254,0.0,0.0,0.0,0.0
19652000000,4079,19652000000,map,-0.09244936102094858,-0.30507738733970535,-0.005209512727054333,0.0,0.0,0.0,0.0
19654000000,4080,19654000000,map,0.06703913032029252,0.17631013590503908,0.37428695762571984,0.0,0.0,0.0,0.0
19657000000,4081,19657000000,map,-0.3386353032980869,-0.34047664316691983,-0.33181527191469795,0.0,0.0,0.0,0.0
19658000000,4082,19658000000,map,0.12246603993531646,0.02185749134892756,-0.035853454091970716,0.0,0.0,0.0,0.0
19660000000,4083,19660000000,map,0.16381949208994706,0.32505332793137576,0.38090327793758705,0.0,0.0,0.0,0.0
19663000000,4084,19663000000,map,-0.3019407386170752,0.32695143609986466,0.37001404835266627,0.0,0.0,0.0,0.0
19665000000,4085,19664000000,map,-0.18084533240415923,-0.3341494914244239,0.2829191734110048,0.0,0.0,0.0,0.0
19667000000,4086,19667000000,map,-0.18686773562342227,-0.026373328249299444,0.33126827564563155,0.0,0.0,0.0,0.0
19669000000,4087,19669000000,map,0.3980601950053465,-0.06779315426131594,0.3593088897879404,0.0,0.0,0.0,0.0
19671000000,4088,19671000000,map,0.1523888976141734,0.12843101628997666,0.12875715231228446,0.0,0.0,0.0,0.0
19673000000,4089,19673000000,map,-0.2946437613214657,-0.35073403245138285,0.03767837397972684,0.0,0.0,0.0,0.0
19675000000,4090,19675000000,map,0.3170222324905194,-0.37016696246559544,0.3058082732073045,0.0,0.0,0.0,0.0
19676000000,4091,19676000000,map,-0.2421223798795294,0.28762127707565377,0.316077953326908,0.0,0.0,0.0,0.0
19678000000,4092,19678000000,map,0.062123623248136695,0.26842181289364975,0.16757104467027606,0.0,0.0,0.0,0.0
19681000000,4093,19681000000,map,-0.19077800174145457,-0.3727820951609648,0.2739445492102339,0.0,0.0,0.0,0.0
19683000000,4094,19683000000,map,-0.18409190634318448,-0.07589932229667651,-0.20135919211353726,0.0,0.0,0.0,0.0
19685000000,4095,19685000000,map,-0.1402887628896301,-0.30117747840658815,-0.23172908619703714,0.0,0.0,0.0,0.0
19687000000,4096,19687000000,map,-0.3171636071208191,0.343248286557189,0.20935764360813092,0.0,0.0,0.0,0.0
19688000000,4097,19688000000,map,-0.2688069772338187,-0.09051529469213304,0.36020903863809794,0.0,0.0,0.0,0.0
19690000000,4098,19690000000,map,-0.08515070769198518,0.3238601736893476,-0.09565134374841888,0.0,0.0,0.0,0.0
19692000000,4099,19692000000,map,0.21838505146192666,0.013901567924307745,0.2904476821167269,0.0,0.0,0.0,0.0
19694000000,4100,19694000000,map,0.3466619153501347,-0.045636819781331106,0.1820279612579344,0.0,0.0,0.0,0.0
19696000000,4101,19696000000,map,0.2085750284210891,0.37075241081489263,-0.2556096092725819,0.0,0.0,0.0,0.0
19698000000,4102,19698000000,map,-0.3697006443633596,-0.11787307641352707,-0.1485506630860841,0.0,0.0,0.0,0.0
19700000000,4103,19700000000,map,-0.3824293546659088,0.15260996060071563,-0.22586519244605652,0.0,0.0,0.0,0.0
19702000000,4104,19702000000,map,-0.3684552584076014,0.06808701248930127,0.21881434276213674,0.0,0.0,0.0,0.0
19704000000,4105,19704000000,map,-0.023370286793179318,-0.01860001805847533,0.3024857409219782,0.0,0.0,0.0,0.0
19707000000,4106,19706000000,map,-0.23196196773579134,-0.3760048920849863,-0.16138642586267624,0.0,0.0,0.0,0.0
19708000000,4107,19708000000,map,0.290577735691285,0.2279006162834586,-0.220600793720058,0.0,0.0,0.0,0.0
19710000000,4108,19710000000,map,0.01992612308321451,-0.17796727969058812,-0.35435867143332456,0.0,0.0,0.0,0.0
19712000000,4109,19712000000,map,-0.24981038573645184,0.3241023792502825,-0.06458395869864147,0.0,0.0,0.0,0.0
19714000000,4110,19714000000,map,0.24179010519321165,0.27143818171217526,0.1733035114303797,0.0,0.0,0.0,0.0
19716000000,4111,19716000000,map,-0.20856563700390182,0.3969083756692705,0.0871937170485017,0.0,0.0,0.0,0.0
19719000000,4112,19718000000,map,0.1653275417336716,-0.17069285446257454,0.09159227491380334,0.0,0.0,0.0,0.0
19721000000,4113,19720000000,map,-0.06877896858661414,-0.3374726972052647,0.1687351214264985,0.0,0.0,0.0,0.0
19723000000,4114,19722000000,map,0.14513604263716107,-0.09845177468976374,0.11758016408195249,0.0,0.0,0.0,0.0
19725000000,4115,19725000000,map,0.2944828252972349,-0.21295523907361408,0.15996177283636015,0.0,0.0,0.0,0.0
19727000000,4116,19727000000,map,-0.3234357355441564,0.23707221093103115,-0.13523780121394363,0.0,0.0,0.0,0.0
19729000000,4117,19729000000,map,0.2520101980424645,0.028535483284359398,0.27477242913478483,0.0,0.0,0.0,0.0
19731000000,4118,19731000000,map,0.16436032307500104,0.08466160901774211,-0.06805708146331846,0.0,0.0,0.0,0.0
19733000000,4119,19733000000,map,0.24427221231591445,0.21197986522077283,-0.17454630404875493,0.0,0.0,0.0,0.0
19735000000,4120,19735000000,map,0.32422388409752656,-0.09800295747376947,-0.2533112722679246,0.0,0.0,0.0,0.0
19737000000,4121,19737000000,map,0.17727570312768393,0.18769762626823594,0.09871014713582216,0.0,0.0,0.0,0.0
19738000000,4122,19738000000,map,-0.31339121158959127,0.02740270160706615,-0.25365257124923196,0.0,0.0,0.0,0.0
19740000000,4123,19740000000,map,0.27542197215782804,-0.24449987301379042,0.06144916630530367,0.0,0.0,0.0,0.0
19742000000,4124,19742000000,map,-0.22078695785914795,0.29522363974345633,-0.07561751826761437,0.0,0.0,0.0,0.0
19744000000,4125,19744000000,map,0.017427276600843644,-0.02294684101109823,-0.18834944246891594,0.0,0.0,0.0,0.0
19746000000,4126,19746000000,map,-0.28793834433010895,-0.35906103599300443,-0.041477150134403507,0.0,0.0,0.0,0.0
19748000000,4127,19748000000,map,0.272555765426572,-0.28434778461951166,-0.3857215153283516,0.0,0.0,0.0,0.0
19750000000,4128,19750000000,map,0.07571575568687894,-0.38372418247841605,-0.20370250739156195,0.0,0.0,0.0,0.0
19752000000,4129,19752000000,map,0.19369825672410868,0.3682579136046259,0.07138734878295772,0.0,0.0,0.0,0.0
19755000000,4130,19755000000,map,-0.20277167729538215,-0.09033382607393087,-0.015581857450528092,0.0,0.0,0.0,0.0
19756000000,4131,19756000000,map,-0.25447461724579035,0.24784039722830087,0.009751185448666433,0.0,0.0,0.0,0.0
19758000000,4132,19758000000,map,0.07062325549598791,0.023640947128949985,-0.12411270726182971,0.0,0.0,0.0,0.0
19761000000,4133,19761000000,map,0.15208029739625895,0.22866460299846014,0.2848063249418139,0.0,0.0,0.0,0.0
19763000000,4134,19763000000,map,-0.06522278906948847,-0.24315780648229662,0.3637874511499656,0.0,0.0,0.0,0.0
19765000000,4135,19765000000,map,0.29970572912060556,-0.24328608945687327,0.22318210116795578,0.0,0.0,0.0,0.0
19767000000,4136,19767000000,map,0.11058279663912152,-0.05500774275276682,-0.22731166463217287,0.0,0.0,0.0,0.0
19769000000,4137,19769000000,map,0.11753792558000697,-0.20489941806179782,-0.13027200259535843,0.0,0.0,0.0,0.0
19771000000,4138,19771000000,map,0.10429422441678515,-0.32591442476035964,-0.0702020073392351,0.0,0.0,0.0,0.0
19773000000,4139,19773000000,map,-0.3235483837030261,-0.36533500449973355,0.37090676735317096,0.0,0.0,0.0,0.0
19775000000,4140,19775000000,map,-0.2888867151053411,-0.29385343361195104,-0.2573793258714733,0.0,0.0,0.0,0.0
19777000000,4141,19777000000,map,-0.29590884447871413,-0.17252095701799586,0.16153570483191781,0.0,0.0,0.0,0.0
19779000000,4142,19779000000,map,0.07763253571369144,0.1296803015720398,0.20216884604187857,0.0,0.0,0.0,0.0
19780000000,4143,19780000000,map,0.3660906663194038,-0.03725641658578288,-0.28623612985432134,0.0,0.0,0.0,0.0
19783000000,4144,19783000000,map,-0.09397238639845085,0.24192700756280738,0.06738442120776533,0.0,0.0,0.0,0.0
19785000000,4145,19785000000,map,0.040346592136901005,0.3533947648385899,0.2325608707953689,0.0,0.0,0.0,0.0
19787000000,4146,19787000000,map,0.05964128918479111,0.1951471391081776,-0.27650021203000763,0.0,0.0,0.0,0.0
19788000000,4147,19788000000,map,-0.3240529240756459,0.3030952904533448,-0.06810991799760696,0.0,0.0,0.0,0.0
19790000000,4148,19790000000,map,-0.16272334930645563,-0.32620393418512506,0.2635326511892718,0.0,0.0,0.0,0.0
19793000000,4149,19792000000,map,0.007776238847338746,-0.3366619744633244,-0.03513582798013387,0.0,0.0,0.0,0.0
19794000000,4150,19794000000,map,0.29036188229104,0.35505124040381153,0.2681130121064158,0.0,0.0,0.0,0.0
19796000000,4151,19796000000,map,0.040174306914966595,-0.0559727443707681,0.1061311915845311,0.0,0.0,0.0,0.0
19798000000,4152,19798000000,map,0.22735100978565081,-0.10244116321444019,0.3058574422779061,0.0,0.0,0.0,0.0
19800000000,4153,19800000000,map,0.34772894287314593,0.31981504963640905,-0.016761941638287925,0.0,0.0,0.0,0.0
19802000000,4154,19802000000,map,-0.24676502840038653,0.02168501595760608,-0.1846485754237139,0.0,0.0,0.0,0.0
19804000000,4155,19804000000,map,-0.36626715421139827,0.14561989661720398,0.11738065610425885,0.0,0.0,0.0,0.0
19806000000,4156,19806000000,map,0.3835794061066301,0.24938118764221628,-0.1642777191842738,0.0,0.0,0.0,0.0
19808000000,4157,19808000000,map,0.25932839481234216,-0.2263033877467311,-0.19513356059158365,0.0,0.0,0.0,0.0
19810000000,4158,19810000000,map,0.14085170001421576,-0.10114694013617231,0.033287692405000235,0.0,0.0,0.0,0.0
19812000000,4159,19812000000,map,0.34008152918993084,0.04587106906967292,-0.13874196794364713,0.0,0.0,0.0,0.0
19814000000,4160,19814000000,map,-0.18092011974599964,0.10403874229506394,-0.05725077018105684,0.0,0.0,0.0,0.0
19817000000,4161,19816000000,map,0.22093888001159168,0.08576520653979697,0.06304624433053635,0.0,0.0,0.0,0.0
19818000000,4162,19818000000,map,0.3530578050549188,-0.18339107601818672,0.3602066708703835,0.0,0.0,0.0,0.0
19820000000,4163,19820000000,map,-0.17448024678535534,-0.12363009244146733,-0.38505897518543075,0.0,0.0,0.0,0.0
19822000000,4164,19822000000,map,0.1448246486585435,0.3385944097948802,-0.0214872939617749,0.0,0.0,0.0,0.0
19824000000,4165,19824000000,map,-0.009383815576120447,0.36279738462289224,0.2374111371640828,0.0,0.0,0.0,0.0
19826000000,4166,19826000000,map,0.08519836115464957,-0.36294939155927874,0.07607035653575983,0.0,0.0,0.0,0.0
19828000000,4167,19828000000,map,-0.0003697186956841403,0.05497531371505621,-0.09730022649495734,0.0,0.0,0.0,0.0
19830000000,4168,19830000000,map,0.16589497465491576,-0.10459854894485526,0.3078412156322915,0.0,0.0,0.0,0.0
19832000000,4169,19832000000,map,0.3203667913341406,0.3294603103110887,0.08397473435208375,0.0,0.0,0.0,0.0
19834000000,4170,19834000000,map,0.3418539813737346,-0.10550204102740934,-0.3961067815265853,0.0,0.0,0.0,0.0
19836000000,4171,19836000000,map,-0.14985391042094648,0.2305604388704683,-0.16696306858015597,0.0,0.0,0.0,0.0
19838000000,4172,19838000000,map,-0.06469778630311551,-0.36274974637492535,0.26775671751757324,0.0,0.0,0.0,0.0
19840000000,4173,19840000000,map,-0.32714119540119435,-0.38781165791043876,-0.003134481895355923,0.0,0.0,0.0,0.0
19842000000,4174,19842000000,map,-0.04036704048198153,0.0014603688722802377,0.3950220549647704,0.0,0.0,0.0,0.0
19844000000,4175,19844000000,map,0.3593869910268055,-0.10396950016137879,0.2930067473834459,0.0,0.0,0.0,0.0
19847000000,4176,19847000000,map,-0.3351619337522307,-0.15494051688159782,-0.25995656686853563,0.0,0.0,0.0,0.0
19848000000,4177,19848000000,map,-0.27935049012172947,0.1678130568007864,-0.06546704717888774,0.0,0.0,0.0,0.0
19851000000,4178,19851000000,map,0.1531912964107609,0.023702503881651904,0.04079209470790246,0.0,0.0,0.0,0.0
19853000000,4179,19852000000,map,0.06547376049295944,-0.1798500619479102,-0.27397150552243577,0.0,0.0,0.0,0.0
19854000000,4180,19854000000,map,-0.12996551002863138,0.20896723466979228,-0.23557149299552155,0.0,0.0,0.0,0.0
19857000000,4181,19857000000,map,0.02361914347551164,0.04826527287270849,-0.2624857817599945,0.0,0.0,0.0,0.0
19859000000,4182,19858000000,map,0.11433288911224715,0.29061766434853764,0.0768673578160744,0.0,0.0,0.0,0.0
19861000000,4183,19861000000,map,0.15742709179178427,-0.12482727136554106,0.31873842188494816,0.0,0.0,0.0,0.0
19862000000,4184,19862000000,map,-0.1151425906097801,-0.18699728098911705,-0.2963497685332819,0.0,0.0,0.0,0.0
19864000000,4185,19864000000,map,-0.057530765706939824,-0.17679873023729767,-0.19868703382625888,0.0,0.0,0.0,0.0
19866000000,4186,19866000000,map,-0.05413297408866663,0.23746019254364403,0.21369618368216348,0.0,0.0,0.0,0.0
19869000000,4187,19868000000,map,-0.39326644774581965,0.14030043418212101,0.009018113986443754,0.0,0.0,0.0,0.0
19871000000,4188,19870000000,map,0.000572054738975758,-0.21484977979123918,0.127469869262257,0.0,0.0,0.0,0.0
19872000000,4189,19872000000,map,-0.2600666497578198,0.1815485672552899,0.15945037179236654,0.0,0.0,0.0,0.0
19875000000,4190,19875000000,map,-0.3474598183590458,-0.2016900721238594,0.09233142519545307,0.0,0.0,0.0,0.0
19876000000,4191,19876000000,map,-0.20161397706788625,0.29638650010120315,-0.12631740457892654,0.0,0.0,0.0,0.0
19879000000,4192,19879000000,map,-0.26165701568066585,0.33880209385317706,0.19278708991717763,0.0,0.0,0.0,0.0
19880000000,4193,19880000000,map,0.3750036494434772,0.13619156686175626,-0.236974799832694,0.0,0.0,0.0,0.0
19883000000,4194,19883000000,map,0.23263729729578042,-0.19957046659952635,0.32630810342741223,0.0,0.0,0.0,0.0
19885000000,4195,19885000000,map,-0.0057570514756979385,0.38838966205366565,0.33245763076328916,0.0,0.0,0.0,0.0
19887000000,4196,19887000000,map,0.14825788386052996,-0.25866245220708695,0.08752082151140617,0.0,0.0,0.0,0.0
19889000000,4197,19889000000,map,-0.28028180003290204,-0.19599578080052185,0.39767652521582475,0.0,0.0,0.0,0.0
19891000000,4198,19891000000,map,0.15258677492820194,0.044578314577003564,-0.2842202853347216,0.0,0.0,0.0,0.0
19893000000,4199,19893000000,map,-0.31479295978339494,-0.3486284034589072,0.12445747879943003,0.0,0.0,0.0,0.0
19895000000,4200,19895000000,map,-0.15776711011738215,0.2632142491484343,0.16422506093668277,0.0,0.0,0.0,0.0
19897000000,4201,19897000000,map,0.0038518648692943414,0.23968886789101218,-0.2088867322002822,0.0,0.0,0.0,0.0
19899000000,4202,19899000000,map,-0.22364780031283096,0.20318041148427612,-0.30605034849259205,0.0,0.0,0.0,0.0
19901000000,4203,19901000000,map,0.05980284998150864,-0.1812154318662242,-0.28046280428507675,0.0,0.0,0.0,0.0
19903000000,4204,19903000000,map,-0.3203092280140941,-0.3639347611640559,0.31527328557515333,0.0,0.0,0.0,0.0
19904000000,4205,19904000000,map,0.30868760585926835,-0.018324049444522816,-0.21230086146529473,0.0,0.0,0.0,0.0
19906000000,4206,19906000000,map,-0.3285145254250997,0.029526578899391864,0.2931936646900767,0.0,0.0,0.0,0.0
19908000000,4207,19908000000,map,0.034424080271750146,0.045664801988686055,-0.3313659685723638,0.0,0.0,0.0,0.0
19911000000,4208,19911000000,map,-0.3471124703406276,-0.2755590525309252,0.08989555190530218,0.0,0.0,0.0,0.0
19913000000,4209,19912000000,map,-0.335239619315801,0.21772945917053388,-0.07946340128004914,0.0,0.0,0.0,0.0
19915000000,4210,19915000000,map,0.22967958173701286,-0.13920268639408423,0.390182741101713,0.0,0.0,0.0,0.0
19917000000,4211,19917000000,map,0.052832024928704535,-0.10904157605037956,-0.06500172709976015,0.0,0.0,0.0,0.0
19919000000,4212,19919000000,map,0.29431401562238124,-0.16167017459675947,-0.12330664248985401,0.0,0.0,0.0,0.0
19921000000,4213,19921000000,map,-0.09582194199198835,-0.21193375065039338,0.28749560703657173,0.0,0.0,0.0,0.0
19923000000,4214,19923000000,map,-0.3302061418336381,-0.1842033579141786,0.3891008557439041,0.0,0.0,0.0,0.0
19926000000,4215,19925000000,map,-0.011980814881932422,-0.15992174813393856,-0.1640995505942313,0.0,0.0,0.0,0.0
19928000000,4216,19928000000,map,0.08253313644923849,-0.22359114065599897,-0.28351935421205765,0.0,0.0,0.0,0.0
19930000000,4217,19929000000,map,-0.10272960806696435,-0.09292266658318094,0.37794245236073043,0.0,0.0,0.0,0.0
19932000000,4218,19932000000,map,0.029613448257109376,-0.27659978911110256,-0.209198622718993,0.0,0.0,0.0,0.0
19934000000,4219,19934000000,map,-0.13747447676003455,0.14189955493345752,0.3944326960809479,0.0,0.0,0.0,0.0
19935000000,4220,19935000000,map,-0.3686782290207064,-0.17520606332584177,-0.38425207488257784,0.0,0.0,0.0,0.0
19937000000,4221,19937000000,map,0.3658385832755353,-0.13725814663106334,-0.027057853279840782,0.0,0.0,0.0,0.0
19939000000,4222,19939000000,map,0.03234388990642384,0.215209965420336,-0.24531775371027925,0.0,0.0,0.0,0.0
19941000000,4223,19941000000,map,0.2841169772795168,-0.13647027467795664,0.22678729882120252,0.0,0.0,0.0,0.0
19943000000,4224,19942000000,map,0.387185214983769,0.21373781056321428,0.3466331542359693,0.0,0.0,0.0,0.0
19945000000,4225,19944000000,map,0.26897160674637166,-0.22905854098546313,-0.13714698398037867,0.0,0.0,0.0,0.0
19946000000,4226,19946000000,map,0.21393178612077834,-0.3575447488130727,0.25410246742750464,0.0,0.0,0.0,0.0
19949000000,4227,19948000000,map,-0.29276426502476427,0.22455459880280237,0.14673364856525706,0.0,0.0,0.0,0.0
19951000000,4228,19950000000,map,-0.07925689240866252,0.15962569703716412,0.22942313941542913,0.0,0.0,0.0,0.0
19952000000,4229,19952000000,map,-0.017764233496315562,-0.08298782647217606,0.3924879180182319,0.0,0.0,0.0,0.0
19955000000,4230,19955000000,map,-0.19991987108238496,0.28155859401928207,0.28131822953406993,0.0,0.0,0.0,0.0
19957000000,4231,19957000000,map,0.24191030834800809,-0.1727127656726664,-0.2897932276939968,0.0,0.0,0.0,0.0
19959000000,4232,19958000000,map,-0.040953983220580914,-0.3919056590529657,-0.34598686638827286,0.0,0.0,0.0,0.0
19961000000,4233,19961000000,map,-0.26345845994580985,-0.039313479048540934,0.3325611342797261,0.0,0.0,0.0,0.0
19963000000,4234,19963000000,map,-0.2820810527272868,-0.2730624122354649,-0.03657739355846973,0.0,0.0,0.0,0.0
19965000000,4235,19965000000,map,0.35796986723994273,-0.05872833002633909,0.0888406154876707,0.0,0.0,0.0,0.0
19967000000,4236,19967000000,map,-0.07859260295686482,0.35310627303495934,-0.15085106518315158,0.0,0.0,0.0,0.0
19969000000,4237,19969000000,map,0.31390057165384677,0.09899369416811643,0.0665303196747643,0.0,0.0,0.0,0.0
19971000000,4238,19971000000,map,-0.15806920926170898,-0.12940999544408222,-0.3472929357252466,0.0,0.0,0.0,0.0
19973000000,4239,19973000000,map,0.35404851403939064,-0.32661202878281775,0.3961294922084774,0.0,0.0,0.0,0.0
19975000000,4240,19975000000,map,0.08852108035192441,-0.31798933991692935,-0.03318992065717158,0.0,0.0,0.0,0.0
19977000000,4241,19977000000,map,-0.12771604350440635,0.20416780427100245,0.054048401425831394,0.0,0.0,0.0,0.0
19979000000,4242,19979000000,map,0.30088570191966635,-0.26131273426457524,-0.302951918310885,0.0,0.0,0.0,0.0
19981000000,4243,19981000000,map,-0.38122776601455766,-0.15864268555009936,0.06543436970563699,0.0,0.0,0.0,0.0
19983000000,4244,19983000000,map,-0.22339277387745501,-0.16126735766825748,0.21636230913725363,0.0,0.0,0.0,0.0
19985000000,4245,19985000000,map,0.36236022384877986,0.1501802244541406,0.23805974108168593,0.0,0.0,0.0,0.0
19987000000,4246,19987000000,map,0.013528678518851422,-0.1942908609517669,-0.13645750614867508,0.0,0.0,0.0,0.0
19989000000,4247,19988000000,map,0.13560304282351632,-0.18360147044109804,0.22890452683558205,0.0,0.0,0.0,0.0
19991000000,4248,19991000000,map,-0.05220045732500689,-0.21290401213924448,0.19954613015850153,0.0,0.0,0.0,0.0
19992000000,4249,19992000000,map,-0.19461381024681712,-0.1669788689901029,0.36242729486077285,0.0,0.0,0.0,0.0
19995000000,4250,19994000000,map,-0.06978940830504421,0.22946216294498556,-0.37035614242420617,0.0,0.0,0.0,0.0
19996000000,4251,19996000000,map,-0.06182667635338879,-0.28216854640096606,0.1431272716360178,0.0,0.0,0.0,0.0
19999000000,4252,19999000000,map,-0.16903690801759252,0.012417819663313512,-0.24124537689729628,0.0,0.0,0.0,0.0
20000000000,4253,20000000000,map,0.138467502084883,-0.3905226066398056,-0.10198686630216847,0.0,0.0,0.0,0.0
20003000000,4254,20003000000,map,-0.05769550258423395,0.3681890831163839,-0.3851578385079649,0.0,0.0,0.0,0.0
20005000000,4255,20005000000,map,0.3184407847335524,-0.0926880419528282,-0.0108564798079136,0.0,0.0,0.0,0.0
20007000000,4256,20007000000,map,0.3513593400915548,0.30570081731423826,0.264662195628136,0.0,0.0,0.0,0.0
20009000000,4257,20009000000,map,-0.09279159827496342,0.1445304881689371,0.08898053321251281,0.0,0.0,0.0,0.0
20011000000,4258,20011000000,map,-0.35881634423143877,0.3764113586409086,-0.14133034707146974,0.0,0.0,0.0,0.0
20013000000,4259,20013000000,map,-0.15816477745860968,-0.08288049341945802,0.17307516261179257,0.0,0.0,0.0,0.0
20016000000,4260,20015000000,map,-0.015863647805586134,-0.10613637562208517,-0.09353010302306647,0.0,0.0,0.0,0.0
20017000000,4261,20017000000,map,0.18477430559801533,-0.09310440784512297,-0.009931258024473755,0.0,0.0,0.0,0.0
20019000000,4262,20019000000,map,0.005082164274878509,0.09178871223021134,-0.3283943311030645,0.0,0.0,0.0,0.0
20021000000,4263,20021000000,map,-0.15986080487776896,-0.16721583737745216,0.14841283996529686,0.0,0.0,0.0,0.0
20022000000,4264,20022000000,map,0.2735910603906311,-0.34388985511761655,-0.3810286253208224,0.0,0.0,0.0,0.0
20024000000,4265,20024000000,map,-0.20600579011500325,0.14113973346139963,0.12831379050145364,0.0,0.0,0.0,0.0
20026000000,4266,20026000000,map,0.37459257766145293,0.2876211579642257,-0.12033645076251331,0.0,0.0,0.0,0.0
20029000000,4267,20028000000,map,0.008400930955674124,-0.35003525786412076,-0.1945796959220307,0.0,0.0,0.0,0.0
20030000000,4268,20030000000,map,-0.06806989817462605,0.24653332671922634,-0.21493145141446707,0.0,0.0,0.0,0.0
20032000000,4269,20032000000,map,0.14158117220616973,-0.30799171219438776,0.22279685759274193,0.0,0.0,0.0,0.0
20035000000,4270,20034000000,map,-0.2942219928826464,0.10658514658895812,-0.13835459019370683,0.0,0.0,0.0,0.0
20037000000,4271,20037000000,map,0.22294453685103388,0.1970418043901444,-0.23968789316125783,0.0,0.0,0.0,0.0
20038000000,4272,20038000000,map,0.1536507239757129,-0.3043788227354618,0.20968361078685016,0.0,0.0,0.0,0.0
20041000000,4273,20041000000,map,0.054835298320906056,-0.2788600090852045,-0.294374455806533,0.0,0.0,0.0,0.0
20043000000,4274,20042000000,map,-0.18276687774688313,0.36488701435699566,-0.10090392226346967,0.0,0.0,0.0,0.0
20045000000,4275,20045000000,map,-0.15894489011760418,-0.24078531082697763,-0.10634526352706092,0.0,0.0,0.0,0.0
20046000000,4276,20046000000,map,-0.2026605733280474,0.3202663641271518,0.2597151140680086,0.0,0.0,0.0,0.0
20049000000,4277,20049000000,map,-0.19406771281332702,-0.04583528256409791,-0.05865904019188217,0.0,0.0,0.0,0.0
20051000000,4278,20050000000,map,0.3939599681996826,0.04011517715734475,0.1379425096439193,0.0,0.0,0.0,0.0
20052000000,4279,20052000000,map,0.09415935383966134,-0.2178196254222935,-0.32400092605126163,0.0,0.0,0.0,0.0
20054000000,4280,20054000000,map,-0.1734601902173005,-0.2216144601788388,0.3126406520315955,0.0,0.0,0.0,0.0
20057000000,4281,20057000000,map,0.08201994338353435,0.3295331155174067,-0.3023280391095908,0.0,0.0,0.0,0.0
20059000000,4282,20059000000,map,-0.1469244915425751,0.3694377773419797,-0.19776681064026547,0.0,0.0,0.0,0.0
20061000000,4283,20061000000,map,-0.18455149630179646,0.046636711693707755,-0.08658903283624786,0.0,0.0,0.0,0.0
20063000000,4284,20063000000,map,0.37952977079668315,-0.21544546559044864,-0.011372287758577848,0.0,0.0,0.0,0.0
20065000000,4285,20065000000,map,-0.35010845038687316,0.16104847225054475,-0.030174591986946164,0.0,0.0,0.0,0.0
20067000000,4286,20067000000,map,0.17881972316145023,0.0825396618870512,-0.1899692360424776,0.0,0.0,0.0,0.0
20069000000,4287,20069000000,map,0.18579030905051364,-0.16400957393826113,0.06785702390322002,0.0,0.0,0.0,0.0
20071000000,4288,20070000000,map,-0.37348053655453806,-0.06735494316232221,0.10578400991604142,0.0,0.0,0.0,0.0
20073000000,4289,20073000000,map,-0.3982190633622592,-0.3642464844753944,-0.34609283874652286,0.0,0.0,0.0,0.0
20075000000,4290,20075000000,map,0.3999980261962456,-0.32116116766062947,0.14953303308076393,0.0,0.0,0.0,0.0
20077000000,4291,20077000000,map,0.0718049775068188,0.06794023473811367,-0.03142097777725111,0.0,0.0,0.0,0.0
20079000000,4292,20079000000,map,-0.02579246267045826,-0.3713991136345117,0.2265963674072876,0.0,0.0,0.0,0.0
20081000000,4293,20081000000,map,0.09872376573335429,0.1295003632703403,0.0912454238973105,0.0,0.0,0.0,0.0
20083000000,4294,20083000000,map,-0.17680118386810545,0.28190005966978793,0.16779105157990082,0.0,0.0,0.0,0.0
20084000000,4295,20084000000,map,0.1854664843620244,-0.08950277834771025,0.21147375447386352,0.0,0.0,0.0,0.0
20087000000,4296,20086000000,map,0.0624132852530096,-0.3259383645626563,0.09604295619854264,0.0,0.0,0.0,0.0
20089000000,4297,20089000000,map,-0.2072398430632437,-0.17784386347633696,0.04347303927674917,0.0,0.0,0.0,0.0
20091000000,4298,20091000000,map,-0.3191282548624091,0.32125267748952047,-0.02873989555913703,0.0,0.0,0.0,0.0
20093000000,4299,20093000000,map,-0.12896807573963903,-0.03327534264550003,0.09028604000160534,0.0,0.0,0.0,0.0
20095000000,4300,20095000000,map,0.07269847485639269,0.32120572280296544,0.0131032522006726,0.0,0.0,0.0,0.0
20097000000,4301,20097000000,map,0.19616782646511677,-0.017143554678018313,0.23282602022084942,0.0,0.0,0.0,0.0
20099000000,4302,20099000000,map,0.02341142615197339,-0.31924356572431645,-0.2089724218672242,0.0,0.0,0.0,0.0
20102000000,4303,20101000000,map,-0.11858069497605284,-0.34465984149628603,-0.2215645140398131,0.0,0.0,0.0,0.0
20104000000,4304,20104000000,map,0.05747907926094753,0.3037166715145696,-0.0007806069921698078,0.0,0.0,0.0,0.0
20106000000,4305,20106000000,map,-0.17319590955588518,0.06478417652088081,0.06388120500447825,0.0,0.0,0.0,0.0
20108000000,4306,20107000000,map,-0.1163816504176125,-0.12876107787428626,-0.16551599284795962,0.0,0.0,0.0,0.0
20110000000,4307,20110000000,map,0.32917814671057555,0.34912843196835963,-0.05645449119407425,0.0,0.0,0.0,0.0
20111000000,4308,20111000000,map,-0.09492165723428464,-0.35492641828093835,-0.14910968352666637,0.0,0.0,0.0,0.0
20113000000,4309,20113000000,map,0.2042422472002371,0.31112882973117184,0.2608064674552606,0.0,0.0,0.0,0.0
20115000000,4310,20115000000,map,0.13738297466671257,0.3595380874310662,0.3979054727324355,0.0,0.0,0.0,0.0
20116000000,4311,20116000000,map,0.18012854817109647,0.392447081388673,-0.2859468196134749,0.0,0.0,0.0,0.0
20119000000,4312,20119000000,map,-0.2383217132381458,0.35680448575889845,-0.11190221664959227,0.0,0.0,0.0,0.0
20121000000,4313,20120000000,map,-0.2080022525797128,-0.3245125333510538,-0.36490411405089773,0.0,0.0,0.0,0.0
20123000000,4314,20123000000,map,0.14153109446116663,-0.14108777698469993,-0.2843007295134123,0.0,0.0,0.0,0.0
20124000000,4315,20124000000,map,0.2601287390027359,-0.22007115745652223,-0.07991888032234395,0.0,0.0,0.0,0.0
20126000000,4316,20126000000,map,0.199951552289081,-0.3700479104495181,0.35034632254524367,0.0,0.0,0.0,0.0
20129000000,4317,20129000000,map,-0.2513046744062243,0.060026755923616115,0.15862565566538234,0.0,0.0,0.0,0.0
20131000000,4318,20131000000,map,0.06271034115019958,-0.38198072020976576,-0.038686616431119814,0.0,0.0,0.0,0.0
20133000000,4319,20133000000,map,0.07852473188850623,0.003350952183731437,0.23351106088657358,0.0,0.0,0.0,0.0
20135000000,4320,20135000000,map,0.34065194656680775,-0.03720584425999074,0.20711920374379356,0.0,0.0,0.0,0.0
20137000000,4321,20137000000,map,0.0257264130643014,-0.024322386533593532,0.2243737051665543,0.0,0.0,0.0,0.0
20139000000,4322,20139000000,map,0.3490653994807823,0.05471296638916928,0.1105205112042078,0.0,0.0,0.0,0.0
20141000000,4323,20141000000,map,0.11301050627168407,0.02555591601245294,-0.025559677316880525,0.0,0.0,0.0,0.0
20143000000,4324,20143000000,map,0.17877664736710275,-0.1521310911926085,-0.27818236438153654,0.0,0.0,0.0,0.0
20145000000,4325,20145000000,map,0.37767651493098353,0.027869954626807913,0.1999682628866718,0.0,0.0,0.0,0.0
20147000000,4326,20147000000,map,-0.3702920279325795,-0.06663752320251815,0.06464528857679108,0.0,0.0,0.0,0.0
20149000000,4327,20149000000,map,0.015606049325175508,0.37030828933032867,-0.32799175425039045,0.0,0.0,0.0,0.0
20151000000,4328,20151000000,map,-0.1320127007035613,-0.16079018265472086,0.2211764940044355,0.0,0.0,0.0,0.0
20153000000,4329,20153000000,map,-0.1585513757319276,-0.05085225984804281,-0.3926830879772162,0.0,0.0,0.0,0.0
20155000000,4330,20155000000,map,0.1816971768330209,0.2756665888442914,0.03810836871515422,0.0,0.0,0.0,0.0
20156000000,4331,20156000000,map,0.021172744577174107,-0.34460367145511445,-0.1384315908051485,0.0,0.0,0.0,0.0
20159000000,4332,20158000000,map,0.15302068556037152,-0.050887716138468764,0.14451023161592824,0.0,0.0,0.0,0.0
20161000000,4333,20161000000,map,0.2064474819165506,0.3488075418841726,0.2881183205842115,0.0,0.0,0.0,0.0
20163000000,4334,20163000000,map,-0.3902300758230313,-0.3049086557271034,-0.20333535381790022,0.0,0.0,0.0,0.0
20164000000,4335,20164000000,map,-0.3327454590961483,-0.09045068513264798,-0.06349084415850231,0.0,0.0,0.0,0.0
20167000000,4336,20167000000,map,-0.2985062174560552,0.3401287893057323,-0.2812327364016644,0.0,0.0,0.0,0.0
20169000000,4337,20168000000,map,0.18700120086922645,0.33318916467138904,-0.008055580599870826,0.0,0.0,0.0,0.0
20171000000,4338,20171000000,map,0.39509275448583214,0.32264679967952203,-0.17095385916074926,0.0,0.0,0.0,0.0
20173000000,4339,20173000000,map,0.23707047626233402,0.1995677434448282,-0.3413831490548962,0.0,0.0,0.0,0.0
20175000000,4340,20175000000,map,-0.1808636770411312,0.03207255996601671,-0.03203328744390904,0.0,0.0,0.0,0.0
20177000000,4341,20177000000,map,0.09811285382351381,0.14863196796006484,0.12031738938920644,0.0,0.0,0.0,0.0
20179000000,4342,20179000000,map,-0.3940102571393035,-0.10493662762870665,-0.3611667254730391,0.0,0.0,0.0,0.0
20181000000,4343,20181000000,map,0.38018147685112746,-0.3193928865239202,-0.008867845373082384,0.0,0.0,0.0,0.0
20183000000,4344,20183000000,map,0.34943473654545076,-0.18440962054634796,0.2846243174152332,0.0,0.0,0.0,0.0
20184000000,4345,20184000000,map,0.36785997362696077,-0.2847290554829253,-0.05835942782305564,0.0,0.0,0.0,0.0
20186000000,4346,20186000000,map,0.11157521943468862,0.35703158720344985,-0.26201689226249414,0.0,0.0,0.0,0.0
20189000000,4347,20189000000,map,0.29855970701322077,-0.288785447511999,-0.1871709432976442,0.0,0.0,0.0,0.0
20190000000,4348,20190000000,map,-0.3314275751354559,0.15867334553826906,0.36935156431744065,0.0,0.0,0.0,0.0
20193000000,4349,20193000000,map,0.10626096652204753,-0.11086413805036655,0.22871879058543143,0.0,0.0,0.0,0.0
20194000000,4350,20194000000,map,0.09656432271513016,0.3374109763817219,0.3240024493446807,0.0,0.0,0.0,0.0
20197000000,4351,20197000000,map,-0.3590521212492624,-0.3604782324766521,-0.044034126172535326,0.0,0.0,0.0,0.0
20198000000,4352,20198000000,map,-0.2748600605233381,-0.07495829426488276,-0.3164163836771977,0.0,0.0,0.0,0.0
20200000000,4353,20200000000,map,-0.29904484927985997,-0.22727787971402044,0.2814824986334392,0.0,0.0,0.0,0.0
20203000000,4354,20203000000,map,-0.2675313430983131,0.2590067349451134,0.2777525229218253,0.0,0.0,0.0,0.0
20205000000,4355,20205000000,map,-0.218551202933023,0.3808959561732238,-0.08734693378115499,0.0,0.0,0.0,0.0
20207000000,4356,20207000000,map,0.25430859496261593,0.09523250577512032,0.1176524580643108,0.0,0.0,0.0,0.0
20209000000,4357,20209000000,map,-0.13968761076652136,-0.39491930164848266,-0.26747136762462065,0.0,0.0,0.0,0.0
20211000000,4358,20211000000,map,0.24019154687347866,-0.12218264016753305,-0.16077845214999048,0.0,0.0,0.0,0.0
20213000000,4359,20212000000,map,0.11769216518729053,-0.24111985057283178,-0.009426057052976555,0.0,0.0,0.0,0.0
20215000000,4360,20214000000,map,0.09033613163830478,-0.21744634594375123,0.331735388603139,0.0,0.0,0.0,0.0
20217000000,4361,20217000000,map,0.21744468998350042,-0.3613350760199407,0.1360959595918575,0.0,0.0,0.0,0.0
20219000000,4362,20219000000,map,-0.18172901733853833,-0.2775163897603321,-0.2114680273930929,0.0,0.0,0.0,0.0
20220000000,4363,20220000000,map,-0.2795246490121249,-0.11336850968955486,-0.07301205951535394,0.0,0.0,0.0,0.0
20223000000,4364,20222000000,map,-0.23628413994953787,-0.09383559669339503,0.13671962818695582,0.0,0.0,0.0,0.0
20224000000,4365,20224000000,map,0.26445077224103664,-0.02525092072910312,0.22540557970232922,0.0,0.0,0.0,0.0
20227000000,4366,20227000000,map,0.2471016901197023,0.2764867411004305,0.25284184892156814,0.0,0.0,0.0,0.0
20228000000,4367,20228000000,map,-0.34810611206770736,0.2034798978466833,0.37936633379378604,0.0,0.0,0.0,0.0
20231000000,4368,20231000000,map,-0.03395844729374031,-0.07245788824280508,0.18616851030509918,0.0,0.0,0.0,0.0
20233000000,4369,20233000000,map,-0.3656403952731482,0.30090575358118954,-0.274574147953201,0.0,0.0,0.0,0.0
20235000000,4370,20235000000,map,0.1982997264066595,-0.3121628636367086,0.3215676528108271,0.0,0.0,0.0,0.0
20237000000,4371,20237000000,map,-0.04579866051085779,0.2145185500688207,-0.38155063990748095,0.0,0.0,0.0,0.0
20239000000,4372,20239000000,map,0.12640559430547427,0.016389920143255132,-0.37998176523715493,0.0,0.0,0.0,0.0
20240000000,4373,20240000000,map,-0.11424489993279452,-0.011708672105950224,-0.05498304535358528,0.0,0.0,0.0,0.0
20243000000,4374,20243000000,map,-0.05054058254778365,-0.3180175287477422,-0.19215586605443224,0.0,0.0,0.0,0.0
20245000000,4375,20244000000,map,0.1686324057156986,0.014467125578339235,-0.16517939258812175,0.0,0.0,0.0,0.0
20247000000,4376,20247000000,map,-0.22678516250494432,-0.10287389291453997,-0.28039056312835775,0.0,0.0,0.0,0.0
20248000000,4377,20248000000,map,-0.27522778393563846,0.1070101434043742,-0.36183346140965533,0.0,0.0,0.0,0.0
20250000000,4378,20250000000,map,-0.2747306794166058,-0.19146585671361832,-0.19304229866942216,0.0,0.0,0.0,0.0
20252000000,4379,20252000000,map,-0.2115494301727028,0.07755741660583981,-0.025395078310884223,0.0,0.0,0.0,0.0
20255000000,4380,20254000000,map,0.18841264575293504,-0.2454782206993122,0.029554169850618428,0.0,0.0,0.0,0.0
20256000000,4381,20256000000,map,-0.11824652785369899,-0.3066638949352808,0.037465966499895476,0.0,0.0,0.0,0.0
20258000000,4382,20258000000,map,0.2696674572410479,-0.1622929654163374,0.31039399286785263,0.0,0.0,0.0,0.0
20260000000,4383,20260000000,map,0.10253519869771877,-0.01285500263554773,-0.01615137073836459,0.0,0.0,0.0,0.0
20262000000,4384,20262000000,map,0.15503958642591165,0.027112499799949952,-0.05290478403169768,0.0,0.0,0.0,0.0
20264000000,4385,20264000000,map,0.3050714481960861,0.3928125884153869,0.3101343032655006,0.0,0.0,0.0,0.0
20266000000,4386,20266000000,map,0.35603496274755875,-0.12343758257622017,-0.29148635005670753,0.0,0.0,0.0,0.0
20268000000,4387,20268000000,map,-0.29087396303967655,0.3508222227915504,-0.03217184982390375,0.0,0.0,0.0,0.0
20270000000,4388,20270000000,map,0.35754752080635777,-0.21545992475062284,-0.04517718962617229,0.0,0.0,0.0,0.0
20272000000,4389,20272000000,map,-0.19152984761790606,0.33609547486165814,-0.18826897288085373,0.0,0.0,0.0,0.0
20274000000,4390,20274000000,map,-0.23250318085361113,-0.14408075504642143,-0.2633327201232649,0.0,0.0,0.0,0.0
20276000000,4391,20276000000,map,0.354097662770546,-0.30265137206652964,0.08859451259050405,0.0,0.0,0.0,0.0
20279000000,4392,20279000000,map,-0.3060125588839365,0.14516442138281271,-0.16946053367558156,0.0,0.0,0.0,0.0
20281000000,4393,20281000000,map,-0.29455015444654453,-0.2689326274933539,0.2719142651019699,0.0,0.0,0.0,0.0
20282000000,4394,20282000000,map,0.005907903293076777,-0.24274666412172305,-0.3399753685618935,0.0,0.0,0.0,0.0
20285000000,4395,20285000000,map,-0.04280477132127214,-0.07395762319274335,0.24623210793758965,0.0,0.0,0.0,0.0
20287000000,4396,20286000000,map,0.07873356846509016,0.3100367079402119,0.0006257400327639995,0.0,0.0,0.0,0.0
20288000000,4397,20288000000,map,-0.2617065214389498,0.36672255155963096,-0.09834838004746771,0.0,0.0,0.0,0.0
20290000000,4398,20290000000,map,0.3510642328332184,-0.35529123693091713,0.2419521655163256,0.0,0.0,0.0,0.0
20293000000,4399,20293000000,map,-0.02452972181919927,0.22501264130629495,0.11153749344145769,0.0,0.0,0.0,0.0
20295000000,4400,20295000000,map,-0.1363364818928539,-0.15487669306365529,-0.36347994557529206,0.0,0.0,0.0,0.0
20296000000,4401,20296000000,map,0.05717120717681834,-0.31090994714308906,-0.04578444738660142,0.0,0.0,0.0,0.0
20299000000,4402,20299000000,map,0.37581987693758734,-0.3631456101061641,0.016991854612031176,0.0,0.0,0.0,0.0
20301000000,4403,20301000000,map,-0.39366900296534374,-0.38726188245235466,0.17746878771765728,0.0,0.0,0.0,0.0
20303000000,4404,20303000000,map,-0.18156585843045733,-0.37279911810406985,0.1761025731495418,0.0,0.0,0.0,0.0
20305000000,4405,20305000000,map,-1.9100113368142324e-05,-0.3739153274047583,-0.16815831106143633,0.0,0.0,0.0,0.0
20307000000,4406,20307000000,map,-0.3517574099625333,-0.13024750097683785,0.14412483055754166,0.0,0.0,0.0,0.0
20308000000,4407,20308000000,map,-0.28205726653318175,0.29951413601922006,0.06636359175750517,0.0,0.0,0.0,0.0
20311000000,4408,20311000000,map,-0.1543980173254326,0.16082607614342403,-0.10347995132162885,0.0,0.0,0.0,0.0
20313000000,4409,20313000000,map,0.22475427348734844,0.23480258002584076,0.13767400681545094,0.0,0.0,0.0,0.0
20315000000,4410,20315000000,map,0.005303766813451016,-0.044671026826963445,0.14481004227231575,0.0,0.0,0.0,0.0
20318000000,4411,20318000000,map,0.1295541373689274,-0.30008169328724327,0.09429283991970472,0.0,0.0,0.0,0.0
20320000000,4412,20320000000,map,-0.18471393873937117,0.22980800468091356,-0.2911847974547961,0.0,0.0,0.0,0.0
20321000000,4413,20321000000,map,-0.1860187557432151,0.0005115154877246009,-0.23140848333917485,0.0,0.0,0.0,0.0
20323000000,4414,20323000000,map,-0.3450173452979546,-0.20691235817074016,-0.049131161868773976,0.0,0.0,0.0,0.0
20324000000,4415,20324000000,map,0.19296450673641274,0.2873274298707543,0.07381522384672923,0.0,0.0,0.0,0.0
20327000000,4416,20327000000,map,0.38850000436250454,0.08254594429223944,-0.38288228392663076,0.0,0.0,0.0,0.0
20329000000,4417,20328000000,map,0.30896843947834485,0.07106539209821594,0.314896692230096,0.0,0.0,0.0,0.0
20330000000,4418,20330000000,map,-0.21945564899128078,0.01997921615495829,0.27221523793252766,0.0,0.0,0.0,0.0
20332000000,4419,20332000000,map,0.3081778956212864,0.3948300043941132,-0.09598650332931208,0.0,0.0,0.0,0.0
20334000000,4420,20334000000,map,0.028530383512548885,0.041324741148340394,-0.2796150757657082,0.0,0.0,0.0,0.0
20336000000,4421,20336000000,map,-0.14846879831907628,-0.20433902720865366,0.2507488913442245,0.0,0.0,0.0,0.0
20338000000,4422,20338000000,map,-0.14473091014587686,0.05824737940873215,0.012688123439239862,0.0,0.0,0.0,0.0
20341000000,4423,20341000000,map,0.31978816915805097,-0.04262594559042371,0.17672238239828764,0.0,0.0,0.0,0.0
20343000000,4424,20342000000,map,-0.06388966669949325,-0.07842420374466796,-0.03507312516137556,0.0,0.0,0.0,0.0
20345000000,4425,20345000000,map,-0.26538203015609857,0.2682517965541099,0.12596124740496406,0.0,0.0,0.0,0.0
20346000000,4426,20346000000,map,0.22106118702038036,0.3538028633773348,-0.37874276972033943,0.0,0.0,0.0,0.0
20348000000,4427,20348000000,map,-0.3482479246460388,-0.3372426736021937,-0.20741250199105943,0.0,0.0,0.0,0.0
20351000000,4428,20351000000,map,-0.24768079173552707,-0.15630269492861065,0.3997783909248456,0.0,0.0,0.0,0.0
20353000000,4429,20353000000,map,0.2947720604338424,0.04353349796755268,0.37213205326393506,0.0,0.0,0.0,0.0
20355000000,4430,20355000000,map,-0.33783585730897403,0.05669290515825515,-0.30042469713186226,0.0,0.0,0.0,0.0
20357000000,4431,20357000000,map,0.38175300421528446,0.11853252914725732,-0.11322835082044386,0.0,0.0,0.0,0.0
20359000000,4432,20359000000,map,0.3054926370628863,-0.19613364751487233,0.24373409908536325,0.0,0.0,0.0,0.0
20361000000,4433,20361000000,map,0.338758942139326,0.1425919347372122,0.25289209416108904,0.0,0.0,0.0,0.0
20362000000,4434,20362000000,map,-0.31979183202175254,-0.20607207071581699,-0.18494780772136044,0.0,0.0,0.0,0.0
20364000000,4435,20364000000,map,0.38287352541627717,-0.25895629714504836,0.138489348909977,0.0,0.0,0.0,0.0
20367000000,4436,20367000000,map,-0.12195569470461165,0.05738908835627654,-0.31181249507985065,0.0,0.0,0.0,0.0
20369000000,4437,20369000000,map,0.24704788739861916,0.09251137838100576,-0.1978366489116422,0.0,0.0,0.0,0.0
20370000000,4438,20370000000,map,0.22135184041863665,0.2971221933121434,0.08433427432785195,0.0,0.0,0.0,0.0
20373000000,4439,20373000000,map,0.03774959232318886,0.09087446232536484,-0.3469135565186403,0.0,0.0,0.0,0.0
20375000000,4440,20375000000,map,0.37050812087205953,0.13534831881988985,0.02421916150133019,0.0,0.0,0.0,0.0
20377000000,4441,20377000000,map,-0.07630082294614515,-0.12881419092641883,-0.1624262652818696,0.0,0.0,0.0,0.0
20379000000,4442,20379000000,map,-0.15539135970322793,0.012821973345591542,-0.2161092016674494,0.0,0.0,0.0,0.0
20381000000,4443,20381000000,map,0.1024835258810105,0.3868358459486194,0.21988227988409148,0.0,0.0,0.0,0.0
20383000000,4444,20383000000,map,-0.18603923159398641,-0.19485395342245115,-0.37790782717371335,0.0,0.0,0.0,0.0
20385000000,4445,20385000000,map,0.08420116838064357,-0.3597085957253498,-0.3835525071826886,0.0,0.0,0.0,0.0
20387000000,4446,20386000000,map,0.03542523116503615,-0.10750659316338662,0.3970915514047815,0.0,0.0,0.0,0.0
20389000000,4447,20389000000,map,0.2269098973292738,-0.1733346153504466,-0.3242926583110046,0.0,0.0,0.0,0.0
20391000000,4448,20391000000,map,-0.16198056868053734,0.23687806969294367,0.30866528388277104,0.0,0.0,0.0,0.0
20393000000,4449,20393000000,map,-0.33828405217694246,0.1810399595209773,0.010039970447383972,0.0,0.0,0.0,0.0
20394000000,4450,20394000000,map,0.31593271848975224,0.20125611850620684,-0.17896420562623178,0.0,0.0,0.0,0.0
20397000000,4451,20397000000,map,0.34200575686772605,-0.2844599715901628,0.10183473936279785,0.0,0.0,0.0,0.0
20399000000,4452,20399000000,map,0.10090400376432629,-0.29447425110870906,0.23285632745033125,0.0,0.0,0.0,0.0
20401000000,4453,20401000000,map,0.18899176822312513,-0.07204674212238577,-0.2940659397612638,0.0,0.0,0.0,0.0
20403000000,4454,20403000000,map,0.2616866262993519,0.08681180751454692,-0.1955843907472529,0.0,0.0,0.0,0.0
20405000000,4455,20405000000,map,-0.10088219591649866,-0.23218965958440824,-0.3578665189159201,0.0,0.0,0.0,0.0
20407000000,4456,20407000000,map,0.2397481759816532,-0.026308930759213256,0.26859537878695827,0.0,0.0,0.0,0.0
20409000000,4457,20409000000,map,-0.0941249527855344,0.14922476596658996,-0.13801004729987731,0.0,0.0,0.0,0.0
20411000000,4458,20411000000,map,0.022741068538938092,0.08829554884642715,0.3938706763831126,0.0,0.0,0.0,0.0
20413000000,4459,20413000000,map,0.2567034853498631,-0.3576961033215137,-0.14582357807313268,0.0,0.0,0.0,0.0
20415000000,4460,20415000000,map,-0.16913221125608835,0.033367601156861215,-0.2335165570811062,0.0,0.0,0.0,0.0
20417000000,4461,20417000000,map,0.0866970430774966,-0.020608106802747772,-0.2794045473959832,0.0,0.0,0.0,0.0
20419000000,4462,20419000000,map,-0.30884441513221017,0.2105245111096512,0.16000684567028545,0.0,0.0,0.0,0.0
20421000000,4463,20421000000,map,-0.12519450919307573,-0.3532644592823759,0.058088111439621115,0.0,0.0,0.0,0.0
20423000000,4464,20423000000,map,-0.15604551417770943,0.2645712795279299,-0.30275972500924675,0.0,0.0,0.0,0.0
20425000000,4465,20425000000,map,0.05095885449712856,0.36615143096997194,-0.24620130001860324,0.0,0.0,0.0,0.0
20427000000,4466,20427000000,map,-0.0469407973414776,-0.1618156549780954,-0.20169317599797157,0.0,0.0,0.0,0.0
20429000000,4467,20429000000,map,-0.32226783045465723,0.3478026870968768,-0.1812512403217956,0.0,0.0,0.0,0.0
20431000000,4468,20431000000,map,0.1703705475299533,-0.07642370648783009,0.33785597648883603,0.0,0.0,0.0,0.0
20432000000,4469,20432000000,map,-0.08687552902326162,0.006996515241198875,0.1760029698184904,0.0,0.0,0.0,0.0
20435000000,4470,20435000000,map,0.12183620714914078,-0.3139608066045325,-0.37349023447797436,0.0,0.0,0.0,0.0
20436000000,4471,20436000000,map,-0.2625508982042025,-0.3345782300184383,0.3665246486899152,0.0,0.0,0.0,0.0
20438000000,4472,20438000000,map,-0.08873012112066647,0.1376292337067524,0.22682766830507317,0.0,0.0,0.0,0.0
20441000000,4473,20440000000,map,-0.3113297100768388,0.3015498739827759,-0.3913253174119356,0.0,0.0,0.0,0.0
20443000000,4474,20443000000,map,0.054635728704594544,0.32540196793992204,-0.019896863428151945,0.0,0.0,0.0,0.0
20445000000,4475,20444000000,map,0.29392422724703005,0.3154958203484468,-0.22433311514427692,0.0,0.0,0.0,0.0
20446000000,4476,20446000000,map,-0.14746321045665883,0.12680248869824062,0.11748341936667539,0.0,0.0,0.0,0.0
20449000000,4477,20449000000,map,-0.2778187740023548,-0.1394971773832085,-0.043305977821597064,0.0,0.0,0.0,0.0
20451000000,4478,20451000000,map,0.283098669868192,-0.009806286043206436,-0.3421538330388977,0.0,0.0,0.0,0.0
20453000000,4479,20452000000,map,0.3784398550851663,-0.2292036424851574,-0.2798324989492807,0.0,0.0,0.0,0.0
20455000000,4480,20455000000,map,-0.35242243737657175,-0.021549115317187284,0.337762975155552,0.0,0.0,0.0,0.0
20457000000,4481,20457000000,map,-0.14309448932034774,0.24391697122534628,0.07686556188216176,0.0,0.0,0.0,0.0
20458000000,4482,20458000000,map,-0.20745249107919392,0.029953786072046573,0.0922479672158647,0.0,0.0,0.0,0.0
20461000000,4483,20460000000,map,-0.13244951781590059,-0.13765340243035523,0.21272083992157598,0.0,0.0,0.0,0.0
20462000000,4484,20462000000,map,0.22125349506577963,-0.12098283932277837,0.14604365650201134,0.0,0.0,0.0,0.0
20465000000,4485,20464000000,map,-0.2082218782178901,0.1203904336728121,-0.26456280748590033,0.0,0.0,0.0,0.0
20467000000,4486,20466000000,map,0.10928554288833958,-0.23252933568920015,-0.3354246193474756,0.0,0.0,0.0,0.0
20468000000,4487,20468000000,map,-0.08251194661165778,-0.38992675846176666,0.39122138833649356,0.0,0.0,0.0,0.0
20470000000,4488,20470000000,map,0.3199224572793018,0.38779841191385267,0.2848535389667268,0.0,0.0,0.0,0.0
20473000000,4489,20473000000,map,0.15385021605076776,0.058071854490647556,0.3631578258701643,0.0,0.0,0.0,0.0
20475000000,4490,20474000000,map,0.2882637998781721,-0.2571892991294512,0.19753244744423815,0.0,0.0,0.0,0.0
20477000000,4491,20477000000,map,-0.06579343225460288,-0.18812017691628885,0.026658866132956427,0.0,0.0,0.0,0.0
20479000000,4492,20479000000,map,-0.021940303518179993,0.12155660244330624,0.28290993264460695,0.0,0.0,0.0,0.0
20481000000,4493,20481000000,map,0.27398877791477527,0.3088751074709667,0.0661549819281711,0.0,0.0,0.0,0.0
20483000000,4494,20483000000,map,-0.2370922567387683,-0.022245951589226542,0.15119629057959794,0.0,0.0,0.0,0.0
20485000000,4495,20485000000,map,-0.3284744644592581,0.08225443486134454,-0.14503953650496226,0.0,0.0,0.0,0.0
20487000000,4496,20487000000,map,0.03719882496433902,-0.16666415457557818,-0.08647965431404037,0.0,0.0,0.0,0.0
20489000000,4497,20489000000,map,-0.07426804553226274,0.27483615558497554,0.04614849553089606,0.0,0.0,0.0,0.0
20491000000,4498,20491000000,map,0.34171668827279367,-0.03557530677798887,-0.09148992878901285,0.0,0.0,0.0,0.0
20493000000,4499,20493000000,map,0.07515023082474748,-0.19987407996932696,0.03735073372771058,0.0,0.0,0.0,0.0
20494000000,4500,20494000000,map,-0.050475344493692675,0.17575169467270213,-0.07049043676738415,0.0,0.0,0.0,0.0
20496000000,4501,20496000000,map,0.05356596643404449,0.28089940016250603,0.21907729475110194,0.0,0.0,0.0,0.0
20499000000,4502,20499000000,map,-0.19813593848447072,0.3078035796708135,0.08879345193082333,0.0,0.0,0.0,0.0
20501000000,4503,20501000000,map,-0.16112468556410758,0.08183043095738707,0.22213645551253836,0.0,0.0,0.0,0.0
20503000000,4504,20503000000,map,0.061506051306044474,-0.3546130409037691,-0.252307777563346,0.0,0.0,0.0,0.0
20504000000,4505,20504000000,map,-0.11834210485786517,0.11699345161466346,0.018772118472692334,0.0,0.0,0.0,0.0
20507000000,4506,20507000000,map,-0.12177883588976007,-0.3833761641265164,-0.10351043695420092,0.0,0.0,0.0,0.0
20509000000,4507,20509000000,map,0.35779693730480755,-0.2958363500715085,-0.25988410591258115,0.0,0.0,0.0,0.0
20510000000,4508,20510000000,map,-0.19021682129286105,-0.36292020589156726,-0.369241173481423,0.0,0.0,0.0,0.0
20513000000,4509,20513000000,map,-0.1775495906295706,0.09280987606068597,0.148079603732457,0.0,0.0,0.0,0.0
20515000000,4510,20515000000,map,-0.1802039463058451,-0.39367192063572737,-0.32329189005294934,0.0,0.0,0.0,0.0
20517000000,4511,20517000000,map,0.25264550261526475,0.0673870594137373,-0.1335815386390124,0.0,0.0,0.0,0.0
20519000000,4512,20519000000,map,-0.07240296385052791,0.1721190177931018,-0.06938307742944633,0.0,0.0,0.0,0.0
20520000000,4513,20520000000,map,-0.13894431099722848,0.1886967304222802,0.17703736458005737,0.0,0.0,0.0,0.0
20523000000,4514,20523000000,map,-0.1971885794238098,0.3665416210970104,0.22327499695004416,0.0,0.0,0.0,0.0
20524000000,4515,20524000000,map,-0.3984481210359206,0.3031546901409192,0.07047732073938595,0.0,0.0,0.0,0.0
20526000000,4516,20526000000,map,-0.31399106872718385,-0.01725720887716925,-0.23834213540792717,0.0,0.0,0.0,0.0
20528000000,4517,20528000000,map,0.2193703832517815,0.2813100405439767,0.0318382159730623,0.0,0.0,0.0,0.0
20530000000,4518,20530000000,map,-0.044079248881973454,0.3848564389582164,-0.2658746730370294,0.0,0.0,0.0,0.0
20532000000,4519,20532000000,map,-0.018009174848070575,-0.3920786512860741,0.025721934890331866,0.0,0.0,0.0,0.0
20534000000,4520,20534000000,map,0.1360494468017054,-0.2709599698415973,0.12444247707972078,0.0,0.0,0.0,0.0
20536000000,4521,20536000000,map,-0.35661477862899055,-0.07437155102799875,-0.31983131420406774,0.0,0.0,0.0,0.0
20538000000,4522,20538000000,map,-0.04361115426225587,0.18411502387937717,0.36960869837472543,0.0,0.0,0.0,0.0
20540000000,4523,20540000000,map,-0.15172376634170834,0.272107703329896,-0.011037370276560543,0.0,0.0,0.0,0.0
20543000000,4524,20543000000,map,-0.008977904051745589,0.23565675339974956,-0.2854033846805708,0.0,0.0,0.0,0.0
20545000000,4525,20544000000,map,0.15927749293685245,-0.21499967075091608,0.39313327094906425,0.0,0.0,0.0,0.0
20547000000,4526,20547000000,map,-0.3351032180113295,0.19325298106179134,0.37000725153698044,0.0,0.0,0.0,0.0
20549000000,4527,20549000000,map,-0.1970314090474803,0.03594722714286619,0.018655777625370185,0.0,0.0,0.0,0.0
20551000000,4528,20551000000,map,-0.2902442721821058,0.23021552692639025,-0.13501898912910104,0.0,0.0,0.0,0.0
20553000000,4529,20553000000,map,-0.2263209832201123,0.10683074168101037,0.10982109468127588,0.0,0.0,0.0,0.0
20555000000,4530,20555000000,map,-0.2655406999281208,0.1554617717684813,-0.1266934950695831,0.0,0.0,0.0,0.0
20557000000,4531,20557000000,map,0.008509532532035735,-0.28256720255615775,-0.012782537398773441,0.0,0.0,0.0,0.0
20559000000,4532,20559000000,map,-0.24968529620180904,0.057047547038646784,-0.261558625739808,0.0,0.0,0.0,0.0
20561000000,4533,20560000000,map,-0.30140295436629616,-0.2947548814983399,0.05469381180199495,0.0,0.0,0.0,0.0
20562000000,4534,20562000000,map,-0.20796122410953774,-0.05660798470920492,0.3552152302758568,0.0,0.0,0.0,0.0
20564000000,4535,20564000000,map,-0.3319988683599448,0.007353318309880508,-0.265172018309733,0.0,0.0,0.0,0.0
20566000000,4536,20566000000,map,0.06991165591347343,0.2000340912527221,-0.1893003750933623,0.0,0.0,0.0,0.0
20568000000,4537,20568000000,map,-0.000960439649632161,0.04195083245571646,0.12535318500731285,0.0,0.0,0.0,0.0
20570000000,4538,20570000000,map,-0.373324680745554,-0.02974477843298745,0.0009887206979583563,0.0,0.0,0.0,0.0
20573000000,4539,20573000000,map,-0.03783116185653029,-0.010075458618828637,0.12261217806001756,0.0,0.0,0.0,0.0
20574000000,4540,20574000000,map,0.3681996492982179,-0.21672478396943903,-0.21410360027099837,0.0,0.0,0.0,0.0
20577000000,4541,20577000000,map,-0.002611581300605459,-0.25620275595385245,-0.38945798921249974,0.0,0.0,0.0,0.0
20578000000,4542,20578000000,map,0.2528232500909111,0.2733469011743761,-0.005953913209589656,0.0,0.0,0.0,0.0
20580000000,4543,20580000000,map,0.37770550620896515,-0.34355766091167955,0.007782999585916717,0.0,0.0,0.0,0.0
20583000000,4544,20583000000,map,0.3635890797113188,0.09067596692512331,-0.37161926844527826,0.0,0.0,0.0,0.0
20585000000,4545,20584000000,map,-0.32386217767130693,0.213555674584752,-0.08345247630037955,0.0,0.0,0.0,0.0
20586000000,4546,20586000000,map,0.20043498290762296,-0.3528115292446983,-0.08356114575534107,0.0,0.0,0.0,0.0
20588000000,4547,20588000000,map,0.2992680529107502,0.2546998031091603,0.09649951350560898,0.0,0.0,0.0,0.0
20591000000,4548,20590000000,map,0.15579600078702116,0.3718245771071358,-0.34060259228534817,0.0,0.0,0.0,0.0
20592000000,4549,20592000000,map,-0.3617864667338596,-0.13331055624192073,-0.18846045002988557,0.0,0.0,0.0,0.0
20595000000,4550,20595000000,map,0.35109694222043286,-0.04731075742597979,0.18352060490380462,0.0,0.0,0.0,0.0
20597000000,4551,20597000000,map,0.09259871245509094,0.3969996139492723,-0.18334695499575593,0.0,0.0,0.0,0.0
20599000000,4552,20599000000,map,0.3547991246292701,-0.16714745242403195,0.25135961520907857,0.0,0.0,0.0,0.0
20602000000,4553,20601000000,map,-0.3487699239785955,0.02580435674435294,-0.1659684781347376,0.0,0.0,0.0,0.0
20604000000,4554,20604000000,map,-0.23246550217145798,0.10188691247026305,0.3459852035853975,0.0,0.0,0.0,0.0
20606000000,4555,20606000000,map,0.36558713250214214,-0.011615610819956657,0.22085834814491645,0.0,0.0,0.0,0.0
20608000000,4556,20608000000,map,-0.004887801461833652,-0.27289489720590915,-0.28709633479762176,0.0,0.0,0.0,0.0
20610000000,4557,20610000000,map,-0.15058756717121505,-0.2671986579326705,0.1897825206052285,0.0,0.0,0.0,0.0
20612000000,4558,20612000000,map,-0.08142316703653951,-0.04633700546562097,-0.06794152442851309,0.0,0.0,0.0,0.0
20613000000,4559,20613000000,map,0.3076286754653812,-0.10523925375176163,0.017005674631518086,0.0,0.0,0.0,0.0
20615000000,4560,20615000000,map,-0.0650174435654538,0.12197181808499014,-0.35569799545740244,0.0,0.0,0.0,0.0
20617000000,4561,20617000000,map,-0.15577696434238103,-0.15513806379799303,-0.1716615170902243,0.0,0.0,0.0,0.0
20619000000,4562,20619000000,map,0.23010471437548485,0.06097924228792345,-0.2486560003160443,0.0,0.0,0.0,0.0
20621000000,4563,20621000000,map,-0.08706547664077224,0.11703120422666258,-0.34084960417743304,0.0,0.0,0.0,0.0
20623000000,4564,20623000000,map,0.25794652511234506,-0.0020104151805514503,-0.14545714936741788,0.0,0.0,0.0,0.0
20625000000,4565,20625000000,map,0.08443542373166207,0.009143977641878742,-0.17654789883237926,0.0,0.0,0.0,0.0
20628000000,4566,20628000000,map,0.14327467405643546,0.12241587438987145,-0.3167090384131542,0.0,0.0,0.0,0.0
20631000000,4567,20631000000,map,-0.3244887209810335,-0.21887040307554761,-0.35471507752462306,0.0,0.0,0.0,0.0
20633000000,4568,20633000000,map,0.09546511394335122,0.22638360284999604,-0.324248321737133,0.0,0.0,0.0,0.0
20636000000,4569,20636000000,map,0.10573519394097386,0.31911434517830073,-0.30486934055479553,0.0,0.0,0.0,0.0
20638000000,4570,20638000000,map,-0.3476483657770085,0.2438862197731444,0.209283379137729,0.0,0.0,0.0,0.0
20641000000,4571,20640000000,map,-0.11107943069115861,0.3483369260666571,-0.035922035587466206,0.0,0.0,0.0,0.0
20643000000,4572,20642000000,map,0.2548585276335652,0.2963889755050261,0.07801487137853214,0.0,0.0,0.0,0.0
20645000000,4573,20644000000,map,-0.07385356319893599,0.1965820060841359,-0.25390764481690065,0.0,0.0,0.0,0.0
20646000000,4574,20646000000,map,0.039870208583634104,0.2751919431734643,0.33094853873152974,0.0,0.0,0.0,0.0
20647000000,4575,20647000000,map,0.28154179488844455,-0.20624866455007163,-0.08450619763473788,0.0,0.0,0.0,0.0
20649000000,4576,20649000000,map,-0.21583668549674076,-0.20340544582118225,-0.3945245015440003,0.0,0.0,0.0,0.0
20651000000,4577,20651000000,map,0.39137975368891054,0.35358752754385836,0.39684346765535117,0.0,0.0,0.0,0.0
20654000000,4578,20653000000,map,-0.28918061888960844,0.03748926373166955,0.013970950078728284,0.0,0.0,0.0,0.0
20656000000,4579,20656000000,map,-0.2371439845266761,0.08204554661630226,-0.3197369365297237,0.0,0.0,0.0,0.0
20657000000,4580,20657000000,map,-0.06470071993540377,-0.12297843017242543,0.07783894920193368,0.0,0.0,0.0,0.0
20660000000,4581,20660000000,map,0.19238744482166592,0.09885755808392649,0.29958783928701604,0.0,0.0,0.0,0.0
20661000000,4582,20661000000,map,-0.39113632613595023,0.35851626572138695,0.35682878829341946,0.0,0.0,0.0,0.0
20664000000,4583,20663000000,map,-0.12175850650997422,0.07399913351934073,0.13208167265004955,0.0,0.0,0.0,0.0
20665000000,4584,20665000000,map,-0.15795035059997373,0.36080827522667147,0.11788455375627782,0.0,0.0,0.0,0.0
20667000000,4585,20667000000,map,0.26633572421239526,-0.15570784824798764,0.26853168457727217,0.0,0.0,0.0,0.0
20669000000,4586,20669000000,map,0.15167328721848805,0.14420030733055822,-0.39397632869060695,0.0,0.0,0.0,0.0
20671000000,4587,20671000000,map,0.25542261161974744,-0.2430363143434258,0.1282334307417463,0.0,0.0,0.0,0.0
20673000000,4588,20673000000,map,-0.3784420166151877,-0.32017273492909254,-0.38537662231726144,0.0,0.0,0.0,0.0
20675000000,4589,20675000000,map,-0.34146841306993786,-0.04190838066521252,0.20518387749161504,0.0,0.0,0.0,0.0
20677000000,4590,20677000000,map,-0.39329685231110767,-0.18747737840850642,0.1617417608865096,0.0,0.0,0.0,0.0
20679000000,4591,20679000000,map,-0.048976098544496194,-0.3856926669832631,-0.13894488129841004,0.0,0.0,0.0,0.0
20681000000,4592,20681000000,map,0.35984140498027617,0.2401694275097589,-0.06650509036760682,0.0,0.0,0.0,0.0
20683000000,4593,20683000000,map,0.2594167645695953,-0.09498491911581541,-0.0514921432848911,0.0,0.0,0.0,0.0
20685000000,4594,20685000000,map,0.2601208370177621,-0.12345230584255429,0.19588497426594875,0.0,0.0,0.0,0.0
20687000000,4595,20687000000,map,-0.32297094845619734,-0.07820907087261214,-0.3019548781114883,0.0,0.0,0.0,0.0
20689000000,4596,20689000000,map,-0.20916713969170742,0.07320083244958014,0.24390711922663588,0.0,0.0,0.0,0.0
20692000000,4597,20691000000,map,0.3379198388037241,0.27289775089831925,0.2671677088607337,0.0,0.0,0.0,0.0
20693000000,4598,20693000000,map,0.016632771224448617,-0.2992484226616223,-0.13610973152275913,0.0,0.0,0.0,0.0
20695000000,4599,20695000000,map,-0.3636106612792826,-0.07083781477075485,0.21905981042499323,0.0,0.0,0.0,0.0
20697000000,4600,20697000000,map,-0.14684652585666286,-0.3466958387030002,0.25207544813105043,0.0,0.0,0.0,0.0
20699000000,4601,20699000000,map,0.14694552076116074,0.09386824107128183,-0.21447548547240006,0.0,0.0,0.0,0.0
20702000000,4602,20702000000,map,-0.11079782233873098,0.10473311089379433,0.26456979282107773,0.0,0.0,0.0,0.0
20704000000,4603,20704000000,map,0.3982547897608496,-0.35584777051148275,0.004234807491850678,0.0,0.0,0.0,0.0
20706000000,4604,20706000000,map,-0.34676358306185623,-0.10589616635042864,0.004437129875496826,0.0,0.0,0.0,0.0
20708000000,4605,20708000000,map,0.29849758355124856,0.32221482204678265,0.2517429054287762,0.0,0.0,0.0,0.0
20711000000,4606,20711000000,map,0.0848799967109839,0.3147988435794583,-0.23782625417403647,0.0,0.0,0.0,0.0
20713000000,4607,20713000000,map,0.17675665231510074,0.10079900145133558,0.2270678569199458,0.0,0.0,0.0,0.0
20715000000,4608,20715000000,map,-0.3121293934254268,0.23789814258294917,-0.3549822465641728,0.0,0.0,0.0,0.0
20716000000,4609,20716000000,map,0.0040344699722935085,0.3441929877478813,-0.36593613505397254,0.0,0.0,0.0,0.0
20719000000,4610,20717000000,map,-0.2418133721220355,-0.03080595897694771,0.0987148410510551,0.0,0.0,0.0,0.0
20720000000,4611,20720000000,map,-0.2074014322544149,0.08077021458904704,-0.372579808354883,0.0,0.0,0.0,0.0
20721000000,4612,20721000000,map,-0.2409221304923296,0.05334041014038221,-0.06168372471898392,0.0,0.0,0.0,0.0
20723000000,4613,20723000000,map,-0.19856250549791363,0.3800736471006443,0.1927194354452315,0.0,0.0,0.0,0.0
20726000000,4614,20725000000,map,-0.16943233047926545,-0.1400394143268795,0.060749644435239,0.0,0.0,0.0,0.0
20728000000,4615,20727000000,map,0.39926350866625104,-0.05146226504410484,0.14774600117092573,0.0,0.0,0.0,0.0
20730000000,4616,20729000000,map,0.35479941185861175,-0.27607967086705365,0.27264119294309797,0.0,0.0,0.0,0.0
20732000000,4617,20731000000,map,-0.10180352862853348,-0.37122678591991837,-0.011362527357078045,0.0,0.0,0.0,0.0
20734000000,4618,20734000000,map,-0.312981107494667,-0.2974072418252782,-0.04077740738666613,0.0,0.0,0.0,0.0
20735000000,4619,20735000000,map,-0.017217494773482833,-0.22017611257937691,0.04809225741937384,0.0,0.0,0.0,0.0
20738000000,4620,20738000000,map,0.014283716774002364,-0.37263222087209874,-0.03514777190589963,0.0,0.0,0.0,0.0
20740000000,4621,20740000000,map,0.3864873753609842,0.3111806638307171,-0.05430778116512808,0.0,0.0,0.0,0.0
20742000000,4622,20742000000,map,0.05816285394996212,0.2802281282710597,-0.15789480559398192,0.0,0.0,0.0,0.0
20744000000,4623,20744000000,map,0.038897143453291094,-0.04387304804764047,0.3091123263005747,0.0,0.0,0.0,0.0
20745000000,4624,20745000000,map,0.17016911449868,-0.29908663403067487,0.23284272339739565,0.0,0.0,0.0,0.0
20747000000,4625,20747000000,map,-0.3813013734133714,0.17463327328431344,0.3564432084226532,0.0,0.0,0.0,0.0
20750000000,4626,20749000000,map,0.09159296872129186,-0.04515936849575514,-0.3240117726817071,0.0,0.0,0.0,0.0
20751000000,4627,20751000000,map,-0.3892608065984224,0.23540562900102746,-0.266582672189862,0.0,0.0,0.0,0.0
20754000000,4628,20753000000,map,-0.12813380441902417,-0.2573120904458547,0.2614399754802069,0.0,0.0,0.0,0.0
20756000000,4629,20756000000,map,0.30903403614342817,-0.3270249296507946,-0.12935411549359355,0.0,0.0,0.0,0.0
20758000000,4630,20758000000,map,0.042232997220942425,-0.1560042093656524,-0.27572190008791897,0.0,0.0,0.0,0.0
20760000000,4631,20760000000,map,-0.23045373114959866,0.15374318112497465,0.13542145568783692,0.0,0.0,0.0,0.0
20761000000,4632,20761000000,map,-0.005112450449990313,0.36788680104479554,-0.33582576969845085,0.0,0.0,0.0,0.0
20764000000,4633,20764000000,map,0.35680774944948246,-0.07818106169637323,-0.2651080683428123,0.0,0.0,0.0,0.0
20765000000,4634,20765000000,map,-0.21129486908432396,-0.033216438466079856,-0.0038243283072176837,0.0,0.0,0.0,0.0
20767000000,4635,20767000000,map,-0.11291062669793234,0.12879283406825692,0.2363417430003264,0.0,0.0,0.0,0.0
20769000000,4636,20769000000,map,-0.21215007853564058,0.07323815779809467,0.19427318767705515,0.0,0.0,0.0,0.0
20771000000,4637,20771000000,map,-0.2086630761660551,-0.3213480325425334,-0.24969711657344063,0.0,0.0,0.0,0.0
20774000000,4638,20774000000,map,0.18197183455177535,0.11328939655823744,-0.01858383933361296,0.0,0.0,0.0,0.0
20776000000,4639,20775000000,map,0.06577441989726857,0.08235659338026363,0.36796645931758076,0.0,0.0,0.0,0.0
20778000000,4640,20778000000,map,-0.3312293194249829,-0.2678822861472874,-0.10086270150401694,0.0,0.0,0.0,0.0
20780000000,4641,20779000000,map,0.06553755494080588,0.39175405552001874,0.3947837837759105,0.0,0.0,0.0,0.0
20782000000,4642,20782000000,map,-0.36718067235943547,0.06714860730672817,0.1693355843172416,0.0,0.0,0.0,0.0
20784000000,4643,20784000000,map,0.05491711528008264,0.19846196167365815,-0.2458774292193113,0.0,0.0,0.0,0.0
20786000000,4644,20786000000,map,-0.04866142482338687,0.12655264213030692,-0.34040547890392586,0.0,0.0,0.0,0.0
20788000000,4645,20788000000,map,0.26003912214199265,0.044487042579016034,0.03426235834698732,0.0,0.0,0.0,0.0
20790000000,4646,20790000000,map,-0.17509350474046423,0.3849220846723437,0.25982844569136665,0.0,0.0,0.0,0.0
20792000000,4647,20792000000,map,0.1188916868105494,0.06458154864109578,0.2888062815334933,0.0,0.0,0.0,0.0
20794000000,4648,20794000000,map,-0.3883459604924984,-0.15203207173228797,-0.37548613900678657,0.0,0.0,0.0,0.0
20796000000,4649,20796000000,map,0.16949468871316442,0.3268016461271389,0.2891617306643922,0.0,0.0,0.0,0.0
20798000000,4650,20798000000,map,0.35026152368909136,0.028063985631079535,0.003072466667957685,0.0,0.0,0.0,0.0
20799000000,4651,20799000000,map,-0.008732337633355292,-0.06319390760358823,0.3278679323901057,0.0,0.0,0.0,0.0
20801000000,4652,20801000000,map,0.1457551263357696,-0.13704645042566405,-0.07760779076795321,0.0,0.0,0.0,0.0
20804000000,4653,20804000000,map,-0.33859045165252066,-0.06801352955901996,0.3538052347992572,0.0,0.0,0.0,0.0
20805000000,4654,20805000000,map,0.26486829345680896,0.3869710517892059,-0.1832928815528499,0.0,0.0,0.0,0.0
20807000000,4655,20807000000,map,0.2856069548577087,-0.2596459435020558,0.26895347310059436,0.0,0.0,0.0,0.0
20809000000,4656,20809000000,map,-0.1344469470056477,-0.28655248321245375,0.37838200861316484,0.0,0.0,0.0,0.0
20811000000,4657,20811000000,map,0.33072912369154905,-0.09591234576424429,-0.3094286873345977,0.0,0.0,0.0,0.0
20814000000,4658,20813000000,map,-0.025413119848375354,0.11769039519636293,0.15449081157139288,0.0,0.0,0.0,0.0
20816000000,4659,20816000000,map,0.3450355702309066,-0.0043903190007444914,-0.32517703591197883,0.0,0.0,0.0,0.0
20818000000,4660,20817000000,map,-0.288535110537738,0.1506558373968493,-0.2692534442405305,0.0,0.0,0.0,0.0
20820000000,4661,20819000000,map,-0.08664152239098144,0.18482127303952178,-0.19676342477003173,0.0,0.0,0.0,0.0
20822000000,4662,20822000000,map,-0.24774839326004527,-0.3703152657492495,-0.37186590566710254,0.0,0.0,0.0,0.0
20824000000,4663,20824000000,map,-0.18592594386774577,0.36360527788583563,0.3487790973632059,0.0,0.0,0.0,0.0
20826000000,4664,20826000000,map,0.20704546416114677,0.2543461991507634,-0.01853949983089631,0.0,0.0,0.0,0.0
20828000000,4665,20827000000,map,-0.008638628098816936,0.20126300149961052,-0.34907264598115406,0.0,0.0,0.0,0.0
20830000000,4666,20830000000,map,0.11888400275043143,0.2310036504652152,0.13805018838988703,0.0,0.0,0.0,0.0
20832000000,4667,20832000000,map,0.21207418141598455,-0.3653355894588963,-0.041611315741786836,0.0,0.0,0.0,0.0
20834000000,4668,20834000000,map,0.20634925327115616,0.2297338688502033,-0.2239154733392749,0.0,0.0,0.0,0.0
20836000000,4669,20835000000,map,0.1343452800861027,-0.054851932563398764,0.335687486451003,0.0,0.0,0.0,0.0
20838000000,4670,20838000000,map,0.1909847320175896,0.382243130004264,0.12147581437455235,0.0,0.0,0.0,0.0
20840000000,4671,20840000000,map,0.12365462908658276,-0.24207859813183608,-0.2843483335695157,0.0,0.0,0.0,0.0
20842000000,4672,20842000000,map,-0.25274279972141855,-0.11013073415236174,0.21239099957898555,0.0,0.0,0.0,0.0
20844000000,4673,20844000000,map,-0.39562121234471614,-0.026546931419545117,0.37158134970004497,0.0,0.0,0.0,0.0
20846000000,4674,20846000000,map,-0.0794795189563634,-0.25433970397702216,0.1056919351447898,0.0,0.0,0.0,0.0
20848000000,4675,20848000000,map,-0.17504807573761108,-0.36392239350650873,-0.36778315199620915,0.0,0.0,0.0,0.0
20850000000,4676,20850000000,map,0.13751578829221345,0.2434035922866532,-0.2847358425653256,0.0,0.0,0.0,0.0
20852000000,4677,20852000000,map,-0.23089212221498512,-0.2770208295171681,0.21101271238060682,0.0,0.0,0.0,0.0
20854000000,4678,20854000000,map,-0.037709161961353765,0.27314356832098474,-0.2814408670316867,0.0,0.0,0.0,0.0
20855000000,4679,20855000000,map,-0.11779276995592453,-0.3009738329183503,-0.24349804730348903,0.0,0.0,0.0,0.0
20858000000,4680,20858000000,map,-0.046536205933615016,0.18970430405280714,0.28602110708672857,0.0,0.0,0.0,0.0
20860000000,4681,20860000000,map,0.033086428262247225,0.10321891305965081,0.29966709999093366,0.0,0.0,0.0,0.0
20862000000,4682,20862000000,map,0.36228914053464034,0.1659226328205604,0.1533224623978462,0.0,0.0,0.0,0.0
20864000000,4683,20864000000,map,0.18685601151460252,0.06922411080040164,-0.3815802727444786,0.0,0.0,0.0,0.0
20866000000,4684,20865000000,map,0.07010497735389787,-0.1756732663181384,-0.34185009242889974,0.0,0.0,0.0,0.0
20868000000,4685,20867000000,map,0.3934242688830686,0.2792870267580566,0.35069671648735024,0.0,0.0,0.0,0.0
20870000000,4686,20869000000,map,-0.22340650941870216,0.3276593489076558,0.02122999020119909,0.0,0.0,0.0,0.0
20871000000,4687,20871000000,map,0.10779242132742739,-0.09009373008817134,-0.02357377090702284,0.0,0.0,0.0,0.0
20874000000,4688,20874000000,map,-0.3236240497742356,-0.1086040829891825,0.09654369763825199,0.0,0.0,0.0,0.0
20875000000,4689,20875000000,map,-0.2960206976891186,0.2996293498045415,0.01060156123510636,0.0,0.0,0.0,0.0
20877000000,4690,20877000000,map,0.2269247287281967,-0.09813783142412102,-0.07780263562239997,0.0,0.0,0.0,0.0
20879000000,4691,20879000000,map,-0.003775237412504573,0.020899453870919682,-0.2005204187760817,0.0,0.0,0.0,0.0
20881000000,4692,20881000000,map,-0.1036729543001112,0.23107483219613545,-0.07600956261925618,0.0,0.0,0.0,0.0
20883000000,4693,20883000000,map,0.17014400378536332,-0.1422067750522809,-0.028230129786361025,0.0,0.0,0.0,0.0
20885000000,4694,20885000000,map,0.03654800296942878,-0.23252526306975807,-0.1033609021603753,0.0,0.0,0.0,0.0
20887000000,4695,20887000000,map,-0.01949587990208468,0.27847999163295367,0.14360167750955521,0.0,0.0,0.0,0.0
20889000000,4696,20889000000,map,0.18301427895818445,0.13974657078090125,0.1896919578462548,0.0,0.0,0.0,0.0
20891000000,4697,20891000000,map,-0.0740560362643477,0.02778127145198639,0.07866275619870572,0.0,0.0,0.0,0.0
20893000000,4698,20893000000,map,0.19831269703812426,-0.2502878254347234,0.07792031138352923,0.0,0.0,0.0,0.0
20895000000,4699,20895000000,map,-0.1593423777126852,0.13850410798426216,-0.22311896703798498,0.0,0.0,0.0,0.0
20897000000,4700,20897000000,map,-0.3438973362782154,-0.2977363047581885,0.26204789441839516,0.0,0.0,0.0,0.0
20899000000,4701,20899000000,map,0.17578888835210937,0.05398315027727307,-0.3389966129852452,0.0,0.0,0.0,0.0
20901000000,4702,20901000000,map,-0.25230114478762794,-0.3092835931488186,-0.22569878809423327,0.0,0.0,0.0,0.0
20903000000,4703,20903000000,map,-0.11225257983231718,-0.26107752437385934,0.19232649236072796,0.0,0.0,0.0,0.0
20905000000,4704,20905000000,map,-0.12178814354220618,-0.39572886895721565,0.1458694698494314,0.0,0.0,0.0,0.0
20907000000,4705,20907000000,map,0.2580632924727623,0.3675560771978026,-0.1571622583484402,0.0,0.0,0.0,0.0
20909000000,4706,20909000000,map,0.2891376839896723,0.35542484913133643,0.12435092792626867,0.0,0.0,0.0,0.0
20911000000,4707,20911000000,map,-0.32551798638596807,0.24325657415429303,0.3293958802414244,0.0,0.0,0.0,0.0
20914000000,4708,20913000000,map,0.34242409572904353,0.10456642926737192,0.04678620513986809,0.0,0.0,0.0,0.0
20915000000,4709,20915000000,map,-0.020963250213339057,0.03924671652849654,0.24783547562998054,0.0,0.0,0.0,0.0
20917000000,4710,20917000000,map,0.07575510862318174,0.17303754116188164,0.1894168155745124,0.0,0.0,0.0,0.0
20920000000,4711,20919000000,map,0.21735919616085975,0.24575533516108095,0.2956502571750418,0.0,0.0,0.0,0.0
20922000000,4712,20921000000,map,-0.1838377235696601,0.1322563202908691,0.07915274575576287,0.0,0.0,0.0,0.0
20924000000,4713,20923000000,map,-0.009015989730483676,0.38331378671912597,-0.06816225548577964,0.0,0.0,0.0,0.0
20926000000,4714,20925000000,map,-0.3125068417445953,0.09885819542511998,-0.01052623942961678,0.0,0.0,0.0,0.0
20928000000,4715,20928000000,map,-0.27812981593922076,0.1978711238949561,0.048697854652292816,0.0,0.0,0.0,0.0
20930000000,4716,20930000000,map,0.37417317888988766,-0.21918113576356776,-0.2580178688947019,0.0,0.0,0.0,0.0
20932000000,4717,20932000000,map,-0.3571267099986859,-0.0662996382326636,0.33992024848553704,0.0,0.0,0.0,0.0
20934000000,4718,20934000000,map,0.06231714161400809,-0.07120444933024267,0.16638412538665737,0.0,0.0,0.0,0.0
20936000000,4719,20936000000,map,0.13835773313350108,0.32144609841178917,0.09274248992855494,0.0,0.0,0.0,0.0
20938000000,4720,20938000000,map,0.1131168766234878,-0.1043829980456294,-0.28879485344105565,0.0,0.0,0.0,0.0
20940000000,4721,20940000000,map,0.24027990824711531,-0.1294362648647412,0.2744169712190059,0.0,0.0,0.0,0.0
20942000000,4722,20942000000,map,0.17425317859841782,-0.11611694313524168,0.00947628578781795,0.0,0.0,0.0,0.0
20944000000,4723,20944000000,map,0.11560805772818317,0.0396104831316354,-0.12595493217579046,0.0,0.0,0.0,0.0
20946000000,4724,20946000000,map,-0.27288155331780406,-0.3036357968760184,-0.059252245905998646,0.0,0.0,0.0,0.0
20948000000,4725,20947000000,map,0.2734980182768916,-0.27013826662399426,-0.003701524500443809,0.0,0.0,0.0,0.0
20949000000,4726,20949000000,map,0.3301119339030113,-0.3703460768128613,-0.3218070987010048,0.0,0.0,0.0,0.0
20952000000,4727,20951000000,map,-0.3658291638847164,0.32900018878898174,0.314545088437057,0.0,0.0,0.0,0.0
20954000000,4728,20953000000,map,-0.2829523283877676,-0.16596952329935802,0.10865846188195238,0.0,0.0,0.0,0.0
20956000000,4729,20956000000,map,0.2341509613220445,-0.2749571329924261,-0.09264318746431283,0.0,0.0,0.0,0.0
20958000000,4730,20958000000,map,0.32858052435970975,0.3406230292156165,0.25974758366285156,0.0,0.0,0.0,0.0
20960000000,4731,20960000000,map,-0.024861238513368245,-0.08498866058323773,-0.029919877079983892,0.0,0.0,0.0,0.0
20962000000,4732,20961000000,map,0.041662154998211576,-0.14495740660806788,-0.27672778286438227,0.0,0.0,0.0,0.0
20963000000,4733,20963000000,map,0.08684856512744143,-0.33129249941894645,0.2056734419296834,0.0,0.0,0.0,0.0
20966000000,4734,20966000000,map,0.07294542223090217,-0.3732880761196139,0.2876565511858348,0.0,0.0,0.0,0.0
20967000000,4735,20967000000,map,-0.3611187309934492,0.17666125523829357,0.005280031169020816,0.0,0.0,0.0,0.0
20969000000,4736,20969000000,map,0.36780676244394794,0.1897879394605615,-0.39573711890103225,0.0,0.0,0.0,0.0
20971000000,4737,20971000000,map,0.21689354171406394,-0.10176267804250666,0.2025132000476043,0.0,0.0,0.0,0.0
20973000000,4738,20973000000,map,0.1647638472942835,-0.008902293652785775,0.2195681251547088,0.0,0.0,0.0,0.0
20975000000,4739,20975000000,map,-0.003943279405213274,-0.38871166950037994,-0.10492313419087312,0.0,0.0,0.0,0.0
20977000000,4740,20977000000,map,0.04178590041911895,-0.2426696898583132,0.15312704275912736,0.0,0.0,0.0,0.0
20979000000,4741,20979000000,map,-0.05883218022568404,0.14841201570088036,-0.05695553612252047,0.0,0.0,0.0,0.0
20981000000,4742,20981000000,map,0.009874624510521346,-0.36608050088803495,-0.1493558456362346,0.0,0.0,0.0,0.0
20983000000,4743,20983000000,map,0.3623027040195028,-0.041040242623232415,0.35874489700015977,0.0,0.0,0.0,0.0
20985000000,4744,20985000000,map,-0.2052753250322748,0.04214260768419387,0.38135785974667,0.0,0.0,0.0,0.0
20987000000,4745,20987000000,map,0.04087908725217171,0.11653040742566234,-0.27006995790560473,0.0,0.0,0.0,0.0
20990000000,4746,20990000000,map,0.2785720643835238,-0.13711212519365246,-0.3508905545056392,0.0,0.0,0.0,0.0
20992000000,4747,20992000000,map,-0.049404822979611684,0.1666449959838059,0.2596597655059456,0.0,0.0,0.0,0.0
20994000000,4748,20994000000,map,-0.3122779432194636,0.10438489440778065,-0.3408177776315217,0.0,0.0,0.0,0.0
20995000000,4749,20995000000,map,0.19341866735652147,-0.3095681914203565,0.029844718994395614,0.0,0.0,0.0,0.0
20998000000,4750,20998000000,map,0.024340218442151673,0.33576059719363716,0.19478818779073992,0.0,0.0,0.0,0.0
21000000000,4751,21000000000,map,-0.05334735298776916,0.13023576941531745,0.34247844164598085,0.0,0.0,0.0,0.0
21002000000,4752,21001000000,map,-0.27367361684825303,-0.20323449198893742,0.3751797681190856,0.0,0.0,0.0,0.0
21004000000,4753,21003000000,map,0.08998152127792897,-0.18572397098711502,0.3424626730204645,0.0,0.0,0.0,0.0
21006000000,4754,21006000000,map,-0.2764527154056653,-0.16893727203333456,0.04541777003444131,0.0,0.0,0.0,0.0
21008000000,4755,21008000000,map,-0.0857861569795505,0.0014169262590296161,-0.09406543648900667,0.0,0.0,0.0,0.0
21010000000,4756,21009000000,map,0.286397288689228,0.30332908502664,0.009066269270978977,0.0,0.0,0.0,0.0
21012000000,4757,21012000000,map,0.29835077920027775,0.038847634234340955,0.31078231220378416,0.0,0.0,0.0,0.0
21014000000,4758,21014000000,map,-0.33498179891272795,-0.38668433726949997,-0.04964068927898968,0.0,0.0,0.0,0.0
21016000000,4759,21016000000,map,0.28332295981247957,-0.16225400498996537,-0.15724675905438304,0.0,0.0,0.0,0.0
21018000000,4760,21018000000,map,-0.03343998492421407,-0.2974282140185555,0.05646008230373384,0.0,0.0,0.0,0.0
21019000000,4761,21019000000,map,0.06342297171199174,-0.05215007420946527,-0.10677465523319973,0.0,0.0,0.0,0.0
21022000000,4762,21021000000,map,-0.15813810695548558,-0.2561183410073823,-0.30834640378724715,0.0,0.0,0.0,0.0
21023000000,4763,21023000000,map,0.32862432415805887,0.3944927551830515,0.12708694607581328,0.0,0.0,0.0,0.0
21026000000,4764,21026000000,map,-0.12821078981974865,-0.328763097119808,-0.3947627909949967,0.0,0.0,0.0,0.0
21027000000,4765,21027000000,map,0.05862682636979877,0.38914821064435234,-0.16593033545319247,0.0,0.0,0.0,0.0
21030000000,4766,21030000000,map,-0.14792046562160638,0.03418372687582494,0.22005816408226087,0.0,0.0,0.0,0.0
21032000000,4767,21031000000,map,-0.21871268127354615,-0.025991185658791216,-0.05263076992165877,0.0,0.0,0.0,0.0
21034000000,4768,21034000000,map,0.13964614487151372,-0.007867351244900511,-0.32553736816162476,0.0,0.0,0.0,0.0
21035000000,4769,21035000000,map,-0.09892689136523547,0.35687677992517763,-0.2672975582920517,0.0,0.0,0.0,0.0
21037000000,4770,21037000000,map,0.012465523412916457,-0.30989773687967287,-0.039757517224844274,0.0,0.0,0.0,0.0
21039000000,4771,21039000000,map,0.04974503955102838,0.35481453809730323,-0.16487377531780073,0.0,0.0,0.0,0.0
21042000000,4772,21041000000,map,-0.029724189860829253,0.21022458678083078,0.011206064326539367,0.0,0.0,0.0,0.0
21043000000,4773,21043000000,map,-0.1690467324576186,-0.08248327222637059,0.39071123917995443,0.0,0.0,0.0,0.0
21046000000,4774,21045000000,map,-0.2583844683752132,-0.1801471603627007,-0.3813498365471897,0.0,0.0,0.0,0.0
21047000000,4775,21047000000,map,0.36557452734914253,-0.09514803533668725,-0.11127620859494453,0.0,0.0,0.0,0.0
21050000000,4776,21050000000,map,0.01948006668138713,-0.20113291055849988,0.2756387097022932,0.0,0.0,0.0,0.0
21051000000,4777,21051000000,map,-0.044264481064877514,-0.2342896730357192,0.057029801535928626,0.0,0.0,0.0,0.0
21054000000,4778,21053000000,map,0.001407709630144638,0.18030320693728275,0.3032528687154247,0.0,0.0,0.0,0.0
21056000000,4779,21056000000,map,-0.3796918410139697,-0.01577067140710653,-0.24507355849558332,0.0,0.0,0.0,0.0
21057000000,4780,21057000000,map,0.18180969069543473,-0.20855845677794063,-0.10088090538413702,0.0,0.0,0.0,0.0
21060000000,4781,21059000000,map,-0.2839142775297452,0.23166286995274377,-0.08210710605949029,0.0,0.0,0.0,0.0
21061000000,4782,21061000000,map,-0.27695723237987446,-0.0895147460769537,-0.35411101386981136,0.0,0.0,0.0,0.0
21064000000,4783,21064000000,map,0.3824446293357421,0.13850779682389913,0.06391908285927439,0.0,0.0,0.0,0.0
21066000000,4784,21066000000,map,0.21059670432481647,-0.09827668162755959,-0.3156266090101872,0.0,0.0,0.0,0.0
21068000000,4785,21068000000,map,0.3752805951785797,0.18343690568335913,0.10585082545676894,0.0,0.0,0.0,0.0
21070000000,4786,21069000000,map,0.25304437504897825,-0.1618314000323034,-0.31872331739851795,0.0,0.0,0.0,0.0
21072000000,4787,21072000000,map,0.16324592148510064,-0.12989435217054746,0.22778157840838165,0.0,0.0,0.0,0.0
21074000000,4788,21074000000,map,0.23984126304585995,-0.3924788704826407,-0.11591911424679224,0.0,0.0,0.0,0.0
21075000000,4789,21075000000,map,-0.10332467403629786,0.10084968787422466,0.002908874400107897,0.0,0.0,0.0,0.0
21078000000,4790,21078000000,map,0.07731988226145659,-0.32910827205736337,0.26318062548617405,0.0,0.0,0.0,0.0
21079000000,4791,21079000000,map,-0.26221454540284783,0.06629717212126413,-0.10570342054807086,0.0,0.0,0.0,0.0
21082000000,4792,21082000000,map,0.29496274814786394,0.10781265123416428,-0.2234994597715556,0.0,0.0,0.0,0.0
21084000000,4793,21083000000,map,0.11074650309823186,-0.1425850162977717,0.3021038778799323,0.0,0.0,0.0,0.0
21085000000,4794,21085000000,map,0.06204190895995643,0.051066882491494436,0.3325264628293134,0.0,0.0,0.0,0.0
21088000000,4795,21087000000,map,-0.3439576440014934,-0.20159357066544145,0.18922793226771117,0.0,0.0,0.0,0.0
21090000000,4796,21089000000,map,0.08106533769470359,0.3733782814755672,-0.3193952634793423,0.0,0.0,0.0,0.0
21091000000,4797,21091000000,map,0.31150242115088633,-0.1013766527590933,0.26759653070579315,0.0,0.0,0.0,0.0
21093000000,4798,21093000000,map,0.1505610461773873,0.09146334517991567,0.0532803327834932,0.0,0.0,0.0,0.0
21095000000,4799,21095000000,map,0.27867926565485435,0.3801616078394924,-0.3299646712338988,0.0,0.0,0.0,0.0
21098000000,4800,21098000000,map,0.04984302674607938,-0.3413039543814408,0.3586506185555288,0.0,0.0,0.0,0.0
21099000000,4801,21099000000,map,-0.14839789477947635,-0.12586414378825883,-0.09067765657399246,0.0,0.0,0.0,0.0
21102000000,4802,21102000000,map,0.3487810608774037,0.06177998366181753,0.012449845495479395,0.0,0.0,0.0,0.0
21104000000,4803,21104000000,map,-0.014125587868552503,-0.15288690874415015,0.157912878752677,0.0,0.0,0.0,0.0
21106000000,4804,21106000000,map,0.1762403321180861,-0.3715379332840268,0.37196847402439226,0.0,0.0,0.0,0.0
21108000000,4805,21107000000,map,-0.26245518141292495,0.08480324569932574,0.37505391876001504,0.0,0.0,0.0,0.0
21110000000,4806,21110000000,map,0.052577316926133655,-0.12551499695411594,-0.01787996135743275,0.0,0.0,0.0,0.0
21112000000,4807,21112000000,map,0.3466273831910416,-0.3377415501089386,-0.2303859875233033,0.0,0.0,0.0,0.0
21114000000,4808,21113000000,map,0.36629126389999844,-0.02934917735541409,0.33668573205351426,0.0,0.0,0.0,0.0
21116000000,4809,21116000000,map,0.11049543574335752,0.37880268014629137,0.032824505403275694,0.0,0.0,0.0,0.0
21118000000,4810,21118000000,map,-0.37231327731640723,-0.04578478742309339,-0.0138948990784869,0.0,0.0,0.0,0.0
21120000000,4811,21120000000,map,-0.32261866278997675,-0.20452819779620407,0.3064682684716241,0.0,0.0,0.0,0.0
21122000000,4812,21122000000,map,0.38473905536865594,-0.3930580593448799,0.1645182603683727,0.0,0.0,0.0,0.0
21124000000,4813,21124000000,map,-0.39401590171775724,-0.11268977180624234,0.22930577313082579,0.0,0.0,0.0,0.0
21126000000,4814,21125000000,map,0.20994635686629592,0.19075657418578074,0.33836825852850305,0.0,0.0,0.0,0.0
21127000000,4815,21127000000,map,0.021497021734645183,-0.17500961914098043,-0.38072234859891685,0.0,0.0,0.0,0.0
21129000000,4816,21129000000,map,0.021810516900260812,-0.10599182383034611,0.2891560208741686,0.0,0.0,0.0,0.0
21131000000,4817,21131000000,map,0.05896219712015738,0.11784883354573694,-0.09418640297330433,0.0,0.0,0.0,0.0
21133000000,4818,21133000000,map,0.3332677372637546,0.2733775895487537,-0.3131369142620392,0.0,0.0,0.0,0.0
21135000000,4819,21135000000,map,0.19817118072533257,0.22042431729669143,-0.18737818845090143,0.0,0.0,0.0,0.0
21137000000,4820,21137000000,map,-0.14875393901683148,-0.1047777279067097,0.18926271485070323,0.0,0.0,0.0,0.0
21139000000,4821,21139000000,map,-0.31980614562221604,0.2770080858710904,-0.05930610364355593,0.0,0.0,0.0,0.0
21141000000,4822,21141000000,map,-0.16714213855384272,-0.12086897994240003,-0.12535760359063408,0.0,0.0,0.0,0.0
21143000000,4823,21143000000,map,-0.18827543179047257,0.1277138465354244,-0.2922275875791616,0.0,0.0,0.0,0.0
21145000000,4824,21145000000,map,-0.2297223819033083,-0.3566059847913303,0.26637280786706885,0.0,0.0,0.0,0.0
21147000000,4825,21147000000,map,0.10719378818904557,0.004878877834937068,-0.392057188399022,0.0,0.0,0.0,0.0
21149000000,4826,21149000000,map,0.206880009477578,0.020680618748941892,0.14647964786675838,0.0,0.0,0.0,0.0
21151000000,4827,21151000000,map,-0.1712455783706627,-0.34253159879468664,-0.10412442531575555,0.0,0.0,0.0,0.0
21153000000,4828,21153000000,map,0.02799143694794115,-0.3012433786335651,-0.3239696153012336,0.0,0.0,0.0,0.0
21155000000,4829,21155000000,map,0.14866537343862907,0.06004767238307973,0.2877887448267603,0.0,0.0,0.0,0.0
21157000000,4830,21157000000,map,-0.038489061287808934,-0.2154877355397865,-0.023828983822657246,0.0,0.0,0.0,0.0
21159000000,4831,21159000000,map,0.21878964416659652,0.008097004008315367,-0.23940713039086498,0.0,0.0,0.0,0.0
21161000000,4832,21161000000,map,-0.22046896620324855,0.16421140758775798,0.17127192793805734,0.0,0.0,0.0,0.0
21163000000,4833,21163000000,map,-0.2968703994553392,0.08615367155865544,0.35823259940996843,0.0,0.0,0.0,0.0
21165000000,4834,21165000000,map,-0.26991091628738173,-0.20571833108034407,-0.38605944601027836,0.0,0.0,0.0,0.0
21168000000,4835,21167000000,map,-0.01654773931060205,0.026868556998278947,-0.07392434584351804,0.0,0.0,0.0,0.0
21169000000,4836,21169000000,map,0.2983545363530079,0.3806262831417623,-0.27256195893413715,0.0,0.0,0.0,0.0
21171000000,4837,21171000000,map,-0.10661516861592885,-0.19872010338108903,0.0017770654713326617,0.0,0.0,0.0,0.0
21173000000,4838,21173000000,map,0.2485064012258975,0.07377332251852808,-0.32192277414672005,0.0,0.0,0.0,0.0
21175000000,4839,21175000000,map,0.29537344733321247,0.34208688687006583,0.10284547101207908,0.0,0.0,0.0,0.0
21177000000,4840,21177000000,map,-0.07970325930400246,0.36567875529466876,0.09822807139063344,0.0,0.0,0.0,0.0
21179000000,4841,21179000000,map,-0.27650799689494604,-0.0866885042665656,0.021048010765768677,0.0,0.0,0.0,0.0
21181000000,4842,21181000000,map,-0.34977968165294904,0.22818428916135136,0.37055315355269713,0.0,0.0,0.0,0.0
21183000000,4843,21183000000,map,0.19531378519413867,-0.012393905433083885,0.0959765303035075,0.0,0.0,0.0,0.0
21185000000,4844,21185000000,map,-0.3376988383245826,0.047942351991850984,0.18896840955871308,0.0,0.0,0.0,0.0
21187000000,4845,21187000000,map,0.1050764935230053,-0.1427703164885576,-0.10400870629491371,0.0,0.0,0.0,0.0
21189000000,4846,21189000000,map,0.23715420351220295,0.008868553893044306,0.09034479506167648,0.0,0.0,0.0,0.0
21191000000,4847,21191000000,map,0.12834616633896523,-0.3116121862862429,-0.19002656538196083,0.0,0.0,0.0,0.0
21193000000,4848,21193000000,map,-0.10885764768904527,0.2119294248974425,-0.27494387571885126,0.0,0.0,0.0,0.0
21195000000,4849,21195000000,map,-0.10242986739734744,-0.20245873619398094,-0.14084149662093387,0.0,0.0,0.0,0.0
21197000000,4850,21197000000,map,0.16157900907519185,0.24362592717482723,0.32108020540483506,0.0,0.0,0.0,0.0
21199000000,4851,21199000000,map,0.0667065399843979,0.07874236951051383,-0.0032699847410201377,0.0,0.0,0.0,0.0
21201000000,4852,21201000000,map,-0.06811058111321622,-0.11772360372534035,-0.3732742999148902,0.0,0.0,0.0,0.0
21203000000,4853,21203000000,map,0.013067674623007286,0.24772138074498462,-0.11946857851521536,0.0,0.0,0.0,0.0
21205000000,4854,21205000000,map,0.16788655488588322,0.026075959781246827,-0.22655009904692777,0.0,0.0,0.0,0.0
21207000000,4855,21207000000,map,-0.08232177124299545,0.32930789848931086,-0.18092196789351012,0.0,0.0,0.0,0.0
21209000000,4856,21209000000,map,0.07066938198434453,-0.13739898240851361,0.28991542134818726,0.0,0.0,0.0,0.0
21211000000,4857,21211000000,map,0.07682152382067076,-0.1786222226717321,-0.2641825381749976,0.0,0.0,0.0,0.0
21213000000,4858,21213000000,map,-0.1981732978609268,-0.015227157292778626,-0.21722099710229675,0.0,0.0,0.0,0.0
21215000000,4859,21215000000,map,0.3840373029153955,-0.3680688589552808,0.0693488379600658,0.0,0.0,0.0,0.0
21217000000,4860,21217000000,map,0.2110903419452781,-0.34159434756201507,-0.05909188999299175,0.0,0.0,0.0,0.0
21219000000,4861,21219000000,map,-0.1894797933726415,-0.125749950846834,0.20624296894669547,0.0,0.0,0.0,0.0
21222000000,4862,21222000000,map,-0.31704440844156484,0.12499548772357616,0.23131040905404132,0.0,0.0,0.0,0.0
21223000000,4863,21223000000,map,-0.3209294189469714,0.008959296235397929,0.3935856587383222,0.0,0.0,0.0,0.0
21226000000,4864,21226000000,map,0.05254737526884312,0.2850559370101501,-0.29920748918913365,0.0,0.0,0.0,0.0
21227000000,4865,21227000000,map,0.013600306256367545,-0.08976433604318268,0.09117828200985656,0.0,0.0,0.0,0.0
21230000000,4866,21230000000,map,-0.0026859742482502336,-0.06421758994216092,-0.3230349489237123,0.0,0.0,0.0,0.0
21231000000,4867,21231000000,map,0.0134626982624515,-0.04315469983497755,-0.24881015607432458,0.0,0.0,0.0,0.0
21233000000,4868,21233000000,map,0.18220772897142923,0.1902484601606811,0.08262053743099085,0.0,0.0,0.0,0.0
21235000000,4869,21235000000,map,-0.34878432029300355,0.24176049037163538,0.06617125117002276,0.0,0.0,0.0,0.0
21237000000,4870,21237000000,map,-0.3364384269065147,-0.1320975021894018,-0.34838733020178975,0.0,0.0,0.0,0.0
21239000000,4871,21239000000,map,0.020161622672475843,0.283941056838796,-0.0716412603353952,0.0,0.0,0.0,0.0
21242000000,4872,21241000000,map,-0.23599476245662787,0.3865756063351462,-0.0914437459473314,0.0,0.0,0.0,0.0
21243000000,4873,21243000000,map,0.14345824991510614,0.07474231214064064,-0.03729308896851652,0.0,0.0,0.0,0.0
21246000000,4874,21246000000,map,0.28690628037785626,-0.05035006415225424,-0.3927234018101125,0.0,0.0,0.0,0.0
21247000000,4875,21247000000,map,0.06430943055944616,-0.2068376489644241,0.2203484079397633,0.0,0.0,0.0,0.0
21250000000,4876,21250000000,map,-0.21408262101642914,-0.37907133529500026,0.034956810472311695,0.0,0.0,0.0,0.0
21251000000,4877,21251000000,map,0.26183973829195295,0.3873493661436552,-0.16909679362371177,0.0,0.0,0.0,0.0
21253000000,4878,21253000000,map,0.017435338558776603,-0.3712613980934684,0.3442305068015954,0.0,0.0,0.0,0.0
21255000000,4879,21255000000,map,0.1384624186415393,0.11507431726865713,-0.11058723378360807,0.0,0.0,0.0,0.0
21257000000,4880,21257000000,map,-0.011037160983958738,0.03340683346643347,0.02785561984855356,0.0,0.0,0.0,0.0
21259000000,4881,21259000000,map,-0.336136755416461,0.22796393488129874,-0.19789901666657106,0.0,0.0,0.0,0.0
21262000000,4882,21262000000,map,0.16372673592831466,-0.2947504137160522,-0.2186880161745617,0.0,0.0,0.0,0.0
21264000000,4883,21264000000,map,0.16189331432256138,0.3685268864115987,-0.3843487345284992,0.0,0.0,0.0,0.0
21266000000,4884,21266000000,map,-0.3383449116095825,0.31934927558108783,-0.1125309728774474,0.0,0.0,0.0,0.0
21268000000,4885,21267000000,map,-0.19300028678977055,-0.1404017541789459,-0.1388591141572137,0.0,0.0,0.0,0.0
21269000000,4886,21269000000,map,0.02140238328465094,0.14175723080101765,0.11913628376335406,0.0,0.0,0.0,0.0
21272000000,4887,21272000000,map,0.2778281048693758,0.35986755350016875,0.08257381516021595,0.0,0.0,0.0,0.0
21273000000,4888,21273000000,map,-0.19294041395783004,-0.08583876679544833,-0.13663080673679268,0.0,0.0,0.0,0.0
21275000000,4889,21275000000,map,-0.158555818286353,-0.3888068807795579,0.29349959562076344,0.0,0.0,0.0,0.0
21277000000,4890,21277000000,map,-0.09525203688641726,0.3597796079204938,-0.13677703301777283,0.0,0.0,0.0,0.0
21279000000,4891,21279000000,map,0.3201718907492166,0.20628617285144102,-0.004947040688319637,0.0,0.0,0.0,0.0
21281000000,4892,21281000000,map,0.26109578146837964,-0.14897851141961804,0.14058802877339804,0.0,0.0,0.0,0.0
21284000000,4893,21284000000,map,-0.12861482683571362,-0.36345561617075445,0.3090269354125288,0.0,0.0,0.0,0.0
21286000000,4894,21285000000,map,0.3359299062326375,-0.2674252815829056,0.12352876261597634,0.0,0.0,0.0,0.0
21288000000,4895,21287000000,map,-0.38560589403105633,-0.005397688718726479,-0.14434524359397777,0.0,0.0,0.0,0.0
21289000000,4896,21289000000,map,-0.35213301129946106,-0.04788029078873418,0.3688374793102416,0.0,0.0,0.0,0.0
21291000000,4897,21291000000,map,-0.0566251680849027,-0.11665419436420982,0.20502188006509603,0.0,0.0,0.0,0.0
21294000000,4898,21293000000,map,0.3474198019243466,0.13412604371667636,0.350981428144883,0.0,0.0,0.0,0.0
21295000000,4899,21295000000,map,-0.03967040705023023,0.3483433106341475,0.36671768130751337,0.0,0.0,0.0,0.0
21298000000,4900,21298000000,map,0.048904779415009425,0.37730242228946764,-0.32020414938808417,0.0,0.0,0.0,0.0
21300000000,4901,21299000000,map,-0.33628532294862884,-0.14263986522226646,0.15580174442575456,0.0,0.0,0.0,0.0
21301000000,4902,21301000000,map,-0.10040699538912728,-0.105934501811138,0.28949599497434286,0.0,0.0,0.0,0.0
21304000000,4903,21304000000,map,-0.24517705026995862,-0.0939632560007343,-0.23717563525867416,0.0,0.0,0.0,0.0
21306000000,4904,21306000000,map,-0.37134212868664046,-0.2423357194902657,-0.18010493689965956,0.0,0.0,0.0,0.0
21307000000,4905,21307000000,map,0.2612657021627015,-0.21066164050687428,-0.3415361888690904,0.0,0.0,0.0,0.0
21309000000,4906,21309000000,map,-0.07074695286676713,-0.35901219966820097,-0.033801444065811426,0.0,0.0,0.0,0.0
21311000000,4907,21311000000,map,-0.25596328594844486,0.15026815120116377,0.15831860509318618,0.0,0.0,0.0,0.0
21313000000,4908,21313000000,map,-0.30497402924175243,0.1712877549226579,-0.1702539155974145,0.0,0.0,0.0,0.0
21315000000,4909,21315000000,map,0.20214491659424527,-0.025994405132584997,0.18860212836762325,0.0,0.0,0.0,0.0
21317000000,4910,21317000000,map,0.20574589676543875,-0.24318911826765743,-0.05907074454141431,0.0,0.0,0.0,0.0
21319000000,4911,21319000000,map,0.12290267220187157,0.24541616632208407,-0.033134634854091405,0.0,0.0,0.0,0.0
21321000000,4912,21321000000,map,0.3925939481376517,0.3268419798854504,0.15931715592257722,0.0,0.0,0.0,0.0
21324000000,4913,21324000000,map,0.30883111656764406,-0.07661844920693461,-0.23520793398280948,0.0,0.0,0.0,0.0
21325000000,4914,21325000000,map,0.14293532795015673,0.22293754725659554,0.21896417048265737,0.0,0.0,0.0,0.0
21327000000,4915,21327000000,map,-0.10524213165339336,-0.16004452783912348,-0.17953253669099958,0.0,0.0,0.0,0.0
21329000000,4916,21329000000,map,-0.29660601250528085,0.3274349598617746,0.2275072732582577,0.0,0.0,0.0,0.0
21331000000,4917,21331000000,map,-0.16030025939287362,0.3809005992197968,-0.08765709731567595,0.0,0.0,0.0,0.0
21334000000,4918,21334000000,map,-0.37084692229424987,-0.3268796069936145,0.20650093571796269,0.0,0.0,0.0,0.0
21335000000,4919,21335000000,map,-0.24579259261610442,-0.3886182415750424,0.0318827590349578,0.0,0.0,0.0,0.0
21338000000,4920,21338000000,map,0.006980937740012738,0.39874003422046866,0.1945256893702828,0.0,0.0,0.0,0.0
21340000000,4921,21340000000,map,-0.023460740990119355,-0.07495053812238112,-0.34063697333998433,0.0,0.0,0.0,0.0
21342000000,4922,21342000000,map,0.006143921435299404,-0.11451336236163046,0.27619830657238054,0.0,0.0,0.0,0.0
21344000000,4923,21344000000,map,-0.35559856217997743,0.23142054101976828,-0.13613696804342745,0.0,0.0,0.0,0.0
21346000000,4924,21346000000,map,-0.008385794004738378,0.3475968117120367,-0.09709319022317064,0.0,0.0,0.0,0.0
21348000000,4925,21348000000,map,-0.37828803809645595,-0.2943103116438607,-0.15379423919403623,0.0,0.0,0.0,0.0
21350000000,4926,21350000000,map,-0.3160091154873581,-0.2931658191245348,-0.28380584703641654,0.0,0.0,0.0,0.0
21352000000,4927,21352000000,map,0.20854364424529848,0.36685719924038973,-0.1726103549677058,0.0,0.0,0.0,0.0
21354000000,4928,21354000000,map,-0.3547426933653045,-0.17917877355177714,-0.28931795412384875,0.0,0.0,0.0,0.0
21356000000,4929,21356000000,map,-0.16909104231414737,-0.39974690892416753,-0.35788155431450597,0.0,0.0,0.0,0.0
21358000000,4930,21358000000,map,-0.2382608159703245,0.18582028730097633,0.3816463863418128,0.0,0.0,0.0,0.0
21360000000,4931,21360000000,map,-0.21393773039354835,0.06519307975810829,-0.13905168313286892,0.0,0.0,0.0,0.0
21361000000,4932,21361000000,map,0.24290963037596758,-0.16923892453974704,0.31253113375158137,0.0,0.0,0.0,0.0
21364000000,4933,21364000000,map,0.31289252670737555,0.14151205117525567,-0.35085357189117805,0.0,0.0,0.0,0.0
21366000000,4934,21366000000,map,-0.14812486236005978,-0.04990955760010529,-0.0736648377985133,0.0,0.0,0.0,0.0
21368000000,4935,21368000000,map,0.3388617912160845,0.056373681378361185,0.39271782271850764,0.0,0.0,0.0,0.0
21370000000,4936,21370000000,map,0.27374409212743567,0.016373604402780906,-0.27343195063639125,0.0,0.0,0.0,0.0
21372000000,4937,21371000000,map,0.2965975926730833,-0.35722351275875897,-0.13393349506735114,0.0,0.0,0.0,0.0
21373000000,4938,21373000000,map,-0.33549827314620745,0.3895913685792256,-0.07599215517238178,0.0,0.0,0.0,0.0
21375000000,4939,21375000000,map,0.03308425913355828,-0.15996255752319458,0.15534150403430447,0.0,0.0,0.0,0.0
21377000000,4940,21377000000,map,-0.03351160895611166,-0.01011112790717128,-0.2918921332289899,0.0,0.0,0.0,0.0
21379000000,4941,21379000000,map,-0.13228805653996628,0.24653473746706356,0.12333007915884531,0.0,0.0,0.0,0.0
21382000000,4942,21382000000,map,0.20366129581017223,0.30312401096152175,0.05917086225907375,0.0,0.0,0.0,0.0
21383000000,4943,21383000000,map,0.1909867401520986,0.03770643070470375,0.07615500690949861,0.0,0.0,0.0,0.0
21385000000,4944,21385000000,map,-0.1283495353585638,-0.004743625058061585,0.3235843922856946,0.0,0.0,0.0,0.0
21388000000,4945,21387000000,map,0.0117667729455192,-0.2640666107914783,-0.3869909815476399,0.0,0.0,0.0,0.0
21389000000,4946,21389000000,map,0.09401937674045557,-0.3059251200581004,0.22922818300190995,0.0,0.0,0.0,0.0
21391000000,4947,21391000000,map,0.10201543309170868,-0.3044154773970215,0.2674099399013934,0.0,0.0,0.0,0.0
21393000000,4948,21393000000,map,-0.27381945462894997,0.21965169222738645,-0.08553596893575743,0.0,0.0,0.0,0.0
21395000000,4949,21395000000,map,-0.377832534926877,0.3125344629641823,-0.08487477646583452,0.0,0.0,0.0,0.0
21398000000,4950,21397000000,map,-0.20371745809562872,-0.2383735776910554,0.12562059922338675,0.0,0.0,0.0,0.0
21399000000,4951,21399000000,map,0.20245762854635962,0.057622274255187456,0.35260338039081307,0.0,0.0,0.0,0.0
21401000000,4952,21401000000,map,-0.3691171755584273,-0.24982918399356416,0.28575843405850576,0.0,0.0,0.0,0.0
21404000000,4953,21403000000,map,-0.1301744488681068,-0.1020639861039706,-0.38180187264646587,0.0,0.0,0.0,0.0
21405000000,4954,21405000000,map,-0.11492736381550572,-0.2957900253934917,0.18419059452040432,0.0,0.0,0.0,0.0
21408000000,4955,21408000000,map,-0.2540411518855097,0.3048195058795432,-0.39553686951917344,0.0,0.0,0.0,0.0
21409000000,4956,21409000000,map,0.16093417103766205,0.06780942876299684,0.05774126881820252,0.0,0.0,0.0,0.0
21411000000,4957,21411000000,map,0.20088939736180422,0.2428875453137488,0.04445285764505025,0.0,0.0,0.0,0.0
21413000000,4958,21413000000,map,0.3379858719326164,0.2927818045522321,-0.33561053189455803,0.0,0.0,0.0,0.0
21415000000,4959,21415000000,map,-0.10150592433877764,-0.1111563245700013,-0.19514250345801992,0.0,0.0,0.0,0.0
21417000000,4960,21417000000,map,-0.0416357750163836,-0.36622864258806004,-0.2194126597125884,0.0,0.0,0.0,0.0
21419000000,4961,21419000000,map,-0.1868488348557377,-0.32613144872211175,0.025291476942047975,0.0,0.0,0.0,0.0
21421000000,4962,21421000000,map,0.019554676678009142,-0.18573109188638517,-0.11112320561019268,0.0,0.0,0.0,0.0
21423000000,4963,21423000000,map,0.041647858805200666,-0.06138803880647037,-0.37577885653441556,0.0,0.0,0.0,0.0
21425000000,4964,21425000000,map,-0.06170674455596192,0.2983153101855128,-0.23923040043085586,0.0,0.0,0.0,0.0
21427000000,4965,21427000000,map,0.18481758280394145,-0.02874981016495659,-0.21652238123003134,0.0,0.0,0.0,0.0
21429000000,4966,21429000000,map,-0.18029911248502392,-0.2951206914950818,-0.3737654818435782,0.0,0.0,0.0,0.0
21431000000,4967,21431000000,map,0.2626885321838939,-0.17207787957341236,-0.06520713804142753,0.0,0.0,0.0,0.0
21433000000,4968,21433000000,map,-0.22963834271901093,-0.00015205645258503653,-0.3146986151858647,0.0,0.0,0.0,0.0
21435000000,4969,21435000000,map,0.34311506293086547,-0.13539410191390105,0.37561557878544183,0.0,0.0,0.0,0.0
21438000000,4970,21437000000,map,-0.2764528672609708,-0.2626701339951006,0.27228903140873206,0.0,0.0,0.0,0.0
21440000000,4971,21440000000,map,-0.18905958075541857,-0.29811896096809903,-0.38301846664531836,0.0,0.0,0.0,0.0
21441000000,4972,21441000000,map,-0.09475599411068475,-0.19173749488637043,0.34417834141529624,0.0,0.0,0.0,0.0
21444000000,4973,21444000000,map,0.06725561691529097,0.20566498886027174,0.22497711599147052,0.0,0.0,0.0,0.0
21446000000,4974,21446000000,map,-0.33989929851871303,-0.3549491040755005,-0.32417663101214345,0.0,0.0,0.0,0.0
21448000000,4975,21448000000,map,0.19702356579155267,-0.18351171152308537,0.3408964618779209,0.0,0.0,0.0,0.0
21450000000,4976,21450000000,map,0.16432093930387048,-0.22223803768494158,-0.38217814915496845,0.0,0.0,0.0,0.0
21452000000,4977,21452000000,map,-0.16932730332748824,0.05487879714660354,-0.3835908371812483,0.0,0.0,0.0,0.0
21453000000,4978,21453000000,map,-0.21145190164829195,-0.09449861736616572,-0.31139487308437686,0.0,0.0,0.0,0.0
21455000000,4979,21455000000,map,0.12817237876958043,0.08992346520545957,-0.08431302424874543,0.0,0.0,0.0,0.0
21457000000,4980,21457000000,map,-0.08833428873188559,0.3214706447354895,0.07748732862885088,0.0,0.0,0.0,0.0
21459000000,4981,21459000000,map,-0.3694064891675851,0.33193628235719574,-0.25186476274021147,0.0,0.0,0.0,0.0
21461000000,4982,21461000000,map,0.16452713414839093,-0.046781922152003164,-0.15034103195645523,0.0,0.0,0.0,0.0
21463000000,4983,21463000000,map,0.33927155450588375,0.23503050025876127,0.32019146090507333,0.0,0.0,0.0,0.0
21465000000,4984,21465000000,map,-0.38254971680785244,0.25035328604867535,-0.09961074760505173,0.0,0.0,0.0,0.0
21467000000,4985,21467000000,map,-0.3469577655209213,-0.09672431522823188,0.06081410210187499,0.0,0.0,0.0,0.0
21469000000,4986,21469000000,map,-0.056247608089347256,-0.07297980596924747,-0.26244023010422396,0.0,0.0,0.0,0.0
21471000000,4987,21471000000,map,-0.06992476979959505,-0.3261751395627368,-0.22723553532506946,0.0,0.0,0.0,0.0
21474000000,4988,21474000000,map,-0.26557045515750943,0.21873950812967036,-0.2479381943384017,0.0,0.0,0.0,0.0
21476000000,4989,21475000000,map,-0.013162145019587068,0.3374454429936664,-0.38720297434210615,0.0,0.0,0.0,0.0
21478000000,4990,21477000000,map,0.15594388528666658,0.24781278919799443,-0.015113079809773777,0.0,0.0,0.0,0.0
21479000000,4991,21479000000,map,-0.18114804497552744,0.006251099209926447,-0.0906540248664468,0.0,0.0,0.0,0.0
21482000000,4992,21482000000,map,0.039657072739984145,-0.04155038136603845,0.374479780227403,0.0,0.0,0.0,0.0
21484000000,4993,21484000000,map,-0.1818959529754739,0.009812409233193542,-0.3715071854012925,0.0,0.0,0.0,0.0
21486000000,4994,21486000000,map,0.08190703914851805,0.1560925538821636,0.30523096529677296,0.0,0.0,0.0,0.0
21488000000,4995,21488000000,map,0.21687149445159248,0.14092588210879697,-0.2958528737949816,0.0,0.0,0.0,0.0
21490000000,4996,21490000000,map,0.2799960106789262,0.36489742628032695,-0.37465214053286744,0.0,0.0,0.0,0.0
21492000000,4997,21492000000,map,-0.1260177242041589,-0.13911069448042407,0.005827231666440613,0.0,0.0,0.0,0.0
21494000000,4998,21494000000,map,-0.11221495996175979,-0.1710460964943497,0.3410360015480076,0.0,0.0,0.0,0.0
21495000000,4999,21495000000,map,-0.10725970847715138,-0.007216100967843253,0.04414018348930843,0.0,0.0,0.0,0.0
21498000000,5000,21497000000,map,0.2461544104772989,-0.18057840331943364,0.09834939450682018,0.0,0.0,0.0,0.0
21499000000,5001,21499000000,map,-0.22096453361631369,-0.10588452976440632,0.17749555586733057,0.0,0.0,0.0,0.0
21502000000,5002,21502000000,map,0.3272202446189131,0.28673350413124676,-0.29458360754723223,0.0,0.0,0.0,0.0
21503000000,5003,21503000000,map,-0.12595133081437404,-0.32306019135812836,-0.1715960209581862,0.0,0.0,0.0,0.0
21505000000,5004,21505000000,map,-0.2733469317970736,0.11800515613938534,-0.2769027799160075,0.0,0.0,0.0,0.0
21507000000,5005,21507000000,map,0.36511361200857795,0.3516768184703617,-0.34193035948675865,0.0,0.0,0.0,0.0
21509000000,5006,21509000000,map,0.18266693760453956,0.3585177072752689,0.34583845711148087,0.0,0.0,0.0,0.0
21511000000,5007,21511000000,map,0.2905381000740036,0.057844247120265035,-0.1256275172749029,0.0,0.0,0.0,0.0
21513000000,5008,21513000000,map,-0.3711989401888797,0.0514460493191235,-0.3711751918710807,0.0,0.0,0.0,0.0
21515000000,5009,21515000000,map,0.15141187054119487,-0.3745588038615198,-0.04295628572564353,0.0,0.0,0.0,0.0
21517000000,5010,21517000000,map,0.3870462534890191,-0.06867632654624856,0.1307155112405296,0.0,0.0,0.0,0.0
21519000000,5011,21519000000,map,0.19401648413446992,-0.32072963202458116,0.2224605792010177,0.0,0.0,0.0,0.0
21521000000,5012,21521000000,map,-0.27825229127878137,0.009392525900122795,0.2736019287820476,0.0,0.0,0.0,0.0
21523000000,5013,21523000000,map,-0.3366621347400839,-0.2773543087292807,0.16493985211432372,0.0,0.0,0.0,0.0
21526000000,5014,21525000000,map,-0.10879699773081636,-0.2927653403066002,0.14937115387523037,0.0,0.0,0.0,0.0
21527000000,5015,21527000000,map,-0.29308636873835076,-0.19636688831748772,-0.22136126860203703,0.0,0.0,0.0,0.0
21529000000,5016,21529000000,map,0.333586489652022,-0.11763716318932965,-0.01781472419518204,0.0,0.0,0.0,0.0
21531000000,5017,21531000000,map,-0.10080370484940565,0.3678566906028031,-0.055132013177377814,0.0,0.0,0.0,0.0
21533000000,5018,21533000000,map,-0.17952194411597253,-0.07404134092352727,0.29135069941629577,0.0,0.0,0.0,0.0
21535000000,5019,21535000000,map,0.38100437052789615,-0.24543089925433847,0.3178010164190781,0.0,0.0,0.0,0.0
21537000000,5020,21537000000,map,0.06499289084451998,-0.16043768001433964,0.3113725287874439,0.0,0.0,0.0,0.0
21540000000,5021,21539000000,map,0.23542520764762276,0.09056871111023901,-0.03001344930315214,0.0,0.0,0.0,0.0
21541000000,5022,21541000000,map,0.20567407168053786,0.0919740268118055,0.1524390426545741,0.0,0.0,0.0,0.0
21543000000,5023,21543000000,map,0.1397086553575836,-0.1506302434456057,0.020924378812249234,0.0,0.0,0.0,0.0
21545000000,5024,21545000000,map,0.14410746576244549,-0.22601815203500886,-0.3096289149663271,0.0,0.0,0.0,0.0
21547000000,5025,21547000000,map,0.2982374890869831,-0.11693989686365824,-0.36015746162544415,0.0,0.0,0.0,0.0
21549000000,5026,21549000000,map,0.16249435264991663,-0.18967877254634807,-0.17381438137976743,0.0,0.0,0.0,0.0
21551000000,5027,21551000000,map,-0.37581098444217886,-0.34268103435017383,0.1748325452286219,0.0,0.0,0.0,0.0
21553000000,5028,21553000000,map,0.31967771208515605,-0.19502949838667796,0.23248862254630198,0.0,0.0,0.0,0.0
21555000000,5029,21555000000,map,-0.20402175505405082,-0.27422626211231194,0.1653525870365885,0.0,0.0,0.0,0.0
21557000000,5030,21557000000,map,0.301477628468391,-0.1574555596344104,0.36368500036676443,0.0,0.0,0.0,0.0
21559000000,5031,21559000000,map,0.3941806748929745,-0.05272893254813554,-0.05829328384509469,0.0,0.0,0.0,0.0
21562000000,5032,21561000000,map,0.25305493817695346,0.02487983099007146,0.3151711905064699,0.0,0.0,0.0,0.0
21564000000,5033,21564000000,map,-0.1768941700498953,-0.34681357044500116,-0.32065937103707154,0.0,0.0,0.0,0.0
21565000000,5034,21565000000,map,-0.22569211559618266,0.10014429661506807,0.22029999050889804,0.0,0.0,0.0,0.0
21568000000,5035,21568000000,map,0.23688708678049097,-0.03860213395467238,0.021551728611783616,0.0,0.0,0.0,0.0
21569000000,5036,21569000000,map,0.18996270864104658,0.10769371642012104,0.38891728889734145,0.0,0.0,0.0,0.0
21572000000,5037,21572000000,map,0.34403268215901495,0.23852913257762232,0.36504644828795896,0.0,0.0,0.0,0.0
21574000000,5038,21574000000,map,-0.3472516542180705,0.1147252417560638,-0.0343362065162624,0.0,0.0,0.0,0.0
21575000000,5039,21575000000,map,-0.03974261445315558,-0.24336745435841944,0.003525286920156634,0.0,0.0,0.0,0.0
21578000000,5040,21577000000,map,0.11858460507823532,0.38853669125113466,0.12988375059539492,0.0,0.0,0.0,0.0
21579000000,5041,21579000000,map,0.25005265428821677,-0.11557066804018845,-0.2324523171654842,0.0,0.0,0.0,0.0
21581000000,5042,21581000000,map,0.3977231222106318,-0.21474392074134036,-0.0907704526579487,0.0,0.0,0.0,0.0
21583000000,5043,21583000000,map,0.09112373160089537,-0.09827010807430808,0.03779597098325205,0.0,0.0,0.0,0.0
21586000000,5044,21586000000,map,0.04539864736147503,-0.05903267473642948,-0.3529953607024591,0.0,0.0,0.0,0.0
21587000000,5045,21587000000,map,-0.23899544495082556,-0.20984624813662012,0.1947443524003465,0.0,0.0,0.0,0.0
21590000000,5046,21590000000,map,0.3898081204252909,-0.3445094095945792,0.17472518942908288,0.0,0.0,0.0,0.0
21591000000,5047,21591000000,map,-0.22877289373496706,0.028922266398696272,0.11976728338490406,0.0,0.0,0.0,0.0
21593000000,5048,21593000000,map,-0.3867242335678974,0.2671068679009546,0.1014376774403768,0.0,0.0,0.0,0.0
21596000000,5049,21595000000,map,-0.19833135446138106,0.1949456398763666,0.33489815719148497,0.0,0.0,0.0,0.0
21598000000,5050,21597000000,map,0.008048909214168731,0.04174463630651226,0.2466853619771373,0.0,0.0,0.0,0.0
21599000000,5051,21599000000,map,0.1724752947895304,-0.3775542398683813,-0.24775396956721524,0.0,0.0,0.0,0.0
21601000000,5052,21601000000,map,-0.1542753883043716,-0.009455410023106348,-0.01624606357700975,0.0,0.0,0.0,0.0
21603000000,5053,21603000000,map,0.22538029445850694,-0.20915740791160634,-0.06693505679434703,0.0,0.0,0.0,0.0
21606000000,5054,21605000000,map,0.24367843691809088,-0.055967824524041476,0.29763167010086977,0.0,0.0,0.0,0.0
21607000000,5055,21607000000,map,-0.18521076467944658,0.10292897750848373,-0.3755227691006152,0.0,0.0,0.0,0.0
21609000000,5056,21609000000,map,0.20502883973125008,-0.22803845542568602,0.24072813102085266,0.0,0.0,0.0,0.0
21611000000,5057,21611000000,map,0.319789054746079,0.162427512052836,0.12456542518986358,0.0,0.0,0.0,0.0
21613000000,5058,21613000000,map,0.2886301082364202,0.33358475695085876,0.38158919908738065,0.0,0.0,0.0,0.0
21615000000,5059,21615000000,map,-0.16564153571243337,-0.15284429570687852,-0.24332257732379942,0.0,0.0,0.0,0.0
21617000000,5060,21617000000,map,-0.035185564619328535,0.1836946324983082,-0.07580565093041047,0.0,0.0,0.0,0.0
21619000000,5061,21619000000,map,-0.19635777548018757,0.3241135347118528,-0.015318270399044542,0.0,0.0,0.0,0.0
21621000000,5062,21621000000,map,0.1705751982602881,0.0409435048981438,-0.18294058465561527,0.0,0.0,0.0,0.0
21623000000,5063,21623000000,map,0.11650355579977711,0.009556031530954079,-0.08298487632811846,0.0,0.0,0.0,0.0
21626000000,5064,21626000000,map,0.08595537869531206,0.1363144972230862,-0.14616087365001645,0.0,0.0,0.0,0.0
21627000000,5065,21627000000,map,-0.3079228969882962,0.29982473015882893,-0.055585206263533804,0.0,0.0,0.0,0.0
21629000000,5066,21629000000,map,-0.20902610262911267,-0.2345706103017623,-0.23291592939247582,0.0,0.0,0.0,0.0
21632000000,5067,21632000000,map,0.059904664898752624,0.14453320780702128,0.09396750660361652,0.0,0.0,0.0,0.0
21633000000,5068,21633000000,map,0.23051612856714787,0.1625086288349562,-0.24829146774209157,0.0,0.0,0.0,0.0
21635000000,5069,21635000000,map,-0.2753219860016912,-0.2558717016636778,0.21876407305941192,0.0,0.0,0.0,0.0
21638000000,5070,21638000000,map,0.28276228741302034,-0.37805379876270645,-0.033863766222680225,0.0,0.0,0.0,0.0
21640000000,5071,21640000000,map,0.35174944226733484,-0.3787496866505768,-0.23864603525062522,0.0,0.0,0.0,0.0
21642000000,5072,21641000000,map,-0.11926672198291616,0.0762571247126339,-0.019284808715779644,0.0,0.0,0.0,0.0
21644000000,5073,21644000000,map,-0.3560119932302386,-0.3069530269553191,0.002671585856321823,0.0,0.0,0.0,0.0
21646000000,5074,21646000000,map,0.05866487092906186,0.031330095003567426,-0.10216704037155616,0.0,0.0,0.0,0.0
21647000000,5075,21647000000,map,-0.11393145998160498,-0.2778338416209787,-0.05252910430274199,0.0,0.0,0.0,0.0
21649000000,5076,21649000000,map,-0.05042722098320657,-0.005625382376360899,-0.14230661608961775,0.0,0.0,0.0,0.0
21651000000,5077,21651000000,map,0.2854841617796783,0.31349930785209823,0.13223946848220414,0.0,0.0,0.0,0.0
21653000000,5078,21653000000,map,-0.06312031779298966,0.26403906026450163,-0.2286927929623199,0.0,0.0,0.0,0.0
21655000000,5079,21655000000,map,-0.10331245572884701,0.3745658664444207,-0.04827106193661995,0.0,0.0,0.0,0.0
21657000000,5080,21657000000,map,-0.09620568887065667,0.16240024553556487,-0.24876166833120647,0.0,0.0,0.0,0.0
21659000000,5081,21659000000,map,-0.18906190280013624,-0.39205659611082017,-0.04764544002395266,0.0,0.0,0.0,0.0
21661000000,5082,21661000000,map,0.3944166040624688,-0.3198917729314262,-0.04282421712649498,0.0,0.0,0.0,0.0
21663000000,5083,21663000000,map,0.38203704632599855,-0.14949962045181148,0.1860880894280338,0.0,0.0,0.0,0.0
21665000000,5084,21665000000,map,0.21192927403994977,-0.3807255684724141,0.04427935002905159,0.0,0.0,0.0,0.0
21667000000,5085,21667000000,map,-0.10901114229863834,0.1896495182736191,0.21300973756231645,0.0,0.0,0.0,0.0
21669000000,5086,21669000000,map,0.14458205738297925,0.2119197211488001,0.3589683511414371,0.0,0.0,0.0,0.0
21671000000,5087,21671000000,map,0.29658004909965896,0.3826907815230495,0.3466984684106621,0.0,0.0,0.0,0.0
21673000000,5088,21673000000,map,-0.1671999760968279,0.0452554525678604,0.03902193699494161,0.0,0.0,0.0,0.0
21675000000,5089,21675000000,map,0.2969774063369307,-0.22320067750683273,-0.016411967463091093,0.0,0.0,0.0,0.0
21677000000,5090,21677000000,map,0.2795147067845968,0.26532589565600806,-0.2718806146599274,0.0,0.0,0.0,0.0
21679000000,5091,21679000000,map,-0.35740397692756093,0.3159779287522809,0.058689870661311816,0.0,0.0,0.0,0.0
21681000000,5092,21681000000,map,0.10426351001860246,-0.39729247508251303,-0.02726851510687922,0.0,0.0,0.0,0.0
21684000000,5093,21683000000,map,0.27378306857419765,-0.38149129728538256,-0.12834744870811748,0.0,0.0,0.0,0.0
21686000000,5094,21686000000,map,-0.3168777282538872,-0.1309305925385848,-0.2871991053655568,0.0,0.0,0.0,0.0
21688000000,5095,21688000000,map,0.389287034026672,0.0789919769928571,0.18666240255840538,0.0,0.0,0.0,0.0
21690000000,5096,21690000000,map,0.22352434836512247,0.03386425261368747,0.33202926731102556,0.0,0.0,0.0,0.0
21692000000,5097,21691000000,map,-0.20054071755002717,0.21491628425854026,0.08045639018076434,0.0,0.0,0.0,0.0
21694000000,5098,21693000000,map,0.37799216496401644,-0.3629553668734562,-0.1713217092620941,0.0,0.0,0.0,0.0
21696000000,5099,21696000000,map,0.26864954588124623,-0.25745264657133143,0.2936849199776973,0.0,0.0,0.0,0.0
21698000000,5100,21698000000,map,-0.10632962811604452,-0.2004301724676706,0.016633782721470314,0.0,0.0,0.0,0.0
21699000000,5101,21699000000,map,-0.2779952308408639,-0.16015017601434828,0.31016898870379617,0.0,0.0,0.0,0.0
21702000000,5102,21702000000,map,0.33760152281042166,0.251614845940362,-0.3052760299555257,0.0,0.0,0.0,0.0
21703000000,5103,21703000000,map,-0.026053311832726633,-0.3258982597937065,0.24725328322512596,0.0,0.0,0.0,0.0
21706000000,5104,21705000000,map,0.28150525077681354,0.11029589308133114,0.36086585666624993,0.0,0.0,0.0,0.0
21708000000,5105,21708000000,map,-0.031100238502206612,-0.1436907087708354,0.27731565310830175,0.0,0.0,0.0,0.0
21709000000,5106,21709000000,map,-0.028212159156932204,0.3241395092529853,-0.03002667550370386,0.0,0.0,0.0,0.0
21711000000,5107,21711000000,map,0.05355681582995153,0.16548545376069912,0.0797712678854065,0.0,0.0,0.0,0.0
21713000000,5108,21713000000,map,0.05366668585076012,0.3092580285551024,-0.23848330817087404,0.0,0.0,0.0,0.0
21715000000,5109,21715000000,map,-0.27527176921998575,0.09489958841120655,-0.3956649428179434,0.0,0.0,0.0,0.0
21717000000,5110,21717000000,map,0.2886382082195331,0.24976823553695437,0.19841664777283874,0.0,0.0,0.0,0.0
21719000000,5111,21719000000,map,0.005318906444818805,0.16206638774907978,0.2824473630209321,0.0,0.0,0.0,0.0
21721000000,5112,21721000000,map,-0.1129821338717854,-0.07277798540355035,-0.2082464307519222,0.0,0.0,0.0,0.0
21724000000,5113,21724000000,map,-0.19856820324437782,0.02285860488237601,-0.027036321817106967,0.0,0.0,0.0,0.0
21726000000,5114,21725000000,map,0.3977538194464777,0.1376584199747405,0.15309640229259536,0.0,0.0,0.0,0.0
21727000000,5115,21727000000,map,0.36499713794526256,-0.3576690698782331,0.3250250696797776,0.0,0.0,0.0,0.0
21729000000,5116,21729000000,map,-0.23989295215187814,0.1408589243290319,0.21337836636357232,0.0,0.0,0.0,0.0
21732000000,5117,21732000000,map,-0.32391919046447176,0.23193565732443466,0.1864242154976019,0.0,0.0,0.0,0.0
21733000000,5118,21733000000,map,-0.32036361857862616,0.03861411159278949,-0.28359097905749364,0.0,0.0,0.0,0.0
21735000000,5119,21735000000,map,0.11579896016476632,-0.17826067732419568,-0.24204812616670873,0.0,0.0,0.0,0.0
21737000000,5120,21737000000,map,0.09453231781017352,-0.22035749112271955,-0.08368560051571677,0.0,0.0,0.0,0.0
21739000000,5121,21739000000,map,-0.09534439202496203,0.2966007290185999,-0.09860330697334085,0.0,0.0,0.0,0.0
21741000000,5122,21741000000,map,-0.17730660558125028,-0.3234847866080098,0.33193628606525516,0.0,0.0,0.0,0.0
21743000000,5123,21743000000,map,-0.003080522027469057,-0.327736976407195,0.2853634145643772,0.0,0.0,0.0,0.0
21745000000,5124,21745000000,map,0.0013545376054571179,-0.09807172760238547,0.25704117524828674,0.0,0.0,0.0,0.0
21747000000,5125,21747000000,map,-0.24831702694564173,-0.36260525717195424,-0.23290175643420705,0.0,0.0,0.0,0.0
21749000000,5126,21749000000,map,0.30551917456729083,-0.1292337423029008,-0.007608447300337828,0.0,0.0,0.0,0.0
21751000000,5127,21751000000,map,-0.34097261258555595,-0.3646513927714013,0.07657194287316677,0.0,0.0,0.0,0.0
21753000000,5128,21753000000,map,0.35299017163207,-0.14552112213003232,-0.15449437685176473,0.0,0.0,0.0,0.0
21756000000,5129,21755000000,map,-0.2426750674719348,-0.16450576444194898,0.11177537162185358,0.0,0.0,0.0,0.0
21758000000,5130,21757000000,map,-0.35955119478541014,-0.10208940372484504,0.10506169145186994,0.0,0.0,0.0,0.0
21760000000,5131,21759000000,map,-0.18849631992269741,-0.12932320869735897,0.3482688498666834,0.0,0.0,0.0,0.0
21762000000,5132,21762000000,map,0.11983856094802636,0.22679936637534492,-0.009294885223677996,0.0,0.0,0.0,0.0
21764000000,5133,21764000000,map,-0.2665437853686433,-0.2941858647623309,-0.02950110872445333,0.0,0.0,0.0,0.0
21766000000,5134,21766000000,map,0.2534266848465553,0.17407768303594784,0.384340713035094,0.0,0.0,0.0,0.0
21767000000,5135,21767000000,map,-0.24979523109520904,-0.2728004391645539,-0.07300398448266054,0.0,0.0,0.0,0.0
21769000000,5136,21769000000,map,0.3821460350017366,-0.37921426941068587,0.1563109752642775,0.0,0.0,0.0,0.0
21771000000,5137,21771000000,map,0.029376835613961927,0.08500778593553104,0.027205566641765766,0.0,0.0,0.0,0.0
21773000000,5138,21773000000,map,-0.307289057056047,-0.1972530654515317,-0.11394561233895173,0.0,0.0,0.0,0.0
21775000000,5139,21775000000,map,0.0032303735413637402,-0.15457457451926915,0.36406243856072373,0.0,0.0,0.0,0.0
21777000000,5140,21777000000,map,-0.10238647962144748,0.01689776685173383,-0.23873337468972777,0.0,0.0,0.0,0.0
21779000000,5141,21779000000,map,0.2646956980659596,-0.27191545756902813,-0.3314857275520496,0.0,0.0,0.0,0.0
21781000000,5142,21781000000,map,-0.11465871670745093,-0.3240079187981486,0.12901438761370365,0.0,0.0,0.0,0.0
21783000000,5143,21783000000,map,0.10424676380180664,0.2914864580829216,-0.1318162974682084,0.0,0.0,0.0,0.0
21785000000,5144,21785000000,map,-0.27206611556041804,0.3682231871218947,0.3338884845526032,0.0,0.0,0.0,0.0
21787000000,5145,21787000000,map,0.042463217050852875,0.028063470581605077,-0.0839764202191367,0.0,0.0,0.0,0.0
21789000000,5146,21789000000,map,-0.3623681633044654,0.3809162229239689,0.19061908336233802,0.0,0.0,0.0,0.0
21791000000,5147,21791000000,map,0.3409333294290947,-0.25741366056449855,0.20060601383036514,0.0,0.0,0.0,0.0
21793000000,5148,21793000000,map,0.3037049924893317,0.353726623263085,-0.03433470389259885,0.0,0.0,0.0,0.0
21795000000,5149,21795000000,map,-0.13261519421174672,0.24763862324793162,-0.3814624937884238,0.0,0.0,0.0,0.0
21797000000,5150,21797000000,map,-0.05719291482692662,0.3232951939871157,-0.32917070816700483,0.0,0.0,0.0,0.0
21799000000,5151,21799000000,map,0.04273741250522861,0.32913603004894376,0.0032599921139181975,0.0,0.0,0.0,0.0
21801000000,5152,21801000000,map,-0.0010716883039004754,0.1684949878210219,-0.044832521042776796,0.0,0.0,0.0,0.0
21803000000,5153,21803000000,map,-0.30274217149860544,-0.2095393496431516,0.19037600542545152,0.0,0.0,0.0,0.0
21805000000,5154,21805000000,map,0.3422564259253358,-0.2814427712176825,-0.1439026930936428,0.0,0.0,0.0,0.0
21807000000,5155,21807000000,map,0.22891414289434464,-0.15473993195384317,-0.2479476330507964,0.0,0.0,0.0,0.0
21809000000,5156,21809000000,map,-0.18210621118573564,0.33684028160261115,-0.32070937169878233,0.0,0.0,0.0,0.0
21811000000,5157,21811000000,map,0.34149116609554386,0.15228886944011566,-0.3844912947406409,0.0,0.0,0.0,0.0
21813000000,5158,21813000000,map,0.22839766696536923,-0.2925935658690371,-0.058074431113132596,0.0,0.0,0.0,0.0
21815000000,5159,21815000000,map,-0.3051984102110765,-0.06301077267643529,-0.253486238248236,0.0,0.0,0.0,0.0
21818000000,5160,21817000000,map,0.18206966725333606,0.3573285997644515,0.1928738882898403,0.0,0.0,0.0,0.0
