%time,field.header.seq,field.header.stamp,field.header.frame_id,field.pose.position.x,field.pose.position.y,field.pose.position.z,field.pose.orientation.x,field.pose.orientation.y,field.pose.orientation.z,field.pose.orientation.w
10576000000,2803,10576000000,map,0.2806506429868284,0.1364114534458023,-0.27458017876884877,0.0,0.0,0.0,0.0
10578000000,2804,10578000000,map,-0.2762655165363636,0.29345730854032115,-0.3467016994941464,0.0,0.0,0.0,0.0
10580000000,2805,10580000000,map,-0.09722415851936606,0.24510248686355696,0.20835159715768048,0.0,0.0,0.0,0.0
10582000000,2806,10582000000,map,-0.11575234200938284,0.013936463653714537,-0.29596602730289734,0.0,0.0,0.0,0.0
10584000000,2807,10584000000,map,0.14293866747501727,-0.3664483943176155,-0.15497035022331535,0.0,0.0,0.0,0.0
10586000000,2808,10586000000,map,0.08159773832516592,-0.31566926187437144,0.2668220478016632,0.0,0.0,0.0,0.0
10588000000,2809,10588000000,map,0.09818933839921468,0.12256472767751359,-0.21856559731118594,0.0,0.0,0.0,0.0
10590000000,2810,10590000000,map,-0.0973233255120724,0.3361238318043318,0.14329044634705257,0.0,0.0,0.0,0.0
10592000000,2811,10592000000,map,-0.1651653962983276,0.30983832182328863,0.32305822886875946,0.0,0.0,0.0,0.0
10594000000,2812,10594000000,map,0.3749576569244616,0.21948262645618044,-0.27835365062900397,0.0,0.0,0.0,0.0
10596000000,2813,10596000000,map,0.37247730949621305,-0.2970790570374257,0.14475423997525538,0.0,0.0,0.0,0.0
10598000000,2814,10598000000,map,0.3508987128202442,-0.06829332701430435,-0.3077123889779182,0.0,0.0,0.0,0.0
10600000000,2815,10600000000,map,0.07685094113690571,0.22715006815420158,-0.08879728901342326,0.0,0.0,0.0,0.0
10602000000,2816,10602000000,map,0.21906308924757278,0.25444599303057547,-0.07378744853171681,0.0,0.0,0.0,0.0
10604000000,2817,10604000000,map,0.05922711271578318,0.08519503515466831,-0.17144508355566643,0.0,0.0,0.0,0.0
10606000000,2818,10606000000,map,0.01122659220788469,-0.2501685894122233,0.21229151391071743,0.0,0.0,0.0,0.0
10608000000,2819,10608000000,map,0.09451204708919009,0.2623081199253646,-0.28038207493680006,0.0,0.0,0.0,0.0
10610000000,2820,10610000000,map,-0.3571926222980226,-0.36576741075149677,-0.09024021070709898,0.0,0.0,0.0,0.0
10612000000,2821,10612000000,map,-0.29494929658161717,0.3280395424553876,-0.07187253556603956,0.0,0.0,0.0,0.0
10614000000,2822,10614000000,map,0.3502495804905572,-0.11423653902419578,-0.08171428977590223,0.0,0.0,0.0,0.0
10616000000,2823,10616000000,map,-0.39002064875188835,-0.23514316128683432,0.25031744959212465,0.0,0.0,0.0,0.0
10618000000,2824,10618000000,map,-0.026490230564426898,-0.17273356004088433,-0.3885496479094651,0.0,0.0,0.0,0.0
10620000000,2825,10620000000,map,-0.2829829821095712,-0.37266651529170797,-0.2137054730693262,0.0,0.0,0.0,0.0
10622000000,2826,10622000000,map,-0.13203781045389246,-0.14582646328880716,0.0727262055950958,0.0,0.0,0.0,0.0
10624000000,2827,10624000000,map,0.19410865710068315,0.39850785373274766,0.31879355545027654,0.0,0.0,0.0,0.0
10626000000,2828,10626000000,map,-0.025517680729675585,0.13490993211216828,-0.26991264027904127,0.0,0.0,0.0,0.0
10628000000,2829,10628000000,map,0.1068219941400057,-0.258461734066733,0.2373504052515869,0.0,0.0,0.0,0.0
10630000000,2830,10630000000,map,0.3673777961516096,-0.2637848230197617,0.29917369425795015,0.0,0.0,0.0,0.0
10632000000,2831,10632000000,map,0.11469994766674341,-0.2767524934131263,-0.35322649888440427,0.0,0.0,0.0,0.0
10634000000,2832,10634000000,map,0.2878627696363524,0.053987106084500636,-0.1628920978679251,0.0,0.0,0.0,0.0
10636000000,2833,10636000000,map,0.21273729776157846,-0.1321938296250994,-0.15976495422441808,0.0,0.0,0.0,0.0
10638000000,2834,10638000000,map,0.25137149746594367,-0.3795472330574101,-0.38238324942016955,0.0,0.0,0.0,0.0
10640000000,2835,10640000000,map,-0.15550228754624215,-0.29028091872808837,0.09696027427833054,0.0,0.0,0.0,0.0
10642000000,2836,10642000000,map,-0.10729203318502567,0.0894430593712559,-0.20915543648152615,0.0,0.0,0.0,0.0
10644000000,2837,10644000000,map,-0.19349817326057026,-0.24125605522233884,0.05631680943955503,0.0,0.0,0.0,0.0
10646000000,2838,10646000000,map,0.1217468265768481,-0.34763070335294805,-0.029657578849177413,0.0,0.0,0.0,0.0
10648000000,2839,10648000000,map,0.20580050346249112,-0.03255373485678381,0.33128013039945603,0.0,0.0,0.0,0.0
10650000000,2840,10650000000,map,0.05952534523173281,-0.0679948181555502,-0.15688131936884836,0.0,0.0,0.0,0.0
10652000000,2841,10652000000,map,-0.2746507062901942,-0.09267661584945086,-0.32481621069433747,0.0,0.0,0.0,0.0
10654000000,2842,10654000000,map,-0.3116677864433052,-0.002651568502982926,0.3170197212071584,0.0,0.0,0.0,0.0
10656000000,2843,10656000000,map,0.37449544102973353,-0.2202948641881649,-0.36797564679075906,0.0,0.0,0.0,0.0
10658000000,2844,10658000000,map,0.08295852353738775,0.02255524883603144,0.37534474945455754,0.0,0.0,0.0,0.0
10660000000,2845,10660000000,map,-0.19988337720163188,0.09605505059941877,-0.147503372032741,0.0,0.0,0.0,0.0
10662000000,2846,10662000000,map,0.07243438508644029,-0.28020695260497325,0.3850695709074259,0.0,0.0,0.0,0.0
10664000000,2847,10664000000,map,0.1424030217237917,-0.15842600052014333,-0.24518554305617468,0.0,0.0,0.0,0.0
10666000000,2848,10666000000,map,0.11453121445754288,-0.3714223657292641,0.2849106284403293,0.0,0.0,0.0,0.0
10668000000,2849,10668000000,map,-0.32363099224882275,-0.25567402951999835,0.38692973759029115,0.0,0.0,0.0,0.0
10670000000,2850,10670000000,map,0.10789235248849338,-0.053549932677240786,0.39955607319121433,0.0,0.0,0.0,0.0
10672000000,2851,10672000000,map,0.029943008882700017,-0.3019372998210029,0.052554075813423196,0.0,0.0,0.0,0.0
10674000000,2852,10674000000,map,0.20493022423075125,0.17968981972977538,0.3887743279942095,0.0,0.0,0.0,0.0
10676000000,2853,10676000000,map,0.0757147761890214,-0.3606438475333135,0.00204872033672443,0.0,0.0,0.0,0.0
10678000000,2854,10678000000,map,0.16293443827696918,-0.17100428076767688,-0.022430536931773548,0.0,0.0,0.0,0.0
10680000000,2855,10680000000,map,-0.30883465274413846,-0.23892614610336943,0.05252299897547685,0.0,0.0,0.0,0.0
10682000000,2856,10682000000,map,-0.030741714994371783,-0.38082006493385934,-0.18019907554520254,0.0,0.0,0.0,0.0
10684000000,2857,10684000000,map,0.36618593361574836,0.29662860355936216,-0.016128767468365557,0.0,0.0,0.0,0.0
10686000000,2858,10686000000,map,-0.04852323453846441,0.10698738674369124,-0.31325245012343184,0.0,0.0,0.0,0.0
10688000000,2859,10688000000,map,-0.3654166201288739,0.32856161604907974,-0.06599705062600209,0.0,0.0,0.0,0.0
10690000000,2860,10690000000,map,0.1523826336400419,0.0931971004228146,0.09349302542091592,0.0,0.0,0.0,0.0
10692000000,2861,10692000000,map,-0.10931694441557016,-0.2592107426905933,-0.2438635520865139,0.0,0.0,0.0,0.0
10694000000,2862,10694000000,map,0.27467266982999594,0.20708242865507198,-0.3741585455467772,0.0,0.0,0.0,0.0
10696000000,2863,10696000000,map,0.2811204248776952,0.22996250364748416,0.39747158234340163,0.0,0.0,0.0,0.0
10698000000,2864,10698000000,map,-0.19941079154924762,-0.2569038931950649,0.10773211740385336,0.0,0.0,0.0,0.0
10700000000,2865,10700000000,map,0.36532073357311456,-0.39151096582881784,0.3754480429401531,0.0,0.0,0.0,0.0
10702000000,2866,10702000000,map,0.14871705279439906,-0.17584118451003403,0.3056433450536259,0.0,0.0,0.0,0.0
10704000000,2867,10704000000,map,-0.3954381606585331,-0.09951345969225511,0.04409239638931117,0.0,0.0,0.0,0.0
10706000000,2868,10706000000,map,0.35715145444006713,-0.03716038393430238,0.31694274884446993,0.0,0.0,0.0,0.0
10708000000,2869,10708000000,map,0.2680414439265033,0.00818101563974033,-0.09732822196280255,0.0,0.0,0.0,0.0
10710000000,2870,10710000000,map,-0.07059242993739806,0.25601188617084325,-0.0023864997926418274,0.0,0.0,0.0,0.0
10712000000,2871,10712000000,map,0.37542665266241826,-0.18049254370092127,0.3429564613906876,0.0,0.0,0.0,0.0
10714000000,2872,10714000000,map,-0.2842940871088107,-0.13773208473250853,-0.3059553724913651,0.0,0.0,0.0,0.0
10716000000,2873,10716000000,map,-0.3856528344205251,0.030436292140312127,-0.07393699349725874,0.0,0.0,0.0,0.0
10718000000,2874,10718000000,map,-0.02044862196403402,-0.2670492747282486,-0.17567643997521132,0.0,0.0,0.0,0.0
10720000000,2875,10720000000,map,0.30540147667460626,-0.27772549505877725,0.08672823445688838,0.0,0.0,0.0,0.0
10722000000,2876,10722000000,map,0.08834979261827847,-0.3905141226499776,-0.1225601279364037,0.0,0.0,0.0,0.0
10724000000,2877,10724000000,map,0.3391551042561246,-0.30982382611411113,0.318257349921078,0.0,0.0,0.0,0.0
10726000000,2878,10726000000,map,-0.31664323511972875,-0.11283928556255723,0.13983757593829882,0.0,0.0,0.0,0.0
10728000000,2879,10728000000,map,-0.19291015379188925,-0.27657777117492466,0.23203401648032784,0.0,0.0,0.0,0.0
10730000000,2880,10730000000,map,0.2975577003644676,0.07013237347995044,-0.2849819892231255,0.0,0.0,0.0,0.0
10732000000,2881,10732000000,map,0.3341960464099699,-0.25066036451883267,-0.09143489118951781,0.0,0.0,0.0,0.0
10734000000,2882,10734000000,map,-0.19263085344320172,0.1807707305677424,-0.2868866141607178,0.0,0.0,0.0,0.0
10736000000,2883,10736000000,map,0.20657158235155337,0.1503114258552256,0.18396629872347303,0.0,0.0,0.0,0.0
10738000000,2884,10738000000,map,0.15297864148679963,0.2535485825497805,0.27876003732773336,0.0,0.0,0.0,0.0
10740000000,2885,10740000000,map,-0.1005777701897656,-0.19918336937425418,-0.28954656976142457,0.0,0.0,0.0,0.0
10742000000,2886,10742000000,map,0.1329693019891065,-0.2090049840142182,-0.3311334575731951,0.0,0.0,0.0,0.0
10745000000,2887,10745000000,map,-0.2655145896284572,-0.38213016893592017,-0.17364593461940603,0.0,0.0,0.0,0.0
10746000000,2888,10746000000,map,-0.08211946219766514,0.3283818795205543,0.33002708274424364,0.0,0.0,0.0,0.0
10748000000,2889,10748000000,map,-0.13082170339933546,0.3558376943400874,-0.3896814354723125,0.0,0.0,0.0,0.0
10750000000,2890,10750000000,map,-0.2750683509723815,0.11015314491613748,0.008403372528584807,0.0,0.0,0.0,0.0
10753000000,2891,10752000000,map,-0.11436475120811845,0.017140485062816513,0.23323758226437474,0.0,0.0,0.0,0.0
10754000000,2892,10754000000,map,-0.3870779276805838,-0.2971015436629309,0.05665764403994045,0.0,0.0,0.0,0.0
10756000000,2893,10756000000,map,-0.2571330900401141,-0.316752643986679,0.20295362368605063,0.0,0.0,0.0,0.0
10758000000,2894,10758000000,map,0.36784987159546767,0.09107686909463714,0.07580926472925853,0.0,0.0,0.0,0.0
10760000000,2895,10760000000,map,0.18309304591943898,0.016130753981776658,-0.1805169290074553,0.0,0.0,0.0,0.0
10762000000,2896,10762000000,map,0.31710118174932034,0.09987163250030856,0.35052553734676983,0.0,0.0,0.0,0.0
10764000000,2897,10764000000,map,-0.3854895358639093,-0.3634320246542263,0.08015384439669015,0.0,0.0,0.0,0.0
10766000000,2898,10766000000,map,0.057898370051127135,-0.19114262542910254,0.17949763112520212,0.0,0.0,0.0,0.0
10768000000,2899,10768000000,map,0.1358937723796365,-0.0856190637458164,-0.12990049692804528,0.0,0.0,0.0,0.0
10770000000,2900,10770000000,map,0.3363926529449067,0.09384090628071073,0.3612064743998328,0.0,0.0,0.0,0.0
10772000000,2901,10772000000,map,-0.11407030351471048,0.29027187204395843,0.0961568484557131,0.0,0.0,0.0,0.0
10774000000,2902,10774000000,map,-0.18540602064160283,0.20727678187919896,0.3688678577354326,0.0,0.0,0.0,0.0
10776000000,2903,10776000000,map,-0.3856833888367604,0.07750520100443731,-0.33406041771634415,0.0,0.0,0.0,0.0
10778000000,2904,10778000000,map,0.1110625897876083,-0.015382239791994823,0.21230464209144873,0.0,0.0,0.0,0.0
10780000000,2905,10780000000,map,-0.39678849417147327,0.3507321060057351,-0.04999815327433865,0.0,0.0,0.0,0.0
10782000000,2906,10782000000,map,-0.09632303816929161,0.30471219163032826,-0.3086027427902015,0.0,0.0,0.0,0.0
10784000000,2907,10784000000,map,-0.0209907003473368,0.07567303537118197,0.22614769593021167,0.0,0.0,0.0,0.0
10786000000,2908,10786000000,map,-0.1341159314999068,-0.08747200040352154,0.12450730605268245,0.0,0.0,0.0,0.0
10788000000,2909,10788000000,map,0.04892171215169644,-0.12193894980847064,0.024073202362695667,0.0,0.0,0.0,0.0
10790000000,2910,10790000000,map,-0.2945514299670856,-0.050490025147102324,-0.20097810832772678,0.0,0.0,0.0,0.0
10792000000,2911,10792000000,map,-0.1514209569741822,-0.29730265487817176,0.049982231576668756,0.0,0.0,0.0,0.0
10794000000,2912,10794000000,map,0.05338062227070317,0.338073893022664,0.239885468200986,0.0,0.0,0.0,0.0
10796000000,2913,10796000000,map,-0.18748991006147936,-0.20855680795753073,0.060861764978568655,0.0,0.0,0.0,0.0
10798000000,2914,10798000000,map,0.3891063668125575,-0.07690160577657534,0.2800837557967878,0.0,0.0,0.0,0.0
10800000000,2915,10800000000,map,-0.395753916777904,0.2841490170383164,-0.21334018086590617,0.0,0.0,0.0,0.0
10802000000,2916,10802000000,map,-0.04098813939233337,0.0030952132844144775,-0.15244939409632377,0.0,0.0,0.0,0.0
10804000000,2917,10804000000,map,0.16792863015360593,-0.3798695556565457,-0.0945445963964926,0.0,0.0,0.0,0.0
10806000000,2918,10806000000,map,0.28450637591607375,-0.08244439120511543,0.2739287506127268,0.0,0.0,0.0,0.0
10808000000,2919,10808000000,map,0.34580124700341075,-0.13041756640969643,-0.33833907549209835,0.0,0.0,0.0,0.0
10810000000,2920,10810000000,map,0.36052730411155587,0.2711801150951746,0.12309338822057303,0.0,0.0,0.0,0.0
10812000000,2921,10812000000,map,0.14822813997908613,0.3653151266530176,0.05144926731032573,0.0,0.0,0.0,0.0
10814000000,2922,10814000000,map,0.10043424745183305,0.12963052453847657,0.13756502520627367,0.0,0.0,0.0,0.0
10816000000,2923,10816000000,map,0.05468842719723349,-0.1266048310266465,0.2853686402285719,0.0,0.0,0.0,0.0
10819000000,2924,10818000000,map,-0.359466539149032,-0.13834490613114736,-0.1574926191540732,0.0,0.0,0.0,0.0
10820000000,2925,10820000000,map,0.06432653003759536,-0.03044637223482266,0.06755436482971416,0.0,0.0,0.0,0.0
10822000000,2926,10822000000,map,0.1790681437510876,0.05592607925710463,0.09134735523314241,0.0,0.0,0.0,0.0
10824000000,2927,10824000000,map,0.18080883547044402,0.2601850791682927,-0.1584449777279359,0.0,0.0,0.0,0.0
10826000000,2928,10826000000,map,0.17297341880186123,-0.1996093615706161,0.3551495267016582,0.0,0.0,0.0,0.0
10828000000,2929,10828000000,map,-0.27960137992804307,0.011553162737514167,0.33891021661730736,0.0,0.0,0.0,0.0
10830000000,2930,10830000000,map,-0.1726164902211743,-0.07051600648382295,0.0015869329518364839,0.0,0.0,0.0,0.0
10832000000,2931,10832000000,map,0.37341390039687483,0.3934677467367853,-0.03056072385121772,0.0,0.0,0.0,0.0
10834000000,2932,10834000000,map,0.2603561535085406,-0.14472843198584567,-0.33387643678445256,0.0,0.0,0.0,0.0
10837000000,2933,10836000000,map,-0.0016775326921698586,-0.3346135286278966,-0.37988706602633293,0.0,0.0,0.0,0.0
10838000000,2934,10838000000,map,-0.11604094242726543,-0.22953680749708877,-0.03780005413201215,0.0,0.0,0.0,0.0
10840000000,2935,10840000000,map,-0.27855264759292914,-0.3659537550756554,-0.06649395714622736,0.0,0.0,0.0,0.0
10842000000,2936,10842000000,map,-0.3774027387365839,-0.16501218072812215,-0.25530174554962676,0.0,0.0,0.0,0.0
10844000000,2937,10844000000,map,0.09886859901353573,0.30913372074934686,0.3768110871741418,0.0,0.0,0.0,0.0
10846000000,2938,10846000000,map,0.24218538040859838,0.27577463509445066,-0.14223676858030732,0.0,0.0,0.0,0.0
10848000000,2939,10848000000,map,0.20827190968120524,-0.248021047262831,0.2648405070527782,0.0,0.0,0.0,0.0
10850000000,2940,10850000000,map,-0.29649260883853323,-0.1455833345582983,-0.28140462442383163,0.0,0.0,0.0,0.0
10852000000,2941,10852000000,map,-0.17273410272713413,0.3101968745096523,0.033146171553911696,0.0,0.0,0.0,0.0
10854000000,2942,10854000000,map,0.36695408087525627,0.16945076093092748,-0.148568254659386,0.0,0.0,0.0,0.0
10856000000,2943,10856000000,map,-0.04157301989769413,-0.04890505740911022,-0.06425648685943952,0.0,0.0,0.0,0.0
10858000000,2944,10858000000,map,0.23786992388028871,-0.28146076141780607,0.2708907536431241,0.0,0.0,0.0,0.0
10861000000,2945,10861000000,map,-0.06902204254318833,0.3990518831603278,0.32275574136458973,0.0,0.0,0.0,0.0
10862000000,2946,10862000000,map,-0.12498457050237038,0.3706848413941012,-0.0415846278229291,0.0,0.0,0.0,0.0
10864000000,2947,10864000000,map,-0.18255725257077327,0.29282772319025974,-0.17791883454027044,0.0,0.0,0.0,0.0
10866000000,2948,10866000000,map,0.31920739051722247,-0.2391404821241309,-0.3343403281141507,0.0,0.0,0.0,0.0
10869000000,2949,10869000000,map,-0.2450636240796858,-0.3479491892630115,0.02967711776613574,0.0,0.0,0.0,0.0
10870000000,2950,10870000000,map,-0.13966622396395417,-0.39228862024721456,-0.2814178176634675,0.0,0.0,0.0,0.0
10872000000,2951,10872000000,map,0.10220602061115436,-0.15068807223001737,0.15320091283191795,0.0,0.0,0.0,0.0
10874000000,2952,10874000000,map,0.1838099655544162,-0.10116469670977135,-0.3644163003895117,0.0,0.0,0.0,0.0
10876000000,2953,10876000000,map,-0.3194396094099369,-0.18107533228306194,0.017342572011041668,0.0,0.0,0.0,0.0
10878000000,2954,10878000000,map,0.15953822356281877,-0.0026094965728965525,0.03246184310470196,0.0,0.0,0.0,0.0
10880000000,2955,10880000000,map,0.3473078356825394,0.2439749533382376,0.36669807878439165,0.0,0.0,0.0,0.0
10882000000,2956,10882000000,map,0.17299389877934435,0.18279195886346655,0.04582268486731661,0.0,0.0,0.0,0.0
10884000000,2957,10884000000,map,-0.38474902153616913,-0.21756283081951533,-0.2281505008360958,0.0,0.0,0.0,0.0
10886000000,2958,10886000000,map,0.2661885896419812,0.370498871841601,-0.36144777627750874,0.0,0.0,0.0,0.0
10888000000,2959,10888000000,map,0.1557121949497916,-0.33058926620514545,0.20985140836108562,0.0,0.0,0.0,0.0
10890000000,2960,10890000000,map,0.3982804500334244,0.008492659098446764,-0.15930860997041393,0.0,0.0,0.0,0.0
10892000000,2961,10892000000,map,0.14975564333316493,-0.34987119550939605,-0.1634283659132605,0.0,0.0,0.0,0.0
10894000000,2962,10894000000,map,0.3519962683837753,0.37121227002030777,-0.06935125144470522,0.0,0.0,0.0,0.0
10896000000,2963,10896000000,map,-0.2602914805604202,0.36631896701024413,0.09037678518200387,0.0,0.0,0.0,0.0
10898000000,2964,10898000000,map,0.10743733340021677,-0.3461419498585278,0.017361583727546814,0.0,0.0,0.0,0.0
10900000000,2965,10900000000,map,0.031893558176325165,0.3599629414039859,0.3584600207271922,0.0,0.0,0.0,0.0
10902000000,2966,10902000000,map,-0.3246790586219431,-0.25975008466378346,-0.012793743111533584,0.0,0.0,0.0,0.0
10904000000,2967,10904000000,map,-0.08864576589707435,-0.015472842152613742,-0.0485221668437823,0.0,0.0,0.0,0.0
10906000000,2968,10906000000,map,-0.2888969837554166,0.09127318104503102,-0.0026346984418854635,0.0,0.0,0.0,0.0
10908000000,2969,10908000000,map,-0.3872016528328223,0.040530911779171064,-0.2870263182462817,0.0,0.0,0.0,0.0
10910000000,2970,10910000000,map,0.29901688686129146,-0.14192930819875055,0.12061726775638548,0.0,0.0,0.0,0.0
10912000000,2971,10912000000,map,-0.14681425182692592,0.24994867189764947,-0.3829325074493712,0.0,0.0,0.0,0.0
10914000000,2972,10914000000,map,0.39332825394692406,-0.24944354953246678,-0.3406377686552312,0.0,0.0,0.0,0.0
10916000000,2973,10916000000,map,-0.07269914214578621,-0.07261101311541485,0.2545710335438055,0.0,0.0,0.0,0.0
10918000000,2974,10918000000,map,-0.2788969925159045,-0.09533130054470323,0.3948146190717541,0.0,0.0,0.0,0.0
10920000000,2975,10920000000,map,0.07928978726738889,0.37630571991526207,-0.10189367467138027,0.0,0.0,0.0,0.0
10922000000,2976,10922000000,map,0.24956908889899976,0.0249763789166475,0.09159223046495224,0.0,0.0,0.0,0.0
10924000000,2977,10924000000,map,-0.28928311852936817,0.08963649525204787,-0.37225213778931976,0.0,0.0,0.0,0.0
10926000000,2978,10926000000,map,-0.12204465601131365,0.38705795800392007,-0.28369442822294577,0.0,0.0,0.0,0.0
10928000000,2979,10928000000,map,-0.356262364800059,-0.21454002367763822,-0.28698128931203526,0.0,0.0,0.0,0.0
10930000000,2980,10930000000,map,-0.39611779848679535,0.3722127077615919,0.00029147774351684363,0.0,0.0,0.0,0.0
10932000000,2981,10932000000,map,0.0375048110885845,-0.15267070833197668,-0.18416484707760025,0.0,0.0,0.0,0.0
10934000000,2982,10934000000,map,0.15997603096243096,-0.1668596909183159,0.07160997881769449,0.0,0.0,0.0,0.0
10936000000,2983,10936000000,map,-0.17456368356365082,0.1284369835204041,-0.08793413112887011,0.0,0.0,0.0,0.0
10938000000,2984,10938000000,map,0.12374856392005351,-0.15141871835472398,0.06191706408928832,0.0,0.0,0.0,0.0
10940000000,2985,10940000000,map,-0.26415579832093694,-0.05264591856266515,0.2642659661404464,0.0,0.0,0.0,0.0
10942000000,2986,10942000000,map,-0.21469903645170982,-0.16146452975207765,0.11850044399069815,0.0,0.0,0.0,0.0
10944000000,2987,10944000000,map,-0.29127424124363205,0.3023575430467317,0.3013571875213509,0.0,0.0,0.0,0.0
10946000000,2988,10946000000,map,-0.11705200411462252,-0.17731059305769634,0.3351290698621743,0.0,0.0,0.0,0.0
10948000000,2989,10948000000,map,0.30017265053764663,-0.34017548624076543,0.18756323823512044,0.0,0.0,0.0,0.0
10950000000,2990,10950000000,map,-0.059663510803670994,0.24412419698482946,0.3264042774138761,0.0,0.0,0.0,0.0
10952000000,2991,10952000000,map,0.08000067654006504,0.17522383439121092,-0.15724779632170335,0.0,0.0,0.0,0.0
10954000000,2992,10954000000,map,0.32873149733092255,0.39402308546625875,0.26396131047031834,0.0,0.0,0.0,0.0
10956000000,2993,10956000000,map,-0.10876030359226119,-0.23176926481288507,0.3136581279496887,0.0,0.0,0.0,0.0
10958000000,2994,10958000000,map,-0.2247845272542861,0.35702472974737876,0.21910889676874634,0.0,0.0,0.0,0.0
10960000000,2995,10960000000,map,0.34900754624868113,-0.1806678385439139,-0.22327166712648694,0.0,0.0,0.0,0.0
10962000000,2996,10962000000,map,-0.10501776446811356,0.0599118213054009,-0.1922658073053107,0.0,0.0,0.0,0.0
10964000000,2997,10964000000,map,0.023117527452560238,0.18448107614647347,-0.21995873677433744,0.0,0.0,0.0,0.0
10966000000,2998,10966000000,map,-0.005418583827461743,-0.23528119476819298,0.14891030578898445,0.0,0.0,0.0,0.0
10968000000,2999,10968000000,map,0.3639875474158373,0.38020469315602723,0.1888269604030819,0.0,0.0,0.0,0.0
10970000000,3000,10970000000,map,-0.1607509403830706,0.3553156514657074,-0.23594202342460274,0.0,0.0,0.0,0.0
10972000000,3001,10972000000,map,-0.10339859653339589,-0.07294400788837552,0.20146948794887043,0.0,0.0,0.0,0.0
10974000000,3002,10974000000,map,-0.307126299511961,0.387843088880771,-0.3320802649187309,0.0,0.0,0.0,0.0
10976000000,3003,10976000000,map,-0.22661808135086015,-0.06635087586263544,0.2227445725633843,0.0,0.0,0.0,0.0
10978000000,3004,10978000000,map,-0.25818120186290117,-0.22709883033325776,-0.28138703037207957,0.0,0.0,0.0,0.0
10980000000,3005,10980000000,map,-0.27245716729491565,-0.14884414838658294,-0.020145013918422106,0.0,0.0,0.0,0.0
10982000000,3006,10982000000,map,-0.21008522583266687,-0.3165100173240758,0.0007119221635543127,0.0,0.0,0.0,0.0
10984000000,3007,10984000000,map,0.31034724124104107,-0.0009432108947455831,0.06282468405029862,0.0,0.0,0.0,0.0
10986000000,3008,10986000000,map,-0.11285611474574514,-0.22710675843002673,0.16387131865610727,0.0,0.0,0.0,0.0
10988000000,3009,10988000000,map,0.2459413008557041,0.30685882308323265,-0.1758468563879205,0.0,0.0,0.0,0.0
10990000000,3010,10990000000,map,-0.0037363152664575128,0.27518622809953674,0.1534788415237689,0.0,0.0,0.0,0.0
10992000000,3011,10992000000,map,0.044379926851632834,0.21590243471490234,0.19634544433912793,0.0,0.0,0.0,0.0
10994000000,3012,10994000000,map,0.04005506377695722,0.04894797266128048,0.22351501231585547,0.0,0.0,0.0,0.0
10996000000,3013,10996000000,map,-0.1746954225567867,0.23045719546197063,0.028358573582019375,0.0,0.0,0.0,0.0
10998000000,3014,10998000000,map,-0.3858558791877235,-0.2185221411967579,0.034016134148197874,0.0,0.0,0.0,0.0
11000000000,3015,11000000000,map,0.12128061466551321,0.27776525270873853,-0.3027279393692076,0.0,0.0,0.0,0.0
11002000000,3016,11002000000,map,0.32280766585092446,0.2686602481255882,0.15720829661035784,0.0,0.0,0.0,0.0
11004000000,3017,11004000000,map,0.22621699691292896,0.19080043766813048,0.035567559587747044,0.0,0.0,0.0,0.0
11006000000,3018,11006000000,map,0.3731556263613157,-0.3483108766538271,0.34651566044309134,0.0,0.0,0.0,0.0
11008000000,3019,11008000000,map,-0.2086569810497757,0.16086134811070485,-0.17518178866071846,0.0,0.0,0.0,0.0
11010000000,3020,11010000000,map,-0.3558656843544842,0.2721075974869088,0.085428753510924,0.0,0.0,0.0,0.0
11012000000,3021,11012000000,map,0.3910225525652361,0.2175229364184742,0.057144819950002756,0.0,0.0,0.0,0.0
11014000000,3022,11014000000,map,-0.0683906935762782,-0.28639561656839596,-0.14817086990010292,0.0,0.0,0.0,0.0
11016000000,3023,11016000000,map,-0.2788773106182437,0.3587055743680826,-0.2831700732509561,0.0,0.0,0.0,0.0
11018000000,3024,11018000000,map,0.21397314922230493,0.03914136628920478,-0.3853080211504967,0.0,0.0,0.0,0.0
11020000000,3025,11020000000,map,-0.37878269882385374,-0.28535418220923436,0.13731207445469495,0.0,0.0,0.0,0.0
11022000000,3026,11022000000,map,0.23464140931468447,-0.2607765763896632,0.07409046337712788,0.0,0.0,0.0,0.0
11024000000,3027,11024000000,map,0.1667114412399472,0.14930973451508345,0.14367479531869765,0.0,0.0,0.0,0.0
11026000000,3028,11026000000,map,-0.09578240864619114,0.3673250817751995,0.3971776609503215,0.0,0.0,0.0,0.0
11028000000,3029,11028000000,map,-0.3651340971399334,-0.01985372894165316,-0.12671545792156674,0.0,0.0,0.0,0.0
11030000000,3030,11030000000,map,-0.3061700955642248,-0.30755612293539564,-0.26584571021024145,0.0,0.0,0.0,0.0
11032000000,3031,11032000000,map,0.33133814619104285,0.23016048560903257,0.16726390774371458,0.0,0.0,0.0,0.0
11034000000,3032,11034000000,map,0.178798366510865,0.21939819862031817,0.18247877051485673,0.0,0.0,0.0,0.0
11036000000,3033,11036000000,map,-0.012434861072851633,0.3420026830187396,-0.12122654337992128,0.0,0.0,0.0,0.0
11038000000,3034,11038000000,map,-0.32653699414591675,0.021148300604379333,0.3892628360512115,0.0,0.0,0.0,0.0
11040000000,3035,11040000000,map,-0.3051535065786286,0.17659795782974874,0.10297656314588777,0.0,0.0,0.0,0.0
11042000000,3036,11042000000,map,0.3354769673176855,0.10566314595992055,0.09279211244203511,0.0,0.0,0.0,0.0
11044000000,3037,11044000000,map,0.38495183599636507,-0.2566983773025745,-0.15582871166212123,0.0,0.0,0.0,0.0
11046000000,3038,11046000000,map,-0.3241825500787176,0.08221213943726591,0.2084206475022471,0.0,0.0,0.0,0.0
11048000000,3039,11048000000,map,-0.16070690886594385,0.07623914338567345,0.2524406364473354,0.0,0.0,0.0,0.0
11050000000,3040,11050000000,map,0.13209053954140348,0.10096952960885919,0.1699547481017466,0.0,0.0,0.0,0.0
11052000000,3041,11052000000,map,0.1348024691882197,0.05729191328413963,-0.0881982429487046,0.0,0.0,0.0,0.0
11054000000,3042,11054000000,map,0.3112932969587686,0.3011668497924692,-0.3764837010695028,0.0,0.0,0.0,0.0
11056000000,3043,11056000000,map,0.10243311053137738,0.11862022341203726,-0.16097863390240166,0.0,0.0,0.0,0.0
11058000000,3044,11058000000,map,-0.3330824629674538,-0.19989829975973994,-0.2829069333026472,0.0,0.0,0.0,0.0
11060000000,3045,11060000000,map,-0.1612620092156214,0.30717657271238674,0.3181007998661177,0.0,0.0,0.0,0.0
11062000000,3046,11062000000,map,-0.1378921503542902,-0.17718136477399318,-0.23507798674439292,0.0,0.0,0.0,0.0
11064000000,3047,11064000000,map,-0.011978705348237306,0.03625009090963244,0.3760336502444751,0.0,0.0,0.0,0.0
11066000000,3048,11066000000,map,0.3041142864350518,-0.2297639554360909,0.09424632099854452,0.0,0.0,0.0,0.0
11068000000,3049,11068000000,map,0.2756462756175172,0.041139848940481005,-0.06576777867334094,0.0,0.0,0.0,0.0
11070000000,3050,11070000000,map,0.2054869669012177,-0.3741138865035683,0.18244469802483332,0.0,0.0,0.0,0.0
11072000000,3051,11072000000,map,-0.08461290970310248,-0.0790522687253582,-0.09906392786950186,0.0,0.0,0.0,0.0
11074000000,3052,11074000000,map,-0.3341056708125357,0.10869131083989203,0.2831443075346022,0.0,0.0,0.0,0.0
11076000000,3053,11076000000,map,-0.10027633830809685,-0.2502567174902074,-0.3039951066870026,0.0,0.0,0.0,0.0
11078000000,3054,11078000000,map,-0.3030521339089086,0.017190898964752843,-0.041857252666327116,0.0,0.0,0.0,0.0
11080000000,3055,11080000000,map,0.3215808967280319,0.27618419356147994,0.3642017790323129,0.0,0.0,0.0,0.0
11082000000,3056,11082000000,map,-0.33371166049563,-0.2785901422458142,0.31557532319342885,0.0,0.0,0.0,0.0
11084000000,3057,11084000000,map,0.03575554784765772,0.19879152182191473,0.1944250846891833,0.0,0.0,0.0,0.0
11086000000,3058,11086000000,map,-0.19574436712344323,-0.10269742105192092,0.15656318007622816,0.0,0.0,0.0,0.0
11088000000,3059,11088000000,map,0.2811290606879061,0.13252968331079384,-0.3682566610648649,0.0,0.0,0.0,0.0
11090000000,3060,11090000000,map,0.3086443063753155,0.39095350578981547,-0.09016140534893324,0.0,0.0,0.0,0.0
11092000000,3061,11092000000,map,-0.2538121789254113,0.010751941832594092,0.39960356022080645,0.0,0.0,0.0,0.0
11094000000,3062,11094000000,map,0.24137520015442726,0.10970285842853289,-0.26033204846434643,0.0,0.0,0.0,0.0
11096000000,3063,11096000000,map,-0.1729948282211943,-0.2924571851694263,0.36963533675463134,0.0,0.0,0.0,0.0
11098000000,3064,11098000000,map,0.30235922558753703,0.27577865249403544,-0.39375999105131604,0.0,0.0,0.0,0.0
11100000000,3065,11100000000,map,-0.3787997162505099,-0.03160481806463489,0.04558742058661336,0.0,0.0,0.0,0.0
11102000000,3066,11102000000,map,0.3422331619447718,0.1199407612222968,0.033818508174177364,0.0,0.0,0.0,0.0
11104000000,3067,11104000000,map,-0.399230011254608,-0.15603754185058022,-0.27291844021233924,0.0,0.0,0.0,0.0
11106000000,3068,11106000000,map,-0.23358624208030676,0.11085344799599128,0.34083619322690195,0.0,0.0,0.0,0.0
11108000000,3069,11108000000,map,-0.1779728675664936,0.044732064766735136,0.0803597394331309,0.0,0.0,0.0,0.0
11110000000,3070,11110000000,map,0.25973493981935303,-0.13650240627013455,0.24385324305436362,0.0,0.0,0.0,0.0
11112000000,3071,11112000000,map,0.09017828276176054,0.008768654187926939,-0.08476931057062242,0.0,0.0,0.0,0.0
11114000000,3072,11114000000,map,0.11131449909375024,0.040575365346419257,-0.2770270374547668,0.0,0.0,0.0,0.0
11116000000,3073,11116000000,map,-0.2193808045751991,-0.056877469077319165,-0.32283967449131007,0.0,0.0,0.0,0.0
11118000000,3074,11118000000,map,0.21310616759226553,0.14242758936598698,0.18098053685043036,0.0,0.0,0.0,0.0
11120000000,3075,11120000000,map,0.20204023369507074,0.16909076306662196,-0.12650484802884032,0.0,0.0,0.0,0.0
11122000000,3076,11122000000,map,-0.3495126918238821,0.13541108268439228,-0.2143139072370093,0.0,0.0,0.0,0.0
11124000000,3077,11124000000,map,-0.07458930237690098,0.32079583110954535,-0.10464175157041905,0.0,0.0,0.0,0.0
11127000000,3078,11126000000,map,-0.2536383806810016,-0.2963358287011803,-0.1834214353890257,0.0,0.0,0.0,0.0
11128000000,3079,11128000000,map,-0.24923996362278672,-0.0628175304653471,-0.1281077644008894,0.0,0.0,0.0,0.0
11130000000,3080,11130000000,map,0.33284029602759335,0.1497972063574311,0.16893004043570148,0.0,0.0,0.0,0.0
11132000000,3081,11132000000,map,-0.34929339163318823,-0.18320055733437332,0.2590156257149884,0.0,0.0,0.0,0.0
11134000000,3082,11134000000,map,0.2825964723574287,0.09427657864945871,0.2769851714090178,0.0,0.0,0.0,0.0
11136000000,3083,11136000000,map,-0.2816517647390316,0.2989800375608551,-0.38477883710855115,0.0,0.0,0.0,0.0
11138000000,3084,11138000000,map,0.33179029392695614,0.241881809057495,-0.1844352323950508,0.0,0.0,0.0,0.0
11141000000,3085,11140000000,map,0.11747195722135717,-0.31453518443311745,0.16828192512429863,0.0,0.0,0.0,0.0
11142000000,3086,11142000000,map,-0.03769372856274761,-0.13425850513986304,0.27719023182753555,0.0,0.0,0.0,0.0
11144000000,3087,11144000000,map,0.2606785225326259,0.1700570968892211,0.10525147583783245,0.0,0.0,0.0,0.0
11146000000,3088,11146000000,map,0.3093243434248074,-0.05582003953506576,-0.05295183939978537,0.0,0.0,0.0,0.0
11148000000,3089,11148000000,map,-0.1785515951456633,-0.34848344106900514,-0.17638501064622397,0.0,0.0,0.0,0.0
11150000000,3090,11150000000,map,-0.24027902209794258,-0.16064158230037565,-0.3207736450172079,0.0,0.0,0.0,0.0
11152000000,3091,11152000000,map,0.0696887506483927,0.09396434656868058,0.11195913675172975,0.0,0.0,0.0,0.0
11154000000,3092,11154000000,map,0.11325391103935967,0.3873060881285676,-0.12342856181647804,0.0,0.0,0.0,0.0
11156000000,3093,11156000000,map,0.27261870205243277,-0.11412941669384075,0.0478317020080955,0.0,0.0,0.0,0.0
11158000000,3094,11158000000,map,0.13607434931401285,-0.02216793496821856,-0.14689500248682025,0.0,0.0,0.0,0.0
11160000000,3095,11160000000,map,0.023772827762117976,-0.18417070130954527,-0.3183559975524196,0.0,0.0,0.0,0.0
11162000000,3096,11162000000,map,-0.30197202421028707,0.1941545218997368,0.06310781536918092,0.0,0.0,0.0,0.0
11164000000,3097,11164000000,map,0.04177229652861686,0.0315471833406914,0.13948814941050203,0.0,0.0,0.0,0.0
11166000000,3098,11166000000,map,-0.1980003168467421,0.1840837562145048,0.10435400187050403,0.0,0.0,0.0,0.0
11168000000,3099,11168000000,map,-0.22921678932477896,-0.14007222670784808,0.25499377491016095,0.0,0.0,0.0,0.0
11170000000,3100,11170000000,map,-0.0739069793552084,0.31276822422687556,-0.09892421130919343,0.0,0.0,0.0,0.0
11173000000,3101,11173000000,map,-0.15915359138260976,-0.04057879774710632,-0.3244704279385924,0.0,0.0,0.0,0.0
11174000000,3102,11174000000,map,-0.20225658850277395,0.09895827402736812,0.0176132678539071,0.0,0.0,0.0,0.0
11176000000,3103,11176000000,map,-0.28219247226108735,0.38593474965028973,0.253238592729944,0.0,0.0,0.0,0.0
11178000000,3104,11178000000,map,0.17466489550498143,0.16011418576234893,-0.39386826431488514,0.0,0.0,0.0,0.0
11180000000,3105,11180000000,map,0.363595795860466,0.3111769107547725,0.23181063037323713,0.0,0.0,0.0,0.0
11182000000,3106,11182000000,map,-0.22088013022061492,-0.14840777736411082,-0.263323828747403,0.0,0.0,0.0,0.0
11184000000,3107,11184000000,map,0.3420731864644143,-0.24945846743617237,0.25623335509513623,0.0,0.0,0.0,0.0
11186000000,3108,11186000000,map,-0.12185726746474268,-0.16606692012168775,0.3406338713550362,0.0,0.0,0.0,0.0
11188000000,3109,11188000000,map,0.14124197958640872,0.051634401632272564,0.33304517570646375,0.0,0.0,0.0,0.0
11190000000,3110,11190000000,map,-0.20447913030491002,0.054584719482869304,-0.020841638320169054,0.0,0.0,0.0,0.0
11192000000,3111,11192000000,map,-0.09666325283711247,-0.17179831386395691,-0.044690938548193504,0.0,0.0,0.0,0.0
11194000000,3112,11194000000,map,0.16822622777044838,-0.2113297457320316,0.01561993428270353,0.0,0.0,0.0,0.0
11196000000,3113,11196000000,map,-0.15696135516821072,-0.29639891829104276,0.0657820502757186,0.0,0.0,0.0,0.0
11198000000,3114,11198000000,map,-0.1319979547643777,0.18950885656013827,0.33612108415231945,0.0,0.0,0.0,0.0
11200000000,3115,11200000000,map,-0.1368144309153258,0.3861937986060061,0.275855592293364,0.0,0.0,0.0,0.0
11202000000,3116,11202000000,map,-0.2891866062234797,-0.3124311573920725,-0.38095584622387274,0.0,0.0,0.0,0.0
11204000000,3117,11204000000,map,0.19182063086809786,-0.24799091769418713,-0.2499282982542333,0.0,0.0,0.0,0.0
11206000000,3118,11206000000,map,0.22127348604304264,-0.04152749361998931,-0.16456814822963134,0.0,0.0,0.0,0.0
11208000000,3119,11208000000,map,0.3700953638463692,-0.15668891724705003,-0.05604770513993934,0.0,0.0,0.0,0.0
11210000000,3120,11210000000,map,-0.28128248396792044,0.27108087389900504,-0.39689892887680883,0.0,0.0,0.0,0.0
11212000000,3121,11212000000,map,0.31053399846758856,-0.14452119561249388,-0.2019650282881616,0.0,0.0,0.0,0.0
11214000000,3122,11214000000,map,-0.13296704953012656,0.23110734638443542,-0.14616063839726012,0.0,0.0,0.0,0.0
11216000000,3123,11216000000,map,-0.1998568547427193,0.22514537341184748,0.1291881096925318,0.0,0.0,0.0,0.0
11218000000,3124,11218000000,map,0.16898971003210383,0.13885658654077704,-0.2473005701594235,0.0,0.0,0.0,0.0
11220000000,3125,11220000000,map,-0.20269740543278864,0.034556513322061444,0.20523481420303213,0.0,0.0,0.0,0.0
11222000000,3126,11222000000,map,-0.2626548108642744,0.087513511813747,0.34857396745979485,0.0,0.0,0.0,0.0
11224000000,3127,11224000000,map,-0.17223986941573544,0.06381641962754214,-0.37034205268637627,0.0,0.0,0.0,0.0
11226000000,3128,11226000000,map,-0.006819590487607052,-0.3225963022536716,-0.2160985152989186,0.0,0.0,0.0,0.0
11228000000,3129,11228000000,map,0.013384231586704931,-0.03231664432824044,0.26301813890518444,0.0,0.0,0.0,0.0
11230000000,3130,11230000000,map,-0.33218205573435156,0.06692710483826803,0.30713177286677706,0.0,0.0,0.0,0.0
11232000000,3131,11232000000,map,0.34899221187705265,0.08151144735651777,0.16895229912454612,0.0,0.0,0.0,0.0
11234000000,3132,11234000000,map,-0.3418299489976151,0.24626021136237275,0.05787600602046955,0.0,0.0,0.0,0.0
11236000000,3133,11236000000,map,-0.2714293685174099,0.018412091039477108,0.06069836644902454,0.0,0.0,0.0,0.0
11238000000,3134,11238000000,map,-0.3360249154865251,0.052168420089765355,-0.08834753745155022,0.0,0.0,0.0,0.0
11240000000,3135,11240000000,map,-0.03952472238118149,-0.17940403339144534,0.3339968106816159,0.0,0.0,0.0,0.0
11242000000,3136,11242000000,map,0.27362302395090443,0.1449575243389617,-0.06291825210424895,0.0,0.0,0.0,0.0
11245000000,3137,11244000000,map,0.1616092226027167,0.3351768236621535,-0.09440773225842947,0.0,0.0,0.0,0.0
11246000000,3138,11246000000,map,-0.052097001209340854,0.19216840776282917,0.12876151795174695,0.0,0.0,0.0,0.0
11248000000,3139,11248000000,map,0.36983514350300695,0.0014966597398737846,-0.26097187737658745,0.0,0.0,0.0,0.0
11250000000,3140,11250000000,map,-0.09942528417106,-0.006984035417007317,-0.3930845369781596,0.0,0.0,0.0,0.0
11253000000,3141,11253000000,map,-0.0036481717563193183,-0.18115404515417938,-0.3729159776860829,0.0,0.0,0.0,0.0
11254000000,3142,11254000000,map,0.29181302854171465,-0.3418421404772785,0.07803983113940688,0.0,0.0,0.0,0.0
11256000000,3143,11256000000,map,-0.01763749659655106,-0.03578024756118753,0.0936730492198527,0.0,0.0,0.0,0.0
11259000000,3144,11259000000,map,0.1923282138318929,0.12262478879096705,0.2861360106186258,0.0,0.0,0.0,0.0
11260000000,3145,11260000000,map,-0.20657306034448755,-0.3997166833017393,0.05892395919850585,0.0,0.0,0.0,0.0
11262000000,3146,11262000000,map,-0.14535277713889444,0.0038710273451039723,-0.07035953702810449,0.0,0.0,0.0,0.0
11264000000,3147,11264000000,map,-0.20997411999196092,0.18285086565937803,-0.3223072030364464,0.0,0.0,0.0,0.0
11266000000,3148,11266000000,map,-0.11412481030200605,0.25330626554369573,0.2232770232875353,0.0,0.0,0.0,0.0
11268000000,3149,11268000000,map,0.15746744475262797,0.07653949095918627,-0.08820325332695117,0.0,0.0,0.0,0.0
11271000000,3150,11270000000,map,-0.21707923166163703,-0.29783269419036285,0.15233921564511577,0.0,0.0,0.0,0.0
11272000000,3151,11272000000,map,-0.10822292453126592,0.17374389973090465,0.2404785196084539,0.0,0.0,0.0,0.0
11274000000,3152,11274000000,map,0.20224739063241315,0.1324494304804149,-0.17157553438615555,0.0,0.0,0.0,0.0
11276000000,3153,11276000000,map,-0.10376023812997603,0.3401532519711169,0.2966929140613396,0.0,0.0,0.0,0.0
11278000000,3154,11278000000,map,-0.0336483902872583,0.35815069082335793,0.3046217628629482,0.0,0.0,0.0,0.0
11280000000,3155,11280000000,map,0.11352018144196108,0.1531364148567932,-0.1520752041639175,0.0,0.0,0.0,0.0
11282000000,3156,11282000000,map,0.319233457249397,-0.207032522800923,0.39675922377139117,0.0,0.0,0.0,0.0
11284000000,3157,11284000000,map,-0.089420278000927,0.005487679115777133,0.12713178995832175,0.0,0.0,0.0,0.0
11286000000,3158,11286000000,map,-0.3083989718099496,0.07463233583505086,-0.03932815093360997,0.0,0.0,0.0,0.0
11288000000,3159,11288000000,map,0.010022211894569033,0.16970930431573006,-0.020797037691647757,0.0,0.0,0.0,0.0
11290000000,3160,11290000000,map,0.23335974667785297,0.32368748969383965,0.2749535060974443,0.0,0.0,0.0,0.0
11292000000,3161,11292000000,map,0.2787619895322594,-0.39704332000750947,-0.3223582441104875,0.0,0.0,0.0,0.0
11295000000,3162,11294000000,map,-0.18329731218357348,-0.0023556022633928753,-0.0022869513376450046,0.0,0.0,0.0,0.0
11296000000,3163,11296000000,map,0.38969729366430883,0.2603790472527244,0.07529164137254496,0.0,0.0,0.0,0.0
11298000000,3164,11298000000,map,-0.24212417367820524,0.11749753536604568,0.25028313907606037,0.0,0.0,0.0,0.0
11300000000,3165,11300000000,map,0.37040818861106695,-0.37328024617026884,0.12445632109235039,0.0,0.0,0.0,0.0
11302000000,3166,11302000000,map,-0.2503273891783593,0.1406048336980944,-0.38643279022787114,0.0,0.0,0.0,0.0
11304000000,3167,11304000000,map,-0.06099577238480247,-0.1476891154506561,0.029169773241766284,0.0,0.0,0.0,0.0
11306000000,3168,11306000000,map,-0.3695939606523858,-0.10346708648250758,0.1193337266384199,0.0,0.0,0.0,0.0
11308000000,3169,11308000000,map,-0.09980476550408168,0.3015282728526891,-0.005560719919989743,0.0,0.0,0.0,0.0
11310000000,3170,11310000000,map,-0.13888984038942276,0.1330449683043442,0.21608427689424603,0.0,0.0,0.0,0.0
11312000000,3171,11312000000,map,-0.19372231342617666,-0.26912910095508735,0.07104229101591769,0.0,0.0,0.0,0.0
11314000000,3172,11314000000,map,0.058825659215383186,-0.10647118327472471,0.3444921677909546,0.0,0.0,0.0,0.0
11316000000,3173,11316000000,map,0.22264710450535963,0.3846651425320119,-0.060320649876609456,0.0,0.0,0.0,0.0
11318000000,3174,11318000000,map,0.20047502676598117,-0.02258671403820922,-0.14663280899575976,0.0,0.0,0.0,0.0
11320000000,3175,11320000000,map,0.2422109719996579,0.2091134453568957,0.01944910516313164,0.0,0.0,0.0,0.0
11322000000,3176,11322000000,map,0.38609303767560355,0.3800112880806362,-0.24091940372060194,0.0,0.0,0.0,0.0
11324000000,3177,11324000000,map,0.13848806177330952,-0.37160275209215,0.37265428953491864,0.0,0.0,0.0,0.0
11326000000,3178,11326000000,map,-0.178700387911486,0.12098118287841786,-0.09115953104500729,0.0,0.0,0.0,0.0
11328000000,3179,11328000000,map,0.0771753765159714,0.2819564687945769,0.2737623470013094,0.0,0.0,0.0,0.0
11330000000,3180,11330000000,map,0.3611039795437988,-0.09144659519921239,0.10635705224144987,0.0,0.0,0.0,0.0
11332000000,3181,11332000000,map,-0.012282387661739502,-0.1403741262435818,0.08416329806378336,0.0,0.0,0.0,0.0
11334000000,3182,11334000000,map,-0.015604965135316617,0.2312851388159688,-0.06683203614442557,0.0,0.0,0.0,0.0
11336000000,3183,11336000000,map,0.2961493315767848,-0.3639447589833963,-0.12745022448762983,0.0,0.0,0.0,0.0
11338000000,3184,11338000000,map,0.19992608754853758,-0.12623207952058407,-0.2175780760967863,0.0,0.0,0.0,0.0
11340000000,3185,11340000000,map,-0.06724781687133263,-0.32038651873989193,-0.07041852910449864,0.0,0.0,0.0,0.0
11342000000,3186,11342000000,map,0.2555081048320753,-0.10226598478642951,0.3651399153410394,0.0,0.0,0.0,0.0
11344000000,3187,11344000000,map,0.3739139578001507,-0.029612572142483362,-0.25102305625005245,0.0,0.0,0.0,0.0
11346000000,3188,11346000000,map,-0.3635017446039542,-0.18681824448803225,-0.04146538753576101,0.0,0.0,0.0,0.0
11348000000,3189,11348000000,map,0.3059687882255643,0.007208639013782381,-0.08130001599231451,0.0,0.0,0.0,0.0
11350000000,3190,11350000000,map,0.2713980288936976,0.1489911103707089,-0.0415731834300026,0.0,0.0,0.0,0.0
11352000000,3191,11352000000,map,0.3314091373264415,0.15160544233250395,-0.33303149702354234,0.0,0.0,0.0,0.0
11354000000,3192,11354000000,map,-0.3918783634596309,-0.19311093810898872,0.30006036857017093,0.0,0.0,0.0,0.0
11356000000,3193,11356000000,map,0.1080380963508697,0.38317307858785077,-0.05063587540516007,0.0,0.0,0.0,0.0
11358000000,3194,11358000000,map,0.29662821218709035,-0.28649080394712667,0.09589556167180097,0.0,0.0,0.0,0.0
11360000000,3195,11360000000,map,0.22017482579195158,0.00038308283606991456,0.3744766537828096,0.0,0.0,0.0,0.0
11362000000,3196,11362000000,map,0.3274334562732132,-0.39293857161033413,-0.36963191386106486,0.0,0.0,0.0,0.0
11364000000,3197,11364000000,map,0.18514482465836557,-0.31326177185233084,-0.331129851307729,0.0,0.0,0.0,0.0
11366000000,3198,11366000000,map,0.01850763848213105,-0.018786478627943415,0.37722428388111995,0.0,0.0,0.0,0.0
11368000000,3199,11368000000,map,0.0009569425613115135,-0.27277910016581486,0.35443535434232354,0.0,0.0,0.0,0.0
11370000000,3200,11370000000,map,0.1803556845450337,-0.35847773785348597,-0.3662718883842166,0.0,0.0,0.0,0.0
11372000000,3201,11372000000,map,0.16178288175416178,0.26739984319246246,-0.3825666183783404,0.0,0.0,0.0,0.0
11375000000,3202,11374000000,map,0.1998273178366904,0.03885159884161371,-0.12278227589477331,0.0,0.0,0.0,0.0
11376000000,3203,11376000000,map,0.08587844648132653,0.19664029584181797,0.12773205799630816,0.0,0.0,0.0,0.0
11378000000,3204,11378000000,map,-0.30765552236355864,0.20043886416661283,-0.022403653051438988,0.0,0.0,0.0,0.0
11380000000,3205,11380000000,map,0.2529788707413505,-0.267456188523813,0.1995733327897785,0.0,0.0,0.0,0.0
11382000000,3206,11382000000,map,-0.025077671521942402,0.3006391298541916,-0.08782672532678382,0.0,0.0,0.0,0.0
11384000000,3207,11384000000,map,-0.266326033108063,0.3369346451511601,-0.09687795355188178,0.0,0.0,0.0,0.0
11386000000,3208,11386000000,map,-0.15055087476254095,0.3958231741288728,0.24663399938208963,0.0,0.0,0.0,0.0
11388000000,3209,11388000000,map,0.3136182160171126,0.1776056560831678,-0.21089427911579606,0.0,0.0,0.0,0.0
11390000000,3210,11390000000,map,-0.15743691456657927,-0.26389561226193214,0.24022914749216617,0.0,0.0,0.0,0.0
11392000000,3211,11392000000,map,-0.13824089316056926,0.03246906691873025,-0.02500320454610644,0.0,0.0,0.0,0.0
11394000000,3212,11394000000,map,0.24715737304073282,-0.1084471722568443,0.22961566908085174,0.0,0.0,0.0,0.0
11396000000,3213,11396000000,map,-0.12259561803376512,-0.29390361953703625,-0.3251517523327564,0.0,0.0,0.0,0.0
11398000000,3214,11398000000,map,-0.2063716882713443,0.23457610396777817,0.049561987496886784,0.0,0.0,0.0,0.0
11400000000,3215,11400000000,map,-0.231858856989542,0.09795175307414372,0.06299198027414532,0.0,0.0,0.0,0.0
11402000000,3216,11402000000,map,0.0064418873057284776,-0.38861914209902504,0.2058709440521822,0.0,0.0,0.0,0.0
11404000000,3217,11404000000,map,0.11193593494376741,0.3189997265611745,-0.13150808399126418,0.0,0.0,0.0,0.0
11406000000,3218,11406000000,map,0.04507431255245464,0.2482409991259894,-0.3156456268424093,0.0,0.0,0.0,0.0
11408000000,3219,11408000000,map,0.17805359236649587,-0.0027015354932353186,-0.15889000351374427,0.0,0.0,0.0,0.0
11410000000,3220,11410000000,map,0.1261758031121044,0.017373663308387133,-0.025156415256055553,0.0,0.0,0.0,0.0
11412000000,3221,11412000000,map,-0.3914985883195013,0.13879499749168145,-0.09303161304947549,0.0,0.0,0.0,0.0
11414000000,3222,11414000000,map,0.3777337037173013,0.06260240514362059,0.22471132019125506,0.0,0.0,0.0,0.0
11416000000,3223,11416000000,map,0.20924203014028986,-0.11524727626503417,-0.1115234589872518,0.0,0.0,0.0,0.0
11418000000,3224,11418000000,map,-0.28774704965140635,-0.3720418822160894,0.3757210164526631,0.0,0.0,0.0,0.0
11420000000,3225,11420000000,map,0.22773752322460195,0.03772576529855076,0.23705517656028952,0.0,0.0,0.0,0.0
11422000000,3226,11422000000,map,-0.3128842424938168,0.3000496632263485,0.04236299345215511,0.0,0.0,0.0,0.0
11424000000,3227,11424000000,map,-0.10084164672463009,0.18856588166475696,0.018308508581759475,0.0,0.0,0.0,0.0
11426000000,3228,11426000000,map,0.007016530939133958,0.1979521647060829,0.334216270702435,0.0,0.0,0.0,0.0
11428000000,3229,11428000000,map,0.257467885714458,0.18821124171582782,0.06564615277968516,0.0,0.0,0.0,0.0
11430000000,3230,11430000000,map,-0.2597989874165264,0.13404414778536933,0.014887097630914004,0.0,0.0,0.0,0.0
11432000000,3231,11432000000,map,0.32713310361154246,-0.39697496098556356,0.310677422524933,0.0,0.0,0.0,0.0
11434000000,3232,11434000000,map,-0.10837403970510934,-0.10789117226757566,-0.34173341324072887,0.0,0.0,0.0,0.0
11436000000,3233,11436000000,map,0.239852127648852,0.3280978242765078,0.018242394242837467,0.0,0.0,0.0,0.0
11438000000,3234,11438000000,map,0.36834346462600676,0.09680509489504657,-0.0664870530864311,0.0,0.0,0.0,0.0
11440000000,3235,11440000000,map,0.3213696664645037,0.10231965515887453,0.2893210687021449,0.0,0.0,0.0,0.0
11442000000,3236,11442000000,map,-0.23386084432529086,0.06102629469506732,-0.2157702744742182,0.0,0.0,0.0,0.0
11444000000,3237,11444000000,map,-0.168468887789793,-0.30195679152865296,0.1270063935743707,0.0,0.0,0.0,0.0
11446000000,3238,11446000000,map,0.36914964573370623,-0.10240774003015074,-0.2249066619458031,0.0,0.0,0.0,0.0
11448000000,3239,11448000000,map,0.033680832012253414,-0.35150378260022286,0.28909140054394544,0.0,0.0,0.0,0.0
11450000000,3240,11450000000,map,-0.042730524808240744,-0.2831850940585779,-0.28058784036446893,0.0,0.0,0.0,0.0
11452000000,3241,11452000000,map,0.18037664414467824,-0.0794796887471726,0.04932366171207481,0.0,0.0,0.0,0.0
11454000000,3242,11454000000,map,-0.3284702974583227,0.2417398025290537,-0.32305202992849696,0.0,0.0,0.0,0.0
11457000000,3243,11456000000,map,-0.1894289322228037,0.01663089899084269,-0.2251190161694685,0.0,0.0,0.0,0.0
11459000000,3244,11459000000,map,0.2738392146172256,-0.05599286659457359,0.09184648693651021,0.0,0.0,0.0,0.0
11460000000,3245,11460000000,map,0.2715958996736293,-0.2535365601751776,0.021995600555504702,0.0,0.0,0.0,0.0
11462000000,3246,11462000000,map,-0.3964829327272756,0.2890464420720541,0.19793234758063327,0.0,0.0,0.0,0.0
11464000000,3247,11464000000,map,0.3817897175369319,-0.23835694534058474,0.0901195654747603,0.0,0.0,0.0,0.0
11466000000,3248,11466000000,map,-0.3625438514971092,-0.33802424600805664,0.3603494570147713,0.0,0.0,0.0,0.0
11468000000,3249,11468000000,map,-0.26727332215458766,0.30966533551965125,-0.21558452866240743,0.0,0.0,0.0,0.0
11470000000,3250,11470000000,map,-0.02571402785315552,0.03558589640034093,-0.17534343471823588,0.0,0.0,0.0,0.0
11472000000,3251,11472000000,map,0.08479108016192544,0.24736612886475273,0.3690585289257651,0.0,0.0,0.0,0.0
11474000000,3252,11474000000,map,0.10401918658446385,0.3910828371306557,-0.2560021407079235,0.0,0.0,0.0,0.0
11476000000,3253,11476000000,map,-0.008831812929917249,-0.3799952748923563,0.25310503524328865,0.0,0.0,0.0,0.0
11478000000,3254,11478000000,map,-0.07377717579750803,-0.04257316587448329,0.07658425606635999,0.0,0.0,0.0,0.0
11480000000,3255,11480000000,map,0.2501666077036968,-0.3223691821983321,-0.04179991526684884,0.0,0.0,0.0,0.0
11482000000,3256,11482000000,map,-0.20088960863895156,-0.018087402311882272,0.12811690740219384,0.0,0.0,0.0,0.0
11484000000,3257,11484000000,map,-0.04381270640180546,-0.15321303928035568,-0.15739791041713203,0.0,0.0,0.0,0.0
11486000000,3258,11486000000,map,-0.08288362738420568,-0.011596739080341645,0.1704370244422473,0.0,0.0,0.0,0.0
11488000000,3259,11488000000,map,0.11539668872801179,0.18228198279982166,-0.24332145076246886,0.0,0.0,0.0,0.0
11490000000,3260,11490000000,map,0.2776524195777974,-0.3154713779058581,-0.2366969433769747,0.0,0.0,0.0,0.0
11492000000,3261,11492000000,map,-0.02458351397626296,-0.3756265815016724,0.11453358967066107,0.0,0.0,0.0,0.0
11494000000,3262,11494000000,map,0.23326583664441058,-0.3653211880119658,-0.08722167962818311,0.0,0.0,0.0,0.0
11496000000,3263,11496000000,map,-0.12810170520582875,0.2058632722135164,-0.1411330857450061,0.0,0.0,0.0,0.0
11498000000,3264,11498000000,map,0.16723726086440016,0.23625069445397284,-0.3169913521160682,0.0,0.0,0.0,0.0
11500000000,3265,11500000000,map,0.3189910972333396,-0.0746766599597759,-0.030597516465015295,0.0,0.0,0.0,0.0
11502000000,3266,11502000000,map,-0.07143946235491316,-0.09137910568406515,-0.18373845062919708,0.0,0.0,0.0,0.0
11504000000,3267,11504000000,map,0.18954413159065187,0.28615413041968807,-0.14876304160883574,0.0,0.0,0.0,0.0
11506000000,3268,11506000000,map,0.3350649763496537,-0.39704653168972565,0.04407426987939589,0.0,0.0,0.0,0.0
11508000000,3269,11508000000,map,-0.38592164713754173,-0.08786588066239481,-0.06044753134410835,0.0,0.0,0.0,0.0
11510000000,3270,11510000000,map,0.24920235985653683,0.030709047340356677,0.07774325239069657,0.0,0.0,0.0,0.0
11512000000,3271,11512000000,map,-0.3071870543098725,0.37994401118853494,-0.08357972332486763,0.0,0.0,0.0,0.0
11514000000,3272,11514000000,map,-0.08145063394566171,-0.2731225650665139,0.0625729501989688,0.0,0.0,0.0,0.0
11516000000,3273,11516000000,map,0.2575934510722967,0.32757024788246936,-0.23923747714006197,0.0,0.0,0.0,0.0
11518000000,3274,11518000000,map,-0.1345656458605724,0.1642143061433139,-0.10469598384300371,0.0,0.0,0.0,0.0
11520000000,3275,11520000000,map,-0.11150600439795588,0.36471470999438427,0.07023040258015606,0.0,0.0,0.0,0.0
11522000000,3276,11522000000,map,0.2605515885645774,0.2253007140064368,0.2851318841196434,0.0,0.0,0.0,0.0
11524000000,3277,11524000000,map,-0.34649342456128585,-0.0607677095322966,0.09988766717902503,0.0,0.0,0.0,0.0
11526000000,3278,11526000000,map,-0.3116317598579062,-0.37601421923035494,-0.34826241260196755,0.0,0.0,0.0,0.0
11528000000,3279,11528000000,map,0.23448828167281632,0.11986068744525169,-0.20201722230982605,0.0,0.0,0.0,0.0
11530000000,3280,11530000000,map,-0.26224821103401325,0.3453697232085229,-0.27438987156068106,0.0,0.0,0.0,0.0
11532000000,3281,11532000000,map,0.3927971241700753,-0.33340395864829064,0.11312487678791006,0.0,0.0,0.0,0.0
11534000000,3282,11534000000,map,-0.34200392982103694,0.27404737108992483,-0.0899369047704422,0.0,0.0,0.0,0.0
11536000000,3283,11536000000,map,0.34147786326017593,-0.19154743338538718,-0.29289871099736065,0.0,0.0,0.0,0.0
11538000000,3284,11538000000,map,-0.3791217791948204,0.07998144925373579,-0.28865623748856223,0.0,0.0,0.0,0.0
11540000000,3285,11540000000,map,-0.3229526618083349,-0.17549440574463782,0.16946151142904042,0.0,0.0,0.0,0.0
11542000000,3286,11542000000,map,-0.1617440411145213,-0.3244049682433673,0.1693902746734538,0.0,0.0,0.0,0.0
11544000000,3287,11544000000,map,0.30641415689402884,0.14775504084725066,0.0821428841726915,0.0,0.0,0.0,0.0
11546000000,3288,11546000000,map,-0.21972020281044258,-0.24744421379362014,-0.2886927091965975,0.0,0.0,0.0,0.0
11548000000,3289,11548000000,map,0.2493053193756365,0.33102214676985475,-0.2595262502343922,0.0,0.0,0.0,0.0
11550000000,3290,11550000000,map,-0.3164233987698604,0.12036735495338247,-0.32582616533136205,0.0,0.0,0.0,0.0
11552000000,3291,11552000000,map,-0.08121536033172483,-0.21100716112806664,-0.12324749307554395,0.0,0.0,0.0,0.0
11554000000,3292,11554000000,map,-0.26188150703175783,0.3295100356824022,-0.33585212267767295,0.0,0.0,0.0,0.0
11556000000,3293,11556000000,map,0.22590310792140478,0.3018231290555944,0.06292057507876098,0.0,0.0,0.0,0.0
11558000000,3294,11558000000,map,0.25492021175962143,0.3991196890711489,0.24716544434287535,0.0,0.0,0.0,0.0
11560000000,3295,11560000000,map,-0.1843487311715986,-0.10019016251087848,0.03463906564963459,0.0,0.0,0.0,0.0
11562000000,3296,11562000000,map,0.03126273657748041,-0.1001281739449355,-0.3269729393242059,0.0,0.0,0.0,0.0
11564000000,3297,11564000000,map,0.1461334457752429,0.2541671295464404,0.07557885113942159,0.0,0.0,0.0,0.0
11566000000,3298,11566000000,map,-0.09256572812378133,0.09953003791388071,-0.2306081298553927,0.0,0.0,0.0,0.0
11568000000,3299,11568000000,map,-0.12276229981762576,0.21889226840446407,0.39424868502939225,0.0,0.0,0.0,0.0
11570000000,3300,11570000000,map,0.23520983189738442,-0.21602078558796672,0.0139179642078342,0.0,0.0,0.0,0.0
11572000000,3301,11572000000,map,0.3033143217558395,0.339365803395448,-0.36485235552290346,0.0,0.0,0.0,0.0
11574000000,3302,11574000000,map,0.06390835421543917,-0.3345457901777846,0.3653492510249322,0.0,0.0,0.0,0.0
11576000000,3303,11576000000,map,0.35407889169298146,-0.3793926940424421,-0.34429630720405324,0.0,0.0,0.0,0.0
11578000000,3304,11578000000,map,0.22489884405112537,-0.10434997901686172,0.3727952811896422,0.0,0.0,0.0,0.0
11580000000,3305,11580000000,map,-0.04714439579704488,-0.3115729908588032,-0.21958108690901665,0.0,0.0,0.0,0.0
11582000000,3306,11582000000,map,-0.06727167781089055,-0.3659117394453072,0.38423867168657133,0.0,0.0,0.0,0.0
11584000000,3307,11584000000,map,-0.2210530797101835,-0.14517113468761117,0.17786416720494624,0.0,0.0,0.0,0.0
11586000000,3308,11586000000,map,-0.2277569525403229,0.12752130691702868,0.18054499329803264,0.0,0.0,0.0,0.0
11588000000,3309,11588000000,map,0.39378828564920365,0.10232494811745685,-0.13114278719616895,0.0,0.0,0.0,0.0
11590000000,3310,11590000000,map,0.26578925398923303,-0.1735252940670883,-0.266478433208975,0.0,0.0,0.0,0.0
11592000000,3311,11592000000,map,-0.030458389790858187,-0.2413998512348997,-0.04234684263087596,0.0,0.0,0.0,0.0
11594000000,3312,11594000000,map,0.0879722366375349,-0.11923171962973683,-0.26621749941203154,0.0,0.0,0.0,0.0
11596000000,3313,11596000000,map,0.3867641209178311,-0.2612014966970403,-0.15029543882585364,0.0,0.0,0.0,0.0
11598000000,3314,11598000000,map,-0.23357487206998712,-0.030367955152934056,0.04327431520754965,0.0,0.0,0.0,0.0
11600000000,3315,11600000000,map,0.054774892300165245,-0.14743856564397068,0.22326319155196062,0.0,0.0,0.0,0.0
11603000000,3316,11602000000,map,-0.35473860799717627,-0.391755985437738,-0.39034243670075763,0.0,0.0,0.0,0.0
11604000000,3317,11604000000,map,-0.2868170651380316,0.057599642215186875,-0.0639744416002046,0.0,0.0,0.0,0.0
11606000000,3318,11606000000,map,-0.08543080795446606,-0.3427221528849862,0.35060864990518237,0.0,0.0,0.0,0.0
11608000000,3319,11608000000,map,0.1426997762277099,-0.2908882683442484,0.02902429097012238,0.0,0.0,0.0,0.0
11610000000,3320,11610000000,map,-0.35612496882378397,-0.3954614632994103,0.1971755344169911,0.0,0.0,0.0,0.0
11612000000,3321,11612000000,map,0.2888597086088448,0.08465700731002385,0.2614512489021882,0.0,0.0,0.0,0.0
11614000000,3322,11614000000,map,0.1321841505496365,-0.3930151041344974,-0.27264900406141757,0.0,0.0,0.0,0.0
11616000000,3323,11616000000,map,0.33579804853188333,-0.3416601309836993,-0.11469389285732229,0.0,0.0,0.0,0.0
11618000000,3324,11618000000,map,-0.23104089771360414,0.09488842004768872,-0.06976783231722017,0.0,0.0,0.0,0.0
11620000000,3325,11620000000,map,-0.229965199688863,-0.3125493748537357,-0.180005660443643,0.0,0.0,0.0,0.0
11622000000,3326,11622000000,map,-0.37725988994934256,0.09831629404425374,-0.22599602326629264,0.0,0.0,0.0,0.0
11624000000,3327,11624000000,map,0.022591610708573906,0.18037889184176792,0.3643164765286525,0.0,0.0,0.0,0.0
11626000000,3328,11626000000,map,-0.13165526766319918,-0.06839809582710266,-0.14669096534590798,0.0,0.0,0.0,0.0
11628000000,3329,11628000000,map,0.360572734810921,-0.13932592247449216,-0.1437572619585502,0.0,0.0,0.0,0.0
11630000000,3330,11630000000,map,-0.08742821312918425,0.14471404154394651,0.23819364074485228,0.0,0.0,0.0,0.0
11632000000,3331,11632000000,map,0.12771392400145687,0.22007725570269399,0.369345272685056,0.0,0.0,0.0,0.0
11635000000,3332,11635000000,map,0.3328608645513985,-0.34589058468843653,-0.3731923221989322,0.0,0.0,0.0,0.0
11637000000,3333,11637000000,map,-0.11958387911702134,-0.2930926143195235,0.1578808383807334,0.0,0.0,0.0,0.0
11639000000,3334,11638000000,map,-0.10216212500021682,0.19315744141456326,-0.2652873732072586,0.0,0.0,0.0,0.0
11640000000,3335,11640000000,map,-0.1803885314759243,0.26498804677390186,0.2953928513275813,0.0,0.0,0.0,0.0
11642000000,3336,11642000000,map,-0.2844789843290723,-0.36361245392851965,0.3781641176386249,0.0,0.0,0.0,0.0
11644000000,3337,11644000000,map,0.09031525435699794,0.3129125763175109,-0.07091698162150362,0.0,0.0,0.0,0.0
11646000000,3338,11646000000,map,-0.04282385636667685,-0.3114614965487714,0.36871992623092953,0.0,0.0,0.0,0.0
11648000000,3339,11648000000,map,0.2001556868561053,-0.020446508490406412,-0.04441965135209652,0.0,0.0,0.0,0.0
11650000000,3340,11650000000,map,-0.01656239730108955,0.09750019020394146,-0.0016684154507541349,0.0,0.0,0.0,0.0
11652000000,3341,11652000000,map,0.32161350982964665,0.388037815513709,-0.24770183577287452,0.0,0.0,0.0,0.0
11654000000,3342,11654000000,map,0.23662283903315418,-0.1531337753117888,0.38068718035646887,0.0,0.0,0.0,0.0
11656000000,3343,11656000000,map,-0.3287256872825438,-0.2608637906370709,-0.10317760844140361,0.0,0.0,0.0,0.0
11658000000,3344,11658000000,map,-0.22961322054001032,0.18221081527996008,-0.2796990299407876,0.0,0.0,0.0,0.0
11660000000,3345,11660000000,map,-0.32066969190847633,0.1607129911548255,0.33725513492520165,0.0,0.0,0.0,0.0
11662000000,3346,11662000000,map,-0.19823241098851732,0.29278463208133243,0.0386746744685344,0.0,0.0,0.0,0.0
11664000000,3347,11664000000,map,0.02888053793497447,-0.29809690729462573,-0.13612337448774497,0.0,0.0,0.0,0.0
11666000000,3348,11666000000,map,-0.055735090329481374,-0.271937452820899,0.337284436376718,0.0,0.0,0.0,0.0
11669000000,3349,11668000000,map,-0.26680170597524844,-0.11587783308577854,-0.2585520575807577,0.0,0.0,0.0,0.0
11670000000,3350,11670000000,map,-0.10703348022077075,0.29513240547459496,0.3580568656934483,0.0,0.0,0.0,0.0
11672000000,3351,11672000000,map,0.016831509819745905,-0.06482103069772249,-0.20423587496394832,0.0,0.0,0.0,0.0
11674000000,3352,11674000000,map,0.18639479203306308,0.10835877569326591,0.14637550802509425,0.0,0.0,0.0,0.0
11676000000,3353,11676000000,map,-0.125535139134125,0.2838421766647512,-0.19040500480136624,0.0,0.0,0.0,0.0
11678000000,3354,11678000000,map,-0.15206014740310586,0.1080624116125698,-0.1815445830273751,0.0,0.0,0.0,0.0
11680000000,3355,11680000000,map,0.08808785648626644,-0.36175828734402743,0.3795857836431792,0.0,0.0,0.0,0.0
11682000000,3356,11682000000,map,-0.10069899842812652,0.14363314993687248,0.30965726194383547,0.0,0.0,0.0,0.0
11684000000,3357,11684000000,map,-0.1275936968090407,-0.15484916754430134,-0.37635848535892097,0.0,0.0,0.0,0.0
11686000000,3358,11686000000,map,0.10509726616287485,-0.1177461383620998,0.15652286617874567,0.0,0.0,0.0,0.0
11688000000,3359,11688000000,map,-0.19123932499528748,0.3145209813003107,-0.26837667218848094,0.0,0.0,0.0,0.0
11690000000,3360,11690000000,map,0.35493892444653474,-0.39256390346279946,-0.3034169693037937,0.0,0.0,0.0,0.0
11692000000,3361,11692000000,map,0.29444277719196366,-0.32634046655811805,-0.03801439681388097,0.0,0.0,0.0,0.0
11694000000,3362,11694000000,map,0.3333450406269477,0.31372488553950617,0.33764790512494025,0.0,0.0,0.0,0.0
11696000000,3363,11696000000,map,0.021117765772393327,0.03913364937218827,-0.20267055544800616,0.0,0.0,0.0,0.0
11698000000,3364,11698000000,map,-0.019165500401152946,-0.17193395727873637,0.25042672341343886,0.0,0.0,0.0,0.0
11700000000,3365,11700000000,map,0.1399744088657361,0.16699632752060756,0.3757339052111982,0.0,0.0,0.0,0.0
11702000000,3366,11702000000,map,0.13586835279685405,0.2091696003866873,0.20865947468199664,0.0,0.0,0.0,0.0
11705000000,3367,11705000000,map,0.16402726710150106,0.09715128577772125,-0.2048057843386497,0.0,0.0,0.0,0.0
11706000000,3368,11706000000,map,-0.029714948463001656,-0.13466331745924337,-0.16792252140478295,0.0,0.0,0.0,0.0
11709000000,3369,11708000000,map,-0.2833475292257454,-0.25586486495349636,0.35731611867844726,0.0,0.0,0.0,0.0
11710000000,3370,11710000000,map,-0.368246458824917,-0.39850396849359976,-0.14859668843161888,0.0,0.0,0.0,0.0
11712000000,3371,11712000000,map,-0.12799384004680892,0.016162423705411988,-0.0007918070488295292,0.0,0.0,0.0,0.0
11714000000,3372,11714000000,map,0.2722107131931869,-0.27582847692267876,-0.09086863549814145,0.0,0.0,0.0,0.0
11716000000,3373,11716000000,map,-0.1363669932856018,-0.2617996588274931,-0.15727421125866203,0.0,0.0,0.0,0.0
11719000000,3374,11718000000,map,0.04432802084647153,0.1934718028618001,-0.3966056744332593,0.0,0.0,0.0,0.0
11720000000,3375,11720000000,map,0.14140549438981087,-0.08906499956686142,-0.17981313148964284,0.0,0.0,0.0,0.0
11722000000,3376,11722000000,map,-0.38228152788970954,0.09091576039031468,0.15698515471120422,0.0,0.0,0.0,0.0
11725000000,3377,11725000000,map,0.2041213896871824,-0.09694370989190793,0.06278163457982877,0.0,0.0,0.0,0.0
11726000000,3378,11726000000,map,0.15282572517056892,0.27878499356868036,0.19686192984352902,0.0,0.0,0.0,0.0
11728000000,3379,11728000000,map,-0.2780483491551846,0.3919300562634972,-0.15270127261781702,0.0,0.0,0.0,0.0
11730000000,3380,11730000000,map,0.2818842096050508,-0.32287359956982553,-0.015707992269813897,0.0,0.0,0.0,0.0
11732000000,3381,11732000000,map,0.14911445439926574,0.3648436189653679,0.36445460149122155,0.0,0.0,0.0,0.0
11734000000,3382,11734000000,map,0.17616719441518258,0.23931810680122578,0.0019501639939435433,0.0,0.0,0.0,0.0
11736000000,3383,11736000000,map,0.15828035367645243,-0.34146381913768475,-0.2894432130115422,0.0,0.0,0.0,0.0
11738000000,3384,11738000000,map,-0.05430481009086857,-0.02718832285086692,0.33395473066270187,0.0,0.0,0.0,0.0
11740000000,3385,11740000000,map,-0.14929491391473187,0.2414255774871682,-0.010269474554431557,0.0,0.0,0.0,0.0
11742000000,3386,11742000000,map,-0.033286313151657976,0.2961359939676703,0.25432292569551684,0.0,0.0,0.0,0.0
11744000000,3387,11744000000,map,0.09253848842343926,-0.33361201289673603,-0.11101223312610287,0.0,0.0,0.0,0.0
11746000000,3388,11746000000,map,0.3745060641375303,-0.26653384590147244,0.08709142651733492,0.0,0.0,0.0,0.0
11748000000,3389,11748000000,map,-0.22978631676924513,-0.06896062329652641,0.12585203948496215,0.0,0.0,0.0,0.0
11750000000,3390,11750000000,map,-0.16686486199636008,0.08646241229847512,-0.26499735896666654,0.0,0.0,0.0,0.0
11752000000,3391,11752000000,map,-0.23126282758031033,-0.10968838740811421,0.13281961853103064,0.0,0.0,0.0,0.0
11754000000,3392,11754000000,map,-0.13936039224285807,0.02194573994046839,-0.14168402491990734,0.0,0.0,0.0,0.0
11756000000,3393,11756000000,map,-0.35675643874316576,0.29708031928892087,-0.09295245989216594,0.0,0.0,0.0,0.0
11758000000,3394,11758000000,map,0.20651680744069834,-0.2572116758052142,-0.11880351327710803,0.0,0.0,0.0,0.0
11760000000,3395,11760000000,map,-0.024922105566734354,-0.38972148432908715,-0.19147633937983347,0.0,0.0,0.0,0.0
11762000000,3396,11762000000,map,-0.12296577604305559,-0.28217816463185424,0.3040633197478949,0.0,0.0,0.0,0.0
11765000000,3397,11764000000,map,-0.252876467241006,0.2832946554847283,0.37586664137060133,0.0,0.0,0.0,0.0
11766000000,3398,11766000000,map,-0.2863252205895152,-0.2998587406667364,0.33875262429549413,0.0,0.0,0.0,0.0
11768000000,3399,11768000000,map,0.07484105825722243,-0.32822496505627174,-0.12482343924622707,0.0,0.0,0.0,0.0
11770000000,3400,11770000000,map,-0.18276499731740206,0.1956095880419888,0.3545214770132722,0.0,0.0,0.0,0.0
11772000000,3401,11772000000,map,0.17209712935244292,-0.39589521605960315,0.3987282165706324,0.0,0.0,0.0,0.0
11774000000,3402,11774000000,map,0.20700843376919476,-0.06695837296864643,-0.22092921130438611,0.0,0.0,0.0,0.0
11776000000,3403,11776000000,map,0.3091479794414864,-0.020798877406834615,-0.2784723829814571,0.0,0.0,0.0,0.0
11778000000,3404,11778000000,map,0.3792083002374964,-0.12205527879293254,0.17092415300599828,0.0,0.0,0.0,0.0
11780000000,3405,11780000000,map,-0.05604486741248654,-0.018175303702970436,-0.3896673185758676,0.0,0.0,0.0,0.0
11782000000,3406,11782000000,map,0.17692177742344006,0.1289586901948866,-0.1299476097409119,0.0,0.0,0.0,0.0
11785000000,3407,11784000000,map,0.24263380410326352,-0.29293289617645535,0.15448090884670573,0.0,0.0,0.0,0.0
11786000000,3408,11786000000,map,0.1418566122015481,-0.21149799788858492,-0.16088310426255978,0.0,0.0,0.0,0.0
11788000000,3409,11788000000,map,0.005449274385729841,-0.2199408188487337,0.3646043405542291,0.0,0.0,0.0,0.0
11790000000,3410,11790000000,map,-0.380243098418253,-0.26693283264179274,-0.29608311334074094,0.0,0.0,0.0,0.0
11792000000,3411,11792000000,map,0.17097716766915183,0.3551934188917516,-0.2748474116425632,0.0,0.0,0.0,0.0
11794000000,3412,11794000000,map,0.25888688388346504,0.09093353846408903,-0.18056509841350468,0.0,0.0,0.0,0.0
11796000000,3413,11796000000,map,0.36673256824736855,0.10604876413274389,-0.12826272975108938,0.0,0.0,0.0,0.0
11798000000,3414,11798000000,map,-0.0034506051855162645,0.3885785031839779,0.2445952278642406,0.0,0.0,0.0,0.0
11800000000,3415,11800000000,map,0.22486586461342584,0.07512816525745691,-0.25204681577598564,0.0,0.0,0.0,0.0
11802000000,3416,11802000000,map,0.20028393579081893,0.13652900729491957,0.023354429707730717,0.0,0.0,0.0,0.0
11804000000,3417,11804000000,map,0.11722817006094854,-0.36457913681008786,-0.3062994659739978,0.0,0.0,0.0,0.0
11806000000,3418,11806000000,map,-0.04970550262310636,0.15564600982365862,-0.02766267796390931,0.0,0.0,0.0,0.0
11808000000,3419,11808000000,map,-0.023764862821178956,0.28104409360947313,-0.010595069721883121,0.0,0.0,0.0,0.0
11810000000,3420,11810000000,map,0.06204754193941858,0.19180205623252333,0.18406594606572868,0.0,0.0,0.0,0.0
11812000000,3421,11812000000,map,-0.29537164715850417,-0.20180708879279627,-0.30253183284152196,0.0,0.0,0.0,0.0
11814000000,3422,11814000000,map,-0.13669927925258735,-0.12749221473388034,0.2926933078138527,0.0,0.0,0.0,0.0
11816000000,3423,11816000000,map,-0.28638147345753334,0.07774581595036328,0.16989742651839723,0.0,0.0,0.0,0.0
11818000000,3424,11818000000,map,0.1272075216348708,0.004286578610488145,-0.326719526932695,0.0,0.0,0.0,0.0
11820000000,3425,11820000000,map,-0.1378106312925202,-0.3754502335961345,0.024611412289798296,0.0,0.0,0.0,0.0
11822000000,3426,11822000000,map,0.31184164020328675,-0.2569401528779819,-0.06833648292468542,0.0,0.0,0.0,0.0
11824000000,3427,11824000000,map,0.26685919800604563,-0.08844529417238123,-0.2117762142898407,0.0,0.0,0.0,0.0
11826000000,3428,11826000000,map,0.20742924738888824,-0.03868740534149395,-0.2492194880237405,0.0,0.0,0.0,0.0
11828000000,3429,11828000000,map,-0.1383407260066144,-0.2071970814027923,-0.3244958960447536,0.0,0.0,0.0,0.0
11830000000,3430,11830000000,map,0.03375094337531098,-0.14372455643857485,0.1319515074303017,0.0,0.0,0.0,0.0
11832000000,3431,11832000000,map,-0.3521463139402463,-0.2835272982686997,-0.1827378435351515,0.0,0.0,0.0,0.0
11834000000,3432,11834000000,map,-0.23188024365671753,-0.3621963247452446,-0.1803768155796242,0.0,0.0,0.0,0.0
11836000000,3433,11836000000,map,-0.17011097432802957,-0.12168259314153557,0.018410389757020973,0.0,0.0,0.0,0.0
11838000000,3434,11838000000,map,0.39499663943264085,-0.3474563081628063,-0.0471965761533118,0.0,0.0,0.0,0.0
11840000000,3435,11840000000,map,-0.20182290129728567,-0.21485740387946817,-0.104180385063601,0.0,0.0,0.0,0.0
11842000000,3436,11842000000,map,-0.12455218957880687,0.0583682787746288,-0.3432422913923411,0.0,0.0,0.0,0.0
11844000000,3437,11844000000,map,-0.12839494686831537,0.351044823660016,-0.36723551634111984,0.0,0.0,0.0,0.0
11846000000,3438,11846000000,map,-0.2740526202170854,0.31669867442588184,0.01126520329205416,0.0,0.0,0.0,0.0
11848000000,3439,11848000000,map,0.3038137434971879,0.036607969463957946,-0.023061092141797357,0.0,0.0,0.0,0.0
11850000000,3440,11850000000,map,0.14646281149726015,0.09608456890458789,0.099726859808342,0.0,0.0,0.0,0.0
11852000000,3441,11852000000,map,-0.1815541749109412,-0.0009042181080171074,0.23880233404983342,0.0,0.0,0.0,0.0
11854000000,3442,11854000000,map,-0.38194807627964616,-0.13877247716289892,-0.39880601627121215,0.0,0.0,0.0,0.0
11856000000,3443,11856000000,map,-0.1604538719716962,-0.021187336914962385,0.08972705470291042,0.0,0.0,0.0,0.0
11858000000,3444,11858000000,map,0.17000837087704113,-0.32390988832051126,0.05996474562091869,0.0,0.0,0.0,0.0
11860000000,3445,11860000000,map,-0.09398926038530092,0.023523035849173035,0.26689770636228194,0.0,0.0,0.0,0.0
11862000000,3446,11862000000,map,-0.11126143336697941,-0.1023636467426215,0.18629540519723298,0.0,0.0,0.0,0.0
11864000000,3447,11864000000,map,-0.16421676183405914,-0.32887958787217597,-0.29871517808958536,0.0,0.0,0.0,0.0
11866000000,3448,11866000000,map,-0.26226258048444784,-0.049612333010492615,0.37427826343832227,0.0,0.0,0.0,0.0
11868000000,3449,11868000000,map,0.3018645152046714,-0.2981673391732979,-0.2406554276397903,0.0,0.0,0.0,0.0
11870000000,3450,11870000000,map,-0.01437593307056717,0.2918915939195683,0.2936870021048077,0.0,0.0,0.0,0.0
11872000000,3451,11872000000,map,0.32706269520084474,-0.029943978175527908,-0.016881014851744758,0.0,0.0,0.0,0.0
11874000000,3452,11874000000,map,-0.21052689677845837,0.37294548571431707,-0.12457898082229057,0.0,0.0,0.0,0.0
11877000000,3453,11876000000,map,-0.09753316848795401,0.12869473022123112,-0.1642201510878338,0.0,0.0,0.0,0.0
11878000000,3454,11878000000,map,0.3343192405139982,-0.34120590314696214,0.008041119336246627,0.0,0.0,0.0,0.0
11880000000,3455,11880000000,map,-0.03030848089322935,-0.22675447513867222,-0.366166930185527,0.0,0.0,0.0,0.0
11882000000,3456,11882000000,map,-0.02775066035709267,0.3549181020211988,0.17442124829269656,0.0,0.0,0.0,0.0
11884000000,3457,11884000000,map,0.2043489327895368,0.18171096684554222,-0.27062652977921187,0.0,0.0,0.0,0.0
11886000000,3458,11886000000,map,0.034227218502707824,0.07741660592826688,0.09603389938686802,0.0,0.0,0.0,0.0
11888000000,3459,11888000000,map,0.09692556531277513,0.11795895638635445,0.24689565843061,0.0,0.0,0.0,0.0
11890000000,3460,11890000000,map,0.2352411607262619,-0.07746002957864578,0.033486131967056576,0.0,0.0,0.0,0.0
11892000000,3461,11892000000,map,-0.32260960749589235,-0.20796027649743754,-0.17910209101621055,0.0,0.0,0.0,0.0
11894000000,3462,11894000000,map,-0.2207821185066949,-0.22684171631883923,-0.17957319995616997,0.0,0.0,0.0,0.0
11896000000,3463,11896000000,map,-0.29196304172681303,0.3679433654544,-0.1350379473873891,0.0,0.0,0.0,0.0
11898000000,3464,11898000000,map,0.007289901142943478,0.1461742305019157,0.042079284432146924,0.0,0.0,0.0,0.0
11900000000,3465,11900000000,map,0.35412503545797724,-0.10697306917548699,-0.3392349050679724,0.0,0.0,0.0,0.0
11903000000,3466,11903000000,map,0.2838763035573082,0.002979010179727848,0.25834693078256254,0.0,0.0,0.0,0.0
11904000000,3467,11904000000,map,0.3152384701308588,0.21525304540937806,-0.15081669953973834,0.0,0.0,0.0,0.0
11906000000,3468,11906000000,map,0.1986441109752184,0.11119937232639576,-0.04184422725222797,0.0,0.0,0.0,0.0
11908000000,3469,11908000000,map,0.05628894852803168,0.3344696764797901,-0.2804998709670216,0.0,0.0,0.0,0.0
11910000000,3470,11910000000,map,-0.30559982838117833,-0.04544161504744648,0.13884817347974077,0.0,0.0,0.0,0.0
11911000000,3471,11912000000,map,0.3715055358239574,-0.37366236288252674,0.12835798613267324,0.0,0.0,0.0,0.0
11915000000,3472,11914000000,map,-0.21166315376500103,0.005474857677516987,0.02137891336832931,0.0,0.0,0.0,0.0
11916000000,3473,11916000000,map,0.34864733725387553,0.38983088014216083,0.3423087040440429,0.0,0.0,0.0,0.0
11918000000,3474,11918000000,map,-0.21195650740953975,0.012829873802505276,-0.06853608605936656,0.0,0.0,0.0,0.0
11920000000,3475,11920000000,map,-0.3167240989206336,-0.03919400736019413,-0.1896480604415135,0.0,0.0,0.0,0.0
11922000000,3476,11922000000,map,-0.12238067062078573,0.08098197103672639,-0.3390925382973758,0.0,0.0,0.0,0.0
11924000000,3477,11924000000,map,0.38697772756358495,0.2507791572788828,0.25109317235655515,0.0,0.0,0.0,0.0
11926000000,3478,11926000000,map,0.12884224714328085,0.3693441618668043,0.13266148905760344,0.0,0.0,0.0,0.0
11928000000,3479,11928000000,map,-0.2989148595673514,0.21194026756775897,0.2213607479667229,0.0,0.0,0.0,0.0
11930000000,3480,11930000000,map,0.28053518787937326,0.3530541622802388,0.18149373435503646,0.0,0.0,0.0,0.0
11932000000,3481,11932000000,map,0.2672671227663357,-0.3214190377729925,0.09490818293923686,0.0,0.0,0.0,0.0
11934000000,3482,11934000000,map,-0.2921086692409546,-0.15721788861390237,0.20885652201314753,0.0,0.0,0.0,0.0
11936000000,3483,11936000000,map,-0.3962503942098701,-0.12114072722134134,0.13483151170036178,0.0,0.0,0.0,0.0
11938000000,3484,11938000000,map,-0.20989757873744763,-0.2970167611550924,0.1751243192185471,0.0,0.0,0.0,0.0
11940000000,3485,11940000000,map,0.005776212285776239,-0.10354013525726768,0.11118209531401813,0.0,0.0,0.0,0.0
11942000000,3486,11942000000,map,-0.15909826744633349,-0.25796427580667636,-0.3454831252496074,0.0,0.0,0.0,0.0
11944000000,3487,11944000000,map,-0.37107940199562744,-0.09014041968072367,-0.0983149246795294,0.0,0.0,0.0,0.0
11946000000,3488,11946000000,map,0.30389051039617887,0.05442221896697241,0.1491001795343181,0.0,0.0,0.0,0.0
11948000000,3489,11948000000,map,0.0619126609513353,-0.3129738219950406,0.38672422144594376,0.0,0.0,0.0,0.0
11950000000,3490,11950000000,map,0.06567262534451929,0.3204064499295617,-0.25860160931641596,0.0,0.0,0.0,0.0
11953000000,3491,11952000000,map,0.22130086534240612,-0.28555357951358246,0.27026824595070975,0.0,0.0,0.0,0.0
11954000000,3492,11954000000,map,-0.15643862217893265,-0.25601752417367535,0.09405730129240719,0.0,0.0,0.0,0.0
11957000000,3493,11956000000,map,0.2995585270035065,0.19806524011427473,0.02184092313798003,0.0,0.0,0.0,0.0
11958000000,3494,11958000000,map,0.13937292404533042,-0.17977823467689863,0.31573296952236984,0.0,0.0,0.0,0.0
11960000000,3495,11960000000,map,-0.30514493064890347,-0.34879936753769386,-0.16680021398443717,0.0,0.0,0.0,0.0
11962000000,3496,11962000000,map,0.12402037251568787,0.09016338541054048,-0.02293794034197394,0.0,0.0,0.0,0.0
11964000000,3497,11964000000,map,0.39708295259540793,0.3477789133669308,-0.3195625975995672,0.0,0.0,0.0,0.0
11966000000,3498,11966000000,map,-0.17354043986630516,-0.04235755767100613,0.032002931826921543,0.0,0.0,0.0,0.0
11968000000,3499,11968000000,map,-0.3769372746880397,0.12630312605117233,0.3616716427450485,0.0,0.0,0.0,0.0
11971000000,3500,11970000000,map,0.33550014943287976,-0.27512115262764064,0.2842901167099122,0.0,0.0,0.0,0.0
11972000000,3501,11972000000,map,-0.03508287922512632,0.12799037507387578,-0.10001856145504806,0.0,0.0,0.0,0.0
11975000000,3502,11974000000,map,0.2960529623948601,-0.19030659640357134,0.20799286231649228,0.0,0.0,0.0,0.0
11976000000,3503,11976000000,map,-0.2600548649497121,-0.2212199973091545,-0.007922542180119563,0.0,0.0,0.0,0.0
11978000000,3504,11978000000,map,-0.20533508149918678,-0.009641011615086126,0.30713206923376457,0.0,0.0,0.0,0.0
11980000000,3505,11980000000,map,-0.17082666751223896,-0.33246053276005283,0.16608458655743086,0.0,0.0,0.0,0.0
11982000000,3506,11982000000,map,0.3075082527040687,0.3018952119057482,0.24057452050460992,0.0,0.0,0.0,0.0
11984000000,3507,11984000000,map,0.39569623001374266,0.1283027795578321,-0.0035795845004124027,0.0,0.0,0.0,0.0
11987000000,3508,11986000000,map,-0.07939067004290334,0.2516138622710181,-0.3029820560216694,0.0,0.0,0.0,0.0
11988000000,3509,11988000000,map,0.1933381028279293,0.06260223806202764,0.14696356947888478,0.0,0.0,0.0,0.0
11990000000,3510,11990000000,map,-0.29811426683031095,0.3349219615227671,0.02268501006145157,0.0,0.0,0.0,0.0
11992000000,3511,11992000000,map,-0.008286893852438415,-0.33205198595045404,0.23959522628100538,0.0,0.0,0.0,0.0
11994000000,3512,11994000000,map,0.08161220399728791,-0.07619487668881375,0.18055926317984983,0.0,0.0,0.0,0.0
11996000000,3513,11996000000,map,0.3706806566639229,0.2336121023494918,-0.019640461041648738,0.0,0.0,0.0,0.0
11998000000,3514,11998000000,map,-0.24690897163361314,0.17120616131823707,0.1358088565859068,0.0,0.0,0.0,0.0
12000000000,3515,12000000000,map,-0.13773218315952812,0.0116647258286518,0.2651819921145432,0.0,0.0,0.0,0.0
12002000000,3516,12002000000,map,0.3062322024055184,0.3960241400860819,0.04775976705028162,0.0,0.0,0.0,0.0
12004000000,3517,12004000000,map,0.0931287330635559,0.23680788055509505,-0.12613396457449716,0.0,0.0,0.0,0.0
12006000000,3518,12006000000,map,-0.2694702166837427,-0.034511738943385606,0.0012374132332910182,0.0,0.0,0.0,0.0
12008000000,3519,12008000000,map,0.3469089062019902,0.33873612121697616,-0.15641745522914952,0.0,0.0,0.0,0.0
12010000000,3520,12010000000,map,-0.22241345843124005,-0.22637994681450266,-0.03413594112172341,0.0,0.0,0.0,0.0
12012000000,3521,12012000000,map,-0.22942290314831804,0.06957876958063985,-0.18655303857679217,0.0,0.0,0.0,0.0
12014000000,3522,12014000000,map,-0.3367608000624247,-0.1276167313601418,-0.029292886164207554,0.0,0.0,0.0,0.0
12016000000,3523,12016000000,map,-0.3760949457884027,-0.1722843521432057,0.2283233478527933,0.0,0.0,0.0,0.0
12018000000,3524,12018000000,map,0.13534773691620294,-0.39878771448281947,0.04946406127524672,0.0,0.0,0.0,0.0
12020000000,3525,12020000000,map,0.14503339403640914,0.10717637388145185,-0.16172845920247672,0.0,0.0,0.0,0.0
12022000000,3526,12022000000,map,0.008967324475989968,-0.14339226621311507,0.19162707905401888,0.0,0.0,0.0,0.0
12024000000,3527,12024000000,map,0.32262394039919096,0.3358133213426928,0.18829173711120184,0.0,0.0,0.0,0.0
12026000000,3528,12026000000,map,0.04157742928143787,0.23278785515352396,-0.09955943023916125,0.0,0.0,0.0,0.0
12028000000,3529,12028000000,map,-0.38721564343991577,0.30989301790684165,-0.17862691235058625,0.0,0.0,0.0,0.0
12030000000,3530,12030000000,map,-0.38323386025442746,0.3072090299934046,-0.031796064109201494,0.0,0.0,0.0,0.0
12032000000,3531,12032000000,map,0.025161012934883875,0.34997525701934573,0.26265341445095547,0.0,0.0,0.0,0.0
12034000000,3532,12034000000,map,0.3949456748672965,0.20357261107073998,0.18804696257053877,0.0,0.0,0.0,0.0
12036000000,3533,12036000000,map,-0.2608173505985121,0.20101635871391677,0.023233494223775852,0.0,0.0,0.0,0.0
12038000000,3534,12038000000,map,0.22905536873235854,0.3236433625058268,-0.03401024842535716,0.0,0.0,0.0,0.0
12040000000,3535,12040000000,map,0.13396748007123294,-0.19400078730333625,0.3263437267133089,0.0,0.0,0.0,0.0
12042000000,3536,12042000000,map,0.30591007278267435,-0.36685986101681234,0.08655342337667643,0.0,0.0,0.0,0.0
12044000000,3537,12044000000,map,-0.25249695081253926,-0.2642182405560598,-0.16429197326241418,0.0,0.0,0.0,0.0
12046000000,3538,12046000000,map,-0.330254360100701,-0.31734993560124175,-0.18854374978147562,0.0,0.0,0.0,0.0
12048000000,3539,12048000000,map,0.23914213945939233,-0.29589813318632163,0.16618139406296872,0.0,0.0,0.0,0.0
12050000000,3540,12050000000,map,0.3203110369703478,-0.18390401534494938,-0.2968973448110023,0.0,0.0,0.0,0.0
12052000000,3541,12052000000,map,-0.06347369441656958,-0.31923390502463433,0.20165119974477486,0.0,0.0,0.0,0.0
12054000000,3542,12054000000,map,-0.26174770863803287,-0.23721300814626045,0.344892975700716,0.0,0.0,0.0,0.0
12056000000,3543,12056000000,map,-0.23819466231071384,-0.05131915230509965,0.3422320744198555,0.0,0.0,0.0,0.0
12058000000,3544,12058000000,map,0.3382940706462819,-0.32610686664396843,0.35991844784285787,0.0,0.0,0.0,0.0
12060000000,3545,12060000000,map,-0.15761402952640047,-0.11850431385754878,0.30420051373925894,0.0,0.0,0.0,0.0
12062000000,3546,12062000000,map,0.38600182719317655,0.11456038573947702,0.28382363644151387,0.0,0.0,0.0,0.0
12064000000,3547,12064000000,map,-0.01691881926419697,-0.329402124956999,0.33112718481636716,0.0,0.0,0.0,0.0
12066000000,3548,12066000000,map,0.37114054046863865,0.27950541652634864,-0.08870258930884367,0.0,0.0,0.0,0.0
12068000000,3549,12068000000,map,0.002190340771252519,0.3330779027426439,0.20918514627500995,0.0,0.0,0.0,0.0
12070000000,3550,12070000000,map,-0.14311925153502225,0.22665469580590314,0.3229417454627951,0.0,0.0,0.0,0.0
12072000000,3551,12072000000,map,-0.09756777865607535,0.03454317344442098,0.28639988833944485,0.0,0.0,0.0,0.0
12074000000,3552,12074000000,map,0.314149749281186,0.339037568659298,0.1460553607268945,0.0,0.0,0.0,0.0
12076000000,3553,12076000000,map,-0.16448585045025996,0.31102223523231787,-0.24492159997021823,0.0,0.0,0.0,0.0
12078000000,3554,12078000000,map,0.0996643256118393,-0.1905696247712371,0.3120931098908766,0.0,0.0,0.0,0.0
12080000000,3555,12080000000,map,-0.29402773911639624,-0.21362792432775607,-0.3975521629075621,0.0,0.0,0.0,0.0
12082000000,3556,12082000000,map,0.2362221181843941,-0.31667739969329056,0.09304746936538255,0.0,0.0,0.0,0.0
12084000000,3557,12084000000,map,0.12223069465884662,0.271037485812366,-0.2402271249609081,0.0,0.0,0.0,0.0
12086000000,3558,12086000000,map,-0.11104229161416174,-0.0570754871855047,-0.22668966904128376,0.0,0.0,0.0,0.0
12088000000,3559,12088000000,map,-0.1422203336830986,-0.32684058045240894,0.0345616072596453,0.0,0.0,0.0,0.0
12090000000,3560,12090000000,map,0.2870567640431506,0.37833445057335646,-0.2886923463330182,0.0,0.0,0.0,0.0
12092000000,3561,12092000000,map,-0.2909560255106155,0.21709391679996792,0.04518146530913647,0.0,0.0,0.0,0.0
12095000000,3562,12095000000,map,-0.23284501924930076,0.3922522694423697,0.1766095992905996,0.0,0.0,0.0,0.0
12096000000,3563,12096000000,map,0.13271682999878298,-0.32620248818498715,0.2557386691119603,0.0,0.0,0.0,0.0
12099000000,3564,12098000000,map,0.2128326585347987,-0.32909881441356875,0.2638165538602608,0.0,0.0,0.0,0.0
12100000000,3565,12100000000,map,-0.07464508389512248,-0.18260250446067633,-0.2705974703959311,0.0,0.0,0.0,0.0
12102000000,3566,12102000000,map,0.20123276508440335,0.03365423907535209,0.1993594063429932,0.0,0.0,0.0,0.0
12104000000,3567,12104000000,map,0.38819818515418925,0.07246029631581746,-0.20073882135335644,0.0,0.0,0.0,0.0
12106000000,3568,12106000000,map,0.046739670534259925,0.35396359997977533,0.1641722791144824,0.0,0.0,0.0,0.0
12109000000,3569,12109000000,map,-0.03339366070810901,0.27649625895354635,0.10449544307373204,0.0,0.0,0.0,0.0
12111000000,3570,12111000000,map,-0.21343894622089885,0.13089353695039763,-0.24215724908696457,0.0,0.0,0.0,0.0
12113000000,3571,12112000000,map,0.19366155611992286,-0.39032046294964784,-0.33843800007204705,0.0,0.0,0.0,0.0
12114000000,3572,12114000000,map,0.12641817883193496,0.24111229796061528,0.3294517762968977,0.0,0.0,0.0,0.0
12117000000,3573,12117000000,map,0.15326075406526873,0.33221804635141716,-0.009234589102879165,0.0,0.0,0.0,0.0
12118000000,3574,12118000000,map,0.0612879302211084,-0.16291422364707442,-0.19897377289662965,0.0,0.0,0.0,0.0
12121000000,3575,12121000000,map,-0.0034440995283334663,-0.28306465950722115,-0.23374070685480208,0.0,0.0,0.0,0.0
12122000000,3576,12122000000,map,0.10690572988090752,-0.37273518662956306,-0.28259839484403415,0.0,0.0,0.0,0.0
12124000000,3577,12124000000,map,-0.3958506198897525,0.3053416920996369,0.1365621482514724,0.0,0.0,0.0,0.0
12126000000,3578,12126000000,map,-0.2072699775655831,-0.26445565769736046,-0.09297327073332401,0.0,0.0,0.0,0.0
12128000000,3579,12128000000,map,0.11380153336902243,0.10491669087212752,-0.08444427979939673,0.0,0.0,0.0,0.0
12130000000,3580,12130000000,map,-0.3122199481313817,0.21193033988706111,0.0011744660013694452,0.0,0.0,0.0,0.0
12132000000,3581,12132000000,map,0.3231893391077738,-0.35158956793532076,0.004297531017656286,0.0,0.0,0.0,0.0
12134000000,3582,12134000000,map,0.20510264456738925,-0.3504858832948243,-0.24068063465505843,0.0,0.0,0.0,0.0
12136000000,3583,12136000000,map,-0.2827901916963906,0.08035065024169352,0.17021950135340902,0.0,0.0,0.0,0.0
12139000000,3584,12138000000,map,0.0402223790602344,0.3587740146563073,-0.14570171699661938,0.0,0.0,0.0,0.0
12140000000,3585,12140000000,map,0.275475286871425,-0.30895405104380463,-0.043692427042003046,0.0,0.0,0.0,0.0
12142000000,3586,12142000000,map,-0.3364601676735031,-0.30725882641936153,0.2777771102006418,0.0,0.0,0.0,0.0
12144000000,3587,12144000000,map,0.330448239503201,-0.3285770015118756,0.07033088247930425,0.0,0.0,0.0,0.0
12146000000,3588,12146000000,map,0.02866760090051479,0.2701040684630355,0.1939570789953844,0.0,0.0,0.0,0.0
12148000000,3589,12148000000,map,0.2519797159846603,0.22669911121724973,0.08965685142352031,0.0,0.0,0.0,0.0
12150000000,3590,12150000000,map,-0.2402101507104119,0.2326519836851213,-0.1852787152769546,0.0,0.0,0.0,0.0
12152000000,3591,12152000000,map,0.03676522741451721,0.2472571340297034,0.35704742359612307,0.0,0.0,0.0,0.0
12154000000,3592,12154000000,map,0.0174617701948116,0.328407105735537,-0.15696301082629624,0.0,0.0,0.0,0.0
12156000000,3593,12156000000,map,0.18169773320708216,0.07669472733133587,0.19840192645022958,0.0,0.0,0.0,0.0
12158000000,3594,12158000000,map,-0.10415853241336154,0.21106899898982556,-0.07338207045938283,0.0,0.0,0.0,0.0
12160000000,3595,12160000000,map,0.09114626748384663,0.39173599233234035,0.3107956765923726,0.0,0.0,0.0,0.0
12162000000,3596,12162000000,map,0.3266138757650918,-0.06130821455346347,-0.30407661453833035,0.0,0.0,0.0,0.0
12164000000,3597,12164000000,map,0.36906853648633187,0.10333081525048171,0.38794802483698976,0.0,0.0,0.0,0.0
12166000000,3598,12166000000,map,-0.16112139597843697,-0.08407778299606816,-0.2230134332244166,0.0,0.0,0.0,0.0
12168000000,3599,12168000000,map,-0.36449669081161773,-0.38598415638875266,0.12404250575949072,0.0,0.0,0.0,0.0
12170000000,3600,12170000000,map,0.13535510526835837,-0.04592314923964491,-0.2789156688455213,0.0,0.0,0.0,0.0
12173000000,3601,12172000000,map,-0.288526759204014,0.03010655827168529,0.07970453740430966,0.0,0.0,0.0,0.0
12174000000,3602,12174000000,map,0.28350390310815266,-0.08108155343106299,0.0850810534330867,0.0,0.0,0.0,0.0
12176000000,3603,12176000000,map,-0.34402198402687295,0.16991677902621416,-0.25803426630514137,0.0,0.0,0.0,0.0
12179000000,3604,12178000000,map,0.3875066434551292,0.11912897948047296,-0.1486446060926333,0.0,0.0,0.0,0.0
12180000000,3605,12180000000,map,-0.3520101721160688,-0.37162766967570143,-0.28778491182283134,0.0,0.0,0.0,0.0
12182000000,3606,12182000000,map,-0.0030359989999083625,0.2398200212276812,0.06976337271558936,0.0,0.0,0.0,0.0
12184000000,3607,12184000000,map,0.09948850111082874,-0.35476808478993105,-0.09806829737015993,0.0,0.0,0.0,0.0
12186000000,3608,12186000000,map,0.20335615537627605,-0.33546260274171386,0.20000786503575618,0.0,0.0,0.0,0.0
12188000000,3609,12188000000,map,-0.13847400685881595,0.3635038314122985,0.05029504977089677,0.0,0.0,0.0,0.0
12190000000,3610,12190000000,map,0.28072433615736236,0.2862189888136675,-0.15662360288069027,0.0,0.0,0.0,0.0
12192000000,3611,12192000000,map,-0.07481137872383459,-0.2904378613984956,-0.014365150476394861,0.0,0.0,0.0,0.0
12194000000,3612,12194000000,map,-0.26148865374809716,-0.1624231014847355,0.18918074872870494,0.0,0.0,0.0,0.0
12196000000,3613,12196000000,map,-0.1763252196322751,-0.24648453013543803,0.1881183171509161,0.0,0.0,0.0,0.0
12198000000,3614,12198000000,map,-0.18449523537271295,-0.07992102305117099,-0.2600083099568783,0.0,0.0,0.0,0.0
12200000000,3615,12200000000,map,-0.20198113599966916,0.09471888261969508,-0.3386701858747654,0.0,0.0,0.0,0.0
12202000000,3616,12202000000,map,0.36162610815671037,0.28712522875037827,-0.21535084876878685,0.0,0.0,0.0,0.0
12204000000,3617,12204000000,map,0.04026964843442932,-0.24298131895899988,-0.004481062461086427,0.0,0.0,0.0,0.0
12206000000,3618,12206000000,map,0.12361280134576613,-0.2683118284079149,0.31793169091300955,0.0,0.0,0.0,0.0
12208000000,3619,12208000000,map,-0.08718336448117403,0.3734590015353215,-0.1863922890379488,0.0,0.0,0.0,0.0
12210000000,3620,12210000000,map,-0.06568506551156927,-0.025712161718585924,-0.045779613299938515,0.0,0.0,0.0,0.0
12212000000,3621,12212000000,map,0.019053858850303418,-0.19419154286229443,0.21228440180881292,0.0,0.0,0.0,0.0
12214000000,3622,12214000000,map,0.08916955373566643,-0.1176700012026402,0.20353854453643905,0.0,0.0,0.0,0.0
12216000000,3623,12216000000,map,0.025088962058457398,0.39808299888994714,-0.03933716378751301,0.0,0.0,0.0,0.0
12218000000,3624,12218000000,map,0.3966310821864186,0.3427352660491566,0.1153093079343771,0.0,0.0,0.0,0.0
12220000000,3625,12220000000,map,-0.33381470342821734,0.13958564275276797,-0.158298063673398,0.0,0.0,0.0,0.0
12222000000,3626,12222000000,map,0.27799963399070193,0.36494268035857536,-0.19585010340703093,0.0,0.0,0.0,0.0
12224000000,3627,12224000000,map,0.3875002485991468,0.12875014836167398,0.13887370768483476,0.0,0.0,0.0,0.0
12226000000,3628,12226000000,map,0.3564651611595665,-0.343028622189123,0.3324522795263827,0.0,0.0,0.0,0.0
12228000000,3629,12228000000,map,0.20620866060724807,0.31420347064534393,0.18792717695346361,0.0,0.0,0.0,0.0
12230000000,3630,12230000000,map,-0.37924016015367884,-0.158904378445023,-0.027397436926802743,0.0,0.0,0.0,0.0
12232000000,3631,12232000000,map,0.05775865840117983,0.11548214843314963,0.14179967622192247,0.0,0.0,0.0,0.0
12234000000,3632,12234000000,map,0.24463100211267053,0.1763488694682661,-0.35410210956848454,0.0,0.0,0.0,0.0
12236000000,3633,12236000000,map,0.027801113851768033,0.30470743147369794,-0.005038559291763556,0.0,0.0,0.0,0.0
12238000000,3634,12238000000,map,-0.1371412205253461,0.0456857455203451,-0.051784396954639766,0.0,0.0,0.0,0.0
12240000000,3635,12240000000,map,0.39025750395281444,0.1059339576323759,0.2594982204662756,0.0,0.0,0.0,0.0
12242000000,3636,12242000000,map,0.34743373284333334,-0.04565772077605024,0.005221897374316664,0.0,0.0,0.0,0.0
12244000000,3637,12244000000,map,-0.13819088886914277,-0.23746794760318854,-0.30493818868757244,0.0,0.0,0.0,0.0
12246000000,3638,12246000000,map,0.3228914822054577,-0.39989457353526203,-0.05989658492845784,0.0,0.0,0.0,0.0
12248000000,3639,12248000000,map,0.31535394043839293,0.27973663793197856,0.27357202139090464,0.0,0.0,0.0,0.0
12250000000,3640,12250000000,map,0.0007313873278974592,-0.0005449761685125121,-0.27993235592807064,0.0,0.0,0.0,0.0
12252000000,3641,12252000000,map,-0.3266443835597842,-0.11912678142055966,0.3262013198338851,0.0,0.0,0.0,0.0
12254000000,3642,12254000000,map,0.18219244767658416,-0.04413648009067628,0.004181741672949102,0.0,0.0,0.0,0.0
12256000000,3643,12256000000,map,0.2041020218309776,0.30645009408923585,0.39292299960328303,0.0,0.0,0.0,0.0
12258000000,3644,12258000000,map,-0.09751101225891617,0.007922467204336037,0.31010031766236235,0.0,0.0,0.0,0.0
12260000000,3645,12260000000,map,0.22409042860028328,0.14744032510290295,-0.34821616837430835,0.0,0.0,0.0,0.0
12262000000,3646,12262000000,map,-0.340557324854048,0.02434881133701572,0.20028523436615908,0.0,0.0,0.0,0.0
12264000000,3647,12264000000,map,-0.3793413361968698,-0.1582488298978201,0.29192108556782237,0.0,0.0,0.0,0.0
12267000000,3648,12267000000,map,0.3498040997950884,-0.3093453836494697,0.3137944582417157,0.0,0.0,0.0,0.0
12268000000,3649,12268000000,map,0.19447318011924097,0.38414757277690714,-0.3558533290386046,0.0,0.0,0.0,0.0
12270000000,3650,12270000000,map,0.36423684860690786,0.08441175701365722,0.02215365074948278,0.0,0.0,0.0,0.0
12272000000,3651,12272000000,map,0.15655473018435484,-0.1758647811129543,0.3807584310532305,0.0,0.0,0.0,0.0
12274000000,3652,12274000000,map,-0.23386735207129963,0.06119869901742714,-0.005250308680778026,0.0,0.0,0.0,0.0
12276000000,3653,12276000000,map,-0.23378408957074112,0.043978800156679654,-0.10344308793230206,0.0,0.0,0.0,0.0
12278000000,3654,12278000000,map,0.26692735454424465,0.05318094996770767,-0.022733957253320336,0.0,0.0,0.0,0.0
12280000000,3655,12280000000,map,0.2489013780949706,0.06019190322914414,-0.03711323859681398,0.0,0.0,0.0,0.0
12282000000,3656,12282000000,map,-0.1684772923210851,-0.33917004998826056,-0.3985389136652322,0.0,0.0,0.0,0.0
12284000000,3657,12284000000,map,0.025927362480974103,-0.17053451080135404,0.162393790610582,0.0,0.0,0.0,0.0
12286000000,3658,12286000000,map,0.16565106223214365,0.1433743782584218,0.010791895478738212,0.0,0.0,0.0,0.0
12288000000,3659,12288000000,map,-0.36709579468156284,0.29174716332195005,-0.3951171027144571,0.0,0.0,0.0,0.0
12290000000,3660,12290000000,map,-0.36859937722741287,0.05956992588172633,0.17078107976950485,0.0,0.0,0.0,0.0
12292000000,3661,12292000000,map,-0.2933155231105282,-0.19758079071557663,0.066529499961124,0.0,0.0,0.0,0.0
12294000000,3662,12294000000,map,0.03753565834834427,-0.159319031541988,-0.05379437046058233,0.0,0.0,0.0,0.0
12297000000,3663,12296000000,map,0.06540911616387735,0.005514004729581856,0.2978550186124215,0.0,0.0,0.0,0.0
12298000000,3664,12298000000,map,0.22824245615094374,0.1298262576962187,-0.347616516109289,0.0,0.0,0.0,0.0
12300000000,3665,12300000000,map,0.2536835901823079,0.08165454077935175,0.21734912985694066,0.0,0.0,0.0,0.0
12302000000,3666,12302000000,map,0.22010666234996645,0.20255557609010066,-0.05494826517137558,0.0,0.0,0.0,0.0
12304000000,3667,12304000000,map,0.02744455996713907,0.3215744406365364,-0.3316563012239042,0.0,0.0,0.0,0.0
12306000000,3668,12306000000,map,-0.18177827129603574,0.08686740203731202,-0.3372202494736934,0.0,0.0,0.0,0.0
12308000000,3669,12308000000,map,0.26852900120184564,-0.18160869825982476,-0.0009644847086267005,0.0,0.0,0.0,0.0
12310000000,3670,12310000000,map,0.39582641032752286,-0.2159117077949273,0.1994533704236492,0.0,0.0,0.0,0.0
12312000000,3671,12312000000,map,0.035555311028049874,0.0751465968001157,-0.13496004270107687,0.0,0.0,0.0,0.0
12314000000,3672,12314000000,map,-0.263460987275854,-0.04436506852293831,-0.3463550640718812,0.0,0.0,0.0,0.0
12316000000,3673,12316000000,map,-0.24934380313290977,0.06310560218175176,-0.033810469311799485,0.0,0.0,0.0,0.0
12318000000,3674,12318000000,map,0.017846628519799068,-0.291561340369504,0.37931668980005784,0.0,0.0,0.0,0.0
12320000000,3675,12320000000,map,0.14695317527439333,-0.17214077573247596,0.34156781573250117,0.0,0.0,0.0,0.0
12322000000,3676,12322000000,map,-0.20577392765483532,0.17433214058236945,-0.3219159111721518,0.0,0.0,0.0,0.0
12324000000,3677,12324000000,map,-0.3696884176468083,0.20014496275184335,0.1252101964145237,0.0,0.0,0.0,0.0
12326000000,3678,12326000000,map,0.25543815489596156,-0.011963257436022279,-0.38647742250854145,0.0,0.0,0.0,0.0
12328000000,3679,12328000000,map,-0.2581472227117575,0.09839758968819412,0.00898964819943382,0.0,0.0,0.0,0.0
12330000000,3680,12330000000,map,0.13689548071283064,-0.237801035653744,0.06078745573373129,0.0,0.0,0.0,0.0
12332000000,3681,12332000000,map,-0.21745067315232514,-0.3314413553531518,-0.025631823756223526,0.0,0.0,0.0,0.0
12334000000,3682,12334000000,map,-0.019669745026115792,-0.041308393686961375,0.34754889727336147,0.0,0.0,0.0,0.0
12336000000,3683,12336000000,map,0.2328923596933118,-0.35539278380672334,-0.17209213094087092,0.0,0.0,0.0,0.0
12338000000,3684,12338000000,map,-0.1940010510343571,-0.14371055930893567,-0.16330675866487998,0.0,0.0,0.0,0.0
12340000000,3685,12340000000,map,-0.028607380980706643,0.24534088824344158,-0.022589426400405954,0.0,0.0,0.0,0.0
12342000000,3686,12342000000,map,-0.13103611198097298,0.19552557036010065,0.3440941176478217,0.0,0.0,0.0,0.0
12344000000,3687,12344000000,map,-0.3795036906029371,0.07103425565883842,-0.1311332801525919,0.0,0.0,0.0,0.0
12346000000,3688,12346000000,map,0.13593391910595298,-0.007572417996029479,0.11595964525313784,0.0,0.0,0.0,0.0
12348000000,3689,12348000000,map,0.3577831915846357,-0.1472264261395872,-0.18380454014383824,0.0,0.0,0.0,0.0
12350000000,3690,12350000000,map,-0.30120046946636164,-0.36233905008120404,0.06696876095527343,0.0,0.0,0.0,0.0
12352000000,3691,12352000000,map,0.11208031544156571,0.07108185880079648,0.18236949804687907,0.0,0.0,0.0,0.0
12354000000,3692,12354000000,map,-0.2924438660844913,-0.19965285913603853,-0.36624746497085003,0.0,0.0,0.0,0.0
12356000000,3693,12356000000,map,0.16873737618699258,-0.05617745068454011,0.047505310164448755,0.0,0.0,0.0,0.0
12358000000,3694,12358000000,map,0.3185453875140174,0.32906956013299915,0.27578550671966784,0.0,0.0,0.0,0.0
12361000000,3695,12361000000,map,-0.3599842011994953,-0.31257961728740496,0.11248831459572706,0.0,0.0,0.0,0.0
12363000000,3696,12363000000,map,-0.13782500886194077,-0.2951303184733583,0.26709058559110843,0.0,0.0,0.0,0.0
12365000000,3697,12365000000,map,-0.29383204147035114,-0.19425487347205356,-0.0667873466844735,0.0,0.0,0.0,0.0
12367000000,3698,12367000000,map,-0.19543722641489608,0.158080915501299,-0.22699513034040084,0.0,0.0,0.0,0.0
12369000000,3699,12369000000,map,-0.3819115018519372,-0.02964584647131524,0.025447540550255443,0.0,0.0,0.0,0.0
12372000000,3700,12371000000,map,-0.13973509773214715,-0.2540517662257473,0.07307630371610435,0.0,0.0,0.0,0.0
12374000000,3701,12374000000,map,0.07311590641404014,-0.38734765783068825,-0.24815579816345226,0.0,0.0,0.0,0.0
12375000000,3702,12375000000,map,-0.22772733418768995,0.07730687153349641,0.35377688409203556,0.0,0.0,0.0,0.0
12377000000,3703,12377000000,map,-0.3528947684992345,0.13982523608626685,-0.20168846684847774,0.0,0.0,0.0,0.0
12379000000,3704,12379000000,map,0.25231801518887975,-0.20797809772103626,-0.2471288632988482,0.0,0.0,0.0,0.0
12381000000,3705,12381000000,map,0.34693730291098446,0.11867226441691392,0.10408491970597267,0.0,0.0,0.0,0.0
12383000000,3706,12383000000,map,-0.03302552885749965,-0.15459035306323454,0.09024431639742075,0.0,0.0,0.0,0.0
12385000000,3707,12385000000,map,0.08239907129862506,0.049886220958813066,0.24127045085730348,0.0,0.0,0.0,0.0
12387000000,3708,12387000000,map,0.3792417651047981,0.06900167182384626,-0.3447804424578709,0.0,0.0,0.0,0.0
12389000000,3709,12389000000,map,-0.17128913551948757,-0.08092983763218009,0.24962657542934452,0.0,0.0,0.0,0.0
12391000000,3710,12391000000,map,0.10312819149589714,0.2392189675545614,0.20165657858075037,0.0,0.0,0.0,0.0
12393000000,3711,12393000000,map,-0.27973198941494054,0.024590258222200845,-0.33614169938445293,0.0,0.0,0.0,0.0
12395000000,3712,12394000000,map,0.060059451212308435,0.29192268880750594,-0.3365311942503982,0.0,0.0,0.0,0.0
12396000000,3713,12396000000,map,-0.22602129883393002,-0.06034394833608564,0.24870327787083235,0.0,0.0,0.0,0.0
12398000000,3714,12398000000,map,0.28635909136294024,0.05484320464019199,0.003808885207707502,0.0,0.0,0.0,0.0
12401000000,3715,12401000000,map,-0.3192529436325684,0.1620807792636796,0.3027461181031914,0.0,0.0,0.0,0.0
12403000000,3716,12403000000,map,0.2487636250061429,0.3681568426978732,-0.053187947160691085,0.0,0.0,0.0,0.0
12405000000,3717,12405000000,map,0.07224234969625154,0.24708537906256167,-0.06063816623951396,0.0,0.0,0.0,0.0
12407000000,3718,12406000000,map,0.28246474745748174,-0.10339405440900762,0.36657488264911786,0.0,0.0,0.0,0.0
12409000000,3719,12409000000,map,-0.2642967039590759,0.3173212529207444,0.09435980701287744,0.0,0.0,0.0,0.0
12411000000,3720,12411000000,map,-0.12543969562787483,-0.14645277462055512,0.12348247718024852,0.0,0.0,0.0,0.0
12413000000,3721,12413000000,map,-0.25060964900149313,0.11652921644308767,-0.1892392219110026,0.0,0.0,0.0,0.0
12415000000,3722,12414000000,map,0.19843962499969303,-0.03784254070609899,0.38218111617364703,0.0,0.0,0.0,0.0
12417000000,3723,12417000000,map,-0.3393556990267945,-0.20962057214989938,-0.149951745552583,0.0,0.0,0.0,0.0
12419000000,3724,12419000000,map,0.07386307659293784,-0.005881067604037171,0.015016427538593724,0.0,0.0,0.0,0.0
12421000000,3725,12421000000,map,-0.2418347347659788,0.2785658827525971,0.16872458051891392,0.0,0.0,0.0,0.0
12423000000,3726,12423000000,map,-0.3896969339844674,0.3530246060672816,-0.15597372777768814,0.0,0.0,0.0,0.0
12425000000,3727,12425000000,map,-0.24913736183835786,0.205260850005744,-0.27103984408526705,0.0,0.0,0.0,0.0
12427000000,3728,12427000000,map,0.3232344221092126,-0.05194286618124827,-0.1452415718474242,0.0,0.0,0.0,0.0
12429000000,3729,12429000000,map,0.2796123253786904,0.06047229541186877,0.15981831097787425,0.0,0.0,0.0,0.0
12431000000,3730,12431000000,map,0.12362036332876625,-0.2667795202105476,-0.3423798729868214,0.0,0.0,0.0,0.0
12433000000,3731,12433000000,map,0.34909921735392724,-0.0202245646176199,-0.029013593361686463,0.0,0.0,0.0,0.0
12435000000,3732,12435000000,map,0.0473207622748168,0.2729556402689356,0.28185063023771917,0.0,0.0,0.0,0.0
12437000000,3733,12437000000,map,-0.38163214286263974,-0.271686683496154,-0.2595430278903423,0.0,0.0,0.0,0.0
12439000000,3734,12439000000,map,0.16078426450999872,-0.27833614211683233,-0.330052790388506,0.0,0.0,0.0,0.0
12441000000,3735,12441000000,map,0.14119662726787807,0.30556729566482976,0.1581591622586802,0.0,0.0,0.0,0.0
12442000000,3736,12442000000,map,0.2761047462446037,-0.2872581107847403,0.28273565893775277,0.0,0.0,0.0,0.0
12444000000,3737,12444000000,map,-0.3427687400569255,-0.36016465859277974,0.2218248842939341,0.0,0.0,0.0,0.0
12447000000,3738,12446000000,map,0.013007694803564618,0.110609160893968,-0.09559440879802067,0.0,0.0,0.0,0.0
12448000000,3739,12448000000,map,0.1100343000945101,0.017314174865459997,0.3219206564693343,0.0,0.0,0.0,0.0
12450000000,3740,12450000000,map,-0.38947004178608163,0.06092953124133016,-0.26237756656041467,0.0,0.0,0.0,0.0
12452000000,3741,12452000000,map,-0.3740770369916765,-0.03812844299514928,0.2738727928783341,0.0,0.0,0.0,0.0
12454000000,3742,12454000000,map,0.37078160558713325,-0.19717650034745932,-0.31141000276915465,0.0,0.0,0.0,0.0
12456000000,3743,12456000000,map,0.09252818713693528,-0.11848810589765857,-0.0629775403724755,0.0,0.0,0.0,0.0
12458000000,3744,12458000000,map,-0.10809459129042837,0.11278431454215232,0.3364926559551622,0.0,0.0,0.0,0.0
12460000000,3745,12460000000,map,0.036788148984478686,-0.23315851413294136,0.31987560596945064,0.0,0.0,0.0,0.0
12462000000,3746,12462000000,map,-0.10531351012797668,0.20274865511409068,-0.030542434904800575,0.0,0.0,0.0,0.0
12464000000,3747,12464000000,map,0.29670451529411634,0.008334671211537636,0.3871586877060401,0.0,0.0,0.0,0.0
12467000000,3748,12467000000,map,-0.3660771081893703,-0.14026077248372149,-0.06607312814111477,0.0,0.0,0.0,0.0
12468000000,3749,12468000000,map,-0.16859201573648971,-0.051621207646295686,0.09992393714314635,0.0,0.0,0.0,0.0
12471000000,3750,12471000000,map,-0.10163410472439582,0.09210180356637404,-0.05198624680096697,0.0,0.0,0.0,0.0
12473000000,3751,12472000000,map,-0.288945717201101,-0.265351033267071,-0.3517222354195568,0.0,0.0,0.0,0.0
12475000000,3752,12475000000,map,-0.05122788481374524,0.2675522659043392,0.2787473924301552,0.0,0.0,0.0,0.0
12477000000,3753,12476000000,map,0.12240270528739938,0.14459421895037627,0.21187006120215623,0.0,0.0,0.0,0.0
12479000000,3754,12479000000,map,0.15276382719150117,-0.39611327800865576,-0.19528769212407926,0.0,0.0,0.0,0.0
12481000000,3755,12480000000,map,0.22345744168355974,-0.16908604630646917,0.13826962184557734,0.0,0.0,0.0,0.0
12483000000,3756,12483000000,map,-0.11449142288164538,-0.22951265877836924,0.1941783060918002,0.0,0.0,0.0,0.0
12485000000,3757,12485000000,map,-0.010266698703578436,-0.3339757099495755,-0.3508931637104588,0.0,0.0,0.0,0.0
12487000000,3758,12487000000,map,-0.2625162240224398,-0.04492761931484063,-0.012583283171879178,0.0,0.0,0.0,0.0
12489000000,3759,12489000000,map,0.11980164935664939,-0.3997117829090062,0.30420049521141224,0.0,0.0,0.0,0.0
12491000000,3760,12491000000,map,-0.027104556563272264,0.1404293908854315,0.3820987884857491,0.0,0.0,0.0,0.0
12493000000,3761,12493000000,map,0.25352064448995837,0.02109760177790243,0.11283053975454693,0.0,0.0,0.0,0.0
12495000000,3762,12495000000,map,-0.29161739257206787,0.07578512961180184,-0.3189474723235972,0.0,0.0,0.0,0.0
12496000000,3763,12496000000,map,0.24328996534067282,-0.3405316846521972,0.34484138107463225,0.0,0.0,0.0,0.0
12499000000,3764,12499000000,map,0.3547511348719872,-0.3910267055150866,0.06410523805301088,0.0,0.0,0.0,0.0
12500000000,3765,12500000000,map,0.3548598926015184,0.35611206582437116,0.23031067899501667,0.0,0.0,0.0,0.0
12503000000,3766,12503000000,map,-0.2540744980657941,0.1446501462383354,0.3974343773964083,0.0,0.0,0.0,0.0
12505000000,3767,12505000000,map,-0.39184617794589816,0.300471551003504,0.017631605379917925,0.0,0.0,0.0,0.0
12506000000,3768,12506000000,map,-0.024793894003083683,-0.36385986235649814,0.1870270762060181,0.0,0.0,0.0,0.0
12509000000,3769,12509000000,map,-0.1545292261283462,0.3955443748077331,0.042625736316627194,0.0,0.0,0.0,0.0
12511000000,3770,12511000000,map,0.12605444698630797,0.05172399211454337,0.19362143276413935,0.0,0.0,0.0,0.0
12513000000,3771,12513000000,map,0.1303960790955917,-0.1057502235188586,-0.2455761004801916,0.0,0.0,0.0,0.0
12515000000,3772,12515000000,map,0.35903427122009945,0.2302086094335556,-0.06149536650800036,0.0,0.0,0.0,0.0
12517000000,3773,12517000000,map,0.3372572782443962,0.1043764468826065,-0.09890552303290051,0.0,0.0,0.0,0.0
12519000000,3774,12519000000,map,-0.37674925118361746,0.254783543727629,0.13768803451685385,0.0,0.0,0.0,0.0
12521000000,3775,12521000000,map,0.3307364829343554,0.38187464187266584,-0.2000176840502455,0.0,0.0,0.0,0.0
12523000000,3776,12523000000,map,-0.2193970905680831,0.04899715746792738,-0.34848623627206604,0.0,0.0,0.0,0.0
12525000000,3777,12525000000,map,-0.3126055433398404,-0.2567523165259422,-0.34424661614952873,0.0,0.0,0.0,0.0
12527000000,3778,12527000000,map,-0.0958842252093341,0.38201860742826377,-0.24922197525708756,0.0,0.0,0.0,0.0
12529000000,3779,12529000000,map,0.3035401355285341,0.25951017974853496,0.004384377490076752,0.0,0.0,0.0,0.0
12531000000,3780,12531000000,map,0.3052231183704869,-0.3813805817973507,-0.3644627193537732,0.0,0.0,0.0,0.0
12533000000,3781,12533000000,map,-0.1345814127606101,0.22867815874973763,-0.053622959876456044,0.0,0.0,0.0,0.0
12535000000,3782,12535000000,map,-0.21626082778002553,0.11399320069227703,0.17182408872698018,0.0,0.0,0.0,0.0
12537000000,3783,12536000000,map,0.3918293137445902,0.09110854538963664,0.17302594932370752,0.0,0.0,0.0,0.0
12539000000,3784,12539000000,map,0.3034357467426576,-0.03172027955822465,-0.10177189598118858,0.0,0.0,0.0,0.0
12541000000,3785,12541000000,map,0.12832916653486215,0.007867082623450372,0.3585911144204659,0.0,0.0,0.0,0.0
12543000000,3786,12543000000,map,0.22466072495487055,-0.23883489033479396,0.030783854371550512,0.0,0.0,0.0,0.0
12545000000,3787,12545000000,map,-0.2742616519206551,-0.06946272661226033,-0.3080187972950966,0.0,0.0,0.0,0.0
12547000000,3788,12547000000,map,-0.04508168160003578,-0.37528598234838195,-0.13915464800336153,0.0,0.0,0.0,0.0
12549000000,3789,12549000000,map,0.22878742495750626,0.30278411357970936,-0.39735844557574973,0.0,0.0,0.0,0.0
12551000000,3790,12551000000,map,0.35120299100523067,-0.035840492392190615,0.2805301741621643,0.0,0.0,0.0,0.0
12553000000,3791,12553000000,map,0.2379076223751132,-0.1217342975778985,-0.0920221266144225,0.0,0.0,0.0,0.0
12554000000,3792,12554000000,map,-0.1297862935454886,0.2479522154169701,0.08334606738596928,0.0,0.0,0.0,0.0
12557000000,3793,12557000000,map,0.017330431770591903,-0.39025287954627635,0.23761098789752144,0.0,0.0,0.0,0.0
12558000000,3794,12558000000,map,-0.13828784309713565,-0.036192983427212555,0.2951441661588817,0.0,0.0,0.0,0.0
12561000000,3795,12561000000,map,0.31602811799452557,-0.2838818513890503,0.013565091298186505,0.0,0.0,0.0,0.0
12562000000,3796,12562000000,map,-0.3732060178953056,-0.3639659626045519,-0.3621086750168423,0.0,0.0,0.0,0.0
12564000000,3797,12564000000,map,-0.15587565712077775,0.027445908458766488,-0.1339295202482893,0.0,0.0,0.0,0.0
12566000000,3798,12566000000,map,-0.34439661863499027,-0.30104929929570284,-0.2795622443664197,0.0,0.0,0.0,0.0
12568000000,3799,12568000000,map,-0.16938008784726383,0.012070204610276136,0.37358127556159815,0.0,0.0,0.0,0.0
12570000000,3800,12570000000,map,0.00850289489568512,-0.21306554340656644,0.17810541815920855,0.0,0.0,0.0,0.0
12573000000,3801,12573000000,map,-0.36436969567604577,0.35169621657104855,0.05789062182875765,0.0,0.0,0.0,0.0
12575000000,3802,12575000000,map,0.2627431507102701,-0.34609908913805154,-0.2512233195793731,0.0,0.0,0.0,0.0
12577000000,3803,12577000000,map,0.2527093531019031,0.34907596589592593,0.008966504037354994,0.0,0.0,0.0,0.0
12579000000,3804,12579000000,map,0.39881338318280546,-0.3696338020693423,0.016752550908077812,0.0,0.0,0.0,0.0
12581000000,3805,12581000000,map,-0.37085912517680164,0.33177117696016356,0.031916349364523644,0.0,0.0,0.0,0.0
12583000000,3806,12583000000,map,-0.06375550561336535,-0.16147006922890905,-0.1474907205467142,0.0,0.0,0.0,0.0
12585000000,3807,12585000000,map,0.21469258779036438,-0.19137426402068636,-0.3924837005735652,0.0,0.0,0.0,0.0
12587000000,3808,12587000000,map,0.3441156205920851,0.07664081332074762,-0.34655999136101334,0.0,0.0,0.0,0.0
12589000000,3809,12589000000,map,0.1960945113154423,0.2524661898497411,0.26074591597898933,0.0,0.0,0.0,0.0
12591000000,3810,12591000000,map,0.3868003273345785,0.2952589086416616,0.3177787708108002,0.0,0.0,0.0,0.0
12594000000,3811,12594000000,map,0.3954057570325421,0.18590729864168554,0.3574053585987471,0.0,0.0,0.0,0.0
12595000000,3812,12595000000,map,0.15166258574413471,0.05118620430344761,-0.38183294168376364,0.0,0.0,0.0,0.0
12597000000,3813,12597000000,map,0.38280903583830295,-0.011426246396102457,0.07778716477558945,0.0,0.0,0.0,0.0
12599000000,3814,12599000000,map,-0.2614992605732088,-0.15446292315238758,0.34343953862170296,0.0,0.0,0.0,0.0
12601000000,3815,12601000000,map,0.05039545765107223,-0.30152557659310986,-0.012427576966356546,0.0,0.0,0.0,0.0
12604000000,3816,12604000000,map,0.3612271917010945,-0.09667721853587163,-0.1957935929674568,0.0,0.0,0.0,0.0
12605000000,3817,12605000000,map,0.25818754268289246,-0.22811249316758705,-0.15555827538402667,0.0,0.0,0.0,0.0
12608000000,3818,12608000000,map,0.39334331393288025,-0.3649984902601954,-0.2035002806110951,0.0,0.0,0.0,0.0
12610000000,3819,12610000000,map,0.17494326228776524,-0.08993541103363994,-0.1416043226315209,0.0,0.0,0.0,0.0
12612000000,3820,12612000000,map,0.2537302213612215,0.12878464732471984,-0.049297629163108536,0.0,0.0,0.0,0.0
12613000000,3821,12613000000,map,0.28011685265022546,-0.3862563833128857,0.3942366591735812,0.0,0.0,0.0,0.0
12615000000,3822,12615000000,map,0.3511026731868445,0.2763684407005961,-0.2813347832205343,0.0,0.0,0.0,0.0
12617000000,3823,12617000000,map,-0.18114746718840935,0.3250583941256223,-0.3773628594291172,0.0,0.0,0.0,0.0
12619000000,3824,12619000000,map,-0.03675098800977539,-0.01863970677182214,-0.32588790994951444,0.0,0.0,0.0,0.0
12621000000,3825,12620000000,map,0.32338536367734894,0.14619999207920642,-0.005457326712599797,0.0,0.0,0.0,0.0
12623000000,3826,12623000000,map,0.11747753690460339,0.1584778537233481,0.22294640981945246,0.0,0.0,0.0,0.0
12624000000,3827,12624000000,map,0.10762242163533531,-0.33542022903601443,-0.021042107098190654,0.0,0.0,0.0,0.0
12626000000,3828,12626000000,map,-0.13304829989168815,0.08869716829371421,0.057129836265587486,0.0,0.0,0.0,0.0
12628000000,3829,12628000000,map,0.23325863147121328,-0.34644029437774887,0.13778082466740738,0.0,0.0,0.0,0.0
12630000000,3830,12630000000,map,-0.1825784406606517,-0.3421123940184943,0.011840701889757999,0.0,0.0,0.0,0.0
12632000000,3831,12632000000,map,0.251311880603458,-0.03095174846189963,-0.04069719525858234,0.0,0.0,0.0,0.0
12634000000,3832,12634000000,map,0.2745101185886082,0.2532941422230681,-0.12128891432394462,0.0,0.0,0.0,0.0
12636000000,3833,12636000000,map,-0.0867633584173838,0.26491072783875835,-0.3180538341882946,0.0,0.0,0.0,0.0
12638000000,3834,12638000000,map,-0.04210076833468529,-0.3582694297352588,0.38117862590993845,0.0,0.0,0.0,0.0
12640000000,3835,12640000000,map,0.2257374502501639,0.02654306395731415,-0.23657583956453257,0.0,0.0,0.0,0.0
12642000000,3836,12642000000,map,0.09264813127344934,0.17881213780582117,-0.3842989630817221,0.0,0.0,0.0,0.0
12644000000,3837,12644000000,map,-0.2675130037078585,0.2761378865827422,-0.16799483464989315,0.0,0.0,0.0,0.0
12646000000,3838,12646000000,map,0.25780027742220624,0.2462905129386357,0.33865637849026586,0.0,0.0,0.0,0.0
12648000000,3839,12648000000,map,0.26556495016902015,-0.14539125668724795,-0.34754497884704094,0.0,0.0,0.0,0.0
12650000000,3840,12650000000,map,-0.31104405990131856,0.2776077321597684,-0.12524854439755934,0.0,0.0,0.0,0.0
12652000000,3841,12652000000,map,0.3634288441998955,0.2021581399847696,-0.27384106478929426,0.0,0.0,0.0,0.0
12654000000,3842,12654000000,map,0.13219655203603775,0.19880366756404666,-0.15512976682825214,0.0,0.0,0.0,0.0
12656000000,3843,12656000000,map,0.346096559818449,0.27807917333601684,0.01743999036458943,0.0,0.0,0.0,0.0
12658000000,3844,12658000000,map,-0.13638716432781972,-0.13148097848246848,-0.0037964300393004136,0.0,0.0,0.0,0.0
12660000000,3845,12660000000,map,0.24271608156275615,0.07265618762378712,0.15777262737359465,0.0,0.0,0.0,0.0
12662000000,3846,12662000000,map,0.35834689844239964,0.36471797947881857,0.2914757102921065,0.0,0.0,0.0,0.0
12664000000,3847,12664000000,map,-0.09028453526806657,-0.022303756512353667,0.1814500634363999,0.0,0.0,0.0,0.0
12667000000,3848,12666000000,map,0.18239976022531323,0.025522670826107485,0.24740989200096197,0.0,0.0,0.0,0.0
12668000000,3849,12668000000,map,-0.3349650168113555,-0.26347132844926874,0.2831613656268007,0.0,0.0,0.0,0.0
12670000000,3850,12670000000,map,-0.3210461440500907,0.009314037944989917,0.15471777944251963,0.0,0.0,0.0,0.0
12673000000,3851,12673000000,map,-0.07304572373245982,0.03413389294544655,-0.2464354560447349,0.0,0.0,0.0,0.0
12674000000,3852,12674000000,map,0.3624274389527795,0.05670722278049267,-0.07034232089196674,0.0,0.0,0.0,0.0
12676000000,3853,12676000000,map,0.00858095491108124,0.18523196352998395,-0.26124876050371415,0.0,0.0,0.0,0.0
12678000000,3854,12678000000,map,0.22911448302553816,0.09699512270851979,-0.03903264964659242,0.0,0.0,0.0,0.0
12681000000,3855,12680000000,map,0.055140322582897916,0.019292728472931564,-0.06240557278006953,0.0,0.0,0.0,0.0
12682000000,3856,12682000000,map,-0.07666565957285282,0.1198154796255968,0.18645314683687064,0.0,0.0,0.0,0.0
12684000000,3857,12684000000,map,-0.15047985245426343,0.02480189538948785,-0.10782310831190917,0.0,0.0,0.0,0.0
12686000000,3858,12686000000,map,-0.02448882162869709,0.20427765300500256,-0.18786691386800014,0.0,0.0,0.0,0.0
12688000000,3859,12688000000,map,-0.10966266882431136,0.05953638679941953,0.24204115574589524,0.0,0.0,0.0,0.0
12690000000,3860,12690000000,map,-0.14146561410778385,0.25944853877605156,-0.3306602882184309,0.0,0.0,0.0,0.0
12692000000,3861,12692000000,map,-0.14752932713391803,-0.11700031309294662,-0.20247566947575302,0.0,0.0,0.0,0.0
12694000000,3862,12694000000,map,-0.1597503421553923,-0.06356458165129653,0.3707705129870863,0.0,0.0,0.0,0.0
12696000000,3863,12696000000,map,-0.2980725168675268,-0.13584997470465038,0.2070222603204933,0.0,0.0,0.0,0.0
12698000000,3864,12698000000,map,0.2747180569563443,-0.0919419717565565,-0.26184671907128926,0.0,0.0,0.0,0.0
12700000000,3865,12700000000,map,-0.0499899463681544,0.24088861429304131,0.28362515447912917,0.0,0.0,0.0,0.0
12702000000,3866,12702000000,map,-0.19773343416934763,-0.09572148694584104,0.15694596543685624,0.0,0.0,0.0,0.0
12704000000,3867,12704000000,map,-0.05505172493739685,0.32768168383027685,-0.13603531328723378,0.0,0.0,0.0,0.0
12706000000,3868,12706000000,map,0.05277187580023429,-0.3617512860597397,0.3387246690094813,0.0,0.0,0.0,0.0
12708000000,3869,12708000000,map,-0.36788416211245156,-0.3190499920903553,0.13057416999690485,0.0,0.0,0.0,0.0
12710000000,3870,12710000000,map,-0.203178303634852,0.0961028970703291,0.09949992389629675,0.0,0.0,0.0,0.0
12712000000,3871,12712000000,map,-0.2804615975238239,0.28129302384433374,0.28545732574193383,0.0,0.0,0.0,0.0
12714000000,3872,12714000000,map,-0.35950057206291525,0.10337174503975821,0.34630012217780215,0.0,0.0,0.0,0.0
12716000000,3873,12716000000,map,0.2825722845557924,0.19286825522835682,0.005876389514656466,0.0,0.0,0.0,0.0
12718000000,3874,12718000000,map,0.3562246124495624,-0.13793770054140214,-0.061283677866591224,0.0,0.0,0.0,0.0
12720000000,3875,12720000000,map,-0.1568190639357536,-0.3117301735555356,0.07816635447707015,0.0,0.0,0.0,0.0
12722000000,3876,12722000000,map,0.3772523609778885,-0.1272535183147731,-0.056970659609331786,0.0,0.0,0.0,0.0
12724000000,3877,12724000000,map,0.015375147831101388,-0.3910232516420311,-0.07352471446957687,0.0,0.0,0.0,0.0
12726000000,3878,12726000000,map,-0.3657169499785987,-0.17828867120700403,-0.36601287576167163,0.0,0.0,0.0,0.0
12728000000,3879,12728000000,map,-0.2742619310206317,0.04968595688561672,-0.0095920701051323,0.0,0.0,0.0,0.0
12730000000,3880,12730000000,map,0.34221192142151025,-0.05770148006237025,-0.3248858897618632,0.0,0.0,0.0,0.0
12732000000,3881,12732000000,map,-0.13987857525849184,-0.17458839390010972,-0.25482378273227513,0.0,0.0,0.0,0.0
12734000000,3882,12734000000,map,0.27705376343069354,-0.3469271384568072,0.12349008361321945,0.0,0.0,0.0,0.0
12736000000,3883,12736000000,map,0.06880709696245457,-0.08249526471812635,-0.03725995970016699,0.0,0.0,0.0,0.0
12738000000,3884,12738000000,map,-0.36932267267875457,-0.18789376468960184,-0.05655316980376285,0.0,0.0,0.0,0.0
12740000000,3885,12740000000,map,-0.16421193519692406,-0.01578092037509743,-0.08753853379340121,0.0,0.0,0.0,0.0
12742000000,3886,12742000000,map,-0.00021853925947079578,-0.0015322474541691888,0.3230724002904325,0.0,0.0,0.0,0.0
12744000000,3887,12744000000,map,-0.2491844196075894,-0.24765840271757295,0.3671341853517144,0.0,0.0,0.0,0.0
12746000000,3888,12746000000,map,0.3139727617909821,0.3193905615865914,-0.30847417098281565,0.0,0.0,0.0,0.0
12748000000,3889,12748000000,map,0.11736149224154757,0.323444447827129,0.06090952021568563,0.0,0.0,0.0,0.0
12750000000,3890,12750000000,map,-0.2209082697239282,-0.11720068711857895,-0.31894042018561414,0.0,0.0,0.0,0.0
12752000000,3891,12752000000,map,-0.30842540702324733,0.2713267129786594,-0.34382284589687295,0.0,0.0,0.0,0.0
12754000000,3892,12754000000,map,0.3585916178362928,-0.2565618796028224,-0.15354571183709714,0.0,0.0,0.0,0.0
12756000000,3893,12756000000,map,0.006408672285311834,0.19154423122317055,-0.01569920050885998,0.0,0.0,0.0,0.0
12758000000,3894,12758000000,map,-0.34743239319078634,0.3279872969856803,-0.32504371949998684,0.0,0.0,0.0,0.0
12760000000,3895,12760000000,map,-0.04234370088062572,0.357425849195263,-0.08749858522497178,0.0,0.0,0.0,0.0
12762000000,3896,12762000000,map,0.07246573039796089,-0.04917800215718826,-0.21890373203761881,0.0,0.0,0.0,0.0
12764000000,3897,12764000000,map,-0.22531187308263928,0.01361571581292187,0.1619156943103619,0.0,0.0,0.0,0.0
12766000000,3898,12766000000,map,-0.21413343068056212,-0.1496659299560883,0.30459255671090535,0.0,0.0,0.0,0.0
12768000000,3899,12768000000,map,-0.1359775531049931,-0.20977437277607242,0.23157485923784094,0.0,0.0,0.0,0.0
12770000000,3900,12770000000,map,-0.2430596112275487,-0.22098959017946854,-0.1862153499330618,0.0,0.0,0.0,0.0
12772000000,3901,12772000000,map,-0.259152626492022,0.002301022812352227,0.37638957969129716,0.0,0.0,0.0,0.0
12774000000,3902,12774000000,map,0.22523538173436408,-0.15693489862124077,0.030949445540124798,0.0,0.0,0.0,0.0
12776000000,3903,12776000000,map,0.016835334137547897,0.13459807369764842,0.2491577707437006,0.0,0.0,0.0,0.0
12778000000,3904,12778000000,map,0.021485961007121468,0.30591856158027875,0.15979991568989227,0.0,0.0,0.0,0.0
12780000000,3905,12780000000,map,0.34748950292974656,0.22185923187096812,0.3344349833540211,0.0,0.0,0.0,0.0
12782000000,3906,12782000000,map,0.20382565072235603,0.20812187959382578,-0.39254868525206205,0.0,0.0,0.0,0.0
12784000000,3907,12784000000,map,0.18347297535021156,0.2804733214384225,0.19493577079604862,0.0,0.0,0.0,0.0
12786000000,3908,12786000000,map,0.06442326153083033,-0.3912866853123779,0.07702465775484074,0.0,0.0,0.0,0.0
12788000000,3909,12788000000,map,0.02990325824312673,-0.10847684754507564,0.3507577177522795,0.0,0.0,0.0,0.0
12790000000,3910,12790000000,map,0.21813720186659658,-0.3267359024409304,-0.30474979631209953,0.0,0.0,0.0,0.0
12792000000,3911,12792000000,map,-0.27941891799207597,0.27865900806989286,0.03646000492651452,0.0,0.0,0.0,0.0
12794000000,3912,12794000000,map,0.11899834425991307,0.3318054594045602,-0.013836475415515082,0.0,0.0,0.0,0.0
12796000000,3913,12796000000,map,-0.026649131434623052,-0.06952552499468356,-0.3216370899459197,0.0,0.0,0.0,0.0
12798000000,3914,12798000000,map,-0.1640894383018154,-0.12847048759578644,0.3576485370574519,0.0,0.0,0.0,0.0
12800000000,3915,12800000000,map,-0.27630137521439135,-0.39954307465227795,0.028212869003798435,0.0,0.0,0.0,0.0
12802000000,3916,12802000000,map,0.3440827170758147,-0.07116557340131063,-0.24291361884576362,0.0,0.0,0.0,0.0
12804000000,3917,12804000000,map,0.30752338618133057,0.24123584644746676,0.24642372957647873,0.0,0.0,0.0,0.0
12806000000,3918,12806000000,map,0.33926747129974333,0.1409032557484231,-0.38116323180066425,0.0,0.0,0.0,0.0
12808000000,3919,12808000000,map,0.16304596976824126,-0.31867578682209413,-0.1810001012948236,0.0,0.0,0.0,0.0
12810000000,3920,12810000000,map,0.23071875983344947,-0.2733801318510415,0.35593332474870687,0.0,0.0,0.0,0.0
12812000000,3921,12812000000,map,-0.22041341400482206,-0.18010093957369416,0.38070911751272674,0.0,0.0,0.0,0.0
12814000000,3922,12814000000,map,0.08206921106742104,0.20183301439017798,-0.12168476474378648,0.0,0.0,0.0,0.0
12816000000,3923,12816000000,map,0.12828842403296759,0.26441073785061464,-0.10745976987383937,0.0,0.0,0.0,0.0
12818000000,3924,12818000000,map,-0.05559452764584816,0.3959590812380869,-0.0699777174525017,0.0,0.0,0.0,0.0
12820000000,3925,12820000000,map,-0.21463423663008027,0.22014425745223487,0.15294718139308638,0.0,0.0,0.0,0.0
12822000000,3926,12822000000,map,-0.3806267565546291,-0.1863374596745318,0.3393678265056298,0.0,0.0,0.0,0.0
12824000000,3927,12824000000,map,0.36916548346086064,0.35357695257196187,-0.12013721129459148,0.0,0.0,0.0,0.0
12826000000,3928,12826000000,map,-0.38315850799777035,0.1741340136458256,0.29643761164414906,0.0,0.0,0.0,0.0
12828000000,3929,12828000000,map,0.012218486904931936,-0.26202161948078845,-0.32179348648463213,0.0,0.0,0.0,0.0
12830000000,3930,12830000000,map,-0.22124590211988318,0.014396040462376913,-0.15195476715544345,0.0,0.0,0.0,0.0
12832000000,3931,12832000000,map,-0.1732860961880093,-0.36671978472188976,0.35729138842689645,0.0,0.0,0.0,0.0
12834000000,3932,12834000000,map,-0.228876919655584,-0.31122924551756875,-0.23756102721814681,0.0,0.0,0.0,0.0
12837000000,3933,12837000000,map,-0.043745151312061636,0.08792332276264087,0.2647008243556098,0.0,0.0,0.0,0.0
12838000000,3934,12838000000,map,0.29877723935519374,0.17951913932696817,0.10280120816705929,0.0,0.0,0.0,0.0
12840000000,3935,12840000000,map,-0.2811036957606061,0.3313145047872518,0.24635153705341817,0.0,0.0,0.0,0.0
12842000000,3936,12842000000,map,0.2778983162880123,-0.27096403423404286,0.05719262400753761,0.0,0.0,0.0,0.0
12844000000,3937,12844000000,map,-0.14971128261535954,0.17147635955228613,0.2338513975675871,0.0,0.0,0.0,0.0
12846000000,3938,12846000000,map,0.014885453698622264,0.13896503591394604,0.014575957362733205,0.0,0.0,0.0,0.0
12848000000,3939,12848000000,map,0.3187470872526448,0.3063548207394814,0.1222792282210865,0.0,0.0,0.0,0.0
12850000000,3940,12850000000,map,-0.39298708339687166,0.23385816546126847,-0.15480770375555475,0.0,0.0,0.0,0.0
12852000000,3941,12852000000,map,-0.25967448508505475,-0.21462830925146176,0.15548180603585737,0.0,0.0,0.0,0.0
12854000000,3942,12854000000,map,-0.2807214283910559,0.35855812572000456,0.07611016168539059,0.0,0.0,0.0,0.0
12856000000,3943,12856000000,map,0.09807046918664775,0.024728452506955545,0.019216114792495742,0.0,0.0,0.0,0.0
12858000000,3944,12858000000,map,0.04901438877118025,0.18170368969444295,0.19691840754704404,0.0,0.0,0.0,0.0
12860000000,3945,12860000000,map,0.38595011251314015,0.2770949691597462,-0.35396611789266985,0.0,0.0,0.0,0.0
12863000000,3946,12863000000,map,0.26184363018148604,0.11012541431308809,0.1714683122806936,0.0,0.0,0.0,0.0
12864000000,3947,12864000000,map,-0.35818565790401413,0.18376515698681561,-0.0499865176148756,0.0,0.0,0.0,0.0
12867000000,3948,12866000000,map,-0.23401793866702458,0.33026412958067186,-0.08921451554081017,0.0,0.0,0.0,0.0
12869000000,3949,12869000000,map,-0.14149669763933653,0.19909375376727434,0.19085000494028215,0.0,0.0,0.0,0.0
12870000000,3950,12870000000,map,-0.037286903606567334,0.10967450448735305,0.06612735172141065,0.0,0.0,0.0,0.0
12873000000,3951,12872000000,map,0.3835050983392483,0.35446011239518216,0.17846654617012447,0.0,0.0,0.0,0.0
12874000000,3952,12874000000,map,-0.09899667216108754,-0.33667380747952663,0.03079831453176879,0.0,0.0,0.0,0.0
12876000000,3953,12876000000,map,-0.2019578338867604,-0.18524453408395783,0.31329650328865843,0.0,0.0,0.0,0.0
12878000000,3954,12878000000,map,-0.20261125824045978,-0.24714284927170804,0.1531985826183534,0.0,0.0,0.0,0.0
12880000000,3955,12880000000,map,-0.24542400164995848,-0.02808559038328229,-0.3989396218434353,0.0,0.0,0.0,0.0
12883000000,3956,12883000000,map,-0.17944675472274177,-0.1559014339381192,-0.3298216469110059,0.0,0.0,0.0,0.0
12885000000,3957,12885000000,map,0.12919399085969152,0.1396515915093215,0.3093500108625893,0.0,0.0,0.0,0.0
12886000000,3958,12886000000,map,0.2523058902200124,-0.2864017924024173,-0.007276548828636598,0.0,0.0,0.0,0.0
12889000000,3959,12889000000,map,-0.24787348415796032,0.032893394605585935,0.03751734999386824,0.0,0.0,0.0,0.0
12890000000,3960,12890000000,map,-0.01948205454752805,-0.2973075791309473,-0.06122311011741843,0.0,0.0,0.0,0.0
12893000000,3961,12893000000,map,-0.17106400356798224,-0.13836901182536548,-0.2417407601710712,0.0,0.0,0.0,0.0
12894000000,3962,12894000000,map,0.3206949206134667,0.28823014465937424,0.019992917951594358,0.0,0.0,0.0,0.0
12897000000,3963,12896000000,map,-0.057302067727170114,-0.0719750283228458,-0.04315012269581198,0.0,0.0,0.0,0.0
12898000000,3964,12898000000,map,0.03387368080861919,0.24865966332106426,-0.25259026799218165,0.0,0.0,0.0,0.0
12900000000,3965,12900000000,map,-0.19791441269888815,-0.2750434941959804,-0.23943979066979176,0.0,0.0,0.0,0.0
12902000000,3966,12902000000,map,-0.02067725459732872,-0.08727459796576048,0.26767491507586993,0.0,0.0,0.0,0.0
12904000000,3967,12904000000,map,0.11432761932359559,-0.23704076607257718,0.1260711336795216,0.0,0.0,0.0,0.0
12906000000,3968,12906000000,map,0.2812246607994898,-0.19822693397330823,0.38069422255480756,0.0,0.0,0.0,0.0
12908000000,3969,12908000000,map,0.04700060068084022,0.20697965044973599,0.03629541006267811,0.0,0.0,0.0,0.0
12910000000,3970,12910000000,map,0.3296804048676881,0.35258770558042685,0.3545055555924337,0.0,0.0,0.0,0.0
12912000000,3971,12912000000,map,0.17804129093741383,0.3470324029953852,0.259847605042949,0.0,0.0,0.0,0.0
12914000000,3972,12914000000,map,0.304073795535617,-0.14200058933142173,0.14571986507981283,0.0,0.0,0.0,0.0
12916000000,3973,12916000000,map,0.22201039069830075,0.0088864457427979,0.07977607881144688,0.0,0.0,0.0,0.0
12918000000,3974,12918000000,map,0.25315954700479615,0.29998236466621797,0.2984922751010546,0.0,0.0,0.0,0.0
12921000000,3975,12921000000,map,0.0966530869495359,0.25906419376228884,-0.20018988748292776,0.0,0.0,0.0,0.0
12922000000,3976,12922000000,map,-0.16902563850151459,0.12015742191509804,0.04356922888908149,0.0,0.0,0.0,0.0
12925000000,3977,12925000000,map,-0.12532733872457735,0.33667873940609094,0.08962777490559803,0.0,0.0,0.0,0.0
12926000000,3978,12926000000,map,0.3561472799196078,0.15398722104792273,-0.1868241974668214,0.0,0.0,0.0,0.0
12928000000,3979,12928000000,map,-0.30474403487921736,0.027378676252765577,0.24858067320445176,0.0,0.0,0.0,0.0
12930000000,3980,12930000000,map,0.0688220627648054,0.3143201078564598,0.22222101238562508,0.0,0.0,0.0,0.0
12932000000,3981,12932000000,map,0.38345724831378436,-0.0939770474312196,0.38644741255126114,0.0,0.0,0.0,0.0
12934000000,3982,12934000000,map,0.2573261101503651,-0.05996842506255423,0.3065292798395234,0.0,0.0,0.0,0.0
12936000000,3983,12936000000,map,0.2447331064433994,-0.37320594039414084,-0.35042011244101773,0.0,0.0,0.0,0.0
12938000000,3984,12938000000,map,0.15133186294904222,0.2534801716561518,0.05197941492302649,0.0,0.0,0.0,0.0
12940000000,3985,12940000000,map,-0.16604088544575385,-0.19806831188985555,-0.17300772258747574,0.0,0.0,0.0,0.0
12942000000,3986,12942000000,map,0.18548328993818886,0.3824400458829412,0.2149888514929621,0.0,0.0,0.0,0.0
12944000000,3987,12944000000,map,-0.07096126555102533,-0.12816494844782572,0.3265129108781899,0.0,0.0,0.0,0.0
12946000000,3988,12946000000,map,0.28960101238274727,0.026457381988412465,-0.2949342424648045,0.0,0.0,0.0,0.0
12948000000,3989,12948000000,map,-0.17212531059410985,-0.052194403296252745,0.11115248206614015,0.0,0.0,0.0,0.0
12950000000,3990,12950000000,map,0.05690707758708513,0.12733318181799125,0.263356303413289,0.0,0.0,0.0,0.0
12952000000,3991,12952000000,map,-0.33738660423300565,-0.12425445259218587,0.012425160474401231,0.0,0.0,0.0,0.0
12954000000,3992,12954000000,map,-0.07944489358853857,-0.041693806243415954,-0.21912477359841465,0.0,0.0,0.0,0.0
12956000000,3993,12956000000,map,0.31174334116029667,-0.2557098102308726,0.13233700149882766,0.0,0.0,0.0,0.0
12958000000,3994,12958000000,map,-0.3038139382265498,-0.05513624878023882,-0.17791333134363213,0.0,0.0,0.0,0.0
12960000000,3995,12960000000,map,0.2937259370417702,0.016630091220958598,0.2859418557978678,0.0,0.0,0.0,0.0
12962000000,3996,12962000000,map,0.05266089169972615,0.10589674352246703,-0.2312479767748009,0.0,0.0,0.0,0.0
12964000000,3997,12964000000,map,0.2704291563454091,-0.3605772640110162,0.343270615408488,0.0,0.0,0.0,0.0
12966000000,3998,12966000000,map,0.058765122969831496,0.3427610260955243,-0.3683468071841116,0.0,0.0,0.0,0.0
12969000000,3999,12968000000,map,0.2128164113070825,-0.3595940198973112,0.08899472315373674,0.0,0.0,0.0,0.0
12970000000,4000,12970000000,map,-0.13889013390666505,-0.3048114848884203,-0.0970905919827788,0.0,0.0,0.0,0.0
12972000000,4001,12972000000,map,0.2461700075409745,-0.13713332851905552,-0.04426222139048319,0.0,0.0,0.0,0.0
12974000000,4002,12974000000,map,0.314646006672777,-0.051667074430992554,0.21247653065248684,0.0,0.0,0.0,0.0
12976000000,4003,12976000000,map,0.06048064253790575,0.06353007807283156,-0.1743979355478112,0.0,0.0,0.0,0.0
12978000000,4004,12978000000,map,-0.15372597702728605,-0.014989276243061789,-0.228787895075353,0.0,0.0,0.0,0.0
12980000000,4005,12980000000,map,0.22784857552171522,0.1907015489223881,0.1536309254220789,0.0,0.0,0.0,0.0
12982000000,4006,12982000000,map,-0.09354352814337774,-0.39267743999575516,0.09064946166491283,0.0,0.0,0.0,0.0
12985000000,4007,12984000000,map,0.18444900761371774,0.022381034525898236,-0.047889893826370766,0.0,0.0,0.0,0.0
12986000000,4008,12986000000,map,-0.1598065862144853,0.35870940542938035,-0.19293437964081508,0.0,0.0,0.0,0.0
12988000000,4009,12988000000,map,0.21731924823545168,0.15777654713065925,0.07960747761067244,0.0,0.0,0.0,0.0
12990000000,4010,12990000000,map,-0.1335785181896953,0.3163463803991792,0.1420431663043218,0.0,0.0,0.0,0.0
12992000000,4011,12992000000,map,-0.12425314911674706,0.3106926228260235,-0.34867079454607486,0.0,0.0,0.0,0.0
12994000000,4012,12994000000,map,0.09158260757345199,-0.030382489157435244,-0.3236941216449919,0.0,0.0,0.0,0.0
12996000000,4013,12996000000,map,0.26213050279182204,0.22573525315227883,0.18489560210250966,0.0,0.0,0.0,0.0
12998000000,4014,12998000000,map,-0.05602530983318793,0.0727933226155712,0.29427672280735473,0.0,0.0,0.0,0.0
13000000000,4015,13000000000,map,-0.30439666553542827,-0.37283219579878285,-0.26842018760066066,0.0,0.0,0.0,0.0
13002000000,4016,13002000000,map,-0.3929654762507058,-0.12166661005910079,0.18476078964477027,0.0,0.0,0.0,0.0
13005000000,4017,13004000000,map,-0.25547845904396527,-0.3757612308040507,0.03680219324197742,0.0,0.0,0.0,0.0
13006000000,4018,13006000000,map,-0.019756618972381956,0.08598615982435981,0.19400087472052274,0.0,0.0,0.0,0.0
13009000000,4019,13008000000,map,0.058965179050631034,0.0465579424585999,0.11850903432005155,0.0,0.0,0.0,0.0
13011000000,4020,13010000000,map,-0.3013762003286625,0.20817621754229965,0.08890975118046185,0.0,0.0,0.0,0.0
13013000000,4021,13013000000,map,-0.17309745806542606,-0.29868394621001,0.27668502717049703,0.0,0.0,0.0,0.0
13014000000,4022,13014000000,map,-0.38049214693058625,-0.08694219437535178,0.3801862681610042,0.0,0.0,0.0,0.0
13017000000,4023,13016000000,map,0.06325699608898833,-0.02324583496579169,-0.03853833756789482,0.0,0.0,0.0,0.0
13019000000,4024,13018000000,map,0.35207824111816266,-0.29895750442149926,-0.3080548411160235,0.0,0.0,0.0,0.0
13021000000,4025,13021000000,map,-0.35294839522345367,-0.1691662715123998,-0.21806540455268023,0.0,0.0,0.0,0.0
13023000000,4026,13022000000,map,0.3755811960633979,-0.38008381995231055,0.14495218182880676,0.0,0.0,0.0,0.0
13024000000,4027,13024000000,map,0.3837832873993865,0.39993677265895045,-0.27628085853707846,0.0,0.0,0.0,0.0
13026000000,4028,13026000000,map,0.2015420579225854,-0.01745624513603594,0.07838068536272058,0.0,0.0,0.0,0.0
13028000000,4029,13028000000,map,0.3166998066555361,-0.06678892246683593,-0.2024706021916059,0.0,0.0,0.0,0.0
13031000000,4030,13030000000,map,-0.1697039826582452,0.23489700827613658,-0.20818053697587724,0.0,0.0,0.0,0.0
13032000000,4031,13032000000,map,-0.1462391517521634,0.26352406920424076,0.35016928633854216,0.0,0.0,0.0,0.0
13034000000,4032,13034000000,map,0.041111862311767555,0.2375396470787029,-0.28634316178823105,0.0,0.0,0.0,0.0
13036000000,4033,13036000000,map,-0.07030524411237782,-0.29833500216675074,-0.07565073338340517,0.0,0.0,0.0,0.0
13038000000,4034,13038000000,map,-0.2432616604745632,0.29375240495888844,-0.19235075682221933,0.0,0.0,0.0,0.0
13040000000,4035,13040000000,map,-0.12545049804111907,-0.33658708606593923,-0.22739650939724276,0.0,0.0,0.0,0.0
13042000000,4036,13042000000,map,0.39627309188495874,0.16320158967845932,0.12747457430595055,0.0,0.0,0.0,0.0
13044000000,4037,13044000000,map,0.07937429338151886,-0.29386466800394456,-0.32289271319965784,0.0,0.0,0.0,0.0
13046000000,4038,13046000000,map,0.36771014169294547,0.3165974256577545,0.23490479770479666,0.0,0.0,0.0,0.0
13048000000,4039,13048000000,map,0.3076894742513572,0.28433039164396123,0.06956620118823198,0.0,0.0,0.0,0.0
13050000000,4040,13050000000,map,0.013028932323878084,-0.36283442859680365,-0.031377724973599086,0.0,0.0,0.0,0.0
13052000000,4041,13052000000,map,-0.3379126279002926,0.17529581744285527,-0.36425062002875674,0.0,0.0,0.0,0.0
13054000000,4042,13054000000,map,-0.2778034619526233,0.19931929543054605,0.11440090180816864,0.0,0.0,0.0,0.0
13056000000,4043,13056000000,map,-0.10631917780226008,0.17780258187217501,0.35432809618783057,0.0,0.0,0.0,0.0
13058000000,4044,13058000000,map,-0.14256978833272366,0.19491172321118477,-0.18900477118982875,0.0,0.0,0.0,0.0
13060000000,4045,13060000000,map,-0.3682773802133438,-0.2520285307165628,0.16071890461654692,0.0,0.0,0.0,0.0
13062000000,4046,13062000000,map,-0.3953787372688718,-0.3684564985902335,-0.25241006914699227,0.0,0.0,0.0,0.0
13065000000,4047,13064000000,map,-0.21349322299261805,-0.15865042346428937,0.07237409538872636,0.0,0.0,0.0,0.0
13066000000,4048,13066000000,map,-0.24628925249895717,-0.2612577260903599,-0.06201197910796047,0.0,0.0,0.0,0.0
13068000000,4049,13068000000,map,0.29689352799177193,0.014153786812585722,0.07546966912670472,0.0,0.0,0.0,0.0
13070000000,4050,13070000000,map,0.3960988399331761,0.1101111247216231,0.02717384207542367,0.0,0.0,0.0,0.0
13072000000,4051,13072000000,map,-0.05799357588075055,0.3772763453989887,0.015216226656250442,0.0,0.0,0.0,0.0
13074000000,4052,13074000000,map,0.08494096599284423,-0.1706822178395739,-0.23433594836237764,0.0,0.0,0.0,0.0
13076000000,4053,13076000000,map,0.25788025078003385,-0.286312441882524,-0.05396106529303585,0.0,0.0,0.0,0.0
13078000000,4054,13078000000,map,0.30151681361996496,0.12514695539600718,-0.32021013917636126,0.0,0.0,0.0,0.0
13080000000,4055,13080000000,map,-0.3807668154340702,0.25800725884436804,0.10187039996986003,0.0,0.0,0.0,0.0
13082000000,4056,13082000000,map,-0.09180455705660162,0.0732652530993742,-0.28820434392109007,0.0,0.0,0.0,0.0
13084000000,4057,13084000000,map,0.05998341082877667,0.08762676789514734,0.34143731800993693,0.0,0.0,0.0,0.0
13086000000,4058,13086000000,map,-0.012486116080220433,0.05432617160173275,0.09417466723584189,0.0,0.0,0.0,0.0
13088000000,4059,13088000000,map,-0.008637355393025126,-0.38137816444756834,-0.0014019777825612367,0.0,0.0,0.0,0.0
13090000000,4060,13090000000,map,-0.25380573020989744,-0.08838876803505952,-0.31968590644718753,0.0,0.0,0.0,0.0
13092000000,4061,13092000000,map,0.22728645496952182,-0.245626582408766,-0.36620849802338684,0.0,0.0,0.0,0.0
13094000000,4062,13094000000,map,0.21835703338332524,-0.21547502372012448,0.09230544355228065,0.0,0.0,0.0,0.0
13097000000,4063,13096000000,map,-0.26194268123614883,0.26988284991590916,-0.04642299608614919,0.0,0.0,0.0,0.0
13098000000,4064,13098000000,map,-0.19391337625061486,0.36459367894263217,-0.11589328062409121,0.0,0.0,0.0,0.0
13101000000,4065,13100000000,map,-0.2678853318781963,0.23013753636533385,-0.21149864894510245,0.0,0.0,0.0,0.0
13102000000,4066,13102000000,map,0.29989521537895925,0.25365447069837144,0.3846705472766474,0.0,0.0,0.0,0.0
13105000000,4067,13105000000,map,-0.09362412858859387,0.12405396651807199,0.1754107338975559,0.0,0.0,0.0,0.0
13106000000,4068,13106000000,map,-0.2632976366133061,0.3422289525271516,-0.3564097501849497,0.0,0.0,0.0,0.0
13108000000,4069,13108000000,map,-0.18053556086929956,0.13595400146363634,-0.24027266528593688,0.0,0.0,0.0,0.0
13110000000,4070,13110000000,map,-0.024114021243158867,-0.04249664565468225,0.12857916845023887,0.0,0.0,0.0,0.0
13112000000,4071,13112000000,map,0.3690438023050647,0.23570929509010063,0.21506354952421936,0.0,0.0,0.0,0.0
13114000000,4072,13114000000,map,0.16035554618140968,-0.19930898613112036,-0.14304789739963292,0.0,0.0,0.0,0.0
13116000000,4073,13116000000,map,0.1808535119141753,0.07401180951576897,-0.34831696300903914,0.0,0.0,0.0,0.0
13118000000,4074,13118000000,map,0.04175370510254561,0.10634359940101867,-0.23787521318562582,0.0,0.0,0.0,0.0
13120000000,4075,13120000000,map,-0.366500937966291,0.3490915843077077,0.33347353920288825,0.0,0.0,0.0,0.0
13122000000,4076,13122000000,map,0.03894545388107329,0.15930758655107558,0.285654819228353,0.0,0.0,0.0,0.0
13124000000,4077,13124000000,map,0.3101183517109014,0.016073777809838652,0.29107293579852167,0.0,0.0,0.0,0.0
13126000000,4078,13126000000,map,0.399098363439196,0.3506451316617001,-0.17531914974461238,0.0,0.0,0.0,0.0
13128000000,4079,13128000000,map,-0.08244334982960722,-0.3295143599814394,0.11355122810059981,0.0,0.0,0.0,0.0
13130000000,4080,13130000000,map,0.3236476908592165,-0.07741310739242391,0.013873513139956661,0.0,0.0,0.0,0.0
13132000000,4081,13132000000,map,0.3042989084116131,0.19558631450680952,-0.1300167721846463,0.0,0.0,0.0,0.0
13134000000,4082,13134000000,map,-0.3418170622603987,-0.3501609194088118,-0.0026776113493262033,0.0,0.0,0.0,0.0
13136000000,4083,13136000000,map,0.37355305627235025,0.07655191997513261,0.303884611927835,0.0,0.0,0.0,0.0
13138000000,4084,13138000000,map,-0.27394686042725486,0.039857255548357895,-0.0800431715523956,0.0,0.0,0.0,0.0
13140000000,4085,13140000000,map,0.2821716631473131,-0.16354522499382257,0.31889770336279255,0.0,0.0,0.0,0.0
13142000000,4086,13142000000,map,-0.3829063759043002,0.39171120437201734,0.25576825663776714,0.0,0.0,0.0,0.0
13144000000,4087,13144000000,map,0.19840897280859093,-0.09770527814625046,0.0064145738302207045,0.0,0.0,0.0,0.0
13146000000,4088,13146000000,map,0.16991492628053118,0.3454868720366989,0.15447005907275957,0.0,0.0,0.0,0.0
13148000000,4089,13148000000,map,-0.05444062187432086,-0.06734432649834438,-0.38701854982096595,0.0,0.0,0.0,0.0
13150000000,4090,13150000000,map,-0.3520183872456046,-0.16064354097381606,0.3074625966723955,0.0,0.0,0.0,0.0
13152000000,4091,13152000000,map,-0.06313516048682566,0.13601819381971292,0.3826983615983224,0.0,0.0,0.0,0.0
13154000000,4092,13154000000,map,0.3483160274630601,-0.03799846808046026,-0.06413212873970286,0.0,0.0,0.0,0.0
13156000000,4093,13156000000,map,0.13446358670180458,-0.17227373439521712,-0.26252899906432725,0.0,0.0,0.0,0.0
13158000000,4094,13158000000,map,-0.1716146660703456,-0.391068479595036,-0.2952118487060337,0.0,0.0,0.0,0.0
13160000000,4095,13160000000,map,-0.3622828918807789,-0.2465503728729411,-0.06147913720287396,0.0,0.0,0.0,0.0
13162000000,4096,13162000000,map,0.007574654543151538,-0.06267497536122196,-0.32789898048731797,0.0,0.0,0.0,0.0
13164000000,4097,13164000000,map,-0.30884160902706415,0.2171129755880491,0.0752306395447494,0.0,0.0,0.0,0.0
13166000000,4098,13166000000,map,-0.05433217464429285,-0.04069297055455462,0.28455782490073833,0.0,0.0,0.0,0.0
13168000000,4099,13168000000,map,0.3585298479022534,-0.12522926714696614,-0.3309266228798558,0.0,0.0,0.0,0.0
13170000000,4100,13170000000,map,0.37004162009461694,-0.05886401463558122,0.1368004195038537,0.0,0.0,0.0,0.0
13172000000,4101,13172000000,map,-0.111584880797654,-0.18256064259833393,-0.06637661437173442,0.0,0.0,0.0,0.0
13174000000,4102,13174000000,map,-0.15703213103543034,-0.3911118796918291,-0.10291852648881883,0.0,0.0,0.0,0.0
13176000000,4103,13176000000,map,-0.041501605037043365,0.06880178993505481,0.1254863509879457,0.0,0.0,0.0,0.0
13178000000,4104,13178000000,map,-0.1215736354612868,0.12751030128836016,-0.23669742129126248,0.0,0.0,0.0,0.0
13180000000,4105,13180000000,map,-0.33524271449950266,-0.39699039149508814,-0.20027928969797093,0.0,0.0,0.0,0.0
13182000000,4106,13182000000,map,-0.015882394553703882,0.08084393603928008,0.2450014059731026,0.0,0.0,0.0,0.0
13184000000,4107,13184000000,map,0.11995236348870286,0.235885134890239,-0.16890069227515458,0.0,0.0,0.0,0.0
13186000000,4108,13186000000,map,-0.3819978773540911,-0.07671760770860286,-0.0599140973550375,0.0,0.0,0.0,0.0
13188000000,4109,13188000000,map,0.3460003000219092,0.11597509911398585,-0.3909326802511648,0.0,0.0,0.0,0.0
13190000000,4110,13190000000,map,-0.18947881440687975,0.23131558703444455,0.07702522164135522,0.0,0.0,0.0,0.0
13192000000,4111,13192000000,map,-0.2360838518100091,-0.3148353211044874,0.3640185255123711,0.0,0.0,0.0,0.0
13195000000,4112,13194000000,map,0.06733187409930502,0.061048082052739705,0.04092195018014,0.0,0.0,0.0,0.0
13196000000,4113,13196000000,map,-0.16160635315373517,-0.2192865917497382,0.0828077906150641,0.0,0.0,0.0,0.0
13198000000,4114,13198000000,map,0.16378678558693882,0.29383825013732523,-0.011748293446351254,0.0,0.0,0.0,0.0
13200000000,4115,13200000000,map,0.1720073590646889,0.31122813797838333,0.06451329236150649,0.0,0.0,0.0,0.0
13202000000,4116,13202000000,map,-0.0034065335844605804,-0.06975533567076686,-0.20504757991029277,0.0,0.0,0.0,0.0
13205000000,4117,13204000000,map,-0.197510804357528,-0.25418074915957223,-0.3092478995028012,0.0,0.0,0.0,0.0
13206000000,4118,13206000000,map,-0.06947477594393742,-0.07855645703488312,0.2734157533133965,0.0,0.0,0.0,0.0
13208000000,4119,13208000000,map,-0.2736344861214314,0.22203218531335134,-0.11401802599904026,0.0,0.0,0.0,0.0
13210000000,4120,13210000000,map,-0.14819756288492425,0.03960841119365821,-0.21265787321698998,0.0,0.0,0.0,0.0
13212000000,4121,13212000000,map,0.25766158628803826,-0.19243511599077354,0.04961945331610951,0.0,0.0,0.0,0.0
13214000000,4122,13214000000,map,0.27965408919194246,0.3655192977759919,-0.2804667065182845,0.0,0.0,0.0,0.0
13216000000,4123,13216000000,map,-0.2424186422150486,-0.3212724408178441,0.13052094536762582,0.0,0.0,0.0,0.0
13218000000,4124,13218000000,map,-0.1731583772686309,0.14397451986803733,0.06573912279550792,0.0,0.0,0.0,0.0
13220000000,4125,13220000000,map,-0.09833265541812758,0.17256699213306925,-0.19435207874648985,0.0,0.0,0.0,0.0
13222000000,4126,13222000000,map,-0.0874354404516331,-0.24160221112623811,0.38104446565840544,0.0,0.0,0.0,0.0
13224000000,4127,13224000000,map,0.02882942313228265,-0.07868674692368094,0.08764654231414354,0.0,0.0,0.0,0.0
13226000000,4128,13226000000,map,-0.2408383381623022,-0.17945040572065163,-0.09699703540126059,0.0,0.0,0.0,0.0
13228000000,4129,13228000000,map,-0.013811732646112962,0.33963419030682107,-0.11077632523550246,0.0,0.0,0.0,0.0
13230000000,4130,13230000000,map,0.11561280457510159,-0.11050583128664043,-0.21130628957960862,0.0,0.0,0.0,0.0
13232000000,4131,13232000000,map,0.3952333738567363,0.16625374564845152,-0.13084247153253353,0.0,0.0,0.0,0.0
13234000000,4132,13234000000,map,0.06265583476699177,-0.12301635698228036,-0.18028940147507413,0.0,0.0,0.0,0.0
13237000000,4133,13236000000,map,-0.11121684359940687,0.058338835322291616,-0.12405402581376451,0.0,0.0,0.0,0.0
13238000000,4134,13238000000,map,0.2854509540438561,-0.17034118932464704,-0.13761914180021434,0.0,0.0,0.0,0.0
13240000000,4135,13240000000,map,-0.08006778351437532,0.07714610426261687,-0.0942377101663624,0.0,0.0,0.0,0.0
13242000000,4136,13242000000,map,0.0716129399221142,-0.17834430437547744,0.12528850832109129,0.0,0.0,0.0,0.0
13244000000,4137,13244000000,map,0.15037107775793446,0.05991101005730731,-0.37198449650008686,0.0,0.0,0.0,0.0
13246000000,4138,13246000000,map,-0.16505281224671153,0.36787128131639013,0.10061406473825296,0.0,0.0,0.0,0.0
13248000000,4139,13248000000,map,0.19902139428817534,-0.20257523996930324,-0.20786420470979106,0.0,0.0,0.0,0.0
13250000000,4140,13250000000,map,-0.24249007148438692,-0.38510084640596287,0.20666733196175857,0.0,0.0,0.0,0.0
13253000000,4141,13252000000,map,-0.07052306426765614,0.3908994737061654,0.11533508376165258,0.0,0.0,0.0,0.0
13255000000,4142,13254000000,map,-0.31321111219018216,-0.2705656681669458,0.07865909290670714,0.0,0.0,0.0,0.0
13257000000,4143,13257000000,map,0.17833991158834783,0.24337664921746027,-0.09476409758194054,0.0,0.0,0.0,0.0
13258000000,4144,13258000000,map,-0.30048278475492496,-0.24126632949497626,-0.34297548395177635,0.0,0.0,0.0,0.0
13261000000,4145,13261000000,map,0.3791482060626218,-0.17821913465878697,-0.3081558313440949,0.0,0.0,0.0,0.0
13262000000,4146,13262000000,map,-0.18997254807207598,-0.1477618429791217,-0.2784478767805419,0.0,0.0,0.0,0.0
13264000000,4147,13264000000,map,0.3668212549673704,-0.39397293113684495,-0.3848360868103434,0.0,0.0,0.0,0.0
13266000000,4148,13266000000,map,0.20383033035814557,0.020156816547262146,-0.3553867832737,0.0,0.0,0.0,0.0
13269000000,4149,13268000000,map,0.13170101952273905,-0.11014584276885236,0.23251927874630085,0.0,0.0,0.0,0.0
13270000000,4150,13270000000,map,0.1434017607346656,-0.16889773456191023,0.0005331453369336603,0.0,0.0,0.0,0.0
13273000000,4151,13272000000,map,0.24442317291625504,0.37677837940139325,0.07525192966940153,0.0,0.0,0.0,0.0
13274000000,4152,13274000000,map,0.10825746664217684,-0.19215905915166737,-0.03936643881607432,0.0,0.0,0.0,0.0
13276000000,4153,13276000000,map,0.2967802219103207,0.24692558382691665,0.030449761405598352,0.0,0.0,0.0,0.0
13279000000,4154,13278000000,map,-0.01892733083203002,-0.3255465954482934,0.20304881081652748,0.0,0.0,0.0,0.0
13280000000,4155,13280000000,map,-0.2142885644794597,0.2551728326886539,-0.375689449991611,0.0,0.0,0.0,0.0
13282000000,4156,13282000000,map,-8.83324126613183e-05,-0.33273526804415915,0.14411332601685523,0.0,0.0,0.0,0.0
13284000000,4157,13284000000,map,0.11987651791956244,0.012341086037011562,-0.13590005043222037,0.0,0.0,0.0,0.0
13286000000,4158,13286000000,map,0.3725377409596071,-0.29659847138845247,-0.03175678831444484,0.0,0.0,0.0,0.0
13288000000,4159,13288000000,map,0.30779038448700546,0.03749509246132332,0.16514454046656213,0.0,0.0,0.0,0.0
13290000000,4160,13290000000,map,-0.16090679481282338,0.39592959611903045,0.023159140243939835,0.0,0.0,0.0,0.0
13293000000,4161,13292000000,map,0.004150258225429138,0.2942392418987202,0.36251188421462877,0.0,0.0,0.0,0.0
13294000000,4162,13294000000,map,0.2853332487897534,-0.07468303137454307,-0.1336823182242427,0.0,0.0,0.0,0.0
13296000000,4163,13296000000,map,-0.19592419981442652,-0.3967350449313381,-0.34539275387764035,0.0,0.0,0.0,0.0
13298000000,4164,13298000000,map,0.14977607585357133,-0.2532588063178711,-0.11322927577326292,0.0,0.0,0.0,0.0
13301000000,4165,13300000000,map,-0.21084717237613912,-0.27584146001666365,0.2937121620287866,0.0,0.0,0.0,0.0
13302000000,4166,13302000000,map,0.3152015135004127,-0.24571806140034266,0.17320020996688246,0.0,0.0,0.0,0.0
13304000000,4167,13304000000,map,0.3984881099823371,-0.3463947538170187,-0.26275412026914424,0.0,0.0,0.0,0.0
13306000000,4168,13306000000,map,0.35551095527630105,-0.22144904588300438,0.374159093694145,0.0,0.0,0.0,0.0
13308000000,4169,13308000000,map,0.34753804996947346,0.010107860481458786,0.09039849634167674,0.0,0.0,0.0,0.0
13310000000,4170,13310000000,map,0.25807057932281674,0.2804016107894207,-0.3314067424096883,0.0,0.0,0.0,0.0
13312000000,4171,13312000000,map,0.3043830410329561,-0.31435613924958267,-0.036607370211246104,0.0,0.0,0.0,0.0
13314000000,4172,13314000000,map,-0.17993811412030267,0.05512737251628408,0.3446374476049423,0.0,0.0,0.0,0.0
13317000000,4173,13317000000,map,-0.2622152495508367,0.061278851475863316,0.24687980046939406,0.0,0.0,0.0,0.0
13318000000,4174,13318000000,map,0.23031749724317707,0.391529270053537,-0.2630539171641517,0.0,0.0,0.0,0.0
13320000000,4175,13320000000,map,-0.3616511651026407,0.13968481507738273,0.37846021430954624,0.0,0.0,0.0,0.0
13322000000,4176,13322000000,map,0.25858931304562205,-0.19161866369763,0.08759859188132946,0.0,0.0,0.0,0.0
13324000000,4177,13324000000,map,-0.05957220249517675,0.2514318298996332,0.22862672100123216,0.0,0.0,0.0,0.0
13326000000,4178,13326000000,map,0.25586253484410837,-0.258831799380143,-0.3243531598884774,0.0,0.0,0.0,0.0
13328000000,4179,13328000000,map,-0.22814066325551263,-0.1368003558124845,-0.08571643533077056,0.0,0.0,0.0,0.0
13330000000,4180,13330000000,map,0.07814205169080612,0.3116858718254617,-0.2308747374729254,0.0,0.0,0.0,0.0
13332000000,4181,13332000000,map,0.21001017035560388,0.23336133112965707,-0.2576900335234755,0.0,0.0,0.0,0.0
13334000000,4182,13334000000,map,0.307574512938281,-0.20923209041180074,-0.24998909890057378,0.0,0.0,0.0,0.0
13336000000,4183,13336000000,map,0.3208383535287629,0.38874878565223603,0.20081302217002361,0.0,0.0,0.0,0.0
13338000000,4184,13338000000,map,0.20292223441271517,-0.026086415044263123,0.3649886467121424,0.0,0.0,0.0,0.0
13340000000,4185,13340000000,map,-0.2115149478814462,-0.36226766664742976,0.32991626158069265,0.0,0.0,0.0,0.0
13342000000,4186,13342000000,map,0.19910866247425074,0.05859318279421599,0.09702695823036328,0.0,0.0,0.0,0.0
13344000000,4187,13344000000,map,0.3546351364948449,-0.3701699960486181,0.03894220897090228,0.0,0.0,0.0,0.0
13346000000,4188,13346000000,map,-0.3619491023422733,0.32148837627562077,-0.028347112071901548,0.0,0.0,0.0,0.0
13348000000,4189,13348000000,map,-0.32378502115684604,-0.05264815900301134,-0.10327995627244113,0.0,0.0,0.0,0.0
13350000000,4190,13350000000,map,-0.204460798228292,-0.3297824013083098,0.04217497705094847,0.0,0.0,0.0,0.0
13352000000,4191,13352000000,map,0.18839916128395406,-0.07756496111301642,0.03274984935114755,0.0,0.0,0.0,0.0
13354000000,4192,13354000000,map,-0.2962562050859632,-0.31274975861101806,-0.04683402324918551,0.0,0.0,0.0,0.0
13356000000,4193,13356000000,map,-0.36980157432260974,0.23521179663201774,0.022319762700427126,0.0,0.0,0.0,0.0
13358000000,4194,13358000000,map,0.14015525948274044,-0.1399783214196363,0.04636371764135888,0.0,0.0,0.0,0.0
13360000000,4195,13360000000,map,0.1948425634686255,0.383532542817714,0.062415967069124,0.0,0.0,0.0,0.0
13362000000,4196,13362000000,map,0.27864678204905413,0.2798624349439852,0.2506649265356121,0.0,0.0,0.0,0.0
13364000000,4197,13364000000,map,-0.142652240900137,-0.012553880067422696,-0.09754794052107857,0.0,0.0,0.0,0.0
13366000000,4198,13366000000,map,-0.2570601855457808,-0.3591377025004737,-0.3083920836852366,0.0,0.0,0.0,0.0
13368000000,4199,13368000000,map,-0.17690286125383936,0.10879787345511172,0.3749646729093282,0.0,0.0,0.0,0.0
13370000000,4200,13370000000,map,0.2749753148619757,-0.02333498728670591,0.36361985912197714,0.0,0.0,0.0,0.0
13372000000,4201,13372000000,map,-0.1283619290812984,0.14116668236772623,0.0323068341534164,0.0,0.0,0.0,0.0
13374000000,4202,13374000000,map,0.24626807489196623,0.07734628661950183,-0.28732816139271306,0.0,0.0,0.0,0.0
13376000000,4203,13376000000,map,-0.006842341169434885,-0.07895826395843436,0.1319885771366669,0.0,0.0,0.0,0.0
13378000000,4204,13378000000,map,-0.2501313405535922,-0.23615686856176832,0.037732905470641676,0.0,0.0,0.0,0.0
13380000000,4205,13380000000,map,-0.2348235400977315,-0.03620278526621279,0.33800780101741545,0.0,0.0,0.0,0.0
13382000000,4206,13382000000,map,0.15245065611442987,-0.043831752626512344,-0.35134758944826633,0.0,0.0,0.0,0.0
13384000000,4207,13384000000,map,-0.3577345740033216,-0.3792178167517664,-0.2512126997389884,0.0,0.0,0.0,0.0
13387000000,4208,13386000000,map,-0.39776950125070587,0.3549530890268683,-0.39419414487297266,0.0,0.0,0.0,0.0
13388000000,4209,13388000000,map,-0.37236459292620644,0.12477563795562308,0.10896024976621921,0.0,0.0,0.0,0.0
13390000000,4210,13390000000,map,-0.1573886846911654,-0.1576365060680941,0.20128499634706654,0.0,0.0,0.0,0.0
13392000000,4211,13392000000,map,0.11232957618651018,0.23416325813093575,-0.02392741688605826,0.0,0.0,0.0,0.0
13394000000,4212,13394000000,map,0.22869567083567732,-0.16431121035743576,0.0588984345200827,0.0,0.0,0.0,0.0
13396000000,4213,13396000000,map,-0.20737176101201252,-0.38207661720744257,0.13028085278688872,0.0,0.0,0.0,0.0
13398000000,4214,13398000000,map,-0.32665042466518335,0.0010815744779490433,0.21068200711581964,0.0,0.0,0.0,0.0
13400000000,4215,13400000000,map,0.10817731081568938,-0.09938358203551201,-0.15868754669504648,0.0,0.0,0.0,0.0
13402000000,4216,13402000000,map,0.007717010683129744,-0.24910658787423853,0.28214871971370914,0.0,0.0,0.0,0.0
13404000000,4217,13404000000,map,-0.042351323451617406,0.1463635866880557,0.28751264033157753,0.0,0.0,0.0,0.0
13406000000,4218,13406000000,map,0.2196278061076159,-0.09167887468961883,-0.38623998209735116,0.0,0.0,0.0,0.0
13408000000,4219,13408000000,map,0.33110092007942304,0.3272451721813794,-0.3994857395200046,0.0,0.0,0.0,0.0
13410000000,4220,13410000000,map,-0.034116689883378515,0.3705288155677474,-0.11061385825645398,0.0,0.0,0.0,0.0
13412000000,4221,13412000000,map,0.18918921732252514,-0.04283266117862916,0.2763673996698365,0.0,0.0,0.0,0.0
13414000000,4222,13414000000,map,-0.22930558433899662,-0.05796382946271661,0.30714430982456475,0.0,0.0,0.0,0.0
13416000000,4223,13416000000,map,0.39986810801669204,-0.2716563547892149,-0.2721535442911841,0.0,0.0,0.0,0.0
13418000000,4224,13418000000,map,0.0698697148552972,-0.16141624848862324,-0.003563520113046059,0.0,0.0,0.0,0.0
13420000000,4225,13420000000,map,-0.033273670407055034,-0.033741210592481696,0.14518771579699208,0.0,0.0,0.0,0.0
13422000000,4226,13422000000,map,-0.09087702469688247,-0.244962216799249,-0.27042780156911483,0.0,0.0,0.0,0.0
13424000000,4227,13424000000,map,0.17435555419620175,-0.25349909320095343,-0.3963400005074457,0.0,0.0,0.0,0.0
13426000000,4228,13426000000,map,0.19482537154462265,0.30633481213952607,-0.09788302753133088,0.0,0.0,0.0,0.0
13429000000,4229,13428000000,map,0.31055640640070103,0.02564282450397004,0.27392371183503084,0.0,0.0,0.0,0.0
13430000000,4230,13430000000,map,0.033950266921282946,0.1764762926901291,0.17934951826973877,0.0,0.0,0.0,0.0
13433000000,4231,13433000000,map,-0.23799963618748796,-0.038797194573142624,0.23365124790154668,0.0,0.0,0.0,0.0
13434000000,4232,13434000000,map,-0.38496074759512855,0.3408246526702732,0.30428185784460837,0.0,0.0,0.0,0.0
13436000000,4233,13436000000,map,-0.29431288750403944,-0.2841789192831058,0.1447404015172572,0.0,0.0,0.0,0.0
13438000000,4234,13438000000,map,0.24541924587636155,-0.14020091399234136,-0.3447646698317736,0.0,0.0,0.0,0.0
13440000000,4235,13440000000,map,-0.08092646764976513,-0.3307521667812088,-0.17515431494838052,0.0,0.0,0.0,0.0
13442000000,4236,13442000000,map,-0.14863244819385202,0.17268765105737383,0.011821471769806968,0.0,0.0,0.0,0.0
13444000000,4237,13444000000,map,-0.014885099432866256,0.1718427096602282,0.2433882690992636,0.0,0.0,0.0,0.0
13446000000,4238,13446000000,map,-0.35744791077873417,-0.054330217004072034,-0.0873231771494608,0.0,0.0,0.0,0.0
13448000000,4239,13448000000,map,0.09880865816266865,0.07615300153852933,0.025915838898288357,0.0,0.0,0.0,0.0
13450000000,4240,13450000000,map,0.019726168072661143,-0.16607992714290654,0.11994788148600732,0.0,0.0,0.0,0.0
13453000000,4241,13452000000,map,0.08866473798773161,0.004215682908441987,-0.250175084535322,0.0,0.0,0.0,0.0
13454000000,4242,13454000000,map,-0.08526884712260047,-0.3326376494314673,-0.030577841211579526,0.0,0.0,0.0,0.0
13456000000,4243,13456000000,map,0.17200329011541382,-0.2365996691819582,0.14423224522601497,0.0,0.0,0.0,0.0
13458000000,4244,13458000000,map,0.07042975862527906,0.15995787661746586,-0.09164577969846249,0.0,0.0,0.0,0.0
13460000000,4245,13460000000,map,-0.25092679686729835,0.1449351173416178,-0.3385624579010484,0.0,0.0,0.0,0.0
13462000000,4246,13462000000,map,0.275883232488887,-0.3789747324344051,0.1732810719983584,0.0,0.0,0.0,0.0
13464000000,4247,13464000000,map,0.004130251013658992,-0.021269045508932105,-0.21344322987944608,0.0,0.0,0.0,0.0
13466000000,4248,13466000000,map,0.21855122072203537,-0.37766867504060975,-0.2285113985927217,0.0,0.0,0.0,0.0
13468000000,4249,13468000000,map,0.2067247646636422,0.2255256075197667,-0.34770892618365656,0.0,0.0,0.0,0.0
13470000000,4250,13470000000,map,0.08389353585453918,-0.31944672596049,-0.2186632173626144,0.0,0.0,0.0,0.0
13472000000,4251,13472000000,map,0.33282302543502484,-0.23289549085910896,-0.11559191725256096,0.0,0.0,0.0,0.0
13474000000,4252,13474000000,map,0.05346035274683736,-0.1701801519875147,0.1364150066476182,0.0,0.0,0.0,0.0
13476000000,4253,13476000000,map,0.26534418391720904,0.3091256378872792,0.378392045587837,0.0,0.0,0.0,0.0
13478000000,4254,13478000000,map,0.23174794197631432,-0.028572859118692395,0.07920176112657851,0.0,0.0,0.0,0.0
13480000000,4255,13480000000,map,0.38484063101153365,-0.10610137474560483,-0.30236299974047254,0.0,0.0,0.0,0.0
13482000000,4256,13482000000,map,0.002754472268928665,-0.28340753182741457,0.1683152589592648,0.0,0.0,0.0,0.0
13484000000,4257,13484000000,map,-0.04511291243440352,-0.042705412827349076,-0.15538092104776893,0.0,0.0,0.0,0.0
13486000000,4258,13486000000,map,-0.3894087417828497,-0.3424443324516094,-0.26517725544160653,0.0,0.0,0.0,0.0
13488000000,4259,13488000000,map,-0.037487797563251324,0.25196082796023545,-0.11345208407053953,0.0,0.0,0.0,0.0
13490000000,4260,13490000000,map,0.3780647757929615,-0.30382396861403016,0.03000732762030134,0.0,0.0,0.0,0.0
13492000000,4261,13492000000,map,-0.2678554650029989,0.0426331043450624,0.15542904538008973,0.0,0.0,0.0,0.0
13494000000,4262,13494000000,map,0.09396260387443622,0.11869375189117792,0.025403895302650803,0.0,0.0,0.0,0.0
13496000000,4263,13496000000,map,0.3522457176859892,0.19192976268752315,-0.1783370000728867,0.0,0.0,0.0,0.0
13498000000,4264,13498000000,map,-0.022740220581604687,0.28912825633254,0.14313782862478963,0.0,0.0,0.0,0.0
13500000000,4265,13500000000,map,0.34617254242866247,0.33455217191702813,0.31505662084843944,0.0,0.0,0.0,0.0
13502000000,4266,13502000000,map,0.2820619410285199,0.018131221523716046,0.026493960105402004,0.0,0.0,0.0,0.0
13504000000,4267,13504000000,map,-0.28107277458655544,0.3806432997328707,-0.3544350230644834,0.0,0.0,0.0,0.0
13506000000,4268,13506000000,map,-0.36034091483614317,-0.2393362604626666,-0.15663963524364677,0.0,0.0,0.0,0.0
13508000000,4269,13508000000,map,0.28222967369538265,-0.021944689601361422,0.046718674343070365,0.0,0.0,0.0,0.0
13510000000,4270,13510000000,map,-0.015003274385276044,0.27392148187293575,0.17368953212704974,0.0,0.0,0.0,0.0
13512000000,4271,13512000000,map,0.25364725602842975,-0.11375195670345556,-0.0029610838575696574,0.0,0.0,0.0,0.0
13514000000,4272,13514000000,map,-0.1697110742518,-0.03684691526289258,0.007856931444962634,0.0,0.0,0.0,0.0
13516000000,4273,13516000000,map,0.25560754005122555,0.03963916988142957,0.36809708757110937,0.0,0.0,0.0,0.0
13518000000,4274,13518000000,map,-0.3005373289560579,0.06168409525486773,-0.24897759805400102,0.0,0.0,0.0,0.0
13520000000,4275,13520000000,map,-0.35249689696787684,-0.054027851048229714,0.2747227722344068,0.0,0.0,0.0,0.0
13522000000,4276,13522000000,map,0.33109873083256813,-0.2542309584589097,0.39836525924832744,0.0,0.0,0.0,0.0
13524000000,4277,13524000000,map,-0.20246703718441939,-0.15494561660131395,-0.1723020167884149,0.0,0.0,0.0,0.0
13526000000,4278,13526000000,map,0.22127207846483465,-0.22492224932332627,0.13269189028757788,0.0,0.0,0.0,0.0
13528000000,4279,13528000000,map,0.35254853675657993,-0.22770500411127298,0.27863799090305963,0.0,0.0,0.0,0.0
13530000000,4280,13530000000,map,0.1478913145163574,0.2219021037573884,0.0024368021921591376,0.0,0.0,0.0,0.0
13532000000,4281,13532000000,map,0.19046511674974864,-0.06554755426255643,0.30126970647217344,0.0,0.0,0.0,0.0
13534000000,4282,13534000000,map,0.030027104786095493,0.21168798671900668,-0.25223197330155556,0.0,0.0,0.0,0.0
13536000000,4283,13536000000,map,-0.23104526333942604,0.12367678361101508,-0.25656274729943107,0.0,0.0,0.0,0.0
13538000000,4284,13538000000,map,-0.04400781523730568,-0.004165976962870077,-0.39622768420972176,0.0,0.0,0.0,0.0
13540000000,4285,13540000000,map,0.21724173119617274,-0.17286344210671062,-0.1622284277713364,0.0,0.0,0.0,0.0
13542000000,4286,13542000000,map,0.22602827504351442,-0.3590299226053576,0.21687944026557282,0.0,0.0,0.0,0.0
13544000000,4287,13544000000,map,0.13884563260608762,0.3415818002536597,-0.19913288977042437,0.0,0.0,0.0,0.0
13546000000,4288,13546000000,map,0.28028357954792893,0.2646491657700015,0.31303306431121747,0.0,0.0,0.0,0.0
13548000000,4289,13548000000,map,-0.384682006987851,-0.3976540582937443,-0.11558087439321263,0.0,0.0,0.0,0.0
13550000000,4290,13550000000,map,0.20140981195386354,0.0644429431335084,0.32204749110692743,0.0,0.0,0.0,0.0
13552000000,4291,13552000000,map,-0.26155180785583954,0.22545658950092873,0.39475258037546146,0.0,0.0,0.0,0.0
13554000000,4292,13554000000,map,-0.2681532178994807,-0.07235010597491243,0.21206072912266005,0.0,0.0,0.0,0.0
13556000000,4293,13556000000,map,0.28421698713664356,0.00434029366346983,-0.13769747969455937,0.0,0.0,0.0,0.0
13558000000,4294,13558000000,map,0.20999082934357993,0.35047600240829235,0.2109213366113899,0.0,0.0,0.0,0.0
13560000000,4295,13560000000,map,-0.2651734194273156,0.02478035050527244,-0.25552712154137786,0.0,0.0,0.0,0.0
13562000000,4296,13562000000,map,-0.2586572871636077,0.2953360864751401,0.12315956766558789,0.0,0.0,0.0,0.0
13564000000,4297,13564000000,map,0.006062024559906731,-0.3826572646538413,-0.09297263229234976,0.0,0.0,0.0,0.0
13566000000,4298,13566000000,map,0.04726165138387317,0.1758008770579107,-0.07714561436551381,0.0,0.0,0.0,0.0
13568000000,4299,13568000000,map,-0.2685623718987698,0.2841873820912445,-0.06920444826626887,0.0,0.0,0.0,0.0
13570000000,4300,13570000000,map,0.37748657118814366,0.09970382331997973,0.25474391349241643,0.0,0.0,0.0,0.0
13572000000,4301,13572000000,map,0.015127803722437771,-0.2989064815342738,0.14553681111802164,0.0,0.0,0.0,0.0
13574000000,4302,13574000000,map,-0.16560533836993102,0.3229846825118313,0.21889052055202496,0.0,0.0,0.0,0.0
13576000000,4303,13576000000,map,-0.3613316552512915,0.3965308293962687,0.24686836732660966,0.0,0.0,0.0,0.0
13578000000,4304,13578000000,map,0.15926300962814544,-0.32798111366726324,-0.11813885324762724,0.0,0.0,0.0,0.0
13580000000,4305,13580000000,map,-0.1244060639840251,-0.23432234928484763,0.12411990946667029,0.0,0.0,0.0,0.0
13582000000,4306,13582000000,map,-0.20146411464968353,0.3269882704537571,0.12088956801405915,0.0,0.0,0.0,0.0
13584000000,4307,13584000000,map,-0.004209472275530257,-0.029457682015421094,0.37384141821438344,0.0,0.0,0.0,0.0
13586000000,4308,13586000000,map,0.04264204487888146,0.18108987231407403,0.26856889015440266,0.0,0.0,0.0,0.0
13588000000,4309,13588000000,map,0.2828687283733231,0.19238248507886613,0.37220526970030077,0.0,0.0,0.0,0.0
13590000000,4310,13590000000,map,-0.050561887043456655,-0.35916621414134337,0.1137509501716304,0.0,0.0,0.0,0.0
13592000000,4311,13592000000,map,-0.16761042254557937,0.08149553851649821,0.2671454171320794,0.0,0.0,0.0,0.0
13594000000,4312,13594000000,map,0.19025770178184387,-0.3390944658336984,-0.08652986723885336,0.0,0.0,0.0,0.0
13596000000,4313,13596000000,map,-0.07741379035760637,0.06611939123446148,-0.13873369315615358,0.0,0.0,0.0,0.0
13598000000,4314,13598000000,map,0.22348422201510443,-0.03507068239047462,-0.1430408084108003,0.0,0.0,0.0,0.0
13600000000,4315,13600000000,map,-0.1940585865334831,-0.34115897165064035,0.29094554907185366,0.0,0.0,0.0,0.0
13602000000,4316,13602000000,map,0.06594857985002867,-0.019059307994622132,-0.13991328450084428,0.0,0.0,0.0,0.0
13604000000,4317,13604000000,map,0.16495940543602594,-0.18239034495482562,-0.36974221453548084,0.0,0.0,0.0,0.0
13606000000,4318,13606000000,map,-0.01759260136133628,0.3702155104489332,-0.2286416359015241,0.0,0.0,0.0,0.0
13608000000,4319,13608000000,map,-0.06812879121493748,0.24718030651823153,0.3160975886268903,0.0,0.0,0.0,0.0
13610000000,4320,13610000000,map,-0.3991783795173981,0.19083289475699194,0.0547145620417801,0.0,0.0,0.0,0.0
13612000000,4321,13612000000,map,0.2723671456819933,-0.03942564162342188,-0.04831869621978602,0.0,0.0,0.0,0.0
13614000000,4322,13614000000,map,-0.20064533055304298,-0.25135872592795566,-0.32320244513135266,0.0,0.0,0.0,0.0
13616000000,4323,13616000000,map,0.11436763787238291,0.1585988723202858,-0.16986203526093724,0.0,0.0,0.0,0.0
13618000000,4324,13618000000,map,0.35230333999761165,-0.26595521340200107,0.016598719246061155,0.0,0.0,0.0,0.0
13620000000,4325,13620000000,map,-0.16379290268422486,-0.24221499811672145,-0.26950266361441766,0.0,0.0,0.0,0.0
13622000000,4326,13622000000,map,0.23708407204561144,0.11673877442750136,-0.3677140361749894,0.0,0.0,0.0,0.0
13624000000,4327,13624000000,map,0.07051980333813529,0.239628957199027,-0.2816838397615269,0.0,0.0,0.0,0.0
13626000000,4328,13626000000,map,-0.36207063176271737,0.011398845154117154,-0.3932808609591033,0.0,0.0,0.0,0.0
13628000000,4329,13628000000,map,-0.1716110742743102,-0.19519358420519853,0.1930177949448908,0.0,0.0,0.0,0.0
13630000000,4330,13630000000,map,0.34645869171146904,0.15968292927559546,-0.19714343483668129,0.0,0.0,0.0,0.0
13632000000,4331,13632000000,map,0.04189265976843365,0.29665268357772623,-0.13894129730168292,0.0,0.0,0.0,0.0
13634000000,4332,13634000000,map,-0.08064769784694542,-0.06704675328416998,0.09749550789961248,0.0,0.0,0.0,0.0
13636000000,4333,13636000000,map,0.2543378894787708,0.3234122815747493,0.230267854818057,0.0,0.0,0.0,0.0
13638000000,4334,13638000000,map,0.12788622640637937,-0.13576407455291667,-0.1614190245512561,0.0,0.0,0.0,0.0
13640000000,4335,13640000000,map,0.33567312989861975,0.11067360263562909,-0.328975032128158,0.0,0.0,0.0,0.0
13642000000,4336,13642000000,map,0.002960514086957633,-0.09267781020289928,0.22536424951616751,0.0,0.0,0.0,0.0
13644000000,4337,13644000000,map,-0.057442241844677444,0.3896382006575808,-0.08086159558092443,0.0,0.0,0.0,0.0
13647000000,4338,13646000000,map,0.28168571954136246,-0.2723376977395237,-0.3955301920249898,0.0,0.0,0.0,0.0
13648000000,4339,13648000000,map,0.1455907836283028,-0.04800238335045515,-0.39288107427768737,0.0,0.0,0.0,0.0
13650000000,4340,13650000000,map,-0.055069961865402195,-0.16973790522344198,-0.007378282189991148,0.0,0.0,0.0,0.0
13652000000,4341,13652000000,map,-0.27209843167847203,-0.17145891021676732,0.053332642243329675,0.0,0.0,0.0,0.0
13654000000,4342,13654000000,map,-0.07238145354822845,0.003662003086376042,0.24159863226534417,0.0,0.0,0.0,0.0
13656000000,4343,13656000000,map,0.25422288560703643,0.04820884536051606,0.08113176225335295,0.0,0.0,0.0,0.0
13658000000,4344,13658000000,map,0.05565737187430386,0.05443540128290536,-0.05063888034987518,0.0,0.0,0.0,0.0
13660000000,4345,13660000000,map,-0.16182645077491326,0.1449124257834682,0.2396505281365806,0.0,0.0,0.0,0.0
13662000000,4346,13662000000,map,-0.13478037493208928,0.39880846224862776,-0.05927926495253982,0.0,0.0,0.0,0.0
13664000000,4347,13664000000,map,-0.007017409199876312,0.18856066873967203,0.073741557687996,0.0,0.0,0.0,0.0
13666000000,4348,13666000000,map,0.05538042169284241,-0.0013077002592133957,0.32668076256101797,0.0,0.0,0.0,0.0
13668000000,4349,13668000000,map,-0.08198131776220047,0.2659218825555617,-0.13667881403975474,0.0,0.0,0.0,0.0
13670000000,4350,13670000000,map,0.2901631819014716,-0.2650667160331219,0.3876637616678894,0.0,0.0,0.0,0.0
13672000000,4351,13672000000,map,-0.23739575312164685,-0.02136458490848303,0.10756654152556533,0.0,0.0,0.0,0.0
13674000000,4352,13674000000,map,-0.17002336884886524,-0.2763987111531336,-0.38133090239241035,0.0,0.0,0.0,0.0
13676000000,4353,13676000000,map,0.0970084160473732,-0.09413848899006261,-0.14522722684036432,0.0,0.0,0.0,0.0
13678000000,4354,13678000000,map,-0.20936569409251657,0.0010331207206943915,-0.06295636373437419,0.0,0.0,0.0,0.0
13680000000,4355,13680000000,map,0.07345848439761904,-0.2732578261939128,-0.253585277504111,0.0,0.0,0.0,0.0
13682000000,4356,13682000000,map,0.1047270562608551,0.3626785615454913,0.09179759229804779,0.0,0.0,0.0,0.0
13684000000,4357,13684000000,map,0.20308653135405785,0.03653185762955208,0.39337528786619325,0.0,0.0,0.0,0.0
13686000000,4358,13686000000,map,0.008924361453822527,0.07016789209770691,0.2534937596715946,0.0,0.0,0.0,0.0
13688000000,4359,13688000000,map,0.36725346773647405,0.2581471427378146,-0.27667893388864717,0.0,0.0,0.0,0.0
13690000000,4360,13690000000,map,-0.1621043633254533,0.10361248785457078,-0.15164343611358505,0.0,0.0,0.0,0.0
13692000000,4361,13692000000,map,0.0446098632092819,0.18745846546175782,-0.27780066239787593,0.0,0.0,0.0,0.0
13694000000,4362,13694000000,map,-0.10240757017073027,-0.3850188371214678,-0.15945687722107196,0.0,0.0,0.0,0.0
13696000000,4363,13696000000,map,-0.22287046258002385,0.01266001375980269,0.22818782356823142,0.0,0.0,0.0,0.0
13698000000,4364,13698000000,map,-0.35965008629143297,0.23289856748312354,0.37340873723650947,0.0,0.0,0.0,0.0
13700000000,4365,13700000000,map,0.17110556306918767,-0.017418771756013363,0.24944628889019926,0.0,0.0,0.0,0.0
13702000000,4366,13702000000,map,-0.38737291413224545,-0.17340641525693684,-0.13124768170512213,0.0,0.0,0.0,0.0
13704000000,4367,13704000000,map,0.020569532947372404,0.12662150122389038,-0.2652792221492314,0.0,0.0,0.0,0.0
13706000000,4368,13706000000,map,0.37773589332612134,-0.25897583929578205,0.05552598997693947,0.0,0.0,0.0,0.0
13709000000,4369,13709000000,map,-0.1483654757043371,0.2982271020370404,0.1259426803295297,0.0,0.0,0.0,0.0
13711000000,4370,13710000000,map,-0.3435157753600485,0.12213175946162069,0.1996447860637095,0.0,0.0,0.0,0.0
13713000000,4371,13712000000,map,0.17154016706433783,0.2740126250244348,0.3674904411339336,0.0,0.0,0.0,0.0
13714000000,4372,13714000000,map,0.35089053670606585,-0.10874857257322446,0.3448681502523502,0.0,0.0,0.0,0.0
13716000000,4373,13716000000,map,-0.1706155251233956,0.06794063398772998,-0.3464990099387595,0.0,0.0,0.0,0.0
13718000000,4374,13718000000,map,0.3095427418273978,0.028475919839664687,0.3602616629101294,0.0,0.0,0.0,0.0
13720000000,4375,13720000000,map,-0.14746577418279383,0.3825982863136196,0.371889306686383,0.0,0.0,0.0,0.0
13722000000,4376,13722000000,map,0.26960272630279636,0.14500163389053944,-0.16732008055457645,0.0,0.0,0.0,0.0
13724000000,4377,13724000000,map,-0.09973133218898816,0.12278302369632255,-0.017947229492339734,0.0,0.0,0.0,0.0
13726000000,4378,13726000000,map,0.19893775707759975,0.016068717606345373,-0.2584692823144194,0.0,0.0,0.0,0.0
13729000000,4379,13728000000,map,-0.1674250259573122,0.17481936652965557,0.23100598505048164,0.0,0.0,0.0,0.0
13730000000,4380,13730000000,map,0.2558856174389711,0.03683220493590439,0.27704827576861313,0.0,0.0,0.0,0.0
13732000000,4381,13732000000,map,-0.3692016707529215,-0.31868239194707093,0.06035570431678483,0.0,0.0,0.0,0.0
13734000000,4382,13734000000,map,-0.13823408486331873,-0.06896037560665758,-0.213991575528842,0.0,0.0,0.0,0.0
13736000000,4383,13736000000,map,-0.29171251168751355,-0.37449433790968634,0.3957919195568397,0.0,0.0,0.0,0.0
13739000000,4384,13738000000,map,-0.3527723472118636,-0.2820671787611757,0.10861484196866977,0.0,0.0,0.0,0.0
13740000000,4385,13740000000,map,0.28135967512610194,0.1213596165126638,-0.07644051854709821,0.0,0.0,0.0,0.0
13742000000,4386,13742000000,map,0.04693475197510344,0.18626804501692873,-0.03953900763492191,0.0,0.0,0.0,0.0
13744000000,4387,13744000000,map,-0.33228496347315034,-0.3443914594049656,0.3925933833684573,0.0,0.0,0.0,0.0
13746000000,4388,13746000000,map,0.2521277816048413,0.1011224481828118,0.32368319913102106,0.0,0.0,0.0,0.0
13748000000,4389,13748000000,map,-0.3381678818691752,0.20864406851620942,0.10301451780975346,0.0,0.0,0.0,0.0
13750000000,4390,13750000000,map,-0.3497072486740093,0.012266040179733817,-0.2741492564227632,0.0,0.0,0.0,0.0
13752000000,4391,13752000000,map,-0.08902526344678846,0.3668454727688871,-0.38728434700292835,0.0,0.0,0.0,0.0
13754000000,4392,13754000000,map,-0.22571206640948974,0.11420734038847125,0.34573168384804587,0.0,0.0,0.0,0.0
13756000000,4393,13756000000,map,0.35403290912902596,-0.3157437993307831,0.11709632292497119,0.0,0.0,0.0,0.0
13758000000,4394,13758000000,map,-0.18907756837740225,0.31793888883230015,-0.2658933371721452,0.0,0.0,0.0,0.0
13760000000,4395,13760000000,map,0.1164605891691306,-0.0602224255146277,-0.3768276267561097,0.0,0.0,0.0,0.0
13762000000,4396,13762000000,map,0.27595047234374004,-0.30467886003016664,-0.049951005203248355,0.0,0.0,0.0,0.0
13764000000,4397,13764000000,map,-0.24733221457749996,-0.3169772536177952,-0.15018292120263174,0.0,0.0,0.0,0.0
13766000000,4398,13766000000,map,0.19708614586427442,0.38462344957099026,-0.2648480452132853,0.0,0.0,0.0,0.0
13768000000,4399,13768000000,map,-0.25105692910453525,0.28924438368366434,0.1855079183452255,0.0,0.0,0.0,0.0
13770000000,4400,13770000000,map,-0.37262870282704746,0.06991610916315666,0.18190999517279627,0.0,0.0,0.0,0.0
13772000000,4401,13772000000,map,0.39354406514872753,-0.296581796336234,0.3255353551758128,0.0,0.0,0.0,0.0
13774000000,4402,13774000000,map,-0.025492308449708623,0.2591418310122672,-0.27356335911397966,0.0,0.0,0.0,0.0
13776000000,4403,13776000000,map,0.12389849024445054,-0.35620828410954675,0.2785696863681596,0.0,0.0,0.0,0.0
13778000000,4404,13778000000,map,-0.027328682980422014,-0.3220217659648511,-0.37038897482835936,0.0,0.0,0.0,0.0
13780000000,4405,13780000000,map,0.30807649096747247,0.32242657202309033,-0.009721144356124256,0.0,0.0,0.0,0.0
13782000000,4406,13782000000,map,-0.37977209450548316,0.29137288561341523,0.2748505698369168,0.0,0.0,0.0,0.0
13784000000,4407,13784000000,map,0.3917957066217753,0.009701828072568752,0.10342503504159883,0.0,0.0,0.0,0.0
13786000000,4408,13786000000,map,0.21098810895272835,-0.12109340164519444,-0.10018841420898056,0.0,0.0,0.0,0.0
13788000000,4409,13788000000,map,0.2862726030645506,0.2391832758093626,-0.09231849481964216,0.0,0.0,0.0,0.0
13790000000,4410,13790000000,map,0.3185068033200281,0.025790028527812148,-0.21458177814673993,0.0,0.0,0.0,0.0
13792000000,4411,13792000000,map,-0.15611269598379668,0.2736208029086582,-0.33229143205054146,0.0,0.0,0.0,0.0
